source_file,row_excel,sampling_date,year_month,iso_year_week,quarter,day_of_week,sample_id,sample_id_raw,sample_name,category_canonical,category_en,category_raw,sample_type,facility_name,facility_chain,facility_branch,facility_name_raw,municipality,municipality_type,municipality_raw,is_valid,is_failure,invalid_tests_raw,invalid_tests,n_failed_tests,failed_pathogens,failed_indicators,has_pathogen_failure,severity_tier,data_quality_flags,chain_invalid_count_90d,is_repeat_offender_90d
Data 2025.xlsx,46,2025-01-04,2025-01,2025-W01,1,5,ubot-0837-r01,Ubot-0837-R01,مياه حنفية للغسيل,المياه الغير معبأة (Unbottled water),Unbottled water,المياه الغير معبأة (Unbottled water),water,فت هاوس,فت هاوس,,فت هاوس,العريجاء,بلدية,بلدية العريجاء,True,False,لا يوجد,,0,,,False,none,,1,False
Data 2025.xlsx,47,2025-01-04,2025-01,2025-W01,1,5,ubot-0838-r01,Ubot-0838-R01,مياه غسيل حنفية,المياه الغير معبأة (Unbottled water),Unbottled water,المياه الغير معبأة (Unbottled water),water,مطعم اسلوب الغذاء,مطعم اسلوب الغذاء,,مطعم اسلوب الغذاء,العريجاء,بلدية,بلدية العريجاء,True,False,لا يوجد,,0,,,False,none,,1,False
Data 2025.xlsx,94,2025-01-05,2025-01,2025-W01,1,6,ubot-0839-r01,Ubot-0839-R01,مياه حنفية لغسيل الادوات,المياه الغير معبأة (Unbottled water),Unbottled water,المياه الغير معبأة (Unbottled water),water,فلافل ذوق,فلافل ذوق,,فلافل ذوق,العريجاء,بلدية,بلدية العريجاء,True,False,لا يوجد,,0,,,False,none,,7,True
Data 2025.xlsx,95,2025-01-05,2025-01,2025-W01,1,6,ubot-0840-r01,Ubot-0840-R01,مياه فلتر للعجانة,المياه الغير معبأة (Unbottled water),Unbottled water,المياه الغير معبأة (Unbottled water),water,مطعم الشراع,مطعم الشراع,,مطعم الشراع,العريجاء,بلدية,بلدية العريجاء,True,False,لا يوجد,,0,,,False,none,,9,True
Data 2025.xlsx,142,2025-01-06,2025-01,2025-W02,1,0,ubot-0841-r01,Ubot-0841-R01,مياه فلتر للطبخ,المياه الغير معبأة (Unbottled water),Unbottled water,المياه الغير معبأة (Unbottled water),water,مطعم مرافي الجزيرة للمثلوثة,مطعم مرافي الجزيرة للمثلوثة,,مطعم مرافي الجزيرة للمثلوثة,العريجاء,بلدية,بلدية العريجاء,True,False,لا يوجد,,0,,,False,none,,6,True
Data 2025.xlsx,143,2025-01-06,2025-01,2025-W02,1,0,ubot-0842-r01,Ubot-0842-R01,مياه حنفية للطبخ,المياه الغير معبأة (Unbottled water),Unbottled water,المياه الغير معبأة (Unbottled water),water,مطعم شواية الزمرد,مطعم شواية الزمرد,,مطعم شواية الزمرد,العريجاء,بلدية,بلدية العريجاء,True,False,لا يوجد,,0,,,False,none,,4,True
Data 2025.xlsx,5940,2025-01-07,2025-01,2025-W02,1,1,ubot-1005-r01,Ubot-1005-R01,مياه حنفية لغسيل الادوات,المياه الغير معبأة (Unbottled water),Unbottled water,المياه الغير معبأة (Unbottled water),water,محل صحاري نجد للحوم الطازجة,محل صحاري نجد للحوم الطازجة,,محل صحاري نجد للحوم الطازجة,الروضة,بلدية,بلدية الروضة,True,False,لا يوجد,,0,,,False,none,,1,False
Data 2025.xlsx,8200,2025-01-09,2025-01,2025-W02,1,3,ubot-1076-r01,Ubot-1076-R01,مياه فلتر للعجانة م -ك,المياه الغير معبأة (Unbottled water),Unbottled water,المياه الغير المعبأة (Unbottled water),water,لنتيكا بيزريا دي مايكل - حي جامعة الملك سعود,لنتيكا بيزريا دي مايكل,حي جامعة الملك سعود,لنتيكا بيزريا دي مايكل - حي جامعة الملك سعود,المعذر,بلدية,بلدية المعذر,False,True,كوليفورم,كوليفورم,1,,كوليفورم,False,indicator_only,category_merged_to_canonical,3,True
Data 2025.xlsx,8201,2025-01-09,2025-01,2025-W02,1,3,ubot-1077-r01,Ubot-1077-R01,مياه فلتر لغسيل الادوات م- ك,المياه الغير معبأة (Unbottled water),Unbottled water,المياه الغير المعبأة (Unbottled water),water,مقهي عبدالعزيز راشد الحميض للمشروبات الساخنة جوز كافيه,مقهي عبدالعزيز راشد الحميض للمشروبات الساخنة جوز كافيه,,مقهي عبدالعزيز راشد الحميض للمشروبات الساخنة جوز كافيه,المعذر,بلدية,بلدية المعذر,True,False,لا يوجد,,0,,,False,none,category_merged_to_canonical,12,True
Data 2025.xlsx,238,2025-01-11,2025-01,2025-W02,1,5,ubot-0844-r01,Ubot-0844-R01,مياه حنفية لغسيل الادوات,المياه الغير معبأة (Unbottled water),Unbottled water,المياه الغير معبأة (Unbottled water),water,مطعم مارلو,مطعم مارلو,,مطعم مارلو,الروضة,بلدية,بلدية الروضة,True,False,لا يوجد,,0,,,False,none,,5,True
Data 2025.xlsx,288,2025-01-12,2025-01,2025-W02,1,6,ubot-0845-r01,Ubot-0845-R01,مياه حنفية لغسيل الادوات,المياه الغير معبأة (Unbottled water),Unbottled water,المياه الغير معبأة (Unbottled water),water,العثيم,العثيم,,العثيم,الروضة,بلدية,بلدية الروضة,True,False,لا يوجد,,0,,,False,none,,8,True
Data 2025.xlsx,289,2025-01-12,2025-01,2025-W02,1,6,ubot-0846-r01,Ubot-0846-R01,مياه فلتر لغسيل الادوات,المياه الغير معبأة (Unbottled water),Unbottled water,المياه الغير معبأة (Unbottled water),water,مطعم صحاري دمشق,مطعم صحاري دمشق,,مطعم صحاري دمشق,الروضة,بلدية,بلدية الروضة,True,False,لا يوجد,,0,,,False,none,,7,True
Data 2025.xlsx,340,2025-01-13,2025-01,2025-W03,1,0,ubot-0847-r01,Ubot-0847-R01,مياه فلتر للاطبخ,المياه الغير معبأة (Unbottled water),Unbottled water,المياه الغير معبأة (Unbottled water),water,مطعم كشري ركن المنال,مطعم كشري ركن المنال,,مطعم كشري ركن المنال,الروضة,بلدية,بلدية الروضة,True,False,لا يوجد,,0,,,False,none,,2,True
Data 2025.xlsx,341,2025-01-13,2025-01,2025-W03,1,0,ubot-0848-r01,Ubot-0848-R01,مياه فلتر طبخ,المياه الغير معبأة (Unbottled water),Unbottled water,المياه الغير معبأة (Unbottled water),water,رنوش للعصائر,رنوش للعصائر,,رنوش للعصائر,الروضة,بلدية,بلدية الروضة,True,False,لا يوجد,,0,,,False,none,,5,True
Data 2025.xlsx,391,2025-01-14,2025-01,2025-W03,1,1,ubot-0849-r01,Ubot-0849-R01,مياه فلتر للطبخ,المياه الغير معبأة (Unbottled water),Unbottled water,المياه الغير معبأة (Unbottled water),water,مطعم ريماز,مطعم ريماز,,مطعم ريماز,الروضة,بلدية,بلدية الروضة,True,False,لا يوجد,,0,,,False,none,,7,True
Data 2025.xlsx,392,2025-01-14,2025-01,2025-W03,1,1,ubot-0850-r01,Ubot-0850-R01,مياه فلتر للعجانة,المياه الغير معبأة (Unbottled water),Unbottled water,المياه الغير معبأة (Unbottled water),water,مطعم ريماز,مطعم ريماز,,مطعم ريماز,الروضة,بلدية,بلدية الروضة,True,False,لا يوجد,,0,,,False,none,,7,True
Data 2025.xlsx,438,2025-01-18,2025-01,2025-W03,1,5,ubot-0851-r01,Ubot-0851-R01,مياه حنفية لغسيل الادوات,المياه الغير معبأة (Unbottled water),Unbottled water,المياه الغير معبأة (Unbottled water),water,مطعم بوقا,مطعم بوقا,,مطعم بوقا,المعذر,بلدية,بلدية المعذر,False,True,كوليفورم,كوليفورم,1,,كوليفورم,False,indicator_only,,6,True
Data 2025.xlsx,439,2025-01-18,2025-01,2025-W03,1,5,ubot-0852-r01,Ubot-0852-R01,مياه فلتر لغسيل ادوات القهوة,المياه الغير معبأة (Unbottled water),Unbottled water,المياه الغير معبأة (Unbottled water),water,مقهى دوكة,مقهى دوكة,,مقهى دوكة,المعذر,بلدية,بلدية المعذر,False,True,كوليفورم | ايشيريشيا كولاي,كوليفورم | ايشيريشيا كولاي,2,ايشيريشيا كولاي,كوليفورم,True,pathogen,,1,False
Data 2025.xlsx,440,2025-01-18,2025-01,2025-W03,1,5,ubot-0853-r01,Ubot-0853-R01,مياه فلتر لغسيل الادوات,المياه الغير معبأة (Unbottled water),Unbottled water,المياه الغير معبأة (Unbottled water),water,مقهى دوكة,مقهى دوكة,,مقهى دوكة,المعذر,بلدية,بلدية المعذر,True,False,لا يوجد,,0,,,False,none,,1,False
Data 2025.xlsx,505,2025-01-19,2025-01,2025-W03,1,6,ubot-0854-r01,Ubot-0854-R01,مياه فلتر للطبخ,المياه الغير معبأة (Unbottled water),Unbottled water,المياه الغير معبأة (Unbottled water),water,تماسك التجارية سراي,تماسك التجارية سراي,,تماسك التجارية سراي,الشمال,بلدية,بلدية الشمال,True,False,لا يوجد,,0,,,False,none,,10,True
Data 2025.xlsx,506,2025-01-19,2025-01,2025-W03,1,6,ubot-0855-r01,Ubot-0855-R01,مياه فلتر لغسيل الادوات,المياه الغير معبأة (Unbottled water),Unbottled water,المياه الغير معبأة (Unbottled water),water,تماسك التجارية سراي,تماسك التجارية سراي,,تماسك التجارية سراي,الشمال,بلدية,بلدية الشمال,True,False,لا يوجد,,0,,,False,none,,10,True
Data 2025.xlsx,565,2025-01-20,2025-01,2025-W04,1,0,ubot-0857-r01,Ubot-0857-R01,مياه فلتر للعجانة,المياه الغير معبأة (Unbottled water),Unbottled water,المياه الغير معبأة (Unbottled water),water,مطعم ستة صباحا,مطعم ستة صباحا,,مطعم ستة صباحا,الشمال,بلدية,بلدية الشمال,False,True,كوليفورم,كوليفورم,1,,كوليفورم,False,indicator_only,,4,True
Data 2025.xlsx,566,2025-01-20,2025-01,2025-W04,1,0,ubot-0858-r01,Ubot-0858-R01,مياه فلتر لغسيل الاسماك,المياه الغير معبأة (Unbottled water),Unbottled water,المياه الغير معبأة (Unbottled water),water,مطعم دار مبارك,مطعم دار مبارك,,مطعم دار مبارك,الشمال,بلدية,بلدية الشمال,True,False,لا يوجد,,0,,,False,none,,9,True
Data 2025.xlsx,631,2025-01-21,2025-01,2025-W04,1,1,ubot-0859-r01,Ubot-0859-R01,مياه فلتر لغسيل الادوات,المياه الغير معبأة (Unbottled water),Unbottled water,المياه الغير معبأة (Unbottled water),water,بيتزا ان,بيتزا ان,,بيتزا ان,الشميسي,بلدية,بلدية الشميسي,True,False,لا يوجد,,0,,,False,none,,8,True
Data 2025.xlsx,632,2025-01-21,2025-01,2025-W04,1,1,ubot-0860-r01,Ubot-0860-R01,مياه حنفية لغسيل الادوات,المياه الغير معبأة (Unbottled water),Unbottled water,المياه الغير معبأة (Unbottled water),water,لورينزو,لورينزو,,لورينزو,الشمال,بلدية,بلدية الشمال,True,False,لا يوجد,,0,,,False,none,,7,True
Data 2025.xlsx,633,2025-01-21,2025-01,2025-W04,1,1,ubot-0861-r01,Ubot-0861-R01,مياه فلتر للطبخ,المياه الغير معبأة (Unbottled water),Unbottled water,المياه الغير معبأة (Unbottled water),water,شرمبشاك,شرمبشاك,,شرمبشاك,الشميسي,بلدية,بلدية الشميسي,True,False,لا يوجد,,0,,,False,none,,4,True
Data 2025.xlsx,722,2025-01-26,2025-01,2025-W04,1,6,ubot-0863-r01,Ubot-0863-R01,مياه معاباة للعجانة,المياه الغير معبأة (Unbottled water),Unbottled water,المياه الغير معبأة (Unbottled water),water,اسواق السلطان,اسواق السلطان,,اسواق السلطان,الروضة,بلدية,بلدية الروضة,False,True,كوليفورم,كوليفورم,1,,كوليفورم,False,indicator_only,,11,True
Data 2025.xlsx,723,2025-01-26,2025-01,2025-W04,1,6,ubot-0864-r01,Ubot-0864-R01,مياه حنفية لغسيل الادوات,المياه الغير معبأة (Unbottled water),Unbottled water,المياه الغير معبأة (Unbottled water),water,اسواق السلطان,اسواق السلطان,,اسواق السلطان,الروضة,بلدية,بلدية الروضة,True,False,لا يوجد,,0,,,False,none,,11,True
Data 2025.xlsx,773,2025-01-27,2025-01,2025-W05,1,0,ubot-0865-r01,Ubot-0865-R01,مياه فلتر للعجانة,المياه الغير معبأة (Unbottled water),Unbottled water,المياه الغير معبأة (Unbottled water),water,اسواق عادل المركزية,اسواق عادل المركزية,,اسواق عادل المركزية,الروضة,بلدية,بلدية الروضة,True,False,لا يوجد,,0,,,False,none,,29,True
Data 2025.xlsx,814,2025-01-28,2025-01,2025-W05,1,1,ubot-0866-r01,Ubot-0866-R01,مياه فلتر للطبخ,المياه الغير معبأة (Unbottled water),Unbottled water,المياه الغير معبأة (Unbottled water),water,مطاعم ركن هاشم,مطاعم ركن هاشم,,مطاعم ركن هاشم,الروضة,بلدية,بلدية الروضة,False,True,كوليفورم,كوليفورم,1,,كوليفورم,False,indicator_only,,8,True
Data 2025.xlsx,815,2025-01-28,2025-01,2025-W05,1,1,ubot-0867-r01,Ubot-0867-R01,مياه حنفية لغسيل الادوات,المياه الغير معبأة (Unbottled water),Unbottled water,المياه الغير معبأة (Unbottled water),water,ناز البخاري,ناز البخاري,,ناز البخاري,الروضة,بلدية,بلدية الروضة,True,False,لا يوجد,,0,,,False,none,,8,True
Data 2025.xlsx,862,2025-02-01,2025-02,2025-W05,1,5,ubot-0869-r01,Ubot-0869-R01,مياه فلتر لغسيل الخضار,المياه الغير معبأة (Unbottled water),Unbottled water,المياه الغير معبأة (Unbottled water),water,مطعم فيجن البخاري,مطعم فيجن البخاري,,مطعم فيجن البخاري,الروضة,بلدية,بلدية الروضة,True,False,لا يوجد,,0,,,False,none,,12,True
Data 2025.xlsx,962,2025-02-03,2025-02,2025-W06,1,0,ubot-0870-r01,Ubot-0870-R01,مياه فلتر للعجانة,المياه الغير معبأة (Unbottled water),Unbottled water,المياه الغير معبأة (Unbottled water),water,مانويل ماركت,مانويل ماركت,,مانويل ماركت,العليا,بلدية,بلدية العليا,True,False,لا يوجد,,0,,,False,none,,15,True
Data 2025.xlsx,1014,2025-02-03,2025-02,2025-W06,1,0,ubot-0871-r01,Ubot-0871-R01,مياه حنفية,المياه الغير معبأة (Unbottled water),Unbottled water,المياه الغير معبأة (Unbottled water),water,مطاعم اويامال للماكولات البحرية,مطاعم اويامال للماكولات البحرية,,مطاعم اويامال للماكولات البحرية,العليا,بلدية,بلدية العليا,True,False,لا يوجد,,0,,,False,none,,3,True
Data 2025.xlsx,1015,2025-02-03,2025-02,2025-W06,1,0,ubot-0872-r01,Ubot-0872-R01,مياه حنفية لغسيل الاسماك,المياه الغير معبأة (Unbottled water),Unbottled water,المياه الغير معبأة (Unbottled water),water,مطعم اسماك دله,مطعم اسماك دله,,مطعم اسماك دله,العليا,بلدية,بلدية العليا,True,False,لا يوجد,,0,,,False,none,,4,True
Data 2025.xlsx,1016,2025-02-03,2025-02,2025-W06,1,0,ubot-0873-r01,Ubot-0873-R01,مياه فلتر لغسيل الاسماك,المياه الغير معبأة (Unbottled water),Unbottled water,المياه الغير معبأة (Unbottled water),water,الشركة السعودية للاسماك,الشركة السعودية للاسماك,,الشركة السعودية للاسماك,العليا,بلدية,بلدية العليا,False,True,كوليفورم | سيدوموناس,كوليفورم | سيدوموناس,2,,كوليفورم | سيدوموناس,False,indicator_only,,4,True
Data 2025.xlsx,1017,2025-02-03,2025-02,2025-W06,1,0,ubot-0874-r01,Ubot-0874-R01,مياه حنفية لغسيل الاسماك,المياه الغير معبأة (Unbottled water),Unbottled water,المياه الغير معبأة (Unbottled water),water,شركة أمواج للاسماك,شركة أمواج للاسماك,,شركة أمواج للاسماك,العليا,بلدية,بلدية العليا,False,True,كوليفورم | ايشيريشيا كولاي | سيدوموناس,كوليفورم | ايشيريشيا كولاي | سيدوموناس,3,ايشيريشيا كولاي,كوليفورم | سيدوموناس,True,pathogen,,3,True
Data 2025.xlsx,1064,2025-02-04,2025-02,2025-W06,1,1,ubot-0877-r01,Ubot-0877-R01,مياه حنفية لغسيل الاسماك,المياه الغير معبأة (Unbottled water),Unbottled water,المياه الغير معبأة (Unbottled water),water,اسماك الهتان,اسماك الهتان,,اسماك الهتان,العليا,بلدية,بلدية العليا,True,False,لا يوجد,,0,,,False,none,,8,True
Data 2025.xlsx,1065,2025-02-04,2025-02,2025-W06,1,1,ubot-0879-r01,Ubot-0879-R01,مياه حنفية لغسيل الاسماك,المياه الغير معبأة (Unbottled water),Unbottled water,المياه الغير معبأة (Unbottled water),water,نجمة السمك,نجمة السمك,,نجمة السمك,العليا,بلدية,بلدية العليا,True,False,لا يوجد,,0,,,False,none,,8,True
Data 2025.xlsx,1066,2025-02-04,2025-02,2025-W06,1,1,ubot-0881-r01,Ubot-0881-R01,مياه حنفية لغسيل الاسماك,المياه الغير معبأة (Unbottled water),Unbottled water,المياه الغير معبأة (Unbottled water),water,مطعم حكاية بحر للماكولات البحرية,مطعم حكاية بحر للماكولات البحرية,,مطعم حكاية بحر للماكولات البحرية,العليا,بلدية,بلدية العليا,True,False,لا يوجد,,0,,,False,none,,2,True
Data 2025.xlsx,1067,2025-02-04,2025-02,2025-W06,1,1,ubot-0882-r01,Ubot-0882-R01,مياه فلتر لغسيل الادوات,المياه الغير معبأة (Unbottled water),Unbottled water,المياه الغير معبأة (Unbottled water),water,مطعم حكاية بحر للماكولات البحرية,مطعم حكاية بحر للماكولات البحرية,,مطعم حكاية بحر للماكولات البحرية,العليا,بلدية,بلدية العليا,True,False,لا يوجد,,0,,,False,none,,2,True
Data 2025.xlsx,5944,2025-02-07,2025-02,2025-W06,1,4,ubot-1006-r01,Ubot-1006-R01,مياه حنفية المرحلة الثانية الرئيسية,المياه الغير معبأة (Unbottled water),Unbottled water,المياه الغير معبأة (Unbottled water),water,عينة خاصة,عينة خاصة,,عينة خاصة,الروضة,بلدية,بلدية الروضة,True,False,لا يوجد,,0,,,False,none,,0,False
Data 2025.xlsx,5945,2025-02-07,2025-02,2025-W06,1,4,ubot-1007-r01,Ubot-1007-R01,مياه خزان في اعلى المرحلة الثانية الرئيسية,المياه الغير معبأة (Unbottled water),Unbottled water,المياه الغير معبأة (Unbottled water),water,عينة خاصة,عينة خاصة,,عينة خاصة,الروضة,بلدية,بلدية الروضة,True,False,لا يوجد,,0,,,False,none,,0,False
Data 2025.xlsx,5946,2025-02-07,2025-02,2025-W06,1,4,ubot-1008-r01,Ubot-1008-R01,مياه خزان المرحلة الاولى,المياه الغير معبأة (Unbottled water),Unbottled water,المياه الغير معبأة (Unbottled water),water,عينة خاصة,عينة خاصة,,عينة خاصة,الروضة,بلدية,بلدية الروضة,True,False,لا يوجد,,0,,,False,none,,0,False
Data 2025.xlsx,5947,2025-02-07,2025-02,2025-W06,1,4,ubot-1009-r01,Ubot-1009-R01,مياه حنفية المرحلة الاولى الرئيسية قرب البوابة,المياه الغير معبأة (Unbottled water),Unbottled water,المياه الغير معبأة (Unbottled water),water,عينة خاصة,عينة خاصة,,عينة خاصة,الروضة,بلدية,بلدية الروضة,True,False,لا يوجد,,0,,,False,none,,0,False
Data 2025.xlsx,5948,2025-02-07,2025-02,2025-W06,1,4,ubot-1010-r01,Ubot-1010-R01,مياه حنفية المرحلة الثانية,المياه الغير معبأة (Unbottled water),Unbottled water,المياه الغير معبأة (Unbottled water),water,عينة خاصة,عينة خاصة,,عينة خاصة,الروضة,بلدية,بلدية الروضة,True,False,لا يوجد,,0,,,False,none,,0,False
Data 2025.xlsx,5949,2025-02-07,2025-02,2025-W06,1,4,ubot-1011-r01,Ubot-1011-R01,مياه حنفية لغسيل الادوات,المياه الغير معبأة (Unbottled water),Unbottled water,المياه الغير معبأة (Unbottled water),water,محل صحاري نجد للحوم الطازج,محل صحاري نجد للحوم الطازج,,محل صحاري نجد للحوم الطازج,الروضة,بلدية,بلدية الروضة,False,True,كوليفورم,كوليفورم,1,,كوليفورم,False,indicator_only,,1,False
Data 2025.xlsx,1110,2025-02-08,2025-02,2025-W06,1,5,ubot-0883-r01,Ubot-0883-R01,مياه حنفية لغسيل الاسماك م.ك,(Swabs) المسحات,Swabs,(Swabs) المسحات,swab,مركز مزاد الأسماك للمؤكولات البحرية,مركز مزاد الأسماك للمؤكولات البحرية,,مركز مزاد الأسماك للمؤكولات البحرية,العليا,بلدية,بلدية العليا,True,False,لا يوجد,,0,,,False,none,,13,True
Data 2025.xlsx,1111,2025-02-08,2025-02,2025-W06,1,5,ubot-0884-r01,"
Ubot-0884-R01",مياه فلتر لغسيل الادوات م.ك,(Swabs) المسحات,Swabs,(Swabs) المسحات,swab,مركز مزاد الأسماك للمؤكولات البحرية,مركز مزاد الأسماك للمؤكولات البحرية,,مركز مزاد الأسماك للمؤكولات البحرية,العليا,بلدية,بلدية العليا,True,False,لا يوجد,,0,,,False,none,,13,True
Data 2025.xlsx,1112,2025-02-08,2025-02,2025-W06,1,5,ubot-0885-r01,Ubot-0885-R01,مياه حنفية لغسيل الادوات م.ك,المياه الغير معبأة (Unbottled water),Unbottled water,المياه الغير معبأة (Unbottled water),water,مطعم البحر الهادي للاسماك,مطعم البحر الهادي للاسماك,,مطعم البحر الهادي للاسماك,العليا,بلدية,بلدية العليا,False,True,كوليفورم,كوليفورم,1,,كوليفورم,False,indicator_only,,4,True
Data 2025.xlsx,1113,2025-02-08,2025-02,2025-W06,1,5,ubot-0886-r01,Ubot-0886-R01,مياه فلتر للطبخ م.ك,المياه الغير معبأة (Unbottled water),Unbottled water,المياه الغير معبأة (Unbottled water),water,مطعم البحر الهادي للاسماك,مطعم البحر الهادي للاسماك,,مطعم البحر الهادي للاسماك,العليا,بلدية,بلدية العليا,True,False,لا يوجد,,0,,,False,none,,4,True
Data 2025.xlsx,7044,2025-02-08,2025-02,2025-W06,1,5,ubot-1057-r01,Ubot-1057-R01,مياه غسيل ادوات,المياه الغير معبأة (Unbottled water),Unbottled water,المياه الغير معبأة (Unbottled water),water,مكسرات الذواقة,مكسرات الذواقة,,مكسرات الذواقة,النسيم,بلدية,بلدية النسيم,True,False,لا يوجد,,0,,,False,none,,0,False
Data 2025.xlsx,7045,2025-02-08,2025-02,2025-W06,1,5,ubot-1058-r01,Ubot-1058-R01,مياه حنفية لغسيل الادوات,المياه الغير معبأة (Unbottled water),Unbottled water,المياه الغير معبأة (Unbottled water),water,محل خالد ابراهيم الجماز للحوم المبردة,محل خالد ابراهيم الجماز للحوم المبردة,,محل خالد ابراهيم الجماز للحوم المبردة,النسيم,بلدية,بلدية النسيم,True,False,لا يوجد,,0,,,False,none,,0,False
Data 2025.xlsx,8258,2025-02-09,2025-02,2025-W06,1,6,ubot-1078-r01,Ubot-1078-R01,مياه حنفية لغسيل الادوات م- ك,المياه الغير معبأة (Unbottled water),Unbottled water,المياه الغير المعبأة (Unbottled water),water,شركة الطربوش الدمشقي,شركة الطربوش الدمشقي,,شركة الطربوش الدمشقي,الشمال,بلدية,بلدية الشمال,True,False,لا يوجد,,0,,,False,none,category_merged_to_canonical,19,True
Data 2025.xlsx,1198,2025-02-10,2025-02,2025-W07,1,0,ubot-0889-r01,Ubot-0889-R01,مياه فلتر للعجانة,المياه الغير معبأة (Unbottled water),Unbottled water,المياه الغير معبأة (Unbottled water),water,أسواق السدحان,أسواق السدحان,,أسواق السدحان,العليا,بلدية,بلدية العليا,True,False,لا يوجد,,0,,,False,none,,11,True
Data 2025.xlsx,1233,2025-02-11,2025-02,2025-W07,1,1,ubot-0890-r01,Ubot-0890-R01,مياه فلتر للعجانة,المياه الغير معبأة (Unbottled water),Unbottled water,المياه الغير معبأة (Unbottled water),water,العمة مزتة,العمة مزتة,,العمة مزتة,العليا,بلدية,بلدية العليا,True,False,لا يوجد,,0,,,False,none,,14,True
Data 2025.xlsx,1303,2025-02-16,2025-02,2025-W07,1,6,ubot-0891-r01,Ubot-0891-R01,مياه فلتر لغسيل الادوات + الخضروات,المياه الغير معبأة (Unbottled water),Unbottled water,المياه الغير معبأة (Unbottled water),water,فندق موفنبيك الرياض,فندق موفنبيك الرياض,,فندق موفنبيك الرياض,الشمال,بلدية,بلدية الشمال,True,False,لا يوجد,,0,,,False,none,,7,True
Data 2025.xlsx,1353,2025-02-17,2025-02,2025-W08,1,0,ubot-0892-r01,Ubot-0892-R01,مياه فلتر للعجانة,المياه الغير معبأة (Unbottled water),Unbottled water,المياه الغير معبأة (Unbottled water),water,فندق هيلتون دبل تري,فندق هيلتون دبل تري,,فندق هيلتون دبل تري,الشمال,بلدية,بلدية الشمال,True,False,لا يوجد,,0,,,False,none,,15,True
Data 2025.xlsx,1480,2025-02-23,2025-02,2025-W08,1,6,ubot-0894-r01,Ubot-0894-R01,مياه حنفية لغسيل الادوات,المياه الغير معبأة (Unbottled water),Unbottled water,المياه الغير معبأة (Unbottled water),water,فندق ماريوت,فندق ماريوت,,فندق ماريوت,الملز,بلدية,بلدية الملز,True,False,لا يوجد,,0,,,False,none,,11,True
Data 2025.xlsx,1481,2025-02-23,2025-02,2025-W08,1,6,ubot-0895-r01,Ubot-0895-R01,مياه فلتر لغسيل الخضار,المياه الغير معبأة (Unbottled water),Unbottled water,المياه الغير معبأة (Unbottled water),water,فندق ماريوت,فندق ماريوت,,فندق ماريوت,الملز,بلدية,بلدية الملز,True,False,لا يوجد,,0,,,False,none,,11,True
Data 2025.xlsx,1555,2025-02-24,2025-02,2025-W09,1,0,ubot-0896-r01,Ubot-0896-R01,مياه فلتر لغسيل الادوات م ك,مياة فلتر للطبخ م,,مياة فلتر للطبخ م,water,فندق الرتيز,فندق الرتيز,,فندق الرتيز,الشميسي,بلدية,بلدية الشميسي,True,False,لا يوجد,,0,,,False,none,,21,True
Data 2025.xlsx,1556,2025-02-24,2025-02,2025-W09,1,0,ubot-0897-r01,Ubot-0897-R01,مياه فلتر لغسيل الادوات م,مياة فلتر للطبخ م,,مياة فلتر للطبخ م,water,فندق الرتيز,فندق الرتيز,,فندق الرتيز,الشميسي,بلدية,بلدية الشميسي,True,False,لا يوجد,,0,,,False,none,,21,True
Data 2025.xlsx,1557,2025-02-24,2025-02,2025-W09,1,0,ubot-0898-r01,Ubot-0898-R01,مياه فلتر للطبخ م,مياة فلتر للطبخ م,,مياة فلتر للطبخ م,water,فندق الرتيز,فندق الرتيز,,فندق الرتيز,الشميسي,بلدية,بلدية الشميسي,True,False,لا يوجد,,0,,,False,none,,21,True
Data 2025.xlsx,1658,2025-02-25,2025-02,2025-W09,1,1,ubot-0899-r01,Ubot-0899-R01,مياه حنفية لغسيل الادوات (م .ك),المياه الغير معبأة (Unbottled water),Unbottled water,المياه الغير معبأة (Unbottled water),water,مطعم نارسيس,مطعم نارسيس,,مطعم نارسيس,العليا,بلدية,بلدية العليا,True,False,لا يوجد,,0,,,False,none,,25,True
Data 2025.xlsx,1659,2025-02-25,2025-02,2025-W09,1,1,ubot-0900-r01,Ubot-0900-R01,مياه فلتر للعجانة (م.ك),المياه الغير معبأة (Unbottled water),Unbottled water,المياه الغير معبأة (Unbottled water),water,كرزة,كرزة,,كرزة,الشمال,بلدية,بلدية الشمال,True,False,لا يوجد,,0,,,False,none,,8,True
Data 2025.xlsx,1725,2025-03-01,2025-03,2025-W09,1,5,ubot-0902-r01,Ubot-0902-R01,مياه حنفية لغسيل الادوات,المياه الغير معبأة (Unbottled water),Unbottled water,المياه الغير معبأة (Unbottled water),water,شركة درر دمشق للحوم الطازجة,شركة درر دمشق للحوم الطازجة,,شركة درر دمشق للحوم الطازجة,العليا,بلدية,بلدية العليا,True,False,لا يوجد,,0,,,False,none,,1,False
Data 2025.xlsx,1726,2025-03-01,2025-03,2025-W09,1,5,ubot-0903-r01,Ubot-0903-R01,مياه حنفية لغسيل الادوات,المياه الغير معبأة (Unbottled water),Unbottled water,المياه الغير معبأة (Unbottled water),water,جودة المرعى للحوم,جودة المرعى للحوم,,جودة المرعى للحوم,العليا,بلدية,بلدية العليا,True,False,لا يوجد,,0,,,False,none,,2,True
Data 2025.xlsx,1792,2025-03-02,2025-03,2025-W09,1,6,ubot-0904-r01,Ubot-0904-R01,مياه غسيل حنفية (م.ك),المياه الغير معبأة (Unbottled water),Unbottled water,المياه الغير معبأة (Unbottled water),water,الحباب للحوم,الحباب للحوم,,الحباب للحوم,العليا,بلدية,بلدية العليا,True,False,لا يوجد,,0,,,False,none,,0,False
Data 2025.xlsx,1793,2025-03-02,2025-03,2025-W09,1,6,ubot-0905-r01,Ubot-0905-R01,مياه غسيل حنفية (م.ك),المياه الغير معبأة (Unbottled water),Unbottled water,المياه الغير معبأة (Unbottled water),water,الهرافي الطيبة للتجارة,الهرافي الطيبة للتجارة,,الهرافي الطيبة للتجارة,العليا,بلدية,بلدية العليا,True,False,لا يوجد,,0,,,False,none,,0,False
Data 2025.xlsx,1794,2025-03-02,2025-03,2025-W09,1,6,ubot-0906-r01,Ubot-0906-R01,مياه فلتر للعجانة,المياه الغير معبأة (Unbottled water),Unbottled water,المياه الغير معبأة (Unbottled water),water,مطاعم المشوي العنابي,مطاعم المشوي العنابي,,مطاعم المشوي العنابي,العليا,بلدية,بلدية العليا,False,True,كوليفورم,كوليفورم,1,,كوليفورم,False,indicator_only,,8,True
Data 2025.xlsx,1857,2025-03-03,2025-03,2025-W10,1,0,ubot-0907-r01,Ubot-0907-R01,مياه غسيل حنفية (م.ك),المياه الغير معبأة (Unbottled water),Unbottled water,المياه الغير معبأة (Unbottled water),water,مؤسسة هند العيسى للحوم المبردة,مؤسسة هند العيسى للحوم المبردة,,مؤسسة هند العيسى للحوم المبردة,العليا,بلدية,بلدية العليا,False,True,كوليفورم,كوليفورم,1,,كوليفورم,False,indicator_only,,1,False
Data 2025.xlsx,1858,2025-03-03,2025-03,2025-W10,1,0,ubot-0908-r01,Ubot-0908-R01,مياه غسيل حنفية (م.ك),المياه الغير معبأة (Unbottled water),Unbottled water,المياه الغير معبأة (Unbottled water),water,زاد كرمنا,زاد كرمنا,,زاد كرمنا,العليا,بلدية,بلدية العليا,False,True,كوليفورم,كوليفورم,1,,كوليفورم,False,indicator_only,,2,True
Data 2025.xlsx,1859,2025-03-03,2025-03,2025-W10,1,0,ubot-0909-r01,Ubot-0909-R01,مياه غسيل حنفية (م.ك),المياه الغير معبأة (Unbottled water),Unbottled water,المياه الغير معبأة (Unbottled water),water,مؤسسة هرفي نجد,مؤسسة هرفي نجد,,مؤسسة هرفي نجد,العليا,بلدية,بلدية العليا,True,False,لا يوجد,,0,,,False,none,,0,False
Data 2025.xlsx,3894,2025-03-05,2025-03,2025-W10,1,2,ubot-0958-r01,Ubot-0958-R01,مياه فلتر للطبخ,المياه الغير معبأة (Unbottled water),Unbottled water,المياه الغير معبأة (Unbottled water),water,شركة الحمراء البخاري حي الشهداء,شركة الحمراء البخاري حي الشهداء,,شركة الحمراء البخاري حي الشهداء,الروضة,بلدية,بلدية الروضة,True,False,لا يوجد,,0,,,False,none,,1,False
Data 2025.xlsx,3895,2025-03-05,2025-03,2025-W10,1,2,ubot-0959-r01,Ubot-0959-R01,مياه حنفية لغسيل الادوات,المياه الغير معبأة (Unbottled water),Unbottled water,المياه الغير معبأة (Unbottled water),water,مؤسسة راشد عبدالعزيز ناصر الشومر للتجارة,مؤسسة راشد عبدالعزيز ناصر الشومر للتجارة,,مؤسسة راشد عبدالعزيز ناصر الشومر للتجارة,الشمال,بلدية,بلدية الشمال,True,False,لا يوجد,,0,,,False,none,,0,False
Data 2025.xlsx,1960,2025-03-08,2025-03,2025-W10,1,5,ubot-0910-r01,Ubot-0910-R01,مياه فلتر للاعداد,المياه الغير معبأة (Unbottled water),Unbottled water,المياه الغير معبأة (Unbottled water),water,كنافة فاكتوري,كنافة فاكتوري,,كنافة فاكتوري,العليا,بلدية,بلدية العليا,True,False,لا يوجد,,0,,,False,none,,1,False
Data 2025.xlsx,7120,2025-03-08,2025-03,2025-W10,1,5,ubot-1059-r01,Ubot-1059-R01 ,مياه غسيل ادوات,المياه الغير معبأة (Unbottled water),Unbottled water,المياه الغير معبأة (Unbottled water),water,مؤسسة عالم اللحوم للتجارة,مؤسسة عالم اللحوم للتجارة,,مؤسسة عالم اللحوم للتجارة,المعذر,بلدية,بلدية المعذر,True,False,لا يوجد,,0,,,False,none,,0,False
Data 2025.xlsx,8259,2025-03-09,2025-03,2025-W10,1,6,ubot-1079-r01,Ubot-1079-R01,مياه حنفية للغسيل,المياه الغير معبأة (Unbottled water),Unbottled water,المياه الغير المعبأة (Unbottled water),water,مؤسسة ليان للخضار والفواكه,مؤسسة ليان للخضار والفواكه,,مؤسسة ليان للخضار والفواكه,النسيم,بلدية,بلدية النسيم,True,False,لا يوجد,,0,,,False,none,category_merged_to_canonical,0,False
Data 2025.xlsx,2179,2025-03-15,2025-03,2025-W11,1,5,bot-0022-r01,bot-0022-R01,مياه معباة للطبخ,المياه المعبأة (Bottled water),Bottled water,المياه المعبأة (Bottled water),water,سفرة السلطان,سفرة السلطان,,سفرة السلطان,العليا,بلدية,بلدية العليا,True,False,لا يوجد,,0,,,False,none,,4,True
Data 2025.xlsx,2180,2025-03-15,2025-03,2025-W11,1,5,ubot-0916-r01,Ubot-0916-R01,مياه فلتر للطبخ,المياه المعبأة (Bottled water),Bottled water,المياه المعبأة (Bottled water),water,شركة مطاعم الناضج,شركة مطاعم الناضج,,شركة مطاعم الناضج,العليا,بلدية,بلدية العليا,True,False,لا يوجد,,0,,,False,none,,6,True
Data 2025.xlsx,2235,2025-03-16,2025-03,2025-W11,1,6,ubot-0917-r01,Ubot-0917-R01,مياه قلتر اعداد,المياه المعبأة (Bottled water),Bottled water,المياه المعبأة (Bottled water),water,لولو هوكا,لولو هوكا,,لولو هوكا,العليا,بلدية,بلدية العليا,True,False,لا يوجد,,0,,,False,none,,2,True
Data 2025.xlsx,2236,2025-03-16,2025-03,2025-W11,1,6,ubot-0918-r01,Ubot-0918-R01,مياه فلتر لغسيل ادوات,المياه المعبأة (Bottled water),Bottled water,المياه المعبأة (Bottled water),water,ونديز,ونديز,,ونديز,العليا,بلدية,بلدية العليا,False,True,كوليفورم,كوليفورم,1,,كوليفورم,False,indicator_only,,4,True
Data 2025.xlsx,2424,2025-03-22,2025-03,2025-W12,1,5,ubot-0920-r01,Ubot-0920-R01,مياه فلتر للعجانة,المياه المعبأة (Bottled water),Bottled water,المياه المعبأة (Bottled water),water,شاورما زهور الشام,شاورما زهور الشام,,شاورما زهور الشام,العليا,بلدية,بلدية العليا,True,False,لا يوجد,,0,,,False,none,,7,True
Data 2025.xlsx,2425,2025-03-22,2025-03,2025-W12,1,5,ubot-0921-r01,Ubot-0921-R01,مياه فلتر طبخ,المياه المعبأة (Bottled water),Bottled water,المياه المعبأة (Bottled water),water,مطعم الركن المكي,مطعم الركن المكي,,مطعم الركن المكي,العليا,بلدية,بلدية العليا,True,False,لا يوجد,,0,,,False,none,,9,True
Data 2025.xlsx,2426,2025-03-22,2025-03,2025-W12,1,5,ubot-0922-r01,Ubot-0922-R01,مياه فلتر طبخ,المياه المعبأة (Bottled water),Bottled water,المياه المعبأة (Bottled water),water,مطعم الركن المكي,مطعم الركن المكي,,مطعم الركن المكي,العليا,بلدية,بلدية العليا,True,False,لا يوجد,,0,,,False,none,,9,True
Data 2025.xlsx,2573,2025-04-05,2025-04,2025-W14,2,5,ubot-0923-r01,Ubot-0923-R01,مياه فلتر للعجانة,المياه الغير معبأة (Unbottled water),Unbottled water,المياه الغير معبأة (Unbottled water),water,الدانوب - حي الملك فهد,الدانوب,حي الملك فهد,الدانوب - حي الملك فهد,الشمال,بلدية,بلدية الشمال,True,False,لا يوجد,,0,,,False,none,,22,True
Data 2025.xlsx,3966,2025-04-05,2025-04,2025-W14,2,5,ubot-0960-r01,Ubot-0960-R01,مياه حنفية لغسيل الادوات,المياه الغير معبأة (Unbottled water),Unbottled water,المياه الغير معبأة (Unbottled water),water,ملحمة خروف الريف للحوم الطازجة,ملحمة خروف الريف للحوم الطازجة,,ملحمة خروف الريف للحوم الطازجة,الشمال,بلدية,بلدية الشمال,True,False,لا يوجد,,0,,,False,none,,1,False
Data 2025.xlsx,3967,2025-04-05,2025-04,2025-W14,2,5,ubot-0961-r01,Ubot-0961-R01,مياه فلتر لغسيل الارز,المياه الغير معبأة (Unbottled water),Unbottled water,المياه الغير معبأة (Unbottled water),water,مطعم سمر قندي - حي غرناطة,مطعم سمر قندي,حي غرناطة,مطعم سمر قندي - حي غرناطة,الروضة,بلدية,بلدية الروضة,True,False,لا يوجد,,0,,,False,none,,10,True
Data 2025.xlsx,2654,2025-04-06,2025-04,2025-W14,2,6,ubot-0924-r01,Ubot-0924-R01,مياه فلتر للطبخ,المياه الغير معبأة (Unbottled water),Unbottled water,المياه الغير معبأة (Unbottled water),water,مطعم الحرش ونص,مطعم الحرش ونص,,مطعم الحرش ونص,الروضة,بلدية,بلدية الروضة,False,True,كوليفورم | ايشيريشيا كولاي,كوليفورم | ايشيريشيا كولاي,2,ايشيريشيا كولاي,كوليفورم,True,pathogen,,4,True
Data 2025.xlsx,2655,2025-04-06,2025-04,2025-W14,2,6,ubot-0925-r01,Ubot-0925-R01,مياه فلتر للعجانة م.ك,المياه الغير معبأة (Unbottled water),Unbottled water,المياه الغير معبأة (Unbottled water),water,فول جرة الافراح,فول جرة الافراح,,فول جرة الافراح,الروضة,بلدية,بلدية الروضة,False,True,كوليفورم | ايشيريشيا كولاي,كوليفورم | ايشيريشيا كولاي,2,ايشيريشيا كولاي,كوليفورم,True,pathogen,,3,True
Data 2025.xlsx,2794,2025-04-08,2025-04,2025-W15,2,1,ubot-0927-r01,Ubot-0927-R01,مياه حنفية غسيل الادوات,المياه الغير معبأة (Unbottled water),Unbottled water,المياه الغير معبأة (Unbottled water),water,مراعي الأمانة,مراعي الأمانة,,مراعي الأمانة,المعذر,بلدية,بلدية المعذر,True,False,لا يوجد,,0,,,False,none,,4,True
Data 2025.xlsx,2795,2025-04-08,2025-04,2025-W15,2,1,ubot-0928-r01,Ubot-0928-R01,مياه فلتر للعجانة,المياه الغير معبأة (Unbottled water),Unbottled water,المياه الغير معبأة (Unbottled water),water,كنوز المستهلك - حي الرمال,كنوز المستهلك,حي الرمال,كنوز المستهلك - حي الرمال,الروضة,بلدية,بلدية الروضة,True,False,لا يوجد,,0,,,False,none,,16,True
Data 2025.xlsx,2974,2025-04-13,2025-04,2025-W15,2,6,bot-0023-r01,bot-0023-R01,مياه معباة غسيل للعجانة,المياه الغير معبأة (Unbottled water),Unbottled water,المياه الغير معبأة (Unbottled water),water,سنام سوبر ماركت - حي الرمال,سنام سوبر ماركت,حي الرمال,سنام سوبر ماركت - حي الرمال,الروضة,بلدية,بلدية الروضة,False,True,كوليفورم,كوليفورم,1,,كوليفورم,False,indicator_only,date_parsed_from_text,19,True
Data 2025.xlsx,2973,2025-04-13,2025-04,2025-W15,2,6,ubot-0930-r01,Ubot-0930-R01,مياه حنفية لغسيل الادوات (م.ك),المياه الغير معبأة (Unbottled water),Unbottled water,المياه الغير معبأة (Unbottled water),water,ملحمة إبداعات البنيان,ملحمة إبداعات البنيان,,ملحمة إبداعات البنيان,المعذر,بلدية,بلدية المعذر,True,False,لا يوجد,,0,,,False,none,date_parsed_from_text,0,False
Data 2025.xlsx,3058,2025-04-14,2025-04,2025-W16,2,0,ubot-0931-r01,Ubot-0931-R01,مياه حنفية لغسيل الادوات[م.ك],المياه الغير معبأة (Unbottled water),Unbottled water,المياه الغير معبأة (Unbottled water),water,مؤسسة الريف الأولى للتجارة,مؤسسة الريف الأولى للتجارة,,مؤسسة الريف الأولى للتجارة,المعذر,بلدية,بلدية المعذر,True,False,لا يوجد,,0,,,False,none,date_parsed_from_text,1,False
Data 2025.xlsx,3059,2025-04-14,2025-04,2025-W16,2,0,ubot-0932-r01,Ubot-0932-R01,مياه فلتر لغسيل الادوات[م.ك],المياه الغير معبأة (Unbottled water),Unbottled water,المياه الغير معبأة (Unbottled water),water,مؤسسة الريف الأولى للتجارة,مؤسسة الريف الأولى للتجارة,,مؤسسة الريف الأولى للتجارة,المعذر,بلدية,بلدية المعذر,True,False,لا يوجد,,0,,,False,none,date_parsed_from_text,1,False
Data 2025.xlsx,3060,2025-04-14,2025-04,2025-W16,2,0,ubot-0933-r01,Ubot-0933-R01,مياه غسيل عجانة,المياه الغير معبأة (Unbottled water),Unbottled water,المياه الغير معبأة (Unbottled water),water,فراخ الرمال - حي الرمال,فراخ الرمال,حي الرمال,فراخ الرمال - حي الرمال,الروضة,بلدية,بلدية الروضة,True,False,لا يوجد,,0,,,False,none,date_parsed_from_text,3,True
Data 2025.xlsx,3144,2025-04-15,2025-04,2025-W16,2,1,ubot-0934-r01,Ubot-0934-R01,مياه حنفية لغسيل الادوات,المياه الغير معبأة (Unbottled water),Unbottled water,المياه الغير معبأة (Unbottled water),water,مؤسسة عالم اللحوم للتجارة,مؤسسة عالم اللحوم للتجارة,,مؤسسة عالم اللحوم للتجارة,المعذر,بلدية,بلدية المعذر,True,False,لا يوجد,,0,,,False,none,date_parsed_from_text,4,True
Data 2025.xlsx,3149,2025-04-16,2025-04,2025-W16,2,2,ubot-0935-r01,Ubot-0935-R01,مياه حنفية لغسيل الادوات,المياه الغير معبأة (Unbottled water),Unbottled water,المياه الغير معبأة (Unbottled water),water,ملحمة ريف دمشق,ملحمة ريف دمشق,,ملحمة ريف دمشق,المعذر,بلدية,بلدية المعذر,True,False,لا يوجد,,0,,,False,none,date_parsed_from_text,0,False
Data 2025.xlsx,3231,2025-04-19,2025-04,2025-W16,2,5,ubot-0936-r01,Ubot-0936-R01,مياه حنفية لغسيل الادوات (م.ك),المياه الغير معبأة (Unbottled water),Unbottled water,المياه الغير معبأة (Unbottled water),water,روابي المرعي,روابي المرعي,,روابي المرعي,العليا,بلدية,بلدية العليا,True,False,لا يوجد,,0,,,False,none,date_parsed_from_text,2,True
Data 2025.xlsx,3315,2025-04-20,2025-04,2025-W16,2,6,ubot-0937-r01,Ubot-0937-R01,مياه حنفية لغسيل الادوات,المياه الغير معبأة (Unbottled water),Unbottled water,المياه الغير معبأة (Unbottled water),water,ملحمة جوهرة النفل للتجارة,ملحمة جوهرة النفل للتجارة,,ملحمة جوهرة النفل للتجارة,الشمال,بلدية,بلدية الشمال,True,False,لا يوجد,,0,,,False,none,date_parsed_from_text,3,True
Data 2025.xlsx,3316,2025-04-20,2025-04,2025-W16,2,6,ubot-0938-r01,Ubot-0938-R01,مياه حنفية لغسيل الادوات,المياه الغير معبأة (Unbottled water),Unbottled water,المياه الغير معبأة (Unbottled water),water,مطعم شاويز - حي القادسية,مطعم شاويز,حي القادسية,مطعم شاويز - حي القادسية,الروضة,بلدية,بلدية الروضة,True,False,لا يوجد,,0,,,False,none,date_parsed_from_text,9,True
Data 2025.xlsx,3404,2025-04-21,2025-04,2025-W17,2,0,ubot-0939-r01,Ubot-0939-R01,مياه حنفية لغسيل الادوات,المياه الغير معبأة (Unbottled water),Unbottled water,المياه الغير معبأة (Unbottled water),water,ملحمة مزرعتي الذهبية,ملحمة مزرعتي الذهبية,,ملحمة مزرعتي الذهبية,العليا,بلدية,بلدية العليا,True,False,لا يوجد,,0,,,False,none,date_parsed_from_text,0,False
Data 2025.xlsx,3405,2025-04-21,2025-04,2025-W17,2,0,ubot-0940-r01,Ubot-0940-R01,مياه حنفية لغسيل الادوات,المياه الغير معبأة (Unbottled water),Unbottled water,المياه الغير معبأة (Unbottled water),water,كيلو كباب - حي القادسية,كيلو كباب,حي القادسية,كيلو كباب - حي القادسية,الروضة,بلدية,بلدية الروضة,False,True,كوليفورم | ايشيريشيا كولاي,كوليفورم | ايشيريشيا كولاي,2,ايشيريشيا كولاي,كوليفورم,True,pathogen,date_parsed_from_text,14,True
Data 2025.xlsx,3486,2025-04-22,2025-04,2025-W17,2,1,ubot-0941-r01,Ubot-0941-R01,مياه غسيل الادوات,المياه الغير معبأة (Unbottled water),Unbottled water,المياه الغير معبأة (Unbottled water),water,ملحمة ابو ماجد,ملحمة ابو ماجد,,ملحمة ابو ماجد,العليا,بلدية,بلدية العليا,True,False,لا يوجد,,0,,,False,none,date_parsed_from_text,5,True
Data 2025.xlsx,3487,2025-04-22,2025-04,2025-W17,2,1,ubot-0942-r01,Ubot-0942-R01,مياه فلتر لغسيل الادوات,المياه الغير معبأة (Unbottled water),Unbottled water,المياه الغير معبأة (Unbottled water),water,شاورمر القادسية - حي القادسية,شاورمر القادسية,حي القادسية,شاورمر القادسية - حي القادسية,الروضة,بلدية,بلدية الروضة,True,False,لا يوجد,,0,,,False,none,date_parsed_from_text,7,True
Data 2025.xlsx,3488,2025-04-22,2025-04,2025-W17,2,1,ubot-0943-r01,Ubot-0943-R01,مياه حنفية لغسيل الادوات,المياه الغير معبأة (Unbottled water),Unbottled water,المياه الغير معبأة (Unbottled water),water,ميل فوي بيكري - حي القادسية,ميل فوي بيكري,حي القادسية,ميل فوي بيكري - حي القادسية,الروضة,بلدية,بلدية الروضة,True,False,لا يوجد,,0,,,False,none,date_parsed_from_text,0,False
Data 2025.xlsx,3489,2025-04-22,2025-04,2025-W17,2,1,ubot-0944-r01,Ubot-0944-R01,مياه حنفية لغسيل الادوات,المياه الغير معبأة (Unbottled water),Unbottled water,المياه الغير معبأة (Unbottled water),water,مطاعم الليوان - حي القادسية,مطاعم الليوان,حي القادسية,مطاعم الليوان - حي القادسية,الروضة,بلدية,بلدية الروضة,True,False,لا يوجد,,0,,,False,none,date_parsed_from_text,5,True
Data 2025.xlsx,3494,2025-04-23,2025-04,2025-W17,2,2,ubot-0945-r01,Ubot-0945-R01,مياه حنفية لغسيل الادوات,لحوم نيئة مبردة ومجمدة (Raw meat Cold or chilled ),Raw meat Cold or chilled,لحوم نيئة مبردة ومجمدة (Raw meat Cold or chilled ),raw_meat,ملحمة لبون للانتاج الغذائي,ملحمة لبون للانتاج الغذائي,,ملحمة لبون للانتاج الغذائي,العليا,بلدية,بلدية العليا,True,False,لا يوجد,,0,,,False,none,date_parsed_from_text,0,False
Data 2025.xlsx,3572,2025-04-26,2025-04,2025-W17,2,5,ubot-0946-r01,Ubot-0946-R01,مياه حنفية لغسيل الادوات,المياه الغير معبأة (Unbottled water),Unbottled water,المياه الغير معبأة (Unbottled water),water,صفوة الانعام للحوم الطازحه,صفوة الانعام للحوم الطازحه,,صفوة الانعام للحوم الطازحه,العليا,بلدية,بلدية العليا,True,False,لا يوجد,,0,,,False,none,date_parsed_from_text,0,False
Data 2025.xlsx,3573,2025-04-26,2025-04,2025-W17,2,5,ubot-0947-r01,Ubot-0947-R01,مياه غسيل,المياه الغير معبأة (Unbottled water),Unbottled water,المياه الغير معبأة (Unbottled water),water,دانك ساندوتش - حي اليرموك,دانك ساندوتش,حي اليرموك,دانك ساندوتش - حي اليرموك,الروضة,بلدية,بلدية الروضة,False,True,كوليفورم | ايشيريشيا كولاي,كوليفورم | ايشيريشيا كولاي,2,ايشيريشيا كولاي,كوليفورم,True,pathogen,date_parsed_from_text,3,True
Data 2025.xlsx,3574,2025-04-26,2025-04,2025-W17,2,5,ubot-0948-r01,Ubot-0948-R01,مياه غسيل,المياه الغير معبأة (Unbottled water),Unbottled water,المياه الغير معبأة (Unbottled water),water,مطعم سيزارو - حي المغرزات,مطعم سيزارو,حي المغرزات,مطعم سيزارو - حي المغرزات,العليا,بلدية,بلدية العليا,True,False,لا يوجد,,0,,,False,none,date_parsed_from_text,3,True
Data 2025.xlsx,3575,2025-04-26,2025-04,2025-W17,2,5,ubot-0949-r01,Ubot-0949-R01,مياه حنفية غسيل,المياه الغير معبأة (Unbottled water),Unbottled water,المياه الغير معبأة (Unbottled water),water,برستد المشير - حي الرمال,برستد المشير,حي الرمال,برستد المشير - حي الرمال,الروضة,بلدية,بلدية الروضة,True,False,لا يوجد,,0,,,False,none,date_parsed_from_text,5,True
Data 2025.xlsx,3576,2025-04-26,2025-04,2025-W17,2,5,ubot-0950-r01,Ubot-0950-R01,مياه فلتر للعجانة,المياه الغير معبأة (Unbottled water),Unbottled water,المياه الغير معبأة (Unbottled water),water,شركة ضواحي الرمال - حي الرمال,شركة ضواحي الرمال,حي الرمال,شركة ضواحي الرمال - حي الرمال,الروضة,بلدية,بلدية الروضة,True,False,لا يوجد,,0,,,False,none,date_parsed_from_text,0,False
Data 2025.xlsx,3577,2025-04-26,2025-04,2025-W17,2,5,ubot-0951-r01,Ubot-0951-R01,مياه فلتر لغسيل الارز,المياه الغير معبأة (Unbottled water),Unbottled water,المياه الغير معبأة (Unbottled water),water,مطعم نور الرياض البخاري - حي الرمال,مطعم نور الرياض البخاري,حي الرمال,مطعم نور الرياض البخاري - حي الرمال,الروضة,بلدية,بلدية الروضة,True,False,لا يوجد,,0,,,False,none,date_parsed_from_text,9,True
Data 2025.xlsx,3669,2025-04-27,2025-04,2025-W17,2,6,ubot-0952-r01,Ubot-0952-R01,مياه حنفية لغسيل الادوات,المياه الغير معبأة (Unbottled water),Unbottled water,المياه الغير معبأة (Unbottled water),water,مؤسسة راشد عبد العزيز ناصر الشومر للتجارة,مؤسسة راشد عبد العزيز ناصر الشومر للتجارة,,مؤسسة راشد عبد العزيز ناصر الشومر للتجارة,الشمال,بلدية,بلدية الشمال,True,False,لا يوجد,,0,,,False,none,date_parsed_from_text,2,True
Data 2025.xlsx,3670,2025-04-27,2025-04,2025-W17,2,6,ubot-0953-r01,Ubot-0953-R01,مياه فلتر للعجانة,المياه الغير معبأة (Unbottled water),Unbottled water,المياه الغير معبأة (Unbottled water),water,فوال عقبة الطايف - حي الرمال,فوال عقبة الطايف,حي الرمال,فوال عقبة الطايف - حي الرمال,الروضة,بلدية,بلدية الروضة,False,True,كوليفورم | ايشيريشيا كولاي,كوليفورم | ايشيريشيا كولاي,2,ايشيريشيا كولاي,كوليفورم,True,pathogen,date_parsed_from_text,7,True
Data 2025.xlsx,3671,2025-04-27,2025-04,2025-W17,2,6,ubot-0954-r01,Ubot-0954-R01,مياه حنفية لغسيل الارز,المياه الغير معبأة (Unbottled water),Unbottled water,المياه الغير معبأة (Unbottled water),water,مطعم مذاق الرمال - حي الرمال,مطعم مذاق الرمال,حي الرمال,مطعم مذاق الرمال - حي الرمال,الروضة,بلدية,بلدية الروضة,True,False,لا يوجد,,0,,,False,none,date_parsed_from_text,8,True
Data 2025.xlsx,3742,2025-04-28,2025-04,2025-W18,2,0,ubot-0955-r01,Ubot-0955-R01,مياه حنفية لغسيل الادوات,المياه الغير معبأة (Unbottled water),Unbottled water,المياه الغير معبأة (Unbottled water),water,تركي للذبائح,تركي للذبائح,,تركي للذبائح,الشمال,بلدية,بلدية الشمال,True,False,لا يوجد,,0,,,False,none,date_parsed_from_text,3,True
Data 2025.xlsx,3820,2025-04-29,2025-04,2025-W18,2,1,ubot-0956-r01,Ubot-0956-R01,مياه حنفية لغسيل الادوات,المياه الغير معبأة (Unbottled water),Unbottled water,المياه الغير معبأة (Unbottled water),water,ملحمة دروب الامانة للحوم الطازجة,ملحمة دروب الامانة للحوم الطازجة,,ملحمة دروب الامانة للحوم الطازجة,الشمال,بلدية,بلدية الشمال,True,False,لا يوجد,,0,,,False,none,date_parsed_from_text,3,True
Data 2025.xlsx,3821,2025-04-29,2025-04,2025-W18,2,1,ubot-0957-r01,Ubot-0957-R01,مياه فلتر للكود برو,المياه الغير معبأة (Unbottled water),Unbottled water,المياه الغير معبأة (Unbottled water),water,ستار بكس - حي القيروان,ستار بكس,حي القيروان,ستار بكس - حي القيروان,الشمال,بلدية,بلدية الشمال,True,False,لا يوجد,,0,,,False,none,date_parsed_from_text,2,True
Data 2025.xlsx,4060,2025-05-05,2025-05,2025-W19,2,0,ubot-0962-r01,Ubot-0962-R01,مياه حنفية لغسيل الادوات (م.ك),المياه الغير معبأة (Unbottled water),Unbottled water,المياه الغير معبأة (Unbottled water),water,ملحمة فيافي القصيم,ملحمة فيافي القصيم,,ملحمة فيافي القصيم,الشمال,بلدية,بلدية الشمال,True,False,لا يوجد,,0,,,False,none,,1,False
Data 2025.xlsx,4061,2025-05-05,2025-05,2025-W19,2,0,ubot-0963-r01,Ubot-0963-R01,مياه فلتر للعجانة,المياه الغير معبأة (Unbottled water),Unbottled water,المياه الغير معبأة (Unbottled water),water,مطعم انعام الرافدين - حي غرناطة,مطعم انعام الرافدين,حي غرناطة,مطعم انعام الرافدين - حي غرناطة,الروضة,بلدية,بلدية الروضة,True,False,لا يوجد,,0,,,False,none,,4,True
Data 2025.xlsx,6016,2025-05-07,2025-05,2025-W19,2,2,ubot-1018-r01,Ubot-1018-R01,مياه حنفية لغسيل الادوات م-ك,المياه الغير معبأة (Unbottled water),Unbottled water,المياه الغير معبأة (Unbottled water),water,مؤسسة قيصر اللحوم التجارية,مؤسسة قيصر اللحوم التجارية,,مؤسسة قيصر اللحوم التجارية,الروضة,بلدية,بلدية الروضة,True,False,لا يوجد,,0,,,False,none,,4,True
Data 2025.xlsx,6017,2025-05-07,2025-05,2025-W19,2,2,ubot-1020-r01,Ubot-1020-R01,مياه حوض,المياه الغير معبأة (Unbottled water),Unbottled water,المياه الغير معبأة (Unbottled water),water,حظيرة البندري ناصر بن زيد,حظيرة البندري ناصر بن زيد,,حظيرة البندري ناصر بن زيد,العزيزية,بلدية,بلدية العزيزية,False,True,ايشيريشيا كولاي,ايشيريشيا كولاي,1,ايشيريشيا كولاي,,True,pathogen,,1,False
Data 2025.xlsx,6018,2025-05-07,2025-05,2025-W19,2,2,ubot-1021-r01,Ubot-1021-R01,مياه حوض,المياه الغير معبأة (Unbottled water),Unbottled water,المياه الغير معبأة (Unbottled water),water,حظيرة نايف عبدالله سلطان العتيبي,حظيرة نايف عبدالله سلطان العتيبي,,حظيرة نايف عبدالله سلطان العتيبي,العزيزية,بلدية,بلدية العزيزية,False,True,ايشيريشيا كولاي,ايشيريشيا كولاي,1,ايشيريشيا كولاي,,True,pathogen,,1,False
Data 2025.xlsx,6019,2025-05-07,2025-05,2025-W19,2,2,ubot-1022-r01,Ubot-1022-R01,مياه حوض,المياه الغير معبأة (Unbottled water),Unbottled water,المياه الغير معبأة (Unbottled water),water,مؤسسة انوار الدرب,مؤسسة انوار الدرب,,مؤسسة انوار الدرب,العزيزية,بلدية,بلدية العزيزية,True,False,لا يوجد,,0,,,False,none,,0,False
Data 2025.xlsx,6020,2025-05-07,2025-05,2025-W19,2,2,ubot-1023-r01,Ubot-1023-R01,مياه حوض,المياه الغير معبأة (Unbottled water),Unbottled water,المياه الغير معبأة (Unbottled water),water,حظيرة سعد عبدالله سعد الربيعان,حظيرة سعد عبدالله سعد الربيعان,,حظيرة سعد عبدالله سعد الربيعان,العزيزية,بلدية,بلدية العزيزية,True,False,لا يوجد,,0,,,False,none,,0,False
Data 2025.xlsx,6021,2025-05-07,2025-05,2025-W19,2,2,ubot-1024-r01,Ubot-1024-R01,مياه حوض,المياه الغير معبأة (Unbottled water),Unbottled water,المياه الغير معبأة (Unbottled water),water,حظيرة سعد عبدالله سعد الربيعان,حظيرة سعد عبدالله سعد الربيعان,,حظيرة سعد عبدالله سعد الربيعان,العزيزية,بلدية,بلدية العزيزية,True,False,لا يوجد,,0,,,False,none,,0,False
Data 2025.xlsx,6022,2025-05-07,2025-05,2025-W19,2,2,ubot-1025-r01,Ubot-1025-R01,مياه حوض,المياه الغير معبأة (Unbottled water),Unbottled water,المياه الغير معبأة (Unbottled water),water,شركة كاش لتجارة المواشي,شركة كاش لتجارة المواشي,,شركة كاش لتجارة المواشي,العزيزية,بلدية,بلدية العزيزية,True,False,لا يوجد,,0,,,False,none,,0,False
Data 2025.xlsx,6023,2025-05-07,2025-05,2025-W19,2,2,ubot-1026-r01,Ubot-1026-R01,مياه حنفية,المياه الغير معبأة (Unbottled water),Unbottled water,المياه الغير معبأة (Unbottled water),water,شركة سدار للتجارة,شركة سدار للتجارة,,شركة سدار للتجارة,العزيزية,بلدية,بلدية العزيزية,False,True,ايشيريشيا كولاي,ايشيريشيا كولاي,1,ايشيريشيا كولاي,,True,pathogen,,1,False
Data 2025.xlsx,4479,2025-05-17,2025-05,2025-W20,2,5,ubot-0973-r01,Ubot-0973-R01,مياه حنفية لغسيل الادوات,المياه الغير معبأة (Unbottled water),Unbottled water,المياه الغير معبأة (Unbottled water),water,مطعم اسمي - حي اليرموك,مطعم اسمي,حي اليرموك,مطعم اسمي - حي اليرموك,الروضة,بلدية,بلدية الروضة,False,True,كوليفورم | ايشيريشيا كولاي,كوليفورم | ايشيريشيا كولاي,2,ايشيريشيا كولاي,كوليفورم,True,pathogen,date_parsed_from_text,7,True
Data 2025.xlsx,4568,2025-05-18,2025-05,2025-W20,2,6,ubot-0974-r01,Ubot-0974-R01,مياه غسيل ادوات,المياه الغير معبأة (Unbottled water),Unbottled water,المياه الغير معبأة (Unbottled water),water,ملحمة عنوان اللحوم للتجارة,ملحمة عنوان اللحوم للتجارة,,ملحمة عنوان اللحوم للتجارة,الشمال,بلدية,بلدية الشمال,True,False,لا يوجد,,0,,,False,none,date_parsed_from_text,1,False
Data 2025.xlsx,4640,2025-05-19,2025-05,2025-W21,2,0,ubot-0975-r01,Ubot-0975-R01,مياه حنفية لغسيل الادوات,المياه الغير معبأة (Unbottled water),Unbottled water,المياه الغير معبأة (Unbottled water),water,ملحمة عواض سعد مشبب الشهري لحوم مبرده,ملحمة عواض سعد مشبب الشهري لحوم مبرده,,ملحمة عواض سعد مشبب الشهري لحوم مبرده,الشمال,بلدية,بلدية الشمال,False,True,كوليفورم | ايشيريشيا كولاي,كوليفورم | ايشيريشيا كولاي,2,ايشيريشيا كولاي,كوليفورم,True,pathogen,date_parsed_from_text,3,True
Data 2025.xlsx,4641,2025-05-19,2025-05,2025-W21,2,0,ubot-0976-r01,Ubot-0976-R01,مياه غسيل ادوات,المياه الغير معبأة (Unbottled water),Unbottled water,المياه الغير معبأة (Unbottled water),water,فطيرة الفلافل - حي اليرموك,فطيرة الفلافل,حي اليرموك,فطيرة الفلافل - حي اليرموك,الروضة,بلدية,بلدية الروضة,True,False,لا يوجد,,0,,,False,none,date_parsed_from_text,4,True
Data 2025.xlsx,4642,2025-05-19,2025-05,2025-W21,2,0,ubot-0977-r01,Ubot-0977-R01,مياه حنفية غسيل ادوات,المياه الغير معبأة (Unbottled water),Unbottled water,المياه الغير معبأة (Unbottled water),water,بلدية الروضة,بلدية الروضة,,بلدية الروضة,الروضة,بلدية,بلدية الروضة,True,False,لا يوجد,,0,,,False,none,date_parsed_from_text,0,False
Data 2025.xlsx,4694,2025-05-20,2025-05,2025-W21,2,1,ubot-0978-r01,Ubot-0978-R01,مياه فلتر المياه المستخدمة في الفرع,المياه الغير معبأة (Unbottled water),Unbottled water,المياه الغير معبأة (Unbottled water),water,شركة مطعم بيت الشاورما لتقديم الوجبات - حي القدس,شركة مطعم بيت الشاورما لتقديم الوجبات,حي القدس,شركة مطعم بيت الشاورما لتقديم الوجبات - حي القدس,الروضة,بلدية,بلدية الروضة,True,False,لا يوجد,,0,,,False,none,date_parsed_from_text,16,True
Data 2025.xlsx,4823,2025-05-25,2025-05,2025-W21,2,6,ubot-0979-r01,Ubot-0979-R01,مياه حنفية لغسيل الادوات,المياه الغير معبأة (Unbottled water),Unbottled water,المياه الغير معبأة (Unbottled water),water,راشد عبدالعزيز ناصر الشومر,راشد عبدالعزيز ناصر الشومر,,راشد عبدالعزيز ناصر الشومر,العليا,بلدية,بلدية العليا,True,False,لا يوجد,,0,,,False,none,date_parsed_from_text,2,True
Data 2025.xlsx,4824,2025-05-25,2025-05,2025-W21,2,6,ubot-0981-r01,Ubot-0981-R01,مياه حنفية لغسيل الادوات,المياه الغير معبأة (Unbottled water),Unbottled water,المياه الغير معبأة (Unbottled water),water,شركة يوم السمك لبيع الاسماك,شركة يوم السمك لبيع الاسماك,,شركة يوم السمك لبيع الاسماك,العليا,بلدية,بلدية العليا,True,False,لا يوجد,,0,,,False,none,date_parsed_from_text,1,False
Data 2025.xlsx,4825,2025-05-25,2025-05,2025-W21,2,6,ubot-0982-r01,Ubot-0982-R01,مياه فلتر لغسيل الاسماك,المياه الغير معبأة (Unbottled water),Unbottled water,المياه الغير معبأة (Unbottled water),water,شركة يوم السمك لبيع الاسماك,شركة يوم السمك لبيع الاسماك,,شركة يوم السمك لبيع الاسماك,العليا,بلدية,بلدية العليا,True,False,لا يوجد,,0,,,False,none,date_parsed_from_text,1,False
Data 2025.xlsx,4826,2025-05-25,2025-05,2025-W21,2,6,ubot-0983-r01,Ubot-0983-R01,مياه فلتر للطبخ,المياه الغير معبأة (Unbottled water),Unbottled water,المياه الغير معبأة (Unbottled water),water,فت بوكس - حي قرطبة,فت بوكس,حي قرطبة,فت بوكس - حي قرطبة,الروضة,بلدية,بلدية الروضة,True,False,لا يوجد,,0,,,False,none,date_parsed_from_text,9,True
Data 2025.xlsx,4907,2025-05-26,2025-05,2025-W22,2,0,ubot-0984-r01,Ubot-0984-R01,مياه حنفية لغسيل الادوات,المياه الغير معبأة (Unbottled water),Unbottled water,المياه الغير معبأة (Unbottled water),water,مؤسسة محمد ناجي بن نامي اللهيبي للحوم الطازجة,مؤسسة محمد ناجي بن نامي اللهيبي للحوم الطازجة,,مؤسسة محمد ناجي بن نامي اللهيبي للحوم الطازجة,الشمال,بلدية,بلدية الشمال,True,False,لا يوجد,,0,,,False,none,date_parsed_from_text,0,False
Data 2025.xlsx,4908,2025-05-26,2025-05,2025-W22,2,0,ubot-0985-r01,Ubot-0985-R01,مياه فلتر للطبخ,المياه الغير معبأة (Unbottled water),Unbottled water,المياه الغير معبأة (Unbottled water),water,مطعم صالحه البخاري - حي اليرموك,مطعم صالحه البخاري,حي اليرموك,مطعم صالحه البخاري - حي اليرموك,الروضة,بلدية,بلدية الروضة,True,False,لا يوجد,,0,,,False,none,date_parsed_from_text,11,True
Data 2025.xlsx,5005,2025-05-27,2025-05,2025-W22,2,1,ubot-0986-r01,Ubot-0986-R01,مياه فلتر للطبخ,المياه الغير معبأة (Unbottled water),Unbottled water,المياه الغير معبأة (Unbottled water),water,الناضج - حي اليرموك,الناضج,حي اليرموك,الناضج - حي اليرموك,الروضة,بلدية,بلدية الروضة,True,False,لا يوجد,,0,,,False,none,date_parsed_from_text,4,True
Data 2025.xlsx,5094,2025-05-28,2025-05,2025-W22,2,2,ubot-0987-r01,Ubot-0987-R01,مياه فلتر للطبخ,المياه الغير معبأة (Unbottled water),Unbottled water,المياه الغير معبأة (Unbottled water),water,شركة الرومانسية - حي اليرموك,شركة الرومانسية,حي اليرموك,شركة الرومانسية - حي اليرموك,الروضة,بلدية,بلدية الروضة,True,False,لا يوجد,,0,,,False,none,date_parsed_from_text,7,True
Data 2025.xlsx,4144,2025-06-05,2025-06,2025-W23,2,3,ubot-0964-r01,Ubot-0964-R01,مياه حنفية لغسيل الادوات,المياه الغير معبأة (Unbottled water),Unbottled water,المياه الغير معبأة (Unbottled water),water,ملحمة نهضة الياسمين للتجارة,ملحمة نهضة الياسمين للتجارة,,ملحمة نهضة الياسمين للتجارة,الشمال,بلدية,بلدية الشمال,True,False,لا يوجد,,0,,,False,none,,2,True
Data 2025.xlsx,6093,2025-06-07,2025-06,2025-W23,2,5,ubot-1027-r01,Ubot-1027-R01,مياه حنفية لغسيل الادوات,المياه الغير معبأة (Unbottled water),Unbottled water,المياه الغير معبأة (Unbottled water),water,مؤسسة ربوع الحاشي,مؤسسة ربوع الحاشي,,مؤسسة ربوع الحاشي,الروضة,بلدية,بلدية الروضة,True,False,لا يوجد,,0,,,False,none,,1,False
Data 2025.xlsx,8316,2025-06-09,2025-06,2025-W24,2,0,ubot-1080-r01,Ubot-1080-R01,مياه فلتر لغسيل الدجاج,المياه الغير معبأة (Unbottled water),Unbottled water,المياه الغير المعبأة (Unbottled water),water,مطعم ريم الرياض,مطعم ريم الرياض,,مطعم ريم الرياض,العليا,بلدية,بلدية العليا,True,False,لا يوجد,,0,,,False,none,category_merged_to_canonical,9,True
Data 2025.xlsx,5162,2025-06-14,2025-06,2025-W24,2,5,ubot-0988-r01,Ubot-0988-R01,مياه حنفية لغسيل الادوات,المياه الغير معبأة (Unbottled water),Unbottled water,المياه الغير معبأة (Unbottled water),water,ملحمة ريم العنزي,ملحمة ريم العنزي,,ملحمة ريم العنزي,الروضة,بلدية,بلدية الروضة,True,False,لا يوجد,,0,,,False,none,date_parsed_from_text,0,False
Data 2025.xlsx,5220,2025-06-15,2025-06,2025-W24,2,6,ubot-0989-r01,Ubot-0989-R01,مياه فلتر غسيل ادوات,المياه الغير معبأة (Unbottled water),Unbottled water,المياه الغير معبأة (Unbottled water),water,دولمة عنب,دولمة عنب,,دولمة عنب,الروضة,بلدية,بلدية الروضة,True,False,لا يوجد,,0,,,False,none,date_parsed_from_text,1,False
Data 2025.xlsx,5221,2025-06-15,2025-06,2025-W24,2,6,ubot-0990-r01,Ubot-0990-R01,مياه حنفيل لغسيل الادوات,المياه الغير معبأة (Unbottled water),Unbottled water,المياه الغير معبأة (Unbottled water),water,فرن الضيعة اليرموك,فرن الضيعة اليرموك,,فرن الضيعة اليرموك,الروضة,بلدية,بلدية الروضة,True,False,لا يوجد,,0,,,False,none,date_parsed_from_text,4,True
Data 2025.xlsx,5287,2025-06-16,2025-06,2025-W25,2,0,ubot-0991-r01,Ubot-0991-R01,مياه فلتر للطبخ,المياه الغير معبأة (Unbottled water),Unbottled water,المياه الغير معبأة (Unbottled water),water,مطعم ثريا عرفة (بـ بيروت) - حي الربيع,مطعم ثريا عرفة (بـ بيروت),حي الربيع,مطعم ثريا عرفة (بـ بيروت) - حي الربيع,الشمال,بلدية,بلدية الشمال,True,False,لا يوجد,,0,,,False,none,date_parsed_from_text,13,True
Data 2025.xlsx,5356,2025-06-17,2025-06,2025-W25,2,1,ubot-0992-r01,Ubot-0992-R01,مياه حنفية لغسيل الادوات,المياه الغير معبأة (Unbottled water),Unbottled water,المياه الغير معبأة (Unbottled water),water,معرض الوطنيه,معرض الوطنيه,,معرض الوطنيه,الروضة,بلدية,بلدية الروضة,True,True,كوليفورم | سيدوموناس,كوليفورم | سيدوموناس,2,,كوليفورم | سيدوموناس,False,indicator_only,date_parsed_from_text|validity_says_valid_but_has_failures,1,False
Data 2025.xlsx,5363,2025-06-18,2025-06,2025-W25,2,2,ubot-0993-r01,Ubot-0993-R01,مياه حنفية لغسيل الادوات م/ك,المياه الغير معبأة (Unbottled water),Unbottled water,المياه الغير معبأة (Unbottled water),water,مؤسسة هبرة طرية للتجارة,مؤسسة هبرة طرية للتجارة,,مؤسسة هبرة طرية للتجارة,الروضة,بلدية,بلدية الروضة,True,False,لا يوجد,,0,,,False,none,date_parsed_from_text,0,False
Data 2025.xlsx,5433,2025-06-21,2025-06,2025-W25,2,5,ubot-0994-r01,Ubot-0994-R01,مياه غسيل ادوات,المياه الغير معبأة (Unbottled water),Unbottled water,المياه الغير معبأة (Unbottled water),water,ملحمة اطياب بلادي التجارية,ملحمة اطياب بلادي التجارية,,ملحمة اطياب بلادي التجارية,الروضة,بلدية,بلدية الروضة,True,False,لا يوجد,,0,,,False,none,date_parsed_from_text,0,False
Data 2025.xlsx,5434,2025-06-21,2025-06,2025-W25,2,5,ubot-0995-r01,Ubot-0995-R01,مياه حنفية للغسيل الادوات,المياه الغير معبأة (Unbottled water),Unbottled water,المياه الغير معبأة (Unbottled water),water,كناف - حي اليرموك,كناف,حي اليرموك,كناف - حي اليرموك,الروضة,بلدية,بلدية الروضة,True,False,لا يوجد,,0,,,False,none,date_parsed_from_text,0,False
Data 2025.xlsx,5509,2025-06-22,2025-06,2025-W25,2,6,ubot-0996-r01,Ubot-0996-R01,مياه حنفية لغسيل الادوات م-ك,المياه الغير معبأة (Unbottled water),Unbottled water,المياه الغير معبأة (Unbottled water),water,ملحمة سفر العديني للحوم الطازجة,ملحمة سفر العديني للحوم الطازجة,,ملحمة سفر العديني للحوم الطازجة,الروضة,بلدية,بلدية الروضة,True,False,لا يوجد,,0,,,False,none,date_parsed_from_text,0,False
Data 2025.xlsx,5510,2025-06-22,2025-06,2025-W25,2,6,ubot-0997-r01,Ubot-0997-R01,مياه فلتر غسيل ادوات,المياه الغير معبأة (Unbottled water),Unbottled water,المياه الغير معبأة (Unbottled water),water,صب واي - حي اليروموك,صب واي,حي اليروموك,صب واي - حي اليروموك,الروضة,بلدية,بلدية الروضة,True,False,لا يوجد,,0,,,False,none,date_parsed_from_text,4,True
Data 2025.xlsx,5601,2025-06-23,2025-06,2025-W26,2,0,bot-0025-r01,bot-0025-R01,مياه معباة للعصائر,المياه الغير معبأة (Unbottled water),Unbottled water,المياه الغير معبأة (Unbottled water),water,مطاعم ركن الرافدين - حي اليرموك,مطاعم ركن الرافدين,حي اليرموك,مطاعم ركن الرافدين - حي اليرموك,الروضة,بلدية,بلدية الروضة,False,True,كوليفورم | ايشيريشيا كولاي,كوليفورم | ايشيريشيا كولاي,2,ايشيريشيا كولاي,كوليفورم,True,pathogen,date_parsed_from_text,10,True
Data 2025.xlsx,5600,2025-06-23,2025-06,2025-W26,2,0,ubot-0998-r01,Ubot-0998-R01,مياه غسيل ادوات,المياه الغير معبأة (Unbottled water),Unbottled water,المياه الغير معبأة (Unbottled water),water,فرع مؤسسة ريق دمشق للتجاره,فرع مؤسسة ريق دمشق للتجاره,,فرع مؤسسة ريق دمشق للتجاره,الروضة,بلدية,بلدية الروضة,True,False,لا يوجد,,0,,,False,none,date_parsed_from_text,0,False
Data 2025.xlsx,5645,2025-06-24,2025-06,2025-W26,2,1,ubot-0999-r01,Ubot-0999-R01,مياه حنفية لغسيل الادوات م-ك,المياه الغير معبأة (Unbottled water),Unbottled water,المياه الغير معبأة (Unbottled water),water,ملحمة بيت السعادة,ملحمة بيت السعادة,,ملحمة بيت السعادة,الروضة,بلدية,بلدية الروضة,True,False,لا يوجد,,0,,,False,none,date_parsed_from_text,0,False
Data 2025.xlsx,5649,2025-06-24,2025-06,2025-W26,2,1,ubot-1000-r01,Ubot-1000-R01,مياه حنفية لغسيل الادوات,المياه الغير معبأة (Unbottled water),Unbottled water,المياه الغير معبأة (Unbottled water),water,الهلال اللحوم الطازجة,الهلال اللحوم الطازجة,,الهلال اللحوم الطازجة,الروضة,بلدية,بلدية الروضة,True,False,لا يوجد,,0,,,False,none,date_parsed_from_text,0,False
Data 2025.xlsx,5732,2025-06-28,2025-06,2025-W26,2,5,ubot-1001-r01,Ubot-1001-R01,مياه حنفية لغسيل الادوات,المياه الغير معبأة (Unbottled water),Unbottled water,المياه الغير معبأة (Unbottled water),water,شركة حصاد الابداع للمواد الغذائية شركة شخص واحد,شركة حصاد الابداع للمواد الغذائية شركة شخص واحد,,شركة حصاد الابداع للمواد الغذائية شركة شخص واحد,الشمال,بلدية,بلدية الشمال,True,False,لا يوجد,,0,,,False,none,date_parsed_from_text,0,False
Data 2025.xlsx,5733,2025-06-28,2025-06,2025-W26,2,5,ubot-1002-r01,Ubot-1002-R01,مياه فلتر لغسيل الارز,المياه الغير معبأة (Unbottled water),Unbottled water,المياه الغير معبأة (Unbottled water),water,مطعم سمر قندي - حي الملقا,مطعم سمر قندي,حي الملقا,مطعم سمر قندي - حي الملقا,الروضة,بلدية,بلدية الروضة,True,False,لا يوجد,,0,,,False,none,date_parsed_from_text,19,True
Data 2025.xlsx,5799,2025-06-29,2025-06,2025-W26,2,6,ubot-1003-r01,Ubot-1003-R01,مياه حنفية لغسيل الادوات,المياه الغير معبأة (Unbottled water),Unbottled water,المياه الغير معبأة (Unbottled water),water,ملحمة حلاوة البراري للحوم الطازجة,ملحمة حلاوة البراري للحوم الطازجة,,ملحمة حلاوة البراري للحوم الطازجة,الروضة,بلدية,بلدية الروضة,True,False,لا يوجد,,0,,,False,none,date_parsed_from_text,0,False
Data 2025.xlsx,5864,2025-06-30,2025-06,2025-W27,2,0,ubot-1004-r01,Ubot-1004-R01,مياه حنفية لغسيل الادوات,المياه الغير معبأة (Unbottled water),Unbottled water,المياه الغير معبأة (Unbottled water),water,درر نور الشام لبيع لحوم,درر نور الشام لبيع لحوم,,درر نور الشام لبيع لحوم,الروضة,بلدية,بلدية الروضة,True,False,لا يوجد,,0,,,False,none,date_parsed_from_text,0,False
Data 2025.xlsx,4149,2025-07-05,2025-07,2025-W27,3,5,ubot-0965-r01,Ubot-0965-R01,مياه حنفية لغسيل الادوات,المياه الغير معبأة (Unbottled water),Unbottled water,المياه الغير معبأة (Unbottled water),water,جزار البراري,جزار البراري,,جزار البراري,العليا,بلدية,بلدية العليا,True,False,لا يوجد,,0,,,False,none,,0,False
Data 2025.xlsx,6159,2025-07-07,2025-07,2025-W28,3,0,ubot-1028-r01,Ubot-1028-R01,مياه حنفية لغسيل الادوات,المياه الغير معبأة (Unbottled water),Unbottled water,المياه الغير معبأة (Unbottled water),water,ملحمة مثال الشمال للحوم الطازجة,ملحمة مثال الشمال للحوم الطازجة,,ملحمة مثال الشمال للحوم الطازجة,الروضة,بلدية,بلدية الروضة,True,False,لا يوجد,,0,,,False,none,,1,False
Data 2025.xlsx,6160,2025-07-07,2025-07,2025-W28,3,0,ubot-1029-r01,Ubot-1029-R01,مياه فلتر لغسيل الخضروات,المياه الغير معبأة (Unbottled water),Unbottled water,المياه الغير معبأة (Unbottled water),water,سوشي لا يبراري - الرياض بارك - حي العقيق,سوشي لا يبراري,الرياض بارك - حي العقيق,سوشي لا يبراري - الرياض بارك - حي العقيق,الشمال,بلدية,بلدية الشمال,True,False,لا يوجد,,0,,,False,none,,10,True
Data 2025.xlsx,8356,2025-07-09,2025-07,2025-W28,3,2,ubot-1081-r01,Ubot-1081-R01,مياه فلتر لغسيل الادوات م- ك,المياه الغير معبأة (Unbottled water),Unbottled water,المياه الغير المعبأة (Unbottled water),water,مطاعم الصاج الذهبي للتقديم الوجبات حي الملك فهد,مطاعم الصاج الذهبي للتقديم الوجبات حي الملك فهد,,مطاعم الصاج الذهبي للتقديم الوجبات حي الملك فهد,العليا,بلدية,بلدية العليا,True,False,لا يوجد,,0,,,False,none,category_merged_to_canonical,12,True
Data 2025.xlsx,6316,2025-07-13,2025-07,2025-W28,3,6,ubot-1037-r02,"Ubot-1037-R02
",مياه حنفية لغسيل الادوات,المياه الغير معبأة (Unbottled water),Unbottled water,المياه الغير معبأة (Unbottled water),water,مطعم تشاد لتقديم الوجبات,مطعم تشاد لتقديم الوجبات,,مطعم تشاد لتقديم الوجبات,الروضة,بلدية,بلدية الروضة,True,False,لا يوجد,,0,,,False,none,date_parsed_from_text,2,True
Data 2025.xlsx,6362,2025-07-14,2025-07,2025-W29,3,0,ubot-1038-r01,Ubot-1038-R01,مياه حنفية لغسيل الادوات,المياه الغير معبأة (Unbottled water),Unbottled water,المياه الغير معبأة (Unbottled water),water,مؤسسة وسم وعطاء للحوم الطازجة,مؤسسة وسم وعطاء للحوم الطازجة,,مؤسسة وسم وعطاء للحوم الطازجة,الروضة,بلدية,بلدية الروضة,True,False,لا يوجد,,0,,,False,none,date_parsed_from_text,0,False
Data 2025.xlsx,6427,2025-07-15,2025-07,2025-W29,3,1,ubot-1039-r01,"Ubot-1039-R01
",مياه حنفية لغسيل الادوات,المياه الغير معبأة (Unbottled water),Unbottled water,المياه الغير معبأة (Unbottled water),water,مؤسسة فيظه ضاري بن فنخير الظفيري للحوم الطازجة,مؤسسة فيظه ضاري بن فنخير الظفيري للحوم الطازجة,,مؤسسة فيظه ضاري بن فنخير الظفيري للحوم الطازجة,الروضة,بلدية,بلدية الروضة,True,False,لا يوجد,,0,,,False,none,date_parsed_from_text,0,False
Data 2025.xlsx,6428,2025-07-15,2025-07,2025-W29,3,1,ubot-1040-r01,Ubot-1040-R01,مياه فلتر للعجانة م-ك,المياه الغير معبأة (Unbottled water),Unbottled water,المياه الغير معبأة (Unbottled water),water,اسواق ثمرة قوت,اسواق ثمرة قوت,,اسواق ثمرة قوت,الروضة,بلدية,بلدية الروضة,True,False,لا يوجد,,0,,,False,none,date_parsed_from_text,7,True
Data 2025.xlsx,6432,2025-07-16,2025-07,2025-W29,3,2,ubot-1041-r02,"Ubot-1041-R02
",مياه حنفية لغسيل الادوات,مياه فلتر للعجانة,,مياه فلتر للعجانة,water,ملحمة خبير الحاشي للحوم الطازجة,ملحمة خبير الحاشي للحوم الطازجة,,ملحمة خبير الحاشي للحوم الطازجة,الروضة,بلدية,بلدية الروضة,True,False,لا يوجد,,0,,,False,none,date_parsed_from_text,3,True
Data 2025.xlsx,6525,2025-07-19,2025-07,2025-W29,3,5,bot-0026-r02,"bot-0026-R02
",مياه حنفية لغسيل الادوات م-ك,المياه الغير معبأة (Unbottled water),Unbottled water,المياه الغير معبأة (Unbottled water),water,مؤسسة المنتج الشهي لتجارة,مؤسسة المنتج الشهي لتجارة,,مؤسسة المنتج الشهي لتجارة,الروضة,بلدية,بلدية الروضة,True,False,لا يوجد,,0,,,False,none,date_parsed_from_text,4,True
Data 2025.xlsx,6579,2025-07-20,2025-07,2025-W29,3,6,ubot-1043-r01,Ubot-1043-R01,مياه حنفية لغسيل الادوات,المياه الغير معبأة (Unbottled water),Unbottled water,المياه الغير معبأة (Unbottled water),water,ملحمة ركن حشو اليوم,ملحمة ركن حشو اليوم,,ملحمة ركن حشو اليوم,الروضة,بلدية,بلدية الروضة,True,False,لا يوجد,,0,,,False,none,date_parsed_from_text,0,False
Data 2025.xlsx,6632,2025-07-21,2025-07,2025-W30,3,0,ubot-1044-r01,Ubot-1044-R01 ,مياه حنفية لغسيل الادوات,المياه الغير معبأة (Unbottled water),Unbottled water,المياه الغير معبأة (Unbottled water),water,مؤسسة بيت السعادة للتجارة,مؤسسة بيت السعادة للتجارة,,مؤسسة بيت السعادة للتجارة,الروضة,بلدية,بلدية الروضة,True,False,لا يوجد,,0,,,False,none,date_parsed_from_text,0,False
Data 2025.xlsx,6690,2025-07-22,2025-07,2025-W30,3,1,ubot-1045-r01,Ubot-1045-R01,مياه حنفية لغسيل الادوات م.ك,المياه الغير معبأة (Unbottled water),Unbottled water,"""المياه الغير معبأة (Unbottled water)",water,ملحمة عبدالله احمد القحطاني للحوم الطازجة,ملحمة عبدالله احمد القحطاني للحوم الطازجة,,ملحمة عبدالله احمد القحطاني للحوم الطازجة,الروضة,بلدية,بلدية الروضة,True,False,لا يوجد,,0,,,False,none,category_merged_to_canonical|date_parsed_from_text,3,True
Data 2025.xlsx,6718,2025-07-23,2025-07,2025-W30,3,2,ubot-1046-r01,Ubot-1046-R01,مياه حنفية لغسيل الادوات,لحوم نيئة مبردة ومجمدة (Raw meat Cold or chilled ),Raw meat Cold or chilled,لحوم نيئة مبردة ومجمدة (Raw meat Cold or chilled ),raw_meat,مؤسسة عالم سدرة للحوم,مؤسسة عالم سدرة للحوم,,مؤسسة عالم سدرة للحوم,النسيم,بلدية,بلدية النسيم,True,False,لا يوجد,,0,,,False,none,date_parsed_from_text,0,False
Data 2025.xlsx,6838,2025-07-26,2025-07,2025-W30,3,5,ubot-1054-r01,Ubot-1054-R01,مياه حنفية لغسيل الادوات,المياه الغير معبأة (Unbottled water),Unbottled water,المياه الغير معبأة (Unbottled water),water,الجوهرة للحوم,الجوهرة للحوم,,الجوهرة للحوم,العزيزية,بلدية,بلدية العزيزية,True,False,لا يوجد,,0,,,False,none,date_parsed_from_text,0,False
Data 2025.xlsx,6839,2025-07-26,2025-07,2025-W30,3,5,ubot-1055-r01,Ubot-1055-R01,مياه حنفية لغسيل الادوات,المياه الغير معبأة (Unbottled water),Unbottled water,المياه الغير معبأة (Unbottled water),water,مؤسسه درة كواكب التجارية,مؤسسه درة كواكب التجارية,,مؤسسه درة كواكب التجارية,العزيزية,بلدية,بلدية العزيزية,True,False,لا يوجد,,0,,,False,none,date_parsed_from_text,0,False
Data 2025.xlsx,6984,2025-07-27,2025-07,2025-W30,3,6,ubot-1056-r01,Ubot-1056-R01,مياه غسيل الادوات,المياه الغير معبأة (Unbottled water),Unbottled water,المياه الغير معبأة (Unbottled water),water,شركة عهود قصر اللحوم التجارية,شركة عهود قصر اللحوم التجارية,,شركة عهود قصر اللحوم التجارية,النسيم,بلدية,بلدية النسيم,True,False,لا يوجد,,0,,,False,none,date_parsed_from_text,2,True
Data 2025.xlsx,6215,2025-08-07,2025-08,2025-W32,3,3,ubot-1031-r01,Ubot-1031-R01,مياه حنفية لغسيل الادوات,المياه الغير معبأة (Unbottled water),Unbottled water,المياه الغير معبأة (Unbottled water),water,برجر 777 - حي المصيف,برجر 777,حي المصيف,برجر 777 - حي المصيف,العليا,بلدية,بلدية العليا,False,True,كوليفورم | ايشيريشيا كولاي,كوليفورم | ايشيريشيا كولاي,2,ايشيريشيا كولاي,كوليفورم,True,pathogen,,3,True
Data 2025.xlsx,6216,2025-08-07,2025-08,2025-W32,3,3,ubot-1032-r01,Ubot-1032-R01,مياه فلتر لغسيل الادوات,المياه الغير معبأة (Unbottled water),Unbottled water,المياه الغير معبأة (Unbottled water),water,لفة الشيف - حي النخيل,لفة الشيف,حي النخيل,لفة الشيف - حي النخيل,العليا,بلدية,بلدية العليا,True,False,لا يوجد,,0,,,False,none,,7,True
Data 2025.xlsx,8387,2025-08-09,2025-08,2025-W32,3,5,ubot-1082-r01,Ubot-1082-R01,مياه لغسيل الادوات م-ك,المياه الغير معبأة (Unbottled water),Unbottled water,المياه الغير المعبأة (Unbottled water),water,القنديل الذهبي,القنديل الذهبي,,القنديل الذهبي,العليا,بلدية,بلدية العليا,True,False,لا يوجد,,0,,,False,none,category_merged_to_canonical,2,True
Data 2025.xlsx,7575,2025-08-13,2025-08,2025-W33,3,2,ubot-1065-r01,Ubot-1065-R01,مياه حنفية لغسيل المواشي,المياه الغير معبأة (Unbottled water),Unbottled water,المياه الغير معبأة (Unbottled water),water,شركة براري حاشي القصيم للتجارة,شركة براري حاشي القصيم للتجارة,,شركة براري حاشي القصيم للتجارة,العليا,بلدية,بلدية العليا,True,False,لا يوجد,,0,,,False,none,date_parsed_from_text,0,False
Data 2025.xlsx,7793,2025-08-20,2025-08,2025-W34,3,2,ubot-1068-r01,Ubot-1068-R01,مياه بدون فلتر لغسيل الادوات م ك,المياه الغير معبأة (Unbottled water),Unbottled water,المياه الغير المعبأة (Unbottled water),water,انعام المربع للحوم,انعام المربع للحوم,,انعام المربع للحوم,الملز,بلدية,بلدية الملز,True,False,لا يوجد,,0,,,False,none,category_merged_to_canonical|date_parsed_from_text,0,False
Data 2025.xlsx,7913,2025-08-24,2025-08,2025-W34,3,6,ubot-1069-r01,Ubot-1069-R01,مياه حنفية لغسيل الادوات,المياه الغير معبأة (Unbottled water),Unbottled water,المياه الغير معبأة (Unbottled water),water,جواد القصيم للتجارة,جواد القصيم للتجارة,,جواد القصيم للتجارة,العليا,بلدية,بلدية العليا,True,False,لا يوجد,,0,,,False,none,date_parsed_from_text,0,False
Data 2025.xlsx,7967,2025-08-25,2025-08,2025-W35,3,0,ubot-1070-r01,Ubot-1070-R01,مياه حنفية لغسيل الادوات م.ك,المياه الغير معبأة (Unbottled water),Unbottled water,المياه الغير معبأة (Unbottled water),water,متاجر الروشن,متاجر الروشن,,متاجر الروشن,العليا,بلدية,بلدية العليا,True,False,لا يوجد,,0,,,False,none,date_parsed_from_text,0,False
Data 2025.xlsx,7968,2025-08-25,2025-08,2025-W35,3,0,ubot-1071-r01,Ubot-1071-R01,مياه حنفية لغسيل الادوات م.ك (المخبز),المياه الغير معبأة (Unbottled water),Unbottled water,المياه الغير معبأة (Unbottled water),water,متاجر الروشن,متاجر الروشن,,متاجر الروشن,العليا,بلدية,بلدية العليا,True,False,لا يوجد,,0,,,False,none,date_parsed_from_text,0,False
Data 2025.xlsx,7969,2025-08-25,2025-08,2025-W35,3,0,ubot-1072-r01,Ubot-1072-R01,مياه مجهولة المصدر,المياه الغير معبأة (Unbottled water),Unbottled water,المياه الغير معبأة (Unbottled water),water,عينة خاصة,عينة خاصة,,عينة خاصة,عينة خاصة,خاص,عينة خاصة,False,True,كوليفورم,كوليفورم,1,,كوليفورم,False,indicator_only,date_parsed_from_text,1,False
Data 2025.xlsx,8024,2025-08-26,2025-08,2025-W35,3,1,ubot-1073-r01,Ubot-1073-R01,مياه غسل اللحم م-ك,المياه الغير معبأة (Unbottled water),Unbottled water,المياه الغير معبأة (Unbottled water),water,مؤسسة لحوم المدينة التجارية,مؤسسة لحوم المدينة التجارية,,مؤسسة لحوم المدينة التجارية,الشمال,بلدية,بلدية الشمال,True,False,لا يوجد,,0,,,False,none,date_parsed_from_text,0,False
Data 2025.xlsx,8025,2025-08-26,2025-08,2025-W35,3,1,ubot-1074-r01,Ubot-1074-R01,مياه حنفية لغسيل الادوات م-ك,المياه الغير معبأة (Unbottled water),Unbottled water,المياه الغير معبأة (Unbottled water),water,مؤسسة لحوم المدينة التجارية,مؤسسة لحوم المدينة التجارية,,مؤسسة لحوم المدينة التجارية,الشمال,بلدية,بلدية الشمال,True,False,لا يوجد,,0,,,False,none,date_parsed_from_text,0,False
Data 2025.xlsx,8031,2025-08-27,2025-08,2025-W35,3,2,ubot-1075-r01,Ubot-1075-R01,مياه حنفية لغسيل الادوات,المياه الغير معبأة (Unbottled water),Unbottled water,المياه الغير معبأة (Unbottled water),water,ملحمة عجول مزارعنا للحوم,ملحمة عجول مزارعنا للحوم,,ملحمة عجول مزارعنا للحوم,الملز,بلدية,بلدية الملز,True,False,لا يوجد,,0,,,False,none,date_parsed_from_text,5,True
Data 2025.xlsx,2798,2025-09-04,2025-09,2025-W36,3,3,ubot-0929-r01,Ubot-0929-R01,مياه حنفية غسيل الادوات,المياه الغير معبأة (Unbottled water),Unbottled water,المياه الغير معبأة (Unbottled water),water,لطيفه ناصر محمد الهديق بيع لحوم مبردة,لطيفه ناصر محمد الهديق بيع لحوم مبردة,,لطيفه ناصر محمد الهديق بيع لحوم مبردة,المعذر,بلدية,بلدية المعذر,True,False,لا يوجد,,0,,,False,none,,0,False
Data 2025.xlsx,6214,2025-09-07,2025-09,2025-W36,3,6,ubot-1030-r01,Ubot-1030-R01,مياه حنفية لغسيل الادوات,المياه الغير معبأة (Unbottled water),Unbottled water,المياه الغير معبأة (Unbottled water),water,مؤسسة معالي حمود حواس العنزي للحوم,مؤسسة معالي حمود حواس العنزي للحوم,,مؤسسة معالي حمود حواس العنزي للحوم,الروضة,بلدية,بلدية الروضة,True,False,لا يوجد,,0,,,False,none,,0,False
Data 2025.xlsx,6220,2025-09-07,2025-09,2025-W36,3,6,ubot-1033-r01,Ubot-1033-R01,مياه فلتر لغسيل الادوات,المياه الغير معبأة (Unbottled water),Unbottled water,المياه الغير معبأة (Unbottled water),water,مؤسسة بدور محمد عوض العمزي للحوم الطازجة,مؤسسة بدور محمد عوض العمزي للحوم الطازجة,,مؤسسة بدور محمد عوض العمزي للحوم الطازجة,الروضة,بلدية,بلدية الروضة,True,False,لا يوجد,,0,,,False,none,,0,False
Data 2025.xlsx,8503,2025-09-13,2025-09,2025-W37,3,5,ubot-1083-r01,Ubot-1083-R01,مياه لغسيل الادوات فلتر,المياه الغير معبأة (Unbottled water),Unbottled water,المياه الغير المعبأة (Unbottled water),water,موفي - حي جامعة الملك سعود,موفي,حي جامعة الملك سعود,موفي - حي جامعة الملك سعود,المعذر,بلدية,بلدية المعذر,True,False,لا يوجد,,0,,,False,none,category_merged_to_canonical|date_parsed_from_text,3,True
Data 2025.xlsx,8504,2025-09-13,2025-09,2025-W37,3,5,ubot-1084-r01,Ubot-1084-R01,مياه فلتر لغسيل الادوات م- ك,المياه الغير معبأة (Unbottled water),Unbottled water,المياه الغير المعبأة (Unbottled water),water,سولت - حي جامعة الملك سعود,سولت,حي جامعة الملك سعود,سولت - حي جامعة الملك سعود,المعذر,بلدية,بلدية المعذر,True,False,لا يوجد,,0,,,False,none,category_merged_to_canonical|date_parsed_from_text,4,True
Data 2025.xlsx,8624,2025-09-15,2025-09,2025-W38,3,0,ubot-1085-r01,Ubot-1085-R01,مياه فلتر لغسيل الادوات م-ك,المياه الغير معبأة (Unbottled water),Unbottled water,المياه الغير المعبأة (Unbottled water),water,كودو - حي القيروان,كودو,حي القيروان,كودو - حي القيروان,الشمال,بلدية,بلدية الشمال,True,False,لا يوجد,,0,,,False,none,category_merged_to_canonical|date_parsed_from_text,5,True
Data 2025.xlsx,8684,2025-09-16,2025-09,2025-W38,3,1,ubot-1086-r01,Ubot-1086-R01,مياه رقم 1 من خزان المرحلة الثالثة م-ك,المياه الغير معبأة (Unbottled water),Unbottled water,المياه الغير المعبأة (Unbottled water),water,عينة خاصة,عينة خاصة,,عينة خاصة,عينة خاصة,خاص,عينة خاصة,True,False,لا يوجد,,0,,,False,none,category_merged_to_canonical|date_parsed_from_text,1,False
Data 2025.xlsx,8685,2025-09-16,2025-09,2025-W38,3,1,ubot-1087-r01,Ubot-1087-R01,مياه رقم 2 الخزان الاحتياطي للمرحلة الثالثة م-ك,المياه الغير معبأة (Unbottled water),Unbottled water,المياه الغير المعبأة (Unbottled water),water,عينة خاصة,عينة خاصة,,عينة خاصة,عينة خاصة,خاص,عينة خاصة,True,False,لا يوجد,,0,,,False,none,category_merged_to_canonical|date_parsed_from_text,1,False
Data 2025.xlsx,8686,2025-09-16,2025-09,2025-W38,3,1,ubot-1088-r01,Ubot-1088-R01,مياه 3 الخزان الرائيسي للمرحلة الرابعة م-ك,المياه الغير معبأة (Unbottled water),Unbottled water,المياه الغير المعبأة (Unbottled water),water,عينة خاصة,عينة خاصة,,عينة خاصة,عينة خاصة,خاص,عينة خاصة,True,False,لا يوجد,,0,,,False,none,category_merged_to_canonical|date_parsed_from_text,1,False
Data 2025.xlsx,8682,2025-09-16,2025-09,2025-W38,3,1,ubot-1089-r01,Ubot-1089-R01,مياه للعجانة 1 م- ك,المياه الغير معبأة (Unbottled water),Unbottled water,المياه الغير المعبأة (Unbottled water),water,أسواق ورده سليمان صالح النهدى حي شبرا,أسواق ورده سليمان صالح النهدى حي شبرا,,أسواق ورده سليمان صالح النهدى حي شبرا,العريجاء,بلدية,بلدية العريجاء,False,True,سيدوموناس,سيدوموناس,1,,سيدوموناس,False,indicator_only,category_merged_to_canonical|date_parsed_from_text,20,True
Data 2025.xlsx,8683,2025-09-16,2025-09,2025-W38,3,1,ubot-1090-r01,Ubot-1090-R01,مياه للعجانة 2 م-ك,المياه الغير معبأة (Unbottled water),Unbottled water,المياه الغير المعبأة (Unbottled water),water,أسواق ورده سليمان صالح النهدى حي شبرا,أسواق ورده سليمان صالح النهدى حي شبرا,,أسواق ورده سليمان صالح النهدى حي شبرا,العريجاء,بلدية,بلدية العريجاء,True,False,لا يوجد,,0,,,False,none,category_merged_to_canonical|date_parsed_from_text,20,True
Data 2025.xlsx,8725,2025-09-20,2025-09,2025-W38,3,5,ubot-1091-r01,Ubot-1091-R01,مياه غسيل ادوات,المياه الغير معبأة (Unbottled water),Unbottled water,المياه الغير المعبأة (Unbottled water),water,شركه مطاعم ركن هاشم,شركه مطاعم ركن هاشم,,شركه مطاعم ركن هاشم,العليا,بلدية,بلدية العليا,True,False,لا يوجد,,0,,,False,none,category_merged_to_canonical|date_parsed_from_text,8,True
Data 2025.xlsx,8726,2025-09-20,2025-09,2025-W38,3,5,ubot-1092-r01,Ubot-1092-R01,مياه فلتر لغسيل الخضار,المياه الغير معبأة (Unbottled water),Unbottled water,المياه الغير المعبأة (Unbottled water),water,شركه مطاعم ركن هاشم,شركه مطاعم ركن هاشم,,شركه مطاعم ركن هاشم,العليا,بلدية,بلدية العليا,False,True,كوليفورم | ايشيريشيا كولاي | سيدوموناس,كوليفورم | ايشيريشيا كولاي | سيدوموناس,3,ايشيريشيا كولاي,كوليفورم | سيدوموناس,True,pathogen,category_merged_to_canonical|date_parsed_from_text,9,True
Data 2025.xlsx,8747,2025-09-21,2025-09,2025-W38,3,6,ubot-1093-r01,Ubot-1093-R01,مياه فلتر للطبخ م - ك,المياه الغير معبأة (Unbottled water),Unbottled water,المياه الغير المعبأة (Unbottled water),water,لابراسيري,لابراسيري,,لابراسيري,العليا,بلدية,بلدية العليا,True,False,لا يوجد,,0,,,False,none,category_merged_to_canonical|date_parsed_from_text,1,False
Data 2025.xlsx,8816,2025-09-27,2025-09,2025-W39,3,5,ubot-1094-r01,Ubot-1094-R01,مياه معباة للعجانة م- ك,المياه الغير معبأة (Unbottled water),Unbottled water,المياه الغير المعبأة (Unbottled water),water,شركة بندة للتجزئة - حي المصيف,شركة بندة للتجزئة,حي المصيف,شركة بندة للتجزئة - حي المصيف,العليا,بلدية,بلدية العليا,True,False,لا يوجد,,0,,,False,none,category_merged_to_canonical|date_parsed_from_text,9,True
Data 2025.xlsx,8817,2025-09-27,2025-09,2025-W39,3,5,ubot-1095-r01,Ubot-1095-R01,مياه غسيل ادوات م-ك,المياه المعبأة (Bottled water),Bottled water,المياه المعبأة (Bottled water),water,مطعم فلافل دام - حي المصيف,مطعم فلافل دام,حي المصيف,مطعم فلافل دام - حي المصيف,العليا,بلدية,بلدية العليا,True,False,لا يوجد,,0,,,False,none,date_parsed_from_text,2,True
Data 2025.xlsx,8846,2025-09-28,2025-09,2025-W39,3,6,ubot-1096-r01,Ubot-1096-R01,مياه لغسيل الادوات م- ك,المياه الغير معبأة (Unbottled water),Unbottled water,المياه الغير المعبأة (Unbottled water),water,ونق ستوب - حي الملك فهد,ونق ستوب,حي الملك فهد,ونق ستوب - حي الملك فهد,العليا,بلدية,بلدية العليا,True,False,لا يوجد,,0,,,False,none,category_merged_to_canonical|date_parsed_from_text,1,False
Data 2025.xlsx,8847,2025-09-28,2025-09,2025-W39,3,6,ubot-1097-r01,Ubot-1097-R01,مياه للطبخ م-ك,المياه الغير معبأة (Unbottled water),Unbottled water,المياه الغير المعبأة (Unbottled water),water,Vera ltalia - حي الملك فهد,Vera ltalia,حي الملك فهد,Vera ltalia - حي الملك فهد,العليا,بلدية,بلدية العليا,True,False,لا يوجد,,0,,,False,none,category_merged_to_canonical|date_parsed_from_text,5,True
Data 2025.xlsx,8897,2025-09-29,2025-09,2025-W40,3,0,ubot-1098-r01,Ubot-1098-R01,مياه طبخ فلتر م-ك,العصائر الطازجة Un-pasteurized juices (fresh),fresh,العصائر الطازجة Un-pasteurized juices (fresh),beverage,باتشي - برج الفيصلية -حي العليا,باتشي,برج الفيصلية -حي العليا,باتشي - برج الفيصلية -حي العليا,العليا,بلدية,بلدية العليا,True,False,لا يوجد,,0,,,False,none,date_parsed_from_text,1,False
Data 2025.xlsx,8948,2025-09-30,2025-09,2025-W40,3,1,ubot-1099-r01,Ubot-1099-R01,مياه فلتر لغسيل الادوات م ك,المياه الغير معبأة (Unbottled water),Unbottled water,المياه الغير المعبأة (Unbottled water),water,ليالي العراق,ليالي العراق,,ليالي العراق,العليا,بلدية,بلدية العليا,True,False,لا يوجد,,0,,,False,none,category_merged_to_canonical|date_parsed_from_text,26,True
Data 2025.xlsx,8997,2025-10-04,2025-10,2025-W40,4,5,ubot-1100-r01,Ubot-1100-R01,مياه غسيل ادوات لجميع الفروع,المياه الغير معبأة (Unbottled water),Unbottled water,المياه الغير المعبأة (Unbottled water),water,شركة النحلات الثلاثة الفندقية مساهمة مقفلة - حي الملك فهد,شركة النحلات الثلاثة الفندقية مساهمة مقفلة,حي الملك فهد,شركة النحلات الثلاثة الفندقية مساهمة مقفلة - حي الملك فهد,العليا,بلدية,بلدية العليا,True,False,لا يوجد,,0,,,False,none,category_merged_to_canonical,16,True
Data 2025.xlsx,8998,2025-10-04,2025-10,2025-W40,4,5,ubot-1101-r01,Ubot-1101-R01,مياه غسيل ارضيات,المياه الغير معبأة (Unbottled water),Unbottled water,المياه الغير المعبأة (Unbottled water),water,شركة النحلات الثلاثة الفندقية مساهمة مقفلة - حي الملك فهد,شركة النحلات الثلاثة الفندقية مساهمة مقفلة,حي الملك فهد,شركة النحلات الثلاثة الفندقية مساهمة مقفلة - حي الملك فهد,العليا,بلدية,بلدية العليا,True,False,لا يوجد,,0,,,False,none,category_merged_to_canonical,16,True
Data 2025.xlsx,4184,2025-10-05,2025-10,2025-W40,4,6,ubot-0966-r01,Ubot-0966-R01,مياه حنفية لغسيل الادوات,المياه الغير معبأة (Unbottled water),Unbottled water,المياه الغير معبأة (Unbottled water),water,ملحمة عريت دمشق,ملحمة عريت دمشق,,ملحمة عريت دمشق,الشمال,بلدية,بلدية الشمال,True,False,لا يوجد,,0,,,False,none,,0,False
Data 2025.xlsx,9029,2025-10-05,2025-10,2025-W40,4,6,ubot-1102-r01,Ubot-1102-R01,مياه لتغسيل الادوات م ك,المياه الغير معبأة (Unbottled water),Unbottled water,المياه الغير المعبأة (Unbottled water),water,مطاعم كوخ فلفلة - حي السليمانية,مطاعم كوخ فلفلة,حي السليمانية,مطاعم كوخ فلفلة - حي السليمانية,العليا,بلدية,بلدية العليا,True,False,لا يوجد,,0,,,False,none,category_merged_to_canonical,7,True
Data 2025.xlsx,9089,2025-10-07,2025-10,2025-W41,4,1,ubot-1103-r01,Ubot-1103-R01,مياه فلتر م - ك,المياه الغير معبأة (Unbottled water),Unbottled water,المياه الغير المعبأة (Unbottled water),water,بلانت دونت للحلويات - حي السليمانية,بلانت دونت للحلويات,حي السليمانية,بلانت دونت للحلويات - حي السليمانية,العليا,بلدية,بلدية العليا,False,True,سيدوموناس,سيدوموناس,1,,سيدوموناس,False,indicator_only,category_merged_to_canonical,1,False
Data 2025.xlsx,9107,2025-10-08,2025-10,2025-W41,4,2,ubot-1104-r01,Ubot-1104-R01,مياه لغسيل الادوات م ك,المياه الغير معبأة (Unbottled water),Unbottled water,المياه الغير المعبأة (Unbottled water),water,مطعم وردة,مطعم وردة,,مطعم وردة,المعذر,بلدية,بلدية المعذر,True,False,لا يوجد,,0,,,False,none,category_merged_to_canonical,5,True
Data 2025.xlsx,9126,2025-10-11,2025-10,2025-W41,4,5,ubot-1105-r01,Ubot-1105-R01,مياه لغسيل الادوات م- ك,المياه الغير معبأة (Unbottled water),Unbottled water,المياه الغير المعبأة (Unbottled water),water,مطعم فوركليفت - سويس باتر - حي الملك فهد,مطعم فوركليفت,سويس باتر - حي الملك فهد,مطعم فوركليفت - سويس باتر - حي الملك فهد,العليا,بلدية,بلدية العليا,True,False,لا يوجد,,0,,,False,none,category_merged_to_canonical,0,False
Data 2025.xlsx,9149,2025-10-11,2025-10,2025-W41,4,5,ubot-1106-r01,Ubot-1106-R01,مياه لغسيل الادوات م - ك,المياه الغير معبأة (Unbottled water),Unbottled water,المياه الغير المعبأة (Unbottled water),water,ناندوز - حي الملك فهد,ناندوز,حي الملك فهد,ناندوز - حي الملك فهد,العليا,بلدية,بلدية العليا,True,False,لا يوجد,,0,,,False,none,category_merged_to_canonical,1,False
Data 2025.xlsx,9209,2025-10-12,2025-10,2025-W41,4,6,ubot-1107-r01,Ubot-1107-R01,مياه فلتر للعجانة م ك,المياه الغير معبأة (Unbottled water),Unbottled water,المياه الغير المعبأة (Unbottled water),water,اسواق التين المركزية,اسواق التين المركزية,,اسواق التين المركزية,الشمال,بلدية,بلدية الشمال,True,True,كوليفورم | سيدوموناس,كوليفورم | سيدوموناس,2,,كوليفورم | سيدوموناس,False,indicator_only,category_merged_to_canonical|validity_says_valid_but_has_failures,7,True
Data 2025.xlsx,9228,2025-10-13,2025-10,2025-W42,4,0,ubot-1108-r01,Ubot-1108-R01,مياه فلتر لغسيل البطاطس م ك,المياه الغير معبأة (Unbottled water),Unbottled water,المياه الغير المعبأة (Unbottled water),water,فايف جايز - حي الربيع,فايف جايز,حي الربيع,فايف جايز - حي الربيع,الشمال,بلدية,بلدية الشمال,True,False,لا يوجد,,0,,,False,none,category_merged_to_canonical,0,False
Data 2025.xlsx,9283,2025-10-13,2025-10,2025-W42,4,0,ubot-1109-r01,Ubot-1109-R01,مياه فلتر لغسيل البطاطس م ك,المياه الغير معبأة (Unbottled water),Unbottled water,المياه الغير المعبأة (Unbottled water),water,فايف جايز - حي الربيع,فايف جايز,حي الربيع,فايف جايز - حي الربيع,الشمال,بلدية,بلدية الشمال,True,False,لا يوجد,,0,,,False,none,category_merged_to_canonical,2,True
Data 2025.xlsx,9343,2025-10-14,2025-10,2025-W42,4,1,ubot-1111-r01,Ubot-1111-R01,مياه فلتر للطبخ م ك,المياه الغير معبأة (Unbottled water),Unbottled water,المياه الغير المعبأة (Unbottled water),water,فيلا بيروت - الربيع,فيلا بيروت,الربيع,فيلا بيروت - الربيع,الشمال,بلدية,بلدية الشمال,False,True,كوليفورم | ايشيريشيا كولاي | سيدوموناس,كوليفورم | ايشيريشيا كولاي | سيدوموناس,3,ايشيريشيا كولاي,كوليفورم | سيدوموناس,True,pathogen,category_merged_to_canonical,10,True
Data 2025.xlsx,9440,2025-10-19,2025-10,2025-W42,4,6,ubot-1112-r01,Ubot-1112-R01,مياه لغسيل الادوات م-ك,المياه الغير معبأة (Unbottled water),Unbottled water,المياه الغير المعبأة (Unbottled water),water,مطعم نور الهناء - حي الياسمين,مطعم نور الهناء,حي الياسمين,مطعم نور الهناء - حي الياسمين,الشمال,بلدية,بلدية الشمال,False,True,كوليفورم | ايشيريشيا كولاي,كوليفورم | ايشيريشيا كولاي,2,ايشيريشيا كولاي,كوليفورم,True,pathogen,category_merged_to_canonical,16,True
Data 2025.xlsx,9445,2025-10-19,2025-10,2025-W42,4,6,ubot-1116-r01,Ubot-1116-R01,مياه حنفية الشؤون الفنية خاصة ح,المياه الغير معبأة (Unbottled water),Unbottled water,المياه الغير المعبأة (Unbottled water),water,عينة خاصة,عينة خاصة,,عينة خاصة,عينة خاصة,خاص,( Private Sample) عينة خاصة,True,False,لا يوجد,,0,,,False,none,category_merged_to_canonical,1,False
Data 2025.xlsx,9446,2025-10-19,2025-10,2025-W42,4,6,ubot-1117-r01,Ubot-1117-R01,مياه حنفية الشؤون الفنية خاصة ص,المياه الغير معبأة (Unbottled water),Unbottled water,المياه الغير المعبأة (Unbottled water),water,عينة خاصة,عينة خاصة,,عينة خاصة,عينة خاصة,خاص,( Private Sample) عينة خاصة,True,False,لا يوجد,,0,,,False,none,category_merged_to_canonical,1,False
Data 2025.xlsx,9531,2025-10-20,2025-10,2025-W43,4,0,bot-0028-r01,bot-0028-R01,مياه خاصة شرب هنا م (م.ك),المياه المعبأة (Bottled water),Bottled water,المياه المعبأة (Bottled water),water,عينة خاصة,عينة خاصة,,عينة خاصة,عينة خاصة,خاص,( Private Sample) عينة خاصة,True,False,لا يوجد,,0,,,False,none,,2,True
Data 2025.xlsx,9493,2025-10-20,2025-10,2025-W43,4,0,ubot-1120-r01,Ubot-1120-R01,مياه لغسيل الادوات ك -م,المياه الغير معبأة (Unbottled water),Unbottled water,المياه الغير المعبأة (Unbottled water),water,اسواق و مخابز مثمرة - حي الربيع,اسواق و مخابز مثمرة,حي الربيع,اسواق و مخابز مثمرة - حي الربيع,الشمال,بلدية,بلدية الشمال,True,False,لا يوجد,,0,,,False,none,category_merged_to_canonical,0,False
Data 2025.xlsx,9514,2025-10-20,2025-10,2025-W43,4,0,ubot-1121-r01,Ubot-1121-R01,مياه خاصة م، ع، 7 (م.ك),المياه الغير معبأة (Unbottled water),Unbottled water,المياه الغير المعبأة (Unbottled water),water,عينة خاصة,عينة خاصة,,عينة خاصة,عينة خاصة,خاص,( Private Sample) عينة خاصة,True,False,لا يوجد,,0,,,False,none,category_merged_to_canonical,1,False
Data 2025.xlsx,9515,2025-10-20,2025-10,2025-W43,4,0,ubot-1122-r01,Ubot-1122-R01,مياه خاصة غسيل المستوصف م، م (م.ك),المياه الغير معبأة (Unbottled water),Unbottled water,المياه الغير المعبأة (Unbottled water),water,عينة خاصة,عينة خاصة,,عينة خاصة,عينة خاصة,خاص,( Private Sample) عينة خاصة,True,False,لا يوجد,,0,,,False,none,category_merged_to_canonical,1,False
Data 2025.xlsx,9516,2025-10-20,2025-10,2025-W43,4,0,ubot-1123-r01,Ubot-1123-R01,مياه خاصة الشؤون الفنية م (م.ك),المياه الغير معبأة (Unbottled water),Unbottled water,المياه الغير المعبأة (Unbottled water),water,عينة خاصة,عينة خاصة,,عينة خاصة,عينة خاصة,خاص,( Private Sample) عينة خاصة,True,False,لا يوجد,,0,,,False,none,category_merged_to_canonical,1,False
Data 2025.xlsx,9517,2025-10-20,2025-10,2025-W43,4,0,ubot-1124-r01,Ubot-1124-R01,مياه خاصة خزان المرحلة الاولى م (م.ك),المياه الغير معبأة (Unbottled water),Unbottled water,المياه الغير المعبأة (Unbottled water),water,عينة خاصة,عينة خاصة,,عينة خاصة,عينة خاصة,خاص,( Private Sample) عينة خاصة,True,False,لا يوجد,,0,,,False,none,category_merged_to_canonical,1,False
Data 2025.xlsx,9518,2025-10-20,2025-10,2025-W43,4,0,ubot-1125-r01,Ubot-1125-R01,مياه خاصة خزان الاحتياطي م (م.ك),المياه الغير معبأة (Unbottled water),Unbottled water,المياه الغير المعبأة (Unbottled water),water,عينة خاصة,عينة خاصة,,عينة خاصة,عينة خاصة,خاص,( Private Sample) عينة خاصة,False,True,كوليفورم | ايشيريشيا كولاي | سيدوموناس,كوليفورم | ايشيريشيا كولاي | سيدوموناس,3,ايشيريشيا كولاي,كوليفورم | سيدوموناس,True,pathogen,category_merged_to_canonical,2,True
Data 2025.xlsx,9519,2025-10-20,2025-10,2025-W43,4,0,ubot-1126-r01,Ubot-1126-R01,مياه خاصة لغسيل الرز م (م.ك),المياه الغير معبأة (Unbottled water),Unbottled water,المياه الغير المعبأة (Unbottled water),water,عينة خاصة,عينة خاصة,,عينة خاصة,عينة خاصة,خاص,( Private Sample) عينة خاصة,True,False,لا يوجد,,0,,,False,none,category_merged_to_canonical,2,True
Data 2025.xlsx,9520,2025-10-20,2025-10,2025-W43,4,0,ubot-1127-r01,Ubot-1127-R01,مياه خاصة حنفية للطبخ م (م.ك),المياه الغير معبأة (Unbottled water),Unbottled water,المياه الغير المعبأة (Unbottled water),water,عينة خاصة,عينة خاصة,,عينة خاصة,عينة خاصة,خاص,( Private Sample) عينة خاصة,True,False,لا يوجد,,0,,,False,none,category_merged_to_canonical,2,True
Data 2025.xlsx,9521,2025-10-20,2025-10,2025-W43,4,0,ubot-1128-r01,Ubot-1128-R01,مياه خاصة شرب هنا م (م.ك),المياه الغير معبأة (Unbottled water),Unbottled water,المياه الغير المعبأة (Unbottled water),water,عينة خاصة,عينة خاصة,,عينة خاصة,عينة خاصة,خاص,( Private Sample) عينة خاصة,True,False,لا يوجد,,0,,,False,none,category_merged_to_canonical,2,True
Data 2025.xlsx,9522,2025-10-20,2025-10,2025-W43,4,0,ubot-1129-r01,Ubot-1129-R01,مياه خاصة خزان اساسي مرحلة اولى ن (م.ك),المياه الغير معبأة (Unbottled water),Unbottled water,المياه الغير المعبأة (Unbottled water),water,عينة خاصة,عينة خاصة,,عينة خاصة,عينة خاصة,خاص,( Private Sample) عينة خاصة,True,False,لا يوجد,,0,,,False,none,category_merged_to_canonical,2,True
Data 2025.xlsx,9523,2025-10-20,2025-10,2025-W43,4,0,ubot-1130-r01,Ubot-1130-R01,مياه خاصة حنفية للطبخ ن (م.ك),المياه الغير معبأة (Unbottled water),Unbottled water,المياه الغير المعبأة (Unbottled water),water,عينة خاصة,عينة خاصة,,عينة خاصة,عينة خاصة,خاص,( Private Sample) عينة خاصة,True,False,لا يوجد,,0,,,False,none,category_merged_to_canonical,2,True
Data 2025.xlsx,9524,2025-10-20,2025-10,2025-W43,4,0,ubot-1131-r01,Ubot-1131-R01,مياه خاصة حنفية لغسيل الخضار والفواكه ن (م.ك),المياه الغير معبأة (Unbottled water),Unbottled water,المياه الغير المعبأة (Unbottled water),water,عينة خاصة,عينة خاصة,,عينة خاصة,عينة خاصة,خاص,( Private Sample) عينة خاصة,True,False,لا يوجد,,0,,,False,none,category_merged_to_canonical,2,True
Data 2025.xlsx,9525,2025-10-20,2025-10,2025-W43,4,0,ubot-1132-r01,Ubot-1132-R01,مياه خاصة لدورات المياه ن، ع، ج2، 4 (م.ك),المياه الغير معبأة (Unbottled water),Unbottled water,المياه الغير المعبأة (Unbottled water),water,عينة خاصة,عينة خاصة,,عينة خاصة,عينة خاصة,خاص,( Private Sample) عينة خاصة,True,False,لا يوجد,,0,,,False,none,category_merged_to_canonical,2,True
Data 2025.xlsx,9526,2025-10-20,2025-10,2025-W43,4,0,ubot-1133-r01,Ubot-1133-R01,مياه خاصة خزان اساسي مرحلة اولى ف (م.ك),المياه الغير معبأة (Unbottled water),Unbottled water,المياه الغير المعبأة (Unbottled water),water,عينة خاصة,عينة خاصة,,عينة خاصة,عينة خاصة,خاص,( Private Sample) عينة خاصة,True,False,لا يوجد,,0,,,False,none,category_merged_to_canonical,2,True
Data 2025.xlsx,9527,2025-10-20,2025-10,2025-W43,4,0,ubot-1134-r01,Ubot-1134-R01,مياه خاصة ج2، ف (م.ك),المياه الغير معبأة (Unbottled water),Unbottled water,المياه الغير المعبأة (Unbottled water),water,عينة خاصة,عينة خاصة,,عينة خاصة,عينة خاصة,خاص,( Private Sample) عينة خاصة,True,False,لا يوجد,,0,,,False,none,category_merged_to_canonical,2,True
Data 2025.xlsx,9528,2025-10-20,2025-10,2025-W43,4,0,ubot-1135-r01,Ubot-1135-R01,مياه خاصة شرطة عسكرية ج2، ف (م.ك),المياه الغير معبأة (Unbottled water),Unbottled water,المياه الغير المعبأة (Unbottled water),water,عينة خاصة,عينة خاصة,,عينة خاصة,عينة خاصة,خاص,( Private Sample) عينة خاصة,True,False,لا يوجد,,0,,,False,none,category_merged_to_canonical,2,True
Data 2025.xlsx,9529,2025-10-20,2025-10,2025-W43,4,0,ubot-1136-r01,Ubot-1136-R01,مياه خاصة حنفية للطبخ ف (م.ك),المياه الغير معبأة (Unbottled water),Unbottled water,المياه الغير المعبأة (Unbottled water),water,عينة خاصة,عينة خاصة,,عينة خاصة,عينة خاصة,خاص,( Private Sample) عينة خاصة,True,False,لا يوجد,,0,,,False,none,category_merged_to_canonical,2,True
Data 2025.xlsx,9530,2025-10-20,2025-10,2025-W43,4,0,ubot-1137-r01,Ubot-1137-R01,مياه خاصة حنفية لغسيل الخضار ف (م.ك),المياه الغير معبأة (Unbottled water),Unbottled water,المياه الغير المعبأة (Unbottled water),water,عينة خاصة,عينة خاصة,,عينة خاصة,عينة خاصة,خاص,( Private Sample) عينة خاصة,True,False,لا يوجد,,0,,,False,none,category_merged_to_canonical,2,True
Data 2025.xlsx,9561,2025-10-21,2025-10,2025-W43,4,1,ubot-1138-r01,Ubot-1138-R01,مياه فلتر لغسيل الادوات,المياه الغير معبأة (Unbottled water),Unbottled water,المياه الغير المعبأة (Unbottled water),water,مطعم بابا بازل - حي السليمانية,مطعم بابا بازل,حي السليمانية,مطعم بابا بازل - حي السليمانية,العليا,بلدية,بلدية العليا,True,False,لا يوجد,,0,,,False,none,category_merged_to_canonical,8,True
Data 2025.xlsx,9578,2025-10-25,2025-10,2025-W43,4,5,ubot-1139-r01,Ubot-1139-R01,مياه طبخ من غير فلتر م - ك,المياه الغير معبأة (Unbottled water),Unbottled water,المياه الغير المعبأة (Unbottled water),water,مطاعم اوراق التوت - حي العريجاء,مطاعم اوراق التوت,حي العريجاء,مطاعم اوراق التوت - حي العريجاء,العريجاء,بلدية,بلدية العريجاء,True,False,لا يوجد,,0,,,False,none,category_merged_to_canonical,4,True
Data 2025.xlsx,9591,2025-10-25,2025-10,2025-W43,4,5,ubot-1140-r01,Ubot-1140-R01,مياه فلتر للطبخ م - ك,المياه الغير معبأة (Unbottled water),Unbottled water,المياه الغير المعبأة (Unbottled water),water,شرمب نيشن - حي النخيل,شرمب نيشن,حي النخيل,شرمب نيشن - حي النخيل,الشمال,بلدية,بلدية الشمال,True,False,لا يوجد,,0,,,False,none,category_merged_to_canonical,5,True
Data 2025.xlsx,9601,2025-10-26,2025-10,2025-W43,4,6,ubot-1141-r01,Ubot-1141-R01,مياه حنفية مبنى الادارة خاصة ع,المياه الغير معبأة (Unbottled water),Unbottled water,المياه الغير المعبأة (Unbottled water),water,عينة خاصة,عينة خاصة,,عينة خاصة,عينة خاصة,خاص,( Private Sample) عينة خاصة,True,False,لا يوجد,,0,,,False,none,category_merged_to_canonical,2,True
Data 2025.xlsx,9602,2025-10-26,2025-10,2025-W43,4,6,ubot-1142-r01,Ubot-1142-R01,مياه فلتر المركز الصحي خاصة ع,المياه الغير معبأة (Unbottled water),Unbottled water,المياه الغير المعبأة (Unbottled water),water,عينة خاصة,عينة خاصة,,عينة خاصة,عينة خاصة,خاص,( Private Sample) عينة خاصة,True,False,لا يوجد,,0,,,False,none,category_merged_to_canonical,2,True
Data 2025.xlsx,9603,2025-10-26,2025-10,2025-W43,4,6,ubot-1143-r01,Ubot-1143-R01,مياه حنفية ع 22 خاصة ع,المياه الغير معبأة (Unbottled water),Unbottled water,المياه الغير المعبأة (Unbottled water),water,عينة خاصة,عينة خاصة,,عينة خاصة,عينة خاصة,خاص,( Private Sample) عينة خاصة,True,False,لا يوجد,,0,,,False,none,category_merged_to_canonical,2,True
Data 2025.xlsx,9604,2025-10-26,2025-10,2025-W43,4,6,ubot-1144-r01,Ubot-1144-R01,مياه خزان رئيسي خاصة ع,المياه الغير معبأة (Unbottled water),Unbottled water,المياه الغير المعبأة (Unbottled water),water,عينة خاصة,عينة خاصة,,عينة خاصة,عينة خاصة,خاص,( Private Sample) عينة خاصة,True,False,لا يوجد,,0,,,False,none,category_merged_to_canonical,2,True
Data 2025.xlsx,9605,2025-10-26,2025-10,2025-W43,4,6,ubot-1145-r01,Ubot-1145-R01,مياه طبخ خاصة ع,المياه الغير معبأة (Unbottled water),Unbottled water,المياه الغير المعبأة (Unbottled water),water,عينة خاصة,عينة خاصة,,عينة خاصة,عينة خاصة,خاص,( Private Sample) عينة خاصة,True,False,لا يوجد,,0,,,False,none,category_merged_to_canonical,2,True
Data 2025.xlsx,9606,2025-10-26,2025-10,2025-W43,4,6,ubot-1146-r01,Ubot-1146-R01,مياه غسيل الدجاج خاصة ع,المياه الغير معبأة (Unbottled water),Unbottled water,المياه الغير المعبأة (Unbottled water),water,عينة خاصة,عينة خاصة,,عينة خاصة,عينة خاصة,خاص,( Private Sample) عينة خاصة,True,False,لا يوجد,,0,,,False,none,category_merged_to_canonical,2,True
Data 2025.xlsx,9651,2025-10-26,2025-10,2025-W43,4,6,ubot-1147-r01,Ubot-1147-R01,مياه لغسيل الادوات م-ك,المياه الغير معبأة (Unbottled water),Unbottled water,المياه الغير المعبأة (Unbottled water),water,مطعم مشويات الذواق - حي المرسلات,مطعم مشويات الذواق,حي المرسلات,مطعم مشويات الذواق - حي المرسلات,الشمال,بلدية,بلدية الشمال,True,False,لا يوجد,,0,,,False,none,category_merged_to_canonical,7,True
Data 2025.xlsx,9655,2025-10-27,2025-10,2025-W44,4,0,ubot-1148-r01,Ubot-1148-R01,مياه خاصة حنفية خزان احتياط ن ، ن,المياه الغير معبأة (Unbottled water),Unbottled water,المياه الغير المعبأة (Unbottled water),water,عينة خاصة,عينة خاصة,,عينة خاصة,عينة خاصة,خاص,( Private Sample) عينة خاصة,True,False,لا يوجد,,0,,,False,none,category_merged_to_canonical,2,True
Data 2025.xlsx,9656,2025-10-27,2025-10,2025-W44,4,0,ubot-1149-r01,Ubot-1149-R01,مياه خاصة خزان رئيسي ن ، ن,المياه الغير معبأة (Unbottled water),Unbottled water,المياه الغير المعبأة (Unbottled water),water,عينة خاصة,عينة خاصة,,عينة خاصة,عينة خاصة,خاص,( Private Sample) عينة خاصة,True,False,لا يوجد,,0,,,False,none,category_merged_to_canonical,2,True
Data 2025.xlsx,9657,2025-10-27,2025-10,2025-W44,4,0,ubot-1150-r01,Ubot-1150-R01,مياه خاصة حنفية غسيل ع5 ، ن ، ن,المياه الغير معبأة (Unbottled water),Unbottled water,المياه الغير المعبأة (Unbottled water),water,عينة خاصة,عينة خاصة,,عينة خاصة,عينة خاصة,خاص,( Private Sample) عينة خاصة,True,False,لا يوجد,,0,,,False,none,category_merged_to_canonical,2,True
Data 2025.xlsx,9658,2025-10-27,2025-10,2025-W44,4,0,ubot-1151-r01,Ubot-1151-R01,مياه خاصة حنفية غسيل ع4 ، ن ، ن,المياه الغير معبأة (Unbottled water),Unbottled water,المياه الغير المعبأة (Unbottled water),water,عينة خاصة,عينة خاصة,,عينة خاصة,عينة خاصة,خاص,( Private Sample) عينة خاصة,True,False,لا يوجد,,0,,,False,none,category_merged_to_canonical,2,True
Data 2025.xlsx,9659,2025-10-27,2025-10,2025-W44,4,0,ubot-1152-r01,Ubot-1152-R01,مياه خاصة حنفية مطبخ الادارة ن ، ن,المياه الغير معبأة (Unbottled water),Unbottled water,المياه الغير المعبأة (Unbottled water),water,عينة خاصة,عينة خاصة,,عينة خاصة,عينة خاصة,خاص,( Private Sample) عينة خاصة,True,False,لا يوجد,,0,,,False,none,category_merged_to_canonical,2,True
Data 2025.xlsx,9660,2025-10-27,2025-10,2025-W44,4,0,ubot-1153-r01,Ubot-1153-R01,مياه خاصة حنفية للغسيل مكتب ح ، ن ، ن,المياه الغير معبأة (Unbottled water),Unbottled water,المياه الغير المعبأة (Unbottled water),water,عينة خاصة,عينة خاصة,,عينة خاصة,عينة خاصة,خاص,( Private Sample) عينة خاصة,True,False,لا يوجد,,0,,,False,none,category_merged_to_canonical,2,True
Data 2025.xlsx,9711,2025-10-28,2025-10,2025-W44,4,1,ubot-1154-r01,Ubot-1154-R01,مياه خاصة خزان احتياط ع ، ش,المياه الغير معبأة (Unbottled water),Unbottled water,المياه الغير المعبأة (Unbottled water),water,عينة خاصة,عينة خاصة,,عينة خاصة,عينة خاصة,خاص,( Private Sample) عينة خاصة,True,False,لا يوجد,,0,,,False,none,category_merged_to_canonical,2,True
Data 2025.xlsx,9712,2025-10-28,2025-10,2025-W44,4,1,ubot-1155-r01,Ubot-1155-R01,مياه خاصة حنفية للغسيل ج1 ، ع ، ش,المياه الغير معبأة (Unbottled water),Unbottled water,المياه الغير المعبأة (Unbottled water),water,عينة خاصة,عينة خاصة,,عينة خاصة,عينة خاصة,خاص,( Private Sample) عينة خاصة,True,False,لا يوجد,,0,,,False,none,category_merged_to_canonical,2,True
Data 2025.xlsx,9713,2025-10-28,2025-10,2025-W44,4,1,ubot-1156-r01,Ubot-1156-R01,مياه خاصة حنفية للغسيل ج4 ، ع ، ش,المياه الغير معبأة (Unbottled water),Unbottled water,المياه الغير المعبأة (Unbottled water),water,عينة خاصة,عينة خاصة,,عينة خاصة,عينة خاصة,خاص,( Private Sample) عينة خاصة,True,False,لا يوجد,,0,,,False,none,category_merged_to_canonical,2,True
Data 2025.xlsx,9714,2025-10-28,2025-10,2025-W44,4,1,ubot-1157-r01,Ubot-1157-R01,مياه خاصة حنفية للغسيل وحدة صحية ع ، ش,المياه الغير معبأة (Unbottled water),Unbottled water,المياه الغير المعبأة (Unbottled water),water,عينة خاصة,عينة خاصة,,عينة خاصة,عينة خاصة,خاص,( Private Sample) عينة خاصة,True,False,لا يوجد,,0,,,False,none,category_merged_to_canonical,2,True
Data 2025.xlsx,9715,2025-10-28,2025-10,2025-W44,4,1,ubot-1158-r01,Ubot-1158-R01,مياه خاصة حنفية للغسيل مكتبة ع ، ش,المياه الغير معبأة (Unbottled water),Unbottled water,المياه الغير المعبأة (Unbottled water),water,عينة خاصة,عينة خاصة,,عينة خاصة,عينة خاصة,خاص,( Private Sample) عينة خاصة,True,False,لا يوجد,,0,,,False,none,category_merged_to_canonical,2,True
Data 2025.xlsx,9716,2025-10-28,2025-10,2025-W44,4,1,ubot-1159-r01,Ubot-1159-R01,مياه خاصة حنفية للغسيل مطبخ مبنى الادارة ع ، ش,المياه الغير معبأة (Unbottled water),Unbottled water,المياه الغير المعبأة (Unbottled water),water,عينة خاصة,عينة خاصة,,عينة خاصة,عينة خاصة,خاص,( Private Sample) عينة خاصة,True,False,لا يوجد,,0,,,False,none,category_merged_to_canonical,2,True
Data 2025.xlsx,9717,2025-10-28,2025-10,2025-W44,4,1,ubot-1160-r01,Ubot-1160-R01,مياه خاصة حنفية للغسيل دورة مياه مبنى الادارة ع ، ش,المياه الغير معبأة (Unbottled water),Unbottled water,المياه الغير المعبأة (Unbottled water),water,عينة خاصة,عينة خاصة,,عينة خاصة,عينة خاصة,خاص,( Private Sample) عينة خاصة,True,False,لا يوجد,,0,,,False,none,category_merged_to_canonical,2,True
Data 2025.xlsx,9771,2025-11-01,2025-11,2025-W44,4,5,ubot-1161-r01,Ubot-1161-R01,مياه فلتر للطبخ م ك,المياه الغير معبأة (Unbottled water),Unbottled water,المياه الغير المعبأة (Unbottled water),water,مطعم بخاري نوره العنزي - حي حطين,مطعم بخاري نوره العنزي,حي حطين,مطعم بخاري نوره العنزي - حي حطين,الشمال,بلدية,بلدية الشمال,False,True,كوليفورم,كوليفورم,1,,كوليفورم,False,indicator_only,category_merged_to_canonical,1,False
Data 2025.xlsx,9865,2025-11-03,2025-11,2025-W45,4,0,ubot-1162-r01,Ubot-1162-R01,مياه فلتر للعجانة م ك,المياه الغير معبأة (Unbottled water),Unbottled water,المياه الغير المعبأة (Unbottled water),water,اسواق غلا الاقتصادية - حي العارض,اسواق غلا الاقتصادية,حي العارض,اسواق غلا الاقتصادية - حي العارض,الشمال,بلدية,بلدية الشمال,True,False,لا يوجد,,0,,,False,none,category_merged_to_canonical,9,True
Data 2025.xlsx,9900,2025-11-04,2025-11,2025-W45,4,1,ubot-1163-r01,Ubot-1163-R01,مياه فلتر للعجانة م ك,المياه الغير معبأة (Unbottled water),Unbottled water,المياه الغير المعبأة (Unbottled water),water,شركة جميراء الامارات - العارض,شركة جميراء الامارات,العارض,شركة جميراء الامارات - العارض,الشمال,بلدية,بلدية الشمال,False,True,كوليفورم | سيدوموناس,كوليفورم | سيدوموناس,2,,كوليفورم | سيدوموناس,False,indicator_only,category_merged_to_canonical,11,True
Data 2025.xlsx,4270,2025-11-05,2025-11,2025-W45,4,2,ubot-0967-r01,Ubot-0967-R01,مياه حنفية لغسيل الادوات,المياه الغير معبأة (Unbottled water),Unbottled water,المياه الغير معبأة (Unbottled water),water,ملحمه مؤسسة جود القصيم للتجارة,ملحمه مؤسسة جود القصيم للتجارة,,ملحمه مؤسسة جود القصيم للتجارة,الشمال,بلدية,بلدية الشمال,False,True,كوليفورم | ايشيريشيا كولاي,كوليفورم | ايشيريشيا كولاي,2,ايشيريشيا كولاي,كوليفورم,True,pathogen,,4,True
Data 2025.xlsx,4271,2025-11-05,2025-11,2025-W45,4,2,ubot-0968-r01,Ubot-0968-R01,مياه فلتر لطبخ,المياه الغير معبأة (Unbottled water),Unbottled water,المياه الغير معبأة (Unbottled water),water,الكوخ الكشري - حي اليرموك,الكوخ الكشري,حي اليرموك,الكوخ الكشري - حي اليرموك,الروضة,بلدية,بلدية الروضة,True,False,لا يوجد,,0,,,False,none,,0,False
Data 2025.xlsx,7501,2025-11-08,2025-11,2025-W45,4,5,ubot-1063-r01,Ubot-1063-R01,مياه حنفية لغسيل الادوات,المياه الغير معبأة (Unbottled water),Unbottled water,المياه الغير معبأة (Unbottled water),water,مؤسسة اللحمة الذهبية,مؤسسة اللحمة الذهبية,,مؤسسة اللحمة الذهبية,النسيم,بلدية,بلدية النسيم,True,False,لا يوجد,,0,,,False,none,,0,False
Data 2025.xlsx,10075,2025-11-10,2025-11,2025-W46,4,0,ubot-1164-r01,Ubot-1164-R01,مياه فلتر للطبخ م-ك,المياه الغير معبأة (Unbottled water),Unbottled water,المياه الغير المعبأة (Unbottled water),water,كباب امي للأكلات الشعبية - حي السليمانية,كباب امي للأكلات الشعبية,حي السليمانية,كباب امي للأكلات الشعبية - حي السليمانية,العليا,بلدية,بلدية العليا,False,True,كوليفورم | سيدوموناس,كوليفورم | سيدوموناس,2,,كوليفورم | سيدوموناس,False,indicator_only,category_merged_to_canonical,7,True
Data 2025.xlsx,10157,2025-11-11,2025-11,2025-W46,4,1,ubot-1165-r01,Ubot-1165-R01,مياه فلتر لغسيل الادوات م ك,المياه الغير معبأة (Unbottled water),Unbottled water,المياه الغير المعبأة (Unbottled water),water,فندق كورت يار الماريوت - حي المروج,فندق كورت يار الماريوت,حي المروج,فندق كورت يار الماريوت - حي المروج,العليا,بلدية,بلدية العليا,True,False,لا يوجد,,0,,,False,none,category_merged_to_canonical,15,True
Data 2025.xlsx,10230,2025-11-15,2025-11,2025-W46,4,5,ubot-1166-r01,Ubot-1166-R01,مياه فلتر طبخ م ك,المياه الغير معبأة (Unbottled water),Unbottled water,المياه الغير المعبأة (Unbottled water),water,هايبر الوفاء - حي الضباط,هايبر الوفاء,حي الضباط,هايبر الوفاء - حي الضباط,الملز,بلدية,بلدية الملز,True,False,لا يوجد,,0,,,False,none,category_merged_to_canonical,15,True
Data 2025.xlsx,10287,2025-11-16,2025-11,2025-W46,4,6,ubot-1167-r01,Ubot-1167-R01,مياه فلتر للطبخ م ك,المياه الغير معبأة (Unbottled water),Unbottled water,المياه الغير المعبأة (Unbottled water),water,فندق هوليدي ان - حي الازدهار,فندق هوليدي ان,حي الازدهار,فندق هوليدي ان - حي الازدهار,العليا,بلدية,بلدية العليا,True,False,لا يوجد,,0,,,False,none,category_merged_to_canonical,10,True
Data 2025.xlsx,10369,2025-11-17,2025-11,2025-W47,4,0,ubot-1168-r01,Ubot-1168-R01,مياه غسيل ادوات م - ك,المياه الغير معبأة (Unbottled water),Unbottled water,المياه الغير المعبأة (Unbottled water),water,خبيزة - حي الياسمين,خبيزة,حي الياسمين,خبيزة - حي الياسمين,الشمال,بلدية,بلدية الشمال,False,True,سيدوموناس,سيدوموناس,1,,سيدوموناس,False,indicator_only,category_merged_to_canonical,14,True
Data 2025.xlsx,10427,2025-11-22,2025-11,2025-W47,4,5,ubot-1169-r01,Ubot-1169-R01,مياه فلتر اعداد القهوة,المياه الغير معبأة (Unbottled water),Unbottled water,المياه الغير المعبأة (Unbottled water),water,مصدر الكافيين - شارع العليا العام,مصدر الكافيين,شارع العليا العام,مصدر الكافيين - شارع العليا العام,العليا,بلدية,بلدية العليا,True,False,لا يوجد,,0,,,False,none,category_merged_to_canonical,7,True
Data 2025.xlsx,10487,2025-11-23,2025-11,2025-W47,4,6,ubot-1170-r01,Ubot-1170-R01,مياه غسيل ادوات م ك,المياه الغير معبأة (Unbottled water),Unbottled water,المياه الغير المعبأة (Unbottled water),water,شمس الغذاء - حي العليا,شمس الغذاء,حي العليا,شمس الغذاء - حي العليا,العليا,بلدية,بلدية العليا,True,False,لا يوجد,,0,,,False,none,category_merged_to_canonical,4,True
Data 2025.xlsx,10543,2025-11-24,2025-11,2025-W48,4,0,ubot-1171-r01,Ubot-1171-R01,مياه فلتر للطبخ م ك,المياه الغير معبأة (Unbottled water),Unbottled water,المياه الغير المعبأة (Unbottled water),water,فندق سن تور واحة روتانا - حي المروج,فندق سن تور واحة روتانا,حي المروج,فندق سن تور واحة روتانا - حي المروج,وسط الرياض,قطاع,القطاع وسط الرياض,True,False,لا يوجد,,0,,,False,none,category_merged_to_canonical,7,True
Data 2025.xlsx,10603,2025-11-25,2025-11,2025-W48,4,1,sw-3782-r01,sw-3782-R01,مياه فلتر للعجانة م ك,(Swabs) المسحات,Swabs,(Swabs) المسحات,swab,مطعم هارموني - حي النخيل,مطعم هارموني,حي النخيل,مطعم هارموني - حي النخيل,وسط الرياض,قطاع,القطاع وسط الرياض,True,False,لا يوجد,,0,,,False,none,,5,True
Data 2025.xlsx,10614,2025-11-25,2025-11,2025-W48,4,1,ubot-1172-r01,Ubot-1172-R01,مياه فلتر للعجانة,المياه الغير معبأة (Unbottled water),Unbottled water,المياه الغير المعبأة (Unbottled water),water,مطعم هارموني - حي النخيل,مطعم هارموني,حي النخيل,مطعم هارموني - حي النخيل,وسط الرياض,قطاع,القطاع وسط الرياض,True,False,لا يوجد,,0,,,False,none,category_merged_to_canonical,5,True
Data 2025.xlsx,10651,2025-11-29,2025-11,2025-W48,4,5,ubot-1173-r01,Ubot-1173-R01,مياه فلتر م-ك,المياه الغير معبأة (Unbottled water),Unbottled water,المياه الغير المعبأة (Unbottled water),water,مرزام - حي النخيل,مرزام,حي النخيل,مرزام - حي النخيل,المعذر,بلدية,بلدية المعذر,True,False,لا يوجد,,0,,,False,none,category_merged_to_canonical,7,True
Data 2025.xlsx,10760,2025-11-30,2025-11,2025-W48,4,6,ubot-1174-r01,Ubot-1174-R01,مياه للغسيل بدون فلتر م ك,المياه الغير معبأة (Unbottled water),Unbottled water,المياه الغير المعبأة (Unbottled water),water,مطعم منصور الفراج - حي الربيع,مطعم منصور الفراج,حي الربيع,مطعم منصور الفراج - حي الربيع,الشمال,بلدية,بلدية الشمال,True,False,لا يوجد,,0,,,False,none,category_merged_to_canonical,13,True
Data 2025.xlsx,10780,2025-12-01,2025-12,2025-W49,4,0,ubot-1175-r01,Ubot-1175-R01,مياه فلتر فلتر قهوة م-ك,المياه الغير معبأة (Unbottled water),Unbottled water,المياه الغير المعبأة (Unbottled water),water,تنفس - حي الربيع,تنفس,حي الربيع,تنفس - حي الربيع,الشمال,بلدية,بلدية الشمال,True,False,لا يوجد,,0,,,False,none,category_merged_to_canonical,4,True
Data 2025.xlsx,10793,2025-12-01,2025-12,2025-W49,4,0,ubot-1177-r01,Ubot-1177-R01,مياه فلتر قهوة م-ك,المياه الغير معبأة (Unbottled water),Unbottled water,المياه الغير المعبأة (Unbottled water),water,مقهى فليم - حي الصحافة,مقهى فليم,حي الصحافة,مقهى فليم - حي الصحافة,الشمال,بلدية,بلدية الشمال,True,False,لا يوجد,,0,,,False,none,category_merged_to_canonical,5,True
Data 2025.xlsx,10875,2025-12-02,2025-12,2025-W49,4,1,ubot-1178-r01,Ubot-1178-R01,مياه فلتر للعجانة م - ك,المياه الغير معبأة (Unbottled water),Unbottled water,المياه الغير المعبأة (Unbottled water),water,اسواق سلة الواحة - حي الملك سلمان,اسواق سلة الواحة,حي الملك سلمان,اسواق سلة الواحة - حي الملك سلمان,العليا,بلدية,بلدية العليا,True,False,لا يوجد,,0,,,False,none,category_merged_to_canonical,14,True
Data 2025.xlsx,4359,2025-12-05,2025-12,2025-W49,4,4,ubot-0969-r01,Ubot-0969-R01,مياه حنفية لغسيل الادوات,المياه الغير معبأة (Unbottled water),Unbottled water,المياه الغير معبأة (Unbottled water),water,ملحمة كبش,ملحمة كبش,,ملحمة كبش,الشمال,بلدية,بلدية الشمال,True,False,لا يوجد,,0,,,False,none,,1,False
Data 2025.xlsx,4360,2025-12-05,2025-12,2025-W49,4,4,ubot-0970-r01,Ubot-0970-R01,مياه غسيل حنفية للادوات,المياه الغير معبأة (Unbottled water),Unbottled water,المياه الغير معبأة (Unbottled water),water,مطعم شارع حمزة - حي اليرموك,مطعم شارع حمزة,حي اليرموك,مطعم شارع حمزة - حي اليرموك,الروضة,بلدية,بلدية الروضة,True,False,لا يوجد,,0,,,False,none,,8,True
Data 2025.xlsx,10944,2025-12-06,2025-12,2025-W49,4,5,ubot-1179-r01,Ubot-1179-R01,مياه غسيل ادوات م-ك,المياه الغير معبأة (Unbottled water),Unbottled water,المياه الغير المعبأة (Unbottled water),water,مقهى حديقة ليمون - حي العليا,مقهى حديقة ليمون,حي العليا,مقهى حديقة ليمون - حي العليا,المعذر,بلدية,بلدية المعذر,True,False,لا يوجد,,0,,,False,none,category_merged_to_canonical,5,True
Data 2025.xlsx,6269,2025-12-07,2025-12,2025-W49,4,6,ubot-1034-r01,Ubot-1034-R01,مياه حنفية لغسيل الادوات,المياه الغير معبأة (Unbottled water),Unbottled water,المياه الغير معبأة (Unbottled water),water,حامد بن كريم بن مزيد العنزي لبيع اللحوم المبرده,حامد بن كريم بن مزيد العنزي لبيع اللحوم المبرده,,حامد بن كريم بن مزيد العنزي لبيع اللحوم المبرده,العزيزية,بلدية,بلدية العزيزية,True,False,لا يوجد,,0,,,False,none,,0,False
Data 2025.xlsx,6267,2025-12-07,2025-12,2025-W49,4,6,ubot-1035-r01,Ubot-1035-R01,مياه حنفية لغسيل الادوات,المياه الغير معبأة (Unbottled water),Unbottled water,المياه الغير معبأة (Unbottled water),water,شركة صوت المجال للمأكولات البحرية,شركة صوت المجال للمأكولات البحرية,,شركة صوت المجال للمأكولات البحرية,العزيزية,بلدية,بلدية العزيزية,True,False,لا يوجد,,0,,,False,none,,2,True
Data 2025.xlsx,6268,2025-12-07,2025-12,2025-W49,4,6,ubot-1036-r01,Ubot-1036-R01,مياه فلتر للمشروبات,المياه الغير معبأة (Unbottled water),Unbottled water,المياه الغير معبأة (Unbottled water),water,مقهى تولين لتقديم المشروبات,مقهى تولين لتقديم المشروبات,,مقهى تولين لتقديم المشروبات,العزيزية,بلدية,بلدية العزيزية,True,False,لا يوجد,,0,,,False,none,,2,True
Data 2025.xlsx,10953,2025-12-07,2025-12,2025-W49,4,6,ubot-1180-r01,Ubot-1180-R01,مياه فلتر للكافي م ك,المياه الغير معبأة (Unbottled water),Unbottled water,المياه الغير المعبأة (Unbottled water),water,مقهى سمار - حي المروج,مقهى سمار,حي المروج,مقهى سمار - حي المروج,العليا,بلدية,بلدية العليا,True,False,لا يوجد,,0,,,False,none,category_merged_to_canonical,2,True
Data 2025.xlsx,10994,2025-12-07,2025-12,2025-W49,4,6,ubot-1181-r01,Ubot-1181-R01,مياه فلتر للكافي م ك,المياه الغير معبأة (Unbottled water),Unbottled water,المياه الغير المعبأة (Unbottled water),water,امور لاونج - حي المروج,امور لاونج,حي المروج,امور لاونج - حي المروج,وسط الرياض,قطاع,القطاع وسط الرياض,True,False,لا يوجد,,0,,,False,none,category_merged_to_canonical,10,True
Data 2025.xlsx,7569,2025-12-08,2025-12,2025-W50,4,0,ubot-1064-r01,Ubot-1064-R01,مياه غسيل ادوات,ملحمة سماء القاهرة,,ملحمة سماء القاهرة,other,ملحمة سماء القاهرة,ملحمة سماء القاهرة,,ملحمة سماء القاهرة,النسيم,بلدية,بلدية النسيم,True,False,لا يوجد,,0,,,False,none,sample_type_unbucketed,4,True
Data 2025.xlsx,11024,2025-12-08,2025-12,2025-W50,4,0,ubot-1182-r01,Ubot-1182-R01,مياه فلتر للكافي م ك,المياه الغير معبأة (Unbottled water),Unbottled water,المياه الغير المعبأة (Unbottled water),water,جو اند ذا جوس - حي المحمدية,جو اند ذا جوس,حي المحمدية,جو اند ذا جوس - حي المحمدية,المعذر,بلدية,بلدية المعذر,True,False,لا يوجد,,0,,,False,none,category_merged_to_canonical,2,True
Data 2025.xlsx,11077,2025-12-09,2025-12,2025-W50,4,1,ubot-1183-r01,Ubot-1183-R01,مياه غسيل ادوات م-ك,المياه الغير معبأة (Unbottled water),Unbottled water,المياه الغير المعبأة (Unbottled water),water,مطعم انواع القهوة - حي العليا,مطعم انواع القهوة,حي العليا,مطعم انواع القهوة - حي العليا,المعذر,بلدية,بلدية المعذر,False,True,كوليفورم | ايشيريشيا كولاي | سيدوموناس,كوليفورم | ايشيريشيا كولاي | سيدوموناس,3,ايشيريشيا كولاي,كوليفورم | سيدوموناس,True,pathogen,category_merged_to_canonical,3,True
Data 2025.xlsx,11095,2025-12-09,2025-12,2025-W50,4,1,ubot-1184-r01,Ubot-1184-R01,مياه فلتر للكافي م-ك,المياه الغير معبأة (Unbottled water),Unbottled water,المياه الغير المعبأة (Unbottled water),water,الوعل البري - حي العليا,الوعل البري,حي العليا,الوعل البري - حي العليا,وسط الرياض,قطاع,القطاع وسط الرياض,False,True,كوليفورم | ايشيريشيا كولاي,كوليفورم | ايشيريشيا كولاي,2,ايشيريشيا كولاي,كوليفورم,True,pathogen,category_merged_to_canonical,2,True
Data 2025.xlsx,11147,2025-12-13,2025-12,2025-W50,4,5,ubot-1185-r01,Ubot-1185-R01,مياه فلتر لغسيل الادوات,المياه الغير معبأة (Unbottled water),Unbottled water,المياه الغير المعبأة (Unbottled water),water,هرفي - حي القيروان,هرفي,حي القيروان,هرفي - حي القيروان,الشمال,بلدية,بلدية الشمال,True,False,لا يوجد,,0,,,False,none,category_merged_to_canonical,3,True
Data 2025.xlsx,11206,2025-12-14,2025-12,2025-W50,4,6,ubot-1186-r01,Ubot-1186-R01,مياه فلتر للعجانة م - ك,المياه الغير معبأة (Unbottled water),Unbottled water,المياه الغير المعبأة (Unbottled water),water,اسواق فودز للمواد الغذائية - الملقا,اسواق فودز للمواد الغذائية,الملقا,اسواق فودز للمواد الغذائية - الملقا,الشمال,قطاع,قطاع الشمال,False,True,كوليفورم | ايشيريشيا كولاي,كوليفورم | ايشيريشيا كولاي,2,ايشيريشيا كولاي,كوليفورم,True,pathogen,category_merged_to_canonical,12,True
Data 2025.xlsx,11268,2025-12-15,2025-12,2025-W51,4,0,ubot-1187-r01,Ubot-1187-R01,مياه لغسيل الادوات م-ك,المياه الغير معبأة (Unbottled water),Unbottled water,المياه الغير المعبأة (Unbottled water),water,دوتس - حي المحمدية,دوتس,حي المحمدية,دوتس - حي المحمدية,المعذر,بلدية,بلدية المعذر,True,False,لا يوجد,,0,,,False,none,category_merged_to_canonical,1,False
Data 2025.xlsx,11275,2025-12-16,2025-12,2025-W51,4,1,ubot-1188-r01,Ubot-1188-R01,مياه غسيل الادوات,المياه الغير معبأة (Unbottled water),Unbottled water,المياه الغير المعبأة (Unbottled water),water,مقهى ليالي العدليب - حي الياسمين,مقهى ليالي العدليب,حي الياسمين,مقهى ليالي العدليب - حي الياسمين,الشمال,قطاع,قطاع الشمال,False,True,كوليفورم,كوليفورم,1,,كوليفورم,False,indicator_only,category_merged_to_canonical,1,False
Data 2025.xlsx,11361,2025-12-20,2025-12,2025-W51,4,5,ubot-1189-r01,Ubot-1189-R01,مياه فلتر للكافي م - ك,المياه الغير معبأة (Unbottled water),Unbottled water,المياه الغير المعبأة (Unbottled water),water,وودن كوفي - حي الملقا,وودن كوفي,حي الملقا,وودن كوفي - حي الملقا,الشمال,بلدية,بلدية الشمال,True,False,لا يوجد,,0,,,False,none,category_merged_to_canonical,3,True
Data 2025.xlsx,11362,2025-12-21,2025-12,2025-W51,4,6,ubot-1190-r01,Ubot-1190-R01,مياه فلتر لغسيل الادوات م ك,المياه الغير معبأة (Unbottled water),Unbottled water,المياه الغير المعبأة (Unbottled water),water,تايقر شوقر - الغدير,تايقر شوقر,الغدير,تايقر شوقر - الغدير,الشمال,بلدية,بلدية الشمال,True,False,لا يوجد,,0,,,False,none,category_merged_to_canonical,0,False
Data 2025.xlsx,11399,2025-12-22,2025-12,2025-W52,4,0,ubot-1191-r01,Ubot-1191-R01,مياه فلتر للكافي م-ك,المياه الغير معبأة (Unbottled water),Unbottled water,المياه الغير المعبأة (Unbottled water),water,كافي calibrated – حي المروج,كافي calibrated,حي المروج,كافي calibrated – حي المروج,وسط الرياض,قطاع,القطاع وسط الرياض,True,False,لا يوجد,,0,,,False,none,category_merged_to_canonical,0,False
Data 2025.xlsx,11407,2025-12-22,2025-12,2025-W52,4,0,ubot-1192-r01,Ubot-1192-R01,مياه فلتر للكافي م-ك,المياه الغير معبأة (Unbottled water),Unbottled water,المياه الغير المعبأة (Unbottled water),water,بيوند كاف – المروج,بيوند كاف,المروج,بيوند كاف – المروج,وسط الرياض,قطاع,القطاع وسط الرياض,True,False,لا يوجد,,0,,,False,none,category_merged_to_canonical,0,False
Data 2025.xlsx,11433,2025-12-23,2025-12,2025-W52,4,1,ubot-1193-r01,Ubot-1193-R01,مياه فلتر للكافي م-ك,المياه الغير معبأة (Unbottled water),Unbottled water,المياه الغير المعبأة (Unbottled water),water,مدساج - الغدير,مدساج,الغدير,مدساج - الغدير,الشمال,بلدية,بلدية الشمال,True,False,لا يوجد,,0,,,False,none,category_merged_to_canonical,3,True
Data 2025.xlsx,11472,2025-12-27,2025-12,2025-W52,4,5,ubot-1194-r01,Ubot-1194-R01,مياه فلتر للكافي م-ك,المياه الغير معبأة (Unbottled water),Unbottled water,المياه الغير المعبأة (Unbottled water),water,المنزل الحجري للحلويات - العقيق,المنزل الحجري للحلويات,العقيق,المنزل الحجري للحلويات - العقيق,الشمال,بلدية,بلدية الشمال,True,False,لا يوجد,,0,,,False,none,category_merged_to_canonical,0,False
Data 2025.xlsx,11502,2025-12-28,2025-12,2025-W52,4,6,ubot-1195-r01,Ubot-1195-R01,مياه فلتر للكافي م-ك,المياه الغير معبأة (Unbottled water),Unbottled water,المياه الغير المعبأة (Unbottled water),water,قهوة إراء المختصة - حطين,قهوة إراء المختصة,حطين,قهوة إراء المختصة - حطين,الشمال,قطاع,قطاع الشمال,True,False,لا يوجد,,0,,,False,none,category_merged_to_canonical,2,True
Data 2025.xlsx,11541,2025-12-29,2025-12,2026-W01,4,0,ubot-1196-r01,Ubot-1196-R01,مياه متحركة,المياه الغير معبأة (Unbottled water),Unbottled water,المياه الغير المعبأة (Unbottled water),water,عينة خاصة,عينة خاصة,,عينة خاصة,الحاير,بلدية,بلدية الحاير,False,True,كوليفورم | ايشيريشيا كولاي | سيدوموناس,كوليفورم | ايشيريشيا كولاي | سيدوموناس,3,ايشيريشيا كولاي,كوليفورم | سيدوموناس,True,pathogen,category_merged_to_canonical,2,True
Data 2025.xlsx,11542,2025-12-29,2025-12,2026-W01,4,0,ubot-1197-r01,Ubot-1197-R01,مياه راكدة,المياه الغير معبأة (Unbottled water),Unbottled water,المياه الغير المعبأة (Unbottled water),water,عينة خاصة,عينة خاصة,,عينة خاصة,الحاير,بلدية,بلدية الحاير,False,True,كوليفورم | ايشيريشيا كولاي,كوليفورم | ايشيريشيا كولاي,2,ايشيريشيا كولاي,كوليفورم,True,pathogen,category_merged_to_canonical,3,True
Data 2025.xlsx,11572,2025-12-30,2025-12,2026-W01,4,1,ubot-1198-r01,Ubot-1198-R01,مياه فلتر للشرب,المياه الغير معبأة (Unbottled water),Unbottled water,المياه الغير المعبأة (Unbottled water),water,مقهى اناقة البن - حي الغدير,مقهى اناقة البن,حي الغدير,مقهى اناقة البن - حي الغدير,الشمال,قطاع,قطاع الشمال,True,False,لا يوجد,,0,,,False,none,category_merged_to_canonical,0,False
