source_file,row_excel,sampling_date,year_month,iso_year_week,quarter,day_of_week,sample_id,sample_id_raw,sample_name,category_canonical,category_en,category_raw,sample_type,facility_name,facility_chain,facility_branch,facility_name_raw,municipality,municipality_type,municipality_raw,is_valid,is_failure,invalid_tests_raw,invalid_tests,n_failed_tests,failed_pathogens,failed_indicators,has_pathogen_failure,severity_tier,data_quality_flags,chain_invalid_count_90d,is_repeat_offender_90d
Data 2025.xlsx,9775,2025-11-01,2025-11,2025-W44,4,5,O-U-to-0714-R01,O-U-to-0714-R01,شرائح طماطم,الطماطم (Tomatoes),Tomatoes,الطماطم (Tomatoes),produce,ابوغسان - حي حطين,ابوغسان,حي حطين,ابوغسان - حي حطين,الشمال,بلدية,بلدية الشمال,True,False,لا يوجد,,0,,,False,none,,1,False
Data 2025.xlsx,9764,2025-11-01,2025-11,2025-W44,4,5,UU-ca-0132-R01,UU-ca-0132-R01,ملفوف,الملفوف (cabbage),cabbage,الملفوف (cabbage),produce,مطعم بخاري نوره العنزي - حي حطين,مطعم بخاري نوره العنزي,حي حطين,مطعم بخاري نوره العنزي - حي حطين,الشمال,بلدية,بلدية الشمال,True,False,لا يوجد,,0,,,False,none,,0,False
Data 2025.xlsx,9772,2025-11-01,2025-11,2025-W44,4,5,appe-0642-r01,Appe-0642-R01,حمص,مقبلات (Appetizers),Appetizers,مقبلات (Appetizers),prepared_meal,ابوغسان - حي حطين,ابوغسان,حي حطين,ابوغسان - حي حطين,الشمال,بلدية,بلدية الشمال,True,False,لا يوجد,,0,,,False,none,,0,False
Data 2025.xlsx,9779,2025-11-01,2025-11,2025-W44,4,5,appe-0643-r01,Appe-0643-R01,تبولة,مقبلات (Appetizers),Appetizers,مقبلات (Appetizers),prepared_meal,ابوغسان - حي حطين,ابوغسان,حي حطين,ابوغسان - حي حطين,الشمال,بلدية,بلدية الشمال,True,False,لا يوجد,,0,,,False,none,,1,False
Data 2025.xlsx,9760,2025-11-01,2025-11,2025-W44,4,5,cm-0139-r01,Cm-0139-R01,ايدام لحم,اللحوم المطبوخة (Cooked meat),Cooked meat,اللحوم المطبوخة (Cooked meat),cooked_meat_poultry,مطعم بخاري نوره العنزي - حي حطين,مطعم بخاري نوره العنزي,حي حطين,مطعم بخاري نوره العنزي - حي حطين,الشمال,بلدية,بلدية الشمال,True,False,لا يوجد,,0,,,False,none,,0,False
Data 2025.xlsx,9761,2025-11-01,2025-11,2025-W44,4,5,cm-0140-r01,Cm-0140-R01,لحم مفروم مع بطاطس,اللحوم المطبوخة (Cooked meat),Cooked meat,اللحوم المطبوخة (Cooked meat),cooked_meat_poultry,مطعم بخاري نوره العنزي - حي حطين,مطعم بخاري نوره العنزي,حي حطين,مطعم بخاري نوره العنزي - حي حطين,الشمال,بلدية,بلدية الشمال,True,False,لا يوجد,,0,,,False,none,,0,False
Data 2025.xlsx,9759,2025-11-01,2025-11,2025-W44,4,5,co-0633-r01,co-0633-R01,ايدام دجاج,الدجاج المطبوخ (Cooked chicken),Cooked chicken,الدجاج المطبوخ (Cooked chicken),cooked_meat_poultry,مطعم بخاري نوره العنزي - حي حطين,مطعم بخاري نوره العنزي,حي حطين,مطعم بخاري نوره العنزي - حي حطين,الشمال,بلدية,بلدية الشمال,True,False,لا يوجد,,0,,,False,none,,0,False
Data 2025.xlsx,9766,2025-11-01,2025-11,2025-W44,4,5,co-0634-r01,co-0634-R01,دجاج نص استواء,الدجاج المطبوخ (Cooked chicken),Cooked chicken,الدجاج المطبوخ (Cooked chicken),cooked_meat_poultry,مطعم بخاري نوره العنزي - حي حطين,مطعم بخاري نوره العنزي,حي حطين,مطعم بخاري نوره العنزي - حي حطين,الشمال,بلدية,بلدية الشمال,True,False,لا يوجد,,0,,,False,none,,0,False
Data 2025.xlsx,9753,2025-11-01,2025-11,2025-W44,4,5,gcv-0262-r01,GCV-0262-R01,مشكل خضار مطبوخ,الخضار المشوية و المطبوخة,,الخضار المشوية و المطبوخة,cooked_meat_poultry,مطعم بخاري نوره العنزي - حي حطين,مطعم بخاري نوره العنزي,حي حطين,مطعم بخاري نوره العنزي - حي حطين,الشمال,بلدية,بلدية الشمال,True,False,لا يوجد,,0,,,False,none,,0,False
Data 2025.xlsx,9754,2025-11-01,2025-11,2025-W44,4,5,gcv-0263-r01,GCV-0263-R01,مصقع باذنجان,الخضار المشوية و المطبوخة,,الخضار المشوية و المطبوخة,cooked_meat_poultry,مطعم بخاري نوره العنزي - حي حطين,مطعم بخاري نوره العنزي,حي حطين,مطعم بخاري نوره العنزي - حي حطين,الشمال,بلدية,بلدية الشمال,True,False,لا يوجد,,0,,,False,none,,0,False
Data 2025.xlsx,9755,2025-11-01,2025-11,2025-W44,4,5,gcv-0264-r01,GCV-0264-R01,ايدام بامية,الخضار المشوية و المطبوخة,,الخضار المشوية و المطبوخة,cooked_meat_poultry,مطعم بخاري نوره العنزي - حي حطين,مطعم بخاري نوره العنزي,حي حطين,مطعم بخاري نوره العنزي - حي حطين,الشمال,بلدية,بلدية الشمال,True,False,لا يوجد,,0,,,False,none,,0,False
Data 2025.xlsx,9757,2025-11-01,2025-11,2025-W44,4,5,gcv-0265-r01,GCV-0265-R01,ايدام سبانخ مع بطاطس,الخضار المشوية و المطبوخة,,الخضار المشوية و المطبوخة,cooked_meat_poultry,مطعم بخاري نوره العنزي - حي حطين,مطعم بخاري نوره العنزي,حي حطين,مطعم بخاري نوره العنزي - حي حطين,الشمال,بلدية,بلدية الشمال,True,False,لا يوجد,,0,,,False,none,,0,False
Data 2025.xlsx,9758,2025-11-01,2025-11,2025-W44,4,5,gcv-0266-r01,GCV-0266-R01,ايدام فاصوليا,الخضار المشوية و المطبوخة,,الخضار المشوية و المطبوخة,cooked_meat_poultry,مطعم بخاري نوره العنزي - حي حطين,مطعم بخاري نوره العنزي,حي حطين,مطعم بخاري نوره العنزي - حي حطين,الشمال,بلدية,بلدية الشمال,True,False,لا يوجد,,0,,,False,none,,0,False
Data 2025.xlsx,9776,2025-11-01,2025-11,2025-W44,4,5,gcv-0267-r01,GCV-0267-R01,زهرة مقلي,الخضار المشوية و المطبوخة,,الخضار المشوية و المطبوخة,cooked_meat_poultry,ابوغسان - حي حطين,ابوغسان,حي حطين,ابوغسان - حي حطين,الشمال,بلدية,بلدية الشمال,True,False,لا يوجد,,0,,,False,none,,1,False
Data 2025.xlsx,9777,2025-11-01,2025-11,2025-W44,4,5,gcv-0268-r01,GCV-0268-R01,قطع باذنجان مقلي,الخضار المشوية و المطبوخة,,الخضار المشوية و المطبوخة,cooked_meat_poultry,ابوغسان - حي حطين,ابوغسان,حي حطين,ابوغسان - حي حطين,الشمال,بلدية,بلدية الشمال,True,False,لا يوجد,,0,,,False,none,,1,False
Data 2025.xlsx,9778,2025-11-01,2025-11,2025-W44,4,5,gcv-0269-r01,GCV-0269-R01,قطع بطاطس مقلي,الخضار المشوية و المطبوخة,,الخضار المشوية و المطبوخة,cooked_meat_poultry,ابوغسان - حي حطين,ابوغسان,حي حطين,ابوغسان - حي حطين,الشمال,بلدية,بلدية الشمال,True,False,لا يوجد,,0,,,False,none,,1,False
Data 2025.xlsx,9780,2025-11-01,2025-11,2025-W44,4,5,gr-0219-r01,gr-0219-R01,ورق عنب,ورق عنب (Grape leaves),Grape leaves,ورق عنب (Grape leaves),produce,ابوغسان - حي حطين,ابوغسان,حي حطين,ابوغسان - حي حطين,الشمال,بلدية,بلدية الشمال,True,False,لا يوجد,,0,,,False,none,,1,False
Data 2025.xlsx,9756,2025-11-01,2025-11,2025-W44,4,5,len-0612-r01,Len-0612-R01,عدس مطبوخ,العدس (Lentil),Lentil,العدس (Lentil),produce,مطعم بخاري نوره العنزي - حي حطين,مطعم بخاري نوره العنزي,حي حطين,مطعم بخاري نوره العنزي - حي حطين,الشمال,بلدية,بلدية الشمال,True,False,لا يوجد,,0,,,False,none,,0,False
Data 2025.xlsx,9785,2025-11-01,2025-11,2025-W44,4,5,mola-0076-r01,mola-0076-R01,دبس رمان,( Molasses) دبس,Molasses,( Molasses) دبس,sauce_condiment,ابوغسان - حي حطين,ابوغسان,حي حطين,ابوغسان - حي حطين,الشمال,بلدية,بلدية الشمال,True,False,لا يوجد,,0,,,False,none,,4,True
Data 2025.xlsx,9774,2025-11-01,2025-11,2025-W44,4,5,pick-0573-r01,Pick-0573-R01,مخلل فجل مع خيار,المخلل (Pickle),Pickle,المخلل (Pickle),sauce_condiment,ابوغسان - حي حطين,ابوغسان,حي حطين,ابوغسان - حي حطين,الشمال,بلدية,بلدية الشمال,False,True,خمائر,الخمائر والاعفان,1,,الخمائر والاعفان,False,indicator_only,,1,False
Data 2025.xlsx,9789,2025-11-01,2025-11,2025-W44,4,5,po-0145-r01,po-0145-R01,كباب دجاج ني,الدجاج (Poultry),Poultry,الدجاج (Poultry),cooked_meat_poultry,ابوغسان - حي حطين,ابوغسان,حي حطين,ابوغسان - حي حطين,الشمال,بلدية,بلدية الشمال,False,True,العد الكلي للبكتيريا | استافيلوكوكس اورياس,العد الكلي للبكتيريا | استافيلوكوكس اورياس,2,استافيلوكوكس اورياس,العد الكلي للبكتيريا,True,pathogen,,7,True
Data 2025.xlsx,9790,2025-11-01,2025-11,2025-W44,4,5,raw-0521-r01,Raw-0521-R01,كباب لحم ني,لحوم مجمدة/ مبردة (Frozen/Chilled Raw meat ),Frozen/Chilled Raw meat,لحوم مجمدة/ مبردة (Frozen/Chilled Raw meat ),raw_meat,ابوغسان - حي حطين,ابوغسان,حي حطين,ابوغسان - حي حطين,الشمال,بلدية,بلدية الشمال,False,True,العد الكلي للبكتيريا | استافيلوكوكس اورياس,العد الكلي للبكتيريا | استافيلوكوكس اورياس,2,استافيلوكوكس اورياس,العد الكلي للبكتيريا,True,pathogen,,8,True
Data 2025.xlsx,9762,2025-11-01,2025-11,2025-W44,4,5,sal-1696-r01,Sal-1696-R01,سلطة حارة معلب,السلطة(Salad),Salad,السلطة(Salad),produce,مطعم بخاري نوره العنزي - حي حطين,مطعم بخاري نوره العنزي,حي حطين,مطعم بخاري نوره العنزي - حي حطين,الشمال,بلدية,بلدية الشمال,True,False,لا يوجد,,0,,,False,none,,0,False
Data 2025.xlsx,9763,2025-11-01,2025-11,2025-W44,4,5,sal-1697-r01,Sal-1697-R01,سلطة جرجير وبصل,السلطة(Salad),Salad,السلطة(Salad),produce,مطعم بخاري نوره العنزي - حي حطين,مطعم بخاري نوره العنزي,حي حطين,مطعم بخاري نوره العنزي - حي حطين,الشمال,بلدية,بلدية الشمال,True,False,لا يوجد,,0,,,False,none,,0,False
Data 2025.xlsx,9765,2025-11-01,2025-11,2025-W44,4,5,sal-1698-r01,Sal-1698-R01,سلطة حارة,السلطة(Salad),Salad,السلطة(Salad),produce,مطعم بخاري نوره العنزي - حي حطين,مطعم بخاري نوره العنزي,حي حطين,مطعم بخاري نوره العنزي - حي حطين,الشمال,بلدية,بلدية الشمال,True,False,لا يوجد,,0,,,False,none,,0,False
Data 2025.xlsx,9773,2025-11-01,2025-11,2025-W44,4,5,sal-1699-r01,Sal-1699-R01,سلطة خس بقدونس,السلطة(Salad),Salad,السلطة(Salad),produce,ابوغسان - حي حطين,ابوغسان,حي حطين,ابوغسان - حي حطين,الشمال,بلدية,بلدية الشمال,True,False,لا يوجد,,0,,,False,none,,0,False
Data 2025.xlsx,9781,2025-11-01,2025-11,2025-W44,4,5,sau-2638-r01,sau-2638-R01,صوص زبادي مع طحينة,صوص (sauce),sauce,صوص (sauce),sauce_condiment,ابوغسان - حي حطين,ابوغسان,حي حطين,ابوغسان - حي حطين,الشمال,بلدية,بلدية الشمال,False,True,الخمائر والاعفان,الخمائر والاعفان,1,,الخمائر والاعفان,False,indicator_only,,2,True
Data 2025.xlsx,9782,2025-11-01,2025-11,2025-W44,4,5,sau-2639-r01,sau-2639-R01,صوص طماطم,صوص (sauce),sauce,صوص (sauce),sauce_condiment,ابوغسان - حي حطين,ابوغسان,حي حطين,ابوغسان - حي حطين,الشمال,بلدية,بلدية الشمال,False,True,الخمائر والاعفان,الخمائر والاعفان,1,,الخمائر والاعفان,False,indicator_only,,3,True
Data 2025.xlsx,9783,2025-11-01,2025-11,2025-W44,4,5,sau-2640-r01,sau-2640-R01,صوص شكشوكة,صوص (sauce),sauce,صوص (sauce),sauce_condiment,ابوغسان - حي حطين,ابوغسان,حي حطين,ابوغسان - حي حطين,الشمال,بلدية,بلدية الشمال,True,False,لا يوجد,,0,,,False,none,,3,True
Data 2025.xlsx,9784,2025-11-01,2025-11,2025-W44,4,5,sau-2641-r01,sau-2641-R01,صوص بيستو,صوص (sauce),sauce,صوص (sauce),sauce_condiment,ابوغسان - حي حطين,ابوغسان,حي حطين,ابوغسان - حي حطين,الشمال,بلدية,بلدية الشمال,False,True,العد الكلي للبكتيريا | انتيروباكتريسي | الخمائر والاعفان,العد الكلي للبكتيريا | انتيروباكتريسي | الخمائر والاعفان,3,,العد الكلي للبكتيريا | انتيروباكتريسي | الخمائر والاعفان,False,indicator_only,,4,True
Data 2025.xlsx,9786,2025-11-01,2025-11,2025-W44,4,5,sau-2642-r01,sau-2642-R01,صوص شطة شيراشا,صوص (sauce),sauce,صوص (sauce),sauce_condiment,ابوغسان - حي حطين,ابوغسان,حي حطين,ابوغسان - حي حطين,الشمال,بلدية,بلدية الشمال,True,False,لا يوجد,,0,,,False,none,,4,True
Data 2025.xlsx,9787,2025-11-01,2025-11,2025-W44,4,5,sau-2643-r01,sau-2643-R01,صوص خضار مشوي,صوص (sauce),sauce,صوص (sauce),sauce_condiment,ابوغسان - حي حطين,ابوغسان,حي حطين,ابوغسان - حي حطين,الشمال,بلدية,بلدية الشمال,False,True,العد الكلي للبكتيريا | الخمائر والاعفان,العد الكلي للبكتيريا | الخمائر والاعفان,2,,العد الكلي للبكتيريا | الخمائر والاعفان,False,indicator_only,,5,True
Data 2025.xlsx,9788,2025-11-01,2025-11,2025-W44,4,5,sau-2644-r01,sau-2644-R01,صوص اعشاب خضراء,صوص (sauce),sauce,صوص (sauce),sauce_condiment,ابوغسان - حي حطين,ابوغسان,حي حطين,ابوغسان - حي حطين,الشمال,بلدية,بلدية الشمال,False,True,العد الكلي للبكتيريا,العد الكلي للبكتيريا,1,,العد الكلي للبكتيريا,False,indicator_only,,6,True
Data 2025.xlsx,9767,2025-11-01,2025-11,2025-W44,4,5,sw-3664-r01,sw-3664-R01,مسحة ادوات تقطيع,(Swabs) المسحات,Swabs,(Swabs) المسحات,swab,مطعم بخاري نوره العنزي - حي حطين,مطعم بخاري نوره العنزي,حي حطين,مطعم بخاري نوره العنزي - حي حطين,الشمال,بلدية,بلدية الشمال,True,False,لا يوجد,,0,,,False,none,,0,False
Data 2025.xlsx,9768,2025-11-01,2025-11,2025-W44,4,5,sw-3665-r01,sw-3665-R01,مسحة حافظة دجاج نص استواء,(Swabs) المسحات,Swabs,(Swabs) المسحات,swab,مطعم بخاري نوره العنزي - حي حطين,مطعم بخاري نوره العنزي,حي حطين,مطعم بخاري نوره العنزي - حي حطين,الشمال,بلدية,بلدية الشمال,True,False,لا يوجد,,0,,,False,none,,0,False
Data 2025.xlsx,9769,2025-11-01,2025-11,2025-W44,4,5,sw-3666-r01,sw-3666-R01,مسحة حافظة خبز,(Swabs) المسحات,Swabs,(Swabs) المسحات,swab,مطعم بخاري نوره العنزي - حي حطين,مطعم بخاري نوره العنزي,حي حطين,مطعم بخاري نوره العنزي - حي حطين,الشمال,بلدية,بلدية الشمال,True,False,لا يوجد,,0,,,False,none,,0,False
Data 2025.xlsx,9770,2025-11-01,2025-11,2025-W44,4,5,sw-3667-r01,sw-3667-R01,مسحة ثلاجة السلطات,(Swabs) المسحات,Swabs,(Swabs) المسحات,swab,مطعم بخاري نوره العنزي - حي حطين,مطعم بخاري نوره العنزي,حي حطين,مطعم بخاري نوره العنزي - حي حطين,الشمال,بلدية,بلدية الشمال,True,False,لا يوجد,,0,,,False,none,,0,False
Data 2025.xlsx,9791,2025-11-01,2025-11,2025-W44,4,5,sw-3668-r01,sw-3668-R01,مسحة ثلاجة,(Swabs) المسحات,Swabs,(Swabs) المسحات,swab,ابوغسان - حي حطين,ابوغسان,حي حطين,ابوغسان - حي حطين,الشمال,بلدية,بلدية الشمال,True,False,لا يوجد,,0,,,False,none,,8,True
Data 2025.xlsx,9792,2025-11-01,2025-11,2025-W44,4,5,sw-3669-r01,sw-3669-R01,مسحة ثلاجة,(Swabs) المسحات,Swabs,(Swabs) المسحات,swab,ابوغسان - حي حطين,ابوغسان,حي حطين,ابوغسان - حي حطين,الشمال,بلدية,بلدية الشمال,True,False,لا يوجد,,0,,,False,none,,8,True
Data 2025.xlsx,9793,2025-11-01,2025-11,2025-W44,4,5,sw-3670-r01,sw-3670-R01,مسحة ثلاجة,(Swabs) المسحات,Swabs,(Swabs) المسحات,swab,ابوغسان - حي حطين,ابوغسان,حي حطين,ابوغسان - حي حطين,الشمال,بلدية,بلدية الشمال,True,False,لا يوجد,,0,,,False,none,,8,True
Data 2025.xlsx,9771,2025-11-01,2025-11,2025-W44,4,5,ubot-1161-r01,Ubot-1161-R01,مياه فلتر للطبخ م ك,المياه الغير معبأة (Unbottled water),Unbottled water,المياه الغير المعبأة (Unbottled water),water,مطعم بخاري نوره العنزي - حي حطين,مطعم بخاري نوره العنزي,حي حطين,مطعم بخاري نوره العنزي - حي حطين,الشمال,بلدية,بلدية الشمال,False,True,كوليفورم,كوليفورم,1,,كوليفورم,False,indicator_only,category_merged_to_canonical,1,False
Data 2025.xlsx,9800,2025-11-02,2025-11,2025-W44,4,6,1-3674-R01,1-3674-R01,مربى مشمش,(jam) مربى,jam,(jam) مربى,sauce_condiment,اصايل الشام منتجات شامية - حي السليمانية,اصايل الشام منتجات شامية,حي السليمانية,اصايل الشام منتجات شامية - حي السليمانية,العليا,بلدية,بلدية العليا,True,False,لا يوجد,,0,,,False,none,,3,True
Data 2025.xlsx,9801,2025-11-02,2025-11,2025-W44,4,6,1-3675-R01,1-3675-R01,مربى تين,(jam) مربى,jam,(jam) مربى,sauce_condiment,اصايل الشام منتجات شامية - حي السليمانية,اصايل الشام منتجات شامية,حي السليمانية,اصايل الشام منتجات شامية - حي السليمانية,العليا,بلدية,بلدية العليا,True,False,لا يوجد,,0,,,False,none,,3,True
Data 2025.xlsx,9809,2025-11-02,2025-11,2025-W44,4,6,1-3676-R01,1-3676-R01,زعتر,الزعتر (thyme),thyme,الزعتر (thyme),produce,اصايل الشام منتجات شامية - حي السليمانية,اصايل الشام منتجات شامية,حي السليمانية,اصايل الشام منتجات شامية - حي السليمانية,العليا,بلدية,بلدية العليا,True,False,لا يوجد,,0,,,False,none,,6,True
Data 2025.xlsx,9805,2025-11-02,2025-11,2025-W44,4,6,OOSS-eg-0398-R01,OOSS-eg-0398-R01,مكدوس سوري,الباذنجان (eggplant),eggplant,الباذنجان (eggplant),dairy,اصايل الشام منتجات شامية - حي السليمانية,اصايل الشام منتجات شامية,حي السليمانية,اصايل الشام منتجات شامية - حي السليمانية,العليا,بلدية,بلدية العليا,False,True,اعفان,الخمائر والاعفان,1,,الخمائر والاعفان,False,indicator_only,,5,True
Data 2025.xlsx,9804,2025-11-02,2025-11,2025-W44,4,6,appe-0644-r01,Appe-0644-R01,حمص,مقبلات (Appetizers),Appetizers,مقبلات (Appetizers),prepared_meal,اصايل الشام منتجات شامية - حي السليمانية,اصايل الشام منتجات شامية,حي السليمانية,اصايل الشام منتجات شامية - حي السليمانية,العليا,بلدية,بلدية العليا,False,True,العد الكلي للبكتيريا,العد الكلي للبكتيريا,1,,العد الكلي للبكتيريا,False,indicator_only,,4,True
Data 2025.xlsx,9806,2025-11-02,2025-11,2025-W44,4,6,appe-0645-r01,Appe-0645-R01,محمرة,مقبلات (Appetizers),Appetizers,مقبلات (Appetizers),prepared_meal,اصايل الشام منتجات شامية - حي السليمانية,اصايل الشام منتجات شامية,حي السليمانية,اصايل الشام منتجات شامية - حي السليمانية,العليا,بلدية,بلدية العليا,True,False,لا يوجد,,0,,,False,none,,5,True
Data 2025.xlsx,9794,2025-11-02,2025-11,2025-W44,4,6,bri-0376-r01,bri-0376-R01,لبنة مكدوس,لبنة ( brick),brick,لبنة ( brick),dairy,اصايل الشام منتجات شامية - حي السليمانية,اصايل الشام منتجات شامية,حي السليمانية,اصايل الشام منتجات شامية - حي السليمانية,العليا,بلدية,بلدية العليا,True,False,لا يوجد,,0,,,False,none,,0,False
Data 2025.xlsx,9796,2025-11-02,2025-11,2025-W44,4,6,bri-0377-r01,bri-0377-R01,لبنة بالجزر والذرة,لبنة ( brick),brick,لبنة ( brick),dairy,اصايل الشام منتجات شامية - حي السليمانية,اصايل الشام منتجات شامية,حي السليمانية,اصايل الشام منتجات شامية - حي السليمانية,العليا,بلدية,بلدية العليا,False,True,الخمائر والاعفان,الخمائر والاعفان,1,,الخمائر والاعفان,False,indicator_only,,1,False
Data 2025.xlsx,9798,2025-11-02,2025-11,2025-W44,4,6,bri-0378-r01,bri-0378-R01,لبنة بلدي,لبنة ( brick),brick,لبنة ( brick),dairy,اصايل الشام منتجات شامية - حي السليمانية,اصايل الشام منتجات شامية,حي السليمانية,اصايل الشام منتجات شامية - حي السليمانية,العليا,بلدية,بلدية العليا,False,True,انتيروباكتريسي,انتيروباكتريسي,1,,انتيروباكتريسي,False,indicator_only,,2,True
Data 2025.xlsx,9799,2025-11-02,2025-11,2025-W44,4,6,bri-0379-r01,bri-0379-R01,لبنة جرشية,لبنة ( brick),brick,لبنة ( brick),dairy,اصايل الشام منتجات شامية - حي السليمانية,اصايل الشام منتجات شامية,حي السليمانية,اصايل الشام منتجات شامية - حي السليمانية,العليا,بلدية,بلدية العليا,False,True,الخمائر والاعفان,الخمائر والاعفان,1,,الخمائر والاعفان,False,indicator_only,,3,True
Data 2025.xlsx,9802,2025-11-02,2025-11,2025-W44,4,6,chee-0897-r01,Chee-0897-R01,جبنة نابلسية استر,(cheese) جبنة,cheese,(cheese) جبنة,dairy,اصايل الشام منتجات شامية - حي السليمانية,اصايل الشام منتجات شامية,حي السليمانية,اصايل الشام منتجات شامية - حي السليمانية,العليا,بلدية,بلدية العليا,True,False,لا يوجد,,0,,,False,none,,3,True
Data 2025.xlsx,9803,2025-11-02,2025-11,2025-W44,4,6,chee-0898-r01,Chee-0898-R01,جبنة مسنرة,(cheese) جبنة,cheese,(cheese) جبنة,dairy,اصايل الشام منتجات شامية - حي السليمانية,اصايل الشام منتجات شامية,حي السليمانية,اصايل الشام منتجات شامية - حي السليمانية,العليا,بلدية,بلدية العليا,True,False,لا يوجد,,0,,,False,none,,3,True
Data 2025.xlsx,9807,2025-11-02,2025-11,2025-W44,4,6,mola-0077-r01,mola-0077-R01,دبس فليفلة حلوة,( Molasses) دبس,Molasses,( Molasses) دبس,sauce_condiment,اصايل الشام منتجات شامية - حي السليمانية,اصايل الشام منتجات شامية,حي السليمانية,اصايل الشام منتجات شامية - حي السليمانية,العليا,بلدية,بلدية العليا,False,True,الخمائر والاعفان,الخمائر والاعفان,1,,الخمائر والاعفان,False,indicator_only,,6,True
Data 2025.xlsx,9808,2025-11-02,2025-11,2025-W44,4,6,mola-0078-r01,mola-0078-R01,دبس فليفلة حار,( Molasses) دبس,Molasses,( Molasses) دبس,sauce_condiment,اصايل الشام منتجات شامية - حي السليمانية,اصايل الشام منتجات شامية,حي السليمانية,اصايل الشام منتجات شامية - حي السليمانية,العليا,بلدية,بلدية العليا,True,False,لا يوجد,,0,,,False,none,,6,True
Data 2025.xlsx,9811,2025-11-02,2025-11,2025-W44,4,6,olv-0650-r01,olv-0650-R01,زيتون اسود تفاحي,الزيتون /Olive,Olive,الزيتون /Olive,produce,اصايل الشام منتجات شامية - حي السليمانية,اصايل الشام منتجات شامية,حي السليمانية,اصايل الشام منتجات شامية - حي السليمانية,العليا,بلدية,بلدية العليا,False,True,اعفان,الخمائر والاعفان,1,,الخمائر والاعفان,False,indicator_only,,8,True
Data 2025.xlsx,9812,2025-11-02,2025-11,2025-W44,4,6,olv-0651-r01,olv-0651-R01,زيتون اردني جرشي,الزيتون /Olive,Olive,الزيتون /Olive,produce,اصايل الشام منتجات شامية - حي السليمانية,اصايل الشام منتجات شامية,حي السليمانية,اصايل الشام منتجات شامية - حي السليمانية,العليا,بلدية,بلدية العليا,False,True,الخمائر والاعفان,الخمائر والاعفان,1,,الخمائر والاعفان,False,indicator_only,,9,True
Data 2025.xlsx,9813,2025-11-02,2025-11,2025-W44,4,6,olv-0652-r01,olv-0652-R01,زيتون سلقيني اخضر,الزيتون /Olive,Olive,الزيتون /Olive,produce,اصايل الشام منتجات شامية - حي السليمانية,اصايل الشام منتجات شامية,حي السليمانية,اصايل الشام منتجات شامية - حي السليمانية,العليا,بلدية,بلدية العليا,False,True,اعفان,الخمائر والاعفان,1,,الخمائر والاعفان,False,indicator_only,,10,True
Data 2025.xlsx,9814,2025-11-02,2025-11,2025-W44,4,6,olv-0653-r01,olv-0653-R01,زيتون اخضر اردني,الزيتون /Olive,Olive,الزيتون /Olive,produce,اصايل الشام منتجات شامية - حي السليمانية,اصايل الشام منتجات شامية,حي السليمانية,اصايل الشام منتجات شامية - حي السليمانية,العليا,بلدية,بلدية العليا,False,True,اعفان,الخمائر والاعفان,1,,الخمائر والاعفان,False,indicator_only,,11,True
Data 2025.xlsx,9815,2025-11-02,2025-11,2025-W44,4,6,olv-0654-r01,olv-0654-R01,زيتون سلقيني اسود,الزيتون /Olive,Olive,الزيتون /Olive,produce,اصايل الشام منتجات شامية - حي السليمانية,اصايل الشام منتجات شامية,حي السليمانية,اصايل الشام منتجات شامية - حي السليمانية,العليا,بلدية,بلدية العليا,False,True,اعفان,الخمائر والاعفان,1,,الخمائر والاعفان,False,indicator_only,,12,True
Data 2025.xlsx,9816,2025-11-02,2025-11,2025-W44,4,6,olv-0655-r01,olv-0655-R01,زيتون كلاماتا اسود,الزيتون /Olive,Olive,الزيتون /Olive,produce,اصايل الشام منتجات شامية - حي السليمانية,اصايل الشام منتجات شامية,حي السليمانية,اصايل الشام منتجات شامية - حي السليمانية,العليا,بلدية,بلدية العليا,False,True,اعفان,الخمائر والاعفان,1,,الخمائر والاعفان,False,indicator_only,,13,True
Data 2025.xlsx,9817,2025-11-02,2025-11,2025-W44,4,6,olv-0656-r01,olv-0656-R01,زيتون محشي زعتر,الزيتون /Olive,Olive,الزيتون /Olive,produce,اصايل الشام منتجات شامية - حي السليمانية,اصايل الشام منتجات شامية,حي السليمانية,اصايل الشام منتجات شامية - حي السليمانية,العليا,بلدية,بلدية العليا,False,True,اعفان,الخمائر والاعفان,1,,الخمائر والاعفان,False,indicator_only,,14,True
Data 2025.xlsx,9818,2025-11-02,2025-11,2025-W44,4,6,olv-0657-r01,olv-0657-R01,زيتون محشي ليمون,الزيتون /Olive,Olive,الزيتون /Olive,produce,اصايل الشام منتجات شامية - حي السليمانية,اصايل الشام منتجات شامية,حي السليمانية,اصايل الشام منتجات شامية - حي السليمانية,العليا,بلدية,بلدية العليا,False,True,الخمائر والاعفان,الخمائر والاعفان,1,,الخمائر والاعفان,False,indicator_only,,15,True
Data 2025.xlsx,9819,2025-11-02,2025-11,2025-W44,4,6,olv-0658-r01,olv-0658-R01,زيتون محشي جزر,الزيتون /Olive,Olive,الزيتون /Olive,produce,اصايل الشام منتجات شامية - حي السليمانية,اصايل الشام منتجات شامية,حي السليمانية,اصايل الشام منتجات شامية - حي السليمانية,العليا,بلدية,بلدية العليا,False,True,خمائر,الخمائر والاعفان,1,,الخمائر والاعفان,False,indicator_only,,16,True
Data 2025.xlsx,9820,2025-11-02,2025-11,2025-W44,4,6,olv-0659-r01,olv-0659-R01,زيتون مشوي,الزيتون /Olive,Olive,الزيتون /Olive,produce,اصايل الشام منتجات شامية - حي السليمانية,اصايل الشام منتجات شامية,حي السليمانية,اصايل الشام منتجات شامية - حي السليمانية,العليا,بلدية,بلدية العليا,False,True,اعفان,الخمائر والاعفان,1,,الخمائر والاعفان,False,indicator_only,,17,True
Data 2025.xlsx,9821,2025-11-02,2025-11,2025-W44,4,6,olv-0660-r01,olv-0660-R01,زيتون كوبوليفا اسود,الزيتون /Olive,Olive,الزيتون /Olive,produce,اصايل الشام منتجات شامية - حي السليمانية,اصايل الشام منتجات شامية,حي السليمانية,اصايل الشام منتجات شامية - حي السليمانية,العليا,بلدية,بلدية العليا,False,True,اعفان,الخمائر والاعفان,1,,الخمائر والاعفان,False,indicator_only,,18,True
Data 2025.xlsx,9795,2025-11-02,2025-11,2025-W44,4,6,sal-1700-r01,Sal-1700-R01,سلطة جبنة بالشطة,السلطة(Salad),Salad,السلطة(Salad),produce,اصايل الشام منتجات شامية - حي السليمانية,اصايل الشام منتجات شامية,حي السليمانية,اصايل الشام منتجات شامية - حي السليمانية,العليا,بلدية,بلدية العليا,True,False,لا يوجد,,0,,,False,none,,0,False
Data 2025.xlsx,9797,2025-11-02,2025-11,2025-W44,4,6,sal-1701-r01,Sal-1701-R01,سلطة جبنة,السلطة(Salad),Salad,السلطة(Salad),produce,اصايل الشام منتجات شامية - حي السليمانية,اصايل الشام منتجات شامية,حي السليمانية,اصايل الشام منتجات شامية - حي السليمانية,العليا,بلدية,بلدية العليا,True,False,لا يوجد,,0,,,False,none,,1,False
Data 2025.xlsx,9810,2025-11-02,2025-11,2025-W44,4,6,sal-1702-r01,Sal-1702-R01,سلطة زيتون حار,السلطة(Salad),Salad,السلطة(Salad),produce,اصايل الشام منتجات شامية - حي السليمانية,اصايل الشام منتجات شامية,حي السليمانية,اصايل الشام منتجات شامية - حي السليمانية,العليا,بلدية,بلدية العليا,False,True,اعفان,الخمائر والاعفان,1,,الخمائر والاعفان,False,indicator_only,,7,True
Data 2025.xlsx,9822,2025-11-02,2025-11,2025-W44,4,6,sw-3671-r01,sw-3671-R01,مسحة ثلاجة,(Swabs) المسحات,Swabs,(Swabs) المسحات,swab,اصايل الشام منتجات شامية - حي السليمانية,اصايل الشام منتجات شامية,حي السليمانية,اصايل الشام منتجات شامية - حي السليمانية,العليا,بلدية,بلدية العليا,True,False,لا يوجد,,0,,,False,none,,18,True
Data 2025.xlsx,9823,2025-11-02,2025-11,2025-W44,4,6,sw-3672-r01,sw-3672-R01,مسحة ثلاجة,(Swabs) المسحات,Swabs,(Swabs) المسحات,swab,اصايل الشام منتجات شامية - حي السليمانية,اصايل الشام منتجات شامية,حي السليمانية,اصايل الشام منتجات شامية - حي السليمانية,العليا,بلدية,بلدية العليا,True,False,لا يوجد,,0,,,False,none,,18,True
Data 2025.xlsx,9824,2025-11-02,2025-11,2025-W44,4,6,sw-3673-r01,sw-3673-R01,مسحة ثلاجة,(Swabs) المسحات,Swabs,(Swabs) المسحات,swab,اصايل الشام منتجات شامية - حي السليمانية,اصايل الشام منتجات شامية,حي السليمانية,اصايل الشام منتجات شامية - حي السليمانية,العليا,بلدية,بلدية العليا,True,False,لا يوجد,,0,,,False,none,,18,True
Data 2025.xlsx,9825,2025-11-02,2025-11,2025-W44,4,6,sw-3674-r01,sw-3674-R01,مسحة ثلاجة,(Swabs) المسحات,Swabs,(Swabs) المسحات,swab,اصايل الشام منتجات شامية - حي السليمانية,اصايل الشام منتجات شامية,حي السليمانية,اصايل الشام منتجات شامية - حي السليمانية,العليا,بلدية,بلدية العليا,True,False,لا يوجد,,0,,,False,none,,18,True
Data 2025.xlsx,9833,2025-11-03,2025-11,2025-W45,4,0,1-3678-R01,1-3678-R01,هلابينو,(jalapeno) هلابينو,jalapeno,(jalapeno) هلابينو,produce,اسواق غلا الاقتصادية - حي العارض,اسواق غلا الاقتصادية,حي العارض,اسواق غلا الاقتصادية - حي العارض,الشمال,بلدية,بلدية الشمال,True,False,لا يوجد,,0,,,False,none,,5,True
Data 2025.xlsx,9844,2025-11-03,2025-11,2025-W45,4,0,1-3679-R01,1-3679-R01,مربى فراولة,(jam) مربى,jam,(jam) مربى,sauce_condiment,اسواق غلا الاقتصادية - حي العارض,اسواق غلا الاقتصادية,حي العارض,اسواق غلا الاقتصادية - حي العارض,الشمال,بلدية,بلدية الشمال,True,False,لا يوجد,,0,,,False,none,,9,True
Data 2025.xlsx,9848,2025-11-03,2025-11,2025-W45,4,0,1-3680-R01,1-3680-R01,كروسان جبن مالح,كروسان (croissant),croissant,كروسان (croissant),sweets_bakery,اسواق غلا الاقتصادية - حي العارض,اسواق غلا الاقتصادية,حي العارض,اسواق غلا الاقتصادية - حي العارض,الشمال,بلدية,بلدية الشمال,True,False,لا يوجد,,0,,,False,none,,9,True
Data 2025.xlsx,9849,2025-11-03,2025-11,2025-W45,4,0,1-3681-R01,1-3681-R01,كروسان نقانق,كروسان (croissant),croissant,كروسان (croissant),sweets_bakery,اسواق غلا الاقتصادية - حي العارض,اسواق غلا الاقتصادية,حي العارض,اسواق غلا الاقتصادية - حي العارض,الشمال,بلدية,بلدية الشمال,True,False,لا يوجد,,0,,,False,none,,9,True
Data 2025.xlsx,9850,2025-11-03,2025-11,2025-W45,4,0,1-3682-R01,1-3682-R01,كروسان لبنة عسل,كروسان (croissant),croissant,كروسان (croissant),sweets_bakery,اسواق غلا الاقتصادية - حي العارض,اسواق غلا الاقتصادية,حي العارض,اسواق غلا الاقتصادية - حي العارض,الشمال,بلدية,بلدية الشمال,True,False,لا يوجد,,0,,,False,none,,9,True
Data 2025.xlsx,9851,2025-11-03,2025-11,2025-W45,4,0,1-3683-R01,1-3683-R01,كروسان لبنة و زيتون,كروسان (croissant),croissant,كروسان (croissant),sweets_bakery,اسواق غلا الاقتصادية - حي العارض,اسواق غلا الاقتصادية,حي العارض,اسواق غلا الاقتصادية - حي العارض,الشمال,بلدية,بلدية الشمال,True,False,لا يوجد,,0,,,False,none,,9,True
Data 2025.xlsx,9852,2025-11-03,2025-11,2025-W45,4,0,1-3684-R01,1-3684-R01,فطير مشلتت جبن سائل,(Pie) فطيرة,Pie,(Pie) فطيرة,sweets_bakery,اسواق غلا الاقتصادية - حي العارض,اسواق غلا الاقتصادية,حي العارض,اسواق غلا الاقتصادية - حي العارض,الشمال,بلدية,بلدية الشمال,True,False,لا يوجد,,0,,,False,none,,9,True
Data 2025.xlsx,9855,2025-11-03,2025-11,2025-W45,4,0,1-3685-R01,1-3685-R01,بسكوت سمسم,البسكويت (Biscuits),Biscuits,(Biscuits) بسكوت,sweets_bakery,اسواق غلا الاقتصادية - حي العارض,اسواق غلا الاقتصادية,حي العارض,اسواق غلا الاقتصادية - حي العارض,الشمال,بلدية,بلدية الشمال,True,False,لا يوجد,,0,,,False,none,category_merged_to_canonical,9,True
Data 2025.xlsx,9856,2025-11-03,2025-11,2025-W45,4,0,1-3686-R01,1-3686-R01,بسكوت مربى فراولة,البسكويت (Biscuits),Biscuits,(Biscuits) بسكوت,sweets_bakery,اسواق غلا الاقتصادية - حي العارض,اسواق غلا الاقتصادية,حي العارض,اسواق غلا الاقتصادية - حي العارض,الشمال,بلدية,بلدية الشمال,True,False,لا يوجد,,0,,,False,none,category_merged_to_canonical,9,True
Data 2025.xlsx,9842,2025-11-03,2025-11,2025-W45,4,0,OOSS-eg-0399-R01,OOSS-eg-0399-R01,مكدوس,الباذنجان (eggplant),eggplant,الباذنجان (eggplant),dairy,اسواق غلا الاقتصادية - حي العارض,اسواق غلا الاقتصادية,حي العارض,اسواق غلا الاقتصادية - حي العارض,الشمال,بلدية,بلدية الشمال,False,True,خمائر,الخمائر والاعفان,1,,الخمائر والاعفان,False,indicator_only,,9,True
Data 2025.xlsx,9836,2025-11-03,2025-11,2025-W45,4,0,bri-0380-r01,bri-0380-R01,لبنة مكدوس,لبنة ( brick),brick,لبنة ( brick),dairy,اسواق غلا الاقتصادية - حي العارض,اسواق غلا الاقتصادية,حي العارض,اسواق غلا الاقتصادية - حي العارض,الشمال,بلدية,بلدية الشمال,False,True,الخمائر والاعفان,الخمائر والاعفان,1,,الخمائر والاعفان,False,indicator_only,,8,True
Data 2025.xlsx,9837,2025-11-03,2025-11,2025-W45,4,0,bri-0381-r01,bri-0381-R01,لبنة افوكادو,لبنة ( brick),brick,لبنة ( brick),dairy,اسواق غلا الاقتصادية - حي العارض,اسواق غلا الاقتصادية,حي العارض,اسواق غلا الاقتصادية - حي العارض,الشمال,بلدية,بلدية الشمال,True,False,لا يوجد,,0,,,False,none,,8,True
Data 2025.xlsx,9838,2025-11-03,2025-11,2025-W45,4,0,bri-0382-r01,bri-0382-R01,لبنة,لبنة ( brick),brick,لبنة ( brick),dairy,اسواق غلا الاقتصادية - حي العارض,اسواق غلا الاقتصادية,حي العارض,اسواق غلا الاقتصادية - حي العارض,الشمال,بلدية,بلدية الشمال,True,False,لا يوجد,,0,,,False,none,,8,True
Data 2025.xlsx,9839,2025-11-03,2025-11,2025-W45,4,0,bri-0383-r01,bri-0383-R01,لبنة رمان,لبنة ( brick),brick,لبنة ( brick),dairy,اسواق غلا الاقتصادية - حي العارض,اسواق غلا الاقتصادية,حي العارض,اسواق غلا الاقتصادية - حي العارض,الشمال,بلدية,بلدية الشمال,True,False,لا يوجد,,0,,,False,none,,8,True
Data 2025.xlsx,9843,2025-11-03,2025-11,2025-W45,4,0,chee-0899-r01,Chee-0899-R01,جبن مالح,(cheese) جبنة,cheese,(cheese) جبنة,dairy,اسواق غلا الاقتصادية - حي العارض,اسواق غلا الاقتصادية,حي العارض,اسواق غلا الاقتصادية - حي العارض,الشمال,بلدية,بلدية الشمال,True,False,لا يوجد,,0,,,False,none,,9,True
Data 2025.xlsx,9853,2025-11-03,2025-11,2025-W45,4,0,ck-0135-r01,ck-0135-R01,شابورة كيك,كيك (cake),cake,كيك (cake),sweets_bakery,اسواق غلا الاقتصادية - حي العارض,اسواق غلا الاقتصادية,حي العارض,اسواق غلا الاقتصادية - حي العارض,الشمال,بلدية,بلدية الشمال,True,False,لا يوجد,,0,,,False,none,,9,True
Data 2025.xlsx,9845,2025-11-03,2025-11,2025-W45,4,0,flswe-0080-r01,FlSwe-0080-R01,حلاوة طحينية,حلاوة طحينة( Flour Sweetness),Flour Sweetness,حلاوة طحينة( Flour Sweetness),sauce_condiment,اسواق غلا الاقتصادية - حي العارض,اسواق غلا الاقتصادية,حي العارض,اسواق غلا الاقتصادية - حي العارض,الشمال,بلدية,بلدية الشمال,True,False,لا يوجد,,0,,,False,none,,9,True
Data 2025.xlsx,9858,2025-11-03,2025-11,2025-W45,4,0,maam-0031-r01,maam-0031-R01,معمول تمر,معمول (maamoul),maamoul,معمول (maamoul),sweets_bakery,اسواق غلا الاقتصادية - حي العارض,اسواق غلا الاقتصادية,حي العارض,اسواق غلا الاقتصادية - حي العارض,الشمال,بلدية,بلدية الشمال,True,False,لا يوجد,,0,,,False,none,,9,True
Data 2025.xlsx,9826,2025-11-03,2025-11,2025-W45,4,0,olv-0661-r01,olv-0661-R01,زيتون اخضر محشي جزر,الزيتون /Olive,Olive,الزيتون /Olive,produce,اسواق غلا الاقتصادية - حي العارض,اسواق غلا الاقتصادية,حي العارض,اسواق غلا الاقتصادية - حي العارض,الشمال,بلدية,بلدية الشمال,False,True,خمائر,الخمائر والاعفان,1,,الخمائر والاعفان,False,indicator_only,,1,False
Data 2025.xlsx,9827,2025-11-03,2025-11,2025-W45,4,0,olv-0662-r01,olv-0662-R01,زيتون اخضر,الزيتون /Olive,Olive,الزيتون /Olive,produce,اسواق غلا الاقتصادية - حي العارض,اسواق غلا الاقتصادية,حي العارض,اسواق غلا الاقتصادية - حي العارض,الشمال,بلدية,بلدية الشمال,False,True,خمائر,الخمائر والاعفان,1,,الخمائر والاعفان,False,indicator_only,,2,True
Data 2025.xlsx,9828,2025-11-03,2025-11,2025-W45,4,0,olv-0663-r01,olv-0663-R01,زيتون اخضر مشوي بالزعتر,الزيتون /Olive,Olive,الزيتون /Olive,produce,اسواق غلا الاقتصادية - حي العارض,اسواق غلا الاقتصادية,حي العارض,اسواق غلا الاقتصادية - حي العارض,الشمال,بلدية,بلدية الشمال,False,True,خمائر,الخمائر والاعفان,1,,الخمائر والاعفان,False,indicator_only,,3,True
Data 2025.xlsx,9829,2025-11-03,2025-11,2025-W45,4,0,olv-0664-r01,olv-0664-R01,زيتون كالاماتا,الزيتون /Olive,Olive,الزيتون /Olive,produce,اسواق غلا الاقتصادية - حي العارض,اسواق غلا الاقتصادية,حي العارض,اسواق غلا الاقتصادية - حي العارض,الشمال,بلدية,بلدية الشمال,True,False,لا يوجد,,0,,,False,none,,3,True
Data 2025.xlsx,9830,2025-11-03,2025-11,2025-W45,4,0,olv-0665-r01,olv-0665-R01,زيتون اسود بدون نواة,الزيتون /Olive,Olive,الزيتون /Olive,produce,اسواق غلا الاقتصادية - حي العارض,اسواق غلا الاقتصادية,حي العارض,اسواق غلا الاقتصادية - حي العارض,الشمال,بلدية,بلدية الشمال,False,True,خمائر,الخمائر والاعفان,1,,الخمائر والاعفان,False,indicator_only,,4,True
Data 2025.xlsx,9831,2025-11-03,2025-11,2025-W45,4,0,olv-0666-r01,olv-0666-R01,زيتون عين الجمل,الزيتون /Olive,Olive,الزيتون /Olive,produce,اسواق غلا الاقتصادية - حي العارض,اسواق غلا الاقتصادية,حي العارض,اسواق غلا الاقتصادية - حي العارض,الشمال,بلدية,بلدية الشمال,False,True,خمائر,الخمائر والاعفان,1,,الخمائر والاعفان,False,indicator_only,,5,True
Data 2025.xlsx,9832,2025-11-03,2025-11,2025-W45,4,0,pick-0574-r01,Pick-0574-R01,مخلل خيار صغير,المخلل (Pickle),Pickle,المخلل (Pickle),sauce_condiment,اسواق غلا الاقتصادية - حي العارض,اسواق غلا الاقتصادية,حي العارض,اسواق غلا الاقتصادية - حي العارض,الشمال,بلدية,بلدية الشمال,True,False,لا يوجد,,0,,,False,none,,5,True
Data 2025.xlsx,9834,2025-11-03,2025-11,2025-W45,4,0,pick-0575-r01,Pick-0575-R01,مشكل طرشي حار,المخلل (Pickle),Pickle,المخلل (Pickle),sauce_condiment,اسواق غلا الاقتصادية - حي العارض,اسواق غلا الاقتصادية,حي العارض,اسواق غلا الاقتصادية - حي العارض,الشمال,بلدية,بلدية الشمال,False,True,خمائر,الخمائر والاعفان,1,,الخمائر والاعفان,False,indicator_only,,6,True
Data 2025.xlsx,9835,2025-11-03,2025-11,2025-W45,4,0,pick-0576-r01,Pick-0576-R01,مشكل طرشي عادي,المخلل (Pickle),Pickle,المخلل (Pickle),sauce_condiment,اسواق غلا الاقتصادية - حي العارض,اسواق غلا الاقتصادية,حي العارض,اسواق غلا الاقتصادية - حي العارض,الشمال,بلدية,بلدية الشمال,False,True,خمائر,الخمائر والاعفان,1,,الخمائر والاعفان,False,indicator_only,,7,True
Data 2025.xlsx,9840,2025-11-03,2025-11,2025-W45,4,0,pick-0577-r01,Pick-0577-R01,مخلل فلفل ابيض,المخلل (Pickle),Pickle,المخلل (Pickle),sauce_condiment,اسواق غلا الاقتصادية - حي العارض,اسواق غلا الاقتصادية,حي العارض,اسواق غلا الاقتصادية - حي العارض,الشمال,بلدية,بلدية الشمال,True,False,لا يوجد,,0,,,False,none,,8,True
Data 2025.xlsx,9841,2025-11-03,2025-11,2025-W45,4,0,pick-0578-r01,Pick-0578-R01,مخلل فلفل كرز احمر,المخلل (Pickle),Pickle,المخلل (Pickle),sauce_condiment,اسواق غلا الاقتصادية - حي العارض,اسواق غلا الاقتصادية,حي العارض,اسواق غلا الاقتصادية - حي العارض,الشمال,بلدية,بلدية الشمال,True,False,لا يوجد,,0,,,False,none,,8,True
Data 2025.xlsx,9846,2025-11-03,2025-11,2025-W45,4,0,sw-3675-r01,sw-3675-R01,مسحة ثلاجة,(Swabs) المسحات,Swabs,(Swabs) المسحات,swab,اسواق غلا الاقتصادية - حي العارض,اسواق غلا الاقتصادية,حي العارض,اسواق غلا الاقتصادية - حي العارض,الشمال,بلدية,بلدية الشمال,True,False,لا يوجد,,0,,,False,none,,9,True
Data 2025.xlsx,9847,2025-11-03,2025-11,2025-W45,4,0,sw-3676-r01,sw-3676-R01,مسحة ثلاجة,(Swabs) المسحات,Swabs,(Swabs) المسحات,swab,اسواق غلا الاقتصادية - حي العارض,اسواق غلا الاقتصادية,حي العارض,اسواق غلا الاقتصادية - حي العارض,الشمال,بلدية,بلدية الشمال,True,False,لا يوجد,,0,,,False,none,,9,True
Data 2025.xlsx,9859,2025-11-03,2025-11,2025-W45,4,0,sw-3677-r01,sw-3677-R01,مسحة حافظة شابورة,(Swabs) المسحات,Swabs,(Swabs) المسحات,swab,اسواق غلا الاقتصادية - حي العارض,اسواق غلا الاقتصادية,حي العارض,اسواق غلا الاقتصادية - حي العارض,الشمال,بلدية,بلدية الشمال,True,False,لا يوجد,,0,,,False,none,,9,True
Data 2025.xlsx,9860,2025-11-03,2025-11,2025-W45,4,0,sw-3678-r01,sw-3678-R01,مسحة حافظة شابورة,(Swabs) المسحات,Swabs,(Swabs) المسحات,swab,اسواق غلا الاقتصادية - حي العارض,اسواق غلا الاقتصادية,حي العارض,اسواق غلا الاقتصادية - حي العارض,الشمال,بلدية,بلدية الشمال,True,False,لا يوجد,,0,,,False,none,,9,True
Data 2025.xlsx,9861,2025-11-03,2025-11,2025-W45,4,0,sw-3679-r01,sw-3679-R01,مسحة حافظة شابورة,(Swabs) المسحات,Swabs,(Swabs) المسحات,swab,اسواق غلا الاقتصادية - حي العارض,اسواق غلا الاقتصادية,حي العارض,اسواق غلا الاقتصادية - حي العارض,الشمال,بلدية,بلدية الشمال,True,False,لا يوجد,,0,,,False,none,,9,True
Data 2025.xlsx,9862,2025-11-03,2025-11,2025-W45,4,0,sw-3680-r01,sw-3680-R01,مسحة حافظة شابورة,(Swabs) المسحات,Swabs,(Swabs) المسحات,swab,اسواق غلا الاقتصادية - حي العارض,اسواق غلا الاقتصادية,حي العارض,اسواق غلا الاقتصادية - حي العارض,الشمال,بلدية,بلدية الشمال,True,False,لا يوجد,,0,,,False,none,,9,True
Data 2025.xlsx,9863,2025-11-03,2025-11,2025-W45,4,0,sw-3681-r01,sw-3681-R01,مسحة حافظة شابورة,(Swabs) المسحات,Swabs,(Swabs) المسحات,swab,اسواق غلا الاقتصادية - حي العارض,اسواق غلا الاقتصادية,حي العارض,اسواق غلا الاقتصادية - حي العارض,الشمال,بلدية,بلدية الشمال,True,False,لا يوجد,,0,,,False,none,,9,True
Data 2025.xlsx,9864,2025-11-03,2025-11,2025-W45,4,0,sw-3682-r01,sw-3682-R01,مسحة حافظة شابورة,(Swabs) المسحات,Swabs,(Swabs) المسحات,swab,اسواق غلا الاقتصادية - حي العارض,اسواق غلا الاقتصادية,حي العارض,اسواق غلا الاقتصادية - حي العارض,الشمال,بلدية,بلدية الشمال,True,False,لا يوجد,,0,,,False,none,,9,True
Data 2025.xlsx,9854,2025-11-03,2025-11,2025-W45,4,0,sweet-1514-r01,sweet-1514-R01,كوكيز,الحلا(sweetness),sweetness,الحلا(sweetness),sweets_bakery,اسواق غلا الاقتصادية - حي العارض,اسواق غلا الاقتصادية,حي العارض,اسواق غلا الاقتصادية - حي العارض,الشمال,بلدية,بلدية الشمال,True,False,لا يوجد,,0,,,False,none,,9,True
Data 2025.xlsx,9857,2025-11-03,2025-11,2025-W45,4,0,sweet-1515-r01,sweet-1515-R01,بيتي فور,الحلا(sweetness),sweetness,الحلا(sweetness),sweets_bakery,اسواق غلا الاقتصادية - حي العارض,اسواق غلا الاقتصادية,حي العارض,اسواق غلا الاقتصادية - حي العارض,الشمال,بلدية,بلدية الشمال,True,False,لا يوجد,,0,,,False,none,,9,True
Data 2025.xlsx,9865,2025-11-03,2025-11,2025-W45,4,0,ubot-1162-r01,Ubot-1162-R01,مياه فلتر للعجانة م ك,المياه الغير معبأة (Unbottled water),Unbottled water,المياه الغير المعبأة (Unbottled water),water,اسواق غلا الاقتصادية - حي العارض,اسواق غلا الاقتصادية,حي العارض,اسواق غلا الاقتصادية - حي العارض,الشمال,بلدية,بلدية الشمال,True,False,لا يوجد,,0,,,False,none,category_merged_to_canonical,9,True
Data 2025.xlsx,9883,2025-11-04,2025-11,2025-W45,4,1,1-3687-R01,1-3687-R01,مربى تين,(jam) مربى,jam,(jam) مربى,sauce_condiment,شركة جميراء الامارات - العارض,شركة جميراء الامارات,العارض,شركة جميراء الامارات - العارض,الشمال,بلدية,بلدية الشمال,True,False,لا يوجد,,0,,,False,none,,9,True
Data 2025.xlsx,9884,2025-11-04,2025-11,2025-W45,4,1,1-3688-R01,1-3688-R01,مربى مشمش,(jam) مربى,jam,(jam) مربى,sauce_condiment,شركة جميراء الامارات - العارض,شركة جميراء الامارات,العارض,شركة جميراء الامارات - العارض,الشمال,بلدية,بلدية الشمال,True,False,لا يوجد,,0,,,False,none,,9,True
Data 2025.xlsx,9895,2025-11-04,2025-11,2025-W45,4,1,1-3689-R01,1-3689-R01,فطيرة جبن سائل,(Pie) فطيرة,Pie,(Pie) فطيرة,sweets_bakery,شركة جميراء الامارات - العارض,شركة جميراء الامارات,العارض,شركة جميراء الامارات - العارض,الشمال,بلدية,بلدية الشمال,True,False,لا يوجد,,0,,,False,none,,9,True
Data 2025.xlsx,9877,2025-11-04,2025-11,2025-W45,4,1,OOSS-eg-0400-R01,OOSS-eg-0400-R01,مكدوس باذنجان,الباذنجان (eggplant),eggplant,الباذنجان (eggplant),dairy,شركة جميراء الامارات - العارض,شركة جميراء الامارات,العارض,شركة جميراء الامارات - العارض,الشمال,بلدية,بلدية الشمال,True,False,لا يوجد,,0,,,False,none,,5,True
Data 2025.xlsx,9867,2025-11-04,2025-11,2025-W45,4,1,bri-0384-r01,bri-0384-R01,لبنة بيتزا,لبنة ( brick),brick,لبنة ( brick),dairy,شركة جميراء الامارات - العارض,شركة جميراء الامارات,العارض,شركة جميراء الامارات - العارض,الشمال,بلدية,بلدية الشمال,True,False,لا يوجد,,0,,,False,none,,0,False
Data 2025.xlsx,9868,2025-11-04,2025-11,2025-W45,4,1,bri-0385-r01,bri-0385-R01,لبنة حار,لبنة ( brick),brick,لبنة ( brick),dairy,شركة جميراء الامارات - العارض,شركة جميراء الامارات,العارض,شركة جميراء الامارات - العارض,الشمال,بلدية,بلدية الشمال,True,False,لا يوجد,,0,,,False,none,,0,False
Data 2025.xlsx,9869,2025-11-04,2025-11,2025-W45,4,1,bri-0386-r01,bri-0386-R01,لبنة مشوي,لبنة ( brick),brick,لبنة ( brick),dairy,شركة جميراء الامارات - العارض,شركة جميراء الامارات,العارض,شركة جميراء الامارات - العارض,الشمال,بلدية,بلدية الشمال,True,False,لا يوجد,,0,,,False,none,,0,False
Data 2025.xlsx,9870,2025-11-04,2025-11,2025-W45,4,1,chee-0900-r01,Chee-0900-R01,جبن مهروس سبايسي,(cheese) جبنة,cheese,(cheese) جبنة,dairy,شركة جميراء الامارات - العارض,شركة جميراء الامارات,العارض,شركة جميراء الامارات - العارض,الشمال,بلدية,بلدية الشمال,False,True,استافيلوكوكس اورياس,استافيلوكوكس اورياس,1,استافيلوكوكس اورياس,,True,pathogen,,1,False
Data 2025.xlsx,9866,2025-11-04,2025-11,2025-W45,4,1,cre-0040-r01,Cre-0040-R01,قشطة,(cream) قشطة,cream,القشطة (cream),dairy,شركة جميراء الامارات - العارض,شركة جميراء الامارات,العارض,شركة جميراء الامارات - العارض,الشمال,بلدية,بلدية الشمال,True,False,لا يوجد,,0,,,False,none,category_merged_to_canonical,0,False
Data 2025.xlsx,9885,2025-11-04,2025-11,2025-W45,4,1,flswe-0081-r01,FlSwe-0081-R01,حلاوة طحينة,حلاوة طحينة( Flour Sweetness),Flour Sweetness,حلاوة طحينة( Flour Sweetness),sauce_condiment,شركة جميراء الامارات - العارض,شركة جميراء الامارات,العارض,شركة جميراء الامارات - العارض,الشمال,بلدية,بلدية الشمال,True,False,لا يوجد,,0,,,False,none,,9,True
Data 2025.xlsx,9893,2025-11-04,2025-11,2025-W45,4,1,maam-0032-r01,maam-0032-R01,معمول تمر,معمول (maamoul),maamoul,معمول (maamoul),sweets_bakery,شركة جميراء الامارات - العارض,شركة جميراء الامارات,العارض,شركة جميراء الامارات - العارض,الشمال,بلدية,بلدية الشمال,True,False,لا يوجد,,0,,,False,none,,9,True
Data 2025.xlsx,9894,2025-11-04,2025-11,2025-W45,4,1,maam-0033-r01,maam-0033-R01,معمول تمر مع قشطة,معمول (maamoul),maamoul,معمول (maamoul),sweets_bakery,شركة جميراء الامارات - العارض,شركة جميراء الامارات,العارض,شركة جميراء الامارات - العارض,الشمال,بلدية,بلدية الشمال,True,False,لا يوجد,,0,,,False,none,,9,True
Data 2025.xlsx,9878,2025-11-04,2025-11,2025-W45,4,1,olv-0667-r01,olv-0667-R01,زيتون اسود,الزيتون /Olive,Olive,الزيتون /Olive,produce,شركة جميراء الامارات - العارض,شركة جميراء الامارات,العارض,شركة جميراء الامارات - العارض,الشمال,بلدية,بلدية الشمال,True,False,لا يوجد,,0,,,False,none,,5,True
Data 2025.xlsx,9879,2025-11-04,2025-11,2025-W45,4,1,olv-0668-r01,olv-0668-R01,زيتون اخضر مغربي,الزيتون /Olive,Olive,الزيتون /Olive,produce,شركة جميراء الامارات - العارض,شركة جميراء الامارات,العارض,شركة جميراء الامارات - العارض,الشمال,بلدية,بلدية الشمال,False,True,الخمائر والاعفان,الخمائر والاعفان,1,,الخمائر والاعفان,False,indicator_only,,6,True
Data 2025.xlsx,9880,2025-11-04,2025-11,2025-W45,4,1,olv-0669-r01,olv-0669-R01,زيتون اخضر مشوي بدون نواة,الزيتون /Olive,Olive,الزيتون /Olive,produce,شركة جميراء الامارات - العارض,شركة جميراء الامارات,العارض,شركة جميراء الامارات - العارض,الشمال,بلدية,بلدية الشمال,False,True,خمائر,الخمائر والاعفان,1,,الخمائر والاعفان,False,indicator_only,,7,True
Data 2025.xlsx,9881,2025-11-04,2025-11,2025-W45,4,1,olv-0670-r01,olv-0670-R01,زيتون اخضر اردني,الزيتون /Olive,Olive,الزيتون /Olive,produce,شركة جميراء الامارات - العارض,شركة جميراء الامارات,العارض,شركة جميراء الامارات - العارض,الشمال,بلدية,بلدية الشمال,False,True,الخمائر والاعفان,الخمائر والاعفان,1,,الخمائر والاعفان,False,indicator_only,,8,True
Data 2025.xlsx,9882,2025-11-04,2025-11,2025-W45,4,1,olv-0671-r01,olv-0671-R01,زيتون كالاماتا,الزيتون /Olive,Olive,الزيتون /Olive,produce,شركة جميراء الامارات - العارض,شركة جميراء الامارات,العارض,شركة جميراء الامارات - العارض,الشمال,بلدية,بلدية الشمال,False,True,الخمائر والاعفان,الخمائر والاعفان,1,,الخمائر والاعفان,False,indicator_only,,9,True
Data 2025.xlsx,9871,2025-11-04,2025-11,2025-W45,4,1,pick-0579-r01,Pick-0579-R01,مخلل خيار صغير,المخلل (Pickle),Pickle,المخلل (Pickle),sauce_condiment,شركة جميراء الامارات - العارض,شركة جميراء الامارات,العارض,شركة جميراء الامارات - العارض,الشمال,بلدية,بلدية الشمال,True,False,لا يوجد,,0,,,False,none,,1,False
Data 2025.xlsx,9872,2025-11-04,2025-11,2025-W45,4,1,pick-0580-r01,Pick-0580-R01,مشكل طرشي,المخلل (Pickle),Pickle,المخلل (Pickle),sauce_condiment,شركة جميراء الامارات - العارض,شركة جميراء الامارات,العارض,شركة جميراء الامارات - العارض,الشمال,بلدية,بلدية الشمال,True,False,لا يوجد,,0,,,False,none,,1,False
Data 2025.xlsx,9873,2025-11-04,2025-11,2025-W45,4,1,pick-0581-r01,Pick-0581-R01,مشكل طرشي حار,المخلل (Pickle),Pickle,المخلل (Pickle),sauce_condiment,شركة جميراء الامارات - العارض,شركة جميراء الامارات,العارض,شركة جميراء الامارات - العارض,الشمال,بلدية,بلدية الشمال,False,True,خمائر,الخمائر والاعفان,1,,الخمائر والاعفان,False,indicator_only,,2,True
Data 2025.xlsx,9874,2025-11-04,2025-11,2025-W45,4,1,sal-1703-r01,Sal-1703-R01,سلطة جبن حار,السلطة(Salad),Salad,السلطة(Salad),produce,شركة جميراء الامارات - العارض,شركة جميراء الامارات,العارض,شركة جميراء الامارات - العارض,الشمال,بلدية,بلدية الشمال,False,True,انتيروباكتريسي,انتيروباكتريسي,1,,انتيروباكتريسي,False,indicator_only,,3,True
Data 2025.xlsx,9875,2025-11-04,2025-11,2025-W45,4,1,sal-1704-r01,Sal-1704-R01,سلطة جبن زعتر,السلطة(Salad),Salad,السلطة(Salad),produce,شركة جميراء الامارات - العارض,شركة جميراء الامارات,العارض,شركة جميراء الامارات - العارض,الشمال,بلدية,بلدية الشمال,False,True,استافيلوكوكس اورياس,استافيلوكوكس اورياس,1,استافيلوكوكس اورياس,,True,pathogen,,4,True
Data 2025.xlsx,9876,2025-11-04,2025-11,2025-W45,4,1,sal-1705-r01,Sal-1705-R01,سلطة جبن حب البركة,السلطة(Salad),Salad,السلطة(Salad),produce,شركة جميراء الامارات - العارض,شركة جميراء الامارات,العارض,شركة جميراء الامارات - العارض,الشمال,بلدية,بلدية الشمال,False,True,استافيلوكوكس اورياس,استافيلوكوكس اورياس,1,استافيلوكوكس اورياس,,True,pathogen,,5,True
Data 2025.xlsx,9886,2025-11-04,2025-11,2025-W45,4,1,sw-3683-r01,sw-3683-R01,مسحة ثلاجة,(Swabs) المسحات,Swabs,(Swabs) المسحات,swab,شركة جميراء الامارات - العارض,شركة جميراء الامارات,العارض,شركة جميراء الامارات - العارض,الشمال,بلدية,بلدية الشمال,True,False,لا يوجد,,0,,,False,none,,9,True
Data 2025.xlsx,9887,2025-11-04,2025-11,2025-W45,4,1,sw-3684-r01,sw-3684-R01,مسحة ثلاجة,(Swabs) المسحات,Swabs,(Swabs) المسحات,swab,شركة جميراء الامارات - العارض,شركة جميراء الامارات,العارض,شركة جميراء الامارات - العارض,الشمال,بلدية,بلدية الشمال,True,False,لا يوجد,,0,,,False,none,,9,True
Data 2025.xlsx,9888,2025-11-04,2025-11,2025-W45,4,1,sw-3685-r01,sw-3685-R01,مسحة ثلاجة,(Swabs) المسحات,Swabs,(Swabs) المسحات,swab,شركة جميراء الامارات - العارض,شركة جميراء الامارات,العارض,شركة جميراء الامارات - العارض,الشمال,بلدية,بلدية الشمال,True,False,لا يوجد,,0,,,False,none,,9,True
Data 2025.xlsx,9889,2025-11-04,2025-11,2025-W45,4,1,sw-3686-r01,sw-3686-R01,مسحة قطاعة مرتديلا,(Swabs) المسحات,Swabs,(Swabs) المسحات,swab,شركة جميراء الامارات - العارض,شركة جميراء الامارات,العارض,شركة جميراء الامارات - العارض,الشمال,بلدية,بلدية الشمال,True,False,لا يوجد,,0,,,False,none,,9,True
Data 2025.xlsx,9896,2025-11-04,2025-11,2025-W45,4,1,sw-3687-r01,sw-3687-R01,مسحة حافظة شابورا,(Swabs) المسحات,Swabs,(Swabs) المسحات,swab,شركة جميراء الامارات - العارض,شركة جميراء الامارات,العارض,شركة جميراء الامارات - العارض,الشمال,بلدية,بلدية الشمال,True,False,لا يوجد,,0,,,False,none,,9,True
Data 2025.xlsx,9897,2025-11-04,2025-11,2025-W45,4,1,sw-3688-r01,sw-3688-R01,مسحة حافظة شابورا,(Swabs) المسحات,Swabs,(Swabs) المسحات,swab,شركة جميراء الامارات - العارض,شركة جميراء الامارات,العارض,شركة جميراء الامارات - العارض,الشمال,بلدية,بلدية الشمال,True,False,لا يوجد,,0,,,False,none,,9,True
Data 2025.xlsx,9898,2025-11-04,2025-11,2025-W45,4,1,sw-3689-r01,sw-3689-R01,مسحة حافظة شابورا,(Swabs) المسحات,Swabs,(Swabs) المسحات,swab,شركة جميراء الامارات - العارض,شركة جميراء الامارات,العارض,شركة جميراء الامارات - العارض,الشمال,بلدية,بلدية الشمال,True,False,لا يوجد,,0,,,False,none,,9,True
Data 2025.xlsx,9899,2025-11-04,2025-11,2025-W45,4,1,sw-3690-r01,sw-3690-R01,مسحة حافظة شابورا,(Swabs) المسحات,Swabs,(Swabs) المسحات,swab,شركة جميراء الامارات - العارض,شركة جميراء الامارات,العارض,شركة جميراء الامارات - العارض,الشمال,بلدية,بلدية الشمال,False,True,استافيلوكوكس اورياس,استافيلوكوكس اورياس,1,استافيلوكوكس اورياس,,True,pathogen,,10,True
Data 2025.xlsx,9890,2025-11-04,2025-11,2025-W45,4,1,sweet-1516-r01,sweet-1516-R01,بيتي فور,الحلا(sweetness),sweetness,الحلا(sweetness),sweets_bakery,شركة جميراء الامارات - العارض,شركة جميراء الامارات,العارض,شركة جميراء الامارات - العارض,الشمال,بلدية,بلدية الشمال,True,False,لا يوجد,,0,,,False,none,,9,True
Data 2025.xlsx,9891,2025-11-04,2025-11,2025-W45,4,1,sweet-1517-r01,sweet-1517-R01,كوكيز شوكولاتة,الحلا(sweetness),sweetness,الحلا(sweetness),sweets_bakery,شركة جميراء الامارات - العارض,شركة جميراء الامارات,العارض,شركة جميراء الامارات - العارض,الشمال,بلدية,بلدية الشمال,True,False,لا يوجد,,0,,,False,none,,9,True
Data 2025.xlsx,9892,2025-11-04,2025-11,2025-W45,4,1,sweet-1518-r01,sweet-1518-R01,كعك سكر,الحلا(sweetness),sweetness,الحلا(sweetness),sweets_bakery,شركة جميراء الامارات - العارض,شركة جميراء الامارات,العارض,شركة جميراء الامارات - العارض,الشمال,بلدية,بلدية الشمال,True,False,لا يوجد,,0,,,False,none,,9,True
Data 2025.xlsx,9900,2025-11-04,2025-11,2025-W45,4,1,ubot-1163-r01,Ubot-1163-R01,مياه فلتر للعجانة م ك,المياه الغير معبأة (Unbottled water),Unbottled water,المياه الغير المعبأة (Unbottled water),water,شركة جميراء الامارات - العارض,شركة جميراء الامارات,العارض,شركة جميراء الامارات - العارض,الشمال,بلدية,بلدية الشمال,False,True,كوليفورم | سيدوموناس,كوليفورم | سيدوموناس,2,,كوليفورم | سيدوموناس,False,indicator_only,category_merged_to_canonical,11,True
Data 2025.xlsx,4227,2025-11-05,2025-11,2025-W45,4,2,1-2995-R01,1-2995-R01,كبدة لحم بقر,كبدة (liver),liver,كبدة (liver),cooked_meat_poultry,الكوخ الكشري - حي اليرموك,الكوخ الكشري,حي اليرموك,الكوخ الكشري - حي اليرموك,الروضة,بلدية,بلدية الروضة,True,False,لا يوجد,,0,,,False,none,,0,False
Data 2025.xlsx,4267,2025-11-05,2025-11,2025-W45,4,2,1-2996-R01,1-2996-R01,رز ابيض,الارز ( rice),rice,الارز ( rice),prepared_meal,ازيان هاوز - حي اليرموك,ازيان هاوز,حي اليرموك,ازيان هاوز - حي اليرموك,الروضة,بلدية,بلدية الروضة,True,False,لا يوجد,,0,,,False,none,,1,False
Data 2025.xlsx,4190,2025-11-05,2025-11,2025-W45,4,2,O-U-po-0192-R01,O-U-po-0192-R01,رمان حب,الرمان (pomegranate),pomegranate,الرمان (pomegranate),produce,وقت العصير - حي اليرموك,وقت العصير,حي اليرموك,وقت العصير - حي اليرموك,الروضة,بلدية,بلدية الروضة,True,False,لا يوجد,,0,,,False,none,,0,False
Data 2025.xlsx,4192,2025-11-05,2025-11,2025-W45,4,2,O1U-gr-0151-R01,O1U-gr-0151-R01,عنب اسود,العنب (Grapes),Grapes,العنب (Grapes),other,وقت العصير - حي اليرموك,وقت العصير,حي اليرموك,وقت العصير - حي اليرموك,الروضة,بلدية,بلدية الروضة,True,False,لا يوجد,,0,,,False,none,sample_type_unbucketed,0,False
Data 2025.xlsx,4237,2025-11-05,2025-11,2025-W45,4,2,OO-OSS-po-0383-R01,OO-OSS-po-0383-R01,بطاطس مقلي,البطاطس (potatoes),potatoes,البطاطس (potatoes),produce,شاورما جليلة - حي اليرموك,شاورما جليلة,حي اليرموك,شاورما جليلة - حي اليرموك,الروضة,بلدية,بلدية الروضة,False,True,العد الكلي للبكتيريا,العد الكلي للبكتيريا,1,,العد الكلي للبكتيريا,False,indicator_only,,7,True
Data 2025.xlsx,4250,2025-11-05,2025-11,2025-W45,4,2,OO-OSS-po-0384-R01,OO-OSS-po-0384-R01,بطاطس مقلي,البطاطس (potatoes),potatoes,البطاطس (potatoes),produce,مطعم رايق الاصلي - حي اليرموك,مطعم رايق الاصلي,حي اليرموك,مطعم رايق الاصلي - حي اليرموك,الروضة,بلدية,بلدية الروضة,True,False,لا يوجد,,0,,,False,none,,1,False
Data 2025.xlsx,4193,2025-11-05,2025-11,2025-W45,4,2,OO-wm-0036-R01,OO-wm-0036-R01,قطع جح,البطيخ (watermelons),watermelons,البطيخ (watermelons),water,وقت العصير - حي اليرموك,وقت العصير,حي اليرموك,وقت العصير - حي اليرموك,الروضة,بلدية,بلدية الروضة,True,False,لا يوجد,,0,,,False,none,,0,False
Data 2025.xlsx,4195,2025-11-05,2025-11,2025-W45,4,2,OSSUOSS-pin-0006-R01,OSSUOSS-pin-0006-R01,قطع اناناس,اناناس (pineapple),pineapple,اناناس (pineapple),produce,وقت العصير - حي اليرموك,وقت العصير,حي اليرموك,وقت العصير - حي اليرموك,الروضة,بلدية,بلدية الروضة,True,False,لا يوجد,,0,,,False,none,,0,False
Data 2025.xlsx,4194,2025-11-05,2025-11,2025-W45,4,2,OU-me-0030-R01,OU-me-0030-R01,قطح شمام,الشمام (melons),melons,الشمام (melons),produce,وقت العصير - حي اليرموك,وقت العصير,حي اليرموك,وقت العصير - حي اليرموك,الروضة,بلدية,بلدية الروضة,True,False,لا يوجد,,0,,,False,none,,0,False
Data 2025.xlsx,4191,2025-11-05,2025-11,2025-W45,4,2,UU-ki-0135-R01,UU-ki-0135-R01,كيوي مقشر,الكيوي (Kiwi),Kiwi,الكيوي (Kiwi),produce,وقت العصير - حي اليرموك,وقت العصير,حي اليرموك,وقت العصير - حي اليرموك,الروضة,بلدية,بلدية الروضة,True,False,لا يوجد,,0,,,False,none,,0,False
Data 2025.xlsx,4233,2025-11-05,2025-11,2025-W45,4,2,appe-0457-r01,Appe-0457-R01,حمص,مقبلات (Appetizers),Appetizers,مقبلات (Appetizers),prepared_meal,شاورما جليلة - حي اليرموك,شاورما جليلة,حي اليرموك,شاورما جليلة - حي اليرموك,الروضة,بلدية,بلدية الروضة,True,False,لا يوجد,,0,,,False,none,,4,True
Data 2025.xlsx,4217,2025-11-05,2025-11,2025-W45,4,2,br-0087-r01,Br-0087-R01,خبز محمر,الخبـز (Bread),Bread,الخبـز (Bread),sweets_bakery,الكوخ الكشري - حي اليرموك,الكوخ الكشري,حي اليرموك,الكوخ الكشري - حي اليرموك,الروضة,بلدية,بلدية الروضة,True,False,لا يوجد,,0,,,False,none,,0,False
Data 2025.xlsx,4239,2025-11-05,2025-11,2025-W45,4,2,br-0088-r01,Br-0088-R01,خبز صاج,الخبـز (Bread),Bread,الخبـز (Bread),sweets_bakery,شاورما جليلة - حي اليرموك,شاورما جليلة,حي اليرموك,شاورما جليلة - حي اليرموك,الروضة,بلدية,بلدية الروضة,True,False,لا يوجد,,0,,,False,none,,8,True
Data 2025.xlsx,4253,2025-11-05,2025-11,2025-W45,4,2,br-0089-r01,Br-0089-R01,خبز تورتيلا,الخبـز (Bread),Bread,الخبـز (Bread),sweets_bakery,مطعم رايق الاصلي - حي اليرموك,مطعم رايق الاصلي,حي اليرموك,مطعم رايق الاصلي - حي اليرموك,الروضة,بلدية,بلدية الروضة,True,False,لا يوجد,,0,,,False,none,,3,True
Data 2025.xlsx,4234,2025-11-05,2025-11,2025-W45,4,2,chee-0726-r01,Chee-0726-R01,جبنة كرفت سائل,(cheese) جبنة,cheese,(cheese) جبنة,dairy,شاورما جليلة - حي اليرموك,شاورما جليلة,حي اليرموك,شاورما جليلة - حي اليرموك,الروضة,بلدية,بلدية الروضة,True,False,لا يوجد,,0,,,False,none,,4,True
Data 2025.xlsx,4266,2025-11-05,2025-11,2025-W45,4,2,chee-0727-r01,Chee-0727-R01,جبن شيدر مبشور,(cheese) جبنة,cheese,(cheese) جبنة,dairy,ازيان هاوز - حي اليرموك,ازيان هاوز,حي اليرموك,ازيان هاوز - حي اليرموك,الروضة,بلدية,بلدية الروضة,True,False,لا يوجد,,0,,,False,none,,1,False
Data 2025.xlsx,4219,2025-11-05,2025-11,2025-W45,4,2,co-0498-r01,co-0498-R01,دجاج نص استواء فرن,الدجاج المطبوخ (Cooked chicken),Cooked chicken,الدجاج المطبوخ (Cooked chicken),cooked_meat_poultry,الكوخ الكشري - حي اليرموك,الكوخ الكشري,حي اليرموك,الكوخ الكشري - حي اليرموك,الروضة,بلدية,بلدية الروضة,True,False,لا يوجد,,0,,,False,none,,0,False
Data 2025.xlsx,4240,2025-11-05,2025-11,2025-W45,4,2,co-0499-r01,co-0499-R01,قطع شاورما,الدجاج المطبوخ (Cooked chicken),Cooked chicken,الدجاج المطبوخ (Cooked chicken),cooked_meat_poultry,شاورما جليلة - حي اليرموك,شاورما جليلة,حي اليرموك,شاورما جليلة - حي اليرموك,الروضة,بلدية,بلدية الروضة,True,False,لا يوجد,,0,,,False,none,,8,True
Data 2025.xlsx,4249,2025-11-05,2025-11,2025-W45,4,2,co-0500-r01,co-0500-R01,قطع شاورما,الدجاج المطبوخ (Cooked chicken),Cooked chicken,الدجاج المطبوخ (Cooked chicken),cooked_meat_poultry,مطعم رايق الاصلي - حي اليرموك,مطعم رايق الاصلي,حي اليرموك,مطعم رايق الاصلي - حي اليرموك,الروضة,بلدية,بلدية الروضة,True,False,لا يوجد,,0,,,False,none,,1,False
Data 2025.xlsx,4221,2025-11-05,2025-11,2025-W45,4,2,gcv-0216-r01,GCV-0216-R01,ملفوف رز,الخضار المشوية و المطبوخة,,الخضار المشوية و المطبوخة,cooked_meat_poultry,الكوخ الكشري - حي اليرموك,الكوخ الكشري,حي اليرموك,الكوخ الكشري - حي اليرموك,الروضة,بلدية,بلدية الروضة,True,False,لا يوجد,,0,,,False,none,,0,False
Data 2025.xlsx,4222,2025-11-05,2025-11,2025-W45,4,2,gcv-0217-r01,GCV-0217-R01,كوسة محشي رز,الخضار المشوية و المطبوخة,,الخضار المشوية و المطبوخة,cooked_meat_poultry,الكوخ الكشري - حي اليرموك,الكوخ الكشري,حي اليرموك,الكوخ الكشري - حي اليرموك,الروضة,بلدية,بلدية الروضة,True,False,لا يوجد,,0,,,False,none,,0,False
Data 2025.xlsx,4223,2025-11-05,2025-11,2025-W45,4,2,gcv-0218-r01,GCV-0218-R01,فلفل رومي محشي رز,الخضار المشوية و المطبوخة,,الخضار المشوية و المطبوخة,cooked_meat_poultry,الكوخ الكشري - حي اليرموك,الكوخ الكشري,حي اليرموك,الكوخ الكشري - حي اليرموك,الروضة,بلدية,بلدية الروضة,True,False,لا يوجد,,0,,,False,none,,0,False
Data 2025.xlsx,4224,2025-11-05,2025-11,2025-W45,4,2,gcv-0219-r01,GCV-0219-R01,باذنجان محشي رز,الخضار المشوية و المطبوخة,,الخضار المشوية و المطبوخة,cooked_meat_poultry,الكوخ الكشري - حي اليرموك,الكوخ الكشري,حي اليرموك,الكوخ الكشري - حي اليرموك,الروضة,بلدية,بلدية الروضة,True,False,لا يوجد,,0,,,False,none,,0,False
Data 2025.xlsx,4220,2025-11-05,2025-11,2025-W45,4,2,gr-0163-r01,gr-0163-R01,ورق عنب,ورق عنب (Grape leaves),Grape leaves,ورق عنب (Grape leaves),produce,الكوخ الكشري - حي اليرموك,الكوخ الكشري,حي اليرموك,الكوخ الكشري - حي اليرموك,الروضة,بلدية,بلدية الروضة,True,False,لا يوجد,,0,,,False,none,,0,False
Data 2025.xlsx,4206,2025-11-05,2025-11,2025-W45,4,2,ho-0228-r01,ho-0228-R01,عسل طبيعي,(Honey) عسل النحل,Honey,(Honey) عسل النحل,sweets_bakery,وقت العصير - حي اليرموك,وقت العصير,حي اليرموك,وقت العصير - حي اليرموك,الروضة,بلدية,بلدية الروضة,True,False,لا يوجد,,0,,,False,none,,0,False
Data 2025.xlsx,4225,2025-11-05,2025-11,2025-W45,4,2,hs-0305-r01,HS-0305-R01,شطة حارة,الشطة (Hot sauce),Hot sauce,الشطة (Hot sauce),sauce_condiment,الكوخ الكشري - حي اليرموك,الكوخ الكشري,حي اليرموك,الكوخ الكشري - حي اليرموك,الروضة,بلدية,بلدية الروضة,True,False,لا يوجد,,0,,,False,none,,0,False
Data 2025.xlsx,4229,2025-11-05,2025-11,2025-W45,4,2,hs-0306-r01,HS-0306-R01,شطة تركية,الشطة (Hot sauce),Hot sauce,الشطة (Hot sauce),sauce_condiment,شاورما جليلة - حي اليرموك,شاورما جليلة,حي اليرموك,شاورما جليلة - حي اليرموك,الروضة,بلدية,بلدية الروضة,False,True,العد الكلي للبكتيريا | استافيلوكوكس اورياس,العد الكلي للبكتيريا | استافيلوكوكس اورياس,2,استافيلوكوكس اورياس,العد الكلي للبكتيريا,True,pathogen,,1,False
Data 2025.xlsx,4198,2025-11-05,2025-11,2025-W45,4,2,jui-0431-r01,jui-0431-R01,عصير عوار قلب,العصائر الطازجة Un-pasteurized juices (fresh),fresh,العصائر الطازجة Un-pasteurized juices (fresh),beverage,وقت العصير - حي اليرموك,وقت العصير,حي اليرموك,وقت العصير - حي اليرموك,الروضة,بلدية,بلدية الروضة,True,False,لا يوجد,,0,,,False,none,,0,False
Data 2025.xlsx,4199,2025-11-05,2025-11,2025-W45,4,2,jui-0432-r01,jui-0432-R01,عصير كوكتيل,العصائر الطازجة Un-pasteurized juices (fresh),fresh,العصائر الطازجة Un-pasteurized juices (fresh),beverage,وقت العصير - حي اليرموك,وقت العصير,حي اليرموك,وقت العصير - حي اليرموك,الروضة,بلدية,بلدية الروضة,True,False,لا يوجد,,0,,,False,none,,0,False
Data 2025.xlsx,4200,2025-11-05,2025-11,2025-W45,4,2,jui-0433-r01,jui-0433-R01,عصير مانجا,العصائر الطازجة Un-pasteurized juices (fresh),fresh,العصائر الطازجة Un-pasteurized juices (fresh),beverage,وقت العصير - حي اليرموك,وقت العصير,حي اليرموك,وقت العصير - حي اليرموك,الروضة,بلدية,بلدية الروضة,True,False,لا يوجد,,0,,,False,none,,0,False
Data 2025.xlsx,4201,2025-11-05,2025-11,2025-W45,4,2,jui-0434-r01,jui-0434-R01,عصير افوكادو بدون سكر,العصائر الطازجة Un-pasteurized juices (fresh),fresh,العصائر الطازجة Un-pasteurized juices (fresh),beverage,وقت العصير - حي اليرموك,وقت العصير,حي اليرموك,وقت العصير - حي اليرموك,الروضة,بلدية,بلدية الروضة,True,False,لا يوجد,,0,,,False,none,,0,False
Data 2025.xlsx,4202,2025-11-05,2025-11,2025-W45,4,2,jui-0435-r01,jui-0435-R01,عصير رمان,العصائر الطازجة Un-pasteurized juices (fresh),fresh,العصائر الطازجة Un-pasteurized juices (fresh),beverage,وقت العصير - حي اليرموك,وقت العصير,حي اليرموك,وقت العصير - حي اليرموك,الروضة,بلدية,بلدية الروضة,True,False,لا يوجد,,0,,,False,none,,0,False
Data 2025.xlsx,4196,2025-11-05,2025-11,2025-W45,4,2,mango-0046-r01,Mango-0046-R01,قطع مانجا,المانجو (Mango),Mango,المانجو (Mango),produce,وقت العصير - حي اليرموك,وقت العصير,حي اليرموك,وقت العصير - حي اليرموك,الروضة,بلدية,بلدية الروضة,True,False,لا يوجد,,0,,,False,none,,0,False
Data 2025.xlsx,4218,2025-11-05,2025-11,2025-W45,4,2,pick-0411-r01,Pick-0411-R01,مخلل مشكل,المخلل (Pickle),Pickle,المخلل (Pickle),sauce_condiment,الكوخ الكشري - حي اليرموك,الكوخ الكشري,حي اليرموك,الكوخ الكشري - حي اليرموك,الروضة,بلدية,بلدية الروضة,True,False,لا يوجد,,0,,,False,none,,0,False
Data 2025.xlsx,4230,2025-11-05,2025-11,2025-W45,4,2,pick-0412-r01,Pick-0412-R01,مخلل خيار,المخلل (Pickle),Pickle,المخلل (Pickle),sauce_condiment,شاورما جليلة - حي اليرموك,شاورما جليلة,حي اليرموك,شاورما جليلة - حي اليرموك,الروضة,بلدية,بلدية الروضة,False,True,خمائر,الخمائر والاعفان,1,,الخمائر والاعفان,False,indicator_only,,2,True
Data 2025.xlsx,4251,2025-11-05,2025-11,2025-W45,4,2,pick-0413-r01,Pick-0413-R01,مخلل خيار,المخلل (Pickle),Pickle,المخلل (Pickle),sauce_condiment,مطعم رايق الاصلي - حي اليرموك,مطعم رايق الاصلي,حي اليرموك,مطعم رايق الاصلي - حي اليرموك,الروضة,بلدية,بلدية الروضة,False,True,خمائر,الخمائر والاعفان,1,,الخمائر والاعفان,False,indicator_only,,2,True
Data 2025.xlsx,4236,2025-11-05,2025-11,2025-W45,4,2,po-0114-r01,po-0114-R01,كباب دجاج ني,الدجاج (Poultry),Poultry,الدجاج (Poultry),cooked_meat_poultry,شاورما جليلة - حي اليرموك,شاورما جليلة,حي اليرموك,شاورما جليلة - حي اليرموك,الروضة,بلدية,بلدية الروضة,False,True,العد الكلي للبكتيريا,العد الكلي للبكتيريا,1,,العد الكلي للبكتيريا,False,indicator_only,,6,True
Data 2025.xlsx,4185,2025-11-05,2025-11,2025-W45,4,2,raw-0171-r01,Raw-0171-R01,لحم حاشي بلدي رجل,لحوم نيئة مبردة ومجمدة (Raw meat Cold or chilled ),Raw meat Cold or chilled,لحوم نيئة مبردة ومجمدة (Raw meat Cold or chilled ),raw_meat,ملحمه مؤسسة جود القصيم للتجارة,ملحمه مؤسسة جود القصيم للتجارة,,ملحمه مؤسسة جود القصيم للتجارة,الشمال,بلدية,بلدية الشمال,False,True,العد الكلي للبكتيريا | السالمونيلا,العد الكلي للبكتيريا | السالمونيلا,2,السالمونيلا,العد الكلي للبكتيريا,True,pathogen,,1,False
Data 2025.xlsx,4186,2025-11-05,2025-11,2025-W45,4,2,raw-0172-r01,Raw-0172-R01,لحم غنم كشمير,لحوم نيئة مبردة ومجمدة (Raw meat Cold or chilled ),Raw meat Cold or chilled,لحوم نيئة مبردة ومجمدة (Raw meat Cold or chilled ),raw_meat,ملحمه مؤسسة جود القصيم للتجارة,ملحمه مؤسسة جود القصيم للتجارة,,ملحمه مؤسسة جود القصيم للتجارة,الشمال,بلدية,بلدية الشمال,False,True,العد الكلي للبكتيريا,العد الكلي للبكتيريا,1,,العد الكلي للبكتيريا,False,indicator_only,,2,True
Data 2025.xlsx,4187,2025-11-05,2025-11,2025-W45,4,2,raw-0173-r01,Raw-0173-R01,لحم عجل رجل كشمير,لحوم نيئة مبردة ومجمدة (Raw meat Cold or chilled ),Raw meat Cold or chilled,لحوم نيئة مبردة ومجمدة (Raw meat Cold or chilled ),raw_meat,ملحمه مؤسسة جود القصيم للتجارة,ملحمه مؤسسة جود القصيم للتجارة,,ملحمه مؤسسة جود القصيم للتجارة,الشمال,بلدية,بلدية الشمال,True,False,لا يوجد,,0,,,False,none,,2,True
Data 2025.xlsx,4188,2025-11-05,2025-11,2025-W45,4,2,raw-0174-r01,Raw-0174-R01,كبدة حاشي بلدي,لحوم نيئة مبردة ومجمدة (Raw meat Cold or chilled ),Raw meat Cold or chilled,لحوم نيئة مبردة ومجمدة (Raw meat Cold or chilled ),raw_meat,ملحمه مؤسسة جود القصيم للتجارة,ملحمه مؤسسة جود القصيم للتجارة,,ملحمه مؤسسة جود القصيم للتجارة,الشمال,بلدية,بلدية الشمال,True,False,لا يوجد,,0,,,False,none,,2,True
Data 2025.xlsx,4189,2025-11-05,2025-11,2025-W45,4,2,raw-0175-r01,Raw-0175-R01,كبدة غنم بلدي,لحوم نيئة مبردة ومجمدة (Raw meat Cold or chilled ),Raw meat Cold or chilled,لحوم نيئة مبردة ومجمدة (Raw meat Cold or chilled ),raw_meat,ملحمه مؤسسة جود القصيم للتجارة,ملحمه مؤسسة جود القصيم للتجارة,,ملحمه مؤسسة جود القصيم للتجارة,الشمال,بلدية,بلدية الشمال,False,True,العد الكلي للبكتيريا,العد الكلي للبكتيريا,1,,العد الكلي للبكتيريا,False,indicator_only,,3,True
Data 2025.xlsx,4235,2025-11-05,2025-11,2025-W45,4,2,raw-0176-r01,Raw-0176-R01,كباب لحم ني,لحوم نيئة مبردة ومجمدة (Raw meat Cold or chilled ),Raw meat Cold or chilled,لحوم نيئة مبردة ومجمدة (Raw meat Cold or chilled ),raw_meat,شاورما جليلة - حي اليرموك,شاورما جليلة,حي اليرموك,شاورما جليلة - حي اليرموك,الروضة,بلدية,بلدية الروضة,False,True,العد الكلي للبكتيريا,العد الكلي للبكتيريا,1,,العد الكلي للبكتيريا,False,indicator_only,,5,True
Data 2025.xlsx,4210,2025-11-05,2025-11,2025-W45,4,2,sal-1334-r01,Sal-1334-R01,سلطة باذنجان,السلطة(Salad),Salad,السلطة(Salad),produce,الكوخ الكشري - حي اليرموك,الكوخ الكشري,حي اليرموك,الكوخ الكشري - حي اليرموك,الروضة,بلدية,بلدية الروضة,True,False,لا يوجد,,0,,,False,none,,0,False
Data 2025.xlsx,4211,2025-11-05,2025-11,2025-W45,4,2,sal-1335-r01,Sal-1335-R01,سلطة خضراء,السلطة(Salad),Salad,السلطة(Salad),produce,الكوخ الكشري - حي اليرموك,الكوخ الكشري,حي اليرموك,الكوخ الكشري - حي اليرموك,الروضة,بلدية,بلدية الروضة,True,False,لا يوجد,,0,,,False,none,,0,False
Data 2025.xlsx,4212,2025-11-05,2025-11,2025-W45,4,2,sal-1336-r01,Sal-1336-R01,سلطة شمندر,السلطة(Salad),Salad,السلطة(Salad),produce,الكوخ الكشري - حي اليرموك,الكوخ الكشري,حي اليرموك,الكوخ الكشري - حي اليرموك,الروضة,بلدية,بلدية الروضة,True,False,لا يوجد,,0,,,False,none,,0,False
Data 2025.xlsx,4232,2025-11-05,2025-11,2025-W45,4,2,sal-1337-r01,Sal-1337-R01,سلطة مشاوي,السلطة(Salad),Salad,السلطة(Salad),produce,شاورما جليلة - حي اليرموك,شاورما جليلة,حي اليرموك,شاورما جليلة - حي اليرموك,الروضة,بلدية,بلدية الروضة,False,True,استافيلوكوكس اورياس,استافيلوكوكس اورياس,1,استافيلوكوكس اورياس,,True,pathogen,,4,True
Data 2025.xlsx,4258,2025-11-05,2025-11,2025-W45,4,2,sal-1338-r01,Sal-1338-R01,سلطة خضراء,السلطة(Salad),Salad,السلطة(Salad),produce,ازيان هاوز - حي اليرموك,ازيان هاوز,حي اليرموك,ازيان هاوز - حي اليرموك,الروضة,بلدية,بلدية الروضة,True,False,لا يوجد,,0,,,False,none,,0,False
Data 2025.xlsx,4203,2025-11-05,2025-11,2025-W45,4,2,sau-1655-r01,sau-1655-R01,صوص شوكولاتة (شيرة),صوص (sauce),sauce,صوص (sauce),sauce_condiment,وقت العصير - حي اليرموك,وقت العصير,حي اليرموك,وقت العصير - حي اليرموك,الروضة,بلدية,بلدية الروضة,True,False,لا يوجد,,0,,,False,none,,0,False
Data 2025.xlsx,4204,2025-11-05,2025-11,2025-W45,4,2,sau-1656-r01,sau-1656-R01,صوص فراولة,صوص (sauce),sauce,صوص (sauce),sauce_condiment,وقت العصير - حي اليرموك,وقت العصير,حي اليرموك,وقت العصير - حي اليرموك,الروضة,بلدية,بلدية الروضة,True,False,لا يوجد,,0,,,False,none,,0,False
Data 2025.xlsx,4205,2025-11-05,2025-11,2025-W45,4,2,sau-1657-r01,sau-1657-R01,صوص فيمتو,صوص (sauce),sauce,صوص (sauce),sauce_condiment,وقت العصير - حي اليرموك,وقت العصير,حي اليرموك,وقت العصير - حي اليرموك,الروضة,بلدية,بلدية الروضة,True,False,لا يوجد,,0,,,False,none,,0,False
Data 2025.xlsx,4226,2025-11-05,2025-11,2025-W45,4,2,sau-1658-r01,sau-1658-R01,صوص دقة ثوم,صوص (sauce),sauce,صوص (sauce),sauce_condiment,الكوخ الكشري - حي اليرموك,الكوخ الكشري,حي اليرموك,الكوخ الكشري - حي اليرموك,الروضة,بلدية,بلدية الروضة,True,False,لا يوجد,,0,,,False,none,,0,False
Data 2025.xlsx,4231,2025-11-05,2025-11,2025-W45,4,2,sau-1659-r01,sau-1659-R01,صوص ثوم,صوص (sauce),sauce,صوص (sauce),sauce_condiment,شاورما جليلة - حي اليرموك,شاورما جليلة,حي اليرموك,شاورما جليلة - حي اليرموك,الروضة,بلدية,بلدية الروضة,False,True,العد الكلي للبكتيريا,العد الكلي للبكتيريا,1,,العد الكلي للبكتيريا,False,indicator_only,,3,True
Data 2025.xlsx,4238,2025-11-05,2025-11,2025-W45,4,2,sau-1660-r01,sau-1660-R01,صوص ثوم حراق,صوص (sauce),sauce,صوص (sauce),sauce_condiment,شاورما جليلة - حي اليرموك,شاورما جليلة,حي اليرموك,شاورما جليلة - حي اليرموك,الروضة,بلدية,بلدية الروضة,False,True,العد الكلي للبكتيريا,العد الكلي للبكتيريا,1,,العد الكلي للبكتيريا,False,indicator_only,,8,True
Data 2025.xlsx,4246,2025-11-05,2025-11,2025-W45,4,2,sau-1661-r01,sau-1661-R01,صوص ثوم,صوص (sauce),sauce,صوص (sauce),sauce_condiment,مطعم رايق الاصلي - حي اليرموك,مطعم رايق الاصلي,حي اليرموك,مطعم رايق الاصلي - حي اليرموك,الروضة,بلدية,بلدية الروضة,True,False,لا يوجد,,0,,,False,none,,0,False
Data 2025.xlsx,4247,2025-11-05,2025-11,2025-W45,4,2,sau-1662-r01,sau-1662-R01,صوص كاتشب,صوص (sauce),sauce,صوص (sauce),sauce_condiment,مطعم رايق الاصلي - حي اليرموك,مطعم رايق الاصلي,حي اليرموك,مطعم رايق الاصلي - حي اليرموك,الروضة,بلدية,بلدية الروضة,True,False,لا يوجد,,0,,,False,none,,0,False
Data 2025.xlsx,4248,2025-11-05,2025-11,2025-W45,4,2,sau-1663-r01,sau-1663-R01,صوص حار,صوص (sauce),sauce,صوص (sauce),sauce_condiment,مطعم رايق الاصلي - حي اليرموك,مطعم رايق الاصلي,حي اليرموك,مطعم رايق الاصلي - حي اليرموك,الروضة,بلدية,بلدية الروضة,False,True,العد الكلي للبكتيريا | انتيروباكتريسي | الخمائر والاعفان,العد الكلي للبكتيريا | انتيروباكتريسي | الخمائر والاعفان,3,,العد الكلي للبكتيريا | انتيروباكتريسي | الخمائر والاعفان,False,indicator_only,,1,False
Data 2025.xlsx,4252,2025-11-05,2025-11,2025-W45,4,2,sau-1664-r01,sau-1664-R01,صوص ثوم حار,صوص (sauce),sauce,صوص (sauce),sauce_condiment,مطعم رايق الاصلي - حي اليرموك,مطعم رايق الاصلي,حي اليرموك,مطعم رايق الاصلي - حي اليرموك,الروضة,بلدية,بلدية الروضة,False,True,العد الكلي للبكتيريا,العد الكلي للبكتيريا,1,,العد الكلي للبكتيريا,False,indicator_only,,3,True
Data 2025.xlsx,4259,2025-11-05,2025-11,2025-W45,4,2,sau-1665-r01,sau-1665-R01,صوص مايونيز سبايسي,صوص (sauce),sauce,صوص (sauce),sauce_condiment,ازيان هاوز - حي اليرموك,ازيان هاوز,حي اليرموك,ازيان هاوز - حي اليرموك,الروضة,بلدية,بلدية الروضة,True,False,لا يوجد,,0,,,False,none,,0,False
Data 2025.xlsx,4260,2025-11-05,2025-11,2025-W45,4,2,sau-1666-r01,sau-1666-R01,صوص جوز الهند,صوص (sauce),sauce,صوص (sauce),sauce_condiment,ازيان هاوز - حي اليرموك,ازيان هاوز,حي اليرموك,ازيان هاوز - حي اليرموك,الروضة,بلدية,بلدية الروضة,True,False,لا يوجد,,0,,,False,none,,0,False
Data 2025.xlsx,4261,2025-11-05,2025-11,2025-W45,4,2,sau-1667-r01,sau-1667-R01,صوص لحم,صوص (sauce),sauce,صوص (sauce),sauce_condiment,ازيان هاوز - حي اليرموك,ازيان هاوز,حي اليرموك,ازيان هاوز - حي اليرموك,الروضة,بلدية,بلدية الروضة,True,False,لا يوجد,,0,,,False,none,,0,False
Data 2025.xlsx,4262,2025-11-05,2025-11,2025-W45,4,2,sau-1668-r01,sau-1668-R01,صلصة الفلفل الحلو,صوص (sauce),sauce,صوص (sauce),sauce_condiment,ازيان هاوز - حي اليرموك,ازيان هاوز,حي اليرموك,ازيان هاوز - حي اليرموك,الروضة,بلدية,بلدية الروضة,True,False,لا يوجد,,0,,,False,none,,0,False
Data 2025.xlsx,4263,2025-11-05,2025-11,2025-W45,4,2,sau-1669-r01,sau-1669-R01,صوص سمك,صوص (sauce),sauce,صوص (sauce),sauce_condiment,ازيان هاوز - حي اليرموك,ازيان هاوز,حي اليرموك,ازيان هاوز - حي اليرموك,الروضة,بلدية,بلدية الروضة,True,False,لا يوجد,,0,,,False,none,,0,False
Data 2025.xlsx,4264,2025-11-05,2025-11,2025-W45,4,2,sau-1670-r01,sau-1670-R01,صلصلة حارة,صوص (sauce),sauce,صوص (sauce),sauce_condiment,ازيان هاوز - حي اليرموك,ازيان هاوز,حي اليرموك,ازيان هاوز - حي اليرموك,الروضة,بلدية,بلدية الروضة,True,False,لا يوجد,,0,,,False,none,,0,False
Data 2025.xlsx,4265,2025-11-05,2025-11,2025-W45,4,2,sau-1671-r01,sau-1671-R01,صوص ساديا,صوص (sauce),sauce,صوص (sauce),sauce_condiment,ازيان هاوز - حي اليرموك,ازيان هاوز,حي اليرموك,ازيان هاوز - حي اليرموك,الروضة,بلدية,بلدية الروضة,False,True,العد الكلي للبكتيريا | انتيروباكتريسي | استافيلوكوكس اورياس,العد الكلي للبكتيريا | انتيروباكتريسي | استافيلوكوكس اورياس,3,استافيلوكوكس اورياس,العد الكلي للبكتيريا | انتيروباكتريسي,True,pathogen,,1,False
Data 2025.xlsx,4207,2025-11-05,2025-11,2025-W45,4,2,sw-3019-r01,sw-3019-R01,مسحة صانعة ثلج,(Swabs) المسحات,Swabs,(Swabs) المسحات,swab,وقت العصير - حي اليرموك,وقت العصير,حي اليرموك,وقت العصير - حي اليرموك,الروضة,بلدية,بلدية الروضة,False,True,العد الكلي للبكتيريا,العد الكلي للبكتيريا,1,,العد الكلي للبكتيريا,False,indicator_only,,1,False
Data 2025.xlsx,4208,2025-11-05,2025-11,2025-W45,4,2,sw-3020-r01,sw-3020-R01,مسحة عصارة جزر,(Swabs) المسحات,Swabs,(Swabs) المسحات,swab,وقت العصير - حي اليرموك,وقت العصير,حي اليرموك,وقت العصير - حي اليرموك,الروضة,بلدية,بلدية الروضة,False,True,العد الكلي للبكتيريا,العد الكلي للبكتيريا,1,,العد الكلي للبكتيريا,False,indicator_only,,2,True
Data 2025.xlsx,4209,2025-11-05,2025-11,2025-W45,4,2,sw-3021-r01,sw-3021-R01,مسحة طاولة تقطيع فواكه,(Swabs) المسحات,Swabs,(Swabs) المسحات,swab,وقت العصير - حي اليرموك,وقت العصير,حي اليرموك,وقت العصير - حي اليرموك,الروضة,بلدية,بلدية الروضة,True,False,لا يوجد,,0,,,False,none,,2,True
Data 2025.xlsx,4228,2025-11-05,2025-11,2025-W45,4,2,sw-3022-r01,sw-3022-R01,مسحة ثلاجة اعداد,(Swabs) المسحات,Swabs,(Swabs) المسحات,swab,الكوخ الكشري - حي اليرموك,الكوخ الكشري,حي اليرموك,الكوخ الكشري - حي اليرموك,الروضة,بلدية,بلدية الروضة,True,False,لا يوجد,,0,,,False,none,,0,False
Data 2025.xlsx,4241,2025-11-05,2025-11,2025-W45,4,2,sw-3023-r01,sw-3023-R01,مسحة يد,(Swabs) المسحات,Swabs,(Swabs) المسحات,swab,شاورما جليلة - حي اليرموك,شاورما جليلة,حي اليرموك,شاورما جليلة - حي اليرموك,الروضة,بلدية,بلدية الروضة,False,True,العد الكلي للبكتيريا,العد الكلي للبكتيريا,1,,العد الكلي للبكتيريا,False,indicator_only,,9,True
Data 2025.xlsx,4242,2025-11-05,2025-11,2025-W45,4,2,sw-3024-r01,sw-3024-R01,مسحة طاولة تقطيع (العربي),(Swabs) المسحات,Swabs,(Swabs) المسحات,swab,شاورما جليلة - حي اليرموك,شاورما جليلة,حي اليرموك,شاورما جليلة - حي اليرموك,الروضة,بلدية,بلدية الروضة,False,True,العد الكلي للبكتيريا,العد الكلي للبكتيريا,1,,العد الكلي للبكتيريا,False,indicator_only,,10,True
Data 2025.xlsx,4243,2025-11-05,2025-11,2025-W45,4,2,sw-3025-r01,sw-3025-R01,مسحة حافظة البطاطس,(Swabs) المسحات,Swabs,(Swabs) المسحات,swab,شاورما جليلة - حي اليرموك,شاورما جليلة,حي اليرموك,شاورما جليلة - حي اليرموك,الروضة,بلدية,بلدية الروضة,True,False,لا يوجد,,0,,,False,none,,10,True
Data 2025.xlsx,4244,2025-11-05,2025-11,2025-W45,4,2,sw-3026-r01,sw-3026-R01,مسحة طاولة تحضير المشاوي,(Swabs) المسحات,Swabs,(Swabs) المسحات,swab,شاورما جليلة - حي اليرموك,شاورما جليلة,حي اليرموك,شاورما جليلة - حي اليرموك,الروضة,بلدية,بلدية الروضة,False,True,العد الكلي للبكتيريا,العد الكلي للبكتيريا,1,,العد الكلي للبكتيريا,False,indicator_only,,11,True
Data 2025.xlsx,4245,2025-11-05,2025-11,2025-W45,4,2,sw-3027-r01,sw-3027-R01,مسحة عصارة برتقال,(Swabs) المسحات,Swabs,(Swabs) المسحات,swab,شاورما جليلة - حي اليرموك,شاورما جليلة,حي اليرموك,شاورما جليلة - حي اليرموك,الروضة,بلدية,بلدية الروضة,False,True,العد الكلي للبكتيريا,العد الكلي للبكتيريا,1,,العد الكلي للبكتيريا,False,indicator_only,,12,True
Data 2025.xlsx,4254,2025-11-05,2025-11,2025-W45,4,2,sw-3028-r01,sw-3028-R01,مسحة يد,(Swabs) المسحات,Swabs,(Swabs) المسحات,swab,مطعم رايق الاصلي - حي اليرموك,مطعم رايق الاصلي,حي اليرموك,مطعم رايق الاصلي - حي اليرموك,الروضة,بلدية,بلدية الروضة,False,True,العد الكلي للبكتيريا,العد الكلي للبكتيريا,1,,العد الكلي للبكتيريا,False,indicator_only,,4,True
Data 2025.xlsx,4255,2025-11-05,2025-11,2025-W45,4,2,sw-3029-r01,sw-3029-R01,مسحة طاولة تحضير,(Swabs) المسحات,Swabs,(Swabs) المسحات,swab,مطعم رايق الاصلي - حي اليرموك,مطعم رايق الاصلي,حي اليرموك,مطعم رايق الاصلي - حي اليرموك,الروضة,بلدية,بلدية الروضة,True,False,لا يوجد,,0,,,False,none,,4,True
Data 2025.xlsx,4256,2025-11-05,2025-11,2025-W45,4,2,sw-3030-r01,sw-3030-R01,مسحة طاولة تحضير,(Swabs) المسحات,Swabs,(Swabs) المسحات,swab,مطعم رايق الاصلي - حي اليرموك,مطعم رايق الاصلي,حي اليرموك,مطعم رايق الاصلي - حي اليرموك,الروضة,بلدية,بلدية الروضة,True,False,لا يوجد,,0,,,False,none,,4,True
Data 2025.xlsx,4257,2025-11-05,2025-11,2025-W45,4,2,sw-3031-r01,sw-3031-R01,مسحة حافظة شاورما,(Swabs) المسحات,Swabs,(Swabs) المسحات,swab,مطعم رايق الاصلي - حي اليرموك,مطعم رايق الاصلي,حي اليرموك,مطعم رايق الاصلي - حي اليرموك,الروضة,بلدية,بلدية الروضة,False,True,استافيلوكوكس اورياس,استافيلوكوكس اورياس,1,استافيلوكوكس اورياس,,True,pathogen,,5,True
Data 2025.xlsx,4268,2025-11-05,2025-11,2025-W45,4,2,sw-3032-r01,sw-3032-R01,مسحة طاولة تقطيع فواكه,(Swabs) المسحات,Swabs,(Swabs) المسحات,swab,ازيان هاوز - حي اليرموك,ازيان هاوز,حي اليرموك,ازيان هاوز - حي اليرموك,الروضة,بلدية,بلدية الروضة,False,True,العد الكلي للبكتيريا,العد الكلي للبكتيريا,1,,العد الكلي للبكتيريا,False,indicator_only,,2,True
Data 2025.xlsx,4269,2025-11-05,2025-11,2025-W45,4,2,sw-3033-r01,sw-3033-R01,مسحة طاولة تقطيع الخضار,(Swabs) المسحات,Swabs,(Swabs) المسحات,swab,ازيان هاوز - حي اليرموك,ازيان هاوز,حي اليرموك,ازيان هاوز - حي اليرموك,الروضة,بلدية,بلدية الروضة,True,True,العد الكلي للبكتيريا,العد الكلي للبكتيريا,1,,العد الكلي للبكتيريا,False,indicator_only,validity_says_valid_but_has_failures,3,True
Data 2025.xlsx,4197,2025-11-05,2025-11,2025-W45,4,2,sweet-1003-r01,sweet-1003-R01,قطع شوكولاتة بالفراولة,الحلا(sweetness),sweetness,الحلا(sweetness),sweets_bakery,وقت العصير - حي اليرموك,وقت العصير,حي اليرموك,وقت العصير - حي اليرموك,الروضة,بلدية,بلدية الروضة,True,False,لا يوجد,,0,,,False,none,,0,False
Data 2025.xlsx,4213,2025-11-05,2025-11,2025-W45,4,2,sweet-1004-r01,sweet-1004-R01,رز باللبن,الحلا(sweetness),sweetness,الحلا(sweetness),sweets_bakery,الكوخ الكشري - حي اليرموك,الكوخ الكشري,حي اليرموك,الكوخ الكشري - حي اليرموك,الروضة,بلدية,بلدية الروضة,True,False,لا يوجد,,0,,,False,none,,0,False
Data 2025.xlsx,4214,2025-11-05,2025-11,2025-W45,4,2,sweet-1005-r01,sweet-1005-R01,كريم كراميل,الحلا(sweetness),sweetness,الحلا(sweetness),sweets_bakery,الكوخ الكشري - حي اليرموك,الكوخ الكشري,حي اليرموك,الكوخ الكشري - حي اليرموك,الروضة,بلدية,بلدية الروضة,True,False,لا يوجد,,0,,,False,none,,0,False
Data 2025.xlsx,4215,2025-11-05,2025-11,2025-W45,4,2,sweet-1006-r01,sweet-1006-R01,قشطوطة,الحلا(sweetness),sweetness,الحلا(sweetness),sweets_bakery,الكوخ الكشري - حي اليرموك,الكوخ الكشري,حي اليرموك,الكوخ الكشري - حي اليرموك,الروضة,بلدية,بلدية الروضة,True,False,لا يوجد,,0,,,False,none,,0,False
Data 2025.xlsx,4216,2025-11-05,2025-11,2025-W45,4,2,sweet-1007-r01,sweet-1007-R01,رز باللبن فستق,الحلا(sweetness),sweetness,الحلا(sweetness),sweets_bakery,الكوخ الكشري - حي اليرموك,الكوخ الكشري,حي اليرموك,الكوخ الكشري - حي اليرموك,الروضة,بلدية,بلدية الروضة,True,False,لا يوجد,,0,,,False,none,,0,False
Data 2025.xlsx,4270,2025-11-05,2025-11,2025-W45,4,2,ubot-0967-r01,Ubot-0967-R01,مياه حنفية لغسيل الادوات,المياه الغير معبأة (Unbottled water),Unbottled water,المياه الغير معبأة (Unbottled water),water,ملحمه مؤسسة جود القصيم للتجارة,ملحمه مؤسسة جود القصيم للتجارة,,ملحمه مؤسسة جود القصيم للتجارة,الشمال,بلدية,بلدية الشمال,False,True,كوليفورم | ايشيريشيا كولاي,كوليفورم | ايشيريشيا كولاي,2,ايشيريشيا كولاي,كوليفورم,True,pathogen,,4,True
Data 2025.xlsx,4271,2025-11-05,2025-11,2025-W45,4,2,ubot-0968-r01,Ubot-0968-R01,مياه فلتر لطبخ,المياه الغير معبأة (Unbottled water),Unbottled water,المياه الغير معبأة (Unbottled water),water,الكوخ الكشري - حي اليرموك,الكوخ الكشري,حي اليرموك,الكوخ الكشري - حي اليرموك,الروضة,بلدية,بلدية الروضة,True,False,لا يوجد,,0,,,False,none,,0,False
Data 2025.xlsx,7420,2025-11-08,2025-11,2025-W45,4,5,1-3354-R01,1-3354-R01,كشنة خاصة,(kashana) كشنة,kashana,(kashana) كشنة,prepared_meal,مطعم مضغوط كشنة - حي الملك فيصل,مطعم مضغوط كشنة,حي الملك فيصل,مطعم مضغوط كشنة - حي الملك فيصل,الروضة,بلدية,بلدية الروضة,True,False,لا يوجد,,0,,,False,none,,1,False
Data 2025.xlsx,7421,2025-11-08,2025-11,2025-W45,4,5,1-3355-R01,1-3355-R01,كشنة ماشروم,(kashana) كشنة,kashana,(kashana) كشنة,prepared_meal,مطعم مضغوط كشنة - حي الملك فيصل,مطعم مضغوط كشنة,حي الملك فيصل,مطعم مضغوط كشنة - حي الملك فيصل,الروضة,بلدية,بلدية الروضة,True,False,لا يوجد,,0,,,False,none,,1,False
Data 2025.xlsx,7425,2025-11-08,2025-11,2025-W45,4,5,1-3356-R01,1-3356-R01,كشنة تكا,(kashana) كشنة,kashana,(kashana) كشنة,prepared_meal,مطعم مضغوط كشنة - حي الملك فيصل,مطعم مضغوط كشنة,حي الملك فيصل,مطعم مضغوط كشنة - حي الملك فيصل,الروضة,بلدية,بلدية الروضة,True,False,لا يوجد,,0,,,False,none,,3,True
Data 2025.xlsx,7426,2025-11-08,2025-11,2025-W45,4,5,1-3357-R01,1-3357-R01,كشنة سبايسي,(kashana) كشنة,kashana,(kashana) كشنة,prepared_meal,مطعم مضغوط كشنة - حي الملك فيصل,مطعم مضغوط كشنة,حي الملك فيصل,مطعم مضغوط كشنة - حي الملك فيصل,الروضة,بلدية,بلدية الروضة,True,False,لا يوجد,,0,,,False,none,,3,True
Data 2025.xlsx,7430,2025-11-08,2025-11,2025-W45,4,5,1-3358-R01,1-3358-R01,رز بخاري,الارز ( rice),rice,الارز ( rice),prepared_meal,مطعم دار الخليج العربي - حي الملك فيصل,مطعم دار الخليج العربي,حي الملك فيصل,مطعم دار الخليج العربي - حي الملك فيصل,الروضة,بلدية,بلدية الروضة,True,False,لا يوجد,,0,,,False,none,,0,False
Data 2025.xlsx,9901,2025-11-08,2025-11,2025-W45,4,5,1-3694-R01,1-3694-R01,دونت كلاسيك,(donut) دونات,donut,(donut) دونات,produce,كعكة المستقبل للحلويات - حي العليا,كعكة المستقبل للحلويات,حي العليا,كعكة المستقبل للحلويات - حي العليا,العليا,بلدية,بلدية العليا,True,False,لا يوجد,,0,,,False,none,,0,False
Data 2025.xlsx,9908,2025-11-08,2025-11,2025-W45,4,5,1-3695-R02,1-3695-R02,دونت شوكر,(donut) دونات,donut,(donut) دونات,produce,كعكة المستقبل للحلويات - حي العليا,كعكة المستقبل للحلويات,حي العليا,كعكة المستقبل للحلويات - حي العليا,العليا,بلدية,بلدية العليا,False,True,العد الكلي للبكتيريا | انتيروباكتريسي,العد الكلي للبكتيريا | انتيروباكتريسي,2,,العد الكلي للبكتيريا | انتيروباكتريسي,False,indicator_only,,1,False
Data 2025.xlsx,9923,2025-11-08,2025-11,2025-W45,4,5,1-3696-R02,1-3696-R02,دونت قرف وسكر,(donut) دونات,donut,(donut) دونات,produce,كعكة المستقبل للحلويات - حي العليا,كعكة المستقبل للحلويات,حي العليا,كعكة المستقبل للحلويات - حي العليا,العليا,بلدية,بلدية العليا,True,False,لا يوجد,,0,,,False,none,,5,True
Data 2025.xlsx,9907,2025-11-08,2025-11,2025-W45,4,5,1-3697-R02,1-3697-R02,فطيرة تفاح,(Pie) فطيرة,Pie,(Pie) فطيرة,sweets_bakery,كعكة المستقبل للحلويات - حي العليا,كعكة المستقبل للحلويات,حي العليا,كعكة المستقبل للحلويات - حي العليا,العليا,بلدية,بلدية العليا,True,False,لا يوجد,,0,,,False,none,,0,False
Data 2025.xlsx,9904,2025-11-08,2025-11,2025-W45,4,5,1-3698-R02,1-3698-R02,دونت فراولة,(donut) دونات,donut,(donut) دونات,produce,كعكة المستقبل للحلويات - حي العليا,كعكة المستقبل للحلويات,حي العليا,كعكة المستقبل للحلويات - حي العليا,العليا,بلدية,بلدية العليا,True,False,لا يوجد,,0,,,False,none,,0,False
Data 2025.xlsx,9902,2025-11-08,2025-11,2025-W45,4,5,1-3699-R02,1-3699-R02,دونت بندق,(donut) دونات,donut,(donut) دونات,produce,كعكة المستقبل للحلويات - حي العليا,كعكة المستقبل للحلويات,حي العليا,كعكة المستقبل للحلويات - حي العليا,العليا,بلدية,بلدية العليا,True,False,لا يوجد,,0,,,False,none,,0,False
Data 2025.xlsx,9905,2025-11-08,2025-11,2025-W45,4,5,1-3700-R02,1-3700-R02,دونت دبل تشوكليت,(donut) دونات,donut,(donut) دونات,produce,كعكة المستقبل للحلويات - حي العليا,كعكة المستقبل للحلويات,حي العليا,كعكة المستقبل للحلويات - حي العليا,العليا,بلدية,بلدية العليا,True,False,لا يوجد,,0,,,False,none,,0,False
Data 2025.xlsx,9922,2025-11-08,2025-11,2025-W45,4,5,1-3701-R02,1-3701-R02,دونت فروستينق بيكان,(donut) دونات,donut,(donut) دونات,produce,كعكة المستقبل للحلويات - حي العليا,كعكة المستقبل للحلويات,حي العليا,كعكة المستقبل للحلويات - حي العليا,العليا,بلدية,بلدية العليا,True,False,لا يوجد,,0,,,False,none,,5,True
Data 2025.xlsx,9915,2025-11-08,2025-11,2025-W45,4,5,1-3702-R02,1-3702-R02,دونت كريم برولية,(donut) دونات,donut,(donut) دونات,produce,كعكة المستقبل للحلويات - حي العليا,كعكة المستقبل للحلويات,حي العليا,كعكة المستقبل للحلويات - حي العليا,العليا,بلدية,بلدية العليا,False,True,انتيروباكتريسي,انتيروباكتريسي,1,,انتيروباكتريسي,False,indicator_only,,4,True
Data 2025.xlsx,9924,2025-11-08,2025-11,2025-W45,4,5,1-3703-R02,1-3703-R02,دونت لوتس,(donut) دونات,donut,(donut) دونات,produce,كعكة المستقبل للحلويات - حي العليا,كعكة المستقبل للحلويات,حي العليا,كعكة المستقبل للحلويات - حي العليا,العليا,بلدية,بلدية العليا,True,False,لا يوجد,,0,,,False,none,,5,True
Data 2025.xlsx,9906,2025-11-08,2025-11,2025-W45,4,5,1-3704-R02,1-3704-R02,دونت فراولة اسبرينكلز,(donut) دونات,donut,(donut) دونات,produce,كعكة المستقبل للحلويات - حي العليا,كعكة المستقبل للحلويات,حي العليا,كعكة المستقبل للحلويات - حي العليا,العليا,بلدية,بلدية العليا,True,False,لا يوجد,,0,,,False,none,,0,False
Data 2025.xlsx,9911,2025-11-08,2025-11,2025-W45,4,5,1-3705-R02,1-3705-R02,نكهة قشر البرتقال الازرق,نكهات مركزة ( Syrup ),Syrup,نكهات مركزة ( Syrup ),sauce_condiment,كعكة المستقبل للحلويات - حي العليا,كعكة المستقبل للحلويات,حي العليا,كعكة المستقبل للحلويات - حي العليا,العليا,بلدية,بلدية العليا,False,True,الخمائر والاعفان,الخمائر والاعفان,1,,الخمائر والاعفان,False,indicator_only,,2,True
Data 2025.xlsx,9913,2025-11-08,2025-11,2025-W45,4,5,1-3706-R02,1-3706-R02,نكهة فانيلا,نكهات مركزة ( Syrup ),Syrup,نكهات مركزة ( Syrup ),sauce_condiment,كعكة المستقبل للحلويات - حي العليا,كعكة المستقبل للحلويات,حي العليا,كعكة المستقبل للحلويات - حي العليا,العليا,بلدية,بلدية العليا,True,False,لا يوجد,,0,,,False,none,,2,True
Data 2025.xlsx,9919,2025-11-08,2025-11,2025-W45,4,5,1-3707-R02,1-3707-R02,نكهة رمان,نكهات مركزة ( Syrup ),Syrup,نكهات مركزة ( Syrup ),sauce_condiment,كعكة المستقبل للحلويات - حي العليا,كعكة المستقبل للحلويات,حي العليا,كعكة المستقبل للحلويات - حي العليا,العليا,بلدية,بلدية العليا,True,False,لا يوجد,,0,,,False,none,,5,True
Data 2025.xlsx,9916,2025-11-08,2025-11,2025-W45,4,5,1-3708-R02,1-3708-R02,نكهة باشن فروت,( Luqaimat) لقيمات,Luqaimat,( Luqaimat) لقيمات,sauce_condiment,كعكة المستقبل للحلويات - حي العليا,كعكة المستقبل للحلويات,حي العليا,كعكة المستقبل للحلويات - حي العليا,العليا,بلدية,بلدية العليا,True,False,لا يوجد,,0,,,False,none,,4,True
Data 2025.xlsx,9930,2025-11-08,2025-11,2025-W45,4,5,1-3709-R02,1-3709-R02,نكهة جح,نكهات مركزة ( Syrup ),Syrup,نكهات مركزة ( Syrup ),sauce_condiment,كعكة المستقبل للحلويات - حي العليا,كعكة المستقبل للحلويات,حي العليا,كعكة المستقبل للحلويات - حي العليا,العليا,بلدية,بلدية العليا,True,False,لا يوجد,,0,,,False,none,,7,True
Data 2025.xlsx,9929,2025-11-08,2025-11,2025-W45,4,5,1-3710-R02,1-3710-R02,نكهة مانجا,نكهات مركزة ( Syrup ),Syrup,نكهات مركزة ( Syrup ),sauce_condiment,كعكة المستقبل للحلويات - حي العليا,كعكة المستقبل للحلويات,حي العليا,كعكة المستقبل للحلويات - حي العليا,العليا,بلدية,بلدية العليا,False,True,العد الكلي للبكتيريا,العد الكلي للبكتيريا,1,,العد الكلي للبكتيريا,False,indicator_only,,7,True
Data 2025.xlsx,9944,2025-11-08,2025-11,2025-W45,4,5,1-3711-R01,1-3711-R01,زعتر,الزعتر (thyme),thyme,الزعتر (thyme),produce,اجاي لتقديم المشروبات - حي العليا,اجاي لتقديم المشروبات,حي العليا,اجاي لتقديم المشروبات - حي العليا,العليا,بلدية,بلدية العليا,False,True,انتيروباكتريسي,انتيروباكتريسي,1,,انتيروباكتريسي,False,indicator_only,,4,True
Data 2025.xlsx,9959,2025-11-08,2025-11,2025-W45,4,5,1-3712-R01,1-3712-R01,كشنة,(kashana) كشنة,kashana,(kashana) كشنة,prepared_meal,اجاي لتقديم المشروبات - حي العليا,اجاي لتقديم المشروبات,حي العليا,اجاي لتقديم المشروبات - حي العليا,العليا,بلدية,بلدية العليا,True,False,لا يوجد,,0,,,False,none,,8,True
Data 2025.xlsx,9969,2025-11-08,2025-11,2025-W45,4,5,1-3713-R01,1-3713-R01,اي ستي كركدية,(roselle)كركدية,roselle,(roselle)كركدية,beverage,اجاي لتقديم المشروبات - حي العليا,اجاي لتقديم المشروبات,حي العليا,اجاي لتقديم المشروبات - حي العليا,العليا,بلدية,بلدية العليا,True,False,لا يوجد,,0,,,False,none,,11,True
Data 2025.xlsx,9963,2025-11-08,2025-11,2025-W45,4,5,300-0009-R01,300-0009-R01,بيكان مطحون مكسرات,المكسرات (Nuts),Nuts,المكسرات (Nuts),produce,اجاي لتقديم المشروبات - حي العليا,اجاي لتقديم المشروبات,حي العليا,اجاي لتقديم المشروبات - حي العليا,العليا,بلدية,بلدية العليا,True,False,لا يوجد,,0,,,False,none,,9,True
Data 2025.xlsx,9964,2025-11-08,2025-11,2025-W45,4,5,300-0010-R01,300-0010-R01,جوز بيكان مكسرات,المكسرات (Nuts),Nuts,المكسرات (Nuts),produce,اجاي لتقديم المشروبات - حي العليا,اجاي لتقديم المشروبات,حي العليا,اجاي لتقديم المشروبات - حي العليا,العليا,بلدية,بلدية العليا,True,False,لا يوجد,,0,,,False,none,,9,True
Data 2025.xlsx,7491,2025-11-08,2025-11,2025-W45,4,5,O-U-to-0667-R01,O-U-to-0667-R01,قطع طماطم,الطماطم (Tomatoes),Tomatoes,الطماطم (Tomatoes),produce,مطعم الفيشاوي - حي الملك فيصل,مطعم الفيشاوي,حي الملك فيصل,مطعم الفيشاوي - حي الملك فيصل,الروضة,بلدية,بلدية الروضة,True,False,لا يوجد,,0,,,False,none,,3,True
Data 2025.xlsx,7452,2025-11-08,2025-11,2025-W45,4,5,O-r-O3-le-0373-R01,O-r-O3-le-0373-R01,قطع خس,الخس (Lettuce),Lettuce,الخس (Lettuce),produce,مطعم كرم الرواد - حي الملك فيصل,مطعم كرم الرواد,حي الملك فيصل,مطعم كرم الرواد - حي الملك فيصل,الروضة,بلدية,بلدية الروضة,True,False,لا يوجد,,0,,,False,none,,2,True
Data 2025.xlsx,7492,2025-11-08,2025-11,2025-W45,4,5,O-r-U-cu-0277-R01,O-r-U-cu-0277-R01,قطع خيار,الخيار (cucumbers),cucumbers,الخيار (cucumbers),produce,مطعم الفيشاوي - حي الملك فيصل,مطعم الفيشاوي,حي الملك فيصل,مطعم الفيشاوي - حي الملك فيصل,الروضة,بلدية,بلدية الروضة,False,True,ايشيريشيا كولاي,ايشيريشيا كولاي,1,ايشيريشيا كولاي,,True,pathogen,,4,True
Data 2025.xlsx,9942,2025-11-08,2025-11,2025-W45,4,5,O3O-sp-0037-R01,O3O-sp-0037-R01,سبانخ,السبانخ (spinach),spinach,السبانخ (spinach),produce,اجاي لتقديم المشروبات - حي العليا,اجاي لتقديم المشروبات,حي العليا,اجاي لتقديم المشروبات - حي العليا,العليا,بلدية,بلدية العليا,True,False,لا يوجد,,0,,,False,none,,3,True
Data 2025.xlsx,7497,2025-11-08,2025-11,2025-W45,4,5,OO-OSS-po-0429-R01,OO-OSS-po-0429-R01,بطاطس مقلي شبسي,البطاطس (potatoes),potatoes,البطاطس (potatoes),produce,مطعم الفيشاوي - حي الملك فيصل,مطعم الفيشاوي,حي الملك فيصل,مطعم الفيشاوي - حي الملك فيصل,الروضة,بلدية,بلدية الروضة,True,False,لا يوجد,,0,,,False,none,,6,True
Data 2025.xlsx,7428,2025-11-08,2025-11,2025-W45,4,5,OOu-on-0517-R01,OOu-on-0517-R01,قطع بصل,البصل (onions),onions,البصل (onions),produce,مطعم مضغوط كشنة - حي الملك فيصل,مطعم مضغوط كشنة,حي الملك فيصل,مطعم مضغوط كشنة - حي الملك فيصل,الروضة,بلدية,بلدية الروضة,True,False,لا يوجد,,0,,,False,none,,3,True
Data 2025.xlsx,7438,2025-11-08,2025-11,2025-W45,4,5,OOu-on-0518-R01,OOu-on-0518-R01,قطع بصل,البصل (onions),onions,البصل (onions),produce,مطعم دار الخليج العربي - حي الملك فيصل,مطعم دار الخليج العربي,حي الملك فيصل,مطعم دار الخليج العربي - حي الملك فيصل,الروضة,بلدية,بلدية الروضة,True,False,لا يوجد,,0,,,False,none,,2,True
Data 2025.xlsx,7429,2025-11-08,2025-11,2025-W45,4,5,OU-me-0033-R01,OU-me-0033-R01,قطع شمام,الشمام (melons),melons,الشمام (melons),produce,مطعم مضغوط كشنة - حي الملك فيصل,مطعم مضغوط كشنة,حي الملك فيصل,مطعم مضغوط كشنة - حي الملك فيصل,الروضة,بلدية,بلدية الروضة,True,False,لا يوجد,,0,,,False,none,,3,True
Data 2025.xlsx,7493,2025-11-08,2025-11,2025-W45,4,5,OU-pa-0256-R01,OU-pa-0256-R01,بقدونس,البقدونس (parsley),parsley,البقدونس (parsley),produce,مطعم الفيشاوي - حي الملك فيصل,مطعم الفيشاوي,حي الملك فيصل,مطعم الفيشاوي - حي الملك فيصل,الروضة,بلدية,بلدية الروضة,False,True,ايشيريشيا كولاي | استافيلوكوكس اورياس,ايشيريشيا كولاي | استافيلوكوكس اورياس,2,ايشيريشيا كولاي | استافيلوكوكس اورياس,,True,multi_pathogen,,5,True
Data 2025.xlsx,7479,2025-11-08,2025-11,2025-W45,4,5,UU-ca-0119-R01,UU-ca-0119-R01,ملفوف,الملفوف (cabbage),cabbage,الملفوف (cabbage),produce,مطعم زهرة الغدير - حي الملك فيصل,مطعم زهرة الغدير,حي الملك فيصل,مطعم زهرة الغدير - حي الملك فيصل,الروضة,بلدية,بلدية الروضة,True,False,لا يوجد,,0,,,False,none,,3,True
Data 2025.xlsx,7427,2025-11-08,2025-11,2025-W45,4,5,UU-le-0448-R01,UU-le-0448-R01,قطع ليمون,الليمون (Lemons),Lemons,الليمون (Lemons),produce,مطعم مضغوط كشنة - حي الملك فيصل,مطعم مضغوط كشنة,حي الملك فيصل,مطعم مضغوط كشنة - حي الملك فيصل,الروضة,بلدية,بلدية الروضة,True,False,لا يوجد,,0,,,False,none,,3,True
Data 2025.xlsx,7437,2025-11-08,2025-11,2025-W45,4,5,UU-le-0449-R01,UU-le-0449-R01,قطع ليمون,الليمون (Lemons),Lemons,الليمون (Lemons),produce,مطعم دار الخليج العربي - حي الملك فيصل,مطعم دار الخليج العربي,حي الملك فيصل,مطعم دار الخليج العربي - حي الملك فيصل,الروضة,بلدية,بلدية الروضة,True,False,لا يوجد,,0,,,False,none,,2,True
Data 2025.xlsx,7434,2025-11-08,2025-11,2025-W45,4,5,appe-0547-r01,Appe-0547-R01,حمص,مقبلات (Appetizers),Appetizers,مقبلات (Appetizers),prepared_meal,مطعم دار الخليج العربي - حي الملك فيصل,مطعم دار الخليج العربي,حي الملك فيصل,مطعم دار الخليج العربي - حي الملك فيصل,الروضة,بلدية,بلدية الروضة,True,False,لا يوجد,,0,,,False,none,,1,False
Data 2025.xlsx,7464,2025-11-08,2025-11,2025-W45,4,5,appe-0548-r01,Appe-0548-R01,متبل,مقبلات (Appetizers),Appetizers,مقبلات (Appetizers),prepared_meal,مشويات بلاد الرافدين - حي الملك فيصل,مشويات بلاد الرافدين,حي الملك فيصل,مشويات بلاد الرافدين - حي الملك فيصل,الروضة,بلدية,بلدية الروضة,False,True,العد الكلي للبكتيريا,العد الكلي للبكتيريا,1,,العد الكلي للبكتيريا,False,indicator_only,,5,True
Data 2025.xlsx,7465,2025-11-08,2025-11,2025-W45,4,5,appe-0549-r01,Appe-0549-R01,حمص,مقبلات (Appetizers),Appetizers,مقبلات (Appetizers),prepared_meal,مشويات بلاد الرافدين - حي الملك فيصل,مشويات بلاد الرافدين,حي الملك فيصل,مشويات بلاد الرافدين - حي الملك فيصل,الروضة,بلدية,بلدية الروضة,True,False,لا يوجد,,0,,,False,none,,5,True
Data 2025.xlsx,7466,2025-11-08,2025-11,2025-W45,4,5,appe-0550-r01,Appe-0550-R01,بابا غنوج,مقبلات (Appetizers),Appetizers,مقبلات (Appetizers),prepared_meal,مشويات بلاد الرافدين - حي الملك فيصل,مشويات بلاد الرافدين,حي الملك فيصل,مشويات بلاد الرافدين - حي الملك فيصل,الروضة,بلدية,بلدية الروضة,False,True,العد الكلي للبكتيريا,العد الكلي للبكتيريا,1,,العد الكلي للبكتيريا,False,indicator_only,,6,True
Data 2025.xlsx,7467,2025-11-08,2025-11,2025-W45,4,5,appe-0551-r01,Appe-0551-R01,متبل شمندر,مقبلات (Appetizers),Appetizers,مقبلات (Appetizers),prepared_meal,مشويات بلاد الرافدين - حي الملك فيصل,مشويات بلاد الرافدين,حي الملك فيصل,مشويات بلاد الرافدين - حي الملك فيصل,الروضة,بلدية,بلدية الروضة,False,True,العد الكلي للبكتيريا,العد الكلي للبكتيريا,1,,العد الكلي للبكتيريا,False,indicator_only,,7,True
Data 2025.xlsx,7468,2025-11-08,2025-11,2025-W45,4,5,appe-0552-r01,Appe-0552-R01,حمص شمندر,مقبلات (Appetizers),Appetizers,مقبلات (Appetizers),prepared_meal,مشويات بلاد الرافدين - حي الملك فيصل,مشويات بلاد الرافدين,حي الملك فيصل,مشويات بلاد الرافدين - حي الملك فيصل,الروضة,بلدية,بلدية الروضة,False,True,العد الكلي للبكتيريا,العد الكلي للبكتيريا,1,,العد الكلي للبكتيريا,False,indicator_only,,8,True
Data 2025.xlsx,7473,2025-11-08,2025-11,2025-W45,4,5,appe-0553-r01,Appe-0553-R01,تبولة,مقبلات (Appetizers),Appetizers,مقبلات (Appetizers),prepared_meal,مشويات بلاد الرافدين - حي الملك فيصل,مشويات بلاد الرافدين,حي الملك فيصل,مشويات بلاد الرافدين - حي الملك فيصل,الروضة,بلدية,بلدية الروضة,False,True,ايشيريشيا كولاي | استافيلوكوكس اورياس,ايشيريشيا كولاي | استافيلوكوكس اورياس,2,ايشيريشيا كولاي | استافيلوكوكس اورياس,,True,multi_pathogen,,10,True
Data 2025.xlsx,7476,2025-11-08,2025-11,2025-W45,4,5,appe-0554-r01,Appe-0554-R01,حمص,مقبلات (Appetizers),Appetizers,مقبلات (Appetizers),prepared_meal,مطعم زهرة الغدير - حي الملك فيصل,مطعم زهرة الغدير,حي الملك فيصل,مطعم زهرة الغدير - حي الملك فيصل,الروضة,بلدية,بلدية الروضة,False,True,العد الكلي للبكتيريا,العد الكلي للبكتيريا,1,,العد الكلي للبكتيريا,False,indicator_only,,1,False
Data 2025.xlsx,7480,2025-11-08,2025-11,2025-W45,4,5,appe-0555-r01,Appe-0555-R01,متبل,مقبلات (Appetizers),Appetizers,مقبلات (Appetizers),prepared_meal,مطعم زهرة الغدير - حي الملك فيصل,مطعم زهرة الغدير,حي الملك فيصل,مطعم زهرة الغدير - حي الملك فيصل,الروضة,بلدية,بلدية الروضة,False,True,العد الكلي للبكتيريا,العد الكلي للبكتيريا,1,,العد الكلي للبكتيريا,False,indicator_only,,4,True
Data 2025.xlsx,7488,2025-11-08,2025-11,2025-W45,4,5,appe-0556-r01,Appe-0556-R01,بابا غنوج,مقبلات (Appetizers),Appetizers,مقبلات (Appetizers),prepared_meal,مطعم الفيشاوي - حي الملك فيصل,مطعم الفيشاوي,حي الملك فيصل,مطعم الفيشاوي - حي الملك فيصل,الروضة,بلدية,بلدية الروضة,True,False,لا يوجد,,0,,,False,none,,1,False
Data 2025.xlsx,7489,2025-11-08,2025-11,2025-W45,4,5,appe-0557-r01,Appe-0557-R01,متبل,مقبلات (Appetizers),Appetizers,مقبلات (Appetizers),prepared_meal,مطعم الفيشاوي - حي الملك فيصل,مطعم الفيشاوي,حي الملك فيصل,مطعم الفيشاوي - حي الملك فيصل,الروضة,بلدية,بلدية الروضة,False,True,العد الكلي للبكتيريا,العد الكلي للبكتيريا,1,,العد الكلي للبكتيريا,False,indicator_only,,2,True
Data 2025.xlsx,7490,2025-11-08,2025-11,2025-W45,4,5,appe-0558-r01,Appe-0558-R01,حمص,مقبلات (Appetizers),Appetizers,مقبلات (Appetizers),prepared_meal,مطعم الفيشاوي - حي الملك فيصل,مطعم الفيشاوي,حي الملك فيصل,مطعم الفيشاوي - حي الملك فيصل,الروضة,بلدية,بلدية الروضة,False,True,العد الكلي للبكتيريا,العد الكلي للبكتيريا,1,,العد الكلي للبكتيريا,False,indicator_only,,3,True
Data 2025.xlsx,7461,2025-11-08,2025-11,2025-W45,4,5,br-0109-r01,Br-0109-R01,خبز,الخبـز (Bread),Bread,الخبـز (Bread),sweets_bakery,مشويات بلاد الرافدين - حي الملك فيصل,مشويات بلاد الرافدين,حي الملك فيصل,مشويات بلاد الرافدين - حي الملك فيصل,الروضة,بلدية,بلدية الروضة,True,False,لا يوجد,,0,,,False,none,,3,True
Data 2025.xlsx,9941,2025-11-08,2025-11,2025-W45,4,5,bri-0387-r01,bri-0387-R01,لبنة,لبنة ( brick),brick,لبنة ( brick),dairy,اجاي لتقديم المشروبات - حي العليا,اجاي لتقديم المشروبات,حي العليا,اجاي لتقديم المشروبات - حي العليا,العليا,بلدية,بلدية العليا,True,False,لا يوجد,,0,,,False,none,,3,True
Data 2025.xlsx,7496,2025-11-08,2025-11,2025-W45,4,5,chee-0819-r01,Chee-0819-R01,جبنة بيضاء,(cheese) جبنة,cheese,(cheese) جبنة,dairy,مطعم الفيشاوي - حي الملك فيصل,مطعم الفيشاوي,حي الملك فيصل,مطعم الفيشاوي - حي الملك فيصل,الروضة,بلدية,بلدية الروضة,True,False,لا يوجد,,0,,,False,none,,6,True
Data 2025.xlsx,9948,2025-11-08,2025-11,2025-W45,4,5,chee-0901-r01,Chee-0901-R01,قشطوان,(cheese) جبنة,cheese,(cheese) جبنة,dairy,اجاي لتقديم المشروبات - حي العليا,اجاي لتقديم المشروبات,حي العليا,اجاي لتقديم المشروبات - حي العليا,العليا,بلدية,بلدية العليا,True,False,لا يوجد,,0,,,False,none,,5,True
Data 2025.xlsx,9951,2025-11-08,2025-11,2025-W45,4,5,chee-0902-r01,Chee-0902-R01,جبن سائل,(cheese) جبنة,cheese,(cheese) جبنة,dairy,اجاي لتقديم المشروبات - حي العليا,اجاي لتقديم المشروبات,حي العليا,اجاي لتقديم المشروبات - حي العليا,العليا,بلدية,بلدية العليا,False,True,انتيروباكتريسي,انتيروباكتريسي,1,,انتيروباكتريسي,False,indicator_only,,6,True
Data 2025.xlsx,9953,2025-11-08,2025-11,2025-W45,4,5,chee-0903-r01,Chee-0903-R01,موزاريلا شيز,(cheese) جبنة,cheese,(cheese) جبنة,dairy,اجاي لتقديم المشروبات - حي العليا,اجاي لتقديم المشروبات,حي العليا,اجاي لتقديم المشروبات - حي العليا,العليا,بلدية,بلدية العليا,True,False,لا يوجد,,0,,,False,none,,7,True
Data 2025.xlsx,9956,2025-11-08,2025-11,2025-W45,4,5,chee-0904-r01,Chee-0904-R01,عكاوي,(cheese) جبنة,cheese,(cheese) جبنة,dairy,اجاي لتقديم المشروبات - حي العليا,اجاي لتقديم المشروبات,حي العليا,اجاي لتقديم المشروبات - حي العليا,العليا,بلدية,بلدية العليا,False,True,العد الكلي للبكتيريا,العد الكلي للبكتيريا,1,,العد الكلي للبكتيريا,False,indicator_only,,8,True
Data 2025.xlsx,7431,2025-11-08,2025-11,2025-W45,4,5,co-0585-r01,co-0585-R01,دجاج على الفحم نص استواء,الدجاج المطبوخ (Cooked chicken),Cooked chicken,الدجاج المطبوخ (Cooked chicken),cooked_meat_poultry,مطعم دار الخليج العربي - حي الملك فيصل,مطعم دار الخليج العربي,حي الملك فيصل,مطعم دار الخليج العربي - حي الملك فيصل,الروضة,بلدية,بلدية الروضة,True,False,لا يوجد,,0,,,False,none,,0,False
Data 2025.xlsx,7453,2025-11-08,2025-11,2025-W45,4,5,co-0586-r01,co-0586-R01,قطع شاورما دجاج,الدجاج المطبوخ (Cooked chicken),Cooked chicken,الدجاج المطبوخ (Cooked chicken),cooked_meat_poultry,مطعم كرم الرواد - حي الملك فيصل,مطعم كرم الرواد,حي الملك فيصل,مطعم كرم الرواد - حي الملك فيصل,الروضة,بلدية,بلدية الروضة,False,True,العد الكلي للبكتيريا,العد الكلي للبكتيريا,1,,العد الكلي للبكتيريا,False,indicator_only,,3,True
Data 2025.xlsx,7482,2025-11-08,2025-11,2025-W45,4,5,co-0587-r01,co-0587-R01,دجاج على الفحم نص استواء,الدجاج المطبوخ (Cooked chicken),Cooked chicken,الدجاج المطبوخ (Cooked chicken),cooked_meat_poultry,مطعم زهرة الغدير - حي الملك فيصل,مطعم زهرة الغدير,حي الملك فيصل,مطعم زهرة الغدير - حي الملك فيصل,الروضة,بلدية,بلدية الروضة,False,True,العد الكلي للبكتيريا,العد الكلي للبكتيريا,1,,العد الكلي للبكتيريا,False,indicator_only,,6,True
Data 2025.xlsx,9946,2025-11-08,2025-11,2025-W45,4,5,co-0635-r01,co-0635-R01,قطع دجاج مطبوخ,الدجاج المطبوخ (Cooked chicken),Cooked chicken,الدجاج المطبوخ (Cooked chicken),cooked_meat_poultry,اجاي لتقديم المشروبات - حي العليا,اجاي لتقديم المشروبات,حي العليا,اجاي لتقديم المشروبات - حي العليا,العليا,بلدية,بلدية العليا,False,True,العد الكلي للبكتيريا | استافيلوكوكس اورياس,العد الكلي للبكتيريا | استافيلوكوكس اورياس,2,استافيلوكوكس اورياس,العد الكلي للبكتيريا,True,pathogen,,5,True
Data 2025.xlsx,9952,2025-11-08,2025-11,2025-W45,4,5,co-0636-r01,co-0636-R01,قطع دجاج مطبوخ,الدجاج المطبوخ (Cooked chicken),Cooked chicken,الدجاج المطبوخ (Cooked chicken),cooked_meat_poultry,اجاي لتقديم المشروبات - حي العليا,اجاي لتقديم المشروبات,حي العليا,اجاي لتقديم المشروبات - حي العليا,العليا,بلدية,بلدية العليا,False,True,استافيلوكوكس اورياس,استافيلوكوكس اورياس,1,استافيلوكوكس اورياس,,True,pathogen,,7,True
Data 2025.xlsx,9940,2025-11-08,2025-11,2025-W45,4,5,egg-0016-r01,egg-0016-R01,بيض مقلي,جميع منتجات البيض المخصصة لأغراض غذائية خاصة (Any egg Products intended for special dietary purposes),Any egg Products intended for special dietary purposes,جميع منتجات البيض المخصصة لأغراض غذائية خاصة (Any egg Products intended for special dietary purposes),dairy,اجاي لتقديم المشروبات - حي العليا,اجاي لتقديم المشروبات,حي العليا,اجاي لتقديم المشروبات - حي العليا,العليا,بلدية,بلدية العليا,True,False,لا يوجد,,0,,,False,none,,3,True
Data 2025.xlsx,9960,2025-11-08,2025-11,2025-W45,4,5,egg-0017-r01,egg-0017-R01,شكشوكة,جميع منتجات البيض المخصصة لأغراض غذائية خاصة (Any egg Products intended for special dietary purposes),Any egg Products intended for special dietary purposes,جميع منتجات البيض المخصصة لأغراض غذائية خاصة (Any egg Products intended for special dietary purposes),dairy,اجاي لتقديم المشروبات - حي العليا,اجاي لتقديم المشروبات,حي العليا,اجاي لتقديم المشروبات - حي العليا,العليا,بلدية,بلدية العليا,True,False,لا يوجد,,0,,,False,none,,8,True
Data 2025.xlsx,9945,2025-11-08,2025-11,2025-W45,4,5,fal-0005-r01,fal-0005-R01,فلافل مع بطاطس,"فلافل، بهاجي Falafel ,Bhaji","Falafel ,Bhaji","فلافل، بهاجي Falafel ,Bhaji",sweets_bakery,اجاي لتقديم المشروبات - حي العليا,اجاي لتقديم المشروبات,حي العليا,اجاي لتقديم المشروبات - حي العليا,العليا,بلدية,بلدية العليا,True,False,لا يوجد,,0,,,False,none,,4,True
Data 2025.xlsx,9928,2025-11-08,2025-11,2025-W45,4,5,fermintedmilk-0011-r02,Fermintedmilk-0011-R02,حليب مكثف,"Fermented milk products , منتجات الحليب المخمرة",Fermented milk products,"Fermented milk products , منتجات الحليب المخمرة",dairy,كعكة المستقبل للحلويات - حي العليا,كعكة المستقبل للحلويات,حي العليا,كعكة المستقبل للحلويات - حي العليا,العليا,بلدية,بلدية العليا,True,False,لا يوجد,,0,,,False,none,,6,True
Data 2025.xlsx,9943,2025-11-08,2025-11,2025-W45,4,5,fish-0228-r01,fish-0228-R01,تونة سبايسي,Fish/fish product(الاسماك / منتجات الاسماك),fish product,Fish/fish product(الاسماك / منتجات الاسماك),cooked_meat_poultry,اجاي لتقديم المشروبات - حي العليا,اجاي لتقديم المشروبات,حي العليا,اجاي لتقديم المشروبات - حي العليا,العليا,بلدية,بلدية العليا,True,False,لا يوجد,,0,,,False,none,,3,True
Data 2025.xlsx,9949,2025-11-08,2025-11,2025-W45,4,5,flswe-0082-r01,FlSwe-0082-R01,حلاوة طحينة شعر,حلاوة طحينة( Flour Sweetness),Flour Sweetness,حلاوة طحينة( Flour Sweetness),sauce_condiment,اجاي لتقديم المشروبات - حي العليا,اجاي لتقديم المشروبات,حي العليا,اجاي لتقديم المشروبات - حي العليا,العليا,بلدية,بلدية العليا,True,False,لا يوجد,,0,,,False,none,,5,True
Data 2025.xlsx,9954,2025-11-08,2025-11,2025-W45,4,5,gcv-0270-r01,GCV-0270-R01,باذنجان مقلي,الخضار المشوية و المطبوخة,,الخضار المشوية و المطبوخة,cooked_meat_poultry,اجاي لتقديم المشروبات - حي العليا,اجاي لتقديم المشروبات,حي العليا,اجاي لتقديم المشروبات - حي العليا,العليا,بلدية,بلدية العليا,True,False,لا يوجد,,0,,,False,none,,7,True
Data 2025.xlsx,9955,2025-11-08,2025-11,2025-W45,4,5,gcv-0271-r01,GCV-0271-R01,زهرة مقلي,الخضار المشوية و المطبوخة,,الخضار المشوية و المطبوخة,cooked_meat_poultry,اجاي لتقديم المشروبات - حي العليا,اجاي لتقديم المشروبات,حي العليا,اجاي لتقديم المشروبات - حي العليا,العليا,بلدية,بلدية العليا,True,False,لا يوجد,,0,,,False,none,,7,True
Data 2025.xlsx,7470,2025-11-08,2025-11,2025-W45,4,5,gr-0195-r01,gr-0195-R01,ورق عنب,ورق عنب (Grape leaves),Grape leaves,ورق عنب (Grape leaves),produce,مشويات بلاد الرافدين - حي الملك فيصل,مشويات بلاد الرافدين,حي الملك فيصل,مشويات بلاد الرافدين - حي الملك فيصل,الروضة,بلدية,بلدية الروضة,True,False,لا يوجد,,0,,,False,none,,8,True
Data 2025.xlsx,9939,2025-11-08,2025-11,2025-W45,4,5,ho-0256-r01,ho-0256-R01,عسل,(Honey) عسل النحل,Honey,(Honey) عسل النحل,sweets_bakery,اجاي لتقديم المشروبات - حي العليا,اجاي لتقديم المشروبات,حي العليا,اجاي لتقديم المشروبات - حي العليا,العليا,بلدية,بلدية العليا,True,False,لا يوجد,,0,,,False,none,,3,True
Data 2025.xlsx,7432,2025-11-08,2025-11,2025-W45,4,5,hs-0349-r01,HS-0349-R01,شطة حارة معلب,الشطة (Hot sauce),Hot sauce,الشطة (Hot sauce),sauce_condiment,مطعم دار الخليج العربي - حي الملك فيصل,مطعم دار الخليج العربي,حي الملك فيصل,مطعم دار الخليج العربي - حي الملك فيصل,الروضة,بلدية,بلدية الروضة,False,True,العد الكلي للبكتيريا | ايشيريشيا كولاي | الخمائر والاعفان,العد الكلي للبكتيريا | ايشيريشيا كولاي | الخمائر والاعفان,3,ايشيريشيا كولاي,العد الكلي للبكتيريا | الخمائر والاعفان,True,pathogen,,1,False
Data 2025.xlsx,7439,2025-11-08,2025-11,2025-W45,4,5,hs-0350-r01,HS-0350-R01,شطة حارة,الشطة (Hot sauce),Hot sauce,الشطة (Hot sauce),sauce_condiment,مطعم دار الخليج العربي - حي الملك فيصل,مطعم دار الخليج العربي,حي الملك فيصل,مطعم دار الخليج العربي - حي الملك فيصل,الروضة,بلدية,بلدية الروضة,False,True,العد الكلي للبكتيريا | ايشيريشيا كولاي | الخمائر والاعفان,العد الكلي للبكتيريا | ايشيريشيا كولاي | الخمائر والاعفان,3,ايشيريشيا كولاي,العد الكلي للبكتيريا | الخمائر والاعفان,True,pathogen,,3,True
Data 2025.xlsx,7447,2025-11-08,2025-11,2025-W45,4,5,hs-0351-r01,HS-0351-R01,شطة,الشطة (Hot sauce),Hot sauce,الشطة (Hot sauce),sauce_condiment,مطعم كرم الرواد - حي الملك فيصل,مطعم كرم الرواد,حي الملك فيصل,مطعم كرم الرواد - حي الملك فيصل,الروضة,بلدية,بلدية الروضة,True,False,لا يوجد,,0,,,False,none,,0,False
Data 2025.xlsx,7475,2025-11-08,2025-11,2025-W45,4,5,mola-0060-r01,mola-0060-R01,دبس رمان,( Molasses) دبس,Molasses,( Molasses) دبس,sauce_condiment,مشويات بلاد الرافدين - حي الملك فيصل,مشويات بلاد الرافدين,حي الملك فيصل,مشويات بلاد الرافدين - حي الملك فيصل,الروضة,بلدية,بلدية الروضة,True,False,لا يوجد,,0,,,False,none,,10,True
Data 2025.xlsx,7495,2025-11-08,2025-11,2025-W45,4,5,mola-0061-r01,mola-0061-R01,دبس رمان,( Molasses) دبس,Molasses,( Molasses) دبس,sauce_condiment,مطعم الفيشاوي - حي الملك فيصل,مطعم الفيشاوي,حي الملك فيصل,مطعم الفيشاوي - حي الملك فيصل,الروضة,بلدية,بلدية الروضة,True,False,لا يوجد,,0,,,False,none,,6,True
Data 2025.xlsx,9965,2025-11-08,2025-11,2025-W45,4,5,pa-0018-r01,pa-0018-R01,شعيرة كنافة,المكرونة - الشعيرية كل الانواع الجافة (Pasta / macaroni &Noodles all the dry types ),Pasta / macaroni &Noodles all the dry types,المكرونة - الشعيرية كل الانواع الجافة (Pasta / macaroni &Noodles all the dry types ),produce,اجاي لتقديم المشروبات - حي العليا,اجاي لتقديم المشروبات,حي العليا,اجاي لتقديم المشروبات - حي العليا,العليا,بلدية,بلدية العليا,True,False,لا يوجد,,0,,,False,none,,9,True
Data 2025.xlsx,7451,2025-11-08,2025-11,2025-W45,4,5,pick-0497-r01,Pick-0497-R01,مخلل خيار,المخلل (Pickle),Pickle,المخلل (Pickle),sauce_condiment,مطعم كرم الرواد - حي الملك فيصل,مطعم كرم الرواد,حي الملك فيصل,مطعم كرم الرواد - حي الملك فيصل,الروضة,بلدية,بلدية الروضة,True,False,لا يوجد,,0,,,False,none,,2,True
Data 2025.xlsx,7463,2025-11-08,2025-11,2025-W45,4,5,pick-0498-r01,Pick-0498-R01,مشكل مخلل,المخلل (Pickle),Pickle,المخلل (Pickle),sauce_condiment,مشويات بلاد الرافدين - حي الملك فيصل,مشويات بلاد الرافدين,حي الملك فيصل,مشويات بلاد الرافدين - حي الملك فيصل,الروضة,بلدية,بلدية الروضة,True,False,لا يوجد,,0,,,False,none,,4,True
Data 2025.xlsx,7487,2025-11-08,2025-11,2025-W45,4,5,pick-0499-r01,Pick-0499-R01,مشكل طرشي,المخلل (Pickle),Pickle,المخلل (Pickle),sauce_condiment,مطعم الفيشاوي - حي الملك فيصل,مطعم الفيشاوي,حي الملك فيصل,مطعم الفيشاوي - حي الملك فيصل,الروضة,بلدية,بلدية الروضة,False,True,خمائر,الخمائر والاعفان,1,,الخمائر والاعفان,False,indicator_only,,1,False
Data 2025.xlsx,7456,2025-11-08,2025-11,2025-W45,4,5,po-0129-r01,po-0129-R01,كباب دجاج ني,الدجاج (Poultry),Poultry,الدجاج (Poultry),cooked_meat_poultry,مشويات بلاد الرافدين - حي الملك فيصل,مشويات بلاد الرافدين,حي الملك فيصل,مشويات بلاد الرافدين - حي الملك فيصل,الروضة,بلدية,بلدية الروضة,False,True,استافيلوكوكس اورياس,استافيلوكوكس اورياس,1,استافيلوكوكس اورياس,,True,pathogen,,1,False
Data 2025.xlsx,7416,2025-11-08,2025-11,2025-W45,4,5,raw-0458-r01,Raw-0458-R01,لحم فخذ عجل مبرد,لحوم نيئة مبردة ومجمدة (Raw meat Cold or chilled ),Raw meat Cold or chilled,لحوم نيئة مبردة ومجمدة (Raw meat Cold or chilled ),raw_meat,مؤسسة اللحمة الذهبية,مؤسسة اللحمة الذهبية,,مؤسسة اللحمة الذهبية,النسيم,بلدية,بلدية النسيم,True,False,لا يوجد,,0,,,False,none,,0,False
Data 2025.xlsx,7417,2025-11-08,2025-11,2025-W45,4,5,raw-0459-r01,Raw-0459-R01,كبدة غنم مبرد,لحوم نيئة مبردة ومجمدة (Raw meat Cold or chilled ),Raw meat Cold or chilled,لحوم نيئة مبردة ومجمدة (Raw meat Cold or chilled ),raw_meat,مؤسسة اللحمة الذهبية,مؤسسة اللحمة الذهبية,,مؤسسة اللحمة الذهبية,النسيم,بلدية,بلدية النسيم,True,False,لا يوجد,,0,,,False,none,,0,False
Data 2025.xlsx,7418,2025-11-08,2025-11,2025-W45,4,5,raw-0460-r01,Raw-0460-R01,لحم كتف عجل مبرد,لحوم نيئة مبردة ومجمدة (Raw meat Cold or chilled ),Raw meat Cold or chilled,لحوم نيئة مبردة ومجمدة (Raw meat Cold or chilled ),raw_meat,مؤسسة اللحمة الذهبية,مؤسسة اللحمة الذهبية,,مؤسسة اللحمة الذهبية,النسيم,بلدية,بلدية النسيم,True,False,لا يوجد,,0,,,False,none,,0,False
Data 2025.xlsx,7455,2025-11-08,2025-11,2025-W45,4,5,raw-0461-r01,Raw-0461-R01,كباب لحم ني,لحوم نيئة مبردة ومجمدة (Raw meat Cold or chilled ),Raw meat Cold or chilled,لحوم نيئة مبردة ومجمدة (Raw meat Cold or chilled ),raw_meat,مشويات بلاد الرافدين - حي الملك فيصل,مشويات بلاد الرافدين,حي الملك فيصل,مشويات بلاد الرافدين - حي الملك فيصل,الروضة,بلدية,بلدية الروضة,True,False,لا يوجد,,0,,,False,none,,0,False
Data 2025.xlsx,7498,2025-11-08,2025-11,2025-W45,4,5,raw-0462-r01,Raw-0462-R01,كباب لحم,لحوم نيئة مبردة ومجمدة (Raw meat Cold or chilled ),Raw meat Cold or chilled,لحوم نيئة مبردة ومجمدة (Raw meat Cold or chilled ),raw_meat,مطعم الفيشاوي - حي الملك فيصل,مطعم الفيشاوي,حي الملك فيصل,مطعم الفيشاوي - حي الملك فيصل,الروضة,بلدية,بلدية الروضة,False,True,استافيلوكوكس اورياس,استافيلوكوكس اورياس,1,استافيلوكوكس اورياس,,True,pathogen,,7,True
Data 2025.xlsx,9947,2025-11-08,2025-11,2025-W45,4,5,raw-0522-r01,Raw-0522-R01,ببروني,لحوم مجمدة/ مبردة (Frozen/Chilled Raw meat ),Frozen/Chilled Raw meat,لحوم مجمدة/ مبردة (Frozen/Chilled Raw meat ),raw_meat,اجاي لتقديم المشروبات - حي العليا,اجاي لتقديم المشروبات,حي العليا,اجاي لتقديم المشروبات - حي العليا,العليا,بلدية,بلدية العليا,True,False,لا يوجد,,0,,,False,none,,5,True
Data 2025.xlsx,7423,2025-11-08,2025-11,2025-W45,4,5,sal-1533-r01,Sal-1533-R01,سلطة زبادي خيار,السلطة(Salad),Salad,السلطة(Salad),produce,مطعم مضغوط كشنة - حي الملك فيصل,مطعم مضغوط كشنة,حي الملك فيصل,مطعم مضغوط كشنة - حي الملك فيصل,الروضة,بلدية,بلدية الروضة,False,True,استافيلوكوكس اورياس,استافيلوكوكس اورياس,1,استافيلوكوكس اورياس,,True,pathogen,,2,True
Data 2025.xlsx,7424,2025-11-08,2025-11,2025-W45,4,5,sal-1534-r01,Sal-1534-R01,سلطة خضراء,السلطة(Salad),Salad,السلطة(Salad),produce,مطعم مضغوط كشنة - حي الملك فيصل,مطعم مضغوط كشنة,حي الملك فيصل,مطعم مضغوط كشنة - حي الملك فيصل,الروضة,بلدية,بلدية الروضة,False,True,ايشيريشيا كولاي | استافيلوكوكس اورياس,ايشيريشيا كولاي | استافيلوكوكس اورياس,2,ايشيريشيا كولاي | استافيلوكوكس اورياس,,True,multi_pathogen,,3,True
Data 2025.xlsx,7433,2025-11-08,2025-11,2025-W45,4,5,sal-1535-r01,Sal-1535-R01,سلطة جرجير وبصل,السلطة(Salad),Salad,السلطة(Salad),produce,مطعم دار الخليج العربي - حي الملك فيصل,مطعم دار الخليج العربي,حي الملك فيصل,مطعم دار الخليج العربي - حي الملك فيصل,الروضة,بلدية,بلدية الروضة,True,False,لا يوجد,,0,,,False,none,,1,False
Data 2025.xlsx,7435,2025-11-08,2025-11,2025-W45,4,5,sal-1536-r01,Sal-1536-R01,سلطة زبادي وخيار,السلطة(Salad),Salad,السلطة(Salad),produce,مطعم دار الخليج العربي - حي الملك فيصل,مطعم دار الخليج العربي,حي الملك فيصل,مطعم دار الخليج العربي - حي الملك فيصل,الروضة,بلدية,بلدية الروضة,True,False,لا يوجد,,0,,,False,none,,1,False
Data 2025.xlsx,7436,2025-11-08,2025-11,2025-W45,4,5,sal-1537-r01,Sal-1537-R01,سلطة خضراء,السلطة(Salad),Salad,السلطة(Salad),produce,مطعم دار الخليج العربي - حي الملك فيصل,مطعم دار الخليج العربي,حي الملك فيصل,مطعم دار الخليج العربي - حي الملك فيصل,الروضة,بلدية,بلدية الروضة,False,True,ايشيريشيا كولاي,ايشيريشيا كولاي,1,ايشيريشيا كولاي,,True,pathogen,,2,True
Data 2025.xlsx,7462,2025-11-08,2025-11,2025-W45,4,5,sal-1538-r01,Sal-1538-R01,سلطة مشويات,السلطة(Salad),Salad,السلطة(Salad),produce,مشويات بلاد الرافدين - حي الملك فيصل,مشويات بلاد الرافدين,حي الملك فيصل,مشويات بلاد الرافدين - حي الملك فيصل,الروضة,بلدية,بلدية الروضة,False,True,ايشيريشيا كولاي | استافيلوكوكس اورياس,ايشيريشيا كولاي | استافيلوكوكس اورياس,2,ايشيريشيا كولاي | استافيلوكوكس اورياس,,True,multi_pathogen,,4,True
Data 2025.xlsx,7469,2025-11-08,2025-11,2025-W45,4,5,sal-1539-r01,Sal-1539-R01,سلطة زيتون,السلطة(Salad),Salad,السلطة(Salad),produce,مشويات بلاد الرافدين - حي الملك فيصل,مشويات بلاد الرافدين,حي الملك فيصل,مشويات بلاد الرافدين - حي الملك فيصل,الروضة,بلدية,بلدية الروضة,True,False,لا يوجد,,0,,,False,none,,8,True
Data 2025.xlsx,7471,2025-11-08,2025-11,2025-W45,4,5,sal-1540-r01,Sal-1540-R01,سلطة زبادي,السلطة(Salad),Salad,السلطة(Salad),produce,مشويات بلاد الرافدين - حي الملك فيصل,مشويات بلاد الرافدين,حي الملك فيصل,مشويات بلاد الرافدين - حي الملك فيصل,الروضة,بلدية,بلدية الروضة,True,False,لا يوجد,,0,,,False,none,,8,True
Data 2025.xlsx,7472,2025-11-08,2025-11,2025-W45,4,5,sal-1541-r01,Sal-1541-R01,سلطة خضراء,السلطة(Salad),Salad,السلطة(Salad),produce,مشويات بلاد الرافدين - حي الملك فيصل,مشويات بلاد الرافدين,حي الملك فيصل,مشويات بلاد الرافدين - حي الملك فيصل,الروضة,بلدية,بلدية الروضة,False,True,ايشيريشيا كولاي | استافيلوكوكس اورياس,ايشيريشيا كولاي | استافيلوكوكس اورياس,2,ايشيريشيا كولاي | استافيلوكوكس اورياس,,True,multi_pathogen,,9,True
Data 2025.xlsx,7477,2025-11-08,2025-11,2025-W45,4,5,sal-1542-r01,Sal-1542-R01,سلطة لبن خيار,السلطة(Salad),Salad,السلطة(Salad),produce,مطعم زهرة الغدير - حي الملك فيصل,مطعم زهرة الغدير,حي الملك فيصل,مطعم زهرة الغدير - حي الملك فيصل,الروضة,بلدية,بلدية الروضة,False,True,استافيلوكوكس اورياس,استافيلوكوكس اورياس,1,استافيلوكوكس اورياس,,True,pathogen,,2,True
Data 2025.xlsx,7478,2025-11-08,2025-11,2025-W45,4,5,sal-1543-r01,Sal-1543-R01,سلطة خضراء,السلطة(Salad),Salad,السلطة(Salad),produce,مطعم زهرة الغدير - حي الملك فيصل,مطعم زهرة الغدير,حي الملك فيصل,مطعم زهرة الغدير - حي الملك فيصل,الروضة,بلدية,بلدية الروضة,False,True,ايشيريشيا كولاي | استافيلوكوكس اورياس,ايشيريشيا كولاي | استافيلوكوكس اورياس,2,ايشيريشيا كولاي | استافيلوكوكس اورياس,,True,multi_pathogen,,3,True
Data 2025.xlsx,7481,2025-11-08,2025-11,2025-W45,4,5,sal-1544-r01,Sal-1544-R01,سلطة تراتو,السلطة(Salad),Salad,السلطة(Salad),produce,مطعم زهرة الغدير - حي الملك فيصل,مطعم زهرة الغدير,حي الملك فيصل,مطعم زهرة الغدير - حي الملك فيصل,الروضة,بلدية,بلدية الروضة,False,True,استافيلوكوكس اورياس,استافيلوكوكس اورياس,1,استافيلوكوكس اورياس,,True,pathogen,,5,True
Data 2025.xlsx,7483,2025-11-08,2025-11,2025-W45,4,5,sal-1545-r01,Sal-1545-R01,سلطة حارة,السلطة(Salad),Salad,السلطة(Salad),produce,مطعم زهرة الغدير - حي الملك فيصل,مطعم زهرة الغدير,حي الملك فيصل,مطعم زهرة الغدير - حي الملك فيصل,الروضة,بلدية,بلدية الروضة,True,False,لا يوجد,,0,,,False,none,,6,True
Data 2025.xlsx,7419,2025-11-08,2025-11,2025-W45,4,5,sau-2179-r01,sau-2179-R01,صوص حار,صوص (sauce),sauce,صوص (sauce),sauce_condiment,مطعم مضغوط كشنة - حي الملك فيصل,مطعم مضغوط كشنة,حي الملك فيصل,مطعم مضغوط كشنة - حي الملك فيصل,الروضة,بلدية,بلدية الروضة,False,True,العد الكلي للبكتيريا | استافيلوكوكس اورياس | الخمائر والاعفان,العد الكلي للبكتيريا | استافيلوكوكس اورياس | الخمائر والاعفان,3,استافيلوكوكس اورياس,العد الكلي للبكتيريا | الخمائر والاعفان,True,pathogen,,1,False
Data 2025.xlsx,7422,2025-11-08,2025-11,2025-W45,4,5,sau-2180-r01,sau-2180-R01,صوص سلطة خضراء,صوص (sauce),sauce,صوص (sauce),sauce_condiment,مطعم مضغوط كشنة - حي الملك فيصل,مطعم مضغوط كشنة,حي الملك فيصل,مطعم مضغوط كشنة - حي الملك فيصل,الروضة,بلدية,بلدية الروضة,True,False,لا يوجد,,0,,,False,none,,1,False
Data 2025.xlsx,7448,2025-11-08,2025-11,2025-W45,4,5,sau-2181-r01,sau-2181-R01,صوص كاتشب,صوص (sauce),sauce,صوص (sauce),sauce_condiment,مطعم كرم الرواد - حي الملك فيصل,مطعم كرم الرواد,حي الملك فيصل,مطعم كرم الرواد - حي الملك فيصل,الروضة,بلدية,بلدية الروضة,True,False,لا يوجد,,0,,,False,none,,0,False
Data 2025.xlsx,7449,2025-11-08,2025-11,2025-W45,4,5,sau-2182-r01,sau-2182-R01,صوص ثوم,صوص (sauce),sauce,صوص (sauce),sauce_condiment,مطعم كرم الرواد - حي الملك فيصل,مطعم كرم الرواد,حي الملك فيصل,مطعم كرم الرواد - حي الملك فيصل,الروضة,بلدية,بلدية الروضة,False,True,العد الكلي للبكتيريا,العد الكلي للبكتيريا,1,,العد الكلي للبكتيريا,False,indicator_only,,1,False
Data 2025.xlsx,7450,2025-11-08,2025-11,2025-W45,4,5,sau-2183-r01,sau-2183-R01,صوص ثوم حار,صوص (sauce),sauce,صوص (sauce),sauce_condiment,مطعم كرم الرواد - حي الملك فيصل,مطعم كرم الرواد,حي الملك فيصل,مطعم كرم الرواد - حي الملك فيصل,الروضة,بلدية,بلدية الروضة,False,True,العد الكلي للبكتيريا,العد الكلي للبكتيريا,1,,العد الكلي للبكتيريا,False,indicator_only,,2,True
Data 2025.xlsx,7494,2025-11-08,2025-11,2025-W45,4,5,sau-2184-r01,sau-2184-R01,صوص سبايسي,صوص (sauce),sauce,صوص (sauce),sauce_condiment,مطعم الفيشاوي - حي الملك فيصل,مطعم الفيشاوي,حي الملك فيصل,مطعم الفيشاوي - حي الملك فيصل,الروضة,بلدية,بلدية الروضة,False,True,العد الكلي للبكتيريا,العد الكلي للبكتيريا,1,,العد الكلي للبكتيريا,False,indicator_only,,6,True
Data 2025.xlsx,9926,2025-11-08,2025-11,2025-W45,4,5,sau-2645-r02,sau-2645-R02,صوص مانجا,صوص (sauce),sauce,صوص (sauce),sauce_condiment,كعكة المستقبل للحلويات - حي العليا,كعكة المستقبل للحلويات,حي العليا,كعكة المستقبل للحلويات - حي العليا,العليا,بلدية,بلدية العليا,True,False,لا يوجد,,0,,,False,none,,5,True
Data 2025.xlsx,9927,2025-11-08,2025-11,2025-W45,4,5,sau-2646-r02,sau-2646-R02,صوص دارك شوكليت,صوص (sauce),sauce,صوص (sauce),sauce_condiment,كعكة المستقبل للحلويات - حي العليا,كعكة المستقبل للحلويات,حي العليا,كعكة المستقبل للحلويات - حي العليا,العليا,بلدية,بلدية العليا,False,True,العد الكلي للبكتيريا,العد الكلي للبكتيريا,1,,العد الكلي للبكتيريا,False,indicator_only,,6,True
Data 2025.xlsx,9931,2025-11-08,2025-11,2025-W45,4,5,sau-2647-r02,sau-2647-R02,صوص كراميل,صوص (sauce),sauce,صوص (sauce),sauce_condiment,كعكة المستقبل للحلويات - حي العليا,كعكة المستقبل للحلويات,حي العليا,كعكة المستقبل للحلويات - حي العليا,العليا,بلدية,بلدية العليا,True,False,لا يوجد,,0,,,False,none,,7,True
Data 2025.xlsx,9934,2025-11-08,2025-11,2025-W45,4,5,sau-2648-r01,sau-2648-R01,صوص دكة,صوص (sauce),sauce,صوص (sauce),sauce_condiment,اجاي لتقديم المشروبات - حي العليا,اجاي لتقديم المشروبات,حي العليا,اجاي لتقديم المشروبات - حي العليا,العليا,بلدية,بلدية العليا,False,True,العد الكلي للبكتيريا | الخمائر والاعفان,العد الكلي للبكتيريا | الخمائر والاعفان,2,,العد الكلي للبكتيريا | الخمائر والاعفان,False,indicator_only,,1,False
Data 2025.xlsx,9935,2025-11-08,2025-11,2025-W45,4,5,sau-2649-r01,sau-2649-R01,صوص تونة سبايسي,صوص (sauce),sauce,صوص (sauce),sauce_condiment,اجاي لتقديم المشروبات - حي العليا,اجاي لتقديم المشروبات,حي العليا,اجاي لتقديم المشروبات - حي العليا,العليا,بلدية,بلدية العليا,False,True,العد الكلي للبكتيريا,العد الكلي للبكتيريا,1,,العد الكلي للبكتيريا,False,indicator_only,,2,True
Data 2025.xlsx,9936,2025-11-08,2025-11,2025-W45,4,5,sau-2650-r01,sau-2650-R01,صوص باذنجان,صوص (sauce),sauce,صوص (sauce),sauce_condiment,اجاي لتقديم المشروبات - حي العليا,اجاي لتقديم المشروبات,حي العليا,اجاي لتقديم المشروبات - حي العليا,العليا,بلدية,بلدية العليا,False,True,العد الكلي للبكتيريا,العد الكلي للبكتيريا,1,,العد الكلي للبكتيريا,False,indicator_only,,3,True
Data 2025.xlsx,9937,2025-11-08,2025-11,2025-W45,4,5,sau-2651-r01,sau-2651-R01,صوص فقع,صوص (sauce),sauce,صوص (sauce),sauce_condiment,اجاي لتقديم المشروبات - حي العليا,اجاي لتقديم المشروبات,حي العليا,اجاي لتقديم المشروبات - حي العليا,العليا,بلدية,بلدية العليا,True,False,لا يوجد,,0,,,False,none,,3,True
Data 2025.xlsx,9938,2025-11-08,2025-11,2025-W45,4,5,sau-2652-r01,sau-2652-R01,صوص طحينة,صوص (sauce),sauce,صوص (sauce),sauce_condiment,اجاي لتقديم المشروبات - حي العليا,اجاي لتقديم المشروبات,حي العليا,اجاي لتقديم المشروبات - حي العليا,العليا,بلدية,بلدية العليا,True,False,لا يوجد,,0,,,False,none,,3,True
Data 2025.xlsx,9950,2025-11-08,2025-11,2025-W45,4,5,sau-2653-r01,sau-2653-R01,صوص بيتزا,صوص (sauce),sauce,صوص (sauce),sauce_condiment,اجاي لتقديم المشروبات - حي العليا,اجاي لتقديم المشروبات,حي العليا,اجاي لتقديم المشروبات - حي العليا,العليا,بلدية,بلدية العليا,True,False,لا يوجد,,0,,,False,none,,5,True
Data 2025.xlsx,9961,2025-11-08,2025-11,2025-W45,4,5,sau-2654-r01,sau-2654-R01,صوص كراميل,صوص (sauce),sauce,صوص (sauce),sauce_condiment,اجاي لتقديم المشروبات - حي العليا,اجاي لتقديم المشروبات,حي العليا,اجاي لتقديم المشروبات - حي العليا,العليا,بلدية,بلدية العليا,True,False,لا يوجد,,0,,,False,none,,8,True
Data 2025.xlsx,9962,2025-11-08,2025-11,2025-W45,4,5,sau-2655-r01,sau-2655-R01,صوص نستلة,صوص (sauce),sauce,صوص (sauce),sauce_condiment,اجاي لتقديم المشروبات - حي العليا,اجاي لتقديم المشروبات,حي العليا,اجاي لتقديم المشروبات - حي العليا,العليا,بلدية,بلدية العليا,False,True,العد الكلي للبكتيريا | استافيلوكوكس اورياس,العد الكلي للبكتيريا | استافيلوكوكس اورياس,2,استافيلوكوكس اورياس,العد الكلي للبكتيريا,True,pathogen,,9,True
Data 2025.xlsx,9968,2025-11-08,2025-11,2025-W45,4,5,sau-2656-r01,sau-2656-R01,صوص مسخن,صوص (sauce),sauce,صوص (sauce),sauce_condiment,اجاي لتقديم المشروبات - حي العليا,اجاي لتقديم المشروبات,حي العليا,اجاي لتقديم المشروبات - حي العليا,العليا,بلدية,بلدية العليا,False,True,العد الكلي للبكتيريا,العد الكلي للبكتيريا,1,,العد الكلي للبكتيريا,False,indicator_only,,11,True
Data 2025.xlsx,7454,2025-11-08,2025-11,2025-W45,4,5,sw-3427-r01,sw-3427-R01,مسحة قطاعة شاورما دجاج,(Swabs) المسحات,Swabs,(Swabs) المسحات,swab,مطعم كرم الرواد - حي الملك فيصل,مطعم كرم الرواد,حي الملك فيصل,مطعم كرم الرواد - حي الملك فيصل,الروضة,بلدية,بلدية الروضة,False,True,العد الكلي للبكتيريا,العد الكلي للبكتيريا,1,,العد الكلي للبكتيريا,False,indicator_only,,4,True
Data 2025.xlsx,7457,2025-11-08,2025-11,2025-W45,4,5,sw-3428-r01,sw-3428-R01,مسحة طاولة تقطيع خضار,(Swabs) المسحات,Swabs,(Swabs) المسحات,swab,مشويات بلاد الرافدين - حي الملك فيصل,مشويات بلاد الرافدين,حي الملك فيصل,مشويات بلاد الرافدين - حي الملك فيصل,الروضة,بلدية,بلدية الروضة,False,True,العد الكلي للبكتيريا,العد الكلي للبكتيريا,1,,العد الكلي للبكتيريا,False,indicator_only,,2,True
Data 2025.xlsx,7458,2025-11-08,2025-11,2025-W45,4,5,sw-3429-r01,sw-3429-R01,مسحة طاولة تحضير كباب ني,(Swabs) المسحات,Swabs,(Swabs) المسحات,swab,مشويات بلاد الرافدين - حي الملك فيصل,مشويات بلاد الرافدين,حي الملك فيصل,مشويات بلاد الرافدين - حي الملك فيصل,الروضة,بلدية,بلدية الروضة,True,False,لا يوجد,,0,,,False,none,,2,True
Data 2025.xlsx,7459,2025-11-08,2025-11,2025-W45,4,5,sw-3430-r01,sw-3430-R01,مسحة ثلاجة اللحوم لحم + دجاج,(Swabs) المسحات,Swabs,(Swabs) المسحات,swab,مشويات بلاد الرافدين - حي الملك فيصل,مشويات بلاد الرافدين,حي الملك فيصل,مشويات بلاد الرافدين - حي الملك فيصل,الروضة,بلدية,بلدية الروضة,True,False,لا يوجد,,0,,,False,none,,2,True
Data 2025.xlsx,7460,2025-11-08,2025-11,2025-W45,4,5,sw-3431-r01,sw-3431-R01,مسحة طاولة تقطيع خبز,(Swabs) المسحات,Swabs,(Swabs) المسحات,swab,مشويات بلاد الرافدين - حي الملك فيصل,مشويات بلاد الرافدين,حي الملك فيصل,مشويات بلاد الرافدين - حي الملك فيصل,الروضة,بلدية,بلدية الروضة,False,True,العد الكلي للبكتيريا,العد الكلي للبكتيريا,1,,العد الكلي للبكتيريا,False,indicator_only,,3,True
Data 2025.xlsx,7474,2025-11-08,2025-11,2025-W45,4,5,sw-3432-r01,sw-3432-R01,مسحة طاولة تقطيع ليمون,(Swabs) المسحات,Swabs,(Swabs) المسحات,swab,مشويات بلاد الرافدين - حي الملك فيصل,مشويات بلاد الرافدين,حي الملك فيصل,مشويات بلاد الرافدين - حي الملك فيصل,الروضة,بلدية,بلدية الروضة,True,False,لا يوجد,,0,,,False,none,,10,True
Data 2025.xlsx,7484,2025-11-08,2025-11,2025-W45,4,5,sw-3433-r01,sw-3433-R01,مسحة سخان الايدامات,(Swabs) المسحات,Swabs,(Swabs) المسحات,swab,مطعم زهرة الغدير - حي الملك فيصل,مطعم زهرة الغدير,حي الملك فيصل,مطعم زهرة الغدير - حي الملك فيصل,الروضة,بلدية,بلدية الروضة,True,False,لا يوجد,,0,,,False,none,,6,True
Data 2025.xlsx,7485,2025-11-08,2025-11,2025-W45,4,5,sw-3434-r01,sw-3434-R01,مسحة حافظة الدجاج نص استواء,(Swabs) المسحات,Swabs,(Swabs) المسحات,swab,مطعم زهرة الغدير - حي الملك فيصل,مطعم زهرة الغدير,حي الملك فيصل,مطعم زهرة الغدير - حي الملك فيصل,الروضة,بلدية,بلدية الروضة,True,False,لا يوجد,,0,,,False,none,,6,True
Data 2025.xlsx,7486,2025-11-08,2025-11,2025-W45,4,5,sw-3435-r01,sw-3435-R01,مسحة ادوات تحضير,(Swabs) المسحات,Swabs,(Swabs) المسحات,swab,مطعم زهرة الغدير - حي الملك فيصل,مطعم زهرة الغدير,حي الملك فيصل,مطعم زهرة الغدير - حي الملك فيصل,الروضة,بلدية,بلدية الروضة,True,False,لا يوجد,,0,,,False,none,,6,True
Data 2025.xlsx,9932,2025-11-08,2025-11,2025-W45,4,5,sw-3691-r02,sw-3691-R02,مسحة ثلاجة دونت,(Swabs) المسحات,Swabs,(Swabs) المسحات,swab,كعكة المستقبل للحلويات - حي العليا,كعكة المستقبل للحلويات,حي العليا,كعكة المستقبل للحلويات - حي العليا,العليا,بلدية,بلدية العليا,True,False,لا يوجد,,0,,,False,none,,7,True
Data 2025.xlsx,9925,2025-11-08,2025-11,2025-W45,4,5,sw-3692-r02,sw-3692-R02,مسحة صانعة ثلج,(Swabs) المسحات,Swabs,(Swabs) المسحات,swab,كعكة المستقبل للحلويات - حي العليا,كعكة المستقبل للحلويات,حي العليا,كعكة المستقبل للحلويات - حي العليا,العليا,بلدية,بلدية العليا,True,False,لا يوجد,,0,,,False,none,,5,True
Data 2025.xlsx,9933,2025-11-08,2025-11,2025-W45,4,5,sw-3693-r02,sw-3693-R02,مسحة حافظة دونت,(Swabs) المسحات,Swabs,(Swabs) المسحات,swab,كعكة المستقبل للحلويات - حي العليا,كعكة المستقبل للحلويات,حي العليا,كعكة المستقبل للحلويات - حي العليا,العليا,بلدية,بلدية العليا,True,False,لا يوجد,,0,,,False,none,,7,True
Data 2025.xlsx,9957,2025-11-08,2025-11,2025-W45,4,5,sw-3694-r01,sw-3694-R01,مسحة ثلاجة اعداد,(Swabs) المسحات,Swabs,(Swabs) المسحات,swab,اجاي لتقديم المشروبات - حي العليا,اجاي لتقديم المشروبات,حي العليا,اجاي لتقديم المشروبات - حي العليا,العليا,بلدية,بلدية العليا,True,False,لا يوجد,,0,,,False,none,,8,True
Data 2025.xlsx,9958,2025-11-08,2025-11,2025-W45,4,5,sw-3695-r01,sw-3695-R01,مسحة ثلاجة اعداد,(Swabs) المسحات,Swabs,(Swabs) المسحات,swab,اجاي لتقديم المشروبات - حي العليا,اجاي لتقديم المشروبات,حي العليا,اجاي لتقديم المشروبات - حي العليا,العليا,بلدية,بلدية العليا,True,False,لا يوجد,,0,,,False,none,,8,True
Data 2025.xlsx,9966,2025-11-08,2025-11,2025-W45,4,5,sw-3696-r01,sw-3696-R01,مسحة يد,(Swabs) المسحات,Swabs,(Swabs) المسحات,swab,اجاي لتقديم المشروبات - حي العليا,اجاي لتقديم المشروبات,حي العليا,اجاي لتقديم المشروبات - حي العليا,العليا,بلدية,بلدية العليا,True,False,لا يوجد,,0,,,False,none,,9,True
Data 2025.xlsx,9967,2025-11-08,2025-11,2025-W45,4,5,sw-3697-r01,sw-3697-R01,مسحة يد,(Swabs) المسحات,Swabs,(Swabs) المسحات,swab,اجاي لتقديم المشروبات - حي العليا,اجاي لتقديم المشروبات,حي العليا,اجاي لتقديم المشروبات - حي العليا,العليا,بلدية,بلدية العليا,False,True,العد الكلي للبكتيريا,العد الكلي للبكتيريا,1,,العد الكلي للبكتيريا,False,indicator_only,,10,True
Data 2025.xlsx,9970,2025-11-08,2025-11,2025-W45,4,5,sw-3698-r01,sw-3698-R01,مسحة صانعة ثلج,(Swabs) المسحات,Swabs,(Swabs) المسحات,swab,اجاي لتقديم المشروبات - حي العليا,اجاي لتقديم المشروبات,حي العليا,اجاي لتقديم المشروبات - حي العليا,العليا,بلدية,بلدية العليا,True,False,لا يوجد,,0,,,False,none,,11,True
Data 2025.xlsx,7440,2025-11-08,2025-11,2025-W45,4,5,sweet-1336-r01,sweet-1336-R01,مهلبية,الحلا(sweetness),sweetness,الحلا(sweetness),sweets_bakery,مطعم دار الخليج العربي - حي الملك فيصل,مطعم دار الخليج العربي,حي الملك فيصل,مطعم دار الخليج العربي - حي الملك فيصل,الروضة,بلدية,بلدية الروضة,True,False,لا يوجد,,0,,,False,none,,3,True
Data 2025.xlsx,7441,2025-11-08,2025-11,2025-W45,4,5,sweet-1337-r01,sweet-1337-R01,حلا فراولة,الحلا(sweetness),sweetness,الحلا(sweetness),sweets_bakery,مطعم دار الخليج العربي - حي الملك فيصل,مطعم دار الخليج العربي,حي الملك فيصل,مطعم دار الخليج العربي - حي الملك فيصل,الروضة,بلدية,بلدية الروضة,True,False,لا يوجد,,0,,,False,none,,3,True
Data 2025.xlsx,7442,2025-11-08,2025-11,2025-W45,4,5,sweet-1338-r01,sweet-1338-R01,حلا توت بري,الحلا(sweetness),sweetness,الحلا(sweetness),sweets_bakery,مطعم دار الخليج العربي - حي الملك فيصل,مطعم دار الخليج العربي,حي الملك فيصل,مطعم دار الخليج العربي - حي الملك فيصل,الروضة,بلدية,بلدية الروضة,True,False,لا يوجد,,0,,,False,none,,3,True
Data 2025.xlsx,7443,2025-11-08,2025-11,2025-W45,4,5,sweet-1339-r01,sweet-1339-R01,جلي فراولة,الحلا(sweetness),sweetness,الحلا(sweetness),sweets_bakery,مطعم دار الخليج العربي - حي الملك فيصل,مطعم دار الخليج العربي,حي الملك فيصل,مطعم دار الخليج العربي - حي الملك فيصل,الروضة,بلدية,بلدية الروضة,False,True,الخمائر والاعفان,الخمائر والاعفان,1,,الخمائر والاعفان,False,indicator_only,,4,True
Data 2025.xlsx,7444,2025-11-08,2025-11,2025-W45,4,5,sweet-1340-r01,sweet-1340-R01,تراميسو,الحلا(sweetness),sweetness,الحلا(sweetness),sweets_bakery,مطعم دار الخليج العربي - حي الملك فيصل,مطعم دار الخليج العربي,حي الملك فيصل,مطعم دار الخليج العربي - حي الملك فيصل,الروضة,بلدية,بلدية الروضة,False,True,العد الكلي للبكتيريا,العد الكلي للبكتيريا,1,,العد الكلي للبكتيريا,False,indicator_only,,5,True
Data 2025.xlsx,7445,2025-11-08,2025-11,2025-W45,4,5,sweet-1341-r01,sweet-1341-R01,تشيز ايس كريم,الحلا(sweetness),sweetness,الحلا(sweetness),sweets_bakery,مطعم دار الخليج العربي - حي الملك فيصل,مطعم دار الخليج العربي,حي الملك فيصل,مطعم دار الخليج العربي - حي الملك فيصل,الروضة,بلدية,بلدية الروضة,False,True,انتيروباكتريسي,انتيروباكتريسي,1,,انتيروباكتريسي,False,indicator_only,,6,True
Data 2025.xlsx,7446,2025-11-08,2025-11,2025-W45,4,5,sweet-1342-r01,sweet-1342-R01,رز بالحليب,الحلا(sweetness),sweetness,الحلا(sweetness),sweets_bakery,مطعم دار الخليج العربي - حي الملك فيصل,مطعم دار الخليج العربي,حي الملك فيصل,مطعم دار الخليج العربي - حي الملك فيصل,الروضة,بلدية,بلدية الروضة,True,False,لا يوجد,,0,,,False,none,,6,True
Data 2025.xlsx,7499,2025-11-08,2025-11,2025-W45,4,5,sweet-1343-r01,sweet-1343-R01,كريم كراميل,الحلا(sweetness),sweetness,الحلا(sweetness),sweets_bakery,مطعم الفيشاوي - حي الملك فيصل,مطعم الفيشاوي,حي الملك فيصل,مطعم الفيشاوي - حي الملك فيصل,الروضة,بلدية,بلدية الروضة,True,False,لا يوجد,,0,,,False,none,,7,True
Data 2025.xlsx,7500,2025-11-08,2025-11,2025-W45,4,5,sweet-1344-r01,sweet-1344-R01,رز بالحليب,الحلا(sweetness),sweetness,الحلا(sweetness),sweets_bakery,مطعم الفيشاوي - حي الملك فيصل,مطعم الفيشاوي,حي الملك فيصل,مطعم الفيشاوي - حي الملك فيصل,الروضة,بلدية,بلدية الروضة,True,False,لا يوجد,,0,,,False,none,,7,True
Data 2025.xlsx,9914,2025-11-08,2025-11,2025-W45,4,5,sweet-1519-r02,sweet-1519-R02,قرفة رول,الحلا(sweetness),sweetness,الحلا(sweetness),sweets_bakery,كعكة المستقبل للحلويات - حي العليا,كعكة المستقبل للحلويات,حي العليا,كعكة المستقبل للحلويات - حي العليا,العليا,بلدية,بلدية العليا,False,True,العد الكلي للبكتيريا,العد الكلي للبكتيريا,1,,العد الكلي للبكتيريا,False,indicator_only,,3,True
Data 2025.xlsx,9920,2025-11-08,2025-11,2025-W45,4,5,sweet-1520-r02,sweet-1520-R02,قرفة تويست,الحلا(sweetness),sweetness,الحلا(sweetness),sweets_bakery,كعكة المستقبل للحلويات - حي العليا,كعكة المستقبل للحلويات,حي العليا,كعكة المستقبل للحلويات - حي العليا,العليا,بلدية,بلدية العليا,True,False,لا يوجد,,0,,,False,none,,5,True
Data 2025.xlsx,9917,2025-11-08,2025-11,2025-W45,4,5,sweet-1521-r02,sweet-1521-R02,دونت نوتيلا,الحلا(sweetness),sweetness,الحلا(sweetness),sweets_bakery,كعكة المستقبل للحلويات - حي العليا,كعكة المستقبل للحلويات,حي العليا,كعكة المستقبل للحلويات - حي العليا,العليا,بلدية,بلدية العليا,False,True,العد الكلي للبكتيريا,العد الكلي للبكتيريا,1,,العد الكلي للبكتيريا,False,indicator_only,,5,True
Data 2025.xlsx,9909,2025-11-08,2025-11,2025-W45,4,5,sweet-1522-r02,sweet-1522-R02,دونت الفول السوداني محشي بلو بيري,الحلا(sweetness),sweetness,الحلا(sweetness),sweets_bakery,كعكة المستقبل للحلويات - حي العليا,كعكة المستقبل للحلويات,حي العليا,كعكة المستقبل للحلويات - حي العليا,العليا,بلدية,بلدية العليا,True,False,لا يوجد,,0,,,False,none,,1,False
Data 2025.xlsx,9903,2025-11-08,2025-11,2025-W45,4,5,sweet-1523-r02,sweet-1523-R02,فونش كولر تشوكليت,الحلا(sweetness),sweetness,الحلا(sweetness),sweets_bakery,كعكة المستقبل للحلويات - حي العليا,كعكة المستقبل للحلويات,حي العليا,كعكة المستقبل للحلويات - حي العليا,العليا,بلدية,بلدية العليا,True,False,لا يوجد,,0,,,False,none,,0,False
Data 2025.xlsx,9921,2025-11-08,2025-11,2025-W45,4,5,sweet-1524-r02,sweet-1524-R02,قرفة فرنش كولر قليز,الحلا(sweetness),sweetness,الحلا(sweetness),sweets_bakery,كعكة المستقبل للحلويات - حي العليا,كعكة المستقبل للحلويات,حي العليا,كعكة المستقبل للحلويات - حي العليا,العليا,بلدية,بلدية العليا,True,False,لا يوجد,,0,,,False,none,,5,True
Data 2025.xlsx,9910,2025-11-08,2025-11,2025-W45,4,5,sweet-1525-r02,sweet-1525-R02,فرنش كولر قليز,الحلا(sweetness),sweetness,الحلا(sweetness),sweets_bakery,كعكة المستقبل للحلويات - حي العليا,كعكة المستقبل للحلويات,حي العليا,كعكة المستقبل للحلويات - حي العليا,العليا,بلدية,بلدية العليا,True,False,لا يوجد,,0,,,False,none,,1,False
Data 2025.xlsx,9918,2025-11-08,2025-11,2025-W45,4,5,sweet-1526-r02,sweet-1526-R02,اولد فاشن جليز,الحلا(sweetness),sweetness,الحلا(sweetness),sweets_bakery,كعكة المستقبل للحلويات - حي العليا,كعكة المستقبل للحلويات,حي العليا,كعكة المستقبل للحلويات - حي العليا,العليا,بلدية,بلدية العليا,True,False,لا يوجد,,0,,,False,none,,5,True
Data 2025.xlsx,9912,2025-11-08,2025-11,2025-W45,4,5,sweet-1527-r02,sweet-1527-R02,اولد فاشن جوز الهند,الحلا(sweetness),sweetness,الحلا(sweetness),sweets_bakery,كعكة المستقبل للحلويات - حي العليا,كعكة المستقبل للحلويات,حي العليا,كعكة المستقبل للحلويات - حي العليا,العليا,بلدية,بلدية العليا,True,False,لا يوجد,,0,,,False,none,,2,True
Data 2025.xlsx,7501,2025-11-08,2025-11,2025-W45,4,5,ubot-1063-r01,Ubot-1063-R01,مياه حنفية لغسيل الادوات,المياه الغير معبأة (Unbottled water),Unbottled water,المياه الغير معبأة (Unbottled water),water,مؤسسة اللحمة الذهبية,مؤسسة اللحمة الذهبية,,مؤسسة اللحمة الذهبية,النسيم,بلدية,بلدية النسيم,True,False,لا يوجد,,0,,,False,none,,0,False
Data 2025.xlsx,9977,2025-11-09,2025-11,2025-W45,4,6,1-3715-R01,1-3715-R01,افوكادو,افوكادو(avocado),avocado,افوكادو(avocado),other,فندق الرياض فور سيزونز - شارع العليا,فندق الرياض فور سيزونز,شارع العليا,فندق الرياض فور سيزونز - شارع العليا,العليا,بلدية,بلدية العليا,True,False,لا يوجد,,0,,,False,none,sample_type_unbucketed,1,False
Data 2025.xlsx,9983,2025-11-09,2025-11,2025-W45,4,6,1-3716-R01,1-3716-R01,زعتر,الزعتر (thyme),thyme,الزعتر (thyme),produce,فندق الرياض فور سيزونز - شارع العليا,فندق الرياض فور سيزونز,شارع العليا,فندق الرياض فور سيزونز - شارع العليا,العليا,بلدية,بلدية العليا,True,False,لا يوجد,,0,,,False,none,,2,True
Data 2025.xlsx,9985,2025-11-09,2025-11,2025-W45,4,6,1-3717-R01,1-3717-R01,مرتديلا ديك رومي,(Mortadella) مرتديلا,Mortadella,(Mortadella) مرتديلا,cooked_meat_poultry,فندق الرياض فور سيزونز - شارع العليا,فندق الرياض فور سيزونز,شارع العليا,فندق الرياض فور سيزونز - شارع العليا,العليا,بلدية,بلدية العليا,False,True,العد الكلي للبكتيريا,العد الكلي للبكتيريا,1,,العد الكلي للبكتيريا,False,indicator_only,,3,True
Data 2025.xlsx,9993,2025-11-09,2025-11,2025-W45,4,6,1-3718-R01,1-3718-R01,نكهة فانيلا,نكهات مركزة ( Syrup ),Syrup,نكهات مركزة ( Syrup ),sauce_condiment,فندق الرياض فور سيزونز - شارع العليا,فندق الرياض فور سيزونز,شارع العليا,فندق الرياض فور سيزونز - شارع العليا,العليا,بلدية,بلدية العليا,True,False,لا يوجد,,0,,,False,none,,5,True
Data 2025.xlsx,9994,2025-11-09,2025-11,2025-W45,4,6,1-3719-R01,1-3719-R01,نكهة كراميل,نكهات مركزة ( Syrup ),Syrup,نكهات مركزة ( Syrup ),sauce_condiment,فندق الرياض فور سيزونز - شارع العليا,فندق الرياض فور سيزونز,شارع العليا,فندق الرياض فور سيزونز - شارع العليا,العليا,بلدية,بلدية العليا,True,False,لا يوجد,,0,,,False,none,,5,True
Data 2025.xlsx,10000,2025-11-09,2025-11,2025-W45,4,6,1-3720-R01,1-3720-R01,فريكة,القمح (wheat),wheat,القمح (wheat),other,فندق الرياض فور سيزونز - شارع العليا,فندق الرياض فور سيزونز,شارع العليا,فندق الرياض فور سيزونز - شارع العليا,العليا,بلدية,بلدية العليا,True,False,لا يوجد,,0,,,False,none,sample_type_unbucketed,5,True
Data 2025.xlsx,10007,2025-11-09,2025-11,2025-W45,4,6,1-3721-R01,1-3721-R01,نكهة فراولة مع قطع فراولة,نكهات مركزة ( Syrup ),Syrup,نكهات مركزة ( Syrup ),sauce_condiment,فندق الرياض فور سيزونز - شارع العليا,فندق الرياض فور سيزونز,شارع العليا,فندق الرياض فور سيزونز - شارع العليا,العليا,بلدية,بلدية العليا,False,True,العد الكلي للبكتيريا | الخمائر والاعفان,العد الكلي للبكتيريا | الخمائر والاعفان,2,,العد الكلي للبكتيريا | الخمائر والاعفان,False,indicator_only,,10,True
Data 2025.xlsx,10008,2025-11-09,2025-11,2025-W45,4,6,300-0011-R01,300-0011-R01,لوز ناعم مع بندق ناعم حلا,المكسرات (Nuts),Nuts,المكسرات (Nuts),produce,فندق الرياض فور سيزونز - شارع العليا,فندق الرياض فور سيزونز,شارع العليا,فندق الرياض فور سيزونز - شارع العليا,العليا,بلدية,بلدية العليا,True,False,لا يوجد,,0,,,False,none,,10,True
Data 2025.xlsx,9976,2025-11-09,2025-11,2025-W45,4,6,O-U-to-0716-R01,O-U-to-0716-R01,قطع طماطم شيري مطبوخ,الطماطم (Tomatoes),Tomatoes,الطماطم (Tomatoes),produce,فندق الرياض فور سيزونز - شارع العليا,فندق الرياض فور سيزونز,شارع العليا,فندق الرياض فور سيزونز - شارع العليا,العليا,بلدية,بلدية العليا,True,False,لا يوجد,,0,,,False,none,,1,False
Data 2025.xlsx,9974,2025-11-09,2025-11,2025-W45,4,6,O-r-O3-le-0391-R01,O-r-O3-le-0391-R01,خس,الخس (Lettuce),Lettuce,الخس (Lettuce),produce,فندق الرياض فور سيزونز - شارع العليا,فندق الرياض فور سيزونز,شارع العليا,فندق الرياض فور سيزونز - شارع العليا,العليا,بلدية,بلدية العليا,True,False,لا يوجد,,0,,,False,none,,1,False
Data 2025.xlsx,9990,2025-11-09,2025-11,2025-W45,4,6,O-r-U-cu-0317-R01,O-r-U-cu-0317-R01,قطع خيار,الخيار (cucumbers),cucumbers,الخيار (cucumbers),produce,فندق الرياض فور سيزونز - شارع العليا,فندق الرياض فور سيزونز,شارع العليا,فندق الرياض فور سيزونز - شارع العليا,العليا,بلدية,بلدية العليا,False,True,استافيلوكوكس اورياس,استافيلوكوكس اورياس,1,استافيلوكوكس اورياس,,True,pathogen,,5,True
Data 2025.xlsx,9975,2025-11-09,2025-11,2025-W45,4,6,OO-OSS-po-0463-R01,OO-OSS-po-0463-R01,بطاطس مع جبن مقلي,البطاطس (potatoes),potatoes,البطاطس (potatoes),produce,فندق الرياض فور سيزونز - شارع العليا,فندق الرياض فور سيزونز,شارع العليا,فندق الرياض فور سيزونز - شارع العليا,العليا,بلدية,بلدية العليا,True,False,لا يوجد,,0,,,False,none,,1,False
Data 2025.xlsx,9979,2025-11-09,2025-11,2025-W45,4,6,OO-wm-0043-R01,OO-wm-0043-R01,قطع جح,البطيخ (watermelons),watermelons,البطيخ (watermelons),water,فندق الرياض فور سيزونز - شارع العليا,فندق الرياض فور سيزونز,شارع العليا,فندق الرياض فور سيزونز - شارع العليا,العليا,بلدية,بلدية العليا,True,False,لا يوجد,,0,,,False,none,,1,False
Data 2025.xlsx,9978,2025-11-09,2025-11,2025-W45,4,6,OSSUOSS-pin-0018-R01,OSSUOSS-pin-0018-R01,قطع اناناس,اناناس (pineapple),pineapple,اناناس (pineapple),produce,فندق الرياض فور سيزونز - شارع العليا,فندق الرياض فور سيزونز,شارع العليا,فندق الرياض فور سيزونز - شارع العليا,العليا,بلدية,بلدية العليا,True,False,لا يوجد,,0,,,False,none,,1,False
Data 2025.xlsx,9971,2025-11-09,2025-11,2025-W45,4,6,UO-ra-0113-R01,UO-ra-0113-R01,شرائح فجل,الفجل (radishes),radishes,الفجل (radishes),produce,فندق الرياض فور سيزونز - شارع العليا,فندق الرياض فور سيزونز,شارع العليا,فندق الرياض فور سيزونز - شارع العليا,العليا,بلدية,بلدية العليا,True,False,لا يوجد,,0,,,False,none,,0,False
Data 2025.xlsx,9986,2025-11-09,2025-11,2025-W45,4,6,appe-0646-r01,Appe-0646-R01,حمص,مقبلات (Appetizers),Appetizers,مقبلات (Appetizers),prepared_meal,فندق الرياض فور سيزونز - شارع العليا,فندق الرياض فور سيزونز,شارع العليا,فندق الرياض فور سيزونز - شارع العليا,العليا,بلدية,بلدية العليا,True,False,لا يوجد,,0,,,False,none,,3,True
Data 2025.xlsx,9987,2025-11-09,2025-11,2025-W45,4,6,appe-0647-r01,Appe-0647-R01,حمص سبايسي,مقبلات (Appetizers),Appetizers,مقبلات (Appetizers),prepared_meal,فندق الرياض فور سيزونز - شارع العليا,فندق الرياض فور سيزونز,شارع العليا,فندق الرياض فور سيزونز - شارع العليا,العليا,بلدية,بلدية العليا,True,False,لا يوجد,,0,,,False,none,,3,True
Data 2025.xlsx,9988,2025-11-09,2025-11,2025-W45,4,6,appe-0648-r01,Appe-0648-R01,حمص شمندر,مقبلات (Appetizers),Appetizers,مقبلات (Appetizers),prepared_meal,فندق الرياض فور سيزونز - شارع العليا,فندق الرياض فور سيزونز,شارع العليا,فندق الرياض فور سيزونز - شارع العليا,العليا,بلدية,بلدية العليا,True,False,لا يوجد,,0,,,False,none,,3,True
Data 2025.xlsx,10009,2025-11-09,2025-11,2025-W45,4,6,appe-0649-r01,Appe-0649-R01,متبل مع رمان,مقبلات (Appetizers),Appetizers,مقبلات (Appetizers),prepared_meal,فندق الرياض فور سيزونز - شارع العليا,فندق الرياض فور سيزونز,شارع العليا,فندق الرياض فور سيزونز - شارع العليا,العليا,بلدية,بلدية العليا,True,False,لا يوجد,,0,,,False,none,,10,True
Data 2025.xlsx,10011,2025-11-09,2025-11,2025-W45,4,6,appe-0650-r01,Appe-0650-R01,حمص مع خضار,مقبلات (Appetizers),Appetizers,مقبلات (Appetizers),prepared_meal,فندق الرياض فور سيزونز - شارع العليا,فندق الرياض فور سيزونز,شارع العليا,فندق الرياض فور سيزونز - شارع العليا,العليا,بلدية,بلدية العليا,True,False,لا يوجد,,0,,,False,none,,10,True
Data 2025.xlsx,10010,2025-11-09,2025-11,2025-W45,4,6,bri-0388-r01,bri-0388-R01,لبنة,لبنة ( brick),brick,لبنة ( brick),dairy,فندق الرياض فور سيزونز - شارع العليا,فندق الرياض فور سيزونز,شارع العليا,فندق الرياض فور سيزونز - شارع العليا,العليا,بلدية,بلدية العليا,True,False,لا يوجد,,0,,,False,none,,10,True
Data 2025.xlsx,9982,2025-11-09,2025-11,2025-W45,4,6,chee-0905-r01,Chee-0905-R01,جبنة قشطوان,(cheese) جبنة,cheese,(cheese) جبنة,dairy,فندق الرياض فور سيزونز - شارع العليا,فندق الرياض فور سيزونز,شارع العليا,فندق الرياض فور سيزونز - شارع العليا,العليا,بلدية,بلدية العليا,False,True,ايشيريشيا كولاي | انتيروباكتريسي | استافيلوكوكس اورياس,ايشيريشيا كولاي | انتيروباكتريسي | استافيلوكوكس اورياس,3,ايشيريشيا كولاي | استافيلوكوكس اورياس,انتيروباكتريسي,True,multi_pathogen,,2,True
Data 2025.xlsx,9984,2025-11-09,2025-11,2025-W45,4,6,chee-0906-r01,Chee-0906-R01,جبنة فيتا,(cheese) جبنة,cheese,(cheese) جبنة,dairy,فندق الرياض فور سيزونز - شارع العليا,فندق الرياض فور سيزونز,شارع العليا,فندق الرياض فور سيزونز - شارع العليا,العليا,بلدية,بلدية العليا,True,False,لا يوجد,,0,,,False,none,,2,True
Data 2025.xlsx,10016,2025-11-09,2025-11,2025-W45,4,6,chee-0907-r01,Chee-0907-R01,حلوم,(cheese) جبنة,cheese,(cheese) جبنة,dairy,فندق الرياض فور سيزونز - شارع العليا,فندق الرياض فور سيزونز,شارع العليا,فندق الرياض فور سيزونز - شارع العليا,العليا,بلدية,بلدية العليا,True,False,لا يوجد,,0,,,False,none,,12,True
Data 2025.xlsx,10006,2025-11-09,2025-11,2025-W45,4,6,cho-0096-r01,cho-0096-R01,شوكولاتة براوني,الشوكولاته (Chocolate),Chocolate,الشوكولاته (Chocolate),sweets_bakery,فندق الرياض فور سيزونز - شارع العليا,فندق الرياض فور سيزونز,شارع العليا,فندق الرياض فور سيزونز - شارع العليا,العليا,بلدية,بلدية العليا,True,False,لا يوجد,,0,,,False,none,,9,True
Data 2025.xlsx,9980,2025-11-09,2025-11,2025-W45,4,6,ck-0136-r01,ck-0136-R01,كيك بجوز الهند,كيك (cake),cake,كيك (cake),sweets_bakery,فندق الرياض فور سيزونز - شارع العليا,فندق الرياض فور سيزونز,شارع العليا,فندق الرياض فور سيزونز - شارع العليا,العليا,بلدية,بلدية العليا,True,False,لا يوجد,,0,,,False,none,,1,False
Data 2025.xlsx,9991,2025-11-09,2025-11,2025-W45,4,6,cor-0316-r01,Cor-0316-R01,ذزة,الذرة (Corn),Corn,الذرة (Corn),produce,فندق الرياض فور سيزونز - شارع العليا,فندق الرياض فور سيزونز,شارع العليا,فندق الرياض فور سيزونز - شارع العليا,العليا,بلدية,بلدية العليا,True,False,لا يوجد,,0,,,False,none,,5,True
Data 2025.xlsx,10015,2025-11-09,2025-11,2025-W45,4,6,fermintedmilk-0012-r01,Fermintedmilk-0012-R01,سلطة زبادي,"Fermented milk products , منتجات الحليب المخمرة",Fermented milk products,"Fermented milk products , منتجات الحليب المخمرة",dairy,فندق الرياض فور سيزونز - شارع العليا,فندق الرياض فور سيزونز,شارع العليا,فندق الرياض فور سيزونز - شارع العليا,العليا,بلدية,بلدية العليا,False,True,الخمائر والاعفان,الخمائر والاعفان,1,,الخمائر والاعفان,False,indicator_only,,12,True
Data 2025.xlsx,10001,2025-11-09,2025-11,2025-W45,4,6,fi-0006-r01,fi-0006-R01,مدخن سلمون,أسماك مدخنة (smoked fish ),smoked fish,أسماك مدخنة (smoked fish ),cooked_meat_poultry,فندق الرياض فور سيزونز - شارع العليا,فندق الرياض فور سيزونز,شارع العليا,فندق الرياض فور سيزونز - شارع العليا,العليا,بلدية,بلدية العليا,True,False,لا يوجد,,0,,,False,none,,5,True
Data 2025.xlsx,10012,2025-11-09,2025-11,2025-W45,4,6,gr-0220-r01,gr-0220-R01,ورق عنب,ورق عنب (Grape leaves),Grape leaves,ورق عنب (Grape leaves),produce,فندق الرياض فور سيزونز - شارع العليا,فندق الرياض فور سيزونز,شارع العليا,فندق الرياض فور سيزونز - شارع العليا,العليا,بلدية,بلدية العليا,True,False,لا يوجد,,0,,,False,none,,10,True
Data 2025.xlsx,10002,2025-11-09,2025-11,2025-W45,4,6,jui-0566-r01,jui-0566-R01,عصير فراولة,العصائر الطازجة Un-pasteurized juices (fresh),fresh,العصائر الطازجة Un-pasteurized juices (fresh),beverage,فندق الرياض فور سيزونز - شارع العليا,فندق الرياض فور سيزونز,شارع العليا,فندق الرياض فور سيزونز - شارع العليا,العليا,بلدية,بلدية العليا,False,True,الخمائر والاعفان,الخمائر والاعفان,1,,الخمائر والاعفان,False,indicator_only,,6,True
Data 2025.xlsx,10003,2025-11-09,2025-11,2025-W45,4,6,jui-0567-r01,jui-0567-R01,عصير جزر,العصائر الطازجة Un-pasteurized juices (fresh),fresh,العصائر الطازجة Un-pasteurized juices (fresh),beverage,فندق الرياض فور سيزونز - شارع العليا,فندق الرياض فور سيزونز,شارع العليا,فندق الرياض فور سيزونز - شارع العليا,العليا,بلدية,بلدية العليا,False,True,الخمائر والاعفان,الخمائر والاعفان,1,,الخمائر والاعفان,False,indicator_only,,7,True
Data 2025.xlsx,10004,2025-11-09,2025-11,2025-W45,4,6,jui-0568-r01,jui-0568-R01,عصير رمان,العصائر الطازجة Un-pasteurized juices (fresh),fresh,العصائر الطازجة Un-pasteurized juices (fresh),beverage,فندق الرياض فور سيزونز - شارع العليا,فندق الرياض فور سيزونز,شارع العليا,فندق الرياض فور سيزونز - شارع العليا,العليا,بلدية,بلدية العليا,False,True,الخمائر والاعفان,الخمائر والاعفان,1,,الخمائر والاعفان,False,indicator_only,,8,True
Data 2025.xlsx,10005,2025-11-09,2025-11,2025-W45,4,6,jui-0569-r01,jui-0569-R01,عصير مانجا,العصائر الطازجة Un-pasteurized juices (fresh),fresh,العصائر الطازجة Un-pasteurized juices (fresh),beverage,فندق الرياض فور سيزونز - شارع العليا,فندق الرياض فور سيزونز,شارع العليا,فندق الرياض فور سيزونز - شارع العليا,العليا,بلدية,بلدية العليا,False,True,الخمائر والاعفان,الخمائر والاعفان,1,,الخمائر والاعفان,False,indicator_only,,9,True
Data 2025.xlsx,10020,2025-11-09,2025-11,2025-W45,4,6,jui-0570-r01,jui-0570-R01,عصير ليمون,العصائر الطازجة Un-pasteurized juices (fresh),fresh,العصائر الطازجة Un-pasteurized juices (fresh),beverage,فندق الرياض فور سيزونز - شارع العليا,فندق الرياض فور سيزونز,شارع العليا,فندق الرياض فور سيزونز - شارع العليا,العليا,بلدية,بلدية العليا,True,False,لا يوجد,,0,,,False,none,,13,True
Data 2025.xlsx,10023,2025-11-09,2025-11,2025-W45,4,6,jui-0571-r01,jui-0571-R01,عصير رمان,العصائر الطازجة Un-pasteurized juices (fresh),fresh,العصائر الطازجة Un-pasteurized juices (fresh),beverage,فندق الرياض فور سيزونز - شارع العليا,فندق الرياض فور سيزونز,شارع العليا,فندق الرياض فور سيزونز - شارع العليا,العليا,بلدية,بلدية العليا,True,False,لا يوجد,,0,,,False,none,,14,True
Data 2025.xlsx,10024,2025-11-09,2025-11,2025-W45,4,6,jui-0572-r01,jui-0572-R01,عصير برتقال,العصائر الطازجة Un-pasteurized juices (fresh),fresh,العصائر الطازجة Un-pasteurized juices (fresh),beverage,فندق الرياض فور سيزونز - شارع العليا,فندق الرياض فور سيزونز,شارع العليا,فندق الرياض فور سيزونز - شارع العليا,العليا,بلدية,بلدية العليا,True,False,لا يوجد,,0,,,False,none,,14,True
Data 2025.xlsx,10025,2025-11-09,2025-11,2025-W45,4,6,jui-0573-r01,jui-0573-R01,عصير جريب فروت,العصائر الطازجة Un-pasteurized juices (fresh),fresh,العصائر الطازجة Un-pasteurized juices (fresh),beverage,فندق الرياض فور سيزونز - شارع العليا,فندق الرياض فور سيزونز,شارع العليا,فندق الرياض فور سيزونز - شارع العليا,العليا,بلدية,بلدية العليا,False,True,الخمائر والاعفان,الخمائر والاعفان,1,,الخمائر والاعفان,False,indicator_only,,15,True
Data 2025.xlsx,10014,2025-11-09,2025-11,2025-W45,4,6,olv-0672-r01,olv-0672-R01,زيتون اخضر,الزيتون /Olive,Olive,الزيتون /Olive,produce,فندق الرياض فور سيزونز - شارع العليا,فندق الرياض فور سيزونز,شارع العليا,فندق الرياض فور سيزونز - شارع العليا,العليا,بلدية,بلدية العليا,False,True,خمائر,الخمائر والاعفان,1,,الخمائر والاعفان,False,indicator_only,,11,True
Data 2025.xlsx,9989,2025-11-09,2025-11,2025-W45,4,6,pick-0582-r01,Pick-0582-R01,مخلل ارض شوكي,المخلل (Pickle),Pickle,المخلل (Pickle),sauce_condiment,فندق الرياض فور سيزونز - شارع العليا,فندق الرياض فور سيزونز,شارع العليا,فندق الرياض فور سيزونز - شارع العليا,العليا,بلدية,بلدية العليا,False,True,خمائر,الخمائر والاعفان,1,,الخمائر والاعفان,False,indicator_only,,4,True
Data 2025.xlsx,10013,2025-11-09,2025-11,2025-W45,4,6,pick-0583-r01,Pick-0583-R01,مشكل مخلل,المخلل (Pickle),Pickle,المخلل (Pickle),sauce_condiment,فندق الرياض فور سيزونز - شارع العليا,فندق الرياض فور سيزونز,شارع العليا,فندق الرياض فور سيزونز - شارع العليا,العليا,بلدية,بلدية العليا,True,False,لا يوجد,,0,,,False,none,,10,True
Data 2025.xlsx,9992,2025-11-09,2025-11,2025-W45,4,6,sa-0910-r01,sa-0910-R01,شوفان بالحليب و الفواكه,اطعمة جاهزة للأكل Ready to eat meals,Ready to eat meals,اطعمة جاهزة للأكل Ready to eat meals,prepared_meal,فندق الرياض فور سيزونز - شارع العليا,فندق الرياض فور سيزونز,شارع العليا,فندق الرياض فور سيزونز - شارع العليا,العليا,بلدية,بلدية العليا,True,False,لا يوجد,,0,,,False,none,,5,True
Data 2025.xlsx,9973,2025-11-09,2025-11,2025-W45,4,6,sal-1706-r01,Sal-1706-R01,سلطة خضراء ورقي,السلطة(Salad),Salad,السلطة(Salad),produce,فندق الرياض فور سيزونز - شارع العليا,فندق الرياض فور سيزونز,شارع العليا,فندق الرياض فور سيزونز - شارع العليا,العليا,بلدية,بلدية العليا,False,True,استافيلوكوكس اورياس,استافيلوكوكس اورياس,1,استافيلوكوكس اورياس,,True,pathogen,,1,False
Data 2025.xlsx,10017,2025-11-09,2025-11,2025-W45,4,6,sal-1707-r01,Sal-1707-R01,سلطة وك كامبر,السلطة(Salad),Salad,السلطة(Salad),produce,فندق الرياض فور سيزونز - شارع العليا,فندق الرياض فور سيزونز,شارع العليا,فندق الرياض فور سيزونز - شارع العليا,العليا,بلدية,بلدية العليا,False,True,استافيلوكوكس اورياس,استافيلوكوكس اورياس,1,استافيلوكوكس اورياس,,True,pathogen,,13,True
Data 2025.xlsx,9972,2025-11-09,2025-11,2025-W45,4,6,sau-2657-r01,sau-2657-R01,صوص هني ماسترد,صوص (sauce),sauce,صوص (sauce),sauce_condiment,فندق الرياض فور سيزونز - شارع العليا,فندق الرياض فور سيزونز,شارع العليا,فندق الرياض فور سيزونز - شارع العليا,العليا,بلدية,بلدية العليا,True,False,لا يوجد,,0,,,False,none,,0,False
Data 2025.xlsx,9981,2025-11-09,2025-11,2025-W45,4,6,sau-2658-r01,sau-2658-R01,صوص كراميل,صوص (sauce),sauce,صوص (sauce),sauce_condiment,فندق الرياض فور سيزونز - شارع العليا,فندق الرياض فور سيزونز,شارع العليا,فندق الرياض فور سيزونز - شارع العليا,العليا,بلدية,بلدية العليا,True,False,لا يوجد,,0,,,False,none,,1,False
Data 2025.xlsx,10018,2025-11-09,2025-11,2025-W45,4,6,sau-2659-r01,sau-2659-R01,صوص سيزر,صوص (sauce),sauce,صوص (sauce),sauce_condiment,فندق الرياض فور سيزونز - شارع العليا,فندق الرياض فور سيزونز,شارع العليا,فندق الرياض فور سيزونز - شارع العليا,العليا,بلدية,بلدية العليا,True,False,لا يوجد,,0,,,False,none,,13,True
Data 2025.xlsx,10019,2025-11-09,2025-11,2025-W45,4,6,sau-2660-r01,sau-2660-R01,صوص احمر,صوص (sauce),sauce,صوص (sauce),sauce_condiment,فندق الرياض فور سيزونز - شارع العليا,فندق الرياض فور سيزونز,شارع العليا,فندق الرياض فور سيزونز - شارع العليا,العليا,بلدية,بلدية العليا,True,False,لا يوجد,,0,,,False,none,,13,True
Data 2025.xlsx,10021,2025-11-09,2025-11,2025-W45,4,6,sau-2661-r01,sau-2661-R01,صوص سيراتشا مايو,صوص (sauce),sauce,صوص (sauce),sauce_condiment,فندق الرياض فور سيزونز - شارع العليا,فندق الرياض فور سيزونز,شارع العليا,فندق الرياض فور سيزونز - شارع العليا,العليا,بلدية,بلدية العليا,False,True,العد الكلي للبكتيريا,العد الكلي للبكتيريا,1,,العد الكلي للبكتيريا,False,indicator_only,,14,True
Data 2025.xlsx,10022,2025-11-09,2025-11,2025-W45,4,6,sau-2662-r01,sau-2662-R01,صوص فتوش,صوص (sauce),sauce,صوص (sauce),sauce_condiment,فندق الرياض فور سيزونز - شارع العليا,فندق الرياض فور سيزونز,شارع العليا,فندق الرياض فور سيزونز - شارع العليا,العليا,بلدية,بلدية العليا,True,False,لا يوجد,,0,,,False,none,,14,True
Data 2025.xlsx,10026,2025-11-09,2025-11,2025-W45,4,6,sau-2663-r01,sau-2663-R01,صوص دارك شوكليت,صوص (sauce),sauce,صوص (sauce),sauce_condiment,فندق الرياض فور سيزونز - شارع العليا,فندق الرياض فور سيزونز,شارع العليا,فندق الرياض فور سيزونز - شارع العليا,العليا,بلدية,بلدية العليا,True,False,لا يوجد,,0,,,False,none,,15,True
Data 2025.xlsx,9995,2025-11-09,2025-11,2025-W45,4,6,sw-3699-r01,sw-3699-R01,مسحة طاولة تقطيع خضار,(Swabs) المسحات,Swabs,(Swabs) المسحات,swab,فندق الرياض فور سيزونز - شارع العليا,فندق الرياض فور سيزونز,شارع العليا,فندق الرياض فور سيزونز - شارع العليا,العليا,بلدية,بلدية العليا,True,False,لا يوجد,,0,,,False,none,,5,True
Data 2025.xlsx,9996,2025-11-09,2025-11,2025-W45,4,6,sw-3700-r01,sw-3700-R01,مسحة طاولة تقطيع مخبوزات,(Swabs) المسحات,Swabs,(Swabs) المسحات,swab,فندق الرياض فور سيزونز - شارع العليا,فندق الرياض فور سيزونز,شارع العليا,فندق الرياض فور سيزونز - شارع العليا,العليا,بلدية,بلدية العليا,True,False,لا يوجد,,0,,,False,none,,5,True
Data 2025.xlsx,9997,2025-11-09,2025-11,2025-W45,4,6,sw-3701-r01,sw-3701-R01,مسحة ثلاجة اعداد السلطات,(Swabs) المسحات,Swabs,(Swabs) المسحات,swab,فندق الرياض فور سيزونز - شارع العليا,فندق الرياض فور سيزونز,شارع العليا,فندق الرياض فور سيزونز - شارع العليا,العليا,بلدية,بلدية العليا,True,False,لا يوجد,,0,,,False,none,,5,True
Data 2025.xlsx,9998,2025-11-09,2025-11,2025-W45,4,6,sw-3702-r01,sw-3702-R01,مسحة طاولة تقطيع مخبوزات,(Swabs) المسحات,Swabs,(Swabs) المسحات,swab,فندق الرياض فور سيزونز - شارع العليا,فندق الرياض فور سيزونز,شارع العليا,فندق الرياض فور سيزونز - شارع العليا,العليا,بلدية,بلدية العليا,True,False,لا يوجد,,0,,,False,none,,5,True
Data 2025.xlsx,9999,2025-11-09,2025-11,2025-W45,4,6,sw-3703-r01,sw-3703-R01,مسحة صانعة ثلج,(Swabs) المسحات,Swabs,(Swabs) المسحات,swab,فندق الرياض فور سيزونز - شارع العليا,فندق الرياض فور سيزونز,شارع العليا,فندق الرياض فور سيزونز - شارع العليا,العليا,بلدية,بلدية العليا,True,False,لا يوجد,,0,,,False,none,,5,True
Data 2025.xlsx,10027,2025-11-09,2025-11,2025-W45,4,6,sw-3704-r01,sw-3704-R01,مسحة ثلاجة سلطات,(Swabs) المسحات,Swabs,(Swabs) المسحات,swab,فندق الرياض فور سيزونز - شارع العليا,فندق الرياض فور سيزونز,شارع العليا,فندق الرياض فور سيزونز - شارع العليا,العليا,بلدية,بلدية العليا,True,False,لا يوجد,,0,,,False,none,,15,True
Data 2025.xlsx,10028,2025-11-09,2025-11,2025-W45,4,6,sw-3705-r01,sw-3705-R01,مسحة طاولة تقطيع السلطات,(Swabs) المسحات,Swabs,(Swabs) المسحات,swab,فندق الرياض فور سيزونز - شارع العليا,فندق الرياض فور سيزونز,شارع العليا,فندق الرياض فور سيزونز - شارع العليا,العليا,بلدية,بلدية العليا,True,False,لا يوجد,,0,,,False,none,,15,True
Data 2025.xlsx,10029,2025-11-09,2025-11,2025-W45,4,6,sw-3706-r01,sw-3706-R01,مسحة طاولة تقطيع السلطات,(Swabs) المسحات,Swabs,(Swabs) المسحات,swab,فندق الرياض فور سيزونز - شارع العليا,فندق الرياض فور سيزونز,شارع العليا,فندق الرياض فور سيزونز - شارع العليا,العليا,بلدية,بلدية العليا,True,False,لا يوجد,,0,,,False,none,,15,True
Data 2025.xlsx,10030,2025-11-09,2025-11,2025-W45,4,6,sw-3707-r01,sw-3707-R01,مسحة حافظة تقديم,(Swabs) المسحات,Swabs,(Swabs) المسحات,swab,فندق الرياض فور سيزونز - شارع العليا,فندق الرياض فور سيزونز,شارع العليا,فندق الرياض فور سيزونز - شارع العليا,العليا,بلدية,بلدية العليا,True,False,لا يوجد,,0,,,False,none,,15,True
Data 2025.xlsx,10031,2025-11-09,2025-11,2025-W45,4,6,sw-3708-r01,sw-3708-R01,مسحة حافظة تقديم,(Swabs) المسحات,Swabs,(Swabs) المسحات,swab,فندق الرياض فور سيزونز - شارع العليا,فندق الرياض فور سيزونز,شارع العليا,فندق الرياض فور سيزونز - شارع العليا,العليا,بلدية,بلدية العليا,True,False,لا يوجد,,0,,,False,none,,15,True
Data 2025.xlsx,10032,2025-11-09,2025-11,2025-W45,4,6,sw-3709-r01,sw-3709-R01,مسحة صانعة ثلج,(Swabs) المسحات,Swabs,(Swabs) المسحات,swab,فندق الرياض فور سيزونز - شارع العليا,فندق الرياض فور سيزونز,شارع العليا,فندق الرياض فور سيزونز - شارع العليا,العليا,بلدية,بلدية العليا,True,False,لا يوجد,,0,,,False,none,,15,True
Data 2025.xlsx,10041,2025-11-10,2025-11,2025-W46,4,0,1-3724-R01,1-3724-R01,رز مطبوخ,الارز ( rice),rice,الارز ( rice),prepared_meal,موسسة بلاك بنوي لتقديم الوجبات - حي السليمانية,موسسة بلاك بنوي لتقديم الوجبات,حي السليمانية,موسسة بلاك بنوي لتقديم الوجبات - حي السليمانية,العليا,بلدية,بلدية العليا,True,False,لا يوجد,,0,,,False,none,,3,True
Data 2025.xlsx,10048,2025-11-10,2025-11,2025-W46,4,0,1-3725-R01,1-3725-R01,جيلي فراولة,(jelly) جيلي,jelly,(jelly) جيلي,sauce_condiment,موسسة بلاك بنوي لتقديم الوجبات - حي السليمانية,موسسة بلاك بنوي لتقديم الوجبات,حي السليمانية,موسسة بلاك بنوي لتقديم الوجبات - حي السليمانية,العليا,بلدية,بلدية العليا,True,False,لا يوجد,,0,,,False,none,,5,True
Data 2025.xlsx,10058,2025-11-10,2025-11,2025-W46,4,0,1-3726-R01,1-3726-R01,رز مطبوخ,الارز ( rice),rice,الارز ( rice),prepared_meal,كباب امي للأكلات الشعبية - حي السليمانية,كباب امي للأكلات الشعبية,حي السليمانية,كباب امي للأكلات الشعبية - حي السليمانية,العليا,بلدية,بلدية العليا,True,False,لا يوجد,,0,,,False,none,,0,False
Data 2025.xlsx,10087,2025-11-10,2025-11,2025-W46,4,0,1-3727-R01,1-3727-R01,هالابينو,(jalapeno) هلابينو,jalapeno,(jalapeno) هلابينو,produce,صب وأي - حي السليمانية,صب وأي,حي السليمانية,صب وأي - حي السليمانية,العليا,بلدية,بلدية العليا,True,False,لا يوجد,,0,,,False,none,,4,True
Data 2025.xlsx,10084,2025-11-10,2025-11,2025-W46,4,0,O-U-to-0717-R01,O-U-to-0717-R01,طماطم مجفف,الطماطم (Tomatoes),Tomatoes,الطماطم (Tomatoes),produce,صب وأي - حي السليمانية,صب وأي,حي السليمانية,صب وأي - حي السليمانية,العليا,بلدية,بلدية العليا,True,False,لا يوجد,,0,,,False,none,,3,True
Data 2025.xlsx,10044,2025-11-10,2025-11,2025-W46,4,0,OOu-on-0566-R01,OOu-on-0566-R01,قطع بصل اخضر,البصل (onions),onions,البصل (onions),produce,موسسة بلاك بنوي لتقديم الوجبات - حي السليمانية,موسسة بلاك بنوي لتقديم الوجبات,حي السليمانية,موسسة بلاك بنوي لتقديم الوجبات - حي السليمانية,العليا,بلدية,بلدية العليا,True,False,لا يوجد,,0,,,False,none,,4,True
Data 2025.xlsx,10050,2025-11-10,2025-11,2025-W46,4,0,UOSS-be-0474-R01,UOSS-be-0474-R01,فاصوليا بيضاء,الفاصوليا (beans),beans,الفاصوليا (beans),produce,موسسة بلاك بنوي لتقديم الوجبات - حي السليمانية,موسسة بلاك بنوي لتقديم الوجبات,حي السليمانية,موسسة بلاك بنوي لتقديم الوجبات - حي السليمانية,العليا,بلدية,بلدية العليا,True,False,لا يوجد,,0,,,False,none,,6,True
Data 2025.xlsx,10053,2025-11-10,2025-11,2025-W46,4,0,UOSS-be-0475-R01,UOSS-be-0475-R01,فاصوليا سوداء,الفاصوليا (beans),beans,الفاصوليا (beans),produce,موسسة بلاك بنوي لتقديم الوجبات - حي السليمانية,موسسة بلاك بنوي لتقديم الوجبات,حي السليمانية,موسسة بلاك بنوي لتقديم الوجبات - حي السليمانية,العليا,بلدية,بلدية العليا,True,False,لا يوجد,,0,,,False,none,,7,True
Data 2025.xlsx,10043,2025-11-10,2025-11,2025-W46,4,0,UU-le-0484-R01,UU-le-0484-R01,قطع ليمون,الليمون (Lemons),Lemons,الليمون (Lemons),produce,موسسة بلاك بنوي لتقديم الوجبات - حي السليمانية,موسسة بلاك بنوي لتقديم الوجبات,حي السليمانية,موسسة بلاك بنوي لتقديم الوجبات - حي السليمانية,العليا,بلدية,بلدية العليا,True,False,لا يوجد,,0,,,False,none,,4,True
Data 2025.xlsx,10066,2025-11-10,2025-11,2025-W46,4,0,UU-le-0485-R01,UU-le-0485-R01,قطع ليمون,الليمون (Lemons),Lemons,الليمون (Lemons),produce,كباب امي للأكلات الشعبية - حي السليمانية,كباب امي للأكلات الشعبية,حي السليمانية,كباب امي للأكلات الشعبية - حي السليمانية,العليا,بلدية,بلدية العليا,True,False,لا يوجد,,0,,,False,none,,1,False
Data 2025.xlsx,10045,2025-11-10,2025-11,2025-W46,4,0,UU-pe-1636-R01,UU-pe-1636-R01,قطع فلفل حار,الفلفل (peppers),peppers,الفلفل (peppers),produce,موسسة بلاك بنوي لتقديم الوجبات - حي السليمانية,موسسة بلاك بنوي لتقديم الوجبات,حي السليمانية,موسسة بلاك بنوي لتقديم الوجبات - حي السليمانية,العليا,بلدية,بلدية العليا,True,False,لا يوجد,,0,,,False,none,,4,True
Data 2025.xlsx,10072,2025-11-10,2025-11,2025-W46,4,0,cm-0141-r01,Cm-0141-R01,كرشة ومصارين مطبوخ,اللحوم المطبوخة (Cooked meat),Cooked meat,اللحوم المطبوخة (Cooked meat),cooked_meat_poultry,كباب امي للأكلات الشعبية - حي السليمانية,كباب امي للأكلات الشعبية,حي السليمانية,كباب امي للأكلات الشعبية - حي السليمانية,العليا,بلدية,بلدية العليا,False,True,العد الكلي للبكتيريا,العد الكلي للبكتيريا,1,,العد الكلي للبكتيريا,False,indicator_only,,6,True
Data 2025.xlsx,10073,2025-11-10,2025-11,2025-W46,4,0,cm-0142-r01,Cm-0142-R01,لسان مطبوخ,اللحوم المطبوخة (Cooked meat),Cooked meat,اللحوم المطبوخة (Cooked meat),cooked_meat_poultry,كباب امي للأكلات الشعبية - حي السليمانية,كباب امي للأكلات الشعبية,حي السليمانية,كباب امي للأكلات الشعبية - حي السليمانية,العليا,بلدية,بلدية العليا,True,False,لا يوجد,,0,,,False,none,,6,True
Data 2025.xlsx,10074,2025-11-10,2025-11,2025-W46,4,0,cm-0143-r01,Cm-0143-R01,قطع لحم مطبوخ,اللحوم المطبوخة (Cooked meat),Cooked meat,اللحوم المطبوخة (Cooked meat),cooked_meat_poultry,كباب امي للأكلات الشعبية - حي السليمانية,كباب امي للأكلات الشعبية,حي السليمانية,كباب امي للأكلات الشعبية - حي السليمانية,العليا,بلدية,بلدية العليا,True,False,لا يوجد,,0,,,False,none,,6,True
Data 2025.xlsx,10077,2025-11-10,2025-11,2025-W46,4,0,cm-0144-r01,Cm-0144-R01,لحم بريسكت باربكيو,اللحوم المطبوخة (Cooked meat),Cooked meat,اللحوم المطبوخة (Cooked meat),cooked_meat_poultry,صب وأي - حي السليمانية,صب وأي,حي السليمانية,صب وأي - حي السليمانية,العليا,بلدية,بلدية العليا,True,False,لا يوجد,,0,,,False,none,,1,False
Data 2025.xlsx,10071,2025-11-10,2025-11,2025-W46,4,0,co-0637-r01,co-0637-R01,دجاج مشوي نص استواء,الدجاج المطبوخ (Cooked chicken),Cooked chicken,الدجاج المطبوخ (Cooked chicken),cooked_meat_poultry,كباب امي للأكلات الشعبية - حي السليمانية,كباب امي للأكلات الشعبية,حي السليمانية,كباب امي للأكلات الشعبية - حي السليمانية,العليا,بلدية,بلدية العليا,False,True,العد الكلي للبكتيريا,العد الكلي للبكتيريا,1,,العد الكلي للبكتيريا,False,indicator_only,,5,True
Data 2025.xlsx,10076,2025-11-10,2025-11,2025-W46,4,0,co-0638-r01,co-0638-R01,دجاج فهيتة,الدجاج المطبوخ (Cooked chicken),Cooked chicken,الدجاج المطبوخ (Cooked chicken),cooked_meat_poultry,صب وأي - حي السليمانية,صب وأي,حي السليمانية,صب وأي - حي السليمانية,العليا,بلدية,بلدية العليا,False,True,العد الكلي للبكتيريا,العد الكلي للبكتيريا,1,,العد الكلي للبكتيريا,False,indicator_only,,1,False
Data 2025.xlsx,10079,2025-11-10,2025-11,2025-W46,4,0,co-0639-r01,co-0639-R01,دجاج فرتو سيري,الدجاج المطبوخ (Cooked chicken),Cooked chicken,الدجاج المطبوخ (Cooked chicken),cooked_meat_poultry,صب وأي - حي السليمانية,صب وأي,حي السليمانية,صب وأي - حي السليمانية,العليا,بلدية,بلدية العليا,False,True,العد الكلي للبكتيريا,العد الكلي للبكتيريا,1,,العد الكلي للبكتيريا,False,indicator_only,,2,True
Data 2025.xlsx,10089,2025-11-10,2025-11,2025-W46,4,0,cor-0317-r01,Cor-0317-R01,ذرة,الذرة (Corn),Corn,الذرة (Corn),produce,صب وأي - حي السليمانية,صب وأي,حي السليمانية,صب وأي - حي السليمانية,العليا,بلدية,بلدية العليا,True,False,لا يوجد,,0,,,False,none,,4,True
Data 2025.xlsx,10078,2025-11-10,2025-11,2025-W46,4,0,fish-0229-r01,fish-0229-R01,تونة,Fish/fish product(الاسماك / منتجات الاسماك),fish product,Fish/fish product(الاسماك / منتجات الاسماك),cooked_meat_poultry,صب وأي - حي السليمانية,صب وأي,حي السليمانية,صب وأي - حي السليمانية,العليا,بلدية,بلدية العليا,True,False,لا يوجد,,0,,,False,none,,1,False
Data 2025.xlsx,10051,2025-11-10,2025-11,2025-W46,4,0,jui-0574-r01,jui-0574-R01,عصير بلاك كولا مان,العصائر الطازجة Un-pasteurized juices (fresh),fresh,العصائر الطازجة Un-pasteurized juices (fresh),beverage,موسسة بلاك بنوي لتقديم الوجبات - حي السليمانية,موسسة بلاك بنوي لتقديم الوجبات,حي السليمانية,موسسة بلاك بنوي لتقديم الوجبات - حي السليمانية,العليا,بلدية,بلدية العليا,True,False,لا يوجد,,0,,,False,none,,6,True
Data 2025.xlsx,10067,2025-11-10,2025-11,2025-W46,4,0,milk-0049-r01,Milk-0049-R01,حليب حالي,الحليب (Milk),Milk,الحليب (Milk),dairy,كباب امي للأكلات الشعبية - حي السليمانية,كباب امي للأكلات الشعبية,حي السليمانية,كباب امي للأكلات الشعبية - حي السليمانية,العليا,بلدية,بلدية العليا,False,True,العد الكلي للبكتيريا,العد الكلي للبكتيريا,1,,العد الكلي للبكتيريا,False,indicator_only,,2,True
Data 2025.xlsx,10085,2025-11-10,2025-11,2025-W46,4,0,olv-0673-r01,olv-0673-R01,زيتون اسود شرائح,الزيتون /Olive,Olive,الزيتون /Olive,produce,صب وأي - حي السليمانية,صب وأي,حي السليمانية,صب وأي - حي السليمانية,العليا,بلدية,بلدية العليا,False,True,خمائر,الخمائر والاعفان,1,,الخمائر والاعفان,False,indicator_only,,4,True
Data 2025.xlsx,10059,2025-11-10,2025-11,2025-W46,4,0,pick-0584-r01,Pick-0584-R01,جزر مخلل,المخلل (Pickle),Pickle,المخلل (Pickle),sauce_condiment,كباب امي للأكلات الشعبية - حي السليمانية,كباب امي للأكلات الشعبية,حي السليمانية,كباب امي للأكلات الشعبية - حي السليمانية,العليا,بلدية,بلدية العليا,True,False,لا يوجد,,0,,,False,none,,0,False
Data 2025.xlsx,10086,2025-11-10,2025-11,2025-W46,4,0,pick-0585-r01,Pick-0585-R01,مخلل خيار,المخلل (Pickle),Pickle,المخلل (Pickle),sauce_condiment,صب وأي - حي السليمانية,صب وأي,حي السليمانية,صب وأي - حي السليمانية,العليا,بلدية,بلدية العليا,True,False,لا يوجد,,0,,,False,none,,4,True
Data 2025.xlsx,10088,2025-11-10,2025-11,2025-W46,4,0,pick-0586-r01,Pick-0586-R01,بصل مخلل,المخلل (Pickle),Pickle,المخلل (Pickle),sauce_condiment,صب وأي - حي السليمانية,صب وأي,حي السليمانية,صب وأي - حي السليمانية,العليا,بلدية,بلدية العليا,True,False,لا يوجد,,0,,,False,none,,4,True
Data 2025.xlsx,10069,2025-11-10,2025-11,2025-W46,4,0,sal-1708-r01,Sal-1708-R01,سلطة مكرونة,السلطة(Salad),Salad,السلطة(Salad),produce,كباب امي للأكلات الشعبية - حي السليمانية,كباب امي للأكلات الشعبية,حي السليمانية,كباب امي للأكلات الشعبية - حي السليمانية,العليا,بلدية,بلدية العليا,True,False,لا يوجد,,0,,,False,none,,3,True
Data 2025.xlsx,10038,2025-11-10,2025-11,2025-W46,4,0,sau-2664-r01,sau-2664-R01,صوص صويا,صوص (sauce),sauce,صوص (sauce),sauce_condiment,موسسة بلاك بنوي لتقديم الوجبات - حي السليمانية,موسسة بلاك بنوي لتقديم الوجبات,حي السليمانية,موسسة بلاك بنوي لتقديم الوجبات - حي السليمانية,العليا,بلدية,بلدية العليا,True,False,لا يوجد,,0,,,False,none,,2,True
Data 2025.xlsx,10039,2025-11-10,2025-11,2025-W46,4,0,sau-2665-r01,sau-2665-R01,صوص فيناقير,صوص (sauce),sauce,صوص (sauce),sauce_condiment,موسسة بلاك بنوي لتقديم الوجبات - حي السليمانية,موسسة بلاك بنوي لتقديم الوجبات,حي السليمانية,موسسة بلاك بنوي لتقديم الوجبات - حي السليمانية,العليا,بلدية,بلدية العليا,True,False,لا يوجد,,0,,,False,none,,2,True
Data 2025.xlsx,10040,2025-11-10,2025-11,2025-W46,4,0,sau-2666-r01,sau-2666-R01,صوص زيت الدجاج,صوص (sauce),sauce,صوص (sauce),sauce_condiment,موسسة بلاك بنوي لتقديم الوجبات - حي السليمانية,موسسة بلاك بنوي لتقديم الوجبات,حي السليمانية,موسسة بلاك بنوي لتقديم الوجبات - حي السليمانية,العليا,بلدية,بلدية العليا,False,True,انتيروباكتريسي | الخمائر والاعفان,انتيروباكتريسي | الخمائر والاعفان,2,,انتيروباكتريسي | الخمائر والاعفان,False,indicator_only,,3,True
Data 2025.xlsx,10046,2025-11-10,2025-11,2025-W46,4,0,sau-2667-r01,sau-2667-R01,صوص تاكوياكي مايو,صوص (sauce),sauce,صوص (sauce),sauce_condiment,موسسة بلاك بنوي لتقديم الوجبات - حي السليمانية,موسسة بلاك بنوي لتقديم الوجبات,حي السليمانية,موسسة بلاك بنوي لتقديم الوجبات - حي السليمانية,العليا,بلدية,بلدية العليا,False,True,انتيروباكتريسي | الخمائر والاعفان,انتيروباكتريسي | الخمائر والاعفان,2,,انتيروباكتريسي | الخمائر والاعفان,False,indicator_only,,5,True
Data 2025.xlsx,10047,2025-11-10,2025-11,2025-W46,4,0,sau-2668-r01,sau-2668-R01,صوص تاكوياكي,صوص (sauce),sauce,صوص (sauce),sauce_condiment,موسسة بلاك بنوي لتقديم الوجبات - حي السليمانية,موسسة بلاك بنوي لتقديم الوجبات,حي السليمانية,موسسة بلاك بنوي لتقديم الوجبات - حي السليمانية,العليا,بلدية,بلدية العليا,True,False,لا يوجد,,0,,,False,none,,5,True
Data 2025.xlsx,10049,2025-11-10,2025-11,2025-W46,4,0,sau-2669-r01,sau-2669-R01,صوص قريبي,صوص (sauce),sauce,صوص (sauce),sauce_condiment,موسسة بلاك بنوي لتقديم الوجبات - حي السليمانية,موسسة بلاك بنوي لتقديم الوجبات,حي السليمانية,موسسة بلاك بنوي لتقديم الوجبات - حي السليمانية,العليا,بلدية,بلدية العليا,False,True,العد الكلي للبكتيريا,العد الكلي للبكتيريا,1,,العد الكلي للبكتيريا,False,indicator_only,,6,True
Data 2025.xlsx,10052,2025-11-10,2025-11,2025-W46,4,0,sau-2670-r01,sau-2670-R01,صوص احمر,صوص (sauce),sauce,صوص (sauce),sauce_condiment,موسسة بلاك بنوي لتقديم الوجبات - حي السليمانية,موسسة بلاك بنوي لتقديم الوجبات,حي السليمانية,موسسة بلاك بنوي لتقديم الوجبات - حي السليمانية,العليا,بلدية,بلدية العليا,False,True,انتيروباكتريسي,انتيروباكتريسي,1,,انتيروباكتريسي,False,indicator_only,,7,True
Data 2025.xlsx,10060,2025-11-10,2025-11,2025-W46,4,0,sau-2671-r01,sau-2671-R01,صوص صويا,صوص (sauce),sauce,صوص (sauce),sauce_condiment,كباب امي للأكلات الشعبية - حي السليمانية,كباب امي للأكلات الشعبية,حي السليمانية,كباب امي للأكلات الشعبية - حي السليمانية,العليا,بلدية,بلدية العليا,True,False,لا يوجد,,0,,,False,none,,0,False
Data 2025.xlsx,10061,2025-11-10,2025-11,2025-W46,4,0,sau-2672-r01,sau-2672-R01,صوص بينقر,صوص (sauce),sauce,صوص (sauce),sauce_condiment,كباب امي للأكلات الشعبية - حي السليمانية,كباب امي للأكلات الشعبية,حي السليمانية,كباب امي للأكلات الشعبية - حي السليمانية,العليا,بلدية,بلدية العليا,True,False,لا يوجد,,0,,,False,none,,0,False
Data 2025.xlsx,10062,2025-11-10,2025-11,2025-W46,4,0,sau-2673-r01,sau-2673-R01,صوص تشيلي حلو,صوص (sauce),sauce,صوص (sauce),sauce_condiment,كباب امي للأكلات الشعبية - حي السليمانية,كباب امي للأكلات الشعبية,حي السليمانية,كباب امي للأكلات الشعبية - حي السليمانية,العليا,بلدية,بلدية العليا,False,True,العد الكلي للبكتيريا,العد الكلي للبكتيريا,1,,العد الكلي للبكتيريا,False,indicator_only,,1,False
Data 2025.xlsx,10063,2025-11-10,2025-11,2025-W46,4,0,sau-2674-r01,sau-2674-R01,صوص منتومس فلبيني,صوص (sauce),sauce,صوص (sauce),sauce_condiment,كباب امي للأكلات الشعبية - حي السليمانية,كباب امي للأكلات الشعبية,حي السليمانية,كباب امي للأكلات الشعبية - حي السليمانية,العليا,بلدية,بلدية العليا,True,False,لا يوجد,,0,,,False,none,,1,False
Data 2025.xlsx,10064,2025-11-10,2025-11,2025-W46,4,0,sau-2675-r01,sau-2675-R01,صوص شرم بيست,صوص (sauce),sauce,صوص (sauce),sauce_condiment,كباب امي للأكلات الشعبية - حي السليمانية,كباب امي للأكلات الشعبية,حي السليمانية,كباب امي للأكلات الشعبية - حي السليمانية,العليا,بلدية,بلدية العليا,True,False,لا يوجد,,0,,,False,none,,1,False
Data 2025.xlsx,10080,2025-11-10,2025-11,2025-W46,4,0,sau-2676-r01,sau-2676-R01,صوص رانش,صوص (sauce),sauce,صوص (sauce),sauce_condiment,صب وأي - حي السليمانية,صب وأي,حي السليمانية,صب وأي - حي السليمانية,العليا,بلدية,بلدية العليا,True,False,لا يوجد,,0,,,False,none,,2,True
Data 2025.xlsx,10081,2025-11-10,2025-11,2025-W46,4,0,sau-2677-r01,sau-2677-R01,صوص ثاوزند ايلند,صوص (sauce),sauce,صوص (sauce),sauce_condiment,صب وأي - حي السليمانية,صب وأي,حي السليمانية,صب وأي - حي السليمانية,العليا,بلدية,بلدية العليا,True,False,لا يوجد,,0,,,False,none,,2,True
Data 2025.xlsx,10082,2025-11-10,2025-11,2025-W46,4,0,sau-2678-r01,sau-2678-R01,هني ماسترد,صوص (sauce),sauce,صوص (sauce),sauce_condiment,صب وأي - حي السليمانية,صب وأي,حي السليمانية,صب وأي - حي السليمانية,العليا,بلدية,بلدية العليا,True,False,لا يوجد,,0,,,False,none,,2,True
Data 2025.xlsx,10083,2025-11-10,2025-11,2025-W46,4,0,sau-2679-r01,sau-2679-R01,صوص مايونيز دايت,صوص (sauce),sauce,صوص (sauce),sauce_condiment,صب وأي - حي السليمانية,صب وأي,حي السليمانية,صب وأي - حي السليمانية,العليا,بلدية,بلدية العليا,False,True,العد الكلي للبكتيريا,العد الكلي للبكتيريا,1,,العد الكلي للبكتيريا,False,indicator_only,,3,True
Data 2025.xlsx,10090,2025-11-10,2025-11,2025-W46,4,0,sau-2680-r01,sau-2680-R01,صوص بصل حلو,صوص (sauce),sauce,صوص (sauce),sauce_condiment,صب وأي - حي السليمانية,صب وأي,حي السليمانية,صب وأي - حي السليمانية,العليا,بلدية,بلدية العليا,True,False,لا يوجد,,0,,,False,none,,4,True
Data 2025.xlsx,10091,2025-11-10,2025-11,2025-W46,4,0,sau-2681-r01,sau-2681-R01,صوص دايمنت,صوص (sauce),sauce,صوص (sauce),sauce_condiment,صب وأي - حي السليمانية,صب وأي,حي السليمانية,صب وأي - حي السليمانية,العليا,بلدية,بلدية العليا,False,True,العد الكلي للبكتيريا,العد الكلي للبكتيريا,1,,العد الكلي للبكتيريا,False,indicator_only,,5,True
Data 2025.xlsx,10092,2025-11-10,2025-11,2025-W46,4,0,sau-2682-r01,sau-2682-R01,صوص بلسميك,صوص (sauce),sauce,صوص (sauce),sauce_condiment,صب وأي - حي السليمانية,صب وأي,حي السليمانية,صب وأي - حي السليمانية,العليا,بلدية,بلدية العليا,False,True,انتيروباكتريسي,انتيروباكتريسي,1,,انتيروباكتريسي,False,indicator_only,,6,True
Data 2025.xlsx,10054,2025-11-10,2025-11,2025-W46,4,0,sw-3710-r01,sw-3710-R01,مسحة ثلاجة,(Swabs) المسحات,Swabs,(Swabs) المسحات,swab,موسسة بلاك بنوي لتقديم الوجبات - حي السليمانية,موسسة بلاك بنوي لتقديم الوجبات,حي السليمانية,موسسة بلاك بنوي لتقديم الوجبات - حي السليمانية,العليا,بلدية,بلدية العليا,False,True,العد الكلي للبكتيريا,العد الكلي للبكتيريا,1,,العد الكلي للبكتيريا,False,indicator_only,,8,True
Data 2025.xlsx,10055,2025-11-10,2025-11,2025-W46,4,0,sw-3711-r01,sw-3711-R01,مسحة صانعة ثلج,(Swabs) المسحات,Swabs,(Swabs) المسحات,swab,موسسة بلاك بنوي لتقديم الوجبات - حي السليمانية,موسسة بلاك بنوي لتقديم الوجبات,حي السليمانية,موسسة بلاك بنوي لتقديم الوجبات - حي السليمانية,العليا,بلدية,بلدية العليا,False,True,العد الكلي للبكتيريا,العد الكلي للبكتيريا,1,,العد الكلي للبكتيريا,False,indicator_only,,9,True
Data 2025.xlsx,10056,2025-11-10,2025-11,2025-W46,4,0,sw-3712-r01,sw-3712-R01,مسحة حافظة خضار,(Swabs) المسحات,Swabs,(Swabs) المسحات,swab,موسسة بلاك بنوي لتقديم الوجبات - حي السليمانية,موسسة بلاك بنوي لتقديم الوجبات,حي السليمانية,موسسة بلاك بنوي لتقديم الوجبات - حي السليمانية,العليا,بلدية,بلدية العليا,False,True,العد الكلي للبكتيريا,العد الكلي للبكتيريا,1,,العد الكلي للبكتيريا,False,indicator_only,,10,True
Data 2025.xlsx,10057,2025-11-10,2025-11,2025-W46,4,0,sw-3713-r01,sw-3713-R01,مسحة حافظة الارز,(Swabs) المسحات,Swabs,(Swabs) المسحات,swab,موسسة بلاك بنوي لتقديم الوجبات - حي السليمانية,موسسة بلاك بنوي لتقديم الوجبات,حي السليمانية,موسسة بلاك بنوي لتقديم الوجبات - حي السليمانية,العليا,بلدية,بلدية العليا,False,True,العد الكلي للبكتيريا,العد الكلي للبكتيريا,1,,العد الكلي للبكتيريا,False,indicator_only,,11,True
Data 2025.xlsx,10093,2025-11-10,2025-11,2025-W46,4,0,sw-3714-r01,sw-3714-R01,حافظة خبز,(Swabs) المسحات,Swabs,(Swabs) المسحات,swab,صب وأي - حي السليمانية,صب وأي,حي السليمانية,صب وأي - حي السليمانية,العليا,بلدية,بلدية العليا,True,False,لا يوجد,,0,,,False,none,,6,True
Data 2025.xlsx,10094,2025-11-10,2025-11,2025-W46,4,0,sw-3715-r01,sw-3715-R01,حافظة خبز,(Swabs) المسحات,Swabs,(Swabs) المسحات,swab,صب وأي - حي السليمانية,صب وأي,حي السليمانية,صب وأي - حي السليمانية,العليا,بلدية,بلدية العليا,True,False,لا يوجد,,0,,,False,none,,6,True
Data 2025.xlsx,10095,2025-11-10,2025-11,2025-W46,4,0,sw-3716-r01,sw-3716-R01,حافظة كوكيز,(Swabs) المسحات,Swabs,(Swabs) المسحات,swab,صب وأي - حي السليمانية,صب وأي,حي السليمانية,صب وأي - حي السليمانية,العليا,بلدية,بلدية العليا,True,False,لا يوجد,,0,,,False,none,,6,True
Data 2025.xlsx,10096,2025-11-10,2025-11,2025-W46,4,0,sw-3717-r01,sw-3717-R01,مسحة ثلاجة,(Swabs) المسحات,Swabs,(Swabs) المسحات,swab,صب وأي - حي السليمانية,صب وأي,حي السليمانية,صب وأي - حي السليمانية,العليا,بلدية,بلدية العليا,True,False,لا يوجد,,0,,,False,none,,6,True
Data 2025.xlsx,10097,2025-11-10,2025-11,2025-W46,4,0,sw-3718-r01,sw-3718-R01,مسحة ثلاجة,(Swabs) المسحات,Swabs,(Swabs) المسحات,swab,صب وأي - حي السليمانية,صب وأي,حي السليمانية,صب وأي - حي السليمانية,العليا,بلدية,بلدية العليا,True,False,لا يوجد,,0,,,False,none,,6,True
Data 2025.xlsx,10033,2025-11-10,2025-11,2025-W46,4,0,sweet-1528-r01,sweet-1528-R01,حلا جلي وجوز الهند,الحلا(sweetness),sweetness,الحلا(sweetness),sweets_bakery,موسسة بلاك بنوي لتقديم الوجبات - حي السليمانية,موسسة بلاك بنوي لتقديم الوجبات,حي السليمانية,موسسة بلاك بنوي لتقديم الوجبات - حي السليمانية,العليا,بلدية,بلدية العليا,False,True,انتيروباكتريسي,انتيروباكتريسي,1,,انتيروباكتريسي,False,indicator_only,,1,False
Data 2025.xlsx,10034,2025-11-10,2025-11,2025-W46,4,0,sweet-1529-r01,sweet-1529-R01,حلا جوز الهند وبابايا,الحلا(sweetness),sweetness,الحلا(sweetness),sweets_bakery,موسسة بلاك بنوي لتقديم الوجبات - حي السليمانية,موسسة بلاك بنوي لتقديم الوجبات,حي السليمانية,موسسة بلاك بنوي لتقديم الوجبات - حي السليمانية,العليا,بلدية,بلدية العليا,True,False,لا يوجد,,0,,,False,none,,1,False
Data 2025.xlsx,10035,2025-11-10,2025-11,2025-W46,4,0,sweet-1530-r01,sweet-1530-R01,حلا يوبي كيك,الحلا(sweetness),sweetness,الحلا(sweetness),sweets_bakery,موسسة بلاك بنوي لتقديم الوجبات - حي السليمانية,موسسة بلاك بنوي لتقديم الوجبات,حي السليمانية,موسسة بلاك بنوي لتقديم الوجبات - حي السليمانية,العليا,بلدية,بلدية العليا,True,False,لا يوجد,,0,,,False,none,,1,False
Data 2025.xlsx,10036,2025-11-10,2025-11,2025-W46,4,0,sweet-1531-r01,sweet-1531-R01,حلا لس بلان,الحلا(sweetness),sweetness,الحلا(sweetness),sweets_bakery,موسسة بلاك بنوي لتقديم الوجبات - حي السليمانية,موسسة بلاك بنوي لتقديم الوجبات,حي السليمانية,موسسة بلاك بنوي لتقديم الوجبات - حي السليمانية,العليا,بلدية,بلدية العليا,True,False,لا يوجد,,0,,,False,none,,1,False
Data 2025.xlsx,10037,2025-11-10,2025-11,2025-W46,4,0,sweet-1532-r01,sweet-1532-R01,حلا ياما كيك,الحلا(sweetness),sweetness,الحلا(sweetness),sweets_bakery,موسسة بلاك بنوي لتقديم الوجبات - حي السليمانية,موسسة بلاك بنوي لتقديم الوجبات,حي السليمانية,موسسة بلاك بنوي لتقديم الوجبات - حي السليمانية,العليا,بلدية,بلدية العليا,False,True,العد الكلي للبكتيريا,العد الكلي للبكتيريا,1,,العد الكلي للبكتيريا,False,indicator_only,,2,True
Data 2025.xlsx,10068,2025-11-10,2025-11,2025-W46,4,0,sweet-1533-r01,sweet-1533-R01,حلا هالو هالو,الحلا(sweetness),sweetness,الحلا(sweetness),sweets_bakery,كباب امي للأكلات الشعبية - حي السليمانية,كباب امي للأكلات الشعبية,حي السليمانية,كباب امي للأكلات الشعبية - حي السليمانية,العليا,بلدية,بلدية العليا,False,True,انتيروباكتريسي,انتيروباكتريسي,1,,انتيروباكتريسي,False,indicator_only,,3,True
Data 2025.xlsx,10070,2025-11-10,2025-11,2025-W46,4,0,sweet-1534-r01,sweet-1534-R01,حلا بكو بنتر,الحلا(sweetness),sweetness,الحلا(sweetness),sweets_bakery,كباب امي للأكلات الشعبية - حي السليمانية,كباب امي للأكلات الشعبية,حي السليمانية,كباب امي للأكلات الشعبية - حي السليمانية,العليا,بلدية,بلدية العليا,False,True,العد الكلي للبكتيريا,العد الكلي للبكتيريا,1,,العد الكلي للبكتيريا,False,indicator_only,,4,True
Data 2025.xlsx,10042,2025-11-10,2025-11,2025-W46,4,0,tea-0014-r01,tea-0014-R01,ايس تي,جميع أنواع الشاي (All types of tea),All types of tea,جميع أنواع الشاي (All types of tea),beverage,موسسة بلاك بنوي لتقديم الوجبات - حي السليمانية,موسسة بلاك بنوي لتقديم الوجبات,حي السليمانية,موسسة بلاك بنوي لتقديم الوجبات - حي السليمانية,العليا,بلدية,بلدية العليا,False,True,كوليفورم,كوليفورم,1,,كوليفورم,False,indicator_only,,4,True
Data 2025.xlsx,10065,2025-11-10,2025-11,2025-W46,4,0,tea-0015-r01,tea-0015-R01,ايس تي,جميع أنواع الشاي (All types of tea),All types of tea,جميع أنواع الشاي (All types of tea),beverage,كباب امي للأكلات الشعبية - حي السليمانية,كباب امي للأكلات الشعبية,حي السليمانية,كباب امي للأكلات الشعبية - حي السليمانية,العليا,بلدية,بلدية العليا,True,False,لا يوجد,,0,,,False,none,,1,False
Data 2025.xlsx,10075,2025-11-10,2025-11,2025-W46,4,0,ubot-1164-r01,Ubot-1164-R01,مياه فلتر للطبخ م-ك,المياه الغير معبأة (Unbottled water),Unbottled water,المياه الغير المعبأة (Unbottled water),water,كباب امي للأكلات الشعبية - حي السليمانية,كباب امي للأكلات الشعبية,حي السليمانية,كباب امي للأكلات الشعبية - حي السليمانية,العليا,بلدية,بلدية العليا,False,True,كوليفورم | سيدوموناس,كوليفورم | سيدوموناس,2,,كوليفورم | سيدوموناس,False,indicator_only,category_merged_to_canonical,7,True
Data 2025.xlsx,10112,2025-11-11,2025-11,2025-W46,4,1,1-3728-R01,1-3728-R01,نكهة مابل,نكهات مركزة ( Syrup ),Syrup,نكهات مركزة ( Syrup ),sauce_condiment,فندق كورت يار الماريوت - حي المروج,فندق كورت يار الماريوت,حي المروج,فندق كورت يار الماريوت - حي المروج,العليا,بلدية,بلدية العليا,True,False,لا يوجد,,0,,,False,none,,4,True
Data 2025.xlsx,10125,2025-11-11,2025-11,2025-W46,4,1,1-3729-R01,1-3729-R01,فطير مشلتت,(Pie) فطيرة,Pie,(Pie) فطيرة,sweets_bakery,فندق كورت يار الماريوت - حي المروج,فندق كورت يار الماريوت,حي المروج,فندق كورت يار الماريوت - حي المروج,العليا,بلدية,بلدية العليا,True,False,لا يوجد,,0,,,False,none,,6,True
Data 2025.xlsx,10127,2025-11-11,2025-11,2025-W46,4,1,1-3730-R01,1-3730-R01,مربى توت,(jam) مربى,jam,(jam) مربى,sauce_condiment,فندق كورت يار الماريوت - حي المروج,فندق كورت يار الماريوت,حي المروج,فندق كورت يار الماريوت - حي المروج,العليا,بلدية,بلدية العليا,True,False,لا يوجد,,0,,,False,none,,7,True
Data 2025.xlsx,10128,2025-11-11,2025-11,2025-W46,4,1,1-3731-R01,1-3731-R01,مربى مشمش,(jam) مربى,jam,(jam) مربى,sauce_condiment,فندق كورت يار الماريوت - حي المروج,فندق كورت يار الماريوت,حي المروج,فندق كورت يار الماريوت - حي المروج,العليا,بلدية,بلدية العليا,True,False,لا يوجد,,0,,,False,none,,7,True
Data 2025.xlsx,10129,2025-11-11,2025-11,2025-W46,4,1,1-3732-R01,1-3732-R01,مربى فراولة,(jam) مربى,jam,(jam) مربى,sauce_condiment,فندق كورت يار الماريوت - حي المروج,فندق كورت يار الماريوت,حي المروج,فندق كورت يار الماريوت - حي المروج,العليا,بلدية,بلدية العليا,True,False,لا يوجد,,0,,,False,none,,7,True
Data 2025.xlsx,10139,2025-11-11,2025-11,2025-W46,4,1,1-3733-R01,1-3733-R01,كروسان سادة,كروسان (croissant),croissant,كروسان (croissant),sweets_bakery,فندق كورت يار الماريوت - حي المروج,فندق كورت يار الماريوت,حي المروج,فندق كورت يار الماريوت - حي المروج,العليا,بلدية,بلدية العليا,True,False,لا يوجد,,0,,,False,none,,9,True
Data 2025.xlsx,10110,2025-11-11,2025-11,2025-W46,4,1,O-U-ga-0187-R01,O-U-ga-0187-R01,ثوم مشوي,الثوم (garlic),garlic,الثوم (garlic),produce,فندق كورت يار الماريوت - حي المروج,فندق كورت يار الماريوت,حي المروج,فندق كورت يار الماريوت - حي المروج,العليا,بلدية,بلدية العليا,True,False,لا يوجد,,0,,,False,none,,4,True
Data 2025.xlsx,10133,2025-11-11,2025-11,2025-W46,4,1,O-U-po-0240-R01,O-U-po-0240-R01,عصير رمان,الرمان (pomegranate),pomegranate,الرمان (pomegranate),produce,فندق كورت يار الماريوت - حي المروج,فندق كورت يار الماريوت,حي المروج,فندق كورت يار الماريوت - حي المروج,العليا,بلدية,بلدية العليا,True,False,لا يوجد,,0,,,False,none,,7,True
Data 2025.xlsx,10137,2025-11-11,2025-11,2025-W46,4,1,O-U-to-0718-R01,O-U-to-0718-R01,قطع طماطم,الطماطم (Tomatoes),Tomatoes,الطماطم (Tomatoes),produce,فندق كورت يار الماريوت - حي المروج,فندق كورت يار الماريوت,حي المروج,فندق كورت يار الماريوت - حي المروج,العليا,بلدية,بلدية العليا,True,False,لا يوجد,,0,,,False,none,,9,True
Data 2025.xlsx,10098,2025-11-11,2025-11,2025-W46,4,1,O-r-U-cu-0318-R01,O-r-U-cu-0318-R01,قطع خيار,الخيار (cucumbers),cucumbers,الخيار (cucumbers),produce,فندق كورت يار الماريوت - حي المروج,فندق كورت يار الماريوت,حي المروج,فندق كورت يار الماريوت - حي المروج,العليا,بلدية,بلدية العليا,False,True,استافيلوكوكس اورياس,استافيلوكوكس اورياس,1,استافيلوكوكس اورياس,,True,pathogen,,1,False
Data 2025.xlsx,10126,2025-11-11,2025-11,2025-W46,4,1,OO-OSS-po-0464-R01,OO-OSS-po-0464-R01,بطاطس هش براون,البطاطس (potatoes),potatoes,البطاطس (potatoes),produce,فندق كورت يار الماريوت - حي المروج,فندق كورت يار الماريوت,حي المروج,فندق كورت يار الماريوت - حي المروج,العليا,بلدية,بلدية العليا,False,True,العد الكلي للبكتيريا,العد الكلي للبكتيريا,1,,العد الكلي للبكتيريا,False,indicator_only,,7,True
Data 2025.xlsx,10121,2025-11-11,2025-11,2025-W46,4,1,OO-or-0299-R01,OO-or-0299-R01,قطع برتقال,البرتقال (oranges),oranges,البرتقال (oranges),produce,فندق كورت يار الماريوت - حي المروج,فندق كورت يار الماريوت,حي المروج,فندق كورت يار الماريوت - حي المروج,العليا,بلدية,بلدية العليا,True,False,لا يوجد,,0,,,False,none,,5,True
Data 2025.xlsx,10123,2025-11-11,2025-11,2025-W46,4,1,OO-wm-0044-R01,OO-wm-0044-R01,قطع جح,البطيخ (watermelons),watermelons,البطيخ (watermelons),water,فندق كورت يار الماريوت - حي المروج,فندق كورت يار الماريوت,حي المروج,فندق كورت يار الماريوت - حي المروج,العليا,بلدية,بلدية العليا,True,False,لا يوجد,,0,,,False,none,,5,True
Data 2025.xlsx,10107,2025-11-11,2025-11,2025-W46,4,1,OOSS-eg-0401-R01,OOSS-eg-0401-R01,مكدوس,الباذنجان (eggplant),eggplant,الباذنجان (eggplant),dairy,فندق كورت يار الماريوت - حي المروج,فندق كورت يار الماريوت,حي المروج,فندق كورت يار الماريوت - حي المروج,العليا,بلدية,بلدية العليا,False,True,خمائر,الخمائر والاعفان,1,,الخمائر والاعفان,False,indicator_only,,4,True
Data 2025.xlsx,10136,2025-11-11,2025-11,2025-W46,4,1,OOu-on-0567-R01,OOu-on-0567-R01,قطع بصل,البصل (onions),onions,البصل (onions),produce,فندق كورت يار الماريوت - حي المروج,فندق كورت يار الماريوت,حي المروج,فندق كورت يار الماريوت - حي المروج,العليا,بلدية,بلدية العليا,True,False,لا يوجد,,0,,,False,none,,9,True
Data 2025.xlsx,10122,2025-11-11,2025-11,2025-W46,4,1,OSSUOSS-pin-0019-R01,OSSUOSS-pin-0019-R01,قطع اناناس,اناناس (pineapple),pineapple,اناناس (pineapple),produce,فندق كورت يار الماريوت - حي المروج,فندق كورت يار الماريوت,حي المروج,فندق كورت يار الماريوت - حي المروج,العليا,بلدية,بلدية العليا,True,False,لا يوجد,,0,,,False,none,,5,True
Data 2025.xlsx,10118,2025-11-11,2025-11,2025-W46,4,1,OU-me-0040-R01,OU-me-0040-R01,قطع شمام,الشمام (melons),melons,الشمام (melons),produce,فندق كورت يار الماريوت - حي المروج,فندق كورت يار الماريوت,حي المروج,فندق كورت يار الماريوت - حي المروج,العليا,بلدية,بلدية العليا,True,False,لا يوجد,,0,,,False,none,,5,True
Data 2025.xlsx,10131,2025-11-11,2025-11,2025-W46,4,1,UO-st-0085-R01,UO-st-0085-R01,فراولة مجفف,الفراولة (strawberries),strawberries,الفراولة (strawberries),raw_meat,فندق كورت يار الماريوت - حي المروج,فندق كورت يار الماريوت,حي المروج,فندق كورت يار الماريوت - حي المروج,العليا,بلدية,بلدية العليا,True,False,لا يوجد,,0,,,False,none,,7,True
Data 2025.xlsx,10120,2025-11-11,2025-11,2025-W46,4,1,UU-ki-0167-R01,UU-ki-0167-R01,قطع كيوي,الكيوي (Kiwi),Kiwi,الكيوي (Kiwi),produce,فندق كورت يار الماريوت - حي المروج,فندق كورت يار الماريوت,حي المروج,فندق كورت يار الماريوت - حي المروج,العليا,بلدية,بلدية العليا,True,False,لا يوجد,,0,,,False,none,,5,True
Data 2025.xlsx,10108,2025-11-11,2025-11,2025-W46,4,1,UU-pe-1637-R01,UU-pe-1637-R01,فلفل مشوي,الفلفل (peppers),peppers,الفلفل (peppers),produce,فندق كورت يار الماريوت - حي المروج,فندق كورت يار الماريوت,حي المروج,فندق كورت يار الماريوت - حي المروج,العليا,بلدية,بلدية العليا,True,False,لا يوجد,,0,,,False,none,,4,True
Data 2025.xlsx,10109,2025-11-11,2025-11,2025-W46,4,1,UU-pe-1638-R01,UU-pe-1638-R01,فلفل رومي مشوي,الفلفل (peppers),peppers,الفلفل (peppers),produce,فندق كورت يار الماريوت - حي المروج,فندق كورت يار الماريوت,حي المروج,فندق كورت يار الماريوت - حي المروج,العليا,بلدية,بلدية العليا,True,False,لا يوجد,,0,,,False,none,,4,True
Data 2025.xlsx,10100,2025-11-11,2025-11,2025-W46,4,1,appe-0651-r01,Appe-0651-R01,حمص,مقبلات (Appetizers),Appetizers,مقبلات (Appetizers),prepared_meal,فندق كورت يار الماريوت - حي المروج,فندق كورت يار الماريوت,حي المروج,فندق كورت يار الماريوت - حي المروج,العليا,بلدية,بلدية العليا,True,False,لا يوجد,,0,,,False,none,,1,False
Data 2025.xlsx,10102,2025-11-11,2025-11,2025-W46,4,1,bri-0389-r01,bri-0389-R01,لبنة,لبنة ( brick),brick,لبنة ( brick),dairy,فندق كورت يار الماريوت - حي المروج,فندق كورت يار الماريوت,حي المروج,فندق كورت يار الماريوت - حي المروج,العليا,بلدية,بلدية العليا,True,False,لا يوجد,,0,,,False,none,,2,True
Data 2025.xlsx,10103,2025-11-11,2025-11,2025-W46,4,1,bri-0390-r01,bri-0390-R01,كرات لبنة,لبنة ( brick),brick,لبنة ( brick),dairy,فندق كورت يار الماريوت - حي المروج,فندق كورت يار الماريوت,حي المروج,فندق كورت يار الماريوت - حي المروج,العليا,بلدية,بلدية العليا,False,True,الخمائر والاعفان,الخمائر والاعفان,1,,الخمائر والاعفان,False,indicator_only,,3,True
Data 2025.xlsx,10111,2025-11-11,2025-11,2025-W46,4,1,flswe-0083-r01,FlSwe-0083-R01,حلاوة طحينية,حلاوة طحينة( Flour Sweetness),Flour Sweetness,حلاوة طحينة( Flour Sweetness),sauce_condiment,فندق كورت يار الماريوت - حي المروج,فندق كورت يار الماريوت,حي المروج,فندق كورت يار الماريوت - حي المروج,العليا,بلدية,بلدية العليا,True,False,لا يوجد,,0,,,False,none,,4,True
Data 2025.xlsx,10114,2025-11-11,2025-11,2025-W46,4,1,jui-0575-r01,jui-0575-R01,عصير جزر,العصائر الطازجة Un-pasteurized juices (fresh),fresh,العصائر الطازجة Un-pasteurized juices (fresh),beverage,فندق كورت يار الماريوت - حي المروج,فندق كورت يار الماريوت,حي المروج,فندق كورت يار الماريوت - حي المروج,العليا,بلدية,بلدية العليا,False,True,الخمائر والاعفان,الخمائر والاعفان,1,,الخمائر والاعفان,False,indicator_only,,5,True
Data 2025.xlsx,10115,2025-11-11,2025-11,2025-W46,4,1,jui-0576-r01,jui-0576-R01,عصير شمندر,العصائر الطازجة Un-pasteurized juices (fresh),fresh,العصائر الطازجة Un-pasteurized juices (fresh),beverage,فندق كورت يار الماريوت - حي المروج,فندق كورت يار الماريوت,حي المروج,فندق كورت يار الماريوت - حي المروج,العليا,بلدية,بلدية العليا,True,False,لا يوجد,,0,,,False,none,,5,True
Data 2025.xlsx,10116,2025-11-11,2025-11,2025-W46,4,1,jui-0577-r01,jui-0577-R01,عصير مكس قرين,العصائر الطازجة Un-pasteurized juices (fresh),fresh,العصائر الطازجة Un-pasteurized juices (fresh),beverage,فندق كورت يار الماريوت - حي المروج,فندق كورت يار الماريوت,حي المروج,فندق كورت يار الماريوت - حي المروج,العليا,بلدية,بلدية العليا,True,False,لا يوجد,,0,,,False,none,,5,True
Data 2025.xlsx,10134,2025-11-11,2025-11,2025-W46,4,1,jui-0578-r01,jui-0578-R01,عصير ديتوكس ماء مع تفاح,العصائر الطازجة Un-pasteurized juices (fresh),fresh,العصائر الطازجة Un-pasteurized juices (fresh),beverage,فندق كورت يار الماريوت - حي المروج,فندق كورت يار الماريوت,حي المروج,فندق كورت يار الماريوت - حي المروج,العليا,بلدية,بلدية العليا,False,True,الخمائر والاعفان,الخمائر والاعفان,1,,الخمائر والاعفان,False,indicator_only,,8,True
Data 2025.xlsx,10135,2025-11-11,2025-11,2025-W46,4,1,jui-0579-r01,jui-0579-R01,عصير برتقال,العصائر الطازجة Un-pasteurized juices (fresh),fresh,العصائر الطازجة Un-pasteurized juices (fresh),beverage,فندق كورت يار الماريوت - حي المروج,فندق كورت يار الماريوت,حي المروج,فندق كورت يار الماريوت - حي المروج,العليا,بلدية,بلدية العليا,False,True,الخمائر والاعفان,الخمائر والاعفان,1,,الخمائر والاعفان,False,indicator_only,,9,True
Data 2025.xlsx,10104,2025-11-11,2025-11,2025-W46,4,1,olv-0674-r01,olv-0674-R01,زيتون اخضر,الزيتون /Olive,Olive,الزيتون /Olive,produce,فندق كورت يار الماريوت - حي المروج,فندق كورت يار الماريوت,حي المروج,فندق كورت يار الماريوت - حي المروج,العليا,بلدية,بلدية العليا,True,False,لا يوجد,,0,,,False,none,,3,True
Data 2025.xlsx,10113,2025-11-11,2025-11,2025-W46,4,1,pe-0043-r01,pe-0043-R01,فول سوداني,الفول السوداني (peanut),peanut,الفول السوداني (peanut),produce,فندق كورت يار الماريوت - حي المروج,فندق كورت يار الماريوت,حي المروج,فندق كورت يار الماريوت - حي المروج,العليا,بلدية,بلدية العليا,True,False,لا يوجد,,0,,,False,none,,4,True
Data 2025.xlsx,10105,2025-11-11,2025-11,2025-W46,4,1,pick-0587-r01,Pick-0587-R01,مخلل لفت,المخلل (Pickle),Pickle,المخلل (Pickle),sauce_condiment,فندق كورت يار الماريوت - حي المروج,فندق كورت يار الماريوت,حي المروج,فندق كورت يار الماريوت - حي المروج,العليا,بلدية,بلدية العليا,True,False,لا يوجد,,0,,,False,none,,3,True
Data 2025.xlsx,10106,2025-11-11,2025-11,2025-W46,4,1,pick-0588-r01,Pick-0588-R01,مخلل خيار صغير,المخلل (Pickle),Pickle,المخلل (Pickle),sauce_condiment,فندق كورت يار الماريوت - حي المروج,فندق كورت يار الماريوت,حي المروج,فندق كورت يار الماريوت - حي المروج,العليا,بلدية,بلدية العليا,True,False,لا يوجد,,0,,,False,none,,3,True
Data 2025.xlsx,10130,2025-11-11,2025-11,2025-W46,4,1,pu-0004-r01,pu-0004-R01,كوكو بوبس,"رقائق ومنتفخات الحبوب (Puffed , flaked cereal products )","Puffed , flaked cereal products","رقائق ومنتفخات الحبوب (Puffed , flaked cereal products )",produce,فندق كورت يار الماريوت - حي المروج,فندق كورت يار الماريوت,حي المروج,فندق كورت يار الماريوت - حي المروج,العليا,بلدية,بلدية العليا,True,False,لا يوجد,,0,,,False,none,,7,True
Data 2025.xlsx,10124,2025-11-11,2025-11,2025-W46,4,1,sa-0911-r01,sa-0911-R01,شوفان مع حليب مع مكسرات,اطعمة جاهزة للأكل Ready to eat meals,Ready to eat meals,اطعمة جاهزة للأكل Ready to eat meals,prepared_meal,فندق كورت يار الماريوت - حي المروج,فندق كورت يار الماريوت,حي المروج,فندق كورت يار الماريوت - حي المروج,العليا,بلدية,بلدية العليا,False,True,انتيروباكتريسي,انتيروباكتريسي,1,,انتيروباكتريسي,False,indicator_only,,6,True
Data 2025.xlsx,10138,2025-11-11,2025-11,2025-W46,4,1,sa-0912-r01,sa-0912-R01,طحينية,طحينة,,طحينة,sauce_condiment,فندق كورت يار الماريوت - حي المروج,فندق كورت يار الماريوت,حي المروج,فندق كورت يار الماريوت - حي المروج,العليا,بلدية,بلدية العليا,True,False,لا يوجد,,0,,,False,none,,9,True
Data 2025.xlsx,10099,2025-11-11,2025-11,2025-W46,4,1,sal-1709-r01,Sal-1709-R01,سلطة خضراء,السلطة(Salad),Salad,السلطة(Salad),produce,فندق كورت يار الماريوت - حي المروج,فندق كورت يار الماريوت,حي المروج,فندق كورت يار الماريوت - حي المروج,العليا,بلدية,بلدية العليا,True,False,لا يوجد,,0,,,False,none,,1,False
Data 2025.xlsx,10101,2025-11-11,2025-11,2025-W46,4,1,sal-1710-r01,Sal-1710-R01,سلطة زبادي مع خيار,السلطة(Salad),Salad,السلطة(Salad),produce,فندق كورت يار الماريوت - حي المروج,فندق كورت يار الماريوت,حي المروج,فندق كورت يار الماريوت - حي المروج,العليا,بلدية,بلدية العليا,False,True,الخمائر والاعفان,الخمائر والاعفان,1,,الخمائر والاعفان,False,indicator_only,,2,True
Data 2025.xlsx,10117,2025-11-11,2025-11,2025-W46,4,1,sau-2683-r01,sau-2683-R01,صوص كاتشب,صوص (sauce),sauce,صوص (sauce),sauce_condiment,فندق كورت يار الماريوت - حي المروج,فندق كورت يار الماريوت,حي المروج,فندق كورت يار الماريوت - حي المروج,العليا,بلدية,بلدية العليا,True,False,لا يوجد,,0,,,False,none,,5,True
Data 2025.xlsx,10158,2025-11-11,2025-11,2025-W46,4,1,sau-2684-r01,sau-2684-R01,صوص كيوي,صوص (sauce),sauce,صوص (sauce),sauce_condiment,فندق كورت يار الماريوت - حي المروج,فندق كورت يار الماريوت,حي المروج,فندق كورت يار الماريوت - حي المروج,العليا,بلدية,بلدية العليا,True,False,لا يوجد,,0,,,False,none,,15,True
Data 2025.xlsx,10159,2025-11-11,2025-11,2025-W46,4,1,sau-2685-r01,sau-2685-R01,صوص بلو بيري,صوص (sauce),sauce,صوص (sauce),sauce_condiment,فندق كورت يار الماريوت - حي المروج,فندق كورت يار الماريوت,حي المروج,فندق كورت يار الماريوت - حي المروج,العليا,بلدية,بلدية العليا,True,False,لا يوجد,,0,,,False,none,,15,True
Data 2025.xlsx,10140,2025-11-11,2025-11,2025-W46,4,1,sw-3719-r01,sw-3719-R01,مسحة طاولة تقطيع خبز,(Swabs) المسحات,Swabs,(Swabs) المسحات,swab,فندق كورت يار الماريوت - حي المروج,فندق كورت يار الماريوت,حي المروج,فندق كورت يار الماريوت - حي المروج,العليا,بلدية,بلدية العليا,False,True,استافيلوكوكس اورياس,استافيلوكوكس اورياس,1,استافيلوكوكس اورياس,,True,pathogen,,10,True
Data 2025.xlsx,10153,2025-11-11,2025-11,2025-W46,4,1,sw-3720-r01,sw-3720-R01,مسحة ثلاجة,(Swabs) المسحات,Swabs,(Swabs) المسحات,swab,فندق كورت يار الماريوت - حي المروج,فندق كورت يار الماريوت,حي المروج,فندق كورت يار الماريوت - حي المروج,العليا,بلدية,بلدية العليا,True,False,لا يوجد,,0,,,False,none,,15,True
Data 2025.xlsx,10154,2025-11-11,2025-11,2025-W46,4,1,sw-3721-r01,sw-3721-R01,مسحة ثلاجة,(Swabs) المسحات,Swabs,(Swabs) المسحات,swab,فندق كورت يار الماريوت - حي المروج,فندق كورت يار الماريوت,حي المروج,فندق كورت يار الماريوت - حي المروج,العليا,بلدية,بلدية العليا,True,False,لا يوجد,,0,,,False,none,,15,True
Data 2025.xlsx,10155,2025-11-11,2025-11,2025-W46,4,1,sw-3722-r01,sw-3722-R01,مسحة ثلاجة,(Swabs) المسحات,Swabs,(Swabs) المسحات,swab,فندق كورت يار الماريوت - حي المروج,فندق كورت يار الماريوت,حي المروج,فندق كورت يار الماريوت - حي المروج,العليا,بلدية,بلدية العليا,True,False,لا يوجد,,0,,,False,none,,15,True
Data 2025.xlsx,10156,2025-11-11,2025-11,2025-W46,4,1,sw-3723-r01,sw-3723-R01,مسحة فريزر,(Swabs) المسحات,Swabs,(Swabs) المسحات,swab,فندق كورت يار الماريوت - حي المروج,فندق كورت يار الماريوت,حي المروج,فندق كورت يار الماريوت - حي المروج,العليا,بلدية,بلدية العليا,True,False,لا يوجد,,0,,,False,none,,15,True
Data 2025.xlsx,10160,2025-11-11,2025-11,2025-W46,4,1,sw-3724-r01,sw-3724-R01,مسحة صانعة ثلج,(Swabs) المسحات,Swabs,(Swabs) المسحات,swab,فندق كورت يار الماريوت - حي المروج,فندق كورت يار الماريوت,حي المروج,فندق كورت يار الماريوت - حي المروج,العليا,بلدية,بلدية العليا,True,False,لا يوجد,,0,,,False,none,,15,True
Data 2025.xlsx,10141,2025-11-11,2025-11,2025-W46,4,1,sweet-1535-r01,sweet-1535-R01,كيك رد فلفت,الحلا(sweetness),sweetness,الحلا(sweetness),sweets_bakery,فندق كورت يار الماريوت - حي المروج,فندق كورت يار الماريوت,حي المروج,فندق كورت يار الماريوت - حي المروج,العليا,بلدية,بلدية العليا,True,False,لا يوجد,,0,,,False,none,,10,True
Data 2025.xlsx,10142,2025-11-11,2025-11,2025-W46,4,1,sweet-1536-r01,sweet-1536-R01,تشيز كيك,الحلا(sweetness),sweetness,الحلا(sweetness),sweets_bakery,فندق كورت يار الماريوت - حي المروج,فندق كورت يار الماريوت,حي المروج,فندق كورت يار الماريوت - حي المروج,العليا,بلدية,بلدية العليا,True,False,لا يوجد,,0,,,False,none,,10,True
Data 2025.xlsx,10143,2025-11-11,2025-11,2025-W46,4,1,sweet-1537-r01,sweet-1537-R01,كيك شوكليت,الحلا(sweetness),sweetness,الحلا(sweetness),sweets_bakery,فندق كورت يار الماريوت - حي المروج,فندق كورت يار الماريوت,حي المروج,فندق كورت يار الماريوت - حي المروج,العليا,بلدية,بلدية العليا,True,False,لا يوجد,,0,,,False,none,,10,True
Data 2025.xlsx,10144,2025-11-11,2025-11,2025-W46,4,1,sweet-1538-r01,sweet-1538-R01,كيك راز بيري,الحلا(sweetness),sweetness,الحلا(sweetness),sweets_bakery,فندق كورت يار الماريوت - حي المروج,فندق كورت يار الماريوت,حي المروج,فندق كورت يار الماريوت - حي المروج,العليا,بلدية,بلدية العليا,True,False,لا يوجد,,0,,,False,none,,10,True
Data 2025.xlsx,10145,2025-11-11,2025-11,2025-W46,4,1,sweet-1539-r01,sweet-1539-R01,بقلاوة محشي المول,الحلا(sweetness),sweetness,الحلا(sweetness),sweets_bakery,فندق كورت يار الماريوت - حي المروج,فندق كورت يار الماريوت,حي المروج,فندق كورت يار الماريوت - حي المروج,العليا,بلدية,بلدية العليا,False,True,استافيلوكوكس اورياس,استافيلوكوكس اورياس,1,استافيلوكوكس اورياس,,True,pathogen,,11,True
Data 2025.xlsx,10146,2025-11-11,2025-11,2025-W46,4,1,sweet-1540-r01,sweet-1540-R01,بقلاوة محشي بستاشو,الحلا(sweetness),sweetness,الحلا(sweetness),sweets_bakery,فندق كورت يار الماريوت - حي المروج,فندق كورت يار الماريوت,حي المروج,فندق كورت يار الماريوت - حي المروج,العليا,بلدية,بلدية العليا,False,True,استافيلوكوكس اورياس,استافيلوكوكس اورياس,1,استافيلوكوكس اورياس,,True,pathogen,,12,True
Data 2025.xlsx,10147,2025-11-11,2025-11,2025-W46,4,1,sweet-1541-r01,sweet-1541-R01,كيك شوكليت فانيلا,الحلا(sweetness),sweetness,الحلا(sweetness),sweets_bakery,فندق كورت يار الماريوت - حي المروج,فندق كورت يار الماريوت,حي المروج,فندق كورت يار الماريوت - حي المروج,العليا,بلدية,بلدية العليا,False,True,العد الكلي للبكتيريا,العد الكلي للبكتيريا,1,,العد الكلي للبكتيريا,False,indicator_only,,13,True
Data 2025.xlsx,10148,2025-11-11,2025-11,2025-W46,4,1,sweet-1542-r01,sweet-1542-R01,كيك بستاشو,الحلا(sweetness),sweetness,الحلا(sweetness),sweets_bakery,فندق كورت يار الماريوت - حي المروج,فندق كورت يار الماريوت,حي المروج,فندق كورت يار الماريوت - حي المروج,العليا,بلدية,بلدية العليا,False,True,ايشيريشيا كولاي,ايشيريشيا كولاي,1,ايشيريشيا كولاي,,True,pathogen,,14,True
Data 2025.xlsx,10149,2025-11-11,2025-11,2025-W46,4,1,sweet-1543-r01,sweet-1543-R01,كيك المول بالكراميل,الحلا(sweetness),sweetness,الحلا(sweetness),sweets_bakery,فندق كورت يار الماريوت - حي المروج,فندق كورت يار الماريوت,حي المروج,فندق كورت يار الماريوت - حي المروج,العليا,بلدية,بلدية العليا,True,False,لا يوجد,,0,,,False,none,,14,True
Data 2025.xlsx,10150,2025-11-11,2025-11,2025-W46,4,1,sweet-1544-r01,sweet-1544-R01,كيك اوبيرا,الحلا(sweetness),sweetness,الحلا(sweetness),sweets_bakery,فندق كورت يار الماريوت - حي المروج,فندق كورت يار الماريوت,حي المروج,فندق كورت يار الماريوت - حي المروج,العليا,بلدية,بلدية العليا,True,False,لا يوجد,,0,,,False,none,,14,True
Data 2025.xlsx,10151,2025-11-11,2025-11,2025-W46,4,1,sweet-1545-r01,sweet-1545-R01,كيك فانيلا,الحلا(sweetness),sweetness,الحلا(sweetness),sweets_bakery,فندق كورت يار الماريوت - حي المروج,فندق كورت يار الماريوت,حي المروج,فندق كورت يار الماريوت - حي المروج,العليا,بلدية,بلدية العليا,True,False,لا يوجد,,0,,,False,none,,14,True
Data 2025.xlsx,10152,2025-11-11,2025-11,2025-W46,4,1,sweet-1546-r01,sweet-1546-R01,كلير محشي بستاشو,الحلا(sweetness),sweetness,الحلا(sweetness),sweets_bakery,فندق كورت يار الماريوت - حي المروج,فندق كورت يار الماريوت,حي المروج,فندق كورت يار الماريوت - حي المروج,العليا,بلدية,بلدية العليا,False,True,انتيروباكتريسي,انتيروباكتريسي,1,,انتيروباكتريسي,False,indicator_only,,15,True
Data 2025.xlsx,10157,2025-11-11,2025-11,2025-W46,4,1,ubot-1165-r01,Ubot-1165-R01,مياه فلتر لغسيل الادوات م ك,المياه الغير معبأة (Unbottled water),Unbottled water,المياه الغير المعبأة (Unbottled water),water,فندق كورت يار الماريوت - حي المروج,فندق كورت يار الماريوت,حي المروج,فندق كورت يار الماريوت - حي المروج,العليا,بلدية,بلدية العليا,True,False,لا يوجد,,0,,,False,none,category_merged_to_canonical,15,True
Data 2025.xlsx,10119,2025-11-11,2025-11,2025-W46,4,1,vefr-0114-r01,VeFr-0114-R01,قطع فاكهة التنين,الخضروات/الفواكه-(Vegetables/Fruits),Vegetables/Fruits,الخضروات/الفواكه-(Vegetables/Fruits),produce,فندق كورت يار الماريوت - حي المروج,فندق كورت يار الماريوت,حي المروج,فندق كورت يار الماريوت - حي المروج,العليا,بلدية,بلدية العليا,True,False,لا يوجد,,0,,,False,none,,5,True
Data 2025.xlsx,10132,2025-11-11,2025-11,2025-W46,4,1,vefr-0115-r01,VeFr-0115-R01,مشمش مجفف,الخضروات/الفواكه-(Vegetables/Fruits),Vegetables/Fruits,الخضروات/الفواكه-(Vegetables/Fruits),produce,فندق كورت يار الماريوت - حي المروج,فندق كورت يار الماريوت,حي المروج,فندق كورت يار الماريوت - حي المروج,العليا,بلدية,بلدية العليا,True,False,لا يوجد,,0,,,False,none,,7,True
Data 2025.xlsx,10180,2025-11-15,2025-11,2025-W46,4,5,1-3742-R01,1-3742-R01,قشطة مصرية,(cream) قشطة,cream,(cream) قشطة,dairy,هايبر الوفاء - حي الضباط,هايبر الوفاء,حي الضباط,هايبر الوفاء - حي الضباط,الملز,بلدية,بلدية الملز,False,True,العد الكلي للبكتيريا | الخمائر والاعفان,العد الكلي للبكتيريا | الخمائر والاعفان,2,,العد الكلي للبكتيريا | الخمائر والاعفان,False,indicator_only,,4,True
Data 2025.xlsx,10196,2025-11-15,2025-11,2025-W46,4,5,1-3743-R01,1-3743-R01,دونت كراميل,(donut) دونات,donut,(donut) دونات,produce,هايبر الوفاء - حي الضباط,هايبر الوفاء,حي الضباط,هايبر الوفاء - حي الضباط,الملز,بلدية,بلدية الملز,True,False,لا يوجد,,0,,,False,none,,12,True
Data 2025.xlsx,10197,2025-11-15,2025-11,2025-W46,4,5,1-3744-R01,1-3744-R01,دونت فانسي,(donut) دونات,donut,(donut) دونات,produce,هايبر الوفاء - حي الضباط,هايبر الوفاء,حي الضباط,هايبر الوفاء - حي الضباط,الملز,بلدية,بلدية الملز,True,False,لا يوجد,,0,,,False,none,,12,True
Data 2025.xlsx,10198,2025-11-15,2025-11,2025-W46,4,5,1-3745-R01,1-3745-R01,دونت لوتس,(donut) دونات,donut,(donut) دونات,produce,هايبر الوفاء - حي الضباط,هايبر الوفاء,حي الضباط,هايبر الوفاء - حي الضباط,الملز,بلدية,بلدية الملز,True,False,لا يوجد,,0,,,False,none,,12,True
Data 2025.xlsx,10199,2025-11-15,2025-11,2025-W46,4,5,1-3746-R01,1-3746-R01,فطيرة دجاج,(Pie) فطيرة,Pie,(Pie) فطيرة,sweets_bakery,هايبر الوفاء - حي الضباط,هايبر الوفاء,حي الضباط,هايبر الوفاء - حي الضباط,الملز,بلدية,بلدية الملز,True,False,لا يوجد,,0,,,False,none,,12,True
Data 2025.xlsx,10200,2025-11-15,2025-11,2025-W46,4,5,1-3747-R01,1-3747-R01,فطيرة دجاج منشوريان,(Pie) فطيرة,Pie,(Pie) فطيرة,sweets_bakery,هايبر الوفاء - حي الضباط,هايبر الوفاء,حي الضباط,هايبر الوفاء - حي الضباط,الملز,بلدية,بلدية الملز,True,False,لا يوجد,,0,,,False,none,,12,True
Data 2025.xlsx,10201,2025-11-15,2025-11,2025-W46,4,5,1-3748-R01,1-3748-R01,فطيرة خضار,(Pie) فطيرة,Pie,(Pie) فطيرة,sweets_bakery,هايبر الوفاء - حي الضباط,هايبر الوفاء,حي الضباط,هايبر الوفاء - حي الضباط,الملز,بلدية,بلدية الملز,True,False,لا يوجد,,0,,,False,none,,12,True
Data 2025.xlsx,10202,2025-11-15,2025-11,2025-W46,4,5,1-3749-R01,1-3749-R01,كروسان زعتر,كروسان (croissant),croissant,كروسان (croissant),sweets_bakery,هايبر الوفاء - حي الضباط,هايبر الوفاء,حي الضباط,هايبر الوفاء - حي الضباط,الملز,بلدية,بلدية الملز,True,False,لا يوجد,,0,,,False,none,,12,True
Data 2025.xlsx,10216,2025-11-15,2025-11,2025-W46,4,5,1-3750-R01,1-3750-R01,رز مقلي بالدجاج,الارز ( rice),rice,الارز ( rice),prepared_meal,هايبر الوفاء - حي الضباط,هايبر الوفاء,حي الضباط,هايبر الوفاء - حي الضباط,الملز,بلدية,بلدية الملز,False,True,العد الكلي للبكتيريا,العد الكلي للبكتيريا,1,,العد الكلي للبكتيريا,False,indicator_only,,15,True
Data 2025.xlsx,10219,2025-11-15,2025-11,2025-W46,4,5,1-3751-R01,1-3751-R01,رز برياني لحم بقري,الارز ( rice),rice,الارز ( rice),prepared_meal,هايبر الوفاء - حي الضباط,هايبر الوفاء,حي الضباط,هايبر الوفاء - حي الضباط,الملز,بلدية,بلدية الملز,True,False,لا يوجد,,0,,,False,none,,15,True
Data 2025.xlsx,10176,2025-11-15,2025-11,2025-W46,4,5,OOSS-eg-0403-R01,OOSS-eg-0403-R01,مكدوس سوري,الباذنجان (eggplant),eggplant,الباذنجان (eggplant),dairy,هايبر الوفاء - حي الضباط,هايبر الوفاء,حي الضباط,هايبر الوفاء - حي الضباط,الملز,بلدية,بلدية الملز,True,False,لا يوجد,,0,,,False,none,,2,True
Data 2025.xlsx,10182,2025-11-15,2025-11,2025-W46,4,5,bri-0391-r01,bri-0391-R01,لبنة بالمكدوس,لبنة ( brick),brick,لبنة ( brick),dairy,هايبر الوفاء - حي الضباط,هايبر الوفاء,حي الضباط,هايبر الوفاء - حي الضباط,الملز,بلدية,بلدية الملز,False,True,الخمائر والاعفان,الخمائر والاعفان,1,,الخمائر والاعفان,False,indicator_only,,5,True
Data 2025.xlsx,10183,2025-11-15,2025-11,2025-W46,4,5,bri-0392-r01,bri-0392-R01,كرات لبنة حارة,لبنة ( brick),brick,لبنة ( brick),dairy,هايبر الوفاء - حي الضباط,هايبر الوفاء,حي الضباط,هايبر الوفاء - حي الضباط,الملز,بلدية,بلدية الملز,False,True,الخمائر والاعفان,الخمائر والاعفان,1,,الخمائر والاعفان,False,indicator_only,,6,True
Data 2025.xlsx,10184,2025-11-15,2025-11,2025-W46,4,5,bri-0393-r01,bri-0393-R01,لبنة بريزيدن تركية,لبنة ( brick),brick,لبنة ( brick),dairy,هايبر الوفاء - حي الضباط,هايبر الوفاء,حي الضباط,هايبر الوفاء - حي الضباط,الملز,بلدية,بلدية الملز,False,True,الخمائر والاعفان,الخمائر والاعفان,1,,الخمائر والاعفان,False,indicator_only,,7,True
Data 2025.xlsx,10179,2025-11-15,2025-11,2025-W46,4,5,chee-0908-r01,Chee-0908-R01,جبنة مش حار,(cheese) جبنة,cheese,(cheese) جبنة,dairy,هايبر الوفاء - حي الضباط,هايبر الوفاء,حي الضباط,هايبر الوفاء - حي الضباط,الملز,بلدية,بلدية الملز,True,False,لا يوجد,,0,,,False,none,,3,True
Data 2025.xlsx,10185,2025-11-15,2025-11,2025-W46,4,5,chee-0909-r01,Chee-0909-R01,جبنة مش قديم,(cheese) جبنة,cheese,(cheese) جبنة,dairy,هايبر الوفاء - حي الضباط,هايبر الوفاء,حي الضباط,هايبر الوفاء - حي الضباط,الملز,بلدية,بلدية الملز,True,False,لا يوجد,,0,,,False,none,,7,True
Data 2025.xlsx,10191,2025-11-15,2025-11,2025-W46,4,5,ck-0137-r01,ck-0137-R01,كيكة كراميل,كيك (cake),cake,كيك (cake),sweets_bakery,هايبر الوفاء - حي الضباط,هايبر الوفاء,حي الضباط,هايبر الوفاء - حي الضباط,الملز,بلدية,بلدية الملز,False,True,العد الكلي للبكتيريا,العد الكلي للبكتيريا,1,,العد الكلي للبكتيريا,False,indicator_only,,8,True
Data 2025.xlsx,10192,2025-11-15,2025-11,2025-W46,4,5,ck-0138-r01,ck-0138-R01,كيكة اوريو,كيك (cake),cake,كيك (cake),sweets_bakery,هايبر الوفاء - حي الضباط,هايبر الوفاء,حي الضباط,هايبر الوفاء - حي الضباط,الملز,بلدية,بلدية الملز,False,True,العد الكلي للبكتيريا,العد الكلي للبكتيريا,1,,العد الكلي للبكتيريا,False,indicator_only,,9,True
Data 2025.xlsx,10193,2025-11-15,2025-11,2025-W46,4,5,ck-0139-r01,ck-0139-R01,كيكة فواكه,كيك (cake),cake,كيك (cake),sweets_bakery,هايبر الوفاء - حي الضباط,هايبر الوفاء,حي الضباط,هايبر الوفاء - حي الضباط,الملز,بلدية,بلدية الملز,False,True,العد الكلي للبكتيريا,العد الكلي للبكتيريا,1,,العد الكلي للبكتيريا,False,indicator_only,,10,True
Data 2025.xlsx,10194,2025-11-15,2025-11,2025-W46,4,5,ck-0140-r01,ck-0140-R01,كيكة شوكليت,كيك (cake),cake,كيك (cake),sweets_bakery,هايبر الوفاء - حي الضباط,هايبر الوفاء,حي الضباط,هايبر الوفاء - حي الضباط,الملز,بلدية,بلدية الملز,False,True,العد الكلي للبكتيريا,العد الكلي للبكتيريا,1,,العد الكلي للبكتيريا,False,indicator_only,,11,True
Data 2025.xlsx,10195,2025-11-15,2025-11,2025-W46,4,5,ck-0141-r01,ck-0141-R01,كيكة كت كات,كيك (cake),cake,كيك (cake),sweets_bakery,هايبر الوفاء - حي الضباط,هايبر الوفاء,حي الضباط,هايبر الوفاء - حي الضباط,الملز,بلدية,بلدية الملز,False,True,العد الكلي للبكتيريا,العد الكلي للبكتيريا,1,,العد الكلي للبكتيريا,False,indicator_only,,12,True
Data 2025.xlsx,10215,2025-11-15,2025-11,2025-W46,4,5,co-0640-r01,co-0640-R01,كبدة دجاج مطبوخ,الدجاج المطبوخ (Cooked chicken),Cooked chicken,الدجاج المطبوخ (Cooked chicken),cooked_meat_poultry,هايبر الوفاء - حي الضباط,هايبر الوفاء,حي الضباط,هايبر الوفاء - حي الضباط,الملز,بلدية,بلدية الملز,False,True,العد الكلي للبكتيريا,العد الكلي للبكتيريا,1,,العد الكلي للبكتيريا,False,indicator_only,,14,True
Data 2025.xlsx,10218,2025-11-15,2025-11,2025-W46,4,5,co-0641-r01,co-0641-R01,دجاج سبايسي مطبوخ,الدجاج المطبوخ (Cooked chicken),Cooked chicken,الدجاج المطبوخ (Cooked chicken),cooked_meat_poultry,هايبر الوفاء - حي الضباط,هايبر الوفاء,حي الضباط,هايبر الوفاء - حي الضباط,الملز,بلدية,بلدية الملز,True,False,لا يوجد,,0,,,False,none,,15,True
Data 2025.xlsx,10220,2025-11-15,2025-11,2025-W46,4,5,co-0642-r01,co-0642-R01,تشوكا دجاج مطبوخ,الدجاج المطبوخ (Cooked chicken),Cooked chicken,الدجاج المطبوخ (Cooked chicken),cooked_meat_poultry,هايبر الوفاء - حي الضباط,هايبر الوفاء,حي الضباط,هايبر الوفاء - حي الضباط,الملز,بلدية,بلدية الملز,True,False,لا يوجد,,0,,,False,none,,15,True
Data 2025.xlsx,10221,2025-11-15,2025-11,2025-W46,4,5,co-0643-r01,co-0643-R01,مجبوس دجاج,الدجاج المطبوخ (Cooked chicken),Cooked chicken,الدجاج المطبوخ (Cooked chicken),cooked_meat_poultry,هايبر الوفاء - حي الضباط,هايبر الوفاء,حي الضباط,هايبر الوفاء - حي الضباط,الملز,بلدية,بلدية الملز,True,False,لا يوجد,,0,,,False,none,,15,True
Data 2025.xlsx,10222,2025-11-15,2025-11,2025-W46,4,5,co-0644-r01,co-0644-R01,دجاج تكا,الدجاج المطبوخ (Cooked chicken),Cooked chicken,الدجاج المطبوخ (Cooked chicken),cooked_meat_poultry,هايبر الوفاء - حي الضباط,هايبر الوفاء,حي الضباط,هايبر الوفاء - حي الضباط,الملز,بلدية,بلدية الملز,True,False,لا يوجد,,0,,,False,none,,15,True
Data 2025.xlsx,10217,2025-11-15,2025-11,2025-W46,4,5,ma-0168-r01,ma-0168-R01,شعيرة دجاج مطبوخ,"الشعير ,مشتقات الشعير (Malt , malt derivatives )","Malt , malt derivatives","الشعير ,مشتقات الشعير (Malt , malt derivatives )",produce,هايبر الوفاء - حي الضباط,هايبر الوفاء,حي الضباط,هايبر الوفاء - حي الضباط,الملز,بلدية,بلدية الملز,True,False,لا يوجد,,0,,,False,none,,15,True
Data 2025.xlsx,10167,2025-11-15,2025-11,2025-W46,4,5,olv-0675-r01,olv-0675-R01,زيتون اسباني اسود بدون نواة,الزيتون /Olive,Olive,الزيتون /Olive,produce,هايبر الوفاء - حي الضباط,هايبر الوفاء,حي الضباط,هايبر الوفاء - حي الضباط,الملز,بلدية,بلدية الملز,True,False,لا يوجد,,0,,,False,none,,1,False
Data 2025.xlsx,10168,2025-11-15,2025-11,2025-W46,4,5,olv-0676-r01,olv-0676-R01,زيتون اخضر اردني,الزيتون /Olive,Olive,الزيتون /Olive,produce,هايبر الوفاء - حي الضباط,هايبر الوفاء,حي الضباط,هايبر الوفاء - حي الضباط,الملز,بلدية,بلدية الملز,False,True,خمائر,الخمائر والاعفان,1,,الخمائر والاعفان,False,indicator_only,,2,True
Data 2025.xlsx,10169,2025-11-15,2025-11,2025-W46,4,5,olv-0677-r01,olv-0677-R01,زيتون كامالاتا,الزيتون /Olive,Olive,الزيتون /Olive,produce,هايبر الوفاء - حي الضباط,هايبر الوفاء,حي الضباط,هايبر الوفاء - حي الضباط,الملز,بلدية,بلدية الملز,True,False,لا يوجد,,0,,,False,none,,2,True
Data 2025.xlsx,10170,2025-11-15,2025-11,2025-W46,4,5,olv-0678-r01,olv-0678-R01,زيتون حار,الزيتون /Olive,Olive,الزيتون /Olive,produce,هايبر الوفاء - حي الضباط,هايبر الوفاء,حي الضباط,هايبر الوفاء - حي الضباط,الملز,بلدية,بلدية الملز,True,False,لا يوجد,,0,,,False,none,,2,True
Data 2025.xlsx,10171,2025-11-15,2025-11,2025-W46,4,5,olv-0679-r01,olv-0679-R01,زيتون اخضر مشوي,الزيتون /Olive,Olive,الزيتون /Olive,produce,هايبر الوفاء - حي الضباط,هايبر الوفاء,حي الضباط,هايبر الوفاء - حي الضباط,الملز,بلدية,بلدية الملز,True,False,لا يوجد,,0,,,False,none,,2,True
Data 2025.xlsx,10172,2025-11-15,2025-11,2025-W46,4,5,olv-0680-r01,olv-0680-R01,زيتون اخضر مجشي جزر,الزيتون /Olive,Olive,الزيتون /Olive,produce,هايبر الوفاء - حي الضباط,هايبر الوفاء,حي الضباط,هايبر الوفاء - حي الضباط,الملز,بلدية,بلدية الملز,True,False,لا يوجد,,0,,,False,none,,2,True
Data 2025.xlsx,10173,2025-11-15,2025-11,2025-W46,4,5,olv-0681-r01,olv-0681-R01,زيتون كالاماتا يوناني,الزيتون /Olive,Olive,الزيتون /Olive,produce,هايبر الوفاء - حي الضباط,هايبر الوفاء,حي الضباط,هايبر الوفاء - حي الضباط,الملز,بلدية,بلدية الملز,True,False,لا يوجد,,0,,,False,none,,2,True
Data 2025.xlsx,10174,2025-11-15,2025-11,2025-W46,4,5,olv-0682-r01,olv-0682-R01,زيتون شرائح كوبوليفا اسباني,الزيتون /Olive,Olive,الزيتون /Olive,produce,هايبر الوفاء - حي الضباط,هايبر الوفاء,حي الضباط,هايبر الوفاء - حي الضباط,الملز,بلدية,بلدية الملز,True,False,لا يوجد,,0,,,False,none,,2,True
Data 2025.xlsx,10175,2025-11-15,2025-11,2025-W46,4,5,olv-0683-r01,olv-0683-R01,زيتون اخضر مصري,الزيتون /Olive,Olive,الزيتون /Olive,produce,هايبر الوفاء - حي الضباط,هايبر الوفاء,حي الضباط,هايبر الوفاء - حي الضباط,الملز,بلدية,بلدية الملز,True,False,لا يوجد,,0,,,False,none,,2,True
Data 2025.xlsx,10161,2025-11-15,2025-11,2025-W46,4,5,pick-0589-r01,Pick-0589-R01,مخلل ليمون مصري,المخلل (Pickle),Pickle,المخلل (Pickle),sauce_condiment,هايبر الوفاء - حي الضباط,هايبر الوفاء,حي الضباط,هايبر الوفاء - حي الضباط,الملز,بلدية,بلدية الملز,True,False,لا يوجد,,0,,,False,none,,0,False
Data 2025.xlsx,10162,2025-11-15,2025-11,2025-W46,4,5,pick-0590-r01,Pick-0590-R01,مخلل خيار صغير,المخلل (Pickle),Pickle,المخلل (Pickle),sauce_condiment,هايبر الوفاء - حي الضباط,هايبر الوفاء,حي الضباط,هايبر الوفاء - حي الضباط,الملز,بلدية,بلدية الملز,True,False,لا يوجد,,0,,,False,none,,0,False
Data 2025.xlsx,10163,2025-11-15,2025-11,2025-W46,4,5,pick-0591-r01,Pick-0591-R01,مخلل لفت,المخلل (Pickle),Pickle,المخلل (Pickle),sauce_condiment,هايبر الوفاء - حي الضباط,هايبر الوفاء,حي الضباط,هايبر الوفاء - حي الضباط,الملز,بلدية,بلدية الملز,False,True,خمائر,الخمائر والاعفان,1,,الخمائر والاعفان,False,indicator_only,,1,False
Data 2025.xlsx,10164,2025-11-15,2025-11,2025-W46,4,5,pick-0592-r01,Pick-0592-R01,مخلل بصل مصري,المخلل (Pickle),Pickle,المخلل (Pickle),sauce_condiment,هايبر الوفاء - حي الضباط,هايبر الوفاء,حي الضباط,هايبر الوفاء - حي الضباط,الملز,بلدية,بلدية الملز,True,False,لا يوجد,,0,,,False,none,,1,False
Data 2025.xlsx,10165,2025-11-15,2025-11,2025-W46,4,5,pick-0593-r01,Pick-0593-R01,طرشي حار,المخلل (Pickle),Pickle,المخلل (Pickle),sauce_condiment,هايبر الوفاء - حي الضباط,هايبر الوفاء,حي الضباط,هايبر الوفاء - حي الضباط,الملز,بلدية,بلدية الملز,True,False,لا يوجد,,0,,,False,none,,1,False
Data 2025.xlsx,10166,2025-11-15,2025-11,2025-W46,4,5,pick-0594-r01,Pick-0594-R01,طرشي بارد,المخلل (Pickle),Pickle,المخلل (Pickle),sauce_condiment,هايبر الوفاء - حي الضباط,هايبر الوفاء,حي الضباط,هايبر الوفاء - حي الضباط,الملز,بلدية,بلدية الملز,True,False,لا يوجد,,0,,,False,none,,1,False
Data 2025.xlsx,10210,2025-11-15,2025-11,2025-W46,4,5,pick-0595-r01,Pick-0595-R01,مخلل هندي,المخلل (Pickle),Pickle,المخلل (Pickle),sauce_condiment,هايبر الوفاء - حي الضباط,هايبر الوفاء,حي الضباط,هايبر الوفاء - حي الضباط,الملز,بلدية,بلدية الملز,True,False,لا يوجد,,0,,,False,none,,13,True
Data 2025.xlsx,10203,2025-11-15,2025-11,2025-W46,4,5,sa-0913-r01,sa-0913-R01,بيتزا لحم ضان,اطعمة جاهزة للأكل Ready to eat meals,Ready to eat meals,اطعمة جاهزة للأكل Ready to eat meals,prepared_meal,هايبر الوفاء - حي الضباط,هايبر الوفاء,حي الضباط,هايبر الوفاء - حي الضباط,الملز,بلدية,بلدية الملز,True,False,لا يوجد,,0,,,False,none,,12,True
Data 2025.xlsx,10204,2025-11-15,2025-11,2025-W46,4,5,sa-0914-r01,sa-0914-R01,بيتزا نقانق,اطعمة جاهزة للأكل Ready to eat meals,Ready to eat meals,اطعمة جاهزة للأكل Ready to eat meals,prepared_meal,هايبر الوفاء - حي الضباط,هايبر الوفاء,حي الضباط,هايبر الوفاء - حي الضباط,الملز,بلدية,بلدية الملز,True,False,لا يوجد,,0,,,False,none,,12,True
Data 2025.xlsx,10214,2025-11-15,2025-11,2025-W46,4,5,sa-0915-r01,sa-0915-R01,ايدام دجاج,اطعمة جاهزة للأكل Ready to eat meals,Ready to eat meals,اطعمة جاهزة للأكل Ready to eat meals,prepared_meal,هايبر الوفاء - حي الضباط,هايبر الوفاء,حي الضباط,هايبر الوفاء - حي الضباط,الملز,بلدية,بلدية الملز,True,False,لا يوجد,,0,,,False,none,,13,True
Data 2025.xlsx,10177,2025-11-15,2025-11,2025-W46,4,5,sal-1711-r01,Sal-1711-R01,سلطة جبنة فيتا سعودي سبايسي,السلطة(Salad),Salad,السلطة(Salad),produce,هايبر الوفاء - حي الضباط,هايبر الوفاء,حي الضباط,هايبر الوفاء - حي الضباط,الملز,بلدية,بلدية الملز,False,True,انتيروباكتريسي | استافيلوكوكس اورياس,انتيروباكتريسي | استافيلوكوكس اورياس,2,استافيلوكوكس اورياس,انتيروباكتريسي,True,pathogen,,3,True
Data 2025.xlsx,10178,2025-11-15,2025-11,2025-W46,4,5,sal-1712-r01,Sal-1712-R01,سلطة جبنة فيتا سعودي,السلطة(Salad),Salad,السلطة(Salad),produce,هايبر الوفاء - حي الضباط,هايبر الوفاء,حي الضباط,هايبر الوفاء - حي الضباط,الملز,بلدية,بلدية الملز,True,False,لا يوجد,,0,,,False,none,,3,True
Data 2025.xlsx,10181,2025-11-15,2025-11,2025-W46,4,5,sal-1713-r01,Sal-1713-R01,سلطة مرتديلا مكس,السلطة(Salad),Salad,السلطة(Salad),produce,هايبر الوفاء - حي الضباط,هايبر الوفاء,حي الضباط,هايبر الوفاء - حي الضباط,الملز,بلدية,بلدية الملز,True,False,لا يوجد,,0,,,False,none,,4,True
Data 2025.xlsx,10209,2025-11-15,2025-11,2025-W46,4,5,sal-1714-r01,Sal-1714-R01,سلطة زبادي,السلطة(Salad),Salad,السلطة(Salad),produce,هايبر الوفاء - حي الضباط,هايبر الوفاء,حي الضباط,هايبر الوفاء - حي الضباط,الملز,بلدية,بلدية الملز,False,True,انتيروباكتريسي | الخمائر والاعفان,انتيروباكتريسي | الخمائر والاعفان,2,,انتيروباكتريسي | الخمائر والاعفان,False,indicator_only,,13,True
Data 2025.xlsx,10211,2025-11-15,2025-11,2025-W46,4,5,sal-1715-r01,Sal-1715-R01,سلطة بقدونس,السلطة(Salad),Salad,السلطة(Salad),produce,هايبر الوفاء - حي الضباط,هايبر الوفاء,حي الضباط,هايبر الوفاء - حي الضباط,الملز,بلدية,بلدية الملز,True,False,لا يوجد,,0,,,False,none,,13,True
Data 2025.xlsx,10212,2025-11-15,2025-11,2025-W46,4,5,sal-1716-r01,Sal-1716-R01,سلطة بطاطس مع بقدونس,السلطة(Salad),Salad,السلطة(Salad),produce,هايبر الوفاء - حي الضباط,هايبر الوفاء,حي الضباط,هايبر الوفاء - حي الضباط,الملز,بلدية,بلدية الملز,True,False,لا يوجد,,0,,,False,none,,13,True
Data 2025.xlsx,10213,2025-11-15,2025-11,2025-W46,4,5,sal-1717-r01,Sal-1717-R01,سلطة طماطم مع فلفل,السلطة(Salad),Salad,السلطة(Salad),produce,هايبر الوفاء - حي الضباط,هايبر الوفاء,حي الضباط,هايبر الوفاء - حي الضباط,الملز,بلدية,بلدية الملز,True,False,لا يوجد,,0,,,False,none,,13,True
Data 2025.xlsx,10186,2025-11-15,2025-11,2025-W46,4,5,sw-3725-r01,sw-3725-R01,مسحة ثلاجة,(Swabs) المسحات,Swabs,(Swabs) المسحات,swab,هايبر الوفاء - حي الضباط,هايبر الوفاء,حي الضباط,هايبر الوفاء - حي الضباط,الملز,بلدية,بلدية الملز,True,False,لا يوجد,,0,,,False,none,,7,True
Data 2025.xlsx,10187,2025-11-15,2025-11,2025-W46,4,5,sw-3726-r01,sw-3726-R01,مسحة ثلاجة,(Swabs) المسحات,Swabs,(Swabs) المسحات,swab,هايبر الوفاء - حي الضباط,هايبر الوفاء,حي الضباط,هايبر الوفاء - حي الضباط,الملز,بلدية,بلدية الملز,True,False,لا يوجد,,0,,,False,none,,7,True
Data 2025.xlsx,10188,2025-11-15,2025-11,2025-W46,4,5,sw-3727-r01,sw-3727-R01,مسحة ثلاجة,(Swabs) المسحات,Swabs,(Swabs) المسحات,swab,هايبر الوفاء - حي الضباط,هايبر الوفاء,حي الضباط,هايبر الوفاء - حي الضباط,الملز,بلدية,بلدية الملز,True,False,لا يوجد,,0,,,False,none,,7,True
Data 2025.xlsx,10189,2025-11-15,2025-11,2025-W46,4,5,sw-3728-r01,sw-3728-R01,مسحة ثلاجة,(Swabs) المسحات,Swabs,(Swabs) المسحات,swab,هايبر الوفاء - حي الضباط,هايبر الوفاء,حي الضباط,هايبر الوفاء - حي الضباط,الملز,بلدية,بلدية الملز,True,False,لا يوجد,,0,,,False,none,,7,True
Data 2025.xlsx,10190,2025-11-15,2025-11,2025-W46,4,5,sw-3729-r01,sw-3729-R01,مسحة قطاعة مرتديلا و جبن,(Swabs) المسحات,Swabs,(Swabs) المسحات,swab,هايبر الوفاء - حي الضباط,هايبر الوفاء,حي الضباط,هايبر الوفاء - حي الضباط,الملز,بلدية,بلدية الملز,True,False,لا يوجد,,0,,,False,none,,7,True
Data 2025.xlsx,10205,2025-11-15,2025-11,2025-W46,4,5,sw-3730-r01,sw-3730-R01,مسحة ثلاجة كيك,(Swabs) المسحات,Swabs,(Swabs) المسحات,swab,هايبر الوفاء - حي الضباط,هايبر الوفاء,حي الضباط,هايبر الوفاء - حي الضباط,الملز,بلدية,بلدية الملز,True,False,لا يوجد,,0,,,False,none,,12,True
Data 2025.xlsx,10206,2025-11-15,2025-11,2025-W46,4,5,sw-3731-r01,sw-3731-R01,مسحة ثلاجة كيك,(Swabs) المسحات,Swabs,(Swabs) المسحات,swab,هايبر الوفاء - حي الضباط,هايبر الوفاء,حي الضباط,هايبر الوفاء - حي الضباط,الملز,بلدية,بلدية الملز,True,False,لا يوجد,,0,,,False,none,,12,True
Data 2025.xlsx,10207,2025-11-15,2025-11,2025-W46,4,5,sw-3732-r01,sw-3732-R01,مسحة ثلاجة فطائر,(Swabs) المسحات,Swabs,(Swabs) المسحات,swab,هايبر الوفاء - حي الضباط,هايبر الوفاء,حي الضباط,هايبر الوفاء - حي الضباط,الملز,بلدية,بلدية الملز,True,False,لا يوجد,,0,,,False,none,,12,True
Data 2025.xlsx,10208,2025-11-15,2025-11,2025-W46,4,5,sw-3733-r01,sw-3733-R01,مسحة ثلاجة فطائر,(Swabs) المسحات,Swabs,(Swabs) المسحات,swab,هايبر الوفاء - حي الضباط,هايبر الوفاء,حي الضباط,هايبر الوفاء - حي الضباط,الملز,بلدية,بلدية الملز,True,False,لا يوجد,,0,,,False,none,,12,True
Data 2025.xlsx,10223,2025-11-15,2025-11,2025-W46,4,5,sw-3734-r01,sw-3734-R01,مسحة حافظة حلا,(Swabs) المسحات,Swabs,(Swabs) المسحات,swab,هايبر الوفاء - حي الضباط,هايبر الوفاء,حي الضباط,هايبر الوفاء - حي الضباط,الملز,بلدية,بلدية الملز,True,False,لا يوجد,,0,,,False,none,,15,True
Data 2025.xlsx,10224,2025-11-15,2025-11,2025-W46,4,5,sw-3735-r01,sw-3735-R01,مسحة سخان دجاج,(Swabs) المسحات,Swabs,(Swabs) المسحات,swab,هايبر الوفاء - حي الضباط,هايبر الوفاء,حي الضباط,هايبر الوفاء - حي الضباط,الملز,بلدية,بلدية الملز,True,False,لا يوجد,,0,,,False,none,,15,True
Data 2025.xlsx,10225,2025-11-15,2025-11,2025-W46,4,5,sw-3736-r01,sw-3736-R01,مسحة سخان ارز,(Swabs) المسحات,Swabs,(Swabs) المسحات,swab,هايبر الوفاء - حي الضباط,هايبر الوفاء,حي الضباط,هايبر الوفاء - حي الضباط,الملز,بلدية,بلدية الملز,True,False,لا يوجد,,0,,,False,none,,15,True
Data 2025.xlsx,10226,2025-11-15,2025-11,2025-W46,4,5,sw-3737-r01,sw-3737-R01,مسحة سخان ارز,(Swabs) المسحات,Swabs,(Swabs) المسحات,swab,هايبر الوفاء - حي الضباط,هايبر الوفاء,حي الضباط,هايبر الوفاء - حي الضباط,الملز,بلدية,بلدية الملز,True,False,لا يوجد,,0,,,False,none,,15,True
Data 2025.xlsx,10227,2025-11-15,2025-11,2025-W46,4,5,sw-3738-r01,sw-3738-R01,مسحة سخان دجاج,(Swabs) المسحات,Swabs,(Swabs) المسحات,swab,هايبر الوفاء - حي الضباط,هايبر الوفاء,حي الضباط,هايبر الوفاء - حي الضباط,الملز,بلدية,بلدية الملز,True,False,لا يوجد,,0,,,False,none,,15,True
Data 2025.xlsx,10228,2025-11-15,2025-11,2025-W46,4,5,sw-3739-r01,sw-3739-R01,مسحة سخان دجاج,(Swabs) المسحات,Swabs,(Swabs) المسحات,swab,هايبر الوفاء - حي الضباط,هايبر الوفاء,حي الضباط,هايبر الوفاء - حي الضباط,الملز,بلدية,بلدية الملز,True,False,لا يوجد,,0,,,False,none,,15,True
Data 2025.xlsx,10229,2025-11-15,2025-11,2025-W46,4,5,sw-3740-r01,sw-3740-R01,مسحة سخان سمبوسة,(Swabs) المسحات,Swabs,(Swabs) المسحات,swab,هايبر الوفاء - حي الضباط,هايبر الوفاء,حي الضباط,هايبر الوفاء - حي الضباط,الملز,بلدية,بلدية الملز,True,False,لا يوجد,,0,,,False,none,,15,True
Data 2025.xlsx,10230,2025-11-15,2025-11,2025-W46,4,5,ubot-1166-r01,Ubot-1166-R01,مياه فلتر طبخ م ك,المياه الغير معبأة (Unbottled water),Unbottled water,المياه الغير المعبأة (Unbottled water),water,هايبر الوفاء - حي الضباط,هايبر الوفاء,حي الضباط,هايبر الوفاء - حي الضباط,الملز,بلدية,بلدية الملز,True,False,لا يوجد,,0,,,False,none,category_merged_to_canonical,15,True
Data 2025.xlsx,10279,2025-11-16,2025-11,2025-W46,4,6,O3U-sa-0026-R01,O3U-sa-0026-R01,سمبوسة محشي دجاج,السمبوسة (Samposa),Samposa,السمبوسة (Samposa),sweets_bakery,فندق هوليدي ان - حي الازدهار,فندق هوليدي ان,حي الازدهار,فندق هوليدي ان - حي الازدهار,العليا,بلدية,بلدية العليا,True,False,لا يوجد,,0,,,False,none,,10,True
Data 2025.xlsx,10265,2025-11-16,2025-11,2025-W46,4,6,ca-0069-r01,ca-0069-R01,مافن توت,الكعك ومنتجات المخابز الجاهزة للاكل بدون تسخين (Cakes and bakery products ready to eat ),Cakes and bakery products ready to eat,الكعك ومنتجات المخابز الجاهزة للاكل بدون تسخين (Cakes and bakery products ready to eat ),sweets_bakery,فندق هوليدي ان - حي الازدهار,فندق هوليدي ان,حي الازدهار,فندق هوليدي ان - حي الازدهار,العليا,بلدية,بلدية العليا,True,False,لا يوجد,,0,,,False,none,,8,True
Data 2025.xlsx,10266,2025-11-16,2025-11,2025-W46,4,6,ca-0070-r01,ca-0070-R01,مافن شوكليت,الكعك ومنتجات المخابز الجاهزة للاكل بدون تسخين (Cakes and bakery products ready to eat ),Cakes and bakery products ready to eat,الكعك ومنتجات المخابز الجاهزة للاكل بدون تسخين (Cakes and bakery products ready to eat ),sweets_bakery,فندق هوليدي ان - حي الازدهار,فندق هوليدي ان,حي الازدهار,فندق هوليدي ان - حي الازدهار,العليا,بلدية,بلدية العليا,False,True,العد الكلي للبكتيريا,العد الكلي للبكتيريا,1,,العد الكلي للبكتيريا,False,indicator_only,,9,True
Data 2025.xlsx,10267,2025-11-16,2025-11,2025-W46,4,6,ca-0071-r01,ca-0071-R01,انجلش كيك شوكليت,الكعك ومنتجات المخابز الجاهزة للاكل بدون تسخين (Cakes and bakery products ready to eat ),Cakes and bakery products ready to eat,الكعك ومنتجات المخابز الجاهزة للاكل بدون تسخين (Cakes and bakery products ready to eat ),sweets_bakery,فندق هوليدي ان - حي الازدهار,فندق هوليدي ان,حي الازدهار,فندق هوليدي ان - حي الازدهار,العليا,بلدية,بلدية العليا,True,False,لا يوجد,,0,,,False,none,,9,True
Data 2025.xlsx,10268,2025-11-16,2025-11,2025-W46,4,6,ca-0072-r01,ca-0072-R01,انجلش كيك رد فلفت,الكعك ومنتجات المخابز الجاهزة للاكل بدون تسخين (Cakes and bakery products ready to eat ),Cakes and bakery products ready to eat,الكعك ومنتجات المخابز الجاهزة للاكل بدون تسخين (Cakes and bakery products ready to eat ),sweets_bakery,فندق هوليدي ان - حي الازدهار,فندق هوليدي ان,حي الازدهار,فندق هوليدي ان - حي الازدهار,العليا,بلدية,بلدية العليا,True,False,لا يوجد,,0,,,False,none,,9,True
Data 2025.xlsx,10248,2025-11-16,2025-11,2025-W46,4,6,cer-0078-r01,cer-0078-R01,فاصوليا حمراء معلب,الحبوب (Cereal grains),Cereal grains,الحبوب (Cereal grains),produce,فندق هوليدي ان - حي الازدهار,فندق هوليدي ان,حي الازدهار,فندق هوليدي ان - حي الازدهار,العليا,بلدية,بلدية العليا,True,False,لا يوجد,,0,,,False,none,,4,True
Data 2025.xlsx,10249,2025-11-16,2025-11,2025-W46,4,6,cer-0079-r01,cer-0079-R01,ذرة,الحبوب (Cereal grains),Cereal grains,الحبوب (Cereal grains),produce,فندق هوليدي ان - حي الازدهار,فندق هوليدي ان,حي الازدهار,فندق هوليدي ان - حي الازدهار,العليا,بلدية,بلدية العليا,True,False,لا يوجد,,0,,,False,none,,4,True
Data 2025.xlsx,10235,2025-11-16,2025-11,2025-W46,4,6,chee-0910-r01,Chee-0910-R01,جبنة حلومي,(cheese) جبنة,cheese,(cheese) جبنة,dairy,فندق هوليدي ان - حي الازدهار,فندق هوليدي ان,حي الازدهار,فندق هوليدي ان - حي الازدهار,العليا,بلدية,بلدية العليا,True,False,لا يوجد,,0,,,False,none,,0,False
Data 2025.xlsx,10282,2025-11-16,2025-11,2025-W46,4,6,cho-0097-r01,cho-0097-R01,صوص شوكليت,الشوكولاته (Chocolate),Chocolate,الشوكولاته (Chocolate),sweets_bakery,فندق هوليدي ان - حي الازدهار,فندق هوليدي ان,حي الازدهار,فندق هوليدي ان - حي الازدهار,العليا,بلدية,بلدية العليا,True,False,لا يوجد,,0,,,False,none,,10,True
Data 2025.xlsx,10277,2025-11-16,2025-11,2025-W46,4,6,co-0645-r01,co-0645-R01,لحم بقري,"لحم الدواجن المطبوخ ، والمجمد ليتم تسخينه قبل الأكل (Cooked poultry meat ,frozen to be reheated before eating)","Cooked poultry meat ,frozen to be reheated before eating","لحم الدواجن المطبوخ ، والمجمد ليتم تسخينه قبل الأكل (Cooked poultry meat ,frozen to be reheated before eating)",cooked_meat_poultry,فندق هوليدي ان - حي الازدهار,فندق هوليدي ان,حي الازدهار,فندق هوليدي ان - حي الازدهار,العليا,بلدية,بلدية العليا,True,False,لا يوجد,,0,,,False,none,,10,True
Data 2025.xlsx,10238,2025-11-16,2025-11,2025-W46,4,6,cu-0013-r01,Cu-0013-R01,مرتديلا بقري,اللحوم المملحة و/أو المدخنة (Cured and /or smoked meat),Cured and /or smoked meat,اللحوم المملحة و/أو المدخنة (Cured and /or smoked meat),cooked_meat_poultry,فندق هوليدي ان - حي الازدهار,فندق هوليدي ان,حي الازدهار,فندق هوليدي ان - حي الازدهار,العليا,بلدية,بلدية العليا,True,False,لا يوجد,,0,,,False,none,,1,False
Data 2025.xlsx,10247,2025-11-16,2025-11,2025-W46,4,6,fermintedmilk-0013-r01,Fermintedmilk-0013-R01,لبنة,"Fermented milk products , منتجات الحليب المخمرة",Fermented milk products,"Fermented milk products , منتجات الحليب المخمرة",dairy,فندق هوليدي ان - حي الازدهار,فندق هوليدي ان,حي الازدهار,فندق هوليدي ان - حي الازدهار,العليا,بلدية,بلدية العليا,False,True,انتيروباكتريسي | الخمائر والاعفان,انتيروباكتريسي | الخمائر والاعفان,2,,انتيروباكتريسي | الخمائر والاعفان,False,indicator_only,,4,True
Data 2025.xlsx,10236,2025-11-16,2025-11,2025-W46,4,6,flswe-0084-r01,FlSwe-0084-R01,حلاوة طحنية شوكليت,حلاوة طحينة( Flour Sweetness),Flour Sweetness,حلاوة طحينة( Flour Sweetness),sauce_condiment,فندق هوليدي ان - حي الازدهار,فندق هوليدي ان,حي الازدهار,فندق هوليدي ان - حي الازدهار,العليا,بلدية,بلدية العليا,True,False,لا يوجد,,0,,,False,none,,0,False
Data 2025.xlsx,10237,2025-11-16,2025-11,2025-W46,4,6,fr-0117-r01,fr-0117-R01,تركي مدخن,"لحم الدواجن المطبوخ المجمد الجاهز للاكل مثل لفائف الرومي والدجاج (Frozen cooked poultry meat, such as turkey and chicken rolls)","Frozen cooked poultry meat, such as turkey and chicken rolls","لحم الدواجن المطبوخ المجمد الجاهز للاكل مثل لفائف الرومي والدجاج (Frozen cooked poultry meat, such as turkey and chicken rolls)",cooked_meat_poultry,فندق هوليدي ان - حي الازدهار,فندق هوليدي ان,حي الازدهار,فندق هوليدي ان - حي الازدهار,العليا,بلدية,بلدية العليا,False,True,العد الكلي للبكتيريا,العد الكلي للبكتيريا,1,,العد الكلي للبكتيريا,False,indicator_only,,1,False
Data 2025.xlsx,10239,2025-11-16,2025-11,2025-W46,4,6,fr-0118-r01,fr-0118-R01,قطع خيار,فواكه و خضروات طازجة (Fresh fruits and vegetables ),Fresh fruits and vegetables,فواكه و خضروات طازجة (Fresh fruits and vegetables ),produce,فندق هوليدي ان - حي الازدهار,فندق هوليدي ان,حي الازدهار,فندق هوليدي ان - حي الازدهار,العليا,بلدية,بلدية العليا,True,False,لا يوجد,,0,,,False,none,,1,False
Data 2025.xlsx,10240,2025-11-16,2025-11,2025-W46,4,6,fr-0119-r01,fr-0119-R01,قطع جزر,فواكه و خضروات طازجة (Fresh fruits and vegetables ),Fresh fruits and vegetables,فواكه و خضروات طازجة (Fresh fruits and vegetables ),produce,فندق هوليدي ان - حي الازدهار,فندق هوليدي ان,حي الازدهار,فندق هوليدي ان - حي الازدهار,العليا,بلدية,بلدية العليا,True,False,لا يوجد,,0,,,False,none,,1,False
Data 2025.xlsx,10241,2025-11-16,2025-11,2025-W46,4,6,fr-0120-r01,fr-0120-R01,قطع طماطم,فواكه و خضروات طازجة (Fresh fruits and vegetables ),Fresh fruits and vegetables,فواكه و خضروات طازجة (Fresh fruits and vegetables ),produce,فندق هوليدي ان - حي الازدهار,فندق هوليدي ان,حي الازدهار,فندق هوليدي ان - حي الازدهار,العليا,بلدية,بلدية العليا,True,False,لا يوجد,,0,,,False,none,,1,False
Data 2025.xlsx,10242,2025-11-16,2025-11,2025-W46,4,6,fr-0121-r01,fr-0121-R01,قطع ليمون,فواكه و خضروات طازجة (Fresh fruits and vegetables ),Fresh fruits and vegetables,فواكه و خضروات طازجة (Fresh fruits and vegetables ),produce,فندق هوليدي ان - حي الازدهار,فندق هوليدي ان,حي الازدهار,فندق هوليدي ان - حي الازدهار,العليا,بلدية,بلدية العليا,True,False,لا يوجد,,0,,,False,none,,1,False
Data 2025.xlsx,10243,2025-11-16,2025-11,2025-W46,4,6,fr-0122-r01,fr-0122-R01,خس اند ديبز,فواكه و خضروات طازجة (Fresh fruits and vegetables ),Fresh fruits and vegetables,فواكه و خضروات طازجة (Fresh fruits and vegetables ),produce,فندق هوليدي ان - حي الازدهار,فندق هوليدي ان,حي الازدهار,فندق هوليدي ان - حي الازدهار,العليا,بلدية,بلدية العليا,True,False,لا يوجد,,0,,,False,none,,1,False
Data 2025.xlsx,10255,2025-11-16,2025-11,2025-W46,4,6,fr-0123-r01,fr-0123-R01,شرائح جريب فروت,فواكه و خضروات طازجة (Fresh fruits and vegetables ),Fresh fruits and vegetables,فواكه و خضروات طازجة (Fresh fruits and vegetables ),produce,فندق هوليدي ان - حي الازدهار,فندق هوليدي ان,حي الازدهار,فندق هوليدي ان - حي الازدهار,العليا,بلدية,بلدية العليا,True,False,لا يوجد,,0,,,False,none,,6,True
Data 2025.xlsx,10256,2025-11-16,2025-11,2025-W46,4,6,fr-0124-r01,fr-0124-R01,قطع اناناس كامبوت معلب,فواكه و خضروات طازجة (Fresh fruits and vegetables ),Fresh fruits and vegetables,فواكه و خضروات طازجة (Fresh fruits and vegetables ),produce,فندق هوليدي ان - حي الازدهار,فندق هوليدي ان,حي الازدهار,فندق هوليدي ان - حي الازدهار,العليا,بلدية,بلدية العليا,True,False,لا يوجد,,0,,,False,none,,6,True
Data 2025.xlsx,10257,2025-11-16,2025-11,2025-W46,4,6,fr-0125-r01,fr-0125-R01,قطع خوخ,فواكه و خضروات طازجة (Fresh fruits and vegetables ),Fresh fruits and vegetables,فواكه و خضروات طازجة (Fresh fruits and vegetables ),produce,فندق هوليدي ان - حي الازدهار,فندق هوليدي ان,حي الازدهار,فندق هوليدي ان - حي الازدهار,العليا,بلدية,بلدية العليا,True,False,لا يوجد,,0,,,False,none,,6,True
Data 2025.xlsx,10258,2025-11-16,2025-11,2025-W46,4,6,fr-0126-r01,fr-0126-R01,قطع اناناس,فواكه و خضروات طازجة (Fresh fruits and vegetables ),Fresh fruits and vegetables,فواكه و خضروات طازجة (Fresh fruits and vegetables ),produce,فندق هوليدي ان - حي الازدهار,فندق هوليدي ان,حي الازدهار,فندق هوليدي ان - حي الازدهار,العليا,بلدية,بلدية العليا,True,False,لا يوجد,,0,,,False,none,,6,True
Data 2025.xlsx,10259,2025-11-16,2025-11,2025-W46,4,6,fr-0127-r01,fr-0127-R01,قطع مشمش,فواكه و خضروات طازجة (Fresh fruits and vegetables ),Fresh fruits and vegetables,فواكه و خضروات طازجة (Fresh fruits and vegetables ),produce,فندق هوليدي ان - حي الازدهار,فندق هوليدي ان,حي الازدهار,فندق هوليدي ان - حي الازدهار,العليا,بلدية,بلدية العليا,True,False,لا يوجد,,0,,,False,none,,6,True
Data 2025.xlsx,10260,2025-11-16,2025-11,2025-W46,4,6,fr-0128-r01,fr-0128-R01,قطع شمام,فواكه و خضروات طازجة (Fresh fruits and vegetables ),Fresh fruits and vegetables,فواكه و خضروات طازجة (Fresh fruits and vegetables ),produce,فندق هوليدي ان - حي الازدهار,فندق هوليدي ان,حي الازدهار,فندق هوليدي ان - حي الازدهار,العليا,بلدية,بلدية العليا,True,False,لا يوجد,,0,,,False,none,,6,True
Data 2025.xlsx,10261,2025-11-16,2025-11,2025-W46,4,6,fr-0129-r01,fr-0129-R01,سلطة فواكه,فواكه و خضروات طازجة (Fresh fruits and vegetables ),Fresh fruits and vegetables,فواكه و خضروات طازجة (Fresh fruits and vegetables ),produce,فندق هوليدي ان - حي الازدهار,فندق هوليدي ان,حي الازدهار,فندق هوليدي ان - حي الازدهار,العليا,بلدية,بلدية العليا,True,False,لا يوجد,,0,,,False,none,,6,True
Data 2025.xlsx,10262,2025-11-16,2025-11,2025-W46,4,6,fr-0130-r01,fr-0130-R01,قطع بطيخ,فواكه و خضروات طازجة (Fresh fruits and vegetables ),Fresh fruits and vegetables,فواكه و خضروات طازجة (Fresh fruits and vegetables ),produce,فندق هوليدي ان - حي الازدهار,فندق هوليدي ان,حي الازدهار,فندق هوليدي ان - حي الازدهار,العليا,بلدية,بلدية العليا,True,False,لا يوجد,,0,,,False,none,,6,True
Data 2025.xlsx,10274,2025-11-16,2025-11,2025-W46,4,6,fr-0131-r01,fr-0131-R01,قطع بصل,فواكه و خضروات طازجة (Fresh fruits and vegetables ),Fresh fruits and vegetables,فواكه و خضروات طازجة (Fresh fruits and vegetables ),produce,فندق هوليدي ان - حي الازدهار,فندق هوليدي ان,حي الازدهار,فندق هوليدي ان - حي الازدهار,العليا,بلدية,بلدية العليا,True,False,لا يوجد,,0,,,False,none,,9,True
Data 2025.xlsx,10275,2025-11-16,2025-11,2025-W46,4,6,fr-0132-r01,fr-0132-R01,قطع طماطم,فواكه و خضروات طازجة (Fresh fruits and vegetables ),Fresh fruits and vegetables,فواكه و خضروات طازجة (Fresh fruits and vegetables ),produce,فندق هوليدي ان - حي الازدهار,فندق هوليدي ان,حي الازدهار,فندق هوليدي ان - حي الازدهار,العليا,بلدية,بلدية العليا,True,False,لا يوجد,,0,,,False,none,,9,True
Data 2025.xlsx,10283,2025-11-16,2025-11,2025-W46,4,6,fr-0133-r01,fr-0133-R01,قطع دجاج مطبوخ,"لحم الدواجن المطبوخ المجمد الجاهز للاكل مثل لفائف الرومي والدجاج (Frozen cooked poultry meat, such as turkey and chicken rolls)","Frozen cooked poultry meat, such as turkey and chicken rolls","لحم الدواجن المطبوخ المجمد الجاهز للاكل مثل لفائف الرومي والدجاج (Frozen cooked poultry meat, such as turkey and chicken rolls)",cooked_meat_poultry,فندق هوليدي ان - حي الازدهار,فندق هوليدي ان,حي الازدهار,فندق هوليدي ان - حي الازدهار,العليا,بلدية,بلدية العليا,True,False,لا يوجد,,0,,,False,none,,10,True
Data 2025.xlsx,10284,2025-11-16,2025-11,2025-W46,4,6,fr-0134-r01,fr-0134-R01,خضروات مسلوق مشكلة,فواكه و خضروات طازجة (Fresh fruits and vegetables ),Fresh fruits and vegetables,فواكه و خضروات طازجة (Fresh fruits and vegetables ),produce,فندق هوليدي ان - حي الازدهار,فندق هوليدي ان,حي الازدهار,فندق هوليدي ان - حي الازدهار,العليا,بلدية,بلدية العليا,True,False,لا يوجد,,0,,,False,none,,10,True
Data 2025.xlsx,10280,2025-11-16,2025-11,2025-W46,4,6,ja-0006-r01,ja-0006-R01,مربى توت,"المربى , الجيلي , المرملاد Jam , jelly and marmalade","Jam , jelly and marmalade","المربى , الجيلي , المرملاد Jam , jelly and marmalade",sauce_condiment,فندق هوليدي ان - حي الازدهار,فندق هوليدي ان,حي الازدهار,فندق هوليدي ان - حي الازدهار,العليا,بلدية,بلدية العليا,True,False,لا يوجد,,0,,,False,none,,10,True
Data 2025.xlsx,10271,2025-11-16,2025-11,2025-W46,4,6,jui-0580-r01,jui-0580-R01,عصير تفاح,العصائر الطازجة Un-pasteurized juices (fresh),fresh,العصائر الطازجة Un-pasteurized juices (fresh),beverage,فندق هوليدي ان - حي الازدهار,فندق هوليدي ان,حي الازدهار,فندق هوليدي ان - حي الازدهار,العليا,بلدية,بلدية العليا,True,False,لا يوجد,,0,,,False,none,,9,True
Data 2025.xlsx,10272,2025-11-16,2025-11,2025-W46,4,6,jui-0581-r01,jui-0581-R01,عصير كوكتيل,Pasteurized fruit juice and drink,,Pasteurized fruit juice and drink,produce,فندق هوليدي ان - حي الازدهار,فندق هوليدي ان,حي الازدهار,فندق هوليدي ان - حي الازدهار,العليا,بلدية,بلدية العليا,True,False,لا يوجد,,0,,,False,none,,9,True
Data 2025.xlsx,10273,2025-11-16,2025-11,2025-W46,4,6,jui-0582-r01,jui-0582-R01,عصير برتقال,Pasteurized fruit juice and drink,,Pasteurized fruit juice and drink,produce,فندق هوليدي ان - حي الازدهار,فندق هوليدي ان,حي الازدهار,فندق هوليدي ان - حي الازدهار,العليا,بلدية,بلدية العليا,True,False,لا يوجد,,0,,,False,none,,9,True
Data 2025.xlsx,10263,2025-11-16,2025-11,2025-W46,4,6,milk-0050-r01,Milk-0050-R01,حليب قليل الدسم,الحليب (Milk),Milk,الحليب (Milk),dairy,فندق هوليدي ان - حي الازدهار,فندق هوليدي ان,حي الازدهار,فندق هوليدي ان - حي الازدهار,العليا,بلدية,بلدية العليا,False,True,العد الكلي للبكتيريا,العد الكلي للبكتيريا,1,,العد الكلي للبكتيريا,False,indicator_only,,7,True
Data 2025.xlsx,10264,2025-11-16,2025-11,2025-W46,4,6,pas-0001-r01,pas-0001-R01,حليب صويا,مشروب الصويا المبستر Pasteurized soya drink,Pasteurized soya drink,مشروب الصويا المبستر Pasteurized soya drink,beverage,فندق هوليدي ان - حي الازدهار,فندق هوليدي ان,حي الازدهار,فندق هوليدي ان - حي الازدهار,العليا,بلدية,بلدية العليا,False,True,العد الكلي للبكتيريا,العد الكلي للبكتيريا,1,,العد الكلي للبكتيريا,False,indicator_only,,8,True
Data 2025.xlsx,10252,2025-11-16,2025-11,2025-W46,4,6,pi-0117-r01,pi-0117-R01,مشكل مخلل,مخلل الخضروات /الفواكه (Pickled/fermented vegetable / fruits),Pickled/fermented vegetable / fruits,مخلل الخضروات /الفواكه (Pickled/fermented vegetable / fruits),dairy,فندق هوليدي ان - حي الازدهار,فندق هوليدي ان,حي الازدهار,فندق هوليدي ان - حي الازدهار,العليا,بلدية,بلدية العليا,True,False,لا يوجد,,0,,,False,none,,5,True
Data 2025.xlsx,10250,2025-11-16,2025-11,2025-W46,4,6,pick-0596-r01,Pick-0596-R01,شرائح زيتون,المخلل (Pickle),Pickle,المخلل (Pickle),sauce_condiment,فندق هوليدي ان - حي الازدهار,فندق هوليدي ان,حي الازدهار,فندق هوليدي ان - حي الازدهار,العليا,بلدية,بلدية العليا,False,True,خمائر,الخمائر والاعفان,1,,الخمائر والاعفان,False,indicator_only,,5,True
Data 2025.xlsx,10251,2025-11-16,2025-11,2025-W46,4,6,pick-0597-r01,Pick-0597-R01,شرائح شمندر معلب,المخلل (Pickle),Pickle,المخلل (Pickle),sauce_condiment,فندق هوليدي ان - حي الازدهار,فندق هوليدي ان,حي الازدهار,فندق هوليدي ان - حي الازدهار,العليا,بلدية,بلدية العليا,True,False,لا يوجد,,0,,,False,none,,5,True
Data 2025.xlsx,10244,2025-11-16,2025-11,2025-W46,4,6,sa-0916-r01,sa-0916-R01,سلطة تونة,اطعمة جاهزة للأكل Ready to eat meals,Ready to eat meals,اطعمة جاهزة للأكل Ready to eat meals,prepared_meal,فندق هوليدي ان - حي الازدهار,فندق هوليدي ان,حي الازدهار,فندق هوليدي ان - حي الازدهار,العليا,بلدية,بلدية العليا,False,True,انتيروباكتريسي,انتيروباكتريسي,1,,انتيروباكتريسي,False,indicator_only,,2,True
Data 2025.xlsx,10245,2025-11-16,2025-11,2025-W46,4,6,sa-0917-r01,sa-0917-R01,سلطة حمص,اطعمة جاهزة للأكل Ready to eat meals,Ready to eat meals,اطعمة جاهزة للأكل Ready to eat meals,prepared_meal,فندق هوليدي ان - حي الازدهار,فندق هوليدي ان,حي الازدهار,فندق هوليدي ان - حي الازدهار,العليا,بلدية,بلدية العليا,True,False,لا يوجد,,0,,,False,none,,2,True
Data 2025.xlsx,10246,2025-11-16,2025-11,2025-W46,4,6,sa-0918-r01,sa-0918-R01,حمص,اطعمة جاهزة للأكل Ready to eat meals,Ready to eat meals,اطعمة جاهزة للأكل Ready to eat meals,prepared_meal,فندق هوليدي ان - حي الازدهار,فندق هوليدي ان,حي الازدهار,فندق هوليدي ان - حي الازدهار,العليا,بلدية,بلدية العليا,False,True,العد الكلي للبكتيريا,العد الكلي للبكتيريا,1,,العد الكلي للبكتيريا,False,indicator_only,,3,True
Data 2025.xlsx,10269,2025-11-16,2025-11,2025-W46,4,6,sa-0919-r01,sa-0919-R01,فطيرة نقانق,اطعمة جاهزة للأكل Ready to eat meals,Ready to eat meals,اطعمة جاهزة للأكل Ready to eat meals,prepared_meal,فندق هوليدي ان - حي الازدهار,فندق هوليدي ان,حي الازدهار,فندق هوليدي ان - حي الازدهار,العليا,بلدية,بلدية العليا,True,False,لا يوجد,,0,,,False,none,,9,True
Data 2025.xlsx,10270,2025-11-16,2025-11,2025-W46,4,6,sa-0920-r01,sa-0920-R01,فطيرة لبنة,اطعمة جاهزة للأكل Ready to eat meals,Ready to eat meals,اطعمة جاهزة للأكل Ready to eat meals,prepared_meal,فندق هوليدي ان - حي الازدهار,فندق هوليدي ان,حي الازدهار,فندق هوليدي ان - حي الازدهار,العليا,بلدية,بلدية العليا,True,False,لا يوجد,,0,,,False,none,,9,True
Data 2025.xlsx,10278,2025-11-16,2025-11,2025-W46,4,6,sa-0921-r01,sa-0921-R01,اصابع موزاريلا,اطعمة جاهزة للأكل Ready to eat meals,Ready to eat meals,اطعمة جاهزة للأكل Ready to eat meals,prepared_meal,فندق هوليدي ان - حي الازدهار,فندق هوليدي ان,حي الازدهار,فندق هوليدي ان - حي الازدهار,العليا,بلدية,بلدية العليا,True,False,لا يوجد,,0,,,False,none,,10,True
Data 2025.xlsx,10285,2025-11-16,2025-11,2025-W46,4,6,sa-0922-r01,sa-0922-R01,فطر مطبوخ,اطعمة جاهزة للأكل Ready to eat meals,Ready to eat meals,اطعمة جاهزة للأكل Ready to eat meals,prepared_meal,فندق هوليدي ان - حي الازدهار,فندق هوليدي ان,حي الازدهار,فندق هوليدي ان - حي الازدهار,العليا,بلدية,بلدية العليا,True,False,لا يوجد,,0,,,False,none,,10,True
Data 2025.xlsx,10253,2025-11-16,2025-11,2025-W46,4,6,sau-2686-r01,sau-2686-R01,صوص سيزر,صوص (sauce),sauce,صوص (sauce),sauce_condiment,فندق هوليدي ان - حي الازدهار,فندق هوليدي ان,حي الازدهار,فندق هوليدي ان - حي الازدهار,العليا,بلدية,بلدية العليا,False,True,العد الكلي للبكتيريا,العد الكلي للبكتيريا,1,,العد الكلي للبكتيريا,False,indicator_only,,6,True
Data 2025.xlsx,10254,2025-11-16,2025-11,2025-W46,4,6,sau-2687-r01,sau-2687-R01,صوص فرنش,صوص (sauce),sauce,صوص (sauce),sauce_condiment,فندق هوليدي ان - حي الازدهار,فندق هوليدي ان,حي الازدهار,فندق هوليدي ان - حي الازدهار,العليا,بلدية,بلدية العليا,True,False,لا يوجد,,0,,,False,none,,6,True
Data 2025.xlsx,10276,2025-11-16,2025-11,2025-W46,4,6,sau-2688-r01,sau-2688-R01,صوص هندي,صوص (sauce),sauce,صوص (sauce),sauce_condiment,فندق هوليدي ان - حي الازدهار,فندق هوليدي ان,حي الازدهار,فندق هوليدي ان - حي الازدهار,العليا,بلدية,بلدية العليا,False,True,العد الكلي للبكتيريا,العد الكلي للبكتيريا,1,,العد الكلي للبكتيريا,False,indicator_only,,10,True
Data 2025.xlsx,10231,2025-11-16,2025-11,2025-W46,4,6,so-0007-r01-b,SO-0007-R01,جينة فيتا,(Soft Cheese) جبن طري / جبن سائل,Soft Cheese,(Soft Cheese) جبن طري / جبن سائل,dairy,فندق هوليدي ان - حي الازدهار,فندق هوليدي ان,حي الازدهار,فندق هوليدي ان - حي الازدهار,العليا,بلدية,بلدية العليا,True,False,لا يوجد,,0,,,False,none,sample_id_collision,0,False
Data 2025.xlsx,10232,2025-11-16,2025-11,2025-W46,4,6,so-0008-r01,SO-0008-R01,جبنة بالحبة سوداء,(Soft Cheese) جبن طري / جبن سائل,Soft Cheese,(Soft Cheese) جبن طري / جبن سائل,dairy,فندق هوليدي ان - حي الازدهار,فندق هوليدي ان,حي الازدهار,فندق هوليدي ان - حي الازدهار,العليا,بلدية,بلدية العليا,True,False,لا يوجد,,0,,,False,none,,0,False
Data 2025.xlsx,10233,2025-11-16,2025-11,2025-W46,4,6,so-0009-r01,SO-0009-R01,جبنة شلل,(Soft Cheese) جبن طري / جبن سائل,Soft Cheese,(Soft Cheese) جبن طري / جبن سائل,dairy,فندق هوليدي ان - حي الازدهار,فندق هوليدي ان,حي الازدهار,فندق هوليدي ان - حي الازدهار,العليا,بلدية,بلدية العليا,True,False,لا يوجد,,0,,,False,none,,0,False
Data 2025.xlsx,10234,2025-11-16,2025-11,2025-W46,4,6,so-0010-r01,SO-0010-R01,جبنة ادم,(Soft Cheese) جبن طري / جبن سائل,Soft Cheese,(Soft Cheese) جبن طري / جبن سائل,dairy,فندق هوليدي ان - حي الازدهار,فندق هوليدي ان,حي الازدهار,فندق هوليدي ان - حي الازدهار,العليا,بلدية,بلدية العليا,True,False,لا يوجد,,0,,,False,none,,0,False
Data 2025.xlsx,10286,2025-11-16,2025-11,2025-W46,4,6,sw-3741-r01,sw-3741-R01,مسحة طاولة تقطيع خبز,(Swabs) المسحات,Swabs,(Swabs) المسحات,swab,فندق هوليدي ان - حي الازدهار,فندق هوليدي ان,حي الازدهار,فندق هوليدي ان - حي الازدهار,العليا,بلدية,بلدية العليا,True,False,لا يوجد,,0,,,False,none,,10,True
Data 2025.xlsx,10281,2025-11-16,2025-11,2025-W46,4,6,sy-0001-r01,sy-0001-R01,بانكيك سيرم,شراب القصب المركز (concentrated cane syrup),concentrated cane syrup,شراب القصب المركز (concentrated cane syrup),sauce_condiment,فندق هوليدي ان - حي الازدهار,فندق هوليدي ان,حي الازدهار,فندق هوليدي ان - حي الازدهار,العليا,بلدية,بلدية العليا,True,False,لا يوجد,,0,,,False,none,,10,True
Data 2025.xlsx,10287,2025-11-16,2025-11,2025-W46,4,6,ubot-1167-r01,Ubot-1167-R01,مياه فلتر للطبخ م ك,المياه الغير معبأة (Unbottled water),Unbottled water,المياه الغير المعبأة (Unbottled water),water,فندق هوليدي ان - حي الازدهار,فندق هوليدي ان,حي الازدهار,فندق هوليدي ان - حي الازدهار,العليا,بلدية,بلدية العليا,True,False,لا يوجد,,0,,,False,none,category_merged_to_canonical,10,True
Data 2025.xlsx,10304,2025-11-17,2025-11,2025-W47,4,0,appe-0652-r01,Appe-0652-R01,متبل,مقبلات (Appetizers),Appetizers,مقبلات (Appetizers),prepared_meal,لومريديان الرياض- حي الورود,لومريديان الرياض,حي الورود,لومريديان الرياض- حي الورود,وسط الرياض,قطاع,القطاع وسط الرياض,False,True,العد الكلي للبكتيريا,العد الكلي للبكتيريا,1,,العد الكلي للبكتيريا,False,indicator_only,,3,True
Data 2025.xlsx,10313,2025-11-17,2025-11,2025-W47,4,0,appe-0653-r01,Appe-0653-R01,حمص,مقبلات (Appetizers),Appetizers,مقبلات (Appetizers),prepared_meal,لومريديان الرياض- حي الورود,لومريديان الرياض,حي الورود,لومريديان الرياض- حي الورود,وسط الرياض,قطاع,القطاع وسط الرياض,True,False,لا يوجد,,0,,,False,none,,4,True
Data 2025.xlsx,10331,2025-11-17,2025-11,2025-W47,4,0,appe-0654-r01,Appe-0654-R01,حمص مع جزر,مقبلات (Appetizers),Appetizers,مقبلات (Appetizers),prepared_meal,لومريديان الرياض- حي الورود,لومريديان الرياض,حي الورود,لومريديان الرياض- حي الورود,وسط الرياض,قطاع,القطاع وسط الرياض,True,False,لا يوجد,,0,,,False,none,,8,True
Data 2025.xlsx,10332,2025-11-17,2025-11,2025-W47,4,0,appe-0655-r01,Appe-0655-R01,شمندر مع طحينة (مقبلات),مقبلات (Appetizers),Appetizers,مقبلات (Appetizers),prepared_meal,لومريديان الرياض- حي الورود,لومريديان الرياض,حي الورود,لومريديان الرياض- حي الورود,وسط الرياض,قطاع,القطاع وسط الرياض,True,False,لا يوجد,,0,,,False,none,,8,True
Data 2025.xlsx,10333,2025-11-17,2025-11,2025-W47,4,0,appe-0656-r01,Appe-0656-R01,افوكادو مع حمص,مقبلات (Appetizers),Appetizers,مقبلات (Appetizers),prepared_meal,لومريديان الرياض- حي الورود,لومريديان الرياض,حي الورود,لومريديان الرياض- حي الورود,وسط الرياض,قطاع,القطاع وسط الرياض,True,False,لا يوجد,,0,,,False,none,,8,True
Data 2025.xlsx,10334,2025-11-17,2025-11,2025-W47,4,0,appe-0657-r01,Appe-0657-R01,بابا غنوج,مقبلات (Appetizers),Appetizers,مقبلات (Appetizers),prepared_meal,لومريديان الرياض- حي الورود,لومريديان الرياض,حي الورود,لومريديان الرياض- حي الورود,وسط الرياض,قطاع,القطاع وسط الرياض,True,False,لا يوجد,,0,,,False,none,,8,True
Data 2025.xlsx,10363,2025-11-17,2025-11,2025-W47,4,0,appe-0658-r01,Appe-0658-R01,حمص,مقبلات (Appetizers),Appetizers,مقبلات (Appetizers),prepared_meal,خبيزة - حي الياسمين,خبيزة,حي الياسمين,خبيزة - حي الياسمين,الشمال,بلدية,بلدية الشمال,True,False,لا يوجد,,0,,,False,none,,13,True
Data 2025.xlsx,10338,2025-11-17,2025-11,2025-W47,4,0,ca-0073-r01,ca-0073-R01,كيك رد فلفت,الكعك ومنتجات المخابز الجاهزة للاكل بدون تسخين (Cakes and bakery products ready to eat ),Cakes and bakery products ready to eat,الكعك ومنتجات المخابز الجاهزة للاكل بدون تسخين (Cakes and bakery products ready to eat ),sweets_bakery,لومريديان الرياض- حي الورود,لومريديان الرياض,حي الورود,لومريديان الرياض- حي الورود,وسط الرياض,قطاع,القطاع وسط الرياض,False,True,انتيروباكتريسي | استافيلوكوكس اورياس,انتيروباكتريسي | استافيلوكوكس اورياس,2,استافيلوكوكس اورياس,انتيروباكتريسي,True,pathogen,,9,True
Data 2025.xlsx,10349,2025-11-17,2025-11,2025-W47,4,0,cho-0098-r01,cho-0098-R01,صوص نوتيلا,الشوكولاته (Chocolate),Chocolate,الشوكولاته (Chocolate),sweets_bakery,خبيزة - حي الياسمين,خبيزة,حي الياسمين,خبيزة - حي الياسمين,الشمال,بلدية,بلدية الشمال,True,False,لا يوجد,,0,,,False,none,,6,True
Data 2025.xlsx,10301,2025-11-17,2025-11,2025-W47,4,0,cu-0014-r01,Cu-0014-R01,مرتديلا تركي مدخن,اللحوم المملحة و/أو المدخنة (Cured and /or smoked meat),Cured and /or smoked meat,اللحوم المملحة و/أو المدخنة (Cured and /or smoked meat),cooked_meat_poultry,لومريديان الرياض- حي الورود,لومريديان الرياض,حي الورود,لومريديان الرياض- حي الورود,وسط الرياض,قطاع,القطاع وسط الرياض,False,True,العد الكلي للبكتيريا,العد الكلي للبكتيريا,1,,العد الكلي للبكتيريا,False,indicator_only,,2,True
Data 2025.xlsx,10302,2025-11-17,2025-11,2025-W47,4,0,cu-0015-r01,Cu-0015-R01,لحم بسطرما,اللحوم المملحة و/أو المدخنة (Cured and /or smoked meat),Cured and /or smoked meat,اللحوم المملحة و/أو المدخنة (Cured and /or smoked meat),cooked_meat_poultry,لومريديان الرياض- حي الورود,لومريديان الرياض,حي الورود,لومريديان الرياض- حي الورود,وسط الرياض,قطاع,القطاع وسط الرياض,True,False,لا يوجد,,0,,,False,none,,2,True
Data 2025.xlsx,10354,2025-11-17,2025-11,2025-W47,4,0,cu-0016-r01,Cu-0016-R01,نقانق,اللحوم المملحة و/أو المدخنة (Cured and /or smoked meat),Cured and /or smoked meat,اللحوم المملحة و/أو المدخنة (Cured and /or smoked meat),cooked_meat_poultry,خبيزة - حي الياسمين,خبيزة,حي الياسمين,خبيزة - حي الياسمين,الشمال,بلدية,بلدية الشمال,False,True,العد الكلي للبكتيريا,العد الكلي للبكتيريا,1,,العد الكلي للبكتيريا,False,indicator_only,,9,True
Data 2025.xlsx,10356,2025-11-17,2025-11,2025-W47,4,0,cu-0017-r01,Cu-0017-R01,بيروني,اللحوم المملحة و/أو المدخنة (Cured and /or smoked meat),Cured and /or smoked meat,اللحوم المملحة و/أو المدخنة (Cured and /or smoked meat),cooked_meat_poultry,خبيزة - حي الياسمين,خبيزة,حي الياسمين,خبيزة - حي الياسمين,الشمال,بلدية,بلدية الشمال,False,True,العد الكلي للبكتيريا,العد الكلي للبكتيريا,1,,العد الكلي للبكتيريا,False,indicator_only,,10,True
Data 2025.xlsx,10343,2025-11-17,2025-11,2025-W47,4,0,egg-0018-r01,egg-0018-R01,بيض مقلي,البيض الكامل الطازج (Fresh Whole Eggs ),Fresh Whole Eggs,البيض الكامل الطازج (Fresh Whole Eggs ),dairy,خبيزة - حي الياسمين,خبيزة,حي الياسمين,خبيزة - حي الياسمين,الشمال,بلدية,بلدية الشمال,False,True,انتيروباكتريسي,انتيروباكتريسي,1,,انتيروباكتريسي,False,indicator_only,,4,True
Data 2025.xlsx,10345,2025-11-17,2025-11,2025-W47,4,0,egg-0019-r01,egg-0019-R01,شكشوكة,البيض الكامل الطازج (Fresh Whole Eggs ),Fresh Whole Eggs,البيض الكامل الطازج (Fresh Whole Eggs ),dairy,خبيزة - حي الياسمين,خبيزة,حي الياسمين,خبيزة - حي الياسمين,الشمال,بلدية,بلدية الشمال,False,True,انتيروباكتريسي,انتيروباكتريسي,1,,انتيروباكتريسي,False,indicator_only,,5,True
Data 2025.xlsx,10365,2025-11-17,2025-11,2025-W47,4,0,fal-0006-r01,fal-0006-R01,فلافل,"فلافل، بهاجي Falafel ,Bhaji","Falafel ,Bhaji","فلافل، بهاجي Falafel ,Bhaji",sweets_bakery,خبيزة - حي الياسمين,خبيزة,حي الياسمين,خبيزة - حي الياسمين,الشمال,بلدية,بلدية الشمال,True,False,لا يوجد,,0,,,False,none,,13,True
Data 2025.xlsx,10306,2025-11-17,2025-11,2025-W47,4,0,fermintedmilk-0014-r01,Fermintedmilk-0014-R01,كرات لبنة بالزعتر,"Fermented milk products , منتجات الحليب المخمرة",Fermented milk products,"Fermented milk products , منتجات الحليب المخمرة",dairy,لومريديان الرياض- حي الورود,لومريديان الرياض,حي الورود,لومريديان الرياض- حي الورود,وسط الرياض,قطاع,القطاع وسط الرياض,True,False,لا يوجد,,0,,,False,none,,3,True
Data 2025.xlsx,10310,2025-11-17,2025-11,2025-W47,4,0,fermintedmilk-0015-r01,Fermintedmilk-0015-R01,لبنة,"Fermented milk products , منتجات الحليب المخمرة",Fermented milk products,"Fermented milk products , منتجات الحليب المخمرة",dairy,لومريديان الرياض- حي الورود,لومريديان الرياض,حي الورود,لومريديان الرياض- حي الورود,وسط الرياض,قطاع,القطاع وسط الرياض,True,False,لا يوجد,,0,,,False,none,,3,True
Data 2025.xlsx,10311,2025-11-17,2025-11,2025-W47,4,0,fermintedmilk-0016-r01,Fermintedmilk-0016-R01,كرات لبنة حارة,"Fermented milk products , منتجات الحليب المخمرة",Fermented milk products,"Fermented milk products , منتجات الحليب المخمرة",dairy,لومريديان الرياض- حي الورود,لومريديان الرياض,حي الورود,لومريديان الرياض- حي الورود,وسط الرياض,قطاع,القطاع وسط الرياض,False,True,الخمائر والاعفان,الخمائر والاعفان,1,,الخمائر والاعفان,False,indicator_only,,4,True
Data 2025.xlsx,10312,2025-11-17,2025-11,2025-W47,4,0,fermintedmilk-0017-r01,Fermintedmilk-0017-R01,كرات لبنة سادة,"Fermented milk products , منتجات الحليب المخمرة",Fermented milk products,"Fermented milk products , منتجات الحليب المخمرة",dairy,لومريديان الرياض- حي الورود,لومريديان الرياض,حي الورود,لومريديان الرياض- حي الورود,وسط الرياض,قطاع,القطاع وسط الرياض,True,False,لا يوجد,,0,,,False,none,,4,True
Data 2025.xlsx,10353,2025-11-17,2025-11,2025-W47,4,0,fermintedmilk-0018-r01,Fermintedmilk-0018-R01,صوص لبنة,"Fermented milk products , منتجات الحليب المخمرة",Fermented milk products,"Fermented milk products , منتجات الحليب المخمرة",dairy,خبيزة - حي الياسمين,خبيزة,حي الياسمين,خبيزة - حي الياسمين,الشمال,بلدية,بلدية الشمال,False,True,العد الكلي للبكتيريا | الخمائر والاعفان,العد الكلي للبكتيريا | الخمائر والاعفان,2,,العد الكلي للبكتيريا | الخمائر والاعفان,False,indicator_only,,8,True
Data 2025.xlsx,10355,2025-11-17,2025-11,2025-W47,4,0,fermintedmilk-0019-r01,Fermintedmilk-0019-R01,لبنة,"Fermented milk products , منتجات الحليب المخمرة",Fermented milk products,"Fermented milk products , منتجات الحليب المخمرة",dairy,خبيزة - حي الياسمين,خبيزة,حي الياسمين,خبيزة - حي الياسمين,الشمال,بلدية,بلدية الشمال,True,False,لا يوجد,,0,,,False,none,,9,True
Data 2025.xlsx,10298,2025-11-17,2025-11,2025-W47,4,0,fi-0007-r01,fi-0007-R01,سلمون مدخن,أسماك مدخنة (smoked fish ),smoked fish,أسماك مدخنة (smoked fish ),cooked_meat_poultry,لومريديان الرياض- حي الورود,لومريديان الرياض,حي الورود,لومريديان الرياض- حي الورود,وسط الرياض,قطاع,القطاع وسط الرياض,True,False,لا يوجد,,0,,,False,none,,1,False
Data 2025.xlsx,10303,2025-11-17,2025-11,2025-W47,4,0,fi-0008-r01,fi-0008-R01,سمك مدخن,أسماك مدخنة (smoked fish ),smoked fish,أسماك مدخنة (smoked fish ),cooked_meat_poultry,لومريديان الرياض- حي الورود,لومريديان الرياض,حي الورود,لومريديان الرياض- حي الورود,وسط الرياض,قطاع,القطاع وسط الرياض,True,False,لا يوجد,,0,,,False,none,,2,True
Data 2025.xlsx,10308,2025-11-17,2025-11,2025-W47,4,0,flswe-0085-r01,FlSwe-0085-R01,حلاوة طحينة,حلاوة طحينة( Flour Sweetness),Flour Sweetness,حلاوة طحينة( Flour Sweetness),sauce_condiment,لومريديان الرياض- حي الورود,لومريديان الرياض,حي الورود,لومريديان الرياض- حي الورود,وسط الرياض,قطاع,القطاع وسط الرياض,True,False,لا يوجد,,0,,,False,none,,3,True
Data 2025.xlsx,10309,2025-11-17,2025-11,2025-W47,4,0,flswe-0086-r01,FlSwe-0086-R01,حلاوة طحينة شوكليت,حلاوة طحينة( Flour Sweetness),Flour Sweetness,حلاوة طحينة( Flour Sweetness),sauce_condiment,لومريديان الرياض- حي الورود,لومريديان الرياض,حي الورود,لومريديان الرياض- حي الورود,وسط الرياض,قطاع,القطاع وسط الرياض,True,False,لا يوجد,,0,,,False,none,,3,True
Data 2025.xlsx,10293,2025-11-17,2025-11,2025-W47,4,0,fr-0135-r01,fr-0135-R01,قطع خيار,فواكه و خضروات طازجة (Fresh fruits and vegetables ),Fresh fruits and vegetables,فواكه و خضروات طازجة (Fresh fruits and vegetables ),produce,لومريديان الرياض- حي الورود,لومريديان الرياض,حي الورود,لومريديان الرياض- حي الورود,وسط الرياض,قطاع,القطاع وسط الرياض,True,False,لا يوجد,,0,,,False,none,,1,False
Data 2025.xlsx,10294,2025-11-17,2025-11,2025-W47,4,0,fr-0136-r01,fr-0136-R01,قطع جزر,فواكه و خضروات طازجة (Fresh fruits and vegetables ),Fresh fruits and vegetables,فواكه و خضروات طازجة (Fresh fruits and vegetables ),produce,لومريديان الرياض- حي الورود,لومريديان الرياض,حي الورود,لومريديان الرياض- حي الورود,وسط الرياض,قطاع,القطاع وسط الرياض,True,False,لا يوجد,,0,,,False,none,,1,False
Data 2025.xlsx,10297,2025-11-17,2025-11,2025-W47,4,0,fr-0137-r01,fr-0137-R01,قطع ليمون,فواكه و خضروات طازجة (Fresh fruits and vegetables ),Fresh fruits and vegetables,فواكه و خضروات طازجة (Fresh fruits and vegetables ),produce,لومريديان الرياض- حي الورود,لومريديان الرياض,حي الورود,لومريديان الرياض- حي الورود,وسط الرياض,قطاع,القطاع وسط الرياض,True,False,لا يوجد,,0,,,False,none,,1,False
Data 2025.xlsx,10315,2025-11-17,2025-11,2025-W47,4,0,fr-0138-r01,fr-0138-R01,قطع جح,فواكه و خضروات طازجة (Fresh fruits and vegetables ),Fresh fruits and vegetables,فواكه و خضروات طازجة (Fresh fruits and vegetables ),produce,لومريديان الرياض- حي الورود,لومريديان الرياض,حي الورود,لومريديان الرياض- حي الورود,وسط الرياض,قطاع,القطاع وسط الرياض,True,False,لا يوجد,,0,,,False,none,,4,True
Data 2025.xlsx,10316,2025-11-17,2025-11,2025-W47,4,0,fr-0139-r01,fr-0139-R01,قطع برتقال,فواكه و خضروات طازجة (Fresh fruits and vegetables ),Fresh fruits and vegetables,فواكه و خضروات طازجة (Fresh fruits and vegetables ),produce,لومريديان الرياض- حي الورود,لومريديان الرياض,حي الورود,لومريديان الرياض- حي الورود,وسط الرياض,قطاع,القطاع وسط الرياض,True,False,لا يوجد,,0,,,False,none,,4,True
Data 2025.xlsx,10318,2025-11-17,2025-11,2025-W47,4,0,fr-0140-r01,fr-0140-R01,قطع اناناس,فواكه و خضروات طازجة (Fresh fruits and vegetables ),Fresh fruits and vegetables,فواكه و خضروات طازجة (Fresh fruits and vegetables ),produce,لومريديان الرياض- حي الورود,لومريديان الرياض,حي الورود,لومريديان الرياض- حي الورود,وسط الرياض,قطاع,القطاع وسط الرياض,True,False,لا يوجد,,0,,,False,none,,4,True
Data 2025.xlsx,10319,2025-11-17,2025-11,2025-W47,4,0,fr-0141-r01,fr-0141-R01,قطع مشمش معلب,فواكه و خضروات طازجة (Fresh fruits and vegetables ),Fresh fruits and vegetables,فواكه و خضروات طازجة (Fresh fruits and vegetables ),produce,لومريديان الرياض- حي الورود,لومريديان الرياض,حي الورود,لومريديان الرياض- حي الورود,وسط الرياض,قطاع,القطاع وسط الرياض,True,False,لا يوجد,,0,,,False,none,,4,True
Data 2025.xlsx,10320,2025-11-17,2025-11,2025-W47,4,0,fr-0142-r01,fr-0142-R01,سلطة فواكه,فواكه و خضروات طازجة (Fresh fruits and vegetables ),Fresh fruits and vegetables,فواكه و خضروات طازجة (Fresh fruits and vegetables ),produce,لومريديان الرياض- حي الورود,لومريديان الرياض,حي الورود,لومريديان الرياض- حي الورود,وسط الرياض,قطاع,القطاع وسط الرياض,True,False,لا يوجد,,0,,,False,none,,4,True
Data 2025.xlsx,10344,2025-11-17,2025-11,2025-W47,4,0,gcv-0272-r01,GCV-0272-R01,سبانخ,الخضار المشوية و المطبوخة,,الخضار المشوية و المطبوخة,cooked_meat_poultry,خبيزة - حي الياسمين,خبيزة,حي الياسمين,خبيزة - حي الياسمين,الشمال,بلدية,بلدية الشمال,True,False,لا يوجد,,0,,,False,none,,4,True
Data 2025.xlsx,10348,2025-11-17,2025-11,2025-W47,4,0,he-0003-r01,he-0003-R01,زعتر,الأعشاب والتوابل الجافة جاهزة للاكل (Dried herbs and spices ready to eat),Dried herbs and spices ready to eat,الأعشاب والتوابل الجافة جاهزة للاكل (Dried herbs and spices ready to eat),produce,خبيزة - حي الياسمين,خبيزة,حي الياسمين,خبيزة - حي الياسمين,الشمال,بلدية,بلدية الشمال,True,False,لا يوجد,,0,,,False,none,,6,True
Data 2025.xlsx,10364,2025-11-17,2025-11,2025-W47,4,0,ho-0257-r01,ho-0257-R01,عسل,(Honey) عسل النحل,Honey,(Honey) عسل النحل,sweets_bakery,خبيزة - حي الياسمين,خبيزة,حي الياسمين,خبيزة - حي الياسمين,الشمال,بلدية,بلدية الشمال,True,False,لا يوجد,,0,,,False,none,,13,True
Data 2025.xlsx,10323,2025-11-17,2025-11,2025-W47,4,0,jui-0583-r01,jui-0583-R01,عصير مانجا مع باشن فروت,العصائر الطازجة Un-pasteurized juices (fresh),fresh,العصائر الطازجة Un-pasteurized juices (fresh),beverage,لومريديان الرياض- حي الورود,لومريديان الرياض,حي الورود,لومريديان الرياض- حي الورود,وسط الرياض,قطاع,القطاع وسط الرياض,True,False,لا يوجد,,0,,,False,none,,5,True
Data 2025.xlsx,10324,2025-11-17,2025-11,2025-W47,4,0,jui-0584-r01,jui-0584-R01,عصير برتقال,العصائر الطازجة Un-pasteurized juices (fresh),fresh,العصائر الطازجة Un-pasteurized juices (fresh),beverage,لومريديان الرياض- حي الورود,لومريديان الرياض,حي الورود,لومريديان الرياض- حي الورود,وسط الرياض,قطاع,القطاع وسط الرياض,False,True,الخمائر والاعفان,الخمائر والاعفان,1,,الخمائر والاعفان,False,indicator_only,,6,True
Data 2025.xlsx,10325,2025-11-17,2025-11,2025-W47,4,0,jui-0585-r01,jui-0585-R01,عصير جزر,العصائر الطازجة Un-pasteurized juices (fresh),fresh,العصائر الطازجة Un-pasteurized juices (fresh),beverage,لومريديان الرياض- حي الورود,لومريديان الرياض,حي الورود,لومريديان الرياض- حي الورود,وسط الرياض,قطاع,القطاع وسط الرياض,False,True,الخمائر والاعفان,الخمائر والاعفان,1,,الخمائر والاعفان,False,indicator_only,,7,True
Data 2025.xlsx,10326,2025-11-17,2025-11,2025-W47,4,0,jui-0586-r01,jui-0586-R01,عصير شمندر مع اناناس,العصائر الطازجة Un-pasteurized juices (fresh),fresh,العصائر الطازجة Un-pasteurized juices (fresh),beverage,لومريديان الرياض- حي الورود,لومريديان الرياض,حي الورود,لومريديان الرياض- حي الورود,وسط الرياض,قطاع,القطاع وسط الرياض,False,True,الخمائر والاعفان,الخمائر والاعفان,1,,الخمائر والاعفان,False,indicator_only,,8,True
Data 2025.xlsx,10357,2025-11-17,2025-11,2025-W47,4,0,mo-0003-r01,mo-0003-R01,صوص دبس رمان,"المولاس بانواعه - الدبس - كتل السكر البنية (Molasses, debs ( date syrup ), hard brown sugar )",hard brown sugar,"المولاس بانواعه - الدبس - كتل السكر البنية (Molasses, debs ( date syrup ), hard brown sugar )",dairy,خبيزة - حي الياسمين,خبيزة,حي الياسمين,خبيزة - حي الياسمين,الشمال,بلدية,بلدية الشمال,True,False,لا يوجد,,0,,,False,none,,10,True
Data 2025.xlsx,10361,2025-11-17,2025-11,2025-W47,4,0,mo-0004-r01,mo-0004-R01,شيرة,"المولاس بانواعه - الدبس - كتل السكر البنية (Molasses, debs ( date syrup ), hard brown sugar )",hard brown sugar,"المولاس بانواعه - الدبس - كتل السكر البنية (Molasses, debs ( date syrup ), hard brown sugar )",dairy,خبيزة - حي الياسمين,خبيزة,حي الياسمين,خبيزة - حي الياسمين,الشمال,بلدية,بلدية الشمال,True,False,لا يوجد,,0,,,False,none,,12,True
Data 2025.xlsx,10362,2025-11-17,2025-11,2025-W47,4,0,pa-0019-r01,pa-0019-R01,باستا مسلوق,المكرونة - الشعيرية كل الانواع الجافة (Pasta / macaroni &Noodles all the dry types ),Pasta / macaroni &Noodles all the dry types,المكرونة - الشعيرية كل الانواع الجافة (Pasta / macaroni &Noodles all the dry types ),produce,خبيزة - حي الياسمين,خبيزة,حي الياسمين,خبيزة - حي الياسمين,الشمال,بلدية,بلدية الشمال,False,True,استافيلوكوكس اورياس,استافيلوكوكس اورياس,1,استافيلوكوكس اورياس,,True,pathogen,,13,True
Data 2025.xlsx,10288,2025-11-17,2025-11,2025-W47,4,0,pi-0118-r01,pi-0118-R01,زيتون اسود,مخلل الخضروات /الفواكه (Pickled/fermented vegetable / fruits),Pickled/fermented vegetable / fruits,مخلل الخضروات /الفواكه (Pickled/fermented vegetable / fruits),dairy,لومريديان الرياض- حي الورود,لومريديان الرياض,حي الورود,لومريديان الرياض- حي الورود,وسط الرياض,قطاع,القطاع وسط الرياض,False,True,خمائر,الخمائر والاعفان,1,,الخمائر والاعفان,False,indicator_only,,1,False
Data 2025.xlsx,10289,2025-11-17,2025-11,2025-W47,4,0,pi-0119-r01,pi-0119-R01,هلابينو,مخلل الخضروات /الفواكه (Pickled/fermented vegetable / fruits),Pickled/fermented vegetable / fruits,مخلل الخضروات /الفواكه (Pickled/fermented vegetable / fruits),dairy,لومريديان الرياض- حي الورود,لومريديان الرياض,حي الورود,لومريديان الرياض- حي الورود,وسط الرياض,قطاع,القطاع وسط الرياض,True,False,لا يوجد,,0,,,False,none,,1,False
Data 2025.xlsx,10290,2025-11-17,2025-11,2025-W47,4,0,pi-0120-r01,pi-0120-R01,مشكل مخلل,مخلل الخضروات /الفواكه (Pickled/fermented vegetable / fruits),Pickled/fermented vegetable / fruits,مخلل الخضروات /الفواكه (Pickled/fermented vegetable / fruits),dairy,لومريديان الرياض- حي الورود,لومريديان الرياض,حي الورود,لومريديان الرياض- حي الورود,وسط الرياض,قطاع,القطاع وسط الرياض,True,False,لا يوجد,,0,,,False,none,,1,False
Data 2025.xlsx,10291,2025-11-17,2025-11,2025-W47,4,0,pi-0121-r01,pi-0121-R01,مخلل ليمون,مخلل الخضروات /الفواكه (Pickled/fermented vegetable / fruits),Pickled/fermented vegetable / fruits,مخلل الخضروات /الفواكه (Pickled/fermented vegetable / fruits),dairy,لومريديان الرياض- حي الورود,لومريديان الرياض,حي الورود,لومريديان الرياض- حي الورود,وسط الرياض,قطاع,القطاع وسط الرياض,True,False,لا يوجد,,0,,,False,none,,1,False
Data 2025.xlsx,10292,2025-11-17,2025-11,2025-W47,4,0,pi-0122-r01,pi-0122-R01,زيتون اخضر,مخلل الخضروات /الفواكه (Pickled/fermented vegetable / fruits),Pickled/fermented vegetable / fruits,مخلل الخضروات /الفواكه (Pickled/fermented vegetable / fruits),dairy,لومريديان الرياض- حي الورود,لومريديان الرياض,حي الورود,لومريديان الرياض- حي الورود,وسط الرياض,قطاع,القطاع وسط الرياض,True,False,لا يوجد,,0,,,False,none,,1,False
Data 2025.xlsx,10322,2025-11-17,2025-11,2025-W47,4,0,pu-0005-r01,pu-0005-R01,كورن فليكس شوكليت,"رقائق ومنتفخات الحبوب (Puffed , flaked cereal products )","Puffed , flaked cereal products","رقائق ومنتفخات الحبوب (Puffed , flaked cereal products )",produce,لومريديان الرياض- حي الورود,لومريديان الرياض,حي الورود,لومريديان الرياض- حي الورود,وسط الرياض,قطاع,القطاع وسط الرياض,False,True,انتيروباكتريسي,انتيروباكتريسي,1,,انتيروباكتريسي,False,indicator_only,,5,True
Data 2025.xlsx,10340,2025-11-17,2025-11,2025-W47,4,0,raw-0523-r01,Raw-0523-R01,دجاج كريمي,لحم دواجن معامل بالتمليح مع التدخين (Poultry meat plants by salting with smoking),Poultry meat plants by salting with smoking,لحم دواجن معامل بالتمليح مع التدخين (Poultry meat plants by salting with smoking),cooked_meat_poultry,خبيزة - حي الياسمين,خبيزة,حي الياسمين,خبيزة - حي الياسمين,الشمال,بلدية,بلدية الشمال,False,True,العد الكلي للبكتيريا,العد الكلي للبكتيريا,1,,العد الكلي للبكتيريا,False,indicator_only,,1,False
Data 2025.xlsx,10341,2025-11-17,2025-11,2025-W47,4,0,raw-0524-r01,Raw-0524-R01,دجاج خبيزة,لحم دواجن معامل بالتمليح مع التدخين (Poultry meat plants by salting with smoking),Poultry meat plants by salting with smoking,لحم دواجن معامل بالتمليح مع التدخين (Poultry meat plants by salting with smoking),cooked_meat_poultry,خبيزة - حي الياسمين,خبيزة,حي الياسمين,خبيزة - حي الياسمين,الشمال,بلدية,بلدية الشمال,False,True,العد الكلي للبكتيريا,العد الكلي للبكتيريا,1,,العد الكلي للبكتيريا,False,indicator_only,,2,True
Data 2025.xlsx,10342,2025-11-17,2025-11,2025-W47,4,0,raw-0525-r01,Raw-0525-R01,كبدة غنم,اجزاء قابلة للاكل من الذبيحة (Raw ediable offal ),Raw ediable offal,اجزاء قابلة للاكل من الذبيحة (Raw ediable offal ),raw_meat,خبيزة - حي الياسمين,خبيزة,حي الياسمين,خبيزة - حي الياسمين,الشمال,بلدية,بلدية الشمال,False,True,العد الكلي للبكتيريا,العد الكلي للبكتيريا,1,,العد الكلي للبكتيريا,False,indicator_only,,3,True
Data 2025.xlsx,10321,2025-11-17,2025-11,2025-W47,4,0,sa-0923-r01,sa-0923-R01,شوفان مع لبن,اطعمة جاهزة للأكل Ready to eat meals,Ready to eat meals,اطعمة جاهزة للأكل Ready to eat meals,prepared_meal,لومريديان الرياض- حي الورود,لومريديان الرياض,حي الورود,لومريديان الرياض- حي الورود,وسط الرياض,قطاع,القطاع وسط الرياض,True,False,لا يوجد,,0,,,False,none,,4,True
Data 2025.xlsx,10328,2025-11-17,2025-11,2025-W47,4,0,sa-0924-r01,sa-0924-R01,سلطة سمك,اطعمة جاهزة للأكل Ready to eat meals,Ready to eat meals,اطعمة جاهزة للأكل Ready to eat meals,prepared_meal,لومريديان الرياض- حي الورود,لومريديان الرياض,حي الورود,لومريديان الرياض- حي الورود,وسط الرياض,قطاع,القطاع وسط الرياض,True,False,لا يوجد,,0,,,False,none,,8,True
Data 2025.xlsx,10329,2025-11-17,2025-11,2025-W47,4,0,sa-0925-r01,sa-0925-R01,سلطة كينوا مع شمندر,اطعمة جاهزة للأكل Ready to eat meals,Ready to eat meals,اطعمة جاهزة للأكل Ready to eat meals,prepared_meal,لومريديان الرياض- حي الورود,لومريديان الرياض,حي الورود,لومريديان الرياض- حي الورود,وسط الرياض,قطاع,القطاع وسط الرياض,True,False,لا يوجد,,0,,,False,none,,8,True
Data 2025.xlsx,10330,2025-11-17,2025-11,2025-W47,4,0,sa-0926-r01,sa-0926-R01,سلطة بامية,اطعمة جاهزة للأكل Ready to eat meals,Ready to eat meals,اطعمة جاهزة للأكل Ready to eat meals,prepared_meal,لومريديان الرياض- حي الورود,لومريديان الرياض,حي الورود,لومريديان الرياض- حي الورود,وسط الرياض,قطاع,القطاع وسط الرياض,True,False,لا يوجد,,0,,,False,none,,8,True
Data 2025.xlsx,10335,2025-11-17,2025-11,2025-W47,4,0,sa-0927-r01,sa-0927-R01,سلطة دجاج,اطعمة جاهزة للأكل Ready to eat meals,Ready to eat meals,اطعمة جاهزة للأكل Ready to eat meals,prepared_meal,لومريديان الرياض- حي الورود,لومريديان الرياض,حي الورود,لومريديان الرياض- حي الورود,وسط الرياض,قطاع,القطاع وسط الرياض,True,False,لا يوجد,,0,,,False,none,,8,True
Data 2025.xlsx,10295,2025-11-17,2025-11,2025-W47,4,0,sau-2689-r01,sau-2689-R01,صوص كوكتيل مايو مع كاتشب,صوص (sauce),sauce,صوص (sauce),sauce_condiment,لومريديان الرياض- حي الورود,لومريديان الرياض,حي الورود,لومريديان الرياض- حي الورود,وسط الرياض,قطاع,القطاع وسط الرياض,True,False,لا يوجد,,0,,,False,none,,1,False
Data 2025.xlsx,10350,2025-11-17,2025-11,2025-W47,4,0,sau-2690-r01,sau-2690-R01,صوص بيستو,صوص (sauce),sauce,صوص (sauce),sauce_condiment,خبيزة - حي الياسمين,خبيزة,حي الياسمين,خبيزة - حي الياسمين,الشمال,بلدية,بلدية الشمال,False,True,العد الكلي للبكتيريا,العد الكلي للبكتيريا,1,,العد الكلي للبكتيريا,False,indicator_only,,7,True
Data 2025.xlsx,10351,2025-11-17,2025-11,2025-W47,4,0,sau-2691-r01,sau-2691-R01,صوص دجاج,صوص (sauce),sauce,صوص (sauce),sauce_condiment,خبيزة - حي الياسمين,خبيزة,حي الياسمين,خبيزة - حي الياسمين,الشمال,بلدية,بلدية الشمال,True,False,لا يوجد,,0,,,False,none,,7,True
Data 2025.xlsx,10352,2025-11-17,2025-11,2025-W47,4,0,sau-2692-r01,sau-2692-R01,صوص خبيزة كوكتيل,صوص (sauce),sauce,صوص (sauce),sauce_condiment,خبيزة - حي الياسمين,خبيزة,حي الياسمين,خبيزة - حي الياسمين,الشمال,بلدية,بلدية الشمال,True,False,لا يوجد,,0,,,False,none,,7,True
Data 2025.xlsx,10360,2025-11-17,2025-11,2025-W47,4,0,sau-2693-r01,sau-2693-R01,صوص سويت,صوص (sauce),sauce,صوص (sauce),sauce_condiment,خبيزة - حي الياسمين,خبيزة,حي الياسمين,خبيزة - حي الياسمين,الشمال,بلدية,بلدية الشمال,False,True,انتيروباكتريسي | الخمائر والاعفان,انتيروباكتريسي | الخمائر والاعفان,2,,انتيروباكتريسي | الخمائر والاعفان,False,indicator_only,,12,True
Data 2025.xlsx,10366,2025-11-17,2025-11,2025-W47,4,0,sau-2694-r01,sau-2694-R01,شطة,صوص (sauce),sauce,صوص (sauce),sauce_condiment,خبيزة - حي الياسمين,خبيزة,حي الياسمين,خبيزة - حي الياسمين,الشمال,بلدية,بلدية الشمال,True,False,لا يوجد,,0,,,False,none,,13,True
Data 2025.xlsx,10296,2025-11-17,2025-11,2025-W47,4,0,so-0011-r01,SO-0011-R01,كريمة جبن,(Soft Cheese) جبن طري / جبن سائل,Soft Cheese,(Soft Cheese) جبن طري / جبن سائل,dairy,لومريديان الرياض- حي الورود,لومريديان الرياض,حي الورود,لومريديان الرياض- حي الورود,وسط الرياض,قطاع,القطاع وسط الرياض,True,False,لا يوجد,,0,,,False,none,,1,False
Data 2025.xlsx,10299,2025-11-17,2025-11,2025-W47,4,0,so-0012-r01,SO-0012-R01,جبنة مدخن,(Soft Cheese) جبن طري / جبن سائل,Soft Cheese,(Soft Cheese) جبن طري / جبن سائل,dairy,لومريديان الرياض- حي الورود,لومريديان الرياض,حي الورود,لومريديان الرياض- حي الورود,وسط الرياض,قطاع,القطاع وسط الرياض,True,False,لا يوجد,,0,,,False,none,,1,False
Data 2025.xlsx,10300,2025-11-17,2025-11,2025-W47,4,0,so-0013-r01,SO-0013-R01,جبنة فرنسية,(Soft Cheese) جبن طري / جبن سائل,Soft Cheese,(Soft Cheese) جبن طري / جبن سائل,dairy,لومريديان الرياض- حي الورود,لومريديان الرياض,حي الورود,لومريديان الرياض- حي الورود,وسط الرياض,قطاع,القطاع وسط الرياض,True,False,لا يوجد,,0,,,False,none,,1,False
Data 2025.xlsx,10305,2025-11-17,2025-11,2025-W47,4,0,so-0014-r01,SO-0014-R01,جبنة شلل,(Soft Cheese) جبن طري / جبن سائل,Soft Cheese,(Soft Cheese) جبن طري / جبن سائل,dairy,لومريديان الرياض- حي الورود,لومريديان الرياض,حي الورود,لومريديان الرياض- حي الورود,وسط الرياض,قطاع,القطاع وسط الرياض,True,False,لا يوجد,,0,,,False,none,,3,True
Data 2025.xlsx,10307,2025-11-17,2025-11,2025-W47,4,0,so-0015-r01,SO-0015-R01,جبنة فيتا,(Soft Cheese) جبن طري / جبن سائل,Soft Cheese,(Soft Cheese) جبن طري / جبن سائل,dairy,لومريديان الرياض- حي الورود,لومريديان الرياض,حي الورود,لومريديان الرياض- حي الورود,وسط الرياض,قطاع,القطاع وسط الرياض,True,False,لا يوجد,,0,,,False,none,,3,True
Data 2025.xlsx,10346,2025-11-17,2025-11,2025-W47,4,0,so-0016-r01,SO-0016-R01,جين سائل,(Soft Cheese) جبن طري / جبن سائل,Soft Cheese,(Soft Cheese) جبن طري / جبن سائل,dairy,خبيزة - حي الياسمين,خبيزة,حي الياسمين,خبيزة - حي الياسمين,الشمال,بلدية,بلدية الشمال,True,False,لا يوجد,,0,,,False,none,,5,True
Data 2025.xlsx,10347,2025-11-17,2025-11,2025-W47,4,0,so-0017-r01,SO-0017-R01,جبن موزاريلا,(Soft Cheese) جبن طري / جبن سائل,Soft Cheese,(Soft Cheese) جبن طري / جبن سائل,dairy,خبيزة - حي الياسمين,خبيزة,حي الياسمين,خبيزة - حي الياسمين,الشمال,بلدية,بلدية الشمال,False,True,استافيلوكوكس اورياس,استافيلوكوكس اورياس,1,استافيلوكوكس اورياس,,True,pathogen,,6,True
Data 2025.xlsx,10327,2025-11-17,2025-11,2025-W47,4,0,sw-3742-r01,sw-3742-R01,مسحة صانعة ثلج,(Swabs) المسحات,Swabs,(Swabs) المسحات,swab,لومريديان الرياض- حي الورود,لومريديان الرياض,حي الورود,لومريديان الرياض- حي الورود,وسط الرياض,قطاع,القطاع وسط الرياض,True,False,لا يوجد,,0,,,False,none,,8,True
Data 2025.xlsx,10336,2025-11-17,2025-11,2025-W47,4,0,sw-3743-r01,sw-3743-R01,مسحة صانعة ثلج,(Swabs) المسحات,Swabs,(Swabs) المسحات,swab,لومريديان الرياض- حي الورود,لومريديان الرياض,حي الورود,لومريديان الرياض- حي الورود,وسط الرياض,قطاع,القطاع وسط الرياض,True,False,لا يوجد,,0,,,False,none,,8,True
Data 2025.xlsx,10337,2025-11-17,2025-11,2025-W47,4,0,sw-3744-r01,sw-3744-R01,مسحة صانعة ثلج مجروش,(Swabs) المسحات,Swabs,(Swabs) المسحات,swab,لومريديان الرياض- حي الورود,لومريديان الرياض,حي الورود,لومريديان الرياض- حي الورود,وسط الرياض,قطاع,القطاع وسط الرياض,True,False,لا يوجد,,0,,,False,none,,8,True
Data 2025.xlsx,10367,2025-11-17,2025-11,2025-W47,4,0,sw-3745-r01,sw-3745-R01,مسحة ثلاجة تحضير,(Swabs) المسحات,Swabs,(Swabs) المسحات,swab,خبيزة - حي الياسمين,خبيزة,حي الياسمين,خبيزة - حي الياسمين,الشمال,بلدية,بلدية الشمال,True,False,لا يوجد,,0,,,False,none,,13,True
Data 2025.xlsx,10368,2025-11-17,2025-11,2025-W47,4,0,sw-3746-r01,sw-3746-R01,مسحة ثلاجة حفظ,(Swabs) المسحات,Swabs,(Swabs) المسحات,swab,خبيزة - حي الياسمين,خبيزة,حي الياسمين,خبيزة - حي الياسمين,الشمال,بلدية,بلدية الشمال,True,False,لا يوجد,,0,,,False,none,,13,True
Data 2025.xlsx,10339,2025-11-17,2025-11,2025-W47,4,0,sweet-1547-r01,sweet-1547-R01,كريمة مانجا موس حلا,الحلا(sweetness),sweetness,الحلا(sweetness),sweets_bakery,لومريديان الرياض- حي الورود,لومريديان الرياض,حي الورود,لومريديان الرياض- حي الورود,وسط الرياض,قطاع,القطاع وسط الرياض,True,False,لا يوجد,,0,,,False,none,,9,True
Data 2025.xlsx,10314,2025-11-17,2025-11,2025-W47,4,0,to-0006-r01,to-0006-R01,بندورة مجفف,جميع أنواع منتجات الطماطم (All kinds of tomato products),All kinds of tomato products,جميع أنواع منتجات الطماطم (All kinds of tomato products),produce,لومريديان الرياض- حي الورود,لومريديان الرياض,حي الورود,لومريديان الرياض- حي الورود,وسط الرياض,قطاع,القطاع وسط الرياض,True,False,لا يوجد,,0,,,False,none,,4,True
Data 2025.xlsx,10358,2025-11-17,2025-11,2025-W47,4,0,to-0007-r01,to-0007-R01,صلصة بيتزا,جميع أنواع منتجات الطماطم (All kinds of tomato products),All kinds of tomato products,جميع أنواع منتجات الطماطم (All kinds of tomato products),produce,خبيزة - حي الياسمين,خبيزة,حي الياسمين,خبيزة - حي الياسمين,الشمال,بلدية,بلدية الشمال,True,False,لا يوجد,,0,,,False,none,,10,True
Data 2025.xlsx,10359,2025-11-17,2025-11,2025-W47,4,0,to-0008-r01,to-0008-R01,صوص طماطم,جميع أنواع منتجات الطماطم (All kinds of tomato products),All kinds of tomato products,جميع أنواع منتجات الطماطم (All kinds of tomato products),produce,خبيزة - حي الياسمين,خبيزة,حي الياسمين,خبيزة - حي الياسمين,الشمال,بلدية,بلدية الشمال,False,True,العد الكلي للبكتيريا | الخمائر والاعفان,العد الكلي للبكتيريا | الخمائر والاعفان,2,,العد الكلي للبكتيريا | الخمائر والاعفان,False,indicator_only,,11,True
Data 2025.xlsx,10369,2025-11-17,2025-11,2025-W47,4,0,ubot-1168-r01,Ubot-1168-R01,مياه غسيل ادوات م - ك,المياه الغير معبأة (Unbottled water),Unbottled water,المياه الغير المعبأة (Unbottled water),water,خبيزة - حي الياسمين,خبيزة,حي الياسمين,خبيزة - حي الياسمين,الشمال,بلدية,بلدية الشمال,False,True,سيدوموناس,سيدوموناس,1,,سيدوموناس,False,indicator_only,category_merged_to_canonical,14,True
Data 2025.xlsx,10317,2025-11-17,2025-11,2025-W47,4,0,ve-0003-r01,ve-0003-R01,قطع اناناس معلب,خضروات / فواكه مجمدة Frozen vegetables and frozen fruits,Frozen vegetables and frozen fruits,خضروات / فواكه مجمدة Frozen vegetables and frozen fruits,produce,لومريديان الرياض- حي الورود,لومريديان الرياض,حي الورود,لومريديان الرياض- حي الورود,وسط الرياض,قطاع,القطاع وسط الرياض,True,False,لا يوجد,,0,,,False,none,,4,True
Data 2025.xlsx,10371,2025-11-22,2025-11,2025-W47,4,5,1-3765-R01,1-3765-R01,فطيرة بيكان,(Pie) فطيرة,Pie,(Pie) فطيرة,sweets_bakery,مطعم ثري لتقديم الوجبات - حي العليا,مطعم ثري لتقديم الوجبات,حي العليا,مطعم ثري لتقديم الوجبات - حي العليا,وسط الرياض,قطاع,القطاع وسط الرياض,True,False,لا يوجد,,0,,,False,none,,0,False
Data 2025.xlsx,10370,2025-11-22,2025-11,2025-W47,4,5,ca-0074-r01,ca-0074-R01,كروسان كريمة,الكعك ومنتجات المخابز الجاهزة للاكل بدون تسخين (Cakes and bakery products ready to eat ),Cakes and bakery products ready to eat,الكعك ومنتجات المخابز الجاهزة للاكل بدون تسخين (Cakes and bakery products ready to eat ),sweets_bakery,مطعم ثري لتقديم الوجبات - حي العليا,مطعم ثري لتقديم الوجبات,حي العليا,مطعم ثري لتقديم الوجبات - حي العليا,وسط الرياض,قطاع,القطاع وسط الرياض,True,False,لا يوجد,,0,,,False,none,,0,False
Data 2025.xlsx,10372,2025-11-22,2025-11,2025-W47,4,5,ca-0075-r01,ca-0075-R01,كروسان بستاشو,الكعك ومنتجات المخابز الجاهزة للاكل بدون تسخين (Cakes and bakery products ready to eat ),Cakes and bakery products ready to eat,الكعك ومنتجات المخابز الجاهزة للاكل بدون تسخين (Cakes and bakery products ready to eat ),sweets_bakery,مطعم ثري لتقديم الوجبات - حي العليا,مطعم ثري لتقديم الوجبات,حي العليا,مطعم ثري لتقديم الوجبات - حي العليا,وسط الرياض,قطاع,القطاع وسط الرياض,True,False,لا يوجد,,0,,,False,none,,0,False
Data 2025.xlsx,10373,2025-11-22,2025-11,2025-W47,4,5,ca-0076-r01,ca-0076-R01,كروسان جبن مع زعتر,الكعك ومنتجات المخابز الجاهزة للاكل بدون تسخين (Cakes and bakery products ready to eat ),Cakes and bakery products ready to eat,الكعك ومنتجات المخابز الجاهزة للاكل بدون تسخين (Cakes and bakery products ready to eat ),sweets_bakery,مطعم ثري لتقديم الوجبات - حي العليا,مطعم ثري لتقديم الوجبات,حي العليا,مطعم ثري لتقديم الوجبات - حي العليا,وسط الرياض,قطاع,القطاع وسط الرياض,True,False,لا يوجد,,0,,,False,none,,0,False
Data 2025.xlsx,10411,2025-11-22,2025-11,2025-W47,4,5,ca-0077-r01,ca-0077-R01,كروسان بستاشو,الكعك ومنتجات المخابز الجاهزة للاكل بدون تسخين (Cakes and bakery products ready to eat ),Cakes and bakery products ready to eat,الكعك ومنتجات المخابز الجاهزة للاكل بدون تسخين (Cakes and bakery products ready to eat ),sweets_bakery,مصدر الكافيين - شارع العليا العام,مصدر الكافيين,شارع العليا العام,مصدر الكافيين - شارع العليا العام,العليا,بلدية,بلدية العليا,True,False,لا يوجد,,0,,,False,none,,2,True
Data 2025.xlsx,10412,2025-11-22,2025-11,2025-W47,4,5,ca-0078-r01,ca-0078-R01,كروسان جبن,الكعك ومنتجات المخابز الجاهزة للاكل بدون تسخين (Cakes and bakery products ready to eat ),Cakes and bakery products ready to eat,الكعك ومنتجات المخابز الجاهزة للاكل بدون تسخين (Cakes and bakery products ready to eat ),sweets_bakery,مصدر الكافيين - شارع العليا العام,مصدر الكافيين,شارع العليا العام,مصدر الكافيين - شارع العليا العام,العليا,بلدية,بلدية العليا,True,True,باسيلس سيريس,باسيلس سيريس,1,باسيلس سيريس,,True,pathogen,validity_says_valid_but_has_failures,3,True
Data 2025.xlsx,10413,2025-11-22,2025-11,2025-W47,4,5,ca-0079-r01,ca-0079-R01,كروسان لوز الموند,الكعك ومنتجات المخابز الجاهزة للاكل بدون تسخين (Cakes and bakery products ready to eat ),Cakes and bakery products ready to eat,الكعك ومنتجات المخابز الجاهزة للاكل بدون تسخين (Cakes and bakery products ready to eat ),sweets_bakery,مصدر الكافيين - شارع العليا العام,مصدر الكافيين,شارع العليا العام,مصدر الكافيين - شارع العليا العام,العليا,بلدية,بلدية العليا,True,False,لا يوجد,,0,,,False,none,,3,True
Data 2025.xlsx,10414,2025-11-22,2025-11,2025-W47,4,5,ca-0080-r01,ca-0080-R01,كروسان زعتر,الكعك ومنتجات المخابز الجاهزة للاكل بدون تسخين (Cakes and bakery products ready to eat ),Cakes and bakery products ready to eat,الكعك ومنتجات المخابز الجاهزة للاكل بدون تسخين (Cakes and bakery products ready to eat ),sweets_bakery,مصدر الكافيين - شارع العليا العام,مصدر الكافيين,شارع العليا العام,مصدر الكافيين - شارع العليا العام,العليا,بلدية,بلدية العليا,True,False,لا يوجد,,0,,,False,none,,3,True
Data 2025.xlsx,10376,2025-11-22,2025-11,2025-W47,4,5,cho-0099-r01,cho-0099-R01,مشروب ايس شوكليت,الشوكولاته (Chocolate),Chocolate,الشوكولاته (Chocolate),sweets_bakery,مطعم ثري لتقديم الوجبات - حي العليا,مطعم ثري لتقديم الوجبات,حي العليا,مطعم ثري لتقديم الوجبات - حي العليا,وسط الرياض,قطاع,القطاع وسط الرياض,True,False,لا يوجد,,0,,,False,none,,1,False
Data 2025.xlsx,10384,2025-11-22,2025-11,2025-W47,4,5,cho-0100-r01,cho-0100-R01,صوص شوكليت,الشوكولاته (Chocolate),Chocolate,الشوكولاته (Chocolate),sweets_bakery,مطعم ثري لتقديم الوجبات - حي العليا,مطعم ثري لتقديم الوجبات,حي العليا,مطعم ثري لتقديم الوجبات - حي العليا,وسط الرياض,قطاع,القطاع وسط الرياض,True,False,لا يوجد,,0,,,False,none,,3,True
Data 2025.xlsx,10420,2025-11-22,2025-11,2025-W47,4,5,cho-0101-r01,cho-0101-R01,كيك شوكليت,الشوكولاته (Chocolate),Chocolate,الشوكولاته (Chocolate),sweets_bakery,مصدر الكافيين - شارع العليا العام,مصدر الكافيين,شارع العليا العام,مصدر الكافيين - شارع العليا العام,العليا,بلدية,بلدية العليا,False,True,العد الكلي للبكتيريا,العد الكلي للبكتيريا,1,,العد الكلي للبكتيريا,False,indicator_only,,6,True
Data 2025.xlsx,10415,2025-11-22,2025-11,2025-W47,4,5,ck-0142-r01,ck-0142-R01,كيك عسل,كيك (cake),cake,كيك (cake),sweets_bakery,مصدر الكافيين - شارع العليا العام,مصدر الكافيين,شارع العليا العام,مصدر الكافيين - شارع العليا العام,العليا,بلدية,بلدية العليا,False,True,العد الكلي للبكتيريا,العد الكلي للبكتيريا,1,,العد الكلي للبكتيريا,False,indicator_only,,4,True
Data 2025.xlsx,10416,2025-11-22,2025-11,2025-W47,4,5,ck-0143-r01,ck-0143-R01,كيك تشيز مقلوبة,كيك (cake),cake,كيك (cake),sweets_bakery,مصدر الكافيين - شارع العليا العام,مصدر الكافيين,شارع العليا العام,مصدر الكافيين - شارع العليا العام,العليا,بلدية,بلدية العليا,True,False,لا يوجد,,0,,,False,none,,4,True
Data 2025.xlsx,10417,2025-11-22,2025-11,2025-W47,4,5,ck-0144-r01,ck-0144-R01,كيك سباستيان,كيك (cake),cake,كيك (cake),sweets_bakery,مصدر الكافيين - شارع العليا العام,مصدر الكافيين,شارع العليا العام,مصدر الكافيين - شارع العليا العام,العليا,بلدية,بلدية العليا,True,False,لا يوجد,,0,,,False,none,,4,True
Data 2025.xlsx,10418,2025-11-22,2025-11,2025-W47,4,5,ck-0145-r01,ck-0145-R01,تشيز كيك تراميسو,كيك (cake),cake,كيك (cake),sweets_bakery,مصدر الكافيين - شارع العليا العام,مصدر الكافيين,شارع العليا العام,مصدر الكافيين - شارع العليا العام,العليا,بلدية,بلدية العليا,True,False,لا يوجد,,0,,,False,none,,4,True
Data 2025.xlsx,10419,2025-11-22,2025-11,2025-W47,4,5,ck-0146-r01,ck-0146-R01,كيك كوكونت رز بيري,كيك (cake),cake,كيك (cake),sweets_bakery,مصدر الكافيين - شارع العليا العام,مصدر الكافيين,شارع العليا العام,مصدر الكافيين - شارع العليا العام,العليا,بلدية,بلدية العليا,False,True,العد الكلي للبكتيريا,العد الكلي للبكتيريا,1,,العد الكلي للبكتيريا,False,indicator_only,,5,True
Data 2025.xlsx,10378,2025-11-22,2025-11,2025-W47,4,5,coff-1051-r01,Coff-1051-R01,مشروب ايس كافي,القهوة ومشتقاتها (Coffee and derivatives),Coffee and derivatives,القهوة ومشتقاتها (Coffee and derivatives),beverage,مطعم ثري لتقديم الوجبات - حي العليا,مطعم ثري لتقديم الوجبات,حي العليا,مطعم ثري لتقديم الوجبات - حي العليا,وسط الرياض,قطاع,القطاع وسط الرياض,True,False,لا يوجد,,0,,,False,none,,2,True
Data 2025.xlsx,10421,2025-11-22,2025-11,2025-W47,4,5,fi-0009-r01,fi-0009-R01,سلطة تونة مع مايونيز,أسماك مدخنة (smoked fish ),smoked fish,أسماك مدخنة (smoked fish ),cooked_meat_poultry,مصدر الكافيين - شارع العليا العام,مصدر الكافيين,شارع العليا العام,مصدر الكافيين - شارع العليا العام,العليا,بلدية,بلدية العليا,True,False,لا يوجد,,0,,,False,none,,6,True
Data 2025.xlsx,10379,2025-11-22,2025-11,2025-W47,4,5,fl-0019-r01,fl-0019-R01,نكهة فراولة,شراب بنكهة و مركزاتها ( flavoured drink & its concentrates ),flavoured drink & its concentrates,شراب بنكهة و مركزاتها ( flavoured drink & its concentrates ),sauce_condiment,مطعم ثري لتقديم الوجبات - حي العليا,مطعم ثري لتقديم الوجبات,حي العليا,مطعم ثري لتقديم الوجبات - حي العليا,وسط الرياض,قطاع,القطاع وسط الرياض,True,False,لا يوجد,,0,,,False,none,,2,True
Data 2025.xlsx,10380,2025-11-22,2025-11,2025-W47,4,5,fl-0020-r01,fl-0020-R01,نكهة فانيلا,شراب بنكهة و مركزاتها ( flavoured drink & its concentrates ),flavoured drink & its concentrates,شراب بنكهة و مركزاتها ( flavoured drink & its concentrates ),sauce_condiment,مطعم ثري لتقديم الوجبات - حي العليا,مطعم ثري لتقديم الوجبات,حي العليا,مطعم ثري لتقديم الوجبات - حي العليا,وسط الرياض,قطاع,القطاع وسط الرياض,False,True,خمائر,الخمائر والاعفان,1,,الخمائر والاعفان,False,indicator_only,,3,True
Data 2025.xlsx,10381,2025-11-22,2025-11,2025-W47,4,5,fl-0021-r01,fl-0021-R01,نكهة باشن فروت,شراب بنكهة و مركزاتها ( flavoured drink & its concentrates ),flavoured drink & its concentrates,شراب بنكهة و مركزاتها ( flavoured drink & its concentrates ),sauce_condiment,مطعم ثري لتقديم الوجبات - حي العليا,مطعم ثري لتقديم الوجبات,حي العليا,مطعم ثري لتقديم الوجبات - حي العليا,وسط الرياض,قطاع,القطاع وسط الرياض,True,False,لا يوجد,,0,,,False,none,,3,True
Data 2025.xlsx,10382,2025-11-22,2025-11,2025-W47,4,5,fl-0022-r01,fl-0022-R01,نكهة بلو بيري,شراب بنكهة و مركزاتها ( flavoured drink & its concentrates ),flavoured drink & its concentrates,شراب بنكهة و مركزاتها ( flavoured drink & its concentrates ),sauce_condiment,مطعم ثري لتقديم الوجبات - حي العليا,مطعم ثري لتقديم الوجبات,حي العليا,مطعم ثري لتقديم الوجبات - حي العليا,وسط الرياض,قطاع,القطاع وسط الرياض,True,False,لا يوجد,,0,,,False,none,,3,True
Data 2025.xlsx,10383,2025-11-22,2025-11,2025-W47,4,5,fl-0023-r01,fl-0023-R01,نكهة كركدية,شراب بنكهة و مركزاتها ( flavoured drink & its concentrates ),flavoured drink & its concentrates,شراب بنكهة و مركزاتها ( flavoured drink & its concentrates ),sauce_condiment,مطعم ثري لتقديم الوجبات - حي العليا,مطعم ثري لتقديم الوجبات,حي العليا,مطعم ثري لتقديم الوجبات - حي العليا,وسط الرياض,قطاع,القطاع وسط الرياض,True,False,لا يوجد,,0,,,False,none,,3,True
Data 2025.xlsx,10403,2025-11-22,2025-11,2025-W47,4,5,fl-0024-r01,fl-0024-R01,نكهة فانيلا,شراب بنكهة و مركزاتها ( flavoured drink & its concentrates ),flavoured drink & its concentrates,شراب بنكهة و مركزاتها ( flavoured drink & its concentrates ),sauce_condiment,مصدر الكافيين - شارع العليا العام,مصدر الكافيين,شارع العليا العام,مصدر الكافيين - شارع العليا العام,العليا,بلدية,بلدية العليا,True,False,لا يوجد,,0,,,False,none,,0,False
Data 2025.xlsx,10405,2025-11-22,2025-11,2025-W47,4,5,fl-0025-r01,fl-0025-R01,نكهة كراميل,شراب بنكهة و مركزاتها ( flavoured drink & its concentrates ),flavoured drink & its concentrates,شراب بنكهة و مركزاتها ( flavoured drink & its concentrates ),sauce_condiment,مصدر الكافيين - شارع العليا العام,مصدر الكافيين,شارع العليا العام,مصدر الكافيين - شارع العليا العام,العليا,بلدية,بلدية العليا,True,False,لا يوجد,,0,,,False,none,,1,False
Data 2025.xlsx,10377,2025-11-22,2025-11,2025-W47,4,5,he-0004-r01,he-0004-R01,مشروب كركدية,الأعشاب المجففة (Dried herbs ),Dried herbs,الأعشاب المجففة (Dried herbs ),produce,مطعم ثري لتقديم الوجبات - حي العليا,مطعم ثري لتقديم الوجبات,حي العليا,مطعم ثري لتقديم الوجبات - حي العليا,وسط الرياض,قطاع,القطاع وسط الرياض,False,True,العد الكلي للبكتيريا,العد الكلي للبكتيريا,1,,العد الكلي للبكتيريا,False,indicator_only,,2,True
Data 2025.xlsx,10409,2025-11-22,2025-11,2025-W47,4,5,he-0005-r01,he-0005-R01,مشروب كركدية,الأعشاب المجففة (Dried herbs ),Dried herbs,الأعشاب المجففة (Dried herbs ),produce,مصدر الكافيين - شارع العليا العام,مصدر الكافيين,شارع العليا العام,مصدر الكافيين - شارع العليا العام,العليا,بلدية,بلدية العليا,False,True,الخمائر والاعفان,الخمائر والاعفان,1,,الخمائر والاعفان,False,indicator_only,,2,True
Data 2025.xlsx,10404,2025-11-22,2025-11,2025-W47,4,5,mo-0005-r01,mo-0005-R01,صوص شيرة,"المولاس بانواعه - الدبس - كتل السكر البنية (Molasses, debs ( date syrup ), hard brown sugar )",hard brown sugar,"المولاس بانواعه - الدبس - كتل السكر البنية (Molasses, debs ( date syrup ), hard brown sugar )",dairy,مصدر الكافيين - شارع العليا العام,مصدر الكافيين,شارع العليا العام,مصدر الكافيين - شارع العليا العام,العليا,بلدية,بلدية العليا,False,True,الخمائر والاعفان,الخمائر والاعفان,1,,الخمائر والاعفان,False,indicator_only,,1,False
Data 2025.xlsx,10387,2025-11-22,2025-11,2025-W47,4,5,pi-0123-r01,pi-0123-R01,هلابينو,مخلل الخضروات /الفواكه (Pickled/fermented vegetable / fruits),Pickled/fermented vegetable / fruits,مخلل الخضروات /الفواكه (Pickled/fermented vegetable / fruits),dairy,مطعم ثري لتقديم الوجبات - حي العليا,مطعم ثري لتقديم الوجبات,حي العليا,مطعم ثري لتقديم الوجبات - حي العليا,وسط الرياض,قطاع,القطاع وسط الرياض,True,False,لا يوجد,,0,,,False,none,,4,True
Data 2025.xlsx,10374,2025-11-22,2025-11,2025-W47,4,5,sau-2695-r01,sau-2695-R01,صوص سبانيش,صوص (sauce),sauce,صوص (sauce),sauce_condiment,مطعم ثري لتقديم الوجبات - حي العليا,مطعم ثري لتقديم الوجبات,حي العليا,مطعم ثري لتقديم الوجبات - حي العليا,وسط الرياض,قطاع,القطاع وسط الرياض,True,False,لا يوجد,,0,,,False,none,,0,False
Data 2025.xlsx,10375,2025-11-22,2025-11,2025-W47,4,5,sau-2696-r01,sau-2696-R01,صوص بستاشو,صوص (sauce),sauce,صوص (sauce),sauce_condiment,مطعم ثري لتقديم الوجبات - حي العليا,مطعم ثري لتقديم الوجبات,حي العليا,مطعم ثري لتقديم الوجبات - حي العليا,وسط الرياض,قطاع,القطاع وسط الرياض,False,True,العد الكلي للبكتيريا,العد الكلي للبكتيريا,1,,العد الكلي للبكتيريا,False,indicator_only,,1,False
Data 2025.xlsx,10388,2025-11-22,2025-11,2025-W47,4,5,sau-2697-r01,sau-2697-R01,صوص خردل,صوص (sauce),sauce,صوص (sauce),sauce_condiment,مطعم ثري لتقديم الوجبات - حي العليا,مطعم ثري لتقديم الوجبات,حي العليا,مطعم ثري لتقديم الوجبات - حي العليا,وسط الرياض,قطاع,القطاع وسط الرياض,True,False,لا يوجد,,0,,,False,none,,4,True
Data 2025.xlsx,10389,2025-11-22,2025-11,2025-W47,4,5,sau-2698-r01,sau-2698-R01,صوص بودينق حلا,صوص (sauce),sauce,صوص (sauce),sauce_condiment,مطعم ثري لتقديم الوجبات - حي العليا,مطعم ثري لتقديم الوجبات,حي العليا,مطعم ثري لتقديم الوجبات - حي العليا,وسط الرياض,قطاع,القطاع وسط الرياض,False,True,انتيروباكتريسي,انتيروباكتريسي,1,,انتيروباكتريسي,False,indicator_only,,5,True
Data 2025.xlsx,10400,2025-11-22,2025-11,2025-W47,4,5,sau-2699-r01,sau-2699-R01,صوص توت ازرق,صوص (sauce),sauce,صوص (sauce),sauce_condiment,مصدر الكافيين - شارع العليا العام,مصدر الكافيين,شارع العليا العام,مصدر الكافيين - شارع العليا العام,العليا,بلدية,بلدية العليا,True,False,لا يوجد,,0,,,False,none,,0,False
Data 2025.xlsx,10401,2025-11-22,2025-11,2025-W47,4,5,sau-2700-r01,sau-2700-R01,صوص مانجا,صوص (sauce),sauce,صوص (sauce),sauce_condiment,مصدر الكافيين - شارع العليا العام,مصدر الكافيين,شارع العليا العام,مصدر الكافيين - شارع العليا العام,العليا,بلدية,بلدية العليا,True,False,لا يوجد,,0,,,False,none,,0,False
Data 2025.xlsx,10402,2025-11-22,2025-11,2025-W47,4,5,sau-2701-r01,sau-2701-R01,صوص باشن فروت,صوص (sauce),sauce,صوص (sauce),sauce_condiment,مصدر الكافيين - شارع العليا العام,مصدر الكافيين,شارع العليا العام,مصدر الكافيين - شارع العليا العام,العليا,بلدية,بلدية العليا,True,False,لا يوجد,,0,,,False,none,,0,False
Data 2025.xlsx,10406,2025-11-22,2025-11,2025-W47,4,5,sau-2702-r01,sau-2702-R01,صوص بستاشو,صوص (sauce),sauce,صوص (sauce),sauce_condiment,مصدر الكافيين - شارع العليا العام,مصدر الكافيين,شارع العليا العام,مصدر الكافيين - شارع العليا العام,العليا,بلدية,بلدية العليا,True,False,لا يوجد,,0,,,False,none,,1,False
Data 2025.xlsx,10407,2025-11-22,2025-11,2025-W47,4,5,sau-2703-r01,sau-2703-R01,صوص كراميل,صوص (sauce),sauce,صوص (sauce),sauce_condiment,مصدر الكافيين - شارع العليا العام,مصدر الكافيين,شارع العليا العام,مصدر الكافيين - شارع العليا العام,العليا,بلدية,بلدية العليا,True,False,لا يوجد,,0,,,False,none,,1,False
Data 2025.xlsx,10408,2025-11-22,2025-11,2025-W47,4,5,sau-2704-r01,sau-2704-R01,صوص سبانش,صوص (sauce),sauce,صوص (sauce),sauce_condiment,مصدر الكافيين - شارع العليا العام,مصدر الكافيين,شارع العليا العام,مصدر الكافيين - شارع العليا العام,العليا,بلدية,بلدية العليا,True,False,لا يوجد,,0,,,False,none,,1,False
Data 2025.xlsx,10422,2025-11-22,2025-11,2025-W47,4,5,sau-2705-r01,sau-2705-R01,صوص سبايسي,صوص (sauce),sauce,صوص (sauce),sauce_condiment,مصدر الكافيين - شارع العليا العام,مصدر الكافيين,شارع العليا العام,مصدر الكافيين - شارع العليا العام,العليا,بلدية,بلدية العليا,False,True,العد الكلي للبكتيريا,العد الكلي للبكتيريا,1,,العد الكلي للبكتيريا,False,indicator_only,,7,True
Data 2025.xlsx,10385,2025-11-22,2025-11,2025-W47,4,5,so-0018-r01,SO-0018-R01,جبن حلوم,(Soft Cheese) جبن طري / جبن سائل,Soft Cheese,(Soft Cheese) جبن طري / جبن سائل,dairy,مطعم ثري لتقديم الوجبات - حي العليا,مطعم ثري لتقديم الوجبات,حي العليا,مطعم ثري لتقديم الوجبات - حي العليا,وسط الرياض,قطاع,القطاع وسط الرياض,False,True,استافيلوكوكس اورياس,استافيلوكوكس اورياس,1,استافيلوكوكس اورياس,,True,pathogen,,4,True
Data 2025.xlsx,10392,2025-11-22,2025-11,2025-W47,4,5,sw-3747-r01,sw-3747-R01,مسحة ثلاجة اعداد,(Swabs) المسحات,Swabs,(Swabs) المسحات,swab,مطعم ثري لتقديم الوجبات - حي العليا,مطعم ثري لتقديم الوجبات,حي العليا,مطعم ثري لتقديم الوجبات - حي العليا,وسط الرياض,قطاع,القطاع وسط الرياض,True,False,لا يوجد,,0,,,False,none,,5,True
Data 2025.xlsx,10393,2025-11-22,2025-11,2025-W47,4,5,sw-3748-r01,sw-3748-R01,مسحة ثلاجة,(Swabs) المسحات,Swabs,(Swabs) المسحات,swab,مطعم ثري لتقديم الوجبات - حي العليا,مطعم ثري لتقديم الوجبات,حي العليا,مطعم ثري لتقديم الوجبات - حي العليا,وسط الرياض,قطاع,القطاع وسط الرياض,True,False,لا يوجد,,0,,,False,none,,5,True
Data 2025.xlsx,10394,2025-11-22,2025-11,2025-W47,4,5,sw-3749-r01,sw-3749-R01,مسحة ثلاجة,(Swabs) المسحات,Swabs,(Swabs) المسحات,swab,مطعم ثري لتقديم الوجبات - حي العليا,مطعم ثري لتقديم الوجبات,حي العليا,مطعم ثري لتقديم الوجبات - حي العليا,وسط الرياض,قطاع,القطاع وسط الرياض,True,False,لا يوجد,,0,,,False,none,,5,True
Data 2025.xlsx,10395,2025-11-22,2025-11,2025-W47,4,5,sw-3750-r01,sw-3750-R01,مسحة ثلاجة,(Swabs) المسحات,Swabs,(Swabs) المسحات,swab,مطعم ثري لتقديم الوجبات - حي العليا,مطعم ثري لتقديم الوجبات,حي العليا,مطعم ثري لتقديم الوجبات - حي العليا,وسط الرياض,قطاع,القطاع وسط الرياض,True,False,لا يوجد,,0,,,False,none,,5,True
Data 2025.xlsx,10396,2025-11-22,2025-11,2025-W47,4,5,sw-3751-r01,sw-3751-R01,مسحة ثلاجة,(Swabs) المسحات,Swabs,(Swabs) المسحات,swab,مطعم ثري لتقديم الوجبات - حي العليا,مطعم ثري لتقديم الوجبات,حي العليا,مطعم ثري لتقديم الوجبات - حي العليا,وسط الرياض,قطاع,القطاع وسط الرياض,True,False,لا يوجد,,0,,,False,none,,5,True
Data 2025.xlsx,10397,2025-11-22,2025-11,2025-W47,4,5,sw-3752-r01,sw-3752-R01,مسحة طاولة تقطيع مخبوزات,(Swabs) المسحات,Swabs,(Swabs) المسحات,swab,مطعم ثري لتقديم الوجبات - حي العليا,مطعم ثري لتقديم الوجبات,حي العليا,مطعم ثري لتقديم الوجبات - حي العليا,وسط الرياض,قطاع,القطاع وسط الرياض,True,False,لا يوجد,,0,,,False,none,,5,True
Data 2025.xlsx,10398,2025-11-22,2025-11,2025-W47,4,5,sw-3753-r01,sw-3753-R01,مسحة صانعة ثلج,(Swabs) المسحات,Swabs,(Swabs) المسحات,swab,مطعم ثري لتقديم الوجبات - حي العليا,مطعم ثري لتقديم الوجبات,حي العليا,مطعم ثري لتقديم الوجبات - حي العليا,وسط الرياض,قطاع,القطاع وسط الرياض,True,False,لا يوجد,,0,,,False,none,,5,True
Data 2025.xlsx,10399,2025-11-22,2025-11,2025-W47,4,5,sw-3754-r01,sw-3754-R01,مسحة صانعة ثلج,(Swabs) المسحات,Swabs,(Swabs) المسحات,swab,مطعم ثري لتقديم الوجبات - حي العليا,مطعم ثري لتقديم الوجبات,حي العليا,مطعم ثري لتقديم الوجبات - حي العليا,وسط الرياض,قطاع,القطاع وسط الرياض,True,False,لا يوجد,,0,,,False,none,,5,True
Data 2025.xlsx,10424,2025-11-22,2025-11,2025-W47,4,5,sw-3755-r01,sw-3755-R01,مسحة ثلاجة,(Swabs) المسحات,Swabs,(Swabs) المسحات,swab,مصدر الكافيين - شارع العليا العام,مصدر الكافيين,شارع العليا العام,مصدر الكافيين - شارع العليا العام,العليا,بلدية,بلدية العليا,True,False,لا يوجد,,0,,,False,none,,7,True
Data 2025.xlsx,10425,2025-11-22,2025-11,2025-W47,4,5,sw-3756-r01,sw-3756-R01,مسحة صانعة ثلج,(Swabs) المسحات,Swabs,(Swabs) المسحات,swab,مصدر الكافيين - شارع العليا العام,مصدر الكافيين,شارع العليا العام,مصدر الكافيين - شارع العليا العام,العليا,بلدية,بلدية العليا,True,False,لا يوجد,,0,,,False,none,,7,True
Data 2025.xlsx,10426,2025-11-22,2025-11,2025-W47,4,5,sw-3757-r01,sw-3757-R01,مسحة حافظة كروسان,(Swabs) المسحات,Swabs,(Swabs) المسحات,swab,مصدر الكافيين - شارع العليا العام,مصدر الكافيين,شارع العليا العام,مصدر الكافيين - شارع العليا العام,العليا,بلدية,بلدية العليا,True,False,لا يوجد,,0,,,False,none,,7,True
Data 2025.xlsx,10390,2025-11-22,2025-11,2025-W47,4,5,sweet-1548-r01,sweet-1548-R01,تشيز كيك مدريد,الحلا(sweetness),sweetness,الحلا(sweetness),sweets_bakery,مطعم ثري لتقديم الوجبات - حي العليا,مطعم ثري لتقديم الوجبات,حي العليا,مطعم ثري لتقديم الوجبات - حي العليا,وسط الرياض,قطاع,القطاع وسط الرياض,True,False,لا يوجد,,0,,,False,none,,5,True
Data 2025.xlsx,10391,2025-11-22,2025-11,2025-W47,4,5,sweet-1549-r01,sweet-1549-R01,تشيز كيك فراولة,الحلا(sweetness),sweetness,الحلا(sweetness),sweets_bakery,مطعم ثري لتقديم الوجبات - حي العليا,مطعم ثري لتقديم الوجبات,حي العليا,مطعم ثري لتقديم الوجبات - حي العليا,وسط الرياض,قطاع,القطاع وسط الرياض,True,False,لا يوجد,,0,,,False,none,,5,True
Data 2025.xlsx,10410,2025-11-22,2025-11,2025-W47,4,5,tea-0016-r01,tea-0016-R01,مشروب ايس تي,جميع أنواع الشاي (All types of tea),All types of tea,جميع أنواع الشاي (All types of tea),beverage,مصدر الكافيين - شارع العليا العام,مصدر الكافيين,شارع العليا العام,مصدر الكافيين - شارع العليا العام,العليا,بلدية,بلدية العليا,True,False,لا يوجد,,0,,,False,none,,2,True
Data 2025.xlsx,10386,2025-11-22,2025-11,2025-W47,4,5,to-0009-r01,to-0009-R01,طماطم مجفف,جميع أنواع منتجات الطماطم (All kinds of tomato products),All kinds of tomato products,جميع أنواع منتجات الطماطم (All kinds of tomato products),produce,مطعم ثري لتقديم الوجبات - حي العليا,مطعم ثري لتقديم الوجبات,حي العليا,مطعم ثري لتقديم الوجبات - حي العليا,وسط الرياض,قطاع,القطاع وسط الرياض,True,False,لا يوجد,,0,,,False,none,,4,True
Data 2025.xlsx,10427,2025-11-22,2025-11,2025-W47,4,5,ubot-1169-r01,Ubot-1169-R01,مياه فلتر اعداد القهوة,المياه الغير معبأة (Unbottled water),Unbottled water,المياه الغير المعبأة (Unbottled water),water,مصدر الكافيين - شارع العليا العام,مصدر الكافيين,شارع العليا العام,مصدر الكافيين - شارع العليا العام,العليا,بلدية,بلدية العليا,True,False,لا يوجد,,0,,,False,none,category_merged_to_canonical,7,True
Data 2025.xlsx,10423,2025-11-22,2025-11,2025-W47,4,5,ve-0004-r01,ve-0004-R01,قطع مانجا,خضروات / فواكه مجمدة Frozen vegetables and frozen fruits,Frozen vegetables and frozen fruits,خضروات / فواكه مجمدة Frozen vegetables and frozen fruits,produce,مصدر الكافيين - شارع العليا العام,مصدر الكافيين,شارع العليا العام,مصدر الكافيين - شارع العليا العام,العليا,بلدية,بلدية العليا,True,False,لا يوجد,,0,,,False,none,,7,True
Data 2025.xlsx,10465,2025-11-23,2025-11,2025-W47,4,6,1-3768-R01,1-3768-R01,فطيرة دنيش لبنة رمان زعتر,(Pie) فطيرة,Pie,(Pie) فطيرة,sweets_bakery,ايليون - حي العليا,ايليون,حي العليا,ايليون - حي العليا,العليا,بلدية,بلدية العليا,True,False,لا يوجد,,0,,,False,none,,5,True
Data 2025.xlsx,10466,2025-11-23,2025-11,2025-W47,4,6,1-3769-R01,1-3769-R01,فطيرة دنيش جبن طيب مع زيت زيتون,(Pie) فطيرة,Pie,(Pie) فطيرة,sweets_bakery,ايليون - حي العليا,ايليون,حي العليا,ايليون - حي العليا,العليا,بلدية,بلدية العليا,True,False,لا يوجد,,0,,,False,none,,5,True
Data 2025.xlsx,10476,2025-11-23,2025-11,2025-W47,4,6,1-3770-R01,1-3770-R01,كريمة فراولة,(cream) قشطة,cream,(cream) كريمة,dairy,شمس الغذاء - حي العليا,شمس الغذاء,حي العليا,شمس الغذاء - حي العليا,العليا,بلدية,بلدية العليا,True,False,لا يوجد,,0,,,False,none,category_merged_to_canonical,2,True
Data 2025.xlsx,10446,2025-11-23,2025-11,2025-W47,4,6,ca-0081-r01,ca-0081-R01,برواني كيك,الكعك ومنتجات المخابز الجاهزة للاكل بدون تسخين (Cakes and bakery products ready to eat ),Cakes and bakery products ready to eat,الكعك ومنتجات المخابز الجاهزة للاكل بدون تسخين (Cakes and bakery products ready to eat ),sweets_bakery,ايليون - حي العليا,ايليون,حي العليا,ايليون - حي العليا,العليا,بلدية,بلدية العليا,True,False,لا يوجد,,0,,,False,none,,4,True
Data 2025.xlsx,10447,2025-11-23,2025-11,2025-W47,4,6,ca-0082-r01,ca-0082-R01,كيكة تارت توت,الكعك ومنتجات المخابز الجاهزة للاكل بدون تسخين (Cakes and bakery products ready to eat ),Cakes and bakery products ready to eat,الكعك ومنتجات المخابز الجاهزة للاكل بدون تسخين (Cakes and bakery products ready to eat ),sweets_bakery,ايليون - حي العليا,ايليون,حي العليا,ايليون - حي العليا,العليا,بلدية,بلدية العليا,True,False,لا يوجد,,0,,,False,none,,4,True
Data 2025.xlsx,10467,2025-11-23,2025-11,2025-W47,4,6,ca-0083-r01,ca-0083-R01,كروسان شيدر,الكعك ومنتجات المخابز الجاهزة للاكل بدون تسخين (Cakes and bakery products ready to eat ),Cakes and bakery products ready to eat,الكعك ومنتجات المخابز الجاهزة للاكل بدون تسخين (Cakes and bakery products ready to eat ),sweets_bakery,ايليون - حي العليا,ايليون,حي العليا,ايليون - حي العليا,العليا,بلدية,بلدية العليا,True,False,لا يوجد,,0,,,False,none,,5,True
Data 2025.xlsx,10443,2025-11-23,2025-11,2025-W47,4,6,cho-0102-r01,cho-0102-R01,صوص شوكليت,الشوكولاته (Chocolate),Chocolate,الشوكولاته (Chocolate),sweets_bakery,ايليون - حي العليا,ايليون,حي العليا,ايليون - حي العليا,العليا,بلدية,بلدية العليا,True,False,لا يوجد,,0,,,False,none,,4,True
Data 2025.xlsx,10436,2025-11-23,2025-11,2025-W47,4,6,cho-0103-r01,cho-0103-R01,صوص دارك شوكليت,الشوكولاته (Chocolate),Chocolate,الشوكولاته (Chocolate),sweets_bakery,افاقيKAFFIX - حي العليا,افاقيKAFFIX,حي العليا,افاقيKAFFIX - حي العليا,وسط الرياض,قطاع,القطاع وسط الرياض,True,False,لا يوجد,,0,,,False,none,,3,True
Data 2025.xlsx,10478,2025-11-23,2025-11,2025-W47,4,6,cho-0104-r01,cho-0104-R01,صوص شوكليت بلجيكي,الشوكولاته (Chocolate),Chocolate,الشوكولاته (Chocolate),sweets_bakery,شمس الغذاء - حي العليا,شمس الغذاء,حي العليا,شمس الغذاء - حي العليا,العليا,بلدية,بلدية العليا,True,False,لا يوجد,,0,,,False,none,,2,True
Data 2025.xlsx,10448,2025-11-23,2025-11,2025-W47,4,6,ck-0147-r01,ck-0147-R01,تشيز كيك فراولة,كيك (cake),cake,كيك (cake),sweets_bakery,ايليون - حي العليا,ايليون,حي العليا,ايليون - حي العليا,العليا,بلدية,بلدية العليا,True,False,لا يوجد,,0,,,False,none,,4,True
Data 2025.xlsx,10449,2025-11-23,2025-11,2025-W47,4,6,ck-0148-r01,ck-0148-R01,تشيز كيك كراميل بيكان,كيك (cake),cake,كيك (cake),sweets_bakery,ايليون - حي العليا,ايليون,حي العليا,ايليون - حي العليا,العليا,بلدية,بلدية العليا,True,False,لا يوجد,,0,,,False,none,,4,True
Data 2025.xlsx,10437,2025-11-23,2025-11,2025-W47,4,6,cond-0008-r01,cond-0008-R01,صوص حليب مكثف,الحليب المكثف والحليب المكثف المحلى (condensed and sweeten condensed milk),condensed and sweeten condensed milk,الحليب المكثف والحليب المكثف المحلى (condensed and sweeten condensed milk),dairy,افاقيKAFFIX - حي العليا,افاقيKAFFIX,حي العليا,افاقيKAFFIX - حي العليا,وسط الرياض,قطاع,القطاع وسط الرياض,True,False,لا يوجد,,0,,,False,none,,3,True
Data 2025.xlsx,10473,2025-11-23,2025-11,2025-W47,4,6,cond-0009-r01,cond-0009-R01,صوص نستلة مع حليب,الحليب المكثف والحليب المكثف المحلى (condensed and sweeten condensed milk),condensed and sweeten condensed milk,الحليب المكثف والحليب المكثف المحلى (condensed and sweeten condensed milk),dairy,شمس الغذاء - حي العليا,شمس الغذاء,حي العليا,شمس الغذاء - حي العليا,العليا,بلدية,بلدية العليا,False,True,العد الكلي للبكتيريا,العد الكلي للبكتيريا,1,,العد الكلي للبكتيريا,False,indicator_only,,1,False
Data 2025.xlsx,10428,2025-11-23,2025-11,2025-W47,4,6,fl-0026-r01,fl-0026-R01,نكهة ليمون,شراب بنكهة و مركزاتها ( flavoured drink & its concentrates ),flavoured drink & its concentrates,شراب بنكهة و مركزاتها ( flavoured drink & its concentrates ),sauce_condiment,ايليون - حي العليا,ايليون,حي العليا,ايليون - حي العليا,العليا,بلدية,بلدية العليا,True,False,لا يوجد,,0,,,False,none,,0,False
Data 2025.xlsx,10429,2025-11-23,2025-11,2025-W47,4,6,fl-0027-r01,fl-0027-R01,نكهة فراولة,شراب بنكهة و مركزاتها ( flavoured drink & its concentrates ),flavoured drink & its concentrates,شراب بنكهة و مركزاتها ( flavoured drink & its concentrates ),sauce_condiment,ايليون - حي العليا,ايليون,حي العليا,ايليون - حي العليا,العليا,بلدية,بلدية العليا,False,True,العد الكلي للبكتيريا,العد الكلي للبكتيريا,1,,العد الكلي للبكتيريا,False,indicator_only,,1,False
Data 2025.xlsx,10430,2025-11-23,2025-11,2025-W47,4,6,fl-0028-r01,fl-0028-R01,نكهة خوخ,شراب بنكهة و مركزاتها ( flavoured drink & its concentrates ),flavoured drink & its concentrates,شراب بنكهة و مركزاتها ( flavoured drink & its concentrates ),sauce_condiment,ايليون - حي العليا,ايليون,حي العليا,ايليون - حي العليا,العليا,بلدية,بلدية العليا,False,True,العد الكلي للبكتيريا,العد الكلي للبكتيريا,1,,العد الكلي للبكتيريا,False,indicator_only,,2,True
Data 2025.xlsx,10431,2025-11-23,2025-11,2025-W47,4,6,fl-0029-r01,fl-0029-R01,نكهة اناناس,شراب بنكهة و مركزاتها ( flavoured drink & its concentrates ),flavoured drink & its concentrates,شراب بنكهة و مركزاتها ( flavoured drink & its concentrates ),sauce_condiment,ايليون - حي العليا,ايليون,حي العليا,ايليون - حي العليا,العليا,بلدية,بلدية العليا,False,True,العد الكلي للبكتيريا,العد الكلي للبكتيريا,1,,العد الكلي للبكتيريا,False,indicator_only,,3,True
Data 2025.xlsx,10440,2025-11-23,2025-11,2025-W47,4,6,fl-0030-r01,fl-0030-R01,نكهة فانيلا,شراب بنكهة و مركزاتها ( flavoured drink & its concentrates ),flavoured drink & its concentrates,شراب بنكهة و مركزاتها ( flavoured drink & its concentrates ),sauce_condiment,ايليون - حي العليا,ايليون,حي العليا,ايليون - حي العليا,العليا,بلدية,بلدية العليا,False,True,العد الكلي للبكتيريا,العد الكلي للبكتيريا,1,,العد الكلي للبكتيريا,False,indicator_only,,4,True
Data 2025.xlsx,10432,2025-11-23,2025-11,2025-W47,4,6,fl-0031-r01,fl-0031-R01,نكهة باشن فروت,شراب بنكهة و مركزاتها ( flavoured drink & its concentrates ),flavoured drink & its concentrates,شراب بنكهة و مركزاتها ( flavoured drink & its concentrates ),sauce_condiment,افاقيKAFFIX - حي العليا,افاقيKAFFIX,حي العليا,افاقيKAFFIX - حي العليا,وسط الرياض,قطاع,القطاع وسط الرياض,False,True,الخمائر والاعفان,الخمائر والاعفان,1,,الخمائر والاعفان,False,indicator_only,,1,False
Data 2025.xlsx,10433,2025-11-23,2025-11,2025-W47,4,6,fl-0032-r01,fl-0032-R01,نكهة فراولة,شراب بنكهة و مركزاتها ( flavoured drink & its concentrates ),flavoured drink & its concentrates,شراب بنكهة و مركزاتها ( flavoured drink & its concentrates ),sauce_condiment,افاقيKAFFIX - حي العليا,افاقيKAFFIX,حي العليا,افاقيKAFFIX - حي العليا,وسط الرياض,قطاع,القطاع وسط الرياض,False,True,الخمائر والاعفان,الخمائر والاعفان,1,,الخمائر والاعفان,False,indicator_only,,2,True
Data 2025.xlsx,10434,2025-11-23,2025-11,2025-W47,4,6,fl-0033-r01,fl-0033-R01,نكهة مانجا,شراب بنكهة و مركزاتها ( flavoured drink & its concentrates ),flavoured drink & its concentrates,شراب بنكهة و مركزاتها ( flavoured drink & its concentrates ),sauce_condiment,افاقيKAFFIX - حي العليا,افاقيKAFFIX,حي العليا,افاقيKAFFIX - حي العليا,وسط الرياض,قطاع,القطاع وسط الرياض,False,True,الخمائر والاعفان,الخمائر والاعفان,1,,الخمائر والاعفان,False,indicator_only,,3,True
Data 2025.xlsx,10435,2025-11-23,2025-11,2025-W47,4,6,fl-0034-r01,fl-0034-R01,نكهة نعناع,شراب بنكهة و مركزاتها ( flavoured drink & its concentrates ),flavoured drink & its concentrates,شراب بنكهة و مركزاتها ( flavoured drink & its concentrates ),sauce_condiment,افاقيKAFFIX - حي العليا,افاقيKAFFIX,حي العليا,افاقيKAFFIX - حي العليا,وسط الرياض,قطاع,القطاع وسط الرياض,True,False,لا يوجد,,0,,,False,none,,3,True
Data 2025.xlsx,10459,2025-11-23,2025-11,2025-W47,4,6,fr-0143-r01,fr-0143-R01,بصل مكرمل,فواكه و خضروات طازجة (Fresh fruits and vegetables ),Fresh fruits and vegetables,فواكه و خضروات طازجة (Fresh fruits and vegetables ),produce,ايليون - حي العليا,ايليون,حي العليا,ايليون - حي العليا,العليا,بلدية,بلدية العليا,True,False,لا يوجد,,0,,,False,none,,4,True
Data 2025.xlsx,10460,2025-11-23,2025-11,2025-W47,4,6,fr-0144-r01,fr-0144-R01,حب رمان,فواكه و خضروات طازجة (Fresh fruits and vegetables ),Fresh fruits and vegetables,فواكه و خضروات طازجة (Fresh fruits and vegetables ),produce,ايليون - حي العليا,ايليون,حي العليا,ايليون - حي العليا,العليا,بلدية,بلدية العليا,True,False,لا يوجد,,0,,,False,none,,4,True
Data 2025.xlsx,10472,2025-11-23,2025-11,2025-W47,4,6,he-0006-r01,he-0006-R01,مشروب كركدية,الأعشاب المجففة (Dried herbs ),Dried herbs,الأعشاب المجففة (Dried herbs ),produce,مقهى مخمخه شاي - حي العليا,مقهى مخمخه شاي,حي العليا,مقهى مخمخه شاي - حي العليا,العليا,بلدية,بلدية العليا,False,True,الخمائر والاعفان,الخمائر والاعفان,1,,الخمائر والاعفان,False,indicator_only,,1,False
Data 2025.xlsx,10475,2025-11-23,2025-11,2025-W47,4,6,he-0007-r01,he-0007-R01,مشروب كركدية,الأعشاب المجففة (Dried herbs ),Dried herbs,الأعشاب المجففة (Dried herbs ),produce,شمس الغذاء - حي العليا,شمس الغذاء,حي العليا,شمس الغذاء - حي العليا,العليا,بلدية,بلدية العليا,False,True,الخمائر والاعفان,الخمائر والاعفان,1,,الخمائر والاعفان,False,indicator_only,,2,True
Data 2025.xlsx,10470,2025-11-23,2025-11,2025-W47,4,6,he-0010-r01-a,he-0010-R01,مشروب كركدية,(Swabs) المسحات,Swabs,(Swabs) المسحات,swab,افاقيKAFFIX - حي العليا,افاقيKAFFIX,حي العليا,افاقيKAFFIX - حي العليا,وسط الرياض,قطاع,القطاع وسط الرياض,True,False,لا يوجد,,0,,,False,none,sample_id_collision,3,True
Data 2025.xlsx,10615,2025-11-23,2025-11,2025-W47,4,6,he-0010-r01-b,he-0010-R01,مشروب كركدية,الأعشاب المجففة (Dried herbs ),Dried herbs,الأعشاب المجففة (Dried herbs ),produce,افاقيKAFFIX - حي العليا,افاقيKAFFIX,حي العليا,افاقيKAFFIX - حي العليا,وسط الرياض,قطاع,القطاع وسط الرياض,True,False,لا يوجد,,0,,,False,none,sample_id_collision,3,True
Data 2025.xlsx,10451,2025-11-23,2025-11,2025-W47,4,6,ho-0258-r01,ho-0258-R01,عسل,(Honey) عسل النحل,Honey,(Honey) عسل النحل,sweets_bakery,ايليون - حي العليا,ايليون,حي العليا,ايليون - حي العليا,العليا,بلدية,بلدية العليا,True,False,لا يوجد,,0,,,False,none,,4,True
Data 2025.xlsx,10450,2025-11-23,2025-11,2025-W47,4,6,mo-0006-r01,mo-0006-R01,دبس رمان,"المولاس بانواعه - الدبس - كتل السكر البنية (Molasses, debs ( date syrup ), hard brown sugar )",hard brown sugar,"المولاس بانواعه - الدبس - كتل السكر البنية (Molasses, debs ( date syrup ), hard brown sugar )",dairy,ايليون - حي العليا,ايليون,حي العليا,ايليون - حي العليا,العليا,بلدية,بلدية العليا,True,False,لا يوجد,,0,,,False,none,,4,True
Data 2025.xlsx,10461,2025-11-23,2025-11,2025-W47,4,6,mo-0007-r01,mo-0007-R01,دبس فليفلة,"المولاس بانواعه - الدبس - كتل السكر البنية (Molasses, debs ( date syrup ), hard brown sugar )",hard brown sugar,"المولاس بانواعه - الدبس - كتل السكر البنية (Molasses, debs ( date syrup ), hard brown sugar )",dairy,ايليون - حي العليا,ايليون,حي العليا,ايليون - حي العليا,العليا,بلدية,بلدية العليا,True,False,لا يوجد,,0,,,False,none,,4,True
Data 2025.xlsx,10438,2025-11-23,2025-11,2025-W47,4,6,mo-0008-r01,mo-0008-R01,صوص كراميل,"المولاس بانواعه - الدبس - كتل السكر البنية (Molasses, debs ( date syrup ), hard brown sugar )",hard brown sugar,"المولاس بانواعه - الدبس - كتل السكر البنية (Molasses, debs ( date syrup ), hard brown sugar )",dairy,افاقيKAFFIX - حي العليا,افاقيKAFFIX,حي العليا,افاقيKAFFIX - حي العليا,وسط الرياض,قطاع,القطاع وسط الرياض,True,False,لا يوجد,,0,,,False,none,,3,True
Data 2025.xlsx,10477,2025-11-23,2025-11,2025-W47,4,6,mo-0009-r01,mo-0009-R01,صوص كراميل,"المولاس بانواعه - الدبس - كتل السكر البنية (Molasses, debs ( date syrup ), hard brown sugar )",hard brown sugar,"المولاس بانواعه - الدبس - كتل السكر البنية (Molasses, debs ( date syrup ), hard brown sugar )",dairy,شمس الغذاء - حي العليا,شمس الغذاء,حي العليا,شمس الغذاء - حي العليا,العليا,بلدية,بلدية العليا,True,False,لا يوجد,,0,,,False,none,,2,True
Data 2025.xlsx,10462,2025-11-23,2025-11,2025-W47,4,6,pi-0124-r01,pi-0124-R01,مخلل بصل,مخلل الخضروات /الفواكه (Pickled/fermented vegetable / fruits),Pickled/fermented vegetable / fruits,مخلل الخضروات /الفواكه (Pickled/fermented vegetable / fruits),dairy,ايليون - حي العليا,ايليون,حي العليا,ايليون - حي العليا,العليا,بلدية,بلدية العليا,False,True,خمائر,الخمائر والاعفان,1,,الخمائر والاعفان,False,indicator_only,,5,True
Data 2025.xlsx,10463,2025-11-23,2025-11,2025-W47,4,6,pi-0125-r01,pi-0125-R01,مخلل خيار,مخلل الخضروات /الفواكه (Pickled/fermented vegetable / fruits),Pickled/fermented vegetable / fruits,مخلل الخضروات /الفواكه (Pickled/fermented vegetable / fruits),dairy,ايليون - حي العليا,ايليون,حي العليا,ايليون - حي العليا,العليا,بلدية,بلدية العليا,True,False,لا يوجد,,0,,,False,none,,5,True
Data 2025.xlsx,10464,2025-11-23,2025-11,2025-W47,4,6,pi-0126-r01,pi-0126-R01,زيتون كالاماتا,مخلل الخضروات /الفواكه (Pickled/fermented vegetable / fruits),Pickled/fermented vegetable / fruits,مخلل الخضروات /الفواكه (Pickled/fermented vegetable / fruits),dairy,ايليون - حي العليا,ايليون,حي العليا,ايليون - حي العليا,العليا,بلدية,بلدية العليا,True,False,لا يوجد,,0,,,False,none,,5,True
Data 2025.xlsx,10481,2025-11-23,2025-11,2025-W47,4,6,sa-0928-r01,sa-0928-R01,سلطة تونة,اطعمة جاهزة للأكل Ready to eat meals,Ready to eat meals,اطعمة جاهزة للأكل Ready to eat meals,prepared_meal,شمس الغذاء - حي العليا,شمس الغذاء,حي العليا,شمس الغذاء - حي العليا,العليا,بلدية,بلدية العليا,True,False,لا يوجد,,0,,,False,none,,3,True
Data 2025.xlsx,10441,2025-11-23,2025-11,2025-W47,4,6,sau-2706-r01,sau-2706-R01,صوص باشن فروت,صوص (sauce),sauce,صوص (sauce),sauce_condiment,ايليون - حي العليا,ايليون,حي العليا,ايليون - حي العليا,العليا,بلدية,بلدية العليا,True,False,لا يوجد,,0,,,False,none,,4,True
Data 2025.xlsx,10442,2025-11-23,2025-11,2025-W47,4,6,sau-2707-r01,sau-2707-R01,صوص مانجا,صوص (sauce),sauce,صوص (sauce),sauce_condiment,ايليون - حي العليا,ايليون,حي العليا,ايليون - حي العليا,العليا,بلدية,بلدية العليا,True,False,لا يوجد,,0,,,False,none,,4,True
Data 2025.xlsx,10444,2025-11-23,2025-11,2025-W47,4,6,sau-2708-r01,sau-2708-R01,صوص كيندر,صوص (sauce),sauce,صوص (sauce),sauce_condiment,ايليون - حي العليا,ايليون,حي العليا,ايليون - حي العليا,العليا,بلدية,بلدية العليا,True,False,لا يوجد,,0,,,False,none,,4,True
Data 2025.xlsx,10445,2025-11-23,2025-11,2025-W47,4,6,sau-2709-r01,sau-2709-R01,صوص بستاشو,صوص (sauce),sauce,صوص (sauce),sauce_condiment,ايليون - حي العليا,ايليون,حي العليا,ايليون - حي العليا,العليا,بلدية,بلدية العليا,True,False,لا يوجد,,0,,,False,none,,4,True
Data 2025.xlsx,10452,2025-11-23,2025-11,2025-W47,4,6,sau-2710-r01,sau-2710-R01,صوص ليمون,صوص (sauce),sauce,صوص (sauce),sauce_condiment,ايليون - حي العليا,ايليون,حي العليا,ايليون - حي العليا,العليا,بلدية,بلدية العليا,True,False,لا يوجد,,0,,,False,none,,4,True
Data 2025.xlsx,10453,2025-11-23,2025-11,2025-W47,4,6,sau-2711-r01,sau-2711-R01,زيت تربل,صوص (sauce),sauce,صوص (sauce),sauce_condiment,ايليون - حي العليا,ايليون,حي العليا,ايليون - حي العليا,العليا,بلدية,بلدية العليا,True,False,لا يوجد,,0,,,False,none,,4,True
Data 2025.xlsx,10454,2025-11-23,2025-11,2025-W47,4,6,sau-2712-r01,sau-2712-R01,صوص بلسميك,صوص (sauce),sauce,صوص (sauce),sauce_condiment,ايليون - حي العليا,ايليون,حي العليا,ايليون - حي العليا,العليا,بلدية,بلدية العليا,True,False,لا يوجد,,0,,,False,none,,4,True
Data 2025.xlsx,10455,2025-11-23,2025-11,2025-W47,4,6,sau-2713-r01,sau-2713-R01,صوص شيبوتلي,صوص (sauce),sauce,صوص (sauce),sauce_condiment,ايليون - حي العليا,ايليون,حي العليا,ايليون - حي العليا,العليا,بلدية,بلدية العليا,True,False,لا يوجد,,0,,,False,none,,4,True
Data 2025.xlsx,10456,2025-11-23,2025-11,2025-W47,4,6,sau-2714-r01,sau-2714-R01,صوص باربكيو,صوص (sauce),sauce,صوص (sauce),sauce_condiment,ايليون - حي العليا,ايليون,حي العليا,ايليون - حي العليا,العليا,بلدية,بلدية العليا,True,False,لا يوجد,,0,,,False,none,,4,True
Data 2025.xlsx,10458,2025-11-23,2025-11,2025-W47,4,6,sau-2715-r01,sau-2715-R01,صوص ديناميت,صوص (sauce),sauce,صوص (sauce),sauce_condiment,ايليون - حي العليا,ايليون,حي العليا,ايليون - حي العليا,العليا,بلدية,بلدية العليا,True,False,لا يوجد,,0,,,False,none,,4,True
Data 2025.xlsx,10479,2025-11-23,2025-11,2025-W47,4,6,sau-2716-r01,sau-2716-R01,صوص بيستو,صوص (sauce),sauce,صوص (sauce),sauce_condiment,شمس الغذاء - حي العليا,شمس الغذاء,حي العليا,شمس الغذاء - حي العليا,العليا,بلدية,بلدية العليا,False,True,العد الكلي للبكتيريا | الخمائر والاعفان,العد الكلي للبكتيريا | الخمائر والاعفان,2,,العد الكلي للبكتيريا | الخمائر والاعفان,False,indicator_only,,3,True
Data 2025.xlsx,10482,2025-11-23,2025-11,2025-W47,4,6,sau-2717-r01,sau-2717-R01,صوص مكس بيري,صوص (sauce),sauce,صوص (sauce),sauce_condiment,شمس الغذاء - حي العليا,شمس الغذاء,حي العليا,شمس الغذاء - حي العليا,العليا,بلدية,بلدية العليا,False,True,العد الكلي للبكتيريا,العد الكلي للبكتيريا,1,,العد الكلي للبكتيريا,False,indicator_only,,4,True
Data 2025.xlsx,10480,2025-11-23,2025-11,2025-W47,4,6,see-0005-r01,see-0005-R01,كنافة مع بستاشو,الحلويات العربية (Arabic sweets),Arabic sweets,الحلويات العربية (Arabic sweets),sweets_bakery,شمس الغذاء - حي العليا,شمس الغذاء,حي العليا,شمس الغذاء - حي العليا,العليا,بلدية,بلدية العليا,True,False,لا يوجد,,0,,,False,none,,3,True
Data 2025.xlsx,10468,2025-11-23,2025-11,2025-W47,4,6,sw-3758-r01,sw-3758-R01,مسحة حافطة الكروسان,(Swabs) المسحات,Swabs,(Swabs) المسحات,swab,ايليون - حي العليا,ايليون,حي العليا,ايليون - حي العليا,العليا,بلدية,بلدية العليا,True,False,لا يوجد,,0,,,False,none,,5,True
Data 2025.xlsx,10469,2025-11-23,2025-11,2025-W47,4,6,sw-3759-r01,sw-3759-R01,مسحة صانعة ثلج,(Swabs) المسحات,Swabs,(Swabs) المسحات,swab,ايليون - حي العليا,ايليون,حي العليا,ايليون - حي العليا,العليا,بلدية,بلدية العليا,True,False,لا يوجد,,0,,,False,none,,5,True
Data 2025.xlsx,10439,2025-11-23,2025-11,2025-W47,4,6,sw-3760-r01,sw-3760-R01,مسحة صانعة ثلج,(Swabs) المسحات,Swabs,(Swabs) المسحات,swab,افاقيKAFFIX - حي العليا,افاقيKAFFIX,حي العليا,افاقيKAFFIX - حي العليا,وسط الرياض,قطاع,القطاع وسط الرياض,True,False,لا يوجد,,0,,,False,none,,3,True
Data 2025.xlsx,10483,2025-11-23,2025-11,2025-W47,4,6,sw-3762-r01,sw-3762-R01,مسحة ثلاجة تحضير,(Swabs) المسحات,Swabs,(Swabs) المسحات,swab,شمس الغذاء - حي العليا,شمس الغذاء,حي العليا,شمس الغذاء - حي العليا,العليا,بلدية,بلدية العليا,True,False,لا يوجد,,0,,,False,none,,4,True
Data 2025.xlsx,10484,2025-11-23,2025-11,2025-W47,4,6,sw-3763-r01,sw-3763-R01,مسحة ثلاجة كيك,(Swabs) المسحات,Swabs,(Swabs) المسحات,swab,شمس الغذاء - حي العليا,شمس الغذاء,حي العليا,شمس الغذاء - حي العليا,العليا,بلدية,بلدية العليا,True,False,لا يوجد,,0,,,False,none,,4,True
Data 2025.xlsx,10485,2025-11-23,2025-11,2025-W47,4,6,sw-3764-r01,sw-3764-R01,مسحة صانعة ثلج,(Swabs) المسحات,Swabs,(Swabs) المسحات,swab,شمس الغذاء - حي العليا,شمس الغذاء,حي العليا,شمس الغذاء - حي العليا,العليا,بلدية,بلدية العليا,True,False,لا يوجد,,0,,,False,none,,4,True
Data 2025.xlsx,10486,2025-11-23,2025-11,2025-W47,4,6,sw-3765-r01,sw-3765-R01,صانعة ثلج,(Swabs) المسحات,Swabs,(Swabs) المسحات,swab,شمس الغذاء - حي العليا,شمس الغذاء,حي العليا,شمس الغذاء - حي العليا,العليا,بلدية,بلدية العليا,True,False,لا يوجد,,0,,,False,none,,4,True
Data 2025.xlsx,10471,2025-11-23,2025-11,2025-W47,4,6,tea-0017-r01,tea-0017-R01,ايس تي خوخ,جميع أنواع الشاي (All types of tea),All types of tea,جميع أنواع الشاي (All types of tea),beverage,مقهى مخمخه شاي - حي العليا,مقهى مخمخه شاي,حي العليا,مقهى مخمخه شاي - حي العليا,العليا,بلدية,بلدية العليا,True,False,لا يوجد,,0,,,False,none,,0,False
Data 2025.xlsx,10474,2025-11-23,2025-11,2025-W47,4,6,tea-0018-r01,tea-0018-R01,مشروب ماتشا,جميع أنواع الشاي (All types of tea),All types of tea,جميع أنواع الشاي (All types of tea),beverage,شمس الغذاء - حي العليا,شمس الغذاء,حي العليا,شمس الغذاء - حي العليا,العليا,بلدية,بلدية العليا,True,False,لا يوجد,,0,,,False,none,,1,False
Data 2025.xlsx,10457,2025-11-23,2025-11,2025-W47,4,6,to-0010-r01,to-0010-R01,صوص كاتشب,جميع أنواع منتجات الطماطم (All kinds of tomato products),All kinds of tomato products,جميع أنواع منتجات الطماطم (All kinds of tomato products),produce,ايليون - حي العليا,ايليون,حي العليا,ايليون - حي العليا,العليا,بلدية,بلدية العليا,True,False,لا يوجد,,0,,,False,none,,4,True
Data 2025.xlsx,10487,2025-11-23,2025-11,2025-W47,4,6,ubot-1170-r01,Ubot-1170-R01,مياه غسيل ادوات م ك,المياه الغير معبأة (Unbottled water),Unbottled water,المياه الغير المعبأة (Unbottled water),water,شمس الغذاء - حي العليا,شمس الغذاء,حي العليا,شمس الغذاء - حي العليا,العليا,بلدية,بلدية العليا,True,False,لا يوجد,,0,,,False,none,category_merged_to_canonical,4,True
Data 2025.xlsx,10530,2025-11-24,2025-11,2025-W48,4,0,1-3771-R01,1-3771-R01,جلي فراولة,(jelly) جيلي,jelly,(jelly) جيلي,sauce_condiment,فندق سن تور واحة روتانا - حي المروج,فندق سن تور واحة روتانا,حي المروج,فندق سن تور واحة روتانا - حي المروج,وسط الرياض,قطاع,القطاع وسط الرياض,True,False,لا يوجد,,0,,,False,none,,5,True
Data 2025.xlsx,10518,2025-11-24,2025-11,2025-W48,4,0,appe-0659-r01,Appe-0659-R01,متبل,مقبلات (Appetizers),Appetizers,مقبلات (Appetizers),prepared_meal,فندق سن تور واحة روتانا - حي المروج,فندق سن تور واحة روتانا,حي المروج,فندق سن تور واحة روتانا - حي المروج,وسط الرياض,قطاع,القطاع وسط الرياض,True,False,لا يوجد,,0,,,False,none,,3,True
Data 2025.xlsx,10519,2025-11-24,2025-11,2025-W48,4,0,appe-0660-r01,Appe-0660-R01,حمص,مقبلات (Appetizers),Appetizers,مقبلات (Appetizers),prepared_meal,فندق سن تور واحة روتانا - حي المروج,فندق سن تور واحة روتانا,حي المروج,فندق سن تور واحة روتانا - حي المروج,وسط الرياض,قطاع,القطاع وسط الرياض,True,False,لا يوجد,,0,,,False,none,,3,True
Data 2025.xlsx,10500,2025-11-24,2025-11,2025-W48,4,0,ca-0084-r01,ca-0084-R01,دونت نوتيلا,الكعك ومنتجات المخابز الجاهزة للاكل بدون تسخين (Cakes and bakery products ready to eat ),Cakes and bakery products ready to eat,الكعك ومنتجات المخابز الجاهزة للاكل بدون تسخين (Cakes and bakery products ready to eat ),sweets_bakery,D.cafe شركة عناصر التصميم - حي المروج,D.cafe شركة عناصر التصميم,حي المروج,D.cafe شركة عناصر التصميم - حي المروج,العليا,بلدية,بلدية العليا,True,False,لا يوجد,,0,,,False,none,,2,True
Data 2025.xlsx,10501,2025-11-24,2025-11,2025-W48,4,0,ca-0085-r01,ca-0085-R01,كوكيز شوكليت,الكعك ومنتجات المخابز الجاهزة للاكل بدون تسخين (Cakes and bakery products ready to eat ),Cakes and bakery products ready to eat,الكعك ومنتجات المخابز الجاهزة للاكل بدون تسخين (Cakes and bakery products ready to eat ),sweets_bakery,D.cafe شركة عناصر التصميم - حي المروج,D.cafe شركة عناصر التصميم,حي المروج,D.cafe شركة عناصر التصميم - حي المروج,العليا,بلدية,بلدية العليا,True,False,لا يوجد,,0,,,False,none,,2,True
Data 2025.xlsx,10531,2025-11-24,2025-11,2025-W48,4,0,ca-0086-r01,ca-0086-R01,مافن كيك بيري,الكعك ومنتجات المخابز الجاهزة للاكل بدون تسخين (Cakes and bakery products ready to eat ),Cakes and bakery products ready to eat,الكعك ومنتجات المخابز الجاهزة للاكل بدون تسخين (Cakes and bakery products ready to eat ),sweets_bakery,فندق سن تور واحة روتانا - حي المروج,فندق سن تور واحة روتانا,حي المروج,فندق سن تور واحة روتانا - حي المروج,وسط الرياض,قطاع,القطاع وسط الرياض,True,False,لا يوجد,,0,,,False,none,,5,True
Data 2025.xlsx,10532,2025-11-24,2025-11,2025-W48,4,0,ca-0087-r01,ca-0087-R01,مافن كيك شوكليت,الكعك ومنتجات المخابز الجاهزة للاكل بدون تسخين (Cakes and bakery products ready to eat ),Cakes and bakery products ready to eat,الكعك ومنتجات المخابز الجاهزة للاكل بدون تسخين (Cakes and bakery products ready to eat ),sweets_bakery,فندق سن تور واحة روتانا - حي المروج,فندق سن تور واحة روتانا,حي المروج,فندق سن تور واحة روتانا - حي المروج,وسط الرياض,قطاع,القطاع وسط الرياض,False,True,العد الكلي للبكتيريا | استافيلوكوكس اورياس,العد الكلي للبكتيريا | استافيلوكوكس اورياس,2,استافيلوكوكس اورياس,العد الكلي للبكتيريا,True,pathogen,,6,True
Data 2025.xlsx,10534,2025-11-24,2025-11,2025-W48,4,0,ca-0088-r01,ca-0088-R01,كوكيز شوكليت,الكعك ومنتجات المخابز الجاهزة للاكل بدون تسخين (Cakes and bakery products ready to eat ),Cakes and bakery products ready to eat,الكعك ومنتجات المخابز الجاهزة للاكل بدون تسخين (Cakes and bakery products ready to eat ),sweets_bakery,فندق سن تور واحة روتانا - حي المروج,فندق سن تور واحة روتانا,حي المروج,فندق سن تور واحة روتانا - حي المروج,وسط الرياض,قطاع,القطاع وسط الرياض,True,False,لا يوجد,,0,,,False,none,,7,True
Data 2025.xlsx,10535,2025-11-24,2025-11,2025-W48,4,0,ca-0089-r01,ca-0089-R01,كوكيز فانيلا,الكعك ومنتجات المخابز الجاهزة للاكل بدون تسخين (Cakes and bakery products ready to eat ),Cakes and bakery products ready to eat,الكعك ومنتجات المخابز الجاهزة للاكل بدون تسخين (Cakes and bakery products ready to eat ),sweets_bakery,فندق سن تور واحة روتانا - حي المروج,فندق سن تور واحة روتانا,حي المروج,فندق سن تور واحة روتانا - حي المروج,وسط الرياض,قطاع,القطاع وسط الرياض,True,False,لا يوجد,,0,,,False,none,,7,True
Data 2025.xlsx,10498,2025-11-24,2025-11,2025-W48,4,0,ck-0149-r01,ck-0149-R01,تشيز كيك مقلوب,كيك (cake),cake,كيك (cake),sweets_bakery,D.cafe شركة عناصر التصميم - حي المروج,D.cafe شركة عناصر التصميم,حي المروج,D.cafe شركة عناصر التصميم - حي المروج,العليا,بلدية,بلدية العليا,True,False,لا يوجد,,0,,,False,none,,2,True
Data 2025.xlsx,10499,2025-11-24,2025-11,2025-W48,4,0,ck-0150-r01,ck-0150-R01,تارت بيكان,كيك (cake),cake,كيك (cake),sweets_bakery,D.cafe شركة عناصر التصميم - حي المروج,D.cafe شركة عناصر التصميم,حي المروج,D.cafe شركة عناصر التصميم - حي المروج,العليا,بلدية,بلدية العليا,True,False,لا يوجد,,0,,,False,none,,2,True
Data 2025.xlsx,10527,2025-11-24,2025-11,2025-W48,4,0,ck-0151-r01,ck-0151-R01,كيكة عسل,كيك (cake),cake,كيك (cake),sweets_bakery,فندق سن تور واحة روتانا - حي المروج,فندق سن تور واحة روتانا,حي المروج,فندق سن تور واحة روتانا - حي المروج,وسط الرياض,قطاع,القطاع وسط الرياض,True,False,لا يوجد,,0,,,False,none,,4,True
Data 2025.xlsx,10528,2025-11-24,2025-11,2025-W48,4,0,ck-0152-r01,ck-0152-R01,ملفين كيك,كيك (cake),cake,كيك (cake),sweets_bakery,فندق سن تور واحة روتانا - حي المروج,فندق سن تور واحة روتانا,حي المروج,فندق سن تور واحة روتانا - حي المروج,وسط الرياض,قطاع,القطاع وسط الرياض,False,True,انتيروباكتريسي,انتيروباكتريسي,1,,انتيروباكتريسي,False,indicator_only,,5,True
Data 2025.xlsx,10529,2025-11-24,2025-11,2025-W48,4,0,ck-0153-r01,ck-0153-R01,كيك رد فلفت,كيك (cake),cake,كيك (cake),sweets_bakery,فندق سن تور واحة روتانا - حي المروج,فندق سن تور واحة روتانا,حي المروج,فندق سن تور واحة روتانا - حي المروج,وسط الرياض,قطاع,القطاع وسط الرياض,True,False,لا يوجد,,0,,,False,none,,5,True
Data 2025.xlsx,10506,2025-11-24,2025-11,2025-W48,4,0,co-0646-r01,co-0646-R01,سلطة كولسلو,الملفوف (cabbage),cabbage,(الكولسلو (الملفوف (Coleslaw) (cabbage),produce,فندق سن تور واحة روتانا - حي المروج,فندق سن تور واحة روتانا,حي المروج,فندق سن تور واحة روتانا - حي المروج,وسط الرياض,قطاع,القطاع وسط الرياض,True,False,لا يوجد,,0,,,False,none,category_merged_to_canonical,1,False
Data 2025.xlsx,10516,2025-11-24,2025-11,2025-W48,4,0,fermintedmilk-0020-r01,Fermintedmilk-0020-R01,لبنة سبايسي,"Fermented milk products , منتجات الحليب المخمرة",Fermented milk products,"Fermented milk products , منتجات الحليب المخمرة",dairy,فندق سن تور واحة روتانا - حي المروج,فندق سن تور واحة روتانا,حي المروج,فندق سن تور واحة روتانا - حي المروج,وسط الرياض,قطاع,القطاع وسط الرياض,False,True,انتيروباكتريسي,انتيروباكتريسي,1,,انتيروباكتريسي,False,indicator_only,,3,True
Data 2025.xlsx,10493,2025-11-24,2025-11,2025-W48,4,0,fl-0035-r01,fl-0035-R01,نكهة خوخ,شراب بنكهة و مركزاتها ( flavoured drink & its concentrates ),flavoured drink & its concentrates,شراب بنكهة و مركزاتها ( flavoured drink & its concentrates ),sauce_condiment,D.cafe شركة عناصر التصميم - حي المروج,D.cafe شركة عناصر التصميم,حي المروج,D.cafe شركة عناصر التصميم - حي المروج,العليا,بلدية,بلدية العليا,True,False,لا يوجد,,0,,,False,none,,2,True
Data 2025.xlsx,10504,2025-11-24,2025-11,2025-W48,4,0,fr-0145-r01,fr-0145-R01,سلطة فواكه,فواكه و خضروات طازجة (Fresh fruits and vegetables ),Fresh fruits and vegetables,فواكه و خضروات طازجة (Fresh fruits and vegetables ),produce,فندق سن تور واحة روتانا - حي المروج,فندق سن تور واحة روتانا,حي المروج,فندق سن تور واحة روتانا - حي المروج,وسط الرياض,قطاع,القطاع وسط الرياض,True,False,لا يوجد,,0,,,False,none,,0,False
Data 2025.xlsx,10514,2025-11-24,2025-11,2025-W48,4,0,fr-0146-r01,fr-0146-R01,قطع اناناس,فواكه و خضروات طازجة (Fresh fruits and vegetables ),Fresh fruits and vegetables,فواكه و خضروات طازجة (Fresh fruits and vegetables ),produce,فندق سن تور واحة روتانا - حي المروج,فندق سن تور واحة روتانا,حي المروج,فندق سن تور واحة روتانا - حي المروج,وسط الرياض,قطاع,القطاع وسط الرياض,True,False,لا يوجد,,0,,,False,none,,2,True
Data 2025.xlsx,10491,2025-11-24,2025-11,2025-W48,4,0,he-0008-r01,he-0008-R01,مشروب كركدية,الأعشاب المجففة (Dried herbs ),Dried herbs,الأعشاب المجففة (Dried herbs ),produce,D.cafe شركة عناصر التصميم - حي المروج,D.cafe شركة عناصر التصميم,حي المروج,D.cafe شركة عناصر التصميم - حي المروج,العليا,بلدية,بلدية العليا,True,False,لا يوجد,,0,,,False,none,,2,True
Data 2025.xlsx,10515,2025-11-24,2025-11,2025-W48,4,0,jui-0587-r01,jui-0587-R01,عصير برتقال,العصائر الطازجة Un-pasteurized juices (fresh),fresh,العصائر الطازجة Un-pasteurized juices (fresh),beverage,فندق سن تور واحة روتانا - حي المروج,فندق سن تور واحة روتانا,حي المروج,فندق سن تور واحة روتانا - حي المروج,وسط الرياض,قطاع,القطاع وسط الرياض,True,False,لا يوجد,,0,,,False,none,,2,True
Data 2025.xlsx,10488,2025-11-24,2025-11,2025-W48,4,0,milk-0051-r01,Milk-0051-R01,صوص سبانيش,الحليب (Milk),Milk,الحليب (Milk),dairy,D.cafe شركة عناصر التصميم - حي المروج,D.cafe شركة عناصر التصميم,حي المروج,D.cafe شركة عناصر التصميم - حي المروج,العليا,بلدية,بلدية العليا,False,True,العد الكلي للبكتيريا,العد الكلي للبكتيريا,1,,العد الكلي للبكتيريا,False,indicator_only,,1,False
Data 2025.xlsx,10507,2025-11-24,2025-11,2025-W48,4,0,pi-0127-r01,pi-0127-R01,مخلل خيار صغير,مخلل الخضروات /الفواكه (Pickled/fermented vegetable / fruits),Pickled/fermented vegetable / fruits,مخلل الخضروات /الفواكه (Pickled/fermented vegetable / fruits),dairy,فندق سن تور واحة روتانا - حي المروج,فندق سن تور واحة روتانا,حي المروج,فندق سن تور واحة روتانا - حي المروج,وسط الرياض,قطاع,القطاع وسط الرياض,True,False,لا يوجد,,0,,,False,none,,1,False
Data 2025.xlsx,10508,2025-11-24,2025-11,2025-W48,4,0,pi-0128-r01,pi-0128-R01,شرائح زيتون اخضر,مخلل الخضروات /الفواكه (Pickled/fermented vegetable / fruits),Pickled/fermented vegetable / fruits,مخلل الخضروات /الفواكه (Pickled/fermented vegetable / fruits),dairy,فندق سن تور واحة روتانا - حي المروج,فندق سن تور واحة روتانا,حي المروج,فندق سن تور واحة روتانا - حي المروج,وسط الرياض,قطاع,القطاع وسط الرياض,True,False,لا يوجد,,0,,,False,none,,1,False
Data 2025.xlsx,10494,2025-11-24,2025-11,2025-W48,4,0,sa-0929-r01,sa-0929-R01,فطيرة اربع اجبان,اطعمة جاهزة للأكل Ready to eat meals,Ready to eat meals,اطعمة جاهزة للأكل Ready to eat meals,prepared_meal,D.cafe شركة عناصر التصميم - حي المروج,D.cafe شركة عناصر التصميم,حي المروج,D.cafe شركة عناصر التصميم - حي المروج,العليا,بلدية,بلدية العليا,True,False,لا يوجد,,0,,,False,none,,2,True
Data 2025.xlsx,10495,2025-11-24,2025-11,2025-W48,4,0,sa-0930-r01,sa-0930-R01,فطيرة دجاج,اطعمة جاهزة للأكل Ready to eat meals,Ready to eat meals,اطعمة جاهزة للأكل Ready to eat meals,prepared_meal,D.cafe شركة عناصر التصميم - حي المروج,D.cafe شركة عناصر التصميم,حي المروج,D.cafe شركة عناصر التصميم - حي المروج,العليا,بلدية,بلدية العليا,True,False,لا يوجد,,0,,,False,none,,2,True
Data 2025.xlsx,10496,2025-11-24,2025-11,2025-W48,4,0,sa-0931-r01,sa-0931-R01,فطيرة حلومي,اطعمة جاهزة للأكل Ready to eat meals,Ready to eat meals,اطعمة جاهزة للأكل Ready to eat meals,prepared_meal,D.cafe شركة عناصر التصميم - حي المروج,D.cafe شركة عناصر التصميم,حي المروج,D.cafe شركة عناصر التصميم - حي المروج,العليا,بلدية,بلدية العليا,True,False,لا يوجد,,0,,,False,none,,2,True
Data 2025.xlsx,10497,2025-11-24,2025-11,2025-W48,4,0,sa-0932-r01,sa-0932-R01,فطيرة تونة,اطعمة جاهزة للأكل Ready to eat meals,Ready to eat meals,اطعمة جاهزة للأكل Ready to eat meals,prepared_meal,D.cafe شركة عناصر التصميم - حي المروج,D.cafe شركة عناصر التصميم,حي المروج,D.cafe شركة عناصر التصميم - حي المروج,العليا,بلدية,بلدية العليا,True,False,لا يوجد,,0,,,False,none,,2,True
Data 2025.xlsx,10512,2025-11-24,2025-11,2025-W48,4,0,sa-0933-r01,sa-0933-R01,مكس سلط,اطعمة جاهزة للأكل Ready to eat meals,Ready to eat meals,اطعمة جاهزة للأكل Ready to eat meals,prepared_meal,فندق سن تور واحة روتانا - حي المروج,فندق سن تور واحة روتانا,حي المروج,فندق سن تور واحة روتانا - حي المروج,وسط الرياض,قطاع,القطاع وسط الرياض,True,False,لا يوجد,,0,,,False,none,,2,True
Data 2025.xlsx,10513,2025-11-24,2025-11,2025-W48,4,0,sa-0934-r01,sa-0934-R01,مكس برجر,اطعمة جاهزة للأكل Ready to eat meals,Ready to eat meals,اطعمة جاهزة للأكل Ready to eat meals,prepared_meal,فندق سن تور واحة روتانا - حي المروج,فندق سن تور واحة روتانا,حي المروج,فندق سن تور واحة روتانا - حي المروج,وسط الرياض,قطاع,القطاع وسط الرياض,True,False,لا يوجد,,0,,,False,none,,2,True
Data 2025.xlsx,10517,2025-11-24,2025-11,2025-W48,4,0,sa-0935-r01,sa-0935-R01,سلطة بصارة,اطعمة جاهزة للأكل Ready to eat meals,Ready to eat meals,اطعمة جاهزة للأكل Ready to eat meals,prepared_meal,فندق سن تور واحة روتانا - حي المروج,فندق سن تور واحة روتانا,حي المروج,فندق سن تور واحة روتانا - حي المروج,وسط الرياض,قطاع,القطاع وسط الرياض,True,False,لا يوجد,,0,,,False,none,,3,True
Data 2025.xlsx,10520,2025-11-24,2025-11,2025-W48,4,0,sa-0936-r01,sa-0936-R01,سلطة زبادي خيار,اطعمة جاهزة للأكل Ready to eat meals,Ready to eat meals,اطعمة جاهزة للأكل Ready to eat meals,prepared_meal,فندق سن تور واحة روتانا - حي المروج,فندق سن تور واحة روتانا,حي المروج,فندق سن تور واحة روتانا - حي المروج,وسط الرياض,قطاع,القطاع وسط الرياض,True,False,لا يوجد,,0,,,False,none,,3,True
Data 2025.xlsx,10521,2025-11-24,2025-11,2025-W48,4,0,sa-0937-r01,sa-0937-R01,سلطة يونانية,اطعمة جاهزة للأكل Ready to eat meals,Ready to eat meals,اطعمة جاهزة للأكل Ready to eat meals,prepared_meal,فندق سن تور واحة روتانا - حي المروج,فندق سن تور واحة روتانا,حي المروج,فندق سن تور واحة روتانا - حي المروج,وسط الرياض,قطاع,القطاع وسط الرياض,True,False,لا يوجد,,0,,,False,none,,3,True
Data 2025.xlsx,10522,2025-11-24,2025-11,2025-W48,4,0,sa-0938-r01,sa-0938-R01,سلطة بالنقانق,اطعمة جاهزة للأكل Ready to eat meals,Ready to eat meals,اطعمة جاهزة للأكل Ready to eat meals,prepared_meal,فندق سن تور واحة روتانا - حي المروج,فندق سن تور واحة روتانا,حي المروج,فندق سن تور واحة روتانا - حي المروج,وسط الرياض,قطاع,القطاع وسط الرياض,False,True,انتيروباكتريسي | استافيلوكوكس اورياس,انتيروباكتريسي | استافيلوكوكس اورياس,2,استافيلوكوكس اورياس,انتيروباكتريسي,True,pathogen,,4,True
Data 2025.xlsx,10523,2025-11-24,2025-11,2025-W48,4,0,sa-0939-r01,sa-0939-R01,سلطة مجدرة,اطعمة جاهزة للأكل Ready to eat meals,Ready to eat meals,اطعمة جاهزة للأكل Ready to eat meals,prepared_meal,فندق سن تور واحة روتانا - حي المروج,فندق سن تور واحة روتانا,حي المروج,فندق سن تور واحة روتانا - حي المروج,وسط الرياض,قطاع,القطاع وسط الرياض,True,False,لا يوجد,,0,,,False,none,,4,True
Data 2025.xlsx,10524,2025-11-24,2025-11,2025-W48,4,0,sa-0940-r01,sa-0940-R01,سلطة خس,اطعمة جاهزة للأكل Ready to eat meals,Ready to eat meals,اطعمة جاهزة للأكل Ready to eat meals,prepared_meal,فندق سن تور واحة روتانا - حي المروج,فندق سن تور واحة روتانا,حي المروج,فندق سن تور واحة روتانا - حي المروج,وسط الرياض,قطاع,القطاع وسط الرياض,True,False,لا يوجد,,0,,,False,none,,4,True
Data 2025.xlsx,10526,2025-11-24,2025-11,2025-W48,4,0,sa-0941-r01,sa-0941-R01,سلطة كينوا,اطعمة جاهزة للأكل Ready to eat meals,Ready to eat meals,اطعمة جاهزة للأكل Ready to eat meals,prepared_meal,فندق سن تور واحة روتانا - حي المروج,فندق سن تور واحة روتانا,حي المروج,فندق سن تور واحة روتانا - حي المروج,وسط الرياض,قطاع,القطاع وسط الرياض,True,False,لا يوجد,,0,,,False,none,,4,True
Data 2025.xlsx,10533,2025-11-24,2025-11,2025-W48,4,0,sa-0942-r01,sa-0942-R01,فطيرة دنيش رز بيري حلا,اطعمة جاهزة للأكل Ready to eat meals,Ready to eat meals,اطعمة جاهزة للأكل Ready to eat meals,prepared_meal,فندق سن تور واحة روتانا - حي المروج,فندق سن تور واحة روتانا,حي المروج,فندق سن تور واحة روتانا - حي المروج,وسط الرياض,قطاع,القطاع وسط الرياض,False,True,انتيروباكتريسي,انتيروباكتريسي,1,,انتيروباكتريسي,False,indicator_only,,7,True
Data 2025.xlsx,10505,2025-11-24,2025-11,2025-W48,4,0,sau-2718-r01,sau-2718-R01,مايونيز,صوص (sauce),sauce,صوص (sauce),sauce_condiment,فندق سن تور واحة روتانا - حي المروج,فندق سن تور واحة روتانا,حي المروج,فندق سن تور واحة روتانا - حي المروج,وسط الرياض,قطاع,القطاع وسط الرياض,False,True,العد الكلي للبكتيريا,العد الكلي للبكتيريا,1,,العد الكلي للبكتيريا,False,indicator_only,,1,False
Data 2025.xlsx,10510,2025-11-24,2025-11,2025-W48,4,0,sau-2719-r01,sau-2719-R01,صوص سيزر,صوص (sauce),sauce,صوص (sauce),sauce_condiment,فندق سن تور واحة روتانا - حي المروج,فندق سن تور واحة روتانا,حي المروج,فندق سن تور واحة روتانا - حي المروج,وسط الرياض,قطاع,القطاع وسط الرياض,True,False,لا يوجد,,0,,,False,none,,1,False
Data 2025.xlsx,10511,2025-11-24,2025-11,2025-W48,4,0,sau-2720-r01,sau-2720-R01,صوص بيستو,صوص (sauce),sauce,صوص (sauce),sauce_condiment,فندق سن تور واحة روتانا - حي المروج,فندق سن تور واحة روتانا,حي المروج,فندق سن تور واحة روتانا - حي المروج,وسط الرياض,قطاع,القطاع وسط الرياض,False,True,العد الكلي للبكتيريا,العد الكلي للبكتيريا,1,,العد الكلي للبكتيريا,False,indicator_only,,2,True
Data 2025.xlsx,10536,2025-11-24,2025-11,2025-W48,4,0,see-0006-r01,see-0006-R01,بقلاوة بستاشو,الحلويات العربية (Arabic sweets),Arabic sweets,الحلويات العربية (Arabic sweets),sweets_bakery,فندق سن تور واحة روتانا - حي المروج,فندق سن تور واحة روتانا,حي المروج,فندق سن تور واحة روتانا - حي المروج,وسط الرياض,قطاع,القطاع وسط الرياض,True,False,لا يوجد,,0,,,False,none,,7,True
Data 2025.xlsx,10509,2025-11-24,2025-11,2025-W48,4,0,so-0019-r01,SO-0019-R01,جبنة فيتا,(Soft Cheese) جبن طري / جبن سائل,Soft Cheese,(Soft Cheese) جبن طري / جبن سائل,dairy,فندق سن تور واحة روتانا - حي المروج,فندق سن تور واحة روتانا,حي المروج,فندق سن تور واحة روتانا - حي المروج,وسط الرياض,قطاع,القطاع وسط الرياض,True,False,لا يوجد,,0,,,False,none,,1,False
Data 2025.xlsx,10502,2025-11-24,2025-11,2025-W48,4,0,sw-3766-r01,sw-3766-R01,مسحة ثلاجة كيك وساندوتيش,(Swabs) المسحات,Swabs,(Swabs) المسحات,swab,D.cafe شركة عناصر التصميم - حي المروج,D.cafe شركة عناصر التصميم,حي المروج,D.cafe شركة عناصر التصميم - حي المروج,العليا,بلدية,بلدية العليا,True,False,لا يوجد,,0,,,False,none,,2,True
Data 2025.xlsx,10503,2025-11-24,2025-11,2025-W48,4,0,sw-3767-r01,sw-3767-R01,مسحة صانعة ثلج,(Swabs) المسحات,Swabs,(Swabs) المسحات,swab,D.cafe شركة عناصر التصميم - حي المروج,D.cafe شركة عناصر التصميم,حي المروج,D.cafe شركة عناصر التصميم - حي المروج,العليا,بلدية,بلدية العليا,True,False,لا يوجد,,0,,,False,none,,2,True
Data 2025.xlsx,10537,2025-11-24,2025-11,2025-W48,4,0,sw-3768-r01,sw-3768-R01,مسحة ثلاجة خضار,(Swabs) المسحات,Swabs,(Swabs) المسحات,swab,فندق سن تور واحة روتانا - حي المروج,فندق سن تور واحة روتانا,حي المروج,فندق سن تور واحة روتانا - حي المروج,وسط الرياض,قطاع,القطاع وسط الرياض,True,False,لا يوجد,,0,,,False,none,,7,True
Data 2025.xlsx,10538,2025-11-24,2025-11,2025-W48,4,0,sw-3769-r01,sw-3769-R01,مسحة قطاعة لحم,(Swabs) المسحات,Swabs,(Swabs) المسحات,swab,فندق سن تور واحة روتانا - حي المروج,فندق سن تور واحة روتانا,حي المروج,فندق سن تور واحة روتانا - حي المروج,وسط الرياض,قطاع,القطاع وسط الرياض,True,False,لا يوجد,,0,,,False,none,,7,True
Data 2025.xlsx,10539,2025-11-24,2025-11,2025-W48,4,0,sw-3770-r01,sw-3770-R01,مسحة ثلاجة تحضير,(Swabs) المسحات,Swabs,(Swabs) المسحات,swab,فندق سن تور واحة روتانا - حي المروج,فندق سن تور واحة روتانا,حي المروج,فندق سن تور واحة روتانا - حي المروج,وسط الرياض,قطاع,القطاع وسط الرياض,True,False,لا يوجد,,0,,,False,none,,7,True
Data 2025.xlsx,10540,2025-11-24,2025-11,2025-W48,4,0,sw-3771-r01,sw-3771-R01,مسحة طاولة تقطيع خضار,(Swabs) المسحات,Swabs,(Swabs) المسحات,swab,فندق سن تور واحة روتانا - حي المروج,فندق سن تور واحة روتانا,حي المروج,فندق سن تور واحة روتانا - حي المروج,وسط الرياض,قطاع,القطاع وسط الرياض,True,False,لا يوجد,,0,,,False,none,,7,True
Data 2025.xlsx,10541,2025-11-24,2025-11,2025-W48,4,0,sw-3772-r01,sw-3772-R01,مسحة ثلاجة تحضير,(Swabs) المسحات,Swabs,(Swabs) المسحات,swab,فندق سن تور واحة روتانا - حي المروج,فندق سن تور واحة روتانا,حي المروج,فندق سن تور واحة روتانا - حي المروج,وسط الرياض,قطاع,القطاع وسط الرياض,True,False,لا يوجد,,0,,,False,none,,7,True
Data 2025.xlsx,10542,2025-11-24,2025-11,2025-W48,4,0,sw-3773-r01,sw-3773-R01,مسحة حافظة ثلج,(Swabs) المسحات,Swabs,(Swabs) المسحات,swab,فندق سن تور واحة روتانا - حي المروج,فندق سن تور واحة روتانا,حي المروج,فندق سن تور واحة روتانا - حي المروج,وسط الرياض,قطاع,القطاع وسط الرياض,True,False,لا يوجد,,0,,,False,none,,7,True
Data 2025.xlsx,10492,2025-11-24,2025-11,2025-W48,4,0,tea-0019-r01,tea-0019-R01,ايس تي,جميع أنواع الشاي (All types of tea),All types of tea,جميع أنواع الشاي (All types of tea),beverage,D.cafe شركة عناصر التصميم - حي المروج,D.cafe شركة عناصر التصميم,حي المروج,D.cafe شركة عناصر التصميم - حي المروج,العليا,بلدية,بلدية العليا,True,False,لا يوجد,,0,,,False,none,,2,True
Data 2025.xlsx,10525,2025-11-24,2025-11,2025-W48,4,0,to-0011-r01,to-0011-R01,طماطم مجفف,جميع أنواع منتجات الطماطم (All kinds of tomato products),All kinds of tomato products,جميع أنواع منتجات الطماطم (All kinds of tomato products),produce,فندق سن تور واحة روتانا - حي المروج,فندق سن تور واحة روتانا,حي المروج,فندق سن تور واحة روتانا - حي المروج,وسط الرياض,قطاع,القطاع وسط الرياض,True,False,لا يوجد,,0,,,False,none,,4,True
Data 2025.xlsx,10543,2025-11-24,2025-11,2025-W48,4,0,ubot-1171-r01,Ubot-1171-R01,مياه فلتر للطبخ م ك,المياه الغير معبأة (Unbottled water),Unbottled water,المياه الغير المعبأة (Unbottled water),water,فندق سن تور واحة روتانا - حي المروج,فندق سن تور واحة روتانا,حي المروج,فندق سن تور واحة روتانا - حي المروج,وسط الرياض,قطاع,القطاع وسط الرياض,True,False,لا يوجد,,0,,,False,none,category_merged_to_canonical,7,True
Data 2025.xlsx,10489,2025-11-24,2025-11,2025-W48,4,0,wh-0001-r01,Wh-0001-R01,كريمة قهوة,Whipped Cream كريمة مخفوقة,Whipped Cream,Whipped Cream كريمة مخفوقة,dairy,D.cafe شركة عناصر التصميم - حي المروج,D.cafe شركة عناصر التصميم,حي المروج,D.cafe شركة عناصر التصميم - حي المروج,العليا,بلدية,بلدية العليا,True,False,لا يوجد,,0,,,False,none,,1,False
Data 2025.xlsx,10490,2025-11-24,2025-11,2025-W48,4,0,wh-0002-r01,Wh-0002-R01,كريمة تراميسو,Whipped Cream كريمة مخفوقة,Whipped Cream,Whipped Cream كريمة مخفوقة,dairy,D.cafe شركة عناصر التصميم - حي المروج,D.cafe شركة عناصر التصميم,حي المروج,D.cafe شركة عناصر التصميم - حي المروج,العليا,بلدية,بلدية العليا,False,True,العد الكلي للبكتيريا,العد الكلي للبكتيريا,1,,العد الكلي للبكتيريا,False,indicator_only,,2,True
Data 2025.xlsx,10548,2025-11-25,2025-11,2025-W48,4,1,ca-0090-r01,ca-0090-R01,فطيرة بيكان,الكعك ومنتجات المخابز الجاهزة للاكل بدون تسخين (Cakes and bakery products ready to eat ),Cakes and bakery products ready to eat,الكعك ومنتجات المخابز الجاهزة للاكل بدون تسخين (Cakes and bakery products ready to eat ),sweets_bakery,مطعم ثري - حي النخيل,مطعم ثري,حي النخيل,مطعم ثري - حي النخيل,وسط الرياض,قطاع,القطاع وسط الرياض,True,False,لا يوجد,,0,,,False,none,,3,True
Data 2025.xlsx,10549,2025-11-25,2025-11,2025-W48,4,1,ca-0091-r01,ca-0091-R01,فطيرة دينش حلومي,الكعك ومنتجات المخابز الجاهزة للاكل بدون تسخين (Cakes and bakery products ready to eat ),Cakes and bakery products ready to eat,الكعك ومنتجات المخابز الجاهزة للاكل بدون تسخين (Cakes and bakery products ready to eat ),sweets_bakery,مطعم ثري - حي النخيل,مطعم ثري,حي النخيل,مطعم ثري - حي النخيل,وسط الرياض,قطاع,القطاع وسط الرياض,False,True,العد الكلي للبكتيريا | استافيلوكوكس اورياس,العد الكلي للبكتيريا | استافيلوكوكس اورياس,2,استافيلوكوكس اورياس,العد الكلي للبكتيريا,True,pathogen,,4,True
Data 2025.xlsx,10550,2025-11-25,2025-11,2025-W48,4,1,ca-0092-r01,ca-0092-R01,كروسان جبن زعتر,الكعك ومنتجات المخابز الجاهزة للاكل بدون تسخين (Cakes and bakery products ready to eat ),Cakes and bakery products ready to eat,الكعك ومنتجات المخابز الجاهزة للاكل بدون تسخين (Cakes and bakery products ready to eat ),sweets_bakery,مطعم ثري - حي النخيل,مطعم ثري,حي النخيل,مطعم ثري - حي النخيل,وسط الرياض,قطاع,القطاع وسط الرياض,True,False,لا يوجد,,0,,,False,none,,4,True
Data 2025.xlsx,10551,2025-11-25,2025-11,2025-W48,4,1,ca-0093-r01,ca-0093-R01,كروسان لوز,الكعك ومنتجات المخابز الجاهزة للاكل بدون تسخين (Cakes and bakery products ready to eat ),Cakes and bakery products ready to eat,الكعك ومنتجات المخابز الجاهزة للاكل بدون تسخين (Cakes and bakery products ready to eat ),sweets_bakery,مطعم ثري - حي النخيل,مطعم ثري,حي النخيل,مطعم ثري - حي النخيل,وسط الرياض,قطاع,القطاع وسط الرياض,True,False,لا يوجد,,0,,,False,none,,4,True
Data 2025.xlsx,10552,2025-11-25,2025-11,2025-W48,4,1,ca-0094-r01,ca-0094-R01,كروسان شوكليت نوتيلا,الكعك ومنتجات المخابز الجاهزة للاكل بدون تسخين (Cakes and bakery products ready to eat ),Cakes and bakery products ready to eat,الكعك ومنتجات المخابز الجاهزة للاكل بدون تسخين (Cakes and bakery products ready to eat ),sweets_bakery,مطعم ثري - حي النخيل,مطعم ثري,حي النخيل,مطعم ثري - حي النخيل,وسط الرياض,قطاع,القطاع وسط الرياض,True,False,لا يوجد,,0,,,False,none,,4,True
Data 2025.xlsx,10553,2025-11-25,2025-11,2025-W48,4,1,ca-0095-r01,ca-0095-R01,دنيش عادي,الكعك ومنتجات المخابز الجاهزة للاكل بدون تسخين (Cakes and bakery products ready to eat ),Cakes and bakery products ready to eat,الكعك ومنتجات المخابز الجاهزة للاكل بدون تسخين (Cakes and bakery products ready to eat ),sweets_bakery,مطعم ثري - حي النخيل,مطعم ثري,حي النخيل,مطعم ثري - حي النخيل,وسط الرياض,قطاع,القطاع وسط الرياض,False,True,انتيروباكتريسي,انتيروباكتريسي,1,,انتيروباكتريسي,False,indicator_only,,5,True
Data 2025.xlsx,10589,2025-11-25,2025-11,2025-W48,4,1,ca-0096-r01,ca-0096-R01,دينش حلومي,الكعك ومنتجات المخابز الجاهزة للاكل بدون تسخين (Cakes and bakery products ready to eat ),Cakes and bakery products ready to eat,الكعك ومنتجات المخابز الجاهزة للاكل بدون تسخين (Cakes and bakery products ready to eat ),sweets_bakery,مطعم هارموني - حي النخيل,مطعم هارموني,حي النخيل,مطعم هارموني - حي النخيل,وسط الرياض,قطاع,القطاع وسط الرياض,False,True,العد الكلي للبكتيريا,العد الكلي للبكتيريا,1,,العد الكلي للبكتيريا,False,indicator_only,,4,True
Data 2025.xlsx,10590,2025-11-25,2025-11,2025-W48,4,1,ca-0097-r01,ca-0097-R01,كيك بارتمر,الكعك ومنتجات المخابز الجاهزة للاكل بدون تسخين (Cakes and bakery products ready to eat ),Cakes and bakery products ready to eat,الكعك ومنتجات المخابز الجاهزة للاكل بدون تسخين (Cakes and bakery products ready to eat ),sweets_bakery,مطعم هارموني - حي النخيل,مطعم هارموني,حي النخيل,مطعم هارموني - حي النخيل,وسط الرياض,قطاع,القطاع وسط الرياض,True,False,لا يوجد,,0,,,False,none,,4,True
Data 2025.xlsx,10591,2025-11-25,2025-11,2025-W48,4,1,ca-0098-r01,ca-0098-R01,فطيرة بيكان سينابون,الكعك ومنتجات المخابز الجاهزة للاكل بدون تسخين (Cakes and bakery products ready to eat ),Cakes and bakery products ready to eat,الكعك ومنتجات المخابز الجاهزة للاكل بدون تسخين (Cakes and bakery products ready to eat ),sweets_bakery,مطعم هارموني - حي النخيل,مطعم هارموني,حي النخيل,مطعم هارموني - حي النخيل,وسط الرياض,قطاع,القطاع وسط الرياض,True,False,لا يوجد,,0,,,False,none,,4,True
Data 2025.xlsx,10592,2025-11-25,2025-11,2025-W48,4,1,ca-0099-r01,ca-0099-R01,كروسان جبن مع زعتر,الكعك ومنتجات المخابز الجاهزة للاكل بدون تسخين (Cakes and bakery products ready to eat ),Cakes and bakery products ready to eat,الكعك ومنتجات المخابز الجاهزة للاكل بدون تسخين (Cakes and bakery products ready to eat ),sweets_bakery,مطعم هارموني - حي النخيل,مطعم هارموني,حي النخيل,مطعم هارموني - حي النخيل,وسط الرياض,قطاع,القطاع وسط الرياض,True,False,لا يوجد,,0,,,False,none,,4,True
Data 2025.xlsx,10593,2025-11-25,2025-11,2025-W48,4,1,ca-0100-r01,ca-0100-R01,كروسان شوكليت,الكعك ومنتجات المخابز الجاهزة للاكل بدون تسخين (Cakes and bakery products ready to eat ),Cakes and bakery products ready to eat,الكعك ومنتجات المخابز الجاهزة للاكل بدون تسخين (Cakes and bakery products ready to eat ),sweets_bakery,مطعم هارموني - حي النخيل,مطعم هارموني,حي النخيل,مطعم هارموني - حي النخيل,وسط الرياض,قطاع,القطاع وسط الرياض,True,False,لا يوجد,,0,,,False,none,,4,True
Data 2025.xlsx,10594,2025-11-25,2025-11,2025-W48,4,1,ca-0101-r01,ca-0101-R01,كروسان لوز,الكعك ومنتجات المخابز الجاهزة للاكل بدون تسخين (Cakes and bakery products ready to eat ),Cakes and bakery products ready to eat,الكعك ومنتجات المخابز الجاهزة للاكل بدون تسخين (Cakes and bakery products ready to eat ),sweets_bakery,مطعم هارموني - حي النخيل,مطعم هارموني,حي النخيل,مطعم هارموني - حي النخيل,وسط الرياض,قطاع,القطاع وسط الرياض,True,False,لا يوجد,,0,,,False,none,,4,True
Data 2025.xlsx,10595,2025-11-25,2025-11,2025-W48,4,1,ca-0102-r01,ca-0102-R01,كروسان بستاشو,الكعك ومنتجات المخابز الجاهزة للاكل بدون تسخين (Cakes and bakery products ready to eat ),Cakes and bakery products ready to eat,الكعك ومنتجات المخابز الجاهزة للاكل بدون تسخين (Cakes and bakery products ready to eat ),sweets_bakery,مطعم هارموني - حي النخيل,مطعم هارموني,حي النخيل,مطعم هارموني - حي النخيل,وسط الرياض,قطاع,القطاع وسط الرياض,False,True,العد الكلي للبكتيريا,العد الكلي للبكتيريا,1,,العد الكلي للبكتيريا,False,indicator_only,,5,True
Data 2025.xlsx,10587,2025-11-25,2025-11,2025-W48,4,1,cho-0105-r01,cho-0105-R01,شوكليت كيك,الشوكولاته (Chocolate),Chocolate,الشوكولاته (Chocolate),sweets_bakery,مطعم هارموني - حي النخيل,مطعم هارموني,حي النخيل,مطعم هارموني - حي النخيل,وسط الرياض,قطاع,القطاع وسط الرياض,True,False,لا يوجد,,0,,,False,none,,3,True
Data 2025.xlsx,10588,2025-11-25,2025-11,2025-W48,4,1,cho-0106-r01,cho-0106-R01,كرانشي شوكليت,الشوكولاته (Chocolate),Chocolate,الشوكولاته (Chocolate),sweets_bakery,مطعم هارموني - حي النخيل,مطعم هارموني,حي النخيل,مطعم هارموني - حي النخيل,وسط الرياض,قطاع,القطاع وسط الرياض,True,False,لا يوجد,,0,,,False,none,,3,True
Data 2025.xlsx,10567,2025-11-25,2025-11,2025-W48,4,1,ck-0154-r01,ck-0154-R01,تشيز كيك كراميل,كيك (cake),cake,كيك (cake),sweets_bakery,مطعم ثري - حي النخيل,مطعم ثري,حي النخيل,مطعم ثري - حي النخيل,وسط الرياض,قطاع,القطاع وسط الرياض,False,True,العد الكلي للبكتيريا,العد الكلي للبكتيريا,1,,العد الكلي للبكتيريا,False,indicator_only,,9,True
Data 2025.xlsx,10585,2025-11-25,2025-11,2025-W48,4,1,ck-0155-r01,ck-0155-R01,تشيز كيك مانجا,كيك (cake),cake,كيك (cake),sweets_bakery,مطعم هارموني - حي النخيل,مطعم هارموني,حي النخيل,مطعم هارموني - حي النخيل,وسط الرياض,قطاع,القطاع وسط الرياض,True,False,لا يوجد,,0,,,False,none,,3,True
Data 2025.xlsx,10586,2025-11-25,2025-11,2025-W48,4,1,ck-0156-r01,ck-0156-R01,كيك عسل,كيك (cake),cake,كيك (cake),sweets_bakery,مطعم هارموني - حي النخيل,مطعم هارموني,حي النخيل,مطعم هارموني - حي النخيل,وسط الرياض,قطاع,القطاع وسط الرياض,True,False,لا يوجد,,0,,,False,none,,3,True
Data 2025.xlsx,10604,2025-11-25,2025-11,2025-W48,4,1,ck-0157-r01,ck-0157-R01,كيك بيكان تمر,كيك (cake),cake,كيك (cake),sweets_bakery,ثلاث افكار -دوبامين - حي النخيل,ثلاث افكار,دوبامين - حي النخيل,ثلاث افكار -دوبامين - حي النخيل,المعذر,بلدية,بلدية المعذر,True,False,لا يوجد,,0,,,False,none,,0,False
Data 2025.xlsx,10547,2025-11-25,2025-11,2025-W48,4,1,coff-1059-r01,Coff-1059-R01,مشروب ايس كافي,القهوة ومشتقاتها (Coffee and derivatives),Coffee and derivatives,القهوة ومشتقاتها (Coffee and derivatives),beverage,مطعم ثري - حي النخيل,مطعم ثري,حي النخيل,مطعم ثري - حي النخيل,وسط الرياض,قطاع,القطاع وسط الرياض,True,False,لا يوجد,,0,,,False,none,,3,True
Data 2025.xlsx,10555,2025-11-25,2025-11,2025-W48,4,1,eggs-0114-r01,eggs-0114-R01,بيض مقلي,البيض ومنتجاته ( eggs and products),eggs and products,البيض ومنتجاته ( eggs and products),dairy,مطعم ثري - حي النخيل,مطعم ثري,حي النخيل,مطعم ثري - حي النخيل,وسط الرياض,قطاع,القطاع وسط الرياض,True,False,لا يوجد,,0,,,False,none,,5,True
Data 2025.xlsx,10558,2025-11-25,2025-11,2025-W48,4,1,fl-0036-r01,fl-0036-R01,نكهة كركدية,شراب بنكهة و مركزاتها ( flavoured drink & its concentrates ),flavoured drink & its concentrates,شراب بنكهة و مركزاتها ( flavoured drink & its concentrates ),sauce_condiment,مطعم ثري - حي النخيل,مطعم ثري,حي النخيل,مطعم ثري - حي النخيل,وسط الرياض,قطاع,القطاع وسط الرياض,True,False,لا يوجد,,0,,,False,none,,6,True
Data 2025.xlsx,10559,2025-11-25,2025-11,2025-W48,4,1,fl-0037-r01,fl-0037-R01,نكهة رمان,شراب بنكهة و مركزاتها ( flavoured drink & its concentrates ),flavoured drink & its concentrates,شراب بنكهة و مركزاتها ( flavoured drink & its concentrates ),sauce_condiment,مطعم ثري - حي النخيل,مطعم ثري,حي النخيل,مطعم ثري - حي النخيل,وسط الرياض,قطاع,القطاع وسط الرياض,True,False,لا يوجد,,0,,,False,none,,6,True
Data 2025.xlsx,10560,2025-11-25,2025-11,2025-W48,4,1,fl-0038-r01,fl-0038-R01,نكهة فراولة,شراب بنكهة و مركزاتها ( flavoured drink & its concentrates ),flavoured drink & its concentrates,شراب بنكهة و مركزاتها ( flavoured drink & its concentrates ),sauce_condiment,مطعم ثري - حي النخيل,مطعم ثري,حي النخيل,مطعم ثري - حي النخيل,وسط الرياض,قطاع,القطاع وسط الرياض,True,False,لا يوجد,,0,,,False,none,,6,True
Data 2025.xlsx,10561,2025-11-25,2025-11,2025-W48,4,1,fl-0039-r01,fl-0039-R01,نكهة قصب سكر,شراب بنكهة و مركزاتها ( flavoured drink & its concentrates ),flavoured drink & its concentrates,شراب بنكهة و مركزاتها ( flavoured drink & its concentrates ),sauce_condiment,مطعم ثري - حي النخيل,مطعم ثري,حي النخيل,مطعم ثري - حي النخيل,وسط الرياض,قطاع,القطاع وسط الرياض,False,True,العد الكلي للبكتيريا,العد الكلي للبكتيريا,1,,العد الكلي للبكتيريا,False,indicator_only,,7,True
Data 2025.xlsx,10562,2025-11-25,2025-11,2025-W48,4,1,fl-0040-r01,fl-0040-R01,نكهة البرتقال الازرق,شراب بنكهة و مركزاتها ( flavoured drink & its concentrates ),flavoured drink & its concentrates,شراب بنكهة و مركزاتها ( flavoured drink & its concentrates ),sauce_condiment,مطعم ثري - حي النخيل,مطعم ثري,حي النخيل,مطعم ثري - حي النخيل,وسط الرياض,قطاع,القطاع وسط الرياض,True,False,لا يوجد,,0,,,False,none,,7,True
Data 2025.xlsx,10563,2025-11-25,2025-11,2025-W48,4,1,fl-0041-r01,fl-0041-R01,نكهة بلو بيري,شراب بنكهة و مركزاتها ( flavoured drink & its concentrates ),flavoured drink & its concentrates,شراب بنكهة و مركزاتها ( flavoured drink & its concentrates ),sauce_condiment,مطعم ثري - حي النخيل,مطعم ثري,حي النخيل,مطعم ثري - حي النخيل,وسط الرياض,قطاع,القطاع وسط الرياض,True,False,لا يوجد,,0,,,False,none,,7,True
Data 2025.xlsx,10564,2025-11-25,2025-11,2025-W48,4,1,fl-0042-r01,fl-0042-R01,نكهة باشن فروت,شراب بنكهة و مركزاتها ( flavoured drink & its concentrates ),flavoured drink & its concentrates,شراب بنكهة و مركزاتها ( flavoured drink & its concentrates ),sauce_condiment,مطعم ثري - حي النخيل,مطعم ثري,حي النخيل,مطعم ثري - حي النخيل,وسط الرياض,قطاع,القطاع وسط الرياض,True,False,لا يوجد,,0,,,False,none,,7,True
Data 2025.xlsx,10565,2025-11-25,2025-11,2025-W48,4,1,fl-0043-r01,fl-0043-R01,نكهة فانيلا,شراب بنكهة و مركزاتها ( flavoured drink & its concentrates ),flavoured drink & its concentrates,شراب بنكهة و مركزاتها ( flavoured drink & its concentrates ),sauce_condiment,مطعم ثري - حي النخيل,مطعم ثري,حي النخيل,مطعم ثري - حي النخيل,وسط الرياض,قطاع,القطاع وسط الرياض,False,True,العد الكلي للبكتيريا,العد الكلي للبكتيريا,1,,العد الكلي للبكتيريا,False,indicator_only,,8,True
Data 2025.xlsx,10572,2025-11-25,2025-11,2025-W48,4,1,fl-0044-r01,fl-0044-R01,نكهة فانيلا,شراب بنكهة و مركزاتها ( flavoured drink & its concentrates ),flavoured drink & its concentrates,شراب بنكهة و مركزاتها ( flavoured drink & its concentrates ),sauce_condiment,مطعم هارموني - حي النخيل,مطعم هارموني,حي النخيل,مطعم هارموني - حي النخيل,وسط الرياض,قطاع,القطاع وسط الرياض,True,False,لا يوجد,,0,,,False,none,,2,True
Data 2025.xlsx,10573,2025-11-25,2025-11,2025-W48,4,1,fl-0045-r01,fl-0045-R01,نكهة كركدية,شراب بنكهة و مركزاتها ( flavoured drink & its concentrates ),flavoured drink & its concentrates,شراب بنكهة و مركزاتها ( flavoured drink & its concentrates ),sauce_condiment,مطعم هارموني - حي النخيل,مطعم هارموني,حي النخيل,مطعم هارموني - حي النخيل,وسط الرياض,قطاع,القطاع وسط الرياض,True,False,لا يوجد,,0,,,False,none,,2,True
Data 2025.xlsx,10574,2025-11-25,2025-11,2025-W48,4,1,fl-0046-r01,fl-0046-R01,نكهة رمان,شراب بنكهة و مركزاتها ( flavoured drink & its concentrates ),flavoured drink & its concentrates,شراب بنكهة و مركزاتها ( flavoured drink & its concentrates ),sauce_condiment,مطعم هارموني - حي النخيل,مطعم هارموني,حي النخيل,مطعم هارموني - حي النخيل,وسط الرياض,قطاع,القطاع وسط الرياض,True,False,لا يوجد,,0,,,False,none,,2,True
Data 2025.xlsx,10575,2025-11-25,2025-11,2025-W48,4,1,fl-0047-r01,fl-0047-R01,نكهة قصب سكر,شراب بنكهة و مركزاتها ( flavoured drink & its concentrates ),flavoured drink & its concentrates,شراب بنكهة و مركزاتها ( flavoured drink & its concentrates ),sauce_condiment,مطعم هارموني - حي النخيل,مطعم هارموني,حي النخيل,مطعم هارموني - حي النخيل,وسط الرياض,قطاع,القطاع وسط الرياض,True,False,لا يوجد,,0,,,False,none,,2,True
Data 2025.xlsx,10576,2025-11-25,2025-11,2025-W48,4,1,fl-0048-r01,fl-0048-R01,نكهة بلو بيري,شراب بنكهة و مركزاتها ( flavoured drink & its concentrates ),flavoured drink & its concentrates,شراب بنكهة و مركزاتها ( flavoured drink & its concentrates ),sauce_condiment,مطعم هارموني - حي النخيل,مطعم هارموني,حي النخيل,مطعم هارموني - حي النخيل,وسط الرياض,قطاع,القطاع وسط الرياض,True,False,لا يوجد,,0,,,False,none,,2,True
Data 2025.xlsx,10577,2025-11-25,2025-11,2025-W48,4,1,fl-0049-r01,fl-0049-R01,نكهة فراولة,شراب بنكهة و مركزاتها ( flavoured drink & its concentrates ),flavoured drink & its concentrates,شراب بنكهة و مركزاتها ( flavoured drink & its concentrates ),sauce_condiment,مطعم هارموني - حي النخيل,مطعم هارموني,حي النخيل,مطعم هارموني - حي النخيل,وسط الرياض,قطاع,القطاع وسط الرياض,True,False,لا يوجد,,0,,,False,none,,2,True
Data 2025.xlsx,10578,2025-11-25,2025-11,2025-W48,4,1,fl-0050-r01,fl-0050-R01,نكهة باشن فروت,شراب بنكهة و مركزاتها ( flavoured drink & its concentrates ),flavoured drink & its concentrates,شراب بنكهة و مركزاتها ( flavoured drink & its concentrates ),sauce_condiment,مطعم هارموني - حي النخيل,مطعم هارموني,حي النخيل,مطعم هارموني - حي النخيل,وسط الرياض,قطاع,القطاع وسط الرياض,True,False,لا يوجد,,0,,,False,none,,2,True
Data 2025.xlsx,10546,2025-11-25,2025-11,2025-W48,4,1,he-0009-r01,he-0009-R01,مشروب كركدية,الأعشاب والتوابل الجافة جاهزة للاكل (Dried herbs and spices ready to eat),Dried herbs and spices ready to eat,الأعشاب والتوابل الجافة جاهزة للاكل (Dried herbs and spices ready to eat),produce,مطعم ثري - حي النخيل,مطعم ثري,حي النخيل,مطعم ثري - حي النخيل,وسط الرياض,قطاع,القطاع وسط الرياض,False,True,الخمائر والاعفان,الخمائر والاعفان,1,,الخمائر والاعفان,False,indicator_only,,3,True
Data 2025.xlsx,10571,2025-11-25,2025-11,2025-W48,4,1,jui-0588-r01,jui-0588-R01,عصير باشن فروت,العصائر الطازجة Un-pasteurized juices (fresh),fresh,العصائر الطازجة Un-pasteurized juices (fresh),beverage,مطعم هارموني - حي النخيل,مطعم هارموني,حي النخيل,مطعم هارموني - حي النخيل,وسط الرياض,قطاع,القطاع وسط الرياض,True,False,لا يوجد,,0,,,False,none,,2,True
Data 2025.xlsx,10544,2025-11-25,2025-11,2025-W48,4,1,milk-0052-r01,Milk-0052-R01,صوص سبانيش لاتية,الحليب (Milk),Milk,الحليب (Milk),dairy,مطعم ثري - حي النخيل,مطعم ثري,حي النخيل,مطعم ثري - حي النخيل,وسط الرياض,قطاع,القطاع وسط الرياض,False,True,انتيروباكتريسي,انتيروباكتريسي,1,,انتيروباكتريسي,False,indicator_only,,1,False
Data 2025.xlsx,10569,2025-11-25,2025-11,2025-W48,4,1,milk-0053-r01,Milk-0053-R01,صوص سبانيش لاتية,الحليب (Milk),Milk,الحليب (Milk),dairy,مطعم هارموني - حي النخيل,مطعم هارموني,حي النخيل,مطعم هارموني - حي النخيل,وسط الرياض,قطاع,القطاع وسط الرياض,False,True,العد الكلي للبكتيريا,العد الكلي للبكتيريا,1,,العد الكلي للبكتيريا,False,indicator_only,,1,False
Data 2025.xlsx,10605,2025-11-25,2025-11,2025-W48,4,1,milk-0054-r01,Milk-0054-R01,صوص سبانيش لاتية,الحليب (Milk),Milk,الحليب (Milk),dairy,ثلاث افكار -دوبامين - حي النخيل,ثلاث افكار,دوبامين - حي النخيل,ثلاث افكار -دوبامين - حي النخيل,المعذر,بلدية,بلدية المعذر,True,False,لا يوجد,,0,,,False,none,,0,False
Data 2025.xlsx,10606,2025-11-25,2025-11,2025-W48,4,1,milk-0055-r01,Milk-0055-R01,صوص لاتية سعودي,الحليب (Milk),Milk,الحليب (Milk),dairy,ثلاث افكار -دوبامين - حي النخيل,ثلاث افكار,دوبامين - حي النخيل,ثلاث افكار -دوبامين - حي النخيل,المعذر,بلدية,بلدية المعذر,True,False,لا يوجد,,0,,,False,none,,0,False
Data 2025.xlsx,10607,2025-11-25,2025-11,2025-W48,4,1,milk-0056-r01,Milk-0056-R01,حليب نادك,الحليب (Milk),Milk,الحليب (Milk),dairy,ثلاث افكار -دوبامين - حي النخيل,ثلاث افكار,دوبامين - حي النخيل,ثلاث افكار -دوبامين - حي النخيل,المعذر,بلدية,بلدية المعذر,True,False,لا يوجد,,0,,,False,none,,0,False
Data 2025.xlsx,10556,2025-11-25,2025-11,2025-W48,4,1,sa-0943-r01,sa-0943-R01,سلطة تونة,اطعمة جاهزة للأكل Ready to eat meals,Ready to eat meals,اطعمة جاهزة للأكل Ready to eat meals,prepared_meal,مطعم ثري - حي النخيل,مطعم ثري,حي النخيل,مطعم ثري - حي النخيل,وسط الرياض,قطاع,القطاع وسط الرياض,True,False,لا يوجد,,0,,,False,none,,5,True
Data 2025.xlsx,10582,2025-11-25,2025-11,2025-W48,4,1,sa-0944-r01,sa-0944-R01,سلطة تونة,اطعمة جاهزة للأكل Ready to eat meals,Ready to eat meals,اطعمة جاهزة للأكل Ready to eat meals,prepared_meal,مطعم هارموني - حي النخيل,مطعم هارموني,حي النخيل,مطعم هارموني - حي النخيل,وسط الرياض,قطاع,القطاع وسط الرياض,True,False,لا يوجد,,0,,,False,none,,2,True
Data 2025.xlsx,10545,2025-11-25,2025-11,2025-W48,4,1,sau-2721-r01,sau-2721-R01,صوص بستاشو,صوص (sauce),sauce,صوص (sauce),sauce_condiment,مطعم ثري - حي النخيل,مطعم ثري,حي النخيل,مطعم ثري - حي النخيل,وسط الرياض,قطاع,القطاع وسط الرياض,False,True,العد الكلي للبكتيريا,العد الكلي للبكتيريا,1,,العد الكلي للبكتيريا,False,indicator_only,,2,True
Data 2025.xlsx,10554,2025-11-25,2025-11,2025-W48,4,1,sau-2722-r01,sau-2722-R01,صوص ساندويتش,صوص (sauce),sauce,صوص (sauce),sauce_condiment,مطعم ثري - حي النخيل,مطعم ثري,حي النخيل,مطعم ثري - حي النخيل,وسط الرياض,قطاع,القطاع وسط الرياض,True,False,لا يوجد,,0,,,False,none,,5,True
Data 2025.xlsx,10568,2025-11-25,2025-11,2025-W48,4,1,sau-2723-r01,sau-2723-R01,كراميل صوص,صوص (sauce),sauce,صوص (sauce),sauce_condiment,مطعم ثري - حي النخيل,مطعم ثري,حي النخيل,مطعم ثري - حي النخيل,وسط الرياض,قطاع,القطاع وسط الرياض,True,False,لا يوجد,,0,,,False,none,,9,True
Data 2025.xlsx,10570,2025-11-25,2025-11,2025-W48,4,1,sau-2724-r01,sau-2724-R01,صوص بستاشو,صوص (sauce),sauce,صوص (sauce),sauce_condiment,مطعم هارموني - حي النخيل,مطعم هارموني,حي النخيل,مطعم هارموني - حي النخيل,وسط الرياض,قطاع,القطاع وسط الرياض,False,True,العد الكلي للبكتيريا,العد الكلي للبكتيريا,1,,العد الكلي للبكتيريا,False,indicator_only,,2,True
Data 2025.xlsx,10583,2025-11-25,2025-11,2025-W48,4,1,sau-2725-r01,sau-2725-R01,صوص كراميل,صوص (sauce),sauce,صوص (sauce),sauce_condiment,مطعم هارموني - حي النخيل,مطعم هارموني,حي النخيل,مطعم هارموني - حي النخيل,وسط الرياض,قطاع,القطاع وسط الرياض,True,False,لا يوجد,,0,,,False,none,,2,True
Data 2025.xlsx,10584,2025-11-25,2025-11,2025-W48,4,1,sau-2726-r01,sau-2726-R01,صوص كنافة,صوص (sauce),sauce,صوص (sauce),sauce_condiment,مطعم هارموني - حي النخيل,مطعم هارموني,حي النخيل,مطعم هارموني - حي النخيل,وسط الرياض,قطاع,القطاع وسط الرياض,False,True,العد الكلي للبكتيريا | انتيروباكتريسي | ايشيريشيا كولاي,العد الكلي للبكتيريا | انتيروباكتريسي | ايشيريشيا كولاي,3,ايشيريشيا كولاي,العد الكلي للبكتيريا | انتيروباكتريسي,True,pathogen,,3,True
Data 2025.xlsx,10557,2025-11-25,2025-11,2025-W48,4,1,so-0020-r01,SO-0020-R01,جبن حلوم,(Soft Cheese) جبن طري / جبن سائل,Soft Cheese,(Soft Cheese) جبن طري / جبن سائل,dairy,مطعم ثري - حي النخيل,مطعم ثري,حي النخيل,مطعم ثري - حي النخيل,وسط الرياض,قطاع,القطاع وسط الرياض,False,True,انتيروباكتريسي,انتيروباكتريسي,1,,انتيروباكتريسي,False,indicator_only,,6,True
Data 2025.xlsx,10579,2025-11-25,2025-11,2025-W48,4,1,so-0021-r01,SO-0021-R01,جبن حلومي,(Soft Cheese) جبن طري / جبن سائل,Soft Cheese,(Soft Cheese) جبن طري / جبن سائل,dairy,مطعم هارموني - حي النخيل,مطعم هارموني,حي النخيل,مطعم هارموني - حي النخيل,وسط الرياض,قطاع,القطاع وسط الرياض,True,False,لا يوجد,,0,,,False,none,,2,True
Data 2025.xlsx,10580,2025-11-25,2025-11,2025-W48,4,1,so-0022-r01,SO-0022-R01,جبن موزاريلا,(Soft Cheese) جبن طري / جبن سائل,Soft Cheese,(Soft Cheese) جبن طري / جبن سائل,dairy,مطعم هارموني - حي النخيل,مطعم هارموني,حي النخيل,مطعم هارموني - حي النخيل,وسط الرياض,قطاع,القطاع وسط الرياض,True,False,لا يوجد,,0,,,False,none,,2,True
Data 2025.xlsx,10566,2025-11-25,2025-11,2025-W48,4,1,sw-3774-r01,sw-3774-R01,مسحة صانعة ثلج,(Swabs) المسحات,Swabs,(Swabs) المسحات,swab,مطعم ثري - حي النخيل,مطعم ثري,حي النخيل,مطعم ثري - حي النخيل,وسط الرياض,قطاع,القطاع وسط الرياض,True,False,لا يوجد,,0,,,False,none,,8,True
Data 2025.xlsx,10596,2025-11-25,2025-11,2025-W48,4,1,sw-3775-r01,sw-3775-R01,مسحة ثلاجة,(Swabs) المسحات,Swabs,(Swabs) المسحات,swab,مطعم هارموني - حي النخيل,مطعم هارموني,حي النخيل,مطعم هارموني - حي النخيل,وسط الرياض,قطاع,القطاع وسط الرياض,True,False,لا يوجد,,0,,,False,none,,5,True
Data 2025.xlsx,10597,2025-11-25,2025-11,2025-W48,4,1,sw-3776-r01,sw-3776-R01,مسحة ثلاجة,(Swabs) المسحات,Swabs,(Swabs) المسحات,swab,مطعم هارموني - حي النخيل,مطعم هارموني,حي النخيل,مطعم هارموني - حي النخيل,وسط الرياض,قطاع,القطاع وسط الرياض,True,False,لا يوجد,,0,,,False,none,,5,True
Data 2025.xlsx,10598,2025-11-25,2025-11,2025-W48,4,1,sw-3777-r01,sw-3777-R01,مسحة ثلاجة,(Swabs) المسحات,Swabs,(Swabs) المسحات,swab,مطعم هارموني - حي النخيل,مطعم هارموني,حي النخيل,مطعم هارموني - حي النخيل,وسط الرياض,قطاع,القطاع وسط الرياض,True,False,لا يوجد,,0,,,False,none,,5,True
Data 2025.xlsx,10599,2025-11-25,2025-11,2025-W48,4,1,sw-3778-r01,sw-3778-R01,مسحة ثلاجة,(Swabs) المسحات,Swabs,(Swabs) المسحات,swab,مطعم هارموني - حي النخيل,مطعم هارموني,حي النخيل,مطعم هارموني - حي النخيل,وسط الرياض,قطاع,القطاع وسط الرياض,True,False,لا يوجد,,0,,,False,none,,5,True
Data 2025.xlsx,10600,2025-11-25,2025-11,2025-W48,4,1,sw-3779-r01,sw-3779-R01,مسحة ثلاجة,(Swabs) المسحات,Swabs,(Swabs) المسحات,swab,مطعم هارموني - حي النخيل,مطعم هارموني,حي النخيل,مطعم هارموني - حي النخيل,وسط الرياض,قطاع,القطاع وسط الرياض,True,False,لا يوجد,,0,,,False,none,,5,True
Data 2025.xlsx,10601,2025-11-25,2025-11,2025-W48,4,1,sw-3780-r01,sw-3780-R01,مسحة صانعة ثلج,(Swabs) المسحات,Swabs,(Swabs) المسحات,swab,مطعم هارموني - حي النخيل,مطعم هارموني,حي النخيل,مطعم هارموني - حي النخيل,وسط الرياض,قطاع,القطاع وسط الرياض,True,False,لا يوجد,,0,,,False,none,,5,True
Data 2025.xlsx,10602,2025-11-25,2025-11,2025-W48,4,1,sw-3781-r01,sw-3781-R01,مسحة ثلاجة,(Swabs) المسحات,Swabs,(Swabs) المسحات,swab,مطعم هارموني - حي النخيل,مطعم هارموني,حي النخيل,مطعم هارموني - حي النخيل,وسط الرياض,قطاع,القطاع وسط الرياض,True,False,لا يوجد,,0,,,False,none,,5,True
Data 2025.xlsx,10603,2025-11-25,2025-11,2025-W48,4,1,sw-3782-r01,sw-3782-R01,مياه فلتر للعجانة م ك,(Swabs) المسحات,Swabs,(Swabs) المسحات,swab,مطعم هارموني - حي النخيل,مطعم هارموني,حي النخيل,مطعم هارموني - حي النخيل,وسط الرياض,قطاع,القطاع وسط الرياض,True,False,لا يوجد,,0,,,False,none,,5,True
Data 2025.xlsx,10610,2025-11-25,2025-11,2025-W48,4,1,sw-3783-r01,sw-3783-R01,مسحة ثلاجة كيك,(Swabs) المسحات,Swabs,(Swabs) المسحات,swab,ثلاث افكار -دوبامين - حي النخيل,ثلاث افكار,دوبامين - حي النخيل,ثلاث افكار -دوبامين - حي النخيل,المعذر,بلدية,بلدية المعذر,True,False,لا يوجد,,0,,,False,none,,0,False
Data 2025.xlsx,10611,2025-11-25,2025-11,2025-W48,4,1,sw-3784-r01,sw-3784-R01,مسحة صانعة ثلج,(Swabs) المسحات,Swabs,(Swabs) المسحات,swab,ثلاث افكار -دوبامين - حي النخيل,ثلاث افكار,دوبامين - حي النخيل,ثلاث افكار -دوبامين - حي النخيل,المعذر,بلدية,بلدية المعذر,True,False,لا يوجد,,0,,,False,none,,0,False
Data 2025.xlsx,10612,2025-11-25,2025-11,2025-W48,4,1,sw-3785-r01,sw-3785-R01,مسحة صانعة ثلج,(Swabs) المسحات,Swabs,(Swabs) المسحات,swab,ثلاث افكار -دوبامين - حي النخيل,ثلاث افكار,دوبامين - حي النخيل,ثلاث افكار -دوبامين - حي النخيل,المعذر,بلدية,بلدية المعذر,True,False,لا يوجد,,0,,,False,none,,0,False
Data 2025.xlsx,10613,2025-11-25,2025-11,2025-W48,4,1,sw-3786-r01,sw-3786-R01,مسحة صانعة ثلج,(Swabs) المسحات,Swabs,(Swabs) المسحات,swab,ثلاث افكار -دوبامين - حي النخيل,ثلاث افكار,دوبامين - حي النخيل,ثلاث افكار -دوبامين - حي النخيل,المعذر,بلدية,بلدية المعذر,True,False,لا يوجد,,0,,,False,none,,0,False
Data 2025.xlsx,10608,2025-11-25,2025-11,2025-W48,4,1,tea-0020-r01,tea-0020-R01,ايس تي خوخ,جميع أنواع الشاي (All types of tea),All types of tea,جميع أنواع الشاي (All types of tea),beverage,ثلاث افكار -دوبامين - حي النخيل,ثلاث افكار,دوبامين - حي النخيل,ثلاث افكار -دوبامين - حي النخيل,المعذر,بلدية,بلدية المعذر,True,False,لا يوجد,,0,,,False,none,,0,False
Data 2025.xlsx,10609,2025-11-25,2025-11,2025-W48,4,1,tea-0021-r01,tea-0021-R01,ايس تي اخضر,جميع أنواع الشاي (All types of tea),All types of tea,جميع أنواع الشاي (All types of tea),beverage,ثلاث افكار -دوبامين - حي النخيل,ثلاث افكار,دوبامين - حي النخيل,ثلاث افكار -دوبامين - حي النخيل,المعذر,بلدية,بلدية المعذر,True,False,لا يوجد,,0,,,False,none,,0,False
Data 2025.xlsx,10581,2025-11-25,2025-11,2025-W48,4,1,to-0012-r01,to-0012-R01,طماطم مجفف,جميع أنواع منتجات الطماطم (All kinds of tomato products),All kinds of tomato products,جميع أنواع منتجات الطماطم (All kinds of tomato products),produce,مطعم هارموني - حي النخيل,مطعم هارموني,حي النخيل,مطعم هارموني - حي النخيل,وسط الرياض,قطاع,القطاع وسط الرياض,True,False,لا يوجد,,0,,,False,none,,2,True
Data 2025.xlsx,10614,2025-11-25,2025-11,2025-W48,4,1,ubot-1172-r01,Ubot-1172-R01,مياه فلتر للعجانة,المياه الغير معبأة (Unbottled water),Unbottled water,المياه الغير المعبأة (Unbottled water),water,مطعم هارموني - حي النخيل,مطعم هارموني,حي النخيل,مطعم هارموني - حي النخيل,وسط الرياض,قطاع,القطاع وسط الرياض,True,False,لا يوجد,,0,,,False,none,category_merged_to_canonical,5,True
Data 2025.xlsx,10630,2025-11-29,2025-11,2025-W48,4,5,appe-0661-r01,Appe-0661-R01,حمص,مقبلات (Appetizers),Appetizers,مقبلات (Appetizers),prepared_meal,مرزام - حي النخيل,مرزام,حي النخيل,مرزام - حي النخيل,المعذر,بلدية,بلدية المعذر,False,True,العد الكلي للبكتيريا,العد الكلي للبكتيريا,1,,العد الكلي للبكتيريا,False,indicator_only,,3,True
Data 2025.xlsx,10635,2025-11-29,2025-11,2025-W48,4,5,appe-0662-r01,Appe-0662-R01,متبل,مقبلات (Appetizers),Appetizers,مقبلات (Appetizers),prepared_meal,مرزام - حي النخيل,مرزام,حي النخيل,مرزام - حي النخيل,المعذر,بلدية,بلدية المعذر,True,False,لا يوجد,,0,,,False,none,,5,True
Data 2025.xlsx,10629,2025-11-29,2025-11,2025-W48,4,5,br-0118-r01,Br-0118-R01,خبز عريكة,الخبـز (Bread),Bread,الخبـز (Bread),sweets_bakery,مرزام - حي النخيل,مرزام,حي النخيل,مرزام - حي النخيل,المعذر,بلدية,بلدية المعذر,True,False,لا يوجد,,0,,,False,none,,2,True
Data 2025.xlsx,10652,2025-11-29,2025-11,2025-W48,4,5,ca-0103-r01,ca-0103-R01,سينابون رول,الكعك ومنتجات المخابز الجاهزة للاكل بدون تسخين (Cakes and bakery products ready to eat ),Cakes and bakery products ready to eat,الكعك ومنتجات المخابز الجاهزة للاكل بدون تسخين (Cakes and bakery products ready to eat ),sweets_bakery,جست | سبيس - حي النخيل,جست | سبيس,حي النخيل,جست | سبيس - حي النخيل,المعذر,بلدية,بلدية المعذر,True,False,لا يوجد,,0,,,False,none,,0,False
Data 2025.xlsx,10653,2025-11-29,2025-11,2025-W48,4,5,ca-0104-r01,ca-0104-R01,كردمون بالهيل,الكعك ومنتجات المخابز الجاهزة للاكل بدون تسخين (Cakes and bakery products ready to eat ),Cakes and bakery products ready to eat,الكعك ومنتجات المخابز الجاهزة للاكل بدون تسخين (Cakes and bakery products ready to eat ),sweets_bakery,جست | سبيس - حي النخيل,جست | سبيس,حي النخيل,جست | سبيس - حي النخيل,المعذر,بلدية,بلدية المعذر,True,False,لا يوجد,,0,,,False,none,,0,False
Data 2025.xlsx,10654,2025-11-29,2025-11,2025-W48,4,5,ca-0105-r01,ca-0105-R01,كوكيز بالطحينة,الكعك ومنتجات المخابز الجاهزة للاكل بدون تسخين (Cakes and bakery products ready to eat ),Cakes and bakery products ready to eat,الكعك ومنتجات المخابز الجاهزة للاكل بدون تسخين (Cakes and bakery products ready to eat ),sweets_bakery,جست | سبيس - حي النخيل,جست | سبيس,حي النخيل,جست | سبيس - حي النخيل,المعذر,بلدية,بلدية المعذر,True,False,لا يوجد,,0,,,False,none,,0,False
Data 2025.xlsx,10655,2025-11-29,2025-11,2025-W48,4,5,ca-0106-r01,ca-0106-R01,بنك مادلين,الكعك ومنتجات المخابز الجاهزة للاكل بدون تسخين (Cakes and bakery products ready to eat ),Cakes and bakery products ready to eat,الكعك ومنتجات المخابز الجاهزة للاكل بدون تسخين (Cakes and bakery products ready to eat ),sweets_bakery,جست | سبيس - حي النخيل,جست | سبيس,حي النخيل,جست | سبيس - حي النخيل,المعذر,بلدية,بلدية المعذر,True,False,لا يوجد,,0,,,False,none,,0,False
Data 2025.xlsx,10656,2025-11-29,2025-11,2025-W48,4,5,ca-0107-r01,ca-0107-R01,كوكن شوكليت,الكعك ومنتجات المخابز الجاهزة للاكل بدون تسخين (Cakes and bakery products ready to eat ),Cakes and bakery products ready to eat,الكعك ومنتجات المخابز الجاهزة للاكل بدون تسخين (Cakes and bakery products ready to eat ),sweets_bakery,جست | سبيس - حي النخيل,جست | سبيس,حي النخيل,جست | سبيس - حي النخيل,المعذر,بلدية,بلدية المعذر,True,False,لا يوجد,,0,,,False,none,,0,False
Data 2025.xlsx,10662,2025-11-29,2025-11,2025-W48,4,5,ca-0108-r01,ca-0108-R01,سبانش كيك,الكعك ومنتجات المخابز الجاهزة للاكل بدون تسخين (Cakes and bakery products ready to eat ),Cakes and bakery products ready to eat,الكعك ومنتجات المخابز الجاهزة للاكل بدون تسخين (Cakes and bakery products ready to eat ),sweets_bakery,جست | سبيس - حي النخيل,جست | سبيس,حي النخيل,جست | سبيس - حي النخيل,المعذر,بلدية,بلدية المعذر,True,False,لا يوجد,,0,,,False,none,,1,False
Data 2025.xlsx,10664,2025-11-29,2025-11,2025-W48,4,5,ca-0109-r01,ca-0109-R01,بوكيت شوكليت,الكعك ومنتجات المخابز الجاهزة للاكل بدون تسخين (Cakes and bakery products ready to eat ),Cakes and bakery products ready to eat,الكعك ومنتجات المخابز الجاهزة للاكل بدون تسخين (Cakes and bakery products ready to eat ),sweets_bakery,جست | سبيس - حي النخيل,جست | سبيس,حي النخيل,جست | سبيس - حي النخيل,المعذر,بلدية,بلدية المعذر,True,False,لا يوجد,,0,,,False,none,,1,False
Data 2025.xlsx,10631,2025-11-29,2025-11,2025-W48,4,5,cho-0107-r01,cho-0107-R01,نوتيلا,الشوكولاته (Chocolate),Chocolate,الشوكولاته (Chocolate),sweets_bakery,مرزام - حي النخيل,مرزام,حي النخيل,مرزام - حي النخيل,المعذر,بلدية,بلدية المعذر,False,True,انتيروباكتريسي,انتيروباكتريسي,1,,انتيروباكتريسي,False,indicator_only,,4,True
Data 2025.xlsx,10666,2025-11-29,2025-11,2025-W48,4,5,cho-0108-r01,cho-0108-R01,صوص شوكليت بلجيكي,الشوكولاته (Chocolate),Chocolate,الشوكولاته (Chocolate),sweets_bakery,جست | سبيس - حي النخيل,جست | سبيس,حي النخيل,جست | سبيس - حي النخيل,المعذر,بلدية,بلدية المعذر,True,False,لا يوجد,,0,,,False,none,,2,True
Data 2025.xlsx,10661,2025-11-29,2025-11,2025-W48,4,5,coff-1065-r01,Coff-1065-R01,قهوة اسبريسو,القهوة ومشتقاتها (Coffee and derivatives),Coffee and derivatives,القهوة ومشتقاتها (Coffee and derivatives),beverage,جست | سبيس - حي النخيل,جست | سبيس,حي النخيل,جست | سبيس - حي النخيل,المعذر,بلدية,بلدية المعذر,True,False,لا يوجد,,0,,,False,none,,1,False
Data 2025.xlsx,10616,2025-11-29,2025-11,2025-W48,4,5,cr-0002-r01,CR-0002-R01,قشطة,(Pasteurized Cream) قشده مبسترة بدون نكهة,Pasteurized Cream,(Pasteurized Cream) قشده مبسترة بدون نكهة,dairy,مرزام - حي النخيل,مرزام,حي النخيل,مرزام - حي النخيل,المعذر,بلدية,بلدية المعذر,False,True,العد الكلي للبكتيريا | الخمائر والاعفان,العد الكلي للبكتيريا | الخمائر والاعفان,2,,العد الكلي للبكتيريا | الخمائر والاعفان,False,indicator_only,,1,False
Data 2025.xlsx,10660,2025-11-29,2025-11,2025-W48,4,5,eggs-0115-r01,eggs-0115-R01,بيض مع مايو وفلفل اسود,البيض ومنتجاته ( eggs and products),eggs and products,البيض ومنتجاته ( eggs and products),dairy,جست | سبيس - حي النخيل,جست | سبيس,حي النخيل,جست | سبيس - حي النخيل,المعذر,بلدية,بلدية المعذر,False,True,انتيروباكتريسي,انتيروباكتريسي,1,,انتيروباكتريسي,False,indicator_only,,1,False
Data 2025.xlsx,10620,2025-11-29,2025-11,2025-W48,4,5,fal-0007-r01,fal-0007-R01,فلافل,"فلافل، بهاجي Falafel ,Bhaji","Falafel ,Bhaji","فلافل، بهاجي Falafel ,Bhaji",sweets_bakery,مرزام - حي النخيل,مرزام,حي النخيل,مرزام - حي النخيل,المعذر,بلدية,بلدية المعذر,True,False,لا يوجد,,0,,,False,none,,2,True
Data 2025.xlsx,10683,2025-11-29,2025-11,2025-W48,4,5,fermintedmilk-0021-r01,Fermintedmilk-0021-R01,لبنة ديب,"Fermented milk products , منتجات الحليب المخمرة",Fermented milk products,"Fermented milk products , منتجات الحليب المخمرة",dairy,باولو - النخيل,باولو,النخيل,باولو - النخيل,وسط الرياض,قطاع,القطاع وسط الرياض,True,False,لا يوجد,,0,,,False,none,,2,True
Data 2025.xlsx,10684,2025-11-29,2025-11,2025-W48,4,5,fermintedmilk-0022-r01,Fermintedmilk-0022-R01,لبنة,"Fermented milk products , منتجات الحليب المخمرة",Fermented milk products,"Fermented milk products , منتجات الحليب المخمرة",dairy,باولو - النخيل,باولو,النخيل,باولو - النخيل,وسط الرياض,قطاع,القطاع وسط الرياض,True,False,لا يوجد,,0,,,False,none,,2,True
Data 2025.xlsx,10685,2025-11-29,2025-11,2025-W48,4,5,fermintedmilk-0023-r01,Fermintedmilk-0023-R01,مكس لبنة,"Fermented milk products , منتجات الحليب المخمرة",Fermented milk products,"Fermented milk products , منتجات الحليب المخمرة",dairy,باولو - النخيل,باولو,النخيل,باولو - النخيل,وسط الرياض,قطاع,القطاع وسط الرياض,True,False,لا يوجد,,0,,,False,none,,2,True
Data 2025.xlsx,10644,2025-11-29,2025-11,2025-W48,4,5,fl-0051-r01,fl-0051-R01,نكهة فانيلا,شراب بنكهة و مركزاتها ( flavoured drink & its concentrates ),flavoured drink & its concentrates,شراب بنكهة و مركزاتها ( flavoured drink & its concentrates ),sauce_condiment,مرزام - حي النخيل,مرزام,حي النخيل,مرزام - حي النخيل,المعذر,بلدية,بلدية المعذر,True,False,لا يوجد,,0,,,False,none,,7,True
Data 2025.xlsx,10645,2025-11-29,2025-11,2025-W48,4,5,fl-0052-r01,fl-0052-R01,نكهة بندق,شراب بنكهة و مركزاتها ( flavoured drink & its concentrates ),flavoured drink & its concentrates,شراب بنكهة و مركزاتها ( flavoured drink & its concentrates ),sauce_condiment,مرزام - حي النخيل,مرزام,حي النخيل,مرزام - حي النخيل,المعذر,بلدية,بلدية المعذر,True,False,لا يوجد,,0,,,False,none,,7,True
Data 2025.xlsx,10646,2025-11-29,2025-11,2025-W48,4,5,fl-0053-r01,fl-0053-R01,نكهة ليمون,شراب بنكهة و مركزاتها ( flavoured drink & its concentrates ),flavoured drink & its concentrates,شراب بنكهة و مركزاتها ( flavoured drink & its concentrates ),sauce_condiment,مرزام - حي النخيل,مرزام,حي النخيل,مرزام - حي النخيل,المعذر,بلدية,بلدية المعذر,True,False,لا يوجد,,0,,,False,none,,7,True
Data 2025.xlsx,10619,2025-11-29,2025-11,2025-W48,4,5,fr-0147-r01,fr-0147-R01,قطع بصل,فواكه و خضروات طازجة (Fresh fruits and vegetables ),Fresh fruits and vegetables,فواكه و خضروات طازجة (Fresh fruits and vegetables ),produce,مرزام - حي النخيل,مرزام,حي النخيل,مرزام - حي النخيل,المعذر,بلدية,بلدية المعذر,True,False,لا يوجد,,0,,,False,none,,2,True
Data 2025.xlsx,10640,2025-11-29,2025-11,2025-W48,4,5,fr-0148-r01,fr-0148-R01,خيار,فواكه و خضروات طازجة (Fresh fruits and vegetables ),Fresh fruits and vegetables,فواكه و خضروات طازجة (Fresh fruits and vegetables ),produce,مرزام - حي النخيل,مرزام,حي النخيل,مرزام - حي النخيل,المعذر,بلدية,بلدية المعذر,False,True,استافيلوكوكس اورياس,استافيلوكوكس اورياس,1,استافيلوكوكس اورياس,,True,pathogen,,7,True
Data 2025.xlsx,10673,2025-11-29,2025-11,2025-W48,4,5,fr-0149-r01,fr-0149-R01,قطع خس,فواكه و خضروات طازجة (Fresh fruits and vegetables ),Fresh fruits and vegetables,فواكه و خضروات طازجة (Fresh fruits and vegetables ),produce,باولو - النخيل,باولو,النخيل,باولو - النخيل,وسط الرياض,قطاع,القطاع وسط الرياض,False,True,استافيلوكوكس اورياس,استافيلوكوكس اورياس,1,استافيلوكوكس اورياس,,True,pathogen,,1,False
Data 2025.xlsx,10677,2025-11-29,2025-11,2025-W48,4,5,fr-0150-r01,fr-0150-R01,حب رمان,فواكه و خضروات طازجة (Fresh fruits and vegetables ),Fresh fruits and vegetables,فواكه و خضروات طازجة (Fresh fruits and vegetables ),produce,باولو - النخيل,باولو,النخيل,باولو - النخيل,وسط الرياض,قطاع,القطاع وسط الرياض,True,False,لا يوجد,,0,,,False,none,,1,False
Data 2025.xlsx,10626,2025-11-29,2025-11,2025-W48,4,5,ho-0259-r01,ho-0259-R01,عسل,(Honey) عسل النحل,Honey,(Honey) عسل النحل,sweets_bakery,مرزام - حي النخيل,مرزام,حي النخيل,مرزام - حي النخيل,المعذر,بلدية,بلدية المعذر,True,False,لا يوجد,,0,,,False,none,,2,True
Data 2025.xlsx,10657,2025-11-29,2025-11,2025-W48,4,5,ho-0260-r01,ho-0260-R01,عسل سبايسي – ساندويتش,(Honey) عسل النحل,Honey,(Honey) عسل النحل,sweets_bakery,جست | سبيس - حي النخيل,جست | سبيس,حي النخيل,جست | سبيس - حي النخيل,المعذر,بلدية,بلدية المعذر,True,False,لا يوجد,,0,,,False,none,,0,False
Data 2025.xlsx,10667,2025-11-29,2025-11,2025-W48,4,5,icecrea-0159-r01,icecrea-0159-R01,ايس مورس بودينق حلا,(ice cream) ايسكريم,ice cream,(ice cream) ايسكريم,dairy,جست | سبيس - حي النخيل,جست | سبيس,حي النخيل,جست | سبيس - حي النخيل,المعذر,بلدية,بلدية المعذر,False,True,العد الكلي للبكتيريا,العد الكلي للبكتيريا,1,,العد الكلي للبكتيريا,False,indicator_only,,3,True
Data 2025.xlsx,10628,2025-11-29,2025-11,2025-W48,4,5,ja-0007-r01,ja-0007-R01,مربى مانجا,"المربى , الجيلي , المرملاد Jam , jelly and marmalade","Jam , jelly and marmalade","المربى , الجيلي , المرملاد Jam , jelly and marmalade",sauce_condiment,مرزام - حي النخيل,مرزام,حي النخيل,مرزام - حي النخيل,المعذر,بلدية,بلدية المعذر,True,False,لا يوجد,,0,,,False,none,,2,True
Data 2025.xlsx,10634,2025-11-29,2025-11,2025-W48,4,5,ja-0008-r01,ja-0008-R01,مربى قرع,"المربى , الجيلي , المرملاد Jam , jelly and marmalade","Jam , jelly and marmalade","المربى , الجيلي , المرملاد Jam , jelly and marmalade",sauce_condiment,مرزام - حي النخيل,مرزام,حي النخيل,مرزام - حي النخيل,المعذر,بلدية,بلدية المعذر,True,False,لا يوجد,,0,,,False,none,,5,True
Data 2025.xlsx,10642,2025-11-29,2025-11,2025-W48,4,5,jui-0589-r01,jui-0589-R01,عصير برتقال فريش,العصائر الطازجة Un-pasteurized juices (fresh),fresh,العصائر الطازجة Un-pasteurized juices (fresh),beverage,مرزام - حي النخيل,مرزام,حي النخيل,مرزام - حي النخيل,المعذر,بلدية,بلدية المعذر,True,False,لا يوجد,,0,,,False,none,,7,True
Data 2025.xlsx,10669,2025-11-29,2025-11,2025-W48,4,5,milk-0057-r01,Milk-0057-R01,مشروب وايت موكا,الحليب (Milk),Milk,الحليب (Milk),dairy,جست | سبيس - حي النخيل,جست | سبيس,حي النخيل,جست | سبيس - حي النخيل,المعذر,بلدية,بلدية المعذر,False,True,انتيروباكتريسي,انتيروباكتريسي,1,,انتيروباكتريسي,False,indicator_only,,5,True
Data 2025.xlsx,10622,2025-11-29,2025-11,2025-W48,4,5,mo-0010-r01,mo-0010-R01,دبس رمان,"المولاس بانواعه - الدبس - كتل السكر البنية (Molasses, debs ( date syrup ), hard brown sugar )",hard brown sugar,"المولاس بانواعه - الدبس - كتل السكر البنية (Molasses, debs ( date syrup ), hard brown sugar )",dairy,مرزام - حي النخيل,مرزام,حي النخيل,مرزام - حي النخيل,المعذر,بلدية,بلدية المعذر,True,False,لا يوجد,,0,,,False,none,,2,True
Data 2025.xlsx,10625,2025-11-29,2025-11,2025-W48,4,5,mo-0011-r01,mo-0011-R01,دبس تمر,"المولاس بانواعه - الدبس - كتل السكر البنية (Molasses, debs ( date syrup ), hard brown sugar )",hard brown sugar,"المولاس بانواعه - الدبس - كتل السكر البنية (Molasses, debs ( date syrup ), hard brown sugar )",dairy,مرزام - حي النخيل,مرزام,حي النخيل,مرزام - حي النخيل,المعذر,بلدية,بلدية المعذر,True,False,لا يوجد,,0,,,False,none,,2,True
Data 2025.xlsx,10641,2025-11-29,2025-11,2025-W48,4,5,mo-0012-r01,mo-0012-R01,شيرة,"المولاس بانواعه - الدبس - كتل السكر البنية (Molasses, debs ( date syrup ), hard brown sugar )",hard brown sugar,"المولاس بانواعه - الدبس - كتل السكر البنية (Molasses, debs ( date syrup ), hard brown sugar )",dairy,مرزام - حي النخيل,مرزام,حي النخيل,مرزام - حي النخيل,المعذر,بلدية,بلدية المعذر,True,False,لا يوجد,,0,,,False,none,,7,True
Data 2025.xlsx,10658,2025-11-29,2025-11,2025-W48,4,5,mo-0013-r01,mo-0013-R01,دبس رمان,"المولاس بانواعه - الدبس - كتل السكر البنية (Molasses, debs ( date syrup ), hard brown sugar )",hard brown sugar,"المولاس بانواعه - الدبس - كتل السكر البنية (Molasses, debs ( date syrup ), hard brown sugar )",dairy,جست | سبيس - حي النخيل,جست | سبيس,حي النخيل,جست | سبيس - حي النخيل,المعذر,بلدية,بلدية المعذر,True,False,لا يوجد,,0,,,False,none,,0,False
Data 2025.xlsx,10668,2025-11-29,2025-11,2025-W48,4,5,mo-0014-r01,mo-0014-R01,تمر بودينق,"المولاس بانواعه - الدبس - كتل السكر البنية (Molasses, debs ( date syrup ), hard brown sugar )",hard brown sugar,"المولاس بانواعه - الدبس - كتل السكر البنية (Molasses, debs ( date syrup ), hard brown sugar )",dairy,جست | سبيس - حي النخيل,جست | سبيس,حي النخيل,جست | سبيس - حي النخيل,المعذر,بلدية,بلدية المعذر,False,True,العد الكلي للبكتيريا,العد الكلي للبكتيريا,1,,العد الكلي للبكتيريا,False,indicator_only,,4,True
Data 2025.xlsx,10638,2025-11-29,2025-11,2025-W48,4,5,pi-0129-r01,pi-0129-R01,زيتون اخضر,مخلل الخضروات /الفواكه (Pickled/fermented vegetable / fruits),Pickled/fermented vegetable / fruits,مخلل الخضروات /الفواكه (Pickled/fermented vegetable / fruits),dairy,مرزام - حي النخيل,مرزام,حي النخيل,مرزام - حي النخيل,المعذر,بلدية,بلدية المعذر,False,True,خمائر,الخمائر والاعفان,1,,الخمائر والاعفان,False,indicator_only,,6,True
Data 2025.xlsx,10678,2025-11-29,2025-11,2025-W48,4,5,pi-0130-r01,pi-0130-R01,زيتون اسود شرائح,مخلل الخضروات /الفواكه (Pickled/fermented vegetable / fruits),Pickled/fermented vegetable / fruits,مخلل الخضروات /الفواكه (Pickled/fermented vegetable / fruits),dairy,باولو - النخيل,باولو,النخيل,باولو - النخيل,وسط الرياض,قطاع,القطاع وسط الرياض,False,True,الخمائر والاعفان,الخمائر والاعفان,1,,الخمائر والاعفان,False,indicator_only,,2,True
Data 2025.xlsx,10690,2025-11-29,2025-11,2025-W48,4,5,pi-0131-r01,pi-0131-R01,مخلل خيار,مخلل الخضروات /الفواكه (Pickled/fermented vegetable / fruits),Pickled/fermented vegetable / fruits,مخلل الخضروات /الفواكه (Pickled/fermented vegetable / fruits),dairy,باولو - النخيل,باولو,النخيل,باولو - النخيل,وسط الرياض,قطاع,القطاع وسط الرياض,True,False,لا يوجد,,0,,,False,none,,2,True
Data 2025.xlsx,10621,2025-11-29,2025-11,2025-W48,4,5,sa-0945-r01,sa-0945-R01,صوص طحينة,طحينة,,طحينة,sauce_condiment,مرزام - حي النخيل,مرزام,حي النخيل,مرزام - حي النخيل,المعذر,بلدية,بلدية المعذر,True,False,لا يوجد,,0,,,False,none,,2,True
Data 2025.xlsx,10623,2025-11-29,2025-11,2025-W48,4,5,sa-0946-r01,sa-0946-R01,طحينة حارة,طحينة,,طحينة,sauce_condiment,مرزام - حي النخيل,مرزام,حي النخيل,مرزام - حي النخيل,المعذر,بلدية,بلدية المعذر,True,False,لا يوجد,,0,,,False,none,,2,True
Data 2025.xlsx,10679,2025-11-29,2025-11,2025-W48,4,5,sa-0947-r01,sa-0947-R01,سلطة تونة,اطعمة جاهزة للأكل Ready to eat meals,Ready to eat meals,اطعمة جاهزة للأكل Ready to eat meals,prepared_meal,باولو - النخيل,باولو,النخيل,باولو - النخيل,وسط الرياض,قطاع,القطاع وسط الرياض,True,False,لا يوجد,,0,,,False,none,,2,True
Data 2025.xlsx,10680,2025-11-29,2025-11,2025-W48,4,5,sa-0948-r01,sa-0948-R01,سلطة افوكادو,اطعمة جاهزة للأكل Ready to eat meals,Ready to eat meals,اطعمة جاهزة للأكل Ready to eat meals,prepared_meal,باولو - النخيل,باولو,النخيل,باولو - النخيل,وسط الرياض,قطاع,القطاع وسط الرياض,True,False,لا يوجد,,0,,,False,none,,2,True
Data 2025.xlsx,10681,2025-11-29,2025-11,2025-W48,4,5,sa-0949-r01,sa-0949-R01,باذنجان مقلي,اطعمة جاهزة للأكل Ready to eat meals,Ready to eat meals,اطعمة جاهزة للأكل Ready to eat meals,prepared_meal,باولو - النخيل,باولو,النخيل,باولو - النخيل,وسط الرياض,قطاع,القطاع وسط الرياض,True,False,لا يوجد,,0,,,False,none,,2,True
Data 2025.xlsx,10627,2025-11-29,2025-11,2025-W48,4,5,sau-2727-r01,sau-2727-R01,صوص افوكادو,صوص (sauce),sauce,صوص (sauce),sauce_condiment,مرزام - حي النخيل,مرزام,حي النخيل,مرزام - حي النخيل,المعذر,بلدية,بلدية المعذر,True,False,لا يوجد,,0,,,False,none,,2,True
Data 2025.xlsx,10632,2025-11-29,2025-11,2025-W48,4,5,sau-2728-r01,sau-2728-R01,شطة حمراء حارة,صوص (sauce),sauce,صوص (sauce),sauce_condiment,مرزام - حي النخيل,مرزام,حي النخيل,مرزام - حي النخيل,المعذر,بلدية,بلدية المعذر,True,False,لا يوجد,,0,,,False,none,,4,True
Data 2025.xlsx,10633,2025-11-29,2025-11,2025-W48,4,5,sau-2729-r01,sau-2729-R01,شطة خضراء حارة,صوص (sauce),sauce,صوص (sauce),sauce_condiment,مرزام - حي النخيل,مرزام,حي النخيل,مرزام - حي النخيل,المعذر,بلدية,بلدية المعذر,False,True,انتيروباكتريسي | الخمائر والاعفان,انتيروباكتريسي | الخمائر والاعفان,2,,انتيروباكتريسي | الخمائر والاعفان,False,indicator_only,,5,True
Data 2025.xlsx,10643,2025-11-29,2025-11,2025-W48,4,5,sau-2730-r01,sau-2730-R01,صوص بطيخ,صوص (sauce),sauce,صوص (sauce),sauce_condiment,مرزام - حي النخيل,مرزام,حي النخيل,مرزام - حي النخيل,المعذر,بلدية,بلدية المعذر,True,False,لا يوجد,,0,,,False,none,,7,True
Data 2025.xlsx,10682,2025-11-29,2025-11,2025-W48,4,5,sau-2731-r01,sau-2731-R01,صوص كلوب,صوص (sauce),sauce,صوص (sauce),sauce_condiment,باولو - النخيل,باولو,النخيل,باولو - النخيل,وسط الرياض,قطاع,القطاع وسط الرياض,True,False,لا يوجد,,0,,,False,none,,2,True
Data 2025.xlsx,10686,2025-11-29,2025-11,2025-W48,4,5,sau-2732-r01,sau-2732-R01,صوص سلط,صوص (sauce),sauce,صوص (sauce),sauce_condiment,باولو - النخيل,باولو,النخيل,باولو - النخيل,وسط الرياض,قطاع,القطاع وسط الرياض,True,False,لا يوجد,,0,,,False,none,,2,True
Data 2025.xlsx,10687,2025-11-29,2025-11,2025-W48,4,5,sau-2733-r01,sau-2733-R01,صوص شريم,صوص (sauce),sauce,صوص (sauce),sauce_condiment,باولو - النخيل,باولو,النخيل,باولو - النخيل,وسط الرياض,قطاع,القطاع وسط الرياض,True,False,لا يوجد,,0,,,False,none,,2,True
Data 2025.xlsx,10688,2025-11-29,2025-11,2025-W48,4,5,sau-2734-r01,sau-2734-R01,صوص اوكرة سلط,صوص (sauce),sauce,صوص (sauce),sauce_condiment,باولو - النخيل,باولو,النخيل,باولو - النخيل,وسط الرياض,قطاع,القطاع وسط الرياض,True,False,لا يوجد,,0,,,False,none,,2,True
Data 2025.xlsx,10689,2025-11-29,2025-11,2025-W48,4,5,sau-2735-r01,sau-2735-R01,صوص ثوم,صوص (sauce),sauce,صوص (sauce),sauce_condiment,باولو - النخيل,باولو,النخيل,باولو - النخيل,وسط الرياض,قطاع,القطاع وسط الرياض,True,False,لا يوجد,,0,,,False,none,,2,True
Data 2025.xlsx,10617,2025-11-29,2025-11,2025-W48,4,5,so-0023-r01,SO-0023-R01,جبنة موزاريلا,(Soft Cheese) جبن طري / جبن سائل,Soft Cheese,(Soft Cheese) جبن طري / جبن سائل,dairy,مرزام - حي النخيل,مرزام,حي النخيل,مرزام - حي النخيل,المعذر,بلدية,بلدية المعذر,False,True,انتيروباكتريسي,انتيروباكتريسي,1,,انتيروباكتريسي,False,indicator_only,,2,True
Data 2025.xlsx,10618,2025-11-29,2025-11,2025-W48,4,5,so-0024-r01,SO-0024-R01,جبنة شيدر,(Soft Cheese) جبن طري / جبن سائل,Soft Cheese,(Soft Cheese) جبن طري / جبن سائل,dairy,مرزام - حي النخيل,مرزام,حي النخيل,مرزام - حي النخيل,المعذر,بلدية,بلدية المعذر,True,False,لا يوجد,,0,,,False,none,,2,True
Data 2025.xlsx,10624,2025-11-29,2025-11,2025-W48,4,5,so-0025-r01,SO-0025-R01,جبن سائل مع كريمة,(Soft Cheese) جبن طري / جبن سائل,Soft Cheese,(Soft Cheese) جبن طري / جبن سائل,dairy,مرزام - حي النخيل,مرزام,حي النخيل,مرزام - حي النخيل,المعذر,بلدية,بلدية المعذر,True,False,لا يوجد,,0,,,False,none,,2,True
Data 2025.xlsx,10636,2025-11-29,2025-11,2025-W48,4,5,so-0026-r01,SO-0026-R01,جبن رمان,(Soft Cheese) جبن طري / جبن سائل,Soft Cheese,(Soft Cheese) جبن طري / جبن سائل,dairy,مرزام - حي النخيل,مرزام,حي النخيل,مرزام - حي النخيل,المعذر,بلدية,بلدية المعذر,True,False,لا يوجد,,0,,,False,none,,5,True
Data 2025.xlsx,10637,2025-11-29,2025-11,2025-W48,4,5,so-0027-r01,SO-0027-R01,جبن زعتر,(Soft Cheese) جبن طري / جبن سائل,Soft Cheese,(Soft Cheese) جبن طري / جبن سائل,dairy,مرزام - حي النخيل,مرزام,حي النخيل,مرزام - حي النخيل,المعذر,بلدية,بلدية المعذر,True,False,لا يوجد,,0,,,False,none,,5,True
Data 2025.xlsx,10659,2025-11-29,2025-11,2025-W48,4,5,so-0028-r01,SO-0028-R01,جبن مع طحينة,(Soft Cheese) جبن طري / جبن سائل,Soft Cheese,(Soft Cheese) جبن طري / جبن سائل,dairy,جست | سبيس - حي النخيل,جست | سبيس,حي النخيل,جست | سبيس - حي النخيل,المعذر,بلدية,بلدية المعذر,True,False,لا يوجد,,0,,,False,none,,0,False
Data 2025.xlsx,10674,2025-11-29,2025-11,2025-W48,4,5,so-0029-r01,SO-0029-R01,جبن ابيض,(Soft Cheese) جبن طري / جبن سائل,Soft Cheese,(Soft Cheese) جبن طري / جبن سائل,dairy,باولو - النخيل,باولو,النخيل,باولو - النخيل,وسط الرياض,قطاع,القطاع وسط الرياض,True,False,لا يوجد,,0,,,False,none,,1,False
Data 2025.xlsx,10675,2025-11-29,2025-11,2025-W48,4,5,so-0030-r01,SO-0030-R01,جبن فيتا,(Soft Cheese) جبن طري / جبن سائل,Soft Cheese,(Soft Cheese) جبن طري / جبن سائل,dairy,باولو - النخيل,باولو,النخيل,باولو - النخيل,وسط الرياض,قطاع,القطاع وسط الرياض,True,False,لا يوجد,,0,,,False,none,,1,False
Data 2025.xlsx,10647,2025-11-29,2025-11,2025-W48,4,5,sw-3787-r01,sw-3787-R01,مسحة صانعة ثلج,(Swabs) المسحات,Swabs,(Swabs) المسحات,swab,مرزام - حي النخيل,مرزام,حي النخيل,مرزام - حي النخيل,المعذر,بلدية,بلدية المعذر,True,False,لا يوجد,,0,,,False,none,,7,True
Data 2025.xlsx,10648,2025-11-29,2025-11,2025-W48,4,5,sw-3788-r01,sw-3788-R01,مسحة ثلاجة اعداد,(Swabs) المسحات,Swabs,(Swabs) المسحات,swab,مرزام - حي النخيل,مرزام,حي النخيل,مرزام - حي النخيل,المعذر,بلدية,بلدية المعذر,True,False,لا يوجد,,0,,,False,none,,7,True
Data 2025.xlsx,10649,2025-11-29,2025-11,2025-W48,4,5,sw-3789-r01,sw-3789-R01,مسحة ثلاجة اعداد,(Swabs) المسحات,Swabs,(Swabs) المسحات,swab,مرزام - حي النخيل,مرزام,حي النخيل,مرزام - حي النخيل,المعذر,بلدية,بلدية المعذر,True,False,لا يوجد,,0,,,False,none,,7,True
Data 2025.xlsx,10650,2025-11-29,2025-11,2025-W48,4,5,sw-3790-r01,sw-3790-R01,مسحة ثلاجة اعداد,(Swabs) المسحات,Swabs,(Swabs) المسحات,swab,مرزام - حي النخيل,مرزام,حي النخيل,مرزام - حي النخيل,المعذر,بلدية,بلدية المعذر,True,False,لا يوجد,,0,,,False,none,,7,True
Data 2025.xlsx,10665,2025-11-29,2025-11,2025-W48,4,5,sw-3791-r01,sw-3791-R01,مسحة طاولة تقطيع خبز,(Swabs) المسحات,Swabs,(Swabs) المسحات,swab,جست | سبيس - حي النخيل,جست | سبيس,حي النخيل,جست | سبيس - حي النخيل,المعذر,بلدية,بلدية المعذر,False,True,العد الكلي للبكتيريا,العد الكلي للبكتيريا,1,,العد الكلي للبكتيريا,False,indicator_only,,2,True
Data 2025.xlsx,10671,2025-11-29,2025-11,2025-W48,4,5,sw-3792-r01,sw-3792-R01,مسحة صانعة ثلج,(Swabs) المسحات,Swabs,(Swabs) المسحات,swab,جست | سبيس - حي النخيل,جست | سبيس,حي النخيل,جست | سبيس - حي النخيل,المعذر,بلدية,بلدية المعذر,True,False,لا يوجد,,0,,,False,none,,5,True
Data 2025.xlsx,10672,2025-11-29,2025-11,2025-W48,4,5,sw-3793-r01,sw-3793-R01,مسحة صانعة ثلج,(Swabs) المسحات,Swabs,(Swabs) المسحات,swab,جست | سبيس - حي النخيل,جست | سبيس,حي النخيل,جست | سبيس - حي النخيل,المعذر,بلدية,بلدية المعذر,True,False,لا يوجد,,0,,,False,none,,5,True
Data 2025.xlsx,10663,2025-11-29,2025-11,2025-W48,4,5,sweet-1550-r01,sweet-1550-R01,كريم كراميل فلان,الحلا(sweetness),sweetness,الحلا(sweetness),sweets_bakery,جست | سبيس - حي النخيل,جست | سبيس,حي النخيل,جست | سبيس - حي النخيل,المعذر,بلدية,بلدية المعذر,True,False,لا يوجد,,0,,,False,none,,1,False
Data 2025.xlsx,10670,2025-11-29,2025-11,2025-W48,4,5,tea-0022-r01,tea-0022-R01,مشروب شاهي قرفة,جميع أنواع الشاي (All types of tea),All types of tea,جميع أنواع الشاي (All types of tea),beverage,جست | سبيس - حي النخيل,جست | سبيس,حي النخيل,جست | سبيس - حي النخيل,المعذر,بلدية,بلدية المعذر,True,False,لا يوجد,,0,,,False,none,,5,True
Data 2025.xlsx,10639,2025-11-29,2025-11,2025-W48,4,5,to-0013-r01,to-0013-R01,طماطم شيري,جميع أنواع منتجات الطماطم (All kinds of tomato products),All kinds of tomato products,جميع أنواع منتجات الطماطم (All kinds of tomato products),produce,مرزام - حي النخيل,مرزام,حي النخيل,مرزام - حي النخيل,المعذر,بلدية,بلدية المعذر,True,False,لا يوجد,,0,,,False,none,,6,True
Data 2025.xlsx,10676,2025-11-29,2025-11,2025-W48,4,5,to-0014-r01,to-0014-R01,محمرة,جميع أنواع منتجات الطماطم (All kinds of tomato products),All kinds of tomato products,جميع أنواع منتجات الطماطم (All kinds of tomato products),produce,باولو - النخيل,باولو,النخيل,باولو - النخيل,وسط الرياض,قطاع,القطاع وسط الرياض,True,False,لا يوجد,,0,,,False,none,,1,False
Data 2025.xlsx,10651,2025-11-29,2025-11,2025-W48,4,5,ubot-1173-r01,Ubot-1173-R01,مياه فلتر م-ك,المياه الغير معبأة (Unbottled water),Unbottled water,المياه الغير المعبأة (Unbottled water),water,مرزام - حي النخيل,مرزام,حي النخيل,مرزام - حي النخيل,المعذر,بلدية,بلدية المعذر,True,False,لا يوجد,,0,,,False,none,category_merged_to_canonical,7,True
Data 2025.xlsx,10691,2025-11-30,2025-11,2025-W48,4,6,ca-0110-r01,ca-0110-R01,كيك قرص عقيلي,الكعك ومنتجات المخابز الجاهزة للاكل بدون تسخين (Cakes and bakery products ready to eat ),Cakes and bakery products ready to eat,الكعك ومنتجات المخابز الجاهزة للاكل بدون تسخين (Cakes and bakery products ready to eat ),sweets_bakery,مقهى النقوش العتيقة كافية اورنيه- حي الربيع,مقهى النقوش العتيقة كافية اورنيه,حي الربيع,مقهى النقوش العتيقة كافية اورنيه- حي الربيع,الشمال,بلدية,بلدية الشمال,True,False,لا يوجد,,0,,,False,none,,0,False
Data 2025.xlsx,10692,2025-11-30,2025-11,2025-W48,4,6,ca-0111-r01,ca-0111-R01,كيكة ليمون,الكعك ومنتجات المخابز الجاهزة للاكل بدون تسخين (Cakes and bakery products ready to eat ),Cakes and bakery products ready to eat,الكعك ومنتجات المخابز الجاهزة للاكل بدون تسخين (Cakes and bakery products ready to eat ),sweets_bakery,مقهى النقوش العتيقة كافية اورنيه- حي الربيع,مقهى النقوش العتيقة كافية اورنيه,حي الربيع,مقهى النقوش العتيقة كافية اورنيه- حي الربيع,الشمال,بلدية,بلدية الشمال,True,False,لا يوجد,,0,,,False,none,,0,False
Data 2025.xlsx,10693,2025-11-30,2025-11,2025-W48,4,6,ca-0112-r01,ca-0112-R01,شوكليت براوني,الكعك ومنتجات المخابز الجاهزة للاكل بدون تسخين (Cakes and bakery products ready to eat ),Cakes and bakery products ready to eat,الكعك ومنتجات المخابز الجاهزة للاكل بدون تسخين (Cakes and bakery products ready to eat ),sweets_bakery,مقهى النقوش العتيقة كافية اورنيه- حي الربيع,مقهى النقوش العتيقة كافية اورنيه,حي الربيع,مقهى النقوش العتيقة كافية اورنيه- حي الربيع,الشمال,بلدية,بلدية الشمال,True,False,لا يوجد,,0,,,False,none,,0,False
Data 2025.xlsx,10694,2025-11-30,2025-11,2025-W48,4,6,ca-0113-r01,ca-0113-R01,كروت كيك,الكعك ومنتجات المخابز الجاهزة للاكل بدون تسخين (Cakes and bakery products ready to eat ),Cakes and bakery products ready to eat,الكعك ومنتجات المخابز الجاهزة للاكل بدون تسخين (Cakes and bakery products ready to eat ),sweets_bakery,مقهى النقوش العتيقة كافية اورنيه- حي الربيع,مقهى النقوش العتيقة كافية اورنيه,حي الربيع,مقهى النقوش العتيقة كافية اورنيه- حي الربيع,الشمال,بلدية,بلدية الشمال,True,False,لا يوجد,,0,,,False,none,,0,False
Data 2025.xlsx,10695,2025-11-30,2025-11,2025-W48,4,6,ca-0114-r01,ca-0114-R01,حلا كراميل,الكعك ومنتجات المخابز الجاهزة للاكل بدون تسخين (Cakes and bakery products ready to eat ),Cakes and bakery products ready to eat,الكعك ومنتجات المخابز الجاهزة للاكل بدون تسخين (Cakes and bakery products ready to eat ),sweets_bakery,مقهى النقوش العتيقة كافية اورنيه- حي الربيع,مقهى النقوش العتيقة كافية اورنيه,حي الربيع,مقهى النقوش العتيقة كافية اورنيه- حي الربيع,الشمال,بلدية,بلدية الشمال,True,False,لا يوجد,,0,,,False,none,,0,False
Data 2025.xlsx,10696,2025-11-30,2025-11,2025-W48,4,6,ca-0115-r01,ca-0115-R01,حلا بستاشو,الكعك ومنتجات المخابز الجاهزة للاكل بدون تسخين (Cakes and bakery products ready to eat ),Cakes and bakery products ready to eat,الكعك ومنتجات المخابز الجاهزة للاكل بدون تسخين (Cakes and bakery products ready to eat ),sweets_bakery,مقهى النقوش العتيقة كافية اورنيه- حي الربيع,مقهى النقوش العتيقة كافية اورنيه,حي الربيع,مقهى النقوش العتيقة كافية اورنيه- حي الربيع,الشمال,بلدية,بلدية الشمال,True,False,لا يوجد,,0,,,False,none,,0,False
Data 2025.xlsx,10697,2025-11-30,2025-11,2025-W48,4,6,ca-0116-r01,ca-0116-R01,حلا زعتر,الكعك ومنتجات المخابز الجاهزة للاكل بدون تسخين (Cakes and bakery products ready to eat ),Cakes and bakery products ready to eat,الكعك ومنتجات المخابز الجاهزة للاكل بدون تسخين (Cakes and bakery products ready to eat ),sweets_bakery,مقهى النقوش العتيقة كافية اورنيه- حي الربيع,مقهى النقوش العتيقة كافية اورنيه,حي الربيع,مقهى النقوش العتيقة كافية اورنيه- حي الربيع,الشمال,بلدية,بلدية الشمال,True,False,لا يوجد,,0,,,False,none,,0,False
Data 2025.xlsx,10698,2025-11-30,2025-11,2025-W48,4,6,ca-0117-r01,ca-0117-R01,حلا سمسم,الكعك ومنتجات المخابز الجاهزة للاكل بدون تسخين (Cakes and bakery products ready to eat ),Cakes and bakery products ready to eat,الكعك ومنتجات المخابز الجاهزة للاكل بدون تسخين (Cakes and bakery products ready to eat ),sweets_bakery,مقهى النقوش العتيقة كافية اورنيه- حي الربيع,مقهى النقوش العتيقة كافية اورنيه,حي الربيع,مقهى النقوش العتيقة كافية اورنيه- حي الربيع,الشمال,بلدية,بلدية الشمال,True,False,لا يوجد,,0,,,False,none,,0,False
Data 2025.xlsx,10707,2025-11-30,2025-11,2025-W48,4,6,ca-0118-r01,ca-0118-R01,خبز دريس,الكعك ومنتجات المخابز الجاهزة للاكل بدون تسخين (Cakes and bakery products ready to eat ),Cakes and bakery products ready to eat,الكعك ومنتجات المخابز الجاهزة للاكل بدون تسخين (Cakes and bakery products ready to eat ),sweets_bakery,مقهى النقوش العتيقة كافية اورنيه- حي الربيع,مقهى النقوش العتيقة كافية اورنيه,حي الربيع,مقهى النقوش العتيقة كافية اورنيه- حي الربيع,الشمال,بلدية,بلدية الشمال,True,False,لا يوجد,,0,,,False,none,,1,False
Data 2025.xlsx,10708,2025-11-30,2025-11,2025-W48,4,6,ca-0119-r01,ca-0119-R01,خبز بون,الكعك ومنتجات المخابز الجاهزة للاكل بدون تسخين (Cakes and bakery products ready to eat ),Cakes and bakery products ready to eat,الكعك ومنتجات المخابز الجاهزة للاكل بدون تسخين (Cakes and bakery products ready to eat ),sweets_bakery,مقهى النقوش العتيقة كافية اورنيه- حي الربيع,مقهى النقوش العتيقة كافية اورنيه,حي الربيع,مقهى النقوش العتيقة كافية اورنيه- حي الربيع,الشمال,بلدية,بلدية الشمال,True,False,لا يوجد,,0,,,False,none,,1,False
Data 2025.xlsx,10709,2025-11-30,2025-11,2025-W48,4,6,ca-0120-r01,ca-0120-R01,خبز بروستن,الكعك ومنتجات المخابز الجاهزة للاكل بدون تسخين (Cakes and bakery products ready to eat ),Cakes and bakery products ready to eat,الكعك ومنتجات المخابز الجاهزة للاكل بدون تسخين (Cakes and bakery products ready to eat ),sweets_bakery,مقهى النقوش العتيقة كافية اورنيه- حي الربيع,مقهى النقوش العتيقة كافية اورنيه,حي الربيع,مقهى النقوش العتيقة كافية اورنيه- حي الربيع,الشمال,بلدية,بلدية الشمال,True,False,لا يوجد,,0,,,False,none,,1,False
Data 2025.xlsx,10750,2025-11-30,2025-11,2025-W48,4,6,ca-0121-r01,ca-0121-R01,كروسان شوكليت,الكعك ومنتجات المخابز الجاهزة للاكل بدون تسخين (Cakes and bakery products ready to eat ),Cakes and bakery products ready to eat,الكعك ومنتجات المخابز الجاهزة للاكل بدون تسخين (Cakes and bakery products ready to eat ),sweets_bakery,مطعم منصور الفراج - حي الربيع,مطعم منصور الفراج,حي الربيع,مطعم منصور الفراج - حي الربيع,الشمال,بلدية,بلدية الشمال,True,False,لا يوجد,,0,,,False,none,,8,True
Data 2025.xlsx,10711,2025-11-30,2025-11,2025-W48,4,6,cho-0109-r01,cho-0109-R01,شوكليت دنيس,الشوكولاته (Chocolate),Chocolate,الشوكولاته (Chocolate),sweets_bakery,مقهى النقوش العتيقة كافية اورنيه- حي الربيع,مقهى النقوش العتيقة كافية اورنيه,حي الربيع,مقهى النقوش العتيقة كافية اورنيه- حي الربيع,الشمال,بلدية,بلدية الشمال,True,False,لا يوجد,,0,,,False,none,,1,False
Data 2025.xlsx,10700,2025-11-30,2025-11,2025-W48,4,6,coff-1070-r01,Coff-1070-R01,صوص لاتية,القهوة ومشتقاتها (Coffee and derivatives),Coffee and derivatives,القهوة ومشتقاتها (Coffee and derivatives),beverage,مقهى النقوش العتيقة كافية اورنيه- حي الربيع,مقهى النقوش العتيقة كافية اورنيه,حي الربيع,مقهى النقوش العتيقة كافية اورنيه- حي الربيع,الشمال,بلدية,بلدية الشمال,True,False,لا يوجد,,0,,,False,none,,0,False
Data 2025.xlsx,10716,2025-11-30,2025-11,2025-W48,4,6,cu-0018-r01,Cu-0018-R01,مرتديلا دجاج مدخن,اللحوم المملحة و/أو المدخنة (Cured and /or smoked meat),Cured and /or smoked meat,اللحوم المملحة و/أو المدخنة (Cured and /or smoked meat),cooked_meat_poultry,مقهى النقوش العتيقة كافية اورنيه- حي الربيع,مقهى النقوش العتيقة كافية اورنيه,حي الربيع,مقهى النقوش العتيقة كافية اورنيه- حي الربيع,الشمال,بلدية,بلدية الشمال,True,False,لا يوجد,,0,,,False,none,,3,True
Data 2025.xlsx,10715,2025-11-30,2025-11,2025-W48,4,6,egg-0020-r01,egg-0020-R01,مايونيز مع بيض,جميع منتجات البيض المخصصة لأغراض غذائية خاصة (Any egg Products intended for special dietary purposes),Any egg Products intended for special dietary purposes,جميع منتجات البيض المخصصة لأغراض غذائية خاصة (Any egg Products intended for special dietary purposes),dairy,مقهى النقوش العتيقة كافية اورنيه- حي الربيع,مقهى النقوش العتيقة كافية اورنيه,حي الربيع,مقهى النقوش العتيقة كافية اورنيه- حي الربيع,الشمال,بلدية,بلدية الشمال,False,True,العد الكلي للبكتيريا | انتيروباكتريسي | استافيلوكوكس اورياس | الخمائر والاعفان,العد الكلي للبكتيريا | انتيروباكتريسي | استافيلوكوكس اورياس | الخمائر والاعفان,4,استافيلوكوكس اورياس,العد الكلي للبكتيريا | انتيروباكتريسي | الخمائر والاعفان,True,pathogen,,3,True
Data 2025.xlsx,10739,2025-11-30,2025-11,2025-W48,4,6,egg-0021-r01,egg-0021-R01,شكشوكة رويال بالبيض,جميع منتجات البيض المخصصة لأغراض غذائية خاصة (Any egg Products intended for special dietary purposes),Any egg Products intended for special dietary purposes,جميع منتجات البيض المخصصة لأغراض غذائية خاصة (Any egg Products intended for special dietary purposes),dairy,مطعم منصور الفراج - حي الربيع,مطعم منصور الفراج,حي الربيع,مطعم منصور الفراج - حي الربيع,الشمال,بلدية,بلدية الشمال,False,True,انتيروباكتريسي,انتيروباكتريسي,1,,انتيروباكتريسي,False,indicator_only,,4,True
Data 2025.xlsx,10740,2025-11-30,2025-11,2025-W48,4,6,egg-0022-r01,egg-0022-R01,شكشوكة مغربية,جميع منتجات البيض المخصصة لأغراض غذائية خاصة (Any egg Products intended for special dietary purposes),Any egg Products intended for special dietary purposes,جميع منتجات البيض المخصصة لأغراض غذائية خاصة (Any egg Products intended for special dietary purposes),dairy,مطعم منصور الفراج - حي الربيع,مطعم منصور الفراج,حي الربيع,مطعم منصور الفراج - حي الربيع,الشمال,بلدية,بلدية الشمال,True,False,لا يوجد,,0,,,False,none,,4,True
Data 2025.xlsx,10699,2025-11-30,2025-11,2025-W48,4,6,fermintedmilk-0024-r01,Fermintedmilk-0024-R01,صوص سبانيش,"Fermented milk products , منتجات الحليب المخمرة",Fermented milk products,"Fermented milk products , منتجات الحليب المخمرة",dairy,مقهى النقوش العتيقة كافية اورنيه- حي الربيع,مقهى النقوش العتيقة كافية اورنيه,حي الربيع,مقهى النقوش العتيقة كافية اورنيه- حي الربيع,الشمال,بلدية,بلدية الشمال,True,False,لا يوجد,,0,,,False,none,,0,False
Data 2025.xlsx,10712,2025-11-30,2025-11,2025-W48,4,6,fermintedmilk-0025-r01,Fermintedmilk-0025-R01,لبنة,"Fermented milk products , منتجات الحليب المخمرة",Fermented milk products,"Fermented milk products , منتجات الحليب المخمرة",dairy,مقهى النقوش العتيقة كافية اورنيه- حي الربيع,مقهى النقوش العتيقة كافية اورنيه,حي الربيع,مقهى النقوش العتيقة كافية اورنيه- حي الربيع,الشمال,بلدية,بلدية الشمال,True,False,لا يوجد,,0,,,False,none,,1,False
Data 2025.xlsx,10724,2025-11-30,2025-11,2025-W48,4,6,fermintedmilk-0026-r01,Fermintedmilk-0026-R01,لبنة,"Fermented milk products , منتجات الحليب المخمرة",Fermented milk products,"Fermented milk products , منتجات الحليب المخمرة",dairy,مطعم منصور الفراج - حي الربيع,مطعم منصور الفراج,حي الربيع,مطعم منصور الفراج - حي الربيع,الشمال,بلدية,بلدية الشمال,False,True,الخمائر والاعفان,الخمائر والاعفان,1,,الخمائر والاعفان,False,indicator_only,,1,False
Data 2025.xlsx,10701,2025-11-30,2025-11,2025-W48,4,6,fl-0054-r01,fl-0054-R01,نكهة ليمون,شراب بنكهة و مركزاتها ( flavoured drink & its concentrates ),flavoured drink & its concentrates,شراب بنكهة و مركزاتها ( flavoured drink & its concentrates ),sauce_condiment,مقهى النقوش العتيقة كافية اورنيه- حي الربيع,مقهى النقوش العتيقة كافية اورنيه,حي الربيع,مقهى النقوش العتيقة كافية اورنيه- حي الربيع,الشمال,بلدية,بلدية الشمال,True,False,لا يوجد,,0,,,False,none,,0,False
Data 2025.xlsx,10702,2025-11-30,2025-11,2025-W48,4,6,fl-0055-r01,fl-0055-R01,نكهة بلو بيري,شراب بنكهة و مركزاتها ( flavoured drink & its concentrates ),flavoured drink & its concentrates,شراب بنكهة و مركزاتها ( flavoured drink & its concentrates ),sauce_condiment,مقهى النقوش العتيقة كافية اورنيه- حي الربيع,مقهى النقوش العتيقة كافية اورنيه,حي الربيع,مقهى النقوش العتيقة كافية اورنيه- حي الربيع,الشمال,بلدية,بلدية الشمال,True,False,لا يوجد,,0,,,False,none,,0,False
Data 2025.xlsx,10703,2025-11-30,2025-11,2025-W48,4,6,fl-0056-r01,fl-0056-R01,نكهة خوخ,شراب بنكهة و مركزاتها ( flavoured drink & its concentrates ),flavoured drink & its concentrates,شراب بنكهة و مركزاتها ( flavoured drink & its concentrates ),sauce_condiment,مقهى النقوش العتيقة كافية اورنيه- حي الربيع,مقهى النقوش العتيقة كافية اورنيه,حي الربيع,مقهى النقوش العتيقة كافية اورنيه- حي الربيع,الشمال,بلدية,بلدية الشمال,True,False,لا يوجد,,0,,,False,none,,0,False
Data 2025.xlsx,10704,2025-11-30,2025-11,2025-W48,4,6,fl-0057-r01,fl-0057-R01,نكهة كراميل,شراب بنكهة و مركزاتها ( flavoured drink & its concentrates ),flavoured drink & its concentrates,شراب بنكهة و مركزاتها ( flavoured drink & its concentrates ),sauce_condiment,مقهى النقوش العتيقة كافية اورنيه- حي الربيع,مقهى النقوش العتيقة كافية اورنيه,حي الربيع,مقهى النقوش العتيقة كافية اورنيه- حي الربيع,الشمال,بلدية,بلدية الشمال,True,False,لا يوجد,,0,,,False,none,,0,False
Data 2025.xlsx,10705,2025-11-30,2025-11,2025-W48,4,6,fl-0058-r01,fl-0058-R01,نكهة فانيلا,شراب بنكهة و مركزاتها ( flavoured drink & its concentrates ),flavoured drink & its concentrates,شراب بنكهة و مركزاتها ( flavoured drink & its concentrates ),sauce_condiment,مقهى النقوش العتيقة كافية اورنيه- حي الربيع,مقهى النقوش العتيقة كافية اورنيه,حي الربيع,مقهى النقوش العتيقة كافية اورنيه- حي الربيع,الشمال,بلدية,بلدية الشمال,True,False,لا يوجد,,0,,,False,none,,0,False
Data 2025.xlsx,10729,2025-11-30,2025-11,2025-W48,4,6,fr-0001-r01,FR-0001-R01,قشطة,Fermented Cream كريمة متخمرة,Fermented Cream,Fermented Cream كريمة متخمرة,dairy,مطعم منصور الفراج - حي الربيع,مطعم منصور الفراج,حي الربيع,مطعم منصور الفراج - حي الربيع,الشمال,بلدية,بلدية الشمال,False,True,العد الكلي للبكتيريا | انتيروباكتريسي | ايشيريشيا كولاي,العد الكلي للبكتيريا | انتيروباكتريسي | ايشيريشيا كولاي,3,ايشيريشيا كولاي,العد الكلي للبكتيريا | انتيروباكتريسي,True,pathogen,,2,True
Data 2025.xlsx,10730,2025-11-30,2025-11,2025-W48,4,6,fr-0151-r01,fr-0151-R01,حب رمان,فواكه و خضروات طازجة (Fresh fruits and vegetables ),Fresh fruits and vegetables,فواكه و خضروات طازجة (Fresh fruits and vegetables ),produce,مطعم منصور الفراج - حي الربيع,مطعم منصور الفراج,حي الربيع,مطعم منصور الفراج - حي الربيع,الشمال,بلدية,بلدية الشمال,True,False,لا يوجد,,0,,,False,none,,2,True
Data 2025.xlsx,10731,2025-11-30,2025-11,2025-W48,4,6,fr-0152-r01,fr-0152-R01,قطع جح,فواكه و خضروات طازجة (Fresh fruits and vegetables ),Fresh fruits and vegetables,فواكه و خضروات طازجة (Fresh fruits and vegetables ),produce,مطعم منصور الفراج - حي الربيع,مطعم منصور الفراج,حي الربيع,مطعم منصور الفراج - حي الربيع,الشمال,بلدية,بلدية الشمال,True,False,لا يوجد,,0,,,False,none,,2,True
Data 2025.xlsx,10732,2025-11-30,2025-11,2025-W48,4,6,fr-0153-r01,fr-0153-R01,خس,فواكه و خضروات طازجة (Fresh fruits and vegetables ),Fresh fruits and vegetables,فواكه و خضروات طازجة (Fresh fruits and vegetables ),produce,مطعم منصور الفراج - حي الربيع,مطعم منصور الفراج,حي الربيع,مطعم منصور الفراج - حي الربيع,الشمال,بلدية,بلدية الشمال,True,False,لا يوجد,,0,,,False,none,,2,True
Data 2025.xlsx,10733,2025-11-30,2025-11,2025-W48,4,6,fr-0154-r01,fr-0154-R01,خس احمر,فواكه و خضروات طازجة (Fresh fruits and vegetables ),Fresh fruits and vegetables,فواكه و خضروات طازجة (Fresh fruits and vegetables ),produce,مطعم منصور الفراج - حي الربيع,مطعم منصور الفراج,حي الربيع,مطعم منصور الفراج - حي الربيع,الشمال,بلدية,بلدية الشمال,True,False,لا يوجد,,0,,,False,none,,2,True
Data 2025.xlsx,10706,2025-11-30,2025-11,2025-W48,4,6,he-0011-r01,he-0011-R01,مشروب كركدية,الأعشاب المجففة (Dried herbs ),Dried herbs,الأعشاب المجففة (Dried herbs ),produce,مقهى النقوش العتيقة كافية اورنيه- حي الربيع,مقهى النقوش العتيقة كافية اورنيه,حي الربيع,مقهى النقوش العتيقة كافية اورنيه- حي الربيع,الشمال,بلدية,بلدية الشمال,False,True,العد الكلي للبكتيريا | الخمائر والاعفان,العد الكلي للبكتيريا | الخمائر والاعفان,2,,العد الكلي للبكتيريا | الخمائر والاعفان,False,indicator_only,,1,False
Data 2025.xlsx,10728,2025-11-30,2025-11,2025-W48,4,6,he-0012-r01,he-0012-R01,زعتر زيت,الأعشاب والتوابل الجافة جاهزة للاكل (Dried herbs and spices ready to eat),Dried herbs and spices ready to eat,الأعشاب والتوابل الجافة جاهزة للاكل (Dried herbs and spices ready to eat),produce,مطعم منصور الفراج - حي الربيع,مطعم منصور الفراج,حي الربيع,مطعم منصور الفراج - حي الربيع,الشمال,بلدية,بلدية الشمال,True,False,لا يوجد,,0,,,False,none,,1,False
Data 2025.xlsx,10737,2025-11-30,2025-11,2025-W48,4,6,ho-0261-r01,ho-0261-R01,عسل,(Honey) عسل النحل,Honey,(Honey) عسل النحل,sweets_bakery,مطعم منصور الفراج - حي الربيع,مطعم منصور الفراج,حي الربيع,مطعم منصور الفراج - حي الربيع,الشمال,بلدية,بلدية الشمال,True,False,لا يوجد,,0,,,False,none,,2,True
Data 2025.xlsx,10725,2025-11-30,2025-11,2025-W48,4,6,ja-0009-r01,ja-0009-R01,مربى فراولة,"المربى , الجيلي , المرملاد Jam , jelly and marmalade","Jam , jelly and marmalade","المربى , الجيلي , المرملاد Jam , jelly and marmalade",sauce_condiment,مطعم منصور الفراج - حي الربيع,مطعم منصور الفراج,حي الربيع,مطعم منصور الفراج - حي الربيع,الشمال,بلدية,بلدية الشمال,True,False,لا يوجد,,0,,,False,none,,1,False
Data 2025.xlsx,10726,2025-11-30,2025-11,2025-W48,4,6,ja-0010-r01,ja-0010-R01,مربى بلو بيري,"المربى , الجيلي , المرملاد Jam , jelly and marmalade","Jam , jelly and marmalade","المربى , الجيلي , المرملاد Jam , jelly and marmalade",sauce_condiment,مطعم منصور الفراج - حي الربيع,مطعم منصور الفراج,حي الربيع,مطعم منصور الفراج - حي الربيع,الشمال,بلدية,بلدية الشمال,True,False,لا يوجد,,0,,,False,none,,1,False
Data 2025.xlsx,10752,2025-11-30,2025-11,2025-W48,4,6,jui-0590-r01,jui-0590-R01,عصير جح,العصائر الطازجة Un-pasteurized juices (fresh),fresh,العصائر الطازجة Un-pasteurized juices (fresh),beverage,مطعم منصور الفراج - حي الربيع,مطعم منصور الفراج,حي الربيع,مطعم منصور الفراج - حي الربيع,الشمال,بلدية,بلدية الشمال,False,True,الخمائر والاعفان,الخمائر والاعفان,1,,الخمائر والاعفان,False,indicator_only,,9,True
Data 2025.xlsx,10753,2025-11-30,2025-11,2025-W48,4,6,jui-0591-r01,jui-0591-R01,عصير اناناس,العصائر الطازجة Un-pasteurized juices (fresh),fresh,العصائر الطازجة Un-pasteurized juices (fresh),beverage,مطعم منصور الفراج - حي الربيع,مطعم منصور الفراج,حي الربيع,مطعم منصور الفراج - حي الربيع,الشمال,بلدية,بلدية الشمال,False,True,الخمائر والاعفان,الخمائر والاعفان,1,,الخمائر والاعفان,False,indicator_only,,10,True
Data 2025.xlsx,10754,2025-11-30,2025-11,2025-W48,4,6,jui-0592-r01,jui-0592-R01,ليمون مع نعناع,العصائر الطازجة Un-pasteurized juices (fresh),fresh,العصائر الطازجة Un-pasteurized juices (fresh),beverage,مطعم منصور الفراج - حي الربيع,مطعم منصور الفراج,حي الربيع,مطعم منصور الفراج - حي الربيع,الشمال,بلدية,بلدية الشمال,False,True,الخمائر والاعفان,الخمائر والاعفان,1,,الخمائر والاعفان,False,indicator_only,,11,True
Data 2025.xlsx,10710,2025-11-30,2025-11,2025-W48,4,6,mo-0015-r01,mo-0015-R01,صوص كراميل,"المولاس بانواعه - الدبس - كتل السكر البنية (Molasses, debs ( date syrup ), hard brown sugar )",hard brown sugar,"المولاس بانواعه - الدبس - كتل السكر البنية (Molasses, debs ( date syrup ), hard brown sugar )",dairy,مقهى النقوش العتيقة كافية اورنيه- حي الربيع,مقهى النقوش العتيقة كافية اورنيه,حي الربيع,مقهى النقوش العتيقة كافية اورنيه- حي الربيع,الشمال,بلدية,بلدية الشمال,True,False,لا يوجد,,0,,,False,none,,1,False
Data 2025.xlsx,10718,2025-11-30,2025-11,2025-W48,4,6,pi-0132-r01,pi-0132-R01,هلابينو,مخلل الخضروات /الفواكه (Pickled/fermented vegetable / fruits),Pickled/fermented vegetable / fruits,مخلل الخضروات /الفواكه (Pickled/fermented vegetable / fruits),dairy,مقهى النقوش العتيقة كافية اورنيه- حي الربيع,مقهى النقوش العتيقة كافية اورنيه,حي الربيع,مقهى النقوش العتيقة كافية اورنيه- حي الربيع,الشمال,بلدية,بلدية الشمال,True,False,لا يوجد,,0,,,False,none,,3,True
Data 2025.xlsx,10746,2025-11-30,2025-11,2025-W48,4,6,raw-0526-r01,Raw-0526-R01,لحم مفروم مطبوخ,لحوم مجمدة/ مبردة (Frozen/Chilled Raw meat ),Frozen/Chilled Raw meat,لحوم مجمدة/ مبردة (Frozen/Chilled Raw meat ),raw_meat,مطعم منصور الفراج - حي الربيع,مطعم منصور الفراج,حي الربيع,مطعم منصور الفراج - حي الربيع,الشمال,بلدية,بلدية الشمال,True,False,لا يوجد,,0,,,False,none,,6,True
Data 2025.xlsx,10714,2025-11-30,2025-11,2025-W48,4,6,sa-0950-r01,sa-0950-R01,سلطة تونة,اطعمة جاهزة للأكل Ready to eat meals,Ready to eat meals,اطعمة جاهزة للأكل Ready to eat meals,prepared_meal,مقهى النقوش العتيقة كافية اورنيه- حي الربيع,مقهى النقوش العتيقة كافية اورنيه,حي الربيع,مقهى النقوش العتيقة كافية اورنيه- حي الربيع,الشمال,بلدية,بلدية الشمال,True,False,لا يوجد,,0,,,False,none,,2,True
Data 2025.xlsx,10742,2025-11-30,2025-11,2025-W48,4,6,sa-0951-r01,sa-0951-R01,سلطة زبادي لبنة مع خيار,اطعمة جاهزة للأكل Ready to eat meals,Ready to eat meals,اطعمة جاهزة للأكل Ready to eat meals,prepared_meal,مطعم منصور الفراج - حي الربيع,مطعم منصور الفراج,حي الربيع,مطعم منصور الفراج - حي الربيع,الشمال,بلدية,بلدية الشمال,True,False,لا يوجد,,0,,,False,none,,4,True
Data 2025.xlsx,10747,2025-11-30,2025-11,2025-W48,4,6,sa-0952-r01,sa-0952-R01,طماطم شيري مطبوخ,اطعمة جاهزة للأكل Ready to eat meals,Ready to eat meals,اطعمة جاهزة للأكل Ready to eat meals,prepared_meal,مطعم منصور الفراج - حي الربيع,مطعم منصور الفراج,حي الربيع,مطعم منصور الفراج - حي الربيع,الشمال,بلدية,بلدية الشمال,True,False,لا يوجد,,0,,,False,none,,6,True
Data 2025.xlsx,10749,2025-11-30,2025-11,2025-W48,4,6,sa-0953-r01,sa-0953-R01,فطيرة جبن موزاريلا,اطعمة جاهزة للأكل Ready to eat meals,Ready to eat meals,اطعمة جاهزة للأكل Ready to eat meals,prepared_meal,مطعم منصور الفراج - حي الربيع,مطعم منصور الفراج,حي الربيع,مطعم منصور الفراج - حي الربيع,الشمال,بلدية,بلدية الشمال,False,True,العد الكلي للبكتيريا,العد الكلي للبكتيريا,1,,العد الكلي للبكتيريا,False,indicator_only,,8,True
Data 2025.xlsx,10751,2025-11-30,2025-11,2025-W48,4,6,sa-0954-r01,sa-0954-R01,فطيرة لبنة مع عسل,اطعمة جاهزة للأكل Ready to eat meals,Ready to eat meals,اطعمة جاهزة للأكل Ready to eat meals,prepared_meal,مطعم منصور الفراج - حي الربيع,مطعم منصور الفراج,حي الربيع,مطعم منصور الفراج - حي الربيع,الشمال,بلدية,بلدية الشمال,True,False,لا يوجد,,0,,,False,none,,8,True
Data 2025.xlsx,10713,2025-11-30,2025-11,2025-W48,4,6,sau-2736-r01,sau-2736-R01,صوص بشاميل,صوص (sauce),sauce,صوص (sauce),sauce_condiment,مقهى النقوش العتيقة كافية اورنيه- حي الربيع,مقهى النقوش العتيقة كافية اورنيه,حي الربيع,مقهى النقوش العتيقة كافية اورنيه- حي الربيع,الشمال,بلدية,بلدية الشمال,False,True,العد الكلي للبكتيريا | انتيروباكتريسي | استافيلوكوكس اورياس | الخمائر والاعفان,العد الكلي للبكتيريا | انتيروباكتريسي | استافيلوكوكس اورياس | الخمائر والاعفان,4,استافيلوكوكس اورياس,العد الكلي للبكتيريا | انتيروباكتريسي | الخمائر والاعفان,True,pathogen,,2,True
Data 2025.xlsx,10717,2025-11-30,2025-11,2025-W48,4,6,sau-2737-r01,sau-2737-R01,مايونيز,صوص (sauce),sauce,صوص (sauce),sauce_condiment,مقهى النقوش العتيقة كافية اورنيه- حي الربيع,مقهى النقوش العتيقة كافية اورنيه,حي الربيع,مقهى النقوش العتيقة كافية اورنيه- حي الربيع,الشمال,بلدية,بلدية الشمال,True,False,لا يوجد,,0,,,False,none,,3,True
Data 2025.xlsx,10719,2025-11-30,2025-11,2025-W48,4,6,sau-2738-r01,sau-2738-R01,صوص خردل,صوص (sauce),sauce,صوص (sauce),sauce_condiment,مقهى النقوش العتيقة كافية اورنيه- حي الربيع,مقهى النقوش العتيقة كافية اورنيه,حي الربيع,مقهى النقوش العتيقة كافية اورنيه- حي الربيع,الشمال,بلدية,بلدية الشمال,True,False,لا يوجد,,0,,,False,none,,3,True
Data 2025.xlsx,10720,2025-11-30,2025-11,2025-W48,4,6,sau-2739-r01,sau-2739-R01,مايونيز سبايسي,صوص (sauce),sauce,صوص (sauce),sauce_condiment,مقهى النقوش العتيقة كافية اورنيه- حي الربيع,مقهى النقوش العتيقة كافية اورنيه,حي الربيع,مقهى النقوش العتيقة كافية اورنيه- حي الربيع,الشمال,بلدية,بلدية الشمال,True,False,لا يوجد,,0,,,False,none,,3,True
Data 2025.xlsx,10734,2025-11-30,2025-11,2025-W48,4,6,sau-2740-r01,sau-2740-R01,صوص اورنس,صوص (sauce),sauce,صوص (sauce),sauce_condiment,مطعم منصور الفراج - حي الربيع,مطعم منصور الفراج,حي الربيع,مطعم منصور الفراج - حي الربيع,الشمال,بلدية,بلدية الشمال,True,False,لا يوجد,,0,,,False,none,,2,True
Data 2025.xlsx,10735,2025-11-30,2025-11,2025-W48,4,6,sau-2741-r01,sau-2741-R01,صوص سيزر,صوص (sauce),sauce,صوص (sauce),sauce_condiment,مطعم منصور الفراج - حي الربيع,مطعم منصور الفراج,حي الربيع,مطعم منصور الفراج - حي الربيع,الشمال,بلدية,بلدية الشمال,True,False,لا يوجد,,0,,,False,none,,2,True
Data 2025.xlsx,10736,2025-11-30,2025-11,2025-W48,4,6,sau-2742-r01,sau-2742-R01,صوص ماسترد,صوص (sauce),sauce,صوص (sauce),sauce_condiment,مطعم منصور الفراج - حي الربيع,مطعم منصور الفراج,حي الربيع,مطعم منصور الفراج - حي الربيع,الشمال,بلدية,بلدية الشمال,True,False,لا يوجد,,0,,,False,none,,2,True
Data 2025.xlsx,10738,2025-11-30,2025-11,2025-W48,4,6,sau-2743-r01,sau-2743-R01,صوص زيت البقدونس,صوص (sauce),sauce,صوص (sauce),sauce_condiment,مطعم منصور الفراج - حي الربيع,مطعم منصور الفراج,حي الربيع,مطعم منصور الفراج - حي الربيع,الشمال,بلدية,بلدية الشمال,False,True,العد الكلي للبكتيريا,العد الكلي للبكتيريا,1,,العد الكلي للبكتيريا,False,indicator_only,,3,True
Data 2025.xlsx,10741,2025-11-30,2025-11,2025-W48,4,6,sau-2744-r01,sau-2744-R01,صوص باربكيو,صوص (sauce),sauce,صوص (sauce),sauce_condiment,مطعم منصور الفراج - حي الربيع,مطعم منصور الفراج,حي الربيع,مطعم منصور الفراج - حي الربيع,الشمال,بلدية,بلدية الشمال,True,False,لا يوجد,,0,,,False,none,,4,True
Data 2025.xlsx,10745,2025-11-30,2025-11,2025-W48,4,6,sau-2745-r01,sau-2745-R01,بيستو صوص,صوص (sauce),sauce,صوص (sauce),sauce_condiment,مطعم منصور الفراج - حي الربيع,مطعم منصور الفراج,حي الربيع,مطعم منصور الفراج - حي الربيع,الشمال,بلدية,بلدية الشمال,False,True,العد الكلي للبكتيريا | الخمائر والاعفان,العد الكلي للبكتيريا | الخمائر والاعفان,2,,العد الكلي للبكتيريا | الخمائر والاعفان,False,indicator_only,,6,True
Data 2025.xlsx,10723,2025-11-30,2025-11,2025-W48,4,6,so-0031-r01,SO-0031-R01,جبن مع مربى,(Soft Cheese) جبن طري / جبن سائل,Soft Cheese,(Soft Cheese) جبن طري / جبن سائل,dairy,مطعم منصور الفراج - حي الربيع,مطعم منصور الفراج,حي الربيع,مطعم منصور الفراج - حي الربيع,الشمال,بلدية,بلدية الشمال,True,False,لا يوجد,,0,,,False,none,,0,False
Data 2025.xlsx,10727,2025-11-30,2025-11,2025-W48,4,6,so-0032-r01,SO-0032-R01,جبنة موزاريلا مع كريمة,(Soft Cheese) جبن طري / جبن سائل,Soft Cheese,(Soft Cheese) جبن طري / جبن سائل,dairy,مطعم منصور الفراج - حي الربيع,مطعم منصور الفراج,حي الربيع,مطعم منصور الفراج - حي الربيع,الشمال,بلدية,بلدية الشمال,True,False,لا يوجد,,0,,,False,none,,1,False
Data 2025.xlsx,10743,2025-11-30,2025-11,2025-W48,4,6,so-0033-r01,SO-0033-R01,جبن حلومي,(Soft Cheese) جبن طري / جبن سائل,Soft Cheese,(Soft Cheese) جبن طري / جبن سائل,dairy,مطعم منصور الفراج - حي الربيع,مطعم منصور الفراج,حي الربيع,مطعم منصور الفراج - حي الربيع,الشمال,بلدية,بلدية الشمال,False,True,استافيلوكوكس اورياس,استافيلوكوكس اورياس,1,استافيلوكوكس اورياس,,True,pathogen,,5,True
Data 2025.xlsx,10748,2025-11-30,2025-11,2025-W48,4,6,so-0034-r01,SO-0034-R01,برادة شيز,(Soft Cheese) جبن طري / جبن سائل,Soft Cheese,(Soft Cheese) جبن طري / جبن سائل,dairy,مطعم منصور الفراج - حي الربيع,مطعم منصور الفراج,حي الربيع,مطعم منصور الفراج - حي الربيع,الشمال,بلدية,بلدية الشمال,False,True,انتيروباكتريسي,انتيروباكتريسي,1,,انتيروباكتريسي,False,indicator_only,,7,True
Data 2025.xlsx,10721,2025-11-30,2025-11,2025-W48,4,6,sw-3794-r01,sw-3794-R01,مسحة صانعة ثلج,(Swabs) المسحات,Swabs,(Swabs) المسحات,swab,مقهى النقوش العتيقة كافية اورنيه- حي الربيع,مقهى النقوش العتيقة كافية اورنيه,حي الربيع,مقهى النقوش العتيقة كافية اورنيه- حي الربيع,الشمال,بلدية,بلدية الشمال,False,True,العد الكلي للبكتيريا,العد الكلي للبكتيريا,1,,العد الكلي للبكتيريا,False,indicator_only,,4,True
Data 2025.xlsx,10722,2025-11-30,2025-11,2025-W48,4,6,sw-3795-r01,sw-3795-R01,مسحة حافظة حلا,(Swabs) المسحات,Swabs,(Swabs) المسحات,swab,مقهى النقوش العتيقة كافية اورنيه- حي الربيع,مقهى النقوش العتيقة كافية اورنيه,حي الربيع,مقهى النقوش العتيقة كافية اورنيه- حي الربيع,الشمال,بلدية,بلدية الشمال,True,False,لا يوجد,,0,,,False,none,,4,True
Data 2025.xlsx,10755,2025-11-30,2025-11,2025-W48,4,6,sw-3796-r01,sw-3796-R01,مسحة طاولة تقطيع,(Swabs) المسحات,Swabs,(Swabs) المسحات,swab,مطعم منصور الفراج - حي الربيع,مطعم منصور الفراج,حي الربيع,مطعم منصور الفراج - حي الربيع,الشمال,بلدية,بلدية الشمال,True,False,لا يوجد,,0,,,False,none,,11,True
Data 2025.xlsx,10756,2025-11-30,2025-11,2025-W48,4,6,sw-3797-r01,sw-3797-R01,مسحة طاولة تقطيع,(Swabs) المسحات,Swabs,(Swabs) المسحات,swab,مطعم منصور الفراج - حي الربيع,مطعم منصور الفراج,حي الربيع,مطعم منصور الفراج - حي الربيع,الشمال,بلدية,بلدية الشمال,False,True,العد الكلي للبكتيريا,العد الكلي للبكتيريا,1,,العد الكلي للبكتيريا,False,indicator_only,,12,True
Data 2025.xlsx,10757,2025-11-30,2025-11,2025-W48,4,6,sw-3798-r01,sw-3798-R01,مسحة طاولة تقطيع,(Swabs) المسحات,Swabs,(Swabs) المسحات,swab,مطعم منصور الفراج - حي الربيع,مطعم منصور الفراج,حي الربيع,مطعم منصور الفراج - حي الربيع,الشمال,بلدية,بلدية الشمال,False,True,العد الكلي للبكتيريا,العد الكلي للبكتيريا,1,,العد الكلي للبكتيريا,False,indicator_only,,13,True
Data 2025.xlsx,10758,2025-11-30,2025-11,2025-W48,4,6,sw-3799-r01,sw-3799-R01,مسحة ثلاجة كروسان,(Swabs) المسحات,Swabs,(Swabs) المسحات,swab,مطعم منصور الفراج - حي الربيع,مطعم منصور الفراج,حي الربيع,مطعم منصور الفراج - حي الربيع,الشمال,بلدية,بلدية الشمال,True,False,لا يوجد,,0,,,False,none,,13,True
Data 2025.xlsx,10759,2025-11-30,2025-11,2025-W48,4,6,sw-3800-r01,sw-3800-R01,مسحة ثلاجة كروسان,(Swabs) المسحات,Swabs,(Swabs) المسحات,swab,مطعم منصور الفراج - حي الربيع,مطعم منصور الفراج,حي الربيع,مطعم منصور الفراج - حي الربيع,الشمال,بلدية,بلدية الشمال,True,False,لا يوجد,,0,,,False,none,,13,True
Data 2025.xlsx,10744,2025-11-30,2025-11,2025-W48,4,6,to-0015-r01,to-0015-R01,صلصة بيتزا,جميع أنواع منتجات الطماطم (All kinds of tomato products),All kinds of tomato products,جميع أنواع منتجات الطماطم (All kinds of tomato products),produce,مطعم منصور الفراج - حي الربيع,مطعم منصور الفراج,حي الربيع,مطعم منصور الفراج - حي الربيع,الشمال,بلدية,بلدية الشمال,True,False,لا يوجد,,0,,,False,none,,5,True
Data 2025.xlsx,10760,2025-11-30,2025-11,2025-W48,4,6,ubot-1174-r01,Ubot-1174-R01,مياه للغسيل بدون فلتر م ك,المياه الغير معبأة (Unbottled water),Unbottled water,المياه الغير المعبأة (Unbottled water),water,مطعم منصور الفراج - حي الربيع,مطعم منصور الفراج,حي الربيع,مطعم منصور الفراج - حي الربيع,الشمال,بلدية,بلدية الشمال,True,False,لا يوجد,,0,,,False,none,category_merged_to_canonical,13,True
