source_file,row_excel,sampling_date,year_month,iso_year_week,quarter,day_of_week,sample_id,sample_id_raw,sample_name,category_canonical,category_en,category_raw,sample_type,facility_name,facility_chain,facility_branch,facility_name_raw,municipality,municipality_type,municipality_raw,is_valid,is_failure,invalid_tests_raw,invalid_tests,n_failed_tests,failed_pathogens,failed_indicators,has_pathogen_failure,severity_tier,data_quality_flags,chain_invalid_count_90d,is_repeat_offender_90d
Data 2025.xlsx,829,2025-02-01,2025-02,2025-W05,1,5,1-2721-R01,1-2721-R01,رز بشاور,الارز ( rice),rice,الارز ( rice),prepared_meal,مطعم فيجن البخاري,مطعم فيجن البخاري,,مطعم فيجن البخاري,الروضة,بلدية,بلدية الروضة,True,False,لا يوجد,,0,,,False,none,,12,True
Data 2025.xlsx,836,2025-02-01,2025-02,2025-W05,1,5,1-2722-R01,1-2722-R01,قشطة,(cream) قشطة,cream,(cream) قشطة,dairy,ميدان الشام حي المغرزات,ميدان الشام حي المغرزات,,ميدان الشام حي المغرزات,العليا,بلدية,بلدية العليا,False,True,العد الكلي للبكتيريا | انتيروباكتريسي,العد الكلي للبكتيريا | انتيروباكتريسي,2,,العد الكلي للبكتيريا | انتيروباكتريسي,False,indicator_only,,3,True
Data 2025.xlsx,850,2025-02-01,2025-02,2025-W05,1,5,1-2723-R01,1-2723-R01,كبدة غنم,كبدة (liver),liver,كبدة (liver),cooked_meat_poultry,ميدان الشام حي المغرزات,ميدان الشام حي المغرزات,,ميدان الشام حي المغرزات,العليا,بلدية,بلدية العليا,True,False,لا يوجد,,0,,,False,none,,9,True
Data 2025.xlsx,844,2025-02-01,2025-02,2025-W05,1,5,O-r-O3-le-0294-R01,O-r-O3-le-0294-R01,قطع خس,الخس (Lettuce),Lettuce,الخس (Lettuce),produce,ميدان الشام حي المغرزات,ميدان الشام حي المغرزات,,ميدان الشام حي المغرزات,العليا,بلدية,بلدية العليا,False,True,استافيلوكوكس اورياس,استافيلوكوكس اورياس,1,استافيلوكوكس اورياس,,True,pathogen,,9,True
Data 2025.xlsx,846,2025-02-01,2025-02,2025-W05,1,5,OO-OSS-po-0328-R01,OO-OSS-po-0328-R01,بطاطس مقلي,البطاطس (potatoes),potatoes,البطاطس (potatoes),produce,ميدان الشام حي المغرزات,ميدان الشام حي المغرزات,,ميدان الشام حي المغرزات,العليا,بلدية,بلدية العليا,True,False,لا يوجد,,0,,,False,none,,9,True
Data 2025.xlsx,843,2025-02-01,2025-02,2025-W05,1,5,OOSS-eg-0301-R01,OOSS-eg-0301-R01,باذنجان مقلي مع فلفل,الباذنجان (eggplant),eggplant,الباذنجان (eggplant),dairy,ميدان الشام حي المغرزات,ميدان الشام حي المغرزات,,ميدان الشام حي المغرزات,العليا,بلدية,بلدية العليا,True,False,لا يوجد,,0,,,False,none,,8,True
Data 2025.xlsx,834,2025-02-01,2025-02,2025-W05,1,5,appe-0282-r01,Appe-0282-R01,متبل شمندر,مقبلات (Appetizers),Appetizers,مقبلات (Appetizers),prepared_meal,ميدان الشام حي المغرزات,ميدان الشام حي المغرزات,,ميدان الشام حي المغرزات,العليا,بلدية,بلدية العليا,False,True,العد الكلي للبكتيريا,العد الكلي للبكتيريا,1,,العد الكلي للبكتيريا,False,indicator_only,,1,False
Data 2025.xlsx,838,2025-02-01,2025-02,2025-W05,1,5,appe-0283-r01,Appe-0283-R01,حمص,مقبلات (Appetizers),Appetizers,مقبلات (Appetizers),prepared_meal,ميدان الشام حي المغرزات,ميدان الشام حي المغرزات,,ميدان الشام حي المغرزات,العليا,بلدية,بلدية العليا,False,True,العد الكلي للبكتيريا,العد الكلي للبكتيريا,1,,العد الكلي للبكتيريا,False,indicator_only,,5,True
Data 2025.xlsx,839,2025-02-01,2025-02,2025-W05,1,5,appe-0284-r01,Appe-0284-R01,متبل,مقبلات (Appetizers),Appetizers,مقبلات (Appetizers),prepared_meal,ميدان الشام حي المغرزات,ميدان الشام حي المغرزات,,ميدان الشام حي المغرزات,العليا,بلدية,بلدية العليا,False,True,العد الكلي للبكتيريا,العد الكلي للبكتيريا,1,,العد الكلي للبكتيريا,False,indicator_only,,6,True
Data 2025.xlsx,840,2025-02-01,2025-02,2025-W05,1,5,appe-0285-r01,Appe-0285-R01,بابا غنوج,مقبلات (Appetizers),Appetizers,مقبلات (Appetizers),prepared_meal,ميدان الشام حي المغرزات,ميدان الشام حي المغرزات,,ميدان الشام حي المغرزات,العليا,بلدية,بلدية العليا,True,False,لا يوجد,,0,,,False,none,,6,True
Data 2025.xlsx,835,2025-02-01,2025-02,2025-W05,1,5,bri-0258-r01,bri-0258-R01,لبنة,لبنة ( brick),brick,لبنة ( brick),dairy,ميدان الشام حي المغرزات,ميدان الشام حي المغرزات,,ميدان الشام حي المغرزات,العليا,بلدية,بلدية العليا,False,True,انتيروباكتريسي,انتيروباكتريسي,1,,انتيروباكتريسي,False,indicator_only,,2,True
Data 2025.xlsx,837,2025-02-01,2025-02,2025-W05,1,5,ch-0084-r01,ch-0084-R01,جبن سائل,الاجبان (cheeses),cheeses,الاجبان (cheeses),dairy,ميدان الشام حي المغرزات,ميدان الشام حي المغرزات,,ميدان الشام حي المغرزات,العليا,بلدية,بلدية العليا,False,True,انتيروباكتريسي,انتيروباكتريسي,1,,انتيروباكتريسي,False,indicator_only,,4,True
Data 2025.xlsx,831,2025-02-01,2025-02,2025-W05,1,5,co-0438-r01,co-0438-R01,دجاج متبل ني المراعي,الدجاج المطبوخ (Cooked chicken),Cooked chicken,الدجاج المطبوخ (Cooked chicken),cooked_meat_poultry,مطعم فيجن البخاري,مطعم فيجن البخاري,,مطعم فيجن البخاري,الروضة,بلدية,بلدية الروضة,True,False,لا يوجد,,0,,,False,none,,12,True
Data 2025.xlsx,853,2025-02-01,2025-02,2025-W05,1,5,co-0439-r01,co-0439-R01,قطع شاورما دجاج,الدجاج المطبوخ (Cooked chicken),Cooked chicken,الدجاج المطبوخ (Cooked chicken),cooked_meat_poultry,ميدان الشام حي المغرزات,ميدان الشام حي المغرزات,,ميدان الشام حي المغرزات,العليا,بلدية,بلدية العليا,True,False,لا يوجد,,0,,,False,none,,10,True
Data 2025.xlsx,856,2025-02-01,2025-02,2025-W05,1,5,co-0440-r01,co-0440-R01,دجاج على الفحم نص استواء,الدجاج المطبوخ (Cooked chicken),Cooked chicken,الدجاج المطبوخ (Cooked chicken),cooked_meat_poultry,ميدان الشام حي المغرزات,ميدان الشام حي المغرزات,,ميدان الشام حي المغرزات,العليا,بلدية,بلدية العليا,True,False,لا يوجد,,0,,,False,none,,10,True
Data 2025.xlsx,847,2025-02-01,2025-02,2025-W05,1,5,fala-0055-r01,Fala-0055-R01,فلافل,فلافل( falafil),falafil,فلافل( falafil),sweets_bakery,ميدان الشام حي المغرزات,ميدان الشام حي المغرزات,,ميدان الشام حي المغرزات,العليا,بلدية,بلدية العليا,True,False,لا يوجد,,0,,,False,none,,9,True
Data 2025.xlsx,828,2025-02-01,2025-02,2025-W05,1,5,fish-0089-r01,fish-0089-R01,سمك فيليه,Fish/fish product(الاسماك / منتجات الاسماك),fish product,Fish/fish product(الاسماك / منتجات الاسماك),cooked_meat_poultry,مطعم فيجن البخاري,مطعم فيجن البخاري,,مطعم فيجن البخاري,الروضة,بلدية,بلدية الروضة,False,True,العد الكلي للبكتيريا,العد الكلي للبكتيريا,1,,العد الكلي للبكتيريا,False,indicator_only,,12,True
Data 2025.xlsx,823,2025-02-01,2025-02,2025-W05,1,5,gcv-0166-r01,GCV-0166-R01,ايدام مصقع,الخضار المشوية و المطبوخة,,الخضار المشوية و المطبوخة,cooked_meat_poultry,مطعم فيجن البخاري,مطعم فيجن البخاري,,مطعم فيجن البخاري,الروضة,بلدية,بلدية الروضة,False,True,العد الكلي للبكتيريا,العد الكلي للبكتيريا,1,,العد الكلي للبكتيريا,False,indicator_only,,8,True
Data 2025.xlsx,824,2025-02-01,2025-02,2025-W05,1,5,gcv-0167-r01,GCV-0167-R01,ايدام مشكل خضار,الخضار المشوية و المطبوخة,,الخضار المشوية و المطبوخة,cooked_meat_poultry,مطعم فيجن البخاري,مطعم فيجن البخاري,,مطعم فيجن البخاري,الروضة,بلدية,بلدية الروضة,False,True,العد الكلي للبكتيريا,العد الكلي للبكتيريا,1,,العد الكلي للبكتيريا,False,indicator_only,,9,True
Data 2025.xlsx,825,2025-02-01,2025-02,2025-W05,1,5,gcv-0168-r01,GCV-0168-R01,ايدام ملوخية,الخضار المشوية و المطبوخة,,الخضار المشوية و المطبوخة,cooked_meat_poultry,مطعم فيجن البخاري,مطعم فيجن البخاري,,مطعم فيجن البخاري,الروضة,بلدية,بلدية الروضة,False,True,العد الكلي للبكتيريا,العد الكلي للبكتيريا,1,,العد الكلي للبكتيريا,False,indicator_only,,10,True
Data 2025.xlsx,848,2025-02-01,2025-02,2025-W05,1,5,gr-0135-r01,gr-0135-R01,ورق عنب,ورق عنب (Grape leaves),Grape leaves,ورق عنب (Grape leaves),produce,ميدان الشام حي المغرزات,ميدان الشام حي المغرزات,,ميدان الشام حي المغرزات,العليا,بلدية,بلدية العليا,True,False,لا يوجد,,0,,,False,none,,9,True
Data 2025.xlsx,851,2025-02-01,2025-02,2025-W05,1,5,mt-0099-r01,MT-0099-R01,مقلقل لحم,اللحوم المطبوخة (Cooked meat),Cooked meat,(Cooked meat )لحوم مطبوخة,cooked_meat_poultry,ميدان الشام حي المغرزات,ميدان الشام حي المغرزات,,ميدان الشام حي المغرزات,العليا,بلدية,بلدية العليا,True,False,لا يوجد,,0,,,False,none,category_merged_to_canonical,9,True
Data 2025.xlsx,845,2025-02-01,2025-02,2025-W05,1,5,pick-0316-r01,Pick-0316-R01,مخلل لفت,المخلل (Pickle),Pickle,المخلل (Pickle),sauce_condiment,ميدان الشام حي المغرزات,ميدان الشام حي المغرزات,,ميدان الشام حي المغرزات,العليا,بلدية,بلدية العليا,True,False,لا يوجد,,0,,,False,none,,9,True
Data 2025.xlsx,857,2025-02-01,2025-02,2025-W05,1,5,raw-0037-r01,Raw-0037-R01,كباب لحم,لحوم نيئة مبردة ومجمدة (Raw meat Cold or chilled ),Raw meat Cold or chilled,لحوم نيئة مبردة ومجمدة (Raw meat Cold or chilled ),raw_meat,ميدان الشام حي المغرزات,ميدان الشام حي المغرزات,,ميدان الشام حي المغرزات,العليا,بلدية,بلدية العليا,False,True,العد الكلي للبكتيريا | استافيلوكوكس اورياس,العد الكلي للبكتيريا | استافيلوكوكس اورياس,2,استافيلوكوكس اورياس,العد الكلي للبكتيريا,True,pathogen,,11,True
Data 2025.xlsx,858,2025-02-01,2025-02,2025-W05,1,5,raw-0038-r01,Raw-0038-R01,اوصال لحم,لحوم نيئة مبردة ومجمدة (Raw meat Cold or chilled ),Raw meat Cold or chilled,لحوم نيئة مبردة ومجمدة (Raw meat Cold or chilled ),raw_meat,ميدان الشام حي المغرزات,ميدان الشام حي المغرزات,,ميدان الشام حي المغرزات,,,,False,True,استافيلوكوكس اورياس,استافيلوكوكس اورياس,1,استافيلوكوكس اورياس,,True,pathogen,,12,True
Data 2025.xlsx,816,2025-02-01,2025-02,2025-W05,1,5,sal-1018-r01,Sal-1018-R01,سلطة خضراء,السلطة(Salad),Salad,السلطة(Salad),produce,مطعم فيجن البخاري,مطعم فيجن البخاري,,مطعم فيجن البخاري,الروضة,بلدية,بلدية الروضة,False,True,استافيلوكوكس اورياس,استافيلوكوكس اورياس,1,استافيلوكوكس اورياس,,True,pathogen,,3,True
Data 2025.xlsx,817,2025-02-01,2025-02,2025-W05,1,5,sal-1019-r01,Sal-1019-R01,سلطة زبادي,السلطة(Salad),Salad,السلطة(Salad),produce,مطعم فيجن البخاري,مطعم فيجن البخاري,,مطعم فيجن البخاري,الروضة,بلدية,بلدية الروضة,False,True,استافيلوكوكس اورياس,استافيلوكوكس اورياس,1,استافيلوكوكس اورياس,,True,pathogen,,4,True
Data 2025.xlsx,818,2025-02-01,2025-02,2025-W05,1,5,sal-1020-r01,Sal-1020-R01,سلطة فواكه,السلطة(Salad),Salad,السلطة(Salad),produce,مطعم فيجن البخاري,مطعم فيجن البخاري,,مطعم فيجن البخاري,الروضة,بلدية,بلدية الروضة,False,True,استافيلوكوكس اورياس,استافيلوكوكس اورياس,1,استافيلوكوكس اورياس,,True,pathogen,,5,True
Data 2025.xlsx,821,2025-02-01,2025-02,2025-W05,1,5,sal-1021-r01,Sal-1021-R01,سلطة حمراء حارة,السلطة(Salad),Salad,السلطة(Salad),produce,مطعم فيجن البخاري,مطعم فيجن البخاري,,مطعم فيجن البخاري,الروضة,بلدية,بلدية الروضة,False,True,استافيلوكوكس اورياس,استافيلوكوكس اورياس,1,استافيلوكوكس اورياس,,True,pathogen,,6,True
Data 2025.xlsx,822,2025-02-01,2025-02,2025-W05,1,5,sal-1022-r01,Sal-1022-R01,سلطة تيرمير حارة,السلطة(Salad),Salad,السلطة(Salad),produce,مطعم فيجن البخاري,مطعم فيجن البخاري,,مطعم فيجن البخاري,الروضة,بلدية,بلدية الروضة,False,True,استافيلوكوكس اورياس,استافيلوكوكس اورياس,1,استافيلوكوكس اورياس,,True,pathogen,,7,True
Data 2025.xlsx,849,2025-02-01,2025-02,2025-W05,1,5,sal-1023-r01,Sal-1023-R01,سلطة حمراء حارة,السلطة(Salad),Salad,السلطة(Salad),produce,ميدان الشام حي المغرزات,ميدان الشام حي المغرزات,,ميدان الشام حي المغرزات,العليا,بلدية,بلدية العليا,True,False,لا يوجد,,0,,,False,none,,9,True
Data 2025.xlsx,827,2025-02-01,2025-02,2025-W05,1,5,sau-1148-r01,sau-1148-R01,صوص شيرة,صوص (sauce),sauce,صوص (sauce),sauce_condiment,مطعم فيجن البخاري,مطعم فيجن البخاري,,مطعم فيجن البخاري,الروضة,بلدية,بلدية الروضة,True,False,لا يوجد,,0,,,False,none,,11,True
Data 2025.xlsx,830,2025-02-01,2025-02,2025-W05,1,5,sau-1149-r01,sau-1149-R01,صوص رزبيان بالبطاطس,صوص (sauce),sauce,صوص (sauce),sauce_condiment,مطعم فيجن البخاري,مطعم فيجن البخاري,,مطعم فيجن البخاري,الروضة,بلدية,بلدية الروضة,True,False,لا يوجد,,0,,,False,none,,12,True
Data 2025.xlsx,841,2025-02-01,2025-02,2025-W05,1,5,sau-1150-r01,sau-1150-R01,صوص ثوم ميدان الشام,صوص (sauce),sauce,صوص (sauce),sauce_condiment,ميدان الشام حي المغرزات,ميدان الشام حي المغرزات,,ميدان الشام حي المغرزات,العليا,بلدية,بلدية العليا,False,True,العد الكلي للبكتيريا,العد الكلي للبكتيريا,1,,العد الكلي للبكتيريا,False,indicator_only,,7,True
Data 2025.xlsx,842,2025-02-01,2025-02,2025-W05,1,5,sau-1151-r01,sau-1151-R01,صوص ثوم حار ميدان الشام,صوص (sauce),sauce,صوص (sauce),sauce_condiment,ميدان الشام حي المغرزات,ميدان الشام حي المغرزات,,ميدان الشام حي المغرزات,العليا,بلدية,بلدية العليا,False,True,العد الكلي للبكتيريا,العد الكلي للبكتيريا,1,,العد الكلي للبكتيريا,False,indicator_only,,8,True
Data 2025.xlsx,852,2025-02-01,2025-02,2025-W05,1,5,sau-1152-r01,sau-1152-R01,صوص ثوم,صوص (sauce),sauce,صوص (sauce),sauce_condiment,ميدان الشام حي المغرزات,ميدان الشام حي المغرزات,,ميدان الشام حي المغرزات,العليا,بلدية,بلدية العليا,False,True,العد الكلي للبكتيريا | انتيروباكتريسي | استافيلوكوكس اورياس,العد الكلي للبكتيريا | انتيروباكتريسي | استافيلوكوكس اورياس,3,استافيلوكوكس اورياس,العد الكلي للبكتيريا | انتيروباكتريسي,True,pathogen,,10,True
Data 2025.xlsx,826,2025-02-01,2025-02,2025-W05,1,5,so-0005-r01-a,so-0005-R01,شوربة لحم,"Soup (all kinds) Samosa, Mashed potato, Desserts.",,"Soup (all kinds) Samosa, Mashed potato, Desserts.",produce,مطعم فيجن البخاري,مطعم فيجن البخاري,,مطعم فيجن البخاري,الروضة,بلدية,بلدية الروضة,False,True,العد الكلي للبكتيريا,العد الكلي للبكتيريا,1,,العد الكلي للبكتيريا,False,indicator_only,sample_id_collision,11,True
Data 2025.xlsx,832,2025-02-01,2025-02,2025-W05,1,5,sw-2292-r01,sw-2292-R01,مسحة قطاعة بصل+جزر,(Swabs) المسحات,Swabs,(Swabs) المسحات,swab,مطعم فيجن البخاري,مطعم فيجن البخاري,,مطعم فيجن البخاري,الروضة,بلدية,بلدية الروضة,True,False,لا يوجد,,0,,,False,none,,12,True
Data 2025.xlsx,833,2025-02-01,2025-02,2025-W05,1,5,sw-2293-r01,sw-2293-R01,مسحة طاولة تقطيع خضار,(Swabs) المسحات,Swabs,(Swabs) المسحات,swab,مطعم فيجن البخاري,مطعم فيجن البخاري,,مطعم فيجن البخاري,الروضة,بلدية,بلدية الروضة,True,False,لا يوجد,,0,,,False,none,,12,True
Data 2025.xlsx,854,2025-02-01,2025-02,2025-W05,1,5,sw-2294-r01,sw-2294-R01,مسحة ثلاجة تقديم,(Swabs) المسحات,Swabs,(Swabs) المسحات,swab,ميدان الشام حي المغرزات,ميدان الشام حي المغرزات,,ميدان الشام حي المغرزات,العليا,بلدية,بلدية العليا,True,False,لا يوجد,,0,,,False,none,,10,True
Data 2025.xlsx,855,2025-02-01,2025-02,2025-W05,1,5,sw-2295-r01,sw-2295-R01,مسحة ثلاجة تقديم,(Swabs) المسحات,Swabs,(Swabs) المسحات,swab,ميدان الشام حي المغرزات,ميدان الشام حي المغرزات,,ميدان الشام حي المغرزات,العليا,بلدية,بلدية العليا,True,False,لا يوجد,,0,,,False,none,,10,True
Data 2025.xlsx,819,2025-02-01,2025-02,2025-W05,1,5,sweet-0712-r01,sweet-0712-R01,رز بالحليب,الحلا(sweetness),sweetness,الحلا(sweetness),sweets_bakery,مطعم فيجن البخاري,مطعم فيجن البخاري,,مطعم فيجن البخاري,الروضة,بلدية,بلدية الروضة,True,False,لا يوجد,,0,,,False,none,,5,True
Data 2025.xlsx,820,2025-02-01,2025-02,2025-W05,1,5,sweet-0713-r01,sweet-0713-R01,مهلبية,الحلا(sweetness),sweetness,الحلا(sweetness),sweets_bakery,مطعم فيجن البخاري,مطعم فيجن البخاري,,مطعم فيجن البخاري,الروضة,بلدية,بلدية الروضة,True,False,لا يوجد,,0,,,False,none,,5,True
Data 2025.xlsx,862,2025-02-01,2025-02,2025-W05,1,5,ubot-0869-r01,Ubot-0869-R01,مياه فلتر لغسيل الخضار,المياه الغير معبأة (Unbottled water),Unbottled water,المياه الغير معبأة (Unbottled water),water,مطعم فيجن البخاري,مطعم فيجن البخاري,,مطعم فيجن البخاري,الروضة,بلدية,بلدية الروضة,True,False,لا يوجد,,0,,,False,none,,12,True
Data 2025.xlsx,874,2025-02-02,2025-02,2025-W05,1,6,1-2724-R01,1-2724-R01,هلابينو,(jalapeno) هلابينو,jalapeno,(jalapeno) هلابينو,produce,أسواق محمد الرشيد,أسواق محمد الرشيد,,أسواق محمد الرشيد,العليا,بلدية,بلدية العليا,True,False,لا يوجد,,0,,,False,none,,4,True
Data 2025.xlsx,884,2025-02-02,2025-02,2025-W05,1,6,UU-pe-0969-R01,UU-pe-0969-R01,فلفل محشي جبنة,الفلفل (peppers),peppers,الفلفل (peppers),produce,أسواق محمد الرشيد,أسواق محمد الرشيد,,أسواق محمد الرشيد,العليا,بلدية,بلدية العليا,True,False,لا يوجد,,0,,,False,none,,8,True
Data 2025.xlsx,885,2025-02-02,2025-02,2025-W05,1,6,UU-pe-0970-R01,UU-pe-0970-R01,فلفل اخضر محشي جبنة,الفلفل (peppers),peppers,الفلفل (peppers),produce,أسواق محمد الرشيد,أسواق محمد الرشيد,,أسواق محمد الرشيد,العليا,بلدية,بلدية العليا,True,False,لا يوجد,,0,,,False,none,,8,True
Data 2025.xlsx,900,2025-02-02,2025-02,2025-W05,1,6,bakgoo-0423-r01,bakgoo-0423-R01,كورسان شيدر,(baked goods) المخبوزات,baked goods,(baked goods) المخبوزات,sweets_bakery,أسواق محمد الرشيد,أسواق محمد الرشيد,,أسواق محمد الرشيد,العليا,بلدية,بلدية العليا,True,False,لا يوجد,,0,,,False,none,,13,True
Data 2025.xlsx,901,2025-02-02,2025-02,2025-W05,1,6,bakgoo-0424-r01,bakgoo-0424-R01,كورسان شوكولاتة,(baked goods) المخبوزات,baked goods,(baked goods) المخبوزات,sweets_bakery,أسواق محمد الرشيد,أسواق محمد الرشيد,,أسواق محمد الرشيد,العليا,بلدية,بلدية العليا,True,False,لا يوجد,,0,,,False,none,,13,True
Data 2025.xlsx,902,2025-02-02,2025-02,2025-W05,1,6,bakgoo-0425-r01,bakgoo-0425-R01,كورسان زعتر,(baked goods) المخبوزات,baked goods,(baked goods) المخبوزات,sweets_bakery,أسواق محمد الرشيد,أسواق محمد الرشيد,,أسواق محمد الرشيد,العليا,بلدية,بلدية العليا,True,False,لا يوجد,,0,,,False,none,,13,True
Data 2025.xlsx,903,2025-02-02,2025-02,2025-W05,1,6,bakgoo-0426-r01,bakgoo-0426-R01,كورسان سادة,(baked goods) المخبوزات,baked goods,(baked goods) المخبوزات,sweets_bakery,أسواق محمد الرشيد,أسواق محمد الرشيد,,أسواق محمد الرشيد,العليا,بلدية,بلدية العليا,True,False,لا يوجد,,0,,,False,none,,13,True
Data 2025.xlsx,904,2025-02-02,2025-02,2025-W05,1,6,bakgoo-0427-r01,bakgoo-0427-R01,خبز برجر,(baked goods) المخبوزات,baked goods,(baked goods) المخبوزات,sweets_bakery,أسواق محمد الرشيد,أسواق محمد الرشيد,,أسواق محمد الرشيد,العليا,بلدية,بلدية العليا,True,False,لا يوجد,,0,,,False,none,,13,True
Data 2025.xlsx,906,2025-02-02,2025-02,2025-W05,1,6,bakgoo-0428-r01,bakgoo-0428-R01,فطيرة نقانق,(baked goods) المخبوزات,baked goods,(baked goods) المخبوزات,sweets_bakery,أسواق محمد الرشيد,أسواق محمد الرشيد,,أسواق محمد الرشيد,العليا,بلدية,بلدية العليا,True,False,لا يوجد,,0,,,False,none,,13,True
Data 2025.xlsx,879,2025-02-02,2025-02,2025-W05,1,6,bri-0259-r01,bri-0259-R01,لبنة مكورة بالزعتر,لبنة ( brick),brick,لبنة ( brick),dairy,أسواق محمد الرشيد,أسواق محمد الرشيد,,أسواق محمد الرشيد,العليا,بلدية,بلدية العليا,False,True,الخمائر والاعفان,الخمائر والاعفان,1,,الخمائر والاعفان,False,indicator_only,,6,True
Data 2025.xlsx,881,2025-02-02,2025-02,2025-W05,1,6,bri-0260-r01,bri-0260-R01,لبنة بحبة البركة,لبنة ( brick),brick,لبنة ( brick),dairy,أسواق محمد الرشيد,أسواق محمد الرشيد,,أسواق محمد الرشيد,العليا,بلدية,بلدية العليا,False,True,الخمائر والاعفان,الخمائر والاعفان,1,,الخمائر والاعفان,False,indicator_only,,7,True
Data 2025.xlsx,888,2025-02-02,2025-02,2025-W05,1,6,bri-0261-r01,bri-0261-R01,لبنة مع شبت,لبنة ( brick),brick,لبنة ( brick),dairy,أسواق محمد الرشيد,أسواق محمد الرشيد,,أسواق محمد الرشيد,العليا,بلدية,بلدية العليا,False,True,انتيروباكتريسي,انتيروباكتريسي,1,,انتيروباكتريسي,False,indicator_only,,10,True
Data 2025.xlsx,890,2025-02-02,2025-02,2025-W05,1,6,bri-0262-r01,bri-0262-R01,لبنة مشوي,لبنة ( brick),brick,لبنة ( brick),dairy,أسواق محمد الرشيد,أسواق محمد الرشيد,,أسواق محمد الرشيد,العليا,بلدية,بلدية العليا,False,True,انتيروباكتريسي | استافيلوكوكس اورياس | الخمائر والاعفان,انتيروباكتريسي | استافيلوكوكس اورياس | الخمائر والاعفان,3,استافيلوكوكس اورياس,انتيروباكتريسي | الخمائر والاعفان,True,pathogen,,12,True
Data 2025.xlsx,886,2025-02-02,2025-02,2025-W05,1,6,chee-0678-r01,Chee-0678-R01,مش مصري,(cheese) جبنة,cheese,(cheese) جبنة,dairy,أسواق محمد الرشيد,أسواق محمد الرشيد,,أسواق محمد الرشيد,العليا,بلدية,بلدية العليا,True,False,لا يوجد,,0,,,False,none,,8,True
Data 2025.xlsx,905,2025-02-02,2025-02,2025-W05,1,6,maam-0022-r01,maam-0022-R01,معمول بالهيل,معمول (maamoul),maamoul,معمول (maamoul),sweets_bakery,أسواق محمد الرشيد,أسواق محمد الرشيد,,أسواق محمد الرشيد,العليا,بلدية,بلدية العليا,True,False,لا يوجد,,0,,,False,none,,13,True
Data 2025.xlsx,864,2025-02-02,2025-02,2025-W05,1,6,olv-0401-r01,olv-0401-R01,زيتون لبناني,الزيتون /Olive,Olive,الزيتون /Olive,produce,أسواق محمد الرشيد,أسواق محمد الرشيد,,أسواق محمد الرشيد,العليا,بلدية,بلدية العليا,True,False,لا يوجد,,0,,,False,none,,0,False
Data 2025.xlsx,865,2025-02-02,2025-02,2025-W05,1,6,olv-0402-r01,olv-0402-R01,زيتون كالاماتا,الزيتون /Olive,Olive,الزيتون /Olive,produce,أسواق محمد الرشيد,أسواق محمد الرشيد,,أسواق محمد الرشيد,العليا,بلدية,بلدية العليا,True,False,لا يوجد,,0,,,False,none,,0,False
Data 2025.xlsx,866,2025-02-02,2025-02,2025-W05,1,6,olv-0403-r01,olv-0403-R01,زيتون مغربي معطون,الزيتون /Olive,Olive,الزيتون /Olive,produce,أسواق محمد الرشيد,أسواق محمد الرشيد,,أسواق محمد الرشيد,العليا,بلدية,بلدية العليا,True,False,لا يوجد,,0,,,False,none,,0,False
Data 2025.xlsx,867,2025-02-02,2025-02,2025-W05,1,6,olv-0404-r01,olv-0404-R01,زيتون اسود اسباني,الزيتون /Olive,Olive,الزيتون /Olive,produce,أسواق محمد الرشيد,أسواق محمد الرشيد,,أسواق محمد الرشيد,العليا,بلدية,بلدية العليا,True,False,لا يوجد,,0,,,False,none,,0,False
Data 2025.xlsx,868,2025-02-02,2025-02,2025-W05,1,6,olv-0405-r01,olv-0405-R01,زيتون مشوي سوري,الزيتون /Olive,Olive,الزيتون /Olive,produce,أسواق محمد الرشيد,أسواق محمد الرشيد,,أسواق محمد الرشيد,العليا,بلدية,بلدية العليا,False,True,خمائر,الخمائر والاعفان,1,,الخمائر والاعفان,False,indicator_only,,1,False
Data 2025.xlsx,869,2025-02-02,2025-02,2025-W05,1,6,olv-0406-r01,olv-0406-R01,زيتون لبناني اخضر,الزيتون /Olive,Olive,الزيتون /Olive,produce,أسواق محمد الرشيد,أسواق محمد الرشيد,,أسواق محمد الرشيد,العليا,بلدية,بلدية العليا,True,False,لا يوجد,,0,,,False,none,,1,False
Data 2025.xlsx,870,2025-02-02,2025-02,2025-W05,1,6,olv-0407-r01,olv-0407-R01,زيتون اخضر تفاحي,الزيتون /Olive,Olive,الزيتون /Olive,produce,أسواق محمد الرشيد,أسواق محمد الرشيد,,أسواق محمد الرشيد,العليا,بلدية,بلدية العليا,True,False,لا يوجد,,0,,,False,none,,1,False
Data 2025.xlsx,871,2025-02-02,2025-02,2025-W05,1,6,olv-0408-r01,olv-0408-R01,زيتون مشكل,الزيتون /Olive,Olive,الزيتون /Olive,produce,أسواق محمد الرشيد,أسواق محمد الرشيد,,أسواق محمد الرشيد,العليا,بلدية,بلدية العليا,False,True,خمائر,الخمائر والاعفان,1,,الخمائر والاعفان,False,indicator_only,,2,True
Data 2025.xlsx,872,2025-02-02,2025-02,2025-W05,1,6,olv-0409-r01,olv-0409-R01,زيتون اخضر مغربي حار,الزيتون /Olive,Olive,الزيتون /Olive,produce,أسواق محمد الرشيد,أسواق محمد الرشيد,,أسواق محمد الرشيد,العليا,بلدية,بلدية العليا,False,True,خمائر,الخمائر والاعفان,1,,الخمائر والاعفان,False,indicator_only,,3,True
Data 2025.xlsx,876,2025-02-02,2025-02,2025-W05,1,6,pick-0317-r01,Pick-0317-R01,مخلل خيار وسط,المخلل (Pickle),Pickle,المخلل (Pickle),sauce_condiment,أسواق محمد الرشيد,أسواق محمد الرشيد,,أسواق محمد الرشيد,العليا,بلدية,بلدية العليا,True,False,لا يوجد,,0,,,False,none,,4,True
Data 2025.xlsx,877,2025-02-02,2025-02,2025-W05,1,6,pick-0318-r01,Pick-0318-R01,مخلل مشكل حار,المخلل (Pickle),Pickle,المخلل (Pickle),sauce_condiment,أسواق محمد الرشيد,أسواق محمد الرشيد,,أسواق محمد الرشيد,العليا,بلدية,بلدية العليا,True,False,لا يوجد,,0,,,False,none,,4,True
Data 2025.xlsx,878,2025-02-02,2025-02,2025-W05,1,6,pick-0319-r01,Pick-0319-R01,مخلل حجازي,المخلل (Pickle),Pickle,المخلل (Pickle),sauce_condiment,أسواق محمد الرشيد,أسواق محمد الرشيد,,أسواق محمد الرشيد,العليا,بلدية,بلدية العليا,False,True,خمائر,الخمائر والاعفان,1,,الخمائر والاعفان,False,indicator_only,,5,True
Data 2025.xlsx,880,2025-02-02,2025-02,2025-W05,1,6,pick-0320-r01,Pick-0320-R01,مخلل ليمون حار,المخلل (Pickle),Pickle,المخلل (Pickle),sauce_condiment,أسواق محمد الرشيد,أسواق محمد الرشيد,,أسواق محمد الرشيد,العليا,بلدية,بلدية العليا,True,False,لا يوجد,,0,,,False,none,,6,True
Data 2025.xlsx,873,2025-02-02,2025-02,2025-W05,1,6,sal-1024-r01,Sal-1024-R01,سلطة زيتون حار,السلطة(Salad),Salad,السلطة(Salad),produce,أسواق محمد الرشيد,أسواق محمد الرشيد,,أسواق محمد الرشيد,العليا,بلدية,بلدية العليا,False,True,خمائر,الخمائر والاعفان,1,,الخمائر والاعفان,False,indicator_only,,4,True
Data 2025.xlsx,875,2025-02-02,2025-02,2025-W05,1,6,sal-1025-r01,Sal-1025-R01,سلطة حارة,السلطة(Salad),Salad,السلطة(Salad),produce,أسواق محمد الرشيد,أسواق محمد الرشيد,,أسواق محمد الرشيد,العليا,بلدية,بلدية العليا,True,False,لا يوجد,,0,,,False,none,,4,True
Data 2025.xlsx,882,2025-02-02,2025-02,2025-W05,1,6,sal-1026-r01,Sal-1026-R01,سلطة شلل مع زعتر,السلطة(Salad),Salad,السلطة(Salad),produce,أسواق محمد الرشيد,أسواق محمد الرشيد,,أسواق محمد الرشيد,العليا,بلدية,بلدية العليا,True,False,لا يوجد,,0,,,False,none,,7,True
Data 2025.xlsx,883,2025-02-02,2025-02,2025-W05,1,6,sal-1027-r01,Sal-1027-R01,سلطة جبن هنجاري بالزعتر,السلطة(Salad),Salad,السلطة(Salad),produce,أسواق محمد الرشيد,أسواق محمد الرشيد,,أسواق محمد الرشيد,العليا,بلدية,بلدية العليا,False,True,انتيروباكتريسي,انتيروباكتريسي,1,,انتيروباكتريسي,False,indicator_only,,8,True
Data 2025.xlsx,887,2025-02-02,2025-02,2025-W05,1,6,sal-1028-r01,Sal-1028-R01,سلطة تونة,السلطة(Salad),Salad,السلطة(Salad),produce,أسواق محمد الرشيد,أسواق محمد الرشيد,,أسواق محمد الرشيد,العليا,بلدية,بلدية العليا,False,True,العد الكلي للبكتيريا,العد الكلي للبكتيريا,1,,العد الكلي للبكتيريا,False,indicator_only,,9,True
Data 2025.xlsx,889,2025-02-02,2025-02,2025-W05,1,6,sal-1029-r01,Sal-1029-R01,سلطة مرتديلا دجاج ولحم,السلطة(Salad),Salad,السلطة(Salad),produce,أسواق محمد الرشيد,أسواق محمد الرشيد,,أسواق محمد الرشيد,العليا,بلدية,بلدية العليا,False,True,العد الكلي للبكتيريا | استافيلوكوكس اورياس,العد الكلي للبكتيريا | استافيلوكوكس اورياس,2,استافيلوكوكس اورياس,العد الكلي للبكتيريا,True,pathogen,,11,True
Data 2025.xlsx,891,2025-02-02,2025-02,2025-W05,1,6,sw-2296-r01,sw-2296-R01,مسحة ثلاجة,(Swabs) المسحات,Swabs,(Swabs) المسحات,swab,أسواق محمد الرشيد,أسواق محمد الرشيد,,أسواق محمد الرشيد,العليا,بلدية,بلدية العليا,True,False,لا يوجد,,0,,,False,none,,12,True
Data 2025.xlsx,892,2025-02-02,2025-02,2025-W05,1,6,sw-2297-r01,sw-2297-R01,مسحة ثلاجة,(Swabs) المسحات,Swabs,(Swabs) المسحات,swab,أسواق محمد الرشيد,أسواق محمد الرشيد,,أسواق محمد الرشيد,العليا,بلدية,بلدية العليا,True,False,لا يوجد,,0,,,False,none,,12,True
Data 2025.xlsx,893,2025-02-02,2025-02,2025-W05,1,6,sw-2298-r01,sw-2298-R01,مسحة ثلاجة,(Swabs) المسحات,Swabs,(Swabs) المسحات,swab,أسواق محمد الرشيد,أسواق محمد الرشيد,,أسواق محمد الرشيد,العليا,بلدية,بلدية العليا,True,False,لا يوجد,,0,,,False,none,,12,True
Data 2025.xlsx,894,2025-02-02,2025-02,2025-W05,1,6,sw-2299-r01,sw-2299-R01,مسحة ثلاجة,(Swabs) المسحات,Swabs,(Swabs) المسحات,swab,أسواق محمد الرشيد,أسواق محمد الرشيد,,أسواق محمد الرشيد,العليا,بلدية,بلدية العليا,True,False,لا يوجد,,0,,,False,none,,12,True
Data 2025.xlsx,895,2025-02-02,2025-02,2025-W05,1,6,sw-2300-r01,sw-2300-R01,مسحة ثلاجة,(Swabs) المسحات,Swabs,(Swabs) المسحات,swab,أسواق محمد الرشيد,أسواق محمد الرشيد,,أسواق محمد الرشيد,العليا,بلدية,بلدية العليا,True,False,لا يوجد,,0,,,False,none,,12,True
Data 2025.xlsx,896,2025-02-02,2025-02,2025-W05,1,6,sw-2301-r01,sw-2301-R01,مسحة ثلاجة,(Swabs) المسحات,Swabs,(Swabs) المسحات,swab,أسواق محمد الرشيد,أسواق محمد الرشيد,,أسواق محمد الرشيد,العليا,بلدية,بلدية العليا,True,False,لا يوجد,,0,,,False,none,,12,True
Data 2025.xlsx,897,2025-02-02,2025-02,2025-W05,1,6,sw-2302-r01,sw-2302-R01,مسحة ثلاجة,(Swabs) المسحات,Swabs,(Swabs) المسحات,swab,أسواق محمد الرشيد,أسواق محمد الرشيد,,أسواق محمد الرشيد,العليا,بلدية,بلدية العليا,True,False,لا يوجد,,0,,,False,none,,12,True
Data 2025.xlsx,898,2025-02-02,2025-02,2025-W05,1,6,sw-2303-r01,sw-2303-R01,مسحة فرامة جبن,(Swabs) المسحات,Swabs,(Swabs) المسحات,swab,أسواق محمد الرشيد,أسواق محمد الرشيد,,أسواق محمد الرشيد,العليا,بلدية,بلدية العليا,True,False,لا يوجد,,0,,,False,none,,12,True
Data 2025.xlsx,899,2025-02-02,2025-02,2025-W05,1,6,sw-2304-r01,sw-2304-R01,مسحة قطاعة مرتديلا,(Swabs) المسحات,Swabs,(Swabs) المسحات,swab,أسواق محمد الرشيد,أسواق محمد الرشيد,,أسواق محمد الرشيد,العليا,بلدية,بلدية العليا,False,True,العد الكلي للبكتيريا,العد الكلي للبكتيريا,1,,العد الكلي للبكتيريا,False,indicator_only,,13,True
Data 2025.xlsx,907,2025-02-02,2025-02,2025-W05,1,6,sw-2305-r01,sw-2305-R01,مسحة حافظة المخبوزات,(Swabs) المسحات,Swabs,(Swabs) المسحات,swab,أسواق محمد الرشيد,أسواق محمد الرشيد,,أسواق محمد الرشيد,العليا,بلدية,بلدية العليا,True,False,لا يوجد,,0,,,False,none,,13,True
Data 2025.xlsx,908,2025-02-02,2025-02,2025-W05,1,6,sw-2306-r01,sw-2306-R01,مسحة حافظة المخبوزات,(Swabs) المسحات,Swabs,(Swabs) المسحات,swab,أسواق محمد الرشيد,أسواق محمد الرشيد,,أسواق محمد الرشيد,العليا,بلدية,بلدية العليا,True,False,لا يوجد,,0,,,False,none,,13,True
Data 2025.xlsx,909,2025-02-02,2025-02,2025-W05,1,6,sw-2307-r01,sw-2307-R01,مسحة حافظة المخبوزات,(Swabs) المسحات,Swabs,(Swabs) المسحات,swab,أسواق محمد الرشيد,أسواق محمد الرشيد,,أسواق محمد الرشيد,العليا,بلدية,بلدية العليا,True,False,لا يوجد,,0,,,False,none,,13,True
Data 2025.xlsx,910,2025-02-02,2025-02,2025-W05,1,6,sw-2308-r01,sw-2308-R01,مسحة حافظة المعمول,(Swabs) المسحات,Swabs,(Swabs) المسحات,swab,أسواق محمد الرشيد,أسواق محمد الرشيد,,أسواق محمد الرشيد,العليا,بلدية,بلدية العليا,True,False,لا يوجد,,0,,,False,none,,13,True
Data 2025.xlsx,911,2025-02-02,2025-02,2025-W05,1,6,sw-2309-r01,sw-2309-R01,مسحة حافظة المعمول,(Swabs) المسحات,Swabs,(Swabs) المسحات,swab,أسواق محمد الرشيد,أسواق محمد الرشيد,,أسواق محمد الرشيد,العليا,بلدية,بلدية العليا,True,False,لا يوجد,,0,,,False,none,,13,True
Data 2025.xlsx,915,2025-02-03,2025-02,2025-W06,1,0,1-2726-R01,1-2726-R01,هلابينو,(jalapeno) هلابينو,jalapeno,(jalapeno) هلابينو,produce,مانويل ماركت,مانويل ماركت,,مانويل ماركت,العليا,بلدية,بلدية العليا,True,False,لا يوجد,,0,,,False,none,,1,False
Data 2025.xlsx,927,2025-02-03,2025-02,2025-W06,1,0,1-2727-R01,1-2727-R01,شبيه قشطة مصري,(cream) قشطة,cream,(cream) قشطة,dairy,مانويل ماركت,مانويل ماركت,,مانويل ماركت,العليا,بلدية,بلدية العليا,False,True,العد الكلي للبكتيريا | انتيروباكتريسي,العد الكلي للبكتيريا | انتيروباكتريسي,2,,العد الكلي للبكتيريا | انتيروباكتريسي,False,indicator_only,,8,True
Data 2025.xlsx,972,2025-02-03,2025-02,2025-W06,1,0,1-2732-R01,1-2732-R01,زيت قلي,الزيت القلي,,الزيت القلي,other,مطاعم اويامال للماكولات البحرية,مطاعم اويامال للماكولات البحرية,,مطاعم اويامال للماكولات البحرية,العليا,بلدية,بلدية العليا,True,False,لا يوجد,,0,,,False,none,sample_type_unbucketed,3,True
Data 2025.xlsx,917,2025-02-03,2025-02,2025-W06,1,0,OOSS-eg-0302-R01,OOSS-eg-0302-R01,مكدوس باذنجان اردني,الباذنجان (eggplant),eggplant,الباذنجان (eggplant),dairy,مانويل ماركت,مانويل ماركت,,مانويل ماركت,العليا,بلدية,بلدية العليا,False,True,خمائر,الخمائر والاعفان,1,,الخمائر والاعفان,False,indicator_only,,3,True
Data 2025.xlsx,931,2025-02-03,2025-02,2025-W06,1,0,appe-0286-r01,Appe-0286-R01,حمص,مقبلات (Appetizers),Appetizers,مقبلات (Appetizers),prepared_meal,مانويل ماركت,مانويل ماركت,,مانويل ماركت,العليا,بلدية,بلدية العليا,False,True,العد الكلي للبكتيريا,العد الكلي للبكتيريا,1,,العد الكلي للبكتيريا,False,indicator_only,,10,True
Data 2025.xlsx,949,2025-02-03,2025-02,2025-W06,1,0,appe-0287-r01,Appe-0287-R01,تبولة,مقبلات (Appetizers),Appetizers,مقبلات (Appetizers),prepared_meal,مانويل ماركت,مانويل ماركت,,مانويل ماركت,العليا,بلدية,بلدية العليا,False,True,استافيلوكوكس اورياس,استافيلوكوكس اورياس,1,استافيلوكوكس اورياس,,True,pathogen,,15,True
Data 2025.xlsx,950,2025-02-03,2025-02,2025-W06,1,0,appe-0288-r01,Appe-0288-R01,متبل,مقبلات (Appetizers),Appetizers,مقبلات (Appetizers),prepared_meal,مانويل ماركت,مانويل ماركت,,مانويل ماركت,العليا,بلدية,بلدية العليا,True,False,لا يوجد,,0,,,False,none,,15,True
Data 2025.xlsx,951,2025-02-03,2025-02,2025-W06,1,0,appe-0289-r01,Appe-0289-R01,بابا غنوج,مقبلات (Appetizers),Appetizers,مقبلات (Appetizers),prepared_meal,مانويل ماركت,مانويل ماركت,,مانويل ماركت,العليا,بلدية,بلدية العليا,True,False,لا يوجد,,0,,,False,none,,15,True
Data 2025.xlsx,955,2025-02-03,2025-02,2025-W06,1,0,bakgoo-0429-r01,bakgoo-0429-R01,كورسان سادة,(baked goods) المخبوزات,baked goods,(baked goods) المخبوزات,sweets_bakery,مانويل ماركت,مانويل ماركت,,مانويل ماركت,العليا,بلدية,بلدية العليا,True,False,لا يوجد,,0,,,False,none,,15,True
Data 2025.xlsx,956,2025-02-03,2025-02,2025-W06,1,0,bakgoo-0430-r01,bakgoo-0430-R01,كورسان شيدر,(baked goods) المخبوزات,baked goods,(baked goods) المخبوزات,sweets_bakery,مانويل ماركت,مانويل ماركت,,مانويل ماركت,العليا,بلدية,بلدية العليا,True,False,لا يوجد,,0,,,False,none,,15,True
Data 2025.xlsx,957,2025-02-03,2025-02,2025-W06,1,0,bakgoo-0431-r01,bakgoo-0431-R01,فطيرة نقانق,(baked goods) المخبوزات,baked goods,(baked goods) المخبوزات,sweets_bakery,مانويل ماركت,مانويل ماركت,,مانويل ماركت,العليا,بلدية,بلدية العليا,True,False,لا يوجد,,0,,,False,none,,15,True
Data 2025.xlsx,958,2025-02-03,2025-02,2025-W06,1,0,bakgoo-0432-r01,bakgoo-0432-R01,فطيرة زعتر,(baked goods) المخبوزات,baked goods,(baked goods) المخبوزات,sweets_bakery,مانويل ماركت,مانويل ماركت,,مانويل ماركت,العليا,بلدية,بلدية العليا,True,False,لا يوجد,,0,,,False,none,,15,True
Data 2025.xlsx,959,2025-02-03,2025-02,2025-W06,1,0,bakgoo-0433-r01,bakgoo-0433-R01,فطيرة جبن صغير,(baked goods) المخبوزات,baked goods,(baked goods) المخبوزات,sweets_bakery,مانويل ماركت,مانويل ماركت,,مانويل ماركت,العليا,بلدية,بلدية العليا,True,False,لا يوجد,,0,,,False,none,,15,True
Data 2025.xlsx,928,2025-02-03,2025-02,2025-W06,1,0,bri-0263-r01,bri-0263-R01,شبيه لينة الطيبات,لبنة ( brick),brick,لبنة ( brick),dairy,مانويل ماركت,مانويل ماركت,,مانويل ماركت,العليا,بلدية,بلدية العليا,True,False,لا يوجد,,0,,,False,none,,8,True
Data 2025.xlsx,933,2025-02-03,2025-02,2025-W06,1,0,bri-0264-r01,bri-0264-R01,لينة مع الشطة,لبنة ( brick),brick,لبنة ( brick),dairy,مانويل ماركت,مانويل ماركت,,مانويل ماركت,العليا,بلدية,بلدية العليا,False,True,انتيروباكتريسي | الخمائر والاعفان,انتيروباكتريسي | الخمائر والاعفان,2,,انتيروباكتريسي | الخمائر والاعفان,False,indicator_only,,12,True
Data 2025.xlsx,935,2025-02-03,2025-02,2025-W06,1,0,bri-0265-r01,bri-0265-R01,لبنة مكورة سادة,لبنة ( brick),brick,لبنة ( brick),dairy,مانويل ماركت,مانويل ماركت,,مانويل ماركت,العليا,بلدية,بلدية العليا,True,False,لا يوجد,,0,,,False,none,,12,True
Data 2025.xlsx,923,2025-02-03,2025-02,2025-W06,1,0,ch-0085-r01,ch-0085-R01,شبيه جبنة اسطنبوي براميلي,الاجبان (cheeses),cheeses,الاجبان (cheeses),dairy,مانويل ماركت,مانويل ماركت,,مانويل ماركت,العليا,بلدية,بلدية العليا,True,False,لا يوجد,,0,,,False,none,,6,True
Data 2025.xlsx,924,2025-02-03,2025-02,2025-W06,1,0,ch-0086-r01,ch-0086-R01,شبيه جبنة اسكندراني,الاجبان (cheeses),cheeses,الاجبان (cheeses),dairy,مانويل ماركت,مانويل ماركت,,مانويل ماركت,العليا,بلدية,بلدية العليا,True,False,لا يوجد,,0,,,False,none,,6,True
Data 2025.xlsx,925,2025-02-03,2025-02,2025-W06,1,0,ch-0087-r01,ch-0087-R01,شبيه جبنة خلاصات الطيبات,الاجبان (cheeses),cheeses,الاجبان (cheeses),dairy,مانويل ماركت,مانويل ماركت,,مانويل ماركت,العليا,بلدية,بلدية العليا,True,False,لا يوجد,,0,,,False,none,,6,True
Data 2025.xlsx,926,2025-02-03,2025-02,2025-W06,1,0,ch-0088-r01,ch-0088-R01,جبنة فيتا غنم يوناني,الاجبان (cheeses),cheeses,الاجبان (cheeses),dairy,مانويل ماركت,مانويل ماركت,,مانويل ماركت,العليا,بلدية,بلدية العليا,False,True,انتيروباكتريسي,انتيروباكتريسي,1,,انتيروباكتريسي,False,indicator_only,,7,True
Data 2025.xlsx,929,2025-02-03,2025-02,2025-W06,1,0,ch-0089-r01,ch-0089-R01,مش مصري حار,الاجبان (cheeses),cheeses,الاجبان (cheeses),dairy,مانويل ماركت,مانويل ماركت,,مانويل ماركت,العليا,بلدية,بلدية العليا,False,True,استافيلوكوكس اورياس,استافيلوكوكس اورياس,1,استافيلوكوكس اورياس,,True,pathogen,,9,True
Data 2025.xlsx,930,2025-02-03,2025-02,2025-W06,1,0,ch-0090-r01,ch-0090-R01,جبنة مع مكدوس سادة,الاجبان (cheeses),cheeses,الاجبان (cheeses),dairy,مانويل ماركت,مانويل ماركت,,مانويل ماركت,العليا,بلدية,بلدية العليا,True,False,لا يوجد,,0,,,False,none,,9,True
Data 2025.xlsx,966,2025-02-03,2025-02,2025-W06,1,0,fish-0090-r01,fish-0090-R01,قطع سمك شعور,Fish/fish product(الاسماك / منتجات الاسماك),fish product,Fish/fish product(الاسماك / منتجات الاسماك),cooked_meat_poultry,مطاعم اويامال للماكولات البحرية,مطاعم اويامال للماكولات البحرية,,مطاعم اويامال للماكولات البحرية,العليا,بلدية,بلدية العليا,True,False,لا يوجد,,0,,,False,none,,2,True
Data 2025.xlsx,967,2025-02-03,2025-02,2025-W06,1,0,fish-0091-r01,fish-0091-R01,قطع سمك دنيس,Fish/fish product(الاسماك / منتجات الاسماك),fish product,Fish/fish product(الاسماك / منتجات الاسماك),cooked_meat_poultry,مطاعم اويامال للماكولات البحرية,مطاعم اويامال للماكولات البحرية,,مطاعم اويامال للماكولات البحرية,العليا,بلدية,بلدية العليا,False,True,العد الكلي للبكتيريا,العد الكلي للبكتيريا,1,,العد الكلي للبكتيريا,False,indicator_only,,3,True
Data 2025.xlsx,968,2025-02-03,2025-02,2025-W06,1,0,fish-0092-r01,fish-0092-R01,روبيان جامبو بحر,Fish/fish product(الاسماك / منتجات الاسماك),fish product,Fish/fish product(الاسماك / منتجات الاسماك),cooked_meat_poultry,مطاعم اويامال للماكولات البحرية,مطاعم اويامال للماكولات البحرية,,مطاعم اويامال للماكولات البحرية,العليا,بلدية,بلدية العليا,True,False,لا يوجد,,0,,,False,none,,3,True
Data 2025.xlsx,976,2025-02-03,2025-02,2025-W06,1,0,fish-0093-r01,fish-0093-R01,سمك كنعد,سمك كنعد,,سمك كنعد,cooked_meat_poultry,مطعم اسماك دله,مطعم اسماك دله,,مطعم اسماك دله,العليا,بلدية,بلدية العليا,False,True,العد الكلي للبكتيريا,العد الكلي للبكتيريا,1,,العد الكلي للبكتيريا,False,indicator_only,,4,True
Data 2025.xlsx,977,2025-02-03,2025-02,2025-W06,1,0,fish-0094-r01,fish-0094-R01,سمك هامور,سمك هامور,,سمك هامور,cooked_meat_poultry,مطعم اسماك دله,مطعم اسماك دله,,مطعم اسماك دله,العليا,بلدية,بلدية العليا,True,False,لا يوجد,,0,,,False,none,,4,True
Data 2025.xlsx,978,2025-02-03,2025-02,2025-W06,1,0,fish-0095-r01,fish-0095-R01,سمك فيليه,سمك فيليه,,سمك فيليه,cooked_meat_poultry,مطعم اسماك دله,مطعم اسماك دله,,مطعم اسماك دله,العليا,بلدية,بلدية العليا,True,False,لا يوجد,,0,,,False,none,,4,True
Data 2025.xlsx,979,2025-02-03,2025-02,2025-W06,1,0,fish-0096-r01,fish-0096-R01,سمك دنيس,سمك دنيس,,سمك دنيس,cooked_meat_poultry,مطعم اسماك دله,مطعم اسماك دله,,مطعم اسماك دله,العليا,بلدية,بلدية العليا,True,False,لا يوجد,,0,,,False,none,,4,True
Data 2025.xlsx,980,2025-02-03,2025-02,2025-W06,1,0,fish-0097-r01,fish-0097-R01,سمك سلمون,سمك سلمون,,سمك سلمون,cooked_meat_poultry,مطعم اسماك دله,مطعم اسماك دله,,مطعم اسماك دله,العليا,بلدية,بلدية العليا,True,False,لا يوجد,,0,,,False,none,,4,True
Data 2025.xlsx,981,2025-02-03,2025-02,2025-W06,1,0,fish-0098-r01,fish-0098-R01,ربيان,ربيان,,ربيان,other,مطعم اسماك دله,مطعم اسماك دله,,مطعم اسماك دله,العليا,بلدية,بلدية العليا,True,False,لا يوجد,,0,,,False,none,sample_type_unbucketed,4,True
Data 2025.xlsx,989,2025-02-03,2025-02,2025-W06,1,0,fish-0099-r01,fish-0099-R01,سمك فيليه,Fish/fish product(الاسماك / منتجات الاسماك),fish product,Fish/fish product(الاسماك / منتجات الاسماك),cooked_meat_poultry,اصداف الجزر للاسماك,اصداف الجزر للاسماك,,اصداف الجزر للاسماك,العليا,بلدية,بلدية العليا,False,True,العد الكلي للبكتيريا,العد الكلي للبكتيريا,1,,العد الكلي للبكتيريا,False,indicator_only,,4,True
Data 2025.xlsx,990,2025-02-03,2025-02,2025-W06,1,0,fish-0100-r01,fish-0100-R01,سمك سلمون,Fish/fish product(الاسماك / منتجات الاسماك),fish product,Fish/fish product(الاسماك / منتجات الاسماك),cooked_meat_poultry,اصداف الجزر للاسماك,اصداف الجزر للاسماك,,اصداف الجزر للاسماك,العليا,بلدية,بلدية العليا,True,False,لا يوجد,,0,,,False,none,,4,True
Data 2025.xlsx,991,2025-02-03,2025-02,2025-W06,1,0,fish-0101-r01,fish-0101-R01,سمك كنعد,Fish/fish product(الاسماك / منتجات الاسماك),fish product,Fish/fish product(الاسماك / منتجات الاسماك),cooked_meat_poultry,اصداف الجزر للاسماك,اصداف الجزر للاسماك,,اصداف الجزر للاسماك,العليا,بلدية,بلدية العليا,True,False,لا يوجد,,0,,,False,none,,4,True
Data 2025.xlsx,992,2025-02-03,2025-02,2025-W06,1,0,fish-0102-r01,fish-0102-R01,ربيان جامبو مزرعة,Fish/fish product(الاسماك / منتجات الاسماك),fish product,Fish/fish product(الاسماك / منتجات الاسماك),cooked_meat_poultry,اصداف الجزر للاسماك,اصداف الجزر للاسماك,,اصداف الجزر للاسماك,العليا,بلدية,بلدية العليا,False,True,العد الكلي للبكتيريا | استافيلوكوكس اورياس,العد الكلي للبكتيريا | استافيلوكوكس اورياس,2,استافيلوكوكس اورياس,العد الكلي للبكتيريا,True,pathogen,,5,True
Data 2025.xlsx,993,2025-02-03,2025-02,2025-W06,1,0,fish-0103-r01,fish-0103-R01,ربيان بحر,Fish/fish product(الاسماك / منتجات الاسماك),fish product,Fish/fish product(الاسماك / منتجات الاسماك),cooked_meat_poultry,اصداف الجزر للاسماك,اصداف الجزر للاسماك,,اصداف الجزر للاسماك,العليا,بلدية,بلدية العليا,False,True,العد الكلي للبكتيريا,العد الكلي للبكتيريا,1,,العد الكلي للبكتيريا,False,indicator_only,,6,True
Data 2025.xlsx,994,2025-02-03,2025-02,2025-W06,1,0,fish-0104-r01,fish-0104-R01,سمك شعور,Fish/fish product(الاسماك / منتجات الاسماك),fish product,Fish/fish product(الاسماك / منتجات الاسماك),cooked_meat_poultry,اصداف الجزر للاسماك,اصداف الجزر للاسماك,,اصداف الجزر للاسماك,العليا,بلدية,بلدية العليا,True,False,لا يوجد,,0,,,False,none,,6,True
Data 2025.xlsx,999,2025-02-03,2025-02,2025-W06,1,0,fish-0108-r01,fish-0108-R01,ربيان مزرعة,Fish/fish product(الاسماك / منتجات الاسماك),fish product,Fish/fish product(الاسماك / منتجات الاسماك),cooked_meat_poultry,الشركة السعودية للاسماك,الشركة السعودية للاسماك,,الشركة السعودية للاسماك,العليا,بلدية,بلدية العليا,True,False,لا يوجد,,0,,,False,none,,0,False
Data 2025.xlsx,1000,2025-02-03,2025-02,2025-W06,1,0,fish-0109-r01,fish-0109-R01,سمك فيليه,Fish/fish product(الاسماك / منتجات الاسماك),fish product,Fish/fish product(الاسماك / منتجات الاسماك),cooked_meat_poultry,الشركة السعودية للاسماك,الشركة السعودية للاسماك,,الشركة السعودية للاسماك,العليا,بلدية,بلدية العليا,False,True,العد الكلي للبكتيريا,العد الكلي للبكتيريا,1,,العد الكلي للبكتيريا,False,indicator_only,,1,False
Data 2025.xlsx,1001,2025-02-03,2025-02,2025-W06,1,0,fish-0110-r01,fish-0110-R01,ربيان بحر,Fish/fish product(الاسماك / منتجات الاسماك),fish product,Fish/fish product(الاسماك / منتجات الاسماك),cooked_meat_poultry,الشركة السعودية للاسماك,الشركة السعودية للاسماك,,الشركة السعودية للاسماك,العليا,بلدية,بلدية العليا,True,False,لا يوجد,,0,,,False,none,,1,False
Data 2025.xlsx,1002,2025-02-03,2025-02,2025-W06,1,0,fish-0111-r01,fish-0111-R01,سمك صافي,Fish/fish product(الاسماك / منتجات الاسماك),fish product,Fish/fish product(الاسماك / منتجات الاسماك),cooked_meat_poultry,الشركة السعودية للاسماك,الشركة السعودية للاسماك,,الشركة السعودية للاسماك,العليا,بلدية,بلدية العليا,False,True,العد الكلي للبكتيريا,العد الكلي للبكتيريا,1,,العد الكلي للبكتيريا,False,indicator_only,,2,True
Data 2025.xlsx,1010,2025-02-03,2025-02,2025-W06,1,0,fish-0112-r01,fish-0112-R01,سمك سلمون,Fish/fish product(الاسماك / منتجات الاسماك),fish product,Fish/fish product(الاسماك / منتجات الاسماك),cooked_meat_poultry,شركة أمواج للاسماك,شركة أمواج للاسماك,,شركة أمواج للاسماك,العليا,بلدية,بلدية العليا,True,False,لا يوجد,,0,,,False,none,,1,False
Data 2025.xlsx,1011,2025-02-03,2025-02,2025-W06,1,0,fish-0113-r01,fish-0113-R01,ربيان مزرعة,Fish/fish product(الاسماك / منتجات الاسماك),fish product,Fish/fish product(الاسماك / منتجات الاسماك),cooked_meat_poultry,شركة أمواج للاسماك,شركة أمواج للاسماك,,شركة أمواج للاسماك,العليا,بلدية,بلدية العليا,True,False,لا يوجد,,0,,,False,none,,1,False
Data 2025.xlsx,1012,2025-02-03,2025-02,2025-W06,1,0,fish-0114-r01,fish-0114-R01,ربيان مقشر مزرعة,Fish/fish product(الاسماك / منتجات الاسماك),fish product,Fish/fish product(الاسماك / منتجات الاسماك),cooked_meat_poultry,شركة أمواج للاسماك,شركة أمواج للاسماك,,شركة أمواج للاسماك,العليا,بلدية,بلدية العليا,True,False,لا يوجد,,0,,,False,none,,1,False
Data 2025.xlsx,936,2025-02-03,2025-02,2025-W06,1,0,flswe-0057-r01,FlSwe-0057-R01,حلاوة طحينية,حلاوة طحينة( Flour Sweetness),Flour Sweetness,حلاوة طحينة( Flour Sweetness),sauce_condiment,مانويل ماركت,مانويل ماركت,,مانويل ماركت,العليا,بلدية,بلدية العليا,True,False,لا يوجد,,0,,,False,none,,12,True
Data 2025.xlsx,934,2025-02-03,2025-02,2025-W06,1,0,gr-0136-r01,gr-0136-R01,ورق عنب,ورق عنب (Grape leaves),Grape leaves,ورق عنب (Grape leaves),produce,مانويل ماركت,مانويل ماركت,,مانويل ماركت,العليا,بلدية,بلدية العليا,True,False,لا يوجد,,0,,,False,none,,12,True
Data 2025.xlsx,912,2025-02-03,2025-02,2025-W06,1,0,hs-0272-r01,HS-0272-R01,شطة حارة,الشطة (Hot sauce),Hot sauce,الشطة (Hot sauce),sauce_condiment,مانويل ماركت,مانويل ماركت,,مانويل ماركت,العليا,بلدية,بلدية العليا,False,True,العد الكلي للبكتيريا,العد الكلي للبكتيريا,1,,العد الكلي للبكتيريا,False,indicator_only,,1,False
Data 2025.xlsx,1013,2025-02-03,2025-02,2025-W06,1,0,hs-0273-r01,HS-0273-R01,شطة حارة,الشطة (Hot sauce),Hot sauce,الشطة (Hot sauce),sauce_condiment,شركة أمواج للاسماك,شركة أمواج للاسماك,,شركة أمواج للاسماك,العليا,بلدية,بلدية العليا,False,True,العد الكلي للبكتيريا | انتيروباكتريسي | الخمائر والاعفان,العد الكلي للبكتيريا | انتيروباكتريسي | الخمائر والاعفان,3,,العد الكلي للبكتيريا | انتيروباكتريسي | الخمائر والاعفان,False,indicator_only,,2,True
Data 2025.xlsx,918,2025-02-03,2025-02,2025-W06,1,0,olv-0410-r01,olv-0410-R01,زيتون مشكل حار,الزيتون /Olive,Olive,الزيتون /Olive,produce,مانويل ماركت,مانويل ماركت,,مانويل ماركت,العليا,بلدية,بلدية العليا,False,True,خمائر,الخمائر والاعفان,1,,الخمائر والاعفان,False,indicator_only,,4,True
Data 2025.xlsx,919,2025-02-03,2025-02,2025-W06,1,0,olv-0411-r01,olv-0411-R01,زيتون اخضر شرائح,الزيتون /Olive,Olive,الزيتون /Olive,produce,مانويل ماركت,مانويل ماركت,,مانويل ماركت,العليا,بلدية,بلدية العليا,False,True,خمائر,الخمائر والاعفان,1,,الخمائر والاعفان,False,indicator_only,,5,True
Data 2025.xlsx,920,2025-02-03,2025-02,2025-W06,1,0,olv-0412-r01,olv-0412-R01,زيتون مصري تفاحي,الزيتون /Olive,Olive,الزيتون /Olive,produce,مانويل ماركت,مانويل ماركت,,مانويل ماركت,العليا,بلدية,بلدية العليا,True,False,لا يوجد,,0,,,False,none,,5,True
Data 2025.xlsx,921,2025-02-03,2025-02,2025-W06,1,0,olv-0413-r01,olv-0413-R01,زيتون عين الجمل,الزيتون /Olive,Olive,الزيتون /Olive,produce,مانويل ماركت,مانويل ماركت,,مانويل ماركت,العليا,بلدية,بلدية العليا,True,False,لا يوجد,,0,,,False,none,,5,True
Data 2025.xlsx,922,2025-02-03,2025-02,2025-W06,1,0,olv-0414-r01,olv-0414-R01,زيتون مشوي,الزيتون /Olive,Olive,الزيتون /Olive,produce,مانويل ماركت,مانويل ماركت,,مانويل ماركت,العليا,بلدية,بلدية العليا,False,True,خمائر,الخمائر والاعفان,1,,الخمائر والاعفان,False,indicator_only,,6,True
Data 2025.xlsx,913,2025-02-03,2025-02,2025-W06,1,0,pick-0321-r01,Pick-0321-R01,مخلل بصل,المخلل (Pickle),Pickle,المخلل (Pickle),sauce_condiment,مانويل ماركت,مانويل ماركت,,مانويل ماركت,العليا,بلدية,بلدية العليا,True,False,لا يوجد,,0,,,False,none,,1,False
Data 2025.xlsx,914,2025-02-03,2025-02,2025-W06,1,0,pick-0322-r01,Pick-0322-R01,مخلل ليمون,المخلل (Pickle),Pickle,المخلل (Pickle),sauce_condiment,مانويل ماركت,مانويل ماركت,,مانويل ماركت,العليا,بلدية,بلدية العليا,True,False,لا يوجد,,0,,,False,none,,1,False
Data 2025.xlsx,916,2025-02-03,2025-02,2025-W06,1,0,pick-0323-r01,Pick-0323-R01,مخلل خيار,المخلل (Pickle),Pickle,المخلل (Pickle),sauce_condiment,مانويل ماركت,مانويل ماركت,,مانويل ماركت,العليا,بلدية,بلدية العليا,False,True,خمائر,الخمائر والاعفان,1,,الخمائر والاعفان,False,indicator_only,,2,True
Data 2025.xlsx,932,2025-02-03,2025-02,2025-W06,1,0,sal-1030-r01,Sal-1030-R01,سلطة مرتديلا دجاج ولحم,السلطة(Salad),Salad,السلطة(Salad),produce,مانويل ماركت,مانويل ماركت,,مانويل ماركت,العليا,بلدية,بلدية العليا,False,True,العد الكلي للبكتيريا | استافيلوكوكس اورياس,العد الكلي للبكتيريا | استافيلوكوكس اورياس,2,استافيلوكوكس اورياس,العد الكلي للبكتيريا,True,pathogen,,11,True
Data 2025.xlsx,948,2025-02-03,2025-02,2025-W06,1,0,sal-1031-r01,Sal-1031-R01,سلطة خضراء,السلطة(Salad),Salad,السلطة(Salad),produce,مانويل ماركت,مانويل ماركت,,مانويل ماركت,العليا,بلدية,بلدية العليا,True,False,لا يوجد,,0,,,False,none,,14,True
Data 2025.xlsx,969,2025-02-03,2025-02,2025-W06,1,0,sal-1032-r01,Sal-1032-R01,سلطة حارة,السلطة(Salad),Salad,السلطة(Salad),produce,مطاعم اويامال للماكولات البحرية,مطاعم اويامال للماكولات البحرية,,مطاعم اويامال للماكولات البحرية,العليا,بلدية,بلدية العليا,True,False,لا يوجد,,0,,,False,none,,3,True
Data 2025.xlsx,983,2025-02-03,2025-02,2025-W06,1,0,sal-1033-r01,Sal-1033-R01,سلطة حارة,سلطة حارة,,سلطة حارة,produce,مطعم اسماك دله,مطعم اسماك دله,,مطعم اسماك دله,العليا,بلدية,بلدية العليا,True,False,لا يوجد,,0,,,False,none,,4,True
Data 2025.xlsx,995,2025-02-03,2025-02,2025-W06,1,0,sal-1034-r01,Sal-1034-R01,سلطة حارة,السلطة(Salad),Salad,السلطة(Salad),produce,اصداف الجزر للاسماك,اصداف الجزر للاسماك,,اصداف الجزر للاسماك,العليا,بلدية,بلدية العليا,True,False,لا يوجد,,0,,,False,none,,6,True
Data 2025.xlsx,1007,2025-02-03,2025-02,2025-W06,1,0,sal-1035-r01,Sal-1035-R01,سلطة حارة,السلطة(Salad),Salad,السلطة(Salad),produce,الشركة السعودية للاسماك,الشركة السعودية للاسماك,,الشركة السعودية للاسماك,العليا,بلدية,بلدية العليا,True,False,لا يوجد,,0,,,False,none,,3,True
Data 2025.xlsx,970,2025-02-03,2025-02,2025-W06,1,0,sau-1153-r01,sau-1153-R01,صوص ليمون,صوص (sauce),sauce,صوص (sauce),sauce_condiment,مطاعم اويامال للماكولات البحرية,مطاعم اويامال للماكولات البحرية,,مطاعم اويامال للماكولات البحرية,العليا,بلدية,بلدية العليا,True,False,لا يوجد,,0,,,False,none,,3,True
Data 2025.xlsx,982,2025-02-03,2025-02,2025-W06,1,0,sau-1154-r01,sau-1154-R01,صوص محمرة,صوص محمره,,صوص محمره,sauce_condiment,مطعم اسماك دله,مطعم اسماك دله,,مطعم اسماك دله,العليا,بلدية,بلدية العليا,True,False,لا يوجد,,0,,,False,none,,4,True
Data 2025.xlsx,996,2025-02-03,2025-02,2025-W06,1,0,sau-1155-r01,sau-1155-R01,صوص ليمون,صوص (sauce),sauce,صوص (sauce),sauce_condiment,اصداف الجزر للاسماك,اصداف الجزر للاسماك,,اصداف الجزر للاسماك,العليا,بلدية,بلدية العليا,True,False,لا يوجد,,0,,,False,none,,6,True
Data 2025.xlsx,937,2025-02-03,2025-02,2025-W06,1,0,sw-2310-r01,sw-2310-R01,مسحة ثلاجة,(Swabs) المسحات,Swabs,(Swabs) المسحات,swab,مانويل ماركت,مانويل ماركت,,مانويل ماركت,العليا,بلدية,بلدية العليا,True,False,لا يوجد,,0,,,False,none,,12,True
Data 2025.xlsx,938,2025-02-03,2025-02,2025-W06,1,0,sw-2311-r01,sw-2311-R01,مسحة ثلاجة,(Swabs) المسحات,Swabs,(Swabs) المسحات,swab,مانويل ماركت,مانويل ماركت,,مانويل ماركت,العليا,بلدية,بلدية العليا,True,False,لا يوجد,,0,,,False,none,,12,True
Data 2025.xlsx,939,2025-02-03,2025-02,2025-W06,1,0,sw-2312-r01,sw-2312-R01,مسحة ثلاجة,(Swabs) المسحات,Swabs,(Swabs) المسحات,swab,مانويل ماركت,مانويل ماركت,,مانويل ماركت,العليا,بلدية,بلدية العليا,True,False,لا يوجد,,0,,,False,none,,12,True
Data 2025.xlsx,940,2025-02-03,2025-02,2025-W06,1,0,sw-2313-r01,sw-2313-R01,مسحة ثلاجة,(Swabs) المسحات,Swabs,(Swabs) المسحات,swab,مانويل ماركت,مانويل ماركت,,مانويل ماركت,العليا,بلدية,بلدية العليا,True,False,لا يوجد,,0,,,False,none,,12,True
Data 2025.xlsx,941,2025-02-03,2025-02,2025-W06,1,0,sw-2314-r01,sw-2314-R01,مسحة ثلاجة,(Swabs) المسحات,Swabs,(Swabs) المسحات,swab,مانويل ماركت,مانويل ماركت,,مانويل ماركت,العليا,بلدية,بلدية العليا,True,False,لا يوجد,,0,,,False,none,,12,True
Data 2025.xlsx,942,2025-02-03,2025-02,2025-W06,1,0,sw-2315-r01,sw-2315-R01,مسحة ثلاجة,(Swabs) المسحات,Swabs,(Swabs) المسحات,swab,مانويل ماركت,مانويل ماركت,,مانويل ماركت,العليا,بلدية,بلدية العليا,True,False,لا يوجد,,0,,,False,none,,12,True
Data 2025.xlsx,943,2025-02-03,2025-02,2025-W06,1,0,sw-2316-r01,sw-2316-R01,مسحة ثلاجة,(Swabs) المسحات,Swabs,(Swabs) المسحات,swab,مانويل ماركت,مانويل ماركت,,مانويل ماركت,العليا,بلدية,بلدية العليا,True,False,لا يوجد,,0,,,False,none,,12,True
Data 2025.xlsx,944,2025-02-03,2025-02,2025-W06,1,0,sw-2317-r01,sw-2317-R01,مسحة ثلاجة,(Swabs) المسحات,Swabs,(Swabs) المسحات,swab,مانويل ماركت,مانويل ماركت,,مانويل ماركت,العليا,بلدية,بلدية العليا,True,False,لا يوجد,,0,,,False,none,,12,True
Data 2025.xlsx,945,2025-02-03,2025-02,2025-W06,1,0,sw-2318-r01,sw-2318-R01,مسحة ثلاجة,(Swabs) المسحات,Swabs,(Swabs) المسحات,swab,مانويل ماركت,مانويل ماركت,,مانويل ماركت,العليا,بلدية,بلدية العليا,True,False,لا يوجد,,0,,,False,none,,12,True
Data 2025.xlsx,946,2025-02-03,2025-02,2025-W06,1,0,sw-2319-r01,sw-2319-R01,مسحة قطاعة مرتديلا,(Swabs) المسحات,Swabs,(Swabs) المسحات,swab,مانويل ماركت,مانويل ماركت,,مانويل ماركت,العليا,بلدية,بلدية العليا,False,True,العد الكلي للبكتيريا,العد الكلي للبكتيريا,1,,العد الكلي للبكتيريا,False,indicator_only,,13,True
Data 2025.xlsx,947,2025-02-03,2025-02,2025-W06,1,0,sw-2320-r01,sw-2320-R01,مسحة قطاعة جبنة,(Swabs) المسحات,Swabs,(Swabs) المسحات,swab,مانويل ماركت,مانويل ماركت,,مانويل ماركت,العليا,بلدية,بلدية العليا,False,True,العد الكلي للبكتيريا | استافيلوكوكس اورياس,العد الكلي للبكتيريا | استافيلوكوكس اورياس,2,استافيلوكوكس اورياس,العد الكلي للبكتيريا,True,pathogen,,14,True
Data 2025.xlsx,963,2025-02-03,2025-02,2025-W06,1,0,sw-2321-r01,sw-2321-R01,مسحة طاولة تحضير الاسماك,(Swabs) المسحات,Swabs,(Swabs) المسحات,swab,مطاعم اويامال للماكولات البحرية,مطاعم اويامال للماكولات البحرية,,مطاعم اويامال للماكولات البحرية,العليا,بلدية,بلدية العليا,False,True,العد الكلي للبكتيريا,العد الكلي للبكتيريا,1,,العد الكلي للبكتيريا,False,indicator_only,,1,False
Data 2025.xlsx,964,2025-02-03,2025-02,2025-W06,1,0,sw-2322-r01,sw-2322-R01,مسحة طاولة تقطيع الاسماك,(Swabs) المسحات,Swabs,(Swabs) المسحات,swab,مطاعم اويامال للماكولات البحرية,مطاعم اويامال للماكولات البحرية,,مطاعم اويامال للماكولات البحرية,العليا,بلدية,بلدية العليا,False,True,العد الكلي للبكتيريا,العد الكلي للبكتيريا,1,,العد الكلي للبكتيريا,False,indicator_only,,2,True
Data 2025.xlsx,965,2025-02-03,2025-02,2025-W06,1,0,sw-2323-r01,sw-2323-R01,مسحة ثلاجة حفظ الاسماك,(Swabs) المسحات,Swabs,(Swabs) المسحات,swab,مطاعم اويامال للماكولات البحرية,مطاعم اويامال للماكولات البحرية,,مطاعم اويامال للماكولات البحرية,العليا,بلدية,بلدية العليا,True,False,لا يوجد,,0,,,False,none,,2,True
Data 2025.xlsx,971,2025-02-03,2025-02,2025-W06,1,0,sw-2324-r01,sw-2324-R01,مسحة ثلاجة حفظ السلطات,(Swabs) المسحات,Swabs,(Swabs) المسحات,swab,مطاعم اويامال للماكولات البحرية,مطاعم اويامال للماكولات البحرية,,مطاعم اويامال للماكولات البحرية,العليا,بلدية,بلدية العليا,True,False,لا يوجد,,0,,,False,none,,3,True
Data 2025.xlsx,973,2025-02-03,2025-02,2025-W06,1,0,sw-2325-r01,sw-2325-R01,مسحة طاولة تقطيع,مسحة طاولة تقطيع 1,,مسحة طاولة تقطيع 1,swab,مطعم اسماك دله,مطعم اسماك دله,,مطعم اسماك دله,العليا,بلدية,بلدية العليا,False,True,العد الكلي للبكتيريا,العد الكلي للبكتيريا,1,,العد الكلي للبكتيريا,False,indicator_only,,1,False
Data 2025.xlsx,974,2025-02-03,2025-02,2025-W06,1,0,sw-2326-r01,sw-2326-R01,مسحة طاولة تقطيع,مسحة طاولة تقطيع 2,,مسحة طاولة تقطيع 2,swab,مطعم اسماك دله,مطعم اسماك دله,,مطعم اسماك دله,العليا,بلدية,بلدية العليا,False,True,العد الكلي للبكتيريا,العد الكلي للبكتيريا,1,,العد الكلي للبكتيريا,False,indicator_only,,2,True
Data 2025.xlsx,975,2025-02-03,2025-02,2025-W06,1,0,sw-2327-r01,sw-2327-R01,مسحة طاولة تقطيع,مسحة طاولة تقطيع 3,,مسحة طاولة تقطيع 3,swab,مطعم اسماك دله,مطعم اسماك دله,,مطعم اسماك دله,العليا,بلدية,بلدية العليا,False,True,العد الكلي للبكتيريا | استافيلوكوكس اورياس,العد الكلي للبكتيريا | استافيلوكوكس اورياس,2,استافيلوكوكس اورياس,العد الكلي للبكتيريا,True,pathogen,,3,True
Data 2025.xlsx,984,2025-02-03,2025-02,2025-W06,1,0,sw-2328-r01,sw-2328-R01,مسحة ثلاجة الخضار,مسحة ثلاجة الخضار,,مسحة ثلاجة الخضار,swab,مطعم اسماك دله,مطعم اسماك دله,,مطعم اسماك دله,العليا,بلدية,بلدية العليا,True,False,لا يوجد,,0,,,False,none,,4,True
Data 2025.xlsx,985,2025-02-03,2025-02,2025-W06,1,0,sw-2329-r01,sw-2329-R01,مسحة طاولة تقطيع اسماك,(Swabs) المسحات,Swabs,(Swabs) المسحات,swab,اصداف الجزر للاسماك,اصداف الجزر للاسماك,,اصداف الجزر للاسماك,العليا,بلدية,بلدية العليا,False,True,العد الكلي للبكتيريا | استافيلوكوكس اورياس,العد الكلي للبكتيريا | استافيلوكوكس اورياس,2,استافيلوكوكس اورياس,العد الكلي للبكتيريا,True,pathogen,,1,False
Data 2025.xlsx,986,2025-02-03,2025-02,2025-W06,1,0,sw-2330-r01,sw-2330-R01,مسحة طاولة تقطيع اسماك,(Swabs) المسحات,Swabs,(Swabs) المسحات,swab,اصداف الجزر للاسماك,اصداف الجزر للاسماك,,اصداف الجزر للاسماك,العليا,بلدية,بلدية العليا,False,True,العد الكلي للبكتيريا | استافيلوكوكس اورياس,العد الكلي للبكتيريا | استافيلوكوكس اورياس,2,استافيلوكوكس اورياس,العد الكلي للبكتيريا,True,pathogen,,2,True
Data 2025.xlsx,987,2025-02-03,2025-02,2025-W06,1,0,sw-2331-r01,sw-2331-R01,مسحة الة تقطيع اسماك,(Swabs) المسحات,Swabs,(Swabs) المسحات,swab,اصداف الجزر للاسماك,اصداف الجزر للاسماك,,اصداف الجزر للاسماك,العليا,بلدية,بلدية العليا,True,False,لا يوجد,,0,,,False,none,,2,True
Data 2025.xlsx,988,2025-02-03,2025-02,2025-W06,1,0,sw-2332-r01,sw-2332-R01,مسحة طاولة تقطيع اسماك,(Swabs) المسحات,Swabs,(Swabs) المسحات,swab,اصداف الجزر للاسماك,اصداف الجزر للاسماك,,اصداف الجزر للاسماك,العليا,بلدية,بلدية العليا,False,True,العد الكلي للبكتيريا,العد الكلي للبكتيريا,1,,العد الكلي للبكتيريا,False,indicator_only,,3,True
Data 2025.xlsx,997,2025-02-03,2025-02,2025-W06,1,0,sw-2333-r01,sw-2333-R01,مسحة ثلاجة حافظة الاسماك,(Swabs) المسحات,Swabs,(Swabs) المسحات,swab,اصداف الجزر للاسماك,اصداف الجزر للاسماك,,اصداف الجزر للاسماك,العليا,بلدية,بلدية العليا,True,False,لا يوجد,,0,,,False,none,,6,True
Data 2025.xlsx,998,2025-02-03,2025-02,2025-W06,1,0,sw-2334-r01,sw-2334-R01,مسحة ثلاجة حافظة الاسماك,(Swabs) المسحات,Swabs,(Swabs) المسحات,swab,اصداف الجزر للاسماك,اصداف الجزر للاسماك,,اصداف الجزر للاسماك,العليا,بلدية,بلدية العليا,True,False,لا يوجد,,0,,,False,none,,6,True
Data 2025.xlsx,1003,2025-02-03,2025-02,2025-W06,1,0,sw-2335-r01,sw-2335-R01,مسحة طاولة تقطيع اسماك,(Swabs) المسحات,Swabs,(Swabs) المسحات,swab,الشركة السعودية للاسماك,الشركة السعودية للاسماك,,الشركة السعودية للاسماك,العليا,بلدية,بلدية العليا,False,True,العد الكلي للبكتيريا,العد الكلي للبكتيريا,1,,العد الكلي للبكتيريا,False,indicator_only,,3,True
Data 2025.xlsx,1004,2025-02-03,2025-02,2025-W06,1,0,sw-2336-r01,sw-2336-R01,مسحة طاولة تقطيع اسماك,(Swabs) المسحات,Swabs,(Swabs) المسحات,swab,الشركة السعودية للاسماك,الشركة السعودية للاسماك,,الشركة السعودية للاسماك,العليا,بلدية,بلدية العليا,True,False,لا يوجد,,0,,,False,none,,3,True
Data 2025.xlsx,1005,2025-02-03,2025-02,2025-W06,1,0,sw-2337-r01,sw-2337-R01,مسحة طاولة تقطيع اسماك,(Swabs) المسحات,Swabs,(Swabs) المسحات,swab,الشركة السعودية للاسماك,الشركة السعودية للاسماك,,الشركة السعودية للاسماك,العليا,بلدية,بلدية العليا,True,False,لا يوجد,,0,,,False,none,,3,True
Data 2025.xlsx,1006,2025-02-03,2025-02,2025-W06,1,0,sw-2338-r01,sw-2338-R01,مسحة الة تقطيع اسماك,(Swabs) المسحات,Swabs,(Swabs) المسحات,swab,الشركة السعودية للاسماك,الشركة السعودية للاسماك,,الشركة السعودية للاسماك,العليا,بلدية,بلدية العليا,True,False,لا يوجد,,0,,,False,none,,3,True
Data 2025.xlsx,1008,2025-02-03,2025-02,2025-W06,1,0,sw-2339-r01,sw-2339-R01,مسحة طاولة تقطيع اسماك,(Swabs) المسحات,Swabs,(Swabs) المسحات,swab,شركة أمواج للاسماك,شركة أمواج للاسماك,,شركة أمواج للاسماك,العليا,بلدية,بلدية العليا,True,False,لا يوجد,,0,,,False,none,,0,False
Data 2025.xlsx,1009,2025-02-03,2025-02,2025-W06,1,0,sw-2340-r01,sw-2340-R01,مسحة الة تقطيع اسماك,(Swabs) المسحات,Swabs,(Swabs) المسحات,swab,شركة أمواج للاسماك,شركة أمواج للاسماك,,شركة أمواج للاسماك,العليا,بلدية,بلدية العليا,False,True,العد الكلي للبكتيريا,العد الكلي للبكتيريا,1,,العد الكلي للبكتيريا,False,indicator_only,,1,False
Data 2025.xlsx,952,2025-02-03,2025-02,2025-W06,1,0,sweet-0714-r01,sweet-0714-R01,حلا بودنق,الحلا(sweetness),sweetness,الحلا(sweetness),sweets_bakery,مانويل ماركت,مانويل ماركت,,مانويل ماركت,العليا,بلدية,بلدية العليا,True,False,لا يوجد,,0,,,False,none,,15,True
Data 2025.xlsx,953,2025-02-03,2025-02,2025-W06,1,0,sweet-0715-r01,sweet-0715-R01,ام علي,الحلا(sweetness),sweetness,الحلا(sweetness),sweets_bakery,مانويل ماركت,مانويل ماركت,,مانويل ماركت,العليا,بلدية,بلدية العليا,True,False,لا يوجد,,0,,,False,none,,15,True
Data 2025.xlsx,954,2025-02-03,2025-02,2025-W06,1,0,sweet-0716-r01,sweet-0716-R01,مهلبية,الحلا(sweetness),sweetness,الحلا(sweetness),sweets_bakery,مانويل ماركت,مانويل ماركت,,مانويل ماركت,العليا,بلدية,بلدية العليا,True,False,لا يوجد,,0,,,False,none,,15,True
Data 2025.xlsx,960,2025-02-03,2025-02,2025-W06,1,0,sweet-0717-r01,sweet-0717-R01,قطع كيك شوكولاتة مع كريمة,الحلا(sweetness),sweetness,الحلا(sweetness),sweets_bakery,مانويل ماركت,مانويل ماركت,,مانويل ماركت,العليا,بلدية,بلدية العليا,True,False,لا يوجد,,0,,,False,none,,15,True
Data 2025.xlsx,961,2025-02-03,2025-02,2025-W06,1,0,sweet-0718-r01,sweet-0718-R01,قطع كيك فراولة,الحلا(sweetness),sweetness,الحلا(sweetness),sweets_bakery,مانويل ماركت,مانويل ماركت,,مانويل ماركت,العليا,بلدية,بلدية العليا,True,False,لا يوجد,,0,,,False,none,,15,True
Data 2025.xlsx,962,2025-02-03,2025-02,2025-W06,1,0,ubot-0870-r01,Ubot-0870-R01,مياه فلتر للعجانة,المياه الغير معبأة (Unbottled water),Unbottled water,المياه الغير معبأة (Unbottled water),water,مانويل ماركت,مانويل ماركت,,مانويل ماركت,العليا,بلدية,بلدية العليا,True,False,لا يوجد,,0,,,False,none,,15,True
Data 2025.xlsx,1014,2025-02-03,2025-02,2025-W06,1,0,ubot-0871-r01,Ubot-0871-R01,مياه حنفية,المياه الغير معبأة (Unbottled water),Unbottled water,المياه الغير معبأة (Unbottled water),water,مطاعم اويامال للماكولات البحرية,مطاعم اويامال للماكولات البحرية,,مطاعم اويامال للماكولات البحرية,العليا,بلدية,بلدية العليا,True,False,لا يوجد,,0,,,False,none,,3,True
Data 2025.xlsx,1015,2025-02-03,2025-02,2025-W06,1,0,ubot-0872-r01,Ubot-0872-R01,مياه حنفية لغسيل الاسماك,المياه الغير معبأة (Unbottled water),Unbottled water,المياه الغير معبأة (Unbottled water),water,مطعم اسماك دله,مطعم اسماك دله,,مطعم اسماك دله,العليا,بلدية,بلدية العليا,True,False,لا يوجد,,0,,,False,none,,4,True
Data 2025.xlsx,1016,2025-02-03,2025-02,2025-W06,1,0,ubot-0873-r01,Ubot-0873-R01,مياه فلتر لغسيل الاسماك,المياه الغير معبأة (Unbottled water),Unbottled water,المياه الغير معبأة (Unbottled water),water,الشركة السعودية للاسماك,الشركة السعودية للاسماك,,الشركة السعودية للاسماك,العليا,بلدية,بلدية العليا,False,True,كوليفورم | سيدوموناس,كوليفورم | سيدوموناس,2,,كوليفورم | سيدوموناس,False,indicator_only,,4,True
Data 2025.xlsx,1017,2025-02-03,2025-02,2025-W06,1,0,ubot-0874-r01,Ubot-0874-R01,مياه حنفية لغسيل الاسماك,المياه الغير معبأة (Unbottled water),Unbottled water,المياه الغير معبأة (Unbottled water),water,شركة أمواج للاسماك,شركة أمواج للاسماك,,شركة أمواج للاسماك,العليا,بلدية,بلدية العليا,False,True,كوليفورم | ايشيريشيا كولاي | سيدوموناس,كوليفورم | ايشيريشيا كولاي | سيدوموناس,3,ايشيريشيا كولاي,كوليفورم | سيدوموناس,True,pathogen,,3,True
Data 2025.xlsx,1025,2025-02-04,2025-02,2025-W06,1,1,fish-0124-r01,fish-0124-R01,ربيان مزرعة,Fish/fish product(الاسماك / منتجات الاسماك),fish product,Fish/fish product(الاسماك / منتجات الاسماك),cooked_meat_poultry,اسماك الهتان,اسماك الهتان,,اسماك الهتان,العليا,بلدية,بلدية العليا,True,False,لا يوجد,,0,,,False,none,,7,True
Data 2025.xlsx,1026,2025-02-04,2025-02,2025-W06,1,1,fish-0125-r01,fish-0125-R01,اسماك باقا,Fish/fish product(الاسماك / منتجات الاسماك),fish product,Fish/fish product(الاسماك / منتجات الاسماك),cooked_meat_poultry,اسماك الهتان,اسماك الهتان,,اسماك الهتان,العليا,بلدية,بلدية العليا,True,False,لا يوجد,,0,,,False,none,,7,True
Data 2025.xlsx,1027,2025-02-04,2025-02,2025-W06,1,1,fish-0126-r01,fish-0126-R01,سمك مكرونة,Fish/fish product(الاسماك / منتجات الاسماك),fish product,Fish/fish product(الاسماك / منتجات الاسماك),cooked_meat_poultry,اسماك الهتان,اسماك الهتان,,اسماك الهتان,العليا,بلدية,بلدية العليا,True,False,لا يوجد,,0,,,False,none,,7,True
Data 2025.xlsx,1028,2025-02-04,2025-02,2025-W06,1,1,fish-0127-r01,fish-0127-R01,سمك سلمون,Fish/fish product(الاسماك / منتجات الاسماك),fish product,Fish/fish product(الاسماك / منتجات الاسماك),cooked_meat_poultry,اسماك الهتان,اسماك الهتان,,اسماك الهتان,العليا,بلدية,بلدية العليا,True,False,لا يوجد,,0,,,False,none,,7,True
Data 2025.xlsx,1029,2025-02-04,2025-02,2025-W06,1,1,fish-0128-r01,fish-0128-R01,سمك كنعد,Fish/fish product(الاسماك / منتجات الاسماك),fish product,Fish/fish product(الاسماك / منتجات الاسماك),cooked_meat_poultry,اسماك الهتان,اسماك الهتان,,اسماك الهتان,العليا,بلدية,بلدية العليا,True,False,لا يوجد,,0,,,False,none,,7,True
Data 2025.xlsx,1030,2025-02-04,2025-02,2025-W06,1,1,fish-0129-r01,fish-0129-R01,سمك دنيس,Fish/fish product(الاسماك / منتجات الاسماك),fish product,Fish/fish product(الاسماك / منتجات الاسماك),cooked_meat_poultry,اسماك الهتان,اسماك الهتان,,اسماك الهتان,العليا,بلدية,بلدية العليا,True,False,لا يوجد,,0,,,False,none,,7,True
Data 2025.xlsx,1031,2025-02-04,2025-02,2025-W06,1,1,fish-0130-r01,fish-0130-R01,سمك ابراهيم,Fish/fish product(الاسماك / منتجات الاسماك),fish product,Fish/fish product(الاسماك / منتجات الاسماك),cooked_meat_poultry,اسماك الهتان,اسماك الهتان,,اسماك الهتان,العليا,بلدية,بلدية العليا,True,False,لا يوجد,,0,,,False,none,,7,True
Data 2025.xlsx,1032,2025-02-04,2025-02,2025-W06,1,1,fish-0131-r01,fish-0131-R01,كابوريا قبقب,Fish/fish product(الاسماك / منتجات الاسماك),fish product,Fish/fish product(الاسماك / منتجات الاسماك),cooked_meat_poultry,اسماك الهتان,اسماك الهتان,,اسماك الهتان,العليا,بلدية,بلدية العليا,False,True,استافيلوكوكس اورياس,استافيلوكوكس اورياس,1,استافيلوكوكس اورياس,,True,pathogen,,8,True
Data 2025.xlsx,1033,2025-02-04,2025-02,2025-W06,1,1,fish-0132-r01,fish-0132-R01,ربيان بحر,Fish/fish product(الاسماك / منتجات الاسماك),fish product,Fish/fish product(الاسماك / منتجات الاسماك),cooked_meat_poultry,اسماك الهتان,اسماك الهتان,,اسماك الهتان,العليا,بلدية,بلدية العليا,True,False,لا يوجد,,0,,,False,none,,8,True
Data 2025.xlsx,1044,2025-02-04,2025-02,2025-W06,1,1,fish-0140-r01,fish-0140-R01,سمك ساردين,Fish/fish product(الاسماك / منتجات الاسماك),fish product,Fish/fish product(الاسماك / منتجات الاسماك),cooked_meat_poultry,نجمة السمك,نجمة السمك,,نجمة السمك,العليا,بلدية,بلدية العليا,True,False,لا يوجد,,0,,,False,none,,7,True
Data 2025.xlsx,1045,2025-02-04,2025-02,2025-W06,1,1,fish-0141-r01,fish-0141-R01,ربيان جامبو,Fish/fish product(الاسماك / منتجات الاسماك),fish product,Fish/fish product(الاسماك / منتجات الاسماك),cooked_meat_poultry,نجمة السمك,نجمة السمك,,نجمة السمك,العليا,بلدية,بلدية العليا,True,False,لا يوجد,,0,,,False,none,,7,True
Data 2025.xlsx,1046,2025-02-04,2025-02,2025-W06,1,1,fish-0142-r01,fish-0142-R01,سمك سلمون,Fish/fish product(الاسماك / منتجات الاسماك),fish product,Fish/fish product(الاسماك / منتجات الاسماك),cooked_meat_poultry,نجمة السمك,نجمة السمك,,نجمة السمك,العليا,بلدية,بلدية العليا,True,False,لا يوجد,,0,,,False,none,,7,True
Data 2025.xlsx,1047,2025-02-04,2025-02,2025-W06,1,1,fish-0143-r01,fish-0143-R01,سمك كنعد,Fish/fish product(الاسماك / منتجات الاسماك),fish product,Fish/fish product(الاسماك / منتجات الاسماك),cooked_meat_poultry,نجمة السمك,نجمة السمك,,نجمة السمك,العليا,بلدية,بلدية العليا,True,False,لا يوجد,,0,,,False,none,,7,True
Data 2025.xlsx,1048,2025-02-04,2025-02,2025-W06,1,1,fish-0144-r01,fish-0144-R01,سمك فسكر,Fish/fish product(الاسماك / منتجات الاسماك),fish product,Fish/fish product(الاسماك / منتجات الاسماك),cooked_meat_poultry,نجمة السمك,نجمة السمك,,نجمة السمك,العليا,بلدية,بلدية العليا,True,False,لا يوجد,,0,,,False,none,,7,True
Data 2025.xlsx,1049,2025-02-04,2025-02,2025-W06,1,1,fish-0145-r01,fish-0145-R01,سمك شعور,Fish/fish product(الاسماك / منتجات الاسماك),fish product,Fish/fish product(الاسماك / منتجات الاسماك),cooked_meat_poultry,نجمة السمك,نجمة السمك,,نجمة السمك,العليا,بلدية,بلدية العليا,True,False,لا يوجد,,0,,,False,none,,7,True
Data 2025.xlsx,1050,2025-02-04,2025-02,2025-W06,1,1,fish-0146-r01,fish-0146-R01,سمك هامور,Fish/fish product(الاسماك / منتجات الاسماك),fish product,Fish/fish product(الاسماك / منتجات الاسماك),cooked_meat_poultry,نجمة السمك,نجمة السمك,,نجمة السمك,العليا,بلدية,بلدية العليا,True,False,لا يوجد,,0,,,False,none,,7,True
Data 2025.xlsx,1052,2025-02-04,2025-02,2025-W06,1,1,fish-0154-r01,fish-0154-R01,ربيان بحر,Fish/fish product(الاسماك / منتجات الاسماك),fish product,Fish/fish product(الاسماك / منتجات الاسماك),cooked_meat_poultry,مطعم حكاية بحر للماكولات البحرية,مطعم حكاية بحر للماكولات البحرية,,مطعم حكاية بحر للماكولات البحرية,العليا,بلدية,بلدية العليا,True,False,لا يوجد,,0,,,False,none,,0,False
Data 2025.xlsx,1053,2025-02-04,2025-02,2025-W06,1,1,fish-0155-r01,fish-0155-R01,ربيان مزرعة,Fish/fish product(الاسماك / منتجات الاسماك),fish product,Fish/fish product(الاسماك / منتجات الاسماك),cooked_meat_poultry,مطعم حكاية بحر للماكولات البحرية,مطعم حكاية بحر للماكولات البحرية,,مطعم حكاية بحر للماكولات البحرية,العليا,بلدية,بلدية العليا,True,False,لا يوجد,,0,,,False,none,,0,False
Data 2025.xlsx,1054,2025-02-04,2025-02,2025-W06,1,1,fish-0156-r01,fish-0156-R01,كابوريا,Fish/fish product(الاسماك / منتجات الاسماك),fish product,Fish/fish product(الاسماك / منتجات الاسماك),cooked_meat_poultry,مطعم حكاية بحر للماكولات البحرية,مطعم حكاية بحر للماكولات البحرية,,مطعم حكاية بحر للماكولات البحرية,العليا,بلدية,بلدية العليا,True,False,لا يوجد,,0,,,False,none,,0,False
Data 2025.xlsx,1055,2025-02-04,2025-02,2025-W06,1,1,fish-0157-r01,fish-0157-R01,سمك ناجل,Fish/fish product(الاسماك / منتجات الاسماك),fish product,Fish/fish product(الاسماك / منتجات الاسماك),cooked_meat_poultry,مطعم حكاية بحر للماكولات البحرية,مطعم حكاية بحر للماكولات البحرية,,مطعم حكاية بحر للماكولات البحرية,العليا,بلدية,بلدية العليا,True,False,لا يوجد,,0,,,False,none,,0,False
Data 2025.xlsx,1056,2025-02-04,2025-02,2025-W06,1,1,fish-0158-r01,fish-0158-R01,سمك بلطي,Fish/fish product(الاسماك / منتجات الاسماك),fish product,Fish/fish product(الاسماك / منتجات الاسماك),cooked_meat_poultry,مطعم حكاية بحر للماكولات البحرية,مطعم حكاية بحر للماكولات البحرية,,مطعم حكاية بحر للماكولات البحرية,العليا,بلدية,بلدية العليا,True,False,لا يوجد,,0,,,False,none,,0,False
Data 2025.xlsx,1057,2025-02-04,2025-02,2025-W06,1,1,fish-0159-r01,fish-0159-R01,سمك شعور,Fish/fish product(الاسماك / منتجات الاسماك),fish product,Fish/fish product(الاسماك / منتجات الاسماك),cooked_meat_poultry,مطعم حكاية بحر للماكولات البحرية,مطعم حكاية بحر للماكولات البحرية,,مطعم حكاية بحر للماكولات البحرية,العليا,بلدية,بلدية العليا,True,False,لا يوجد,,0,,,False,none,,0,False
Data 2025.xlsx,1058,2025-02-04,2025-02,2025-W06,1,1,fish-0160-r01,fish-0160-R01,سمك دنيس,Fish/fish product(الاسماك / منتجات الاسماك),fish product,Fish/fish product(الاسماك / منتجات الاسماك),cooked_meat_poultry,مطعم حكاية بحر للماكولات البحرية,مطعم حكاية بحر للماكولات البحرية,,مطعم حكاية بحر للماكولات البحرية,العليا,بلدية,بلدية العليا,True,False,لا يوجد,,0,,,False,none,,0,False
Data 2025.xlsx,1051,2025-02-04,2025-02,2025-W06,1,1,hs-0275-r01,HS-0275-R01,شطة حارة,الشطة (Hot sauce),Hot sauce,الشطة (Hot sauce),sauce_condiment,نجمة السمك,نجمة السمك,,نجمة السمك,العليا,بلدية,بلدية العليا,False,True,العد الكلي للبكتيريا | انتيروباكتريسي,العد الكلي للبكتيريا | انتيروباكتريسي,2,,العد الكلي للبكتيريا | انتيروباكتريسي,False,indicator_only,,8,True
Data 2025.xlsx,1034,2025-02-04,2025-02,2025-W06,1,1,sal-1037-r01,Sal-1037-R01,سلطة حارة,السلطة(Salad),Salad,السلطة(Salad),produce,اسماك الهتان,اسماك الهتان,,اسماك الهتان,العليا,بلدية,بلدية العليا,True,False,لا يوجد,,0,,,False,none,,8,True
Data 2025.xlsx,1062,2025-02-04,2025-02,2025-W06,1,1,sal-1038-r01,Sal-1038-R01,سلطة حارة,السلطة(Salad),Salad,السلطة(Salad),produce,مطعم حكاية بحر للماكولات البحرية,مطعم حكاية بحر للماكولات البحرية,,مطعم حكاية بحر للماكولات البحرية,العليا,بلدية,بلدية العليا,True,False,لا يوجد,,0,,,False,none,,2,True
Data 2025.xlsx,1063,2025-02-04,2025-02,2025-W06,1,1,sal-1039-r01,Sal-1039-R01,سلطة حمرا,السلطة(Salad),Salad,السلطة(Salad),produce,مطعم حكاية بحر للماكولات البحرية,مطعم حكاية بحر للماكولات البحرية,,مطعم حكاية بحر للماكولات البحرية,العليا,بلدية,بلدية العليا,True,False,لا يوجد,,0,,,False,none,,2,True
Data 2025.xlsx,1035,2025-02-04,2025-02,2025-W06,1,1,sau-1157-r01,sau-1157-R01,صوص تمر هندي,صوص (sauce),sauce,صوص (sauce),sauce_condiment,اسماك الهتان,اسماك الهتان,,اسماك الهتان,العليا,بلدية,بلدية العليا,True,False,لا يوجد,,0,,,False,none,,8,True
Data 2025.xlsx,1018,2025-02-04,2025-02,2025-W06,1,1,sw-2348-r01,sw-2348-R01,مسحة طاولة تقطيع,(Swabs) المسحات,Swabs,(Swabs) المسحات,swab,اسماك الهتان,اسماك الهتان,,اسماك الهتان,العليا,بلدية,بلدية العليا,False,True,العد الكلي للبكتيريا,العد الكلي للبكتيريا,1,,العد الكلي للبكتيريا,False,indicator_only,,1,False
Data 2025.xlsx,1019,2025-02-04,2025-02,2025-W06,1,1,sw-2349-r01,sw-2349-R01,مسحة طاولة تقطيع,(Swabs) المسحات,Swabs,(Swabs) المسحات,swab,اسماك الهتان,اسماك الهتان,,اسماك الهتان,العليا,بلدية,بلدية العليا,False,True,العد الكلي للبكتيريا,العد الكلي للبكتيريا,1,,العد الكلي للبكتيريا,False,indicator_only,,2,True
Data 2025.xlsx,1020,2025-02-04,2025-02,2025-W06,1,1,sw-2350-r01,sw-2350-R01,مسحة طاولة تقطيع,(Swabs) المسحات,Swabs,(Swabs) المسحات,swab,اسماك الهتان,اسماك الهتان,,اسماك الهتان,العليا,بلدية,بلدية العليا,False,True,العد الكلي للبكتيريا | استافيلوكوكس اورياس,العد الكلي للبكتيريا | استافيلوكوكس اورياس,2,استافيلوكوكس اورياس,العد الكلي للبكتيريا,True,pathogen,,3,True
Data 2025.xlsx,1021,2025-02-04,2025-02,2025-W06,1,1,sw-2351-r01,sw-2351-R01,مسحة طاولة تقطيع,(Swabs) المسحات,Swabs,(Swabs) المسحات,swab,اسماك الهتان,اسماك الهتان,,اسماك الهتان,العليا,بلدية,بلدية العليا,False,True,العد الكلي للبكتيريا,العد الكلي للبكتيريا,1,,العد الكلي للبكتيريا,False,indicator_only,,4,True
Data 2025.xlsx,1022,2025-02-04,2025-02,2025-W06,1,1,sw-2352-r01,sw-2352-R01,مسحة طاولة تقطية,(Swabs) المسحات,Swabs,(Swabs) المسحات,swab,اسماك الهتان,اسماك الهتان,,اسماك الهتان,العليا,بلدية,بلدية العليا,False,True,العد الكلي للبكتيريا | استافيلوكوكس اورياس,العد الكلي للبكتيريا | استافيلوكوكس اورياس,2,استافيلوكوكس اورياس,العد الكلي للبكتيريا,True,pathogen,,5,True
Data 2025.xlsx,1023,2025-02-04,2025-02,2025-W06,1,1,sw-2353-r01,sw-2353-R01,مسحة طاولة تقطيع,(Swabs) المسحات,Swabs,(Swabs) المسحات,swab,اسماك الهتان,اسماك الهتان,,اسماك الهتان,العليا,بلدية,بلدية العليا,False,True,العد الكلي للبكتيريا,العد الكلي للبكتيريا,1,,العد الكلي للبكتيريا,False,indicator_only,,6,True
Data 2025.xlsx,1024,2025-02-04,2025-02,2025-W06,1,1,sw-2354-r01,sw-2354-R01,مسحة طاولة تقطيع,(Swabs) المسحات,Swabs,(Swabs) المسحات,swab,اسماك الهتان,اسماك الهتان,,اسماك الهتان,العليا,بلدية,بلدية العليا,False,True,العد الكلي للبكتيريا,العد الكلي للبكتيريا,1,,العد الكلي للبكتيريا,False,indicator_only,,7,True
Data 2025.xlsx,1036,2025-02-04,2025-02,2025-W06,1,1,sw-2363-r01,sw-2363-R01,مسحة طاولة تقطيع,(Swabs) المسحات,Swabs,(Swabs) المسحات,swab,نجمة السمك,نجمة السمك,,نجمة السمك,العليا,بلدية,بلدية العليا,False,True,العد الكلي للبكتيريا,العد الكلي للبكتيريا,1,,العد الكلي للبكتيريا,False,indicator_only,,1,False
Data 2025.xlsx,1037,2025-02-04,2025-02,2025-W06,1,1,sw-2364-r01,sw-2364-R01,مسحة طاولة تقطيع,(Swabs) المسحات,Swabs,(Swabs) المسحات,swab,نجمة السمك,نجمة السمك,,نجمة السمك,العليا,بلدية,بلدية العليا,False,True,العد الكلي للبكتيريا | استافيلوكوكس اورياس,العد الكلي للبكتيريا | استافيلوكوكس اورياس,2,استافيلوكوكس اورياس,العد الكلي للبكتيريا,True,pathogen,,2,True
Data 2025.xlsx,1038,2025-02-04,2025-02,2025-W06,1,1,sw-2365-r01,sw-2365-R01,مسحة طاولة تقطيع,(Swabs) المسحات,Swabs,(Swabs) المسحات,swab,نجمة السمك,نجمة السمك,,نجمة السمك,العليا,بلدية,بلدية العليا,False,True,العد الكلي للبكتيريا | استافيلوكوكس اورياس,العد الكلي للبكتيريا | استافيلوكوكس اورياس,2,استافيلوكوكس اورياس,العد الكلي للبكتيريا,True,pathogen,,3,True
Data 2025.xlsx,1039,2025-02-04,2025-02,2025-W06,1,1,sw-2366-r01,sw-2366-R01,مسحة طاولة تقطيع,(Swabs) المسحات,Swabs,(Swabs) المسحات,swab,نجمة السمك,نجمة السمك,,نجمة السمك,العليا,بلدية,بلدية العليا,False,True,العد الكلي للبكتيريا | استافيلوكوكس اورياس,العد الكلي للبكتيريا | استافيلوكوكس اورياس,2,استافيلوكوكس اورياس,العد الكلي للبكتيريا,True,pathogen,,4,True
Data 2025.xlsx,1040,2025-02-04,2025-02,2025-W06,1,1,sw-2367-r01,sw-2367-R01,مسحة طاولة تقطيع,(Swabs) المسحات,Swabs,(Swabs) المسحات,swab,نجمة السمك,نجمة السمك,,نجمة السمك,العليا,بلدية,بلدية العليا,False,True,العد الكلي للبكتيريا,العد الكلي للبكتيريا,1,,العد الكلي للبكتيريا,False,indicator_only,,5,True
Data 2025.xlsx,1041,2025-02-04,2025-02,2025-W06,1,1,sw-2368-r01,sw-2368-R01,مسحة طاولة تقطيع,(Swabs) المسحات,Swabs,(Swabs) المسحات,swab,نجمة السمك,نجمة السمك,,نجمة السمك,العليا,بلدية,بلدية العليا,False,True,العد الكلي للبكتيريا,العد الكلي للبكتيريا,1,,العد الكلي للبكتيريا,False,indicator_only,,6,True
Data 2025.xlsx,1042,2025-02-04,2025-02,2025-W06,1,1,sw-2369-r01,sw-2369-R01,مسحة طاولة تقطيع,(Swabs) المسحات,Swabs,(Swabs) المسحات,swab,نجمة السمك,نجمة السمك,,نجمة السمك,العليا,بلدية,بلدية العليا,False,True,العد الكلي للبكتيريا | استافيلوكوكس اورياس,العد الكلي للبكتيريا | استافيلوكوكس اورياس,2,استافيلوكوكس اورياس,العد الكلي للبكتيريا,True,pathogen,,7,True
Data 2025.xlsx,1043,2025-02-04,2025-02,2025-W06,1,1,sw-2370-r01,sw-2370-R01,مسحة طاولة تقطيع,(Swabs) المسحات,Swabs,(Swabs) المسحات,swab,نجمة السمك,نجمة السمك,,نجمة السمك,العليا,بلدية,بلدية العليا,True,False,لا يوجد,,0,,,False,none,,7,True
Data 2025.xlsx,1059,2025-02-04,2025-02,2025-W06,1,1,sw-2379-r01,sw-2379-R01,مسحة طاولة تقطيع سمك,(Swabs) المسحات,Swabs,(Swabs) المسحات,swab,مطعم حكاية بحر للماكولات البحرية,مطعم حكاية بحر للماكولات البحرية,,مطعم حكاية بحر للماكولات البحرية,العليا,بلدية,بلدية العليا,False,True,العد الكلي للبكتيريا,العد الكلي للبكتيريا,1,,العد الكلي للبكتيريا,False,indicator_only,,1,False
Data 2025.xlsx,1060,2025-02-04,2025-02,2025-W06,1,1,sw-2380-r01,sw-2380-R01,مسحة طاولة تقطيع سمك,(Swabs) المسحات,Swabs,(Swabs) المسحات,swab,مطعم حكاية بحر للماكولات البحرية,مطعم حكاية بحر للماكولات البحرية,,مطعم حكاية بحر للماكولات البحرية,العليا,بلدية,بلدية العليا,False,True,العد الكلي للبكتيريا | استافيلوكوكس اورياس,العد الكلي للبكتيريا | استافيلوكوكس اورياس,2,استافيلوكوكس اورياس,العد الكلي للبكتيريا,True,pathogen,,2,True
Data 2025.xlsx,1061,2025-02-04,2025-02,2025-W06,1,1,sw-2381-r01,sw-2381-R01,مسحة قطاعة اسماك الة,(Swabs) المسحات,Swabs,(Swabs) المسحات,swab,مطعم حكاية بحر للماكولات البحرية,مطعم حكاية بحر للماكولات البحرية,,مطعم حكاية بحر للماكولات البحرية,العليا,بلدية,بلدية العليا,True,False,لا يوجد,,0,,,False,none,,2,True
Data 2025.xlsx,1064,2025-02-04,2025-02,2025-W06,1,1,ubot-0877-r01,Ubot-0877-R01,مياه حنفية لغسيل الاسماك,المياه الغير معبأة (Unbottled water),Unbottled water,المياه الغير معبأة (Unbottled water),water,اسماك الهتان,اسماك الهتان,,اسماك الهتان,العليا,بلدية,بلدية العليا,True,False,لا يوجد,,0,,,False,none,,8,True
Data 2025.xlsx,1065,2025-02-04,2025-02,2025-W06,1,1,ubot-0879-r01,Ubot-0879-R01,مياه حنفية لغسيل الاسماك,المياه الغير معبأة (Unbottled water),Unbottled water,المياه الغير معبأة (Unbottled water),water,نجمة السمك,نجمة السمك,,نجمة السمك,العليا,بلدية,بلدية العليا,True,False,لا يوجد,,0,,,False,none,,8,True
Data 2025.xlsx,1066,2025-02-04,2025-02,2025-W06,1,1,ubot-0881-r01,Ubot-0881-R01,مياه حنفية لغسيل الاسماك,المياه الغير معبأة (Unbottled water),Unbottled water,المياه الغير معبأة (Unbottled water),water,مطعم حكاية بحر للماكولات البحرية,مطعم حكاية بحر للماكولات البحرية,,مطعم حكاية بحر للماكولات البحرية,العليا,بلدية,بلدية العليا,True,False,لا يوجد,,0,,,False,none,,2,True
Data 2025.xlsx,1067,2025-02-04,2025-02,2025-W06,1,1,ubot-0882-r01,Ubot-0882-R01,مياه فلتر لغسيل الادوات,المياه الغير معبأة (Unbottled water),Unbottled water,المياه الغير معبأة (Unbottled water),water,مطعم حكاية بحر للماكولات البحرية,مطعم حكاية بحر للماكولات البحرية,,مطعم حكاية بحر للماكولات البحرية,العليا,بلدية,بلدية العليا,True,False,لا يوجد,,0,,,False,none,,2,True
Data 2025.xlsx,5941,2025-02-07,2025-02,2025-W06,1,4,raw-0319-r01,Raw-0319-R01,كبدة نعيمي بلدي,لحوم نيئة مبردة ومجمدة (Raw meat Cold or chilled ),Raw meat Cold or chilled,لحوم نيئة مبردة ومجمدة (Raw meat Cold or chilled ),raw_meat,محل صحاري نجد للحوم الطازج,محل صحاري نجد للحوم الطازج,,محل صحاري نجد للحوم الطازج,الروضة,بلدية,بلدية الروضة,True,False,لا يوجد,,0,,,False,none,,0,False
Data 2025.xlsx,5942,2025-02-07,2025-02,2025-W06,1,4,raw-0320-r01,Raw-0320-R01,لحم فخذ نعيمي بلدي,لحوم نيئة مبردة ومجمدة (Raw meat Cold or chilled ),Raw meat Cold or chilled,لحوم نيئة مبردة ومجمدة (Raw meat Cold or chilled ),raw_meat,محل صحاري نجد للحوم الطازج,محل صحاري نجد للحوم الطازج,,محل صحاري نجد للحوم الطازج,الروضة,بلدية,بلدية الروضة,True,False,لا يوجد,,0,,,False,none,,0,False
Data 2025.xlsx,5943,2025-02-07,2025-02,2025-W06,1,4,raw-0321-r01,Raw-0321-R01,لحم فخذ حاشي بلدي,لحوم نيئة مبردة ومجمدة (Raw meat Cold or chilled ),Raw meat Cold or chilled,لحوم نيئة مبردة ومجمدة (Raw meat Cold or chilled ),raw_meat,محل صحاري نجد للحوم الطازج,محل صحاري نجد للحوم الطازج,,محل صحاري نجد للحوم الطازج,الروضة,بلدية,بلدية الروضة,True,False,لا يوجد,,0,,,False,none,,0,False
Data 2025.xlsx,5944,2025-02-07,2025-02,2025-W06,1,4,ubot-1006-r01,Ubot-1006-R01,مياه حنفية المرحلة الثانية الرئيسية,المياه الغير معبأة (Unbottled water),Unbottled water,المياه الغير معبأة (Unbottled water),water,عينة خاصة,عينة خاصة,,عينة خاصة,الروضة,بلدية,بلدية الروضة,True,False,لا يوجد,,0,,,False,none,,0,False
Data 2025.xlsx,5945,2025-02-07,2025-02,2025-W06,1,4,ubot-1007-r01,Ubot-1007-R01,مياه خزان في اعلى المرحلة الثانية الرئيسية,المياه الغير معبأة (Unbottled water),Unbottled water,المياه الغير معبأة (Unbottled water),water,عينة خاصة,عينة خاصة,,عينة خاصة,الروضة,بلدية,بلدية الروضة,True,False,لا يوجد,,0,,,False,none,,0,False
Data 2025.xlsx,5946,2025-02-07,2025-02,2025-W06,1,4,ubot-1008-r01,Ubot-1008-R01,مياه خزان المرحلة الاولى,المياه الغير معبأة (Unbottled water),Unbottled water,المياه الغير معبأة (Unbottled water),water,عينة خاصة,عينة خاصة,,عينة خاصة,الروضة,بلدية,بلدية الروضة,True,False,لا يوجد,,0,,,False,none,,0,False
Data 2025.xlsx,5947,2025-02-07,2025-02,2025-W06,1,4,ubot-1009-r01,Ubot-1009-R01,مياه حنفية المرحلة الاولى الرئيسية قرب البوابة,المياه الغير معبأة (Unbottled water),Unbottled water,المياه الغير معبأة (Unbottled water),water,عينة خاصة,عينة خاصة,,عينة خاصة,الروضة,بلدية,بلدية الروضة,True,False,لا يوجد,,0,,,False,none,,0,False
Data 2025.xlsx,5948,2025-02-07,2025-02,2025-W06,1,4,ubot-1010-r01,Ubot-1010-R01,مياه حنفية المرحلة الثانية,المياه الغير معبأة (Unbottled water),Unbottled water,المياه الغير معبأة (Unbottled water),water,عينة خاصة,عينة خاصة,,عينة خاصة,الروضة,بلدية,بلدية الروضة,True,False,لا يوجد,,0,,,False,none,,0,False
Data 2025.xlsx,5949,2025-02-07,2025-02,2025-W06,1,4,ubot-1011-r01,Ubot-1011-R01,مياه حنفية لغسيل الادوات,المياه الغير معبأة (Unbottled water),Unbottled water,المياه الغير معبأة (Unbottled water),water,محل صحاري نجد للحوم الطازج,محل صحاري نجد للحوم الطازج,,محل صحاري نجد للحوم الطازج,الروضة,بلدية,بلدية الروضة,False,True,كوليفورم,كوليفورم,1,,كوليفورم,False,indicator_only,,1,False
Data 2025.xlsx,7035,2025-02-08,2025-02,2025-W06,1,5,1-3311-R01,1-3311-R01,نكهة فراولة,نكهات مركزة ( Syrup ),Syrup,نكهات مركزة ( Syrup ),sauce_condiment,سايد دال - حي الصحافة,سايد دال,حي الصحافة,سايد دال - حي الصحافة,الشمال,بلدية,بلدية الشمال,True,False,لا يوجد,,0,,,False,none,,0,False
Data 2025.xlsx,7036,2025-02-08,2025-02,2025-W06,1,5,1-3312-R01,1-3312-R01,نكهة خوخ,نكهات مركزة ( Syrup ),Syrup,نكهات مركزة ( Syrup ),sauce_condiment,سايد دال - حي الصحافة,سايد دال,حي الصحافة,سايد دال - حي الصحافة,الشمال,بلدية,بلدية الشمال,True,False,لا يوجد,,0,,,False,none,,0,False
Data 2025.xlsx,7037,2025-02-08,2025-02,2025-W06,1,5,1-3313-R01,1-3313-R01,نكهة باشن فروت,نكهات مركزة ( Syrup ),Syrup,نكهات مركزة ( Syrup ),sauce_condiment,سايد دال - حي الصحافة,سايد دال,حي الصحافة,سايد دال - حي الصحافة,الشمال,بلدية,بلدية الشمال,True,False,لا يوجد,,0,,,False,none,,0,False
Data 2025.xlsx,7039,2025-02-08,2025-02,2025-W06,1,5,1-3314-R01,1-3314-R01,كروسان سادة,كروسان (croissant),croissant,كروسان (croissant),sweets_bakery,سايد دال - حي الصحافة,سايد دال,حي الصحافة,سايد دال - حي الصحافة,الشمال,بلدية,بلدية الشمال,True,False,لا يوجد,,0,,,False,none,,1,False
Data 2025.xlsx,6996,2025-02-08,2025-02,2025-W06,1,5,OO-OSS-po-0423-R01,OO-OSS-po-0423-R01,بطاطس مقلي,البطاطس (potatoes),potatoes,البطاطس (potatoes),produce,باركز - حي الصحافة,باركز,حي الصحافة,باركز - حي الصحافة,الشمال,بلدية,بلدية الشمال,True,False,لا يوجد,,0,,,False,none,,0,False
Data 2025.xlsx,1091,2025-02-08,2025-02,2025-W06,1,5,br-0074-r01,Br-0074-R01,خبز,الخبـز (Bread),Bread,الخبـز (Bread),sweets_bakery,مركز مزاد الأسماك للمؤكولات البحرية,مركز مزاد الأسماك للمؤكولات البحرية,,مركز مزاد الأسماك للمؤكولات البحرية,العليا,بلدية,بلدية العليا,True,False,لا يوجد,,0,,,False,none,,13,True
Data 2025.xlsx,7012,2025-02-08,2025-02,2025-W06,1,5,chee-0805-r01,Chee-0805-R01,شرائح شيدر,(cheese) جبنة,cheese,(cheese) جبنة,dairy,باركز - حي الصحافة,باركز,حي الصحافة,باركز - حي الصحافة,الشمال,بلدية,بلدية الشمال,False,True,استافيلوكوكس اورياس,استافيلوكوكس اورياس,1,استافيلوكوكس اورياس,,True,pathogen,,4,True
Data 2025.xlsx,6995,2025-02-08,2025-02,2025-W06,1,5,co-0575-r01,co-0575-R01,فرجيل دجاج,الدجاج المطبوخ (Cooked chicken),Cooked chicken,الدجاج المطبوخ (Cooked chicken),cooked_meat_poultry,باركز - حي الصحافة,باركز,حي الصحافة,باركز - حي الصحافة,الشمال,بلدية,بلدية الشمال,True,False,لا يوجد,,0,,,False,none,,0,False
Data 2025.xlsx,1079,2025-02-08,2025-02,2025-W06,1,5,fish-0161-r01,fish-0161-R01,سمك ساردين م.ك,Fish/fish product(الاسماك / منتجات الاسماك),fish product,Fish/fish product(الاسماك / منتجات الاسماك),cooked_meat_poultry,مركز مزاد الأسماك للمؤكولات البحرية,مركز مزاد الأسماك للمؤكولات البحرية,,مركز مزاد الأسماك للمؤكولات البحرية,العليا,بلدية,بلدية العليا,True,False,لا يوجد,,0,,,False,none,,11,True
Data 2025.xlsx,1080,2025-02-08,2025-02,2025-W06,1,5,fish-0162-r01,fish-0162-R01,سمك بوري م.ك,Fish/fish product(الاسماك / منتجات الاسماك),fish product,Fish/fish product(الاسماك / منتجات الاسماك),cooked_meat_poultry,مركز مزاد الأسماك للمؤكولات البحرية,مركز مزاد الأسماك للمؤكولات البحرية,,مركز مزاد الأسماك للمؤكولات البحرية,العليا,بلدية,بلدية العليا,True,False,لا يوجد,,0,,,False,none,,11,True
Data 2025.xlsx,1081,2025-02-08,2025-02,2025-W06,1,5,fish-0163-r01,fish-0163-R01,سمك زبيدي م.ك,Fish/fish product(الاسماك / منتجات الاسماك),fish product,Fish/fish product(الاسماك / منتجات الاسماك),cooked_meat_poultry,مركز مزاد الأسماك للمؤكولات البحرية,مركز مزاد الأسماك للمؤكولات البحرية,,مركز مزاد الأسماك للمؤكولات البحرية,العليا,بلدية,بلدية العليا,True,False,لا يوجد,,0,,,False,none,,11,True
Data 2025.xlsx,1082,2025-02-08,2025-02,2025-W06,1,5,fish-0164-r01,fish-0164-R01,سمك دنيس م.ك,Fish/fish product(الاسماك / منتجات الاسماك),fish product,Fish/fish product(الاسماك / منتجات الاسماك),cooked_meat_poultry,مركز مزاد الأسماك للمؤكولات البحرية,مركز مزاد الأسماك للمؤكولات البحرية,,مركز مزاد الأسماك للمؤكولات البحرية,العليا,بلدية,بلدية العليا,True,False,لا يوجد,,0,,,False,none,,11,True
Data 2025.xlsx,1083,2025-02-08,2025-02,2025-W06,1,5,fish-0165-r01,fish-0165-R01,سمك كنعد م.ك,Fish/fish product(الاسماك / منتجات الاسماك),fish product,Fish/fish product(الاسماك / منتجات الاسماك),cooked_meat_poultry,مركز مزاد الأسماك للمؤكولات البحرية,مركز مزاد الأسماك للمؤكولات البحرية,,مركز مزاد الأسماك للمؤكولات البحرية,العليا,بلدية,بلدية العليا,True,False,لا يوجد,,0,,,False,none,,11,True
Data 2025.xlsx,1084,2025-02-08,2025-02,2025-W06,1,5,fish-0166-r01,fish-0166-R01,ربيان جامبو م.ك,Fish/fish product(الاسماك / منتجات الاسماك),fish product,Fish/fish product(الاسماك / منتجات الاسماك),cooked_meat_poultry,مركز مزاد الأسماك للمؤكولات البحرية,مركز مزاد الأسماك للمؤكولات البحرية,,مركز مزاد الأسماك للمؤكولات البحرية,العليا,بلدية,بلدية العليا,True,False,لا يوجد,,0,,,False,none,,11,True
Data 2025.xlsx,1085,2025-02-08,2025-02,2025-W06,1,5,fish-0167-r01,fish-0167-R01,ربيان (بحر) م.ك,Fish/fish product(الاسماك / منتجات الاسماك),fish product,Fish/fish product(الاسماك / منتجات الاسماك),cooked_meat_poultry,مركز مزاد الأسماك للمؤكولات البحرية,مركز مزاد الأسماك للمؤكولات البحرية,,مركز مزاد الأسماك للمؤكولات البحرية,العليا,بلدية,بلدية العليا,True,False,لا يوجد,,0,,,False,none,,11,True
Data 2025.xlsx,1086,2025-02-08,2025-02,2025-W06,1,5,fish-0168-r01,fish-0168-R01,ربيان (مزرعة) م.ك,Fish/fish product(الاسماك / منتجات الاسماك),fish product,Fish/fish product(الاسماك / منتجات الاسماك),cooked_meat_poultry,مركز مزاد الأسماك للمؤكولات البحرية,مركز مزاد الأسماك للمؤكولات البحرية,,مركز مزاد الأسماك للمؤكولات البحرية,العليا,بلدية,بلدية العليا,True,False,لا يوجد,,0,,,False,none,,11,True
Data 2025.xlsx,1093,2025-02-08,2025-02,2025-W06,1,5,fish-0169-r01,fish-0169-R01,ربيان (مزرعة) م.ك - غير منظف,Fish/fish product(الاسماك / منتجات الاسماك),fish product,Fish/fish product(الاسماك / منتجات الاسماك),cooked_meat_poultry,مطعم البحر الهادي للاسماك,مطعم البحر الهادي للاسماك,,مطعم البحر الهادي للاسماك,العليا,بلدية,بلدية العليا,True,False,لا يوجد,,0,,,False,none,,0,False
Data 2025.xlsx,1094,2025-02-08,2025-02,2025-W06,1,5,fish-0170-r01,fish-0170-R01,سمك دنيس م.ك,Fish/fish product(الاسماك / منتجات الاسماك),fish product,Fish/fish product(الاسماك / منتجات الاسماك),cooked_meat_poultry,مطعم البحر الهادي للاسماك,مطعم البحر الهادي للاسماك,,مطعم البحر الهادي للاسماك,العليا,بلدية,بلدية العليا,True,False,لا يوجد,,0,,,False,none,,0,False
Data 2025.xlsx,1095,2025-02-08,2025-02,2025-W06,1,5,fish-0171-r01,fish-0171-R01,سمك بلطي م.ك,Fish/fish product(الاسماك / منتجات الاسماك),fish product,Fish/fish product(الاسماك / منتجات الاسماك),cooked_meat_poultry,مطعم البحر الهادي للاسماك,مطعم البحر الهادي للاسماك,,مطعم البحر الهادي للاسماك,العليا,بلدية,بلدية العليا,True,False,لا يوجد,,0,,,False,none,,0,False
Data 2025.xlsx,1096,2025-02-08,2025-02,2025-W06,1,5,fish-0172-r01,fish-0172-R01,سمك فيليه م.ك,Fish/fish product(الاسماك / منتجات الاسماك),fish product,Fish/fish product(الاسماك / منتجات الاسماك),cooked_meat_poultry,مطعم البحر الهادي للاسماك,مطعم البحر الهادي للاسماك,,مطعم البحر الهادي للاسماك,العليا,بلدية,بلدية العليا,True,False,لا يوجد,,0,,,False,none,,0,False
Data 2025.xlsx,7014,2025-02-08,2025-02,2025-W06,1,5,fish-0222-r01,fish-0222-R01,ربيان,Fish/fish product(الاسماك / منتجات الاسماك),fish product,Fish/fish product(الاسماك / منتجات الاسماك),cooked_meat_poultry,باركز - حي الصحافة,باركز,حي الصحافة,باركز - حي الصحافة,الشمال,بلدية,بلدية الشمال,True,False,لا يوجد,,0,,,False,none,,4,True
Data 2025.xlsx,7034,2025-02-08,2025-02,2025-W06,1,5,ho-0242-r01,ho-0242-R01,عسل,(Honey) عسل النحل,Honey,(Honey) عسل النحل,sweets_bakery,سايد دال - حي الصحافة,سايد دال,حي الصحافة,سايد دال - حي الصحافة,الشمال,بلدية,بلدية الشمال,True,False,لا يوجد,,0,,,False,none,,0,False
Data 2025.xlsx,1088,2025-02-08,2025-02,2025-W06,1,5,homo-0401-r01,homo-0401-R01,حمص مقبلات,"الحمص Homous , Tzatziki and other dips","Homous , Tzatziki and other dips","الحمص Homous , Tzatziki and other dips",prepared_meal,مركز مزاد الأسماك للمؤكولات البحرية,مركز مزاد الأسماك للمؤكولات البحرية,,مركز مزاد الأسماك للمؤكولات البحرية,العليا,بلدية,بلدية العليا,False,True,العد الكلي للبكتيريا,العد الكلي للبكتيريا,1,,العد الكلي للبكتيريا,False,indicator_only,,12,True
Data 2025.xlsx,7020,2025-02-08,2025-02,2025-W06,1,5,jui-0483-r01,jui-0483-R01,عصير ليمون بالنعاع,العصائر الطازجة Un-pasteurized juices (fresh),fresh,العصائر الطازجة Un-pasteurized juices (fresh),beverage,باركز - حي الصحافة,باركز,حي الصحافة,باركز - حي الصحافة,الشمال,بلدية,بلدية الشمال,True,False,لا يوجد,,0,,,False,none,,4,True
Data 2025.xlsx,7021,2025-02-08,2025-02,2025-W06,1,5,jui-0484-r01,jui-0484-R01,عصير برتقال,العصائر الطازجة Un-pasteurized juices (fresh),fresh,العصائر الطازجة Un-pasteurized juices (fresh),beverage,باركز - حي الصحافة,باركز,حي الصحافة,باركز - حي الصحافة,الشمال,بلدية,بلدية الشمال,True,False,لا يوجد,,0,,,False,none,,4,True
Data 2025.xlsx,7022,2025-02-08,2025-02,2025-W06,1,5,jui-0485-r01,jui-0485-R01,عصير رمان,العصائر الطازجة Un-pasteurized juices (fresh),fresh,العصائر الطازجة Un-pasteurized juices (fresh),beverage,باركز - حي الصحافة,باركز,حي الصحافة,باركز - حي الصحافة,الشمال,بلدية,بلدية الشمال,False,True,الخمائر والاعفان,الخمائر والاعفان,1,,الخمائر والاعفان,False,indicator_only,,5,True
Data 2025.xlsx,7013,2025-02-08,2025-02,2025-W06,1,5,pick-0490-r01,Pick-0490-R01,مخلل خيار صغير,المخلل (Pickle),Pickle,المخلل (Pickle),sauce_condiment,باركز - حي الصحافة,باركز,حي الصحافة,باركز - حي الصحافة,الشمال,بلدية,بلدية الشمال,True,False,لا يوجد,,0,,,False,none,,4,True
Data 2025.xlsx,6985,2025-02-08,2025-02,2025-W06,1,5,raw-0402-r01,Raw-0402-R01,قطعة ظهروفخذ عجل كشميري,لحوم نيئة مبردة ومجمدة (Raw meat Cold or chilled ),Raw meat Cold or chilled,لحوم نيئة مبردة ومجمدة (Raw meat Cold or chilled ),raw_meat,شركة عهود القصور اللحوم,شركة عهود القصور اللحوم,,شركة عهود القصور اللحوم,النسيم,بلدية,بلدية النسيم,False,True,السالمونيلا,السالمونيلا,1,السالمونيلا,,True,pathogen,,1,False
Data 2025.xlsx,6986,2025-02-08,2025-02,2025-W06,1,5,raw-0403-r01,Raw-0403-R01,غنم كشميري موزة,لحوم نيئة مبردة ومجمدة (Raw meat Cold or chilled ),Raw meat Cold or chilled,لحوم نيئة مبردة ومجمدة (Raw meat Cold or chilled ),raw_meat,شركة عهود القصور اللحوم,شركة عهود القصور اللحوم,,شركة عهود القصور اللحوم,النسيم,بلدية,بلدية النسيم,True,False,لا يوجد,,0,,,False,none,,1,False
Data 2025.xlsx,6987,2025-02-08,2025-02,2025-W06,1,5,raw-0404-r01,Raw-0404-R01,فخذ عجل كشميري,لحوم نيئة مبردة ومجمدة (Raw meat Cold or chilled ),Raw meat Cold or chilled,لحوم نيئة مبردة ومجمدة (Raw meat Cold or chilled ),raw_meat,شركة عهود القصور اللحوم,شركة عهود القصور اللحوم,,شركة عهود القصور اللحوم,النسيم,بلدية,بلدية النسيم,True,False,لا يوجد,,0,,,False,none,,1,False
Data 2025.xlsx,6988,2025-02-08,2025-02,2025-W06,1,5,raw-0405-r01,Raw-0405-R01,كتف غنم استرالي,لحوم نيئة مبردة ومجمدة (Raw meat Cold or chilled ),Raw meat Cold or chilled,لحوم نيئة مبردة ومجمدة (Raw meat Cold or chilled ),raw_meat,شركة عهود القصور اللحوم,شركة عهود القصور اللحوم,,شركة عهود القصور اللحوم,النسيم,بلدية,بلدية النسيم,True,False,لا يوجد,,0,,,False,none,,1,False
Data 2025.xlsx,6989,2025-02-08,2025-02,2025-W06,1,5,raw-0406-r01,Raw-0406-R01,فخذ خروف كيني,لحوم نيئة مبردة ومجمدة (Raw meat Cold or chilled ),Raw meat Cold or chilled,لحوم نيئة مبردة ومجمدة (Raw meat Cold or chilled ),raw_meat,شركة عهود القصور اللحوم,شركة عهود القصور اللحوم,,شركة عهود القصور اللحوم,النسيم,بلدية,بلدية النسيم,True,False,لا يوجد,,0,,,False,none,,1,False
Data 2025.xlsx,6990,2025-02-08,2025-02,2025-W06,1,5,raw-0407-r01,Raw-0407-R01,كبدة غنم كشميري,لحوم نيئة مبردة ومجمدة (Raw meat Cold or chilled ),Raw meat Cold or chilled,لحوم نيئة مبردة ومجمدة (Raw meat Cold or chilled ),raw_meat,شركة عهود القصور اللحوم,شركة عهود القصور اللحوم,,شركة عهود القصور اللحوم,النسيم,بلدية,بلدية النسيم,True,False,لا يوجد,,0,,,False,none,,1,False
Data 2025.xlsx,6991,2025-02-08,2025-02,2025-W06,1,5,raw-0408-r01,Raw-0408-R01,فخذ خروف كيني,لحوم نيئة مبردة ومجمدة (Raw meat Cold or chilled ),Raw meat Cold or chilled,لحوم نيئة مبردة ومجمدة (Raw meat Cold or chilled ),raw_meat,محل خالد ابراهيم الجماز للحوم المبردة,محل خالد ابراهيم الجماز للحوم المبردة,,محل خالد ابراهيم الجماز للحوم المبردة,النسيم,بلدية,بلدية النسيم,True,False,لا يوجد,,0,,,False,none,,0,False
Data 2025.xlsx,6992,2025-02-08,2025-02,2025-W06,1,5,raw-0409-r01,Raw-0409-R01,فخذ تيس كيني,لحوم نيئة مبردة ومجمدة (Raw meat Cold or chilled ),Raw meat Cold or chilled,لحوم نيئة مبردة ومجمدة (Raw meat Cold or chilled ),raw_meat,محل خالد ابراهيم الجماز للحوم المبردة,محل خالد ابراهيم الجماز للحوم المبردة,,محل خالد ابراهيم الجماز للحوم المبردة,النسيم,بلدية,بلدية النسيم,True,False,لا يوجد,,0,,,False,none,,0,False
Data 2025.xlsx,6993,2025-02-08,2025-02,2025-W06,1,5,raw-0410-r01,Raw-0410-R01,فخذ عجل هندي,لحوم نيئة مبردة ومجمدة (Raw meat Cold or chilled ),Raw meat Cold or chilled,لحوم نيئة مبردة ومجمدة (Raw meat Cold or chilled ),raw_meat,محل خالد ابراهيم الجماز للحوم المبردة,محل خالد ابراهيم الجماز للحوم المبردة,,محل خالد ابراهيم الجماز للحوم المبردة,النسيم,بلدية,بلدية النسيم,True,False,لا يوجد,,0,,,False,none,,0,False
Data 2025.xlsx,6994,2025-02-08,2025-02,2025-W06,1,5,raw-0411-r01,Raw-0411-R01,عجل باكستاني كتف,لحوم نيئة مبردة ومجمدة (Raw meat Cold or chilled ),Raw meat Cold or chilled,لحوم نيئة مبردة ومجمدة (Raw meat Cold or chilled ),raw_meat,محل خالد ابراهيم الجماز للحوم المبردة,محل خالد ابراهيم الجماز للحوم المبردة,,محل خالد ابراهيم الجماز للحوم المبردة,النسيم,بلدية,بلدية النسيم,True,False,لا يوجد,,0,,,False,none,,0,False
Data 2025.xlsx,1087,2025-02-08,2025-02,2025-W06,1,5,sal-1040-r01,Sal-1040-R01,سلطة حارة م.ك,السلطة(Salad),Salad,السلطة(Salad),produce,مركز مزاد الأسماك للمؤكولات البحرية,مركز مزاد الأسماك للمؤكولات البحرية,,مركز مزاد الأسماك للمؤكولات البحرية,العليا,بلدية,بلدية العليا,True,False,لا يوجد,,0,,,False,none,,11,True
Data 2025.xlsx,1089,2025-02-08,2025-02,2025-W06,1,5,sal-1041-r01,Sal-1041-R01,سلطة خضراء,السلطة(Salad),Salad,السلطة(Salad),produce,مركز مزاد الأسماك للمؤكولات البحرية,مركز مزاد الأسماك للمؤكولات البحرية,,مركز مزاد الأسماك للمؤكولات البحرية,العليا,بلدية,بلدية العليا,False,True,استافيلوكوكس اورياس,استافيلوكوكس اورياس,1,استافيلوكوكس اورياس,,True,pathogen,,13,True
Data 2025.xlsx,1090,2025-02-08,2025-02,2025-W06,1,5,sal-1042-r01,Sal-1042-R01,سلطة حمراء,السلطة(Salad),Salad,السلطة(Salad),produce,مركز مزاد الأسماك للمؤكولات البحرية,مركز مزاد الأسماك للمؤكولات البحرية,,مركز مزاد الأسماك للمؤكولات البحرية,العليا,بلدية,بلدية العليا,True,False,لا يوجد,,0,,,False,none,,13,True
Data 2025.xlsx,1099,2025-02-08,2025-02,2025-W06,1,5,sal-1043-r01,Sal-1043-R01,سلطة زبادي بالخيار,صوص (sauce),sauce,صوص (sauce),sauce_condiment,مطعم البحر الهادي للاسماك,مطعم البحر الهادي للاسماك,,مطعم البحر الهادي للاسماك,العليا,بلدية,بلدية العليا,True,False,لا يوجد,,0,,,False,none,,0,False
Data 2025.xlsx,1104,2025-02-08,2025-02,2025-W06,1,5,sal-1044-r01,Sal-1044-R01,سلطة خضراء,صوص (sauce),sauce,صوص (sauce),sauce_condiment,مطعم البحر الهادي للاسماك,مطعم البحر الهادي للاسماك,,مطعم البحر الهادي للاسماك,العليا,بلدية,بلدية العليا,False,True,استافيلوكوكس اورياس,استافيلوكوكس اورياس,1,استافيلوكوكس اورياس,,True,pathogen,,1,False
Data 2025.xlsx,1097,2025-02-08,2025-02,2025-W06,1,5,sau-1158-r01,sau-1158-R01,صوص حار م.ك,المياه الغير معبأة (Unbottled water),Unbottled water,المياه الغير معبأة (Unbottled water),water,مطعم البحر الهادي للاسماك,مطعم البحر الهادي للاسماك,,مطعم البحر الهادي للاسماك,العليا,بلدية,بلدية العليا,True,False,لا يوجد,,0,,,False,none,,0,False
Data 2025.xlsx,1098,2025-02-08,2025-02,2025-W06,1,5,sau-1159-r01,sau-1159-R01,صوص تمر هندي,المياه الغير معبأة (Unbottled water),Unbottled water,المياه الغير معبأة (Unbottled water),water,مطعم البحر الهادي للاسماك,مطعم البحر الهادي للاسماك,,مطعم البحر الهادي للاسماك,العليا,بلدية,بلدية العليا,True,False,لا يوجد,,0,,,False,none,,0,False
Data 2025.xlsx,1100,2025-02-08,2025-02,2025-W06,1,5,sau-1160-r01,sau-1160-R01,صوص اخضر,صوص (sauce),sauce,صوص (sauce),sauce_condiment,مطعم البحر الهادي للاسماك,مطعم البحر الهادي للاسماك,,مطعم البحر الهادي للاسماك,العليا,بلدية,بلدية العليا,True,False,لا يوجد,,0,,,False,none,,0,False
Data 2025.xlsx,1101,2025-02-08,2025-02,2025-W06,1,5,sau-1161-r01,sau-1161-R01,صوص ثوم مع مايونيز,السلطة(Salad),Salad,السلطة(Salad),produce,مطعم البحر الهادي للاسماك,مطعم البحر الهادي للاسماك,,مطعم البحر الهادي للاسماك,العليا,بلدية,بلدية العليا,True,False,لا يوجد,,0,,,False,none,,0,False
Data 2025.xlsx,1102,2025-02-08,2025-02,2025-W06,1,5,sau-1162-r01,sau-1162-R01,صوص تاوزن ايلند,صوص (sauce),sauce,صوص (sauce),sauce_condiment,مطعم البحر الهادي للاسماك,مطعم البحر الهادي للاسماك,,مطعم البحر الهادي للاسماك,العليا,بلدية,بلدية العليا,True,False,لا يوجد,,0,,,False,none,,0,False
Data 2025.xlsx,1103,2025-02-08,2025-02,2025-W06,1,5,sau-1163-r01,sau-1163-R01,صوص كاتشب,صوص (sauce),sauce,صوص (sauce),sauce_condiment,مطعم البحر الهادي للاسماك,مطعم البحر الهادي للاسماك,,مطعم البحر الهادي للاسماك,العليا,بلدية,بلدية العليا,True,False,لا يوجد,,0,,,False,none,,0,False
Data 2025.xlsx,1105,2025-02-08,2025-02,2025-W06,1,5,sau-1164-r01,sau-1164-R01,صوص صيادية,صوص (sauce),sauce,صوص (sauce),sauce_condiment,مطعم البحر الهادي للاسماك,مطعم البحر الهادي للاسماك,,مطعم البحر الهادي للاسماك,العليا,بلدية,بلدية العليا,False,True,العد الكلي للبكتيريا,العد الكلي للبكتيريا,1,,العد الكلي للبكتيريا,False,indicator_only,,2,True
Data 2025.xlsx,6997,2025-02-08,2025-02,2025-W06,1,5,sau-2056-r01,sau-2056-R01,صوص بافلو,صوص (sauce),sauce,صوص (sauce),sauce_condiment,باركز - حي الصحافة,باركز,حي الصحافة,باركز - حي الصحافة,الشمال,بلدية,بلدية الشمال,True,False,لا يوجد,,0,,,False,none,,0,False
Data 2025.xlsx,6998,2025-02-08,2025-02,2025-W06,1,5,sau-2057-r01,sau-2057-R01,صوص ماستر مايو,صوص (sauce),sauce,صوص (sauce),sauce_condiment,باركز - حي الصحافة,باركز,حي الصحافة,باركز - حي الصحافة,الشمال,بلدية,بلدية الشمال,True,False,لا يوجد,,0,,,False,none,,0,False
Data 2025.xlsx,6999,2025-02-08,2025-02,2025-W06,1,5,sau-2058-r01,sau-2058-R01,صوص تشيز هلابينو,صوص (sauce),sauce,صوص (sauce),sauce_condiment,باركز - حي الصحافة,باركز,حي الصحافة,باركز - حي الصحافة,الشمال,بلدية,بلدية الشمال,False,True,انتيروباكتريسي,انتيروباكتريسي,1,,انتيروباكتريسي,False,indicator_only,,1,False
Data 2025.xlsx,7000,2025-02-08,2025-02,2025-W06,1,5,sau-2059-r01,sau-2059-R01,صوص بتر ميلك,صوص (sauce),sauce,صوص (sauce),sauce_condiment,باركز - حي الصحافة,باركز,حي الصحافة,باركز - حي الصحافة,الشمال,بلدية,بلدية الشمال,True,False,لا يوجد,,0,,,False,none,,1,False
Data 2025.xlsx,7001,2025-02-08,2025-02,2025-W06,1,5,sau-2060-r01,sau-2060-R01,صوص ليم هوت,صوص (sauce),sauce,صوص (sauce),sauce_condiment,باركز - حي الصحافة,باركز,حي الصحافة,باركز - حي الصحافة,الشمال,بلدية,بلدية الشمال,True,False,لا يوجد,,0,,,False,none,,1,False
Data 2025.xlsx,7002,2025-02-08,2025-02,2025-W06,1,5,sau-2061-r01,sau-2061-R01,صوص كول ترفل,صوص (sauce),sauce,صوص (sauce),sauce_condiment,باركز - حي الصحافة,باركز,حي الصحافة,باركز - حي الصحافة,الشمال,بلدية,بلدية الشمال,True,False,لا يوجد,,0,,,False,none,,1,False
Data 2025.xlsx,7003,2025-02-08,2025-02,2025-W06,1,5,sau-2062-r01,sau-2062-R01,صوص باربكيو,صوص (sauce),sauce,صوص (sauce),sauce_condiment,باركز - حي الصحافة,باركز,حي الصحافة,باركز - حي الصحافة,الشمال,بلدية,بلدية الشمال,False,True,العد الكلي للبكتيريا,العد الكلي للبكتيريا,1,,العد الكلي للبكتيريا,False,indicator_only,,2,True
Data 2025.xlsx,7004,2025-02-08,2025-02,2025-W06,1,5,sau-2063-r01,sau-2063-R01,صوص ترياكي مايو,صوص (sauce),sauce,صوص (sauce),sauce_condiment,باركز - حي الصحافة,باركز,حي الصحافة,باركز - حي الصحافة,الشمال,بلدية,بلدية الشمال,False,True,العد الكلي للبكتيريا,العد الكلي للبكتيريا,1,,العد الكلي للبكتيريا,False,indicator_only,,3,True
Data 2025.xlsx,7005,2025-02-08,2025-02,2025-W06,1,5,sau-2064-r01,sau-2064-R01,صوص بازوكا,صوص (sauce),sauce,صوص (sauce),sauce_condiment,باركز - حي الصحافة,باركز,حي الصحافة,باركز - حي الصحافة,الشمال,بلدية,بلدية الشمال,True,False,لا يوجد,,0,,,False,none,,3,True
Data 2025.xlsx,7006,2025-02-08,2025-02,2025-W06,1,5,sau-2065-r01,sau-2065-R01,صوص بق ماك,صوص (sauce),sauce,صوص (sauce),sauce_condiment,باركز - حي الصحافة,باركز,حي الصحافة,باركز - حي الصحافة,الشمال,بلدية,بلدية الشمال,True,False,لا يوجد,,0,,,False,none,,3,True
Data 2025.xlsx,7007,2025-02-08,2025-02,2025-W06,1,5,sau-2066-r01,sau-2066-R01,صوص شوكولاتة القهوة,صوص (sauce),sauce,صوص (sauce),sauce_condiment,باركز - حي الصحافة,باركز,حي الصحافة,باركز - حي الصحافة,الشمال,بلدية,بلدية الشمال,True,False,لا يوجد,,0,,,False,none,,3,True
Data 2025.xlsx,7008,2025-02-08,2025-02,2025-W06,1,5,sau-2067-r01,sau-2067-R01,صوص كاتشب,صوص (sauce),sauce,صوص (sauce),sauce_condiment,باركز - حي الصحافة,باركز,حي الصحافة,باركز - حي الصحافة,الشمال,بلدية,بلدية الشمال,True,False,لا يوجد,,0,,,False,none,,3,True
Data 2025.xlsx,7009,2025-02-08,2025-02,2025-W06,1,5,sau-2068-r01,sau-2068-R01,صوص مانجا نعناع,صوص (sauce),sauce,صوص (sauce),sauce_condiment,باركز - حي الصحافة,باركز,حي الصحافة,باركز - حي الصحافة,الشمال,بلدية,بلدية الشمال,True,False,لا يوجد,,0,,,False,none,,3,True
Data 2025.xlsx,7010,2025-02-08,2025-02,2025-W06,1,5,sau-2069-r01,sau-2069-R01,صوص اوريش ريدس,صوص (sauce),sauce,صوص (sauce),sauce_condiment,باركز - حي الصحافة,باركز,حي الصحافة,باركز - حي الصحافة,الشمال,بلدية,بلدية الشمال,True,False,لا يوجد,,0,,,False,none,,3,True
Data 2025.xlsx,7011,2025-02-08,2025-02,2025-W06,1,5,sau-2070-r01,sau-2070-R01,صوص كاتشو,صوص (sauce),sauce,صوص (sauce),sauce_condiment,باركز - حي الصحافة,باركز,حي الصحافة,باركز - حي الصحافة,الشمال,بلدية,بلدية الشمال,True,False,لا يوجد,,0,,,False,none,,3,True
Data 2025.xlsx,7015,2025-02-08,2025-02,2025-W06,1,5,sau-2071-r01,sau-2071-R01,صوص شوكولاتة,صوص (sauce),sauce,صوص (sauce),sauce_condiment,باركز - حي الصحافة,باركز,حي الصحافة,باركز - حي الصحافة,الشمال,بلدية,بلدية الشمال,True,False,لا يوجد,,0,,,False,none,,4,True
Data 2025.xlsx,7016,2025-02-08,2025-02,2025-W06,1,5,sau-2072-r01,sau-2072-R01,صوص كراميل,صوص (sauce),sauce,صوص (sauce),sauce_condiment,باركز - حي الصحافة,باركز,حي الصحافة,باركز - حي الصحافة,الشمال,بلدية,بلدية الشمال,True,False,لا يوجد,,0,,,False,none,,4,True
Data 2025.xlsx,7017,2025-02-08,2025-02,2025-W06,1,5,sau-2073-r01,sau-2073-R01,صوص دولشي,صوص (sauce),sauce,صوص (sauce),sauce_condiment,باركز - حي الصحافة,باركز,حي الصحافة,باركز - حي الصحافة,الشمال,بلدية,بلدية الشمال,True,False,لا يوجد,,0,,,False,none,,4,True
Data 2025.xlsx,7023,2025-02-08,2025-02,2025-W06,1,5,sau-2074-r01,sau-2074-R01,صوص باشن فروت,صوص (sauce),sauce,صوص (sauce),sauce_condiment,باركز - حي الصحافة,باركز,حي الصحافة,باركز - حي الصحافة,الشمال,بلدية,بلدية الشمال,True,False,لا يوجد,,0,,,False,none,,5,True
Data 2025.xlsx,7024,2025-02-08,2025-02,2025-W06,1,5,sau-2075-r01,sau-2075-R01,صوص فراولة,صوص (sauce),sauce,صوص (sauce),sauce_condiment,باركز - حي الصحافة,باركز,حي الصحافة,باركز - حي الصحافة,الشمال,بلدية,بلدية الشمال,True,False,لا يوجد,,0,,,False,none,,5,True
Data 2025.xlsx,7025,2025-02-08,2025-02,2025-W06,1,5,sau-2076-r01,sau-2076-R01,صوص وايت شوكولاتة,صوص (sauce),sauce,صوص (sauce),sauce_condiment,سايد دال - حي الصحافة,سايد دال,حي الصحافة,سايد دال - حي الصحافة,الشمال,بلدية,بلدية الشمال,True,False,لا يوجد,,0,,,False,none,,0,False
Data 2025.xlsx,7026,2025-02-08,2025-02,2025-W06,1,5,sau-2077-r01,sau-2077-R01,صوص شوكولاتة بالحليب,صوص (sauce),sauce,صوص (sauce),sauce_condiment,سايد دال - حي الصحافة,سايد دال,حي الصحافة,سايد دال - حي الصحافة,الشمال,بلدية,بلدية الشمال,True,False,لا يوجد,,0,,,False,none,,0,False
Data 2025.xlsx,7027,2025-02-08,2025-02,2025-W06,1,5,sau-2078-r01,sau-2078-R01,صوص شوكولاتة دارك,صوص (sauce),sauce,صوص (sauce),sauce_condiment,سايد دال - حي الصحافة,سايد دال,حي الصحافة,سايد دال - حي الصحافة,الشمال,بلدية,بلدية الشمال,True,False,لا يوجد,,0,,,False,none,,0,False
Data 2025.xlsx,7032,2025-02-08,2025-02,2025-W06,1,5,sau-2079-r01,sau-2079-R01,صوص بستاشو,صوص (sauce),sauce,صوص (sauce),sauce_condiment,سايد دال - حي الصحافة,سايد دال,حي الصحافة,سايد دال - حي الصحافة,الشمال,بلدية,بلدية الشمال,True,False,لا يوجد,,0,,,False,none,,0,False
Data 2025.xlsx,7033,2025-02-08,2025-02,2025-W06,1,5,sau-2080-r01,sau-2080-R01,صوص كراميل,صوص (sauce),sauce,صوص (sauce),sauce_condiment,سايد دال - حي الصحافة,سايد دال,حي الصحافة,سايد دال - حي الصحافة,الشمال,بلدية,بلدية الشمال,True,False,لا يوجد,,0,,,False,none,,0,False
Data 2025.xlsx,7038,2025-02-08,2025-02,2025-W06,1,5,sau-2081-r01,sau-2081-R01,صوص فانيلا,صوص (sauce),sauce,صوص (sauce),sauce_condiment,سايد دال - حي الصحافة,سايد دال,حي الصحافة,سايد دال - حي الصحافة,الشمال,بلدية,بلدية الشمال,False,True,العد الكلي للبكتيريا,العد الكلي للبكتيريا,1,,العد الكلي للبكتيريا,False,indicator_only,,1,False
Data 2025.xlsx,1068,2025-02-08,2025-02,2025-W06,1,5,sw-2382-r01,sw-2382-R01,مسحة طاولة تقطيع اسماك,(Swabs) المسحات,Swabs,(Swabs) المسحات,swab,مركز مزاد الأسماك للمؤكولات البحرية,مركز مزاد الأسماك للمؤكولات البحرية,,مركز مزاد الأسماك للمؤكولات البحرية,العليا,بلدية,بلدية العليا,False,True,العد الكلي للبكتيريا | استافيلوكوكس اورياس,العد الكلي للبكتيريا | استافيلوكوكس اورياس,2,استافيلوكوكس اورياس,العد الكلي للبكتيريا,True,pathogen,,1,False
Data 2025.xlsx,1069,2025-02-08,2025-02,2025-W06,1,5,sw-2383-r01,sw-2383-R01,مسحة طاولة تقطيع اسماك,(Swabs) المسحات,Swabs,(Swabs) المسحات,swab,مركز مزاد الأسماك للمؤكولات البحرية,مركز مزاد الأسماك للمؤكولات البحرية,,مركز مزاد الأسماك للمؤكولات البحرية,العليا,بلدية,بلدية العليا,False,True,العد الكلي للبكتيريا | استافيلوكوكس اورياس,العد الكلي للبكتيريا | استافيلوكوكس اورياس,2,استافيلوكوكس اورياس,العد الكلي للبكتيريا,True,pathogen,,2,True
Data 2025.xlsx,1070,2025-02-08,2025-02,2025-W06,1,5,sw-2384-r01,sw-2384-R01,مسحة طاولة تقطيع اسماك,(Swabs) المسحات,Swabs,(Swabs) المسحات,swab,مركز مزاد الأسماك للمؤكولات البحرية,مركز مزاد الأسماك للمؤكولات البحرية,,مركز مزاد الأسماك للمؤكولات البحرية,العليا,بلدية,بلدية العليا,False,True,العد الكلي للبكتيريا | استافيلوكوكس اورياس,العد الكلي للبكتيريا | استافيلوكوكس اورياس,2,استافيلوكوكس اورياس,العد الكلي للبكتيريا,True,pathogen,,3,True
Data 2025.xlsx,1071,2025-02-08,2025-02,2025-W06,1,5,sw-2385-r01,sw-2385-R01,مسحة طاولة تقطيع اسماك,(Swabs) المسحات,Swabs,(Swabs) المسحات,swab,مركز مزاد الأسماك للمؤكولات البحرية,مركز مزاد الأسماك للمؤكولات البحرية,,مركز مزاد الأسماك للمؤكولات البحرية,العليا,بلدية,بلدية العليا,False,True,العد الكلي للبكتيريا | استافيلوكوكس اورياس,العد الكلي للبكتيريا | استافيلوكوكس اورياس,2,استافيلوكوكس اورياس,العد الكلي للبكتيريا,True,pathogen,,4,True
Data 2025.xlsx,1072,2025-02-08,2025-02,2025-W06,1,5,sw-2386-r01,sw-2386-R01,مسحة طاولة تقطيع اسماك,(Swabs) المسحات,Swabs,(Swabs) المسحات,swab,مركز مزاد الأسماك للمؤكولات البحرية,مركز مزاد الأسماك للمؤكولات البحرية,,مركز مزاد الأسماك للمؤكولات البحرية,العليا,بلدية,بلدية العليا,False,True,العد الكلي للبكتيريا | استافيلوكوكس اورياس,العد الكلي للبكتيريا | استافيلوكوكس اورياس,2,استافيلوكوكس اورياس,العد الكلي للبكتيريا,True,pathogen,,5,True
Data 2025.xlsx,1073,2025-02-08,2025-02,2025-W06,1,5,sw-2387-r01,sw-2387-R01,مسحة طاولة تقطيع اسماك,(Swabs) المسحات,Swabs,(Swabs) المسحات,swab,مركز مزاد الأسماك للمؤكولات البحرية,مركز مزاد الأسماك للمؤكولات البحرية,,مركز مزاد الأسماك للمؤكولات البحرية,العليا,بلدية,بلدية العليا,False,True,العد الكلي للبكتيريا | استافيلوكوكس اورياس,العد الكلي للبكتيريا | استافيلوكوكس اورياس,2,استافيلوكوكس اورياس,العد الكلي للبكتيريا,True,pathogen,,6,True
Data 2025.xlsx,1074,2025-02-08,2025-02,2025-W06,1,5,sw-2388-r01,sw-2388-R01,مسحة طاولة تقطيع اسماك,(Swabs) المسحات,Swabs,(Swabs) المسحات,swab,مركز مزاد الأسماك للمؤكولات البحرية,مركز مزاد الأسماك للمؤكولات البحرية,,مركز مزاد الأسماك للمؤكولات البحرية,العليا,بلدية,بلدية العليا,False,True,العد الكلي للبكتيريا | استافيلوكوكس اورياس,العد الكلي للبكتيريا | استافيلوكوكس اورياس,2,استافيلوكوكس اورياس,العد الكلي للبكتيريا,True,pathogen,,7,True
Data 2025.xlsx,1075,2025-02-08,2025-02,2025-W06,1,5,sw-2389-r01,sw-2389-R01,مسحة ادوات تقطيع اسماك,(Swabs) المسحات,Swabs,(Swabs) المسحات,swab,مركز مزاد الأسماك للمؤكولات البحرية,مركز مزاد الأسماك للمؤكولات البحرية,,مركز مزاد الأسماك للمؤكولات البحرية,العليا,بلدية,بلدية العليا,False,True,العد الكلي للبكتيريا | استافيلوكوكس اورياس,العد الكلي للبكتيريا | استافيلوكوكس اورياس,2,استافيلوكوكس اورياس,العد الكلي للبكتيريا,True,pathogen,,8,True
Data 2025.xlsx,1076,2025-02-08,2025-02,2025-W06,1,5,sw-2390-r01,sw-2390-R01,مسحة الة تقطيع اسماك,(Swabs) المسحات,Swabs,(Swabs) المسحات,swab,مركز مزاد الأسماك للمؤكولات البحرية,مركز مزاد الأسماك للمؤكولات البحرية,,مركز مزاد الأسماك للمؤكولات البحرية,العليا,بلدية,بلدية العليا,False,True,العد الكلي للبكتيريا | استافيلوكوكس اورياس,العد الكلي للبكتيريا | استافيلوكوكس اورياس,2,استافيلوكوكس اورياس,العد الكلي للبكتيريا,True,pathogen,,9,True
Data 2025.xlsx,1077,2025-02-08,2025-02,2025-W06,1,5,sw-2391-r01,sw-2391-R01,مسحة طاولة تقطيع اسماك,(Swabs) المسحات,Swabs,(Swabs) المسحات,swab,مركز مزاد الأسماك للمؤكولات البحرية,مركز مزاد الأسماك للمؤكولات البحرية,,مركز مزاد الأسماك للمؤكولات البحرية,العليا,بلدية,بلدية العليا,False,True,العد الكلي للبكتيريا | استافيلوكوكس اورياس,العد الكلي للبكتيريا | استافيلوكوكس اورياس,2,استافيلوكوكس اورياس,العد الكلي للبكتيريا,True,pathogen,,10,True
Data 2025.xlsx,1078,2025-02-08,2025-02,2025-W06,1,5,sw-2392-r01,sw-2392-R01,مسحة طاولة تقطيع اسماك,(Swabs) المسحات,Swabs,(Swabs) المسحات,swab,مركز مزاد الأسماك للمؤكولات البحرية,مركز مزاد الأسماك للمؤكولات البحرية,,مركز مزاد الأسماك للمؤكولات البحرية,العليا,بلدية,بلدية العليا,False,True,العد الكلي للبكتيريا | استافيلوكوكس اورياس,العد الكلي للبكتيريا | استافيلوكوكس اورياس,2,استافيلوكوكس اورياس,العد الكلي للبكتيريا,True,pathogen,,11,True
Data 2025.xlsx,1092,2025-02-08,2025-02,2025-W06,1,5,sw-2393-r01,sw-2393-R01,مسحة طاولة تقطيع خضار,(Swabs) المسحات,Swabs,(Swabs) المسحات,swab,مركز مزاد الأسماك للمؤكولات البحرية,مركز مزاد الأسماك للمؤكولات البحرية,,مركز مزاد الأسماك للمؤكولات البحرية,العليا,بلدية,بلدية العليا,True,False,لا يوجد,,0,,,False,none,,13,True
Data 2025.xlsx,1106,2025-02-08,2025-02,2025-W06,1,5,sw-2394-r01,sw-2394-R01,مسحة طاولة تقطيع خضار,السلطة(Salad),Salad,السلطة(Salad),produce,مطعم البحر الهادي للاسماك,مطعم البحر الهادي للاسماك,,مطعم البحر الهادي للاسماك,العليا,بلدية,بلدية العليا,True,False,لا يوجد,,0,,,False,none,,2,True
Data 2025.xlsx,1107,2025-02-08,2025-02,2025-W06,1,5,sw-2395-r01,sw-2395-R01,مسحة قطاعة طماطم وبصل,صوص (sauce),sauce,صوص (sauce),sauce_condiment,مطعم البحر الهادي للاسماك,مطعم البحر الهادي للاسماك,,مطعم البحر الهادي للاسماك,العليا,بلدية,بلدية العليا,True,False,لا يوجد,,0,,,False,none,,2,True
Data 2025.xlsx,1108,2025-02-08,2025-02,2025-W06,1,5,sw-2396-r01,sw-2396-R01,مسحة صانعة ثلج,(Swabs) المسحات,Swabs,(Swabs) المسحات,swab,مطعم البحر الهادي للاسماك,مطعم البحر الهادي للاسماك,,مطعم البحر الهادي للاسماك,العليا,بلدية,بلدية العليا,True,False,لا يوجد,,0,,,False,none,,2,True
Data 2025.xlsx,1109,2025-02-08,2025-02,2025-W06,1,5,sw-2397-r01,sw-2397-R01,مسحة طاولة تقطيع سمك,(Swabs) المسحات,Swabs,(Swabs) المسحات,swab,مطعم البحر الهادي للاسماك,مطعم البحر الهادي للاسماك,,مطعم البحر الهادي للاسماك,العليا,بلدية,بلدية العليا,False,True,العد الكلي للبكتيريا,العد الكلي للبكتيريا,1,,العد الكلي للبكتيريا,False,indicator_only,,3,True
Data 2025.xlsx,7018,2025-02-08,2025-02,2025-W06,1,5,sw-3392-r01,sw-3392-R01,مسحة طاولة تقطيع خضار,(Swabs) المسحات,Swabs,(Swabs) المسحات,swab,باركز - حي الصحافة,باركز,حي الصحافة,باركز - حي الصحافة,الشمال,بلدية,بلدية الشمال,True,False,لا يوجد,,0,,,False,none,,4,True
Data 2025.xlsx,7019,2025-02-08,2025-02,2025-W06,1,5,sw-3393-r01,sw-3393-R01,مسحة صانعة ثلج,(Swabs) المسحات,Swabs,(Swabs) المسحات,swab,باركز - حي الصحافة,باركز,حي الصحافة,باركز - حي الصحافة,الشمال,بلدية,بلدية الشمال,True,False,لا يوجد,,0,,,False,none,,4,True
Data 2025.xlsx,7040,2025-02-08,2025-02,2025-W06,1,5,sw-3394-r01,sw-3394-R01,مسحة طاولة تقطيع خضار,(Swabs) المسحات,Swabs,(Swabs) المسحات,swab,سايد دال - حي الصحافة,سايد دال,حي الصحافة,سايد دال - حي الصحافة,الشمال,بلدية,بلدية الشمال,True,False,لا يوجد,,0,,,False,none,,1,False
Data 2025.xlsx,7041,2025-02-08,2025-02,2025-W06,1,5,sw-3395-r01,sw-3395-R01,مسحة طاولة تقطيع لحم,(Swabs) المسحات,Swabs,(Swabs) المسحات,swab,سايد دال - حي الصحافة,سايد دال,حي الصحافة,سايد دال - حي الصحافة,الشمال,بلدية,بلدية الشمال,True,False,لا يوجد,,0,,,False,none,,1,False
Data 2025.xlsx,7042,2025-02-08,2025-02,2025-W06,1,5,sw-3396-r01,sw-3396-R01,مسحة حافظة الحلا,(Swabs) المسحات,Swabs,(Swabs) المسحات,swab,سايد دال - حي الصحافة,سايد دال,حي الصحافة,سايد دال - حي الصحافة,الشمال,بلدية,بلدية الشمال,True,False,لا يوجد,,0,,,False,none,,1,False
Data 2025.xlsx,7043,2025-02-08,2025-02,2025-W06,1,5,sw-3397-r01,sw-3397-R01,مسحة حافظة الحلا,(Swabs) المسحات,Swabs,(Swabs) المسحات,swab,سايد دال - حي الصحافة,سايد دال,حي الصحافة,سايد دال - حي الصحافة,الشمال,بلدية,بلدية الشمال,True,False,لا يوجد,,0,,,False,none,,1,False
Data 2025.xlsx,7028,2025-02-08,2025-02,2025-W06,1,5,sweet-1308-r01,sweet-1308-R01,تراميسو,الحلا(sweetness),sweetness,الحلا(sweetness),sweets_bakery,سايد دال - حي الصحافة,سايد دال,حي الصحافة,سايد دال - حي الصحافة,الشمال,بلدية,بلدية الشمال,True,False,لا يوجد,,0,,,False,none,,0,False
Data 2025.xlsx,7029,2025-02-08,2025-02,2025-W06,1,5,sweet-1309-r01,sweet-1309-R01,كيك جزر,الحلا(sweetness),sweetness,الحلا(sweetness),sweets_bakery,سايد دال - حي الصحافة,سايد دال,حي الصحافة,سايد دال - حي الصحافة,الشمال,بلدية,بلدية الشمال,True,False,لا يوجد,,0,,,False,none,,0,False
Data 2025.xlsx,7030,2025-02-08,2025-02,2025-W06,1,5,sweet-1310-r01,sweet-1310-R01,كيك سباستيان,الحلا(sweetness),sweetness,الحلا(sweetness),sweets_bakery,سايد دال - حي الصحافة,سايد دال,حي الصحافة,سايد دال - حي الصحافة,الشمال,بلدية,بلدية الشمال,True,False,لا يوجد,,0,,,False,none,,0,False
Data 2025.xlsx,7031,2025-02-08,2025-02,2025-W06,1,5,sweet-1311-r01,sweet-1311-R01,تشيز كيك توت,الحلا(sweetness),sweetness,الحلا(sweetness),sweets_bakery,سايد دال - حي الصحافة,سايد دال,حي الصحافة,سايد دال - حي الصحافة,الشمال,بلدية,بلدية الشمال,True,False,لا يوجد,,0,,,False,none,,0,False
Data 2025.xlsx,1110,2025-02-08,2025-02,2025-W06,1,5,ubot-0883-r01,Ubot-0883-R01,مياه حنفية لغسيل الاسماك م.ك,(Swabs) المسحات,Swabs,(Swabs) المسحات,swab,مركز مزاد الأسماك للمؤكولات البحرية,مركز مزاد الأسماك للمؤكولات البحرية,,مركز مزاد الأسماك للمؤكولات البحرية,العليا,بلدية,بلدية العليا,True,False,لا يوجد,,0,,,False,none,,13,True
Data 2025.xlsx,1111,2025-02-08,2025-02,2025-W06,1,5,ubot-0884-r01,"
Ubot-0884-R01",مياه فلتر لغسيل الادوات م.ك,(Swabs) المسحات,Swabs,(Swabs) المسحات,swab,مركز مزاد الأسماك للمؤكولات البحرية,مركز مزاد الأسماك للمؤكولات البحرية,,مركز مزاد الأسماك للمؤكولات البحرية,العليا,بلدية,بلدية العليا,True,False,لا يوجد,,0,,,False,none,,13,True
Data 2025.xlsx,1112,2025-02-08,2025-02,2025-W06,1,5,ubot-0885-r01,Ubot-0885-R01,مياه حنفية لغسيل الادوات م.ك,المياه الغير معبأة (Unbottled water),Unbottled water,المياه الغير معبأة (Unbottled water),water,مطعم البحر الهادي للاسماك,مطعم البحر الهادي للاسماك,,مطعم البحر الهادي للاسماك,العليا,بلدية,بلدية العليا,False,True,كوليفورم,كوليفورم,1,,كوليفورم,False,indicator_only,,4,True
Data 2025.xlsx,1113,2025-02-08,2025-02,2025-W06,1,5,ubot-0886-r01,Ubot-0886-R01,مياه فلتر للطبخ م.ك,المياه الغير معبأة (Unbottled water),Unbottled water,المياه الغير معبأة (Unbottled water),water,مطعم البحر الهادي للاسماك,مطعم البحر الهادي للاسماك,,مطعم البحر الهادي للاسماك,العليا,بلدية,بلدية العليا,True,False,لا يوجد,,0,,,False,none,,4,True
Data 2025.xlsx,7044,2025-02-08,2025-02,2025-W06,1,5,ubot-1057-r01,Ubot-1057-R01,مياه غسيل ادوات,المياه الغير معبأة (Unbottled water),Unbottled water,المياه الغير معبأة (Unbottled water),water,مكسرات الذواقة,مكسرات الذواقة,,مكسرات الذواقة,النسيم,بلدية,بلدية النسيم,True,False,لا يوجد,,0,,,False,none,,0,False
Data 2025.xlsx,7045,2025-02-08,2025-02,2025-W06,1,5,ubot-1058-r01,Ubot-1058-R01,مياه حنفية لغسيل الادوات,المياه الغير معبأة (Unbottled water),Unbottled water,المياه الغير معبأة (Unbottled water),water,محل خالد ابراهيم الجماز للحوم المبردة,محل خالد ابراهيم الجماز للحوم المبردة,,محل خالد ابراهيم الجماز للحوم المبردة,النسيم,بلدية,بلدية النسيم,True,False,لا يوجد,,0,,,False,none,,0,False
Data 2025.xlsx,1122,2025-02-09,2025-02,2025-W06,1,6,1-2733-R01,1-2733-R01,مكس بيرز,نكهات مركزة ( Syrup ),Syrup,نكهات مركزة ( Syrup ),sauce_condiment,غلا الخليج لتقديم المشروبات,غلا الخليج لتقديم المشروبات,,غلا الخليج لتقديم المشروبات,الشمال,بلدية,بلدية الشمال,True,False,لا يوجد,,0,,,False,none,,2,True
Data 2025.xlsx,1138,2025-02-09,2025-02,2025-W06,1,6,1-2734-R01,1-2734-R01,نكهة فانيلا,نكهات مركزة ( Syrup ),Syrup,نكهات مركزة ( Syrup ),sauce_condiment,شركة أغذية البحرين للمواد الغذائية,شركة أغذية البحرين للمواد الغذائية,,شركة أغذية البحرين للمواد الغذائية,الشمال,بلدية,بلدية الشمال,True,False,لا يوجد,,0,,,False,none,,3,True
Data 2025.xlsx,1157,2025-02-09,2025-02,2025-W06,1,6,1-2735-R01,1-2735-R01,فول سواني صوص,(Peanut Butter) زبدة فول سوداني,Peanut Butter,(Peanut Butter) زبدة فول سوداني,produce,فايف جايز,فايف جايز,,فايف جايز,الشمال,بلدية,بلدية الشمال,False,True,العد الكلي للبكتيريا | انتيروباكتريسي,العد الكلي للبكتيريا | انتيروباكتريسي,2,,العد الكلي للبكتيريا | انتيروباكتريسي,False,indicator_only,,4,True
Data 2025.xlsx,8244,2025-02-09,2025-02,2025-W06,1,6,1-3437-R01,1-3437-R01,هلابينو,(jalapeno) هلابينو,jalapeno,(jalapeno) هلابينو,produce,شركة مطاعم بيت الشطيرة برغرايزر,شركة مطاعم بيت الشطيرة برغرايزر,,شركة مطاعم بيت الشطيرة برغرايزر,الشمال,بلدية,بلدية الشمال,True,False,لا يوجد,,0,,,False,none,,1,False
Data 2025.xlsx,8253,2025-02-09,2025-02,2025-W06,1,6,1-3438-R01,1-3438-R01,نكهة بطيخ,نكهات مركزة ( Syrup ),Syrup,نكهات مركزة ( Syrup ),sauce_condiment,شركة مطاعم بيت الشطيرة برغرايزر,شركة مطاعم بيت الشطيرة برغرايزر,,شركة مطاعم بيت الشطيرة برغرايزر,الشمال,بلدية,بلدية الشمال,True,False,لا يوجد,,0,,,False,none,,4,True
Data 2025.xlsx,8254,2025-02-09,2025-02,2025-W06,1,6,1-3439-R01,1-3439-R01,نكهة فراولة,نكهات مركزة ( Syrup ),Syrup,نكهات مركزة ( Syrup ),sauce_condiment,شركة مطاعم بيت الشطيرة برغرايزر,شركة مطاعم بيت الشطيرة برغرايزر,,شركة مطاعم بيت الشطيرة برغرايزر,الشمال,بلدية,بلدية الشمال,True,False,لا يوجد,,0,,,False,none,,4,True
Data 2025.xlsx,1149,2025-02-09,2025-02,2025-W06,1,6,O-U-to-0553-R01,O-U-to-0553-R01,شرائح طماطم,,,,other,فايف جايز,فايف جايز,,فايف جايز,الشمال,بلدية,بلدية الشمال,True,False,لا يوجد,,0,,,False,none,sample_type_unbucketed,1,False
Data 2025.xlsx,8241,2025-02-09,2025-02,2025-W06,1,6,O-U-to-0686-R01,O-U-to-0686-R01,شرائح طماطم,الطماطم (Tomatoes),Tomatoes,الطماطم (Tomatoes),produce,شركة مطاعم بيت الشطيرة برغرايزر,شركة مطاعم بيت الشطيرة برغرايزر,,شركة مطاعم بيت الشطيرة برغرايزر,الشمال,بلدية,بلدية الشمال,True,False,لا يوجد,,0,,,False,none,,1,False
Data 2025.xlsx,1151,2025-02-09,2025-02,2025-W06,1,6,O-r-O3-le-0296-R01,O-r-O3-le-0296-R01,قطع خس,الخس (Lettuce),Lettuce,الخس (Lettuce),produce,فايف جايز,فايف جايز,,فايف جايز,الشمال,بلدية,بلدية الشمال,True,False,لا يوجد,,0,,,False,none,,1,False
Data 2025.xlsx,8240,2025-02-09,2025-02,2025-W06,1,6,O-r-O3-le-0379-R01,O-r-O3-le-0379-R01,خس,الخس (Lettuce),Lettuce,الخس (Lettuce),produce,شركة مطاعم بيت الشطيرة برغرايزر,شركة مطاعم بيت الشطيرة برغرايزر,,شركة مطاعم بيت الشطيرة برغرايزر,الشمال,بلدية,بلدية الشمال,True,False,لا يوجد,,0,,,False,none,,1,False
Data 2025.xlsx,8212,2025-02-09,2025-02,2025-W06,1,6,OO-OSS-po-0441-R01,OO-OSS-po-0441-R01,بطاطس مقلي,البطاطس (potatoes),potatoes,البطاطس (potatoes),produce,شركة الطربوش الدمشقي,شركة الطربوش الدمشقي,,شركة الطربوش الدمشقي,الشمال,بلدية,بلدية الشمال,True,False,لا يوجد,,0,,,False,none,,9,True
Data 2025.xlsx,1152,2025-02-09,2025-02,2025-W06,1,6,OOu-on-0438-R01,OOu-on-0438-R01,قطع بصل,البصل (onions),onions,البصل (onions),produce,فايف جايز,فايف جايز,,فايف جايز,الشمال,بلدية,بلدية الشمال,True,False,لا يوجد,,0,,,False,none,,1,False
Data 2025.xlsx,8242,2025-02-09,2025-02,2025-W06,1,6,OOu-on-0539-R01,OOu-on-0539-R01,قطع بصل,البصل (onions),onions,البصل (onions),produce,شركة مطاعم بيت الشطيرة برغرايزر,شركة مطاعم بيت الشطيرة برغرايزر,,شركة مطاعم بيت الشطيرة برغرايزر,الشمال,بلدية,بلدية الشمال,True,False,لا يوجد,,0,,,False,none,,1,False
Data 2025.xlsx,8206,2025-02-09,2025-02,2025-W06,1,6,appe-0590-r01,Appe-0590-R01,حمص,مقبلات (Appetizers),Appetizers,مقبلات (Appetizers),prepared_meal,شركة الطربوش الدمشقي,شركة الطربوش الدمشقي,,شركة الطربوش الدمشقي,الشمال,بلدية,بلدية الشمال,False,True,العد الكلي للبكتيريا,العد الكلي للبكتيريا,1,,العد الكلي للبكتيريا,False,indicator_only,,4,True
Data 2025.xlsx,8207,2025-02-09,2025-02,2025-W06,1,6,appe-0591-r01,Appe-0591-R01,بابا غنوج,مقبلات (Appetizers),Appetizers,مقبلات (Appetizers),prepared_meal,شركة الطربوش الدمشقي,شركة الطربوش الدمشقي,,شركة الطربوش الدمشقي,الشمال,بلدية,بلدية الشمال,False,True,العد الكلي للبكتيريا,العد الكلي للبكتيريا,1,,العد الكلي للبكتيريا,False,indicator_only,,5,True
Data 2025.xlsx,8208,2025-02-09,2025-02,2025-W06,1,6,appe-0592-r01,Appe-0592-R01,متبل,مقبلات (Appetizers),Appetizers,مقبلات (Appetizers),prepared_meal,شركة الطربوش الدمشقي,شركة الطربوش الدمشقي,,شركة الطربوش الدمشقي,الشمال,بلدية,بلدية الشمال,False,True,العد الكلي للبكتيريا,العد الكلي للبكتيريا,1,,العد الكلي للبكتيريا,False,indicator_only,,6,True
Data 2025.xlsx,8209,2025-02-09,2025-02,2025-W06,1,6,appe-0593-r01,Appe-0593-R01,تبولة,مقبلات (Appetizers),Appetizers,مقبلات (Appetizers),prepared_meal,شركة الطربوش الدمشقي,شركة الطربوش الدمشقي,,شركة الطربوش الدمشقي,الشمال,بلدية,بلدية الشمال,False,True,استافيلوكوكس اورياس | ايشيريشيا كولاي,استافيلوكوكس اورياس | ايشيريشيا كولاي,2,استافيلوكوكس اورياس | ايشيريشيا كولاي,,True,multi_pathogen,,7,True
Data 2025.xlsx,1114,2025-02-09,2025-02,2025-W06,1,6,bakgoo-0434-r01,bakgoo-0434-R01,كورسان لوز,(baked goods) المخبوزات,baked goods,(baked goods) المخبوزات,sweets_bakery,غلا الخليج لتقديم المشروبات,غلا الخليج لتقديم المشروبات,,غلا الخليج لتقديم المشروبات,الشمال,بلدية,بلدية الشمال,True,False,لا يوجد,,0,,,False,none,,0,False
Data 2025.xlsx,1115,2025-02-09,2025-02,2025-W06,1,6,bakgoo-0435-r01,bakgoo-0435-R01,كورسان جبن,(baked goods) المخبوزات,baked goods,(baked goods) المخبوزات,sweets_bakery,غلا الخليج لتقديم المشروبات,غلا الخليج لتقديم المشروبات,,غلا الخليج لتقديم المشروبات,الشمال,بلدية,بلدية الشمال,True,False,لا يوجد,,0,,,False,none,,0,False
Data 2025.xlsx,1131,2025-02-09,2025-02,2025-W06,1,6,bakgoo-0436-r01,bakgoo-0436-R01,فطيرة بيتزا,(baked goods) المخبوزات,baked goods,(baked goods) المخبوزات,sweets_bakery,شركة أغذية البحرين للمواد الغذائية,شركة أغذية البحرين للمواد الغذائية,,شركة أغذية البحرين للمواد الغذائية,الشمال,بلدية,بلدية الشمال,True,False,لا يوجد,,0,,,False,none,,1,False
Data 2025.xlsx,1132,2025-02-09,2025-02,2025-W06,1,6,bakgoo-0437-r01,bakgoo-0437-R01,فطيرة تفاح,(baked goods) المخبوزات,baked goods,(baked goods) المخبوزات,sweets_bakery,شركة أغذية البحرين للمواد الغذائية,شركة أغذية البحرين للمواد الغذائية,,شركة أغذية البحرين للمواد الغذائية,الشمال,بلدية,بلدية الشمال,True,False,لا يوجد,,0,,,False,none,,1,False
Data 2025.xlsx,8245,2025-02-09,2025-02,2025-W06,1,6,chee-0849-r01,Chee-0849-R01,شرائح جبن حار,(cheese) جبنة,cheese,(cheese) جبنة,dairy,شركة مطاعم بيت الشطيرة برغرايزر,شركة مطاعم بيت الشطيرة برغرايزر,,شركة مطاعم بيت الشطيرة برغرايزر,الشمال,بلدية,بلدية الشمال,True,False,لا يوجد,,0,,,False,none,,1,False
Data 2025.xlsx,8246,2025-02-09,2025-02,2025-W06,1,6,chee-0850-r01,Chee-0850-R01,شرائح جبن شيدر,(cheese) جبنة,cheese,(cheese) جبنة,dairy,شركة مطاعم بيت الشطيرة برغرايزر,شركة مطاعم بيت الشطيرة برغرايزر,,شركة مطاعم بيت الشطيرة برغرايزر,الشمال,بلدية,بلدية الشمال,True,False,لا يوجد,,0,,,False,none,,1,False
Data 2025.xlsx,8223,2025-02-09,2025-02,2025-W06,1,6,cm-0123-r01,Cm-0123-R01,قطع شاورما لحم,اللحوم المطبوخة (Cooked meat),Cooked meat,اللحوم المطبوخة (Cooked meat),cooked_meat_poultry,شركة الطربوش الدمشقي,شركة الطربوش الدمشقي,,شركة الطربوش الدمشقي,الشمال,بلدية,بلدية الشمال,True,False,لا يوجد,,0,,,False,none,,14,True
Data 2025.xlsx,8221,2025-02-09,2025-02,2025-W06,1,6,co-0596-r01,co-0596-R01,قطع شاورما دجاج,الدجاج المطبوخ (Cooked chicken),Cooked chicken,الدجاج المطبوخ (Cooked chicken),cooked_meat_poultry,شركة الطربوش الدمشقي,شركة الطربوش الدمشقي,,شركة الطربوش الدمشقي,الشمال,بلدية,بلدية الشمال,False,True,استافيلوكوكس اورياس,استافيلوكوكس اورياس,1,استافيلوكوكس اورياس,,True,pathogen,,13,True
Data 2025.xlsx,8222,2025-02-09,2025-02,2025-W06,1,6,co-0597-r01,co-0597-R01,قطع شاورما دجاج سبايسي,الدجاج المطبوخ (Cooked chicken),Cooked chicken,الدجاج المطبوخ (Cooked chicken),cooked_meat_poultry,شركة الطربوش الدمشقي,شركة الطربوش الدمشقي,,شركة الطربوش الدمشقي,الشمال,بلدية,بلدية الشمال,False,True,العد الكلي للبكتيريا,العد الكلي للبكتيريا,1,,العد الكلي للبكتيريا,False,indicator_only,,14,True
Data 2025.xlsx,1123,2025-02-09,2025-02,2025-W06,1,6,coff-0603-r01,Coff-0603-R01,مشروب كولد برو,القهوة ومشتقاتها (Coffee and derivatives),Coffee and derivatives,القهوة ومشتقاتها (Coffee and derivatives),beverage,غلا الخليج لتقديم المشروبات,غلا الخليج لتقديم المشروبات,,غلا الخليج لتقديم المشروبات,الشمال,بلدية,بلدية الشمال,True,False,لا يوجد,,0,,,False,none,,2,True
Data 2025.xlsx,8202,2025-02-09,2025-02,2025-W06,1,6,gr-0204-r01,gr-0204-R01,ورق عنب,ورق عنب (Grape leaves),Grape leaves,ورق عنب (Grape leaves),produce,شركة الطربوش الدمشقي,شركة الطربوش الدمشقي,,شركة الطربوش الدمشقي,الشمال,بلدية,بلدية الشمال,True,False,لا يوجد,,0,,,False,none,,0,False
Data 2025.xlsx,8218,2025-02-09,2025-02,2025-W06,1,6,hs-0363-r01,HS-0363-R01,شطة حارة,الشطة (Hot sauce),Hot sauce,الشطة (Hot sauce),sauce_condiment,شركة الطربوش الدمشقي,شركة الطربوش الدمشقي,,شركة الطربوش الدمشقي,الشمال,بلدية,بلدية الشمال,True,False,لا يوجد,,0,,,False,none,,11,True
Data 2025.xlsx,1124,2025-02-09,2025-02,2025-W06,1,6,jui-0375-r01,jui-0375-R01,عصير اخضر,العصائر الطازجة Un-pasteurized juices (fresh),fresh,العصائر الطازجة Un-pasteurized juices (fresh),beverage,غلا الخليج لتقديم المشروبات,غلا الخليج لتقديم المشروبات,,غلا الخليج لتقديم المشروبات,الشمال,بلدية,بلدية الشمال,False,True,الخمائر والاعفان,الخمائر والاعفان,1,,الخمائر والاعفان,False,indicator_only,,3,True
Data 2025.xlsx,1136,2025-02-09,2025-02,2025-W06,1,6,jui-0376-r01,jui-0376-R01,عصير وترميلون,العصائر الطازجة Un-pasteurized juices (fresh),fresh,العصائر الطازجة Un-pasteurized juices (fresh),beverage,شركة أغذية البحرين للمواد الغذائية,شركة أغذية البحرين للمواد الغذائية,,شركة أغذية البحرين للمواد الغذائية,الشمال,بلدية,بلدية الشمال,True,False,لا يوجد,,0,,,False,none,,3,True
Data 2025.xlsx,1137,2025-02-09,2025-02,2025-W06,1,6,jui-0377-r01,jui-0377-R01,عصير برتقال,العصائر الطازجة Un-pasteurized juices (fresh),fresh,العصائر الطازجة Un-pasteurized juices (fresh),beverage,شركة أغذية البحرين للمواد الغذائية,شركة أغذية البحرين للمواد الغذائية,,شركة أغذية البحرين للمواد الغذائية,الشمال,بلدية,بلدية الشمال,True,False,لا يوجد,,0,,,False,none,,3,True
Data 2025.xlsx,8226,2025-02-09,2025-02,2025-W06,1,6,jui-0518-r01,jui-0518-R01,عصير كوكتيل,العصائر الطازجة Un-pasteurized juices (fresh),fresh,العصائر الطازجة Un-pasteurized juices (fresh),beverage,شركة الطربوش الدمشقي,شركة الطربوش الدمشقي,,شركة الطربوش الدمشقي,الشمال,بلدية,بلدية الشمال,True,False,لا يوجد,,0,,,False,none,,16,True
Data 2025.xlsx,8227,2025-02-09,2025-02,2025-W06,1,6,jui-0519-r01,jui-0519-R01,عصير رمان,العصائر الطازجة Un-pasteurized juices (fresh),fresh,العصائر الطازجة Un-pasteurized juices (fresh),beverage,شركة الطربوش الدمشقي,شركة الطربوش الدمشقي,,شركة الطربوش الدمشقي,الشمال,بلدية,بلدية الشمال,True,False,لا يوجد,,0,,,False,none,,16,True
Data 2025.xlsx,1158,2025-02-09,2025-02,2025-W06,1,6,mi-0001-r01,Mi-0001-R01,ميلك شيك,ميلك شيك (Milk Shakes),Milk Shakes,ميلك شيك (Milk Shakes),dairy,فايف جايز,فايف جايز,,فايف جايز,الشمال,بلدية,بلدية الشمال,False,True,كوليفورم | استافيلوكوكس اورياس,كوليفورم | استافيلوكوكس اورياس,2,استافيلوكوكس اورياس,كوليفورم,True,pathogen,,5,True
Data 2025.xlsx,1150,2025-02-09,2025-02,2025-W06,1,6,pick-0324-r01,Pick-0324-R01,مخلل خيار,المخلل (Pickle),Pickle,المخلل (Pickle),sauce_condiment,فايف جايز,فايف جايز,,فايف جايز,الشمال,بلدية,بلدية الشمال,True,False,لا يوجد,,0,,,False,none,,1,False
Data 2025.xlsx,1153,2025-02-09,2025-02,2025-W06,1,6,pick-0325-r01,Pick-0325-R01,مخلل خيار مهروس حلو,المخلل (Pickle),Pickle,المخلل (Pickle),sauce_condiment,فايف جايز,فايف جايز,,فايف جايز,الشمال,بلدية,بلدية الشمال,True,False,لا يوجد,,0,,,False,none,,1,False
Data 2025.xlsx,8203,2025-02-09,2025-02,2025-W06,1,6,pick-0523-r01,Pick-0523-R01,طرشي مشكل,المخلل (Pickle),Pickle,المخلل (Pickle),sauce_condiment,شركة الطربوش الدمشقي,شركة الطربوش الدمشقي,,شركة الطربوش الدمشقي,الشمال,بلدية,بلدية الشمال,False,True,خمائر,الخمائر والاعفان,1,,الخمائر والاعفان,False,indicator_only,,1,False
Data 2025.xlsx,8211,2025-02-09,2025-02,2025-W06,1,6,pick-0524-r01,Pick-0524-R01,مخلل خيار,المخلل (Pickle),Pickle,المخلل (Pickle),sauce_condiment,شركة الطربوش الدمشقي,شركة الطربوش الدمشقي,,شركة الطربوش الدمشقي,الشمال,بلدية,بلدية الشمال,False,True,خمائر,الخمائر والاعفان,1,,الخمائر والاعفان,False,indicator_only,,9,True
Data 2025.xlsx,8243,2025-02-09,2025-02,2025-W06,1,6,pick-0525-r01,Pick-0525-R01,مخلل خيار,المخلل (Pickle),Pickle,المخلل (Pickle),sauce_condiment,شركة مطاعم بيت الشطيرة برغرايزر,شركة مطاعم بيت الشطيرة برغرايزر,,شركة مطاعم بيت الشطيرة برغرايزر,الشمال,بلدية,بلدية الشمال,True,False,لا يوجد,,0,,,False,none,,1,False
Data 2025.xlsx,8224,2025-02-09,2025-02,2025-W06,1,6,po-0136-r01,po-0136-R01,كباب دجاج ني,الدجاج (Poultry),Poultry,الدجاج (Poultry),cooked_meat_poultry,شركة الطربوش الدمشقي,شركة الطربوش الدمشقي,,شركة الطربوش الدمشقي,الشمال,بلدية,بلدية الشمال,False,True,العد الكلي للبكتيريا,العد الكلي للبكتيريا,1,,العد الكلي للبكتيريا,False,indicator_only,,15,True
Data 2025.xlsx,1145,2025-02-09,2025-02,2025-W06,1,6,raw-0039-r01,Raw-0039-R01,كفتة لحم (ني) بقري,لحوم نيئة مبردة ومجمدة (Raw meat Cold or chilled ),Raw meat Cold or chilled,لحوم نيئة مبردة ومجمدة (Raw meat Cold or chilled ),raw_meat,شركة أغذية البحرين للمواد الغذائية,شركة أغذية البحرين للمواد الغذائية,,شركة أغذية البحرين للمواد الغذائية,الشمال,بلدية,بلدية الشمال,True,False,لا يوجد,,0,,,False,none,,4,True
Data 2025.xlsx,8225,2025-02-09,2025-02,2025-W06,1,6,raw-0507-r01,Raw-0507-R01,كباب لحم ني,لحوم مجمدة/ مبردة (Frozen/Chilled Raw meat ),Frozen/Chilled Raw meat,لحوم مجمدة/ مبردة (Frozen/Chilled Raw meat ),raw_meat,شركة الطربوش الدمشقي,شركة الطربوش الدمشقي,,شركة الطربوش الدمشقي,الشمال,بلدية,بلدية الشمال,False,True,العد الكلي للبكتيريا,العد الكلي للبكتيريا,1,,العد الكلي للبكتيريا,False,indicator_only,,16,True
Data 2025.xlsx,1144,2025-02-09,2025-02,2025-W06,1,6,sal-1045-r01,Sal-1045-R01,سلطة زبادي بالخيار,السلطة(Salad),Salad,السلطة(Salad),produce,شركة أغذية البحرين للمواد الغذائية,شركة أغذية البحرين للمواد الغذائية,,شركة أغذية البحرين للمواد الغذائية,الشمال,بلدية,بلدية الشمال,True,False,لا يوجد,,0,,,False,none,,4,True
Data 2025.xlsx,8204,2025-02-09,2025-02,2025-W06,1,6,sal-1605-r01,Sal-1605-R01,سلطة خضراء,السلطة(Salad),Salad,السلطة(Salad),produce,شركة الطربوش الدمشقي,شركة الطربوش الدمشقي,,شركة الطربوش الدمشقي,الشمال,بلدية,بلدية الشمال,False,True,استافيلوكوكس اورياس | ايشيريشيا كولاي,استافيلوكوكس اورياس | ايشيريشيا كولاي,2,استافيلوكوكس اورياس | ايشيريشيا كولاي,,True,multi_pathogen,,2,True
Data 2025.xlsx,8210,2025-02-09,2025-02,2025-W06,1,6,sal-1606-r01,Sal-1606-R01,سلطة زيتون,السلطة(Salad),Salad,السلطة(Salad),produce,شركة الطربوش الدمشقي,شركة الطربوش الدمشقي,,شركة الطربوش الدمشقي,الشمال,بلدية,بلدية الشمال,False,True,استافيلوكوكس اورياس | ايشيريشيا كولاي,استافيلوكوكس اورياس | ايشيريشيا كولاي,2,استافيلوكوكس اورياس | ايشيريشيا كولاي,,True,multi_pathogen,,8,True
Data 2025.xlsx,8213,2025-02-09,2025-02,2025-W06,1,6,sal-1607-r01,Sal-1607-R01,سلطة مشوي,السلطة(Salad),Salad,السلطة(Salad),produce,شركة الطربوش الدمشقي,شركة الطربوش الدمشقي,,شركة الطربوش الدمشقي,الشمال,بلدية,بلدية الشمال,False,True,استافيلوكوكس اورياس | ايشيريشيا كولاي,استافيلوكوكس اورياس | ايشيريشيا كولاي,2,استافيلوكوكس اورياس | ايشيريشيا كولاي,,True,multi_pathogen,,10,True
Data 2025.xlsx,1148,2025-02-09,2025-02,2025-W06,1,6,sau-1165-r01,sau-1165-R01,صوص مايونيز,صوص (sauce),sauce,صوص (sauce),sauce_condiment,فايف جايز,فايف جايز,,فايف جايز,الشمال,بلدية,بلدية الشمال,False,True,العد الكلي للبكتيريا,العد الكلي للبكتيريا,1,,العد الكلي للبكتيريا,False,indicator_only,,1,False
Data 2025.xlsx,1154,2025-02-09,2025-02,2025-W06,1,6,sau-1166-r01,sau-1166-R01,صوص ستيك,صوص (sauce),sauce,صوص (sauce),sauce_condiment,فايف جايز,فايف جايز,,فايف جايز,الشمال,بلدية,بلدية الشمال,False,True,العد الكلي للبكتيريا | انتيروباكتريسي | الخمائر والاعفان,العد الكلي للبكتيريا | انتيروباكتريسي | الخمائر والاعفان,3,,العد الكلي للبكتيريا | انتيروباكتريسي | الخمائر والاعفان,False,indicator_only,,2,True
Data 2025.xlsx,1155,2025-02-09,2025-02,2025-W06,1,6,sau-1167-r01,sau-1167-R01,صوص حار,صوص (sauce),sauce,صوص (sauce),sauce_condiment,فايف جايز,فايف جايز,,فايف جايز,الشمال,بلدية,بلدية الشمال,False,True,العد الكلي للبكتيريا | انتيروباكتريسي,العد الكلي للبكتيريا | انتيروباكتريسي,2,,العد الكلي للبكتيريا | انتيروباكتريسي,False,indicator_only,,3,True
Data 2025.xlsx,1156,2025-02-09,2025-02,2025-W06,1,6,sau-1168-r01,sau-1168-R01,صوص كاتشب,صوص (sauce),sauce,صوص (sauce),sauce_condiment,فايف جايز,فايف جايز,,فايف جايز,الشمال,بلدية,بلدية الشمال,True,False,لا يوجد,,0,,,False,none,,3,True
Data 2025.xlsx,8205,2025-02-09,2025-02,2025-W06,1,6,sau-2302-r01,sau-2302-R01,صوص ثوم,صوص (sauce),sauce,صوص (sauce),sauce_condiment,شركة الطربوش الدمشقي,شركة الطربوش الدمشقي,,شركة الطربوش الدمشقي,الشمال,بلدية,بلدية الشمال,False,True,انتيروباكتريسي,انتيروباكتريسي,1,,انتيروباكتريسي,False,indicator_only,,3,True
Data 2025.xlsx,8214,2025-02-09,2025-02,2025-W06,1,6,sau-2303-r01,sau-2303-R01,صوص ثوم حار,صوص (sauce),sauce,صوص (sauce),sauce_condiment,شركة الطربوش الدمشقي,شركة الطربوش الدمشقي,,شركة الطربوش الدمشقي,الشمال,بلدية,بلدية الشمال,False,True,انتيروباكتريسي,انتيروباكتريسي,1,,انتيروباكتريسي,False,indicator_only,,11,True
Data 2025.xlsx,8215,2025-02-09,2025-02,2025-W06,1,6,sau-2304-r01,sau-2304-R01,صوص كرفت سائل,صوص (sauce),sauce,صوص (sauce),sauce_condiment,شركة الطربوش الدمشقي,شركة الطربوش الدمشقي,,شركة الطربوش الدمشقي,الشمال,بلدية,بلدية الشمال,True,False,لا يوجد,,0,,,False,none,,11,True
Data 2025.xlsx,8216,2025-02-09,2025-02,2025-W06,1,6,sau-2305-r01,sau-2305-R01,صوص مكس شطة مع كاتشب,صوص (sauce),sauce,صوص (sauce),sauce_condiment,شركة الطربوش الدمشقي,شركة الطربوش الدمشقي,,شركة الطربوش الدمشقي,الشمال,بلدية,بلدية الشمال,True,False,لا يوجد,,0,,,False,none,,11,True
Data 2025.xlsx,8217,2025-02-09,2025-02,2025-W06,1,6,sau-2306-r01,sau-2306-R01,صوص كاتشب,صوص (sauce),sauce,صوص (sauce),sauce_condiment,شركة الطربوش الدمشقي,شركة الطربوش الدمشقي,,شركة الطربوش الدمشقي,الشمال,بلدية,بلدية الشمال,True,False,لا يوجد,,0,,,False,none,,11,True
Data 2025.xlsx,8219,2025-02-09,2025-02,2025-W06,1,6,sau-2307-r01,sau-2307-R01,صوص سلط ليمون,صوص (sauce),sauce,صوص (sauce),sauce_condiment,شركة الطربوش الدمشقي,شركة الطربوش الدمشقي,,شركة الطربوش الدمشقي,الشمال,بلدية,بلدية الشمال,False,True,انتيروباكتريسي,انتيروباكتريسي,1,,انتيروباكتريسي,False,indicator_only,,12,True
Data 2025.xlsx,8220,2025-02-09,2025-02,2025-W06,1,6,sau-2308-r01,sau-2308-R01,صوص دبس رمان,صوص (sauce),sauce,صوص (sauce),sauce_condiment,شركة الطربوش الدمشقي,شركة الطربوش الدمشقي,,شركة الطربوش الدمشقي,الشمال,بلدية,بلدية الشمال,True,False,لا يوجد,,0,,,False,none,,12,True
Data 2025.xlsx,8233,2025-02-09,2025-02,2025-W06,1,6,sau-2309-r01,sau-2309-R01,صوص مايونيز,صوص (sauce),sauce,صوص (sauce),sauce_condiment,شركة مطاعم بيت الشطيرة برغرايزر,شركة مطاعم بيت الشطيرة برغرايزر,,شركة مطاعم بيت الشطيرة برغرايزر,الشمال,بلدية,بلدية الشمال,True,False,لا يوجد,,0,,,False,none,,0,False
Data 2025.xlsx,8234,2025-02-09,2025-02,2025-W06,1,6,sau-2310-r01,sau-2310-R01,صوص رانش,صوص (sauce),sauce,صوص (sauce),sauce_condiment,شركة مطاعم بيت الشطيرة برغرايزر,شركة مطاعم بيت الشطيرة برغرايزر,,شركة مطاعم بيت الشطيرة برغرايزر,الشمال,بلدية,بلدية الشمال,False,True,انتيروباكتريسي,انتيروباكتريسي,1,,انتيروباكتريسي,False,indicator_only,,1,False
Data 2025.xlsx,8235,2025-02-09,2025-02,2025-W06,1,6,sau-2311-r01,sau-2311-R01,صوص كاتشب,صوص (sauce),sauce,صوص (sauce),sauce_condiment,شركة مطاعم بيت الشطيرة برغرايزر,شركة مطاعم بيت الشطيرة برغرايزر,,شركة مطاعم بيت الشطيرة برغرايزر,الشمال,بلدية,بلدية الشمال,True,False,لا يوجد,,0,,,False,none,,1,False
Data 2025.xlsx,8236,2025-02-09,2025-02,2025-W06,1,6,sau-2312-r01,sau-2312-R01,صوص كالي,صوص (sauce),sauce,صوص (sauce),sauce_condiment,شركة مطاعم بيت الشطيرة برغرايزر,شركة مطاعم بيت الشطيرة برغرايزر,,شركة مطاعم بيت الشطيرة برغرايزر,الشمال,بلدية,بلدية الشمال,True,False,لا يوجد,,0,,,False,none,,1,False
Data 2025.xlsx,8237,2025-02-09,2025-02,2025-W06,1,6,sau-2313-r01,sau-2313-R01,دبل صوص,صوص (sauce),sauce,صوص (sauce),sauce_condiment,شركة مطاعم بيت الشطيرة برغرايزر,شركة مطاعم بيت الشطيرة برغرايزر,,شركة مطاعم بيت الشطيرة برغرايزر,الشمال,بلدية,بلدية الشمال,True,False,لا يوجد,,0,,,False,none,,1,False
Data 2025.xlsx,8238,2025-02-09,2025-02,2025-W06,1,6,sau-2314-r01,sau-2314-R01,صوص هابا رايزر,صوص (sauce),sauce,صوص (sauce),sauce_condiment,شركة مطاعم بيت الشطيرة برغرايزر,شركة مطاعم بيت الشطيرة برغرايزر,,شركة مطاعم بيت الشطيرة برغرايزر,الشمال,بلدية,بلدية الشمال,True,False,لا يوجد,,0,,,False,none,,1,False
Data 2025.xlsx,8239,2025-02-09,2025-02,2025-W06,1,6,sau-2315-r01,sau-2315-R01,برغرايزر صوص,صوص (sauce),sauce,صوص (sauce),sauce_condiment,شركة مطاعم بيت الشطيرة برغرايزر,شركة مطاعم بيت الشطيرة برغرايزر,,شركة مطاعم بيت الشطيرة برغرايزر,الشمال,بلدية,بلدية الشمال,True,False,لا يوجد,,0,,,False,none,,1,False
Data 2025.xlsx,8247,2025-02-09,2025-02,2025-W06,1,6,sau-2316-r01,sau-2316-R01,صوص بافلو معلب,صوص (sauce),sauce,صوص (sauce),sauce_condiment,شركة مطاعم بيت الشطيرة برغرايزر,شركة مطاعم بيت الشطيرة برغرايزر,,شركة مطاعم بيت الشطيرة برغرايزر,الشمال,بلدية,بلدية الشمال,False,True,العد الكلي للبكتيريا,العد الكلي للبكتيريا,1,,العد الكلي للبكتيريا,False,indicator_only,,2,True
Data 2025.xlsx,8248,2025-02-09,2025-02,2025-W06,1,6,sau-2317-r01,sau-2317-R01,صوص برغرايز معلب,صوص (sauce),sauce,صوص (sauce),sauce_condiment,شركة مطاعم بيت الشطيرة برغرايزر,شركة مطاعم بيت الشطيرة برغرايزر,,شركة مطاعم بيت الشطيرة برغرايزر,الشمال,بلدية,بلدية الشمال,False,True,العد الكلي للبكتيريا,العد الكلي للبكتيريا,1,,العد الكلي للبكتيريا,False,indicator_only,,3,True
Data 2025.xlsx,8249,2025-02-09,2025-02,2025-W06,1,6,sau-2318-r01,sau-2318-R01,صوص باربكيو معلب,صوص (sauce),sauce,صوص (sauce),sauce_condiment,شركة مطاعم بيت الشطيرة برغرايزر,شركة مطاعم بيت الشطيرة برغرايزر,,شركة مطاعم بيت الشطيرة برغرايزر,الشمال,بلدية,بلدية الشمال,True,False,لا يوجد,,0,,,False,none,,3,True
Data 2025.xlsx,8250,2025-02-09,2025-02,2025-W06,1,6,sau-2319-r01,sau-2319-R01,صوص رانش معلب,صوص (sauce),sauce,صوص (sauce),sauce_condiment,شركة مطاعم بيت الشطيرة برغرايزر,شركة مطاعم بيت الشطيرة برغرايزر,,شركة مطاعم بيت الشطيرة برغرايزر,الشمال,بلدية,بلدية الشمال,False,True,العد الكلي للبكتيريا,العد الكلي للبكتيريا,1,,العد الكلي للبكتيريا,False,indicator_only,,4,True
Data 2025.xlsx,8251,2025-02-09,2025-02,2025-W06,1,6,sau-2320-r01,sau-2320-R01,صوص هابا رايزر معلب,صوص (sauce),sauce,صوص (sauce),sauce_condiment,شركة مطاعم بيت الشطيرة برغرايزر,شركة مطاعم بيت الشطيرة برغرايزر,,شركة مطاعم بيت الشطيرة برغرايزر,الشمال,بلدية,بلدية الشمال,True,False,لا يوجد,,0,,,False,none,,4,True
Data 2025.xlsx,8252,2025-02-09,2025-02,2025-W06,1,6,sau-2321-r01,sau-2321-R01,صوص دبل,صوص (sauce),sauce,صوص (sauce),sauce_condiment,شركة مطاعم بيت الشطيرة برغرايزر,شركة مطاعم بيت الشطيرة برغرايزر,,شركة مطاعم بيت الشطيرة برغرايزر,الشمال,بلدية,بلدية الشمال,True,False,لا يوجد,,0,,,False,none,,4,True
Data 2025.xlsx,1125,2025-02-09,2025-02,2025-W06,1,6,sw-2398-r01,sw-2398-R01,مسحة صانعة ثلج,(Swabs) المسحات,Swabs,(Swabs) المسحات,swab,غلا الخليج لتقديم المشروبات,غلا الخليج لتقديم المشروبات,,غلا الخليج لتقديم المشروبات,الشمال,بلدية,بلدية الشمال,True,False,لا يوجد,,0,,,False,none,,3,True
Data 2025.xlsx,1126,2025-02-09,2025-02,2025-W06,1,6,sw-2399-r01,sw-2399-R01,مسحة صانعة ثلج,(Swabs) المسحات,Swabs,(Swabs) المسحات,swab,غلا الخليج لتقديم المشروبات,غلا الخليج لتقديم المشروبات,,غلا الخليج لتقديم المشروبات,الشمال,بلدية,بلدية الشمال,True,False,لا يوجد,,0,,,False,none,,3,True
Data 2025.xlsx,1139,2025-02-09,2025-02,2025-W06,1,6,sw-2400-r01,sw-2400-R01,مسحة صانعة ثلج,(Swabs) المسحات,Swabs,(Swabs) المسحات,swab,شركة أغذية البحرين للمواد الغذائية,شركة أغذية البحرين للمواد الغذائية,,شركة أغذية البحرين للمواد الغذائية,الشمال,بلدية,بلدية الشمال,False,True,العد الكلي للبكتيريا,العد الكلي للبكتيريا,1,,العد الكلي للبكتيريا,False,indicator_only,,4,True
Data 2025.xlsx,1140,2025-02-09,2025-02,2025-W06,1,6,sw-2401-r01,sw-2401-R01,مسحة ثلاجة,(Swabs) المسحات,Swabs,(Swabs) المسحات,swab,شركة أغذية البحرين للمواد الغذائية,شركة أغذية البحرين للمواد الغذائية,,شركة أغذية البحرين للمواد الغذائية,الشمال,بلدية,بلدية الشمال,True,False,لا يوجد,,0,,,False,none,,4,True
Data 2025.xlsx,1141,2025-02-09,2025-02,2025-W06,1,6,sw-2402-r01,sw-2402-R01,مسحة ثلاجة,(Swabs) المسحات,Swabs,(Swabs) المسحات,swab,شركة أغذية البحرين للمواد الغذائية,شركة أغذية البحرين للمواد الغذائية,,شركة أغذية البحرين للمواد الغذائية,الشمال,بلدية,بلدية الشمال,True,False,لا يوجد,,0,,,False,none,,4,True
Data 2025.xlsx,1142,2025-02-09,2025-02,2025-W06,1,6,sw-2403-r01,sw-2403-R01,مسحة ثلاجة,(Swabs) المسحات,Swabs,(Swabs) المسحات,swab,شركة أغذية البحرين للمواد الغذائية,شركة أغذية البحرين للمواد الغذائية,,شركة أغذية البحرين للمواد الغذائية,الشمال,بلدية,بلدية الشمال,True,False,لا يوجد,,0,,,False,none,,4,True
Data 2025.xlsx,1143,2025-02-09,2025-02,2025-W06,1,6,sw-2404-r01,sw-2404-R01,مسحة ثلاجة,(Swabs) المسحات,Swabs,(Swabs) المسحات,swab,شركة أغذية البحرين للمواد الغذائية,شركة أغذية البحرين للمواد الغذائية,,شركة أغذية البحرين للمواد الغذائية,الشمال,بلدية,بلدية الشمال,True,False,لا يوجد,,0,,,False,none,,4,True
Data 2025.xlsx,1146,2025-02-09,2025-02,2025-W06,1,6,sw-2405-r01,sw-2405-R01,مسحة طاولة تقطيع الخبز,(Swabs) المسحات,Swabs,(Swabs) المسحات,swab,شركة أغذية البحرين للمواد الغذائية,شركة أغذية البحرين للمواد الغذائية,,شركة أغذية البحرين للمواد الغذائية,الشمال,بلدية,بلدية الشمال,True,False,لا يوجد,,0,,,False,none,,4,True
Data 2025.xlsx,1147,2025-02-09,2025-02,2025-W06,1,6,sw-2406-r01,sw-2406-R01,مسحة طاولة تقطيع الخضار,(Swabs) المسحات,Swabs,(Swabs) المسحات,swab,شركة أغذية البحرين للمواد الغذائية,شركة أغذية البحرين للمواد الغذائية,,شركة أغذية البحرين للمواد الغذائية,الشمال,بلدية,بلدية الشمال,True,False,لا يوجد,,0,,,False,none,,4,True
Data 2025.xlsx,1159,2025-02-09,2025-02,2025-W06,1,6,sw-2407-r01,sw-2407-R01,مسحة حافظة بطاطس مقلي (حار),(Swabs) المسحات,Swabs,(Swabs) المسحات,swab,فايف جايز,فايف جايز,,فايف جايز,الشمال,بلدية,بلدية الشمال,True,False,لا يوجد,,0,,,False,none,,5,True
Data 2025.xlsx,1160,2025-02-09,2025-02,2025-W06,1,6,sw-2408-r01,sw-2408-R01,مسحة حافظة بطاطس مقلي,(Swabs) المسحات,Swabs,(Swabs) المسحات,swab,فايف جايز,فايف جايز,,فايف جايز,الشمال,بلدية,بلدية الشمال,False,True,العد الكلي للبكتيريا,العد الكلي للبكتيريا,1,,العد الكلي للبكتيريا,False,indicator_only,,6,True
Data 2025.xlsx,1161,2025-02-09,2025-02,2025-W06,1,6,sw-2409-r01,sw-2409-R01,مسحة صانعة ثلج,(Swabs) المسحات,Swabs,(Swabs) المسحات,swab,فايف جايز,فايف جايز,,فايف جايز,الشمال,بلدية,بلدية الشمال,False,True,استافيلوكوكس اورياس,استافيلوكوكس اورياس,1,استافيلوكوكس اورياس,,True,pathogen,,7,True
Data 2025.xlsx,8228,2025-02-09,2025-02,2025-W06,1,6,sw-3498-r01,sw-3498-R01,مسحة طاولة تقطيع فواكه,(Swabs) المسحات,Swabs,(Swabs) المسحات,swab,شركة الطربوش الدمشقي,شركة الطربوش الدمشقي,,شركة الطربوش الدمشقي,الشمال,بلدية,بلدية الشمال,True,False,لا يوجد,,0,,,False,none,,16,True
Data 2025.xlsx,8229,2025-02-09,2025-02,2025-W06,1,6,sw-3499-r01,sw-3499-R01,مسحة عصارة برتقال كبس,(Swabs) المسحات,Swabs,(Swabs) المسحات,swab,شركة الطربوش الدمشقي,شركة الطربوش الدمشقي,,شركة الطربوش الدمشقي,الشمال,بلدية,بلدية الشمال,False,True,العد الكلي للبكتيريا,العد الكلي للبكتيريا,1,,العد الكلي للبكتيريا,False,indicator_only,,17,True
Data 2025.xlsx,8230,2025-02-09,2025-02,2025-W06,1,6,sw-3500-r01,sw-3500-R01,مسحة حافظة بطاطس,(Swabs) المسحات,Swabs,(Swabs) المسحات,swab,شركة الطربوش الدمشقي,شركة الطربوش الدمشقي,,شركة الطربوش الدمشقي,الشمال,بلدية,بلدية الشمال,True,False,لا يوجد,,0,,,False,none,,17,True
Data 2025.xlsx,8231,2025-02-09,2025-02,2025-W06,1,6,sw-3501-r01,sw-3501-R01,مسحة قطاعة شاورما لحم و دجاج,(Swabs) المسحات,Swabs,(Swabs) المسحات,swab,شركة الطربوش الدمشقي,شركة الطربوش الدمشقي,,شركة الطربوش الدمشقي,الشمال,بلدية,بلدية الشمال,False,True,العد الكلي للبكتيريا,العد الكلي للبكتيريا,1,,العد الكلي للبكتيريا,False,indicator_only,,18,True
Data 2025.xlsx,8232,2025-02-09,2025-02,2025-W06,1,6,sw-3502-r01,sw-3502-R01,مسحة قطاعة شاورما دجاج,(Swabs) المسحات,Swabs,(Swabs) المسحات,swab,شركة الطربوش الدمشقي,شركة الطربوش الدمشقي,,شركة الطربوش الدمشقي,الشمال,بلدية,بلدية الشمال,False,True,العد الكلي للبكتيريا,العد الكلي للبكتيريا,1,,العد الكلي للبكتيريا,False,indicator_only,,19,True
Data 2025.xlsx,8255,2025-02-09,2025-02,2025-W06,1,6,sw-3503-r01,sw-3503-R01,مسحة صانعة ثلج,(Swabs) المسحات,Swabs,(Swabs) المسحات,swab,شركة مطاعم بيت الشطيرة برغرايزر,شركة مطاعم بيت الشطيرة برغرايزر,,شركة مطاعم بيت الشطيرة برغرايزر,الشمال,بلدية,بلدية الشمال,True,False,لا يوجد,,0,,,False,none,,4,True
Data 2025.xlsx,8256,2025-02-09,2025-02,2025-W06,1,6,sw-3504-r01,sw-3504-R01,مسحة حافظة بطاطس,(Swabs) المسحات,Swabs,(Swabs) المسحات,swab,شركة مطاعم بيت الشطيرة برغرايزر,شركة مطاعم بيت الشطيرة برغرايزر,,شركة مطاعم بيت الشطيرة برغرايزر,الشمال,بلدية,بلدية الشمال,False,True,العد الكلي للبكتيريا,العد الكلي للبكتيريا,1,,العد الكلي للبكتيريا,False,indicator_only,,5,True
Data 2025.xlsx,8257,2025-02-09,2025-02,2025-W06,1,6,sw-3505-r01,sw-3505-R01,مسحة يد شيك محمد,(Swabs) المسحات,Swabs,(Swabs) المسحات,swab,شركة مطاعم بيت الشطيرة برغرايزر,شركة مطاعم بيت الشطيرة برغرايزر,,شركة مطاعم بيت الشطيرة برغرايزر,الشمال,بلدية,بلدية الشمال,True,False,لا يوجد,,0,,,False,none,,5,True
Data 2025.xlsx,1116,2025-02-09,2025-02,2025-W06,1,6,sweet-0719-r01,sweet-0719-R01,تربل كيك شوكولاتة,الحلا(sweetness),sweetness,الحلا(sweetness),sweets_bakery,غلا الخليج لتقديم المشروبات,غلا الخليج لتقديم المشروبات,,غلا الخليج لتقديم المشروبات,الشمال,بلدية,بلدية الشمال,False,True,انتيروباكتريسي | استافيلوكوكس اورياس,انتيروباكتريسي | استافيلوكوكس اورياس,2,استافيلوكوكس اورياس,انتيروباكتريسي,True,pathogen,,1,False
Data 2025.xlsx,1117,2025-02-09,2025-02,2025-W06,1,6,sweet-0720-r01,sweet-0720-R01,كيك فول سوداني,الحلا(sweetness),sweetness,الحلا(sweetness),sweets_bakery,غلا الخليج لتقديم المشروبات,غلا الخليج لتقديم المشروبات,,غلا الخليج لتقديم المشروبات,الشمال,بلدية,بلدية الشمال,False,True,انتيروباكتريسي | استافيلوكوكس اورياس,انتيروباكتريسي | استافيلوكوكس اورياس,2,استافيلوكوكس اورياس,انتيروباكتريسي,True,pathogen,,2,True
Data 2025.xlsx,1118,2025-02-09,2025-02,2025-W06,1,6,sweet-0721-r01,sweet-0721-R01,تراميسو,الحلا(sweetness),sweetness,الحلا(sweetness),sweets_bakery,غلا الخليج لتقديم المشروبات,غلا الخليج لتقديم المشروبات,,غلا الخليج لتقديم المشروبات,الشمال,بلدية,بلدية الشمال,True,False,لا يوجد,,0,,,False,none,,2,True
Data 2025.xlsx,1119,2025-02-09,2025-02,2025-W06,1,6,sweet-0722-r01,sweet-0722-R01,كوكيز شوكولاتة,الحلا(sweetness),sweetness,الحلا(sweetness),sweets_bakery,غلا الخليج لتقديم المشروبات,غلا الخليج لتقديم المشروبات,,غلا الخليج لتقديم المشروبات,الشمال,بلدية,بلدية الشمال,True,False,لا يوجد,,0,,,False,none,,2,True
Data 2025.xlsx,1120,2025-02-09,2025-02,2025-W06,1,6,sweet-0723-r01,sweet-0723-R01,كوكيز كراميل,الحلا(sweetness),sweetness,الحلا(sweetness),sweets_bakery,غلا الخليج لتقديم المشروبات,غلا الخليج لتقديم المشروبات,,غلا الخليج لتقديم المشروبات,الشمال,بلدية,بلدية الشمال,True,False,لا يوجد,,0,,,False,none,,2,True
Data 2025.xlsx,1121,2025-02-09,2025-02,2025-W06,1,6,sweet-0724-r01,sweet-0724-R01,كرات البروتين,الحلا(sweetness),sweetness,الحلا(sweetness),sweets_bakery,غلا الخليج لتقديم المشروبات,غلا الخليج لتقديم المشروبات,,غلا الخليج لتقديم المشروبات,الشمال,بلدية,بلدية الشمال,True,False,لا يوجد,,0,,,False,none,,2,True
Data 2025.xlsx,1127,2025-02-09,2025-02,2025-W06,1,6,sweet-0725-r01,sweet-0725-R01,كيك فراولة,الحلا(sweetness),sweetness,الحلا(sweetness),sweets_bakery,شركة أغذية البحرين للمواد الغذائية,شركة أغذية البحرين للمواد الغذائية,,شركة أغذية البحرين للمواد الغذائية,الشمال,بلدية,بلدية الشمال,True,False,لا يوجد,,0,,,False,none,,0,False
Data 2025.xlsx,1128,2025-02-09,2025-02,2025-W06,1,6,sweet-0726-r01,sweet-0726-R01,كيك شوكولاتة دريم,الحلا(sweetness),sweetness,الحلا(sweetness),sweets_bakery,شركة أغذية البحرين للمواد الغذائية,شركة أغذية البحرين للمواد الغذائية,,شركة أغذية البحرين للمواد الغذائية,الشمال,بلدية,بلدية الشمال,True,False,لا يوجد,,0,,,False,none,,0,False
Data 2025.xlsx,1129,2025-02-09,2025-02,2025-W06,1,6,sweet-0727-r01,sweet-0727-R01,كيكة مانجا,الحلا(sweetness),sweetness,الحلا(sweetness),sweets_bakery,شركة أغذية البحرين للمواد الغذائية,شركة أغذية البحرين للمواد الغذائية,,شركة أغذية البحرين للمواد الغذائية,الشمال,بلدية,بلدية الشمال,True,False,لا يوجد,,0,,,False,none,,0,False
Data 2025.xlsx,1130,2025-02-09,2025-02,2025-W06,1,6,sweet-0728-r01,sweet-0728-R01,كيك ليمون,الحلا(sweetness),sweetness,الحلا(sweetness),sweets_bakery,شركة أغذية البحرين للمواد الغذائية,شركة أغذية البحرين للمواد الغذائية,,شركة أغذية البحرين للمواد الغذائية,الشمال,بلدية,بلدية الشمال,False,True,العد الكلي للبكتيريا,العد الكلي للبكتيريا,1,,العد الكلي للبكتيريا,False,indicator_only,,1,False
Data 2025.xlsx,1133,2025-02-09,2025-02,2025-W06,1,6,sweet-0729-r01,sweet-0729-R01,شوكولاتة بجوز الهند,الحلا(sweetness),sweetness,الحلا(sweetness),sweets_bakery,شركة أغذية البحرين للمواد الغذائية,شركة أغذية البحرين للمواد الغذائية,,شركة أغذية البحرين للمواد الغذائية,الشمال,بلدية,بلدية الشمال,False,True,العد الكلي للبكتيريا | انتيروباكتريسي,العد الكلي للبكتيريا | انتيروباكتريسي,2,,العد الكلي للبكتيريا | انتيروباكتريسي,False,indicator_only,,2,True
Data 2025.xlsx,1134,2025-02-09,2025-02,2025-W06,1,6,sweet-0730-r01,sweet-0730-R01,كيكة عسل,الحلا(sweetness),sweetness,الحلا(sweetness),sweets_bakery,شركة أغذية البحرين للمواد الغذائية,شركة أغذية البحرين للمواد الغذائية,,شركة أغذية البحرين للمواد الغذائية,الشمال,بلدية,بلدية الشمال,False,True,العد الكلي للبكتيريا | استافيلوكوكس اورياس,العد الكلي للبكتيريا | استافيلوكوكس اورياس,2,استافيلوكوكس اورياس,العد الكلي للبكتيريا,True,pathogen,,3,True
Data 2025.xlsx,1135,2025-02-09,2025-02,2025-W06,1,6,sweet-0731-r01,sweet-0731-R01,كعكة ليمون,الحلا(sweetness),sweetness,الحلا(sweetness),sweets_bakery,شركة أغذية البحرين للمواد الغذائية,شركة أغذية البحرين للمواد الغذائية,,شركة أغذية البحرين للمواد الغذائية,الشمال,بلدية,بلدية الشمال,True,False,لا يوجد,,0,,,False,none,,3,True
Data 2025.xlsx,8258,2025-02-09,2025-02,2025-W06,1,6,ubot-1078-r01,Ubot-1078-R01,مياه حنفية لغسيل الادوات م- ك,المياه الغير معبأة (Unbottled water),Unbottled water,المياه الغير المعبأة (Unbottled water),water,شركة الطربوش الدمشقي,شركة الطربوش الدمشقي,,شركة الطربوش الدمشقي,الشمال,بلدية,بلدية الشمال,True,False,لا يوجد,,0,,,False,none,category_merged_to_canonical,19,True
Data 2025.xlsx,1173,2025-02-10,2025-02,2025-W07,1,0,OOSS-eg-0304-R01,OOSS-eg-0304-R01,مكدوس محشي جوز عين الجمل,الباذنجان (eggplant),eggplant,الباذنجان (eggplant),dairy,أسواق السدحان,أسواق السدحان,,أسواق السدحان,العليا,بلدية,بلدية العليا,False,True,خمائر,الخمائر والاعفان,1,,الخمائر والاعفان,False,indicator_only,,6,True
Data 2025.xlsx,1194,2025-02-10,2025-02,2025-W07,1,0,bakgoo-0438-r01,bakgoo-0438-R01,فطيرة جبنة كريمة,(baked goods) المخبوزات,baked goods,(baked goods) المخبوزات,sweets_bakery,أسواق السدحان,أسواق السدحان,,أسواق السدحان,العليا,بلدية,بلدية العليا,True,False,لا يوجد,,0,,,False,none,,11,True
Data 2025.xlsx,1195,2025-02-10,2025-02,2025-W07,1,0,bakgoo-0439-r01,bakgoo-0439-R01,فطيرة نقانق,(baked goods) المخبوزات,baked goods,(baked goods) المخبوزات,sweets_bakery,أسواق السدحان,أسواق السدحان,,أسواق السدحان,العليا,بلدية,بلدية العليا,True,False,لا يوجد,,0,,,False,none,,11,True
Data 2025.xlsx,1196,2025-02-10,2025-02,2025-W07,1,0,bakgoo-0440-r01,bakgoo-0440-R01,فطيرة لبنة,(baked goods) المخبوزات,baked goods,(baked goods) المخبوزات,sweets_bakery,أسواق السدحان,أسواق السدحان,,أسواق السدحان,العليا,بلدية,بلدية العليا,True,False,لا يوجد,,0,,,False,none,,11,True
Data 2025.xlsx,1197,2025-02-10,2025-02,2025-W07,1,0,bakgoo-0441-r01,bakgoo-0441-R01,فطيرة لبنة زعتر,(baked goods) المخبوزات,baked goods,(baked goods) المخبوزات,sweets_bakery,أسواق السدحان,أسواق السدحان,,أسواق السدحان,العليا,بلدية,بلدية العليا,True,False,لا يوجد,,0,,,False,none,,11,True
Data 2025.xlsx,1192,2025-02-10,2025-02,2025-W07,1,0,br-0075-r01,Br-0075-R01,خبز صغير (بر),الخبـز (Bread),Bread,الخبـز (Bread),sweets_bakery,أسواق السدحان,أسواق السدحان,,أسواق السدحان,العليا,بلدية,بلدية العليا,True,False,لا يوجد,,0,,,False,none,,11,True
Data 2025.xlsx,1193,2025-02-10,2025-02,2025-W07,1,0,br-0076-r01,Br-0076-R01,خبز صغير (ابيض),الخبـز (Bread),Bread,الخبـز (Bread),sweets_bakery,أسواق السدحان,أسواق السدحان,,أسواق السدحان,العليا,بلدية,بلدية العليا,True,False,لا يوجد,,0,,,False,none,,11,True
Data 2025.xlsx,1177,2025-02-10,2025-02,2025-W07,1,0,bri-0266-r01,bri-0266-R01,لبنة سورية افوكادو,لبنة ( brick),brick,لبنة ( brick),dairy,أسواق السدحان,أسواق السدحان,,أسواق السدحان,العليا,بلدية,بلدية العليا,False,True,الخمائر والاعفان,الخمائر والاعفان,1,,الخمائر والاعفان,False,indicator_only,,8,True
Data 2025.xlsx,1178,2025-02-10,2025-02,2025-W07,1,0,bri-0267-r01,bri-0267-R01,خلاصة العليان لبنة,لبنة ( brick),brick,لبنة ( brick),dairy,أسواق السدحان,أسواق السدحان,,أسواق السدحان,العليا,بلدية,بلدية العليا,True,False,لا يوجد,,0,,,False,none,,8,True
Data 2025.xlsx,1175,2025-02-10,2025-02,2025-W07,1,0,ch-0091-r01,ch-0091-R01,جبنة مفروكة خضار,الاجبان (cheeses),cheeses,الاجبان (cheeses),dairy,أسواق السدحان,أسواق السدحان,,أسواق السدحان,العليا,بلدية,بلدية العليا,True,False,لا يوجد,,0,,,False,none,,7,True
Data 2025.xlsx,1179,2025-02-10,2025-02,2025-W07,1,0,ch-0092-r01,ch-0092-R01,جبنة قريش,الاجبان (cheeses),cheeses,الاجبان (cheeses),dairy,أسواق السدحان,أسواق السدحان,,أسواق السدحان,العليا,بلدية,بلدية العليا,True,False,لا يوجد,,0,,,False,none,,8,True
Data 2025.xlsx,1174,2025-02-10,2025-02,2025-W07,1,0,hs-0277-r01,HS-0277-R01,شطة مهروس,الشطة (Hot sauce),Hot sauce,الشطة (Hot sauce),sauce_condiment,أسواق السدحان,أسواق السدحان,,أسواق السدحان,العليا,بلدية,بلدية العليا,False,True,العد الكلي للبكتيريا | الخمائر والاعفان,العد الكلي للبكتيريا | الخمائر والاعفان,2,,العد الكلي للبكتيريا | الخمائر والاعفان,False,indicator_only,,7,True
Data 2025.xlsx,1162,2025-02-10,2025-02,2025-W07,1,0,olv-0415-r01,olv-0415-R01,زيتون اسود كوبوليفا,الزيتون /Olive,Olive,الزيتون /Olive,produce,أسواق السدحان,أسواق السدحان,,أسواق السدحان,العليا,بلدية,بلدية العليا,False,True,خمائر,الخمائر والاعفان,1,,الخمائر والاعفان,False,indicator_only,,1,False
Data 2025.xlsx,1163,2025-02-10,2025-02,2025-W07,1,0,olv-0416-r01,olv-0416-R01,زيتون كامالاتا اسود,الزيتون /Olive,Olive,الزيتون /Olive,produce,أسواق السدحان,أسواق السدحان,,أسواق السدحان,العليا,بلدية,بلدية العليا,False,True,خمائر,الخمائر والاعفان,1,,الخمائر والاعفان,False,indicator_only,,2,True
Data 2025.xlsx,1164,2025-02-10,2025-02,2025-W07,1,0,olv-0417-r01,olv-0417-R01,زيتون اسود كبير,الزيتون /Olive,Olive,الزيتون /Olive,produce,أسواق السدحان,أسواق السدحان,,أسواق السدحان,العليا,بلدية,بلدية العليا,True,False,لا يوجد,,0,,,False,none,,2,True
Data 2025.xlsx,1165,2025-02-10,2025-02,2025-W07,1,0,olv-0418-r01,olv-0418-R01,زيتون اخضر مشوي,الزيتون /Olive,Olive,الزيتون /Olive,produce,أسواق السدحان,أسواق السدحان,,أسواق السدحان,العليا,بلدية,بلدية العليا,True,False,لا يوجد,,0,,,False,none,,2,True
Data 2025.xlsx,1166,2025-02-10,2025-02,2025-W07,1,0,olv-0419-r01,olv-0419-R01,زيتون اخضر بالليمون,الزيتون /Olive,Olive,الزيتون /Olive,produce,أسواق السدحان,أسواق السدحان,,أسواق السدحان,العليا,بلدية,بلدية العليا,True,False,لا يوجد,,0,,,False,none,,2,True
Data 2025.xlsx,1167,2025-02-10,2025-02,2025-W07,1,0,olv-0420-r01,olv-0420-R01,زيتون اخضر,الزيتون /Olive,Olive,الزيتون /Olive,produce,أسواق السدحان,أسواق السدحان,,أسواق السدحان,العليا,بلدية,بلدية العليا,True,False,لا يوجد,,0,,,False,none,,2,True
Data 2025.xlsx,1168,2025-02-10,2025-02,2025-W07,1,0,olv-0421-r01,olv-0421-R01,زيتون اخضر بالفلفل,الزيتون /Olive,Olive,الزيتون /Olive,produce,أسواق السدحان,أسواق السدحان,,أسواق السدحان,العليا,بلدية,بلدية العليا,False,True,خمائر,الخمائر والاعفان,1,,الخمائر والاعفان,False,indicator_only,,3,True
Data 2025.xlsx,1169,2025-02-10,2025-02,2025-W07,1,0,pick-0326-r01,Pick-0326-R01,مخلل خيار زيرو,المخلل (Pickle),Pickle,المخلل (Pickle),sauce_condiment,أسواق السدحان,أسواق السدحان,,أسواق السدحان,العليا,بلدية,بلدية العليا,True,False,لا يوجد,,0,,,False,none,,3,True
Data 2025.xlsx,1170,2025-02-10,2025-02,2025-W07,1,0,pick-0327-r01,Pick-0327-R01,مخلل مشكل,المخلل (Pickle),Pickle,المخلل (Pickle),sauce_condiment,أسواق السدحان,أسواق السدحان,,أسواق السدحان,العليا,بلدية,بلدية العليا,False,True,خمائر,الخمائر والاعفان,1,,الخمائر والاعفان,False,indicator_only,,4,True
Data 2025.xlsx,1171,2025-02-10,2025-02,2025-W07,1,0,pick-0328-r01,Pick-0328-R01,مخلل بوليف حار,المخلل (Pickle),Pickle,المخلل (Pickle),sauce_condiment,أسواق السدحان,أسواق السدحان,,أسواق السدحان,العليا,بلدية,بلدية العليا,True,False,لا يوجد,,0,,,False,none,,4,True
Data 2025.xlsx,1172,2025-02-10,2025-02,2025-W07,1,0,pick-0329-r01,Pick-0329-R01,مخلل ليمون بالعصفر,المخلل (Pickle),Pickle,المخلل (Pickle),sauce_condiment,أسواق السدحان,أسواق السدحان,,أسواق السدحان,العليا,بلدية,بلدية العليا,False,True,خمائر,الخمائر والاعفان,1,,الخمائر والاعفان,False,indicator_only,,5,True
Data 2025.xlsx,1176,2025-02-10,2025-02,2025-W07,1,0,sal-1046-r01,Sal-1046-R01,سلطة مرتديلا (لحم +دجاج),السلطة(Salad),Salad,السلطة(Salad),produce,أسواق السدحان,أسواق السدحان,,أسواق السدحان,العليا,بلدية,بلدية العليا,True,False,لا يوجد,,0,,,False,none,,7,True
Data 2025.xlsx,1180,2025-02-10,2025-02,2025-W07,1,0,sw-2410-r01,sw-2410-R01,مسحة ثلاجة,(Swabs) المسحات,Swabs,(Swabs) المسحات,swab,أسواق السدحان,أسواق السدحان,,أسواق السدحان,العليا,بلدية,بلدية العليا,True,False,لا يوجد,,0,,,False,none,,8,True
Data 2025.xlsx,1181,2025-02-10,2025-02,2025-W07,1,0,sw-2411-r01,sw-2411-R01,مسحة ثلاجة,(Swabs) المسحات,Swabs,(Swabs) المسحات,swab,أسواق السدحان,أسواق السدحان,,أسواق السدحان,العليا,بلدية,بلدية العليا,True,False,لا يوجد,,0,,,False,none,,8,True
Data 2025.xlsx,1182,2025-02-10,2025-02,2025-W07,1,0,sw-2412-r01,sw-2412-R01,مسحة ثلاجة,(Swabs) المسحات,Swabs,(Swabs) المسحات,swab,أسواق السدحان,أسواق السدحان,,أسواق السدحان,العليا,بلدية,بلدية العليا,True,False,لا يوجد,,0,,,False,none,,8,True
Data 2025.xlsx,1183,2025-02-10,2025-02,2025-W07,1,0,sw-2413-r01,sw-2413-R01,مسحة ثلاجة,(Swabs) المسحات,Swabs,(Swabs) المسحات,swab,أسواق السدحان,أسواق السدحان,,أسواق السدحان,العليا,بلدية,بلدية العليا,True,False,لا يوجد,,0,,,False,none,,8,True
Data 2025.xlsx,1184,2025-02-10,2025-02,2025-W07,1,0,sw-2414-r01,sw-2414-R01,مسحة ثلاجة,(Swabs) المسحات,Swabs,(Swabs) المسحات,swab,أسواق السدحان,أسواق السدحان,,أسواق السدحان,العليا,بلدية,بلدية العليا,True,False,لا يوجد,,0,,,False,none,,8,True
Data 2025.xlsx,1185,2025-02-10,2025-02,2025-W07,1,0,sw-2415-r01,sw-2415-R01,مسحة ثلاجة,(Swabs) المسحات,Swabs,(Swabs) المسحات,swab,أسواق السدحان,أسواق السدحان,,أسواق السدحان,العليا,بلدية,بلدية العليا,True,False,لا يوجد,,0,,,False,none,,8,True
Data 2025.xlsx,1186,2025-02-10,2025-02,2025-W07,1,0,sw-2416-r01,sw-2416-R01,مسحة ثلاجة,(Swabs) المسحات,Swabs,(Swabs) المسحات,swab,أسواق السدحان,أسواق السدحان,,أسواق السدحان,العليا,بلدية,بلدية العليا,True,False,لا يوجد,,0,,,False,none,,8,True
Data 2025.xlsx,1187,2025-02-10,2025-02,2025-W07,1,0,sw-2417-r01,sw-2417-R01,مسحة ثلاجة,(Swabs) المسحات,Swabs,(Swabs) المسحات,swab,أسواق السدحان,أسواق السدحان,,أسواق السدحان,العليا,بلدية,بلدية العليا,True,False,لا يوجد,,0,,,False,none,,8,True
Data 2025.xlsx,1188,2025-02-10,2025-02,2025-W07,1,0,sw-2418-r01,sw-2418-R01,مسحة فرامة جبن,(Swabs) المسحات,Swabs,(Swabs) المسحات,swab,أسواق السدحان,أسواق السدحان,,أسواق السدحان,العليا,بلدية,بلدية العليا,False,True,العد الكلي للبكتيريا,العد الكلي للبكتيريا,1,,العد الكلي للبكتيريا,False,indicator_only,,9,True
Data 2025.xlsx,1189,2025-02-10,2025-02,2025-W07,1,0,sw-2419-r01,sw-2419-R01,مسحة قطاعة مرتديلا,(Swabs) المسحات,Swabs,(Swabs) المسحات,swab,أسواق السدحان,أسواق السدحان,,أسواق السدحان,العليا,بلدية,بلدية العليا,False,True,العد الكلي للبكتيريا,العد الكلي للبكتيريا,1,,العد الكلي للبكتيريا,False,indicator_only,,10,True
Data 2025.xlsx,1190,2025-02-10,2025-02,2025-W07,1,0,sw-2420-r01,sw-2420-R01,مسحة ثلاجة,(Swabs) المسحات,Swabs,(Swabs) المسحات,swab,أسواق السدحان,أسواق السدحان,,أسواق السدحان,العليا,بلدية,بلدية العليا,True,False,لا يوجد,,0,,,False,none,,10,True
Data 2025.xlsx,1191,2025-02-10,2025-02,2025-W07,1,0,sw-2421-r01,sw-2421-R01,مسحة ثلاجة تحضير,(Swabs) المسحات,Swabs,(Swabs) المسحات,swab,أسواق السدحان,أسواق السدحان,,أسواق السدحان,العليا,بلدية,بلدية العليا,False,True,العد الكلي للبكتيريا,العد الكلي للبكتيريا,1,,العد الكلي للبكتيريا,False,indicator_only,,11,True
Data 2025.xlsx,1198,2025-02-10,2025-02,2025-W07,1,0,ubot-0889-r01,Ubot-0889-R01,مياه فلتر للعجانة,المياه الغير معبأة (Unbottled water),Unbottled water,المياه الغير معبأة (Unbottled water),water,أسواق السدحان,أسواق السدحان,,أسواق السدحان,العليا,بلدية,بلدية العليا,True,False,لا يوجد,,0,,,False,none,,11,True
Data 2025.xlsx,1200,2025-02-11,2025-02,2025-W07,1,1,1-2736-R01,1-2736-R01,هلابينو,(jalapeno) هلابينو,jalapeno,(jalapeno) هلابينو,produce,العمة مزتة,العمة مزتة,,العمة مزتة,العليا,بلدية,بلدية العليا,True,False,لا يوجد,,0,,,False,none,,0,False
Data 2025.xlsx,1226,2025-02-11,2025-02,2025-W07,1,1,1-2737-R01,1-2737-R01,محمرة,صلصه(salsa),salsa,صلصه(salsa),sauce_condiment,العمة مزتة,العمة مزتة,,العمة مزتة,العليا,بلدية,بلدية العليا,True,False,لا يوجد,,0,,,False,none,,12,True
Data 2025.xlsx,1225,2025-02-11,2025-02,2025-W07,1,1,O3O-sp-0028-R01,O3O-sp-0028-R01,سبانخ (مطبوخ),السبانخ (spinach),spinach,السبانخ (spinach),produce,العمة مزتة,العمة مزتة,,العمة مزتة,العليا,بلدية,بلدية العليا,False,True,ايشيريشيا كولاي,ايشيريشيا كولاي,1,ايشيريشيا كولاي,,True,pathogen,,12,True
Data 2025.xlsx,1205,2025-02-11,2025-02,2025-W07,1,1,OOSS-eg-0305-R01,OOSS-eg-0305-R01,مكدوس باذنجان,الباذنجان (eggplant),eggplant,الباذنجان (eggplant),dairy,العمة مزتة,العمة مزتة,,العمة مزتة,العليا,بلدية,بلدية العليا,True,False,لا يوجد,,0,,,False,none,,2,True
Data 2025.xlsx,1221,2025-02-11,2025-02,2025-W07,1,1,UU-ca-0101-R01,UU-ca-0101-R01,ملفوف (محشي بالرز),الملفوف (cabbage),cabbage,الملفوف (cabbage),produce,العمة مزتة,العمة مزتة,,العمة مزتة,العليا,بلدية,بلدية العليا,True,False,لا يوجد,,0,,,False,none,,11,True
Data 2025.xlsx,1230,2025-02-11,2025-02,2025-W07,1,1,br-0077-r01,Br-0077-R01,خبز ابيض صغير,الخبـز (Bread),Bread,الخبـز (Bread),sweets_bakery,العمة مزتة,العمة مزتة,,العمة مزتة,العليا,بلدية,بلدية العليا,True,False,لا يوجد,,0,,,False,none,,14,True
Data 2025.xlsx,1210,2025-02-11,2025-02,2025-W07,1,1,bri-0268-r01,bri-0268-R01,لبنة مكدوس,لبنة ( brick),brick,لبنة ( brick),dairy,العمة مزتة,العمة مزتة,,العمة مزتة,العليا,بلدية,بلدية العليا,False,True,الخمائر والاعفان,الخمائر والاعفان,1,,الخمائر والاعفان,False,indicator_only,,7,True
Data 2025.xlsx,1213,2025-02-11,2025-02,2025-W07,1,1,bri-0269-r01,bri-0269-R01,لبنة تركي,لبنة ( brick),brick,لبنة ( brick),dairy,العمة مزتة,العمة مزتة,,العمة مزتة,العليا,بلدية,بلدية العليا,False,True,انتيروباكتريسي,انتيروباكتريسي,1,,انتيروباكتريسي,False,indicator_only,,9,True
Data 2025.xlsx,1215,2025-02-11,2025-02,2025-W07,1,1,bri-0270-r01,bri-0270-R01,لبنة زعتر,لبنة ( brick),brick,لبنة ( brick),dairy,العمة مزتة,العمة مزتة,,العمة مزتة,العليا,بلدية,بلدية العليا,True,False,لا يوجد,,0,,,False,none,,10,True
Data 2025.xlsx,1228,2025-02-11,2025-02,2025-W07,1,1,bri-0271-r01,bri-0271-R01,لبنة (منطقة الفرن),لبنة ( brick),brick,لبنة ( brick),dairy,العمة مزتة,العمة مزتة,,العمة مزتة,العليا,بلدية,بلدية العليا,False,True,انتيروباكتريسي | ايشيريشيا كولاي | استافيلوكوكس اورياس,انتيروباكتريسي | ايشيريشيا كولاي | استافيلوكوكس اورياس,3,ايشيريشيا كولاي | استافيلوكوكس اورياس,انتيروباكتريسي,True,multi_pathogen,,14,True
Data 2025.xlsx,1206,2025-02-11,2025-02,2025-W07,1,1,ch-0093-r01,ch-0093-R01,جبنة قريش,الاجبان (cheeses),cheeses,الاجبان (cheeses),dairy,العمة مزتة,العمة مزتة,,العمة مزتة,العليا,بلدية,بلدية العليا,False,True,انتيروباكتريسي,انتيروباكتريسي,1,,انتيروباكتريسي,False,indicator_only,,3,True
Data 2025.xlsx,1207,2025-02-11,2025-02,2025-W07,1,1,ch-0094-r01,ch-0094-R01,جبنة اسكندراني بالفلفل,الاجبان (cheeses),cheeses,الاجبان (cheeses),dairy,العمة مزتة,العمة مزتة,,العمة مزتة,العليا,بلدية,بلدية العليا,False,True,انتيروباكتريسي,انتيروباكتريسي,1,,انتيروباكتريسي,False,indicator_only,,4,True
Data 2025.xlsx,1214,2025-02-11,2025-02,2025-W07,1,1,ch-0095-r01,ch-0095-R01,جبنة قريش,الاجبان (cheeses),cheeses,الاجبان (cheeses),dairy,العمة مزتة,العمة مزتة,,العمة مزتة,العليا,بلدية,بلدية العليا,False,True,استافيلوكوكس اورياس,استافيلوكوكس اورياس,1,استافيلوكوكس اورياس,,True,pathogen,,10,True
Data 2025.xlsx,1218,2025-02-11,2025-02,2025-W07,1,1,cre-0034-r01,Cre-0034-R01,قشطة بدر (المائدة),(cream) قشطة,cream,القشطة (cream),dairy,العمة مزتة,العمة مزتة,,العمة مزتة,العليا,بلدية,بلدية العليا,True,False,لا يوجد,,0,,,False,none,category_merged_to_canonical,11,True
Data 2025.xlsx,1222,2025-02-11,2025-02,2025-W07,1,1,gr-0137-r01,gr-0137-R01,ورق عنب,ورق عنب (Grape leaves),Grape leaves,ورق عنب (Grape leaves),produce,العمة مزتة,العمة مزتة,,العمة مزتة,العليا,بلدية,بلدية العليا,True,False,لا يوجد,,0,,,False,none,,11,True
Data 2025.xlsx,1223,2025-02-11,2025-02,2025-W07,1,1,gr-0138-r01,gr-0138-R01,ورق عنب (حار),ورق عنب (Grape leaves),Grape leaves,ورق عنب (Grape leaves),produce,العمة مزتة,العمة مزتة,,العمة مزتة,العليا,بلدية,بلدية العليا,True,False,لا يوجد,,0,,,False,none,,11,True
Data 2025.xlsx,1224,2025-02-11,2025-02,2025-W07,1,1,gr-0139-r01,gr-0139-R01,ورق عنب دبس الرمان,ورق عنب (Grape leaves),Grape leaves,ورق عنب (Grape leaves),produce,العمة مزتة,العمة مزتة,,العمة مزتة,العليا,بلدية,بلدية العليا,True,False,لا يوجد,,0,,,False,none,,11,True
Data 2025.xlsx,1232,2025-02-11,2025-02,2025-W07,1,1,ho-0213-r01,ho-0213-R01,عسل (يلوفا),(Honey) عسل النحل,Honey,(Honey) عسل النحل,sweets_bakery,العمة مزتة,العمة مزتة,,العمة مزتة,العليا,بلدية,بلدية العليا,True,False,لا يوجد,,0,,,False,none,,14,True
Data 2025.xlsx,1199,2025-02-11,2025-02,2025-W07,1,1,olv-0422-r01,olv-0422-R01,زيتون اسود,الزيتون /Olive,Olive,الزيتون /Olive,produce,العمة مزتة,العمة مزتة,,العمة مزتة,العليا,بلدية,بلدية العليا,True,False,لا يوجد,,0,,,False,none,,0,False
Data 2025.xlsx,1202,2025-02-11,2025-02,2025-W07,1,1,olv-0423-r01,olv-0423-R01,زيتون اسود بدون عجو,الزيتون /Olive,Olive,الزيتون /Olive,produce,العمة مزتة,العمة مزتة,,العمة مزتة,العليا,بلدية,بلدية العليا,True,False,لا يوجد,,0,,,False,none,,1,False
Data 2025.xlsx,1203,2025-02-11,2025-02,2025-W07,1,1,olv-0424-r01,olv-0424-R01,زيتون كامالاتا,الزيتون /Olive,Olive,الزيتون /Olive,produce,العمة مزتة,العمة مزتة,,العمة مزتة,العليا,بلدية,بلدية العليا,True,False,لا يوجد,,0,,,False,none,,1,False
Data 2025.xlsx,1204,2025-02-11,2025-02,2025-W07,1,1,olv-0425-r01,olv-0425-R01,زيتون اخضر,الزيتون /Olive,Olive,الزيتون /Olive,produce,العمة مزتة,العمة مزتة,,العمة مزتة,العليا,بلدية,بلدية العليا,False,True,خمائر,الخمائر والاعفان,1,,الخمائر والاعفان,False,indicator_only,,2,True
Data 2025.xlsx,1201,2025-02-11,2025-02,2025-W07,1,1,pick-0330-r01,Pick-0330-R01,مخلل مشكل,المخلل (Pickle),Pickle,المخلل (Pickle),sauce_condiment,العمة مزتة,العمة مزتة,,العمة مزتة,العليا,بلدية,بلدية العليا,False,True,خمائر,الخمائر والاعفان,1,,الخمائر والاعفان,False,indicator_only,,1,False
Data 2025.xlsx,1227,2025-02-11,2025-02,2025-W07,1,1,raw-0040-r01,Raw-0040-R01,لحم بدبس ارمان (ني) مكس,لحوم نيئة مبردة ومجمدة (Raw meat Cold or chilled ),Raw meat Cold or chilled,لحوم نيئة مبردة ومجمدة (Raw meat Cold or chilled ),raw_meat,العمة مزتة,العمة مزتة,,العمة مزتة,العليا,بلدية,بلدية العليا,False,True,العد الكلي للبكتيريا | استافيلوكوكس اورياس,العد الكلي للبكتيريا | استافيلوكوكس اورياس,2,استافيلوكوكس اورياس,العد الكلي للبكتيريا,True,pathogen,,13,True
Data 2025.xlsx,1208,2025-02-11,2025-02,2025-W07,1,1,sal-1047-r01,Sal-1047-R01,سلطة تونة,السلطة(Salad),Salad,السلطة(Salad),produce,العمة مزتة,العمة مزتة,,العمة مزتة,العليا,بلدية,بلدية العليا,False,True,العد الكلي للبكتيريا | استافيلوكوكس اورياس,العد الكلي للبكتيريا | استافيلوكوكس اورياس,2,استافيلوكوكس اورياس,العد الكلي للبكتيريا,True,pathogen,,5,True
Data 2025.xlsx,1209,2025-02-11,2025-02,2025-W07,1,1,sal-1048-r01,Sal-1048-R01,سلطة اسكندراني,السلطة(Salad),Salad,السلطة(Salad),produce,العمة مزتة,العمة مزتة,,العمة مزتة,العليا,بلدية,بلدية العليا,False,True,العد الكلي للبكتيريا | استافيلوكوكس اورياس,العد الكلي للبكتيريا | استافيلوكوكس اورياس,2,استافيلوكوكس اورياس,العد الكلي للبكتيريا,True,pathogen,,6,True
Data 2025.xlsx,1211,2025-02-11,2025-02,2025-W07,1,1,sal-1049-r01,Sal-1049-R01,سلطة فيتا (عادي),السلطة(Salad),Salad,السلطة(Salad),produce,العمة مزتة,العمة مزتة,,العمة مزتة,العليا,بلدية,بلدية العليا,True,False,لا يوجد,,0,,,False,none,,7,True
Data 2025.xlsx,1212,2025-02-11,2025-02,2025-W07,1,1,sal-1050-r01,Sal-1050-R01,سلطة فيتا (حار),السلطة(Salad),Salad,السلطة(Salad),produce,العمة مزتة,العمة مزتة,,العمة مزتة,العليا,بلدية,بلدية العليا,False,True,انتيروباكتريسي,انتيروباكتريسي,1,,انتيروباكتريسي,False,indicator_only,,8,True
Data 2025.xlsx,1216,2025-02-11,2025-02,2025-W07,1,1,sal-1051-r01,Sal-1051-R01,سلطة مكدوس,السلطة(Salad),Salad,السلطة(Salad),produce,العمة مزتة,العمة مزتة,,العمة مزتة,العليا,بلدية,بلدية العليا,True,False,لا يوجد,,0,,,False,none,,10,True
Data 2025.xlsx,1217,2025-02-11,2025-02,2025-W07,1,1,sal-1052-r01,Sal-1052-R01,سلطة مرتديلا (لحم + دجاج),السلطة(Salad),Salad,السلطة(Salad),produce,العمة مزتة,العمة مزتة,,العمة مزتة,العليا,بلدية,بلدية العليا,False,True,العد الكلي للبكتيريا,العد الكلي للبكتيريا,1,,العد الكلي للبكتيريا,False,indicator_only,,11,True
Data 2025.xlsx,1219,2025-02-11,2025-02,2025-W07,1,1,sw-2422-r01,sw-2422-R01,مسحة ثلاجة,(Swabs) المسحات,Swabs,(Swabs) المسحات,swab,العمة مزتة,العمة مزتة,,العمة مزتة,العليا,بلدية,بلدية العليا,True,False,لا يوجد,,0,,,False,none,,11,True
Data 2025.xlsx,1220,2025-02-11,2025-02,2025-W07,1,1,sw-2423-r01,sw-2423-R01,مسحة ثلاجة,(Swabs) المسحات,Swabs,(Swabs) المسحات,swab,العمة مزتة,العمة مزتة,,العمة مزتة,العليا,بلدية,بلدية العليا,True,False,لا يوجد,,0,,,False,none,,11,True
Data 2025.xlsx,1229,2025-02-11,2025-02,2025-W07,1,1,sw-2424-r01,sw-2424-R01,مسحة ثلاجة اعداد الفرن,(Swabs) المسحات,Swabs,(Swabs) المسحات,swab,العمة مزتة,العمة مزتة,,العمة مزتة,العليا,بلدية,بلدية العليا,True,False,لا يوجد,,0,,,False,none,,14,True
Data 2025.xlsx,1231,2025-02-11,2025-02,2025-W07,1,1,sw-2425-r01,sw-2425-R01,مسحة منطقة خبز صامولي,(Swabs) المسحات,Swabs,(Swabs) المسحات,swab,العمة مزتة,العمة مزتة,,العمة مزتة,العليا,بلدية,بلدية العليا,True,False,لا يوجد,,0,,,False,none,,14,True
Data 2025.xlsx,1233,2025-02-11,2025-02,2025-W07,1,1,ubot-0890-r01,Ubot-0890-R01,مياه فلتر للعجانة,المياه الغير معبأة (Unbottled water),Unbottled water,المياه الغير معبأة (Unbottled water),water,العمة مزتة,العمة مزتة,,العمة مزتة,العليا,بلدية,بلدية العليا,True,False,لا يوجد,,0,,,False,none,,14,True
Data 2025.xlsx,1235,2025-02-15,2025-02,2025-W07,1,5,1-2741-R01,1-2741-R01,نكهة ون مليون,نكهات مركزة ( Syrup ),Syrup,نكهات مركزة ( Syrup ),sauce_condiment,دانكن دونت (شركة شهية),دانكن دونت (شركة شهية),,دانكن دونت (شركة شهية),الشمال,بلدية,بلدية الشمال,True,False,لا يوجد,,0,,,False,none,,0,False
Data 2025.xlsx,1236,2025-02-15,2025-02,2025-W07,1,5,1-2742-R01,1-2742-R01,نكهة ليمون,نكهات مركزة ( Syrup ),Syrup,نكهات مركزة ( Syrup ),sauce_condiment,دانكن دونت (شركة شهية),دانكن دونت (شركة شهية),,دانكن دونت (شركة شهية),الشمال,بلدية,بلدية الشمال,True,False,لا يوجد,,0,,,False,none,,0,False
Data 2025.xlsx,1238,2025-02-15,2025-02,2025-W07,1,5,1-2743-R01,1-2743-R01,نكهة فانيلا,نكهات مركزة ( Syrup ),Syrup,نكهات مركزة ( Syrup ),sauce_condiment,دانكن دونت (شركة شهية),دانكن دونت (شركة شهية),,دانكن دونت (شركة شهية),الشمال,بلدية,بلدية الشمال,False,True,الخمائر والاعفان,الخمائر والاعفان,1,,الخمائر والاعفان,False,indicator_only,,1,False
Data 2025.xlsx,1241,2025-02-15,2025-02,2025-W07,1,5,1-2744-R01,1-2744-R01,نكهة بلو بيري,نكهات مركزة ( Syrup ),Syrup,نكهات مركزة ( Syrup ),sauce_condiment,دانكن دونت (شركة شهية),دانكن دونت (شركة شهية),,دانكن دونت (شركة شهية),الشمال,بلدية,بلدية الشمال,False,True,العد الكلي للبكتيريا,العد الكلي للبكتيريا,1,,العد الكلي للبكتيريا,False,indicator_only,,2,True
Data 2025.xlsx,1242,2025-02-15,2025-02,2025-W07,1,5,1-2745-R01,1-2745-R01,دونت باليمون,(donut) دونات,donut,(donut) دونات,produce,دانكن دونت (شركة شهية),دانكن دونت (شركة شهية),,دانكن دونت (شركة شهية),الشمال,بلدية,بلدية الشمال,True,False,لا يوجد,,0,,,False,none,,2,True
Data 2025.xlsx,1243,2025-02-15,2025-02,2025-W07,1,5,1-2746-R01,1-2746-R01,كورسان بالجبنة,كروسان (croissant),croissant,كروسان (croissant),sweets_bakery,دانكن دونت (شركة شهية),دانكن دونت (شركة شهية),,دانكن دونت (شركة شهية),الشمال,بلدية,بلدية الشمال,True,False,لا يوجد,,0,,,False,none,,2,True
Data 2025.xlsx,1244,2025-02-15,2025-02,2025-W07,1,5,1-2747-R01,1-2747-R01,كورسان بالزعتر,كروسان (croissant),croissant,كروسان (croissant),sweets_bakery,دانكن دونت (شركة شهية),دانكن دونت (شركة شهية),,دانكن دونت (شركة شهية),الشمال,بلدية,بلدية الشمال,True,False,لا يوجد,,0,,,False,none,,2,True
Data 2025.xlsx,1245,2025-02-15,2025-02,2025-W07,1,5,1-2748-R01,1-2748-R01,فطيرة كوفي رول,(Pie) فطيرة,Pie,(Pie) فطيرة,sweets_bakery,دانكن دونت (شركة شهية),دانكن دونت (شركة شهية),,دانكن دونت (شركة شهية),الشمال,بلدية,بلدية الشمال,True,False,لا يوجد,,0,,,False,none,,2,True
Data 2025.xlsx,1246,2025-02-15,2025-02,2025-W07,1,5,1-2749-R01,1-2749-R01,مانشكينز جليزد,(donut) دونات,donut,(donut) دونات,produce,دانكن دونت (شركة شهية),دانكن دونت (شركة شهية),,دانكن دونت (شركة شهية),الشمال,بلدية,بلدية الشمال,False,True,العد الكلي للبكتيريا,العد الكلي للبكتيريا,1,,العد الكلي للبكتيريا,False,indicator_only,,3,True
Data 2025.xlsx,1247,2025-02-15,2025-02,2025-W07,1,5,1-2750-R01,1-2750-R01,مانشكينز كوكيز جليزد,(donut) دونات,donut,(donut) دونات,produce,دانكن دونت (شركة شهية),دانكن دونت (شركة شهية),,دانكن دونت (شركة شهية),الشمال,بلدية,بلدية الشمال,False,True,العد الكلي للبكتيريا,العد الكلي للبكتيريا,1,,العد الكلي للبكتيريا,False,indicator_only,,4,True
Data 2025.xlsx,1248,2025-02-15,2025-02,2025-W07,1,5,1-2751-R01,1-2751-R01,دونات كاستر,(donut) دونات,donut,(donut) دونات,produce,دانكن دونت (شركة شهية),دانكن دونت (شركة شهية),,دانكن دونت (شركة شهية),الشمال,بلدية,بلدية الشمال,False,True,العد الكلي للبكتيريا | انتيروباكتريسي,العد الكلي للبكتيريا | انتيروباكتريسي,2,,العد الكلي للبكتيريا | انتيروباكتريسي,False,indicator_only,,5,True
Data 2025.xlsx,1250,2025-02-15,2025-02,2025-W07,1,5,1-2752-R01,1-2752-R01,دونات كلاسك,(donut) دونات,donut,(donut) دونات,produce,دانكن دونت (شركة شهية),دانكن دونت (شركة شهية),,دانكن دونت (شركة شهية),الشمال,بلدية,بلدية الشمال,False,True,العد الكلي للبكتيريا | انتيروباكتريسي,العد الكلي للبكتيريا | انتيروباكتريسي,2,,العد الكلي للبكتيريا | انتيروباكتريسي,False,indicator_only,,7,True
Data 2025.xlsx,1251,2025-02-15,2025-02,2025-W07,1,5,1-2753-R01,1-2753-R01,دونات نوتيلا دريم كيك,(donut) دونات,donut,(donut) دونات,produce,دانكن دونت (شركة شهية),دانكن دونت (شركة شهية),,دانكن دونت (شركة شهية),الشمال,بلدية,بلدية الشمال,True,False,لا يوجد,,0,,,False,none,,7,True
Data 2025.xlsx,1234,2025-02-15,2025-02,2025-W07,1,5,coff-0610-r01,Coff-0610-R01,قهوة باردة,القهوة ومشتقاتها (Coffee and derivatives),Coffee and derivatives,القهوة ومشتقاتها (Coffee and derivatives),beverage,دانكن دونت (شركة شهية),دانكن دونت (شركة شهية),,دانكن دونت (شركة شهية),الشمال,بلدية,بلدية الشمال,True,False,لا يوجد,,0,,,False,none,,0,False
Data 2025.xlsx,1237,2025-02-15,2025-02,2025-W07,1,5,sau-1169-r01,sau-1169-R01,صوص شوكولاتة بيضاء,صوص (sauce),sauce,صوص (sauce),sauce_condiment,دانكن دونت (شركة شهية),دانكن دونت (شركة شهية),,دانكن دونت (شركة شهية),الشمال,بلدية,بلدية الشمال,True,False,لا يوجد,,0,,,False,none,,0,False
Data 2025.xlsx,1239,2025-02-15,2025-02,2025-W07,1,5,sau-1170-r01,sau-1170-R01,صوص شوكولاتة,صوص (sauce),sauce,صوص (sauce),sauce_condiment,دانكن دونت (شركة شهية),دانكن دونت (شركة شهية),,دانكن دونت (شركة شهية),الشمال,بلدية,بلدية الشمال,True,False,لا يوجد,,0,,,False,none,,1,False
Data 2025.xlsx,1240,2025-02-15,2025-02,2025-W07,1,5,sau-1171-r01,sau-1171-R01,صوص شو بتلي,صوص (sauce),sauce,صوص (sauce),sauce_condiment,دانكن دونت (شركة شهية),دانكن دونت (شركة شهية),,دانكن دونت (شركة شهية),الشمال,بلدية,بلدية الشمال,True,False,لا يوجد,,0,,,False,none,,1,False
Data 2025.xlsx,1253,2025-02-15,2025-02,2025-W07,1,5,sw-2426-r01,sw-2426-R01,مسحة ثلاجة دونات,(Swabs) المسحات,Swabs,(Swabs) المسحات,swab,دانكن دونت (شركة شهية),دانكن دونت (شركة شهية),,دانكن دونت (شركة شهية),الشمال,بلدية,بلدية الشمال,True,False,لا يوجد,,0,,,False,none,,7,True
Data 2025.xlsx,1254,2025-02-15,2025-02,2025-W07,1,5,sw-2427-r01,sw-2427-R01,مسحة ثلاجة تحضير,(Swabs) المسحات,Swabs,(Swabs) المسحات,swab,دانكن دونت (شركة شهية),دانكن دونت (شركة شهية),,دانكن دونت (شركة شهية),الشمال,بلدية,بلدية الشمال,True,False,لا يوجد,,0,,,False,none,,7,True
Data 2025.xlsx,1255,2025-02-15,2025-02,2025-W07,1,5,sw-2428-r01,sw-2428-R01,مسحة صانعة ثلج,(Swabs) المسحات,Swabs,(Swabs) المسحات,swab,دانكن دونت (شركة شهية),دانكن دونت (شركة شهية),,دانكن دونت (شركة شهية),الشمال,بلدية,بلدية الشمال,True,False,لا يوجد,,0,,,False,none,,7,True
Data 2025.xlsx,1249,2025-02-15,2025-02,2025-W07,1,5,sweet-0732-r01,sweet-0732-R01,تشيز كيك بالتوت,الحلا(sweetness),sweetness,الحلا(sweetness),sweets_bakery,دانكن دونت (شركة شهية),دانكن دونت (شركة شهية),,دانكن دونت (شركة شهية),الشمال,بلدية,بلدية الشمال,False,True,العد الكلي للبكتيريا | انتيروباكتريسي,العد الكلي للبكتيريا | انتيروباكتريسي,2,,العد الكلي للبكتيريا | انتيروباكتريسي,False,indicator_only,,6,True
Data 2025.xlsx,1252,2025-02-15,2025-02,2025-W07,1,5,sweet-0733-r01,sweet-0733-R01,نوتيلا دبل جوي,الحلا(sweetness),sweetness,الحلا(sweetness),sweets_bakery,دانكن دونت (شركة شهية),دانكن دونت (شركة شهية),,دانكن دونت (شركة شهية),الشمال,بلدية,بلدية الشمال,True,False,لا يوجد,,0,,,False,none,,7,True
Data 2025.xlsx,1273,2025-02-16,2025-02,2025-W07,1,6,1-2754-R01,1-2754-R01,رز ابيض,الارز ( rice),rice,الارز ( rice),prepared_meal,فندق موفنبيك الرياض,فندق موفنبيك الرياض,,فندق موفنبيك الرياض,الشمال,بلدية,بلدية الشمال,True,False,لا يوجد,,0,,,False,none,,5,True
Data 2025.xlsx,1299,2025-02-16,2025-02,2025-W07,1,6,1-2755-R01,1-2755-R01,محمرة,صلصه(salsa),salsa,صلصه(salsa),sauce_condiment,فندق موفنبيك الرياض,فندق موفنبيك الرياض,,فندق موفنبيك الرياض,الشمال,بلدية,بلدية الشمال,False,True,اعفان,الخمائر والاعفان,1,,الخمائر والاعفان,False,indicator_only,,7,True
Data 2025.xlsx,1274,2025-02-16,2025-02,2025-W07,1,6,O3U-sa-0014-R01,O3U-sa-0014-R01,سمبوسة,السمبوسة (Samposa),Samposa,السمبوسة (Samposa),sweets_bakery,فندق موفنبيك الرياض,فندق موفنبيك الرياض,,فندق موفنبيك الرياض,الشمال,بلدية,بلدية الشمال,True,False,لا يوجد,,0,,,False,none,,5,True
Data 2025.xlsx,1272,2025-02-16,2025-02,2025-W07,1,6,OO-OSS-po-0332-R01,OO-OSS-po-0332-R01,بطاطس مقلي,البطاطس (potatoes),potatoes,البطاطس (potatoes),produce,فندق موفنبيك الرياض,فندق موفنبيك الرياض,,فندق موفنبيك الرياض,الشمال,بلدية,بلدية الشمال,True,False,لا يوجد,,0,,,False,none,,5,True
Data 2025.xlsx,1295,2025-02-16,2025-02,2025-W07,1,6,appe-0290-r01,Appe-0290-R01,كتبل جزر,مقبلات (Appetizers),Appetizers,مقبلات (Appetizers),prepared_meal,فندق موفنبيك الرياض,فندق موفنبيك الرياض,,فندق موفنبيك الرياض,الشمال,بلدية,بلدية الشمال,True,False,لا يوجد,,0,,,False,none,,5,True
Data 2025.xlsx,1268,2025-02-16,2025-02,2025-W07,1,6,bakgoo-0442-r01,bakgoo-0442-R01,كورسان شوكولاتة,(baked goods) المخبوزات,baked goods,(baked goods) المخبوزات,sweets_bakery,فندق موفنبيك الرياض,فندق موفنبيك الرياض,,فندق موفنبيك الرياض,الشمال,بلدية,بلدية الشمال,True,False,لا يوجد,,0,,,False,none,,5,True
Data 2025.xlsx,1269,2025-02-16,2025-02,2025-W07,1,6,bakgoo-0443-r01,bakgoo-0443-R01,فطيرة تفاح,(baked goods) المخبوزات,baked goods,(baked goods) المخبوزات,sweets_bakery,فندق موفنبيك الرياض,فندق موفنبيك الرياض,,فندق موفنبيك الرياض,الشمال,بلدية,بلدية الشمال,True,False,لا يوجد,,0,,,False,none,,5,True
Data 2025.xlsx,1275,2025-02-16,2025-02,2025-W07,1,6,bakgoo-0444-r01,bakgoo-0444-R01,فطيرة دنش,(baked goods) المخبوزات,baked goods,(baked goods) المخبوزات,sweets_bakery,فندق موفنبيك الرياض,فندق موفنبيك الرياض,,فندق موفنبيك الرياض,الشمال,بلدية,بلدية الشمال,True,False,لا يوجد,,0,,,False,none,,5,True
Data 2025.xlsx,1276,2025-02-16,2025-02,2025-W07,1,6,bakgoo-0445-r01,bakgoo-0445-R01,فطيرة دنش فراولة,(baked goods) المخبوزات,baked goods,(baked goods) المخبوزات,sweets_bakery,فندق موفنبيك الرياض,فندق موفنبيك الرياض,,فندق موفنبيك الرياض,الشمال,بلدية,بلدية الشمال,True,False,لا يوجد,,0,,,False,none,,5,True
Data 2025.xlsx,1277,2025-02-16,2025-02,2025-W07,1,6,bakgoo-0446-r01,bakgoo-0446-R01,كورسان زعتر,(baked goods) المخبوزات,baked goods,(baked goods) المخبوزات,sweets_bakery,فندق موفنبيك الرياض,فندق موفنبيك الرياض,,فندق موفنبيك الرياض,الشمال,بلدية,بلدية الشمال,True,False,لا يوجد,,0,,,False,none,,5,True
Data 2025.xlsx,1279,2025-02-16,2025-02,2025-W07,1,6,bakgoo-0447-r01,bakgoo-0447-R01,فطيرة زعتر,(baked goods) المخبوزات,baked goods,(baked goods) المخبوزات,sweets_bakery,فندق موفنبيك الرياض,فندق موفنبيك الرياض,,فندق موفنبيك الرياض,الشمال,بلدية,بلدية الشمال,True,False,لا يوجد,,0,,,False,none,,5,True
Data 2025.xlsx,1280,2025-02-16,2025-02,2025-W07,1,6,bakgoo-0448-r01,bakgoo-0448-R01,بن كيك,(baked goods) المخبوزات,baked goods,(baked goods) المخبوزات,sweets_bakery,فندق موفنبيك الرياض,فندق موفنبيك الرياض,,فندق موفنبيك الرياض,الشمال,بلدية,بلدية الشمال,True,False,لا يوجد,,0,,,False,none,,5,True
Data 2025.xlsx,1281,2025-02-16,2025-02,2025-W07,1,6,bakgoo-0449-r01,bakgoo-0449-R01,وافل,(baked goods) المخبوزات,baked goods,(baked goods) المخبوزات,sweets_bakery,فندق موفنبيك الرياض,فندق موفنبيك الرياض,,فندق موفنبيك الرياض,الشمال,بلدية,بلدية الشمال,True,False,لا يوجد,,0,,,False,none,,5,True
Data 2025.xlsx,1264,2025-02-16,2025-02,2025-W07,1,6,ck-0126-r01,ck-0126-R01,كيكة شوكولاتة مع فستق,كيك (cake),cake,كيك (cake),sweets_bakery,فندق موفنبيك الرياض,فندق موفنبيك الرياض,,فندق موفنبيك الرياض,الشمال,بلدية,بلدية الشمال,True,False,لا يوجد,,0,,,False,none,,4,True
Data 2025.xlsx,1265,2025-02-16,2025-02,2025-W07,1,6,ck-0127-r01,ck-0127-R01,كيكة رمان,كيك (cake),cake,كيك (cake),sweets_bakery,فندق موفنبيك الرياض,فندق موفنبيك الرياض,,فندق موفنبيك الرياض,الشمال,بلدية,بلدية الشمال,True,False,لا يوجد,,0,,,False,none,,4,True
Data 2025.xlsx,1267,2025-02-16,2025-02,2025-W07,1,6,ck-0128-r01,ck-0128-R01,كيك لوز,كيك (cake),cake,كيك (cake),sweets_bakery,فندق موفنبيك الرياض,فندق موفنبيك الرياض,,فندق موفنبيك الرياض,الشمال,بلدية,بلدية الشمال,True,False,لا يوجد,,0,,,False,none,,5,True
Data 2025.xlsx,1278,2025-02-16,2025-02,2025-W07,1,6,ck-0129-r01,ck-0129-R01,كيك بالجزر,كيك (cake),cake,كيك (cake),sweets_bakery,فندق موفنبيك الرياض,فندق موفنبيك الرياض,,فندق موفنبيك الرياض,الشمال,بلدية,بلدية الشمال,True,False,لا يوجد,,0,,,False,none,,5,True
Data 2025.xlsx,1300,2025-02-16,2025-02,2025-W07,1,6,ck-0130-r01,ck-0130-R01,كيك بادج,كيك (cake),cake,كيك (cake),sweets_bakery,فندق موفنبيك الرياض,فندق موفنبيك الرياض,,فندق موفنبيك الرياض,الشمال,بلدية,بلدية الشمال,True,False,لا يوجد,,0,,,False,none,,7,True
Data 2025.xlsx,1260,2025-02-16,2025-02,2025-W07,1,6,cm-0078-r01,Cm-0078-R01,كباب لحم غنم,اللحوم المطبوخة (Cooked meat),Cooked meat,اللحوم المطبوخة (Cooked meat),cooked_meat_poultry,فندق موفنبيك الرياض,فندق موفنبيك الرياض,,فندق موفنبيك الرياض,الشمال,بلدية,بلدية الشمال,True,False,لا يوجد,,0,,,False,none,,2,True
Data 2025.xlsx,1271,2025-02-16,2025-02,2025-W07,1,6,fis-0007-r01,fis-0007-R01,سمك مطبوخ,سمك مطبوخ,,سمك مطبوخ,cooked_meat_poultry,فندق موفنبيك الرياض,فندق موفنبيك الرياض,,فندق موفنبيك الرياض,الشمال,بلدية,بلدية الشمال,True,False,لا يوجد,,0,,,False,none,,5,True
Data 2025.xlsx,1296,2025-02-16,2025-02,2025-W07,1,6,homo-0403-r01,homo-0403-R01,حمص,"الحمص Homous , Tzatziki and other dips","Homous , Tzatziki and other dips","الحمص Homous , Tzatziki and other dips",prepared_meal,فندق موفنبيك الرياض,فندق موفنبيك الرياض,,فندق موفنبيك الرياض,الشمال,بلدية,بلدية الشمال,True,False,لا يوجد,,0,,,False,none,,5,True
Data 2025.xlsx,1298,2025-02-16,2025-02,2025-W07,1,6,olv-0426-r01,olv-0426-R01,زيتون شرائح اخضر,الزيتون /Olive,Olive,الزيتون /Olive,produce,فندق موفنبيك الرياض,فندق موفنبيك الرياض,,فندق موفنبيك الرياض,الشمال,بلدية,بلدية الشمال,False,True,خمائر,الخمائر والاعفان,1,,الخمائر والاعفان,False,indicator_only,,6,True
Data 2025.xlsx,1297,2025-02-16,2025-02,2025-W07,1,6,pick-0331-r01,Pick-0331-R01,مخلل مشكل,المخلل (Pickle),Pickle,المخلل (Pickle),sauce_condiment,فندق موفنبيك الرياض,فندق موفنبيك الرياض,,فندق موفنبيك الرياض,الشمال,بلدية,بلدية الشمال,True,False,لا يوجد,,0,,,False,none,,5,True
Data 2025.xlsx,1258,2025-02-16,2025-02,2025-W07,1,6,sal-1053-r01,Sal-1053-R01,سلطة خضراء,السلطة(Salad),Salad,السلطة(Salad),produce,فندق موفنبيك الرياض,فندق موفنبيك الرياض,,فندق موفنبيك الرياض,الشمال,بلدية,بلدية الشمال,True,False,لا يوجد,,0,,,False,none,,2,True
Data 2025.xlsx,1261,2025-02-16,2025-02,2025-W07,1,6,sal-1054-r01,Sal-1054-R01,سلطة مشويات,السلطة(Salad),Salad,السلطة(Salad),produce,فندق موفنبيك الرياض,فندق موفنبيك الرياض,,فندق موفنبيك الرياض,الشمال,بلدية,بلدية الشمال,True,False,لا يوجد,,0,,,False,none,,2,True
Data 2025.xlsx,1284,2025-02-16,2025-02,2025-W07,1,6,sal-1055-r01,Sal-1055-R01,سلطة حلومي,السلطة(Salad),Salad,السلطة(Salad),produce,فندق موفنبيك الرياض,فندق موفنبيك الرياض,,فندق موفنبيك الرياض,الشمال,بلدية,بلدية الشمال,True,False,لا يوجد,,0,,,False,none,,5,True
Data 2025.xlsx,1285,2025-02-16,2025-02,2025-W07,1,6,sal-1056-r01,Sal-1056-R01,سلطة قريك بالجبنة,السلطة(Salad),Salad,السلطة(Salad),produce,فندق موفنبيك الرياض,فندق موفنبيك الرياض,,فندق موفنبيك الرياض,الشمال,بلدية,بلدية الشمال,True,False,لا يوجد,,0,,,False,none,,5,True
Data 2025.xlsx,1286,2025-02-16,2025-02,2025-W07,1,6,sal-1057-r01,Sal-1057-R01,سلطة فتوش,السلطة(Salad),Salad,السلطة(Salad),produce,فندق موفنبيك الرياض,فندق موفنبيك الرياض,,فندق موفنبيك الرياض,الشمال,بلدية,بلدية الشمال,True,False,لا يوجد,,0,,,False,none,,5,True
Data 2025.xlsx,1287,2025-02-16,2025-02,2025-W07,1,6,sal-1058-r01,Sal-1058-R01,سلطة مكس سي فور,السلطة(Salad),Salad,السلطة(Salad),produce,فندق موفنبيك الرياض,فندق موفنبيك الرياض,,فندق موفنبيك الرياض,الشمال,بلدية,بلدية الشمال,True,False,لا يوجد,,0,,,False,none,,5,True
Data 2025.xlsx,1288,2025-02-16,2025-02,2025-W07,1,6,sal-1059-r01,Sal-1059-R01,سلطة تايلاندي,السلطة(Salad),Salad,السلطة(Salad),produce,فندق موفنبيك الرياض,فندق موفنبيك الرياض,,فندق موفنبيك الرياض,الشمال,بلدية,بلدية الشمال,True,False,لا يوجد,,0,,,False,none,,5,True
Data 2025.xlsx,1289,2025-02-16,2025-02,2025-W07,1,6,sal-1060-r01,Sal-1060-R01,سلطة دجاج مع اناناس,السلطة(Salad),Salad,السلطة(Salad),produce,فندق موفنبيك الرياض,فندق موفنبيك الرياض,,فندق موفنبيك الرياض,الشمال,بلدية,بلدية الشمال,True,False,لا يوجد,,0,,,False,none,,5,True
Data 2025.xlsx,1290,2025-02-16,2025-02,2025-W07,1,6,sal-1061-r01,Sal-1061-R01,سلطة كيمو,السلطة(Salad),Salad,السلطة(Salad),produce,فندق موفنبيك الرياض,فندق موفنبيك الرياض,,فندق موفنبيك الرياض,الشمال,بلدية,بلدية الشمال,True,False,لا يوجد,,0,,,False,none,,5,True
Data 2025.xlsx,1291,2025-02-16,2025-02,2025-W07,1,6,sal-1062-r01,Sal-1062-R01,سلطة باستا مع تونة,السلطة(Salad),Salad,السلطة(Salad),produce,فندق موفنبيك الرياض,فندق موفنبيك الرياض,,فندق موفنبيك الرياض,الشمال,بلدية,بلدية الشمال,True,False,لا يوجد,,0,,,False,none,,5,True
Data 2025.xlsx,1292,2025-02-16,2025-02,2025-W07,1,6,sal-1063-r01,Sal-1063-R01,سلطة بطاطس,السلطة(Salad),Salad,السلطة(Salad),produce,فندق موفنبيك الرياض,فندق موفنبيك الرياض,,فندق موفنبيك الرياض,الشمال,بلدية,بلدية الشمال,True,False,لا يوجد,,0,,,False,none,,5,True
Data 2025.xlsx,1293,2025-02-16,2025-02,2025-W07,1,6,sal-1064-r01,Sal-1064-R01,سلطة روبيان,السلطة(Salad),Salad,السلطة(Salad),produce,فندق موفنبيك الرياض,فندق موفنبيك الرياض,,فندق موفنبيك الرياض,الشمال,بلدية,بلدية الشمال,True,False,لا يوجد,,0,,,False,none,,5,True
Data 2025.xlsx,1294,2025-02-16,2025-02,2025-W07,1,6,sal-1065-r01,Sal-1065-R01,سلطة شمندر,السلطة(Salad),Salad,السلطة(Salad),produce,فندق موفنبيك الرياض,فندق موفنبيك الرياض,,فندق موفنبيك الرياض,الشمال,بلدية,بلدية الشمال,True,False,لا يوجد,,0,,,False,none,,5,True
Data 2025.xlsx,1256,2025-02-16,2025-02,2025-W07,1,6,sw-2429-r01,sw-2429-R01,مسحة يد,(Swabs) المسحات,Swabs,(Swabs) المسحات,swab,فندق موفنبيك الرياض,فندق موفنبيك الرياض,,فندق موفنبيك الرياض,الشمال,بلدية,بلدية الشمال,False,True,العد الكلي للبكتيريا,العد الكلي للبكتيريا,1,,العد الكلي للبكتيريا,False,indicator_only,,1,False
Data 2025.xlsx,1257,2025-02-16,2025-02,2025-W07,1,6,sw-2430-r01,sw-2430-R01,مسحة طاولة تقطيع خضار,(Swabs) المسحات,Swabs,(Swabs) المسحات,swab,فندق موفنبيك الرياض,فندق موفنبيك الرياض,,فندق موفنبيك الرياض,الشمال,بلدية,بلدية الشمال,False,True,العد الكلي للبكتيريا,العد الكلي للبكتيريا,1,,العد الكلي للبكتيريا,False,indicator_only,,2,True
Data 2025.xlsx,1259,2025-02-16,2025-02,2025-W07,1,6,sw-2431-r01,sw-2431-R01,مسحة طاولة خبز,(Swabs) المسحات,Swabs,(Swabs) المسحات,swab,فندق موفنبيك الرياض,فندق موفنبيك الرياض,,فندق موفنبيك الرياض,الشمال,بلدية,بلدية الشمال,True,False,لا يوجد,,0,,,False,none,,2,True
Data 2025.xlsx,1262,2025-02-16,2025-02,2025-W07,1,6,sw-2432-r01,sw-2432-R01,مسحة يد عامل,(Swabs) المسحات,Swabs,(Swabs) المسحات,swab,فندق موفنبيك الرياض,فندق موفنبيك الرياض,,فندق موفنبيك الرياض,الشمال,بلدية,بلدية الشمال,False,True,العد الكلي للبكتيريا | استافيلوكوكس اورياس,العد الكلي للبكتيريا | استافيلوكوكس اورياس,2,استافيلوكوكس اورياس,العد الكلي للبكتيريا,True,pathogen,,3,True
Data 2025.xlsx,1263,2025-02-16,2025-02,2025-W07,1,6,sw-2433-r01,sw-2433-R01,مسحة صحن حلا,(Swabs) المسحات,Swabs,(Swabs) المسحات,swab,فندق موفنبيك الرياض,فندق موفنبيك الرياض,,فندق موفنبيك الرياض,الشمال,بلدية,بلدية الشمال,False,True,العد الكلي للبكتيريا | استافيلوكوكس اورياس,العد الكلي للبكتيريا | استافيلوكوكس اورياس,2,استافيلوكوكس اورياس,العد الكلي للبكتيريا,True,pathogen,,4,True
Data 2025.xlsx,1282,2025-02-16,2025-02,2025-W07,1,6,sw-2434-r01,sw-2434-R01,مسحة طاولة مخبوزات,(Swabs) المسحات,Swabs,(Swabs) المسحات,swab,فندق موفنبيك الرياض,فندق موفنبيك الرياض,,فندق موفنبيك الرياض,الشمال,بلدية,بلدية الشمال,True,False,لا يوجد,,0,,,False,none,,5,True
Data 2025.xlsx,1283,2025-02-16,2025-02,2025-W07,1,6,sw-2435-r01,sw-2435-R01,مسحة طاولة مخبوزات,(Swabs) المسحات,Swabs,(Swabs) المسحات,swab,فندق موفنبيك الرياض,فندق موفنبيك الرياض,,فندق موفنبيك الرياض,الشمال,بلدية,بلدية الشمال,True,False,لا يوجد,,0,,,False,none,,5,True
Data 2025.xlsx,1266,2025-02-16,2025-02,2025-W07,1,6,sweet-0734-r01,sweet-0734-R01,تارت فواكه,الحلا(sweetness),sweetness,الحلا(sweetness),sweets_bakery,فندق موفنبيك الرياض,فندق موفنبيك الرياض,,فندق موفنبيك الرياض,الشمال,بلدية,بلدية الشمال,False,True,العد الكلي للبكتيريا | انتيروباكتريسي,العد الكلي للبكتيريا | انتيروباكتريسي,2,,العد الكلي للبكتيريا | انتيروباكتريسي,False,indicator_only,,5,True
Data 2025.xlsx,1270,2025-02-16,2025-02,2025-W07,1,6,sweet-0735-r01,sweet-0735-R01,كوكيز,الحلا(sweetness),sweetness,الحلا(sweetness),sweets_bakery,فندق موفنبيك الرياض,فندق موفنبيك الرياض,,فندق موفنبيك الرياض,الشمال,بلدية,بلدية الشمال,True,False,لا يوجد,,0,,,False,none,,5,True
Data 2025.xlsx,1301,2025-02-16,2025-02,2025-W07,1,6,sweet-0736-r01,sweet-0736-R01,بلح الشام,الحلا(sweetness),sweetness,الحلا(sweetness),sweets_bakery,فندق موفنبيك الرياض,فندق موفنبيك الرياض,,فندق موفنبيك الرياض,الشمال,بلدية,بلدية الشمال,True,False,لا يوجد,,0,,,False,none,,7,True
Data 2025.xlsx,1302,2025-02-16,2025-02,2025-W07,1,6,sweet-0737-r01,sweet-0737-R01,شوكلير,الحلا(sweetness),sweetness,الحلا(sweetness),sweets_bakery,فندق موفنبيك الرياض,فندق موفنبيك الرياض,,فندق موفنبيك الرياض,الشمال,بلدية,بلدية الشمال,True,False,لا يوجد,,0,,,False,none,,7,True
Data 2025.xlsx,1303,2025-02-16,2025-02,2025-W07,1,6,ubot-0891-r01,Ubot-0891-R01,مياه فلتر لغسيل الادوات + الخضروات,المياه الغير معبأة (Unbottled water),Unbottled water,المياه الغير معبأة (Unbottled water),water,فندق موفنبيك الرياض,فندق موفنبيك الرياض,,فندق موفنبيك الرياض,الشمال,بلدية,بلدية الشمال,True,False,لا يوجد,,0,,,False,none,,7,True
Data 2025.xlsx,1311,2025-02-17,2025-02,2025-W08,1,0,1-2756-R01,1-2756-R01,دونات شوكولاتة,(donut) دونات,donut,(donut) دونات,produce,فندق هيلتون دبل تري,فندق هيلتون دبل تري,,فندق هيلتون دبل تري,الشمال,بلدية,بلدية الشمال,True,False,لا يوجد,,0,,,False,none,,2,True
Data 2025.xlsx,1312,2025-02-17,2025-02,2025-W08,1,0,1-2757-R01,1-2757-R01,دونات وايت شوكولاتة,(donut) دونات,donut,(donut) دونات,produce,فندق هيلتون دبل تري,فندق هيلتون دبل تري,,فندق هيلتون دبل تري,الشمال,بلدية,بلدية الشمال,True,False,لا يوجد,,0,,,False,none,,2,True
Data 2025.xlsx,1330,2025-02-17,2025-02,2025-W08,1,0,1-2758-R01,1-2758-R01,رز بخاري,الارز ( rice),rice,الارز ( rice),prepared_meal,فندق هيلتون دبل تري,فندق هيلتون دبل تري,,فندق هيلتون دبل تري,الشمال,بلدية,بلدية الشمال,True,False,لا يوجد,,0,,,False,none,,7,True
Data 2025.xlsx,1331,2025-02-17,2025-02,2025-W08,1,0,1-2759-R01,1-2759-R01,رز برياني بالخضار,الارز ( rice),rice,الارز ( rice),prepared_meal,فندق هيلتون دبل تري,فندق هيلتون دبل تري,,فندق هيلتون دبل تري,الشمال,بلدية,بلدية الشمال,True,False,لا يوجد,,0,,,False,none,,7,True
Data 2025.xlsx,1318,2025-02-17,2025-02,2025-W08,1,0,appe-0291-r01,Appe-0291-R01,متبل,مقبلات (Appetizers),Appetizers,مقبلات (Appetizers),prepared_meal,فندق هيلتون دبل تري,فندق هيلتون دبل تري,,فندق هيلتون دبل تري,الشمال,بلدية,بلدية الشمال,True,False,لا يوجد,,0,,,False,none,,3,True
Data 2025.xlsx,1319,2025-02-17,2025-02,2025-W08,1,0,appe-0292-r01,Appe-0292-R01,بابا غنوج,مقبلات (Appetizers),Appetizers,مقبلات (Appetizers),prepared_meal,فندق هيلتون دبل تري,فندق هيلتون دبل تري,,فندق هيلتون دبل تري,الشمال,بلدية,بلدية الشمال,True,False,لا يوجد,,0,,,False,none,,3,True
Data 2025.xlsx,1323,2025-02-17,2025-02,2025-W08,1,0,appe-0293-r01,Appe-0293-R01,تبولة,مقبلات (Appetizers),Appetizers,مقبلات (Appetizers),prepared_meal,فندق هيلتون دبل تري,فندق هيلتون دبل تري,,فندق هيلتون دبل تري,الشمال,بلدية,بلدية الشمال,False,True,استافيلوكوكس اورياس,استافيلوكوكس اورياس,1,استافيلوكوكس اورياس,,True,pathogen,,5,True
Data 2025.xlsx,1324,2025-02-17,2025-02,2025-W08,1,0,appe-0294-r01,Appe-0294-R01,محمرة سلطة محمرة,مقبلات (Appetizers),Appetizers,مقبلات (Appetizers),prepared_meal,فندق هيلتون دبل تري,فندق هيلتون دبل تري,,فندق هيلتون دبل تري,الشمال,بلدية,بلدية الشمال,True,False,لا يوجد,,0,,,False,none,,5,True
Data 2025.xlsx,1309,2025-02-17,2025-02,2025-W08,1,0,bakgoo-0450-r01,bakgoo-0450-R01,بيتزا صغير,(baked goods) المخبوزات,baked goods,(baked goods) المخبوزات,sweets_bakery,فندق هيلتون دبل تري,فندق هيلتون دبل تري,,فندق هيلتون دبل تري,الشمال,بلدية,بلدية الشمال,True,False,لا يوجد,,0,,,False,none,,2,True
Data 2025.xlsx,1310,2025-02-17,2025-02,2025-W08,1,0,bakgoo-0451-r01,bakgoo-0451-R01,فطيرة خضار,(baked goods) المخبوزات,baked goods,(baked goods) المخبوزات,sweets_bakery,فندق هيلتون دبل تري,فندق هيلتون دبل تري,,فندق هيلتون دبل تري,الشمال,بلدية,بلدية الشمال,True,False,لا يوجد,,0,,,False,none,,2,True
Data 2025.xlsx,1314,2025-02-17,2025-02,2025-W08,1,0,bakgoo-0452-r01,bakgoo-0452-R01,كروسان زعتر,(baked goods) المخبوزات,baked goods,(baked goods) المخبوزات,sweets_bakery,فندق هيلتون دبل تري,فندق هيلتون دبل تري,,فندق هيلتون دبل تري,الشمال,بلدية,بلدية الشمال,True,False,لا يوجد,,0,,,False,none,,2,True
Data 2025.xlsx,1315,2025-02-17,2025-02,2025-W08,1,0,bakgoo-0453-r01,bakgoo-0453-R01,كروسان سادة (زبدة),(baked goods) المخبوزات,baked goods,(baked goods) المخبوزات,sweets_bakery,فندق هيلتون دبل تري,فندق هيلتون دبل تري,,فندق هيلتون دبل تري,الشمال,بلدية,بلدية الشمال,True,False,لا يوجد,,0,,,False,none,,2,True
Data 2025.xlsx,1316,2025-02-17,2025-02,2025-W08,1,0,bakgoo-0454-r01,bakgoo-0454-R01,دنيش بالكاستر,(baked goods) المخبوزات,baked goods,(baked goods) المخبوزات,sweets_bakery,فندق هيلتون دبل تري,فندق هيلتون دبل تري,,فندق هيلتون دبل تري,الشمال,بلدية,بلدية الشمال,True,False,لا يوجد,,0,,,False,none,,2,True
Data 2025.xlsx,1334,2025-02-17,2025-02,2025-W08,1,0,fish-0173-r01,fish-0173-R01,سمك مطبوخ,Fish/fish product(الاسماك / منتجات الاسماك),fish product,Fish/fish product(الاسماك / منتجات الاسماك),cooked_meat_poultry,فندق هيلتون دبل تري,فندق هيلتون دبل تري,,فندق هيلتون دبل تري,الشمال,بلدية,بلدية الشمال,True,False,لا يوجد,,0,,,False,none,,7,True
Data 2025.xlsx,1320,2025-02-17,2025-02,2025-W08,1,0,gr-0140-r01,gr-0140-R01,ورق عنب,ورق عنب (Grape leaves),Grape leaves,ورق عنب (Grape leaves),produce,فندق هيلتون دبل تري,فندق هيلتون دبل تري,,فندق هيلتون دبل تري,الشمال,بلدية,بلدية الشمال,True,False,لا يوجد,,0,,,False,none,,3,True
Data 2025.xlsx,1326,2025-02-17,2025-02,2025-W08,1,0,homo-0404-r01,homo-0404-R01,حمص,"الحمص Homous , Tzatziki and other dips","Homous , Tzatziki and other dips","الحمص Homous , Tzatziki and other dips",prepared_meal,فندق هيلتون دبل تري,فندق هيلتون دبل تري,,فندق هيلتون دبل تري,الشمال,بلدية,بلدية الشمال,False,True,العد الكلي للبكتيريا,العد الكلي للبكتيريا,1,,العد الكلي للبكتيريا,False,indicator_only,,6,True
Data 2025.xlsx,1336,2025-02-17,2025-02,2025-W08,1,0,jui-0378-r01,jui-0378-R01,عصير مانجا,العصائر الطازجة Un-pasteurized juices (fresh),fresh,العصائر الطازجة Un-pasteurized juices (fresh),beverage,فندق هيلتون دبل تري,فندق هيلتون دبل تري,,فندق هيلتون دبل تري,الشمال,بلدية,بلدية الشمال,False,True,الخمائر والاعفان,الخمائر والاعفان,1,,الخمائر والاعفان,False,indicator_only,,9,True
Data 2025.xlsx,1337,2025-02-17,2025-02,2025-W08,1,0,jui-0379-r01,jui-0379-R01,عصير كوكتيل,العصائر الطازجة Un-pasteurized juices (fresh),fresh,العصائر الطازجة Un-pasteurized juices (fresh),beverage,فندق هيلتون دبل تري,فندق هيلتون دبل تري,,فندق هيلتون دبل تري,الشمال,بلدية,بلدية الشمال,True,False,لا يوجد,,0,,,False,none,,9,True
Data 2025.xlsx,1338,2025-02-17,2025-02,2025-W08,1,0,jui-0380-r01,jui-0380-R01,عصير اناناس,العصائر الطازجة Un-pasteurized juices (fresh),fresh,العصائر الطازجة Un-pasteurized juices (fresh),beverage,فندق هيلتون دبل تري,فندق هيلتون دبل تري,,فندق هيلتون دبل تري,الشمال,بلدية,بلدية الشمال,False,True,الخمائر والاعفان,الخمائر والاعفان,1,,الخمائر والاعفان,False,indicator_only,,10,True
Data 2025.xlsx,1339,2025-02-17,2025-02,2025-W08,1,0,jui-0381-r01,jui-0381-R01,عصير جزر,العصائر الطازجة Un-pasteurized juices (fresh),fresh,العصائر الطازجة Un-pasteurized juices (fresh),beverage,فندق هيلتون دبل تري,فندق هيلتون دبل تري,,فندق هيلتون دبل تري,الشمال,بلدية,بلدية الشمال,False,True,الخمائر والاعفان,الخمائر والاعفان,1,,الخمائر والاعفان,False,indicator_only,,11,True
Data 2025.xlsx,1340,2025-02-17,2025-02,2025-W08,1,0,jui-0382-r01,jui-0382-R01,عصير ليمون بالنعناع,العصائر الطازجة Un-pasteurized juices (fresh),fresh,العصائر الطازجة Un-pasteurized juices (fresh),beverage,فندق هيلتون دبل تري,فندق هيلتون دبل تري,,فندق هيلتون دبل تري,الشمال,بلدية,بلدية الشمال,True,False,لا يوجد,,0,,,False,none,,11,True
Data 2025.xlsx,1329,2025-02-17,2025-02,2025-W08,1,0,oauuoss-0007-r01,OaUUOSS-0007-R01,ادام لحم بالخضار,اللحوم المطبوخة (Cooked meat),Cooked meat,(Cooked meat )لحوم مطبوخة,cooked_meat_poultry,فندق هيلتون دبل تري,فندق هيلتون دبل تري,,فندق هيلتون دبل تري,الشمال,بلدية,بلدية الشمال,True,False,لا يوجد,,0,,,False,none,category_merged_to_canonical,7,True
Data 2025.xlsx,1332,2025-02-17,2025-02,2025-W08,1,0,oauuoss-0008-r01,OaUUOSS-0008-R01,ايدام لحم بقري,اللحوم المطبوخة (Cooked meat),Cooked meat,(Cooked meat )لحوم مطبوخة,cooked_meat_poultry,فندق هيلتون دبل تري,فندق هيلتون دبل تري,,فندق هيلتون دبل تري,الشمال,بلدية,بلدية الشمال,True,False,لا يوجد,,0,,,False,none,category_merged_to_canonical,7,True
Data 2025.xlsx,1333,2025-02-17,2025-02,2025-W08,1,0,oauuoss-0009-r01,OaUUOSS-0009-R01,قوزي لحم,اللحوم المطبوخة (Cooked meat),Cooked meat,(Cooked meat )لحوم مطبوخة,cooked_meat_poultry,فندق هيلتون دبل تري,فندق هيلتون دبل تري,,فندق هيلتون دبل تري,الشمال,بلدية,بلدية الشمال,True,False,لا يوجد,,0,,,False,none,category_merged_to_canonical,7,True
Data 2025.xlsx,1335,2025-02-17,2025-02,2025-W08,1,0,po-0099-r01,po-0099-R01,قطع دجاج مشوي,الدجاج (Poultry),Poultry,الدجاج (Poultry),cooked_meat_poultry,فندق هيلتون دبل تري,فندق هيلتون دبل تري,,فندق هيلتون دبل تري,الشمال,بلدية,بلدية الشمال,False,True,العد الكلي للبكتيريا,العد الكلي للبكتيريا,1,,العد الكلي للبكتيريا,False,indicator_only,,8,True
Data 2025.xlsx,1317,2025-02-17,2025-02,2025-W08,1,0,sal-1066-r01,Sal-1066-R01,سلطة فتوش,السلطة(Salad),Salad,السلطة(Salad),produce,فندق هيلتون دبل تري,فندق هيلتون دبل تري,,فندق هيلتون دبل تري,الشمال,بلدية,بلدية الشمال,False,True,استافيلوكوكس اورياس,استافيلوكوكس اورياس,1,استافيلوكوكس اورياس,,True,pathogen,,3,True
Data 2025.xlsx,1321,2025-02-17,2025-02,2025-W08,1,0,sal-1067-r01,Sal-1067-R01,سلطة دجاج,السلطة(Salad),Salad,السلطة(Salad),produce,فندق هيلتون دبل تري,فندق هيلتون دبل تري,,فندق هيلتون دبل تري,الشمال,بلدية,بلدية الشمال,True,False,لا يوجد,,0,,,False,none,,3,True
Data 2025.xlsx,1322,2025-02-17,2025-02,2025-W08,1,0,sal-1068-r01,Sal-1068-R01,سلطة بروكلي,السلطة(Salad),Salad,السلطة(Salad),produce,فندق هيلتون دبل تري,فندق هيلتون دبل تري,,فندق هيلتون دبل تري,الشمال,بلدية,بلدية الشمال,False,True,استافيلوكوكس اورياس,استافيلوكوكس اورياس,1,استافيلوكوكس اورياس,,True,pathogen,,4,True
Data 2025.xlsx,1325,2025-02-17,2025-02,2025-W08,1,0,sal-1069-r01,Sal-1069-R01,سلطة بحريات,السلطة(Salad),Salad,السلطة(Salad),produce,فندق هيلتون دبل تري,فندق هيلتون دبل تري,,فندق هيلتون دبل تري,الشمال,بلدية,بلدية الشمال,True,False,لا يوجد,,0,,,False,none,,5,True
Data 2025.xlsx,1327,2025-02-17,2025-02,2025-W08,1,0,sal-1070-r01,Sal-1070-R01,سلطة مكرونة (باستا),السلطة(Salad),Salad,السلطة(Salad),produce,فندق هيلتون دبل تري,فندق هيلتون دبل تري,,فندق هيلتون دبل تري,الشمال,بلدية,بلدية الشمال,False,True,استافيلوكوكس اورياس,استافيلوكوكس اورياس,1,استافيلوكوكس اورياس,,True,pathogen,,7,True
Data 2025.xlsx,1328,2025-02-17,2025-02,2025-W08,1,0,sal-1071-r01,Sal-1071-R01,سلطة روسية,السلطة(Salad),Salad,السلطة(Salad),produce,فندق هيلتون دبل تري,فندق هيلتون دبل تري,,فندق هيلتون دبل تري,الشمال,بلدية,بلدية الشمال,True,False,لا يوجد,,0,,,False,none,,7,True
Data 2025.xlsx,1313,2025-02-17,2025-02,2025-W08,1,0,sw-2436-r01,sw-2436-R01,مسحة ثلاجة المخبوزات,(Swabs) المسحات,Swabs,(Swabs) المسحات,swab,فندق هيلتون دبل تري,فندق هيلتون دبل تري,,فندق هيلتون دبل تري,الشمال,بلدية,بلدية الشمال,True,False,لا يوجد,,0,,,False,none,,2,True
Data 2025.xlsx,1341,2025-02-17,2025-02,2025-W08,1,0,sw-2437-r01,sw-2437-R01,مسحة حافظة حرارية للخدمة الغرف,(Swabs) المسحات,Swabs,(Swabs) المسحات,swab,فندق هيلتون دبل تري,فندق هيلتون دبل تري,,فندق هيلتون دبل تري,الشمال,بلدية,بلدية الشمال,True,False,لا يوجد,,0,,,False,none,,11,True
Data 2025.xlsx,1342,2025-02-17,2025-02,2025-W08,1,0,sw-2438-r01,sw-2438-R01,مسحة حافظة حرارية للخدمة الغرف,(Swabs) المسحات,Swabs,(Swabs) المسحات,swab,فندق هيلتون دبل تري,فندق هيلتون دبل تري,,فندق هيلتون دبل تري,الشمال,بلدية,بلدية الشمال,False,True,العد الكلي للبكتيريا,العد الكلي للبكتيريا,1,,العد الكلي للبكتيريا,False,indicator_only,,12,True
Data 2025.xlsx,1343,2025-02-17,2025-02,2025-W08,1,0,sw-2439-r01,sw-2439-R01,مسحة حافظة حرارية للخدمة الغرف,(Swabs) المسحات,Swabs,(Swabs) المسحات,swab,فندق هيلتون دبل تري,فندق هيلتون دبل تري,,فندق هيلتون دبل تري,الشمال,بلدية,بلدية الشمال,True,False,لا يوجد,,0,,,False,none,,12,True
Data 2025.xlsx,1344,2025-02-17,2025-02,2025-W08,1,0,sw-2440-r01,sw-2440-R01,مسحة حافظة حرارية للخدمة الغرف,(Swabs) المسحات,Swabs,(Swabs) المسحات,swab,فندق هيلتون دبل تري,فندق هيلتون دبل تري,,فندق هيلتون دبل تري,الشمال,بلدية,بلدية الشمال,True,False,لا يوجد,,0,,,False,none,,12,True
Data 2025.xlsx,1345,2025-02-17,2025-02,2025-W08,1,0,sw-2441-r01,sw-2441-R01,مسحة حافظة حرارية للخدمة الغرف,(Swabs) المسحات,Swabs,(Swabs) المسحات,swab,فندق هيلتون دبل تري,فندق هيلتون دبل تري,,فندق هيلتون دبل تري,الشمال,بلدية,بلدية الشمال,True,False,لا يوجد,,0,,,False,none,,12,True
Data 2025.xlsx,1346,2025-02-17,2025-02,2025-W08,1,0,sw-2442-r01,sw-2442-R01,مسحة ثلاجة كيك,(Swabs) المسحات,Swabs,(Swabs) المسحات,swab,فندق هيلتون دبل تري,فندق هيلتون دبل تري,,فندق هيلتون دبل تري,الشمال,بلدية,بلدية الشمال,True,False,لا يوجد,,0,,,False,none,,12,True
Data 2025.xlsx,1347,2025-02-17,2025-02,2025-W08,1,0,sw-2443-r01,sw-2443-R01,مسحة حافظة الكروسان,(Swabs) المسحات,Swabs,(Swabs) المسحات,swab,فندق هيلتون دبل تري,فندق هيلتون دبل تري,,فندق هيلتون دبل تري,الشمال,بلدية,بلدية الشمال,True,False,لا يوجد,,0,,,False,none,,12,True
Data 2025.xlsx,1348,2025-02-17,2025-02,2025-W08,1,0,sw-2444-r01,sw-2444-R01,مسحة حافظة الكروسان,(Swabs) المسحات,Swabs,(Swabs) المسحات,swab,فندق هيلتون دبل تري,فندق هيلتون دبل تري,,فندق هيلتون دبل تري,الشمال,بلدية,بلدية الشمال,True,False,لا يوجد,,0,,,False,none,,12,True
Data 2025.xlsx,1349,2025-02-17,2025-02,2025-W08,1,0,sw-2445-r01,sw-2445-R01,مسحة طاولة تقطيع خضار,(Swabs) المسحات,Swabs,(Swabs) المسحات,swab,فندق هيلتون دبل تري,فندق هيلتون دبل تري,,فندق هيلتون دبل تري,الشمال,بلدية,بلدية الشمال,False,True,العد الكلي للبكتيريا | استافيلوكوكس اورياس,العد الكلي للبكتيريا | استافيلوكوكس اورياس,2,استافيلوكوكس اورياس,العد الكلي للبكتيريا,True,pathogen,,13,True
Data 2025.xlsx,1350,2025-02-17,2025-02,2025-W08,1,0,sw-2446-r01,sw-2446-R01,مسحة طاولة تقطيع خضار,(Swabs) المسحات,Swabs,(Swabs) المسحات,swab,فندق هيلتون دبل تري,فندق هيلتون دبل تري,,فندق هيلتون دبل تري,الشمال,بلدية,بلدية الشمال,False,True,العد الكلي للبكتيريا,العد الكلي للبكتيريا,1,,العد الكلي للبكتيريا,False,indicator_only,,14,True
Data 2025.xlsx,1351,2025-02-17,2025-02,2025-W08,1,0,sw-2447-r01,sw-2447-R01,مسحة طاولة تقطيع خضار,(Swabs) المسحات,Swabs,(Swabs) المسحات,swab,فندق هيلتون دبل تري,فندق هيلتون دبل تري,,فندق هيلتون دبل تري,الشمال,بلدية,بلدية الشمال,False,True,العد الكلي للبكتيريا,العد الكلي للبكتيريا,1,,العد الكلي للبكتيريا,False,indicator_only,,15,True
Data 2025.xlsx,1352,2025-02-17,2025-02,2025-W08,1,0,sw-2448-r01,sw-2448-R01,مسحة ثلاجة سلطات,(Swabs) المسحات,Swabs,(Swabs) المسحات,swab,فندق هيلتون دبل تري,فندق هيلتون دبل تري,,فندق هيلتون دبل تري,الشمال,بلدية,بلدية الشمال,True,False,لا يوجد,,0,,,False,none,,15,True
Data 2025.xlsx,1304,2025-02-17,2025-02,2025-W08,1,0,sweet-0738-r01,sweet-0738-R01,ون نيلا كيك,الحلا(sweetness),sweetness,الحلا(sweetness),sweets_bakery,فندق هيلتون دبل تري,فندق هيلتون دبل تري,,فندق هيلتون دبل تري,الشمال,بلدية,بلدية الشمال,True,False,لا يوجد,,0,,,False,none,,0,False
Data 2025.xlsx,1305,2025-02-17,2025-02,2025-W08,1,0,sweet-0739-r01,sweet-0739-R01,شوكولاتة كيك,الحلا(sweetness),sweetness,الحلا(sweetness),sweets_bakery,فندق هيلتون دبل تري,فندق هيلتون دبل تري,,فندق هيلتون دبل تري,الشمال,بلدية,بلدية الشمال,False,True,استافيلوكوكس اورياس,استافيلوكوكس اورياس,1,استافيلوكوكس اورياس,,True,pathogen,,1,False
Data 2025.xlsx,1306,2025-02-17,2025-02,2025-W08,1,0,sweet-0740-r01,sweet-0740-R01,روز بيري كيك,الحلا(sweetness),sweetness,الحلا(sweetness),sweets_bakery,فندق هيلتون دبل تري,فندق هيلتون دبل تري,,فندق هيلتون دبل تري,الشمال,بلدية,بلدية الشمال,False,True,العد الكلي للبكتيريا,العد الكلي للبكتيريا,1,,العد الكلي للبكتيريا,False,indicator_only,,2,True
Data 2025.xlsx,1307,2025-02-17,2025-02,2025-W08,1,0,sweet-0741-r01,sweet-0741-R01,بقلاوة حمراء,الحلا(sweetness),sweetness,الحلا(sweetness),sweets_bakery,فندق هيلتون دبل تري,فندق هيلتون دبل تري,,فندق هيلتون دبل تري,الشمال,بلدية,بلدية الشمال,True,False,لا يوجد,,0,,,False,none,,2,True
Data 2025.xlsx,1308,2025-02-17,2025-02,2025-W08,1,0,sweet-0742-r01,sweet-0742-R01,بقلاوة فستق,الحلا(sweetness),sweetness,الحلا(sweetness),sweets_bakery,فندق هيلتون دبل تري,فندق هيلتون دبل تري,,فندق هيلتون دبل تري,الشمال,بلدية,بلدية الشمال,True,False,لا يوجد,,0,,,False,none,,2,True
Data 2025.xlsx,1353,2025-02-17,2025-02,2025-W08,1,0,ubot-0892-r01,Ubot-0892-R01,مياه فلتر للعجانة,المياه الغير معبأة (Unbottled water),Unbottled water,المياه الغير معبأة (Unbottled water),water,فندق هيلتون دبل تري,فندق هيلتون دبل تري,,فندق هيلتون دبل تري,الشمال,بلدية,بلدية الشمال,True,False,لا يوجد,,0,,,False,none,,15,True
Data 2025.xlsx,1354,2025-02-18,2025-02,2025-W08,1,1,1-2760-R01,1-2760-R01,صلصة الفلفل الحلوة,صلصه(salsa),salsa,صلصه(salsa),sauce_condiment,شركة فنادق انتركونتينتال المحدودة,شركة فنادق انتركونتينتال المحدودة,,شركة فنادق انتركونتينتال المحدودة,الشميسي,بلدية,بلدية الشميسي,False,True,العد الكلي للبكتيريا | انتيروباكتريسي,العد الكلي للبكتيريا | انتيروباكتريسي,2,,العد الكلي للبكتيريا | انتيروباكتريسي,False,indicator_only,,1,False
Data 2025.xlsx,1359,2025-02-18,2025-02,2025-W08,1,1,1-2761-R01,1-2761-R01,صلصة صويا,صلصه(salsa),salsa,صلصه(salsa),sauce_condiment,شركة فنادق انتركونتينتال المحدودة,شركة فنادق انتركونتينتال المحدودة,,شركة فنادق انتركونتينتال المحدودة,الشميسي,بلدية,بلدية الشميسي,True,False,لا يوجد,,0,,,False,none,,4,True
Data 2025.xlsx,1360,2025-02-18,2025-02,2025-W08,1,1,1-2762-R01,1-2762-R01,صلصة محار,صلصه(salsa),salsa,صلصه(salsa),sauce_condiment,شركة فنادق انتركونتينتال المحدودة,شركة فنادق انتركونتينتال المحدودة,,شركة فنادق انتركونتينتال المحدودة,الشميسي,بلدية,بلدية الشميسي,False,True,العد الكلي للبكتيريا | انتيروباكتريسي,العد الكلي للبكتيريا | انتيروباكتريسي,2,,العد الكلي للبكتيريا | انتيروباكتريسي,False,indicator_only,,5,True
Data 2025.xlsx,1377,2025-02-18,2025-02,2025-W08,1,1,1-2764-R01,1-2764-R01,باستا,"Soup (all kinds) Samosa, Mashed potato, Desserts.",,"Soup (all kinds) Samosa, Mashed potato, Desserts.",produce,شركة فنادق انتركونتينتال المحدودة,شركة فنادق انتركونتينتال المحدودة,,شركة فنادق انتركونتينتال المحدودة,الشميسي,بلدية,بلدية الشميسي,True,False,لا يوجد,,0,,,False,none,,7,True
Data 2025.xlsx,1381,2025-02-18,2025-02,2025-W08,1,1,1-2765-R01,1-2765-R01,رز الابيض,الدجاج المطبوخ (Cooked chicken),Cooked chicken,الدجاج المطبوخ (Cooked chicken),cooked_meat_poultry,شركة فنادق انتركونتينتال المحدودة,شركة فنادق انتركونتينتال المحدودة,,شركة فنادق انتركونتينتال المحدودة,الشميسي,بلدية,بلدية الشميسي,True,False,لا يوجد,,0,,,False,none,,7,True
Data 2025.xlsx,1392,2025-02-18,2025-02,2025-W08,1,1,1-2766-R01,1-2766-R01,مجدرة عدس مع الارز,الارز ( rice),rice,الارز ( rice),prepared_meal,فندق فوكو الرياض,فندق فوكو الرياض,,فندق فوكو الرياض,الشميسي,بلدية,بلدية الشميسي,False,True,استافيلوكوكس اورياس,استافيلوكوكس اورياس,1,استافيلوكوكس اورياس,,True,pathogen,,1,False
Data 2025.xlsx,1406,2025-02-18,2025-02,2025-W08,1,1,1-2767-R01,1-2767-R01,قطع اناناس,قطع اناناس(Pineapple pieces),Pineapple pieces,قطع اناناس(Pineapple pieces),produce,فندق فوكو الرياض,فندق فوكو الرياض,,فندق فوكو الرياض,الشميسي,بلدية,بلدية الشميسي,True,False,لا يوجد,,0,,,False,none,,1,False
Data 2025.xlsx,1408,2025-02-18,2025-02,2025-W08,1,1,1-2768-R01,1-2768-R01,رز بربري,الارز ( rice),rice,الارز ( rice),prepared_meal,فندق فوكو الرياض,فندق فوكو الرياض,,فندق فوكو الرياض,الشميسي,بلدية,بلدية الشميسي,True,False,لا يوجد,,0,,,False,none,,1,False
Data 2025.xlsx,1412,2025-02-18,2025-02,2025-W08,1,1,1-2769-R01,1-2769-R01,كفتة باذنجان,(Kofta) كفتة,Kofta,(Kofta) كفتة,other,فندق فوكو الرياض,فندق فوكو الرياض,,فندق فوكو الرياض,الشميسي,بلدية,بلدية الشميسي,True,False,لا يوجد,,0,,,False,none,sample_type_unbucketed,1,False
Data 2025.xlsx,1399,2025-02-18,2025-02,2025-W08,1,1,O-U-to-0556-R01,O-U-to-0556-R01,شراب طماطم بارد,السلطة(Salad),Salad,السلطة(Salad),produce,فندق فوكو الرياض,فندق فوكو الرياض,,فندق فوكو الرياض,الشميسي,بلدية,بلدية الشميسي,True,False,لا يوجد,,0,,,False,none,,1,False
Data 2025.xlsx,1411,2025-02-18,2025-02,2025-W08,1,1,O3U-sa-0015-R01,O3U-sa-0015-R01,سمبوسة بالحم,السمبوسة (Samposa),Samposa,السمبوسة (Samposa),sweets_bakery,فندق فوكو الرياض,فندق فوكو الرياض,,فندق فوكو الرياض,الشميسي,بلدية,بلدية الشميسي,True,False,لا يوجد,,0,,,False,none,,1,False
Data 2025.xlsx,1407,2025-02-18,2025-02,2025-W08,1,1,OU-me-0025-R01,OU-me-0025-R01,قطع شمام,الشمام (melons),melons,الشمام (melons),produce,فندق فوكو الرياض,فندق فوكو الرياض,,فندق فوكو الرياض,الشميسي,بلدية,بلدية الشميسي,True,False,لا يوجد,,0,,,False,none,,1,False
Data 2025.xlsx,1414,2025-02-18,2025-02,2025-W08,1,1,br-0078-r01,Br-0078-R01,خبز مجفف,الخبـز (Bread),Bread,الخبـز (Bread),sweets_bakery,فندق فوكو الرياض,فندق فوكو الرياض,,فندق فوكو الرياض,الشميسي,بلدية,بلدية الشميسي,True,False,لا يوجد,,0,,,False,none,,1,False
Data 2025.xlsx,1369,2025-02-18,2025-02,2025-W08,1,1,ch-0096-r01,ch-0096-R01,جبنة بيضاء مالح,الاجبان (cheeses),cheeses,الاجبان (cheeses),dairy,شركة فنادق انتركونتينتال المحدودة,شركة فنادق انتركونتينتال المحدودة,,شركة فنادق انتركونتينتال المحدودة,الشميسي,بلدية,بلدية الشميسي,True,False,لا يوجد,,0,,,False,none,,7,True
Data 2025.xlsx,1379,2025-02-18,2025-02,2025-W08,1,1,co-0441-r01,co-0441-R01,دجاج تندوري,الخضار المشوية و المطبوخة,,الخضار المشوية و المطبوخة,cooked_meat_poultry,شركة فنادق انتركونتينتال المحدودة,شركة فنادق انتركونتينتال المحدودة,,شركة فنادق انتركونتينتال المحدودة,الشميسي,بلدية,بلدية الشميسي,True,False,لا يوجد,,0,,,False,none,,7,True
Data 2025.xlsx,1380,2025-02-18,2025-02,2025-W08,1,1,co-0442-r01,co-0442-R01,مشكل مشويات دجاج+لحم,الدجاج المطبوخ (Cooked chicken),Cooked chicken,الدجاج المطبوخ (Cooked chicken),cooked_meat_poultry,شركة فنادق انتركونتينتال المحدودة,شركة فنادق انتركونتينتال المحدودة,,شركة فنادق انتركونتينتال المحدودة,الشميسي,بلدية,بلدية الشميسي,True,False,لا يوجد,,0,,,False,none,,7,True
Data 2025.xlsx,1393,2025-02-18,2025-02,2025-W08,1,1,co-0443-r01,co-0443-R01,تتيرين درجاج,الدجاج المطبوخ (Cooked chicken),Cooked chicken,الدجاج المطبوخ (Cooked chicken),cooked_meat_poultry,فندق فوكو الرياض,فندق فوكو الرياض,,فندق فوكو الرياض,الشميسي,بلدية,بلدية الشميسي,True,False,لا يوجد,,0,,,False,none,,1,False
Data 2025.xlsx,1410,2025-02-18,2025-02,2025-W08,1,1,co-0444-r01,co-0444-R01,دجاج مشوي,الدجاج المطبوخ (Cooked chicken),Cooked chicken,الدجاج المطبوخ (Cooked chicken),cooked_meat_poultry,فندق فوكو الرياض,فندق فوكو الرياض,,فندق فوكو الرياض,الشميسي,بلدية,بلدية الشميسي,True,False,لا يوجد,,0,,,False,none,,1,False
Data 2025.xlsx,1367,2025-02-18,2025-02,2025-W08,1,1,cor-0208-r01,Cor-0208-R01,ذرة,الذرة (Corn),Corn,الذرة (Corn),produce,شركة فنادق انتركونتينتال المحدودة,شركة فنادق انتركونتينتال المحدودة,,شركة فنادق انتركونتينتال المحدودة,الشميسي,بلدية,بلدية الشميسي,True,False,لا يوجد,,0,,,False,none,,7,True
Data 2025.xlsx,1371,2025-02-18,2025-02,2025-W08,1,1,fis-0008-r01,fis-0008-R01,ايداميان تشيز,سمك مطبوخ,,سمك مطبوخ,cooked_meat_poultry,شركة فنادق انتركونتينتال المحدودة,شركة فنادق انتركونتينتال المحدودة,,شركة فنادق انتركونتينتال المحدودة,الشميسي,بلدية,بلدية الشميسي,True,False,لا يوجد,,0,,,False,none,,7,True
Data 2025.xlsx,1378,2025-02-18,2025-02,2025-W08,1,1,gcv-0169-r01,GCV-0169-R01,ايدام خضار بالحم,(macaroni) مكرونة,macaroni,(macaroni) مكرونة,prepared_meal,شركة فنادق انتركونتينتال المحدودة,شركة فنادق انتركونتينتال المحدودة,,شركة فنادق انتركونتينتال المحدودة,الشميسي,بلدية,بلدية الشميسي,True,False,لا يوجد,,0,,,False,none,,7,True
Data 2025.xlsx,1413,2025-02-18,2025-02,2025-W08,1,1,gcv-0170-r01,GCV-0170-R01,خضار على البخار,الخضار المشوية و المطبوخة,,الخضار المشوية و المطبوخة,cooked_meat_poultry,فندق فوكو الرياض,فندق فوكو الرياض,,فندق فوكو الرياض,الشميسي,بلدية,بلدية الشميسي,True,False,لا يوجد,,0,,,False,none,,1,False
Data 2025.xlsx,1400,2025-02-18,2025-02,2025-W08,1,1,gr-0141-r01,gr-0141-R01,ورق العنب,الطماطم (Tomatoes),Tomatoes,الطماطم (Tomatoes),produce,فندق فوكو الرياض,فندق فوكو الرياض,,فندق فوكو الرياض,الشميسي,بلدية,بلدية الشميسي,True,False,لا يوجد,,0,,,False,none,,1,False
Data 2025.xlsx,1370,2025-02-18,2025-02,2025-W08,1,1,ho-0214-r01,ho-0214-R01,عسل م,(Honey) عسل النحل,Honey,(Honey) عسل النحل,sweets_bakery,شركة فنادق انتركونتينتال المحدودة,شركة فنادق انتركونتينتال المحدودة,,شركة فنادق انتركونتينتال المحدودة,الشميسي,بلدية,بلدية الشميسي,True,False,لا يوجد,,0,,,False,none,,7,True
Data 2025.xlsx,1376,2025-02-18,2025-02,2025-W08,1,1,kib-0013-r01,Kib-0013-R01,كبة لحم,(Kibbeh) كبه,Kibbeh,(Kibbeh) كبه,prepared_meal,شركة فنادق انتركونتينتال المحدودة,شركة فنادق انتركونتينتال المحدودة,,شركة فنادق انتركونتينتال المحدودة,الشميسي,بلدية,بلدية الشميسي,True,False,لا يوجد,,0,,,False,none,,7,True
Data 2025.xlsx,1409,2025-02-18,2025-02,2025-W08,1,1,kib-0014-r01,Kib-0014-R01,كبة باللبن,(Kibbeh) كبه,Kibbeh,(Kibbeh) كبه,prepared_meal,فندق فوكو الرياض,فندق فوكو الرياض,,فندق فوكو الرياض,الشميسي,بلدية,بلدية الشميسي,True,False,لا يوجد,,0,,,False,none,,1,False
Data 2025.xlsx,1362,2025-02-18,2025-02,2025-W08,1,1,sal-1072-r01,Sal-1072-R01,سلطة كروسلو,السلطة(Salad),Salad,السلطة(Salad),produce,شركة فنادق انتركونتينتال المحدودة,شركة فنادق انتركونتينتال المحدودة,,شركة فنادق انتركونتينتال المحدودة,الشميسي,بلدية,بلدية الشميسي,True,False,لا يوجد,,0,,,False,none,,6,True
Data 2025.xlsx,1363,2025-02-18,2025-02,2025-W08,1,1,sal-1073-r01,Sal-1073-R01,سلطة ورقيات,السلطة(Salad),Salad,السلطة(Salad),produce,شركة فنادق انتركونتينتال المحدودة,شركة فنادق انتركونتينتال المحدودة,,شركة فنادق انتركونتينتال المحدودة,الشميسي,بلدية,بلدية الشميسي,True,False,لا يوجد,,0,,,False,none,,6,True
Data 2025.xlsx,1364,2025-02-18,2025-02,2025-W08,1,1,sal-1074-r01,Sal-1074-R01,سلطة سيزر,السلطة(Salad),Salad,السلطة(Salad),produce,شركة فنادق انتركونتينتال المحدودة,شركة فنادق انتركونتينتال المحدودة,,شركة فنادق انتركونتينتال المحدودة,الشميسي,بلدية,بلدية الشميسي,True,False,لا يوجد,,0,,,False,none,,6,True
Data 2025.xlsx,1365,2025-02-18,2025-02,2025-W08,1,1,sal-1075-r01,Sal-1075-R01,سلطة كينو,السلطة(Salad),Salad,السلطة(Salad),produce,شركة فنادق انتركونتينتال المحدودة,شركة فنادق انتركونتينتال المحدودة,,شركة فنادق انتركونتينتال المحدودة,الشميسي,بلدية,بلدية الشميسي,True,False,لا يوجد,,0,,,False,none,,6,True
Data 2025.xlsx,1389,2025-02-18,2025-02,2025-W08,1,1,sal-1076-r01,Sal-1076-R01,سلطة خضراء,السلطة(Salad),Salad,السلطة(Salad),produce,فندق فوكو الرياض,فندق فوكو الرياض,,فندق فوكو الرياض,الشميسي,بلدية,بلدية الشميسي,True,False,لا يوجد,,0,,,False,none,,0,False
Data 2025.xlsx,1390,2025-02-18,2025-02,2025-W08,1,1,sal-1078-r01,Sal-1078-R01,سلطة مكرونة,السلطة(Salad),Salad,السلطة(Salad),produce,فندق فوكو الرياض,فندق فوكو الرياض,,فندق فوكو الرياض,الشميسي,بلدية,بلدية الشميسي,True,False,لا يوجد,,0,,,False,none,,0,False
Data 2025.xlsx,1391,2025-02-18,2025-02,2025-W08,1,1,sal-1079-r01,Sal-1079-R01,سلطة فاصوليا حمراء,السلطة(Salad),Salad,السلطة(Salad),produce,فندق فوكو الرياض,فندق فوكو الرياض,,فندق فوكو الرياض,الشميسي,بلدية,بلدية الشميسي,True,False,لا يوجد,,0,,,False,none,,0,False
Data 2025.xlsx,1394,2025-02-18,2025-02,2025-W08,1,1,sal-1081-r01,Sal-1081-R01,سلطة مكسيكية مع لحم بقري,السلطة(Salad),Salad,السلطة(Salad),produce,فندق فوكو الرياض,فندق فوكو الرياض,,فندق فوكو الرياض,الشميسي,بلدية,بلدية الشميسي,True,False,لا يوجد,,0,,,False,none,,1,False
Data 2025.xlsx,1395,2025-02-18,2025-02,2025-W08,1,1,sal-1082-r01,Sal-1082-R01,سلطة لحم التايلاندية,السلطة(Salad),Salad,السلطة(Salad),produce,فندق فوكو الرياض,فندق فوكو الرياض,,فندق فوكو الرياض,الشميسي,بلدية,بلدية الشميسي,True,False,لا يوجد,,0,,,False,none,,1,False
Data 2025.xlsx,1396,2025-02-18,2025-02,2025-W08,1,1,sal-1083-r01,Sal-1083-R01,سلطة فتوش,السلطة(Salad),Salad,السلطة(Salad),produce,فندق فوكو الرياض,فندق فوكو الرياض,,فندق فوكو الرياض,الشميسي,بلدية,بلدية الشميسي,True,False,لا يوجد,,0,,,False,none,,1,False
Data 2025.xlsx,1397,2025-02-18,2025-02,2025-W08,1,1,sal-1084-r01,Sal-1084-R01,سلطة زبادي خيار,السلطة(Salad),Salad,السلطة(Salad),produce,فندق فوكو الرياض,فندق فوكو الرياض,,فندق فوكو الرياض,الشميسي,بلدية,بلدية الشميسي,True,False,لا يوجد,,0,,,False,none,,1,False
Data 2025.xlsx,1398,2025-02-18,2025-02,2025-W08,1,1,sal-1085-r01,Sal-1085-R01,سلطة الفول,السلطة(Salad),Salad,السلطة(Salad),produce,فندق فوكو الرياض,فندق فوكو الرياض,,فندق فوكو الرياض,الشميسي,بلدية,بلدية الشميسي,True,False,لا يوجد,,0,,,False,none,,1,False
Data 2025.xlsx,1405,2025-02-18,2025-02,2025-W08,1,1,sal-1086-r01,Sal-1086-R01,سلطة فواكه,الحلا(sweetness),sweetness,الحلا(sweetness),sweets_bakery,فندق فوكو الرياض,فندق فوكو الرياض,,فندق فوكو الرياض,الشميسي,بلدية,بلدية الشميسي,True,False,لا يوجد,,0,,,False,none,,1,False
Data 2025.xlsx,1355,2025-02-18,2025-02,2025-W08,1,1,sau-1172-r01,sau-1172-R01,صوص بيشو فرود,صوص (sauce),sauce,صوص (sauce),sauce_condiment,شركة فنادق انتركونتينتال المحدودة,شركة فنادق انتركونتينتال المحدودة,,شركة فنادق انتركونتينتال المحدودة,الشميسي,بلدية,بلدية الشميسي,True,False,لا يوجد,,0,,,False,none,,1,False
Data 2025.xlsx,1356,2025-02-18,2025-02,2025-W08,1,1,sau-1173-r01,sau-1173-R01,صوص افوكادو,صوص (sauce),sauce,صوص (sauce),sauce_condiment,شركة فنادق انتركونتينتال المحدودة,شركة فنادق انتركونتينتال المحدودة,,شركة فنادق انتركونتينتال المحدودة,الشميسي,بلدية,بلدية الشميسي,False,True,العد الكلي للبكتيريا | انتيروباكتريسي | استافيلوكوكس اورياس | الخمائر والاعفان,العد الكلي للبكتيريا | انتيروباكتريسي | استافيلوكوكس اورياس | الخمائر والاعفان,4,استافيلوكوكس اورياس,العد الكلي للبكتيريا | انتيروباكتريسي | الخمائر والاعفان,True,pathogen,,2,True
Data 2025.xlsx,1357,2025-02-18,2025-02,2025-W08,1,1,sau-1174-r01,sau-1174-R01,صوص مايونيز,صوص (sauce),sauce,صوص (sauce),sauce_condiment,شركة فنادق انتركونتينتال المحدودة,شركة فنادق انتركونتينتال المحدودة,,شركة فنادق انتركونتينتال المحدودة,الشميسي,بلدية,بلدية الشميسي,False,True,العد الكلي للبكتيريا | انتيروباكتريسي,العد الكلي للبكتيريا | انتيروباكتريسي,2,,العد الكلي للبكتيريا | انتيروباكتريسي,False,indicator_only,,3,True
Data 2025.xlsx,1358,2025-02-18,2025-02,2025-W08,1,1,sau-1175-r01,sau-1175-R01,صوص مايونيز ياباني,صوص (sauce),sauce,صوص (sauce),sauce_condiment,شركة فنادق انتركونتينتال المحدودة,شركة فنادق انتركونتينتال المحدودة,,شركة فنادق انتركونتينتال المحدودة,الشميسي,بلدية,بلدية الشميسي,False,True,العد الكلي للبكتيريا | انتيروباكتريسي | الخمائر والاعفان,العد الكلي للبكتيريا | انتيروباكتريسي | الخمائر والاعفان,3,,العد الكلي للبكتيريا | انتيروباكتريسي | الخمائر والاعفان,False,indicator_only,,4,True
Data 2025.xlsx,1361,2025-02-18,2025-02,2025-W08,1,1,sau-1176-r01,sau-1176-R01,بي بي صوص,صوص (sauce),sauce,صوص (sauce),sauce_condiment,شركة فنادق انتركونتينتال المحدودة,شركة فنادق انتركونتينتال المحدودة,,شركة فنادق انتركونتينتال المحدودة,الشميسي,بلدية,بلدية الشميسي,False,True,العد الكلي للبكتيريا,العد الكلي للبكتيريا,1,,العد الكلي للبكتيريا,False,indicator_only,,6,True
Data 2025.xlsx,1366,2025-02-18,2025-02,2025-W08,1,1,sau-1177-r01,sau-1177-R01,مايونيز زعفران,صوص (sauce),sauce,صوص (sauce),sauce_condiment,شركة فنادق انتركونتينتال المحدودة,شركة فنادق انتركونتينتال المحدودة,,شركة فنادق انتركونتينتال المحدودة,الشميسي,بلدية,بلدية الشميسي,False,True,العد الكلي للبكتيريا | استافيلوكوكس اورياس | الخمائر والاعفان,العد الكلي للبكتيريا | استافيلوكوكس اورياس | الخمائر والاعفان,3,استافيلوكوكس اورياس,العد الكلي للبكتيريا | الخمائر والاعفان,True,pathogen,,7,True
Data 2025.xlsx,1368,2025-02-18,2025-02,2025-W08,1,1,sau-1178-r01,sau-1178-R01,صوص قرسنيق ايطالين,صوص (sauce),sauce,صوص (sauce),sauce_condiment,شركة فنادق انتركونتينتال المحدودة,شركة فنادق انتركونتينتال المحدودة,,شركة فنادق انتركونتينتال المحدودة,الشميسي,بلدية,بلدية الشميسي,True,False,لا يوجد,,0,,,False,none,,7,True
Data 2025.xlsx,1372,2025-02-18,2025-02,2025-W08,1,1,sw-2449-r01,sw-2449-R01,مسحة طاولة تقطيع خضار,(Swabs) المسحات,Swabs,(Swabs) المسحات,swab,شركة فنادق انتركونتينتال المحدودة,شركة فنادق انتركونتينتال المحدودة,,شركة فنادق انتركونتينتال المحدودة,الشميسي,بلدية,بلدية الشميسي,True,False,لا يوجد,,0,,,False,none,,7,True
Data 2025.xlsx,1373,2025-02-18,2025-02,2025-W08,1,1,sw-2450-r01,sw-2450-R01,مسحة ثلاجة السلطات,(Swabs) المسحات,Swabs,(Swabs) المسحات,swab,شركة فنادق انتركونتينتال المحدودة,شركة فنادق انتركونتينتال المحدودة,,شركة فنادق انتركونتينتال المحدودة,الشميسي,بلدية,بلدية الشميسي,True,False,لا يوجد,,0,,,False,none,,7,True
Data 2025.xlsx,1374,2025-02-18,2025-02,2025-W08,1,1,sw-2451-r01,sw-2451-R01,مسحة ثلاجة اجبان,(Swabs) المسحات,Swabs,(Swabs) المسحات,swab,شركة فنادق انتركونتينتال المحدودة,شركة فنادق انتركونتينتال المحدودة,,شركة فنادق انتركونتينتال المحدودة,الشميسي,بلدية,بلدية الشميسي,True,False,لا يوجد,,0,,,False,none,,7,True
Data 2025.xlsx,1375,2025-02-18,2025-02,2025-W08,1,1,sw-2452-r01,sw-2452-R01,مسحة قطاعة اجبان,(Swabs) المسحات,Swabs,(Swabs) المسحات,swab,شركة فنادق انتركونتينتال المحدودة,شركة فنادق انتركونتينتال المحدودة,,شركة فنادق انتركونتينتال المحدودة,الشميسي,بلدية,بلدية الشميسي,True,False,لا يوجد,,0,,,False,none,,7,True
Data 2025.xlsx,1386,2025-02-18,2025-02,2025-W08,1,1,sw-2453-r01,sw-2453-R01,مسحة صانعة ثلج,الحلا(sweetness),sweetness,الحلا(sweetness),sweets_bakery,شركة فنادق انتركونتينتال المحدودة,شركة فنادق انتركونتينتال المحدودة,,شركة فنادق انتركونتينتال المحدودة,الشميسي,بلدية,بلدية الشميسي,True,False,لا يوجد,,0,,,False,none,,7,True
Data 2025.xlsx,1387,2025-02-18,2025-02,2025-W08,1,1,sw-2454-r01,sw-2454-R01,مسحة صانعة ثلج,(Swabs) المسحات,Swabs,(Swabs) المسحات,swab,شركة فنادق انتركونتينتال المحدودة,شركة فنادق انتركونتينتال المحدودة,,شركة فنادق انتركونتينتال المحدودة,الشميسي,بلدية,بلدية الشميسي,True,False,لا يوجد,,0,,,False,none,,7,True
Data 2025.xlsx,1388,2025-02-18,2025-02,2025-W08,1,1,sw-2455-r01,sw-2455-R01,مسحة ثلاجة السلطات,(Swabs) المسحات,Swabs,(Swabs) المسحات,swab,شركة فنادق انتركونتينتال المحدودة,شركة فنادق انتركونتينتال المحدودة,,شركة فنادق انتركونتينتال المحدودة,الشميسي,بلدية,بلدية الشميسي,True,False,لا يوجد,,0,,,False,none,,7,True
Data 2025.xlsx,1382,2025-02-18,2025-02,2025-W08,1,1,sweet-0743-r01,sweet-0743-R01,مكرون بستاشو,الارز ( rice),rice,الارز ( rice),prepared_meal,شركة فنادق انتركونتينتال المحدودة,شركة فنادق انتركونتينتال المحدودة,,شركة فنادق انتركونتينتال المحدودة,الشميسي,بلدية,بلدية الشميسي,True,False,لا يوجد,,0,,,False,none,,7,True
Data 2025.xlsx,1383,2025-02-18,2025-02,2025-W08,1,1,sweet-0744-r01,sweet-0744-R01,مكس شوكولاتة +شوكولاتة بيضاء,الحلا(sweetness),sweetness,الحلا(sweetness),sweets_bakery,شركة فنادق انتركونتينتال المحدودة,شركة فنادق انتركونتينتال المحدودة,,شركة فنادق انتركونتينتال المحدودة,الشميسي,بلدية,بلدية الشميسي,True,False,لا يوجد,,0,,,False,none,,7,True
Data 2025.xlsx,1384,2025-02-18,2025-02,2025-W08,1,1,sweet-0745-r01,sweet-0745-R01,مكرون بالتوت,الحلا(sweetness),sweetness,الحلا(sweetness),sweets_bakery,شركة فنادق انتركونتينتال المحدودة,شركة فنادق انتركونتينتال المحدودة,,شركة فنادق انتركونتينتال المحدودة,الشميسي,بلدية,بلدية الشميسي,True,False,لا يوجد,,0,,,False,none,,7,True
Data 2025.xlsx,1385,2025-02-18,2025-02,2025-W08,1,1,sweet-0746-r01,sweet-0746-R01,مكرون فانيلا,الحلا(sweetness),sweetness,الحلا(sweetness),sweets_bakery,شركة فنادق انتركونتينتال المحدودة,شركة فنادق انتركونتينتال المحدودة,,شركة فنادق انتركونتينتال المحدودة,الشميسي,بلدية,بلدية الشميسي,True,False,لا يوجد,,0,,,False,none,,7,True
Data 2025.xlsx,1401,2025-02-18,2025-02,2025-W08,1,1,sweet-0747-r01,sweet-0747-R01,بقلاوة بالفستق,ورق عنب (Grape leaves),Grape leaves,ورق عنب (Grape leaves),produce,فندق فوكو الرياض,فندق فوكو الرياض,,فندق فوكو الرياض,الشميسي,بلدية,بلدية الشميسي,True,False,لا يوجد,,0,,,False,none,,1,False
Data 2025.xlsx,1402,2025-02-18,2025-02,2025-W08,1,1,sweet-0748-r01,sweet-0748-R01,حلويات فرانسية,الحلا(sweetness),sweetness,الحلا(sweetness),sweets_bakery,فندق فوكو الرياض,فندق فوكو الرياض,,فندق فوكو الرياض,الشميسي,بلدية,بلدية الشميسي,True,False,لا يوجد,,0,,,False,none,,1,False
Data 2025.xlsx,1403,2025-02-18,2025-02,2025-W08,1,1,sweet-0749-r01,sweet-0749-R01,كيكة الفستق الحلبي,الحلا(sweetness),sweetness,الحلا(sweetness),sweets_bakery,فندق فوكو الرياض,فندق فوكو الرياض,,فندق فوكو الرياض,الشميسي,بلدية,بلدية الشميسي,True,False,لا يوجد,,0,,,False,none,,1,False
Data 2025.xlsx,1404,2025-02-18,2025-02,2025-W08,1,1,sweet-0750-r01,sweet-0750-R01,كيكة رد فلفت,الحلا(sweetness),sweetness,الحلا(sweetness),sweets_bakery,فندق فوكو الرياض,فندق فوكو الرياض,,فندق فوكو الرياض,الشميسي,بلدية,بلدية الشميسي,True,False,لا يوجد,,0,,,False,none,,1,False
Data 2025.xlsx,1415,2025-02-18,2025-02,2025-W08,1,1,ubot-0893-r01,Ubot-0893-R01,مية فلتر لغسيل الادوات م ك,المياه الغير معبأة (Unbottled water),Unbottled water,المياه الغير معبأة (Unbottled water),water,شركة فنادق انتركونتينتال المحدودة,شركة فنادق انتركونتينتال المحدودة,,شركة فنادق انتركونتينتال المحدودة,الشميسي,بلدية,بلدية الشميسي,True,False,لا يوجد,,0,,,False,none,,7,True
Data 2025.xlsx,1423,2025-02-23,2025-02,2025-W08,1,6,1-2777-R01,1-2777-R01,زبادي بالعسل,اللبان (yogurt),yogurt,(yogurt) زبادي,dairy,فندق ماريوت,فندق ماريوت,,فندق ماريوت,الملز,بلدية,بلدية الملز,True,False,لا يوجد,,0,,,False,none,category_merged_to_canonical,2,True
Data 2025.xlsx,1424,2025-02-23,2025-02,2025-W08,1,6,1-2778-R01,1-2778-R01,زبادي بالفواكه,اللبان (yogurt),yogurt,(yogurt) زبادي,dairy,فندق ماريوت,فندق ماريوت,,فندق ماريوت,الملز,بلدية,بلدية الملز,True,False,لا يوجد,,0,,,False,none,category_merged_to_canonical,2,True
Data 2025.xlsx,1442,2025-02-23,2025-02,2025-W08,1,6,1-2779-R01,1-2779-R01,رز ابيض,الارز ( rice),rice,الارز ( rice),prepared_meal,فندق ماريوت,فندق ماريوت,,فندق ماريوت,الملز,بلدية,بلدية الملز,True,False,لا يوجد,,0,,,False,none,,8,True
Data 2025.xlsx,1453,2025-02-23,2025-02,2025-W08,1,6,1-2780-R01,1-2780-R01,مرتديلا مكس (ديك رومي+ بقري),(Mortadella) مرتديلا,Mortadella,(Mortadella) مرتديلا,cooked_meat_poultry,فندق هوليدان,فندق هوليدان,,فندق هوليدان,الملز,بلدية,بلدية الملز,False,True,العد الكلي للبكتيريا | استافيلوكوكس اورياس,العد الكلي للبكتيريا | استافيلوكوكس اورياس,2,استافيلوكوكس اورياس,العد الكلي للبكتيريا,True,pathogen,,2,True
Data 2025.xlsx,1455,2025-02-23,2025-02,2025-W08,1,6,1-2781-R01,1-2781-R01,حلومي,(Halloumi) حلومي,Halloumi,(Halloumi) حلومي,other,فندق هوليدان,فندق هوليدان,,فندق هوليدان,الملز,بلدية,بلدية الملز,True,False,لا يوجد,,0,,,False,none,sample_type_unbucketed,2,True
Data 2025.xlsx,1467,2025-02-23,2025-02,2025-W08,1,6,1-2782-R01,1-2782-R01,فطيرة كلوب ساندوتش,(Pie) فطيرة,Pie,(Pie) فطيرة,sweets_bakery,فندق هوليدان,فندق هوليدان,,فندق هوليدان,الملز,بلدية,بلدية الملز,False,True,استافيلوكوكس اورياس,استافيلوكوكس اورياس,1,استافيلوكوكس اورياس,,True,pathogen,,4,True
Data 2025.xlsx,1471,2025-02-23,2025-02,2025-W08,1,6,1-2783-R01,1-2783-R01,نكهة بلو بيري,نكهات مركزة ( Syrup ),Syrup,نكهات مركزة ( Syrup ),sauce_condiment,فندق هوليدان,فندق هوليدان,,فندق هوليدان,الملز,بلدية,بلدية الملز,True,False,لا يوجد,,0,,,False,none,,5,True
Data 2025.xlsx,1472,2025-02-23,2025-02,2025-W08,1,6,1-2784-R01,1-2784-R01,نكهة باشن فروت,نكهات مركزة ( Syrup ),Syrup,نكهات مركزة ( Syrup ),sauce_condiment,فندق هوليدان,فندق هوليدان,,فندق هوليدان,الملز,بلدية,بلدية الملز,True,False,لا يوجد,,0,,,False,none,,5,True
Data 2025.xlsx,1477,2025-02-23,2025-02,2025-W08,1,6,1-2785-R01,1-2785-R01,نكهة ليتشي,نكهات مركزة ( Syrup ),Syrup,نكهات مركزة ( Syrup ),sauce_condiment,فندق هوليدان,فندق هوليدان,,فندق هوليدان,الملز,بلدية,بلدية الملز,True,False,لا يوجد,,0,,,False,none,,5,True
Data 2025.xlsx,1478,2025-02-23,2025-02,2025-W08,1,6,1-2786-R01,1-2786-R01,نكهة ليمون اليوزو,نكهات مركزة ( Syrup ),Syrup,نكهات مركزة ( Syrup ),sauce_condiment,فندق هوليدان,فندق هوليدان,,فندق هوليدان,الملز,بلدية,بلدية الملز,True,False,لا يوجد,,0,,,False,none,,5,True
Data 2025.xlsx,1479,2025-02-23,2025-02,2025-W08,1,6,1-2787-R01,1-2787-R01,نكهة فانيلا,نكهات مركزة ( Syrup ),Syrup,نكهات مركزة ( Syrup ),sauce_condiment,فندق هوليدان,فندق هوليدان,,فندق هوليدان,الملز,بلدية,بلدية الملز,True,False,لا يوجد,,0,,,False,none,,5,True
Data 2025.xlsx,1418,2025-02-23,2025-02,2025-W08,1,6,O-O2-ca-0168-R01,O-O2-ca-0168-R01,جزر مبشور,الجزر (carrot),carrot,الجزر (carrot),produce,فندق ماريوت,فندق ماريوت,,فندق ماريوت,الملز,بلدية,بلدية الملز,True,False,لا يوجد,,0,,,False,none,,0,False
Data 2025.xlsx,1417,2025-02-23,2025-02,2025-W08,1,6,O-U-to-0559-R01,O-U-to-0559-R01,قطع طماطم,الطماطم (Tomatoes),Tomatoes,الطماطم (Tomatoes),produce,فندق ماريوت,فندق ماريوت,,فندق ماريوت,الملز,بلدية,بلدية الملز,True,False,لا يوجد,,0,,,False,none,,0,False
Data 2025.xlsx,1441,2025-02-23,2025-02,2025-W08,1,6,OO-OSS-po-0333-R01,OO-OSS-po-0333-R01,بطاطس بالفرن,البطاطس (potatoes),potatoes,البطاطس (potatoes),produce,فندق ماريوت,فندق ماريوت,,فندق ماريوت,الملز,بلدية,بلدية الملز,True,False,لا يوجد,,0,,,False,none,,8,True
Data 2025.xlsx,1454,2025-02-23,2025-02,2025-W08,1,6,OO-OSS-po-0334-R01,OO-OSS-po-0334-R01,بطاطس مقلي,البطاطس (potatoes),potatoes,البطاطس (potatoes),produce,فندق هوليدان,فندق هوليدان,,فندق هوليدان,الملز,بلدية,بلدية الملز,True,False,لا يوجد,,0,,,False,none,,2,True
Data 2025.xlsx,1449,2025-02-23,2025-02,2025-W08,1,6,OO-wm-0031-R01,OO-wm-0031-R01,قطع بطيخ,البطيخ (watermelons),watermelons,البطيخ (watermelons),water,فندق ماريوت,فندق ماريوت,,فندق ماريوت,الملز,بلدية,بلدية الملز,True,False,لا يوجد,,0,,,False,none,,10,True
Data 2025.xlsx,1448,2025-02-23,2025-02,2025-W08,1,6,UU-ki-0120-R01,UU-ki-0120-R01,قطع كيوي,الكيوي (Kiwi),Kiwi,الكيوي (Kiwi),produce,فندق ماريوت,فندق ماريوت,,فندق ماريوت,الملز,بلدية,بلدية الملز,True,False,لا يوجد,,0,,,False,none,,10,True
Data 2025.xlsx,1459,2025-02-23,2025-02,2025-W08,1,6,appe-0295-r01,Appe-0295-R01,حمص,مقبلات (Appetizers),Appetizers,مقبلات (Appetizers),prepared_meal,فندق هوليدان,فندق هوليدان,,فندق هوليدان,الملز,بلدية,بلدية الملز,True,False,لا يوجد,,0,,,False,none,,3,True
Data 2025.xlsx,1460,2025-02-23,2025-02,2025-W08,1,6,appe-0296-r01,Appe-0296-R01,بابا غنوج,مقبلات (Appetizers),Appetizers,مقبلات (Appetizers),prepared_meal,فندق هوليدان,فندق هوليدان,,فندق هوليدان,الملز,بلدية,بلدية الملز,True,False,لا يوجد,,0,,,False,none,,3,True
Data 2025.xlsx,1466,2025-02-23,2025-02,2025-W08,1,6,appe-0297-r01,Appe-0297-R01,متبل,مقبلات (Appetizers),Appetizers,مقبلات (Appetizers),prepared_meal,فندق هوليدان,فندق هوليدان,,فندق هوليدان,الملز,بلدية,بلدية الملز,True,False,لا يوجد,,0,,,False,none,,3,True
Data 2025.xlsx,1470,2025-02-23,2025-02,2025-W08,1,6,bakgoo-0455-r01,bakgoo-0455-R01,دنيش بلو بيري,(baked goods) المخبوزات,baked goods,(baked goods) المخبوزات,sweets_bakery,فندق هوليدان,فندق هوليدان,,فندق هوليدان,الملز,بلدية,بلدية الملز,True,False,لا يوجد,,0,,,False,none,,5,True
Data 2025.xlsx,1458,2025-02-23,2025-02,2025-W08,1,6,bri-0272-r01,bri-0272-R01,لبنة بالنعناع,لبنة ( brick),brick,لبنة ( brick),dairy,فندق هوليدان,فندق هوليدان,,فندق هوليدان,الملز,بلدية,بلدية الملز,True,False,لا يوجد,,0,,,False,none,,3,True
Data 2025.xlsx,1444,2025-02-23,2025-02,2025-W08,1,6,cm-0079-r01,Cm-0079-R01,لحم نص استواء,اللحوم المطبوخة (Cooked meat),Cooked meat,اللحوم المطبوخة (Cooked meat),cooked_meat_poultry,فندق ماريوت,فندق ماريوت,,فندق ماريوت,الملز,بلدية,بلدية الملز,True,False,لا يوجد,,0,,,False,none,,9,True
Data 2025.xlsx,1445,2025-02-23,2025-02,2025-W08,1,6,cm-0080-r01,Cm-0080-R01,لحم نص استواء بالكاري,اللحوم المطبوخة (Cooked meat),Cooked meat,اللحوم المطبوخة (Cooked meat),cooked_meat_poultry,فندق ماريوت,فندق ماريوت,,فندق ماريوت,الملز,بلدية,بلدية الملز,True,False,لا يوجد,,0,,,False,none,,9,True
Data 2025.xlsx,1447,2025-02-23,2025-02,2025-W08,1,6,fish-0174-r01,fish-0174-R01,سمك بلطي,Fish/fish product(الاسماك / منتجات الاسماك),fish product,Fish/fish product(الاسماك / منتجات الاسماك),cooked_meat_poultry,فندق ماريوت,فندق ماريوت,,فندق ماريوت,الملز,بلدية,بلدية الملز,False,True,العد الكلي للبكتيريا,العد الكلي للبكتيريا,1,,العد الكلي للبكتيريا,False,indicator_only,,10,True
Data 2025.xlsx,1456,2025-02-23,2025-02,2025-W08,1,6,fish-0175-r01,fish-0175-R01,سللمون,Fish/fish product(الاسماك / منتجات الاسماك),fish product,Fish/fish product(الاسماك / منتجات الاسماك),cooked_meat_poultry,فندق هوليدان,فندق هوليدان,,فندق هوليدان,الملز,بلدية,بلدية الملز,False,True,العد الكلي للبكتيريا,العد الكلي للبكتيريا,1,,العد الكلي للبكتيريا,False,indicator_only,,3,True
Data 2025.xlsx,1457,2025-02-23,2025-02,2025-W08,1,6,flswe-0058-r01,FlSwe-0058-R01,حلاوة طحنية,حلاوة طحينة( Flour Sweetness),Flour Sweetness,حلاوة طحينة( Flour Sweetness),sauce_condiment,فندق هوليدان,فندق هوليدان,,فندق هوليدان,الملز,بلدية,بلدية الملز,True,False,لا يوجد,,0,,,False,none,,3,True
Data 2025.xlsx,1443,2025-02-23,2025-02,2025-W08,1,6,gcv-0171-r01,GCV-0171-R01,خضار بالبخار,الخضار المشوية و المطبوخة,,الخضار المشوية و المطبوخة,cooked_meat_poultry,فندق ماريوت,فندق ماريوت,,فندق ماريوت,الملز,بلدية,بلدية الملز,False,True,استافيلوكوكس اورياس,استافيلوكوكس اورياس,1,استافيلوكوكس اورياس,,True,pathogen,,9,True
Data 2025.xlsx,1468,2025-02-23,2025-02,2025-W08,1,6,gcv-0172-r01,GCV-0172-R01,خضار مشكل مسلوق,الخضار المشوية و المطبوخة,,الخضار المشوية و المطبوخة,cooked_meat_poultry,فندق هوليدان,فندق هوليدان,,فندق هوليدان,الملز,بلدية,بلدية الملز,False,True,استافيلوكوكس اورياس,استافيلوكوكس اورياس,1,استافيلوكوكس اورياس,,True,pathogen,,5,True
Data 2025.xlsx,1446,2025-02-23,2025-02,2025-W08,1,6,po-0100-r01,po-0100-R01,دجاج ني,الدجاج (Poultry),Poultry,الدجاج (Poultry),cooked_meat_poultry,فندق ماريوت,فندق ماريوت,,فندق ماريوت,الملز,بلدية,بلدية الملز,True,False,لا يوجد,,0,,,False,none,,9,True
Data 2025.xlsx,1416,2025-02-23,2025-02,2025-W08,1,6,sal-1087-r01,Sal-1087-R01,سلطة خيار +خس,السلطة(Salad),Salad,السلطة(Salad),produce,فندق ماريوت,فندق ماريوت,,فندق ماريوت,الملز,بلدية,بلدية الملز,True,False,لا يوجد,,0,,,False,none,,0,False
Data 2025.xlsx,1420,2025-02-23,2025-02,2025-W08,1,6,sal-1088-r01,Sal-1088-R01,سلطة دجاج مشوي,المياه الغير معبأة (Unbottled water),Unbottled water,المياه الغير معبأة (Unbottled water),water,فندق ماريوت,فندق ماريوت,,فندق ماريوت,الملز,بلدية,بلدية الملز,False,True,العد الكلي للبكتيريا,العد الكلي للبكتيريا,1,,العد الكلي للبكتيريا,False,indicator_only,,2,True
Data 2025.xlsx,1421,2025-02-23,2025-02,2025-W08,1,6,sal-1089-r01,Sal-1089-R01,سلطة فاصوليا,السلطة(Salad),Salad,السلطة(Salad),produce,فندق ماريوت,فندق ماريوت,,فندق ماريوت,الملز,بلدية,بلدية الملز,True,False,لا يوجد,,0,,,False,none,,2,True
Data 2025.xlsx,1422,2025-02-23,2025-02,2025-W08,1,6,sal-1090-r01,Sal-1090-R01,سلطة ذرة,السلطة(Salad),Salad,السلطة(Salad),produce,فندق ماريوت,فندق ماريوت,,فندق ماريوت,الملز,بلدية,بلدية الملز,True,False,لا يوجد,,0,,,False,none,,2,True
Data 2025.xlsx,1452,2025-02-23,2025-02,2025-W08,1,6,sal-1091-r01,Sal-1091-R01,سلطة خيار +خس,السلطة(Salad),Salad,السلطة(Salad),produce,فندق هوليدان,فندق هوليدان,,فندق هوليدان,الملز,بلدية,بلدية الملز,False,True,استافيلوكوكس اورياس,استافيلوكوكس اورياس,1,استافيلوكوكس اورياس,,True,pathogen,,1,False
Data 2025.xlsx,1461,2025-02-23,2025-02,2025-W08,1,6,sal-1092-r01,Sal-1092-R01,سلطة فتوش,السلطة(Salad),Salad,السلطة(Salad),produce,فندق هوليدان,فندق هوليدان,,فندق هوليدان,الملز,بلدية,بلدية الملز,True,False,لا يوجد,,0,,,False,none,,3,True
Data 2025.xlsx,1462,2025-02-23,2025-02,2025-W08,1,6,sal-1093-r01,Sal-1093-R01,سلطة شمندر بالطحنية,السلطة(Salad),Salad,السلطة(Salad),produce,فندق هوليدان,فندق هوليدان,,فندق هوليدان,الملز,بلدية,بلدية الملز,True,False,لا يوجد,,0,,,False,none,,3,True
Data 2025.xlsx,1463,2025-02-23,2025-02,2025-W08,1,6,sal-1094-r01,Sal-1094-R01,سلطة فواكه مع سي فود,السلطة(Salad),Salad,السلطة(Salad),produce,فندق هوليدان,فندق هوليدان,,فندق هوليدان,الملز,بلدية,بلدية الملز,True,False,لا يوجد,,0,,,False,none,,3,True
Data 2025.xlsx,1464,2025-02-23,2025-02,2025-W08,1,6,sal-1095-r01,Sal-1095-R01,سلطة خضراء ناعمة,السلطة(Salad),Salad,السلطة(Salad),produce,فندق هوليدان,فندق هوليدان,,فندق هوليدان,الملز,بلدية,بلدية الملز,True,False,لا يوجد,,0,,,False,none,,3,True
Data 2025.xlsx,1474,2025-02-23,2025-02,2025-W08,1,6,sau-1179-r01,sau-1179-R01,صوص شيرة,صوص (sauce),sauce,صوص (sauce),sauce_condiment,فندق هوليدان,فندق هوليدان,,فندق هوليدان,الملز,بلدية,بلدية الملز,True,False,لا يوجد,,0,,,False,none,,5,True
Data 2025.xlsx,1475,2025-02-23,2025-02,2025-W08,1,6,sau-1180-r01,sau-1180-R01,صوص حليب مركز (مكثف محلى),صوص (sauce),sauce,صوص (sauce),sauce_condiment,فندق هوليدان,فندق هوليدان,,فندق هوليدان,الملز,بلدية,بلدية الملز,True,False,لا يوجد,,0,,,False,none,,5,True
Data 2025.xlsx,1476,2025-02-23,2025-02,2025-W08,1,6,sau-1181-r01,sau-1181-R01,صوص كريم كراميل,صوص (sauce),sauce,صوص (sauce),sauce_condiment,فندق هوليدان,فندق هوليدان,,فندق هوليدان,الملز,بلدية,بلدية الملز,True,False,لا يوجد,,0,,,False,none,,5,True
Data 2025.xlsx,1419,2025-02-23,2025-02,2025-W08,1,6,sw-2456-r01,sw-2456-R01,مسحة الة تقطبع خيار,(Swabs) المسحات,Swabs,(Swabs) المسحات,swab,فندق ماريوت,فندق ماريوت,,فندق ماريوت,الملز,بلدية,بلدية الملز,False,True,العد الكلي للبكتيريا,العد الكلي للبكتيريا,1,,العد الكلي للبكتيريا,False,indicator_only,,1,False
Data 2025.xlsx,1425,2025-02-23,2025-02,2025-W08,1,6,sw-2457-r01,sw-2457-R01,مسحة طاولة تقطيع خضار,(Swabs) المسحات,Swabs,(Swabs) المسحات,swab,فندق ماريوت,فندق ماريوت,,فندق ماريوت,الملز,بلدية,بلدية الملز,False,True,العد الكلي للبكتيريا,العد الكلي للبكتيريا,1,,العد الكلي للبكتيريا,False,indicator_only,,3,True
Data 2025.xlsx,1426,2025-02-23,2025-02,2025-W08,1,6,sw-2458-r01,sw-2458-R01,مسحة طاولة تقطيع خضار,(Swabs) المسحات,Swabs,(Swabs) المسحات,swab,فندق ماريوت,فندق ماريوت,,فندق ماريوت,الملز,بلدية,بلدية الملز,False,True,العد الكلي للبكتيريا,العد الكلي للبكتيريا,1,,العد الكلي للبكتيريا,False,indicator_only,,4,True
Data 2025.xlsx,1427,2025-02-23,2025-02,2025-W08,1,6,sw-2459-r01,sw-2459-R01,مسحة طاولة تقطيع خضار,(Swabs) المسحات,Swabs,(Swabs) المسحات,swab,فندق ماريوت,فندق ماريوت,,فندق ماريوت,الملز,بلدية,بلدية الملز,False,True,العد الكلي للبكتيريا,العد الكلي للبكتيريا,1,,العد الكلي للبكتيريا,False,indicator_only,,5,True
Data 2025.xlsx,1428,2025-02-23,2025-02,2025-W08,1,6,sw-2460-r01,sw-2460-R01,مسحة طاولة تقطيع للحوم,(Swabs) المسحات,Swabs,(Swabs) المسحات,swab,فندق ماريوت,فندق ماريوت,,فندق ماريوت,الملز,بلدية,بلدية الملز,True,False,لا يوجد,,0,,,False,none,,5,True
Data 2025.xlsx,1429,2025-02-23,2025-02,2025-W08,1,6,sw-2461-r01,sw-2461-R01,مسحة قطاعة اجبان,(Swabs) المسحات,Swabs,(Swabs) المسحات,swab,فندق ماريوت,فندق ماريوت,,فندق ماريوت,الملز,بلدية,بلدية الملز,True,False,لا يوجد,,0,,,False,none,,5,True
Data 2025.xlsx,1430,2025-02-23,2025-02,2025-W08,1,6,sw-2462-r01,sw-2462-R01,مسحة طاولة تقطيع المكسرات,(Swabs) المسحات,Swabs,(Swabs) المسحات,swab,فندق ماريوت,فندق ماريوت,,فندق ماريوت,الملز,بلدية,بلدية الملز,False,True,العد الكلي للبكتيريا,العد الكلي للبكتيريا,1,,العد الكلي للبكتيريا,False,indicator_only,,6,True
Data 2025.xlsx,1450,2025-02-23,2025-02,2025-W08,1,6,sw-2463-r01,sw-2463-R01,مسحة طاولة تقطيع فواكه,(Swabs) المسحات,Swabs,(Swabs) المسحات,swab,فندق ماريوت,فندق ماريوت,,فندق ماريوت,الملز,بلدية,بلدية الملز,False,True,العد الكلي للبكتيريا | استافيلوكوكس اورياس,العد الكلي للبكتيريا | استافيلوكوكس اورياس,2,استافيلوكوكس اورياس,العد الكلي للبكتيريا,True,pathogen,,11,True
Data 2025.xlsx,1451,2025-02-23,2025-02,2025-W08,1,6,sw-2464-r01,sw-2464-R01,مسحة صحن تقديم,(Swabs) المسحات,Swabs,(Swabs) المسحات,swab,فندق ماريوت,فندق ماريوت,,فندق ماريوت,الملز,بلدية,بلدية الملز,True,False,لا يوجد,,0,,,False,none,,11,True
Data 2025.xlsx,1469,2025-02-23,2025-02,2025-W08,1,6,sw-2465-r01,sw-2465-R01,مسحة قطاعة اجبان,(Swabs) المسحات,Swabs,(Swabs) المسحات,swab,فندق هوليدان,فندق هوليدان,,فندق هوليدان,الملز,بلدية,بلدية الملز,True,False,لا يوجد,,0,,,False,none,,5,True
Data 2025.xlsx,1473,2025-02-23,2025-02,2025-W08,1,6,sw-2466-r01,sw-2466-R01,مسحة صانعة ثلج,(Swabs) المسحات,Swabs,(Swabs) المسحات,swab,فندق هوليدان,فندق هوليدان,,فندق هوليدان,الملز,بلدية,بلدية الملز,True,False,لا يوجد,,0,,,False,none,,5,True
Data 2025.xlsx,1431,2025-02-23,2025-02,2025-W08,1,6,sweet-0751-r01,sweet-0751-R01,حلاوة شرقية,الحلا(sweetness),sweetness,الحلا(sweetness),sweets_bakery,فندق ماريوت,فندق ماريوت,,فندق ماريوت,الملز,بلدية,بلدية الملز,True,False,لا يوجد,,0,,,False,none,,6,True
Data 2025.xlsx,1432,2025-02-23,2025-02,2025-W08,1,6,sweet-0752-r01,sweet-0752-R01,مكرون,الحلا(sweetness),sweetness,الحلا(sweetness),sweets_bakery,فندق ماريوت,فندق ماريوت,,فندق ماريوت,الملز,بلدية,بلدية الملز,True,False,لا يوجد,,0,,,False,none,,6,True
Data 2025.xlsx,1433,2025-02-23,2025-02,2025-W08,1,6,sweet-0753-r01,sweet-0753-R01,اصابع شوكولاتة,الحلا(sweetness),sweetness,الحلا(sweetness),sweets_bakery,فندق ماريوت,فندق ماريوت,,فندق ماريوت,الملز,بلدية,بلدية الملز,True,False,لا يوجد,,0,,,False,none,,6,True
Data 2025.xlsx,1434,2025-02-23,2025-02,2025-W08,1,6,sweet-0754-r01,sweet-0754-R01,براوني شوكولاتة,الحلا(sweetness),sweetness,الحلا(sweetness),sweets_bakery,فندق ماريوت,فندق ماريوت,,فندق ماريوت,الملز,بلدية,بلدية الملز,True,False,لا يوجد,,0,,,False,none,,6,True
Data 2025.xlsx,1435,2025-02-23,2025-02,2025-W08,1,6,sweet-0755-r01,sweet-0755-R01,مكس اكلير,الحلا(sweetness),sweetness,الحلا(sweetness),sweets_bakery,فندق ماريوت,فندق ماريوت,,فندق ماريوت,الملز,بلدية,بلدية الملز,True,False,لا يوجد,,0,,,False,none,,6,True
Data 2025.xlsx,1436,2025-02-23,2025-02,2025-W08,1,6,sweet-0756-r01,sweet-0756-R01,رد فلفت,الحلا(sweetness),sweetness,الحلا(sweetness),sweets_bakery,فندق ماريوت,فندق ماريوت,,فندق ماريوت,الملز,بلدية,بلدية الملز,False,True,العد الكلي للبكتيريا,العد الكلي للبكتيريا,1,,العد الكلي للبكتيريا,False,indicator_only,,7,True
Data 2025.xlsx,1437,2025-02-23,2025-02,2025-W08,1,6,sweet-0757-r01,sweet-0757-R01,تارت فواكه,الحلا(sweetness),sweetness,الحلا(sweetness),sweets_bakery,فندق ماريوت,فندق ماريوت,,فندق ماريوت,الملز,بلدية,بلدية الملز,True,False,لا يوجد,,0,,,False,none,,7,True
Data 2025.xlsx,1438,2025-02-23,2025-02,2025-W08,1,6,sweet-0758-r01,sweet-0758-R01,كيكة بستاشيو,الحلا(sweetness),sweetness,الحلا(sweetness),sweets_bakery,فندق ماريوت,فندق ماريوت,,فندق ماريوت,الملز,بلدية,بلدية الملز,True,False,لا يوجد,,0,,,False,none,,7,True
Data 2025.xlsx,1439,2025-02-23,2025-02,2025-W08,1,6,sweet-0759-r01,sweet-0759-R01,قرنتي براوني,الحلا(sweetness),sweetness,الحلا(sweetness),sweets_bakery,فندق ماريوت,فندق ماريوت,,فندق ماريوت,الملز,بلدية,بلدية الملز,True,False,لا يوجد,,0,,,False,none,,7,True
Data 2025.xlsx,1440,2025-02-23,2025-02,2025-W08,1,6,sweet-0760-r01,sweet-0760-R01,بقلاوة اللوز,الحلا(sweetness),sweetness,الحلا(sweetness),sweets_bakery,فندق ماريوت,فندق ماريوت,,فندق ماريوت,الملز,بلدية,بلدية الملز,False,True,استافيلوكوكس اورياس,استافيلوكوكس اورياس,1,استافيلوكوكس اورياس,,True,pathogen,,8,True
Data 2025.xlsx,1480,2025-02-23,2025-02,2025-W08,1,6,ubot-0894-r01,Ubot-0894-R01,مياه حنفية لغسيل الادوات,المياه الغير معبأة (Unbottled water),Unbottled water,المياه الغير معبأة (Unbottled water),water,فندق ماريوت,فندق ماريوت,,فندق ماريوت,الملز,بلدية,بلدية الملز,True,False,لا يوجد,,0,,,False,none,,11,True
Data 2025.xlsx,1481,2025-02-23,2025-02,2025-W08,1,6,ubot-0895-r01,Ubot-0895-R01,مياه فلتر لغسيل الخضار,المياه الغير معبأة (Unbottled water),Unbottled water,المياه الغير معبأة (Unbottled water),water,فندق ماريوت,فندق ماريوت,,فندق ماريوت,الملز,بلدية,بلدية الملز,True,False,لا يوجد,,0,,,False,none,,11,True
Data 2025.xlsx,1465,2025-02-23,2025-02,2025-W08,1,6,vefr-0106-r01,VeFr-0106-R01,قطع مكس فواكه,الخضروات/الفواكه-(Vegetables/Fruits),Vegetables/Fruits,الخضروات/الفواكه-(Vegetables/Fruits),produce,فندق هوليدان,فندق هوليدان,,فندق هوليدان,الملز,بلدية,بلدية الملز,True,False,لا يوجد,,0,,,False,none,,3,True
Data 2025.xlsx,1486,2025-02-24,2025-02,2025-W09,1,0,1-2789-R01,1-2789-R01,محمرة,صلصه(salsa),salsa,صلصه(salsa),sauce_condiment,فندق الرتيز,فندق الرتيز,,فندق الرتيز,الشميسي,بلدية,بلدية الشميسي,False,True,اعفان,الخمائر والاعفان,1,,الخمائر والاعفان,False,indicator_only,,2,True
Data 2025.xlsx,1553,2025-02-24,2025-02,2025-W09,1,0,1-2790-R01,1-2790-R01,بيف مرتديلا,(Mortadella) مرتديلا,Mortadella,(Mortadella) مرتديلا,cooked_meat_poultry,فندق الرتيز,فندق الرتيز,,فندق الرتيز,الشميسي,بلدية,بلدية الشميسي,False,True,العد الكلي للبكتيريا,العد الكلي للبكتيريا,1,,العد الكلي للبكتيريا,False,indicator_only,,20,True
Data 2025.xlsx,1554,2025-02-24,2025-02,2025-W09,1,0,1-2791-R01,1-2791-R01,مرتدلا ديك رومي,(Mortadella) مرتديلا,Mortadella,(Mortadella) مرتديلا,cooked_meat_poultry,فندق الرتيز,فندق الرتيز,,فندق الرتيز,الشميسي,بلدية,بلدية الشميسي,False,True,العد الكلي للبكتيريا,العد الكلي للبكتيريا,1,,العد الكلي للبكتيريا,False,indicator_only,,21,True
Data 2025.xlsx,1483,2025-02-24,2025-02,2025-W09,1,0,appe-0298-r01,Appe-0298-R01,متبل- مقبلات,مقبلات (Appetizers),Appetizers,مقبلات (Appetizers),prepared_meal,فندق الرتيز,فندق الرتيز,,فندق الرتيز,الشميسي,بلدية,بلدية الشميسي,True,False,لا يوجد,,0,,,False,none,,1,False
Data 2025.xlsx,1484,2025-02-24,2025-02,2025-W09,1,0,appe-0299-r01,Appe-0299-R01,حمص -مقبلات,مقبلات (Appetizers),Appetizers,مقبلات (Appetizers),prepared_meal,فندق الرتيز,فندق الرتيز,,فندق الرتيز,الشميسي,بلدية,بلدية الشميسي,True,False,لا يوجد,,0,,,False,none,,1,False
Data 2025.xlsx,1488,2025-02-24,2025-02,2025-W09,1,0,appe-0300-r01,Appe-0300-R01,حمص شمندر,مقبلات (Appetizers),Appetizers,مقبلات (Appetizers),prepared_meal,فندق الرتيز,فندق الرتيز,,فندق الرتيز,الشميسي,بلدية,بلدية الشميسي,False,True,العد الكلي للبكتيريا,العد الكلي للبكتيريا,1,,العد الكلي للبكتيريا,False,indicator_only,,3,True
Data 2025.xlsx,1498,2025-02-24,2025-02,2025-W09,1,0,appe-0301-r01,Appe-0301-R01,بابا غنوج,مقبلات (Appetizers),Appetizers,مقبلات (Appetizers),prepared_meal,فندق الرتيز,فندق الرتيز,,فندق الرتيز,الشميسي,بلدية,بلدية الشميسي,True,False,لا يوجد,,0,,,False,none,,6,True
Data 2025.xlsx,1530,2025-02-24,2025-02,2025-W09,1,0,bakgoo-0456-r01,bakgoo-0456-R01,كروسان بالزعتر,(baked goods) المخبوزات,baked goods,(baked goods) المخبوزات,sweets_bakery,فندق الرتيز,فندق الرتيز,,فندق الرتيز,الشميسي,بلدية,بلدية الشميسي,False,True,العد الكلي للبكتيريا,العد الكلي للبكتيريا,1,,العد الكلي للبكتيريا,False,indicator_only,,12,True
Data 2025.xlsx,1532,2025-02-24,2025-02,2025-W09,1,0,bakgoo-0457-r01,bakgoo-0457-R01,كروسان زبدة,(baked goods) المخبوزات,baked goods,(baked goods) المخبوزات,sweets_bakery,فندق الرتيز,فندق الرتيز,,فندق الرتيز,الشميسي,بلدية,بلدية الشميسي,True,False,لا يوجد,,0,,,False,none,,13,True
Data 2025.xlsx,1533,2025-02-24,2025-02,2025-W09,1,0,bakgoo-0458-r01,bakgoo-0458-R01,فطيرة خضار,(baked goods) المخبوزات,baked goods,(baked goods) المخبوزات,sweets_bakery,فندق الرتيز,فندق الرتيز,,فندق الرتيز,الشميسي,بلدية,بلدية الشميسي,True,False,لا يوجد,,0,,,False,none,,13,True
Data 2025.xlsx,1482,2025-02-24,2025-02,2025-W09,1,0,bri-0273-r01,bri-0273-R01,لبنة (كشكة),لبنة ( brick),brick,لبنة ( brick),dairy,فندق الرتيز,فندق الرتيز,,فندق الرتيز,الشميسي,بلدية,بلدية الشميسي,False,True,انتيروباكتريسي,انتيروباكتريسي,1,,انتيروباكتريسي,False,indicator_only,,1,False
Data 2025.xlsx,1551,2025-02-24,2025-02,2025-W09,1,0,fish-0176-r01,fish-0176-R01,سمك مدخن,Fish/fish product(الاسماك / منتجات الاسماك),fish product,Fish/fish product(الاسماك / منتجات الاسماك),cooked_meat_poultry,فندق الرتيز,فندق الرتيز,,فندق الرتيز,الشميسي,بلدية,بلدية الشميسي,False,True,العد الكلي للبكتيريا,العد الكلي للبكتيريا,1,,العد الكلي للبكتيريا,False,indicator_only,,18,True
Data 2025.xlsx,1552,2025-02-24,2025-02,2025-W09,1,0,fish-0177-r01,fish-0177-R01,سمك سلمون,Fish/fish product(الاسماك / منتجات الاسماك),fish product,Fish/fish product(الاسماك / منتجات الاسماك),cooked_meat_poultry,فندق الرتيز,فندق الرتيز,,فندق الرتيز,الشميسي,بلدية,بلدية الشميسي,False,True,العد الكلي للبكتيريا,العد الكلي للبكتيريا,1,,العد الكلي للبكتيريا,False,indicator_only,,19,True
Data 2025.xlsx,1485,2025-02-24,2025-02,2025-W09,1,0,gr-0142-r01,gr-0142-R01,ورق عنب,ورق عنب (Grape leaves),Grape leaves,ورق عنب (Grape leaves),produce,فندق الرتيز,فندق الرتيز,,فندق الرتيز,الشميسي,بلدية,بلدية الشميسي,True,False,لا يوجد,,0,,,False,none,,1,False
Data 2025.xlsx,1536,2025-02-24,2025-02,2025-W09,1,0,maam-0023-r01,maam-0023-R01,معمول نوتيلا,معمول (maamoul),maamoul,معمول (maamoul),sweets_bakery,فندق الرتيز,فندق الرتيز,,فندق الرتيز,الشميسي,بلدية,بلدية الشميسي,True,False,لا يوجد,,0,,,False,none,,13,True
Data 2025.xlsx,1487,2025-02-24,2025-02,2025-W09,1,0,sal-1096-r01,Sal-1096-R01,سلطة جبنة حلومي,السلطة(Salad),Salad,السلطة(Salad),produce,فندق الرتيز,فندق الرتيز,,فندق الرتيز,الشميسي,بلدية,بلدية الشميسي,True,False,لا يوجد,,0,,,False,none,,2,True
Data 2025.xlsx,1489,2025-02-24,2025-02,2025-W09,1,0,sal-1097-r01,Sal-1097-R01,سلطة هامور,السلطة(Salad),Salad,السلطة(Salad),produce,فندق الرتيز,فندق الرتيز,,فندق الرتيز,الشميسي,بلدية,بلدية الشميسي,False,True,العد الكلي للبكتيريا,العد الكلي للبكتيريا,1,,العد الكلي للبكتيريا,False,indicator_only,,4,True
Data 2025.xlsx,1490,2025-02-24,2025-02,2025-W09,1,0,sal-1098-r01,Sal-1098-R01,سلطة جبنة بيضاء مع فواكه,السلطة(Salad),Salad,السلطة(Salad),produce,فندق الرتيز,فندق الرتيز,,فندق الرتيز,الشميسي,بلدية,بلدية الشميسي,False,True,انتيروباكتريسي,انتيروباكتريسي,1,,انتيروباكتريسي,False,indicator_only,,5,True
Data 2025.xlsx,1491,2025-02-24,2025-02,2025-W09,1,0,sal-1099-r01,Sal-1099-R01,سلطة امنت تال (جبن+فواكه),السلطة(Salad),Salad,السلطة(Salad),produce,فندق الرتيز,فندق الرتيز,,فندق الرتيز,الشميسي,بلدية,بلدية الشميسي,True,False,لا يوجد,,0,,,False,none,,5,True
Data 2025.xlsx,1492,2025-02-24,2025-02,2025-W09,1,0,sal-1100-r01,Sal-1100-R01,سلطة جبنة كبترا,السلطة(Salad),Salad,السلطة(Salad),produce,فندق الرتيز,فندق الرتيز,,فندق الرتيز,الشميسي,بلدية,بلدية الشميسي,False,True,انتيروباكتريسي | ايشيريشيا كولاي | استافيلوكوكس اورياس,انتيروباكتريسي | ايشيريشيا كولاي | استافيلوكوكس اورياس,3,ايشيريشيا كولاي | استافيلوكوكس اورياس,انتيروباكتريسي,True,multi_pathogen,,6,True
Data 2025.xlsx,1493,2025-02-24,2025-02,2025-W09,1,0,sal-1101-r01,Sal-1101-R01,سلطة جبنة مع فواكه,السلطة(Salad),Salad,السلطة(Salad),produce,فندق الرتيز,فندق الرتيز,,فندق الرتيز,الشميسي,بلدية,بلدية الشميسي,True,False,لا يوجد,,0,,,False,none,,6,True
Data 2025.xlsx,1494,2025-02-24,2025-02,2025-W09,1,0,sal-1102-r01,Sal-1102-R01,سلطة فاصوليا,السلطة(Salad),Salad,السلطة(Salad),produce,فندق الرتيز,فندق الرتيز,,فندق الرتيز,الشميسي,بلدية,بلدية الشميسي,True,False,لا يوجد,,0,,,False,none,,6,True
Data 2025.xlsx,1495,2025-02-24,2025-02,2025-W09,1,0,sal-1103-r01,Sal-1103-R01,سلطة باميا,السلطة(Salad),Salad,السلطة(Salad),produce,فندق الرتيز,فندق الرتيز,,فندق الرتيز,الشميسي,بلدية,بلدية الشميسي,True,False,لا يوجد,,0,,,False,none,,6,True
Data 2025.xlsx,1496,2025-02-24,2025-02,2025-W09,1,0,sal-1104-r01,Sal-1104-R01,سلطة فول,السلطة(Salad),Salad,السلطة(Salad),produce,فندق الرتيز,فندق الرتيز,,فندق الرتيز,الشميسي,بلدية,بلدية الشميسي,True,False,لا يوجد,,0,,,False,none,,6,True
Data 2025.xlsx,1497,2025-02-24,2025-02,2025-W09,1,0,sal-1105-r01,Sal-1105-R01,سلطة بطاطس,السلطة(Salad),Salad,السلطة(Salad),produce,فندق الرتيز,فندق الرتيز,,فندق الرتيز,الشميسي,بلدية,بلدية الشميسي,True,False,لا يوجد,,0,,,False,none,,6,True
Data 2025.xlsx,1505,2025-02-24,2025-02,2025-W09,1,0,sal-1106-r01,Sal-1106-R01,سلطة تونة,السلطة(Salad),Salad,السلطة(Salad),produce,فندق الرتيز,فندق الرتيز,,فندق الرتيز,الشميسي,بلدية,بلدية الشميسي,True,False,لا يوجد,,0,,,False,none,,9,True
Data 2025.xlsx,1506,2025-02-24,2025-02,2025-W09,1,0,sal-1107-r01,Sal-1107-R01,سلطة بروكلي,السلطة(Salad),Salad,السلطة(Salad),produce,فندق الرتيز,فندق الرتيز,,فندق الرتيز,الشميسي,بلدية,بلدية الشميسي,True,False,لا يوجد,,0,,,False,none,,9,True
Data 2025.xlsx,1507,2025-02-24,2025-02,2025-W09,1,0,sal-1108-r01,Sal-1108-R01,سلة خضار,السلطة(Salad),Salad,السلطة(Salad),produce,فندق الرتيز,فندق الرتيز,,فندق الرتيز,الشميسي,بلدية,بلدية الشميسي,True,False,لا يوجد,,0,,,False,none,,9,True
Data 2025.xlsx,1547,2025-02-24,2025-02,2025-W09,1,0,sal-1109-r01,Sal-1109-R01,سلطة فواكه,السلطة(Salad),Salad,السلطة(Salad),produce,فندق الرتيز,فندق الرتيز,,فندق الرتيز,الشميسي,بلدية,بلدية الشميسي,True,False,لا يوجد,,0,,,False,none,,15,True
Data 2025.xlsx,1499,2025-02-24,2025-02,2025-W09,1,0,sw-2467-r01,sw-2467-R01,مسحة طاولة تقطيع خضار,(Swabs) المسحات,Swabs,(Swabs) المسحات,swab,فندق الرتيز,فندق الرتيز,,فندق الرتيز,الشميسي,بلدية,بلدية الشميسي,True,False,لا يوجد,,0,,,False,none,,6,True
Data 2025.xlsx,1500,2025-02-24,2025-02,2025-W09,1,0,sw-2468-r01,sw-2468-R01,مسحة طاولة تقطيع خبز,(Swabs) المسحات,Swabs,(Swabs) المسحات,swab,فندق الرتيز,فندق الرتيز,,فندق الرتيز,الشميسي,بلدية,بلدية الشميسي,False,True,العد الكلي للبكتيريا,العد الكلي للبكتيريا,1,,العد الكلي للبكتيريا,False,indicator_only,,7,True
Data 2025.xlsx,1501,2025-02-24,2025-02,2025-W09,1,0,sw-2469-r01,sw-2469-R01,مسحة طاولة تقطيع خضار,(Swabs) المسحات,Swabs,(Swabs) المسحات,swab,فندق الرتيز,فندق الرتيز,,فندق الرتيز,الشميسي,بلدية,بلدية الشميسي,True,False,لا يوجد,,0,,,False,none,,7,True
Data 2025.xlsx,1502,2025-02-24,2025-02,2025-W09,1,0,sw-2470-r01,sw-2470-R01,مسحة طاولة تقطيع خضار,(Swabs) المسحات,Swabs,(Swabs) المسحات,swab,فندق الرتيز,فندق الرتيز,,فندق الرتيز,الشميسي,بلدية,بلدية الشميسي,False,True,العد الكلي للبكتيريا | استافيلوكوكس اورياس,العد الكلي للبكتيريا | استافيلوكوكس اورياس,2,استافيلوكوكس اورياس,العد الكلي للبكتيريا,True,pathogen,,8,True
Data 2025.xlsx,1503,2025-02-24,2025-02,2025-W09,1,0,sw-2471-r01,sw-2471-R01,مسحة طاولة تقطيع خضار,(Swabs) المسحات,Swabs,(Swabs) المسحات,swab,فندق الرتيز,فندق الرتيز,,فندق الرتيز,الشميسي,بلدية,بلدية الشميسي,False,True,العد الكلي للبكتيريا,العد الكلي للبكتيريا,1,,العد الكلي للبكتيريا,False,indicator_only,,9,True
Data 2025.xlsx,1504,2025-02-24,2025-02,2025-W09,1,0,sw-2472-r01,sw-2472-R01,مسحة ثلاجة متنقلة,(Swabs) المسحات,Swabs,(Swabs) المسحات,swab,فندق الرتيز,فندق الرتيز,,فندق الرتيز,الشميسي,بلدية,بلدية الشميسي,True,False,لا يوجد,,0,,,False,none,,9,True
Data 2025.xlsx,1534,2025-02-24,2025-02,2025-W09,1,0,sw-2473-r01,sw-2473-R01,مسحة حافظة المخبوزات,(Swabs) المسحات,Swabs,(Swabs) المسحات,swab,فندق الرتيز,فندق الرتيز,,فندق الرتيز,الشميسي,بلدية,بلدية الشميسي,True,False,لا يوجد,,0,,,False,none,,13,True
Data 2025.xlsx,1535,2025-02-24,2025-02,2025-W09,1,0,sw-2474-r01,sw-2474-R01,مسحة ثلاجة تجميد كيك,(Swabs) المسحات,Swabs,(Swabs) المسحات,swab,فندق الرتيز,فندق الرتيز,,فندق الرتيز,الشميسي,بلدية,بلدية الشميسي,True,False,لا يوجد,,0,,,False,none,,13,True
Data 2025.xlsx,1544,2025-02-24,2025-02,2025-W09,1,0,sw-2475-r01,sw-2475-R01,مسحة طاولة تقطيع فواكه,(Swabs) المسحات,Swabs,(Swabs) المسحات,swab,فندق الرتيز,فندق الرتيز,,فندق الرتيز,الشميسي,بلدية,بلدية الشميسي,False,True,العد الكلي للبكتيريا | استافيلوكوكس اورياس,العد الكلي للبكتيريا | استافيلوكوكس اورياس,2,استافيلوكوكس اورياس,العد الكلي للبكتيريا,True,pathogen,,14,True
Data 2025.xlsx,1545,2025-02-24,2025-02,2025-W09,1,0,sw-2476-r01,sw-2476-R01,مسحة طاولة تقطيع فواكه,(Swabs) المسحات,Swabs,(Swabs) المسحات,swab,فندق الرتيز,فندق الرتيز,,فندق الرتيز,الشميسي,بلدية,بلدية الشميسي,False,True,العد الكلي للبكتيريا,العد الكلي للبكتيريا,1,,العد الكلي للبكتيريا,False,indicator_only,,15,True
Data 2025.xlsx,1546,2025-02-24,2025-02,2025-W09,1,0,sw-2477-r01,sw-2477-R01,مسحة ثلاجة تخزين فواكه,(Swabs) المسحات,Swabs,(Swabs) المسحات,swab,فندق الرتيز,فندق الرتيز,,فندق الرتيز,الشميسي,بلدية,بلدية الشميسي,True,False,لا يوجد,,0,,,False,none,,15,True
Data 2025.xlsx,1548,2025-02-24,2025-02,2025-W09,1,0,sw-2478-r01,sw-2478-R01,مسحة صانعة ثلج,(Swabs) المسحات,Swabs,(Swabs) المسحات,swab,فندق الرتيز,فندق الرتيز,,فندق الرتيز,الشميسي,بلدية,بلدية الشميسي,False,True,العد الكلي للبكتيريا | استافيلوكوكس اورياس,العد الكلي للبكتيريا | استافيلوكوكس اورياس,2,استافيلوكوكس اورياس,العد الكلي للبكتيريا,True,pathogen,,16,True
Data 2025.xlsx,1508,2025-02-24,2025-02,2025-W09,1,0,sweet-0761-r01,sweet-0761-R01,كرانش شوكولاتة,الحلا(sweetness),sweetness,الحلا(sweetness),sweets_bakery,فندق الرتيز,فندق الرتيز,,فندق الرتيز,الشميسي,بلدية,بلدية الشميسي,True,False,لا يوجد,,0,,,False,none,,9,True
Data 2025.xlsx,1509,2025-02-24,2025-02,2025-W09,1,0,sweet-0762-r01,sweet-0762-R01,راز بيري كيك,الحلا(sweetness),sweetness,الحلا(sweetness),sweets_bakery,فندق الرتيز,فندق الرتيز,,فندق الرتيز,الشميسي,بلدية,بلدية الشميسي,True,False,لا يوجد,,0,,,False,none,,9,True
Data 2025.xlsx,1510,2025-02-24,2025-02,2025-W09,1,0,sweet-0763-r01,sweet-0763-R01,كيكة المكسرات,الحلا(sweetness),sweetness,الحلا(sweetness),sweets_bakery,فندق الرتيز,فندق الرتيز,,فندق الرتيز,الشميسي,بلدية,بلدية الشميسي,True,False,لا يوجد,,0,,,False,none,,9,True
Data 2025.xlsx,1511,2025-02-24,2025-02,2025-W09,1,0,sweet-0764-r01,sweet-0764-R01,شوكولاتة كيك,الحلا(sweetness),sweetness,الحلا(sweetness),sweets_bakery,فندق الرتيز,فندق الرتيز,,فندق الرتيز,الشميسي,بلدية,بلدية الشميسي,True,False,لا يوجد,,0,,,False,none,,9,True
Data 2025.xlsx,1512,2025-02-24,2025-02,2025-W09,1,0,sweet-0765-r01,sweet-0765-R01,تارت اناناس,الحلا(sweetness),sweetness,الحلا(sweetness),sweets_bakery,فندق الرتيز,فندق الرتيز,,فندق الرتيز,الشميسي,بلدية,بلدية الشميسي,True,False,لا يوجد,,0,,,False,none,,9,True
Data 2025.xlsx,1513,2025-02-24,2025-02,2025-W09,1,0,sweet-0766-r01,sweet-0766-R01,من كيك,الحلا(sweetness),sweetness,الحلا(sweetness),sweets_bakery,فندق الرتيز,فندق الرتيز,,فندق الرتيز,الشميسي,بلدية,بلدية الشميسي,True,False,لا يوجد,,0,,,False,none,,9,True
Data 2025.xlsx,1514,2025-02-24,2025-02,2025-W09,1,0,sweet-0767-r01,sweet-0767-R01,تارت شوكولاتة,الحلا(sweetness),sweetness,الحلا(sweetness),sweets_bakery,فندق الرتيز,فندق الرتيز,,فندق الرتيز,الشميسي,بلدية,بلدية الشميسي,True,False,لا يوجد,,0,,,False,none,,9,True
Data 2025.xlsx,1515,2025-02-24,2025-02,2025-W09,1,0,sweet-0768-r01,sweet-0768-R01,موز بالشوكولاتة,الحلا(sweetness),sweetness,الحلا(sweetness),sweets_bakery,فندق الرتيز,فندق الرتيز,,فندق الرتيز,الشميسي,بلدية,بلدية الشميسي,False,True,العد الكلي للبكتيريا | انتيروباكتريسي,العد الكلي للبكتيريا | انتيروباكتريسي,2,,العد الكلي للبكتيريا | انتيروباكتريسي,False,indicator_only,,10,True
Data 2025.xlsx,1516,2025-02-24,2025-02,2025-W09,1,0,sweet-0769-r01,sweet-0769-R01,حلا القهوة,الحلا(sweetness),sweetness,الحلا(sweetness),sweets_bakery,فندق الرتيز,فندق الرتيز,,فندق الرتيز,الشميسي,بلدية,بلدية الشميسي,True,False,لا يوجد,,0,,,False,none,,10,True
Data 2025.xlsx,1517,2025-02-24,2025-02,2025-W09,1,0,sweet-0770-r01,sweet-0770-R01,شوكلانة باناكوكوتة,الحلا(sweetness),sweetness,الحلا(sweetness),sweets_bakery,فندق الرتيز,فندق الرتيز,,فندق الرتيز,الشميسي,بلدية,بلدية الشميسي,True,False,لا يوجد,,0,,,False,none,,10,True
Data 2025.xlsx,1518,2025-02-24,2025-02,2025-W09,1,0,sweet-0771-r01,sweet-0771-R01,سافروت كريم,الحلا(sweetness),sweetness,الحلا(sweetness),sweets_bakery,فندق الرتيز,فندق الرتيز,,فندق الرتيز,الشميسي,بلدية,بلدية الشميسي,True,False,لا يوجد,,0,,,False,none,,10,True
Data 2025.xlsx,1519,2025-02-24,2025-02,2025-W09,1,0,sweet-0772-r01,sweet-0772-R01,بانشن باناكوتة,الحلا(sweetness),sweetness,الحلا(sweetness),sweets_bakery,فندق الرتيز,فندق الرتيز,,فندق الرتيز,الشميسي,بلدية,بلدية الشميسي,True,False,لا يوجد,,0,,,False,none,,10,True
Data 2025.xlsx,1520,2025-02-24,2025-02,2025-W09,1,0,sweet-0773-r01,sweet-0773-R01,بستاشيو كيك,الحلا(sweetness),sweetness,الحلا(sweetness),sweets_bakery,فندق الرتيز,فندق الرتيز,,فندق الرتيز,الشميسي,بلدية,بلدية الشميسي,True,False,لا يوجد,,0,,,False,none,,10,True
Data 2025.xlsx,1521,2025-02-24,2025-02,2025-W09,1,0,sweet-0774-r01,sweet-0774-R01,دنيش كاستر,الحلا(sweetness),sweetness,الحلا(sweetness),sweets_bakery,فندق الرتيز,فندق الرتيز,,فندق الرتيز,الشميسي,بلدية,بلدية الشميسي,True,False,لا يوجد,,0,,,False,none,,10,True
Data 2025.xlsx,1522,2025-02-24,2025-02,2025-W09,1,0,sweet-0775-r01,sweet-0775-R01,دنيش بلاك بيري مع كاستر,الحلا(sweetness),sweetness,الحلا(sweetness),sweets_bakery,فندق الرتيز,فندق الرتيز,,فندق الرتيز,الشميسي,بلدية,بلدية الشميسي,True,False,لا يوجد,,0,,,False,none,,10,True
Data 2025.xlsx,1523,2025-02-24,2025-02,2025-W09,1,0,sweet-0776-r01,sweet-0776-R01,مافن شوكولاتة,الحلا(sweetness),sweetness,الحلا(sweetness),sweets_bakery,فندق الرتيز,فندق الرتيز,,فندق الرتيز,الشميسي,بلدية,بلدية الشميسي,True,False,لا يوجد,,0,,,False,none,,10,True
Data 2025.xlsx,1524,2025-02-24,2025-02,2025-W09,1,0,sweet-0777-r01,sweet-0777-R01,موز بالكيك,الحلا(sweetness),sweetness,الحلا(sweetness),sweets_bakery,فندق الرتيز,فندق الرتيز,,فندق الرتيز,الشميسي,بلدية,بلدية الشميسي,True,False,لا يوجد,,0,,,False,none,,10,True
Data 2025.xlsx,1525,2025-02-24,2025-02,2025-W09,1,0,sweet-0778-r01,sweet-0778-R01,دنش فراولة,الحلا(sweetness),sweetness,الحلا(sweetness),sweets_bakery,فندق الرتيز,فندق الرتيز,,فندق الرتيز,الشميسي,بلدية,بلدية الشميسي,True,False,لا يوجد,,0,,,False,none,,10,True
Data 2025.xlsx,1526,2025-02-24,2025-02,2025-W09,1,0,sweet-0779-r01,sweet-0779-R01,كروسان كريم شير,الحلا(sweetness),sweetness,الحلا(sweetness),sweets_bakery,فندق الرتيز,فندق الرتيز,,فندق الرتيز,الشميسي,بلدية,بلدية الشميسي,True,False,لا يوجد,,0,,,False,none,,10,True
Data 2025.xlsx,1527,2025-02-24,2025-02,2025-W09,1,0,sweet-0780-r01,sweet-0780-R01,مافن بالمكسرات,الحلا(sweetness),sweetness,الحلا(sweetness),sweets_bakery,فندق الرتيز,فندق الرتيز,,فندق الرتيز,الشميسي,بلدية,بلدية الشميسي,True,False,لا يوجد,,0,,,False,none,,10,True
Data 2025.xlsx,1528,2025-02-24,2025-02,2025-W09,1,0,sweet-0781-r01,sweet-0781-R01,كروسان شوكولاتة,الحلا(sweetness),sweetness,الحلا(sweetness),sweets_bakery,فندق الرتيز,فندق الرتيز,,فندق الرتيز,الشميسي,بلدية,بلدية الشميسي,False,True,العد الكلي للبكتيريا | استافيلوكوكس اورياس,العد الكلي للبكتيريا | استافيلوكوكس اورياس,2,استافيلوكوكس اورياس,العد الكلي للبكتيريا,True,pathogen,,11,True
Data 2025.xlsx,1529,2025-02-24,2025-02,2025-W09,1,0,sweet-0782-r01,sweet-0782-R01,براوني شوكولاتة,الحلا(sweetness),sweetness,الحلا(sweetness),sweets_bakery,فندق الرتيز,فندق الرتيز,,فندق الرتيز,الشميسي,بلدية,بلدية الشميسي,True,False,لا يوجد,,0,,,False,none,,11,True
Data 2025.xlsx,1531,2025-02-24,2025-02,2025-W09,1,0,sweet-0783-r01,sweet-0783-R01,حلا مكسرات,الحلا(sweetness),sweetness,الحلا(sweetness),sweets_bakery,فندق الرتيز,فندق الرتيز,,فندق الرتيز,الشميسي,بلدية,بلدية الشميسي,False,True,العد الكلي للبكتيريا | استافيلوكوكس اورياس,العد الكلي للبكتيريا | استافيلوكوكس اورياس,2,استافيلوكوكس اورياس,العد الكلي للبكتيريا,True,pathogen,,13,True
Data 2025.xlsx,1537,2025-02-24,2025-02,2025-W09,1,0,sweet-0784-r01,sweet-0784-R01,عش البلبل بالفستق,الحلا(sweetness),sweetness,الحلا(sweetness),sweets_bakery,فندق الرتيز,فندق الرتيز,,فندق الرتيز,الشميسي,بلدية,بلدية الشميسي,True,False,لا يوجد,,0,,,False,none,,13,True
Data 2025.xlsx,1538,2025-02-24,2025-02,2025-W09,1,0,sweet-0785-r01,sweet-0785-R01,بقلاوة باللوز,الحلا(sweetness),sweetness,الحلا(sweetness),sweets_bakery,فندق الرتيز,فندق الرتيز,,فندق الرتيز,الشميسي,بلدية,بلدية الشميسي,True,False,لا يوجد,,0,,,False,none,,13,True
Data 2025.xlsx,1539,2025-02-24,2025-02,2025-W09,1,0,sweet-0786-r01,sweet-0786-R01,بقلاوة بستاشيو,الحلا(sweetness),sweetness,الحلا(sweetness),sweets_bakery,فندق الرتيز,فندق الرتيز,,فندق الرتيز,الشميسي,بلدية,بلدية الشميسي,True,False,لا يوجد,,0,,,False,none,,13,True
Data 2025.xlsx,1540,2025-02-24,2025-02,2025-W09,1,0,sweet-0787-r01,sweet-0787-R01,كيك بالزعفران,الحلا(sweetness),sweetness,الحلا(sweetness),sweets_bakery,فندق الرتيز,فندق الرتيز,,فندق الرتيز,الشميسي,بلدية,بلدية الشميسي,True,False,لا يوجد,,0,,,False,none,,13,True
Data 2025.xlsx,1541,2025-02-24,2025-02,2025-W09,1,0,sweet-0788-r01,sweet-0788-R01,فستقية بالمكسرات,الحلا(sweetness),sweetness,الحلا(sweetness),sweets_bakery,فندق الرتيز,فندق الرتيز,,فندق الرتيز,الشميسي,بلدية,بلدية الشميسي,True,False,لا يوجد,,0,,,False,none,,13,True
Data 2025.xlsx,1542,2025-02-24,2025-02,2025-W09,1,0,sweet-0789-r01,sweet-0789-R01,اصابع زينب,الحلا(sweetness),sweetness,الحلا(sweetness),sweets_bakery,فندق الرتيز,فندق الرتيز,,فندق الرتيز,الشميسي,بلدية,بلدية الشميسي,True,False,لا يوجد,,0,,,False,none,,13,True
Data 2025.xlsx,1543,2025-02-24,2025-02,2025-W09,1,0,sweet-0790-r01,sweet-0790-R01,لقيميات,الحلا(sweetness),sweetness,الحلا(sweetness),sweets_bakery,فندق الرتيز,فندق الرتيز,,فندق الرتيز,الشميسي,بلدية,بلدية الشميسي,True,False,لا يوجد,,0,,,False,none,,13,True
Data 2025.xlsx,1549,2025-02-24,2025-02,2025-W09,1,0,sweet-0791-r01,sweet-0791-R01,زبادي مع مكسرات,الحلا(sweetness),sweetness,الحلا(sweetness),sweets_bakery,فندق الرتيز,فندق الرتيز,,فندق الرتيز,الشميسي,بلدية,بلدية الشميسي,False,True,انتيروباكتريسي,انتيروباكتريسي,1,,انتيروباكتريسي,False,indicator_only,,17,True
Data 2025.xlsx,1550,2025-02-24,2025-02,2025-W09,1,0,sweet-0792-r01,sweet-0792-R01,شوفان مع عسل,الحلا(sweetness),sweetness,الحلا(sweetness),sweets_bakery,فندق الرتيز,فندق الرتيز,,فندق الرتيز,الشميسي,بلدية,بلدية الشميسي,True,False,لا يوجد,,0,,,False,none,,17,True
Data 2025.xlsx,1555,2025-02-24,2025-02,2025-W09,1,0,ubot-0896-r01,Ubot-0896-R01,مياه فلتر لغسيل الادوات م ك,مياة فلتر للطبخ م,,مياة فلتر للطبخ م,water,فندق الرتيز,فندق الرتيز,,فندق الرتيز,الشميسي,بلدية,بلدية الشميسي,True,False,لا يوجد,,0,,,False,none,,21,True
Data 2025.xlsx,1556,2025-02-24,2025-02,2025-W09,1,0,ubot-0897-r01,Ubot-0897-R01,مياه فلتر لغسيل الادوات م,مياة فلتر للطبخ م,,مياة فلتر للطبخ م,water,فندق الرتيز,فندق الرتيز,,فندق الرتيز,الشميسي,بلدية,بلدية الشميسي,True,False,لا يوجد,,0,,,False,none,,21,True
Data 2025.xlsx,1557,2025-02-24,2025-02,2025-W09,1,0,ubot-0898-r01,Ubot-0898-R01,مياه فلتر للطبخ م,مياة فلتر للطبخ م,,مياة فلتر للطبخ م,water,فندق الرتيز,فندق الرتيز,,فندق الرتيز,الشميسي,بلدية,بلدية الشميسي,True,False,لا يوجد,,0,,,False,none,,21,True
Data 2025.xlsx,1577,2025-02-25,2025-02,2025-W09,1,1,1-2792-R01,1-2792-R01,سوشي خضار,((sushi) السوشي,sushi,((sushi) السوشي,prepared_meal,مطعم نارسيس,مطعم نارسيس,,مطعم نارسيس,العليا,بلدية,بلدية العليا,True,False,لا يوجد,,0,,,False,none,,11,True
Data 2025.xlsx,1578,2025-02-25,2025-02,2025-W09,1,1,1-2793-R01,1-2793-R01,سوشي كافيار,((sushi) السوشي,sushi,((sushi) السوشي,prepared_meal,مطعم نارسيس,مطعم نارسيس,,مطعم نارسيس,العليا,بلدية,بلدية العليا,False,True,العد الكلي للبكتيريا,العد الكلي للبكتيريا,1,,العد الكلي للبكتيريا,False,indicator_only,,12,True
Data 2025.xlsx,1579,2025-02-25,2025-02,2025-W09,1,1,1-2794-R01,1-2794-R01,سوشي سلمون,((sushi) السوشي,sushi,((sushi) السوشي,prepared_meal,مطعم نارسيس,مطعم نارسيس,,مطعم نارسيس,العليا,بلدية,بلدية العليا,False,True,العد الكلي للبكتيريا,العد الكلي للبكتيريا,1,,العد الكلي للبكتيريا,False,indicator_only,,13,True
Data 2025.xlsx,1598,2025-02-25,2025-02,2025-W09,1,1,1-2795-R01,1-2795-R01,رز برياني,الارز ( rice),rice,الارز ( rice),prepared_meal,مطعم نارسيس,مطعم نارسيس,,مطعم نارسيس,العليا,بلدية,بلدية العليا,True,False,لا يوجد,,0,,,False,none,,20,True
Data 2025.xlsx,1612,2025-02-25,2025-02,2025-W09,1,1,1-2796-R01,1-2796-R01,قطع اناناس,قطع اناناس(Pineapple pieces),Pineapple pieces,قطع اناناس(Pineapple pieces),produce,مطعم نارسيس,مطعم نارسيس,,مطعم نارسيس,العليا,بلدية,بلدية العليا,True,False,لا يوجد,,0,,,False,none,,23,True
Data 2025.xlsx,1636,2025-02-25,2025-02,2025-W09,1,1,1-2797-R01,1-2797-R01,شمندر,شمندر(beet),beet,شمندر(beet),produce,كرزة,كرزة,,كرزة,الشمال,بلدية,بلدية الشمال,True,False,لا يوجد,,0,,,False,none,,2,True
Data 2025.xlsx,1650,2025-02-25,2025-02,2025-W09,1,1,1-2798-R01,1-2798-R01,ويب كريم قهوة,(cream) قشطة,cream,(cream) كريمة,dairy,كرزة,كرزة,,كرزة,الشمال,بلدية,بلدية الشمال,True,False,لا يوجد,,0,,,False,none,category_merged_to_canonical,5,True
Data 2025.xlsx,1652,2025-02-25,2025-02,2025-W09,1,1,1-2799-R01,1-2799-R01,نكهة جوز الهند,نكهات مركزة ( Syrup ),Syrup,نكهات مركزة ( Syrup ),sauce_condiment,كرزة,كرزة,,كرزة,الشمال,بلدية,بلدية الشمال,False,True,العد الكلي للبكتيريا | الخمائر والاعفان,العد الكلي للبكتيريا | الخمائر والاعفان,2,,العد الكلي للبكتيريا | الخمائر والاعفان,False,indicator_only,,6,True
Data 2025.xlsx,1638,2025-02-25,2025-02,2025-W09,1,1,O-U-to-0563-R01,O-U-to-0563-R01,طماطم مقطع,الطماطم (Tomatoes),Tomatoes,الطماطم (Tomatoes),produce,كرزة,كرزة,,كرزة,الشمال,بلدية,بلدية الشمال,True,False,لا يوجد,,0,,,False,none,,2,True
Data 2025.xlsx,1648,2025-02-25,2025-02,2025-W09,1,1,OO-OSS-po-0335-R01,OO-OSS-po-0335-R01,بطاطس حارة,البطاطس (potatoes),potatoes,البطاطس (potatoes),produce,كرزة,كرزة,,كرزة,الشمال,بلدية,بلدية الشمال,True,False,لا يوجد,,0,,,False,none,,5,True
Data 2025.xlsx,1611,2025-02-25,2025-02,2025-W09,1,1,OO-or-0211-R01,OO-or-0211-R01,قطع برتقال,البرتقال (oranges),oranges,البرتقال (oranges),produce,مطعم نارسيس,مطعم نارسيس,,مطعم نارسيس,العليا,بلدية,بلدية العليا,True,False,لا يوجد,,0,,,False,none,,23,True
Data 2025.xlsx,1641,2025-02-25,2025-02,2025-W09,1,1,OOSSU-ok-0067-R01,OOSSU-ok-0067-R01,بامية باردة,البامية (okra),okra,البامية (okra),other,كرزة,كرزة,,كرزة,الشمال,بلدية,بلدية الشمال,True,False,لا يوجد,,0,,,False,none,sample_type_unbucketed,2,True
Data 2025.xlsx,1613,2025-02-25,2025-02,2025-W09,1,1,OU-me-0026-R01,OU-me-0026-R01,قطع شمام,الشمام (melons),melons,الشمام (melons),produce,مطعم نارسيس,مطعم نارسيس,,مطعم نارسيس,العليا,بلدية,بلدية العليا,True,False,لا يوجد,,0,,,False,none,,23,True
Data 2025.xlsx,1558,2025-02-25,2025-02,2025-W09,1,1,appe-0302-r01,Appe-0302-R01,تبولة,مقبلات (Appetizers),Appetizers,مقبلات (Appetizers),prepared_meal,مطعم نارسيس,مطعم نارسيس,,مطعم نارسيس,العليا,بلدية,بلدية العليا,False,True,ايشيريشيا كولاي,ايشيريشيا كولاي,1,ايشيريشيا كولاي,,True,pathogen,,1,False
Data 2025.xlsx,1559,2025-02-25,2025-02,2025-W09,1,1,appe-0303-r01,Appe-0303-R01,فتوش,مقبلات (Appetizers),Appetizers,مقبلات (Appetizers),prepared_meal,مطعم نارسيس,مطعم نارسيس,,مطعم نارسيس,العليا,بلدية,بلدية العليا,True,False,لا يوجد,,0,,,False,none,,1,False
Data 2025.xlsx,1565,2025-02-25,2025-02,2025-W09,1,1,appe-0304-r01,Appe-0304-R01,متبل شمندر,مقبلات (Appetizers),Appetizers,مقبلات (Appetizers),prepared_meal,مطعم نارسيس,مطعم نارسيس,,مطعم نارسيس,العليا,بلدية,بلدية العليا,False,True,العد الكلي للبكتيريا,العد الكلي للبكتيريا,1,,العد الكلي للبكتيريا,False,indicator_only,,3,True
Data 2025.xlsx,1628,2025-02-25,2025-02,2025-W09,1,1,appe-0305-r01,Appe-0305-R01,تبولة,مقبلات (Appetizers),Appetizers,مقبلات (Appetizers),prepared_meal,كرزة,كرزة,,كرزة,الشمال,بلدية,بلدية الشمال,True,False,لا يوجد,,0,,,False,none,,0,False
Data 2025.xlsx,1633,2025-02-25,2025-02,2025-W09,1,1,appe-0306-r01,Appe-0306-R01,تبولة كرز,مقبلات (Appetizers),Appetizers,مقبلات (Appetizers),prepared_meal,كرزة,كرزة,,كرزة,الشمال,بلدية,بلدية الشمال,True,False,لا يوجد,,0,,,False,none,,2,True
Data 2025.xlsx,1637,2025-02-25,2025-02,2025-W09,1,1,appe-0307-r01,Appe-0307-R01,متبل,مقبلات (Appetizers),Appetizers,مقبلات (Appetizers),prepared_meal,كرزة,كرزة,,كرزة,الشمال,بلدية,بلدية الشمال,True,False,لا يوجد,,0,,,False,none,,2,True
Data 2025.xlsx,1639,2025-02-25,2025-02,2025-W09,1,1,appe-0308-r01,Appe-0308-R01,بابا غنوج,مقبلات (Appetizers),Appetizers,مقبلات (Appetizers),prepared_meal,كرزة,كرزة,,كرزة,الشمال,بلدية,بلدية الشمال,True,False,لا يوجد,,0,,,False,none,,2,True
Data 2025.xlsx,1625,2025-02-25,2025-02,2025-W09,1,1,bakgoo-0459-r01,bakgoo-0459-R01,كيك انجليزي,(baked goods) المخبوزات,baked goods,(baked goods) المخبوزات,sweets_bakery,مطعم نارسيس,مطعم نارسيس,,مطعم نارسيس,العليا,بلدية,بلدية العليا,True,False,لا يوجد,,0,,,False,none,,25,True
Data 2025.xlsx,1626,2025-02-25,2025-02,2025-W09,1,1,bakgoo-0460-r01,bakgoo-0460-R01,كروسان بالجبنة,(baked goods) المخبوزات,baked goods,(baked goods) المخبوزات,sweets_bakery,مطعم نارسيس,مطعم نارسيس,,مطعم نارسيس,العليا,بلدية,بلدية العليا,True,False,لا يوجد,,0,,,False,none,,25,True
Data 2025.xlsx,1627,2025-02-25,2025-02,2025-W09,1,1,bakgoo-0461-r01,bakgoo-0461-R01,كروسان بالزعتر,(baked goods) المخبوزات,baked goods,(baked goods) المخبوزات,sweets_bakery,مطعم نارسيس,مطعم نارسيس,,مطعم نارسيس,العليا,بلدية,بلدية العليا,True,False,لا يوجد,,0,,,False,none,,25,True
Data 2025.xlsx,1568,2025-02-25,2025-02,2025-W09,1,1,bri-0274-r01,bri-0274-R01,كشكة لبنة,لبنة ( brick),brick,لبنة ( brick),dairy,مطعم نارسيس,مطعم نارسيس,,مطعم نارسيس,العليا,بلدية,بلدية العليا,False,True,انتيروباكتريسي,انتيروباكتريسي,1,,انتيروباكتريسي,False,indicator_only,,6,True
Data 2025.xlsx,1566,2025-02-25,2025-02,2025-W09,1,1,ch-0097-r01,ch-0097-R01,جبنة جرشية,الاجبان (cheeses),cheeses,الاجبان (cheeses),dairy,مطعم نارسيس,مطعم نارسيس,,مطعم نارسيس,العليا,بلدية,بلدية العليا,False,True,انتيروباكتريسي,انتيروباكتريسي,1,,انتيروباكتريسي,False,indicator_only,,4,True
Data 2025.xlsx,1608,2025-02-25,2025-02,2025-W09,1,1,ck-0131-r01,ck-0131-R01,كاميل موسكي كيك,كيك (cake),cake,كيك (cake),sweets_bakery,مطعم نارسيس,مطعم نارسيس,,مطعم نارسيس,العليا,بلدية,بلدية العليا,True,False,لا يوجد,,0,,,False,none,,21,True
Data 2025.xlsx,1651,2025-02-25,2025-02,2025-W09,1,1,ck-0132-r01,ck-0132-R01,كيكة شوكولاتة,كيك (cake),cake,كيك (cake),sweets_bakery,كرزة,كرزة,,كرزة,الشمال,بلدية,بلدية الشمال,True,False,لا يوجد,,0,,,False,none,,5,True
Data 2025.xlsx,1597,2025-02-25,2025-02,2025-W09,1,1,cm-0081-r01,Cm-0081-R01,لحم بقري,اللحوم المطبوخة (Cooked meat),Cooked meat,اللحوم المطبوخة (Cooked meat),cooked_meat_poultry,مطعم نارسيس,مطعم نارسيس,,مطعم نارسيس,العليا,بلدية,بلدية العليا,True,False,لا يوجد,,0,,,False,none,,20,True
Data 2025.xlsx,1603,2025-02-25,2025-02,2025-W09,1,1,cm-0082-r01,Cm-0082-R01,كفتة بقر,اللحوم المطبوخة (Cooked meat),Cooked meat,اللحوم المطبوخة (Cooked meat),cooked_meat_poultry,مطعم نارسيس,مطعم نارسيس,,مطعم نارسيس,العليا,بلدية,بلدية العليا,True,False,لا يوجد,,0,,,False,none,,20,True
Data 2025.xlsx,1601,2025-02-25,2025-02,2025-W09,1,1,co-0445-r01,co-0445-R01,قطع دجاج بالكريمة,الدجاج المطبوخ (Cooked chicken),Cooked chicken,الدجاج المطبوخ (Cooked chicken),cooked_meat_poultry,مطعم نارسيس,مطعم نارسيس,,مطعم نارسيس,العليا,بلدية,بلدية العليا,True,False,لا يوجد,,0,,,False,none,,20,True
Data 2025.xlsx,1599,2025-02-25,2025-02,2025-W09,1,1,gcv-0173-r01,GCV-0173-R01,ايدام خضار,الخضار المشوية و المطبوخة,,الخضار المشوية و المطبوخة,cooked_meat_poultry,مطعم نارسيس,مطعم نارسيس,,مطعم نارسيس,العليا,بلدية,بلدية العليا,True,False,لا يوجد,,0,,,False,none,,20,True
Data 2025.xlsx,1600,2025-02-25,2025-02,2025-W09,1,1,gcv-0174-r01,GCV-0174-R01,ايدام مكس سي فور (اسماك),الخضار المشوية و المطبوخة,,الخضار المشوية و المطبوخة,cooked_meat_poultry,مطعم نارسيس,مطعم نارسيس,,مطعم نارسيس,العليا,بلدية,بلدية العليا,True,False,لا يوجد,,0,,,False,none,,20,True
Data 2025.xlsx,1602,2025-02-25,2025-02,2025-W09,1,1,gcv-0175-r01,GCV-0175-R01,ايدام كرات بحرية,الخضار المشوية و المطبوخة,,الخضار المشوية و المطبوخة,cooked_meat_poultry,مطعم نارسيس,مطعم نارسيس,,مطعم نارسيس,العليا,بلدية,بلدية العليا,True,False,لا يوجد,,0,,,False,none,,20,True
Data 2025.xlsx,1604,2025-02-25,2025-02,2025-W09,1,1,gcv-0176-r01,GCV-0176-R01,ايدام دجاج فهيتا,الخضار المشوية و المطبوخة,,الخضار المشوية و المطبوخة,cooked_meat_poultry,مطعم نارسيس,مطعم نارسيس,,مطعم نارسيس,العليا,بلدية,بلدية العليا,True,False,لا يوجد,,0,,,False,none,,20,True
Data 2025.xlsx,1630,2025-02-25,2025-02,2025-W09,1,1,gr-0143-r01,gr-0143-R01,ورق عنب فتة,ورق عنب (Grape leaves),Grape leaves,ورق عنب (Grape leaves),produce,كرزة,كرزة,,كرزة,الشمال,بلدية,بلدية الشمال,True,False,لا يوجد,,0,,,False,none,,0,False
Data 2025.xlsx,1569,2025-02-25,2025-02,2025-W09,1,1,homo-0407-r01,homo-0407-R01,حمص - مقبلات,"الحمص Homous , Tzatziki and other dips","Homous , Tzatziki and other dips","الحمص Homous , Tzatziki and other dips",prepared_meal,مطعم نارسيس,مطعم نارسيس,,مطعم نارسيس,العليا,بلدية,بلدية العليا,False,True,العد الكلي للبكتيريا,العد الكلي للبكتيريا,1,,العد الكلي للبكتيريا,False,indicator_only,,7,True
Data 2025.xlsx,1573,2025-02-25,2025-02,2025-W09,1,1,homo-0408-r01,homo-0408-R01,حمص بيروت - مقبلات,"الحمص Homous , Tzatziki and other dips","Homous , Tzatziki and other dips","الحمص Homous , Tzatziki and other dips",prepared_meal,مطعم نارسيس,مطعم نارسيس,,مطعم نارسيس,العليا,بلدية,بلدية العليا,False,True,العد الكلي للبكتيريا,العد الكلي للبكتيريا,1,,العد الكلي للبكتيريا,False,indicator_only,,9,True
Data 2025.xlsx,1634,2025-02-25,2025-02,2025-W09,1,1,homo-0409-r01,homo-0409-R01,حمص,"الحمص Homous , Tzatziki and other dips","Homous , Tzatziki and other dips","الحمص Homous , Tzatziki and other dips",prepared_meal,كرزة,كرزة,,كرزة,الشمال,بلدية,بلدية الشمال,True,False,لا يوجد,,0,,,False,none,,2,True
Data 2025.xlsx,1640,2025-02-25,2025-02,2025-W09,1,1,homo-0410-r01,homo-0410-R01,حمص مسبحة,"الحمص Homous , Tzatziki and other dips","Homous , Tzatziki and other dips","الحمص Homous , Tzatziki and other dips",prepared_meal,كرزة,كرزة,,كرزة,الشمال,بلدية,بلدية الشمال,True,False,لا يوجد,,0,,,False,none,,2,True
Data 2025.xlsx,1567,2025-02-25,2025-02,2025-W09,1,1,homo-0411,homo-0411,(حمص + طحينة) مقبلات,(Swabs) المسحات,Swabs,(Swabs) المسحات,swab,مطعم نارسيس,مطعم نارسيس,,مطعم نارسيس,العليا,بلدية,بلدية العليا,False,True,العد الكلي للبكتيريا,العد الكلي للبكتيريا,1,,العد الكلي للبكتيريا,False,indicator_only,,5,True
Data 2025.xlsx,1653,2025-02-25,2025-02,2025-W09,1,1,jui-0383-r01,jui-0383-R01,عصير باشن فروت,العصائر الطازجة Un-pasteurized juices (fresh),fresh,العصائر الطازجة Un-pasteurized juices (fresh),beverage,كرزة,كرزة,,كرزة,الشمال,بلدية,بلدية الشمال,True,False,لا يوجد,,0,,,False,none,,6,True
Data 2025.xlsx,1654,2025-02-25,2025-02,2025-W09,1,1,jui-0384-r01,jui-0384-R01,عصير كرز,العصائر الطازجة Un-pasteurized juices (fresh),fresh,العصائر الطازجة Un-pasteurized juices (fresh),beverage,كرزة,كرزة,,كرزة,الشمال,بلدية,بلدية الشمال,False,True,الخمائر والاعفان,الخمائر والاعفان,1,,الخمائر والاعفان,False,indicator_only,,7,True
Data 2025.xlsx,1655,2025-02-25,2025-02,2025-W09,1,1,jui-0385-r01,jui-0385-R01,عصير برتقال كبس,العصائر الطازجة Un-pasteurized juices (fresh),fresh,العصائر الطازجة Un-pasteurized juices (fresh),beverage,كرزة,كرزة,,كرزة,الشمال,بلدية,بلدية الشمال,True,False,لا يوجد,,0,,,False,none,,7,True
Data 2025.xlsx,1576,2025-02-25,2025-02,2025-W09,1,1,pick-0332-r01,Pick-0332-R01,مخلل خيار,المخلل (Pickle),Pickle,المخلل (Pickle),sauce_condiment,مطعم نارسيس,مطعم نارسيس,,مطعم نارسيس,العليا,بلدية,بلدية العليا,False,True,خمائر,الخمائر والاعفان,1,,الخمائر والاعفان,False,indicator_only,,11,True
Data 2025.xlsx,1560,2025-02-25,2025-02,2025-W09,1,1,sal-1110-r01,Sal-1110-R01,سلطة كوسة,السلطة(Salad),Salad,السلطة(Salad),produce,مطعم نارسيس,مطعم نارسيس,,مطعم نارسيس,العليا,بلدية,بلدية العليا,True,False,لا يوجد,,0,,,False,none,,1,False
Data 2025.xlsx,1561,2025-02-25,2025-02,2025-W09,1,1,sal-1111-r01,Sal-1111-R01,سلطة زهرة بالطحينة,السلطة(Salad),Salad,السلطة(Salad),produce,مطعم نارسيس,مطعم نارسيس,,مطعم نارسيس,العليا,بلدية,بلدية العليا,True,False,لا يوجد,,0,,,False,none,,1,False
Data 2025.xlsx,1562,2025-02-25,2025-02,2025-W09,1,1,sal-1112-r01,Sal-1112-R01,سلطة خضراء ناعمة,السلطة(Salad),Salad,السلطة(Salad),produce,مطعم نارسيس,مطعم نارسيس,,مطعم نارسيس,العليا,بلدية,بلدية العليا,True,False,لا يوجد,,0,,,False,none,,1,False
Data 2025.xlsx,1563,2025-02-25,2025-02,2025-W09,1,1,sal-1113-r01,Sal-1113-R01,سلطة زيتون,السلطة(Salad),Salad,السلطة(Salad),produce,مطعم نارسيس,مطعم نارسيس,,مطعم نارسيس,العليا,بلدية,بلدية العليا,False,True,خمائر | اعفان,الخمائر والاعفان | الخمائر والاعفان,2,,الخمائر والاعفان | الخمائر والاعفان,False,indicator_only,,2,True
Data 2025.xlsx,1564,2025-02-25,2025-02,2025-W09,1,1,sal-1114-r01,Sal-1114-R01,سلطة شمندر,السلطة(Salad),Salad,السلطة(Salad),produce,مطعم نارسيس,مطعم نارسيس,,مطعم نارسيس,العليا,بلدية,بلدية العليا,True,False,لا يوجد,,0,,,False,none,,2,True
Data 2025.xlsx,1570,2025-02-25,2025-02,2025-W09,1,1,sal-1115-r01,Sal-1115-R01,سلطة زبادي بالخيار,السلطة(Salad),Salad,السلطة(Salad),produce,مطعم نارسيس,مطعم نارسيس,,مطعم نارسيس,العليا,بلدية,بلدية العليا,True,False,لا يوجد,,0,,,False,none,,7,True
Data 2025.xlsx,1571,2025-02-25,2025-02,2025-W09,1,1,sal-1116-r01,Sal-1116-R01,سلطة مصقع,السلطة(Salad),Salad,السلطة(Salad),produce,مطعم نارسيس,مطعم نارسيس,,مطعم نارسيس,العليا,بلدية,بلدية العليا,True,False,لا يوجد,,0,,,False,none,,7,True
Data 2025.xlsx,1574,2025-02-25,2025-02,2025-W09,1,1,sal-1117-r01,Sal-1117-R01,سلطة باذنجر,السلطة(Salad),Salad,السلطة(Salad),produce,مطعم نارسيس,مطعم نارسيس,,مطعم نارسيس,العليا,بلدية,بلدية العليا,False,True,العد الكلي للبكتيريا,العد الكلي للبكتيريا,1,,العد الكلي للبكتيريا,False,indicator_only,,10,True
Data 2025.xlsx,1575,2025-02-25,2025-02,2025-W09,1,1,sal-1118-r01,Sal-1118-R01,سلطة جبنة فيتا,السلطة(Salad),Salad,السلطة(Salad),produce,مطعم نارسيس,مطعم نارسيس,,مطعم نارسيس,العليا,بلدية,بلدية العليا,True,False,لا يوجد,,0,,,False,none,,10,True
Data 2025.xlsx,1583,2025-02-25,2025-02,2025-W09,1,1,sal-1119-r01,Sal-1119-R01,سلطة فطر,السلطة(Salad),Salad,السلطة(Salad),produce,مطعم نارسيس,مطعم نارسيس,,مطعم نارسيس,العليا,بلدية,بلدية العليا,True,False,لا يوجد,,0,,,False,none,,15,True
Data 2025.xlsx,1584,2025-02-25,2025-02,2025-W09,1,1,sal-1120-r01,Sal-1120-R01,سلطة حمص بالخضار,السلطة(Salad),Salad,السلطة(Salad),produce,مطعم نارسيس,مطعم نارسيس,,مطعم نارسيس,العليا,بلدية,بلدية العليا,True,False,لا يوجد,,0,,,False,none,,15,True
Data 2025.xlsx,1585,2025-02-25,2025-02,2025-W09,1,1,sal-1121-r01,Sal-1121-R01,سلطة جزر,السلطة(Salad),Salad,السلطة(Salad),produce,مطعم نارسيس,مطعم نارسيس,,مطعم نارسيس,العليا,بلدية,بلدية العليا,True,False,لا يوجد,,0,,,False,none,,15,True
Data 2025.xlsx,1586,2025-02-25,2025-02,2025-W09,1,1,sal-1122-r01,Sal-1122-R01,سلطة نودلز,السلطة(Salad),Salad,السلطة(Salad),produce,مطعم نارسيس,مطعم نارسيس,,مطعم نارسيس,العليا,بلدية,بلدية العليا,True,False,لا يوجد,,0,,,False,none,,15,True
Data 2025.xlsx,1587,2025-02-25,2025-02,2025-W09,1,1,sal-1123-r01,Sal-1123-R01,سلطة فاصوليا,السلطة(Salad),Salad,السلطة(Salad),produce,مطعم نارسيس,مطعم نارسيس,,مطعم نارسيس,العليا,بلدية,بلدية العليا,True,False,لا يوجد,,0,,,False,none,,15,True
Data 2025.xlsx,1588,2025-02-25,2025-02,2025-W09,1,1,sal-1124-r01,Sal-1124-R01,سلطة تونة بالكافيار,السلطة(Salad),Salad,السلطة(Salad),produce,مطعم نارسيس,مطعم نارسيس,,مطعم نارسيس,العليا,بلدية,بلدية العليا,False,True,العد الكلي للبكتيريا,العد الكلي للبكتيريا,1,,العد الكلي للبكتيريا,False,indicator_only,,16,True
Data 2025.xlsx,1589,2025-02-25,2025-02,2025-W09,1,1,sal-1125-r01,Sal-1125-R01,سلطة برغل,السلطة(Salad),Salad,السلطة(Salad),produce,مطعم نارسيس,مطعم نارسيس,,مطعم نارسيس,العليا,بلدية,بلدية العليا,True,False,لا يوجد,,0,,,False,none,,16,True
Data 2025.xlsx,1590,2025-02-25,2025-02,2025-W09,1,1,sal-1126-r01,Sal-1126-R01,سلطة باستا,السلطة(Salad),Salad,السلطة(Salad),produce,مطعم نارسيس,مطعم نارسيس,,مطعم نارسيس,العليا,بلدية,بلدية العليا,True,False,لا يوجد,,0,,,False,none,,16,True
Data 2025.xlsx,1591,2025-02-25,2025-02,2025-W09,1,1,sal-1127-r01,Sal-1127-R01,سلطة خضراء مع جوز الهند,السلطة(Salad),Salad,السلطة(Salad),produce,مطعم نارسيس,مطعم نارسيس,,مطعم نارسيس,العليا,بلدية,بلدية العليا,True,False,لا يوجد,,0,,,False,none,,16,True
Data 2025.xlsx,1592,2025-02-25,2025-02,2025-W09,1,1,sal-1128-r01,Sal-1128-R01,سلطة بازلاء مع جبنة,السلطة(Salad),Salad,السلطة(Salad),produce,مطعم نارسيس,مطعم نارسيس,,مطعم نارسيس,العليا,بلدية,بلدية العليا,False,True,انتيروباكتريسي,انتيروباكتريسي,1,,انتيروباكتريسي,False,indicator_only,,17,True
Data 2025.xlsx,1593,2025-02-25,2025-02,2025-W09,1,1,sal-1129-r01,Sal-1129-R01,سطلة دجاج مشوي مع فطر,السلطة(Salad),Salad,السلطة(Salad),produce,مطعم نارسيس,مطعم نارسيس,,مطعم نارسيس,العليا,بلدية,بلدية العليا,False,True,العد الكلي للبكتيريا,العد الكلي للبكتيريا,1,,العد الكلي للبكتيريا,False,indicator_only,,18,True
Data 2025.xlsx,1594,2025-02-25,2025-02,2025-W09,1,1,sal-1130-r01,Sal-1130-R01,سلطة قرع مع جبنة,السلطة(Salad),Salad,السلطة(Salad),produce,مطعم نارسيس,مطعم نارسيس,,مطعم نارسيس,العليا,بلدية,بلدية العليا,False,True,انتيروباكتريسي,انتيروباكتريسي,1,,انتيروباكتريسي,False,indicator_only,,19,True
Data 2025.xlsx,1614,2025-02-25,2025-02,2025-W09,1,1,sal-1131-r01,Sal-1131-R01,سلطة فواكه,السلطة(Salad),Salad,السلطة(Salad),produce,مطعم نارسيس,مطعم نارسيس,,مطعم نارسيس,العليا,بلدية,بلدية العليا,True,False,لا يوجد,,0,,,False,none,,23,True
Data 2025.xlsx,1635,2025-02-25,2025-02,2025-W09,1,1,sal-1132-r01,Sal-1132-R01,كينوا سلطة,السلطة(Salad),Salad,السلطة(Salad),produce,كرزة,كرزة,,كرزة,الشمال,بلدية,بلدية الشمال,True,False,لا يوجد,,0,,,False,none,,2,True
Data 2025.xlsx,1572,2025-02-25,2025-02,2025-W09,1,1,sau-1182-r01,sau-1182-R01,صوص ثومية,صوص (sauce),sauce,صوص (sauce),sauce_condiment,مطعم نارسيس,مطعم نارسيس,,مطعم نارسيس,العليا,بلدية,بلدية العليا,False,True,العد الكلي للبكتيريا | انتيروباكتريسي,العد الكلي للبكتيريا | انتيروباكتريسي,2,,العد الكلي للبكتيريا | انتيروباكتريسي,False,indicator_only,,8,True
Data 2025.xlsx,1580,2025-02-25,2025-02,2025-W09,1,1,sau-1183-r01,sau-1183-R01,صويا صوص,صوص (sauce),sauce,صوص (sauce),sauce_condiment,مطعم نارسيس,مطعم نارسيس,,مطعم نارسيس,العليا,بلدية,بلدية العليا,False,True,العد الكلي للبكتيريا | كوليفورم,العد الكلي للبكتيريا | كوليفورم,2,,العد الكلي للبكتيريا | كوليفورم,False,indicator_only,,14,True
Data 2025.xlsx,1631,2025-02-25,2025-02,2025-W09,1,1,sau-1184-r01,sau-1184-R01,صوص دقة,صوص (sauce),sauce,صوص (sauce),sauce_condiment,كرزة,كرزة,,كرزة,الشمال,بلدية,بلدية الشمال,False,True,العد الكلي للبكتيريا | الخمائر والاعفان,العد الكلي للبكتيريا | الخمائر والاعفان,2,,العد الكلي للبكتيريا | الخمائر والاعفان,False,indicator_only,,1,False
Data 2025.xlsx,1632,2025-02-25,2025-02,2025-W09,1,1,sau-1185-r01,sau-1185-R01,صوص كرز,صوص (sauce),sauce,صوص (sauce),sauce_condiment,كرزة,كرزة,,كرزة,الشمال,بلدية,بلدية الشمال,False,True,الخمائر والاعفان,الخمائر والاعفان,1,,الخمائر والاعفان,False,indicator_only,,2,True
Data 2025.xlsx,1649,2025-02-25,2025-02,2025-W09,1,1,sau-1186-r01,sau-1186-R01,ثوم صوص,صوص (sauce),sauce,صوص (sauce),sauce_condiment,كرزة,كرزة,,كرزة,الشمال,بلدية,بلدية الشمال,True,False,لا يوجد,,0,,,False,none,,5,True
Data 2025.xlsx,1581,2025-02-25,2025-02,2025-W09,1,1,sw-2480-r01,sw-2480-R01,مسحة طاولة تقطيع خضار,(Swabs) المسحات,Swabs,(Swabs) المسحات,swab,مطعم نارسيس,مطعم نارسيس,,مطعم نارسيس,العليا,بلدية,بلدية العليا,False,True,العد الكلي للبكتيريا,العد الكلي للبكتيريا,1,,العد الكلي للبكتيريا,False,indicator_only,,15,True
Data 2025.xlsx,1582,2025-02-25,2025-02,2025-W09,1,1,sw-2481-r01,sw-2481-R01,مسحة قطاعة اجبان,(Swabs) المسحات,Swabs,(Swabs) المسحات,swab,مطعم نارسيس,مطعم نارسيس,,مطعم نارسيس,العليا,بلدية,بلدية العليا,True,False,لا يوجد,,0,,,False,none,,15,True
Data 2025.xlsx,1595,2025-02-25,2025-02,2025-W09,1,1,sw-2482-r01,sw-2482-R01,مسحة طاولة تقطيع لحم,(Swabs) المسحات,Swabs,(Swabs) المسحات,swab,مطعم نارسيس,مطعم نارسيس,,مطعم نارسيس,العليا,بلدية,بلدية العليا,False,True,العد الكلي للبكتيريا,العد الكلي للبكتيريا,1,,العد الكلي للبكتيريا,False,indicator_only,,20,True
Data 2025.xlsx,1596,2025-02-25,2025-02,2025-W09,1,1,sw-2483-r01,sw-2483-R01,مسحة طاولة تقطيع خضار,(Swabs) المسحات,Swabs,(Swabs) المسحات,swab,مطعم نارسيس,مطعم نارسيس,,مطعم نارسيس,العليا,بلدية,بلدية العليا,True,False,لا يوجد,,0,,,False,none,,20,True
Data 2025.xlsx,1642,2025-02-25,2025-02,2025-W09,1,1,sw-2484-r01,sw-2484-R01,مسحة طاولة تقطيع,(Swabs) المسحات,Swabs,(Swabs) المسحات,swab,كرزة,كرزة,,كرزة,الشمال,بلدية,بلدية الشمال,False,True,العد الكلي للبكتيريا,العد الكلي للبكتيريا,1,,العد الكلي للبكتيريا,False,indicator_only,,3,True
Data 2025.xlsx,1643,2025-02-25,2025-02,2025-W09,1,1,sw-2485-r01,sw-2485-R01,مسحة ثلاجة تحضير سلطة,(Swabs) المسحات,Swabs,(Swabs) المسحات,swab,كرزة,كرزة,,كرزة,الشمال,بلدية,بلدية الشمال,True,False,لا يوجد,,0,,,False,none,,3,True
Data 2025.xlsx,1644,2025-02-25,2025-02,2025-W09,1,1,sw-2486-r01,sw-2486-R01,مسحة ثلاجة تحضير سلطة,(Swabs) المسحات,Swabs,(Swabs) المسحات,swab,كرزة,كرزة,,كرزة,الشمال,بلدية,بلدية الشمال,True,False,لا يوجد,,0,,,False,none,,3,True
Data 2025.xlsx,1645,2025-02-25,2025-02,2025-W09,1,1,sw-2487-r01,sw-2487-R01,مسحة يد عامل,(Swabs) المسحات,Swabs,(Swabs) المسحات,swab,كرزة,كرزة,,كرزة,الشمال,بلدية,بلدية الشمال,False,True,العد الكلي للبكتيريا,العد الكلي للبكتيريا,1,,العد الكلي للبكتيريا,False,indicator_only,,4,True
Data 2025.xlsx,1646,2025-02-25,2025-02,2025-W09,1,1,sw-2488-r01,sw-2488-R01,مسحة حافظة بطاطس,(Swabs) المسحات,Swabs,(Swabs) المسحات,swab,كرزة,كرزة,,كرزة,الشمال,بلدية,بلدية الشمال,True,False,لا يوجد,,0,,,False,none,,4,True
Data 2025.xlsx,1647,2025-02-25,2025-02,2025-W09,1,1,sw-2489-r01,sw-2489-R01,مسحة طاولة تقطيع الخاصة بالمطبخ الحار,(Swabs) المسحات,Swabs,(Swabs) المسحات,swab,كرزة,كرزة,,كرزة,الشمال,بلدية,بلدية الشمال,False,True,العد الكلي للبكتيريا,العد الكلي للبكتيريا,1,,العد الكلي للبكتيريا,False,indicator_only,,5,True
Data 2025.xlsx,1656,2025-02-25,2025-02,2025-W09,1,1,sw-2490-r01,sw-2490-R01,مسحة طاولة تقطيع فواكه,(Swabs) المسحات,Swabs,(Swabs) المسحات,swab,كرزة,كرزة,,كرزة,الشمال,بلدية,بلدية الشمال,False,True,العد الكلي للبكتيريا,العد الكلي للبكتيريا,1,,العد الكلي للبكتيريا,False,indicator_only,,8,True
Data 2025.xlsx,1657,2025-02-25,2025-02,2025-W09,1,1,sw-2491-r01,sw-2491-R01,مسحة حافظة ثلج,(Swabs) المسحات,Swabs,(Swabs) المسحات,swab,كرزة,كرزة,,كرزة,الشمال,بلدية,بلدية الشمال,True,False,لا يوجد,,0,,,False,none,,8,True
Data 2025.xlsx,1605,2025-02-25,2025-02,2025-W09,1,1,sweet-0793-r01,sweet-0793-R01,كيكة القهوة,الحلا(sweetness),sweetness,الحلا(sweetness),sweets_bakery,مطعم نارسيس,مطعم نارسيس,,مطعم نارسيس,العليا,بلدية,بلدية العليا,True,False,لا يوجد,,0,,,False,none,,20,True
Data 2025.xlsx,1606,2025-02-25,2025-02,2025-W09,1,1,sweet-0794-r01,sweet-0794-R01,تشيز كيك كروت,الحلا(sweetness),sweetness,الحلا(sweetness),sweets_bakery,مطعم نارسيس,مطعم نارسيس,,مطعم نارسيس,العليا,بلدية,بلدية العليا,False,True,العد الكلي للبكتيريا,العد الكلي للبكتيريا,1,,العد الكلي للبكتيريا,False,indicator_only,,21,True
Data 2025.xlsx,1607,2025-02-25,2025-02,2025-W09,1,1,sweet-0795-r01,sweet-0795-R01,تشيز كيك بلو بيري,الحلا(sweetness),sweetness,الحلا(sweetness),sweets_bakery,مطعم نارسيس,مطعم نارسيس,,مطعم نارسيس,العليا,بلدية,بلدية العليا,True,False,لا يوجد,,0,,,False,none,,21,True
Data 2025.xlsx,1609,2025-02-25,2025-02,2025-W09,1,1,sweet-0796-r01,sweet-0796-R01,شو مع كاسترد,الحلا(sweetness),sweetness,الحلا(sweetness),sweets_bakery,مطعم نارسيس,مطعم نارسيس,,مطعم نارسيس,العليا,بلدية,بلدية العليا,False,True,العد الكلي للبكتيريا,العد الكلي للبكتيريا,1,,العد الكلي للبكتيريا,False,indicator_only,,22,True
Data 2025.xlsx,1610,2025-02-25,2025-02,2025-W09,1,1,sweet-0797-r01,sweet-0797-R01,شو اكلير,الحلا(sweetness),sweetness,الحلا(sweetness),sweets_bakery,مطعم نارسيس,مطعم نارسيس,,مطعم نارسيس,العليا,بلدية,بلدية العليا,False,True,العد الكلي للبكتيريا,العد الكلي للبكتيريا,1,,العد الكلي للبكتيريا,False,indicator_only,,23,True
Data 2025.xlsx,1615,2025-02-25,2025-02,2025-W09,1,1,sweet-0798-r01,sweet-0798-R01,بقلاوة بالكاجو,الحلا(sweetness),sweetness,الحلا(sweetness),sweets_bakery,مطعم نارسيس,مطعم نارسيس,,مطعم نارسيس,العليا,بلدية,بلدية العليا,True,False,لا يوجد,,0,,,False,none,,23,True
Data 2025.xlsx,1616,2025-02-25,2025-02,2025-W09,1,1,sweet-0799-r01,sweet-0799-R01,رموش بالجوز الهند,الحلا(sweetness),sweetness,الحلا(sweetness),sweets_bakery,مطعم نارسيس,مطعم نارسيس,,مطعم نارسيس,العليا,بلدية,بلدية العليا,True,False,لا يوجد,,0,,,False,none,,23,True
Data 2025.xlsx,1617,2025-02-25,2025-02,2025-W09,1,1,sweet-0800-r01,sweet-0800-R01,كنافة بالمكسرات,الحلا(sweetness),sweetness,الحلا(sweetness),sweets_bakery,مطعم نارسيس,مطعم نارسيس,,مطعم نارسيس,العليا,بلدية,بلدية العليا,False,True,استافيلوكوكس اورياس,استافيلوكوكس اورياس,1,استافيلوكوكس اورياس,,True,pathogen,,24,True
Data 2025.xlsx,1618,2025-02-25,2025-02,2025-W09,1,1,sweet-0801-r01,sweet-0801-R01,بقلاوة سادة,الحلا(sweetness),sweetness,الحلا(sweetness),sweets_bakery,مطعم نارسيس,مطعم نارسيس,,مطعم نارسيس,العليا,بلدية,بلدية العليا,True,False,لا يوجد,,0,,,False,none,,24,True
Data 2025.xlsx,1619,2025-02-25,2025-02,2025-W09,1,1,sweet-0802-r01,sweet-0802-R01,اصابع زينب,الحلا(sweetness),sweetness,الحلا(sweetness),sweets_bakery,مطعم نارسيس,مطعم نارسيس,,مطعم نارسيس,العليا,بلدية,بلدية العليا,True,False,لا يوجد,,0,,,False,none,,24,True
Data 2025.xlsx,1620,2025-02-25,2025-02,2025-W09,1,1,sweet-0803-r01,sweet-0803-R01,رواني بالفراولة,الحلا(sweetness),sweetness,الحلا(sweetness),sweets_bakery,مطعم نارسيس,مطعم نارسيس,,مطعم نارسيس,العليا,بلدية,بلدية العليا,True,False,لا يوجد,,0,,,False,none,,24,True
Data 2025.xlsx,1621,2025-02-25,2025-02,2025-W09,1,1,sweet-0804-r01,sweet-0804-R01,بسبوسة اوريو,الحلا(sweetness),sweetness,الحلا(sweetness),sweets_bakery,مطعم نارسيس,مطعم نارسيس,,مطعم نارسيس,العليا,بلدية,بلدية العليا,True,False,لا يوجد,,0,,,False,none,,24,True
Data 2025.xlsx,1622,2025-02-25,2025-02,2025-W09,1,1,sweet-0805-r01,sweet-0805-R01,بسبوسة بالجوز الهند,الحلا(sweetness),sweetness,الحلا(sweetness),sweets_bakery,مطعم نارسيس,مطعم نارسيس,,مطعم نارسيس,العليا,بلدية,بلدية العليا,False,True,استافيلوكوكس اورياس,استافيلوكوكس اورياس,1,استافيلوكوكس اورياس,,True,pathogen,,25,True
Data 2025.xlsx,1623,2025-02-25,2025-02,2025-W09,1,1,sweet-0806-r01,sweet-0806-R01,كلشكول كاجو,الحلا(sweetness),sweetness,الحلا(sweetness),sweets_bakery,مطعم نارسيس,مطعم نارسيس,,مطعم نارسيس,العليا,بلدية,بلدية العليا,True,False,لا يوجد,,0,,,False,none,,25,True
Data 2025.xlsx,1624,2025-02-25,2025-02,2025-W09,1,1,sweet-0807-r01,sweet-0807-R01,رموش سادة,الحلا(sweetness),sweetness,الحلا(sweetness),sweets_bakery,مطعم نارسيس,مطعم نارسيس,,مطعم نارسيس,العليا,بلدية,بلدية العليا,True,False,لا يوجد,,0,,,False,none,,25,True
Data 2025.xlsx,1658,2025-02-25,2025-02,2025-W09,1,1,ubot-0899-r01,Ubot-0899-R01,مياه حنفية لغسيل الادوات (م .ك),المياه الغير معبأة (Unbottled water),Unbottled water,المياه الغير معبأة (Unbottled water),water,مطعم نارسيس,مطعم نارسيس,,مطعم نارسيس,العليا,بلدية,بلدية العليا,True,False,لا يوجد,,0,,,False,none,,25,True
Data 2025.xlsx,1659,2025-02-25,2025-02,2025-W09,1,1,ubot-0900-r01,Ubot-0900-R01,مياه فلتر للعجانة (م.ك),المياه الغير معبأة (Unbottled water),Unbottled water,المياه الغير معبأة (Unbottled water),water,كرزة,كرزة,,كرزة,الشمال,بلدية,بلدية الشمال,True,False,لا يوجد,,0,,,False,none,,8,True
Data 2025.xlsx,1629,2025-02-25,2025-02,2025-W09,1,1,yog-0002-r01,yog-0002-R01,لبن فتة,اللبان (yogurt),yogurt,اللبان (yogurt),dairy,كرزة,كرزة,,كرزة,الشمال,بلدية,بلدية الشمال,True,False,لا يوجد,,0,,,False,none,,0,False
