source_file,row_excel,sampling_date,year_month,iso_year_week,quarter,day_of_week,sample_id,sample_id_raw,sample_name,category_canonical,category_en,category_raw,sample_type,facility_name,facility_chain,facility_branch,facility_name_raw,municipality,municipality_type,municipality_raw,is_valid,is_failure,invalid_tests_raw,invalid_tests,n_failed_tests,failed_pathogens,failed_indicators,has_pathogen_failure,severity_tier,data_quality_flags,chain_invalid_count_90d,is_repeat_offender_90d
Data 2025.xlsx,1669,2025-03-01,2025-03,2025-W09,1,5,1-2811-R01,1-2811-R01,رز صيادية,الارز ( rice),rice,الارز ( rice),prepared_meal,مطعم سمكة وسنارة,مطعم سمكة وسنارة,,مطعم سمكة وسنارة,العليا,بلدية,بلدية العليا,True,False,لا يوجد,,0,,,False,none,,0,False
Data 2025.xlsx,1692,2025-03-01,2025-03,2025-W09,1,5,1-2812-R01,1-2812-R01,صلصة شوكولاتة,صلصه(salsa),salsa,صلصه(salsa),sauce_condiment,مايسترو,مايسترو,,مايسترو,العليا,بلدية,بلدية العليا,True,False,لا يوجد,,0,,,False,none,,3,True
Data 2025.xlsx,1715,2025-03-01,2025-03,2025-W09,1,5,1-2813-R01,1-2813-R01,دونت بالزعتر والشوكولاتة,(donut) دونات,donut,(donut) دونات,produce,شركة شهية المحدودة دانكن دونت,شركة شهية المحدودة دانكن دونت,,شركة شهية المحدودة دانكن دونت,العليا,بلدية,بلدية العليا,True,False,لا يوجد,,0,,,False,none,,0,False
Data 2025.xlsx,1685,2025-03-01,2025-03,2025-W09,1,5,O-U-to-0566-R01,O-U-to-0566-R01,قطع طماطم,الطماطم (Tomatoes),Tomatoes,الطماطم (Tomatoes),produce,مايسترو,مايسترو,,مايسترو,العليا,بلدية,بلدية العليا,True,False,لا يوجد,,0,,,False,none,,3,True
Data 2025.xlsx,1694,2025-03-01,2025-03,2025-W09,1,5,O-U-to-0568-R01,O-U-to-0568-R01,شرائح طماطم,الطماطم (Tomatoes),Tomatoes,الطماطم (Tomatoes),produce,جان برجر,جان برجر,,جان برجر,العليا,بلدية,بلدية العليا,True,False,لا يوجد,,0,,,False,none,,0,False
Data 2025.xlsx,1693,2025-03-01,2025-03,2025-W09,1,5,O-r-O3-le-0299-R01,O-r-O3-le-0299-R01,قطع خس,الخس (Lettuce),Lettuce,الخس (Lettuce),produce,جان برجر,جان برجر,,جان برجر,العليا,بلدية,بلدية العليا,True,False,لا يوجد,,0,,,False,none,,0,False
Data 2025.xlsx,1697,2025-03-01,2025-03,2025-W09,1,5,OOu-on-0447-R01,OOu-on-0447-R01,بصل مقرمش,البصل (onions),onions,البصل (onions),produce,جان برجر,جان برجر,,جان برجر,العليا,بلدية,بلدية العليا,True,False,لا يوجد,,0,,,False,none,,0,False
Data 2025.xlsx,1687,2025-03-01,2025-03,2025-W09,1,5,UU-pe-1033-R01,UU-pe-1033-R01,قطع فلفل بارد,الفلفل (peppers),peppers,الفلفل (peppers),produce,مايسترو,مايسترو,,مايسترو,العليا,بلدية,بلدية العليا,True,False,لا يوجد,,0,,,False,none,,3,True
Data 2025.xlsx,1710,2025-03-01,2025-03,2025-W09,1,5,be-0015-r01,be-0015-R01,مشروب ببسي زيرو سكر,المشروبات الغازية (الغير كحولية) (Carbonated beverages) (non - alcoholic ),non - alcoholic,المشروبات الغازية (الغير كحولية) (Carbonated beverages) (non - alcoholic ),beverage,جان برجر,جان برجر,,جان برجر,العليا,بلدية,بلدية العليا,True,False,لا يوجد,,0,,,False,none,,1,False
Data 2025.xlsx,1711,2025-03-01,2025-03,2025-W09,1,5,be-0016-r01,be-0016-R01,مشروب ديو,المشروبات الغازية (الغير كحولية) (Carbonated beverages) (non - alcoholic ),non - alcoholic,المشروبات الغازية (الغير كحولية) (Carbonated beverages) (non - alcoholic ),beverage,جان برجر,جان برجر,,جان برجر,العليا,بلدية,بلدية العليا,True,False,لا يوجد,,0,,,False,none,,1,False
Data 2025.xlsx,1712,2025-03-01,2025-03,2025-W09,1,5,be-0017-r01,be-0017-R01,مرندا برتقال مشروب,المشروبات الغازية (الغير كحولية) (Carbonated beverages) (non - alcoholic ),non - alcoholic,المشروبات الغازية (الغير كحولية) (Carbonated beverages) (non - alcoholic ),beverage,جان برجر,جان برجر,,جان برجر,العليا,بلدية,بلدية العليا,True,False,لا يوجد,,0,,,False,none,,1,False
Data 2025.xlsx,1713,2025-03-01,2025-03,2025-W09,1,5,be-0018-r01,be-0018-R01,مشروب سفن اب,المشروبات الغازية (الغير كحولية) (Carbonated beverages) (non - alcoholic ),non - alcoholic,المشروبات الغازية (الغير كحولية) (Carbonated beverages) (non - alcoholic ),beverage,جان برجر,جان برجر,,جان برجر,العليا,بلدية,بلدية العليا,True,False,لا يوجد,,0,,,False,none,,1,False
Data 2025.xlsx,1714,2025-03-01,2025-03,2025-W09,1,5,be-0019-r01,be-0019-R01,ببسي دايت,المشروبات الغازية (الغير كحولية) (Carbonated beverages) (non - alcoholic ),non - alcoholic,المشروبات الغازية (الغير كحولية) (Carbonated beverages) (non - alcoholic ),beverage,جان برجر,جان برجر,,جان برجر,العليا,بلدية,بلدية العليا,True,False,لا يوجد,,0,,,False,none,,1,False
Data 2025.xlsx,1688,2025-03-01,2025-03,2025-W09,1,5,ch-0098-r01,ch-0098-R01,موزريلا شيز,الاجبان (cheeses),cheeses,الاجبان (cheeses),dairy,مايسترو,مايسترو,,مايسترو,العليا,بلدية,بلدية العليا,True,False,لا يوجد,,0,,,False,none,,3,True
Data 2025.xlsx,1695,2025-03-01,2025-03,2025-W09,1,5,ch-0100-r01,ch-0100-R01,شرائح جبن شيدر,الاجبان (cheeses),cheeses,الاجبان (cheeses),dairy,جان برجر,جان برجر,,جان برجر,العليا,بلدية,بلدية العليا,True,False,لا يوجد,,0,,,False,none,,0,False
Data 2025.xlsx,1683,2025-03-01,2025-03,2025-W09,1,5,co-0446-r01,co-0446-R01,قطع دجاج مسلوق,الدجاج المطبوخ (Cooked chicken),Cooked chicken,الدجاج المطبوخ (Cooked chicken),cooked_meat_poultry,مايسترو,مايسترو,,مايسترو,العليا,بلدية,بلدية العليا,False,True,العد الكلي للبكتيريا,العد الكلي للبكتيريا,1,,العد الكلي للبكتيريا,False,indicator_only,,3,True
Data 2025.xlsx,1684,2025-03-01,2025-03,2025-W09,1,5,co-0447-r01,co-0447-R01,بافلو دجاج,الدجاج المطبوخ (Cooked chicken),Cooked chicken,الدجاج المطبوخ (Cooked chicken),cooked_meat_poultry,مايسترو,مايسترو,,مايسترو,العليا,بلدية,بلدية العليا,True,False,لا يوجد,,0,,,False,none,,3,True
Data 2025.xlsx,1721,2025-03-01,2025-03,2025-W09,1,5,coff-0634-r01,Coff-0634-R01,مشروب قهوة باردة,القهوة ومشتقاتها (Coffee and derivatives),Coffee and derivatives,القهوة ومشتقاتها (Coffee and derivatives),beverage,شركة شهية المحدودة دانكن دونت,شركة شهية المحدودة دانكن دونت,,شركة شهية المحدودة دانكن دونت,العليا,بلدية,بلدية العليا,True,False,لا يوجد,,0,,,False,none,,0,False
Data 2025.xlsx,1686,2025-03-01,2025-03,2025-W09,1,5,mush-0004-r01,Mush-0004-R01,مشروم,المشروم (Mushroom),Mushroom,المشروم (Mushroom),produce,مايسترو,مايسترو,,مايسترو,العليا,بلدية,بلدية العليا,True,False,لا يوجد,,0,,,False,none,,3,True
Data 2025.xlsx,1696,2025-03-01,2025-03,2025-W09,1,5,pick-0334-r01,Pick-0334-R01,مخلل خيار,المخلل (Pickle),Pickle,المخلل (Pickle),sauce_condiment,جان برجر,جان برجر,,جان برجر,العليا,بلدية,بلدية العليا,True,False,لا يوجد,,0,,,False,none,,0,False
Data 2025.xlsx,1660,2025-03-01,2025-03,2025-W09,1,5,raw-0041-r01,Raw-0041-R01,لحم نعيمي,لحوم نيئة مبردة ومجمدة (Raw meat Cold or chilled ),Raw meat Cold or chilled,لحوم نيئة مبردة ومجمدة (Raw meat Cold or chilled ),raw_meat,شركة درر دمشق للحوم الطازجة,شركة درر دمشق للحوم الطازجة,,شركة درر دمشق للحوم الطازجة,العليا,بلدية,بلدية العليا,False,True,السالمونيلا,السالمونيلا,1,السالمونيلا,,True,pathogen,,1,False
Data 2025.xlsx,1661,2025-03-01,2025-03,2025-W09,1,5,raw-0042-r01,Raw-0042-R01,لحم نعيمي,لحوم نيئة مبردة ومجمدة (Raw meat Cold or chilled ),Raw meat Cold or chilled,لحوم نيئة مبردة ومجمدة (Raw meat Cold or chilled ),raw_meat,جودة المرعى للحوم,جودة المرعى للحوم,,جودة المرعى للحوم,العليا,بلدية,بلدية العليا,False,True,السالمونيلا,السالمونيلا,1,السالمونيلا,,True,pathogen,,1,False
Data 2025.xlsx,1662,2025-03-01,2025-03,2025-W09,1,5,raw-0043-r01,Raw-0043-R01,لحم بربري,لحوم نيئة مبردة ومجمدة (Raw meat Cold or chilled ),Raw meat Cold or chilled,لحوم نيئة مبردة ومجمدة (Raw meat Cold or chilled ),raw_meat,جودة المرعى للحوم,جودة المرعى للحوم,,جودة المرعى للحوم,العليا,بلدية,بلدية العليا,False,True,العد الكلي للبكتيريا | السالمونيلا,العد الكلي للبكتيريا | السالمونيلا,2,السالمونيلا,العد الكلي للبكتيريا,True,pathogen,,2,True
Data 2025.xlsx,1663,2025-03-01,2025-03,2025-W09,1,5,raw-0044-r01,Raw-0044-R01,لحم تيس حبشي,لحوم نيئة مبردة ومجمدة (Raw meat Cold or chilled ),Raw meat Cold or chilled,لحوم نيئة مبردة ومجمدة (Raw meat Cold or chilled ),raw_meat,جودة المرعى,جودة المرعى,,جودة المرعى,العليا,بلدية,بلدية العليا,True,False,لا يوجد,,0,,,False,none,,0,False
Data 2025.xlsx,1664,2025-03-01,2025-03,2025-W09,1,5,raw-0045-r01,Raw-0045-R01,لحم عجل,لحوم نيئة مبردة ومجمدة (Raw meat Cold or chilled ),Raw meat Cold or chilled,لحوم نيئة مبردة ومجمدة (Raw meat Cold or chilled ),raw_meat,جودة المرعى,جودة المرعى,,جودة المرعى,العليا,بلدية,بلدية العليا,False,True,السالمونيلا,السالمونيلا,1,السالمونيلا,,True,pathogen,,1,False
Data 2025.xlsx,1665,2025-03-01,2025-03,2025-W09,1,5,sal-1133-r01,Sal-1133-R01,سلطة خضراء,السلطة(Salad),Salad,السلطة(Salad),produce,مطعم سمكة وسنارة,مطعم سمكة وسنارة,,مطعم سمكة وسنارة,العليا,بلدية,بلدية العليا,True,False,لا يوجد,,0,,,False,none,,0,False
Data 2025.xlsx,1666,2025-03-01,2025-03,2025-W09,1,5,sal-1134-r01,Sal-1134-R01,سلطة شمندر,السلطة(Salad),Salad,السلطة(Salad),produce,مطعم سمكة وسنارة,مطعم سمكة وسنارة,,مطعم سمكة وسنارة,العليا,بلدية,بلدية العليا,True,False,لا يوجد,,0,,,False,none,,0,False
Data 2025.xlsx,1668,2025-03-01,2025-03,2025-W09,1,5,sal-1135-r01,Sal-1135-R01,سلطة باذنجان مخلل,السلطة(Salad),Salad,السلطة(Salad),produce,مطعم سمكة وسنارة,مطعم سمكة وسنارة,,مطعم سمكة وسنارة,العليا,بلدية,بلدية العليا,True,False,لا يوجد,,0,,,False,none,,0,False
Data 2025.xlsx,1670,2025-03-01,2025-03,2025-W09,1,5,sal-1136-r01,Sal-1136-R01,سلطة بقدونس وجزر,السلطة(Salad),Salad,السلطة(Salad),produce,مطعم سمكة وسنارة,مطعم سمكة وسنارة,,مطعم سمكة وسنارة,العليا,بلدية,بلدية العليا,False,True,استافيلوكوكس اورياس,استافيلوكوكس اورياس,1,استافيلوكوكس اورياس,,True,pathogen,,1,False
Data 2025.xlsx,1667,2025-03-01,2025-03,2025-W09,1,5,sau-1187-r01,sau-1187-R01,صوص حمر,صوص (sauce),sauce,صوص (sauce),sauce_condiment,مطعم سمكة وسنارة,مطعم سمكة وسنارة,,مطعم سمكة وسنارة,العليا,بلدية,بلدية العليا,True,False,لا يوجد,,0,,,False,none,,0,False
Data 2025.xlsx,1674,2025-03-01,2025-03,2025-W09,1,5,sau-1188-r01,sau-1188-R01,بيستو صوص,صوص (sauce),sauce,صوص (sauce),sauce_condiment,مايسترو,مايسترو,,مايسترو,العليا,بلدية,بلدية العليا,False,True,العد الكلي للبكتيريا | الخمائر والاعفان,العد الكلي للبكتيريا | الخمائر والاعفان,2,,العد الكلي للبكتيريا | الخمائر والاعفان,False,indicator_only,,1,False
Data 2025.xlsx,1675,2025-03-01,2025-03,2025-W09,1,5,sau-1189-r01,sau-1189-R01,صوص شيدر,صوص (sauce),sauce,صوص (sauce),sauce_condiment,مايسترو,مايسترو,,مايسترو,العليا,بلدية,بلدية العليا,True,False,لا يوجد,,0,,,False,none,,1,False
Data 2025.xlsx,1676,2025-03-01,2025-03,2025-W09,1,5,sau-1190-r01,sau-1190-R01,صوص مايونيز مع الثوم,صوص (sauce),sauce,صوص (sauce),sauce_condiment,مايسترو,مايسترو,,مايسترو,العليا,بلدية,بلدية العليا,True,False,لا يوجد,,0,,,False,none,,1,False
Data 2025.xlsx,1677,2025-03-01,2025-03,2025-W09,1,5,sau-1191-r01,sau-1191-R01,رانش صوص,صوص (sauce),sauce,صوص (sauce),sauce_condiment,مايسترو,مايسترو,,مايسترو,العليا,بلدية,بلدية العليا,True,False,لا يوجد,,0,,,False,none,,1,False
Data 2025.xlsx,1678,2025-03-01,2025-03,2025-W09,1,5,sau-1192-r01,sau-1192-R01,صوص بيري بيري,صوص (sauce),sauce,صوص (sauce),sauce_condiment,مايسترو,مايسترو,,مايسترو,العليا,بلدية,بلدية العليا,False,True,العد الكلي للبكتيريا,العد الكلي للبكتيريا,1,,العد الكلي للبكتيريا,False,indicator_only,,2,True
Data 2025.xlsx,1679,2025-03-01,2025-03,2025-W09,1,5,sau-1193-r01,sau-1193-R01,باربكيو صوص,صوص (sauce),sauce,صوص (sauce),sauce_condiment,مايسترو,مايسترو,,مايسترو,العليا,بلدية,بلدية العليا,True,False,لا يوجد,,0,,,False,none,,2,True
Data 2025.xlsx,1680,2025-03-01,2025-03,2025-W09,1,5,sau-1194-r01,sau-1194-R01,هوت صوص,صوص (sauce),sauce,صوص (sauce),sauce_condiment,مايسترو,مايسترو,,مايسترو,العليا,بلدية,بلدية العليا,True,False,لا يوجد,,0,,,False,none,,2,True
Data 2025.xlsx,1681,2025-03-01,2025-03,2025-W09,1,5,sau-1195-r01,sau-1195-R01,بي جم صوص,صوص (sauce),sauce,صوص (sauce),sauce_condiment,مايسترو,مايسترو,,مايسترو,العليا,بلدية,بلدية العليا,True,False,لا يوجد,,0,,,False,none,,2,True
Data 2025.xlsx,1682,2025-03-01,2025-03,2025-W09,1,5,sau-1196-r01,sau-1196-R01,بنك مايونيز صوص,صوص (sauce),sauce,صوص (sauce),sauce_condiment,مايسترو,مايسترو,,مايسترو,العليا,بلدية,بلدية العليا,True,False,لا يوجد,,0,,,False,none,,2,True
Data 2025.xlsx,1698,2025-03-01,2025-03,2025-W09,1,5,sau-1202-r01,sau-1202-R01,تاور صوص,صوص (sauce),sauce,صوص (sauce),sauce_condiment,جان برجر,جان برجر,,جان برجر,العليا,بلدية,بلدية العليا,True,False,لا يوجد,,0,,,False,none,,0,False
Data 2025.xlsx,1699,2025-03-01,2025-03,2025-W09,1,5,sau-1203-r01,sau-1203-R01,صوص جان ستار,صوص (sauce),sauce,صوص (sauce),sauce_condiment,جان برجر,جان برجر,,جان برجر,العليا,بلدية,بلدية العليا,True,False,لا يوجد,,0,,,False,none,,0,False
Data 2025.xlsx,1700,2025-03-01,2025-03,2025-W09,1,5,sau-1204-r01,sau-1204-R01,فرانشي صوص,صوص (sauce),sauce,صوص (sauce),sauce_condiment,جان برجر,جان برجر,,جان برجر,العليا,بلدية,بلدية العليا,False,True,العد الكلي للبكتيريا,العد الكلي للبكتيريا,1,,العد الكلي للبكتيريا,False,indicator_only,,1,False
Data 2025.xlsx,1701,2025-03-01,2025-03,2025-W09,1,5,sau-1205-r01,sau-1205-R01,جان تشيكن صوص,صوص (sauce),sauce,صوص (sauce),sauce_condiment,جان برجر,جان برجر,,جان برجر,العليا,بلدية,بلدية العليا,True,False,لا يوجد,,0,,,False,none,,1,False
Data 2025.xlsx,1702,2025-03-01,2025-03,2025-W09,1,5,sau-1206-r01,sau-1206-R01,سبايسي صوص,صوص (sauce),sauce,صوص (sauce),sauce_condiment,جان برجر,جان برجر,,جان برجر,العليا,بلدية,بلدية العليا,True,False,لا يوجد,,0,,,False,none,,1,False
Data 2025.xlsx,1720,2025-03-01,2025-03,2025-W09,1,5,sau-1207-r01,sau-1207-R01,صوص وايت شوكولاتة,صوص (sauce),sauce,صوص (sauce),sauce_condiment,شركة شهية المحدودة دانكن دونت,شركة شهية المحدودة دانكن دونت,,شركة شهية المحدودة دانكن دونت,العليا,بلدية,بلدية العليا,True,False,لا يوجد,,0,,,False,none,,0,False
Data 2025.xlsx,1722,2025-03-01,2025-03,2025-W09,1,5,sau-1208-r01,sau-1208-R01,صوص كراميل,صوص (sauce),sauce,صوص (sauce),sauce_condiment,شركة شهية المحدودة دانكن دونت,شركة شهية المحدودة دانكن دونت,,شركة شهية المحدودة دانكن دونت,العليا,بلدية,بلدية العليا,True,False,لا يوجد,,0,,,False,none,,0,False
Data 2025.xlsx,1671,2025-03-01,2025-03,2025-W09,1,5,sw-2492-r01,sw-2492-R01,مسحة قطاعة خضار,(Swabs) المسحات,Swabs,(Swabs) المسحات,swab,مطعم سمكة وسنارة,مطعم سمكة وسنارة,,مطعم سمكة وسنارة,العليا,بلدية,بلدية العليا,False,True,العد الكلي للبكتيريا,العد الكلي للبكتيريا,1,,العد الكلي للبكتيريا,False,indicator_only,,2,True
Data 2025.xlsx,1672,2025-03-01,2025-03,2025-W09,1,5,sw-2493-r01,sw-2493-R01,مسحة ثلاجة حفظ,(Swabs) المسحات,Swabs,(Swabs) المسحات,swab,مطعم سمكة وسنارة,مطعم سمكة وسنارة,,مطعم سمكة وسنارة,العليا,بلدية,بلدية العليا,True,False,لا يوجد,,0,,,False,none,,2,True
Data 2025.xlsx,1673,2025-03-01,2025-03,2025-W09,1,5,sw-2494-r01,sw-2494-R01,مسحة صانعة ثلج,(Swabs) المسحات,Swabs,(Swabs) المسحات,swab,مطعم سمكة وسنارة,مطعم سمكة وسنارة,,مطعم سمكة وسنارة,العليا,بلدية,بلدية العليا,False,True,العد الكلي للبكتيريا,العد الكلي للبكتيريا,1,,العد الكلي للبكتيريا,False,indicator_only,,3,True
Data 2025.xlsx,1689,2025-03-01,2025-03,2025-W09,1,5,sw-2495-r01,sw-2495-R01,مسحة ثلاجة تحضير,(Swabs) المسحات,Swabs,(Swabs) المسحات,swab,مايسترو,مايسترو,,مايسترو,العليا,بلدية,بلدية العليا,True,False,لا يوجد,,0,,,False,none,,3,True
Data 2025.xlsx,1690,2025-03-01,2025-03,2025-W09,1,5,sw-2496-r01,sw-2496-R01,مسحة ثلاجة تحضير,(Swabs) المسحات,Swabs,(Swabs) المسحات,swab,مايسترو,مايسترو,,مايسترو,العليا,بلدية,بلدية العليا,True,False,لا يوجد,,0,,,False,none,,3,True
Data 2025.xlsx,1691,2025-03-01,2025-03,2025-W09,1,5,sw-2497-r01,sw-2497-R01,مسحة ثلاجة تحضير,(Swabs) المسحات,Swabs,(Swabs) المسحات,swab,مايسترو,مايسترو,,مايسترو,العليا,بلدية,بلدية العليا,True,False,لا يوجد,,0,,,False,none,,3,True
Data 2025.xlsx,1703,2025-03-01,2025-03,2025-W09,1,5,sw-2505-r01,sw-2505-R01,مسحة طاولة تقطيع,(Swabs) المسحات,Swabs,(Swabs) المسحات,swab,جان برجر,جان برجر,,جان برجر,العليا,بلدية,بلدية العليا,True,False,لا يوجد,,0,,,False,none,,1,False
Data 2025.xlsx,1704,2025-03-01,2025-03,2025-W09,1,5,sw-2506-r01,sw-2506-R01,مسحة حماصة,(Swabs) المسحات,Swabs,(Swabs) المسحات,swab,جان برجر,جان برجر,,جان برجر,العليا,بلدية,بلدية العليا,True,False,لا يوجد,,0,,,False,none,,1,False
Data 2025.xlsx,1705,2025-03-01,2025-03,2025-W09,1,5,sw-2507-r01,sw-2507-R01,مسحة تلاجة تحضير,(Swabs) المسحات,Swabs,(Swabs) المسحات,swab,جان برجر,جان برجر,,جان برجر,العليا,بلدية,بلدية العليا,True,False,لا يوجد,,0,,,False,none,,1,False
Data 2025.xlsx,1706,2025-03-01,2025-03,2025-W09,1,5,sw-2508-r01,sw-2508-R01,مسحة ثلاجة صوص,(Swabs) المسحات,Swabs,(Swabs) المسحات,swab,جان برجر,جان برجر,,جان برجر,العليا,بلدية,بلدية العليا,True,False,لا يوجد,,0,,,False,none,,1,False
Data 2025.xlsx,1707,2025-03-01,2025-03,2025-W09,1,5,sw-2509-r01,sw-2509-R01,مسحة حافظة بطاطس,(Swabs) المسحات,Swabs,(Swabs) المسحات,swab,جان برجر,جان برجر,,جان برجر,العليا,بلدية,بلدية العليا,True,False,لا يوجد,,0,,,False,none,,1,False
Data 2025.xlsx,1708,2025-03-01,2025-03,2025-W09,1,5,sw-2510-r01,sw-2510-R01,مسحة صانعة ثلج,(Swabs) المسحات,Swabs,(Swabs) المسحات,swab,جان برجر,جان برجر,,جان برجر,العليا,بلدية,بلدية العليا,True,False,لا يوجد,,0,,,False,none,,1,False
Data 2025.xlsx,1709,2025-03-01,2025-03,2025-W09,1,5,sw-2511-r01,sw-2511-R01,مسحة حافظة ثلج,(Swabs) المسحات,Swabs,(Swabs) المسحات,swab,جان برجر,جان برجر,,جان برجر,العليا,بلدية,بلدية العليا,True,False,لا يوجد,,0,,,False,none,,1,False
Data 2025.xlsx,1723,2025-03-01,2025-03,2025-W09,1,5,sw-2512-r01,sw-2512-R01,مسحة ثلاجة حفظ دونت,(Swabs) المسحات,Swabs,(Swabs) المسحات,swab,شركة شهية المحدودة دانكن دونت,شركة شهية المحدودة دانكن دونت,,شركة شهية المحدودة دانكن دونت,العليا,بلدية,بلدية العليا,True,False,لا يوجد,,0,,,False,none,,0,False
Data 2025.xlsx,1724,2025-03-01,2025-03,2025-W09,1,5,sw-2513-r01,sw-2513-R01,مسحة صانعة ثلج,(Swabs) المسحات,Swabs,(Swabs) المسحات,swab,شركة شهية المحدودة دانكن دونت,شركة شهية المحدودة دانكن دونت,,شركة شهية المحدودة دانكن دونت,العليا,بلدية,بلدية العليا,True,False,لا يوجد,,0,,,False,none,,0,False
Data 2025.xlsx,1716,2025-03-01,2025-03,2025-W09,1,5,sweet-0808-r01,sweet-0808-R01,مانشكينز بافاريان,الحلا(sweetness),sweetness,الحلا(sweetness),sweets_bakery,شركة شهية المحدودة دانكن دونت,شركة شهية المحدودة دانكن دونت,,شركة شهية المحدودة دانكن دونت,العليا,بلدية,بلدية العليا,True,False,لا يوجد,,0,,,False,none,,0,False
Data 2025.xlsx,1717,2025-03-01,2025-03,2025-W09,1,5,sweet-0809-r01,sweet-0809-R01,مانشكينز كوكيز جليزد,الحلا(sweetness),sweetness,الحلا(sweetness),sweets_bakery,شركة شهية المحدودة دانكن دونت,شركة شهية المحدودة دانكن دونت,,شركة شهية المحدودة دانكن دونت,العليا,بلدية,بلدية العليا,True,False,لا يوجد,,0,,,False,none,,0,False
Data 2025.xlsx,1718,2025-03-01,2025-03,2025-W09,1,5,sweet-0810-r01,sweet-0810-R01,لونج جون,الحلا(sweetness),sweetness,الحلا(sweetness),sweets_bakery,شركة شهية المحدودة دانكن دونت,شركة شهية المحدودة دانكن دونت,,شركة شهية المحدودة دانكن دونت,العليا,بلدية,بلدية العليا,True,False,لا يوجد,,0,,,False,none,,0,False
Data 2025.xlsx,1719,2025-03-01,2025-03,2025-W09,1,5,sweet-0811-r01,sweet-0811-R01,اولد فانيلا,الحلا(sweetness),sweetness,الحلا(sweetness),sweets_bakery,شركة شهية المحدودة دانكن دونت,شركة شهية المحدودة دانكن دونت,,شركة شهية المحدودة دانكن دونت,العليا,بلدية,بلدية العليا,True,False,لا يوجد,,0,,,False,none,,0,False
Data 2025.xlsx,1725,2025-03-01,2025-03,2025-W09,1,5,ubot-0902-r01,Ubot-0902-R01,مياه حنفية لغسيل الادوات,المياه الغير معبأة (Unbottled water),Unbottled water,المياه الغير معبأة (Unbottled water),water,شركة درر دمشق للحوم الطازجة,شركة درر دمشق للحوم الطازجة,,شركة درر دمشق للحوم الطازجة,العليا,بلدية,بلدية العليا,True,False,لا يوجد,,0,,,False,none,,1,False
Data 2025.xlsx,1726,2025-03-01,2025-03,2025-W09,1,5,ubot-0903-r01,Ubot-0903-R01,مياه حنفية لغسيل الادوات,المياه الغير معبأة (Unbottled water),Unbottled water,المياه الغير معبأة (Unbottled water),water,جودة المرعى للحوم,جودة المرعى للحوم,,جودة المرعى للحوم,العليا,بلدية,بلدية العليا,True,False,لا يوجد,,0,,,False,none,,2,True
Data 2025.xlsx,1781,2025-03-02,2025-03,2025-W09,1,6,1-2818-R01,1-2818-R01,رز ابيض,الارز ( rice),rice,الارز ( rice),prepared_meal,مطاعم المشوي العنابي,مطاعم المشوي العنابي,,مطاعم المشوي العنابي,العليا,بلدية,بلدية العليا,True,False,لا يوجد,,0,,,False,none,,5,True
Data 2025.xlsx,1740,2025-03-02,2025-03,2025-W09,1,6,O-U-to-0570-R01,O-U-to-0570-R01,كاتشب,الطماطم (Tomatoes),Tomatoes,الطماطم (Tomatoes),produce,مطعم زاد الفطيرة,مطعم زاد الفطيرة,,مطعم زاد الفطيرة,العليا,بلدية,بلدية العليا,True,False,لا يوجد,,0,,,False,none,,1,False
Data 2025.xlsx,1772,2025-03-02,2025-03,2025-W09,1,6,O-U-to-0571-R01,O-U-to-0571-R01,قطع طماطم,الطماطم (Tomatoes),Tomatoes,الطماطم (Tomatoes),produce,مطاعم المشوي العنابي,مطاعم المشوي العنابي,,مطاعم المشوي العنابي,العليا,بلدية,بلدية العليا,True,False,لا يوجد,,0,,,False,none,,2,True
Data 2025.xlsx,1738,2025-03-02,2025-03,2025-W09,1,6,OO-OSS-po-0338-R01,OO-OSS-po-0338-R01,بطاطس مقلي,البطاطس (potatoes),potatoes,البطاطس (potatoes),produce,مطعم زاد الفطيرة,مطعم زاد الفطيرة,,مطعم زاد الفطيرة,العليا,بلدية,بلدية العليا,True,False,لا يوجد,,0,,,False,none,,1,False
Data 2025.xlsx,1780,2025-03-02,2025-03,2025-W09,1,6,UU-pe-1042-R01,UU-pe-1042-R01,فلفل اخضر مشوي,الفلفل (peppers),peppers,الفلفل (peppers),produce,مطاعم المشوي العنابي,مطاعم المشوي العنابي,,مطاعم المشوي العنابي,العليا,بلدية,بلدية العليا,True,False,لا يوجد,,0,,,False,none,,5,True
Data 2025.xlsx,1737,2025-03-02,2025-03,2025-W09,1,6,appe-0309-r01,Appe-0309-R01,حمص,مقبلات (Appetizers),Appetizers,مقبلات (Appetizers),prepared_meal,مطعم زاد الفطيرة,مطعم زاد الفطيرة,,مطعم زاد الفطيرة,العليا,بلدية,بلدية العليا,True,False,لا يوجد,,0,,,False,none,,1,False
Data 2025.xlsx,1763,2025-03-02,2025-03,2025-W09,1,6,appe-0310-r01,Appe-0310-R01,حمص,مقبلات (Appetizers),Appetizers,مقبلات (Appetizers),prepared_meal,مطاعم المشوي العنابي,مطاعم المشوي العنابي,,مطاعم المشوي العنابي,العليا,بلدية,بلدية العليا,True,False,لا يوجد,,0,,,False,none,,0,False
Data 2025.xlsx,1764,2025-03-02,2025-03,2025-W09,1,6,appe-0311-r01,Appe-0311-R01,متبل,مقبلات (Appetizers),Appetizers,مقبلات (Appetizers),prepared_meal,مطاعم المشوي العنابي,مطاعم المشوي العنابي,,مطاعم المشوي العنابي,العليا,بلدية,بلدية العليا,True,False,لا يوجد,,0,,,False,none,,0,False
Data 2025.xlsx,1765,2025-03-02,2025-03,2025-W09,1,6,appe-0312-r01,Appe-0312-R01,بابا غنوج,مقبلات (Appetizers),Appetizers,مقبلات (Appetizers),prepared_meal,مطاعم المشوي العنابي,مطاعم المشوي العنابي,,مطاعم المشوي العنابي,العليا,بلدية,بلدية العليا,True,False,لا يوجد,,0,,,False,none,,0,False
Data 2025.xlsx,1766,2025-03-02,2025-03,2025-W09,1,6,appe-0313-r01,Appe-0313-R01,حمص بالنعناع,مقبلات (Appetizers),Appetizers,مقبلات (Appetizers),prepared_meal,مطاعم المشوي العنابي,مطاعم المشوي العنابي,,مطاعم المشوي العنابي,العليا,بلدية,بلدية العليا,True,False,لا يوجد,,0,,,False,none,,0,False
Data 2025.xlsx,1767,2025-03-02,2025-03,2025-W09,1,6,appe-0314-r01,Appe-0314-R01,تبولة,مقبلات (Appetizers),Appetizers,مقبلات (Appetizers),prepared_meal,مطاعم المشوي العنابي,مطاعم المشوي العنابي,,مطاعم المشوي العنابي,العليا,بلدية,بلدية العليا,True,False,لا يوجد,,0,,,False,none,,0,False
Data 2025.xlsx,1769,2025-03-02,2025-03,2025-W09,1,6,bakgoo-0462-r01,bakgoo-0462-R01,خبز فتوش,(baked goods) المخبوزات,baked goods,(baked goods) المخبوزات,sweets_bakery,مطاعم المشوي العنابي,مطاعم المشوي العنابي,,مطاعم المشوي العنابي,العليا,بلدية,بلدية العليا,True,False,لا يوجد,,0,,,False,none,,1,False
Data 2025.xlsx,1775,2025-03-02,2025-03,2025-W09,1,6,bri-0275-r01,bri-0275-R01,لبنة بالثوم,لبنة ( brick),brick,لبنة ( brick),dairy,مطاعم المشوي العنابي,مطاعم المشوي العنابي,,مطاعم المشوي العنابي,العليا,بلدية,بلدية العليا,True,False,لا يوجد,,0,,,False,none,,4,True
Data 2025.xlsx,1739,2025-03-02,2025-03,2025-W09,1,6,co-0448-r01,co-0448-R01,قطع شاورما دجاج,الدجاج المطبوخ (Cooked chicken),Cooked chicken,الدجاج المطبوخ (Cooked chicken),cooked_meat_poultry,مطعم زاد الفطيرة,مطعم زاد الفطيرة,,مطعم زاد الفطيرة,العليا,بلدية,بلدية العليا,True,False,لا يوجد,,0,,,False,none,,1,False
Data 2025.xlsx,1746,2025-03-02,2025-03,2025-W09,1,6,gr-0144-r01,gr-0144-R01,ورق عنب,ورق عنب (Grape leaves),Grape leaves,ورق عنب (Grape leaves),produce,مطعم زاد الفطيرة,مطعم زاد الفطيرة,,مطعم زاد الفطيرة,العليا,بلدية,بلدية العليا,True,False,لا يوجد,,0,,,False,none,,1,False
Data 2025.xlsx,1741,2025-03-02,2025-03,2025-W09,1,6,hs-0278-r01,HS-0278-R01,شطة حارة,الشطة (Hot sauce),Hot sauce,الشطة (Hot sauce),sauce_condiment,مطعم زاد الفطيرة,مطعم زاد الفطيرة,,مطعم زاد الفطيرة,العليا,بلدية,بلدية العليا,True,False,لا يوجد,,0,,,False,none,,1,False
Data 2025.xlsx,1747,2025-03-02,2025-03,2025-W09,1,6,icecrea-0095-r01,icecrea-0095-R01,ايس كريم لاف بوشن,صوص (sauce),sauce,صوص (sauce),sauce_condiment,شركة جميرة التجارية المحدودة باسكن روبينز,شركة جميرة التجارية المحدودة باسكن روبينز,,شركة جميرة التجارية المحدودة باسكن روبينز,العليا,بلدية,بلدية العليا,True,False,لا يوجد,,0,,,False,none,,0,False
Data 2025.xlsx,1748,2025-03-02,2025-03,2025-W09,1,6,icecrea-0096-r01,icecrea-0096-R01,ايس كريم موس رويال,(ice cream) ايسكريم,ice cream,(ice cream) ايسكريم,dairy,شركة جميرة التجارية المحدودة باسكن روبينز,شركة جميرة التجارية المحدودة باسكن روبينز,,شركة جميرة التجارية المحدودة باسكن روبينز,العليا,بلدية,بلدية العليا,True,False,لا يوجد,,0,,,False,none,,0,False
Data 2025.xlsx,1749,2025-03-02,2025-03,2025-W09,1,6,icecrea-0097-r01,icecrea-0097-R01,ايس كريم كوتون كاندي,(ice cream) ايسكريم,ice cream,(ice cream) ايسكريم,dairy,شركة جميرة التجارية المحدودة باسكن روبينز,شركة جميرة التجارية المحدودة باسكن روبينز,,شركة جميرة التجارية المحدودة باسكن روبينز,العليا,بلدية,بلدية العليا,True,False,لا يوجد,,0,,,False,none,,0,False
Data 2025.xlsx,1750,2025-03-02,2025-03,2025-W09,1,6,icecrea-0098-r01,icecrea-0098-R01,ايس كريم برايلنز ان كريم,(ice cream) ايسكريم,ice cream,(ice cream) ايسكريم,dairy,شركة جميرة التجارية المحدودة باسكن روبينز,شركة جميرة التجارية المحدودة باسكن روبينز,,شركة جميرة التجارية المحدودة باسكن روبينز,العليا,بلدية,بلدية العليا,True,False,لا يوجد,,0,,,False,none,,0,False
Data 2025.xlsx,1751,2025-03-02,2025-03,2025-W09,1,6,icecrea-0099-r01,icecrea-0099-R01,ايس كريم بابيسبول نات,(ice cream) ايسكريم,ice cream,(ice cream) ايسكريم,dairy,شركة جميرة التجارية المحدودة باسكن روبينز,شركة جميرة التجارية المحدودة باسكن روبينز,,شركة جميرة التجارية المحدودة باسكن روبينز,العليا,بلدية,بلدية العليا,True,False,لا يوجد,,0,,,False,none,,0,False
Data 2025.xlsx,1771,2025-03-02,2025-03,2025-W09,1,6,jui-0386-r01,jui-0386-R01,مشروب عصير ليمون,العصائر الطازجة Un-pasteurized juices (fresh),fresh,العصائر الطازجة Un-pasteurized juices (fresh),beverage,مطاعم المشوي العنابي,مطاعم المشوي العنابي,,مطاعم المشوي العنابي,العليا,بلدية,بلدية العليا,True,False,لا يوجد,,0,,,False,none,,2,True
Data 2025.xlsx,1727,2025-03-02,2025-03,2025-W09,1,6,raw-0046-r01,Raw-0046-R01,لحم عجل هندي,لحوم نيئة مبردة ومجمدة (Raw meat Cold or chilled ),Raw meat Cold or chilled,لحوم نيئة مبردة ومجمدة (Raw meat Cold or chilled ),raw_meat,الحباب للحوم,الحباب للحوم,,الحباب للحوم,العليا,بلدية,بلدية العليا,True,False,لا يوجد,,0,,,False,none,,0,False
Data 2025.xlsx,1728,2025-03-02,2025-03,2025-W09,1,6,raw-0047-r01,Raw-0047-R01,لحم بقر,لحوم نيئة مبردة ومجمدة (Raw meat Cold or chilled ),Raw meat Cold or chilled,لحوم نيئة مبردة ومجمدة (Raw meat Cold or chilled ),raw_meat,الهرافي الطيبة للتجارة,الهرافي الطيبة للتجارة,,الهرافي الطيبة للتجارة,العليا,بلدية,بلدية العليا,True,False,لا يوجد,,0,,,False,none,,0,False
Data 2025.xlsx,1729,2025-03-02,2025-03,2025-W09,1,6,raw-0048-r01,Raw-0048-R01,لحم حاشي,لحوم نيئة مبردة ومجمدة (Raw meat Cold or chilled ),Raw meat Cold or chilled,لحوم نيئة مبردة ومجمدة (Raw meat Cold or chilled ),raw_meat,الهرافي الطيبة للتجارة,الهرافي الطيبة للتجارة,,الهرافي الطيبة للتجارة,العليا,بلدية,بلدية العليا,True,False,لا يوجد,,0,,,False,none,,0,False
Data 2025.xlsx,1730,2025-03-02,2025-03,2025-W09,1,6,raw-0049-r01,Raw-0049-R01,لحم نعيمي,لحوم نيئة مبردة ومجمدة (Raw meat Cold or chilled ),Raw meat Cold or chilled,لحوم نيئة مبردة ومجمدة (Raw meat Cold or chilled ),raw_meat,الهرافي الطيبة للتجارة,الهرافي الطيبة للتجارة,,الهرافي الطيبة للتجارة,العليا,بلدية,بلدية العليا,True,False,لا يوجد,,0,,,False,none,,0,False
Data 2025.xlsx,1731,2025-03-02,2025-03,2025-W09,1,6,raw-0050-r01,Raw-0050-R01,لحم بربري,لحوم نيئة مبردة ومجمدة (Raw meat Cold or chilled ),Raw meat Cold or chilled,لحوم نيئة مبردة ومجمدة (Raw meat Cold or chilled ),raw_meat,الهرافي الطيبة للتجارة,الهرافي الطيبة للتجارة,,الهرافي الطيبة للتجارة,العليا,بلدية,بلدية العليا,True,False,لا يوجد,,0,,,False,none,,0,False
Data 2025.xlsx,1732,2025-03-02,2025-03,2025-W09,1,6,raw-0051-r01,Raw-0051-R01,لحم عجل بلدي,لحوم نيئة مبردة ومجمدة (Raw meat Cold or chilled ),Raw meat Cold or chilled,لحوم نيئة مبردة ومجمدة (Raw meat Cold or chilled ),raw_meat,للحوم الطازجة,للحوم الطازجة,,للحوم الطازجة,العليا,بلدية,بلدية العليا,True,False,لا يوجد,,0,,,False,none,,0,False
Data 2025.xlsx,1733,2025-03-02,2025-03,2025-W09,1,6,raw-0052-r01,Raw-0052-R01,لحم حري,لحوم نيئة مبردة ومجمدة (Raw meat Cold or chilled ),Raw meat Cold or chilled,لحوم نيئة مبردة ومجمدة (Raw meat Cold or chilled ),raw_meat,للحوم الطازجة,للحوم الطازجة,,للحوم الطازجة,العليا,بلدية,بلدية العليا,True,False,لا يوجد,,0,,,False,none,,0,False
Data 2025.xlsx,1734,2025-03-02,2025-03,2025-W09,1,6,raw-0053-r01,Raw-0053-R01,لحم نعيمي,لحوم نيئة مبردة ومجمدة (Raw meat Cold or chilled ),Raw meat Cold or chilled,لحوم نيئة مبردة ومجمدة (Raw meat Cold or chilled ),raw_meat,للحوم الطازجة,للحوم الطازجة,,للحوم الطازجة,العليا,بلدية,بلدية العليا,True,False,لا يوجد,,0,,,False,none,,0,False
Data 2025.xlsx,1782,2025-03-02,2025-03,2025-W09,1,6,raw-0054-r01,Raw-0054-R01,لحم مع بصل,لحوم نيئة مبردة ومجمدة (Raw meat Cold or chilled ),Raw meat Cold or chilled,لحوم نيئة مبردة ومجمدة (Raw meat Cold or chilled ),raw_meat,مطاعم المشوي العنابي,مطاعم المشوي العنابي,,مطاعم المشوي العنابي,العليا,بلدية,بلدية العليا,False,True,السالمونيلا,السالمونيلا,1,السالمونيلا,,True,pathogen,,6,True
Data 2025.xlsx,1783,2025-03-02,2025-03,2025-W09,1,6,raw-0055-r01,Raw-0055-R01,كباب لحم,لحوم نيئة مبردة ومجمدة (Raw meat Cold or chilled ),Raw meat Cold or chilled,لحوم نيئة مبردة ومجمدة (Raw meat Cold or chilled ),raw_meat,مطاعم المشوي العنابي,مطاعم المشوي العنابي,,مطاعم المشوي العنابي,العليا,بلدية,بلدية العليا,False,True,السالمونيلا,السالمونيلا,1,السالمونيلا,,True,pathogen,,7,True
Data 2025.xlsx,1768,2025-03-02,2025-03,2025-W09,1,6,sal-1137-r01,Sal-1137-R01,سلطة خضراء,السلطة(Salad),Salad,السلطة(Salad),produce,مطاعم المشوي العنابي,مطاعم المشوي العنابي,,مطاعم المشوي العنابي,العليا,بلدية,بلدية العليا,False,True,استافيلوكوكس اورياس,استافيلوكوكس اورياس,1,استافيلوكوكس اورياس,,True,pathogen,,1,False
Data 2025.xlsx,1779,2025-03-02,2025-03,2025-W09,1,6,sal-1138-r01,Sal-1138-R01,سلطة مشاوي,السلطة(Salad),Salad,السلطة(Salad),produce,مطاعم المشوي العنابي,مطاعم المشوي العنابي,,مطاعم المشوي العنابي,العليا,بلدية,بلدية العليا,True,False,لا يوجد,,0,,,False,none,,5,True
Data 2025.xlsx,1735,2025-03-02,2025-03,2025-W09,1,6,sau-1209-r01,sau-1209-R01,صوص ثوم,صوص (sauce),sauce,صوص (sauce),sauce_condiment,مطعم زاد الفطيرة,مطعم زاد الفطيرة,,مطعم زاد الفطيرة,العليا,بلدية,بلدية العليا,False,True,العد الكلي للبكتيريا | الخمائر والاعفان,العد الكلي للبكتيريا | الخمائر والاعفان,2,,العد الكلي للبكتيريا | الخمائر والاعفان,False,indicator_only,,1,False
Data 2025.xlsx,1736,2025-03-02,2025-03,2025-W09,1,6,sau-1210-r01,sau-1210-R01,صوص ثوم حار,صوص (sauce),sauce,صوص (sauce),sauce_condiment,مطعم زاد الفطيرة,مطعم زاد الفطيرة,,مطعم زاد الفطيرة,العليا,بلدية,بلدية العليا,True,False,لا يوجد,,0,,,False,none,,1,False
Data 2025.xlsx,1745,2025-03-02,2025-03,2025-W09,1,6,sau-1211-r01,sau-1211-R01,صوص شيرة,صوص (sauce),sauce,صوص (sauce),sauce_condiment,مطعم زاد الفطيرة,مطعم زاد الفطيرة,,مطعم زاد الفطيرة,العليا,بلدية,بلدية العليا,True,False,لا يوجد,,0,,,False,none,,1,False
Data 2025.xlsx,1752,2025-03-02,2025-03,2025-W09,1,6,sau-1212-r01,sau-1212-R01,كراميل صوص,(ice cream) ايسكريم,ice cream,(ice cream) ايسكريم,dairy,شركة جميرة التجارية المحدودة باسكن روبينز,شركة جميرة التجارية المحدودة باسكن روبينز,,شركة جميرة التجارية المحدودة باسكن روبينز,العليا,بلدية,بلدية العليا,True,False,لا يوجد,,0,,,False,none,,0,False
Data 2025.xlsx,1753,2025-03-02,2025-03,2025-W09,1,6,sau-1213-r01,sau-1213-R01,شيرة صوص,صوص (sauce),sauce,صوص (sauce),sauce_condiment,شركة جميرة التجارية المحدودة باسكن روبينز,شركة جميرة التجارية المحدودة باسكن روبينز,,شركة جميرة التجارية المحدودة باسكن روبينز,العليا,بلدية,بلدية العليا,True,False,لا يوجد,,0,,,False,none,,0,False
Data 2025.xlsx,1754,2025-03-02,2025-03,2025-W09,1,6,sau-1214-r01,sau-1214-R01,بستاشيو صوص,صوص (sauce),sauce,صوص (sauce),sauce_condiment,شركة جميرة التجارية المحدودة باسكن روبينز,شركة جميرة التجارية المحدودة باسكن روبينز,,شركة جميرة التجارية المحدودة باسكن روبينز,العليا,بلدية,بلدية العليا,True,False,لا يوجد,,0,,,False,none,,0,False
Data 2025.xlsx,1755,2025-03-02,2025-03,2025-W09,1,6,sau-1215-r01,sau-1215-R01,نوتيلا صوص,صوص (sauce),sauce,صوص (sauce),sauce_condiment,شركة جميرة التجارية المحدودة باسكن روبينز,شركة جميرة التجارية المحدودة باسكن روبينز,,شركة جميرة التجارية المحدودة باسكن روبينز,العليا,بلدية,بلدية العليا,True,False,لا يوجد,,0,,,False,none,,0,False
Data 2025.xlsx,1762,2025-03-02,2025-03,2025-W09,1,6,sau-1216-r01,sau-1216-R01,صوص ثوم,صوص (sauce),sauce,صوص (sauce),sauce_condiment,مطاعم المشوي العنابي,مطاعم المشوي العنابي,,مطاعم المشوي العنابي,العليا,بلدية,بلدية العليا,True,False,لا يوجد,,0,,,False,none,,0,False
Data 2025.xlsx,1770,2025-03-02,2025-03,2025-W09,1,6,sau-1217-r01,sau-1217-R01,صوص زيت زيتون حار,صوص (sauce),sauce,صوص (sauce),sauce_condiment,مطاعم المشوي العنابي,مطاعم المشوي العنابي,,مطاعم المشوي العنابي,العليا,بلدية,بلدية العليا,False,True,الخمائر والاعفان,الخمائر والاعفان,1,,الخمائر والاعفان,False,indicator_only,,2,True
Data 2025.xlsx,1773,2025-03-02,2025-03,2025-W09,1,6,sau-1218-r01,sau-1218-R01,صوص دقوس,صوص (sauce),sauce,صوص (sauce),sauce_condiment,مطاعم المشوي العنابي,مطاعم المشوي العنابي,,مطاعم المشوي العنابي,العليا,بلدية,بلدية العليا,False,True,العد الكلي للبكتيريا | الخمائر والاعفان,العد الكلي للبكتيريا | الخمائر والاعفان,2,,العد الكلي للبكتيريا | الخمائر والاعفان,False,indicator_only,,3,True
Data 2025.xlsx,1774,2025-03-02,2025-03,2025-W09,1,6,sau-1219-r01,sau-1219-R01,صوص ثوم مع مايونيز ونعناع,صوص (sauce),sauce,صوص (sauce),sauce_condiment,مطاعم المشوي العنابي,مطاعم المشوي العنابي,,مطاعم المشوي العنابي,العليا,بلدية,بلدية العليا,False,True,العد الكلي للبكتيريا,العد الكلي للبكتيريا,1,,العد الكلي للبكتيريا,False,indicator_only,,4,True
Data 2025.xlsx,1776,2025-03-02,2025-03,2025-W09,1,6,sau-1220-r01,sau-1220-R01,صوص زبادي,صوص (sauce),sauce,صوص (sauce),sauce_condiment,مطاعم المشوي العنابي,مطاعم المشوي العنابي,,مطاعم المشوي العنابي,العليا,بلدية,بلدية العليا,False,True,الخمائر والاعفان,الخمائر والاعفان,1,,الخمائر والاعفان,False,indicator_only,,5,True
Data 2025.xlsx,1777,2025-03-02,2025-03,2025-W09,1,6,sau-1221-r01,sau-1221-R01,صوص ثوم بالليمون الاسود,صوص (sauce),sauce,صوص (sauce),sauce_condiment,مطاعم المشوي العنابي,مطاعم المشوي العنابي,,مطاعم المشوي العنابي,العليا,بلدية,بلدية العليا,True,False,لا يوجد,,0,,,False,none,,5,True
Data 2025.xlsx,1778,2025-03-02,2025-03,2025-W09,1,6,sau-1222-r01,sau-1222-R01,صوص بصل جريش,صوص (sauce),sauce,صوص (sauce),sauce_condiment,مطاعم المشوي العنابي,مطاعم المشوي العنابي,,مطاعم المشوي العنابي,العليا,بلدية,بلدية العليا,True,False,لا يوجد,,0,,,False,none,,5,True
Data 2025.xlsx,1742,2025-03-02,2025-03,2025-W09,1,6,sw-2514-r01,sw-2514-R01,مسحة قطاعة شاورما,(Swabs) المسحات,Swabs,(Swabs) المسحات,swab,مطعم زاد الفطيرة,مطعم زاد الفطيرة,,مطعم زاد الفطيرة,العليا,بلدية,بلدية العليا,True,False,لا يوجد,,0,,,False,none,,1,False
Data 2025.xlsx,1743,2025-03-02,2025-03,2025-W09,1,6,sw-2515-r01,sw-2515-R01,مسحة طاولة تقطيع شاورما,(Swabs) المسحات,Swabs,(Swabs) المسحات,swab,مطعم زاد الفطيرة,مطعم زاد الفطيرة,,مطعم زاد الفطيرة,العليا,بلدية,بلدية العليا,True,False,لا يوجد,,0,,,False,none,,1,False
Data 2025.xlsx,1744,2025-03-02,2025-03,2025-W09,1,6,sw-2516-r01,sw-2516-R01,مسحة عصارة برتقال,(Swabs) المسحات,Swabs,(Swabs) المسحات,swab,مطعم زاد الفطيرة,مطعم زاد الفطيرة,,مطعم زاد الفطيرة,العليا,بلدية,بلدية العليا,True,False,لا يوجد,,0,,,False,none,,1,False
Data 2025.xlsx,1756,2025-03-02,2025-03,2025-W09,1,6,sw-2517-r01,sw-2517-R01,مسحة ثلاجة,(Swabs) المسحات,Swabs,(Swabs) المسحات,swab,شركة جميرة التجارية المحدودة باسكن روبينز,شركة جميرة التجارية المحدودة باسكن روبينز,,شركة جميرة التجارية المحدودة باسكن روبينز,العليا,بلدية,بلدية العليا,True,False,لا يوجد,,0,,,False,none,,0,False
Data 2025.xlsx,1757,2025-03-02,2025-03,2025-W09,1,6,sw-2518-r01,sw-2518-R01,مسحة ثلاجة,(Swabs) المسحات,Swabs,(Swabs) المسحات,swab,شركة جميرة التجارية المحدودة باسكن روبينز,شركة جميرة التجارية المحدودة باسكن روبينز,,شركة جميرة التجارية المحدودة باسكن روبينز,العليا,بلدية,بلدية العليا,True,False,لا يوجد,,0,,,False,none,,0,False
Data 2025.xlsx,1758,2025-03-02,2025-03,2025-W09,1,6,sw-2519-r01,sw-2519-R01,مسحة ثلاجة,(Swabs) المسحات,Swabs,(Swabs) المسحات,swab,شركة جميرة التجارية المحدودة باسكن روبينز,شركة جميرة التجارية المحدودة باسكن روبينز,,شركة جميرة التجارية المحدودة باسكن روبينز,العليا,بلدية,بلدية العليا,True,False,لا يوجد,,0,,,False,none,,0,False
Data 2025.xlsx,1759,2025-03-02,2025-03,2025-W09,1,6,sw-2520-r01,sw-2520-R01,مسحة ثلاجة,(Swabs) المسحات,Swabs,(Swabs) المسحات,swab,شركة جميرة التجارية المحدودة باسكن روبينز,شركة جميرة التجارية المحدودة باسكن روبينز,,شركة جميرة التجارية المحدودة باسكن روبينز,العليا,بلدية,بلدية العليا,True,False,لا يوجد,,0,,,False,none,,0,False
Data 2025.xlsx,1760,2025-03-02,2025-03,2025-W09,1,6,sw-2521-r01,sw-2521-R01,مسحة ثلاجة,(Swabs) المسحات,Swabs,(Swabs) المسحات,swab,شركة جميرة التجارية المحدودة باسكن روبينز,شركة جميرة التجارية المحدودة باسكن روبينز,,شركة جميرة التجارية المحدودة باسكن روبينز,العليا,بلدية,بلدية العليا,True,False,لا يوجد,,0,,,False,none,,0,False
Data 2025.xlsx,1761,2025-03-02,2025-03,2025-W09,1,6,sw-2522-r01,sw-2522-R01,مسحة ثلاجة,(Swabs) المسحات,Swabs,(Swabs) المسحات,swab,شركة جميرة التجارية المحدودة باسكن روبينز,شركة جميرة التجارية المحدودة باسكن روبينز,,شركة جميرة التجارية المحدودة باسكن روبينز,العليا,بلدية,بلدية العليا,True,False,لا يوجد,,0,,,False,none,,0,False
Data 2025.xlsx,1784,2025-03-02,2025-03,2025-W09,1,6,sw-2523-r01,sw-2523-R01,مسحة ثلاجة مقبلات,(Swabs) المسحات,Swabs,(Swabs) المسحات,swab,مطاعم المشوي العنابي,مطاعم المشوي العنابي,,مطاعم المشوي العنابي,العليا,بلدية,بلدية العليا,True,False,لا يوجد,,0,,,False,none,,7,True
Data 2025.xlsx,1785,2025-03-02,2025-03,2025-W09,1,6,sw-2524-r01,sw-2524-R01,مسحة طاولة تقطيع خبز,(Swabs) المسحات,Swabs,(Swabs) المسحات,swab,مطاعم المشوي العنابي,مطاعم المشوي العنابي,,مطاعم المشوي العنابي,العليا,بلدية,بلدية العليا,True,False,لا يوجد,,0,,,False,none,,7,True
Data 2025.xlsx,1786,2025-03-02,2025-03,2025-W09,1,6,sw-2525-r01,sw-2525-R01,مسحة سخان خصار,(Swabs) المسحات,Swabs,(Swabs) المسحات,swab,مطاعم المشوي العنابي,مطاعم المشوي العنابي,,مطاعم المشوي العنابي,العليا,بلدية,بلدية العليا,True,False,لا يوجد,,0,,,False,none,,7,True
Data 2025.xlsx,1787,2025-03-02,2025-03,2025-W09,1,6,sw-2526-r01,sw-2526-R01,مسحة سخان خضار,(Swabs) المسحات,Swabs,(Swabs) المسحات,swab,مطاعم المشوي العنابي,مطاعم المشوي العنابي,,مطاعم المشوي العنابي,العليا,بلدية,بلدية العليا,True,False,لا يوجد,,0,,,False,none,,7,True
Data 2025.xlsx,1788,2025-03-02,2025-03,2025-W09,1,6,sw-2527-r01,sw-2527-R01,مسحة طاولة تقطيع لحم مطبوخ,(Swabs) المسحات,Swabs,(Swabs) المسحات,swab,مطاعم المشوي العنابي,مطاعم المشوي العنابي,,مطاعم المشوي العنابي,العليا,بلدية,بلدية العليا,True,False,لا يوجد,,0,,,False,none,,7,True
Data 2025.xlsx,1789,2025-03-02,2025-03,2025-W09,1,6,sw-2528-r01,sw-2528-R01,مسحة طاولة تقطيع الدجاج,(Swabs) المسحات,Swabs,(Swabs) المسحات,swab,مطاعم المشوي العنابي,مطاعم المشوي العنابي,,مطاعم المشوي العنابي,العليا,بلدية,بلدية العليا,True,False,لا يوجد,,0,,,False,none,,7,True
Data 2025.xlsx,1790,2025-03-02,2025-03,2025-W09,1,6,sw-2529-r01,sw-2529-R01,مسحة ثلاجة المقبلات,(Swabs) المسحات,Swabs,(Swabs) المسحات,swab,مطاعم المشوي العنابي,مطاعم المشوي العنابي,,مطاعم المشوي العنابي,العليا,بلدية,بلدية العليا,True,False,لا يوجد,,0,,,False,none,,7,True
Data 2025.xlsx,1791,2025-03-02,2025-03,2025-W09,1,6,sw-2530-r01,sw-2530-R01,مسحة حافظة بطاطس,(Swabs) المسحات,Swabs,(Swabs) المسحات,swab,مطاعم المشوي العنابي,مطاعم المشوي العنابي,,مطاعم المشوي العنابي,العليا,بلدية,بلدية العليا,True,False,لا يوجد,,0,,,False,none,,7,True
Data 2025.xlsx,1792,2025-03-02,2025-03,2025-W09,1,6,ubot-0904-r01,Ubot-0904-R01,مياه غسيل حنفية (م.ك),المياه الغير معبأة (Unbottled water),Unbottled water,المياه الغير معبأة (Unbottled water),water,الحباب للحوم,الحباب للحوم,,الحباب للحوم,العليا,بلدية,بلدية العليا,True,False,لا يوجد,,0,,,False,none,,0,False
Data 2025.xlsx,1793,2025-03-02,2025-03,2025-W09,1,6,ubot-0905-r01,Ubot-0905-R01,مياه غسيل حنفية (م.ك),المياه الغير معبأة (Unbottled water),Unbottled water,المياه الغير معبأة (Unbottled water),water,الهرافي الطيبة للتجارة,الهرافي الطيبة للتجارة,,الهرافي الطيبة للتجارة,العليا,بلدية,بلدية العليا,True,False,لا يوجد,,0,,,False,none,,0,False
Data 2025.xlsx,1794,2025-03-02,2025-03,2025-W09,1,6,ubot-0906-r01,Ubot-0906-R01,مياه فلتر للعجانة,المياه الغير معبأة (Unbottled water),Unbottled water,المياه الغير معبأة (Unbottled water),water,مطاعم المشوي العنابي,مطاعم المشوي العنابي,,مطاعم المشوي العنابي,العليا,بلدية,بلدية العليا,False,True,كوليفورم,كوليفورم,1,,كوليفورم,False,indicator_only,,8,True
Data 2025.xlsx,1816,2025-03-03,2025-03,2025-W10,1,0,1-2823-R01,1-2823-R01,صنوبر محموصة,الصنوبر (Pine),Pine,الصنوبر (Pine),other,بيت الحمص (شركة الراجحي الغذائية),بيت الحمص (شركة الراجحي الغذائية),,بيت الحمص (شركة الراجحي الغذائية),العليا,بلدية,بلدية العليا,True,False,لا يوجد,,0,,,False,none,sample_type_unbucketed,5,True
Data 2025.xlsx,1830,2025-03-03,2025-03,2025-W10,1,0,O-O2-ca-0172-R01,O-O2-ca-0172-R01,قطع جزر,الجزر (carrot),carrot,الجزر (carrot),produce,بيت الحمص (شركة الراجحي الغذائية),بيت الحمص (شركة الراجحي الغذائية),,بيت الحمص (شركة الراجحي الغذائية),العليا,بلدية,بلدية العليا,True,False,لا يوجد,,0,,,False,none,,10,True
Data 2025.xlsx,1817,2025-03-03,2025-03,2025-W10,1,0,O-U-po-0187-R01,O-U-po-0187-R01,رمان - حب,الرمان (pomegranate),pomegranate,الرمان (pomegranate),produce,بيت الحمص (شركة الراجحي الغذائية),بيت الحمص (شركة الراجحي الغذائية),,بيت الحمص (شركة الراجحي الغذائية),العليا,بلدية,بلدية العليا,True,False,لا يوجد,,0,,,False,none,,5,True
Data 2025.xlsx,1810,2025-03-03,2025-03,2025-W10,1,0,O-U-to-0573-R01,O-U-to-0573-R01,شرائح طماطم,الطماطم (Tomatoes),Tomatoes,الطماطم (Tomatoes),produce,بيت الحمص (شركة الراجحي الغذائية),بيت الحمص (شركة الراجحي الغذائية),,بيت الحمص (شركة الراجحي الغذائية),العليا,بلدية,بلدية العليا,True,False,لا يوجد,,0,,,False,none,,5,True
Data 2025.xlsx,1809,2025-03-03,2025-03,2025-W10,1,0,O-r-O3-le-0301-R01,O-r-O3-le-0301-R01,قطغ خس,الخس (Lettuce),Lettuce,الخس (Lettuce),produce,بيت الحمص (شركة الراجحي الغذائية),بيت الحمص (شركة الراجحي الغذائية),,بيت الحمص (شركة الراجحي الغذائية),العليا,بلدية,بلدية العليا,True,False,لا يوجد,,0,,,False,none,,5,True
Data 2025.xlsx,1802,2025-03-03,2025-03,2025-W10,1,0,O-r-U-cu-0214-R01,O-r-U-cu-0214-R01,خيار,الخيار (cucumbers),cucumbers,الخيار (cucumbers),produce,بيت الحمص (شركة الراجحي الغذائية),بيت الحمص (شركة الراجحي الغذائية),,بيت الحمص (شركة الراجحي الغذائية),العليا,بلدية,بلدية العليا,False,True,استافيلوكوكس اورياس,استافيلوكوكس اورياس,1,استافيلوكوكس اورياس,,True,pathogen,,3,True
Data 2025.xlsx,1808,2025-03-03,2025-03,2025-W10,1,0,OU-pa-0212-R01,OU-pa-0212-R01,بقدونس,البقدونس (parsley),parsley,البقدونس (parsley),produce,بيت الحمص (شركة الراجحي الغذائية),بيت الحمص (شركة الراجحي الغذائية),,بيت الحمص (شركة الراجحي الغذائية),العليا,بلدية,بلدية العليا,False,True,لا يوجد,,0,,,False,none,validity_says_invalid_but_no_failures,5,True
Data 2025.xlsx,1804,2025-03-03,2025-03,2025-W10,1,0,UO1-mi-0104-R01,UO1-mi-0104-R01,نعناع,النعناع (mint),mint,النعناع (mint),produce,بيت الحمص (شركة الراجحي الغذائية),بيت الحمص (شركة الراجحي الغذائية),,بيت الحمص (شركة الراجحي الغذائية),العليا,بلدية,بلدية العليا,True,False,لا يوجد,,0,,,False,none,,4,True
Data 2025.xlsx,1829,2025-03-03,2025-03,2025-W10,1,0,UU-ca-0102-R01,UU-ca-0102-R01,ملفوف بنفسجي,الملفوف (cabbage),cabbage,الملفوف (cabbage),produce,بيت الحمص (شركة الراجحي الغذائية),بيت الحمص (شركة الراجحي الغذائية),,بيت الحمص (شركة الراجحي الغذائية),العليا,بلدية,بلدية العليا,True,False,لا يوجد,,0,,,False,none,,10,True
Data 2025.xlsx,1811,2025-03-03,2025-03,2025-W10,1,0,UU-le-0397-R01,UU-le-0397-R01,شرائح ليمون,الليمون (Lemons),Lemons,الليمون (Lemons),produce,بيت الحمص (شركة الراجحي الغذائية),بيت الحمص (شركة الراجحي الغذائية),,بيت الحمص (شركة الراجحي الغذائية),العليا,بلدية,بلدية العليا,True,False,لا يوجد,,0,,,False,none,,5,True
Data 2025.xlsx,1818,2025-03-03,2025-03,2025-W10,1,0,appe-0315-r01,Appe-0315-R01,متبل,مقبلات (Appetizers),Appetizers,مقبلات (Appetizers),prepared_meal,بيت الحمص (شركة الراجحي الغذائية),بيت الحمص (شركة الراجحي الغذائية),,بيت الحمص (شركة الراجحي الغذائية),العليا,بلدية,بلدية العليا,True,False,لا يوجد,,0,,,False,none,,5,True
Data 2025.xlsx,1819,2025-03-03,2025-03,2025-W10,1,0,appe-0316-r01,Appe-0316-R01,حمص بيروتي,مقبلات (Appetizers),Appetizers,مقبلات (Appetizers),prepared_meal,بيت الحمص (شركة الراجحي الغذائية),بيت الحمص (شركة الراجحي الغذائية),,بيت الحمص (شركة الراجحي الغذائية),العليا,بلدية,بلدية العليا,True,False,لا يوجد,,0,,,False,none,,5,True
Data 2025.xlsx,1820,2025-03-03,2025-03,2025-W10,1,0,appe-0317-r01,Appe-0317-R01,بابا غنوج,مقبلات (Appetizers),Appetizers,مقبلات (Appetizers),prepared_meal,بيت الحمص (شركة الراجحي الغذائية),بيت الحمص (شركة الراجحي الغذائية),,بيت الحمص (شركة الراجحي الغذائية),العليا,بلدية,بلدية العليا,False,True,العد الكلي للبكتيريا,العد الكلي للبكتيريا,1,,العد الكلي للبكتيريا,False,indicator_only,,6,True
Data 2025.xlsx,1822,2025-03-03,2025-03,2025-W10,1,0,appe-0318-r01,Appe-0318-R01,متبل شمندر,مقبلات (Appetizers),Appetizers,مقبلات (Appetizers),prepared_meal,بيت الحمص (شركة الراجحي الغذائية),بيت الحمص (شركة الراجحي الغذائية),,بيت الحمص (شركة الراجحي الغذائية),العليا,بلدية,بلدية العليا,True,False,لا يوجد,,0,,,False,none,,7,True
Data 2025.xlsx,1823,2025-03-03,2025-03,2025-W10,1,0,appe-0319-r01,Appe-0319-R01,محمرة,مقبلات (Appetizers),Appetizers,مقبلات (Appetizers),prepared_meal,بيت الحمص (شركة الراجحي الغذائية),بيت الحمص (شركة الراجحي الغذائية),,بيت الحمص (شركة الراجحي الغذائية),العليا,بلدية,بلدية العليا,True,False,لا يوجد,,0,,,False,none,,7,True
Data 2025.xlsx,1826,2025-03-03,2025-03,2025-W10,1,0,appe-0320-r01,Appe-0320-R01,تبولة,مقبلات (Appetizers),Appetizers,مقبلات (Appetizers),prepared_meal,بيت الحمص (شركة الراجحي الغذائية),بيت الحمص (شركة الراجحي الغذائية),,بيت الحمص (شركة الراجحي الغذائية),العليا,بلدية,بلدية العليا,False,True,استافيلوكوكس اورياس,استافيلوكوكس اورياس,1,استافيلوكوكس اورياس,,True,pathogen,,9,True
Data 2025.xlsx,1821,2025-03-03,2025-03,2025-W10,1,0,bri-0276-r01,bri-0276-R01,لبنة (كشكة),لبنة ( brick),brick,لبنة ( brick),dairy,بيت الحمص (شركة الراجحي الغذائية),بيت الحمص (شركة الراجحي الغذائية),,بيت الحمص (شركة الراجحي الغذائية),العليا,بلدية,بلدية العليا,False,True,الخمائر والاعفان,الخمائر والاعفان,1,,الخمائر والاعفان,False,indicator_only,,7,True
Data 2025.xlsx,1831,2025-03-03,2025-03,2025-W10,1,0,cm-0083-r01,Cm-0083-R01,لحم مفروم,اللحوم المطبوخة (Cooked meat),Cooked meat,اللحوم المطبوخة (Cooked meat),cooked_meat_poultry,بيت الحمص (شركة الراجحي الغذائية),بيت الحمص (شركة الراجحي الغذائية),,بيت الحمص (شركة الراجحي الغذائية),العليا,بلدية,بلدية العليا,True,False,لا يوجد,,0,,,False,none,,10,True
Data 2025.xlsx,1832,2025-03-03,2025-03,2025-W10,1,0,cm-0084-r01,Cm-0084-R01,مقادم لحم,اللحوم المطبوخة (Cooked meat),Cooked meat,اللحوم المطبوخة (Cooked meat),cooked_meat_poultry,بيت الحمص (شركة الراجحي الغذائية),بيت الحمص (شركة الراجحي الغذائية),,بيت الحمص (شركة الراجحي الغذائية),العليا,بلدية,بلدية العليا,True,False,لا يوجد,,0,,,False,none,,10,True
Data 2025.xlsx,1833,2025-03-03,2025-03,2025-W10,1,0,cm-0085-r01,Cm-0085-R01,مصارين محشي رز,اللحوم المطبوخة (Cooked meat),Cooked meat,اللحوم المطبوخة (Cooked meat),cooked_meat_poultry,بيت الحمص (شركة الراجحي الغذائية),بيت الحمص (شركة الراجحي الغذائية),,بيت الحمص (شركة الراجحي الغذائية),العليا,بلدية,بلدية العليا,True,False,لا يوجد,,0,,,False,none,,10,True
Data 2025.xlsx,1834,2025-03-03,2025-03,2025-W10,1,0,cm-0086-r01,Cm-0086-R01,لسانات غنم,اللحوم المطبوخة (Cooked meat),Cooked meat,اللحوم المطبوخة (Cooked meat),cooked_meat_poultry,بيت الحمص (شركة الراجحي الغذائية),بيت الحمص (شركة الراجحي الغذائية),,بيت الحمص (شركة الراجحي الغذائية),العليا,بلدية,بلدية العليا,False,True,العد الكلي للبكتيريا,العد الكلي للبكتيريا,1,,العد الكلي للبكتيريا,False,indicator_only,,11,True
Data 2025.xlsx,1813,2025-03-03,2025-03,2025-W10,1,0,fala-0056-r01,Fala-0056-R01,فلافل,فلافل( falafil),falafil,فلافل( falafil),sweets_bakery,بيت الحمص (شركة الراجحي الغذائية),بيت الحمص (شركة الراجحي الغذائية),,بيت الحمص (شركة الراجحي الغذائية),العليا,بلدية,بلدية العليا,True,False,لا يوجد,,0,,,False,none,,5,True
Data 2025.xlsx,1814,2025-03-03,2025-03,2025-W10,1,0,gcv-0177-r01,GCV-0177-R01,كوسة مقلي,الخضار المشوية و المطبوخة,,الخضار المشوية و المطبوخة,cooked_meat_poultry,بيت الحمص (شركة الراجحي الغذائية),بيت الحمص (شركة الراجحي الغذائية),,بيت الحمص (شركة الراجحي الغذائية),العليا,بلدية,بلدية العليا,True,False,لا يوجد,,0,,,False,none,,5,True
Data 2025.xlsx,1815,2025-03-03,2025-03,2025-W10,1,0,gcv-0178-r01,GCV-0178-R01,زهرة مقلي,الخضار المشوية و المطبوخة,,الخضار المشوية و المطبوخة,cooked_meat_poultry,بيت الحمص (شركة الراجحي الغذائية),بيت الحمص (شركة الراجحي الغذائية),,بيت الحمص (شركة الراجحي الغذائية),العليا,بلدية,بلدية العليا,True,False,لا يوجد,,0,,,False,none,,5,True
Data 2025.xlsx,1824,2025-03-03,2025-03,2025-W10,1,0,gr-0145-r01,gr-0145-R01,ورق عنب,ورق عنب (Grape leaves),Grape leaves,ورق عنب (Grape leaves),produce,بيت الحمص (شركة الراجحي الغذائية),بيت الحمص (شركة الراجحي الغذائية),,بيت الحمص (شركة الراجحي الغذائية),العليا,بلدية,بلدية العليا,True,False,لا يوجد,,0,,,False,none,,7,True
Data 2025.xlsx,1806,2025-03-03,2025-03,2025-W10,1,0,homo-0418-r01,homo-0418-R01,حمص,"الحمص Homous , Tzatziki and other dips","Homous , Tzatziki and other dips","الحمص Homous , Tzatziki and other dips",prepared_meal,بيت الحمص (شركة الراجحي الغذائية),بيت الحمص (شركة الراجحي الغذائية),,بيت الحمص (شركة الراجحي الغذائية),العليا,بلدية,بلدية العليا,True,False,لا يوجد,,0,,,False,none,,4,True
Data 2025.xlsx,1805,2025-03-03,2025-03,2025-W10,1,0,hs-0279-r01,HS-0279-R01,شطة شامية,الشطة (Hot sauce),Hot sauce,الشطة (Hot sauce),sauce_condiment,بيت الحمص (شركة الراجحي الغذائية),بيت الحمص (شركة الراجحي الغذائية),,بيت الحمص (شركة الراجحي الغذائية),العليا,بلدية,بلدية العليا,True,False,لا يوجد,,0,,,False,none,,4,True
Data 2025.xlsx,1828,2025-03-03,2025-03,2025-W10,1,0,mola-0031-r01,mola-0031-R01,دبس رمان,( Molasses) دبس,Molasses,( Molasses) دبس,sauce_condiment,بيت الحمص (شركة الراجحي الغذائية),بيت الحمص (شركة الراجحي الغذائية),,بيت الحمص (شركة الراجحي الغذائية),العليا,بلدية,بلدية العليا,True,False,لا يوجد,,0,,,False,none,,10,True
Data 2025.xlsx,1800,2025-03-03,2025-03,2025-W10,1,0,olv-0427-r01,olv-0427-R01,زيتون اخضر,الزيتون /Olive,Olive,الزيتون /Olive,produce,بيت الحمص (شركة الراجحي الغذائية),بيت الحمص (شركة الراجحي الغذائية),,بيت الحمص (شركة الراجحي الغذائية),العليا,بلدية,بلدية العليا,False,True,خمائر | اعفان,الخمائر والاعفان | الخمائر والاعفان,2,,الخمائر والاعفان | الخمائر والاعفان,False,indicator_only,,1,False
Data 2025.xlsx,1801,2025-03-03,2025-03,2025-W10,1,0,pick-0335-r01,Pick-0335-R01,مخلل مشكل,المخلل (Pickle),Pickle,المخلل (Pickle),sauce_condiment,بيت الحمص (شركة الراجحي الغذائية),بيت الحمص (شركة الراجحي الغذائية),,بيت الحمص (شركة الراجحي الغذائية),العليا,بلدية,بلدية العليا,False,True,خمائر | اعفان,الخمائر والاعفان | الخمائر والاعفان,2,,الخمائر والاعفان | الخمائر والاعفان,False,indicator_only,,2,True
Data 2025.xlsx,1803,2025-03-03,2025-03,2025-W10,1,0,pick-0336-r01,Pick-0336-R01,مخلل فلفل,المخلل (Pickle),Pickle,المخلل (Pickle),sauce_condiment,بيت الحمص (شركة الراجحي الغذائية),بيت الحمص (شركة الراجحي الغذائية),,بيت الحمص (شركة الراجحي الغذائية),العليا,بلدية,بلدية العليا,False,True,خمائر,الخمائر والاعفان,1,,الخمائر والاعفان,False,indicator_only,,4,True
Data 2025.xlsx,1807,2025-03-03,2025-03,2025-W10,1,0,pick-0337-r01,Pick-0337-R01,مخلل لفت,المخلل (Pickle),Pickle,المخلل (Pickle),sauce_condiment,بيت الحمص (شركة الراجحي الغذائية),بيت الحمص (شركة الراجحي الغذائية),,بيت الحمص (شركة الراجحي الغذائية),العليا,بلدية,بلدية العليا,True,False,لا يوجد,,0,,,False,none,,4,True
Data 2025.xlsx,1795,2025-03-03,2025-03,2025-W10,1,0,raw-0056-r01,Raw-0056-R01,لحم حبشي,لحوم نيئة مبردة ومجمدة (Raw meat Cold or chilled ),Raw meat Cold or chilled,لحوم نيئة مبردة ومجمدة (Raw meat Cold or chilled ),raw_meat,مؤسسة هند العيسى للحوم المبردة,مؤسسة هند العيسى للحوم المبردة,,مؤسسة هند العيسى للحوم المبردة,العليا,بلدية,بلدية العليا,True,False,لا يوجد,,0,,,False,none,,0,False
Data 2025.xlsx,1796,2025-03-03,2025-03,2025-W10,1,0,raw-0057-r01,Raw-0057-R01,لحم عجل هندي,لحوم نيئة مبردة ومجمدة (Raw meat Cold or chilled ),Raw meat Cold or chilled,لحوم نيئة مبردة ومجمدة (Raw meat Cold or chilled ),raw_meat,مؤسسة هند العيسى للحوم المبردة,مؤسسة هند العيسى للحوم المبردة,,مؤسسة هند العيسى للحوم المبردة,العليا,بلدية,بلدية العليا,True,False,لا يوجد,,0,,,False,none,,0,False
Data 2025.xlsx,1797,2025-03-03,2025-03,2025-W10,1,0,raw-0058-r01,Raw-0058-R01,لحم عجل بلدي,لحوم نيئة مبردة ومجمدة (Raw meat Cold or chilled ),Raw meat Cold or chilled,لحوم نيئة مبردة ومجمدة (Raw meat Cold or chilled ),raw_meat,زاد كرمنا,زاد كرمنا,,زاد كرمنا,العليا,بلدية,بلدية العليا,True,False,لا يوجد,,0,,,False,none,,0,False
Data 2025.xlsx,1798,2025-03-03,2025-03,2025-W10,1,0,raw-0059-r01,Raw-0059-R01,لحم بربري,لحوم نيئة مبردة ومجمدة (Raw meat Cold or chilled ),Raw meat Cold or chilled,لحوم نيئة مبردة ومجمدة (Raw meat Cold or chilled ),raw_meat,زاد كرمنا,زاد كرمنا,,زاد كرمنا,العليا,بلدية,بلدية العليا,False,True,السالمونيلا,السالمونيلا,1,السالمونيلا,,True,pathogen,,1,False
Data 2025.xlsx,1799,2025-03-03,2025-03,2025-W10,1,0,raw-0060-r01,Raw-0060-R01,لحم بربري,لحوم نيئة مبردة ومجمدة (Raw meat Cold or chilled ),Raw meat Cold or chilled,لحوم نيئة مبردة ومجمدة (Raw meat Cold or chilled ),raw_meat,مؤسسة هرفي نجد,مؤسسة هرفي نجد,,مؤسسة هرفي نجد,العليا,بلدية,بلدية العليا,True,False,لا يوجد,,0,,,False,none,,0,False
Data 2025.xlsx,1812,2025-03-03,2025-03,2025-W10,1,0,ri-0037-r01,ri-0037-R01,رز ابيض,وجبات الرز Rice meal,Rice meal,وجبات الرز Rice meal,prepared_meal,بيت الحمص (شركة الراجحي الغذائية),بيت الحمص (شركة الراجحي الغذائية),,بيت الحمص (شركة الراجحي الغذائية),العليا,بلدية,بلدية العليا,True,False,لا يوجد,,0,,,False,none,,5,True
Data 2025.xlsx,1825,2025-03-03,2025-03,2025-W10,1,0,sal-1139-r01,Sal-1139-R01,سلطة خضراء,السلطة(Salad),Salad,السلطة(Salad),produce,بيت الحمص (شركة الراجحي الغذائية),بيت الحمص (شركة الراجحي الغذائية),,بيت الحمص (شركة الراجحي الغذائية),العليا,بلدية,بلدية العليا,False,True,ايشيريشيا كولاي | استافيلوكوكس اورياس,ايشيريشيا كولاي | استافيلوكوكس اورياس,2,ايشيريشيا كولاي | استافيلوكوكس اورياس,,True,multi_pathogen,,8,True
Data 2025.xlsx,1827,2025-03-03,2025-03,2025-W10,1,0,sau-1223-r01,sau-1223-R01,صوص ثوم,صوص (sauce),sauce,صوص (sauce),sauce_condiment,بيت الحمص (شركة الراجحي الغذائية),بيت الحمص (شركة الراجحي الغذائية),,بيت الحمص (شركة الراجحي الغذائية),العليا,بلدية,بلدية العليا,False,True,العد الكلي للبكتيريا,العد الكلي للبكتيريا,1,,العد الكلي للبكتيريا,False,indicator_only,,10,True
Data 2025.xlsx,1835,2025-03-03,2025-03,2025-W10,1,0,sw-2531-r01,sw-2531-R01,مسحة ثلاجة مقبلات,(Swabs) المسحات,Swabs,(Swabs) المسحات,swab,بيت الحمص (شركة الراجحي الغذائية),بيت الحمص (شركة الراجحي الغذائية),,بيت الحمص (شركة الراجحي الغذائية),العليا,بلدية,بلدية العليا,True,False,لا يوجد,,0,,,False,none,,11,True
Data 2025.xlsx,1836,2025-03-03,2025-03,2025-W10,1,0,sw-2532-r01,sw-2532-R01,مسحة ثلاجة (مطبوخ),(Swabs) المسحات,Swabs,(Swabs) المسحات,swab,بيت الحمص (شركة الراجحي الغذائية),بيت الحمص (شركة الراجحي الغذائية),,بيت الحمص (شركة الراجحي الغذائية),العليا,بلدية,بلدية العليا,True,False,لا يوجد,,0,,,False,none,,11,True
Data 2025.xlsx,1837,2025-03-03,2025-03,2025-W10,1,0,sw-2533-r01,sw-2533-R01,مسحة ثلاجة مقبلات,(Swabs) المسحات,Swabs,(Swabs) المسحات,swab,بيت الحمص (شركة الراجحي الغذائية),بيت الحمص (شركة الراجحي الغذائية),,بيت الحمص (شركة الراجحي الغذائية),العليا,بلدية,بلدية العليا,True,False,لا يوجد,,0,,,False,none,,11,True
Data 2025.xlsx,1838,2025-03-03,2025-03,2025-W10,1,0,sw-2534-r01,sw-2534-R01,مسحة ثلاجة مقبلات,(Swabs) المسحات,Swabs,(Swabs) المسحات,swab,بيت الحمص (شركة الراجحي الغذائية),بيت الحمص (شركة الراجحي الغذائية),,بيت الحمص (شركة الراجحي الغذائية),العليا,بلدية,بلدية العليا,True,False,لا يوجد,,0,,,False,none,,11,True
Data 2025.xlsx,1839,2025-03-03,2025-03,2025-W10,1,0,sw-2535-r01,sw-2535-R01,مسحة عصارة برتقال,(Swabs) المسحات,Swabs,(Swabs) المسحات,swab,بيت الحمص (شركة الراجحي الغذائية),بيت الحمص (شركة الراجحي الغذائية),,بيت الحمص (شركة الراجحي الغذائية),العليا,بلدية,بلدية العليا,False,True,العد الكلي للبكتيريا,العد الكلي للبكتيريا,1,,العد الكلي للبكتيريا,False,indicator_only,,12,True
Data 2025.xlsx,1840,2025-03-03,2025-03,2025-W10,1,0,sw-2536-r01,sw-2536-R01,مسحة عصارة جزر,(Swabs) المسحات,Swabs,(Swabs) المسحات,swab,بيت الحمص (شركة الراجحي الغذائية),بيت الحمص (شركة الراجحي الغذائية),,بيت الحمص (شركة الراجحي الغذائية),العليا,بلدية,بلدية العليا,False,True,العد الكلي للبكتيريا,العد الكلي للبكتيريا,1,,العد الكلي للبكتيريا,False,indicator_only,,13,True
Data 2025.xlsx,1841,2025-03-03,2025-03,2025-W10,1,0,sw-2537-r01,sw-2537-R01,مسحة صانعة ثلج,(Swabs) المسحات,Swabs,(Swabs) المسحات,swab,بيت الحمص (شركة الراجحي الغذائية),بيت الحمص (شركة الراجحي الغذائية),,بيت الحمص (شركة الراجحي الغذائية),العليا,بلدية,بلدية العليا,True,False,لا يوجد,,0,,,False,none,,13,True
Data 2025.xlsx,1842,2025-03-03,2025-03,2025-W10,1,0,sweet-0812-r01,sweet-0812-R01,هريسة شامية,الحلا(sweetness),sweetness,الحلا(sweetness),sweets_bakery,علي أبو الهوس للحلويات والكنافة,علي أبو الهوس للحلويات والكنافة,,علي أبو الهوس للحلويات والكنافة,العليا,بلدية,بلدية العليا,True,False,لا يوجد,,0,,,False,none,,0,False
Data 2025.xlsx,1843,2025-03-03,2025-03,2025-W10,1,0,sweet-0813-r01,sweet-0813-R01,بسبوسة بالقشطة,الحلا(sweetness),sweetness,الحلا(sweetness),sweets_bakery,علي أبو الهوس للحلويات والكنافة,علي أبو الهوس للحلويات والكنافة,,علي أبو الهوس للحلويات والكنافة,العليا,بلدية,بلدية العليا,True,False,لا يوجد,,0,,,False,none,,0,False
Data 2025.xlsx,1844,2025-03-03,2025-03,2025-W10,1,0,sweet-0814-r01,sweet-0814-R01,لقمة ابو الهوس بالقشطة,الحلا(sweetness),sweetness,الحلا(sweetness),sweets_bakery,علي أبو الهوس للحلويات والكنافة,علي أبو الهوس للحلويات والكنافة,,علي أبو الهوس للحلويات والكنافة,العليا,بلدية,بلدية العليا,True,False,لا يوجد,,0,,,False,none,,0,False
Data 2025.xlsx,1845,2025-03-03,2025-03,2025-W10,1,0,sweet-0815-r01,sweet-0815-R01,مبرومة بالقشطة,الحلا(sweetness),sweetness,الحلا(sweetness),sweets_bakery,علي أبو الهوس للحلويات والكنافة,علي أبو الهوس للحلويات والكنافة,,علي أبو الهوس للحلويات والكنافة,العليا,بلدية,بلدية العليا,True,False,لا يوجد,,0,,,False,none,,0,False
Data 2025.xlsx,1846,2025-03-03,2025-03,2025-W10,1,0,sweet-0816-r01,sweet-0816-R01,وردات بالقشطة,الحلا(sweetness),sweetness,الحلا(sweetness),sweets_bakery,علي أبو الهوس للحلويات والكنافة,علي أبو الهوس للحلويات والكنافة,,علي أبو الهوس للحلويات والكنافة,العليا,بلدية,بلدية العليا,True,False,لا يوجد,,0,,,False,none,,0,False
Data 2025.xlsx,1847,2025-03-03,2025-03,2025-W10,1,0,sweet-0817-r01,sweet-0817-R01,كنافة ناعمة بالقشطة,الحلا(sweetness),sweetness,الحلا(sweetness),sweets_bakery,علي أبو الهوس للحلويات والكنافة,علي أبو الهوس للحلويات والكنافة,,علي أبو الهوس للحلويات والكنافة,العليا,بلدية,بلدية العليا,True,False,لا يوجد,,0,,,False,none,,0,False
Data 2025.xlsx,1848,2025-03-03,2025-03,2025-W10,1,0,sweet-0818-r01,sweet-0818-R01,كنافة خشنة بالجبنة,الحلا(sweetness),sweetness,الحلا(sweetness),sweets_bakery,علي أبو الهوس للحلويات والكنافة,علي أبو الهوس للحلويات والكنافة,,علي أبو الهوس للحلويات والكنافة,العليا,بلدية,بلدية العليا,True,False,لا يوجد,,0,,,False,none,,0,False
Data 2025.xlsx,1849,2025-03-03,2025-03,2025-W10,1,0,sweet-0819-r01,sweet-0819-R01,عيش السرايا,الحلا(sweetness),sweetness,الحلا(sweetness),sweets_bakery,علي أبو الهوس للحلويات والكنافة,علي أبو الهوس للحلويات والكنافة,,علي أبو الهوس للحلويات والكنافة,العليا,بلدية,بلدية العليا,True,False,لا يوجد,,0,,,False,none,,0,False
Data 2025.xlsx,1850,2025-03-03,2025-03,2025-W10,1,0,sweet-0820-r01,sweet-0820-R01,بسبوسة ملكية,الحلا(sweetness),sweetness,الحلا(sweetness),sweets_bakery,علي أبو الهوس للحلويات والكنافة,علي أبو الهوس للحلويات والكنافة,,علي أبو الهوس للحلويات والكنافة,العليا,بلدية,بلدية العليا,True,False,لا يوجد,,0,,,False,none,,0,False
Data 2025.xlsx,1851,2025-03-03,2025-03,2025-W10,1,0,sweet-0821-r01,sweet-0821-R01,قطائف جوز,الحلا(sweetness),sweetness,الحلا(sweetness),sweets_bakery,علي أبو الهوس للحلويات والكنافة,علي أبو الهوس للحلويات والكنافة,,علي أبو الهوس للحلويات والكنافة,العليا,بلدية,بلدية العليا,True,False,لا يوجد,,0,,,False,none,,0,False
Data 2025.xlsx,1852,2025-03-03,2025-03,2025-W10,1,0,sweet-0822-r01,sweet-0822-R01,كنافة نوتيلا,الحلا(sweetness),sweetness,الحلا(sweetness),sweets_bakery,علي أبو الهوس للحلويات والكنافة,علي أبو الهوس للحلويات والكنافة,,علي أبو الهوس للحلويات والكنافة,العليا,بلدية,بلدية العليا,False,True,استافيلوكوكس اورياس,استافيلوكوكس اورياس,1,استافيلوكوكس اورياس,,True,pathogen,,1,False
Data 2025.xlsx,1853,2025-03-03,2025-03,2025-W10,1,0,sweet-0823-r01,sweet-0823-R01,لبية بالقشطة,الحلا(sweetness),sweetness,الحلا(sweetness),sweets_bakery,علي أبو الهوس للحلويات والكنافة,علي أبو الهوس للحلويات والكنافة,,علي أبو الهوس للحلويات والكنافة,العليا,بلدية,بلدية العليا,True,False,لا يوجد,,0,,,False,none,,1,False
Data 2025.xlsx,1854,2025-03-03,2025-03,2025-W10,1,0,sweet-0824-r01,sweet-0824-R01,حلاوة جبنة,الحلا(sweetness),sweetness,الحلا(sweetness),sweets_bakery,علي أبو الهوس للحلويات والكنافة,علي أبو الهوس للحلويات والكنافة,,علي أبو الهوس للحلويات والكنافة,العليا,بلدية,بلدية العليا,True,False,لا يوجد,,0,,,False,none,,1,False
Data 2025.xlsx,1855,2025-03-03,2025-03,2025-W10,1,0,sweet-0825-r01,sweet-0825-R01,ياقلبوة,الحلا(sweetness),sweetness,الحلا(sweetness),sweets_bakery,علي أبو الهوس للحلويات والكنافة,علي أبو الهوس للحلويات والكنافة,,علي أبو الهوس للحلويات والكنافة,العليا,بلدية,بلدية العليا,True,False,لا يوجد,,0,,,False,none,,1,False
Data 2025.xlsx,1856,2025-03-03,2025-03,2025-W10,1,0,sweet-0826-r01,sweet-0826-R01,بلح الشام,الحلا(sweetness),sweetness,الحلا(sweetness),sweets_bakery,علي أبو الهوس للحلويات والكنافة,علي أبو الهوس للحلويات والكنافة,,علي أبو الهوس للحلويات والكنافة,العليا,بلدية,بلدية العليا,True,False,لا يوجد,,0,,,False,none,,1,False
Data 2025.xlsx,1857,2025-03-03,2025-03,2025-W10,1,0,ubot-0907-r01,Ubot-0907-R01,مياه غسيل حنفية (م.ك),المياه الغير معبأة (Unbottled water),Unbottled water,المياه الغير معبأة (Unbottled water),water,مؤسسة هند العيسى للحوم المبردة,مؤسسة هند العيسى للحوم المبردة,,مؤسسة هند العيسى للحوم المبردة,العليا,بلدية,بلدية العليا,False,True,كوليفورم,كوليفورم,1,,كوليفورم,False,indicator_only,,1,False
Data 2025.xlsx,1858,2025-03-03,2025-03,2025-W10,1,0,ubot-0908-r01,Ubot-0908-R01,مياه غسيل حنفية (م.ك),المياه الغير معبأة (Unbottled water),Unbottled water,المياه الغير معبأة (Unbottled water),water,زاد كرمنا,زاد كرمنا,,زاد كرمنا,العليا,بلدية,بلدية العليا,False,True,كوليفورم,كوليفورم,1,,كوليفورم,False,indicator_only,,2,True
Data 2025.xlsx,1859,2025-03-03,2025-03,2025-W10,1,0,ubot-0909-r01,Ubot-0909-R01,مياه غسيل حنفية (م.ك),المياه الغير معبأة (Unbottled water),Unbottled water,المياه الغير معبأة (Unbottled water),water,مؤسسة هرفي نجد,مؤسسة هرفي نجد,,مؤسسة هرفي نجد,العليا,بلدية,بلدية العليا,True,False,لا يوجد,,0,,,False,none,,0,False
Data 2025.xlsx,1866,2025-03-04,2025-03,2025-W10,1,1,1-2827-R01,1-2827-R01,هلابينو,(jalapeno) هلابينو,jalapeno,(jalapeno) هلابينو,produce,أسواق التميمي,أسواق التميمي,,أسواق التميمي,المعذر,بلدية,بلدية المعذر,True,False,لا يوجد,,0,,,False,none,,0,False
Data 2025.xlsx,1860,2025-03-04,2025-03,2025-W10,1,1,O3U-sa-0016-R01,O3U-sa-0016-R01,سمبوسة بالجبن,السمبوسة (Samposa),Samposa,السمبوسة (Samposa),sweets_bakery,أسواق التميمي,أسواق التميمي,,أسواق التميمي,المعذر,بلدية,بلدية المعذر,True,False,لا يوجد,,0,,,False,none,,0,False
Data 2025.xlsx,1861,2025-03-04,2025-03,2025-W10,1,1,O3U-sa-0017-R01,O3U-sa-0017-R01,سمبوسة لحم,السمبوسة (Samposa),Samposa,السمبوسة (Samposa),sweets_bakery,أسواق التميمي,أسواق التميمي,,أسواق التميمي,المعذر,بلدية,بلدية المعذر,True,False,لا يوجد,,0,,,False,none,,0,False
Data 2025.xlsx,1862,2025-03-04,2025-03,2025-W10,1,1,O3U-sa-0018-R01,O3U-sa-0018-R01,سمبوسة دجاج,السمبوسة (Samposa),Samposa,السمبوسة (Samposa),sweets_bakery,أسواق التميمي,أسواق التميمي,,أسواق التميمي,المعذر,بلدية,بلدية المعذر,True,False,لا يوجد,,0,,,False,none,,0,False
Data 2025.xlsx,1870,2025-03-04,2025-03,2025-W10,1,1,OOSS-eg-0313-R01,OOSS-eg-0313-R01,مكدوس باذنجان محشو بجوز عين الجمل,الباذنجان (eggplant),eggplant,الباذنجان (eggplant),dairy,أسواق التميمي,أسواق التميمي,,أسواق التميمي,المعذر,بلدية,بلدية المعذر,False,True,خمائر,الخمائر والاعفان,1,,الخمائر والاعفان,False,indicator_only,,1,False
Data 2025.xlsx,1868,2025-03-04,2025-03,2025-W10,1,1,UU-pe-1053-R01,UU-pe-1053-R01,فلفل كرز احمر بالجبن,الفلفل (peppers),peppers,الفلفل (peppers),produce,أسواق التميمي,أسواق التميمي,,أسواق التميمي,المعذر,بلدية,بلدية المعذر,True,False,لا يوجد,,0,,,False,none,,0,False
Data 2025.xlsx,1874,2025-03-04,2025-03,2025-W10,1,1,UU-pe-1054-R01,UU-pe-1054-R01,معجون فلفل حار,الفلفل (peppers),peppers,الفلفل (peppers),produce,أسواق التميمي,أسواق التميمي,,أسواق التميمي,المعذر,بلدية,بلدية المعذر,False,True,العد الكلي للبكتيريا,العد الكلي للبكتيريا,1,,العد الكلي للبكتيريا,False,indicator_only,,3,True
Data 2025.xlsx,1890,2025-03-04,2025-03,2025-W10,1,1,appe-0321-r01,Appe-0321-R01,حمص,مقبلات (Appetizers),Appetizers,مقبلات (Appetizers),prepared_meal,أسواق التميمي,أسواق التميمي,,أسواق التميمي,المعذر,بلدية,بلدية المعذر,False,True,العد الكلي للبكتيريا,العد الكلي للبكتيريا,1,,العد الكلي للبكتيريا,False,indicator_only,,6,True
Data 2025.xlsx,1891,2025-03-04,2025-03,2025-W10,1,1,appe-0322-r01,Appe-0322-R01,حمص شمندر,مقبلات (Appetizers),Appetizers,مقبلات (Appetizers),prepared_meal,أسواق التميمي,أسواق التميمي,,أسواق التميمي,المعذر,بلدية,بلدية المعذر,False,True,العد الكلي للبكتيريا,العد الكلي للبكتيريا,1,,العد الكلي للبكتيريا,False,indicator_only,,7,True
Data 2025.xlsx,1892,2025-03-04,2025-03,2025-W10,1,1,appe-0323-r01,Appe-0323-R01,فاصوليا سوداء مع الذرة,مقبلات (Appetizers),Appetizers,مقبلات (Appetizers),prepared_meal,أسواق التميمي,أسواق التميمي,,أسواق التميمي,المعذر,بلدية,بلدية المعذر,True,False,لا يوجد,,0,,,False,none,,7,True
Data 2025.xlsx,1893,2025-03-04,2025-03,2025-W10,1,1,appe-0324-r01,Appe-0324-R01,بابا غنوج,مقبلات (Appetizers),Appetizers,مقبلات (Appetizers),prepared_meal,أسواق التميمي,أسواق التميمي,,أسواق التميمي,المعذر,بلدية,بلدية المعذر,True,False,لا يوجد,,0,,,False,none,,7,True
Data 2025.xlsx,1876,2025-03-04,2025-03,2025-W10,1,1,bri-0277-r01,bri-0277-R01,ماسترو كرات لبنة حبة البركة,لبنة ( brick),brick,لبنة ( brick),dairy,أسواق التميمي,أسواق التميمي,,أسواق التميمي,المعذر,بلدية,بلدية المعذر,True,False,لا يوجد,,0,,,False,none,,3,True
Data 2025.xlsx,1877,2025-03-04,2025-03,2025-W10,1,1,bri-0278-r01,bri-0278-R01,لبنة الزعتر,لبنة ( brick),brick,لبنة ( brick),dairy,أسواق التميمي,أسواق التميمي,,أسواق التميمي,المعذر,بلدية,بلدية المعذر,False,True,الخمائر والاعفان,الخمائر والاعفان,1,,الخمائر والاعفان,False,indicator_only,,4,True
Data 2025.xlsx,1875,2025-03-04,2025-03,2025-W10,1,1,chee-0679-r01,Chee-0679-R01,مش مصري,(cheese) جبنة,cheese,(cheese) جبنة,dairy,أسواق التميمي,أسواق التميمي,,أسواق التميمي,المعذر,بلدية,بلدية المعذر,True,False,لا يوجد,,0,,,False,none,,3,True
Data 2025.xlsx,1904,2025-03-04,2025-03,2025-W10,1,1,coff-0640-r01,Coff-0640-R01,قهوة باردة (مشروب),القهوة ومشتقاتها (Coffee and derivatives),Coffee and derivatives,القهوة ومشتقاتها (Coffee and derivatives),beverage,كرسبي كريم,كرسبي كريم,,كرسبي كريم,المعذر,بلدية,بلدية المعذر,True,False,لا يوجد,,0,,,False,none,,0,False
Data 2025.xlsx,1863,2025-03-04,2025-03,2025-W10,1,1,kib-0015-r01,Kib-0015-R01,كبيبة ديك رومي مع خضار,(Kibbeh) كبه,Kibbeh,(Kibbeh) كبه,prepared_meal,أسواق التميمي,أسواق التميمي,,أسواق التميمي,المعذر,بلدية,بلدية المعذر,True,False,لا يوجد,,0,,,False,none,,0,False
Data 2025.xlsx,1864,2025-03-04,2025-03,2025-W10,1,1,kib-0016-r01,Kib-0016-R01,كبيبة ديك رومي مع شيدر,(Kibbeh) كبه,Kibbeh,(Kibbeh) كبه,prepared_meal,أسواق التميمي,أسواق التميمي,,أسواق التميمي,المعذر,بلدية,بلدية المعذر,True,False,لا يوجد,,0,,,False,none,,0,False
Data 2025.xlsx,1869,2025-03-04,2025-03,2025-W10,1,1,olv-0428-r01,olv-0428-R01,زيتون اخضر,الزيتون /Olive,Olive,الزيتون /Olive,produce,أسواق التميمي,أسواق التميمي,,أسواق التميمي,المعذر,بلدية,بلدية المعذر,True,False,لا يوجد,,0,,,False,none,,0,False
Data 2025.xlsx,1865,2025-03-04,2025-03,2025-W10,1,1,pick-0338-r01,Pick-0338-R01,مخلل خيار,المخلل (Pickle),Pickle,المخلل (Pickle),sauce_condiment,أسواق التميمي,أسواق التميمي,,أسواق التميمي,المعذر,بلدية,بلدية المعذر,True,False,لا يوجد,,0,,,False,none,,0,False
Data 2025.xlsx,1867,2025-03-04,2025-03,2025-W10,1,1,pick-0339-r01,Pick-0339-R01,مخلل خيار صغير,المخلل (Pickle),Pickle,المخلل (Pickle),sauce_condiment,أسواق التميمي,أسواق التميمي,,أسواق التميمي,المعذر,بلدية,بلدية المعذر,True,False,لا يوجد,,0,,,False,none,,0,False
Data 2025.xlsx,1871,2025-03-04,2025-03,2025-W10,1,1,sal-1140-r01,Sal-1140-R01,سلطة مرتديلا مكس بقري مع دجاج,السلطة(Salad),Salad,السلطة(Salad),produce,أسواق التميمي,أسواق التميمي,,أسواق التميمي,المعذر,بلدية,بلدية المعذر,False,True,العد الكلي للبكتيريا,العد الكلي للبكتيريا,1,,العد الكلي للبكتيريا,False,indicator_only,,2,True
Data 2025.xlsx,1872,2025-03-04,2025-03,2025-W10,1,1,sal-1141-r01,Sal-1141-R01,سلطة متبل حار,السلطة(Salad),Salad,السلطة(Salad),produce,أسواق التميمي,أسواق التميمي,,أسواق التميمي,المعذر,بلدية,بلدية المعذر,True,False,لا يوجد,,0,,,False,none,,2,True
Data 2025.xlsx,1873,2025-03-04,2025-03,2025-W10,1,1,sal-1142-r01,Sal-1142-R01,سلطة تونة بالشطة,السلطة(Salad),Salad,السلطة(Salad),produce,أسواق التميمي,أسواق التميمي,,أسواق التميمي,المعذر,بلدية,بلدية المعذر,True,False,لا يوجد,,0,,,False,none,,2,True
Data 2025.xlsx,1905,2025-03-04,2025-03,2025-W10,1,1,sau-1224-r01,sau-1224-R01,صوص روز بيري,صوص (sauce),sauce,صوص (sauce),sauce_condiment,كرسبي كريم,كرسبي كريم,,كرسبي كريم,المعذر,بلدية,بلدية المعذر,True,False,لا يوجد,,0,,,False,none,,0,False
Data 2025.xlsx,1906,2025-03-04,2025-03,2025-W10,1,1,sau-1225-r01,sau-1225-R01,صوص كراميل,صوص (sauce),sauce,صوص (sauce),sauce_condiment,كرسبي كريم,كرسبي كريم,,كرسبي كريم,المعذر,بلدية,بلدية المعذر,True,False,لا يوجد,,0,,,False,none,,0,False
Data 2025.xlsx,1907,2025-03-04,2025-03,2025-W10,1,1,sau-1226-r01,sau-1226-R01,صوص بستاشيو,صوص (sauce),sauce,صوص (sauce),sauce_condiment,كرسبي كريم,كرسبي كريم,,كرسبي كريم,المعذر,بلدية,بلدية المعذر,True,False,لا يوجد,,0,,,False,none,,0,False
Data 2025.xlsx,1878,2025-03-04,2025-03,2025-W10,1,1,sw-2538-r01,sw-2538-R01,مسحة سخان معجنات,(Swabs) المسحات,Swabs,(Swabs) المسحات,swab,أسواق التميمي,أسواق التميمي,,أسواق التميمي,المعذر,بلدية,بلدية المعذر,True,False,لا يوجد,,0,,,False,none,,4,True
Data 2025.xlsx,1879,2025-03-04,2025-03,2025-W10,1,1,sw-2539-r01,sw-2539-R01,مسحة ثلاجة,(Swabs) المسحات,Swabs,(Swabs) المسحات,swab,أسواق التميمي,أسواق التميمي,,أسواق التميمي,المعذر,بلدية,بلدية المعذر,True,False,لا يوجد,,0,,,False,none,,4,True
Data 2025.xlsx,1880,2025-03-04,2025-03,2025-W10,1,1,sw-2540-r01,sw-2540-R01,مسحة ثلاجة,(Swabs) المسحات,Swabs,(Swabs) المسحات,swab,أسواق التميمي,أسواق التميمي,,أسواق التميمي,المعذر,بلدية,بلدية المعذر,True,False,لا يوجد,,0,,,False,none,,4,True
Data 2025.xlsx,1881,2025-03-04,2025-03,2025-W10,1,1,sw-2541-r01,sw-2541-R01,مسحة ثلاجة,(Swabs) المسحات,Swabs,(Swabs) المسحات,swab,أسواق التميمي,أسواق التميمي,,أسواق التميمي,المعذر,بلدية,بلدية المعذر,True,False,لا يوجد,,0,,,False,none,,4,True
Data 2025.xlsx,1882,2025-03-04,2025-03,2025-W10,1,1,sw-2542-r01,sw-2542-R01,مسحة ثلاجة,(Swabs) المسحات,Swabs,(Swabs) المسحات,swab,أسواق التميمي,أسواق التميمي,,أسواق التميمي,المعذر,بلدية,بلدية المعذر,True,False,لا يوجد,,0,,,False,none,,4,True
Data 2025.xlsx,1883,2025-03-04,2025-03,2025-W10,1,1,sw-2543-r01,sw-2543-R01,مسحة ثلاجة,(Swabs) المسحات,Swabs,(Swabs) المسحات,swab,أسواق التميمي,أسواق التميمي,,أسواق التميمي,المعذر,بلدية,بلدية المعذر,True,False,لا يوجد,,0,,,False,none,,4,True
Data 2025.xlsx,1884,2025-03-04,2025-03,2025-W10,1,1,sw-2544-r01,sw-2544-R01,مسحة ثلاجة,(Swabs) المسحات,Swabs,(Swabs) المسحات,swab,أسواق التميمي,أسواق التميمي,,أسواق التميمي,المعذر,بلدية,بلدية المعذر,True,False,لا يوجد,,0,,,False,none,,4,True
Data 2025.xlsx,1885,2025-03-04,2025-03,2025-W10,1,1,sw-2545-r01,sw-2545-R01,مسحة ثلاجة,(Swabs) المسحات,Swabs,(Swabs) المسحات,swab,أسواق التميمي,أسواق التميمي,,أسواق التميمي,المعذر,بلدية,بلدية المعذر,True,False,لا يوجد,,0,,,False,none,,4,True
Data 2025.xlsx,1886,2025-03-04,2025-03,2025-W10,1,1,sw-2546-r01,sw-2546-R01,مسحة ثلاجة,(Swabs) المسحات,Swabs,(Swabs) المسحات,swab,أسواق التميمي,أسواق التميمي,,أسواق التميمي,المعذر,بلدية,بلدية المعذر,True,False,لا يوجد,,0,,,False,none,,4,True
Data 2025.xlsx,1887,2025-03-04,2025-03,2025-W10,1,1,sw-2547-r01,sw-2547-R01,مسحة قطاعة جبنة,(Swabs) المسحات,Swabs,(Swabs) المسحات,swab,أسواق التميمي,أسواق التميمي,,أسواق التميمي,المعذر,بلدية,بلدية المعذر,True,False,لا يوجد,,0,,,False,none,,4,True
Data 2025.xlsx,1888,2025-03-04,2025-03,2025-W10,1,1,sw-2548-r01,sw-2548-R01,مسحة قطاعة مرتديلا,(Swabs) المسحات,Swabs,(Swabs) المسحات,swab,أسواق التميمي,أسواق التميمي,,أسواق التميمي,المعذر,بلدية,بلدية المعذر,False,True,العد الكلي للبكتيريا,العد الكلي للبكتيريا,1,,العد الكلي للبكتيريا,False,indicator_only,,5,True
Data 2025.xlsx,1889,2025-03-04,2025-03,2025-W10,1,1,sw-2549-r01,sw-2549-R01,مسحة ثلاجة مرتديلا,(Swabs) المسحات,Swabs,(Swabs) المسحات,swab,أسواق التميمي,أسواق التميمي,,أسواق التميمي,المعذر,بلدية,بلدية المعذر,True,False,لا يوجد,,0,,,False,none,,5,True
Data 2025.xlsx,1902,2025-03-04,2025-03,2025-W10,1,1,sw-2550-r01,sw-2550-R01,مسحة حافظة دونت,(Swabs) المسحات,Swabs,(Swabs) المسحات,swab,كرسبي كريم,كرسبي كريم,,كرسبي كريم,المعذر,بلدية,بلدية المعذر,True,False,لا يوجد,,0,,,False,none,,0,False
Data 2025.xlsx,1903,2025-03-04,2025-03,2025-W10,1,1,sw-2551-r01,sw-2551-R01,مسحة حافظة دونت,(Swabs) المسحات,Swabs,(Swabs) المسحات,swab,كرسبي كريم,كرسبي كريم,,كرسبي كريم,المعذر,بلدية,بلدية المعذر,True,False,لا يوجد,,0,,,False,none,,0,False
Data 2025.xlsx,1894,2025-03-04,2025-03,2025-W10,1,1,sweet-0827-r01,sweet-0827-R01,تشوروز,الحلا(sweetness),sweetness,الحلا(sweetness),sweets_bakery,كرسبي كريم,كرسبي كريم,,كرسبي كريم,المعذر,بلدية,بلدية المعذر,True,False,لا يوجد,,0,,,False,none,,0,False
Data 2025.xlsx,1895,2025-03-04,2025-03,2025-W10,1,1,sweet-0828-r01,sweet-0828-R01,تشيز كيك,الحلا(sweetness),sweetness,الحلا(sweetness),sweets_bakery,كرسبي كريم,كرسبي كريم,,كرسبي كريم,المعذر,بلدية,بلدية المعذر,True,False,لا يوجد,,0,,,False,none,,0,False
Data 2025.xlsx,1896,2025-03-04,2025-03,2025-W10,1,1,sweet-0829-r01,sweet-0829-R01,كنافة ليالي,الحلا(sweetness),sweetness,الحلا(sweetness),sweets_bakery,كرسبي كريم,كرسبي كريم,,كرسبي كريم,المعذر,بلدية,بلدية المعذر,True,False,لا يوجد,,0,,,False,none,,0,False
Data 2025.xlsx,1897,2025-03-04,2025-03,2025-W10,1,1,sweet-0830-r01,sweet-0830-R01,ميني متنوعة,الحلا(sweetness),sweetness,الحلا(sweetness),sweets_bakery,كرسبي كريم,كرسبي كريم,,كرسبي كريم,المعذر,بلدية,بلدية المعذر,True,False,لا يوجد,,0,,,False,none,,0,False
Data 2025.xlsx,1898,2025-03-04,2025-03,2025-W10,1,1,sweet-0831-r01,sweet-0831-R01,دونت كلاسيك,الحلا(sweetness),sweetness,الحلا(sweetness),sweets_bakery,كرسبي كريم,كرسبي كريم,,كرسبي كريم,المعذر,بلدية,بلدية المعذر,True,False,لا يوجد,,0,,,False,none,,0,False
Data 2025.xlsx,1899,2025-03-04,2025-03,2025-W10,1,1,sweet-0832-r01,sweet-0832-R01,دونت بستاشو,الحلا(sweetness),sweetness,الحلا(sweetness),sweets_bakery,كرسبي كريم,كرسبي كريم,,كرسبي كريم,المعذر,بلدية,بلدية المعذر,True,False,لا يوجد,,0,,,False,none,,0,False
Data 2025.xlsx,1900,2025-03-04,2025-03,2025-W10,1,1,sweet-0833-r01,sweet-0833-R01,ماليبو بارتي دونات,الحلا(sweetness),sweetness,الحلا(sweetness),sweets_bakery,كرسبي كريم,كرسبي كريم,,كرسبي كريم,المعذر,بلدية,بلدية المعذر,True,False,لا يوجد,,0,,,False,none,,0,False
Data 2025.xlsx,1901,2025-03-04,2025-03,2025-W10,1,1,sweet-0834-r01,sweet-0834-R01,رد فلفت,الحلا(sweetness),sweetness,الحلا(sweetness),sweets_bakery,كرسبي كريم,كرسبي كريم,,كرسبي كريم,المعذر,بلدية,بلدية المعذر,True,False,لا يوجد,,0,,,False,none,,0,False
Data 2025.xlsx,3860,2025-03-05,2025-03,2025-W10,1,2,1-2970-R01,1-2970-R01,بف لحم,معجنات (pastries),pastries,معجنات (pastries),sweets_bakery,مطعم الفتح حي الشهداء,مطعم الفتح حي الشهداء,,مطعم الفتح حي الشهداء,الروضة,بلدية,بلدية الروضة,True,False,لا يوجد,,0,,,False,none,,1,False
Data 2025.xlsx,3861,2025-03-05,2025-03,2025-W10,1,2,1-2971-R01,1-2971-R01,رز كابلي,الارز ( rice),rice,الارز ( rice),prepared_meal,مطعم الفتح حي الشهداء,مطعم الفتح حي الشهداء,,مطعم الفتح حي الشهداء,الروضة,بلدية,بلدية الروضة,True,False,لا يوجد,,0,,,False,none,,1,False
Data 2025.xlsx,3862,2025-03-05,2025-03,2025-W10,1,2,1-2972-R01,1-2972-R01,مكرونة,(macaroni) مكرونة,macaroni,(macaroni) مكرونة,prepared_meal,مطعم الفتح حي الشهداء,مطعم الفتح حي الشهداء,,مطعم الفتح حي الشهداء,الروضة,بلدية,بلدية الروضة,True,False,لا يوجد,,0,,,False,none,,1,False
Data 2025.xlsx,3889,2025-03-05,2025-03,2025-W10,1,2,1-2973-R01,1-2973-R01,كشنة,(kashana) كشنة,kashana,(kashana) كشنة,prepared_meal,مؤسسة مقلوبة لتقديم الوجبات حي الشهداء,مؤسسة مقلوبة لتقديم الوجبات حي الشهداء,,مؤسسة مقلوبة لتقديم الوجبات حي الشهداء,الروضة,بلدية,بلدية الروضة,True,False,لا يوجد,,0,,,False,none,,3,True
Data 2025.xlsx,3847,2025-03-05,2025-03,2025-W10,1,2,OO-OSS-po-0372-R01,OO-OSS-po-0372-R01,بطاطس مقلي حار,البطاطس (potatoes),potatoes,البطاطس (potatoes),produce,شركة الحمراء البخاري حي الشهداء,شركة الحمراء البخاري حي الشهداء,,شركة الحمراء البخاري حي الشهداء,الروضة,بلدية,بلدية الروضة,True,False,لا يوجد,,0,,,False,none,,1,False
Data 2025.xlsx,3831,2025-03-05,2025-03,2025-W10,1,2,appe-0438-r01,Appe-0438-R01,تبولة,مقبلات (Appetizers),Appetizers,مقبلات (Appetizers),prepared_meal,شركة الحمراء البخاري حي الشهداء,شركة الحمراء البخاري حي الشهداء,,شركة الحمراء البخاري حي الشهداء,الروضة,بلدية,بلدية الروضة,True,False,لا يوجد,,0,,,False,none,,0,False
Data 2025.xlsx,3832,2025-03-05,2025-03,2025-W10,1,2,appe-0439-r01,Appe-0439-R01,متبل,مقبلات (Appetizers),Appetizers,مقبلات (Appetizers),prepared_meal,شركة الحمراء البخاري حي الشهداء,شركة الحمراء البخاري حي الشهداء,,شركة الحمراء البخاري حي الشهداء,الروضة,بلدية,بلدية الروضة,True,False,لا يوجد,,0,,,False,none,,0,False
Data 2025.xlsx,3833,2025-03-05,2025-03,2025-W10,1,2,appe-0440-r01,Appe-0440-R01,حمص,مقبلات (Appetizers),Appetizers,مقبلات (Appetizers),prepared_meal,شركة الحمراء البخاري حي الشهداء,شركة الحمراء البخاري حي الشهداء,,شركة الحمراء البخاري حي الشهداء,الروضة,بلدية,بلدية الروضة,True,False,لا يوجد,,0,,,False,none,,0,False
Data 2025.xlsx,3877,2025-03-05,2025-03,2025-W10,1,2,appe-0441-r01,Appe-0441-R01,تبولة,مقبلات (Appetizers),Appetizers,مقبلات (Appetizers),prepared_meal,مندي مجيد - حي الشهداء,مندي مجيد,حي الشهداء,مندي مجيد - حي الشهداء,الروضة,بلدية,بلدية الروضة,True,False,لا يوجد,,0,,,False,none,,3,True
Data 2025.xlsx,3848,2025-03-05,2025-03,2025-W10,1,2,co-0489-r01,co-0489-R01,دجاج على الفحم نص استواء,الدجاج المطبوخ (Cooked chicken),Cooked chicken,الدجاج المطبوخ (Cooked chicken),cooked_meat_poultry,شركة الحمراء البخاري حي الشهداء,شركة الحمراء البخاري حي الشهداء,,شركة الحمراء البخاري حي الشهداء,الروضة,بلدية,بلدية الروضة,True,False,لا يوجد,,0,,,False,none,,1,False
Data 2025.xlsx,3864,2025-03-05,2025-03,2025-W10,1,2,co-0490-r01,co-0490-R01,ايدام مختوم دجاج,الدجاج المطبوخ (Cooked chicken),Cooked chicken,الدجاج المطبوخ (Cooked chicken),cooked_meat_poultry,مطعم الفتح حي الشهداء,مطعم الفتح حي الشهداء,,مطعم الفتح حي الشهداء,الروضة,بلدية,بلدية الروضة,True,False,لا يوجد,,0,,,False,none,,1,False
Data 2025.xlsx,3891,2025-03-05,2025-03,2025-W10,1,2,co-0491-r01,co-0491-R01,دجاج مطبوخ شواية,الدجاج المطبوخ (Cooked chicken),Cooked chicken,الدجاج المطبوخ (Cooked chicken),cooked_meat_poultry,مؤسسة مقلوبة لتقديم الوجبات حي الشهداء,مؤسسة مقلوبة لتقديم الوجبات حي الشهداء,,مؤسسة مقلوبة لتقديم الوجبات حي الشهداء,الروضة,بلدية,بلدية الروضة,False,True,العد الكلي للبكتيريا,العد الكلي للبكتيريا,1,,العد الكلي للبكتيريا,False,indicator_only,,5,True
Data 2025.xlsx,3841,2025-03-05,2025-03,2025-W10,1,2,gcv-0205-r01,GCV-0205-R01,مصقع با ذنجان,الخضار المشوية و المطبوخة,,الخضار المشوية و المطبوخة,cooked_meat_poultry,شركة الحمراء البخاري حي الشهداء,شركة الحمراء البخاري حي الشهداء,,شركة الحمراء البخاري حي الشهداء,الروضة,بلدية,بلدية الروضة,True,False,لا يوجد,,0,,,False,none,,1,False
Data 2025.xlsx,3842,2025-03-05,2025-03,2025-W10,1,2,gcv-0206-r01,GCV-0206-R01,ايدام ملوخية,الخضار المشوية و المطبوخة,,الخضار المشوية و المطبوخة,cooked_meat_poultry,شركة الحمراء البخاري حي الشهداء,شركة الحمراء البخاري حي الشهداء,,شركة الحمراء البخاري حي الشهداء,الروضة,بلدية,بلدية الروضة,True,False,لا يوجد,,0,,,False,none,,1,False
Data 2025.xlsx,3843,2025-03-05,2025-03,2025-W10,1,2,gcv-0207-r01,GCV-0207-R01,ايدام بطاطس مع دجاج,الخضار المشوية و المطبوخة,,الخضار المشوية و المطبوخة,cooked_meat_poultry,شركة الحمراء البخاري حي الشهداء,شركة الحمراء البخاري حي الشهداء,,شركة الحمراء البخاري حي الشهداء,الروضة,بلدية,بلدية الروضة,True,False,لا يوجد,,0,,,False,none,,1,False
Data 2025.xlsx,3844,2025-03-05,2025-03,2025-W10,1,2,gcv-0208-r01,GCV-0208-R01,ايدام بطاطس,الخضار المشوية و المطبوخة,,الخضار المشوية و المطبوخة,cooked_meat_poultry,شركة الحمراء البخاري حي الشهداء,شركة الحمراء البخاري حي الشهداء,,شركة الحمراء البخاري حي الشهداء,الروضة,بلدية,بلدية الروضة,True,False,لا يوجد,,0,,,False,none,,1,False
Data 2025.xlsx,3845,2025-03-05,2025-03,2025-W10,1,2,gcv-0209-r01,GCV-0209-R01,ايدام بامية,الخضار المشوية و المطبوخة,,الخضار المشوية و المطبوخة,cooked_meat_poultry,شركة الحمراء البخاري حي الشهداء,شركة الحمراء البخاري حي الشهداء,,شركة الحمراء البخاري حي الشهداء,الروضة,بلدية,بلدية الروضة,True,False,لا يوجد,,0,,,False,none,,1,False
Data 2025.xlsx,3846,2025-03-05,2025-03,2025-W10,1,2,gcv-0210-r01,GCV-0210-R01,ايدام خضار مشكل,الخضار المشوية و المطبوخة,,الخضار المشوية و المطبوخة,cooked_meat_poultry,شركة الحمراء البخاري حي الشهداء,شركة الحمراء البخاري حي الشهداء,,شركة الحمراء البخاري حي الشهداء,الروضة,بلدية,بلدية الروضة,True,False,لا يوجد,,0,,,False,none,,1,False
Data 2025.xlsx,3863,2025-03-05,2025-03,2025-W10,1,2,gcv-0211-r01,GCV-0211-R01,ايدام مصقع باذنجان,الخضار المشوية و المطبوخة,,الخضار المشوية و المطبوخة,cooked_meat_poultry,مطعم الفتح حي الشهداء,مطعم الفتح حي الشهداء,,مطعم الفتح حي الشهداء,الروضة,بلدية,بلدية الروضة,True,False,لا يوجد,,0,,,False,none,,1,False
Data 2025.xlsx,3855,2025-03-05,2025-03,2025-W10,1,2,pick-0400-r01,Pick-0400-R01,مشكل مخلل,المخلل (Pickle),Pickle,المخلل (Pickle),sauce_condiment,مطعم الفتح حي الشهداء,مطعم الفتح حي الشهداء,,مطعم الفتح حي الشهداء,الروضة,بلدية,بلدية الروضة,False,True,خمائر,الخمائر والاعفان,1,,الخمائر والاعفان,False,indicator_only,,1,False
Data 2025.xlsx,3886,2025-03-05,2025-03,2025-W10,1,2,pick-0401-r01,Pick-0401-R01,مشكل مخلل,المخلل (Pickle),Pickle,المخلل (Pickle),sauce_condiment,مؤسسة مقلوبة لتقديم الوجبات حي الشهداء,مؤسسة مقلوبة لتقديم الوجبات حي الشهداء,,مؤسسة مقلوبة لتقديم الوجبات حي الشهداء,الروضة,بلدية,بلدية الروضة,True,False,لا يوجد,,0,,,False,none,,2,True
Data 2025.xlsx,3826,2025-03-05,2025-03,2025-W10,1,2,raw-0150-r01,Raw-0150-R01,لحم كتف عجل هندي,لحوم نيئة مبردة ومجمدة (Raw meat Cold or chilled ),Raw meat Cold or chilled,لحوم نيئة مبردة ومجمدة (Raw meat Cold or chilled ),raw_meat,مؤسسة راشد عبدالعزيز ناصر الشومر للتجارة,مؤسسة راشد عبدالعزيز ناصر الشومر للتجارة,,مؤسسة راشد عبدالعزيز ناصر الشومر للتجارة,الشمال,بلدية,بلدية الشمال,True,False,لا يوجد,,0,,,False,none,,0,False
Data 2025.xlsx,3827,2025-03-05,2025-03,2025-W10,1,2,raw-0151-r01,Raw-0151-R01,لحم كتف نيوزلندي,لحوم نيئة مبردة ومجمدة (Raw meat Cold or chilled ),Raw meat Cold or chilled,لحوم نيئة مبردة ومجمدة (Raw meat Cold or chilled ),raw_meat,مؤسسة راشد عبدالعزيز ناصر الشومر للتجارة,مؤسسة راشد عبدالعزيز ناصر الشومر للتجارة,,مؤسسة راشد عبدالعزيز ناصر الشومر للتجارة,الشمال,بلدية,بلدية الشمال,True,False,لا يوجد,,0,,,False,none,,0,False
Data 2025.xlsx,3828,2025-03-05,2025-03,2025-W10,1,2,raw-0152-r01,Raw-0152-R01,كبدة خروف نيوزنلدي من نفس الخروف,لحوم نيئة مبردة ومجمدة (Raw meat Cold or chilled ),Raw meat Cold or chilled,لحوم نيئة مبردة ومجمدة (Raw meat Cold or chilled ),raw_meat,مؤسسة راشد عبدالعزيز ناصر الشومر للتجارة,مؤسسة راشد عبدالعزيز ناصر الشومر للتجارة,,مؤسسة راشد عبدالعزيز ناصر الشومر للتجارة,الشمال,بلدية,بلدية الشمال,True,False,لا يوجد,,0,,,False,none,,0,False
Data 2025.xlsx,3829,2025-03-05,2025-03,2025-W10,1,2,sal-1295-r01,Sal-1295-R01,سلطة خضراء,السلطة(Salad),Salad,السلطة(Salad),produce,شركة الحمراء البخاري حي الشهداء,شركة الحمراء البخاري حي الشهداء,,شركة الحمراء البخاري حي الشهداء,الروضة,بلدية,بلدية الروضة,True,False,لا يوجد,,0,,,False,none,,0,False
Data 2025.xlsx,3830,2025-03-05,2025-03,2025-W10,1,2,sal-1296-r01,Sal-1296-R01,سلطة جرجير,السلطة(Salad),Salad,السلطة(Salad),produce,شركة الحمراء البخاري حي الشهداء,شركة الحمراء البخاري حي الشهداء,,شركة الحمراء البخاري حي الشهداء,الروضة,بلدية,بلدية الروضة,True,False,لا يوجد,,0,,,False,none,,0,False
Data 2025.xlsx,3834,2025-03-05,2025-03,2025-W10,1,2,sal-1297-r01,Sal-1297-R01,سلطة حارة,السلطة(Salad),Salad,السلطة(Salad),produce,شركة الحمراء البخاري حي الشهداء,شركة الحمراء البخاري حي الشهداء,,شركة الحمراء البخاري حي الشهداء,الروضة,بلدية,بلدية الروضة,True,False,لا يوجد,,0,,,False,none,,0,False
Data 2025.xlsx,3835,2025-03-05,2025-03,2025-W10,1,2,sal-1298-r01,Sal-1298-R01,سلطة بصل و طماطم,السلطة(Salad),Salad,السلطة(Salad),produce,شركة الحمراء البخاري حي الشهداء,شركة الحمراء البخاري حي الشهداء,,شركة الحمراء البخاري حي الشهداء,الروضة,بلدية,بلدية الروضة,True,False,لا يوجد,,0,,,False,none,,0,False
Data 2025.xlsx,3836,2025-03-05,2025-03,2025-W10,1,2,sal-1299-r01,Sal-1299-R01,سلطة خيار لبن,السلطة(Salad),Salad,السلطة(Salad),produce,شركة الحمراء البخاري حي الشهداء,شركة الحمراء البخاري حي الشهداء,,شركة الحمراء البخاري حي الشهداء,الروضة,بلدية,بلدية الروضة,True,False,لا يوجد,,0,,,False,none,,0,False
Data 2025.xlsx,3840,2025-03-05,2025-03,2025-W10,1,2,sal-1300-r01,Sal-1300-R01,سلطة بصل مع ليمون,السلطة(Salad),Salad,السلطة(Salad),produce,شركة الحمراء البخاري حي الشهداء,شركة الحمراء البخاري حي الشهداء,,شركة الحمراء البخاري حي الشهداء,الروضة,بلدية,بلدية الروضة,True,False,لا يوجد,,0,,,False,none,,1,False
Data 2025.xlsx,3851,2025-03-05,2025-03,2025-W10,1,2,sal-1301-r01,Sal-1301-R01,سلطة حارة,السلطة(Salad),Salad,السلطة(Salad),produce,مطعم الفتح حي الشهداء,مطعم الفتح حي الشهداء,,مطعم الفتح حي الشهداء,الروضة,بلدية,بلدية الروضة,True,False,لا يوجد,,0,,,False,none,,0,False
Data 2025.xlsx,3852,2025-03-05,2025-03,2025-W10,1,2,sal-1302-r01,Sal-1302-R01,سلطة خيار بالبن,السلطة(Salad),Salad,السلطة(Salad),produce,مطعم الفتح حي الشهداء,مطعم الفتح حي الشهداء,,مطعم الفتح حي الشهداء,الروضة,بلدية,بلدية الروضة,True,False,لا يوجد,,0,,,False,none,,0,False
Data 2025.xlsx,3853,2025-03-05,2025-03,2025-W10,1,2,sal-1303-r01,Sal-1303-R01,سلطة خضراء,السلطة(Salad),Salad,السلطة(Salad),produce,مطعم الفتح حي الشهداء,مطعم الفتح حي الشهداء,,مطعم الفتح حي الشهداء,الروضة,بلدية,بلدية الروضة,True,False,لا يوجد,,0,,,False,none,,0,False
Data 2025.xlsx,3854,2025-03-05,2025-03,2025-W10,1,2,sal-1304-r01,Sal-1304-R01,سلطة لبن حار بالزبادي,السلطة(Salad),Salad,السلطة(Salad),produce,مطعم الفتح حي الشهداء,مطعم الفتح حي الشهداء,,مطعم الفتح حي الشهداء,الروضة,بلدية,بلدية الروضة,True,False,لا يوجد,,0,,,False,none,,0,False
Data 2025.xlsx,3870,2025-03-05,2025-03,2025-W10,1,2,sal-1305-r01,Sal-1305-R01,سلطة خضراء,السلطة(Salad),Salad,السلطة(Salad),produce,مندي مجيد - حي الشهداء,مندي مجيد,حي الشهداء,مندي مجيد - حي الشهداء,الروضة,بلدية,بلدية الروضة,True,False,لا يوجد,,0,,,False,none,,0,False
Data 2025.xlsx,3876,2025-03-05,2025-03,2025-W10,1,2,sal-1306-r01,Sal-1306-R01,سلطة بصل مع ليمون,السلطة(Salad),Salad,السلطة(Salad),produce,مندي مجيد - حي الشهداء,مندي مجيد,حي الشهداء,مندي مجيد - حي الشهداء,الروضة,بلدية,بلدية الروضة,True,False,لا يوجد,,0,,,False,none,,3,True
Data 2025.xlsx,3878,2025-03-05,2025-03,2025-W10,1,2,sal-1307-r01,Sal-1307-R01,سلطة سيلانترو,السلطة(Salad),Salad,السلطة(Salad),produce,مندي مجيد - حي الشهداء,مندي مجيد,حي الشهداء,مندي مجيد - حي الشهداء,الروضة,بلدية,بلدية الروضة,True,False,لا يوجد,,0,,,False,none,,3,True
Data 2025.xlsx,3879,2025-03-05,2025-03,2025-W10,1,2,sal-1308-r01,Sal-1308-R01,سلطة جرجير,السلطة(Salad),Salad,السلطة(Salad),produce,مندي مجيد - حي الشهداء,مندي مجيد,حي الشهداء,مندي مجيد - حي الشهداء,الروضة,بلدية,بلدية الروضة,True,False,لا يوجد,,0,,,False,none,,3,True
Data 2025.xlsx,3883,2025-03-05,2025-03,2025-W10,1,2,sal-1309-r01,Sal-1309-R01,سلطة خيار و زبادي,السلطة(Salad),Salad,السلطة(Salad),produce,مؤسسة مقلوبة لتقديم الوجبات حي الشهداء,مؤسسة مقلوبة لتقديم الوجبات حي الشهداء,,مؤسسة مقلوبة لتقديم الوجبات حي الشهداء,الروضة,بلدية,بلدية الروضة,True,False,لا يوجد,,0,,,False,none,,0,False
Data 2025.xlsx,3887,2025-03-05,2025-03,2025-W10,1,2,sal-1310-r01,Sal-1310-R01,سلطة خضراء,السلطة(Salad),Salad,السلطة(Salad),produce,مؤسسة مقلوبة لتقديم الوجبات حي الشهداء,مؤسسة مقلوبة لتقديم الوجبات حي الشهداء,,مؤسسة مقلوبة لتقديم الوجبات حي الشهداء,الروضة,بلدية,بلدية الروضة,True,False,لا يوجد,,0,,,False,none,,2,True
Data 2025.xlsx,3838,2025-03-05,2025-03,2025-W10,1,2,sau-1571-r01,sau-1571-R01,صوص سجنتشر,صوص (sauce),sauce,صوص (sauce),sauce_condiment,شركة الحمراء البخاري حي الشهداء,شركة الحمراء البخاري حي الشهداء,,شركة الحمراء البخاري حي الشهداء,الروضة,بلدية,بلدية الروضة,False,True,انتيروباكتريسي | ايشيريشيا كولاي | الخمائر والاعفان,انتيروباكتريسي | ايشيريشيا كولاي | الخمائر والاعفان,3,ايشيريشيا كولاي,انتيروباكتريسي | الخمائر والاعفان,True,pathogen,,1,False
Data 2025.xlsx,3869,2025-03-05,2025-03,2025-W10,1,2,sau-1572-r01,sau-1572-R01,دقوس احمر حار,صوص (sauce),sauce,صوص (sauce),sauce_condiment,مندي مجيد - حي الشهداء,مندي مجيد,حي الشهداء,مندي مجيد - حي الشهداء,الروضة,بلدية,بلدية الروضة,True,False,لا يوجد,,0,,,False,none,,0,False
Data 2025.xlsx,3871,2025-03-05,2025-03,2025-W10,1,2,sau-1573-r01,sau-1573-R01,صوص ثوم,صوص (sauce),sauce,صوص (sauce),sauce_condiment,مندي مجيد - حي الشهداء,مندي مجيد,حي الشهداء,مندي مجيد - حي الشهداء,الروضة,بلدية,بلدية الروضة,True,False,لا يوجد,,0,,,False,none,,0,False
Data 2025.xlsx,3872,2025-03-05,2025-03,2025-W10,1,2,sau-1574-r01,sau-1574-R01,صوص هندي اخضر,صوص (sauce),sauce,صوص (sauce),sauce_condiment,مندي مجيد - حي الشهداء,مندي مجيد,حي الشهداء,مندي مجيد - حي الشهداء,الروضة,بلدية,بلدية الروضة,False,True,انتيروباكتريسي | ايشيريشيا كولاي | الخمائر والاعفان,انتيروباكتريسي | ايشيريشيا كولاي | الخمائر والاعفان,3,ايشيريشيا كولاي,انتيروباكتريسي | الخمائر والاعفان,True,pathogen,,1,False
Data 2025.xlsx,3873,2025-03-05,2025-03,2025-W10,1,2,sau-1575-r01,sau-1575-R01,صوص رايتا,صوص (sauce),sauce,صوص (sauce),sauce_condiment,مندي مجيد - حي الشهداء,مندي مجيد,حي الشهداء,مندي مجيد - حي الشهداء,الروضة,بلدية,بلدية الروضة,False,True,الخمائر والاعفان,الخمائر والاعفان,1,,الخمائر والاعفان,False,indicator_only,,2,True
Data 2025.xlsx,3874,2025-03-05,2025-03,2025-W10,1,2,sau-1576-r01,sau-1576-R01,صوص باربكيو,صوص (sauce),sauce,صوص (sauce),sauce_condiment,مندي مجيد - حي الشهداء,مندي مجيد,حي الشهداء,مندي مجيد - حي الشهداء,الروضة,بلدية,بلدية الروضة,True,False,لا يوجد,,0,,,False,none,,2,True
Data 2025.xlsx,3875,2025-03-05,2025-03,2025-W10,1,2,sau-1577-r01,sau-1577-R01,صوص معبوج زبادي,صوص (sauce),sauce,صوص (sauce),sauce_condiment,مندي مجيد - حي الشهداء,مندي مجيد,حي الشهداء,مندي مجيد - حي الشهداء,الروضة,بلدية,بلدية الروضة,False,True,الخمائر والاعفان,الخمائر والاعفان,1,,الخمائر والاعفان,False,indicator_only,,3,True
Data 2025.xlsx,3884,2025-03-05,2025-03,2025-W10,1,2,sau-1578-r01,sau-1578-R01,صوص معبوج حار احمر,صوص (sauce),sauce,صوص (sauce),sauce_condiment,مؤسسة مقلوبة لتقديم الوجبات حي الشهداء,مؤسسة مقلوبة لتقديم الوجبات حي الشهداء,,مؤسسة مقلوبة لتقديم الوجبات حي الشهداء,الروضة,بلدية,بلدية الروضة,False,True,العد الكلي للبكتيريا | السالمونيلا,العد الكلي للبكتيريا | السالمونيلا,2,السالمونيلا,العد الكلي للبكتيريا,True,pathogen,,1,False
Data 2025.xlsx,3885,2025-03-05,2025-03,2025-W10,1,2,sau-1579-r01,sau-1579-R01,صوص معبوج حار اخضر,صوص (sauce),sauce,صوص (sauce),sauce_condiment,مؤسسة مقلوبة لتقديم الوجبات حي الشهداء,مؤسسة مقلوبة لتقديم الوجبات حي الشهداء,,مؤسسة مقلوبة لتقديم الوجبات حي الشهداء,الروضة,بلدية,بلدية الروضة,False,True,الخمائر والاعفان,الخمائر والاعفان,1,,الخمائر والاعفان,False,indicator_only,,2,True
Data 2025.xlsx,3890,2025-03-05,2025-03,2025-W10,1,2,sau-1580-r01,sau-1580-R01,صوص بتر,صوص (sauce),sauce,صوص (sauce),sauce_condiment,مؤسسة مقلوبة لتقديم الوجبات حي الشهداء,مؤسسة مقلوبة لتقديم الوجبات حي الشهداء,,مؤسسة مقلوبة لتقديم الوجبات حي الشهداء,الروضة,بلدية,بلدية الروضة,False,True,العد الكلي للبكتيريا | السالمونيلا,العد الكلي للبكتيريا | السالمونيلا,2,السالمونيلا,العد الكلي للبكتيريا,True,pathogen,,4,True
Data 2025.xlsx,3849,2025-03-05,2025-03,2025-W10,1,2,sw-2978-r01,sw-2978-R01,مسحة ادوات تحضير دجاج,(Swabs) المسحات,Swabs,(Swabs) المسحات,swab,شركة الحمراء البخاري حي الشهداء,شركة الحمراء البخاري حي الشهداء,,شركة الحمراء البخاري حي الشهداء,الروضة,بلدية,بلدية الروضة,True,False,لا يوجد,,0,,,False,none,,1,False
Data 2025.xlsx,3850,2025-03-05,2025-03,2025-W10,1,2,sw-2979-r01,sw-2979-R01,مسحة طاولة تقطيع خضار,(Swabs) المسحات,Swabs,(Swabs) المسحات,swab,شركة الحمراء البخاري حي الشهداء,شركة الحمراء البخاري حي الشهداء,,شركة الحمراء البخاري حي الشهداء,الروضة,بلدية,بلدية الروضة,True,False,لا يوجد,,0,,,False,none,,1,False
Data 2025.xlsx,3865,2025-03-05,2025-03,2025-W10,1,2,sw-2980-r01,sw-2980-R01,مسحة يد,(Swabs) المسحات,Swabs,(Swabs) المسحات,swab,مطعم الفتح حي الشهداء,مطعم الفتح حي الشهداء,,مطعم الفتح حي الشهداء,الروضة,بلدية,بلدية الروضة,True,False,لا يوجد,,0,,,False,none,,1,False
Data 2025.xlsx,3866,2025-03-05,2025-03,2025-W10,1,2,sw-2981-r01,sw-2981-R01,مسحة خلاطة ثوم,(Swabs) المسحات,Swabs,(Swabs) المسحات,swab,مطعم الفتح حي الشهداء,مطعم الفتح حي الشهداء,,مطعم الفتح حي الشهداء,الروضة,بلدية,بلدية الروضة,True,False,لا يوجد,,0,,,False,none,,1,False
Data 2025.xlsx,3867,2025-03-05,2025-03,2025-W10,1,2,sw-2982-r01,sw-2982-R01,مسحة فرامة طماطم,(Swabs) المسحات,Swabs,(Swabs) المسحات,swab,مطعم الفتح حي الشهداء,مطعم الفتح حي الشهداء,,مطعم الفتح حي الشهداء,الروضة,بلدية,بلدية الروضة,True,False,لا يوجد,,0,,,False,none,,1,False
Data 2025.xlsx,3868,2025-03-05,2025-03,2025-W10,1,2,sw-2983-r01,sw-2983-R01,مسحة طاولة تقطيع,(Swabs) المسحات,Swabs,(Swabs) المسحات,swab,مطعم الفتح حي الشهداء,مطعم الفتح حي الشهداء,,مطعم الفتح حي الشهداء,الروضة,بلدية,بلدية الروضة,True,False,لا يوجد,,0,,,False,none,,1,False
Data 2025.xlsx,3892,2025-03-05,2025-03,2025-W10,1,2,sw-2984-r01,sw-2984-R01,مسحة طاولة تقطيع خضار,(Swabs) المسحات,Swabs,(Swabs) المسحات,swab,مؤسسة مقلوبة لتقديم الوجبات حي الشهداء,مؤسسة مقلوبة لتقديم الوجبات حي الشهداء,,مؤسسة مقلوبة لتقديم الوجبات حي الشهداء,الروضة,بلدية,بلدية الروضة,True,False,لا يوجد,,0,,,False,none,,5,True
Data 2025.xlsx,3893,2025-03-05,2025-03,2025-W10,1,2,sw-2985-r01,sw-2985-R01,مسحة سخان دجاج,(Swabs) المسحات,Swabs,(Swabs) المسحات,swab,مؤسسة مقلوبة لتقديم الوجبات حي الشهداء,مؤسسة مقلوبة لتقديم الوجبات حي الشهداء,,مؤسسة مقلوبة لتقديم الوجبات حي الشهداء,الروضة,بلدية,بلدية الروضة,True,False,لا يوجد,,0,,,False,none,,5,True
Data 2025.xlsx,3837,2025-03-05,2025-03,2025-W10,1,2,sweet-0978-r01,sweet-0978-R01,رز بالحليب,الحلا(sweetness),sweetness,الحلا(sweetness),sweets_bakery,شركة الحمراء البخاري حي الشهداء,شركة الحمراء البخاري حي الشهداء,,شركة الحمراء البخاري حي الشهداء,الروضة,بلدية,بلدية الروضة,True,False,لا يوجد,,0,,,False,none,,0,False
Data 2025.xlsx,3839,2025-03-05,2025-03,2025-W10,1,2,sweet-0979-r01,sweet-0979-R01,مهلبية,الحلا(sweetness),sweetness,الحلا(sweetness),sweets_bakery,شركة الحمراء البخاري حي الشهداء,شركة الحمراء البخاري حي الشهداء,,شركة الحمراء البخاري حي الشهداء,الروضة,بلدية,بلدية الروضة,True,False,لا يوجد,,0,,,False,none,,1,False
Data 2025.xlsx,3856,2025-03-05,2025-03,2025-W10,1,2,sweet-0980-r01,sweet-0980-R01,كستر,الحلا(sweetness),sweetness,الحلا(sweetness),sweets_bakery,مطعم الفتح حي الشهداء,مطعم الفتح حي الشهداء,,مطعم الفتح حي الشهداء,الروضة,بلدية,بلدية الروضة,True,False,لا يوجد,,0,,,False,none,,1,False
Data 2025.xlsx,3857,2025-03-05,2025-03,2025-W10,1,2,sweet-0981-r01,sweet-0981-R01,مهلبية,الحلا(sweetness),sweetness,الحلا(sweetness),sweets_bakery,مطعم الفتح حي الشهداء,مطعم الفتح حي الشهداء,,مطعم الفتح حي الشهداء,الروضة,بلدية,بلدية الروضة,True,False,لا يوجد,,0,,,False,none,,1,False
Data 2025.xlsx,3858,2025-03-05,2025-03,2025-W10,1,2,sweet-0982-r01,sweet-0982-R01,كريم كراميل,الحلا(sweetness),sweetness,الحلا(sweetness),sweets_bakery,مطعم الفتح حي الشهداء,مطعم الفتح حي الشهداء,,مطعم الفتح حي الشهداء,الروضة,بلدية,بلدية الروضة,True,False,لا يوجد,,0,,,False,none,,1,False
Data 2025.xlsx,3859,2025-03-05,2025-03,2025-W10,1,2,sweet-0983-r01,sweet-0983-R01,بلح الشام,الحلا(sweetness),sweetness,الحلا(sweetness),sweets_bakery,مطعم الفتح حي الشهداء,مطعم الفتح حي الشهداء,,مطعم الفتح حي الشهداء,الروضة,بلدية,بلدية الروضة,True,False,لا يوجد,,0,,,False,none,,1,False
Data 2025.xlsx,3880,2025-03-05,2025-03,2025-W10,1,2,sweet-0984-r01,sweet-0984-R01,حلا الشيف,الحلا(sweetness),sweetness,الحلا(sweetness),sweets_bakery,مندي مجيد - حي الشهداء,مندي مجيد,حي الشهداء,مندي مجيد - حي الشهداء,الروضة,بلدية,بلدية الروضة,True,False,لا يوجد,,0,,,False,none,,3,True
Data 2025.xlsx,3881,2025-03-05,2025-03,2025-W10,1,2,sweet-0985-r01,sweet-0985-R01,حلا مانجا ترفل,الحلا(sweetness),sweetness,الحلا(sweetness),sweets_bakery,مندي مجيد - حي الشهداء,مندي مجيد,حي الشهداء,مندي مجيد - حي الشهداء,الروضة,بلدية,بلدية الروضة,True,False,لا يوجد,,0,,,False,none,,3,True
Data 2025.xlsx,3882,2025-03-05,2025-03,2025-W10,1,2,sweet-0986-r01,sweet-0986-R01,حلا كريمة,الحلا(sweetness),sweetness,الحلا(sweetness),sweets_bakery,مندي مجيد - حي الشهداء,مندي مجيد,حي الشهداء,مندي مجيد - حي الشهداء,الروضة,بلدية,بلدية الروضة,True,False,لا يوجد,,0,,,False,none,,3,True
Data 2025.xlsx,3894,2025-03-05,2025-03,2025-W10,1,2,ubot-0958-r01,Ubot-0958-R01,مياه فلتر للطبخ,المياه الغير معبأة (Unbottled water),Unbottled water,المياه الغير معبأة (Unbottled water),water,شركة الحمراء البخاري حي الشهداء,شركة الحمراء البخاري حي الشهداء,,شركة الحمراء البخاري حي الشهداء,الروضة,بلدية,بلدية الروضة,True,False,لا يوجد,,0,,,False,none,,1,False
Data 2025.xlsx,3895,2025-03-05,2025-03,2025-W10,1,2,ubot-0959-r01,Ubot-0959-R01,مياه حنفية لغسيل الادوات,المياه الغير معبأة (Unbottled water),Unbottled water,المياه الغير معبأة (Unbottled water),water,مؤسسة راشد عبدالعزيز ناصر الشومر للتجارة,مؤسسة راشد عبدالعزيز ناصر الشومر للتجارة,,مؤسسة راشد عبدالعزيز ناصر الشومر للتجارة,الشمال,بلدية,بلدية الشمال,True,False,لا يوجد,,0,,,False,none,,0,False
Data 2025.xlsx,3888,2025-03-05,2025-03,2025-W10,1,2,yog-0004-r01,yog-0004-R01,لبن عيران,اللبان (yogurt),yogurt,اللبان (yogurt),dairy,مؤسسة مقلوبة لتقديم الوجبات حي الشهداء,مؤسسة مقلوبة لتقديم الوجبات حي الشهداء,,مؤسسة مقلوبة لتقديم الوجبات حي الشهداء,الروضة,بلدية,بلدية الروضة,False,True,الخمائر والاعفان,الخمائر والاعفان,1,,الخمائر والاعفان,False,indicator_only,,3,True
Data 2025.xlsx,1915,2025-03-08,2025-03,2025-W10,1,5,1-2835-R01,1-2835-R01,شيرة نابلسي,(Shira) شيرة,Shira,(Shira) شيرة,other,كنافة فاكتوري,كنافة فاكتوري,,كنافة فاكتوري,العليا,بلدية,بلدية العليا,True,False,لا يوجد,,0,,,False,none,sample_type_unbucketed,1,False
Data 2025.xlsx,1917,2025-03-08,2025-03,2025-W10,1,5,1-2836-R01,1-2836-R01,نكهة الباشون,نكهات مركزة ( Syrup ),Syrup,نكهات مركزة ( Syrup ),sauce_condiment,كنافة فاكتوري,كنافة فاكتوري,,كنافة فاكتوري,العليا,بلدية,بلدية العليا,True,False,لا يوجد,,0,,,False,none,,1,False
Data 2025.xlsx,1918,2025-03-08,2025-03,2025-W10,1,5,1-2837-R01,1-2837-R01,نكهة لي بلو,نكهات مركزة ( Syrup ),Syrup,نكهات مركزة ( Syrup ),sauce_condiment,كنافة فاكتوري,كنافة فاكتوري,,كنافة فاكتوري,العليا,بلدية,بلدية العليا,True,False,لا يوجد,,0,,,False,none,,1,False
Data 2025.xlsx,1919,2025-03-08,2025-03,2025-W10,1,5,1-2838-R01,1-2838-R01,نكهة الورد,نكهات مركزة ( Syrup ),Syrup,نكهات مركزة ( Syrup ),sauce_condiment,كنافة فاكتوري,كنافة فاكتوري,,كنافة فاكتوري,العليا,بلدية,بلدية العليا,True,False,لا يوجد,,0,,,False,none,,1,False
Data 2025.xlsx,7050,2025-03-08,2025-03,2025-W10,1,5,1-3319-R01,1-3319-R01 ,كروسان فيتا دانش,نكهات مركزة ( Syrup ),Syrup,نكهات مركزة ( Syrup ),sauce_condiment,سرب قهوة مختصة - حي المونسية,سرب قهوة مختصة,حي المونسية,سرب قهوة مختصة - حي المونسية,الروضة,بلدية,بلدية الروضة,True,False,لا يوجد,,0,,,False,none,,0,False
Data 2025.xlsx,7051,2025-03-08,2025-03,2025-W10,1,5,1-3320-R01,1-3320-R01 ,كروسان فراولة دانش,كروسان (croissant),croissant,كروسان (croissant),sweets_bakery,سرب قهوة مختصة - حي المونسية,سرب قهوة مختصة,حي المونسية,سرب قهوة مختصة - حي المونسية,الروضة,بلدية,بلدية الروضة,False,True,استافيلوكوكس اورياس | باسيلس سيريس,استافيلوكوكس اورياس | باسيلس سيريس,2,استافيلوكوكس اورياس | باسيلس سيريس,,True,multi_pathogen,,1,False
Data 2025.xlsx,7052,2025-03-08,2025-03,2025-W10,1,5,1-3321-R01,1-3321-R01 ,كروسان جبنة زعتر دانش,كروسان (croissant),croissant,كروسان (croissant),sweets_bakery,سرب قهوة مختصة - حي المونسية,سرب قهوة مختصة,حي المونسية,سرب قهوة مختصة - حي المونسية,الروضة,بلدية,بلدية الروضة,True,False,لا يوجد,,0,,,False,none,,1,False
Data 2025.xlsx,7053,2025-03-08,2025-03,2025-W10,1,5,1-3322-R01,1-3322-R01 ,كروسان مرتديلا + جبنة,كروسان (croissant),croissant,كروسان (croissant),sweets_bakery,سرب قهوة مختصة - حي المونسية,سرب قهوة مختصة,حي المونسية,سرب قهوة مختصة - حي المونسية,الروضة,بلدية,بلدية الروضة,True,False,لا يوجد,,0,,,False,none,,1,False
Data 2025.xlsx,7054,2025-03-08,2025-03,2025-W10,1,5,1-3323-R01,1-3323-R01 ,كروسان زعتر,كروسان (croissant),croissant,كروسان (croissant),sweets_bakery,سرب قهوة مختصة - حي المونسية,سرب قهوة مختصة,حي المونسية,سرب قهوة مختصة - حي المونسية,الروضة,بلدية,بلدية الروضة,True,False,لا يوجد,,0,,,False,none,,1,False
Data 2025.xlsx,7055,2025-03-08,2025-03,2025-W10,1,5,1-3324-R01,1-3324-R01 ,نكهة قطب السكر,كروسان (croissant),croissant,كروسان (croissant),sweets_bakery,سرب قهوة مختصة - حي المونسية,سرب قهوة مختصة,حي المونسية,سرب قهوة مختصة - حي المونسية,الروضة,بلدية,بلدية الروضة,False,True,العد الكلي للبكتيريا,العد الكلي للبكتيريا,1,,العد الكلي للبكتيريا,False,indicator_only,,2,True
Data 2025.xlsx,7056,2025-03-08,2025-03,2025-W10,1,5,1-3325-R01,1-3325-R01 ,نكهة شاهي بنكهة الخوخ,نكهات مركزة ( Syrup ),Syrup,نكهات مركزة ( Syrup ),sauce_condiment,سرب قهوة مختصة - حي المونسية,سرب قهوة مختصة,حي المونسية,سرب قهوة مختصة - حي المونسية,الروضة,بلدية,بلدية الروضة,True,False,لا يوجد,,0,,,False,none,,2,True
Data 2025.xlsx,7057,2025-03-08,2025-03,2025-W10,1,5,1-3326-R01,1-3326-R01 ,تشيز كيك مانجو,الحلا(sweetness),sweetness,الحلا(sweetness),sweets_bakery,سرب قهوة مختصة - حي المونسية,سرب قهوة مختصة,حي المونسية,سرب قهوة مختصة - حي المونسية,الروضة,بلدية,بلدية الروضة,False,True,العد الكلي للبكتيريا,العد الكلي للبكتيريا,1,,العد الكلي للبكتيريا,False,indicator_only,,3,True
Data 2025.xlsx,7089,2025-03-08,2025-03,2025-W10,1,5,1-3327-R01,1-3327-R01 ,هلابينو,(jalapeno) هلابينو,jalapeno,(jalapeno) هلابينو,produce,شاورما اصيلة - حي قرطبة,شاورما اصيلة,حي قرطبة,شاورما اصيلة - حي قرطبة,الروضة,بلدية,بلدية الروضة,True,False,لا يوجد,,0,,,False,none,,1,False
Data 2025.xlsx,7115,2025-03-08,2025-03,2025-W10,1,5,1-3328-R01,1-3328-R01 ,زعتر,الزعتر (thyme),thyme,الزعتر (thyme),produce,فلافل الشيف - حي قرطبة,فلافل الشيف,حي قرطبة,فلافل الشيف - حي قرطبة,الروضة,بلدية,بلدية الروضة,True,False,لا يوجد,,0,,,False,none,,10,True
Data 2025.xlsx,1928,2025-03-08,2025-03,2025-W10,1,5,O-U-to-0575-R01,O-U-to-0575-R01,شرائح طماطم,الطماطم (Tomatoes),Tomatoes,الطماطم (Tomatoes),produce,فلافل ثمار,فلافل ثمار,,فلافل ثمار,العليا,بلدية,بلدية العليا,False,True,استافيلوكوكس اورياس,استافيلوكوكس اورياس,1,استافيلوكوكس اورياس,,True,pathogen,,3,True
Data 2025.xlsx,7105,2025-03-08,2025-03,2025-W10,1,5,O-U-to-0660-R01,O-U-to-0660-R01 ,شرائح طماطم,الطماطم (Tomatoes),Tomatoes,الطماطم (Tomatoes),produce,فلافل الشيف - حي قرطبة,فلافل الشيف,حي قرطبة,فلافل الشيف - حي قرطبة,الروضة,بلدية,بلدية الروضة,False,True,استافيلوكوكس اورياس,استافيلوكوكس اورياس,1,استافيلوكوكس اورياس,,True,pathogen,,3,True
Data 2025.xlsx,1926,2025-03-08,2025-03,2025-W10,1,5,O-r-O3-le-0302-R01,O-r-O3-le-0302-R01,قطع الخس,الخس (Lettuce),Lettuce,الخس (Lettuce),produce,فلافل ثمار,فلافل ثمار,,فلافل ثمار,العليا,بلدية,بلدية العليا,True,False,لا يوجد,,0,,,False,none,,2,True
Data 2025.xlsx,7103,2025-03-08,2025-03,2025-W10,1,5,O-r-O3-le-0366-R01,O-r-O3-le-0366-R01 ,خس,الخس (Lettuce),Lettuce,الخس (Lettuce),produce,فلافل الشيف - حي قرطبة,فلافل الشيف,حي قرطبة,فلافل الشيف - حي قرطبة,الروضة,بلدية,بلدية الروضة,False,True,ايشيريشيا كولاي | استافيلوكوكس اورياس,ايشيريشيا كولاي | استافيلوكوكس اورياس,2,ايشيريشيا كولاي | استافيلوكوكس اورياس,,True,multi_pathogen,,2,True
Data 2025.xlsx,1931,2025-03-08,2025-03,2025-W10,1,5,OO-OSS-po-0341-R01,OO-OSS-po-0341-R01,بطاطس (مقلي),البطاطس (potatoes),potatoes,البطاطس (potatoes),produce,فلافل ثمار,فلافل ثمار,,فلافل ثمار,العليا,بلدية,بلدية العليا,True,False,لا يوجد,,0,,,False,none,,4,True
Data 2025.xlsx,7091,2025-03-08,2025-03,2025-W10,1,5,OO-OSS-po-0425-R01,OO-OSS-po-0425-R01 ,بطاطس مقلي,البطاطس (potatoes),potatoes,البطاطس (potatoes),produce,شاورما اصيلة - حي قرطبة,شاورما اصيلة,حي قرطبة,شاورما اصيلة - حي قرطبة,الروضة,بلدية,بلدية الروضة,True,False,لا يوجد,,0,,,False,none,,1,False
Data 2025.xlsx,7099,2025-03-08,2025-03,2025-W10,1,5,OO-OSS-po-0426-R01,OO-OSS-po-0426-R01 ,بطاطس مقلي,البطاطس (potatoes),potatoes,البطاطس (potatoes),produce,فلافل الشيف - حي قرطبة,فلافل الشيف,حي قرطبة,فلافل الشيف - حي قرطبة,الروضة,بلدية,بلدية الروضة,True,False,لا يوجد,,0,,,False,none,,0,False
Data 2025.xlsx,1952,2025-03-08,2025-03,2025-W10,1,5,OO-wm-0032-R01,OO-wm-0032-R01,قطع جح,البطيخ (watermelons),watermelons,البطيخ (watermelons),water,مؤسسة ليمونة ونص لتقديم الوجبات,مؤسسة ليمونة ونص لتقديم الوجبات,,مؤسسة ليمونة ونص لتقديم الوجبات,العليا,بلدية,بلدية العليا,True,False,لا يوجد,,0,,,False,none,,0,False
Data 2025.xlsx,1953,2025-03-08,2025-03,2025-W10,1,5,OO-wm-0033-R01,OO-wm-0033-R01,قطع شمام,البطيخ (watermelons),watermelons,البطيخ (watermelons),water,مؤسسة ليمونة ونص لتقديم الوجبات,مؤسسة ليمونة ونص لتقديم الوجبات,,مؤسسة ليمونة ونص لتقديم الوجبات,العليا,بلدية,بلدية العليا,True,False,لا يوجد,,0,,,False,none,,0,False
Data 2025.xlsx,1932,2025-03-08,2025-03,2025-W10,1,5,OOSS-eg-0315-R01,OOSS-eg-0315-R01,قطع باذنجان (مقلي),الباذنجان (eggplant),eggplant,الباذنجان (eggplant),dairy,فلافل ثمار,فلافل ثمار,,فلافل ثمار,العليا,بلدية,بلدية العليا,True,False,لا يوجد,,0,,,False,none,,4,True
Data 2025.xlsx,7101,2025-03-08,2025-03,2025-W10,1,5,OOSS-eg-0363-R01,OOSS-eg-0363-R01 ,ياذنجان مقلي,الباذنجان (eggplant),eggplant,الباذنجان (eggplant),dairy,فلافل الشيف - حي قرطبة,فلافل الشيف,حي قرطبة,فلافل الشيف - حي قرطبة,الروضة,بلدية,بلدية الروضة,True,False,لا يوجد,,0,,,False,none,,0,False
Data 2025.xlsx,1951,2025-03-08,2025-03,2025-W10,1,5,OSSUOSS-pin-0004-R01,OSSUOSS-pin-0004-R01,قطع اناناس,اناناس (pineapple),pineapple,اناناس (pineapple),produce,مؤسسة ليمونة ونص لتقديم الوجبات,مؤسسة ليمونة ونص لتقديم الوجبات,,مؤسسة ليمونة ونص لتقديم الوجبات,العليا,بلدية,بلدية العليا,True,False,لا يوجد,,0,,,False,none,,0,False
Data 2025.xlsx,1925,2025-03-08,2025-03,2025-W10,1,5,OU-pa-0216-R01,OU-pa-0216-R01,قطع البقدونس,البقدونس (parsley),parsley,البقدونس (parsley),produce,فلافل ثمار,فلافل ثمار,,فلافل ثمار,العليا,بلدية,بلدية العليا,False,True,استافيلوكوكس اورياس | السالمونيلا,استافيلوكوكس اورياس | السالمونيلا,2,استافيلوكوكس اورياس | السالمونيلا,,True,multi_pathogen,,2,True
Data 2025.xlsx,7102,2025-03-08,2025-03,2025-W10,1,5,OU-pa-0253-R01,OU-pa-0253-R01 ,بقدونس,البقدونس (parsley),parsley,البقدونس (parsley),produce,فلافل الشيف - حي قرطبة,فلافل الشيف,حي قرطبة,فلافل الشيف - حي قرطبة,الروضة,بلدية,بلدية الروضة,False,True,ايشيريشيا كولاي | استافيلوكوكس اورياس,ايشيريشيا كولاي | استافيلوكوكس اورياس,2,ايشيريشيا كولاي | استافيلوكوكس اورياس,,True,multi_pathogen,,1,False
Data 2025.xlsx,1954,2025-03-08,2025-03,2025-W10,1,5,UU-ki-0125-R01,UU-ki-0125-R01,قطع كيوي,الكيوي (Kiwi),Kiwi,الكيوي (Kiwi),produce,مؤسسة ليمونة ونص لتقديم الوجبات,مؤسسة ليمونة ونص لتقديم الوجبات,,مؤسسة ليمونة ونص لتقديم الوجبات,العليا,بلدية,بلدية العليا,True,False,لا يوجد,,0,,,False,none,,0,False
Data 2025.xlsx,1934,2025-03-08,2025-03,2025-W10,1,5,appe-0325-r01,Appe-0325-R01,حمص,مقبلات (Appetizers),Appetizers,مقبلات (Appetizers),prepared_meal,فلافل ثمار,فلافل ثمار,,فلافل ثمار,العليا,بلدية,بلدية العليا,True,False,لا يوجد,,0,,,False,none,,4,True
Data 2025.xlsx,7108,2025-03-08,2025-03,2025-W10,1,5,appe-0538-r01,Appe-0538-R01 ,حمص,مقبلات (Appetizers),Appetizers,مقبلات (Appetizers),prepared_meal,فلافل الشيف - حي قرطبة,فلافل الشيف,حي قرطبة,فلافل الشيف - حي قرطبة,الروضة,بلدية,بلدية الروضة,False,True,العد الكلي للبكتيريا,العد الكلي للبكتيريا,1,,العد الكلي للبكتيريا,False,indicator_only,,6,True
Data 2025.xlsx,7090,2025-03-08,2025-03,2025-W10,1,5,br-0105-r01,Br-0105-R01 ,خبز صاج,الخبـز (Bread),Bread,الخبـز (Bread),sweets_bakery,شاورما اصيلة - حي قرطبة,شاورما اصيلة,حي قرطبة,شاورما اصيلة - حي قرطبة,الروضة,بلدية,بلدية الروضة,True,False,لا يوجد,,0,,,False,none,,1,False
Data 2025.xlsx,7109,2025-03-08,2025-03,2025-W10,1,5,chee-0806-r01,Chee-0806-R01 ,جبن سائل,(cheese) جبنة,cheese,(cheese) جبنة,dairy,فلافل الشيف - حي قرطبة,فلافل الشيف,حي قرطبة,فلافل الشيف - حي قرطبة,الروضة,بلدية,بلدية الروضة,False,True,انتيروباكتريسي,انتيروباكتريسي,1,,انتيروباكتريسي,False,indicator_only,,7,True
Data 2025.xlsx,7116,2025-03-08,2025-03,2025-W10,1,5,chee-0807-r01,Chee-0807-R01 ,جبنة شيدر مبشور,(cheese) جبنة,cheese,(cheese) جبنة,dairy,فلافل الشيف - حي قرطبة,فلافل الشيف,حي قرطبة,فلافل الشيف - حي قرطبة,الروضة,بلدية,بلدية الروضة,False,True,استافيلوكوكس اورياس,استافيلوكوكس اورياس,1,استافيلوكوكس اورياس,,True,pathogen,,11,True
Data 2025.xlsx,7117,2025-03-08,2025-03,2025-W10,1,5,chee-0808-r01,Chee-0808-R01 ,جبنة موزاريلا,(cheese) جبنة,cheese,(cheese) جبنة,dairy,فلافل الشيف - حي قرطبة,فلافل الشيف,حي قرطبة,فلافل الشيف - حي قرطبة,الروضة,بلدية,بلدية الروضة,True,False,لا يوجد,,0,,,False,none,,11,True
Data 2025.xlsx,7087,2025-03-08,2025-03,2025-W10,1,5,co-0576-r01,co-0576-R01 ,قطع شاورما دجاج,الدجاج المطبوخ (Cooked chicken),Cooked chicken,الدجاج المطبوخ (Cooked chicken),cooked_meat_poultry,شاورما اصيلة - حي قرطبة,شاورما اصيلة,حي قرطبة,شاورما اصيلة - حي قرطبة,الروضة,بلدية,بلدية الروضة,True,False,لا يوجد,,0,,,False,none,,0,False
Data 2025.xlsx,1912,2025-03-08,2025-03,2025-W10,1,5,cre-0035-r01,Cre-0035-R01,قشطة كنافة,(cream) قشطة,cream,القشطة (cream),dairy,كنافة فاكتوري,كنافة فاكتوري,,كنافة فاكتوري,العليا,بلدية,بلدية العليا,True,False,لا يوجد,,0,,,False,none,category_merged_to_canonical,0,False
Data 2025.xlsx,1941,2025-03-08,2025-03,2025-W10,1,5,eggs-0096-r01,eggs-0096-R01,بيض مسلوق,البيض ومنتجاته ( eggs and products),eggs and products,البيض ومنتجاته ( eggs and products),dairy,فلافل ثمار,فلافل ثمار,,فلافل ثمار,العليا,بلدية,بلدية العليا,False,True,انتيروباكتريسي,انتيروباكتريسي,1,,انتيروباكتريسي,False,indicator_only,,5,True
Data 2025.xlsx,7107,2025-03-08,2025-03,2025-W10,1,5,eggs-0107-r01,eggs-0107-R01 ,بيض مسلوق,البيض ومنتجاته ( eggs and products),eggs and products,البيض ومنتجاته ( eggs and products),dairy,فلافل الشيف - حي قرطبة,فلافل الشيف,حي قرطبة,فلافل الشيف - حي قرطبة,الروضة,بلدية,بلدية الروضة,False,True,انتيروباكتريسي,انتيروباكتريسي,1,,انتيروباكتريسي,False,indicator_only,,5,True
Data 2025.xlsx,1930,2025-03-08,2025-03,2025-W10,1,5,fala-0057-r01,Fala-0057-R01,فلافل,فلافل( falafil),falafil,فلافل( falafil),sweets_bakery,فلافل ثمار,فلافل ثمار,,فلافل ثمار,العليا,بلدية,بلدية العليا,True,False,لا يوجد,,0,,,False,none,,4,True
Data 2025.xlsx,7100,2025-03-08,2025-03,2025-W10,1,5,fala-0066-r01,Fala-0066-R01 ,فلافل,فلافل( falafil),falafil,فلافل( falafil),sweets_bakery,فلافل الشيف - حي قرطبة,فلافل الشيف,حي قرطبة,فلافل الشيف - حي قرطبة,الروضة,بلدية,بلدية الروضة,True,False,لا يوجد,,0,,,False,none,,0,False
Data 2025.xlsx,1933,2025-03-08,2025-03,2025-W10,1,5,gcv-0179-r01,GCV-0179-R01,زهرة (مقلي),الخضار المشوية و المطبوخة,,الخضار المشوية و المطبوخة,cooked_meat_poultry,فلافل ثمار,فلافل ثمار,,فلافل ثمار,العليا,بلدية,بلدية العليا,True,False,لا يوجد,,0,,,False,none,,4,True
Data 2025.xlsx,1914,2025-03-08,2025-03,2025-W10,1,5,ho-0215-r01,ho-0215-R01,عسل,(Honey) عسل النحل,Honey,(Honey) عسل النحل,sweets_bakery,كنافة فاكتوري,كنافة فاكتوري,,كنافة فاكتوري,العليا,بلدية,بلدية العليا,True,False,لا يوجد,,0,,,False,none,,1,False
Data 2025.xlsx,1922,2025-03-08,2025-03,2025-W10,1,5,hs-0280-r01,HS-0280-R01,شطة شامية,الشطة (Hot sauce),Hot sauce,الشطة (Hot sauce),sauce_condiment,فلافل ثمار,فلافل ثمار,,فلافل ثمار,العليا,بلدية,بلدية العليا,True,False,لا يوجد,,0,,,False,none,,1,False
Data 2025.xlsx,1924,2025-03-08,2025-03,2025-W10,1,5,hs-0281-r01,HS-0281-R01,شطة,الشطة (Hot sauce),Hot sauce,الشطة (Hot sauce),sauce_condiment,فلافل ثمار,فلافل ثمار,,فلافل ثمار,العليا,بلدية,بلدية العليا,True,False,لا يوجد,,0,,,False,none,,1,False
Data 2025.xlsx,7080,2025-03-08,2025-03,2025-W10,1,5,hs-0341-r01,HS-0341-R01 ,شطة حارة,الشطة (Hot sauce),Hot sauce,الشطة (Hot sauce),sauce_condiment,حاشي باشا - حي قرطبة,حاشي باشا,حي قرطبة,حاشي باشا - حي قرطبة,الروضة,بلدية,بلدية الروضة,False,True,العد الكلي للبكتيريا,العد الكلي للبكتيريا,1,,العد الكلي للبكتيريا,False,indicator_only,,7,True
Data 2025.xlsx,7086,2025-03-08,2025-03,2025-W10,1,5,hs-0342-r01,HS-0342-R01 ,شطة,الشطة (Hot sauce),Hot sauce,الشطة (Hot sauce),sauce_condiment,شاورما اصيلة - حي قرطبة,شاورما اصيلة,حي قرطبة,شاورما اصيلة - حي قرطبة,الروضة,بلدية,بلدية الروضة,True,False,لا يوجد,,0,,,False,none,,0,False
Data 2025.xlsx,7113,2025-03-08,2025-03,2025-W10,1,5,hs-0343-r01,HS-0343-R01 ,شطة شامية,الشطة (Hot sauce),Hot sauce,الشطة (Hot sauce),sauce_condiment,فلافل الشيف - حي قرطبة,فلافل الشيف,حي قرطبة,فلافل الشيف - حي قرطبة,الروضة,بلدية,بلدية الروضة,False,True,العد الكلي للبكتيريا,العد الكلي للبكتيريا,1,,العد الكلي للبكتيريا,False,indicator_only,,10,True
Data 2025.xlsx,7114,2025-03-08,2025-03,2025-W10,1,5,hs-0344-r01,HS-0344-R01 ,شطة,الشطة (Hot sauce),Hot sauce,الشطة (Hot sauce),sauce_condiment,فلافل الشيف - حي قرطبة,فلافل الشيف,حي قرطبة,فلافل الشيف - حي قرطبة,الروضة,بلدية,بلدية الروضة,True,False,لا يوجد,,0,,,False,none,,10,True
Data 2025.xlsx,1942,2025-03-08,2025-03,2025-W10,1,5,jui-0387-r01,jui-0387-R01,عصير جزر,العصائر الطازجة Un-pasteurized juices (fresh),fresh,العصائر الطازجة Un-pasteurized juices (fresh),beverage,مؤسسة ليمونة ونص لتقديم الوجبات,مؤسسة ليمونة ونص لتقديم الوجبات,,مؤسسة ليمونة ونص لتقديم الوجبات,العليا,بلدية,بلدية العليا,True,False,لا يوجد,,0,,,False,none,,0,False
Data 2025.xlsx,1943,2025-03-08,2025-03,2025-W10,1,5,jui-0388-r01,jui-0388-R01,عصير كركدية,العصائر الطازجة Un-pasteurized juices (fresh),fresh,العصائر الطازجة Un-pasteurized juices (fresh),beverage,مؤسسة ليمونة ونص لتقديم الوجبات,مؤسسة ليمونة ونص لتقديم الوجبات,,مؤسسة ليمونة ونص لتقديم الوجبات,العليا,بلدية,بلدية العليا,True,False,لا يوجد,,0,,,False,none,,0,False
Data 2025.xlsx,1944,2025-03-08,2025-03,2025-W10,1,5,jui-0389-r01,jui-0389-R01,عصير توت,العصائر الطازجة Un-pasteurized juices (fresh),fresh,العصائر الطازجة Un-pasteurized juices (fresh),beverage,مؤسسة ليمونة ونص لتقديم الوجبات,مؤسسة ليمونة ونص لتقديم الوجبات,,مؤسسة ليمونة ونص لتقديم الوجبات,العليا,بلدية,بلدية العليا,True,False,لا يوجد,,0,,,False,none,,0,False
Data 2025.xlsx,1945,2025-03-08,2025-03,2025-W10,1,5,jui-0390-r01,jui-0390-R01,عصير برتقال,العصائر الطازجة Un-pasteurized juices (fresh),fresh,العصائر الطازجة Un-pasteurized juices (fresh),beverage,مؤسسة ليمونة ونص لتقديم الوجبات,مؤسسة ليمونة ونص لتقديم الوجبات,,مؤسسة ليمونة ونص لتقديم الوجبات,العليا,بلدية,بلدية العليا,True,False,لا يوجد,,0,,,False,none,,0,False
Data 2025.xlsx,1946,2025-03-08,2025-03,2025-W10,1,5,jui-0391-r01,jui-0391-R01,عصير رمان,العصائر الطازجة Un-pasteurized juices (fresh),fresh,العصائر الطازجة Un-pasteurized juices (fresh),beverage,مؤسسة ليمونة ونص لتقديم الوجبات,مؤسسة ليمونة ونص لتقديم الوجبات,,مؤسسة ليمونة ونص لتقديم الوجبات,العليا,بلدية,بلدية العليا,True,False,لا يوجد,,0,,,False,none,,0,False
Data 2025.xlsx,1947,2025-03-08,2025-03,2025-W10,1,5,jui-0392-r01,jui-0392-R01,عصير ليمون,العصائر الطازجة Un-pasteurized juices (fresh),fresh,العصائر الطازجة Un-pasteurized juices (fresh),beverage,مؤسسة ليمونة ونص لتقديم الوجبات,مؤسسة ليمونة ونص لتقديم الوجبات,,مؤسسة ليمونة ونص لتقديم الوجبات,العليا,بلدية,بلدية العليا,True,False,لا يوجد,,0,,,False,none,,0,False
Data 2025.xlsx,1948,2025-03-08,2025-03,2025-W10,1,5,jui-0393-r01,jui-0393-R01,عصير شمندر,العصائر الطازجة Un-pasteurized juices (fresh),fresh,العصائر الطازجة Un-pasteurized juices (fresh),beverage,مؤسسة ليمونة ونص لتقديم الوجبات,مؤسسة ليمونة ونص لتقديم الوجبات,,مؤسسة ليمونة ونص لتقديم الوجبات,العليا,بلدية,بلدية العليا,True,False,لا يوجد,,0,,,False,none,,0,False
Data 2025.xlsx,1949,2025-03-08,2025-03,2025-W10,1,5,jui-0394-r01,jui-0394-R01,عصير كوكتيل,العصائر الطازجة Un-pasteurized juices (fresh),fresh,العصائر الطازجة Un-pasteurized juices (fresh),beverage,مؤسسة ليمونة ونص لتقديم الوجبات,مؤسسة ليمونة ونص لتقديم الوجبات,,مؤسسة ليمونة ونص لتقديم الوجبات,العليا,بلدية,بلدية العليا,True,False,لا يوجد,,0,,,False,none,,0,False
Data 2025.xlsx,1950,2025-03-08,2025-03,2025-W10,1,5,jui-0395-r01,jui-0395-R01,عصير جح,العصائر الطازجة Un-pasteurized juices (fresh),fresh,العصائر الطازجة Un-pasteurized juices (fresh),beverage,مؤسسة ليمونة ونص لتقديم الوجبات,مؤسسة ليمونة ونص لتقديم الوجبات,,مؤسسة ليمونة ونص لتقديم الوجبات,العليا,بلدية,بلدية العليا,True,False,لا يوجد,,0,,,False,none,,0,False
Data 2025.xlsx,1955,2025-03-08,2025-03,2025-W10,1,5,mango-0040-r01,Mango-0040-R01,قطع مانجا,المانجو (Mango),Mango,المانجو (Mango),produce,مؤسسة ليمونة ونص لتقديم الوجبات,مؤسسة ليمونة ونص لتقديم الوجبات,,مؤسسة ليمونة ونص لتقديم الوجبات,العليا,بلدية,بلدية العليا,True,False,لا يوجد,,0,,,False,none,,0,False
Data 2025.xlsx,7118,2025-03-08,2025-03,2025-W10,1,5,olv-0555-r01,olv-0555-R01 ,شرائح زيتون,الزيتون /Olive,Olive,الزيتون /Olive,produce,فلافل الشيف - حي قرطبة,فلافل الشيف,حي قرطبة,فلافل الشيف - حي قرطبة,الروضة,بلدية,بلدية الروضة,False,True,خمائر,الخمائر والاعفان,1,,الخمائر والاعفان,False,indicator_only,,12,True
Data 2025.xlsx,1927,2025-03-08,2025-03,2025-W10,1,5,pick-0340-r01,Pick-0340-R01,مخلل خيار,المخلل (Pickle),Pickle,المخلل (Pickle),sauce_condiment,فلافل ثمار,فلافل ثمار,,فلافل ثمار,العليا,بلدية,بلدية العليا,True,False,لا يوجد,,0,,,False,none,,2,True
Data 2025.xlsx,1929,2025-03-08,2025-03,2025-W10,1,5,pick-0341-r01,Pick-0341-R01,مخلل لفت,المخلل (Pickle),Pickle,المخلل (Pickle),sauce_condiment,فلافل ثمار,فلافل ثمار,,فلافل ثمار,العليا,بلدية,بلدية العليا,False,True,خمائر,الخمائر والاعفان,1,,الخمائر والاعفان,False,indicator_only,,4,True
Data 2025.xlsx,7088,2025-03-08,2025-03,2025-W10,1,5,pick-0491-r01,Pick-0491-R01 ,مخلل خيار,المخلل (Pickle),Pickle,المخلل (Pickle),sauce_condiment,شاورما اصيلة - حي قرطبة,شاورما اصيلة,حي قرطبة,شاورما اصيلة - حي قرطبة,الروضة,بلدية,بلدية الروضة,False,True,خمائر,الخمائر والاعفان,1,,الخمائر والاعفان,False,indicator_only,,1,False
Data 2025.xlsx,7104,2025-03-08,2025-03,2025-W10,1,5,pick-0492-r01,Pick-0492-R01 ,مخلل خيار,المخلل (Pickle),Pickle,المخلل (Pickle),sauce_condiment,فلافل الشيف - حي قرطبة,فلافل الشيف,حي قرطبة,فلافل الشيف - حي قرطبة,الروضة,بلدية,بلدية الروضة,True,False,لا يوجد,,0,,,False,none,,2,True
Data 2025.xlsx,7106,2025-03-08,2025-03,2025-W10,1,5,pick-0493-r01,Pick-0493-R01 ,مخلل لفت,المخلل (Pickle),Pickle,المخلل (Pickle),sauce_condiment,فلافل الشيف - حي قرطبة,فلافل الشيف,حي قرطبة,فلافل الشيف - حي قرطبة,الروضة,بلدية,بلدية الروضة,False,True,خمائر,الخمائر والاعفان,1,,الخمائر والاعفان,False,indicator_only,,4,True
Data 2025.xlsx,7046,2025-03-08,2025-03,2025-W10,1,5,raw-0412-r01,Raw-0412-R01 ,عجل برازيلي فخذ,لحوم نيئة مبردة ومجمدة (Raw meat Cold or chilled ),Raw meat Cold or chilled,لحوم نيئة مبردة ومجمدة (Raw meat Cold or chilled ),raw_meat,مؤسسة عالم اللحوم للتجارة,مؤسسة عالم اللحوم للتجارة,,مؤسسة عالم اللحوم للتجارة,المعذر,بلدية,بلدية المعذر,True,False,لا يوجد,,0,,,False,none,,0,False
Data 2025.xlsx,7047,2025-03-08,2025-03,2025-W10,1,5,raw-0413-r01,Raw-0413-R01 ,تيس كيني بطن,لحوم نيئة مبردة ومجمدة (Raw meat Cold or chilled ),Raw meat Cold or chilled,لحوم نيئة مبردة ومجمدة (Raw meat Cold or chilled ),raw_meat,مؤسسة عالم اللحوم للتجارة,مؤسسة عالم اللحوم للتجارة,,مؤسسة عالم اللحوم للتجارة,المعذر,بلدية,بلدية المعذر,True,False,لا يوجد,,0,,,False,none,,0,False
Data 2025.xlsx,7048,2025-03-08,2025-03,2025-W10,1,5,raw-0414-r01,Raw-0414-R01 ,فخذ عجل باكستاني مبرد,لحوم نيئة مبردة ومجمدة (Raw meat Cold or chilled ),Raw meat Cold or chilled,لحوم نيئة مبردة ومجمدة (Raw meat Cold or chilled ),raw_meat,مؤسسة عالم اللحوم للتجارة,مؤسسة عالم اللحوم للتجارة,,مؤسسة عالم اللحوم للتجارة,المعذر,بلدية,بلدية المعذر,True,False,لا يوجد,,0,,,False,none,,0,False
Data 2025.xlsx,7049,2025-03-08,2025-03,2025-W10,1,5,raw-0415-r01,Raw-0415-R01 ,كبدة غنم مبرد,لحوم نيئة مبردة ومجمدة (Raw meat Cold or chilled ),Raw meat Cold or chilled,لحوم نيئة مبردة ومجمدة (Raw meat Cold or chilled ),raw_meat,مؤسسة عالم اللحوم للتجارة,مؤسسة عالم اللحوم للتجارة,,مؤسسة عالم اللحوم للتجارة,المعذر,بلدية,بلدية المعذر,True,False,لا يوجد,,0,,,False,none,,0,False
Data 2025.xlsx,7069,2025-03-08,2025-03,2025-W10,1,5,sal-1505-r01,Sal-1505-R01 ,سلطة طماطم بصل,السلطة(Salad),Salad,السلطة(Salad),produce,حاشي باشا - حي قرطبة,حاشي باشا,حي قرطبة,حاشي باشا - حي قرطبة,الروضة,بلدية,بلدية الروضة,True,False,لا يوجد,,0,,,False,none,,0,False
Data 2025.xlsx,7070,2025-03-08,2025-03,2025-W10,1,5,sal-1506-r01,Sal-1506-R01 ,سلطة خضراء,السلطة(Salad),Salad,السلطة(Salad),produce,حاشي باشا - حي قرطبة,حاشي باشا,حي قرطبة,حاشي باشا - حي قرطبة,الروضة,بلدية,بلدية الروضة,True,False,لا يوجد,,0,,,False,none,,0,False
Data 2025.xlsx,7071,2025-03-08,2025-03,2025-W10,1,5,sal-1507-r01,Sal-1507-R01 ,سلطة سومطرة,السلطة(Salad),Salad,السلطة(Salad),produce,حاشي باشا - حي قرطبة,حاشي باشا,حي قرطبة,حاشي باشا - حي قرطبة,الروضة,بلدية,بلدية الروضة,True,False,لا يوجد,,0,,,False,none,,0,False
Data 2025.xlsx,7072,2025-03-08,2025-03,2025-W10,1,5,sal-1508-r01,Sal-1508-R01 ,سلطة زبادي خيار,السلطة(Salad),Salad,السلطة(Salad),produce,حاشي باشا - حي قرطبة,حاشي باشا,حي قرطبة,حاشي باشا - حي قرطبة,الروضة,بلدية,بلدية الروضة,False,True,استافيلوكوكس اورياس,استافيلوكوكس اورياس,1,استافيلوكوكس اورياس,,True,pathogen,,1,False
Data 2025.xlsx,7081,2025-03-08,2025-03,2025-W10,1,5,sal-1509-r01,Sal-1509-R01 ,سلطة بصل وليمون,السلطة(Salad),Salad,السلطة(Salad),produce,حاشي باشا - حي قرطبة,حاشي باشا,حي قرطبة,حاشي باشا - حي قرطبة,الروضة,بلدية,بلدية الروضة,True,False,لا يوجد,,0,,,False,none,,7,True
Data 2025.xlsx,7096,2025-03-08,2025-03,2025-W10,1,5,sal-1510-r01,Sal-1510-R01 ,سلطة زبادي وخيار,السلطة(Salad),Salad,السلطة(Salad),produce,مطعم كبسات للاكلات الشعبية - حي قرطبة,مطعم كبسات للاكلات الشعبية,حي قرطبة,مطعم كبسات للاكلات الشعبية - حي قرطبة,الروضة,بلدية,بلدية الروضة,False,True,استافيلوكوكس اورياس,استافيلوكوكس اورياس,1,استافيلوكوكس اورياس,,True,pathogen,,1,False
Data 2025.xlsx,7097,2025-03-08,2025-03,2025-W10,1,5,sal-1511-r01,Sal-1511-R01 ,سلطة خضراء,السلطة(Salad),Salad,السلطة(Salad),produce,مطعم كبسات للاكلات الشعبية - حي قرطبة,مطعم كبسات للاكلات الشعبية,حي قرطبة,مطعم كبسات للاكلات الشعبية - حي قرطبة,الروضة,بلدية,بلدية الروضة,False,True,استافيلوكوكس اورياس,استافيلوكوكس اورياس,1,استافيلوكوكس اورياس,,True,pathogen,,2,True
Data 2025.xlsx,7098,2025-03-08,2025-03,2025-W10,1,5,sal-1512-r01,Sal-1512-R01 ,سلطة حارة,السلطة(Salad),Salad,السلطة(Salad),produce,مطعم كبسات للاكلات الشعبية - حي قرطبة,مطعم كبسات للاكلات الشعبية,حي قرطبة,مطعم كبسات للاكلات الشعبية - حي قرطبة,الروضة,بلدية,بلدية الروضة,True,False,لا يوجد,,0,,,False,none,,2,True
Data 2025.xlsx,1908,2025-03-08,2025-03,2025-W10,1,5,sau-1227-r01,sau-1227-R01,صوص شوكولاتة بيضاء,صوص (sauce),sauce,صوص (sauce),sauce_condiment,كنافة فاكتوري,كنافة فاكتوري,,كنافة فاكتوري,العليا,بلدية,بلدية العليا,True,False,لا يوجد,,0,,,False,none,,0,False
Data 2025.xlsx,1909,2025-03-08,2025-03,2025-W10,1,5,sau-1228-r01,sau-1228-R01,صوص بستاشو,صوص (sauce),sauce,صوص (sauce),sauce_condiment,كنافة فاكتوري,كنافة فاكتوري,,كنافة فاكتوري,العليا,بلدية,بلدية العليا,True,False,لا يوجد,,0,,,False,none,,0,False
Data 2025.xlsx,1910,2025-03-08,2025-03,2025-W10,1,5,sau-1229-r01,sau-1229-R01,صوص نوتيلا,صوص (sauce),sauce,صوص (sauce),sauce_condiment,كنافة فاكتوري,كنافة فاكتوري,,كنافة فاكتوري,العليا,بلدية,بلدية العليا,True,False,لا يوجد,,0,,,False,none,,0,False
Data 2025.xlsx,1911,2025-03-08,2025-03,2025-W10,1,5,sau-1230-r01,sau-1230-R01,صوص دارك شوكولاتة,صوص (sauce),sauce,صوص (sauce),sauce_condiment,كنافة فاكتوري,كنافة فاكتوري,,كنافة فاكتوري,العليا,بلدية,بلدية العليا,True,False,لا يوجد,,0,,,False,none,,0,False
Data 2025.xlsx,1913,2025-03-08,2025-03,2025-W10,1,5,sau-1231-r01,sau-1231-R01,صوص شيرة,صوص (sauce),sauce,صوص (sauce),sauce_condiment,كنافة فاكتوري,كنافة فاكتوري,,كنافة فاكتوري,العليا,بلدية,بلدية العليا,False,True,الخمائر والاعفان,الخمائر والاعفان,1,,الخمائر والاعفان,False,indicator_only,,1,False
Data 2025.xlsx,1916,2025-03-08,2025-03,2025-W10,1,5,sau-1232-r01,sau-1232-R01,صوص كاندي,صوص (sauce),sauce,صوص (sauce),sauce_condiment,كنافة فاكتوري,كنافة فاكتوري,,كنافة فاكتوري,العليا,بلدية,بلدية العليا,True,False,لا يوجد,,0,,,False,none,,1,False
Data 2025.xlsx,1921,2025-03-08,2025-03,2025-W10,1,5,sau-1233-r01,sau-1233-R01,صوص شيدر,صوص (sauce),sauce,صوص (sauce),sauce_condiment,فلافل ثمار,فلافل ثمار,,فلافل ثمار,العليا,بلدية,بلدية العليا,False,True,انتيروباكتريسي,انتيروباكتريسي,1,,انتيروباكتريسي,False,indicator_only,,1,False
Data 2025.xlsx,1923,2025-03-08,2025-03,2025-W10,1,5,sau-1234-r01,sau-1234-R01,كاتشب,صوص (sauce),sauce,صوص (sauce),sauce_condiment,فلافل ثمار,فلافل ثمار,,فلافل ثمار,العليا,بلدية,بلدية العليا,True,False,لا يوجد,,0,,,False,none,,1,False
Data 2025.xlsx,7082,2025-03-08,2025-03,2025-W10,1,5,sau-2082-r01,sau-2082-R01 ,صوص ثوم حار,صوص (sauce),sauce,صوص (sauce),sauce_condiment,شاورما اصيلة - حي قرطبة,شاورما اصيلة,حي قرطبة,شاورما اصيلة - حي قرطبة,الروضة,بلدية,بلدية الروضة,True,False,لا يوجد,,0,,,False,none,,0,False
Data 2025.xlsx,7083,2025-03-08,2025-03,2025-W10,1,5,sau-2083-r01,sau-2083-R01 ,صوص ثوم,صوص (sauce),sauce,صوص (sauce),sauce_condiment,شاورما اصيلة - حي قرطبة,شاورما اصيلة,حي قرطبة,شاورما اصيلة - حي قرطبة,الروضة,بلدية,بلدية الروضة,True,False,لا يوجد,,0,,,False,none,,0,False
Data 2025.xlsx,7084,2025-03-08,2025-03,2025-W10,1,5,sau-2084-r01,sau-2084-R01 ,صوص كاتشب,صوص (sauce),sauce,صوص (sauce),sauce_condiment,شاورما اصيلة - حي قرطبة,شاورما اصيلة,حي قرطبة,شاورما اصيلة - حي قرطبة,الروضة,بلدية,بلدية الروضة,True,False,لا يوجد,,0,,,False,none,,0,False
Data 2025.xlsx,7085,2025-03-08,2025-03,2025-W10,1,5,sau-2085-r01,sau-2085-R01 ,صوص اصيلة,صوص (sauce),sauce,صوص (sauce),sauce_condiment,شاورما اصيلة - حي قرطبة,شاورما اصيلة,حي قرطبة,شاورما اصيلة - حي قرطبة,الروضة,بلدية,بلدية الروضة,True,False,لا يوجد,,0,,,False,none,,0,False
Data 2025.xlsx,7110,2025-03-08,2025-03,2025-W10,1,5,sau-2086-r01,sau-2086-R01 ,صوص ثوم حار,صوص (sauce),sauce,صوص (sauce),sauce_condiment,فلافل الشيف - حي قرطبة,فلافل الشيف,حي قرطبة,فلافل الشيف - حي قرطبة,الروضة,بلدية,بلدية الروضة,False,True,العد الكلي للبكتيريا,العد الكلي للبكتيريا,1,,العد الكلي للبكتيريا,False,indicator_only,,8,True
Data 2025.xlsx,7111,2025-03-08,2025-03,2025-W10,1,5,sau-2087-r01,sau-2087-R01 ,صوص ثوم,صوص (sauce),sauce,صوص (sauce),sauce_condiment,فلافل الشيف - حي قرطبة,فلافل الشيف,حي قرطبة,فلافل الشيف - حي قرطبة,الروضة,بلدية,بلدية الروضة,False,True,العد الكلي للبكتيريا,العد الكلي للبكتيريا,1,,العد الكلي للبكتيريا,False,indicator_only,,9,True
Data 2025.xlsx,7112,2025-03-08,2025-03,2025-W10,1,5,sau-2088-r01,sau-2088-R01 ,صوص كاتشب,صوص (sauce),sauce,صوص (sauce),sauce_condiment,فلافل الشيف - حي قرطبة,فلافل الشيف,حي قرطبة,فلافل الشيف - حي قرطبة,الروضة,بلدية,بلدية الروضة,True,False,لا يوجد,,0,,,False,none,,9,True
Data 2025.xlsx,1920,2025-03-08,2025-03,2025-W10,1,5,sw-2553-r01,sw-2553-R01,مسحة صانعة ثلج,(Swabs) المسحات,Swabs,(Swabs) المسحات,swab,كنافة فاكتوري,كنافة فاكتوري,,كنافة فاكتوري,العليا,بلدية,بلدية العليا,True,False,لا يوجد,,0,,,False,none,,1,False
Data 2025.xlsx,1935,2025-03-08,2025-03,2025-W10,1,5,sw-2554-r01,sw-2554-R01,مسحة طاولة تقطيع الفطيرة,(Swabs) المسحات,Swabs,(Swabs) المسحات,swab,فلافل ثمار,فلافل ثمار,,فلافل ثمار,العليا,بلدية,بلدية العليا,True,False,لا يوجد,,0,,,False,none,,4,True
Data 2025.xlsx,1936,2025-03-08,2025-03,2025-W10,1,5,sw-2555-r01,sw-2555-R01,مسحة طاولة اعداد,(Swabs) المسحات,Swabs,(Swabs) المسحات,swab,فلافل ثمار,فلافل ثمار,,فلافل ثمار,العليا,بلدية,بلدية العليا,True,False,لا يوجد,,0,,,False,none,,4,True
Data 2025.xlsx,1937,2025-03-08,2025-03,2025-W10,1,5,sw-2556-r01,sw-2556-R01,مسحة طاولة اعداد,(Swabs) المسحات,Swabs,(Swabs) المسحات,swab,فلافل ثمار,فلافل ثمار,,فلافل ثمار,العليا,بلدية,بلدية العليا,True,False,لا يوجد,,0,,,False,none,,4,True
Data 2025.xlsx,1938,2025-03-08,2025-03,2025-W10,1,5,sw-2557-r01,sw-2557-R01,مسحة حافظة فلافل,(Swabs) المسحات,Swabs,(Swabs) المسحات,swab,فلافل ثمار,فلافل ثمار,,فلافل ثمار,العليا,بلدية,بلدية العليا,True,False,لا يوجد,,0,,,False,none,,4,True
Data 2025.xlsx,1939,2025-03-08,2025-03,2025-W10,1,5,sw-2558-r01,sw-2558-R01,مسحة حافظة بطاطس,(Swabs) المسحات,Swabs,(Swabs) المسحات,swab,فلافل ثمار,فلافل ثمار,,فلافل ثمار,العليا,بلدية,بلدية العليا,True,False,لا يوجد,,0,,,False,none,,4,True
Data 2025.xlsx,1940,2025-03-08,2025-03,2025-W10,1,5,sw-2559-r01,sw-2559-R01,مسحة ثلاجة اعداد,(Swabs) المسحات,Swabs,(Swabs) المسحات,swab,فلافل ثمار,فلافل ثمار,,فلافل ثمار,العليا,بلدية,بلدية العليا,True,False,لا يوجد,,0,,,False,none,,4,True
Data 2025.xlsx,1956,2025-03-08,2025-03,2025-W10,1,5,sw-2560-r01,sw-2560-R01,مسحة طاولة تقطيع فواكه,(Swabs) المسحات,Swabs,(Swabs) المسحات,swab,مؤسسة ليمونة ونص لتقديم الوجبات,مؤسسة ليمونة ونص لتقديم الوجبات,,مؤسسة ليمونة ونص لتقديم الوجبات,العليا,بلدية,بلدية العليا,True,False,لا يوجد,,0,,,False,none,,0,False
Data 2025.xlsx,1957,2025-03-08,2025-03,2025-W10,1,5,sw-2561-r01,sw-2561-R01,مسحة صانعة ثلج,(Swabs) المسحات,Swabs,(Swabs) المسحات,swab,مؤسسة ليمونة ونص لتقديم الوجبات,مؤسسة ليمونة ونص لتقديم الوجبات,,مؤسسة ليمونة ونص لتقديم الوجبات,العليا,بلدية,بلدية العليا,True,False,لا يوجد,,0,,,False,none,,0,False
Data 2025.xlsx,1958,2025-03-08,2025-03,2025-W10,1,5,sw-2562-r01,sw-2562-R01,مسحة عصارة جزر,(Swabs) المسحات,Swabs,(Swabs) المسحات,swab,مؤسسة ليمونة ونص لتقديم الوجبات,مؤسسة ليمونة ونص لتقديم الوجبات,,مؤسسة ليمونة ونص لتقديم الوجبات,العليا,بلدية,بلدية العليا,True,False,لا يوجد,,0,,,False,none,,0,False
Data 2025.xlsx,1959,2025-03-08,2025-03,2025-W10,1,5,sw-2563-r01,sw-2563-R01,مسحة ثلاجة عصائر,(Swabs) المسحات,Swabs,(Swabs) المسحات,swab,مؤسسة ليمونة ونص لتقديم الوجبات,مؤسسة ليمونة ونص لتقديم الوجبات,,مؤسسة ليمونة ونص لتقديم الوجبات,العليا,بلدية,بلدية العليا,True,False,لا يوجد,,0,,,False,none,,0,False
Data 2025.xlsx,7066,2025-03-08,2025-03,2025-W10,1,5,sw-3398-r01,sw-3398-R01 ,مسحة ثلاجة الكيك,(Swabs) المسحات,Swabs,(Swabs) المسحات,swab,سرب قهوة مختصة - حي المونسية,سرب قهوة مختصة,حي المونسية,سرب قهوة مختصة - حي المونسية,الروضة,بلدية,بلدية الروضة,True,False,لا يوجد,,0,,,False,none,,6,True
Data 2025.xlsx,7067,2025-03-08,2025-03,2025-W10,1,5,sw-3399-r01,sw-3399-R01 ,مسحة صانعة ثلج,(Swabs) المسحات,Swabs,(Swabs) المسحات,swab,سرب قهوة مختصة - حي المونسية,سرب قهوة مختصة,حي المونسية,سرب قهوة مختصة - حي المونسية,الروضة,بلدية,بلدية الروضة,False,True,العد الكلي للبكتيريا,العد الكلي للبكتيريا,1,,العد الكلي للبكتيريا,False,indicator_only,,7,True
Data 2025.xlsx,7068,2025-03-08,2025-03,2025-W10,1,5,sw-3400-r01,sw-3400-R01 ,مسحة صانعة ثلج,نكهات مركزة ( Syrup ),Syrup,نكهات مركزة ( Syrup ),sauce_condiment,سرب قهوة مختصة - حي المونسية,سرب قهوة مختصة,حي المونسية,سرب قهوة مختصة - حي المونسية,الروضة,بلدية,بلدية الروضة,True,False,لا يوجد,,0,,,False,none,,7,True
Data 2025.xlsx,7092,2025-03-08,2025-03,2025-W10,1,5,sw-3401-r01,sw-3401-R01 ,مسحة حافظة بطاطس,(Swabs) المسحات,Swabs,(Swabs) المسحات,swab,شاورما اصيلة - حي قرطبة,شاورما اصيلة,حي قرطبة,شاورما اصيلة - حي قرطبة,الروضة,بلدية,بلدية الروضة,True,False,لا يوجد,,0,,,False,none,,1,False
Data 2025.xlsx,7093,2025-03-08,2025-03,2025-W10,1,5,sw-3402-r01,sw-3402-R01 ,مسحة طاولة تقطيع شلورما عربي,(Swabs) المسحات,Swabs,(Swabs) المسحات,swab,شاورما اصيلة - حي قرطبة,شاورما اصيلة,حي قرطبة,شاورما اصيلة - حي قرطبة,الروضة,بلدية,بلدية الروضة,True,False,لا يوجد,,0,,,False,none,,1,False
Data 2025.xlsx,7094,2025-03-08,2025-03,2025-W10,1,5,sw-3403-r01,sw-3403-R01 ,مسحة طاولة تحضير,(Swabs) المسحات,Swabs,(Swabs) المسحات,swab,شاورما اصيلة - حي قرطبة,شاورما اصيلة,حي قرطبة,شاورما اصيلة - حي قرطبة,الروضة,بلدية,بلدية الروضة,True,False,لا يوجد,,0,,,False,none,,1,False
Data 2025.xlsx,7095,2025-03-08,2025-03,2025-W10,1,5,sw-3404-r01,sw-3404-R01 ,مسحة قطاعة شاورما,(Swabs) المسحات,Swabs,(Swabs) المسحات,swab,شاورما اصيلة - حي قرطبة,شاورما اصيلة,حي قرطبة,شاورما اصيلة - حي قرطبة,الروضة,بلدية,بلدية الروضة,True,False,لا يوجد,,0,,,False,none,,1,False
Data 2025.xlsx,7119,2025-03-08,2025-03,2025-W10,1,5,sw-3405-r01,sw-3405-R01 ,مسحة يد (ياسر عبدة),(Swabs) المسحات,Swabs,(Swabs) المسحات,swab,فلافل الشيف - حي قرطبة,فلافل الشيف,حي قرطبة,فلافل الشيف - حي قرطبة,الروضة,بلدية,بلدية الروضة,True,False,لا يوجد,,0,,,False,none,,12,True
Data 2025.xlsx,7058,2025-03-08,2025-03,2025-W10,1,5,sweet-1312-r01,sweet-1312-R01 ,كيكة كرانشي,الحلا(sweetness),sweetness,الحلا(sweetness),sweets_bakery,سرب قهوة مختصة - حي المونسية,سرب قهوة مختصة,حي المونسية,سرب قهوة مختصة - حي المونسية,الروضة,بلدية,بلدية الروضة,True,False,لا يوجد,,0,,,False,none,,3,True
Data 2025.xlsx,7059,2025-03-08,2025-03,2025-W10,1,5,sweet-1313-r01,sweet-1313-R01 ,كيكة عسل,الحلا(sweetness),sweetness,الحلا(sweetness),sweets_bakery,سرب قهوة مختصة - حي المونسية,سرب قهوة مختصة,حي المونسية,سرب قهوة مختصة - حي المونسية,الروضة,بلدية,بلدية الروضة,True,False,لا يوجد,,0,,,False,none,,3,True
Data 2025.xlsx,7060,2025-03-08,2025-03,2025-W10,1,5,sweet-1314-r01,sweet-1314-R01 ,كيكة نوتيلا,الحلا(sweetness),sweetness,الحلا(sweetness),sweets_bakery,سرب قهوة مختصة - حي المونسية,سرب قهوة مختصة,حي المونسية,سرب قهوة مختصة - حي المونسية,الروضة,بلدية,بلدية الروضة,True,False,لا يوجد,,0,,,False,none,,3,True
Data 2025.xlsx,7061,2025-03-08,2025-03,2025-W10,1,5,sweet-1315-r01,sweet-1315-R01 ,كيكة تراميسو,الحلا(sweetness),sweetness,الحلا(sweetness),sweets_bakery,سرب قهوة مختصة - حي المونسية,سرب قهوة مختصة,حي المونسية,سرب قهوة مختصة - حي المونسية,الروضة,بلدية,بلدية الروضة,False,True,باسيلس سيريس,باسيلس سيريس,1,باسيلس سيريس,,True,pathogen,,4,True
Data 2025.xlsx,7062,2025-03-08,2025-03,2025-W10,1,5,sweet-1316-r01,sweet-1316-R01 ,سينابون رول,الحلا(sweetness),sweetness,الحلا(sweetness),sweets_bakery,سرب قهوة مختصة - حي المونسية,سرب قهوة مختصة,حي المونسية,سرب قهوة مختصة - حي المونسية,الروضة,بلدية,بلدية الروضة,True,False,لا يوجد,,0,,,False,none,,4,True
Data 2025.xlsx,7063,2025-03-08,2025-03,2025-W10,1,5,sweet-1317-r01,sweet-1317-R01 ,كيكة جوز الهند مانجو,الحلا(sweetness),sweetness,الحلا(sweetness),sweets_bakery,سرب قهوة مختصة - حي المونسية,سرب قهوة مختصة,حي المونسية,سرب قهوة مختصة - حي المونسية,الروضة,بلدية,بلدية الروضة,False,True,باسيلس سيريس,باسيلس سيريس,1,باسيلس سيريس,,True,pathogen,,5,True
Data 2025.xlsx,7064,2025-03-08,2025-03,2025-W10,1,5,sweet-1318-r01,sweet-1318-R01 ,كيكة جوز الهند رد فلفت,الحلا(sweetness),sweetness,الحلا(sweetness),sweets_bakery,سرب قهوة مختصة - حي المونسية,سرب قهوة مختصة,حي المونسية,سرب قهوة مختصة - حي المونسية,الروضة,بلدية,بلدية الروضة,True,False,لا يوجد,,0,,,False,none,,5,True
Data 2025.xlsx,7065,2025-03-08,2025-03,2025-W10,1,5,sweet-1319-r01,sweet-1319-R01 ,تشيز كيك توت,(Swabs) المسحات,Swabs,(Swabs) المسحات,swab,سرب قهوة مختصة - حي المونسية,سرب قهوة مختصة,حي المونسية,سرب قهوة مختصة - حي المونسية,الروضة,بلدية,بلدية الروضة,False,True,العد الكلي للبكتيريا,العد الكلي للبكتيريا,1,,العد الكلي للبكتيريا,False,indicator_only,,6,True
Data 2025.xlsx,7073,2025-03-08,2025-03,2025-W10,1,5,sweet-1320-r01,sweet-1320-R01 ,حلا لوتس,الحلا(sweetness),sweetness,الحلا(sweetness),sweets_bakery,حاشي باشا - حي قرطبة,حاشي باشا,حي قرطبة,حاشي باشا - حي قرطبة,الروضة,بلدية,بلدية الروضة,True,False,لا يوجد,,0,,,False,none,,1,False
Data 2025.xlsx,7074,2025-03-08,2025-03,2025-W10,1,5,sweet-1321-r01,sweet-1321-R01 ,حلا جالكسي,الحلا(sweetness),sweetness,الحلا(sweetness),sweets_bakery,حاشي باشا - حي قرطبة,حاشي باشا,حي قرطبة,حاشي باشا - حي قرطبة,الروضة,بلدية,بلدية الروضة,False,True,استافيلوكوكس اورياس | باسيلس سيريس,استافيلوكوكس اورياس | باسيلس سيريس,2,استافيلوكوكس اورياس | باسيلس سيريس,,True,multi_pathogen,,2,True
Data 2025.xlsx,7075,2025-03-08,2025-03,2025-W10,1,5,sweet-1322-r01,sweet-1322-R01 ,تشيز كيك ايس كريم,الحلا(sweetness),sweetness,الحلا(sweetness),sweets_bakery,حاشي باشا - حي قرطبة,حاشي باشا,حي قرطبة,حاشي باشا - حي قرطبة,الروضة,بلدية,بلدية الروضة,False,True,استافيلوكوكس اورياس,استافيلوكوكس اورياس,1,استافيلوكوكس اورياس,,True,pathogen,,3,True
Data 2025.xlsx,7076,2025-03-08,2025-03,2025-W10,1,5,sweet-1323-r01,sweet-1323-R01 ,حلا كيندر,الحلا(sweetness),sweetness,الحلا(sweetness),sweets_bakery,حاشي باشا - حي قرطبة,حاشي باشا,حي قرطبة,حاشي باشا - حي قرطبة,الروضة,بلدية,بلدية الروضة,False,True,استافيلوكوكس اورياس,استافيلوكوكس اورياس,1,استافيلوكوكس اورياس,,True,pathogen,,4,True
Data 2025.xlsx,7077,2025-03-08,2025-03,2025-W10,1,5,sweet-1324-r01,sweet-1324-R01 ,حلا فيمتو,الحلا(sweetness),sweetness,الحلا(sweetness),sweets_bakery,حاشي باشا - حي قرطبة,حاشي باشا,حي قرطبة,حاشي باشا - حي قرطبة,الروضة,بلدية,بلدية الروضة,False,True,باسيلس سيريس,باسيلس سيريس,1,باسيلس سيريس,,True,pathogen,,5,True
Data 2025.xlsx,7078,2025-03-08,2025-03,2025-W10,1,5,sweet-1325-r01,sweet-1325-R01 ,حلا مارس,الحلا(sweetness),sweetness,الحلا(sweetness),sweets_bakery,حاشي باشا - حي قرطبة,حاشي باشا,حي قرطبة,حاشي باشا - حي قرطبة,الروضة,بلدية,بلدية الروضة,False,True,استافيلوكوكس اورياس | باسيلس سيريس,استافيلوكوكس اورياس | باسيلس سيريس,2,استافيلوكوكس اورياس | باسيلس سيريس,,True,multi_pathogen,,6,True
Data 2025.xlsx,7079,2025-03-08,2025-03,2025-W10,1,5,sweet-1326-r01,sweet-1326-R01 ,كريم كراميل,الحلا(sweetness),sweetness,الحلا(sweetness),sweets_bakery,حاشي باشا - حي قرطبة,حاشي باشا,حي قرطبة,حاشي باشا - حي قرطبة,الروضة,بلدية,بلدية الروضة,True,False,لا يوجد,,0,,,False,none,,6,True
Data 2025.xlsx,1960,2025-03-08,2025-03,2025-W10,1,5,ubot-0910-r01,Ubot-0910-R01,مياه فلتر للاعداد,المياه الغير معبأة (Unbottled water),Unbottled water,المياه الغير معبأة (Unbottled water),water,كنافة فاكتوري,كنافة فاكتوري,,كنافة فاكتوري,العليا,بلدية,بلدية العليا,True,False,لا يوجد,,0,,,False,none,,1,False
Data 2025.xlsx,7120,2025-03-08,2025-03,2025-W10,1,5,ubot-1059-r01,Ubot-1059-R01 ,مياه غسيل ادوات,المياه الغير معبأة (Unbottled water),Unbottled water,المياه الغير معبأة (Unbottled water),water,مؤسسة عالم اللحوم للتجارة,مؤسسة عالم اللحوم للتجارة,,مؤسسة عالم اللحوم للتجارة,المعذر,بلدية,بلدية المعذر,True,False,لا يوجد,,0,,,False,none,,0,False
Data 2025.xlsx,1996,2025-03-09,2025-03,2025-W10,1,6,1-2841-R01,1-2841-R01,فطيرة جبنة وزعتر,(Pie) فطيرة,Pie,(Pie) فطيرة,sweets_bakery,بيت عمر,بيت عمر,,بيت عمر,المعذر,بلدية,بلدية المعذر,True,False,لا يوجد,,0,,,False,none,,3,True
Data 2025.xlsx,1980,2025-03-09,2025-03,2025-W10,1,6,O-U-po-0188-R01,O-U-po-0188-R01,حب رمان,الرمان (pomegranate),pomegranate,الرمان (pomegranate),produce,بيت عمر,بيت عمر,,بيت عمر,المعذر,بلدية,بلدية المعذر,True,False,لا يوجد,,0,,,False,none,,1,False
Data 2025.xlsx,1978,2025-03-09,2025-03,2025-W10,1,6,O-U-to-0576-R01,O-U-to-0576-R01,قطع طماطم,الطماطم (Tomatoes),Tomatoes,الطماطم (Tomatoes),produce,بيت عمر,بيت عمر,,بيت عمر,المعذر,بلدية,بلدية المعذر,True,False,لا يوجد,,0,,,False,none,,1,False
Data 2025.xlsx,1994,2025-03-09,2025-03,2025-W10,1,6,O3U-sa-0019-R01,O3U-sa-0019-R01,سمبوسة لحم (صغير),السمبوسة (Samposa),Samposa,السمبوسة (Samposa),sweets_bakery,بيت عمر,بيت عمر,,بيت عمر,المعذر,بلدية,بلدية المعذر,True,False,لا يوجد,,0,,,False,none,,3,True
Data 2025.xlsx,1965,2025-03-09,2025-03,2025-W10,1,6,OOSS-eg-0317-R01,OOSS-eg-0317-R01,قطع باذنجان,الباذنجان (eggplant),eggplant,الباذنجان (eggplant),dairy,تميسة,تميسة,,تميسة,المعذر,بلدية,بلدية المعذر,True,False,لا يوجد,,0,,,False,none,,2,True
Data 2025.xlsx,1976,2025-03-09,2025-03,2025-W10,1,6,OOSS-eg-0318-R01,OOSS-eg-0318-R01,باذنجان مع بقدونس,الباذنجان (eggplant),eggplant,الباذنجان (eggplant),dairy,بيت عمر,بيت عمر,,بيت عمر,المعذر,بلدية,بلدية المعذر,True,False,لا يوجد,,0,,,False,none,,1,False
Data 2025.xlsx,1986,2025-03-09,2025-03,2025-W10,1,6,OOSS-eg-0319-R01,OOSS-eg-0319-R01,مكدوس,الباذنجان (eggplant),eggplant,الباذنجان (eggplant),dairy,بيت عمر,بيت عمر,,بيت عمر,المعذر,بلدية,بلدية المعذر,True,False,لا يوجد,,0,,,False,none,,2,True
Data 2025.xlsx,1963,2025-03-09,2025-03,2025-W10,1,6,UU-pe-1068-R01,UU-pe-1068-R01,فلفل رومي اخضر مقطع,الفلفل (peppers),peppers,الفلفل (peppers),produce,تميسة,تميسة,,تميسة,المعذر,بلدية,بلدية المعذر,False,True,استافيلوكوكس اورياس,استافيلوكوكس اورياس,1,استافيلوكوكس اورياس,,True,pathogen,,2,True
Data 2025.xlsx,1964,2025-03-09,2025-03,2025-W10,1,6,UU-pe-1069-R01,UU-pe-1069-R01,فلفل رومي احمر مقطع,الفلفل (peppers),peppers,الفلفل (peppers),produce,تميسة,تميسة,,تميسة,المعذر,بلدية,بلدية المعذر,True,False,لا يوجد,,0,,,False,none,,2,True
Data 2025.xlsx,1972,2025-03-09,2025-03,2025-W10,1,6,appe-0326-r01,Appe-0326-R01,حمص,مقبلات (Appetizers),Appetizers,مقبلات (Appetizers),prepared_meal,تميسة,تميسة,,تميسة,المعذر,بلدية,بلدية المعذر,True,False,لا يوجد,,0,,,False,none,,2,True
Data 2025.xlsx,1982,2025-03-09,2025-03,2025-W10,1,6,appe-0327-r01,Appe-0327-R01,حمص,مقبلات (Appetizers),Appetizers,مقبلات (Appetizers),prepared_meal,بيت عمر,بيت عمر,,بيت عمر,المعذر,بلدية,بلدية المعذر,False,True,العد الكلي للبكتيريا,العد الكلي للبكتيريا,1,,العد الكلي للبكتيريا,False,indicator_only,,2,True
Data 2025.xlsx,1983,2025-03-09,2025-03,2025-W10,1,6,appe-0328-r01,Appe-0328-R01,متبل,مقبلات (Appetizers),Appetizers,مقبلات (Appetizers),prepared_meal,بيت عمر,بيت عمر,,بيت عمر,المعذر,بلدية,بلدية المعذر,True,False,لا يوجد,,0,,,False,none,,2,True
Data 2025.xlsx,1984,2025-03-09,2025-03,2025-W10,1,6,appe-0329-r01,Appe-0329-R01,تبولة ارمانية,مقبلات (Appetizers),Appetizers,مقبلات (Appetizers),prepared_meal,بيت عمر,بيت عمر,,بيت عمر,المعذر,بلدية,بلدية المعذر,True,False,لا يوجد,,0,,,False,none,,2,True
Data 2025.xlsx,1998,2025-03-09,2025-03,2025-W10,1,6,appe-0330-r01,Appe-0330-R01,بابا غنوج,مقبلات (Appetizers),Appetizers,مقبلات (Appetizers),prepared_meal,فتة وصنوبر,فتة وصنوبر,,فتة وصنوبر,المعذر,بلدية,بلدية المعذر,False,True,العد الكلي للبكتيريا,العد الكلي للبكتيريا,1,,العد الكلي للبكتيريا,False,indicator_only,,1,False
Data 2025.xlsx,1999,2025-03-09,2025-03,2025-W10,1,6,appe-0331-r01,Appe-0331-R01,محمرة,مقبلات (Appetizers),Appetizers,مقبلات (Appetizers),prepared_meal,فتة وصنوبر,فتة وصنوبر,,فتة وصنوبر,المعذر,بلدية,بلدية المعذر,True,False,لا يوجد,,0,,,False,none,,1,False
Data 2025.xlsx,2000,2025-03-09,2025-03,2025-W10,1,6,appe-0332-r01,Appe-0332-R01,حمص بيروتي,مقبلات (Appetizers),Appetizers,مقبلات (Appetizers),prepared_meal,فتة وصنوبر,فتة وصنوبر,,فتة وصنوبر,المعذر,بلدية,بلدية المعذر,False,True,العد الكلي للبكتيريا,العد الكلي للبكتيريا,1,,العد الكلي للبكتيريا,False,indicator_only,,2,True
Data 2025.xlsx,2001,2025-03-09,2025-03,2025-W10,1,6,appe-0333-r01,Appe-0333-R01,متبل شمندر,مقبلات (Appetizers),Appetizers,مقبلات (Appetizers),prepared_meal,فتة وصنوبر,فتة وصنوبر,,فتة وصنوبر,المعذر,بلدية,بلدية المعذر,True,False,لا يوجد,,0,,,False,none,,2,True
Data 2025.xlsx,2002,2025-03-09,2025-03,2025-W10,1,6,appe-0334-r01,Appe-0334-R01,متبل,مقبلات (Appetizers),Appetizers,مقبلات (Appetizers),prepared_meal,فتة وصنوبر,فتة وصنوبر,,فتة وصنوبر,المعذر,بلدية,بلدية المعذر,True,False,لا يوجد,,0,,,False,none,,2,True
Data 2025.xlsx,2003,2025-03-09,2025-03,2025-W10,1,6,appe-0335-r01,Appe-0335-R01,حمص,مقبلات (Appetizers),Appetizers,مقبلات (Appetizers),prepared_meal,فتة وصنوبر,فتة وصنوبر,,فتة وصنوبر,المعذر,بلدية,بلدية المعذر,False,True,العد الكلي للبكتيريا,العد الكلي للبكتيريا,1,,العد الكلي للبكتيريا,False,indicator_only,,3,True
Data 2025.xlsx,2006,2025-03-09,2025-03,2025-W10,1,6,appe-0336-r01,Appe-0336-R01,تبولة,مقبلات (Appetizers),Appetizers,مقبلات (Appetizers),prepared_meal,فتة وصنوبر,فتة وصنوبر,,فتة وصنوبر,المعذر,بلدية,بلدية المعذر,False,True,ايشيريشيا كولاي | السالمونيلا,ايشيريشيا كولاي | السالمونيلا,2,ايشيريشيا كولاي | السالمونيلا,,True,multi_pathogen,,4,True
Data 2025.xlsx,1979,2025-03-09,2025-03,2025-W10,1,6,bu-0017-r01,Bu-0017-R01,برغل,البرغل (Bulgur),Bulgur,البرغل (Bulgur),produce,بيت عمر,بيت عمر,,بيت عمر,المعذر,بلدية,بلدية المعذر,True,False,لا يوجد,,0,,,False,none,,1,False
Data 2025.xlsx,1970,2025-03-09,2025-03,2025-W10,1,6,chee-0680-r01,Chee-0680-R01,جبنة شيدر,(cheese) جبنة,cheese,(cheese) جبنة,dairy,تميسة,تميسة,,تميسة,المعذر,بلدية,بلدية المعذر,True,False,لا يوجد,,0,,,False,none,,2,True
Data 2025.xlsx,1967,2025-03-09,2025-03,2025-W10,1,6,cm-0087-r01,Cm-0087-R01,مقلقل لحم,اللحوم المطبوخة (Cooked meat),Cooked meat,اللحوم المطبوخة (Cooked meat),cooked_meat_poultry,تميسة,تميسة,,تميسة,المعذر,بلدية,بلدية المعذر,True,False,لا يوجد,,0,,,False,none,,2,True
Data 2025.xlsx,1969,2025-03-09,2025-03,2025-W10,1,6,cre-0036-r01,Cre-0036-R01,شبية القشطة,(cream) قشطة,cream,القشطة (cream),dairy,تميسة,تميسة,,تميسة,المعذر,بلدية,بلدية المعذر,True,False,لا يوجد,,0,,,False,none,category_merged_to_canonical,2,True
Data 2025.xlsx,1966,2025-03-09,2025-03,2025-W10,1,6,eggs-0097-r01,eggs-0097-R01,شكشوكة,البيض ومنتجاته ( eggs and products),eggs and products,البيض ومنتجاته ( eggs and products),dairy,تميسة,تميسة,,تميسة,المعذر,بلدية,بلدية المعذر,True,False,لا يوجد,,0,,,False,none,,2,True
Data 2025.xlsx,1968,2025-03-09,2025-03,2025-W10,1,6,eggs-0098-r01,eggs-0098-R01,شكشوكة عدني,البيض ومنتجاته ( eggs and products),eggs and products,البيض ومنتجاته ( eggs and products),dairy,تميسة,تميسة,,تميسة,المعذر,بلدية,بلدية المعذر,True,False,لا يوجد,,0,,,False,none,,2,True
Data 2025.xlsx,1974,2025-03-09,2025-03,2025-W10,1,6,fl-0013-r01,fl-0013-R01,فيمتو مضاف ماء وسكر,شراب بنكهة و مركزاتها ( flavoured drink & its concentrates ),flavoured drink & its concentrates,شراب بنكهة و مركزاتها ( flavoured drink & its concentrates ),sauce_condiment,تميسة,تميسة,,تميسة,المعذر,بلدية,بلدية المعذر,False,True,العد الكلي للبكتيريا,العد الكلي للبكتيريا,1,,العد الكلي للبكتيريا,False,indicator_only,,3,True
Data 2025.xlsx,1981,2025-03-09,2025-03,2025-W10,1,6,gr-0146-r01,gr-0146-R01,ورق عنب,ورق عنب (Grape leaves),Grape leaves,ورق عنب (Grape leaves),produce,بيت عمر,بيت عمر,,بيت عمر,المعذر,بلدية,بلدية المعذر,True,False,لا يوجد,,0,,,False,none,,1,False
Data 2025.xlsx,1971,2025-03-09,2025-03,2025-W10,1,6,ho-0216-r01,ho-0216-R01,عسل,(Honey) عسل النحل,Honey,(Honey) عسل النحل,sweets_bakery,تميسة,تميسة,,تميسة,المعذر,بلدية,بلدية المعذر,True,False,لا يوجد,,0,,,False,none,,2,True
Data 2025.xlsx,1995,2025-03-09,2025-03,2025-W10,1,6,kib-0017-r01,Kib-0017-R01,كبة لحم,(Kibbeh) كبه,Kibbeh,(Kibbeh) كبه,prepared_meal,بيت عمر,بيت عمر,,بيت عمر,المعذر,بلدية,بلدية المعذر,True,False,لا يوجد,,0,,,False,none,,3,True
Data 2025.xlsx,1997,2025-03-09,2025-03,2025-W10,1,6,kib-0018-r01,Kib-0018-R01,كبة دجاج,(Kibbeh) كبه,Kibbeh,(Kibbeh) كبه,prepared_meal,بيت عمر,بيت عمر,,بيت عمر,المعذر,بلدية,بلدية المعذر,True,False,لا يوجد,,0,,,False,none,,3,True
Data 2025.xlsx,1977,2025-03-09,2025-03,2025-W10,1,6,mola-0032-r01,mola-0032-R01,دبس رمان,( Molasses) دبس,Molasses,( Molasses) دبس,sauce_condiment,بيت عمر,بيت عمر,,بيت عمر,المعذر,بلدية,بلدية المعذر,True,False,لا يوجد,,0,,,False,none,,1,False
Data 2025.xlsx,2004,2025-03-09,2025-03,2025-W10,1,6,mola-0033-r01,mola-0033-R01,دبس رمان,( Molasses) دبس,Molasses,( Molasses) دبس,sauce_condiment,فتة وصنوبر,فتة وصنوبر,,فتة وصنوبر,المعذر,بلدية,بلدية المعذر,True,False,لا يوجد,,0,,,False,none,,3,True
Data 2025.xlsx,2012,2025-03-09,2025-03,2025-W10,1,6,ri-0038-r01,ri-0038-R01,رز ابيض مع شعيرة,وجبات الرز Rice meal,Rice meal,وجبات الرز Rice meal,prepared_meal,فتة وصنوبر,فتة وصنوبر,,فتة وصنوبر,المعذر,بلدية,بلدية المعذر,True,False,لا يوجد,,0,,,False,none,,5,True
Data 2025.xlsx,2005,2025-03-09,2025-03,2025-W10,1,6,sal-1143-r01,Sal-1143-R01,سلطة خضراء,السلطة(Salad),Salad,السلطة(Salad),produce,فتة وصنوبر,فتة وصنوبر,,فتة وصنوبر,المعذر,بلدية,بلدية المعذر,True,False,لا يوجد,,0,,,False,none,,3,True
Data 2025.xlsx,1975,2025-03-09,2025-03,2025-W10,1,6,sau-1235-r01,sau-1235-R01,صوص فتة,صوص (sauce),sauce,صوص (sauce),sauce_condiment,بيت عمر,بيت عمر,,بيت عمر,المعذر,بلدية,بلدية المعذر,False,True,العد الكلي للبكتيريا | انتيروباكتريسي,العد الكلي للبكتيريا | انتيروباكتريسي,2,,العد الكلي للبكتيريا | انتيروباكتريسي,False,indicator_only,,1,False
Data 2025.xlsx,1985,2025-03-09,2025-03,2025-W10,1,6,sau-1236-r01,sau-1236-R01,صوص سيزر,صوص (sauce),sauce,صوص (sauce),sauce_condiment,بيت عمر,بيت عمر,,بيت عمر,المعذر,بلدية,بلدية المعذر,True,False,لا يوجد,,0,,,False,none,,2,True
Data 2025.xlsx,1987,2025-03-09,2025-03,2025-W10,1,6,sau-1237-r01,sau-1237-R01,صوص تبولة,صوص (sauce),sauce,صوص (sauce),sauce_condiment,بيت عمر,بيت عمر,,بيت عمر,المعذر,بلدية,بلدية المعذر,True,False,لا يوجد,,0,,,False,none,,2,True
Data 2025.xlsx,1988,2025-03-09,2025-03,2025-W10,1,6,sau-1238-r01,sau-1238-R01,صوص فتوش,صوص (sauce),sauce,صوص (sauce),sauce_condiment,بيت عمر,بيت عمر,,بيت عمر,المعذر,بلدية,بلدية المعذر,True,False,لا يوجد,,0,,,False,none,,2,True
Data 2025.xlsx,1961,2025-03-09,2025-03,2025-W10,1,6,sw-2564-r01,sw-2564-R01,مسحة يد عامل,(Swabs) المسحات,Swabs,(Swabs) المسحات,swab,تميسة,تميسة,,تميسة,المعذر,بلدية,بلدية المعذر,False,True,العد الكلي للبكتيريا | استافيلوكوكس اورياس,العد الكلي للبكتيريا | استافيلوكوكس اورياس,2,استافيلوكوكس اورياس,العد الكلي للبكتيريا,True,pathogen,,1,False
Data 2025.xlsx,1973,2025-03-09,2025-03,2025-W10,1,6,sw-2565-r01,sw-2565-R01,مسحة حافظة فلافل,(Swabs) المسحات,Swabs,(Swabs) المسحات,swab,تميسة,تميسة,,تميسة,المعذر,بلدية,بلدية المعذر,True,False,لا يوجد,,0,,,False,none,,2,True
Data 2025.xlsx,1989,2025-03-09,2025-03,2025-W10,1,6,sw-2566-r01,sw-2566-R01,مسحة ثلاجة,(Swabs) المسحات,Swabs,(Swabs) المسحات,swab,بيت عمر,بيت عمر,,بيت عمر,المعذر,بلدية,بلدية المعذر,True,False,لا يوجد,,0,,,False,none,,2,True
Data 2025.xlsx,1990,2025-03-09,2025-03,2025-W10,1,6,sw-2567-r01,sw-2567-R01,مسحة ثلاجة,(Swabs) المسحات,Swabs,(Swabs) المسحات,swab,بيت عمر,بيت عمر,,بيت عمر,المعذر,بلدية,بلدية المعذر,True,False,لا يوجد,,0,,,False,none,,2,True
Data 2025.xlsx,1991,2025-03-09,2025-03,2025-W10,1,6,sw-2568-r01,sw-2568-R01,مسحة طاولة قطاعة خبز,(Swabs) المسحات,Swabs,(Swabs) المسحات,swab,بيت عمر,بيت عمر,,بيت عمر,المعذر,بلدية,بلدية المعذر,False,True,العد الكلي للبكتيريا,العد الكلي للبكتيريا,1,,العد الكلي للبكتيريا,False,indicator_only,,3,True
Data 2025.xlsx,1992,2025-03-09,2025-03,2025-W10,1,6,sw-2569-r01,sw-2569-R01,مسحة سخان (الفطائر),(Swabs) المسحات,Swabs,(Swabs) المسحات,swab,بيت عمر,بيت عمر,,بيت عمر,المعذر,بلدية,بلدية المعذر,True,False,لا يوجد,,0,,,False,none,,3,True
Data 2025.xlsx,1993,2025-03-09,2025-03,2025-W10,1,6,sw-2570-r01,sw-2570-R01,مسحة ثلاجة مقبلات,(Swabs) المسحات,Swabs,(Swabs) المسحات,swab,بيت عمر,بيت عمر,,بيت عمر,المعذر,بلدية,بلدية المعذر,True,False,لا يوجد,,0,,,False,none,,3,True
Data 2025.xlsx,2008,2025-03-09,2025-03,2025-W10,1,6,sw-2571-r01,sw-2571-R01,مسحة ثلاجة,(Swabs) المسحات,Swabs,(Swabs) المسحات,swab,فتة وصنوبر,فتة وصنوبر,,فتة وصنوبر,المعذر,بلدية,بلدية المعذر,True,False,لا يوجد,,0,,,False,none,,4,True
Data 2025.xlsx,2009,2025-03-09,2025-03,2025-W10,1,6,sw-2572-r01,sw-2572-R01,مسحة ثلاجة,(Swabs) المسحات,Swabs,(Swabs) المسحات,swab,فتة وصنوبر,فتة وصنوبر,,فتة وصنوبر,المعذر,بلدية,بلدية المعذر,True,False,لا يوجد,,0,,,False,none,,4,True
Data 2025.xlsx,2010,2025-03-09,2025-03,2025-W10,1,6,sw-2573-r01,sw-2573-R01,مسحة ثلاجة,(Swabs) المسحات,Swabs,(Swabs) المسحات,swab,فتة وصنوبر,فتة وصنوبر,,فتة وصنوبر,المعذر,بلدية,بلدية المعذر,True,False,لا يوجد,,0,,,False,none,,4,True
Data 2025.xlsx,2011,2025-03-09,2025-03,2025-W10,1,6,sw-2574-r01,sw-2574-R01,مسحة طاولة تقطيع لحم (مطبوخه),(Swabs) المسحات,Swabs,(Swabs) المسحات,swab,فتة وصنوبر,فتة وصنوبر,,فتة وصنوبر,المعذر,بلدية,بلدية المعذر,False,True,العد الكلي للبكتيريا,العد الكلي للبكتيريا,1,,العد الكلي للبكتيريا,False,indicator_only,,5,True
Data 2025.xlsx,1962,2025-03-09,2025-03,2025-W10,1,6,sweet-0835-r01,sweet-0835-R01,لقيمات,الحلا(sweetness),sweetness,الحلا(sweetness),sweets_bakery,تميسة,تميسة,,تميسة,المعذر,بلدية,بلدية المعذر,True,False,لا يوجد,,0,,,False,none,,1,False
Data 2025.xlsx,8259,2025-03-09,2025-03,2025-W10,1,6,ubot-1079-r01,Ubot-1079-R01,مياه حنفية للغسيل,المياه الغير معبأة (Unbottled water),Unbottled water,المياه الغير المعبأة (Unbottled water),water,مؤسسة ليان للخضار والفواكه,مؤسسة ليان للخضار والفواكه,,مؤسسة ليان للخضار والفواكه,النسيم,بلدية,بلدية النسيم,True,False,لا يوجد,,0,,,False,none,category_merged_to_canonical,0,False
Data 2025.xlsx,2007,2025-03-09,2025-03,2025-W10,1,6,zucc-0047-r01,zucc-0047-R01,كوسة محشي رز,Zucchini ( الكوسة ),Zucchini,Zucchini ( الكوسة ),produce,فتة وصنوبر,فتة وصنوبر,,فتة وصنوبر,المعذر,بلدية,بلدية المعذر,True,False,لا يوجد,,0,,,False,none,,4,True
Data 2025.xlsx,2023,2025-03-10,2025-03,2025-W11,1,0,1-2843-R01,1-2843-R01,رز اصفر,الارز ( rice),rice,الارز ( rice),prepared_meal,مطعم فروج الكروان,مطعم فروج الكروان,,مطعم فروج الكروان,المعذر,بلدية,بلدية المعذر,True,False,لا يوجد,,0,,,False,none,,1,False
Data 2025.xlsx,2024,2025-03-10,2025-03,2025-W11,1,0,1-2844-R01,1-2844-R01,رز ابيض,الارز ( rice),rice,الارز ( rice),prepared_meal,مطعم فروج الكروان,مطعم فروج الكروان,,مطعم فروج الكروان,المعذر,بلدية,بلدية المعذر,True,False,لا يوجد,,0,,,False,none,,1,False
Data 2025.xlsx,2021,2025-03-10,2025-03,2025-W11,1,0,O-O-ro-0164-R01,O-O-ro-0164-R01,قطع الجرجير,الجرجير (rocket),rocket,الجرجير (rocket),produce,مطعم فروج الكروان,مطعم فروج الكروان,,مطعم فروج الكروان,المعذر,بلدية,بلدية المعذر,True,False,لا يوجد,,0,,,False,none,,1,False
Data 2025.xlsx,2022,2025-03-10,2025-03,2025-W11,1,0,OOSSU-ok-0068-R01,OOSSU-ok-0068-R01,ايدام بامية,البامية (okra),okra,البامية (okra),other,مطعم فروج الكروان,مطعم فروج الكروان,,مطعم فروج الكروان,المعذر,بلدية,بلدية المعذر,True,False,لا يوجد,,0,,,False,none,sample_type_unbucketed,1,False
Data 2025.xlsx,2026,2025-03-10,2025-03,2025-W11,1,0,UU-ca-0103-R01,UU-ca-0103-R01,ملفوف محسي رز,الملفوف (cabbage),cabbage,الملفوف (cabbage),produce,مطعم فروج الكروان,مطعم فروج الكروان,,مطعم فروج الكروان,المعذر,بلدية,بلدية المعذر,True,False,لا يوجد,,0,,,False,none,,1,False
Data 2025.xlsx,2014,2025-03-10,2025-03,2025-W11,1,0,appe-0337-r01,Appe-0337-R01,محمرة (فلفل),مقبلات (Appetizers),Appetizers,مقبلات (Appetizers),prepared_meal,مطعم فروج الكروان,مطعم فروج الكروان,,مطعم فروج الكروان,المعذر,بلدية,بلدية المعذر,True,False,لا يوجد,,0,,,False,none,,1,False
Data 2025.xlsx,2015,2025-03-10,2025-03,2025-W11,1,0,appe-0338-r01,Appe-0338-R01,متبل,مقبلات (Appetizers),Appetizers,مقبلات (Appetizers),prepared_meal,مطعم فروج الكروان,مطعم فروج الكروان,,مطعم فروج الكروان,المعذر,بلدية,بلدية المعذر,True,False,لا يوجد,,0,,,False,none,,1,False
Data 2025.xlsx,2016,2025-03-10,2025-03,2025-W11,1,0,appe-0339-r01,Appe-0339-R01,محمرة,مقبلات (Appetizers),Appetizers,مقبلات (Appetizers),prepared_meal,مطعم فروج الكروان,مطعم فروج الكروان,,مطعم فروج الكروان,المعذر,بلدية,بلدية المعذر,True,False,لا يوجد,,0,,,False,none,,1,False
Data 2025.xlsx,2017,2025-03-10,2025-03,2025-W11,1,0,appe-0340-r01,Appe-0340-R01,متبل حار,مقبلات (Appetizers),Appetizers,مقبلات (Appetizers),prepared_meal,مطعم فروج الكروان,مطعم فروج الكروان,,مطعم فروج الكروان,المعذر,بلدية,بلدية المعذر,True,False,لا يوجد,,0,,,False,none,,1,False
Data 2025.xlsx,2018,2025-03-10,2025-03,2025-W11,1,0,appe-0341-r01,Appe-0341-R01,مقبلات تارتور,مقبلات (Appetizers),Appetizers,مقبلات (Appetizers),prepared_meal,مطعم فروج الكروان,مطعم فروج الكروان,,مطعم فروج الكروان,المعذر,بلدية,بلدية المعذر,True,False,لا يوجد,,0,,,False,none,,1,False
Data 2025.xlsx,2019,2025-03-10,2025-03,2025-W11,1,0,appe-0342-r01,Appe-0342-R01,بابا غنوج,مقبلات (Appetizers),Appetizers,مقبلات (Appetizers),prepared_meal,مطعم فروج الكروان,مطعم فروج الكروان,,مطعم فروج الكروان,المعذر,بلدية,بلدية المعذر,True,False,لا يوجد,,0,,,False,none,,1,False
Data 2025.xlsx,2020,2025-03-10,2025-03,2025-W11,1,0,appe-0343-r01,Appe-0343-R01,حمص,مقبلات (Appetizers),Appetizers,مقبلات (Appetizers),prepared_meal,مطعم فروج الكروان,مطعم فروج الكروان,,مطعم فروج الكروان,المعذر,بلدية,بلدية المعذر,True,False,لا يوجد,,0,,,False,none,,1,False
Data 2025.xlsx,2027,2025-03-10,2025-03,2025-W11,1,0,appe-0344-r01,Appe-0344-R01,تبولة,مقبلات (Appetizers),Appetizers,مقبلات (Appetizers),prepared_meal,مطعم فروج الكروان,مطعم فروج الكروان,,مطعم فروج الكروان,المعذر,بلدية,بلدية المعذر,False,True,استافيلوكوكس اورياس,استافيلوكوكس اورياس,1,استافيلوكوكس اورياس,,True,pathogen,,2,True
Data 2025.xlsx,2035,2025-03-10,2025-03,2025-W11,1,0,cm-0088-r01,Cm-0088-R01,قطع شاورما لحم (عروس البحر),اللحوم المطبوخة (Cooked meat),Cooked meat,اللحوم المطبوخة (Cooked meat),cooked_meat_poultry,مطعم فروج الكروان,مطعم فروج الكروان,,مطعم فروج الكروان,المعذر,بلدية,بلدية المعذر,True,False,لا يوجد,,0,,,False,none,,4,True
Data 2025.xlsx,2038,2025-03-10,2025-03,2025-W11,1,0,fl-0014-r01,fl-0014-R01,فيمتو عصير مضاف سكر,شراب بنكهة و مركزاتها ( flavoured drink & its concentrates ),flavoured drink & its concentrates,شراب بنكهة و مركزاتها ( flavoured drink & its concentrates ),sauce_condiment,مطعم فروج الكروان,مطعم فروج الكروان,,مطعم فروج الكروان,المعذر,بلدية,بلدية المعذر,False,True,العد الكلي للبكتيريا,العد الكلي للبكتيريا,1,,العد الكلي للبكتيريا,False,indicator_only,,6,True
Data 2025.xlsx,2025,2025-03-10,2025-03,2025-W11,1,0,gr-0147-r01,gr-0147-R01,ورق عنب,ورق عنب (Grape leaves),Grape leaves,ورق عنب (Grape leaves),produce,مطعم فروج الكروان,مطعم فروج الكروان,,مطعم فروج الكروان,المعذر,بلدية,بلدية المعذر,True,False,لا يوجد,,0,,,False,none,,1,False
Data 2025.xlsx,2037,2025-03-10,2025-03,2025-W11,1,0,jui-0396-r01,jui-0396-R01,عصير كوكتيل,العصائر الطازجة Un-pasteurized juices (fresh),fresh,العصائر الطازجة Un-pasteurized juices (fresh),beverage,مطعم فروج الكروان,مطعم فروج الكروان,,مطعم فروج الكروان,المعذر,بلدية,بلدية المعذر,True,False,لا يوجد,,0,,,False,none,,5,True
Data 2025.xlsx,2040,2025-03-10,2025-03,2025-W11,1,0,jui-0397-r01,jui-0397-R01,عصير مانجا,العصائر الطازجة Un-pasteurized juices (fresh),fresh,العصائر الطازجة Un-pasteurized juices (fresh),beverage,مطعم فروج الكروان,مطعم فروج الكروان,,مطعم فروج الكروان,المعذر,بلدية,بلدية المعذر,False,True,الخمائر والاعفان,الخمائر والاعفان,1,,الخمائر والاعفان,False,indicator_only,,7,True
Data 2025.xlsx,2041,2025-03-10,2025-03,2025-W11,1,0,jui-0398-r01,jui-0398-R01,عصير ليمون مضاف سكر,العصائر الطازجة Un-pasteurized juices (fresh),fresh,العصائر الطازجة Un-pasteurized juices (fresh),beverage,مطعم فروج الكروان,مطعم فروج الكروان,,مطعم فروج الكروان,المعذر,بلدية,بلدية المعذر,True,False,لا يوجد,,0,,,False,none,,7,True
Data 2025.xlsx,2030,2025-03-10,2025-03,2025-W11,1,0,mola-0034-r01,mola-0034-R01,ديس رمان,( Molasses) دبس,Molasses,( Molasses) دبس,sauce_condiment,مطعم فروج الكروان,مطعم فروج الكروان,,مطعم فروج الكروان,المعذر,بلدية,بلدية المعذر,True,False,لا يوجد,,0,,,False,none,,2,True
Data 2025.xlsx,2031,2025-03-10,2025-03,2025-W11,1,0,raw-0061-r01,Raw-0061-R01,كباب لحم (ني),لحوم نيئة مبردة ومجمدة (Raw meat Cold or chilled ),Raw meat Cold or chilled,لحوم نيئة مبردة ومجمدة (Raw meat Cold or chilled ),raw_meat,مطعم فروج الكروان,مطعم فروج الكروان,,مطعم فروج الكروان,المعذر,بلدية,بلدية المعذر,False,True,العد الكلي للبكتيريا,العد الكلي للبكتيريا,1,,العد الكلي للبكتيريا,False,indicator_only,,3,True
Data 2025.xlsx,2043,2025-03-10,2025-03,2025-W11,1,0,sa-0902-r01,sa-0902-R01,طحينة,طحينة,,طحينة,sauce_condiment,مطعم فروج الكروان,مطعم فروج الكروان,,مطعم فروج الكروان,المعذر,بلدية,بلدية المعذر,False,True,استافيلوكوكس اورياس,استافيلوكوكس اورياس,1,استافيلوكوكس اورياس,,True,pathogen,,8,True
Data 2025.xlsx,2013,2025-03-10,2025-03,2025-W11,1,0,sal-1144-r01,Sal-1144-R01,سلطة زينون,السلطة(Salad),Salad,السلطة(Salad),produce,مطعم فروج الكروان,مطعم فروج الكروان,,مطعم فروج الكروان,المعذر,بلدية,بلدية المعذر,False,True,خمائر,الخمائر والاعفان,1,,الخمائر والاعفان,False,indicator_only,,1,False
Data 2025.xlsx,2028,2025-03-10,2025-03,2025-W11,1,0,sal-1145-r01,Sal-1145-R01,سلطة خضراء,السلطة(Salad),Salad,السلطة(Salad),produce,مطعم فروج الكروان,مطعم فروج الكروان,,مطعم فروج الكروان,المعذر,بلدية,بلدية المعذر,True,False,لا يوجد,,0,,,False,none,,2,True
Data 2025.xlsx,2032,2025-03-10,2025-03,2025-W11,1,0,sal-1146-r01,Sal-1146-R01,سلطة مشاوي,السلطة(Salad),Salad,السلطة(Salad),produce,مطعم فروج الكروان,مطعم فروج الكروان,,مطعم فروج الكروان,المعذر,بلدية,بلدية المعذر,True,False,لا يوجد,,0,,,False,none,,3,True
Data 2025.xlsx,2029,2025-03-10,2025-03,2025-W11,1,0,sau-1239-r01,sau-1239-R01,صوص ثوم,صوص (sauce),sauce,صوص (sauce),sauce_condiment,مطعم فروج الكروان,مطعم فروج الكروان,,مطعم فروج الكروان,المعذر,بلدية,بلدية المعذر,True,False,لا يوجد,,0,,,False,none,,2,True
Data 2025.xlsx,2033,2025-03-10,2025-03,2025-W11,1,0,sau-1240-r01,sau-1240-R01,صوص مشويات,صوص (sauce),sauce,صوص (sauce),sauce_condiment,مطعم فروج الكروان,مطعم فروج الكروان,,مطعم فروج الكروان,المعذر,بلدية,بلدية المعذر,False,True,العد الكلي للبكتيريا,العد الكلي للبكتيريا,1,,العد الكلي للبكتيريا,False,indicator_only,,4,True
Data 2025.xlsx,2036,2025-03-10,2025-03,2025-W11,1,0,sau-1241-r01,sau-1241-R01,صوص خردل,صوص (sauce),sauce,صوص (sauce),sauce_condiment,مطعم فروج الكروان,مطعم فروج الكروان,,مطعم فروج الكروان,المعذر,بلدية,بلدية المعذر,False,True,العد الكلي للبكتيريا,العد الكلي للبكتيريا,1,,العد الكلي للبكتيريا,False,indicator_only,,5,True
Data 2025.xlsx,2042,2025-03-10,2025-03,2025-W11,1,0,sau-1242-r01,sau-1242-R01,كتشاب مع شطة,صوص (sauce),sauce,صوص (sauce),sauce_condiment,مطعم فروج الكروان,مطعم فروج الكروان,,مطعم فروج الكروان,المعذر,بلدية,بلدية المعذر,True,False,لا يوجد,,0,,,False,none,,7,True
Data 2025.xlsx,2034,2025-03-10,2025-03,2025-W11,1,0,sw-2575-r01,sw-2575-R01,مسحة عصارة تفاح,(Swabs) المسحات,Swabs,(Swabs) المسحات,swab,مطعم فروج الكروان,مطعم فروج الكروان,,مطعم فروج الكروان,المعذر,بلدية,بلدية المعذر,True,False,لا يوجد,,0,,,False,none,,4,True
Data 2025.xlsx,2044,2025-03-10,2025-03,2025-W11,1,0,sw-2576-r01,sw-2576-R01,مسحة قطاعة شاورما دجاج,(Swabs) المسحات,Swabs,(Swabs) المسحات,swab,مطعم فروج الكروان,مطعم فروج الكروان,,مطعم فروج الكروان,المعذر,بلدية,بلدية المعذر,False,True,العد الكلي للبكتيريا,العد الكلي للبكتيريا,1,,العد الكلي للبكتيريا,False,indicator_only,,9,True
Data 2025.xlsx,2045,2025-03-10,2025-03,2025-W11,1,0,sw-2577-r01,sw-2577-R01,مسحة ثلاجة,(Swabs) المسحات,Swabs,(Swabs) المسحات,swab,مطعم فروج الكروان,مطعم فروج الكروان,,مطعم فروج الكروان,المعذر,بلدية,بلدية المعذر,True,False,لا يوجد,,0,,,False,none,,9,True
Data 2025.xlsx,2046,2025-03-10,2025-03,2025-W11,1,0,sw-2578-r01,sw-2578-R01,مسحة عصارة برتقال,(Swabs) المسحات,Swabs,(Swabs) المسحات,swab,مطعم فروج الكروان,مطعم فروج الكروان,,مطعم فروج الكروان,المعذر,بلدية,بلدية المعذر,True,False,لا يوجد,,0,,,False,none,,9,True
Data 2025.xlsx,2047,2025-03-10,2025-03,2025-W11,1,0,sw-2579-r01,sw-2579-R01,مسحة ثلاجة,(Swabs) المسحات,Swabs,(Swabs) المسحات,swab,مطعم فروج الكروان,مطعم فروج الكروان,,مطعم فروج الكروان,المعذر,بلدية,بلدية المعذر,True,False,لا يوجد,,0,,,False,none,,9,True
Data 2025.xlsx,2048,2025-03-10,2025-03,2025-W11,1,0,sw-2580-r01,sw-2580-R01,مسحة طاولة تقطيع فواكه,(Swabs) المسحات,Swabs,(Swabs) المسحات,swab,مطعم فروج الكروان,مطعم فروج الكروان,,مطعم فروج الكروان,المعذر,بلدية,بلدية المعذر,False,True,العد الكلي للبكتيريا,العد الكلي للبكتيريا,1,,العد الكلي للبكتيريا,False,indicator_only,,10,True
Data 2025.xlsx,2049,2025-03-10,2025-03,2025-W11,1,0,sw-2581-r01,sw-2581-R01,مسحة ثلاجة قطع فواكه,(Swabs) المسحات,Swabs,(Swabs) المسحات,swab,مطعم فروج الكروان,مطعم فروج الكروان,,مطعم فروج الكروان,المعذر,بلدية,بلدية المعذر,True,False,لا يوجد,,0,,,False,none,,10,True
Data 2025.xlsx,2050,2025-03-10,2025-03,2025-W11,1,0,sw-2582-r01,sw-2582-R01,مسحة ثلاجة مشويات,(Swabs) المسحات,Swabs,(Swabs) المسحات,swab,مطعم فروج الكروان,مطعم فروج الكروان,,مطعم فروج الكروان,المعذر,بلدية,بلدية المعذر,True,False,لا يوجد,,0,,,False,none,,10,True
Data 2025.xlsx,2051,2025-03-10,2025-03,2025-W11,1,0,sw-2583-r01,sw-2583-R01,مسحة صانعة ثلج,(Swabs) المسحات,Swabs,(Swabs) المسحات,swab,مطعم فروج الكروان,مطعم فروج الكروان,,مطعم فروج الكروان,المعذر,بلدية,بلدية المعذر,True,False,لا يوجد,,0,,,False,none,,10,True
Data 2025.xlsx,2052,2025-03-10,2025-03,2025-W11,1,0,sw-2584-r01,sw-2584-R01,مسحة ثلاجة مقبلات,(Swabs) المسحات,Swabs,(Swabs) المسحات,swab,مطعم فروج الكروان,مطعم فروج الكروان,,مطعم فروج الكروان,المعذر,بلدية,بلدية المعذر,True,False,لا يوجد,,0,,,False,none,,10,True
Data 2025.xlsx,2053,2025-03-10,2025-03,2025-W11,1,0,sw-2585-r01,sw-2585-R01,مسحة ثلاجة المقبلات,(Swabs) المسحات,Swabs,(Swabs) المسحات,swab,مطعم فروج الكروان,مطعم فروج الكروان,,مطعم فروج الكروان,المعذر,بلدية,بلدية المعذر,True,False,لا يوجد,,0,,,False,none,,10,True
Data 2025.xlsx,2054,2025-03-10,2025-03,2025-W11,1,0,sw-2586-r01,sw-2586-R01,مسحة ثلاجة طبخ,(Swabs) المسحات,Swabs,(Swabs) المسحات,swab,مطعم فروج الكروان,مطعم فروج الكروان,,مطعم فروج الكروان,المعذر,بلدية,بلدية المعذر,True,False,لا يوجد,,0,,,False,none,,10,True
Data 2025.xlsx,2039,2025-03-10,2025-03,2025-W11,1,0,yog-0003-r01,yog-0003-R01,لبن عيران,اللبان (yogurt),yogurt,اللبان (yogurt),dairy,مطعم فروج الكروان,مطعم فروج الكروان,,مطعم فروج الكروان,المعذر,بلدية,بلدية المعذر,True,False,لا يوجد,,0,,,False,none,,6,True
Data 2025.xlsx,2065,2025-03-11,2025-03,2025-W11,1,1,O-U-to-0577-R01,O-U-to-0577-R01,شرائح طماطم,الطماطم (Tomatoes),Tomatoes,الطماطم (Tomatoes),produce,ماكدونالدز,ماكدونالدز,,ماكدونالدز,العليا,بلدية,بلدية العليا,True,False,لا يوجد,,0,,,False,none,,0,False
Data 2025.xlsx,2064,2025-03-11,2025-03,2025-W11,1,1,O-r-O3-le-0303-R01,O-r-O3-le-0303-R01,قطع خس,الخس (Lettuce),Lettuce,الخس (Lettuce),produce,ماكدونالدز,ماكدونالدز,,ماكدونالدز,العليا,بلدية,بلدية العليا,True,False,لا يوجد,,0,,,False,none,,0,False
Data 2025.xlsx,2068,2025-03-11,2025-03,2025-W11,1,1,OO-OSS-po-0342-R01,OO-OSS-po-0342-R01,بطاطس مقلي,البطاطس (potatoes),potatoes,البطاطس (potatoes),produce,ماكدونالدز,ماكدونالدز,,ماكدونالدز,العليا,بلدية,بلدية العليا,True,False,لا يوجد,,0,,,False,none,,0,False
Data 2025.xlsx,2099,2025-03-11,2025-03,2025-W11,1,1,OO-OSS-po-0343-R01,OO-OSS-po-0343-R01,بطاطس مقلي,البطاطس (potatoes),potatoes,البطاطس (potatoes),produce,شركة ملتقى الزاد للسياحة,شركة ملتقى الزاد للسياحة,,شركة ملتقى الزاد للسياحة,العليا,بلدية,بلدية العليا,True,False,لا يوجد,,0,,,False,none,,1,False
Data 2025.xlsx,2089,2025-03-11,2025-03,2025-W11,1,1,be-0020-r01,be-0020-R01,مشروب سبرايت,المشروبات الغازية (الغير كحولية) (Carbonated beverages) (non - alcoholic ),non - alcoholic,المشروبات الغازية (الغير كحولية) (Carbonated beverages) (non - alcoholic ),beverage,ماكدونالدز,ماكدونالدز,,ماكدونالدز,العليا,بلدية,بلدية العليا,False,True,العد الكلي للبكتيريا,العد الكلي للبكتيريا,1,,العد الكلي للبكتيريا,False,indicator_only,,3,True
Data 2025.xlsx,2108,2025-03-11,2025-03,2025-W11,1,1,be-0021-r01,be-0021-R01,مشروب ببسي,المشروبات الغازية (الغير كحولية) (Carbonated beverages) (non - alcoholic ),non - alcoholic,المشروبات الغازية (الغير كحولية) (Carbonated beverages) (non - alcoholic ),beverage,شركة ملتقى الزاد للسياحة,شركة ملتقى الزاد للسياحة,,شركة ملتقى الزاد للسياحة,العليا,بلدية,بلدية العليا,True,False,لا يوجد,,0,,,False,none,,3,True
Data 2025.xlsx,2109,2025-03-11,2025-03,2025-W11,1,1,be-0022-r01,be-0022-R01,مشروب ديو,المشروبات الغازية (الغير كحولية) (Carbonated beverages) (non - alcoholic ),non - alcoholic,المشروبات الغازية (الغير كحولية) (Carbonated beverages) (non - alcoholic ),beverage,شركة ملتقى الزاد للسياحة,شركة ملتقى الزاد للسياحة,,شركة ملتقى الزاد للسياحة,العليا,بلدية,بلدية العليا,True,False,لا يوجد,,0,,,False,none,,3,True
Data 2025.xlsx,2110,2025-03-11,2025-03,2025-W11,1,1,be-0023-r01,be-0023-R01,مريندا مشروب,المشروبات الغازية (الغير كحولية) (Carbonated beverages) (non - alcoholic ),non - alcoholic,المشروبات الغازية (الغير كحولية) (Carbonated beverages) (non - alcoholic ),beverage,شركة ملتقى الزاد للسياحة,شركة ملتقى الزاد للسياحة,,شركة ملتقى الزاد للسياحة,العليا,بلدية,بلدية العليا,True,False,لا يوجد,,0,,,False,none,,3,True
Data 2025.xlsx,2066,2025-03-11,2025-03,2025-W11,1,1,chee-0681-r01,Chee-0681-R01,جبن شرائح ابيض,(cheese) جبنة,cheese,(cheese) جبنة,dairy,ماكدونالدز,ماكدونالدز,,ماكدونالدز,العليا,بلدية,بلدية العليا,True,False,لا يوجد,,0,,,False,none,,0,False
Data 2025.xlsx,2071,2025-03-11,2025-03,2025-W11,1,1,chee-0682-r01,Chee-0682-R01,جلابينو بالجبنة,(cheese) جبنة,cheese,(cheese) جبنة,dairy,ماكدونالدز,ماكدونالدز,,ماكدونالدز,العليا,بلدية,بلدية العليا,True,False,لا يوجد,,0,,,False,none,,1,False
Data 2025.xlsx,2098,2025-03-11,2025-03,2025-W11,1,1,chee-0683-r01,Chee-0683-R01,شرائح جبنة شيدر,(cheese) جبنة,cheese,(cheese) جبنة,dairy,شركة ملتقى الزاد للسياحة,شركة ملتقى الزاد للسياحة,,شركة ملتقى الزاد للسياحة,العليا,بلدية,بلدية العليا,True,False,لا يوجد,,0,,,False,none,,1,False
Data 2025.xlsx,2067,2025-03-11,2025-03,2025-W11,1,1,co-0449-r01,co-0449-R01,ناجييتس دجاج,الدجاج المطبوخ (Cooked chicken),Cooked chicken,الدجاج المطبوخ (Cooked chicken),cooked_meat_poultry,ماكدونالدز,ماكدونالدز,,ماكدونالدز,العليا,بلدية,بلدية العليا,True,False,لا يوجد,,0,,,False,none,,0,False
Data 2025.xlsx,2069,2025-03-11,2025-03,2025-W11,1,1,co-0450-r01,co-0450-R01,قراند دجاج سبايسي,الدجاج المطبوخ (Cooked chicken),Cooked chicken,الدجاج المطبوخ (Cooked chicken),cooked_meat_poultry,ماكدونالدز,ماكدونالدز,,ماكدونالدز,العليا,بلدية,بلدية العليا,False,True,العد الكلي للبكتيريا,العد الكلي للبكتيريا,1,,العد الكلي للبكتيريا,False,indicator_only,,1,False
Data 2025.xlsx,2070,2025-03-11,2025-03,2025-W11,1,1,co-0451-r01,co-0451-R01,وينجز دجاج,الدجاج المطبوخ (Cooked chicken),Cooked chicken,الدجاج المطبوخ (Cooked chicken),cooked_meat_poultry,ماكدونالدز,ماكدونالدز,,ماكدونالدز,العليا,بلدية,بلدية العليا,True,False,لا يوجد,,0,,,False,none,,1,False
Data 2025.xlsx,2072,2025-03-11,2025-03,2025-W11,1,1,co-0452-r01,co-0452-R01,تشكن برجر,الدجاج المطبوخ (Cooked chicken),Cooked chicken,الدجاج المطبوخ (Cooked chicken),cooked_meat_poultry,ماكدونالدز,ماكدونالدز,,ماكدونالدز,العليا,بلدية,بلدية العليا,False,True,العد الكلي للبكتيريا,العد الكلي للبكتيريا,1,,العد الكلي للبكتيريا,False,indicator_only,,2,True
Data 2025.xlsx,2092,2025-03-11,2025-03,2025-W11,1,1,icecrea-0100-r01,icecrea-0100-R01,ايس كريم فانيلا,(ice cream) ايسكريم,ice cream,(ice cream) ايسكريم,dairy,ماكدونالدز,ماكدونالدز,,ماكدونالدز,العليا,بلدية,بلدية العليا,True,False,لا يوجد,,0,,,False,none,,3,True
Data 2025.xlsx,2111,2025-03-11,2025-03,2025-W11,1,1,icecrea-0101-r01,icecrea-0101-R01,ايس كريم فراولة,(ice cream) ايسكريم,ice cream,(ice cream) ايسكريم,dairy,شركة ملتقى الزاد للسياحة,شركة ملتقى الزاد للسياحة,,شركة ملتقى الزاد للسياحة,العليا,بلدية,بلدية العليا,False,True,انتيروباكتريسي,انتيروباكتريسي,1,,انتيروباكتريسي,False,indicator_only,,4,True
Data 2025.xlsx,2112,2025-03-11,2025-03,2025-W11,1,1,icecrea-0102-r01,icecrea-0102-R01,ايس كريم مانجا,(ice cream) ايسكريم,ice cream,(ice cream) ايسكريم,dairy,شركة ملتقى الزاد للسياحة,شركة ملتقى الزاد للسياحة,,شركة ملتقى الزاد للسياحة,العليا,بلدية,بلدية العليا,True,False,لا يوجد,,0,,,False,none,,4,True
Data 2025.xlsx,2090,2025-03-11,2025-03,2025-W11,1,1,jui-0399-r01,jui-0399-R01,عصير تفاح مضاف سكر,العصائر الطازجة Un-pasteurized juices (fresh),fresh,العصائر الطازجة Un-pasteurized juices (fresh),beverage,ماكدونالدز,ماكدونالدز,,ماكدونالدز,العليا,بلدية,بلدية العليا,True,False,لا يوجد,,0,,,False,none,,3,True
Data 2025.xlsx,2091,2025-03-11,2025-03,2025-W11,1,1,jui-0400-r01,jui-0400-R01,عصير برتقال مضاف سكر,العصائر الطازجة Un-pasteurized juices (fresh),fresh,العصائر الطازجة Un-pasteurized juices (fresh),beverage,ماكدونالدز,ماكدونالدز,,ماكدونالدز,العليا,بلدية,بلدية العليا,True,False,لا يوجد,,0,,,False,none,,3,True
Data 2025.xlsx,2063,2025-03-11,2025-03,2025-W11,1,1,pick-0342-r01,Pick-0342-R01,مخلل خيار,المخلل (Pickle),Pickle,المخلل (Pickle),sauce_condiment,ماكدونالدز,ماكدونالدز,,ماكدونالدز,العليا,بلدية,بلدية العليا,True,False,لا يوجد,,0,,,False,none,,0,False
Data 2025.xlsx,2117,2025-03-11,2025-03,2025-W11,1,1,sal-1147-r01,Sal-1147-R01,سلطة خضراء,السلطة(Salad),Salad,السلطة(Salad),produce,شركة ملتقى الزاد للسياحة,شركة ملتقى الزاد للسياحة,,شركة ملتقى الزاد للسياحة,العليا,بلدية,بلدية العليا,True,False,لا يوجد,,0,,,False,none,,4,True
Data 2025.xlsx,2118,2025-03-11,2025-03,2025-W11,1,1,sal-1148-r01,Sal-1148-R01,سلطة فتوش,السلطة(Salad),Salad,السلطة(Salad),produce,شركة ملتقى الزاد للسياحة,شركة ملتقى الزاد للسياحة,,شركة ملتقى الزاد للسياحة,العليا,بلدية,بلدية العليا,True,False,لا يوجد,,0,,,False,none,,4,True
Data 2025.xlsx,2055,2025-03-11,2025-03,2025-W11,1,1,sau-1243-r01,sau-1243-R01,صووص مايونيز,صوص (sauce),sauce,صوص (sauce),sauce_condiment,ماكدونالدز,ماكدونالدز,,ماكدونالدز,العليا,بلدية,بلدية العليا,True,False,لا يوجد,,0,,,False,none,,0,False
Data 2025.xlsx,2056,2025-03-11,2025-03,2025-W11,1,1,sau-1244-r01,sau-1244-R01,صوص بق تيستي,صوص (sauce),sauce,صوص (sauce),sauce_condiment,ماكدونالدز,ماكدونالدز,,ماكدونالدز,العليا,بلدية,بلدية العليا,True,False,لا يوجد,,0,,,False,none,,0,False
Data 2025.xlsx,2057,2025-03-11,2025-03,2025-W11,1,1,sau-1245-r01,sau-1245-R01,صوص بق ماك,صوص (sauce),sauce,صوص (sauce),sauce_condiment,ماكدونالدز,ماكدونالدز,,ماكدونالدز,العليا,بلدية,بلدية العليا,True,False,لا يوجد,,0,,,False,none,,0,False
Data 2025.xlsx,2058,2025-03-11,2025-03,2025-W11,1,1,sau-1246-r01,sau-1246-R01,صوص ثوم,صوص (sauce),sauce,صوص (sauce),sauce_condiment,ماكدونالدز,ماكدونالدز,,ماكدونالدز,العليا,بلدية,بلدية العليا,True,False,لا يوجد,,0,,,False,none,,0,False
Data 2025.xlsx,2059,2025-03-11,2025-03,2025-W11,1,1,sau-1247-r01,sau-1247-R01,صوص ماستر مايونيز,صوص (sauce),sauce,صوص (sauce),sauce_condiment,ماكدونالدز,ماكدونالدز,,ماكدونالدز,العليا,بلدية,بلدية العليا,True,False,لا يوجد,,0,,,False,none,,0,False
Data 2025.xlsx,2060,2025-03-11,2025-03,2025-W11,1,1,sau-1248-r01,sau-1248-R01,صوص بيري بيري,صوص (sauce),sauce,صوص (sauce),sauce_condiment,ماكدونالدز,ماكدونالدز,,ماكدونالدز,العليا,بلدية,بلدية العليا,True,False,لا يوجد,,0,,,False,none,,0,False
Data 2025.xlsx,2061,2025-03-11,2025-03,2025-W11,1,1,sau-1249-r01,sau-1249-R01,صوص كاتشب,صوص (sauce),sauce,صوص (sauce),sauce_condiment,ماكدونالدز,ماكدونالدز,,ماكدونالدز,العليا,بلدية,بلدية العليا,True,False,لا يوجد,,0,,,False,none,,0,False
Data 2025.xlsx,2062,2025-03-11,2025-03,2025-W11,1,1,sau-1250-r01,sau-1250-R01,صوص سموكي,صوص (sauce),sauce,صوص (sauce),sauce_condiment,ماكدونالدز,ماكدونالدز,,ماكدونالدز,العليا,بلدية,بلدية العليا,True,False,لا يوجد,,0,,,False,none,,0,False
Data 2025.xlsx,2076,2025-03-11,2025-03,2025-W11,1,1,sau-1251-r01,sau-1251-R01,صوص فانيلا,صوص (sauce),sauce,صوص (sauce),sauce_condiment,ماكدونالدز,ماكدونالدز,,ماكدونالدز,العليا,بلدية,بلدية العليا,True,False,لا يوجد,,0,,,False,none,,2,True
Data 2025.xlsx,2077,2025-03-11,2025-03,2025-W11,1,1,sau-1252-r01,sau-1252-R01,صوص شوكولاتة,صوص (sauce),sauce,صوص (sauce),sauce_condiment,ماكدونالدز,ماكدونالدز,,ماكدونالدز,العليا,بلدية,بلدية العليا,True,False,لا يوجد,,0,,,False,none,,2,True
Data 2025.xlsx,2078,2025-03-11,2025-03,2025-W11,1,1,sau-1253-r01,sau-1253-R01,صوص كراميل,صوص (sauce),sauce,صوص (sauce),sauce_condiment,ماكدونالدز,ماكدونالدز,,ماكدونالدز,العليا,بلدية,بلدية العليا,True,False,لا يوجد,,0,,,False,none,,2,True
Data 2025.xlsx,2079,2025-03-11,2025-03,2025-W11,1,1,sau-1254-r01,sau-1254-R01,صوص فراولة,صوص (sauce),sauce,صوص (sauce),sauce_condiment,ماكدونالدز,ماكدونالدز,,ماكدونالدز,العليا,بلدية,بلدية العليا,True,False,لا يوجد,,0,,,False,none,,2,True
Data 2025.xlsx,2093,2025-03-11,2025-03,2025-W11,1,1,sau-1255-r01,sau-1255-R01,صوص شيز,صوص (sauce),sauce,صوص (sauce),sauce_condiment,شركة ملتقى الزاد للسياحة,شركة ملتقى الزاد للسياحة,,شركة ملتقى الزاد للسياحة,العليا,بلدية,بلدية العليا,True,False,لا يوجد,,0,,,False,none,,0,False
Data 2025.xlsx,2094,2025-03-11,2025-03,2025-W11,1,1,sau-1256-r01,sau-1256-R01,صوص ثوم,صوص (sauce),sauce,صوص (sauce),sauce_condiment,شركة ملتقى الزاد للسياحة,شركة ملتقى الزاد للسياحة,,شركة ملتقى الزاد للسياحة,العليا,بلدية,بلدية العليا,True,False,لا يوجد,,0,,,False,none,,0,False
Data 2025.xlsx,2095,2025-03-11,2025-03,2025-W11,1,1,sau-1257-r01,sau-1257-R01,صوص تيستي,صوص (sauce),sauce,صوص (sauce),sauce_condiment,شركة ملتقى الزاد للسياحة,شركة ملتقى الزاد للسياحة,,شركة ملتقى الزاد للسياحة,العليا,بلدية,بلدية العليا,False,True,العد الكلي للبكتيريا,العد الكلي للبكتيريا,1,,العد الكلي للبكتيريا,False,indicator_only,,1,False
Data 2025.xlsx,2096,2025-03-11,2025-03,2025-W11,1,1,sau-1258-r01,sau-1258-R01,صوص برجر ماي,صوص (sauce),sauce,صوص (sauce),sauce_condiment,شركة ملتقى الزاد للسياحة,شركة ملتقى الزاد للسياحة,,شركة ملتقى الزاد للسياحة,العليا,بلدية,بلدية العليا,True,False,لا يوجد,,0,,,False,none,,1,False
Data 2025.xlsx,2097,2025-03-11,2025-03,2025-W11,1,1,sau-1259-r01,sau-1259-R01,صوص مايونيز,صوص (sauce),sauce,صوص (sauce),sauce_condiment,شركة ملتقى الزاد للسياحة,شركة ملتقى الزاد للسياحة,,شركة ملتقى الزاد للسياحة,العليا,بلدية,بلدية العليا,True,False,لا يوجد,,0,,,False,none,,1,False
Data 2025.xlsx,2100,2025-03-11,2025-03,2025-W11,1,1,sau-1260-r01,sau-1260-R01,صوص ثوم معلب,صوص (sauce),sauce,صوص (sauce),sauce_condiment,شركة ملتقى الزاد للسياحة,شركة ملتقى الزاد للسياحة,,شركة ملتقى الزاد للسياحة,العليا,بلدية,بلدية العليا,True,False,لا يوجد,,0,,,False,none,,1,False
Data 2025.xlsx,2101,2025-03-11,2025-03,2025-W11,1,1,sau-1261-r01,sau-1261-R01,صوص ثوم حار معلب,صوص (sauce),sauce,صوص (sauce),sauce_condiment,شركة ملتقى الزاد للسياحة,شركة ملتقى الزاد للسياحة,,شركة ملتقى الزاد للسياحة,العليا,بلدية,بلدية العليا,True,False,لا يوجد,,0,,,False,none,,1,False
Data 2025.xlsx,2102,2025-03-11,2025-03,2025-W11,1,1,sau-1262-r01,sau-1262-R01,صوص تكا معلب,صوص (sauce),sauce,صوص (sauce),sauce_condiment,شركة ملتقى الزاد للسياحة,شركة ملتقى الزاد للسياحة,,شركة ملتقى الزاد للسياحة,العليا,بلدية,بلدية العليا,True,False,لا يوجد,,0,,,False,none,,1,False
Data 2025.xlsx,2103,2025-03-11,2025-03,2025-W11,1,1,sau-1263-r01,sau-1263-R01,صوص تاتستي معلب,صوص (sauce),sauce,صوص (sauce),sauce_condiment,شركة ملتقى الزاد للسياحة,شركة ملتقى الزاد للسياحة,,شركة ملتقى الزاد للسياحة,العليا,بلدية,بلدية العليا,False,True,العد الكلي للبكتيريا,العد الكلي للبكتيريا,1,,العد الكلي للبكتيريا,False,indicator_only,,2,True
Data 2025.xlsx,2104,2025-03-11,2025-03,2025-W11,1,1,sau-1264-r01,sau-1264-R01,صوص دقوس معلب,صوص (sauce),sauce,صوص (sauce),sauce_condiment,شركة ملتقى الزاد للسياحة,شركة ملتقى الزاد للسياحة,,شركة ملتقى الزاد للسياحة,العليا,بلدية,بلدية العليا,False,True,العد الكلي للبكتيريا,العد الكلي للبكتيريا,1,,العد الكلي للبكتيريا,False,indicator_only,,3,True
Data 2025.xlsx,2105,2025-03-11,2025-03,2025-W11,1,1,sau-1265-r01,sau-1265-R01,صوص باربكيو معلب,صوص (sauce),sauce,صوص (sauce),sauce_condiment,شركة ملتقى الزاد للسياحة,شركة ملتقى الزاد للسياحة,,شركة ملتقى الزاد للسياحة,العليا,بلدية,بلدية العليا,True,False,لا يوجد,,0,,,False,none,,3,True
Data 2025.xlsx,2106,2025-03-11,2025-03,2025-W11,1,1,sau-1266-r01,sau-1266-R01,صوص هني ماسترد معلب,صوص (sauce),sauce,صوص (sauce),sauce_condiment,شركة ملتقى الزاد للسياحة,شركة ملتقى الزاد للسياحة,,شركة ملتقى الزاد للسياحة,العليا,بلدية,بلدية العليا,True,False,لا يوجد,,0,,,False,none,,3,True
Data 2025.xlsx,2107,2025-03-11,2025-03,2025-W11,1,1,sau-1267-r01,sau-1267-R01,صوص تتبيلة فتوش معلب,صوص (sauce),sauce,صوص (sauce),sauce_condiment,شركة ملتقى الزاد للسياحة,شركة ملتقى الزاد للسياحة,,شركة ملتقى الزاد للسياحة,العليا,بلدية,بلدية العليا,True,False,لا يوجد,,0,,,False,none,,3,True
Data 2025.xlsx,2081,2025-03-11,2025-03,2025-W11,1,1,sw-2587-r01,sw-2587-R01,مسحة حافظة ثلج,(Swabs) المسحات,Swabs,(Swabs) المسحات,swab,ماكدونالدز,ماكدونالدز,,ماكدونالدز,العليا,بلدية,بلدية العليا,True,False,لا يوجد,,0,,,False,none,,2,True
Data 2025.xlsx,2082,2025-03-11,2025-03,2025-W11,1,1,sw-2588-r01,sw-2588-R01,مسحة حافظة ثلج,(Swabs) المسحات,Swabs,(Swabs) المسحات,swab,ماكدونالدز,ماكدونالدز,,ماكدونالدز,العليا,بلدية,بلدية العليا,True,False,لا يوجد,,0,,,False,none,,2,True
Data 2025.xlsx,2083,2025-03-11,2025-03,2025-W11,1,1,sw-2589-r01,sw-2589-R01,مسحة حافظة بطاطس (مقلي),(Swabs) المسحات,Swabs,(Swabs) المسحات,swab,ماكدونالدز,ماكدونالدز,,ماكدونالدز,العليا,بلدية,بلدية العليا,True,False,لا يوجد,,0,,,False,none,,2,True
Data 2025.xlsx,2084,2025-03-11,2025-03,2025-W11,1,1,sw-2590-r01,sw-2590-R01,مسحة حافظة ادوات,(Swabs) المسحات,Swabs,(Swabs) المسحات,swab,ماكدونالدز,ماكدونالدز,,ماكدونالدز,العليا,بلدية,بلدية العليا,True,False,لا يوجد,,0,,,False,none,,2,True
Data 2025.xlsx,2085,2025-03-11,2025-03,2025-W11,1,1,sw-2591-r01,sw-2591-R01,مسحة حافظة ادوات,(Swabs) المسحات,Swabs,(Swabs) المسحات,swab,ماكدونالدز,ماكدونالدز,,ماكدونالدز,العليا,بلدية,بلدية العليا,True,False,لا يوجد,,0,,,False,none,,2,True
Data 2025.xlsx,2086,2025-03-11,2025-03,2025-W11,1,1,sw-2592-r01,sw-2592-R01,مسحة صانعة ثلج,(Swabs) المسحات,Swabs,(Swabs) المسحات,swab,ماكدونالدز,ماكدونالدز,,ماكدونالدز,العليا,بلدية,بلدية العليا,True,False,لا يوجد,,0,,,False,none,,2,True
Data 2025.xlsx,2087,2025-03-11,2025-03,2025-W11,1,1,sw-2593-r01,sw-2593-R01,مسحة حماصة خبز,(Swabs) المسحات,Swabs,(Swabs) المسحات,swab,ماكدونالدز,ماكدونالدز,,ماكدونالدز,العليا,بلدية,بلدية العليا,True,False,لا يوجد,,0,,,False,none,,2,True
Data 2025.xlsx,2088,2025-03-11,2025-03,2025-W11,1,1,sw-2594-r01,sw-2594-R01,مسحة حافظة ثلج,(Swabs) المسحات,Swabs,(Swabs) المسحات,swab,ماكدونالدز,ماكدونالدز,,ماكدونالدز,العليا,بلدية,بلدية العليا,True,False,لا يوجد,,0,,,False,none,,2,True
Data 2025.xlsx,2113,2025-03-11,2025-03,2025-W11,1,1,sw-2595-r01,sw-2595-R01,مسحة طاولة تحضير,(Swabs) المسحات,Swabs,(Swabs) المسحات,swab,شركة ملتقى الزاد للسياحة,شركة ملتقى الزاد للسياحة,,شركة ملتقى الزاد للسياحة,العليا,بلدية,بلدية العليا,True,False,لا يوجد,,0,,,False,none,,4,True
Data 2025.xlsx,2114,2025-03-11,2025-03,2025-W11,1,1,sw-2596-r01,sw-2596-R01,مسحة حماصة,(Swabs) المسحات,Swabs,(Swabs) المسحات,swab,شركة ملتقى الزاد للسياحة,شركة ملتقى الزاد للسياحة,,شركة ملتقى الزاد للسياحة,العليا,بلدية,بلدية العليا,True,False,لا يوجد,,0,,,False,none,,4,True
Data 2025.xlsx,2115,2025-03-11,2025-03,2025-W11,1,1,sw-2597-r01,sw-2597-R01,مسحة صانعة ثلج,(Swabs) المسحات,Swabs,(Swabs) المسحات,swab,شركة ملتقى الزاد للسياحة,شركة ملتقى الزاد للسياحة,,شركة ملتقى الزاد للسياحة,العليا,بلدية,بلدية العليا,True,False,لا يوجد,,0,,,False,none,,4,True
Data 2025.xlsx,2116,2025-03-11,2025-03,2025-W11,1,1,sw-2598-r01,sw-2598-R01,مسحة حافظة ثلج,(Swabs) المسحات,Swabs,(Swabs) المسحات,swab,شركة ملتقى الزاد للسياحة,شركة ملتقى الزاد للسياحة,,شركة ملتقى الزاد للسياحة,العليا,بلدية,بلدية العليا,True,False,لا يوجد,,0,,,False,none,,4,True
Data 2025.xlsx,2073,2025-03-11,2025-03,2025-W11,1,1,sweet-0836-r01,sweet-0836-R01,انجلش شوكولاتة,الحلا(sweetness),sweetness,الحلا(sweetness),sweets_bakery,ماكدونالدز,ماكدونالدز,,ماكدونالدز,العليا,بلدية,بلدية العليا,True,False,لا يوجد,,0,,,False,none,,2,True
Data 2025.xlsx,2074,2025-03-11,2025-03,2025-W11,1,1,sweet-0837-r01,sweet-0837-R01,دونت شوكولاتة,الحلا(sweetness),sweetness,الحلا(sweetness),sweets_bakery,ماكدونالدز,ماكدونالدز,,ماكدونالدز,العليا,بلدية,بلدية العليا,True,False,لا يوجد,,0,,,False,none,,2,True
Data 2025.xlsx,2075,2025-03-11,2025-03,2025-W11,1,1,sweet-0838-r01,sweet-0838-R01,دونت ماك بيس شزكولاتة,الحلا(sweetness),sweetness,الحلا(sweetness),sweets_bakery,ماكدونالدز,ماكدونالدز,,ماكدونالدز,العليا,بلدية,بلدية العليا,True,False,لا يوجد,,0,,,False,none,,2,True
Data 2025.xlsx,2080,2025-03-11,2025-03,2025-W11,1,1,sweet-0839-r01,sweet-0839-R01,مافن كيك,الحلا(sweetness),sweetness,الحلا(sweetness),sweets_bakery,ماكدونالدز,ماكدونالدز,,ماكدونالدز,العليا,بلدية,بلدية العليا,True,False,لا يوجد,,0,,,False,none,,2,True
Data 2025.xlsx,2119,2025-03-11,2025-03,2025-W11,1,1,sweet-0840-r01,sweet-0840-R01,بسبوسة,الحلا(sweetness),sweetness,الحلا(sweetness),sweets_bakery,شركة ملتقى الزاد للسياحة,شركة ملتقى الزاد للسياحة,,شركة ملتقى الزاد للسياحة,العليا,بلدية,بلدية العليا,True,False,لا يوجد,,0,,,False,none,,4,True
Data 2025.xlsx,2150,2025-03-15,2025-03,2025-W11,1,5,1-2846-R01,1-2846-R01,رز مندي,الارز ( rice),rice,الارز ( rice),prepared_meal,شركة مطاعم الناضج,شركة مطاعم الناضج,,شركة مطاعم الناضج,العليا,بلدية,بلدية العليا,True,False,لا يوجد,,0,,,False,none,,0,False
Data 2025.xlsx,2151,2025-03-15,2025-03,2025-W11,1,5,1-2847-R01,1-2847-R01,رز شعبي,الارز ( rice),rice,الارز ( rice),prepared_meal,شركة مطاعم الناضج,شركة مطاعم الناضج,,شركة مطاعم الناضج,العليا,بلدية,بلدية العليا,True,False,لا يوجد,,0,,,False,none,,0,False
Data 2025.xlsx,2152,2025-03-15,2025-03,2025-W11,1,5,1-2848-R01,1-2848-R01,رز كشنة,الارز ( rice),rice,الارز ( rice),prepared_meal,شركة مطاعم الناضج,شركة مطاعم الناضج,,شركة مطاعم الناضج,العليا,بلدية,بلدية العليا,True,False,لا يوجد,,0,,,False,none,,0,False
Data 2025.xlsx,2175,2025-03-15,2025-03,2025-W11,1,5,300-0001-R01,300-0001-R01,مكسرات ام علي,المكسرات (Nuts),Nuts,المكسرات (Nuts),produce,شركة مطاعم الناضج,شركة مطاعم الناضج,,شركة مطاعم الناضج,العليا,بلدية,بلدية العليا,True,False,لا يوجد,,0,,,False,none,,4,True
Data 2025.xlsx,2123,2025-03-15,2025-03,2025-W11,1,5,OO-OSS-po-0344-R01,OO-OSS-po-0344-R01,بطاطس مقلي,البطاطس (potatoes),potatoes,البطاطس (potatoes),produce,سفرة السلطان,سفرة السلطان,,سفرة السلطان,العليا,بلدية,بلدية العليا,True,False,لا يوجد,,0,,,False,none,,1,False
Data 2025.xlsx,2162,2025-03-15,2025-03,2025-W11,1,5,OO-OSS-po-0345-R01,OO-OSS-po-0345-R01,بطاطس مقلي,البطاطس (potatoes),potatoes,البطاطس (potatoes),produce,شركة مطاعم الناضج,شركة مطاعم الناضج,,شركة مطاعم الناضج,العليا,بلدية,بلدية العليا,True,False,لا يوجد,,0,,,False,none,,3,True
Data 2025.xlsx,2132,2025-03-15,2025-03,2025-W11,1,5,OO-or-0220-R01,OO-or-0220-R01,برتقال مقشر,البرتقال (oranges),oranges,البرتقال (oranges),produce,سفرة السلطان,سفرة السلطان,,سفرة السلطان,العليا,بلدية,بلدية العليا,True,False,لا يوجد,,0,,,False,none,,3,True
Data 2025.xlsx,2124,2025-03-15,2025-03,2025-W11,1,5,appe-0345-r01,Appe-0345-R01,متبل,مقبلات (Appetizers),Appetizers,مقبلات (Appetizers),prepared_meal,سفرة السلطان,سفرة السلطان,,سفرة السلطان,العليا,بلدية,بلدية العليا,True,False,لا يوجد,,0,,,False,none,,1,False
Data 2025.xlsx,2125,2025-03-15,2025-03,2025-W11,1,5,appe-0346-r01,Appe-0346-R01,حمص,مقبلات (Appetizers),Appetizers,مقبلات (Appetizers),prepared_meal,سفرة السلطان,سفرة السلطان,,سفرة السلطان,العليا,بلدية,بلدية العليا,True,False,لا يوجد,,0,,,False,none,,1,False
Data 2025.xlsx,2127,2025-03-15,2025-03,2025-W11,1,5,appe-0347-r01,Appe-0347-R01,بابا غنوج,مقبلات (Appetizers),Appetizers,مقبلات (Appetizers),prepared_meal,سفرة السلطان,سفرة السلطان,,سفرة السلطان,العليا,بلدية,بلدية العليا,True,False,لا يوجد,,0,,,False,none,,2,True
Data 2025.xlsx,2160,2025-03-15,2025-03,2025-W11,1,5,appe-0348-r01,Appe-0348-R01,تبولة,مقبلات (Appetizers),Appetizers,مقبلات (Appetizers),prepared_meal,شركة مطاعم الناضج,شركة مطاعم الناضج,,شركة مطاعم الناضج,العليا,بلدية,بلدية العليا,False,True,استافيلوكوكس اورياس,استافيلوكوكس اورياس,1,استافيلوكوكس اورياس,,True,pathogen,,3,True
Data 2025.xlsx,2179,2025-03-15,2025-03,2025-W11,1,5,bot-0022-r01,bot-0022-R01,مياه معباة للطبخ,المياه المعبأة (Bottled water),Bottled water,المياه المعبأة (Bottled water),water,سفرة السلطان,سفرة السلطان,,سفرة السلطان,العليا,بلدية,بلدية العليا,True,False,لا يوجد,,0,,,False,none,,4,True
Data 2025.xlsx,2154,2025-03-15,2025-03,2025-W11,1,5,cm-0089-r01,Cm-0089-R01,لحم مندي,اللحوم المطبوخة (Cooked meat),Cooked meat,اللحوم المطبوخة (Cooked meat),cooked_meat_poultry,شركة مطاعم الناضج,شركة مطاعم الناضج,,شركة مطاعم الناضج,العليا,بلدية,بلدية العليا,False,True,استافيلوكوكس اورياس,استافيلوكوكس اورياس,1,استافيلوكوكس اورياس,,True,pathogen,,2,True
Data 2025.xlsx,2122,2025-03-15,2025-03,2025-W11,1,5,co-0453-r01,co-0453-R01,قطع شاورما دجاج,الدجاج المطبوخ (Cooked chicken),Cooked chicken,الدجاج المطبوخ (Cooked chicken),cooked_meat_poultry,سفرة السلطان,سفرة السلطان,,سفرة السلطان,العليا,بلدية,بلدية العليا,True,False,لا يوجد,,0,,,False,none,,1,False
Data 2025.xlsx,2155,2025-03-15,2025-03,2025-W11,1,5,co-0454-r01,co-0454-R01,دجاج شواية,الدجاج المطبوخ (Cooked chicken),Cooked chicken,الدجاج المطبوخ (Cooked chicken),cooked_meat_poultry,شركة مطاعم الناضج,شركة مطاعم الناضج,,شركة مطاعم الناضج,العليا,بلدية,بلدية العليا,True,False,لا يوجد,,0,,,False,none,,2,True
Data 2025.xlsx,2156,2025-03-15,2025-03,2025-W11,1,5,co-0455-r01,co-0455-R01,دجاج مظبي,الدجاج المطبوخ (Cooked chicken),Cooked chicken,الدجاج المطبوخ (Cooked chicken),cooked_meat_poultry,شركة مطاعم الناضج,شركة مطاعم الناضج,,شركة مطاعم الناضج,العليا,بلدية,بلدية العليا,True,False,لا يوجد,,0,,,False,none,,2,True
Data 2025.xlsx,2157,2025-03-15,2025-03,2025-W11,1,5,co-0456-r01,co-0456-R01,دجاج مندي,الدجاج المطبوخ (Cooked chicken),Cooked chicken,الدجاج المطبوخ (Cooked chicken),cooked_meat_poultry,شركة مطاعم الناضج,شركة مطاعم الناضج,,شركة مطاعم الناضج,العليا,بلدية,بلدية العليا,True,False,لا يوجد,,0,,,False,none,,2,True
Data 2025.xlsx,2163,2025-03-15,2025-03,2025-W11,1,5,gcv-0180-r01,GCV-0180-R01,ايدام فرن,الخضار المشوية و المطبوخة,,الخضار المشوية و المطبوخة,cooked_meat_poultry,شركة مطاعم الناضج,شركة مطاعم الناضج,,شركة مطاعم الناضج,العليا,بلدية,بلدية العليا,True,False,لا يوجد,,0,,,False,none,,3,True
Data 2025.xlsx,2164,2025-03-15,2025-03,2025-W11,1,5,gcv-0181-r01,GCV-0181-R01,ايدام مصقع,الخضار المشوية و المطبوخة,,الخضار المشوية و المطبوخة,cooked_meat_poultry,شركة مطاعم الناضج,شركة مطاعم الناضج,,شركة مطاعم الناضج,العليا,بلدية,بلدية العليا,True,False,لا يوجد,,0,,,False,none,,3,True
Data 2025.xlsx,2165,2025-03-15,2025-03,2025-W11,1,5,gcv-0182-r01,GCV-0182-R01,ايدام ملوخية,الخضار المشوية و المطبوخة,,الخضار المشوية و المطبوخة,cooked_meat_poultry,شركة مطاعم الناضج,شركة مطاعم الناضج,,شركة مطاعم الناضج,العليا,بلدية,بلدية العليا,True,False,لا يوجد,,0,,,False,none,,3,True
Data 2025.xlsx,2166,2025-03-15,2025-03,2025-W11,1,5,gcv-0183-r01,GCV-0183-R01,ايدام بامية,الخضار المشوية و المطبوخة,,الخضار المشوية و المطبوخة,cooked_meat_poultry,شركة مطاعم الناضج,شركة مطاعم الناضج,,شركة مطاعم الناضج,العليا,بلدية,بلدية العليا,True,False,لا يوجد,,0,,,False,none,,3,True
Data 2025.xlsx,2130,2025-03-15,2025-03,2025-W11,1,5,gr-0148-r01,gr-0148-R01,ورق عنب,ورق عنب (Grape leaves),Grape leaves,ورق عنب (Grape leaves),produce,سفرة السلطان,سفرة السلطان,,سفرة السلطان,العليا,بلدية,بلدية العليا,True,False,لا يوجد,,0,,,False,none,,3,True
Data 2025.xlsx,2161,2025-03-15,2025-03,2025-W11,1,5,gr-0149-r01,gr-0149-R01,ورق عنب,ورق عنب (Grape leaves),Grape leaves,ورق عنب (Grape leaves),produce,شركة مطاعم الناضج,شركة مطاعم الناضج,,شركة مطاعم الناضج,العليا,بلدية,بلدية العليا,True,False,لا يوجد,,0,,,False,none,,3,True
Data 2025.xlsx,2131,2025-03-15,2025-03,2025-W11,1,5,jui-0401-r01,jui-0401-R01,عصير كوكتيل,العصائر الطازجة Un-pasteurized juices (fresh),fresh,العصائر الطازجة Un-pasteurized juices (fresh),beverage,سفرة السلطان,سفرة السلطان,,سفرة السلطان,العليا,بلدية,بلدية العليا,True,False,لا يوجد,,0,,,False,none,,3,True
Data 2025.xlsx,2134,2025-03-15,2025-03,2025-W11,1,5,pick-0343-r01,Pick-0343-R01,مخلل مشكل,المخلل (Pickle),Pickle,المخلل (Pickle),sauce_condiment,سفرة السلطان,سفرة السلطان,,سفرة السلطان,العليا,بلدية,بلدية العليا,False,True,خمائر | اعفان,الخمائر والاعفان | الخمائر والاعفان,2,,الخمائر والاعفان | الخمائر والاعفان,False,indicator_only,,4,True
Data 2025.xlsx,2178,2025-03-15,2025-03,2025-W11,1,5,po-0101-r01,po-0101-R01,كباب ني,الدجاج (Poultry),Poultry,الدجاج (Poultry),cooked_meat_poultry,شركة مطاعم الناضج,شركة مطاعم الناضج,,شركة مطاعم الناضج,العليا,بلدية,بلدية العليا,False,True,العد الكلي للبكتيريا,العد الكلي للبكتيريا,1,,العد الكلي للبكتيريا,False,indicator_only,,6,True
Data 2025.xlsx,2133,2025-03-15,2025-03,2025-W11,1,5,raw-0065-r01,Raw-0065-R01,كباب ني,لحوم نيئة مبردة ومجمدة (Raw meat Cold or chilled ),Raw meat Cold or chilled,لحوم نيئة مبردة ومجمدة (Raw meat Cold or chilled ),raw_meat,سفرة السلطان,سفرة السلطان,,سفرة السلطان,العليا,بلدية,بلدية العليا,True,False,لا يوجد,,0,,,False,none,,3,True
Data 2025.xlsx,2177,2025-03-15,2025-03,2025-W11,1,5,raw-0066-r01,Raw-0066-R01,كباب لحم ني,لحوم مجمدة/ مبردة (Frozen/Chilled Raw meat ),Frozen/Chilled Raw meat,لحوم مجمدة/ مبردة (Frozen/Chilled Raw meat ),raw_meat,شركة مطاعم الناضج,شركة مطاعم الناضج,,شركة مطاعم الناضج,العليا,بلدية,بلدية العليا,False,True,العد الكلي للبكتيريا | السالمونيلا,العد الكلي للبكتيريا | السالمونيلا,2,السالمونيلا,العد الكلي للبكتيريا,True,pathogen,,5,True
Data 2025.xlsx,2126,2025-03-15,2025-03,2025-W11,1,5,sal-1149-r01,Sal-1149-R01,سلطة زيتون,السلطة(Salad),Salad,السلطة(Salad),produce,سفرة السلطان,سفرة السلطان,,سفرة السلطان,العليا,بلدية,بلدية العليا,False,True,خمائر | اعفان,الخمائر والاعفان | الخمائر والاعفان,2,,الخمائر والاعفان | الخمائر والاعفان,False,indicator_only,,2,True
Data 2025.xlsx,2128,2025-03-15,2025-03,2025-W11,1,5,sal-1150-r01,Sal-1150-R01,سلطة خضراء,السلطة(Salad),Salad,السلطة(Salad),produce,سفرة السلطان,سفرة السلطان,,سفرة السلطان,العليا,بلدية,بلدية العليا,False,True,استافيلوكوكس اورياس,استافيلوكوكس اورياس,1,استافيلوكوكس اورياس,,True,pathogen,,3,True
Data 2025.xlsx,2129,2025-03-15,2025-03,2025-W11,1,5,sal-1151-r01,Sal-1151-R01,سلطة روسية,السلطة(Salad),Salad,السلطة(Salad),produce,سفرة السلطان,سفرة السلطان,,سفرة السلطان,العليا,بلدية,بلدية العليا,True,False,لا يوجد,,0,,,False,none,,3,True
Data 2025.xlsx,2158,2025-03-15,2025-03,2025-W11,1,5,sal-1152-r01,Sal-1152-R01,سلطة حارة,السلطة(Salad),Salad,السلطة(Salad),produce,شركة مطاعم الناضج,شركة مطاعم الناضج,,شركة مطاعم الناضج,العليا,بلدية,بلدية العليا,True,False,لا يوجد,,0,,,False,none,,2,True
Data 2025.xlsx,2159,2025-03-15,2025-03,2025-W11,1,5,sal-1153-r01,Sal-1153-R01,سلطة جرجير,السلطة(Salad),Salad,السلطة(Salad),produce,شركة مطاعم الناضج,شركة مطاعم الناضج,,شركة مطاعم الناضج,العليا,بلدية,بلدية العليا,True,False,لا يوجد,,0,,,False,none,,2,True
Data 2025.xlsx,2168,2025-03-15,2025-03,2025-W11,1,5,sal-1154-r01,Sal-1154-R01,سلطة زبادي بالخيار,السلطة(Salad),Salad,السلطة(Salad),produce,شركة مطاعم الناضج,شركة مطاعم الناضج,,شركة مطاعم الناضج,العليا,بلدية,بلدية العليا,True,False,لا يوجد,,0,,,False,none,,3,True
Data 2025.xlsx,2176,2025-03-15,2025-03,2025-W11,1,5,sal-1155-r01,Sal-1155-R01,سلطة مشوي,السلطة(Salad),Salad,السلطة(Salad),produce,شركة مطاعم الناضج,شركة مطاعم الناضج,,شركة مطاعم الناضج,العليا,بلدية,بلدية العليا,True,False,لا يوجد,,0,,,False,none,,4,True
Data 2025.xlsx,2120,2025-03-15,2025-03,2025-W11,1,5,sau-1268-r01,sau-1268-R01,صوص ثوم,صوص (sauce),sauce,صوص (sauce),sauce_condiment,سفرة السلطان,سفرة السلطان,,سفرة السلطان,العليا,بلدية,بلدية العليا,False,True,العد الكلي للبكتيريا,العد الكلي للبكتيريا,1,,العد الكلي للبكتيريا,False,indicator_only,,1,False
Data 2025.xlsx,2121,2025-03-15,2025-03,2025-W11,1,5,sau-1269-r01,sau-1269-R01,كاتشب,صوص (sauce),sauce,صوص (sauce),sauce_condiment,سفرة السلطان,سفرة السلطان,,سفرة السلطان,العليا,بلدية,بلدية العليا,True,False,لا يوجد,,0,,,False,none,,1,False
Data 2025.xlsx,2173,2025-03-15,2025-03,2025-W11,1,5,sau-1270-r01,sau-1270-R01,صوص شيرة,صوص (sauce),sauce,صوص (sauce),sauce_condiment,شركة مطاعم الناضج,شركة مطاعم الناضج,,شركة مطاعم الناضج,العليا,بلدية,بلدية العليا,True,False,لا يوجد,,0,,,False,none,,4,True
Data 2025.xlsx,2167,2025-03-15,2025-03,2025-W11,1,5,so-0007-r01-a,so-0007-R01,شوربة شوفان,"Soup (all kinds) Samosa, Mashed potato, Desserts.",,"Soup (all kinds) Samosa, Mashed potato, Desserts.",produce,شركة مطاعم الناضج,شركة مطاعم الناضج,,شركة مطاعم الناضج,العليا,بلدية,بلدية العليا,True,False,لا يوجد,,0,,,False,none,sample_id_collision,3,True
Data 2025.xlsx,2135,2025-03-15,2025-03,2025-W11,1,5,sw-2599-r01,sw-2599-R01,مسحة صانعة ثلج,(Swabs) المسحات,Swabs,(Swabs) المسحات,swab,سفرة السلطان,سفرة السلطان,,سفرة السلطان,العليا,بلدية,بلدية العليا,True,False,لا يوجد,,0,,,False,none,,4,True
Data 2025.xlsx,2136,2025-03-15,2025-03,2025-W11,1,5,sw-2600-r01,sw-2600-R01,مسحة عصارة برتقال كبس,(Swabs) المسحات,Swabs,(Swabs) المسحات,swab,سفرة السلطان,سفرة السلطان,,سفرة السلطان,العليا,بلدية,بلدية العليا,True,False,لا يوجد,,0,,,False,none,,4,True
Data 2025.xlsx,2137,2025-03-15,2025-03,2025-W11,1,5,sw-2601-r01,sw-2601-R01,مسحة ثلاجة مقبلات,(Swabs) المسحات,Swabs,(Swabs) المسحات,swab,سفرة السلطان,سفرة السلطان,,سفرة السلطان,العليا,بلدية,بلدية العليا,True,False,لا يوجد,,0,,,False,none,,4,True
Data 2025.xlsx,2138,2025-03-15,2025-03,2025-W11,1,5,sw-2602-r01,sw-2602-R01,مسحة قطاعة شاورما,(Swabs) المسحات,Swabs,(Swabs) المسحات,swab,سفرة السلطان,سفرة السلطان,,سفرة السلطان,العليا,بلدية,بلدية العليا,True,False,لا يوجد,,0,,,False,none,,4,True
Data 2025.xlsx,2153,2025-03-15,2025-03,2025-W11,1,5,sw-2603-r01,sw-2603-R01,مسحة قطاعة دجاج مطبوخ,(Swabs) المسحات,Swabs,(Swabs) المسحات,swab,شركة مطاعم الناضج,شركة مطاعم الناضج,,شركة مطاعم الناضج,العليا,بلدية,بلدية العليا,False,True,العد الكلي للبكتيريا | استافيلوكوكس اورياس,العد الكلي للبكتيريا | استافيلوكوكس اورياس,2,استافيلوكوكس اورياس,العد الكلي للبكتيريا,True,pathogen,,1,False
Data 2025.xlsx,2174,2025-03-15,2025-03,2025-W11,1,5,sw-2604-r01,sw-2604-R01,مسحة سخان الايدامات,(Swabs) المسحات,Swabs,(Swabs) المسحات,swab,شركة مطاعم الناضج,شركة مطاعم الناضج,,شركة مطاعم الناضج,العليا,بلدية,بلدية العليا,True,False,لا يوجد,,0,,,False,none,,4,True
Data 2025.xlsx,2139,2025-03-15,2025-03,2025-W11,1,5,sweet-0841-r01,sweet-0841-R01,شوكولاتة بالطحينة و البسكوت,الحلا(sweetness),sweetness,الحلا(sweetness),sweets_bakery,شركة داني (اني وداني),شركة داني (اني وداني),,شركة داني (اني وداني),العليا,بلدية,بلدية العليا,True,False,لا يوجد,,0,,,False,none,,0,False
Data 2025.xlsx,2140,2025-03-15,2025-03,2025-W11,1,5,sweet-0842-r01,sweet-0842-R01,روشية,الحلا(sweetness),sweetness,الحلا(sweetness),sweets_bakery,شركة داني (اني وداني),شركة داني (اني وداني),,شركة داني (اني وداني),العليا,بلدية,بلدية العليا,True,False,لا يوجد,,0,,,False,none,,0,False
Data 2025.xlsx,2141,2025-03-15,2025-03,2025-W11,1,5,sweet-0843-r01,sweet-0843-R01,بسكوتين,الحلا(sweetness),sweetness,الحلا(sweetness),sweets_bakery,شركة داني (اني وداني),شركة داني (اني وداني),,شركة داني (اني وداني),العليا,بلدية,بلدية العليا,True,False,لا يوجد,,0,,,False,none,,0,False
Data 2025.xlsx,2142,2025-03-15,2025-03,2025-W11,1,5,sweet-0844-r01,sweet-0844-R01,شوكولاتة بندق,الحلا(sweetness),sweetness,الحلا(sweetness),sweets_bakery,شركة داني (اني وداني),شركة داني (اني وداني),,شركة داني (اني وداني),العليا,بلدية,بلدية العليا,True,False,لا يوجد,,0,,,False,none,,0,False
Data 2025.xlsx,2143,2025-03-15,2025-03,2025-W11,1,5,sweet-0845-r01,sweet-0845-R01,شوكولاتة فستق,الحلا(sweetness),sweetness,الحلا(sweetness),sweets_bakery,شركة داني (اني وداني),شركة داني (اني وداني),,شركة داني (اني وداني),العليا,بلدية,بلدية العليا,True,False,لا يوجد,,0,,,False,none,,0,False
Data 2025.xlsx,2144,2025-03-15,2025-03,2025-W11,1,5,sweet-0846-r01,sweet-0846-R01,شوكولاتة لويفر,الحلا(sweetness),sweetness,الحلا(sweetness),sweets_bakery,شركة داني (اني وداني),شركة داني (اني وداني),,شركة داني (اني وداني),العليا,بلدية,بلدية العليا,True,False,لا يوجد,,0,,,False,none,,0,False
Data 2025.xlsx,2145,2025-03-15,2025-03,2025-W11,1,5,sweet-0847-r01,sweet-0847-R01,لاوائحة شوكولاتة,الحلا(sweetness),sweetness,الحلا(sweetness),sweets_bakery,شركة داني (اني وداني),شركة داني (اني وداني),,شركة داني (اني وداني),العليا,بلدية,بلدية العليا,True,False,لا يوجد,,0,,,False,none,,0,False
Data 2025.xlsx,2146,2025-03-15,2025-03,2025-W11,1,5,sweet-0848-r01,sweet-0848-R01,شوكولاتة كرانش,الحلا(sweetness),sweetness,الحلا(sweetness),sweets_bakery,شركة داني (اني وداني),شركة داني (اني وداني),,شركة داني (اني وداني),العليا,بلدية,بلدية العليا,True,False,لا يوجد,,0,,,False,none,,0,False
Data 2025.xlsx,2147,2025-03-15,2025-03,2025-W11,1,5,sweet-0849-r01,sweet-0849-R01,شوكولاتة لويفر,الحلا(sweetness),sweetness,الحلا(sweetness),sweets_bakery,شركة داني (اني وداني),شركة داني (اني وداني),,شركة داني (اني وداني),العليا,بلدية,بلدية العليا,True,False,لا يوجد,,0,,,False,none,,0,False
Data 2025.xlsx,2148,2025-03-15,2025-03,2025-W11,1,5,sweet-0850-r01,sweet-0850-R01,شوكولاتة مكرون,الحلا(sweetness),sweetness,الحلا(sweetness),sweets_bakery,شركة داني (اني وداني),شركة داني (اني وداني),,شركة داني (اني وداني),العليا,بلدية,بلدية العليا,True,False,لا يوجد,,0,,,False,none,,0,False
Data 2025.xlsx,2149,2025-03-15,2025-03,2025-W11,1,5,sweet-0851-r01,sweet-0851-R01,حنيني,الحلا(sweetness),sweetness,الحلا(sweetness),sweets_bakery,شركة داني (اني وداني),شركة داني (اني وداني),,شركة داني (اني وداني),العليا,بلدية,بلدية العليا,True,False,لا يوجد,,0,,,False,none,,0,False
Data 2025.xlsx,2169,2025-03-15,2025-03,2025-W11,1,5,sweet-0852-r01,sweet-0852-R01,مهلبية,الحلا(sweetness),sweetness,الحلا(sweetness),sweets_bakery,شركة مطاعم الناضج,شركة مطاعم الناضج,,شركة مطاعم الناضج,العليا,بلدية,بلدية العليا,True,False,لا يوجد,,0,,,False,none,,3,True
Data 2025.xlsx,2170,2025-03-15,2025-03,2025-W11,1,5,sweet-0853-r01,sweet-0853-R01,حلا برلية,الحلا(sweetness),sweetness,الحلا(sweetness),sweets_bakery,شركة مطاعم الناضج,شركة مطاعم الناضج,,شركة مطاعم الناضج,العليا,بلدية,بلدية العليا,True,False,لا يوجد,,0,,,False,none,,3,True
Data 2025.xlsx,2171,2025-03-15,2025-03,2025-W11,1,5,sweet-0854-r01,sweet-0854-R01,ام علي نص استواء,الحلا(sweetness),sweetness,الحلا(sweetness),sweets_bakery,شركة مطاعم الناضج,شركة مطاعم الناضج,,شركة مطاعم الناضج,العليا,بلدية,بلدية العليا,False,True,استافيلوكوكس اورياس,استافيلوكوكس اورياس,1,استافيلوكوكس اورياس,,True,pathogen,,4,True
Data 2025.xlsx,2172,2025-03-15,2025-03,2025-W11,1,5,sweet-0855-r01,sweet-0855-R01,كريمة,الحلا(sweetness),sweetness,الحلا(sweetness),sweets_bakery,شركة مطاعم الناضج,شركة مطاعم الناضج,,شركة مطاعم الناضج,العليا,بلدية,بلدية العليا,True,False,لا يوجد,,0,,,False,none,,4,True
Data 2025.xlsx,2180,2025-03-15,2025-03,2025-W11,1,5,ubot-0916-r01,Ubot-0916-R01,مياه فلتر للطبخ,المياه المعبأة (Bottled water),Bottled water,المياه المعبأة (Bottled water),water,شركة مطاعم الناضج,شركة مطاعم الناضج,,شركة مطاعم الناضج,العليا,بلدية,بلدية العليا,True,False,لا يوجد,,0,,,False,none,,6,True
Data 2025.xlsx,2188,2025-03-16,2025-03,2025-W11,1,6,1-2849-R01,1-2849-R01,صلصة فلفل حلو,صلصه(salsa),salsa,صلصه(salsa),sauce_condiment,لولو هوكا,لولو هوكا,,لولو هوكا,العليا,بلدية,بلدية العليا,True,False,لا يوجد,,0,,,False,none,,2,True
Data 2025.xlsx,2194,2025-03-16,2025-03,2025-W11,1,6,1-2850-R01,1-2850-R01,نكهة جح,نكهات مركزة ( Syrup ),Syrup,نكهات مركزة ( Syrup ),sauce_condiment,لولو هوكا,لولو هوكا,,لولو هوكا,العليا,بلدية,بلدية العليا,True,False,لا يوجد,,0,,,False,none,,2,True
Data 2025.xlsx,2195,2025-03-16,2025-03,2025-W11,1,6,1-2851-R01,1-2851-R01,نكهة توت,نكهات مركزة ( Syrup ),Syrup,نكهات مركزة ( Syrup ),sauce_condiment,لولو هوكا,لولو هوكا,,لولو هوكا,العليا,بلدية,بلدية العليا,True,False,لا يوجد,,0,,,False,none,,2,True
Data 2025.xlsx,2196,2025-03-16,2025-03,2025-W11,1,6,1-2852-R01,1-2852-R01,نكهة فراولة,نكهات مركزة ( Syrup ),Syrup,نكهات مركزة ( Syrup ),sauce_condiment,لولو هوكا,لولو هوكا,,لولو هوكا,العليا,بلدية,بلدية العليا,True,False,لا يوجد,,0,,,False,none,,2,True
Data 2025.xlsx,2207,2025-03-16,2025-03,2025-W11,1,6,1-2853-R01,1-2853-R01,هلابينو,(jalapeno) هلابينو,jalapeno,(jalapeno) هلابينو,produce,دومينوز بيتزا,دومينوز بيتزا,,دومينوز بيتزا,العليا,بلدية,بلدية العليا,True,False,لا يوجد,,0,,,False,none,,2,True
Data 2025.xlsx,2232,2025-03-16,2025-03,2025-W11,1,6,1-2854-R01,1-2854-R01,رز شعبي,الارز ( rice),rice,الارز ( rice),prepared_meal,مطاعم السعيد,مطاعم السعيد,,مطاعم السعيد,العليا,بلدية,بلدية العليا,True,False,لا يوجد,,0,,,False,none,,4,True
Data 2025.xlsx,2216,2025-03-16,2025-03,2025-W11,1,6,be-0024-r01,be-0024-R01,مشروب شاهي بارد,المشروبات الغازية (الغير كحولية) (Carbonated beverages) (non - alcoholic ),non - alcoholic,المشروبات الغازية (الغير كحولية) (Carbonated beverages) (non - alcoholic ),beverage,ونديز,ونديز,,ونديز,العليا,بلدية,بلدية العليا,True,False,لا يوجد,,0,,,False,none,,0,False
Data 2025.xlsx,2217,2025-03-16,2025-03,2025-W11,1,6,be-0025-r01,be-0025-R01,مشروب ديو غازي,المشروبات الغازية (الغير كحولية) (Carbonated beverages) (non - alcoholic ),non - alcoholic,المشروبات الغازية (الغير كحولية) (Carbonated beverages) (non - alcoholic ),beverage,ونديز,ونديز,,ونديز,العليا,بلدية,بلدية العليا,True,False,لا يوجد,,0,,,False,none,,0,False
Data 2025.xlsx,2218,2025-03-16,2025-03,2025-W11,1,6,be-0026-r01,be-0026-R01,مشروب مريندا غازي,المشروبات الغازية (الغير كحولية) (Carbonated beverages) (non - alcoholic ),non - alcoholic,المشروبات الغازية (الغير كحولية) (Carbonated beverages) (non - alcoholic ),beverage,ونديز,ونديز,,ونديز,العليا,بلدية,بلدية العليا,False,True,العد الكلي للبكتيريا,العد الكلي للبكتيريا,1,,العد الكلي للبكتيريا,False,indicator_only,,1,False
Data 2025.xlsx,2219,2025-03-16,2025-03,2025-W11,1,6,be-0027-r01,be-0027-R01,بيبسي مشروب غازي,المشروبات الغازية (الغير كحولية) (Carbonated beverages) (non - alcoholic ),non - alcoholic,المشروبات الغازية (الغير كحولية) (Carbonated beverages) (non - alcoholic ),beverage,ونديز,ونديز,,ونديز,العليا,بلدية,بلدية العليا,True,False,لا يوجد,,0,,,False,none,,1,False
Data 2025.xlsx,2189,2025-03-16,2025-03,2025-W11,1,6,chee-0684-r01,Chee-0684-R01,شرائح جبنة,(cheese) جبنة,cheese,(cheese) جبنة,dairy,لولو هوكا,لولو هوكا,,لولو هوكا,العليا,بلدية,بلدية العليا,True,False,لا يوجد,,0,,,False,none,,2,True
Data 2025.xlsx,2204,2025-03-16,2025-03,2025-W11,1,6,cm-0090-r01,Cm-0090-R01,ببروني,اللحوم المطبوخة (Cooked meat),Cooked meat,اللحوم المطبوخة (Cooked meat),cooked_meat_poultry,دومينوز بيتزا,دومينوز بيتزا,,دومينوز بيتزا,العليا,بلدية,بلدية العليا,False,True,العد الكلي للبكتيريا,العد الكلي للبكتيريا,1,,العد الكلي للبكتيريا,False,indicator_only,,1,False
Data 2025.xlsx,2205,2025-03-16,2025-03,2025-W11,1,6,cm-0091-r01,Cm-0091-R01,لحم سجق,اللحوم المطبوخة (Cooked meat),Cooked meat,اللحوم المطبوخة (Cooked meat),cooked_meat_poultry,دومينوز بيتزا,دومينوز بيتزا,,دومينوز بيتزا,العليا,بلدية,بلدية العليا,False,True,العد الكلي للبكتيريا | استافيلوكوكس اورياس | باسيلس سيريس,العد الكلي للبكتيريا | استافيلوكوكس اورياس | باسيلس سيريس,3,استافيلوكوكس اورياس | باسيلس سيريس,العد الكلي للبكتيريا,True,multi_pathogen,,2,True
Data 2025.xlsx,2234,2025-03-16,2025-03,2025-W11,1,6,cm-0092-r01,Cm-0092-R01,لحم مندي مطبوخ,اللحوم المطبوخة (Cooked meat),Cooked meat,اللحوم المطبوخة (Cooked meat),cooked_meat_poultry,مطاعم السعيد,مطاعم السعيد,,مطاعم السعيد,العليا,بلدية,بلدية العليا,True,False,لا يوجد,,0,,,False,none,,4,True
Data 2025.xlsx,2231,2025-03-16,2025-03,2025-W11,1,6,ho-0217-r01,ho-0217-R01,عسل,(Honey) عسل النحل,Honey,(Honey) عسل النحل,sweets_bakery,مطاعم السعيد,مطاعم السعيد,,مطاعم السعيد,العليا,بلدية,بلدية العليا,True,False,لا يوجد,,0,,,False,none,,4,True
Data 2025.xlsx,2220,2025-03-16,2025-03,2025-W11,1,6,icecrea-0103-r01,icecrea-0103-R01,ايس كريم شوكولاتة ذايب,(ice cream) ايسكريم,ice cream,(ice cream) ايسكريم,dairy,ونديز,ونديز,,ونديز,العليا,بلدية,بلدية العليا,False,True,انتيروباكتريسي,انتيروباكتريسي,1,,انتيروباكتريسي,False,indicator_only,,2,True
Data 2025.xlsx,2221,2025-03-16,2025-03,2025-W11,1,6,icecrea-0104-r01,icecrea-0104-R01,ايس كريم فانيلا ذايب,(ice cream) ايسكريم,ice cream,(ice cream) ايسكريم,dairy,ونديز,ونديز,,ونديز,العليا,بلدية,بلدية العليا,False,True,العد الكلي للبكتيريا | انتيروباكتريسي,العد الكلي للبكتيريا | انتيروباكتريسي,2,,العد الكلي للبكتيريا | انتيروباكتريسي,False,indicator_only,,3,True
Data 2025.xlsx,2208,2025-03-16,2025-03,2025-W11,1,6,olv-0429-r01,olv-0429-R01,شرائح زيتون اسود,الزيتون /Olive,Olive,الزيتون /Olive,produce,دومينوز بيتزا,دومينوز بيتزا,,دومينوز بيتزا,العليا,بلدية,بلدية العليا,False,True,خمائر,الخمائر والاعفان,1,,الخمائر والاعفان,False,indicator_only,,3,True
Data 2025.xlsx,2203,2025-03-16,2025-03,2025-W11,1,6,pick-0344-r01,Pick-0344-R01,مخلل خيار,المخلل (Pickle),Pickle,المخلل (Pickle),sauce_condiment,شركة مطاعم بحرية,شركة مطاعم بحرية,,شركة مطاعم بحرية,العليا,بلدية,بلدية العليا,True,False,لا يوجد,,0,,,False,none,,2,True
Data 2025.xlsx,2215,2025-03-16,2025-03,2025-W11,1,6,pick-0345-r01,Pick-0345-R01,مخلل خيار,المخلل (Pickle),Pickle,المخلل (Pickle),sauce_condiment,ونديز,ونديز,,ونديز,العليا,بلدية,بلدية العليا,True,False,لا يوجد,,0,,,False,none,,0,False
Data 2025.xlsx,2206,2025-03-16,2025-03,2025-W11,1,6,po-0102-r01,po-0102-R01,قطع دجاج,الدجاج (Poultry),Poultry,الدجاج (Poultry),cooked_meat_poultry,دومينوز بيتزا,دومينوز بيتزا,,دومينوز بيتزا,العليا,بلدية,بلدية العليا,True,False,لا يوجد,,0,,,False,none,,2,True
Data 2025.xlsx,2225,2025-03-16,2025-03,2025-W11,1,6,sal-1156-r01,Sal-1156-R01,سلطة خضراء,السلطة(Salad),Salad,السلطة(Salad),produce,مطاعم السعيد,مطاعم السعيد,,مطاعم السعيد,العليا,بلدية,بلدية العليا,True,False,لا يوجد,,0,,,False,none,,0,False
Data 2025.xlsx,2226,2025-03-16,2025-03,2025-W11,1,6,sal-1157-r01,Sal-1157-R01,سلطة جرجير,السلطة(Salad),Salad,السلطة(Salad),produce,مطاعم السعيد,مطاعم السعيد,,مطاعم السعيد,العليا,بلدية,بلدية العليا,False,True,ايشيريشيا كولاي,ايشيريشيا كولاي,1,ايشيريشيا كولاي,,True,pathogen,,1,False
Data 2025.xlsx,2227,2025-03-16,2025-03,2025-W11,1,6,sal-1158-r01,Sal-1158-R01,سلطة حارة,السلطة(Salad),Salad,السلطة(Salad),produce,مطاعم السعيد,مطاعم السعيد,,مطاعم السعيد,العليا,بلدية,بلدية العليا,True,False,لا يوجد,,0,,,False,none,,1,False
Data 2025.xlsx,2181,2025-03-16,2025-03,2025-W11,1,6,sau-1271-r01,sau-1271-R01,كاتشب,صوص (sauce),sauce,صوص (sauce),sauce_condiment,لولو هوكا,لولو هوكا,,لولو هوكا,العليا,بلدية,بلدية العليا,True,False,لا يوجد,,0,,,False,none,,0,False
Data 2025.xlsx,2182,2025-03-16,2025-03,2025-W11,1,6,sau-1272-r01,sau-1272-R01,صوص تشيز,صوص (sauce),sauce,صوص (sauce),sauce_condiment,لولو هوكا,لولو هوكا,,لولو هوكا,العليا,بلدية,بلدية العليا,False,True,انتيروباكتريسي | استافيلوكوكس اورياس,انتيروباكتريسي | استافيلوكوكس اورياس,2,استافيلوكوكس اورياس,انتيروباكتريسي,True,pathogen,,1,False
Data 2025.xlsx,2183,2025-03-16,2025-03,2025-W11,1,6,sau-1273-r01,sau-1273-R01,صوص سبايسي مايونيز,صوص (sauce),sauce,صوص (sauce),sauce_condiment,لولو هوكا,لولو هوكا,,لولو هوكا,العليا,بلدية,بلدية العليا,True,False,لا يوجد,,0,,,False,none,,1,False
Data 2025.xlsx,2184,2025-03-16,2025-03,2025-W11,1,6,sau-1274-r01,sau-1274-R01,صوص كلاسيك,صوص (sauce),sauce,صوص (sauce),sauce_condiment,لولو هوكا,لولو هوكا,,لولو هوكا,العليا,بلدية,بلدية العليا,True,False,لا يوجد,,0,,,False,none,,1,False
Data 2025.xlsx,2185,2025-03-16,2025-03,2025-W11,1,6,sau-1275-r01,sau-1275-R01,صوص كلاك,صوص (sauce),sauce,صوص (sauce),sauce_condiment,لولو هوكا,لولو هوكا,,لولو هوكا,العليا,بلدية,بلدية العليا,True,False,لا يوجد,,0,,,False,none,,1,False
Data 2025.xlsx,2186,2025-03-16,2025-03,2025-W11,1,6,sau-1276-r01,sau-1276-R01,صوص تشيز برجر,صوص (sauce),sauce,صوص (sauce),sauce_condiment,لولو هوكا,لولو هوكا,,لولو هوكا,العليا,بلدية,بلدية العليا,False,True,انتيروباكتريسي,انتيروباكتريسي,1,,انتيروباكتريسي,False,indicator_only,,2,True
Data 2025.xlsx,2187,2025-03-16,2025-03,2025-W11,1,6,sau-1277-r01,sau-1277-R01,صوص رانش,صوص (sauce),sauce,صوص (sauce),sauce_condiment,لولو هوكا,لولو هوكا,,لولو هوكا,العليا,بلدية,بلدية العليا,True,False,لا يوجد,,0,,,False,none,,2,True
Data 2025.xlsx,2191,2025-03-16,2025-03,2025-W11,1,6,sau-1278-r01,sau-1278-R01,صوص شوكولاتة,صوص (sauce),sauce,صوص (sauce),sauce_condiment,لولو هوكا,لولو هوكا,,لولو هوكا,العليا,بلدية,بلدية العليا,True,False,لا يوجد,,0,,,False,none,,2,True
Data 2025.xlsx,2197,2025-03-16,2025-03,2025-W11,1,6,sau-1279-r01,sau-1279-R01,صوص بافلو,صوص (sauce),sauce,صوص (sauce),sauce_condiment,شركة مطاعم بحرية,شركة مطاعم بحرية,,شركة مطاعم بحرية,العليا,بلدية,بلدية العليا,False,True,العد الكلي للبكتيريا,العد الكلي للبكتيريا,1,,العد الكلي للبكتيريا,False,indicator_only,,1,False
Data 2025.xlsx,2198,2025-03-16,2025-03,2025-W11,1,6,sau-1280-r01,sau-1280-R01,صوص كاتشب,صوص (sauce),sauce,صوص (sauce),sauce_condiment,شركة مطاعم بحرية,شركة مطاعم بحرية,,شركة مطاعم بحرية,العليا,بلدية,بلدية العليا,True,False,لا يوجد,,0,,,False,none,,1,False
Data 2025.xlsx,2199,2025-03-16,2025-03,2025-W11,1,6,sau-1281-r01,sau-1281-R01,صوص ثوم,صوص (sauce),sauce,صوص (sauce),sauce_condiment,شركة مطاعم بحرية,شركة مطاعم بحرية,,شركة مطاعم بحرية,العليا,بلدية,بلدية العليا,True,False,لا يوجد,,0,,,False,none,,1,False
Data 2025.xlsx,2200,2025-03-16,2025-03,2025-W11,1,6,sau-1282-r01,sau-1282-R01,صوص جبنة,صوص (sauce),sauce,صوص (sauce),sauce_condiment,شركة مطاعم بحرية,شركة مطاعم بحرية,,شركة مطاعم بحرية,العليا,بلدية,بلدية العليا,True,False,لا يوجد,,0,,,False,none,,1,False
Data 2025.xlsx,2201,2025-03-16,2025-03,2025-W11,1,6,sau-1283-r01,sau-1283-R01,صوص جبنة ابيض,صوص (sauce),sauce,صوص (sauce),sauce_condiment,شركة مطاعم بحرية,شركة مطاعم بحرية,,شركة مطاعم بحرية,العليا,بلدية,بلدية العليا,True,False,لا يوجد,,0,,,False,none,,1,False
Data 2025.xlsx,2202,2025-03-16,2025-03,2025-W11,1,6,sau-1284-r01,sau-1284-R01,صوص ديمانيت,صوص (sauce),sauce,صوص (sauce),sauce_condiment,شركة مطاعم بحرية,شركة مطاعم بحرية,,شركة مطاعم بحرية,العليا,بلدية,بلدية العليا,False,True,العد الكلي للبكتيريا,العد الكلي للبكتيريا,1,,العد الكلي للبكتيريا,False,indicator_only,,2,True
Data 2025.xlsx,2211,2025-03-16,2025-03,2025-W11,1,6,sau-1285-r01,sau-1285-R01,صوص مايونيز,صوص (sauce),sauce,صوص (sauce),sauce_condiment,ونديز,ونديز,,ونديز,العليا,بلدية,بلدية العليا,True,False,لا يوجد,,0,,,False,none,,0,False
Data 2025.xlsx,2212,2025-03-16,2025-03,2025-W11,1,6,sau-1286-r01,sau-1286-R01,صوص كاتشب,صوص (sauce),sauce,صوص (sauce),sauce_condiment,ونديز,ونديز,,ونديز,العليا,بلدية,بلدية العليا,True,False,لا يوجد,,0,,,False,none,,0,False
Data 2025.xlsx,2213,2025-03-16,2025-03,2025-W11,1,6,sau-1287-r01,sau-1287-R01,صوص هوت,صوص (sauce),sauce,صوص (sauce),sauce_condiment,ونديز,ونديز,,ونديز,العليا,بلدية,بلدية العليا,True,False,لا يوجد,,0,,,False,none,,0,False
Data 2025.xlsx,2214,2025-03-16,2025-03,2025-W11,1,6,sau-1288-r01,sau-1288-R01,صوص باربكيو,صوص (sauce),sauce,صوص (sauce),sauce_condiment,ونديز,ونديز,,ونديز,العليا,بلدية,بلدية العليا,True,False,لا يوجد,,0,,,False,none,,0,False
Data 2025.xlsx,2190,2025-03-16,2025-03,2025-W11,1,6,sw-2605-r01,sw-2605-R01,مسحة طاولة تقطيع دجاج,(Swabs) المسحات,Swabs,(Swabs) المسحات,swab,لولو هوكا,لولو هوكا,,لولو هوكا,العليا,بلدية,بلدية العليا,True,False,لا يوجد,,0,,,False,none,,2,True
Data 2025.xlsx,2209,2025-03-16,2025-03,2025-W11,1,6,sw-2606-r01,sw-2606-R01,مسحة ثلاجة اعداد,(Swabs) المسحات,Swabs,(Swabs) المسحات,swab,دومينوز بيتزا,دومينوز بيتزا,,دومينوز بيتزا,العليا,بلدية,بلدية العليا,True,False,لا يوجد,,0,,,False,none,,3,True
Data 2025.xlsx,2210,2025-03-16,2025-03,2025-W11,1,6,sw-2607-r01,sw-2607-R01,مسحة ثلاجة اعداد,(Swabs) المسحات,Swabs,(Swabs) المسحات,swab,دومينوز بيتزا,دومينوز بيتزا,,دومينوز بيتزا,العليا,بلدية,بلدية العليا,True,False,لا يوجد,,0,,,False,none,,3,True
Data 2025.xlsx,2222,2025-03-16,2025-03,2025-W11,1,6,sw-2608-r01,sw-2608-R01,مسحة حافظة بطاطس,(Swabs) المسحات,Swabs,(Swabs) المسحات,swab,ونديز,ونديز,,ونديز,العليا,بلدية,بلدية العليا,True,False,لا يوجد,,0,,,False,none,,3,True
Data 2025.xlsx,2223,2025-03-16,2025-03,2025-W11,1,6,sw-2609-r01,sw-2609-R01,مسحة حافظة ثلج,(Swabs) المسحات,Swabs,(Swabs) المسحات,swab,ونديز,ونديز,,ونديز,العليا,بلدية,بلدية العليا,True,False,لا يوجد,,0,,,False,none,,3,True
Data 2025.xlsx,2224,2025-03-16,2025-03,2025-W11,1,6,sw-2610-r01,sw-2610-R01,مسحة صانعة ثلج,(Swabs) المسحات,Swabs,(Swabs) المسحات,swab,ونديز,ونديز,,ونديز,العليا,بلدية,بلدية العليا,True,False,لا يوجد,,0,,,False,none,,3,True
Data 2025.xlsx,2233,2025-03-16,2025-03,2025-W11,1,6,sw-2611-r01,sw-2611-R01,مسحة طاولة تقطيع لحم,(Swabs) المسحات,Swabs,(Swabs) المسحات,swab,مطاعم السعيد,مطاعم السعيد,,مطاعم السعيد,العليا,بلدية,بلدية العليا,True,False,لا يوجد,,0,,,False,none,,4,True
Data 2025.xlsx,2192,2025-03-16,2025-03,2025-W11,1,6,sweet-0856-r01,sweet-0856-R01,كيك تمر,الحلا(sweetness),sweetness,الحلا(sweetness),sweets_bakery,لولو هوكا,لولو هوكا,,لولو هوكا,العليا,بلدية,بلدية العليا,True,False,لا يوجد,,0,,,False,none,,2,True
Data 2025.xlsx,2193,2025-03-16,2025-03,2025-W11,1,6,sweet-0857-r01,sweet-0857-R01,كيك عسل,الحلا(sweetness),sweetness,الحلا(sweetness),sweets_bakery,لولو هوكا,لولو هوكا,,لولو هوكا,العليا,بلدية,بلدية العليا,True,False,لا يوجد,,0,,,False,none,,2,True
Data 2025.xlsx,2228,2025-03-16,2025-03,2025-W11,1,6,sweet-0858-r01,sweet-0858-R01,حلا اوريو,الحلا(sweetness),sweetness,الحلا(sweetness),sweets_bakery,مطاعم السعيد,مطاعم السعيد,,مطاعم السعيد,العليا,بلدية,بلدية العليا,False,True,استافيلوكوكس اورياس | باسيلس سيريس,استافيلوكوكس اورياس | باسيلس سيريس,2,استافيلوكوكس اورياس | باسيلس سيريس,,True,multi_pathogen,,2,True
Data 2025.xlsx,2229,2025-03-16,2025-03,2025-W11,1,6,sweet-0859-r01,sweet-0859-R01,حلا جلكسي,الحلا(sweetness),sweetness,الحلا(sweetness),sweets_bakery,مطاعم السعيد,مطاعم السعيد,,مطاعم السعيد,العليا,بلدية,بلدية العليا,False,True,العد الكلي للبكتيريا | انتيروباكتريسي | استافيلوكوكس اورياس | باسيلس سيريس,العد الكلي للبكتيريا | انتيروباكتريسي | استافيلوكوكس اورياس | باسيلس سيريس,4,استافيلوكوكس اورياس | باسيلس سيريس,العد الكلي للبكتيريا | انتيروباكتريسي,True,multi_pathogen,,3,True
Data 2025.xlsx,2230,2025-03-16,2025-03,2025-W11,1,6,sweet-0860-r01,sweet-0860-R01,حلا خشخش (كنافة),الحلا(sweetness),sweetness,الحلا(sweetness),sweets_bakery,مطاعم السعيد,مطاعم السعيد,,مطاعم السعيد,العليا,بلدية,بلدية العليا,False,True,كوليفورم,كوليفورم,1,,كوليفورم,False,indicator_only,,4,True
Data 2025.xlsx,2235,2025-03-16,2025-03,2025-W11,1,6,ubot-0917-r01,Ubot-0917-R01,مياه قلتر اعداد,المياه المعبأة (Bottled water),Bottled water,المياه المعبأة (Bottled water),water,لولو هوكا,لولو هوكا,,لولو هوكا,العليا,بلدية,بلدية العليا,True,False,لا يوجد,,0,,,False,none,,2,True
Data 2025.xlsx,2236,2025-03-16,2025-03,2025-W11,1,6,ubot-0918-r01,Ubot-0918-R01,مياه فلتر لغسيل ادوات,المياه المعبأة (Bottled water),Bottled water,المياه المعبأة (Bottled water),water,ونديز,ونديز,,ونديز,العليا,بلدية,بلدية العليا,False,True,كوليفورم,كوليفورم,1,,كوليفورم,False,indicator_only,,4,True
Data 2025.xlsx,2264,2025-03-17,2025-03,2025-W12,1,0,1-2857-R01,1-2857-R01,قطع اناناس,قطع اناناس(Pineapple pieces),Pineapple pieces,قطع اناناس(Pineapple pieces),produce,خمسون فاكهة,خمسون فاكهة,,خمسون فاكهة,العليا,بلدية,بلدية العليا,True,False,لا يوجد,,0,,,False,none,,0,False
Data 2025.xlsx,2267,2025-03-17,2025-03,2025-W12,1,0,1-2858-R01,1-2858-R01,نكهة فيمتو,نكهات مركزة ( Syrup ),Syrup,نكهات مركزة ( Syrup ),sauce_condiment,خمسون فاكهة,خمسون فاكهة,,خمسون فاكهة,العليا,بلدية,بلدية العليا,True,False,لا يوجد,,0,,,False,none,,0,False
Data 2025.xlsx,2268,2025-03-17,2025-03,2025-W12,1,0,1-2859-R01,1-2859-R01,نكهة كيوي,نكهات مركزة ( Syrup ),Syrup,نكهات مركزة ( Syrup ),sauce_condiment,خمسون فاكهة,خمسون فاكهة,,خمسون فاكهة,العليا,بلدية,بلدية العليا,False,True,العد الكلي للبكتيريا,العد الكلي للبكتيريا,1,,العد الكلي للبكتيريا,False,indicator_only,,1,False
Data 2025.xlsx,2269,2025-03-17,2025-03,2025-W12,1,0,1-2860-R01,1-2860-R01,نكهة رمان,نكهات مركزة ( Syrup ),Syrup,نكهات مركزة ( Syrup ),sauce_condiment,خمسون فاكهة,خمسون فاكهة,,خمسون فاكهة,العليا,بلدية,بلدية العليا,True,False,لا يوجد,,0,,,False,none,,1,False
Data 2025.xlsx,2273,2025-03-17,2025-03,2025-W12,1,0,1-2861-R01,1-2861-R01,هلابينو,(jalapeno) هلابينو,jalapeno,(jalapeno) هلابينو,produce,خمسون فاكهة,خمسون فاكهة,,خمسون فاكهة,العليا,بلدية,بلدية العليا,True,False,لا يوجد,,0,,,False,none,,1,False
Data 2025.xlsx,2262,2025-03-17,2025-03,2025-W12,1,0,O-U-po-0189-R01,O-U-po-0189-R01,رمان - حب,الرمان (pomegranate),pomegranate,الرمان (pomegranate),produce,خمسون فاكهة,خمسون فاكهة,,خمسون فاكهة,العليا,بلدية,بلدية العليا,True,False,لا يوجد,,0,,,False,none,,0,False
Data 2025.xlsx,2275,2025-03-17,2025-03,2025-W12,1,0,OO-OSS-po-0346-R01,OO-OSS-po-0346-R01,بطاطس مقلي,البطاطس (potatoes),potatoes,البطاطس (potatoes),produce,خمسون فاكهة,خمسون فاكهة,,خمسون فاكهة,العليا,بلدية,بلدية العليا,True,False,لا يوجد,,0,,,False,none,,1,False
Data 2025.xlsx,2266,2025-03-17,2025-03,2025-W12,1,0,OO-wm-0034-R01,OO-wm-0034-R01,قطع شمام,البطيخ (watermelons),watermelons,البطيخ (watermelons),water,خمسون فاكهة,خمسون فاكهة,,خمسون فاكهة,العليا,بلدية,بلدية العليا,True,False,لا يوجد,,0,,,False,none,,0,False
Data 2025.xlsx,2263,2025-03-17,2025-03,2025-W12,1,0,OaU-ap-0275-R01,OaU-ap-0275-R01,قطع تفاح,التفاح (apple),apple,التفاح (apple),produce,خمسون فاكهة,خمسون فاكهة,,خمسون فاكهة,العليا,بلدية,بلدية العليا,True,False,لا يوجد,,0,,,False,none,,0,False
Data 2025.xlsx,2265,2025-03-17,2025-03,2025-W12,1,0,UO-st-0057-R01,UO-st-0057-R01,قطع فراولة,الفراولة (strawberries),strawberries,الفراولة (strawberries),raw_meat,خمسون فاكهة,خمسون فاكهة,,خمسون فاكهة,العليا,بلدية,بلدية العليا,True,False,لا يوجد,,0,,,False,none,,0,False
Data 2025.xlsx,2237,2025-03-17,2025-03,2025-W12,1,0,appe-0349-r01,Appe-0349-R01,بابا غنوج,مقبلات (Appetizers),Appetizers,مقبلات (Appetizers),prepared_meal,مشويات عناب,مشويات عناب,,مشويات عناب,العليا,بلدية,بلدية العليا,True,False,لا يوجد,,0,,,False,none,,0,False
Data 2025.xlsx,2238,2025-03-17,2025-03,2025-W12,1,0,appe-0350-r01,Appe-0350-R01,متبل,مقبلات (Appetizers),Appetizers,مقبلات (Appetizers),prepared_meal,مشويات عناب,مشويات عناب,,مشويات عناب,العليا,بلدية,بلدية العليا,False,True,العد الكلي للبكتيريا,العد الكلي للبكتيريا,1,,العد الكلي للبكتيريا,False,indicator_only,,1,False
Data 2025.xlsx,2239,2025-03-17,2025-03,2025-W12,1,0,appe-0351-r01,Appe-0351-R01,حمص,مقبلات (Appetizers),Appetizers,مقبلات (Appetizers),prepared_meal,مشويات عناب,مشويات عناب,,مشويات عناب,العليا,بلدية,بلدية العليا,False,True,العد الكلي للبكتيريا,العد الكلي للبكتيريا,1,,العد الكلي للبكتيريا,False,indicator_only,,2,True
Data 2025.xlsx,2292,2025-03-17,2025-03,2025-W12,1,0,chee-0685-r01,Chee-0685-R01,مش مصري,(cheese) جبنة,cheese,(cheese) جبنة,dairy,أسواق النخبة,أسواق النخبة,,أسواق النخبة,العليا,بلدية,بلدية العليا,False,True,استافيلوكوكس اورياس,استافيلوكوكس اورياس,1,استافيلوكوكس اورياس,,True,pathogen,,3,True
Data 2025.xlsx,2274,2025-03-17,2025-03,2025-W12,1,0,co-0457-r01,co-0457-R01,قطع شاورما دجاج,الدجاج المطبوخ (Cooked chicken),Cooked chicken,الدجاج المطبوخ (Cooked chicken),cooked_meat_poultry,خمسون فاكهة,خمسون فاكهة,,خمسون فاكهة,العليا,بلدية,بلدية العليا,True,False,لا يوجد,,0,,,False,none,,1,False
Data 2025.xlsx,2240,2025-03-17,2025-03,2025-W12,1,0,gr-0150-r01,gr-0150-R01,ورق عنب,ورق عنب (Grape leaves),Grape leaves,ورق عنب (Grape leaves),produce,مشويات عناب,مشويات عناب,,مشويات عناب,العليا,بلدية,بلدية العليا,True,False,لا يوجد,,0,,,False,none,,2,True
Data 2025.xlsx,2289,2025-03-17,2025-03,2025-W12,1,0,hs-0282-r01,HS-0282-R01,هريسة شطة,الشطة (Hot sauce),Hot sauce,الشطة (Hot sauce),sauce_condiment,أسواق النخبة,أسواق النخبة,,أسواق النخبة,العليا,بلدية,بلدية العليا,False,True,العد الكلي للبكتيريا,العد الكلي للبكتيريا,1,,العد الكلي للبكتيريا,False,indicator_only,,1,False
Data 2025.xlsx,2246,2025-03-17,2025-03,2025-W12,1,0,jui-0402-r01,jui-0402-R01,عصير شمندر,العصائر الطازجة Un-pasteurized juices (fresh),fresh,العصائر الطازجة Un-pasteurized juices (fresh),beverage,خمسون فاكهة,خمسون فاكهة,,خمسون فاكهة,العليا,بلدية,بلدية العليا,True,False,لا يوجد,,0,,,False,none,,0,False
Data 2025.xlsx,2247,2025-03-17,2025-03,2025-W12,1,0,jui-0403-r01,jui-0403-R01,عصير جح,العصائر الطازجة Un-pasteurized juices (fresh),fresh,العصائر الطازجة Un-pasteurized juices (fresh),beverage,خمسون فاكهة,خمسون فاكهة,,خمسون فاكهة,العليا,بلدية,بلدية العليا,True,False,لا يوجد,,0,,,False,none,,0,False
Data 2025.xlsx,2248,2025-03-17,2025-03,2025-W12,1,0,jui-0404-r01,jui-0404-R01,عصير برتقال خلاط,العصائر الطازجة Un-pasteurized juices (fresh),fresh,العصائر الطازجة Un-pasteurized juices (fresh),beverage,خمسون فاكهة,خمسون فاكهة,,خمسون فاكهة,العليا,بلدية,بلدية العليا,True,False,لا يوجد,,0,,,False,none,,0,False
Data 2025.xlsx,2249,2025-03-17,2025-03,2025-W12,1,0,jui-0405-r01,jui-0405-R01,عصير قرب فروت,العصائر الطازجة Un-pasteurized juices (fresh),fresh,العصائر الطازجة Un-pasteurized juices (fresh),beverage,خمسون فاكهة,خمسون فاكهة,,خمسون فاكهة,العليا,بلدية,بلدية العليا,True,False,لا يوجد,,0,,,False,none,,0,False
Data 2025.xlsx,2250,2025-03-17,2025-03,2025-W12,1,0,jui-0406-r01,jui-0406-R01,عصير جوافة,العصائر الطازجة Un-pasteurized juices (fresh),fresh,العصائر الطازجة Un-pasteurized juices (fresh),beverage,خمسون فاكهة,خمسون فاكهة,,خمسون فاكهة,العليا,بلدية,بلدية العليا,True,False,لا يوجد,,0,,,False,none,,0,False
Data 2025.xlsx,2251,2025-03-17,2025-03,2025-W12,1,0,jui-0407-r01,jui-0407-R01,عصير يرتقال كبس,العصائر الطازجة Un-pasteurized juices (fresh),fresh,العصائر الطازجة Un-pasteurized juices (fresh),beverage,خمسون فاكهة,خمسون فاكهة,,خمسون فاكهة,العليا,بلدية,بلدية العليا,True,False,لا يوجد,,0,,,False,none,,0,False
Data 2025.xlsx,2252,2025-03-17,2025-03,2025-W12,1,0,jui-0408-r01,jui-0408-R01,عصير افوكادو,العصائر الطازجة Un-pasteurized juices (fresh),fresh,العصائر الطازجة Un-pasteurized juices (fresh),beverage,خمسون فاكهة,خمسون فاكهة,,خمسون فاكهة,العليا,بلدية,بلدية العليا,True,False,لا يوجد,,0,,,False,none,,0,False
Data 2025.xlsx,2253,2025-03-17,2025-03,2025-W12,1,0,jui-0409-r01,jui-0409-R01,عصير اناناس,العصائر الطازجة Un-pasteurized juices (fresh),fresh,العصائر الطازجة Un-pasteurized juices (fresh),beverage,خمسون فاكهة,خمسون فاكهة,,خمسون فاكهة,العليا,بلدية,بلدية العليا,True,False,لا يوجد,,0,,,False,none,,0,False
Data 2025.xlsx,2254,2025-03-17,2025-03,2025-W12,1,0,jui-0410-r01,jui-0410-R01,عصير ليمون,العصائر الطازجة Un-pasteurized juices (fresh),fresh,العصائر الطازجة Un-pasteurized juices (fresh),beverage,خمسون فاكهة,خمسون فاكهة,,خمسون فاكهة,العليا,بلدية,بلدية العليا,True,False,لا يوجد,,0,,,False,none,,0,False
Data 2025.xlsx,2255,2025-03-17,2025-03,2025-W12,1,0,jui-0411-r01,jui-0411-R01,عصير رمان,العصائر الطازجة Un-pasteurized juices (fresh),fresh,العصائر الطازجة Un-pasteurized juices (fresh),beverage,خمسون فاكهة,خمسون فاكهة,,خمسون فاكهة,العليا,بلدية,بلدية العليا,True,False,لا يوجد,,0,,,False,none,,0,False
Data 2025.xlsx,2256,2025-03-17,2025-03,2025-W12,1,0,jui-0412-r01,jui-0412-R01,عصير فراولة,العصائر الطازجة Un-pasteurized juices (fresh),fresh,العصائر الطازجة Un-pasteurized juices (fresh),beverage,خمسون فاكهة,خمسون فاكهة,,خمسون فاكهة,العليا,بلدية,بلدية العليا,True,False,لا يوجد,,0,,,False,none,,0,False
Data 2025.xlsx,2257,2025-03-17,2025-03,2025-W12,1,0,jui-0413-r01,jui-0413-R01,عصير كوكتيل,العصائر الطازجة Un-pasteurized juices (fresh),fresh,العصائر الطازجة Un-pasteurized juices (fresh),beverage,خمسون فاكهة,خمسون فاكهة,,خمسون فاكهة,العليا,بلدية,بلدية العليا,True,False,لا يوجد,,0,,,False,none,,0,False
Data 2025.xlsx,2258,2025-03-17,2025-03,2025-W12,1,0,jui-0414-r01,jui-0414-R01,عصير مانجا,العصائر الطازجة Un-pasteurized juices (fresh),fresh,العصائر الطازجة Un-pasteurized juices (fresh),beverage,خمسون فاكهة,خمسون فاكهة,,خمسون فاكهة,العليا,بلدية,بلدية العليا,True,False,لا يوجد,,0,,,False,none,,0,False
Data 2025.xlsx,2259,2025-03-17,2025-03,2025-W12,1,0,jui-0415-r01,jui-0415-R01,عصير جزر,العصائر الطازجة Un-pasteurized juices (fresh),fresh,العصائر الطازجة Un-pasteurized juices (fresh),beverage,خمسون فاكهة,خمسون فاكهة,,خمسون فاكهة,العليا,بلدية,بلدية العليا,True,False,لا يوجد,,0,,,False,none,,0,False
Data 2025.xlsx,2260,2025-03-17,2025-03,2025-W12,1,0,jui-0416-r01,jui-0416-R01,عصير ليمون و ونعناع,العصائر الطازجة Un-pasteurized juices (fresh),fresh,العصائر الطازجة Un-pasteurized juices (fresh),beverage,خمسون فاكهة,خمسون فاكهة,,خمسون فاكهة,العليا,بلدية,بلدية العليا,True,False,لا يوجد,,0,,,False,none,,0,False
Data 2025.xlsx,2261,2025-03-17,2025-03,2025-W12,1,0,mango-0041-r01,Mango-0041-R01,قطع مانجا,المانجو (Mango),Mango,المانجو (Mango),produce,خمسون فاكهة,خمسون فاكهة,,خمسون فاكهة,العليا,بلدية,بلدية العليا,True,False,لا يوجد,,0,,,False,none,,0,False
Data 2025.xlsx,2287,2025-03-17,2025-03,2025-W12,1,0,olv-0430-r01,olv-0430-R01,زيتون عين الجمل,المخلل (Pickle),Pickle,المخلل (Pickle),sauce_condiment,أسواق النخبة,أسواق النخبة,,أسواق النخبة,العليا,بلدية,بلدية العليا,True,False,لا يوجد,,0,,,False,none,,0,False
Data 2025.xlsx,2288,2025-03-17,2025-03,2025-W12,1,0,olv-0431-r01,olv-0431-R01,زيتون كامالاتا,الزيتون /Olive,Olive,الزيتون /Olive,produce,أسواق النخبة,أسواق النخبة,,أسواق النخبة,العليا,بلدية,بلدية العليا,True,False,لا يوجد,,0,,,False,none,,0,False
Data 2025.xlsx,2290,2025-03-17,2025-03,2025-W12,1,0,olv-0432-r01,olv-0432-R01,زيتون مشوي,الزيتون /Olive,Olive,الزيتون /Olive,produce,أسواق النخبة,أسواق النخبة,,أسواق النخبة,العليا,بلدية,بلدية العليا,False,True,خمائر,الخمائر والاعفان,1,,الخمائر والاعفان,False,indicator_only,,2,True
Data 2025.xlsx,2241,2025-03-17,2025-03,2025-W12,1,0,pick-0346-r01,Pick-0346-R01,مشكل مخلل,المخلل (Pickle),Pickle,المخلل (Pickle),sauce_condiment,مشويات عناب,مشويات عناب,,مشويات عناب,العليا,بلدية,بلدية العليا,True,False,لا يوجد,,0,,,False,none,,2,True
Data 2025.xlsx,2286,2025-03-17,2025-03,2025-W12,1,0,pick-0347-r01,Pick-0347-R01,مشكل مخلل حار,(Swabs) المسحات,Swabs,(Swabs) المسحات,swab,أسواق النخبة,أسواق النخبة,,أسواق النخبة,العليا,بلدية,بلدية العليا,True,False,لا يوجد,,0,,,False,none,,0,False
Data 2025.xlsx,2291,2025-03-17,2025-03,2025-W12,1,0,pick-0348-r01,Pick-0348-R01,مشكل مخلل,المخلل (Pickle),Pickle,المخلل (Pickle),sauce_condiment,أسواق النخبة,أسواق النخبة,,أسواق النخبة,العليا,بلدية,بلدية العليا,True,False,لا يوجد,,0,,,False,none,,2,True
Data 2025.xlsx,2243,2025-03-17,2025-03,2025-W12,1,0,raw-0067-r01,Raw-0067-R01,كباب لحم,لحوم مجمدة/ مبردة (Frozen/Chilled Raw meat ),Frozen/Chilled Raw meat,لحوم مجمدة/ مبردة (Frozen/Chilled Raw meat ),raw_meat,مشويات عناب,مشويات عناب,,مشويات عناب,العليا,بلدية,بلدية العليا,False,True,العد الكلي للبكتيريا,العد الكلي للبكتيريا,1,,العد الكلي للبكتيريا,False,indicator_only,,4,True
Data 2025.xlsx,2242,2025-03-17,2025-03,2025-W12,1,0,sal-1159-r01,Sal-1159-R01,سلطة مشويات,السلطة(Salad),Salad,السلطة(Salad),produce,مشويات عناب,مشويات عناب,,مشويات عناب,العليا,بلدية,بلدية العليا,False,True,استافيلوكوكس اورياس,استافيلوكوكس اورياس,1,استافيلوكوكس اورياس,,True,pathogen,,3,True
Data 2025.xlsx,2270,2025-03-17,2025-03,2025-W12,1,0,sal-1160-r01,Sal-1160-R01,سلطة ملفوف,السلطة(Salad),Salad,السلطة(Salad),produce,خمسون فاكهة,خمسون فاكهة,,خمسون فاكهة,العليا,بلدية,بلدية العليا,True,False,لا يوجد,,0,,,False,none,,1,False
Data 2025.xlsx,2271,2025-03-17,2025-03,2025-W12,1,0,sau-1289-r01,sau-1289-R01,صوص مايونيز,صوص (sauce),sauce,صوص (sauce),sauce_condiment,خمسون فاكهة,خمسون فاكهة,,خمسون فاكهة,العليا,بلدية,بلدية العليا,True,False,لا يوجد,,0,,,False,none,,1,False
Data 2025.xlsx,2272,2025-03-17,2025-03,2025-W12,1,0,sau-1290-r01,sau-1290-R01,صوص ثوم,صوص (sauce),sauce,صوص (sauce),sauce_condiment,خمسون فاكهة,خمسون فاكهة,,خمسون فاكهة,العليا,بلدية,بلدية العليا,True,False,لا يوجد,,0,,,False,none,,1,False
Data 2025.xlsx,2244,2025-03-17,2025-03,2025-W12,1,0,sw-2612-r01,sw-2612-R01,مسحة ادوات تقطيع دجاج,(Swabs) المسحات,Swabs,(Swabs) المسحات,swab,مشويات عناب,مشويات عناب,,مشويات عناب,العليا,بلدية,بلدية العليا,True,False,لا يوجد,,0,,,False,none,,4,True
Data 2025.xlsx,2245,2025-03-17,2025-03,2025-W12,1,0,sw-2613-r01,sw-2613-R01,مسحة ثلاجة المقبلات,(Swabs) المسحات,Swabs,(Swabs) المسحات,swab,مشويات عناب,مشويات عناب,,مشويات عناب,العليا,بلدية,بلدية العليا,True,False,لا يوجد,,0,,,False,none,,4,True
Data 2025.xlsx,2276,2025-03-17,2025-03,2025-W12,1,0,sw-2614-r01,sw-2614-R01,مسحة ثلاجة مقبلات,(Swabs) المسحات,Swabs,(Swabs) المسحات,swab,خمسون فاكهة,خمسون فاكهة,,خمسون فاكهة,العليا,بلدية,بلدية العليا,True,False,لا يوجد,,0,,,False,none,,1,False
Data 2025.xlsx,2277,2025-03-17,2025-03,2025-W12,1,0,sw-2615-r01,sw-2615-R01,مسحة عصار جزر,(Swabs) المسحات,Swabs,(Swabs) المسحات,swab,خمسون فاكهة,خمسون فاكهة,,خمسون فاكهة,العليا,بلدية,بلدية العليا,False,True,العد الكلي للبكتيريا,العد الكلي للبكتيريا,1,,العد الكلي للبكتيريا,False,indicator_only,,2,True
Data 2025.xlsx,2278,2025-03-17,2025-03,2025-W12,1,0,sw-2616-r01,sw-2616-R01,مسحة ثلاجة,(Swabs) المسحات,Swabs,(Swabs) المسحات,swab,خمسون فاكهة,خمسون فاكهة,,خمسون فاكهة,العليا,بلدية,بلدية العليا,True,False,لا يوجد,,0,,,False,none,,2,True
Data 2025.xlsx,2279,2025-03-17,2025-03,2025-W12,1,0,sw-2617-r01,sw-2617-R01,مسحة حافظة ثلج,(Swabs) المسحات,Swabs,(Swabs) المسحات,swab,خمسون فاكهة,خمسون فاكهة,,خمسون فاكهة,العليا,بلدية,بلدية العليا,True,False,لا يوجد,,0,,,False,none,,2,True
Data 2025.xlsx,2280,2025-03-17,2025-03,2025-W12,1,0,sw-2618-r01,sw-2618-R01,مسحة ثلاجة,(Swabs) المسحات,Swabs,(Swabs) المسحات,swab,خمسون فاكهة,خمسون فاكهة,,خمسون فاكهة,العليا,بلدية,بلدية العليا,True,False,لا يوجد,,0,,,False,none,,2,True
Data 2025.xlsx,2281,2025-03-17,2025-03,2025-W12,1,0,sw-2619-r01,sw-2619-R01,مسحة ثلاجة,(Swabs) المسحات,Swabs,(Swabs) المسحات,swab,خمسون فاكهة,خمسون فاكهة,,خمسون فاكهة,العليا,بلدية,بلدية العليا,False,True,العد الكلي للبكتيريا,العد الكلي للبكتيريا,1,,العد الكلي للبكتيريا,False,indicator_only,,3,True
Data 2025.xlsx,2282,2025-03-17,2025-03,2025-W12,1,0,sw-2620-r01,sw-2620-R01,مسحة ثلاجة,(Swabs) المسحات,Swabs,(Swabs) المسحات,swab,خمسون فاكهة,خمسون فاكهة,,خمسون فاكهة,العليا,بلدية,بلدية العليا,False,True,العد الكلي للبكتيريا,العد الكلي للبكتيريا,1,,العد الكلي للبكتيريا,False,indicator_only,,4,True
Data 2025.xlsx,2283,2025-03-17,2025-03,2025-W12,1,0,sw-2621-r01,sw-2621-R01,مسحة ثلاجة,(Swabs) المسحات,Swabs,(Swabs) المسحات,swab,خمسون فاكهة,خمسون فاكهة,,خمسون فاكهة,العليا,بلدية,بلدية العليا,True,False,لا يوجد,,0,,,False,none,,4,True
Data 2025.xlsx,2284,2025-03-17,2025-03,2025-W12,1,0,sw-2622-r01,sw-2622-R01,مسحة ثلاجة,(Swabs) المسحات,Swabs,(Swabs) المسحات,swab,خمسون فاكهة,خمسون فاكهة,,خمسون فاكهة,العليا,بلدية,بلدية العليا,True,False,لا يوجد,,0,,,False,none,,4,True
Data 2025.xlsx,2285,2025-03-17,2025-03,2025-W12,1,0,sw-2623-r01,sw-2623-R01,مسحة طاولة تقطيع الفواكه,(Swabs) المسحات,Swabs,(Swabs) المسحات,swab,خمسون فاكهة,خمسون فاكهة,,خمسون فاكهة,العليا,بلدية,بلدية العليا,True,False,لا يوجد,,0,,,False,none,,4,True
Data 2025.xlsx,2293,2025-03-17,2025-03,2025-W12,1,0,sw-2624-r01,sw-2624-R01,مسحة ثلاجة,(Swabs) المسحات,Swabs,(Swabs) المسحات,swab,أسواق النخبة,أسواق النخبة,,أسواق النخبة,العليا,بلدية,بلدية العليا,True,False,لا يوجد,,0,,,False,none,,3,True
Data 2025.xlsx,2294,2025-03-17,2025-03,2025-W12,1,0,sw-2625-r01,sw-2625-R01,مسحة ثلاجة,(Swabs) المسحات,Swabs,(Swabs) المسحات,swab,أسواق النخبة,أسواق النخبة,,أسواق النخبة,العليا,بلدية,بلدية العليا,True,False,لا يوجد,,0,,,False,none,,3,True
Data 2025.xlsx,2295,2025-03-17,2025-03,2025-W12,1,0,sw-2626-r01,sw-2626-R01,مسحة قطاعة جبنة,(Swabs) المسحات,Swabs,(Swabs) المسحات,swab,أسواق النخبة,أسواق النخبة,,أسواق النخبة,العليا,بلدية,بلدية العليا,False,True,العد الكلي للبكتيريا | استافيلوكوكس اورياس,العد الكلي للبكتيريا | استافيلوكوكس اورياس,2,استافيلوكوكس اورياس,العد الكلي للبكتيريا,True,pathogen,,4,True
Data 2025.xlsx,2310,2025-03-18,2025-03,2025-W12,1,1,1-2863-R01,1-2863-R01,كشنة بصل,كشنة بصل,,كشنة بصل,produce,شركة الرومانسية المحدودة,شركة الرومانسية المحدودة,,شركة الرومانسية المحدودة,العليا,بلدية,بلدية العليا,True,False,لا يوجد,,0,,,False,none,,2,True
Data 2025.xlsx,2311,2025-03-18,2025-03,2025-W12,1,1,1-2864-R01,1-2864-R01,لازانيا مكرونة,لازانيا مكرونة,,لازانيا مكرونة,prepared_meal,شركة الرومانسية المحدودة,شركة الرومانسية المحدودة,,شركة الرومانسية المحدودة,العليا,بلدية,بلدية العليا,True,False,لا يوجد,,0,,,False,none,,2,True
Data 2025.xlsx,2316,2025-03-18,2025-03,2025-W12,1,1,1-2865-R01,1-2865-R01,كشنة رز شعبي,كشنة رز شعبي,,كشنة رز شعبي,prepared_meal,شركة الرومانسية المحدودة,شركة الرومانسية المحدودة,,شركة الرومانسية المحدودة,العليا,بلدية,بلدية العليا,True,False,لا يوجد,,0,,,False,none,,2,True
Data 2025.xlsx,2327,2025-03-18,2025-03,2025-W12,1,1,1-2866-R01,1-2866-R01,هلابينو,(jalapeno) هلابينو,jalapeno,(jalapeno) هلابينو,produce,شركة المطاعم الأهلية هارديز,شركة المطاعم الأهلية هارديز,,شركة المطاعم الأهلية هارديز,العليا,بلدية,بلدية العليا,True,False,لا يوجد,,0,,,False,none,,3,True
Data 2025.xlsx,2328,2025-03-18,2025-03,2025-W12,1,1,O-U-to-0579-R01,O-U-to-0579-R01,قطع طماطم,الطماطم (Tomatoes),Tomatoes,الطماطم (Tomatoes),produce,شركة المطاعم الأهلية هارديز,شركة المطاعم الأهلية هارديز,,شركة المطاعم الأهلية هارديز,العليا,بلدية,بلدية العليا,True,False,لا يوجد,,0,,,False,none,,3,True
Data 2025.xlsx,2342,2025-03-18,2025-03,2025-W12,1,1,O-U-to-0580-R01,O-U-to-0580-R01,شرائح طماطم,الطماطم (Tomatoes),Tomatoes,الطماطم (Tomatoes),produce,برجر 777,برجر 777,,برجر 777,العليا,بلدية,بلدية العليا,True,False,لا يوجد,,0,,,False,none,,0,False
Data 2025.xlsx,2343,2025-03-18,2025-03,2025-W12,1,1,O-r-O3-le-0305-R01,O-r-O3-le-0305-R01,خس,الخس (Lettuce),Lettuce,الخس (Lettuce),produce,برجر 777,برجر 777,,برجر 777,العليا,بلدية,بلدية العليا,True,False,لا يوجد,,0,,,False,none,,0,False
Data 2025.xlsx,2329,2025-03-18,2025-03,2025-W12,1,1,OO-OSS-po-0347-R01,OO-OSS-po-0347-R01,بطاطس مقلي,البطاطس (potatoes),potatoes,البطاطس (potatoes),produce,شركة المطاعم الأهلية هارديز,شركة المطاعم الأهلية هارديز,,شركة المطاعم الأهلية هارديز,العليا,بلدية,بلدية العليا,True,False,لا يوجد,,0,,,False,none,,3,True
Data 2025.xlsx,2312,2025-03-18,2025-03,2025-W12,1,1,OOSS-eg-0320-R01,OOSS-eg-0320-R01,مصقع,مصقع,,مصقع,other,شركة الرومانسية المحدودة,شركة الرومانسية المحدودة,,شركة الرومانسية المحدودة,العليا,بلدية,بلدية العليا,True,False,لا يوجد,,0,,,False,none,sample_type_unbucketed,2,True
Data 2025.xlsx,2300,2025-03-18,2025-03,2025-W12,1,1,appe-0352-r01,Appe-0352-R01,حمص,حمص,,حمص,prepared_meal,شركة الرومانسية المحدودة,شركة الرومانسية المحدودة,,شركة الرومانسية المحدودة,العليا,بلدية,بلدية العليا,True,False,لا يوجد,,0,,,False,none,,0,False
Data 2025.xlsx,2302,2025-03-18,2025-03,2025-W12,1,1,appe-0353-r01,Appe-0353-R01,تبولة,تبولة,,تبولة,other,شركة الرومانسية المحدودة,شركة الرومانسية المحدودة,,شركة الرومانسية المحدودة,العليا,بلدية,بلدية العليا,True,False,لا يوجد,,0,,,False,none,sample_type_unbucketed,1,False
Data 2025.xlsx,2309,2025-03-18,2025-03,2025-W12,1,1,appe-0354-r01,Appe-0354-R01,بابا غنوج,بابا غنوج,,بابا غنوج,other,شركة الرومانسية المحدودة,شركة الرومانسية المحدودة,,شركة الرومانسية المحدودة,العليا,بلدية,بلدية العليا,True,False,لا يوجد,,0,,,False,none,sample_type_unbucketed,2,True
Data 2025.xlsx,2330,2025-03-18,2025-03,2025-W12,1,1,be-0028-r01,be-0028-R01,ببسي مشروب غازي,المشروبات الغازية (الغير كحولية) (Carbonated beverages) (non - alcoholic ),non - alcoholic,المشروبات الغازية (الغير كحولية) (Carbonated beverages) (non - alcoholic ),beverage,شركة المطاعم الأهلية هارديز,شركة المطاعم الأهلية هارديز,,شركة المطاعم الأهلية هارديز,العليا,بلدية,بلدية العليا,True,False,لا يوجد,,0,,,False,none,,3,True
Data 2025.xlsx,2331,2025-03-18,2025-03,2025-W12,1,1,be-0029-r01,be-0029-R01,ديو مشروب غازي,المشروبات الغازية (الغير كحولية) (Carbonated beverages) (non - alcoholic ),non - alcoholic,المشروبات الغازية (الغير كحولية) (Carbonated beverages) (non - alcoholic ),beverage,شركة المطاعم الأهلية هارديز,شركة المطاعم الأهلية هارديز,,شركة المطاعم الأهلية هارديز,العليا,بلدية,بلدية العليا,True,False,لا يوجد,,0,,,False,none,,3,True
Data 2025.xlsx,2332,2025-03-18,2025-03,2025-W12,1,1,be-0030-r01,be-0030-R01,ميرندا مشروب غازي,المشروبات الغازية (الغير كحولية) (Carbonated beverages) (non - alcoholic ),non - alcoholic,المشروبات الغازية (الغير كحولية) (Carbonated beverages) (non - alcoholic ),beverage,شركة المطاعم الأهلية هارديز,شركة المطاعم الأهلية هارديز,,شركة المطاعم الأهلية هارديز,العليا,بلدية,بلدية العليا,False,True,العد الكلي للبكتيريا,العد الكلي للبكتيريا,1,,العد الكلي للبكتيريا,False,indicator_only,,4,True
Data 2025.xlsx,2333,2025-03-18,2025-03,2025-W12,1,1,be-0031-r01,be-0031-R01,سفن اب مشروب غازي,المشروبات الغازية (الغير كحولية) (Carbonated beverages) (non - alcoholic ),non - alcoholic,المشروبات الغازية (الغير كحولية) (Carbonated beverages) (non - alcoholic ),beverage,شركة المطاعم الأهلية هارديز,شركة المطاعم الأهلية هارديز,,شركة المطاعم الأهلية هارديز,العليا,بلدية,بلدية العليا,True,False,لا يوجد,,0,,,False,none,,4,True
Data 2025.xlsx,2315,2025-03-18,2025-03,2025-W12,1,1,br-0079-r01,Br-0079-R01,خبز مفرود ابيض,خبز مفرود ابيض,,خبز مفرود ابيض,dairy,شركة الرومانسية المحدودة,شركة الرومانسية المحدودة,,شركة الرومانسية المحدودة,العليا,بلدية,بلدية العليا,True,False,لا يوجد,,0,,,False,none,,2,True
Data 2025.xlsx,2344,2025-03-18,2025-03,2025-W12,1,1,chee-0686-r01,Chee-0686-R01,شرائح جبن ابيض,(cheese) جبنة,cheese,(cheese) جبنة,dairy,برجر 777,برجر 777,,برجر 777,العليا,بلدية,بلدية العليا,True,False,لا يوجد,,0,,,False,none,,0,False
Data 2025.xlsx,2313,2025-03-18,2025-03,2025-W12,1,1,gcv-0184-r01,GCV-0184-R01,مشكل فرن,مشكل فرن,,مشكل فرن,other,شركة الرومانسية المحدودة,شركة الرومانسية المحدودة,,شركة الرومانسية المحدودة,العليا,بلدية,بلدية العليا,True,False,لا يوجد,,0,,,False,none,sample_type_unbucketed,2,True
Data 2025.xlsx,2304,2025-03-18,2025-03,2025-W12,1,1,gr-0151-r01,gr-0151-R01,ورق عنب,ورق عنب,,ورق عنب,produce,شركة الرومانسية المحدودة,شركة الرومانسية المحدودة,,شركة الرومانسية المحدودة,العليا,بلدية,بلدية العليا,False,True,العد الكلي للبكتيريا,العد الكلي للبكتيريا,1,,العد الكلي للبكتيريا,False,indicator_only,,2,True
Data 2025.xlsx,2296,2025-03-18,2025-03,2025-W12,1,1,kib-0019-r01,Kib-0019-R01,كبة جاج,كبة جاج,,كبة جاج,other,شركة الرومنسية المحدودة,شركة الرومنسية المحدودة,,شركة الرومنسية المحدودة,العليا,بلدية,بلدية العليا,True,False,لا يوجد,,0,,,False,none,sample_type_unbucketed,0,False
Data 2025.xlsx,2326,2025-03-18,2025-03,2025-W12,1,1,pick-0349-r01,Pick-0349-R01,مخلل خيار,المخلل (Pickle),Pickle,المخلل (Pickle),sauce_condiment,شركة المطاعم الأهلية هارديز,شركة المطاعم الأهلية هارديز,,شركة المطاعم الأهلية هارديز,العليا,بلدية,بلدية العليا,True,False,لا يوجد,,0,,,False,none,,3,True
Data 2025.xlsx,2297,2025-03-18,2025-03,2025-W12,1,1,sal-1161-r01,Sal-1161-R01,سلطة حارة,سلطة حارة,,سلطة حارة,produce,شركة الرومانسية المحدودة,شركة الرومانسية المحدودة,,شركة الرومانسية المحدودة,العليا,بلدية,بلدية العليا,True,False,لا يوجد,,0,,,False,none,,0,False
Data 2025.xlsx,2298,2025-03-18,2025-03,2025-W12,1,1,sal-1162-r01,Sal-1162-R01,سلطة فتوش,سلطة فتوش,,سلطة فتوش,produce,شركة الرومانسية المحدودة,شركة الرومانسية المحدودة,,شركة الرومانسية المحدودة,العليا,بلدية,بلدية العليا,True,False,لا يوجد,,0,,,False,none,,0,False
Data 2025.xlsx,2299,2025-03-18,2025-03,2025-W12,1,1,sal-1163-r01,Sal-1163-R01,سلطة خضراء,سلطة خضراء,,سلطة خضراء,produce,شركة الرومانسية المحدودة,شركة الرومانسية المحدودة,,شركة الرومانسية المحدودة,العليا,بلدية,بلدية العليا,True,False,لا يوجد,,0,,,False,none,,0,False
Data 2025.xlsx,2301,2025-03-18,2025-03,2025-W12,1,1,sal-1164-r01,Sal-1164-R01,زبادي بالخيار,زبادي بالخيار,,زبادي بالخيار,dairy,شركة الرومانسية المحدودة,شركة الرومانسية المحدودة,,شركة الرومانسية المحدودة,العليا,بلدية,بلدية العليا,False,True,انتيروباكتريسي,انتيروباكتريسي,1,,انتيروباكتريسي,False,indicator_only,,1,False
Data 2025.xlsx,2303,2025-03-18,2025-03,2025-W12,1,1,sal-1165-r01,Sal-1165-R01,سلطة جزر ملفوف,سلطة جزر ملفوف,,سلطة جزر ملفوف,produce,شركة الرومانسية المحدودة,شركة الرومانسية المحدودة,,شركة الرومانسية المحدودة,العليا,بلدية,بلدية العليا,True,False,لا يوجد,,0,,,False,none,,1,False
Data 2025.xlsx,2305,2025-03-18,2025-03,2025-W12,1,1,sau-1291-r01,sau-1291-R01,صوص تبيلة تبولة,صوص تبيلة تبولة,,صوص تبيلة تبولة,sauce_condiment,شركة الرومانسية المحدودة,شركة الرومانسية المحدودة,,شركة الرومانسية المحدودة,العليا,بلدية,بلدية العليا,True,False,لا يوجد,,0,,,False,none,,2,True
Data 2025.xlsx,2314,2025-03-18,2025-03,2025-W12,1,1,sau-1292-r01,sau-1292-R01,صوص شيرة,صوص شيرة,,صوص شيرة,sauce_condiment,شركة الرومانسية المحدودة,شركة الرومانسية المحدودة,,شركة الرومانسية المحدودة,العليا,بلدية,بلدية العليا,True,False,لا يوجد,,0,,,False,none,,2,True
Data 2025.xlsx,2320,2025-03-18,2025-03,2025-W12,1,1,sau-1293-r01,sau-1293-R01,صوص مايونيز مع فلفل اسود,صوص (sauce),sauce,صوص (sauce),sauce_condiment,شركة المطاعم الأهلية هارديز,شركة المطاعم الأهلية هارديز,,شركة المطاعم الأهلية هارديز,العليا,بلدية,بلدية العليا,False,True,استافيلوكوكس اورياس,استافيلوكوكس اورياس,1,استافيلوكوكس اورياس,,True,pathogen,,1,False
Data 2025.xlsx,2321,2025-03-18,2025-03,2025-W12,1,1,sau-1294-r01,sau-1294-R01,صوص سنتفية,صوص (sauce),sauce,صوص (sauce),sauce_condiment,شركة المطاعم الأهلية هارديز,شركة المطاعم الأهلية هارديز,,شركة المطاعم الأهلية هارديز,العليا,بلدية,بلدية العليا,False,True,العد الكلي للبكتيريا,العد الكلي للبكتيريا,1,,العد الكلي للبكتيريا,False,indicator_only,,2,True
Data 2025.xlsx,2322,2025-03-18,2025-03,2025-W12,1,1,sau-1295-r01,sau-1295-R01,صوص رانش,صوص (sauce),sauce,صوص (sauce),sauce_condiment,شركة المطاعم الأهلية هارديز,شركة المطاعم الأهلية هارديز,,شركة المطاعم الأهلية هارديز,العليا,بلدية,بلدية العليا,True,False,لا يوجد,,0,,,False,none,,2,True
Data 2025.xlsx,2323,2025-03-18,2025-03,2025-W12,1,1,sau-1296-r01,sau-1296-R01,صوص هابانيرو,صوص (sauce),sauce,صوص (sauce),sauce_condiment,شركة المطاعم الأهلية هارديز,شركة المطاعم الأهلية هارديز,,شركة المطاعم الأهلية هارديز,العليا,بلدية,بلدية العليا,False,True,العد الكلي للبكتيريا | انتيروباكتريسي | استافيلوكوكس اورياس,العد الكلي للبكتيريا | انتيروباكتريسي | استافيلوكوكس اورياس,3,استافيلوكوكس اورياس,العد الكلي للبكتيريا | انتيروباكتريسي,True,pathogen,,3,True
Data 2025.xlsx,2324,2025-03-18,2025-03,2025-W12,1,1,sau-1297-r01,sau-1297-R01,صوص ماستر,صوص (sauce),sauce,صوص (sauce),sauce_condiment,شركة المطاعم الأهلية هارديز,شركة المطاعم الأهلية هارديز,,شركة المطاعم الأهلية هارديز,العليا,بلدية,بلدية العليا,True,False,لا يوجد,,0,,,False,none,,3,True
Data 2025.xlsx,2325,2025-03-18,2025-03,2025-W12,1,1,sau-1298-r01,sau-1298-R01,صوص كاتشب,صوص (sauce),sauce,صوص (sauce),sauce_condiment,شركة المطاعم الأهلية هارديز,شركة المطاعم الأهلية هارديز,,شركة المطاعم الأهلية هارديز,العليا,بلدية,بلدية العليا,True,False,لا يوجد,,0,,,False,none,,3,True
Data 2025.xlsx,2345,2025-03-18,2025-03,2025-W12,1,1,sau-1299-r01,sau-1299-R01,صوص اسبيشل,صوص (sauce),sauce,صوص (sauce),sauce_condiment,برجر 777,برجر 777,,برجر 777,العليا,بلدية,بلدية العليا,False,True,العد الكلي للبكتيريا,العد الكلي للبكتيريا,1,,العد الكلي للبكتيريا,False,indicator_only,,1,False
Data 2025.xlsx,2346,2025-03-18,2025-03,2025-W12,1,1,sau-1300-r01,sau-1300-R01,صوص جبن,صوص (sauce),sauce,صوص (sauce),sauce_condiment,برجر 777,برجر 777,,برجر 777,العليا,بلدية,بلدية العليا,False,True,انتيروباكتريسي | استافيلوكوكس اورياس,انتيروباكتريسي | استافيلوكوكس اورياس,2,استافيلوكوكس اورياس,انتيروباكتريسي,True,pathogen,,2,True
Data 2025.xlsx,2347,2025-03-18,2025-03,2025-W12,1,1,sau-1301-r01,sau-1301-R01,صوص ماستر,صوص (sauce),sauce,صوص (sauce),sauce_condiment,برجر 777,برجر 777,,برجر 777,العليا,بلدية,بلدية العليا,True,False,لا يوجد,,0,,,False,none,,2,True
Data 2025.xlsx,2348,2025-03-18,2025-03,2025-W12,1,1,sau-1302-r01,sau-1302-R01,صوص كاتشب,صوص (sauce),sauce,صوص (sauce),sauce_condiment,برجر 777,برجر 777,,برجر 777,العليا,بلدية,بلدية العليا,True,False,لا يوجد,,0,,,False,none,,2,True
Data 2025.xlsx,2349,2025-03-18,2025-03,2025-W12,1,1,sau-1303-r01,sau-1303-R01,صوص اسبيشل دجاج,صوص (sauce),sauce,صوص (sauce),sauce_condiment,برجر 777,برجر 777,,برجر 777,العليا,بلدية,بلدية العليا,True,False,لا يوجد,,0,,,False,none,,2,True
Data 2025.xlsx,2317,2025-03-18,2025-03,2025-W12,1,1,sw-2627-r01,sw-2627-R01,مسحة سخان اكل,مسحة سخان اكل 1,,مسحة سخان اكل 1,swab,شركة الرومانسية المحدودة,شركة الرومانسية المحدودة,,شركة الرومانسية المحدودة,العليا,بلدية,بلدية العليا,True,False,لا يوجد,,0,,,False,none,,2,True
Data 2025.xlsx,2318,2025-03-18,2025-03,2025-W12,1,1,sw-2628-r01,sw-2628-R01,مسحة سخان اكل,مسحة سخان اكل 2,,مسحة سخان اكل 2,swab,شركة الرومانسية المحدودة,شركة الرومانسية المحدودة,,شركة الرومانسية المحدودة,العليا,بلدية,بلدية العليا,True,False,لا يوجد,,0,,,False,none,,2,True
Data 2025.xlsx,2319,2025-03-18,2025-03,2025-W12,1,1,sw-2629-r01,sw-2629-R01,مسحة سخان اكل,مسحة سخان اكل 3,,مسحة سخان اكل 3,swab,شركة الرومانسية المحدودة,شركة الرومانسية المحدودة,,شركة الرومانسية المحدودة,العليا,بلدية,بلدية العليا,True,False,لا يوجد,,0,,,False,none,,2,True
Data 2025.xlsx,2334,2025-03-18,2025-03,2025-W12,1,1,sw-2630-r01,sw-2630-R01,مسحة حافظة بطاطس,(Swabs) المسحات,Swabs,(Swabs) المسحات,swab,شركة المطاعم الأهلية هارديز,شركة المطاعم الأهلية هارديز,,شركة المطاعم الأهلية هارديز,العليا,بلدية,بلدية العليا,True,False,لا يوجد,,0,,,False,none,,4,True
Data 2025.xlsx,2335,2025-03-18,2025-03,2025-W12,1,1,sw-2631-r01,sw-2631-R01,مسحة حافظة بطاطس,(Swabs) المسحات,Swabs,(Swabs) المسحات,swab,شركة المطاعم الأهلية هارديز,شركة المطاعم الأهلية هارديز,,شركة المطاعم الأهلية هارديز,العليا,بلدية,بلدية العليا,True,False,لا يوجد,,0,,,False,none,,4,True
Data 2025.xlsx,2336,2025-03-18,2025-03,2025-W12,1,1,sw-2632-r01,sw-2632-R01,مسحة حافظة بطاطس,(Swabs) المسحات,Swabs,(Swabs) المسحات,swab,شركة المطاعم الأهلية هارديز,شركة المطاعم الأهلية هارديز,,شركة المطاعم الأهلية هارديز,العليا,بلدية,بلدية العليا,True,False,لا يوجد,,0,,,False,none,,4,True
Data 2025.xlsx,2337,2025-03-18,2025-03,2025-W12,1,1,sw-2633-r01,sw-2633-R01,مسحة حافظة ثلج,(Swabs) المسحات,Swabs,(Swabs) المسحات,swab,شركة المطاعم الأهلية هارديز,شركة المطاعم الأهلية هارديز,,شركة المطاعم الأهلية هارديز,العليا,بلدية,بلدية العليا,True,False,لا يوجد,,0,,,False,none,,4,True
Data 2025.xlsx,2338,2025-03-18,2025-03,2025-W12,1,1,sw-2634-r01,sw-2634-R01,مسحة صانعة ثلج,(Swabs) المسحات,Swabs,(Swabs) المسحات,swab,شركة المطاعم الأهلية هارديز,شركة المطاعم الأهلية هارديز,,شركة المطاعم الأهلية هارديز,العليا,بلدية,بلدية العليا,True,False,لا يوجد,,0,,,False,none,,4,True
Data 2025.xlsx,2339,2025-03-18,2025-03,2025-W12,1,1,sw-2635-r01,sw-2635-R01,مسحة حافظة اعداد,(Swabs) المسحات,Swabs,(Swabs) المسحات,swab,شركة المطاعم الأهلية هارديز,شركة المطاعم الأهلية هارديز,,شركة المطاعم الأهلية هارديز,العليا,بلدية,بلدية العليا,True,False,لا يوجد,,0,,,False,none,,4,True
Data 2025.xlsx,2340,2025-03-18,2025-03,2025-W12,1,1,sw-2636-r01,sw-2636-R01,مسحة ادوات القلي,(Swabs) المسحات,Swabs,(Swabs) المسحات,swab,شركة المطاعم الأهلية هارديز,شركة المطاعم الأهلية هارديز,,شركة المطاعم الأهلية هارديز,العليا,بلدية,بلدية العليا,True,False,لا يوجد,,0,,,False,none,,4,True
Data 2025.xlsx,2341,2025-03-18,2025-03,2025-W12,1,1,sw-2637-r01,sw-2637-R01,مسحة حماصة,(Swabs) المسحات,Swabs,(Swabs) المسحات,swab,شركة المطاعم الأهلية هارديز,شركة المطاعم الأهلية هارديز,,شركة المطاعم الأهلية هارديز,العليا,بلدية,بلدية العليا,True,False,لا يوجد,,0,,,False,none,,4,True
Data 2025.xlsx,2350,2025-03-18,2025-03,2025-W12,1,1,sw-2638-r01,sw-2638-R01,مسحة ثلاجة اعداد,(Swabs) المسحات,Swabs,(Swabs) المسحات,swab,برجر 777,برجر 777,,برجر 777,العليا,بلدية,بلدية العليا,True,False,لا يوجد,,0,,,False,none,,2,True
Data 2025.xlsx,2351,2025-03-18,2025-03,2025-W12,1,1,sw-2639-r01,sw-2639-R01,مسحة ثلاجة اعداد,(Swabs) المسحات,Swabs,(Swabs) المسحات,swab,برجر 777,برجر 777,,برجر 777,العليا,بلدية,بلدية العليا,True,False,لا يوجد,,0,,,False,none,,2,True
Data 2025.xlsx,2352,2025-03-18,2025-03,2025-W12,1,1,sw-2640-r01,sw-2640-R01,مسحة حافظة مقبلات,(Swabs) المسحات,Swabs,(Swabs) المسحات,swab,برجر 777,برجر 777,,برجر 777,العليا,بلدية,بلدية العليا,True,False,لا يوجد,,0,,,False,none,,2,True
Data 2025.xlsx,2353,2025-03-18,2025-03,2025-W12,1,1,sw-2641-r01,sw-2641-R01,مسحة حماصة,(Swabs) المسحات,Swabs,(Swabs) المسحات,swab,برجر 777,برجر 777,,برجر 777,العليا,بلدية,بلدية العليا,True,False,لا يوجد,,0,,,False,none,,2,True
Data 2025.xlsx,2306,2025-03-18,2025-03,2025-W12,1,1,sweet-0861-r01,sweet-0861-R01,حلا مانجا,حلا مانجا,,حلا مانجا,other,شركة الرومانسية المحدودة,شركة الرومانسية المحدودة,,شركة الرومانسية المحدودة,العليا,بلدية,بلدية العليا,True,False,لا يوجد,,0,,,False,none,sample_type_unbucketed,2,True
Data 2025.xlsx,2307,2025-03-18,2025-03,2025-W12,1,1,sweet-0862-r01,sweet-0862-R01,حلا فراولة,حلا فراولة,,حلا فراولة,other,شركة الرومانسية المحدودة,شركة الرومانسية المحدودة,,شركة الرومانسية المحدودة,العليا,بلدية,بلدية العليا,True,False,لا يوجد,,0,,,False,none,sample_type_unbucketed,2,True
Data 2025.xlsx,2308,2025-03-18,2025-03,2025-W12,1,1,sweet-0863-r01,sweet-0863-R01,حلا ام علي,حلا ام علي,,حلا ام علي,other,شركة الرومانسية المحدودة,شركة الرومانسية المحدودة,,شركة الرومانسية المحدودة,العليا,بلدية,بلدية العليا,True,False,لا يوجد,,0,,,False,none,sample_type_unbucketed,2,True
Data 2025.xlsx,2400,2025-03-22,2025-03,2025-W12,1,5,1-2868-R01,1-2868-R01,كشنة رز شعبي,(kashana) كشنة,kashana,(kashana) كشنة,prepared_meal,مطعم الركن المكي,مطعم الركن المكي,,مطعم الركن المكي,العليا,بلدية,بلدية العليا,True,False,لا يوجد,,0,,,False,none,,9,True
Data 2025.xlsx,2365,2025-03-22,2025-03,2025-W12,1,5,O-U-to-0581-R01,O-U-to-0581-R01,شرائح طماطم,الطماطم (Tomatoes),Tomatoes,الطماطم (Tomatoes),produce,شاورما زهور الشام,شاورما زهور الشام,,شاورما زهور الشام,العليا,بلدية,بلدية العليا,True,False,لا يوجد,,0,,,False,none,,2,True
Data 2025.xlsx,2416,2025-03-22,2025-03,2025-W12,1,5,O-U-to-0582-R01,O-U-to-0582-R01,شرائح الطماطم,الطماطم (Tomatoes),Tomatoes,الطماطم (Tomatoes),produce,الف عوافي,الف عوافي,,الف عوافي,العليا,بلدية,بلدية العليا,True,False,لا يوجد,,0,,,False,none,,3,True
Data 2025.xlsx,2418,2025-03-22,2025-03,2025-W12,1,5,O-r-O3-le-0306-R01,O-r-O3-le-0306-R01,قطع خس,الخس (Lettuce),Lettuce,الخس (Lettuce),produce,الف عوافي,الف عوافي,,الف عوافي,العليا,بلدية,بلدية العليا,False,True,استافيلوكوكس اورياس,استافيلوكوكس اورياس,1,استافيلوكوكس اورياس,,True,pathogen,,4,True
Data 2025.xlsx,2366,2025-03-22,2025-03,2025-W12,1,5,O-r-U-cu-0217-R01,O-r-U-cu-0217-R01,قطع خيار,الخيار (cucumbers),cucumbers,الخيار (cucumbers),produce,شاورما زهور الشام,شاورما زهور الشام,,شاورما زهور الشام,العليا,بلدية,بلدية العليا,True,False,لا يوجد,,0,,,False,none,,2,True
Data 2025.xlsx,2372,2025-03-22,2025-03,2025-W12,1,5,OO-OSS-po-0348-R01,OO-OSS-po-0348-R01,بطاطس مقلي,البطاطس (potatoes),potatoes,البطاطس (potatoes),produce,شاورما زهور الشام,شاورما زهور الشام,,شاورما زهور الشام,العليا,بلدية,بلدية العليا,False,True,العد الكلي للبكتيريا,العد الكلي للبكتيريا,1,,العد الكلي للبكتيريا,False,indicator_only,,6,True
Data 2025.xlsx,2414,2025-03-22,2025-03,2025-W12,1,5,OO-OSS-po-0349-R01,OO-OSS-po-0349-R01,بطاطس مقلي,البطاطس (potatoes),potatoes,البطاطس (potatoes),produce,الف عوافي,الف عوافي,,الف عوافي,العليا,بلدية,بلدية العليا,True,False,لا يوجد,,0,,,False,none,,3,True
Data 2025.xlsx,2377,2025-03-22,2025-03,2025-W12,1,5,OOSS-eg-0321-R01,OOSS-eg-0321-R01,مصقع باذنجان,الباذنجان (eggplant),eggplant,الباذنجان (eggplant),dairy,مطعم الركن المكي,مطعم الركن المكي,,مطعم الركن المكي,العليا,بلدية,بلدية العليا,True,False,لا يوجد,,0,,,False,none,,0,False
Data 2025.xlsx,2381,2025-03-22,2025-03,2025-W12,1,5,OOSSU-ok-0069-R01,OOSSU-ok-0069-R01,ايدام بامية,البامية (okra),okra,البامية (okra),other,مطعم الركن المكي,مطعم الركن المكي,,مطعم الركن المكي,العليا,بلدية,بلدية العليا,True,False,لا يوجد,,0,,,False,none,sample_type_unbucketed,2,True
Data 2025.xlsx,2392,2025-03-22,2025-03,2025-W12,1,5,OU-me-0027-R01,OU-me-0027-R01,قطع شمام مع جح,الشمام (melons),melons,الشمام (melons),produce,مطعم الركن المكي,مطعم الركن المكي,,مطعم الركن المكي,العليا,بلدية,بلدية العليا,True,False,لا يوجد,,0,,,False,none,,5,True
Data 2025.xlsx,2355,2025-03-22,2025-03,2025-W12,1,5,appe-0356-r01,Appe-0356-R01,متبل,مقبلات (Appetizers),Appetizers,مقبلات (Appetizers),prepared_meal,مشويات زهور الشام,مشويات زهور الشام,,مشويات زهور الشام,العليا,بلدية,بلدية العليا,False,True,العد الكلي للبكتيريا,العد الكلي للبكتيريا,1,,العد الكلي للبكتيريا,False,indicator_only,,2,True
Data 2025.xlsx,2356,2025-03-22,2025-03,2025-W12,1,5,appe-0357-r01,Appe-0357-R01,حمص,مقبلات (Appetizers),Appetizers,مقبلات (Appetizers),prepared_meal,مشويات زهور الشام,مشويات زهور الشام,,مشويات زهور الشام,العليا,بلدية,بلدية العليا,True,False,لا يوجد,,0,,,False,none,,2,True
Data 2025.xlsx,2382,2025-03-22,2025-03,2025-W12,1,5,appe-0358-r01,Appe-0358-R01,تبولة,مقبلات (Appetizers),Appetizers,مقبلات (Appetizers),prepared_meal,مطعم الركن المكي,مطعم الركن المكي,,مطعم الركن المكي,العليا,بلدية,بلدية العليا,False,True,ايشيريشيا كولاي | استافيلوكوكس اورياس,ايشيريشيا كولاي | استافيلوكوكس اورياس,2,ايشيريشيا كولاي | استافيلوكوكس اورياس,,True,multi_pathogen,,3,True
Data 2025.xlsx,2388,2025-03-22,2025-03,2025-W12,1,5,appe-0359-r01,Appe-0359-R01,متبل,مقبلات (Appetizers),Appetizers,مقبلات (Appetizers),prepared_meal,مطعم الركن المكي,مطعم الركن المكي,,مطعم الركن المكي,العليا,بلدية,بلدية العليا,False,True,العد الكلي للبكتيريا,العد الكلي للبكتيريا,1,,العد الكلي للبكتيريا,False,indicator_only,,5,True
Data 2025.xlsx,2389,2025-03-22,2025-03,2025-W12,1,5,appe-0360-r01,Appe-0360-R01,بابا غنوج,مقبلات (Appetizers),Appetizers,مقبلات (Appetizers),prepared_meal,مطعم الركن المكي,مطعم الركن المكي,,مطعم الركن المكي,العليا,بلدية,بلدية العليا,True,False,لا يوجد,,0,,,False,none,,5,True
Data 2025.xlsx,2390,2025-03-22,2025-03,2025-W12,1,5,appe-0361-r01,Appe-0361-R01,حمص,مقبلات (Appetizers),Appetizers,مقبلات (Appetizers),prepared_meal,مطعم الركن المكي,مطعم الركن المكي,,مطعم الركن المكي,العليا,بلدية,بلدية العليا,True,False,لا يوجد,,0,,,False,none,,5,True
Data 2025.xlsx,2402,2025-03-22,2025-03,2025-W12,1,5,appe-0362-r01,Appe-0362-R01,حمص ريحان,مقبلات (Appetizers),Appetizers,مقبلات (Appetizers),prepared_meal,الف عوافي,الف عوافي,,الف عوافي,العليا,بلدية,بلدية العليا,True,False,لا يوجد,,0,,,False,none,,0,False
Data 2025.xlsx,2403,2025-03-22,2025-03,2025-W12,1,5,appe-0363-r01,Appe-0363-R01,بابا غنوج,مقبلات (Appetizers),Appetizers,مقبلات (Appetizers),prepared_meal,الف عوافي,الف عوافي,,الف عوافي,العليا,بلدية,بلدية العليا,True,False,لا يوجد,,0,,,False,none,,0,False
Data 2025.xlsx,2404,2025-03-22,2025-03,2025-W12,1,5,appe-0364-r01,Appe-0364-R01,متبل,مقبلات (Appetizers),Appetizers,مقبلات (Appetizers),prepared_meal,الف عوافي,الف عوافي,,الف عوافي,العليا,بلدية,بلدية العليا,True,False,لا يوجد,,0,,,False,none,,0,False
Data 2025.xlsx,2405,2025-03-22,2025-03,2025-W12,1,5,appe-0365-r01,Appe-0365-R01,حمص,مقبلات (Appetizers),Appetizers,مقبلات (Appetizers),prepared_meal,الف عوافي,الف عوافي,,الف عوافي,العليا,بلدية,بلدية العليا,True,False,لا يوجد,,0,,,False,none,,0,False
Data 2025.xlsx,2359,2025-03-22,2025-03,2025-W12,1,5,br-0080-r01,Br-0080-R01,خبز مفرود ابيض,الخبـز (Bread),Bread,الخبـز (Bread),sweets_bakery,مشويات زهور الشام,مشويات زهور الشام,,مشويات زهور الشام,العليا,بلدية,بلدية العليا,True,False,لا يوجد,,0,,,False,none,,4,True
Data 2025.xlsx,2415,2025-03-22,2025-03,2025-W12,1,5,cm-0093-r01,Cm-0093-R01,شاورما لحم,اللحوم المطبوخة (Cooked meat),Cooked meat,اللحوم المطبوخة (Cooked meat),cooked_meat_poultry,الف عوافي,الف عوافي,,الف عوافي,العليا,بلدية,بلدية العليا,True,False,لا يوجد,,0,,,False,none,,3,True
Data 2025.xlsx,2371,2025-03-22,2025-03,2025-W12,1,5,co-0458-r01,co-0458-R01,قطع شاورما دجاج,الدجاج المطبوخ (Cooked chicken),Cooked chicken,الدجاج المطبوخ (Cooked chicken),cooked_meat_poultry,شاورما زهور الشام,شاورما زهور الشام,,شاورما زهور الشام,العليا,بلدية,بلدية العليا,False,True,العد الكلي للبكتيريا,العد الكلي للبكتيريا,1,,العد الكلي للبكتيريا,False,indicator_only,,5,True
Data 2025.xlsx,2409,2025-03-22,2025-03,2025-W12,1,5,co-0459-r01,co-0459-R01,قطع شاورما الدجاج,الدجاج المطبوخ (Cooked chicken),Cooked chicken,الدجاج المطبوخ (Cooked chicken),cooked_meat_poultry,الف عوافي,الف عوافي,,الف عوافي,العليا,بلدية,بلدية العليا,True,False,لا يوجد,,0,,,False,none,,2,True
Data 2025.xlsx,2378,2025-03-22,2025-03,2025-W12,1,5,gcv-0185-r01,GCV-0185-R01,مشكل فرن بالدجاج,الخضار المشوية و المطبوخة,,الخضار المشوية و المطبوخة,cooked_meat_poultry,مطعم الركن المكي,مطعم الركن المكي,,مطعم الركن المكي,العليا,بلدية,بلدية العليا,False,True,العد الكلي للبكتيريا,العد الكلي للبكتيريا,1,,العد الكلي للبكتيريا,False,indicator_only,,1,False
Data 2025.xlsx,2380,2025-03-22,2025-03,2025-W12,1,5,gcv-0186-r01,GCV-0186-R01,مشكل خضار,الخضار المشوية و المطبوخة,,الخضار المشوية و المطبوخة,cooked_meat_poultry,مطعم الركن المكي,مطعم الركن المكي,,مطعم الركن المكي,العليا,بلدية,بلدية العليا,True,False,لا يوجد,,0,,,False,none,,2,True
Data 2025.xlsx,2360,2025-03-22,2025-03,2025-W12,1,5,gr-0152-r01,gr-0152-R01,ورق عنب,ورق عنب (Grape leaves),Grape leaves,ورق عنب (Grape leaves),produce,مشويات زهور الشام,مشويات زهور الشام,,مشويات زهور الشام,العليا,بلدية,بلدية العليا,True,False,لا يوجد,,0,,,False,none,,4,True
Data 2025.xlsx,2406,2025-03-22,2025-03,2025-W12,1,5,gr-0153-r01,gr-0153-R01,ورق عنب,ورق عنب (Grape leaves),Grape leaves,ورق عنب (Grape leaves),produce,الف عوافي,الف عوافي,,الف عوافي,العليا,بلدية,بلدية العليا,True,False,لا يوجد,,0,,,False,none,,0,False
Data 2025.xlsx,2368,2025-03-22,2025-03,2025-W12,1,5,hs-0283-r01,HS-0283-R01,شطة شامية,الشطة (Hot sauce),Hot sauce,الشطة (Hot sauce),sauce_condiment,شاورما زهور الشام,شاورما زهور الشام,,شاورما زهور الشام,العليا,بلدية,بلدية العليا,False,True,العد الكلي للبكتيريا,العد الكلي للبكتيريا,1,,العد الكلي للبكتيريا,False,indicator_only,,4,True
Data 2025.xlsx,2411,2025-03-22,2025-03,2025-W12,1,5,hs-0284-r01,HS-0284-R01,شطة شامية,الشطة (Hot sauce),Hot sauce,الشطة (Hot sauce),sauce_condiment,الف عوافي,الف عوافي,,الف عوافي,العليا,بلدية,بلدية العليا,False,True,العد الكلي للبكتيريا,العد الكلي للبكتيريا,1,,العد الكلي للبكتيريا,False,indicator_only,,3,True
Data 2025.xlsx,2412,2025-03-22,2025-03,2025-W12,1,5,hs-0285-r01,HS-0285-R01,شطة عادية,الشطة (Hot sauce),Hot sauce,الشطة (Hot sauce),sauce_condiment,الف عوافي,الف عوافي,,الف عوافي,العليا,بلدية,بلدية العليا,True,False,لا يوجد,,0,,,False,none,,3,True
Data 2025.xlsx,2379,2025-03-22,2025-03,2025-W12,1,5,jm-0020-r01,jm-0020-R01,ملوخية,الملوخية (Jute mallow),Jute mallow,الملوخية (Jute mallow),other,مطعم الركن المكي,مطعم الركن المكي,,مطعم الركن المكي,العليا,بلدية,بلدية العليا,False,True,العد الكلي للبكتيريا,العد الكلي للبكتيريا,1,,العد الكلي للبكتيريا,False,indicator_only,sample_type_unbucketed,2,True
Data 2025.xlsx,2370,2025-03-22,2025-03,2025-W12,1,5,mola-0035-r01,mola-0035-R01,دبس الرمان,( Molasses) دبس,Molasses,( Molasses) دبس,sauce_condiment,شاورما زهور الشام,شاورما زهور الشام,,شاورما زهور الشام,العليا,بلدية,بلدية العليا,True,False,لا يوجد,,0,,,False,none,,4,True
Data 2025.xlsx,2413,2025-03-22,2025-03,2025-W12,1,5,mola-0036-r01,mola-0036-R01,دبس الرمان,( Molasses) دبس,Molasses,( Molasses) دبس,sauce_condiment,الف عوافي,الف عوافي,,الف عوافي,العليا,بلدية,بلدية العليا,True,False,لا يوجد,,0,,,False,none,,3,True
Data 2025.xlsx,2364,2025-03-22,2025-03,2025-W12,1,5,pick-0350-r01,Pick-0350-R01,مشكل مخلل,المخلل (Pickle),Pickle,المخلل (Pickle),sauce_condiment,شاورما زهور الشام,شاورما زهور الشام,,شاورما زهور الشام,العليا,بلدية,بلدية العليا,False,True,خمائر,الخمائر والاعفان,1,,الخمائر والاعفان,False,indicator_only,,2,True
Data 2025.xlsx,2367,2025-03-22,2025-03,2025-W12,1,5,pick-0351-r01,Pick-0351-R01,مخلل خيار,المخلل (Pickle),Pickle,المخلل (Pickle),sauce_condiment,شاورما زهور الشام,شاورما زهور الشام,,شاورما زهور الشام,العليا,بلدية,بلدية العليا,False,True,خمائر,الخمائر والاعفان,1,,الخمائر والاعفان,False,indicator_only,,3,True
Data 2025.xlsx,2417,2025-03-22,2025-03,2025-W12,1,5,pick-0352-r01,Pick-0352-R01,مخلل لفت,المخلل (Pickle),Pickle,المخلل (Pickle),sauce_condiment,الف عوافي,الف عوافي,,الف عوافي,العليا,بلدية,بلدية العليا,True,False,لا يوجد,,0,,,False,none,,3,True
Data 2025.xlsx,2358,2025-03-22,2025-03,2025-W12,1,5,raw-0068-r01,Raw-0068-R01,كباب لحم ني,لحوم نيئة مبردة ومجمدة (Raw meat Cold or chilled ),Raw meat Cold or chilled,لحوم نيئة مبردة ومجمدة (Raw meat Cold or chilled ),raw_meat,مشويات زهور الشام,مشويات زهور الشام,,مشويات زهور الشام,العليا,بلدية,بلدية العليا,False,True,العد الكلي للبكتيريا | السالمونيلا,العد الكلي للبكتيريا | السالمونيلا,2,السالمونيلا,العد الكلي للبكتيريا,True,pathogen,,4,True
Data 2025.xlsx,2354,2025-03-22,2025-03,2025-W12,1,5,sal-1166-r01,Sal-1166-R01,سلطة ملفوف,السلطة(Salad),Salad,السلطة(Salad),produce,مشويات زهور الشام,مشويات زهور الشام,,مشويات زهور الشام,العليا,بلدية,بلدية العليا,False,True,استافيلوكوكس اورياس,استافيلوكوكس اورياس,1,استافيلوكوكس اورياس,,True,pathogen,,1,False
Data 2025.xlsx,2357,2025-03-22,2025-03,2025-W12,1,5,sal-1167-r01,Sal-1167-R01,سلطة مشاوي,مقبلات (Appetizers),Appetizers,مقبلات (Appetizers),prepared_meal,مشويات زهور الشام,مشويات زهور الشام,,مشويات زهور الشام,العليا,بلدية,بلدية العليا,False,True,استافيلوكوكس اورياس,استافيلوكوكس اورياس,1,استافيلوكوكس اورياس,,True,pathogen,,3,True
Data 2025.xlsx,2383,2025-03-22,2025-03,2025-W12,1,5,sal-1168-r01,Sal-1168-R01,سلطة بالفلفل البارد,السلطة(Salad),Salad,السلطة(Salad),produce,مطعم الركن المكي,مطعم الركن المكي,,مطعم الركن المكي,العليا,بلدية,بلدية العليا,False,True,ايشيريشيا كولاي | استافيلوكوكس اورياس,ايشيريشيا كولاي | استافيلوكوكس اورياس,2,ايشيريشيا كولاي | استافيلوكوكس اورياس,,True,multi_pathogen,,4,True
Data 2025.xlsx,2384,2025-03-22,2025-03,2025-W12,1,5,sal-1169-r01,Sal-1169-R01,سلطة بالبصل,السلطة(Salad),Salad,السلطة(Salad),produce,مطعم الركن المكي,مطعم الركن المكي,,مطعم الركن المكي,العليا,بلدية,بلدية العليا,True,False,لا يوجد,,0,,,False,none,,4,True
Data 2025.xlsx,2385,2025-03-22,2025-03,2025-W12,1,5,sal-1170-r01,Sal-1170-R01,سلطة خضراء,السلطة(Salad),Salad,السلطة(Salad),produce,مطعم الركن المكي,مطعم الركن المكي,,مطعم الركن المكي,العليا,بلدية,بلدية العليا,True,False,لا يوجد,,0,,,False,none,,4,True
Data 2025.xlsx,2386,2025-03-22,2025-03,2025-W12,1,5,sal-1171-r01,Sal-1171-R01,سلطة جرجير,السلطة(Salad),Salad,السلطة(Salad),produce,مطعم الركن المكي,مطعم الركن المكي,,مطعم الركن المكي,العليا,بلدية,بلدية العليا,True,False,لا يوجد,,0,,,False,none,,4,True
Data 2025.xlsx,2387,2025-03-22,2025-03,2025-W12,1,5,sal-1172-r01,Sal-1172-R01,سلطة خيار بالبن,السلطة(Salad),Salad,السلطة(Salad),produce,مطعم الركن المكي,مطعم الركن المكي,,مطعم الركن المكي,العليا,بلدية,بلدية العليا,True,False,لا يوجد,,0,,,False,none,,4,True
Data 2025.xlsx,2391,2025-03-22,2025-03,2025-W12,1,5,sal-1173-r01,Sal-1173-R01,سلطة حمراء,السلطة(Salad),Salad,السلطة(Salad),produce,مطعم الركن المكي,مطعم الركن المكي,,مطعم الركن المكي,العليا,بلدية,بلدية العليا,True,False,لا يوجد,,0,,,False,none,,5,True
Data 2025.xlsx,2363,2025-03-22,2025-03,2025-W12,1,5,sau-1304-r01,sau-1304-R01,صوص ثوم,صوص (sauce),sauce,صوص (sauce),sauce_condiment,شاورما زهور الشام,شاورما زهور الشام,,شاورما زهور الشام,العليا,بلدية,بلدية العليا,False,True,العد الكلي للبكتيريا,العد الكلي للبكتيريا,1,,العد الكلي للبكتيريا,False,indicator_only,,1,False
Data 2025.xlsx,2369,2025-03-22,2025-03,2025-W12,1,5,sau-1305-r01,sau-1305-R01,كاتشب,صوص (sauce),sauce,صوص (sauce),sauce_condiment,شاورما زهور الشام,شاورما زهور الشام,,شاورما زهور الشام,العليا,بلدية,بلدية العليا,True,False,لا يوجد,,0,,,False,none,,4,True
Data 2025.xlsx,2407,2025-03-22,2025-03,2025-W12,1,5,sau-1306-r01,sau-1306-R01,صوص سبايسي,صوص (sauce),sauce,صوص (sauce),sauce_condiment,الف عوافي,الف عوافي,,الف عوافي,العليا,بلدية,بلدية العليا,False,True,العد الكلي للبكتيريا,العد الكلي للبكتيريا,1,,العد الكلي للبكتيريا,False,indicator_only,,1,False
Data 2025.xlsx,2408,2025-03-22,2025-03,2025-W12,1,5,sau-1307-r01,sau-1307-R01,صوص كوكتيل (مايو + كاتشب),صوص (sauce),sauce,صوص (sauce),sauce_condiment,الف عوافي,الف عوافي,,الف عوافي,العليا,بلدية,بلدية العليا,False,True,العد الكلي للبكتيريا,العد الكلي للبكتيريا,1,,العد الكلي للبكتيريا,False,indicator_only,,2,True
Data 2025.xlsx,2410,2025-03-22,2025-03,2025-W12,1,5,sau-1308-r01,sau-1308-R01,صوص ثوم,صوص (sauce),sauce,صوص (sauce),sauce_condiment,الف عوافي,الف عوافي,,الف عوافي,العليا,بلدية,بلدية العليا,True,False,لا يوجد,,0,,,False,none,,2,True
Data 2025.xlsx,2419,2025-03-22,2025-03,2025-W12,1,5,sau-1309-r01,sau-1309-R01,صوص دقة (ليمون+ثوم+فلفل),صوص (sauce),sauce,صوص (sauce),sauce_condiment,الف عوافي,الف عوافي,,الف عوافي,العليا,بلدية,بلدية العليا,False,True,العد الكلي للبكتيريا | الخمائر والاعفان,العد الكلي للبكتيريا | الخمائر والاعفان,2,,العد الكلي للبكتيريا | الخمائر والاعفان,False,indicator_only,,5,True
Data 2025.xlsx,2361,2025-03-22,2025-03,2025-W12,1,5,sw-2642-r01,sw-2642-R01,مسحة ثلاجة مقبلات,(Swabs) المسحات,Swabs,(Swabs) المسحات,swab,مشويات زهور الشام,مشويات زهور الشام,,مشويات زهور الشام,العليا,بلدية,بلدية العليا,True,False,لا يوجد,,0,,,False,none,,4,True
Data 2025.xlsx,2362,2025-03-22,2025-03,2025-W12,1,5,sw-2643-r01,sw-2643-R01,مسحة ثلاجة مقبلات,(Swabs) المسحات,Swabs,(Swabs) المسحات,swab,مشويات زهور الشام,مشويات زهور الشام,,مشويات زهور الشام,العليا,بلدية,بلدية العليا,True,False,لا يوجد,,0,,,False,none,,4,True
Data 2025.xlsx,2373,2025-03-22,2025-03,2025-W12,1,5,sw-2644-r01,sw-2644-R01,مسحة ثلاجةمقبلات,(Swabs) المسحات,Swabs,(Swabs) المسحات,swab,شاورما زهور الشام,شاورما زهور الشام,,شاورما زهور الشام,العليا,بلدية,بلدية العليا,True,False,لا يوجد,,0,,,False,none,,6,True
Data 2025.xlsx,2374,2025-03-22,2025-03,2025-W12,1,5,sw-2645-r01,sw-2645-R01,مسحة عصارة برتقال,(Swabs) المسحات,Swabs,(Swabs) المسحات,swab,شاورما زهور الشام,شاورما زهور الشام,,شاورما زهور الشام,العليا,بلدية,بلدية العليا,False,True,العد الكلي للبكتيريا,العد الكلي للبكتيريا,1,,العد الكلي للبكتيريا,False,indicator_only,,7,True
Data 2025.xlsx,2375,2025-03-22,2025-03,2025-W12,1,5,sw-2646-r01,sw-2646-R01,مسحة عصارة كبس,(Swabs) المسحات,Swabs,(Swabs) المسحات,swab,شاورما زهور الشام,شاورما زهور الشام,,شاورما زهور الشام,العليا,بلدية,بلدية العليا,True,False,لا يوجد,,0,,,False,none,,7,True
Data 2025.xlsx,2376,2025-03-22,2025-03,2025-W12,1,5,sw-2647-r01,sw-2647-R01,مسحة طاولة تقطيع فواكه,(Swabs) المسحات,Swabs,(Swabs) المسحات,swab,شاورما زهور الشام,شاورما زهور الشام,,شاورما زهور الشام,العليا,بلدية,بلدية العليا,True,False,لا يوجد,,0,,,False,none,,7,True
Data 2025.xlsx,2401,2025-03-22,2025-03,2025-W12,1,5,sw-2648-r01,sw-2648-R01,مسحة ثلاجة مقبلات,(Swabs) المسحات,Swabs,(Swabs) المسحات,swab,مطعم الركن المكي,مطعم الركن المكي,,مطعم الركن المكي,العليا,بلدية,بلدية العليا,True,False,لا يوجد,,0,,,False,none,,9,True
Data 2025.xlsx,2420,2025-03-22,2025-03,2025-W12,1,5,sw-2649-r01,sw-2649-R01,مسحة سخان فلافل,(Swabs) المسحات,Swabs,(Swabs) المسحات,swab,الف عوافي,الف عوافي,,الف عوافي,العليا,بلدية,بلدية العليا,True,False,لا يوجد,,0,,,False,none,,5,True
Data 2025.xlsx,2421,2025-03-22,2025-03,2025-W12,1,5,sw-2650-r01,sw-2650-R01,مسحة سخان بطاطس,(Swabs) المسحات,Swabs,(Swabs) المسحات,swab,الف عوافي,الف عوافي,,الف عوافي,العليا,بلدية,بلدية العليا,True,False,لا يوجد,,0,,,False,none,,5,True
Data 2025.xlsx,2422,2025-03-22,2025-03,2025-W12,1,5,sw-2651-r01,sw-2651-R01,مسحة طاولة تقطيع مخبوزات,(Swabs) المسحات,Swabs,(Swabs) المسحات,swab,الف عوافي,الف عوافي,,الف عوافي,العليا,بلدية,بلدية العليا,True,False,لا يوجد,,0,,,False,none,,5,True
Data 2025.xlsx,2423,2025-03-22,2025-03,2025-W12,1,5,sw-2652-r01,sw-2652-R01,مسحة عصارة برتقال,(Swabs) المسحات,Swabs,(Swabs) المسحات,swab,الف عوافي,الف عوافي,,الف عوافي,العليا,بلدية,بلدية العليا,True,False,لا يوجد,,0,,,False,none,,5,True
Data 2025.xlsx,2393,2025-03-22,2025-03,2025-W12,1,5,sweet-0864-r01,sweet-0864-R01,حلوى بنكهة الفانيلا,الحلا(sweetness),sweetness,الحلا(sweetness),sweets_bakery,مطعم الركن المكي,مطعم الركن المكي,,مطعم الركن المكي,العليا,بلدية,بلدية العليا,False,True,العد الكلي للبكتيريا,العد الكلي للبكتيريا,1,,العد الكلي للبكتيريا,False,indicator_only,,6,True
Data 2025.xlsx,2394,2025-03-22,2025-03,2025-W12,1,5,sweet-0865-r01,sweet-0865-R01,رز بالحليب,الحلا(sweetness),sweetness,الحلا(sweetness),sweets_bakery,مطعم الركن المكي,مطعم الركن المكي,,مطعم الركن المكي,العليا,بلدية,بلدية العليا,False,True,كوليفورم | استافيلوكوكس اورياس,كوليفورم | استافيلوكوكس اورياس,2,استافيلوكوكس اورياس,كوليفورم,True,pathogen,,7,True
Data 2025.xlsx,2395,2025-03-22,2025-03,2025-W12,1,5,sweet-0866-r01,sweet-0866-R01,جلي فراولة,الحلا(sweetness),sweetness,الحلا(sweetness),sweets_bakery,مطعم الركن المكي,مطعم الركن المكي,,مطعم الركن المكي,العليا,بلدية,بلدية العليا,True,False,لا يوجد,,0,,,False,none,,7,True
Data 2025.xlsx,2396,2025-03-22,2025-03,2025-W12,1,5,sweet-0867-r01,sweet-0867-R01,كريم كراميل,الحلا(sweetness),sweetness,الحلا(sweetness),sweets_bakery,مطعم الركن المكي,مطعم الركن المكي,,مطعم الركن المكي,العليا,بلدية,بلدية العليا,True,False,لا يوجد,,0,,,False,none,,7,True
Data 2025.xlsx,2397,2025-03-22,2025-03,2025-W12,1,5,sweet-0868-r01,sweet-0868-R01,تراميسو,الحلا(sweetness),sweetness,الحلا(sweetness),sweets_bakery,مطعم الركن المكي,مطعم الركن المكي,,مطعم الركن المكي,العليا,بلدية,بلدية العليا,False,True,العد الكلي للبكتيريا | استافيلوكوكس اورياس,العد الكلي للبكتيريا | استافيلوكوكس اورياس,2,استافيلوكوكس اورياس,العد الكلي للبكتيريا,True,pathogen,,8,True
Data 2025.xlsx,2398,2025-03-22,2025-03,2025-W12,1,5,sweet-0869-r01,sweet-0869-R01,تشيز كيك شوكولاتة,الحلا(sweetness),sweetness,الحلا(sweetness),sweets_bakery,مطعم الركن المكي,مطعم الركن المكي,,مطعم الركن المكي,العليا,بلدية,بلدية العليا,False,True,العد الكلي للبكتيريا | استافيلوكوكس اورياس,العد الكلي للبكتيريا | استافيلوكوكس اورياس,2,استافيلوكوكس اورياس,العد الكلي للبكتيريا,True,pathogen,,9,True
Data 2025.xlsx,2399,2025-03-22,2025-03,2025-W12,1,5,sweet-0870-r01,sweet-0870-R01,تشيز كيك فراولة,الحلا(sweetness),sweetness,الحلا(sweetness),sweets_bakery,مطعم الركن المكي,مطعم الركن المكي,,مطعم الركن المكي,العليا,بلدية,بلدية العليا,True,False,لا يوجد,,0,,,False,none,,9,True
Data 2025.xlsx,2424,2025-03-22,2025-03,2025-W12,1,5,ubot-0920-r01,Ubot-0920-R01,مياه فلتر للعجانة,المياه المعبأة (Bottled water),Bottled water,المياه المعبأة (Bottled water),water,شاورما زهور الشام,شاورما زهور الشام,,شاورما زهور الشام,العليا,بلدية,بلدية العليا,True,False,لا يوجد,,0,,,False,none,,7,True
Data 2025.xlsx,2425,2025-03-22,2025-03,2025-W12,1,5,ubot-0921-r01,Ubot-0921-R01,مياه فلتر طبخ,المياه المعبأة (Bottled water),Bottled water,المياه المعبأة (Bottled water),water,مطعم الركن المكي,مطعم الركن المكي,,مطعم الركن المكي,العليا,بلدية,بلدية العليا,True,False,لا يوجد,,0,,,False,none,,9,True
Data 2025.xlsx,2426,2025-03-22,2025-03,2025-W12,1,5,ubot-0922-r01,Ubot-0922-R01,مياه فلتر طبخ,المياه المعبأة (Bottled water),Bottled water,المياه المعبأة (Bottled water),water,مطعم الركن المكي,مطعم الركن المكي,,مطعم الركن المكي,العليا,بلدية,بلدية العليا,True,False,لا يوجد,,0,,,False,none,,9,True
