source_file,row_excel,sampling_date,year_month,iso_year_week,quarter,day_of_week,sample_id,sample_id_raw,sample_name,category_canonical,category_en,category_raw,sample_type,facility_name,facility_chain,facility_branch,facility_name_raw,municipality,municipality_type,municipality_raw,is_valid,is_failure,invalid_tests_raw,invalid_tests,n_failed_tests,failed_pathogens,failed_indicators,has_pathogen_failure,severity_tier,data_quality_flags,chain_invalid_count_90d,is_repeat_offender_90d
Data 2025.xlsx,3990,2025-05-05,2025-05,2025-W19,2,0,1-2983-R01,1-2983-R01,قشطة عسل,(cream) قشطة,cream,(cream) قشطة,dairy,افران الحطب - حي غرناطة,افران الحطب,حي غرناطة,افران الحطب - حي غرناطة,الروضة,بلدية,بلدية الروضة,False,True,العد الكلي للبكتيريا,العد الكلي للبكتيريا,1,,العد الكلي للبكتيريا,False,indicator_only,,3,True
Data 2025.xlsx,4037,2025-05-05,2025-05,2025-W19,2,0,1-2984-R01,1-2984-R01,رز مطبوخ,الارز ( rice),rice,الارز ( rice),prepared_meal,شاورما هليل - حي غرناطة,شاورما هليل,حي غرناطة,شاورما هليل - حي غرناطة,الروضة,بلدية,بلدية الروضة,True,False,لا يوجد,,0,,,False,none,,3,True
Data 2025.xlsx,4053,2025-05-05,2025-05,2025-W19,2,0,1-2985-R01,1-2985-R01,هلابينو,(jalapeno) هلابينو,jalapeno,(jalapeno) هلابينو,produce,برغرايزر - حي غرناطة,برغرايزر,حي غرناطة,برغرايزر - حي غرناطة,الروضة,بلدية,بلدية الروضة,True,False,لا يوجد,,0,,,False,none,,1,False
Data 2025.xlsx,4028,2025-05-05,2025-05,2025-W19,2,0,O-U-to-0609-R01,O-U-to-0609-R01,قطع طماطم,الطماطم (Tomatoes),Tomatoes,الطماطم (Tomatoes),produce,شاورما هليل - حي غرناطة,شاورما هليل,حي غرناطة,شاورما هليل - حي غرناطة,الروضة,بلدية,بلدية الروضة,True,False,لا يوجد,,0,,,False,none,,0,False
Data 2025.xlsx,4052,2025-05-05,2025-05,2025-W19,2,0,O-U-to-0610-R01,O-U-to-0610-R01,شرائح طماطم,الطماطم (Tomatoes),Tomatoes,الطماطم (Tomatoes),produce,برغرايزر - حي غرناطة,برغرايزر,حي غرناطة,برغرايزر - حي غرناطة,الروضة,بلدية,بلدية الروضة,True,False,لا يوجد,,0,,,False,none,,1,False
Data 2025.xlsx,4050,2025-05-05,2025-05,2025-W19,2,0,O-r-O3-le-0332-R01,O-r-O3-le-0332-R01,خس,الخس (Lettuce),Lettuce,الخس (Lettuce),produce,برغرايزر - حي غرناطة,برغرايزر,حي غرناطة,برغرايزر - حي غرناطة,الروضة,بلدية,بلدية الروضة,True,False,لا يوجد,,0,,,False,none,,1,False
Data 2025.xlsx,4042,2025-05-05,2025-05,2025-W19,2,0,OO-OSS-po-0376-R01,OO-OSS-po-0376-R01,بطاطس مقلي,البطاطس (potatoes),potatoes,البطاطس (potatoes),produce,شاورما هليل - حي غرناطة,شاورما هليل,حي غرناطة,شاورما هليل - حي غرناطة,الروضة,بلدية,بلدية الروضة,True,False,لا يوجد,,0,,,False,none,,6,True
Data 2025.xlsx,4055,2025-05-05,2025-05,2025-W19,2,0,OO-OSS-po-0377-R01,OO-OSS-po-0377-R01,بطاطس مقلي سبايسي,البطاطس (potatoes),potatoes,البطاطس (potatoes),produce,برغرايزر - حي غرناطة,برغرايزر,حي غرناطة,برغرايزر - حي غرناطة,الروضة,بلدية,بلدية الروضة,True,False,لا يوجد,,0,,,False,none,,1,False
Data 2025.xlsx,4056,2025-05-05,2025-05,2025-W19,2,0,OO-OSS-po-0378-R01,OO-OSS-po-0378-R01,بطاطس مقلي عادي,البطاطس (potatoes),potatoes,البطاطس (potatoes),produce,برغرايزر - حي غرناطة,برغرايزر,حي غرناطة,برغرايزر - حي غرناطة,الروضة,بلدية,بلدية الروضة,True,False,لا يوجد,,0,,,False,none,,1,False
Data 2025.xlsx,3992,2025-05-05,2025-05,2025-W19,2,0,OOSS-eg-0335-R01,OOSS-eg-0335-R01,مكدوس با ذنجان,الباذنجان (eggplant),eggplant,الباذنجان (eggplant),dairy,افران الحطب - حي غرناطة,افران الحطب,حي غرناطة,افران الحطب - حي غرناطة,الروضة,بلدية,بلدية الروضة,True,False,لا يوجد,,0,,,False,none,,3,True
Data 2025.xlsx,4015,2025-05-05,2025-05,2025-W19,2,0,UU-pe-1178-R01,UU-pe-1178-R01,فلفل مشوي,الفلفل (peppers),peppers,الفلفل (peppers),produce,مطعم انعام الرافدين - حي غرناطة,مطعم انعام الرافدين,حي غرناطة,مطعم انعام الرافدين - حي غرناطة,الروضة,بلدية,بلدية الروضة,True,False,لا يوجد,,0,,,False,none,,2,True
Data 2025.xlsx,3981,2025-05-05,2025-05,2025-W19,2,0,appe-0447-r01,Appe-0447-R01,محمرة,مقبلات (Appetizers),Appetizers,مقبلات (Appetizers),prepared_meal,افران الحطب - حي غرناطة,افران الحطب,حي غرناطة,افران الحطب - حي غرناطة,الروضة,بلدية,بلدية الروضة,True,False,لا يوجد,,0,,,False,none,,0,False
Data 2025.xlsx,3984,2025-05-05,2025-05,2025-W19,2,0,appe-0448-r01,Appe-0448-R01,متبل,مقبلات (Appetizers),Appetizers,مقبلات (Appetizers),prepared_meal,افران الحطب - حي غرناطة,افران الحطب,حي غرناطة,افران الحطب - حي غرناطة,الروضة,بلدية,بلدية الروضة,True,False,لا يوجد,,0,,,False,none,,0,False
Data 2025.xlsx,3985,2025-05-05,2025-05,2025-W19,2,0,appe-0449-r01,Appe-0449-R01,حمص,مقبلات (Appetizers),Appetizers,مقبلات (Appetizers),prepared_meal,افران الحطب - حي غرناطة,افران الحطب,حي غرناطة,افران الحطب - حي غرناطة,الروضة,بلدية,بلدية الروضة,True,False,لا يوجد,,0,,,False,none,,0,False
Data 2025.xlsx,4004,2025-05-05,2025-05,2025-W19,2,0,appe-0450-r01,Appe-0450-R01,حمص,مقبلات (Appetizers),Appetizers,مقبلات (Appetizers),prepared_meal,مطعم انعام الرافدين - حي غرناطة,مطعم انعام الرافدين,حي غرناطة,مطعم انعام الرافدين - حي غرناطة,الروضة,بلدية,بلدية الروضة,True,False,لا يوجد,,0,,,False,none,,0,False
Data 2025.xlsx,4005,2025-05-05,2025-05,2025-W19,2,0,appe-0451-r01,Appe-0451-R01,متبل,مقبلات (Appetizers),Appetizers,مقبلات (Appetizers),prepared_meal,مطعم انعام الرافدين - حي غرناطة,مطعم انعام الرافدين,حي غرناطة,مطعم انعام الرافدين - حي غرناطة,الروضة,بلدية,بلدية الروضة,True,False,لا يوجد,,0,,,False,none,,0,False
Data 2025.xlsx,4007,2025-05-05,2025-05,2025-W19,2,0,appe-0452-r01,Appe-0452-R01,بابا غموج,مقبلات (Appetizers),Appetizers,مقبلات (Appetizers),prepared_meal,مطعم انعام الرافدين - حي غرناطة,مطعم انعام الرافدين,حي غرناطة,مطعم انعام الرافدين - حي غرناطة,الروضة,بلدية,بلدية الروضة,True,False,لا يوجد,,0,,,False,none,,0,False
Data 2025.xlsx,4008,2025-05-05,2025-05,2025-W19,2,0,appe-0453-r01,Appe-0453-R01,تبولة,مقبلات (Appetizers),Appetizers,مقبلات (Appetizers),prepared_meal,مطعم انعام الرافدين - حي غرناطة,مطعم انعام الرافدين,حي غرناطة,مطعم انعام الرافدين - حي غرناطة,الروضة,بلدية,بلدية الروضة,True,False,لا يوجد,,0,,,False,none,,0,False
Data 2025.xlsx,4033,2025-05-05,2025-05,2025-W19,2,0,appe-0454-r01,Appe-0454-R01,حمص,مقبلات (Appetizers),Appetizers,مقبلات (Appetizers),prepared_meal,شاورما هليل - حي غرناطة,شاورما هليل,حي غرناطة,شاورما هليل - حي غرناطة,الروضة,بلدية,بلدية الروضة,False,True,العد الكلي للبكتيريا,العد الكلي للبكتيريا,1,,العد الكلي للبكتيريا,False,indicator_only,,3,True
Data 2025.xlsx,4016,2025-05-05,2025-05,2025-W19,2,0,br-0085-r01,Br-0085-R01,خبز محمرة,الخبـز (Bread),Bread,الخبـز (Bread),sweets_bakery,مطعم انعام الرافدين - حي غرناطة,مطعم انعام الرافدين,حي غرناطة,مطعم انعام الرافدين - حي غرناطة,الروضة,بلدية,بلدية الروضة,True,False,لا يوجد,,0,,,False,none,,2,True
Data 2025.xlsx,4020,2025-05-05,2025-05,2025-W19,2,0,br-0086-r01,Br-0086-R01,خبز صاج,الخبـز (Bread),Bread,الخبـز (Bread),sweets_bakery,مطعم انعام الرافدين - حي غرناطة,مطعم انعام الرافدين,حي غرناطة,مطعم انعام الرافدين - حي غرناطة,الروضة,بلدية,بلدية الروضة,True,False,لا يوجد,,0,,,False,none,,2,True
Data 2025.xlsx,3986,2025-05-05,2025-05,2025-W19,2,0,bri-0295-r01,bri-0295-R01,لبنة شمندر,لبنة ( brick),brick,لبنة ( brick),dairy,افران الحطب - حي غرناطة,افران الحطب,حي غرناطة,افران الحطب - حي غرناطة,الروضة,بلدية,بلدية الروضة,False,True,الخمائر والاعفان,الخمائر والاعفان,1,,الخمائر والاعفان,False,indicator_only,,1,False
Data 2025.xlsx,3988,2025-05-05,2025-05,2025-W19,2,0,bri-0296-r01,bri-0296-R01,لبنة لايت,لبنة ( brick),brick,لبنة ( brick),dairy,افران الحطب - حي غرناطة,افران الحطب,حي غرناطة,افران الحطب - حي غرناطة,الروضة,بلدية,بلدية الروضة,True,False,لا يوجد,,0,,,False,none,,2,True
Data 2025.xlsx,3975,2025-05-05,2025-05,2025-W19,2,0,chee-0717-r01,Chee-0717-R01,مفروكة حارة (لبنة + جبن),(cheese) جبنة,cheese,(cheese) جبنة,dairy,افران الحطب - حي غرناطة,افران الحطب,حي غرناطة,افران الحطب - حي غرناطة,الروضة,بلدية,بلدية الروضة,True,False,لا يوجد,,0,,,False,none,,0,False
Data 2025.xlsx,3976,2025-05-05,2025-05,2025-W19,2,0,chee-0718-r01,Chee-0718-R01,مفروكة باردة (لبنة + جبن),(cheese) جبنة,cheese,(cheese) جبنة,dairy,افران الحطب - حي غرناطة,افران الحطب,حي غرناطة,افران الحطب - حي غرناطة,الروضة,بلدية,بلدية الروضة,True,False,لا يوجد,,0,,,False,none,,0,False
Data 2025.xlsx,3977,2025-05-05,2025-05,2025-W19,2,0,chee-0719-r01,Chee-0719-R01,اسبيشل بارد (جبنة),(cheese) جبنة,cheese,(cheese) جبنة,dairy,افران الحطب - حي غرناطة,افران الحطب,حي غرناطة,افران الحطب - حي غرناطة,الروضة,بلدية,بلدية الروضة,True,False,لا يوجد,,0,,,False,none,,0,False
Data 2025.xlsx,3978,2025-05-05,2025-05,2025-W19,2,0,chee-0720-r01,Chee-0720-R01,اسبيشل حار (جبنة),(cheese) جبنة,cheese,(cheese) جبنة,dairy,افران الحطب - حي غرناطة,افران الحطب,حي غرناطة,افران الحطب - حي غرناطة,الروضة,بلدية,بلدية الروضة,True,False,لا يوجد,,0,,,False,none,,0,False
Data 2025.xlsx,4049,2025-05-05,2025-05,2025-W19,2,0,chee-0721-r01,Chee-0721-R01,جبن شرائح,(cheese) جبنة,cheese,(cheese) جبنة,dairy,برغرايزر - حي غرناطة,برغرايزر,حي غرناطة,برغرايزر - حي غرناطة,الروضة,بلدية,بلدية الروضة,True,False,لا يوجد,,0,,,False,none,,1,False
Data 2025.xlsx,4036,2025-05-05,2025-05,2025-W19,2,0,cm-0100-r01,Cm-0100-R01,شاورما لحم,اللحوم المطبوخة (Cooked meat),Cooked meat,اللحوم المطبوخة (Cooked meat),cooked_meat_poultry,شاورما هليل - حي غرناطة,شاورما هليل,حي غرناطة,شاورما هليل - حي غرناطة,الروضة,بلدية,بلدية الروضة,True,False,لا يوجد,,0,,,False,none,,3,True
Data 2025.xlsx,4017,2025-05-05,2025-05,2025-W19,2,0,co-0492-r01,co-0492-R01,دجاج على الفحم نص استواء,الدجاج المطبوخ (Cooked chicken),Cooked chicken,الدجاج المطبوخ (Cooked chicken),cooked_meat_poultry,مطعم انعام الرافدين - حي غرناطة,مطعم انعام الرافدين,حي غرناطة,مطعم انعام الرافدين - حي غرناطة,الروضة,بلدية,بلدية الروضة,True,False,لا يوجد,,0,,,False,none,,2,True
Data 2025.xlsx,4035,2025-05-05,2025-05,2025-W19,2,0,co-0493-r01,co-0493-R01,شاورما دجاج,الدجاج المطبوخ (Cooked chicken),Cooked chicken,الدجاج المطبوخ (Cooked chicken),cooked_meat_poultry,شاورما هليل - حي غرناطة,شاورما هليل,حي غرناطة,شاورما هليل - حي غرناطة,الروضة,بلدية,بلدية الروضة,True,False,لا يوجد,,0,,,False,none,,3,True
Data 2025.xlsx,4010,2025-05-05,2025-05,2025-W19,2,0,gr-0162-r01,gr-0162-R01,ورق عنب,ورق عنب (Grape leaves),Grape leaves,ورق عنب (Grape leaves),produce,مطعم انعام الرافدين - حي غرناطة,مطعم انعام الرافدين,حي غرناطة,مطعم انعام الرافدين - حي غرناطة,الروضة,بلدية,بلدية الروضة,True,False,لا يوجد,,0,,,False,none,,1,False
Data 2025.xlsx,4031,2025-05-05,2025-05,2025-W19,2,0,hs-0303-r01,HS-0303-R01,شطة حارة,الشطة (Hot sauce),Hot sauce,الشطة (Hot sauce),sauce_condiment,شاورما هليل - حي غرناطة,شاورما هليل,حي غرناطة,شاورما هليل - حي غرناطة,الروضة,بلدية,بلدية الروضة,False,True,العد الكلي للبكتيريا | الخمائر والاعفان,العد الكلي للبكتيريا | الخمائر والاعفان,2,,العد الكلي للبكتيريا | الخمائر والاعفان,False,indicator_only,,1,False
Data 2025.xlsx,3991,2025-05-05,2025-05,2025-W19,2,0,olv-0461-r01,olv-0461-R01,زيتون اسود بدون نوة,الزيتون /Olive,Olive,الزيتون /Olive,produce,افران الحطب - حي غرناطة,افران الحطب,حي غرناطة,افران الحطب - حي غرناطة,الروضة,بلدية,بلدية الروضة,True,False,لا يوجد,,0,,,False,none,,3,True
Data 2025.xlsx,3993,2025-05-05,2025-05,2025-W19,2,0,pick-0403-r01,Pick-0403-R01,مشكل مخلل,المخلل (Pickle),Pickle,المخلل (Pickle),sauce_condiment,افران الحطب - حي غرناطة,افران الحطب,حي غرناطة,افران الحطب - حي غرناطة,الروضة,بلدية,بلدية الروضة,True,False,لا يوجد,,0,,,False,none,,3,True
Data 2025.xlsx,4012,2025-05-05,2025-05,2025-W19,2,0,pick-0404-r01,Pick-0404-R01,مشكل مخلل,المخلل (Pickle),Pickle,المخلل (Pickle),sauce_condiment,مطعم انعام الرافدين - حي غرناطة,مطعم انعام الرافدين,حي غرناطة,مطعم انعام الرافدين - حي غرناطة,الروضة,بلدية,بلدية الروضة,False,True,خمائر,الخمائر والاعفان,1,,الخمائر والاعفان,False,indicator_only,,2,True
Data 2025.xlsx,4026,2025-05-05,2025-05,2025-W19,2,0,pick-0405-r01,Pick-0405-R01,مخلل خيار,المخلل (Pickle),Pickle,المخلل (Pickle),sauce_condiment,شاورما هليل - حي غرناطة,شاورما هليل,حي غرناطة,شاورما هليل - حي غرناطة,الروضة,بلدية,بلدية الروضة,True,False,لا يوجد,,0,,,False,none,,0,False
Data 2025.xlsx,4051,2025-05-05,2025-05,2025-W19,2,0,pick-0406-r01,Pick-0406-R01,مخلل خيار,المخلل (Pickle),Pickle,المخلل (Pickle),sauce_condiment,برغرايزر - حي غرناطة,برغرايزر,حي غرناطة,برغرايزر - حي غرناطة,الروضة,بلدية,بلدية الروضة,True,False,لا يوجد,,0,,,False,none,,1,False
Data 2025.xlsx,4019,2025-05-05,2025-05,2025-W19,2,0,po-0110-r01,po-0110-R01,كباب دجاج ني,الدجاج (Poultry),Poultry,الدجاج (Poultry),cooked_meat_poultry,مطعم انعام الرافدين - حي غرناطة,مطعم انعام الرافدين,حي غرناطة,مطعم انعام الرافدين - حي غرناطة,الروضة,بلدية,بلدية الروضة,True,False,لا يوجد,,0,,,False,none,,2,True
Data 2025.xlsx,3968,2025-05-05,2025-05,2025-W19,2,0,raw-0155-r01,Raw-0155-R01,لحم رجل عجل بلدي,لحوم نيئة مبردة ومجمدة (Raw meat Cold or chilled ),Raw meat Cold or chilled,لحوم نيئة مبردة ومجمدة (Raw meat Cold or chilled ),raw_meat,ملحمة فيافي القصيم,ملحمة فيافي القصيم,,ملحمة فيافي القصيم,الشمال,بلدية,بلدية الشمال,True,False,لا يوجد,,0,,,False,none,,0,False
Data 2025.xlsx,3969,2025-05-05,2025-05,2025-W19,2,0,raw-0156-r01,Raw-0156-R01,لحم رجل حاشي بلدي,لحوم نيئة مبردة ومجمدة (Raw meat Cold or chilled ),Raw meat Cold or chilled,لحوم نيئة مبردة ومجمدة (Raw meat Cold or chilled ),raw_meat,ملحمة فيافي القصيم,ملحمة فيافي القصيم,,ملحمة فيافي القصيم,الشمال,بلدية,بلدية الشمال,True,False,لا يوجد,,0,,,False,none,,0,False
Data 2025.xlsx,3970,2025-05-05,2025-05,2025-W19,2,0,raw-0157-r01,Raw-0157-R01,كبدة غنم بلدي,لحوم نيئة مبردة ومجمدة (Raw meat Cold or chilled ),Raw meat Cold or chilled,لحوم نيئة مبردة ومجمدة (Raw meat Cold or chilled ),raw_meat,ملحمة فيافي القصيم,ملحمة فيافي القصيم,,ملحمة فيافي القصيم,الشمال,بلدية,بلدية الشمال,False,True,العد الكلي للبكتيريا,العد الكلي للبكتيريا,1,,العد الكلي للبكتيريا,False,indicator_only,,1,False
Data 2025.xlsx,4018,2025-05-05,2025-05,2025-W19,2,0,raw-0158-r01,Raw-0158-R01,كباب لحم ني,لحوم نيئة مبردة ومجمدة (Raw meat Cold or chilled ),Raw meat Cold or chilled,لحوم نيئة مبردة ومجمدة (Raw meat Cold or chilled ),raw_meat,مطعم انعام الرافدين - حي غرناطة,مطعم انعام الرافدين,حي غرناطة,مطعم انعام الرافدين - حي غرناطة,الروضة,بلدية,بلدية الروضة,True,False,لا يوجد,,0,,,False,none,,2,True
Data 2025.xlsx,3971,2025-05-05,2025-05,2025-W19,2,0,sal-1315-r01,Sal-1315-R01,سلطة مكدوس باذنجان,السلطة(Salad),Salad,السلطة(Salad),produce,افران الحطب - حي غرناطة,افران الحطب,حي غرناطة,افران الحطب - حي غرناطة,الروضة,بلدية,بلدية الروضة,True,False,لا يوجد,,0,,,False,none,,0,False
Data 2025.xlsx,3972,2025-05-05,2025-05,2025-W19,2,0,sal-1316-r01,Sal-1316-R01,سلطة جبن بارد,السلطة(Salad),Salad,السلطة(Salad),produce,افران الحطب - حي غرناطة,افران الحطب,حي غرناطة,افران الحطب - حي غرناطة,الروضة,بلدية,بلدية الروضة,True,False,لا يوجد,,0,,,False,none,,0,False
Data 2025.xlsx,3973,2025-05-05,2025-05,2025-W19,2,0,sal-1317-r01,Sal-1317-R01,سلطة مكسيكي,السلطة(Salad),Salad,السلطة(Salad),produce,افران الحطب - حي غرناطة,افران الحطب,حي غرناطة,افران الحطب - حي غرناطة,الروضة,بلدية,بلدية الروضة,True,False,لا يوجد,,0,,,False,none,,0,False
Data 2025.xlsx,3974,2025-05-05,2025-05,2025-W19,2,0,sal-1318-r01,Sal-1318-R01,اسبيشل سلطة مرتديلا (دجاج + ديك رومي),السلطة(Salad),Salad,السلطة(Salad),produce,افران الحطب - حي غرناطة,افران الحطب,حي غرناطة,افران الحطب - حي غرناطة,الروضة,بلدية,بلدية الروضة,True,False,لا يوجد,,0,,,False,none,,0,False
Data 2025.xlsx,3979,2025-05-05,2025-05,2025-W19,2,0,sal-1319-r01,Sal-1319-R01,سلطة جلن مكدوس,السلطة(Salad),Salad,السلطة(Salad),produce,افران الحطب - حي غرناطة,افران الحطب,حي غرناطة,افران الحطب - حي غرناطة,الروضة,بلدية,بلدية الروضة,True,False,لا يوجد,,0,,,False,none,,0,False
Data 2025.xlsx,3980,2025-05-05,2025-05,2025-W19,2,0,sal-1320-r01,Sal-1320-R01,سلطة جبن حار,السلطة(Salad),Salad,السلطة(Salad),produce,افران الحطب - حي غرناطة,افران الحطب,حي غرناطة,افران الحطب - حي غرناطة,الروضة,بلدية,بلدية الروضة,True,False,لا يوجد,,0,,,False,none,,0,False
Data 2025.xlsx,3982,2025-05-05,2025-05,2025-W19,2,0,sal-1321-r01,Sal-1321-R01,سلطة جبن هولندي,السلطة(Salad),Salad,السلطة(Salad),produce,افران الحطب - حي غرناطة,افران الحطب,حي غرناطة,افران الحطب - حي غرناطة,الروضة,بلدية,بلدية الروضة,True,False,لا يوجد,,0,,,False,none,,0,False
Data 2025.xlsx,3983,2025-05-05,2025-05,2025-W19,2,0,sal-1322-r01,Sal-1322-R01,سلطة تونة,السلطة(Salad),Salad,السلطة(Salad),produce,افران الحطب - حي غرناطة,افران الحطب,حي غرناطة,افران الحطب - حي غرناطة,الروضة,بلدية,بلدية الروضة,True,False,لا يوجد,,0,,,False,none,,0,False
Data 2025.xlsx,3987,2025-05-05,2025-05,2025-W19,2,0,sal-1323-r01,Sal-1323-R01,سلطة لبنة ومكدوس,السلطة(Salad),Salad,السلطة(Salad),produce,افران الحطب - حي غرناطة,افران الحطب,حي غرناطة,افران الحطب - حي غرناطة,الروضة,بلدية,بلدية الروضة,False,True,الخمائر والاعفان,الخمائر والاعفان,1,,الخمائر والاعفان,False,indicator_only,,2,True
Data 2025.xlsx,3989,2025-05-05,2025-05,2025-W19,2,0,sal-1324-r01,Sal-1324-R01,سلطة لبنة,السلطة(Salad),Salad,السلطة(Salad),produce,افران الحطب - حي غرناطة,افران الحطب,حي غرناطة,افران الحطب - حي غرناطة,الروضة,بلدية,بلدية الروضة,True,False,لا يوجد,,0,,,False,none,,2,True
Data 2025.xlsx,4003,2025-05-05,2025-05,2025-W19,2,0,sal-1325-r01,Sal-1325-R01,سلطة خضراء,السلطة(Salad),Salad,السلطة(Salad),produce,مطعم انعام الرافدين - حي غرناطة,مطعم انعام الرافدين,حي غرناطة,مطعم انعام الرافدين - حي غرناطة,الروضة,بلدية,بلدية الروضة,True,False,لا يوجد,,0,,,False,none,,0,False
Data 2025.xlsx,4006,2025-05-05,2025-05,2025-W19,2,0,sal-1326-r01,Sal-1326-R01,سلطة ملفوف,السلطة(Salad),Salad,السلطة(Salad),produce,مطعم انعام الرافدين - حي غرناطة,مطعم انعام الرافدين,حي غرناطة,مطعم انعام الرافدين - حي غرناطة,الروضة,بلدية,بلدية الروضة,True,False,لا يوجد,,0,,,False,none,,0,False
Data 2025.xlsx,4009,2025-05-05,2025-05,2025-W19,2,0,sal-1327-r01,Sal-1327-R01,سلطة زيتون,السلطة(Salad),Salad,السلطة(Salad),produce,مطعم انعام الرافدين - حي غرناطة,مطعم انعام الرافدين,حي غرناطة,مطعم انعام الرافدين - حي غرناطة,الروضة,بلدية,بلدية الروضة,False,True,خمائر,الخمائر والاعفان,1,,الخمائر والاعفان,False,indicator_only,,1,False
Data 2025.xlsx,4011,2025-05-05,2025-05,2025-W19,2,0,sal-1328-r01,Sal-1328-R01,سلطة حارة,السلطة(Salad),Salad,السلطة(Salad),produce,مطعم انعام الرافدين - حي غرناطة,مطعم انعام الرافدين,حي غرناطة,مطعم انعام الرافدين - حي غرناطة,الروضة,بلدية,بلدية الروضة,True,False,لا يوجد,,0,,,False,none,,1,False
Data 2025.xlsx,4014,2025-05-05,2025-05,2025-W19,2,0,sal-1329-r01,Sal-1329-R01,سلطة مشاوي,السلطة(Salad),Salad,السلطة(Salad),produce,مطعم انعام الرافدين - حي غرناطة,مطعم انعام الرافدين,حي غرناطة,مطعم انعام الرافدين - حي غرناطة,الروضة,بلدية,بلدية الروضة,True,False,لا يوجد,,0,,,False,none,,2,True
Data 2025.xlsx,4029,2025-05-05,2025-05,2025-W19,2,0,sal-1330-r01,Sal-1330-R01,سلطة بصل وبقدونس,السلطة(Salad),Salad,السلطة(Salad),produce,شاورما هليل - حي غرناطة,شاورما هليل,حي غرناطة,شاورما هليل - حي غرناطة,الروضة,بلدية,بلدية الروضة,True,False,لا يوجد,,0,,,False,none,,0,False
Data 2025.xlsx,4013,2025-05-05,2025-05,2025-W19,2,0,sau-1606-r01,sau-1606-R01,صوص ثوم,صوص (sauce),sauce,صوص (sauce),sauce_condiment,مطعم انعام الرافدين - حي غرناطة,مطعم انعام الرافدين,حي غرناطة,مطعم انعام الرافدين - حي غرناطة,الروضة,بلدية,بلدية الروضة,True,False,لا يوجد,,0,,,False,none,,2,True
Data 2025.xlsx,4027,2025-05-05,2025-05,2025-W19,2,0,sau-1607-r01,sau-1607-R01,صوص ثوم,صوص (sauce),sauce,صوص (sauce),sauce_condiment,شاورما هليل - حي غرناطة,شاورما هليل,حي غرناطة,شاورما هليل - حي غرناطة,الروضة,بلدية,بلدية الروضة,True,False,لا يوجد,,0,,,False,none,,0,False
Data 2025.xlsx,4030,2025-05-05,2025-05,2025-W19,2,0,sau-1608-r01,sau-1608-R01,صوص كاتشب,صوص (sauce),sauce,صوص (sauce),sauce_condiment,شاورما هليل - حي غرناطة,شاورما هليل,حي غرناطة,شاورما هليل - حي غرناطة,الروضة,بلدية,بلدية الروضة,True,False,لا يوجد,,0,,,False,none,,0,False
Data 2025.xlsx,4032,2025-05-05,2025-05,2025-W19,2,0,sau-1609-r01,sau-1609-R01,صوص سبايسي,صوص (sauce),sauce,صوص (sauce),sauce_condiment,شاورما هليل - حي غرناطة,شاورما هليل,حي غرناطة,شاورما هليل - حي غرناطة,الروضة,بلدية,بلدية الروضة,False,True,العد الكلي للبكتيريا | الخمائر والاعفان,العد الكلي للبكتيريا | الخمائر والاعفان,2,,العد الكلي للبكتيريا | الخمائر والاعفان,False,indicator_only,,2,True
Data 2025.xlsx,4034,2025-05-05,2025-05,2025-W19,2,0,sau-1610-r01,sau-1610-R01,صوص جبنة,صوص (sauce),sauce,صوص (sauce),sauce_condiment,شاورما هليل - حي غرناطة,شاورما هليل,حي غرناطة,شاورما هليل - حي غرناطة,الروضة,بلدية,بلدية الروضة,True,False,لا يوجد,,0,,,False,none,,3,True
Data 2025.xlsx,4043,2025-05-05,2025-05,2025-W19,2,0,sau-1611-r01,sau-1611-R01,صوص برغرايزر,صوص (sauce),sauce,صوص (sauce),sauce_condiment,برغرايزر - حي غرناطة,برغرايزر,حي غرناطة,برغرايزر - حي غرناطة,الروضة,بلدية,بلدية الروضة,True,False,لا يوجد,,0,,,False,none,,0,False
Data 2025.xlsx,4044,2025-05-05,2025-05,2025-W19,2,0,sau-1612-r01,sau-1612-R01,صوص شقراء,صوص (sauce),sauce,صوص (sauce),sauce_condiment,برغرايزر - حي غرناطة,برغرايزر,حي غرناطة,برغرايزر - حي غرناطة,الروضة,بلدية,بلدية الروضة,True,False,لا يوجد,,0,,,False,none,,0,False
Data 2025.xlsx,4045,2025-05-05,2025-05,2025-W19,2,0,sau-1613-r01,sau-1613-R01,صوص كالي,صوص (sauce),sauce,صوص (sauce),sauce_condiment,برغرايزر - حي غرناطة,برغرايزر,حي غرناطة,برغرايزر - حي غرناطة,الروضة,بلدية,بلدية الروضة,True,False,لا يوجد,,0,,,False,none,,0,False
Data 2025.xlsx,4046,2025-05-05,2025-05,2025-W19,2,0,sau-1614-r01,sau-1614-R01,دبل دبل صوص,صوص (sauce),sauce,صوص (sauce),sauce_condiment,برغرايزر - حي غرناطة,برغرايزر,حي غرناطة,برغرايزر - حي غرناطة,الروضة,بلدية,بلدية الروضة,True,False,لا يوجد,,0,,,False,none,,0,False
Data 2025.xlsx,4047,2025-05-05,2025-05,2025-W19,2,0,sau-1615-r01,sau-1615-R01,صوص مايونيز,صوص (sauce),sauce,صوص (sauce),sauce_condiment,برغرايزر - حي غرناطة,برغرايزر,حي غرناطة,برغرايزر - حي غرناطة,الروضة,بلدية,بلدية الروضة,True,False,لا يوجد,,0,,,False,none,,0,False
Data 2025.xlsx,4048,2025-05-05,2025-05,2025-W19,2,0,sau-1616-r01,sau-1616-R01,صوص رانش,صوص (sauce),sauce,صوص (sauce),sauce_condiment,برغرايزر - حي غرناطة,برغرايزر,حي غرناطة,برغرايزر - حي غرناطة,الروضة,بلدية,بلدية الروضة,False,True,العد الكلي للبكتيريا,العد الكلي للبكتيريا,1,,العد الكلي للبكتيريا,False,indicator_only,,1,False
Data 2025.xlsx,4054,2025-05-05,2025-05,2025-W19,2,0,sau-1617-r01,sau-1617-R01,صو باربكيو,صوص (sauce),sauce,صوص (sauce),sauce_condiment,برغرايزر - حي غرناطة,برغرايزر,حي غرناطة,برغرايزر - حي غرناطة,الروضة,بلدية,بلدية الروضة,True,False,لا يوجد,,0,,,False,none,,1,False
Data 2025.xlsx,4000,2025-05-05,2025-05,2025-W19,2,0,sw-2995-r01,sw-2995-R01,مسحة ثلاجة كيك,(Swabs) المسحات,Swabs,(Swabs) المسحات,swab,سنابل السلام - حي غرناطة,سنابل السلام,حي غرناطة,سنابل السلام - حي غرناطة,الروضة,بلدية,بلدية الروضة,True,False,لا يوجد,,0,,,False,none,,3,True
Data 2025.xlsx,4001,2025-05-05,2025-05,2025-W19,2,0,sw-2996-r01,sw-2996-R01,مسحة ثلاجة كيك,(Swabs) المسحات,Swabs,(Swabs) المسحات,swab,سنابل السلام - حي غرناطة,سنابل السلام,حي غرناطة,سنابل السلام - حي غرناطة,الروضة,بلدية,بلدية الروضة,True,False,لا يوجد,,0,,,False,none,,3,True
Data 2025.xlsx,4002,2025-05-05,2025-05,2025-W19,2,0,sw-2997-r01,sw-2997-R01,مسحة ثلاجة كيك,(Swabs) المسحات,Swabs,(Swabs) المسحات,swab,سنابل السلام - حي غرناطة,سنابل السلام,حي غرناطة,سنابل السلام - حي غرناطة,الروضة,بلدية,بلدية الروضة,True,False,لا يوجد,,0,,,False,none,,3,True
Data 2025.xlsx,4021,2025-05-05,2025-05,2025-W19,2,0,sw-2998-r01,sw-2998-R01,مسحة طاولة تقطيع خضار,(Swabs) المسحات,Swabs,(Swabs) المسحات,swab,مطعم انعام الرافدين - حي غرناطة,مطعم انعام الرافدين,حي غرناطة,مطعم انعام الرافدين - حي غرناطة,الروضة,بلدية,بلدية الروضة,True,False,لا يوجد,,0,,,False,none,,2,True
Data 2025.xlsx,4022,2025-05-05,2025-05,2025-W19,2,0,sw-2999-r01,sw-2999-R01,مسحة طاولة تحضير,(Swabs) المسحات,Swabs,(Swabs) المسحات,swab,مطعم انعام الرافدين - حي غرناطة,مطعم انعام الرافدين,حي غرناطة,مطعم انعام الرافدين - حي غرناطة,الروضة,بلدية,بلدية الروضة,False,True,العد الكلي للبكتيريا,العد الكلي للبكتيريا,1,,العد الكلي للبكتيريا,False,indicator_only,,3,True
Data 2025.xlsx,4023,2025-05-05,2025-05,2025-W19,2,0,sw-3000-r01,sw-3000-R01,مسحة تقطيع دجاج + لحم ني,(Swabs) المسحات,Swabs,(Swabs) المسحات,swab,مطعم انعام الرافدين - حي غرناطة,مطعم انعام الرافدين,حي غرناطة,مطعم انعام الرافدين - حي غرناطة,الروضة,بلدية,بلدية الروضة,False,True,العد الكلي للبكتيريا,العد الكلي للبكتيريا,1,,العد الكلي للبكتيريا,False,indicator_only,,4,True
Data 2025.xlsx,4024,2025-05-05,2025-05,2025-W19,2,0,sw-3001-r01,sw-3001-R01,مسحة ثلاجة دجاج + لحم ني,(Swabs) المسحات,Swabs,(Swabs) المسحات,swab,مطعم انعام الرافدين - حي غرناطة,مطعم انعام الرافدين,حي غرناطة,مطعم انعام الرافدين - حي غرناطة,الروضة,بلدية,بلدية الروضة,True,False,لا يوجد,,0,,,False,none,,4,True
Data 2025.xlsx,4025,2025-05-05,2025-05,2025-W19,2,0,sw-3002-r01,sw-3002-R01,مسحة ثلاجة مقبلات,(Swabs) المسحات,Swabs,(Swabs) المسحات,swab,مطعم انعام الرافدين - حي غرناطة,مطعم انعام الرافدين,حي غرناطة,مطعم انعام الرافدين - حي غرناطة,الروضة,بلدية,بلدية الروضة,True,False,لا يوجد,,0,,,False,none,,4,True
Data 2025.xlsx,4038,2025-05-05,2025-05,2025-W19,2,0,sw-3003-r01,sw-3003-R01,مسحة خلاط صوص سبايسي,(Swabs) المسحات,Swabs,(Swabs) المسحات,swab,شاورما هليل - حي غرناطة,شاورما هليل,حي غرناطة,شاورما هليل - حي غرناطة,الروضة,بلدية,بلدية الروضة,False,True,العد الكلي للبكتيريا,العد الكلي للبكتيريا,1,,العد الكلي للبكتيريا,False,indicator_only,,4,True
Data 2025.xlsx,4039,2025-05-05,2025-05,2025-W19,2,0,sw-3004-r01,sw-3004-R01,مسحة عصارة برتقال,(Swabs) المسحات,Swabs,(Swabs) المسحات,swab,شاورما هليل - حي غرناطة,شاورما هليل,حي غرناطة,شاورما هليل - حي غرناطة,الروضة,بلدية,بلدية الروضة,False,True,العد الكلي للبكتيريا,العد الكلي للبكتيريا,1,,العد الكلي للبكتيريا,False,indicator_only,,5,True
Data 2025.xlsx,4040,2025-05-05,2025-05,2025-W19,2,0,sw-3005-r01,sw-3005-R01,مسحة حافظة بطاطس,(Swabs) المسحات,Swabs,(Swabs) المسحات,swab,شاورما هليل - حي غرناطة,شاورما هليل,حي غرناطة,شاورما هليل - حي غرناطة,الروضة,بلدية,بلدية الروضة,True,False,لا يوجد,,0,,,False,none,,5,True
Data 2025.xlsx,4041,2025-05-05,2025-05,2025-W19,2,0,sw-3006-r01,sw-3006-R01,مسحة قطاعة دجاج,(Swabs) المسحات,Swabs,(Swabs) المسحات,swab,شاورما هليل - حي غرناطة,شاورما هليل,حي غرناطة,شاورما هليل - حي غرناطة,الروضة,بلدية,بلدية الروضة,False,True,العد الكلي للبكتيريا,العد الكلي للبكتيريا,1,,العد الكلي للبكتيريا,False,indicator_only,,6,True
Data 2025.xlsx,4057,2025-05-05,2025-05,2025-W19,2,0,sw-3007-r01,sw-3007-R01,مسحة حافظة بطاطس,(Swabs) المسحات,Swabs,(Swabs) المسحات,swab,برغرايزر - حي غرناطة,برغرايزر,حي غرناطة,برغرايزر - حي غرناطة,الروضة,بلدية,بلدية الروضة,True,False,لا يوجد,,0,,,False,none,,1,False
Data 2025.xlsx,4058,2025-05-05,2025-05,2025-W19,2,0,sw-3008-r01,sw-3008-R01,مسحة صانعة ثلج,(Swabs) المسحات,Swabs,(Swabs) المسحات,swab,برغرايزر - حي غرناطة,برغرايزر,حي غرناطة,برغرايزر - حي غرناطة,الروضة,بلدية,بلدية الروضة,False,True,العد الكلي للبكتيريا,العد الكلي للبكتيريا,1,,العد الكلي للبكتيريا,False,indicator_only,,2,True
Data 2025.xlsx,4059,2025-05-05,2025-05,2025-W19,2,0,sw-3009-r01,sw-3009-R01,مسحة يد,(Swabs) المسحات,Swabs,(Swabs) المسحات,swab,برغرايزر - حي غرناطة,برغرايزر,حي غرناطة,برغرايزر - حي غرناطة,الروضة,بلدية,بلدية الروضة,True,False,لا يوجد,,0,,,False,none,,2,True
Data 2025.xlsx,3994,2025-05-05,2025-05,2025-W19,2,0,sweet-0993-r01,sweet-0993-R01,قطعة كيك اوريو,الحلا(sweetness),sweetness,الحلا(sweetness),sweets_bakery,سنابل السلام - حي غرناطة,سنابل السلام,حي غرناطة,سنابل السلام - حي غرناطة,الروضة,بلدية,بلدية الروضة,True,False,لا يوجد,,0,,,False,none,,3,True
Data 2025.xlsx,3995,2025-05-05,2025-05,2025-W19,2,0,sweet-0994-r01,sweet-0994-R01,قطعة كيك لوتس,الحلا(sweetness),sweetness,الحلا(sweetness),sweets_bakery,سنابل السلام - حي غرناطة,سنابل السلام,حي غرناطة,سنابل السلام - حي غرناطة,الروضة,بلدية,بلدية الروضة,True,False,لا يوجد,,0,,,False,none,,3,True
Data 2025.xlsx,3996,2025-05-05,2025-05,2025-W19,2,0,sweet-0995-r01,sweet-0995-R01,قطعة كيك تشيز كيك فانيلا فراولة,الحلا(sweetness),sweetness,الحلا(sweetness),sweets_bakery,سنابل السلام - حي غرناطة,سنابل السلام,حي غرناطة,سنابل السلام - حي غرناطة,الروضة,بلدية,بلدية الروضة,True,False,لا يوجد,,0,,,False,none,,3,True
Data 2025.xlsx,3997,2025-05-05,2025-05,2025-W19,2,0,sweet-0996-r01,sweet-0996-R01,قطعة كيك توت,الحلا(sweetness),sweetness,الحلا(sweetness),sweets_bakery,سنابل السلام - حي غرناطة,سنابل السلام,حي غرناطة,سنابل السلام - حي غرناطة,الروضة,بلدية,بلدية الروضة,True,False,لا يوجد,,0,,,False,none,,3,True
Data 2025.xlsx,3998,2025-05-05,2025-05,2025-W19,2,0,sweet-0997-r01,sweet-0997-R01,قطعة كيك برنسيسة,الحلا(sweetness),sweetness,الحلا(sweetness),sweets_bakery,سنابل السلام - حي غرناطة,سنابل السلام,حي غرناطة,سنابل السلام - حي غرناطة,الروضة,بلدية,بلدية الروضة,True,False,لا يوجد,,0,,,False,none,,3,True
Data 2025.xlsx,3999,2025-05-05,2025-05,2025-W19,2,0,sweet-0998-r01,sweet-0998-R01,قطعة كيك رد فلفت,الحلا(sweetness),sweetness,الحلا(sweetness),sweets_bakery,سنابل السلام - حي غرناطة,سنابل السلام,حي غرناطة,سنابل السلام - حي غرناطة,الروضة,بلدية,بلدية الروضة,True,False,لا يوجد,,0,,,False,none,,3,True
Data 2025.xlsx,4060,2025-05-05,2025-05,2025-W19,2,0,ubot-0962-r01,Ubot-0962-R01,مياه حنفية لغسيل الادوات (م.ك),المياه الغير معبأة (Unbottled water),Unbottled water,المياه الغير معبأة (Unbottled water),water,ملحمة فيافي القصيم,ملحمة فيافي القصيم,,ملحمة فيافي القصيم,الشمال,بلدية,بلدية الشمال,True,False,لا يوجد,,0,,,False,none,,1,False
Data 2025.xlsx,4061,2025-05-05,2025-05,2025-W19,2,0,ubot-0963-r01,Ubot-0963-R01,مياه فلتر للعجانة,المياه الغير معبأة (Unbottled water),Unbottled water,المياه الغير معبأة (Unbottled water),water,مطعم انعام الرافدين - حي غرناطة,مطعم انعام الرافدين,حي غرناطة,مطعم انعام الرافدين - حي غرناطة,الروضة,بلدية,بلدية الروضة,True,False,لا يوجد,,0,,,False,none,,4,True
Data 2025.xlsx,5973,2025-05-07,2025-05,2025-W19,2,2,1-3177-R01,1-3177-R01,هلابينو,(jalapeno) هلابينو,jalapeno,(jalapeno) هلابينو,produce,شركة الصالة الاقتصادية - حي القادسية,شركة الصالة الاقتصادية,حي القادسية,شركة الصالة الاقتصادية - حي القادسية,الروضة,بلدية,بلدية الروضة,True,False,لا يوجد,,0,,,False,none,,6,True
Data 2025.xlsx,5992,2025-05-07,2025-05,2025-W19,2,2,1-3178-R01,1-3178-R01,مربى كرز,(jam) مربى,jam,(jam) مربى,sauce_condiment,شركة الصالة الاقتصادية - حي القادسية,شركة الصالة الاقتصادية,حي القادسية,شركة الصالة الاقتصادية - حي القادسية,الروضة,بلدية,بلدية الروضة,True,False,لا يوجد,,0,,,False,none,,13,True
Data 2025.xlsx,5993,2025-05-07,2025-05,2025-W19,2,2,1-3179-R01,1-3179-R01,مربى فراولة,(jam) مربى,jam,(jam) مربى,sauce_condiment,شركة الصالة الاقتصادية - حي القادسية,شركة الصالة الاقتصادية,حي القادسية,شركة الصالة الاقتصادية - حي القادسية,الروضة,بلدية,بلدية الروضة,True,False,لا يوجد,,0,,,False,none,,13,True
Data 2025.xlsx,5995,2025-05-07,2025-05,2025-W19,2,2,1-3180-R01,1-3180-R01,مربى تين,(jam) مربى,jam,(jam) مربى,sauce_condiment,شركة الصالة الاقتصادية - حي القادسية,شركة الصالة الاقتصادية,حي القادسية,شركة الصالة الاقتصادية - حي القادسية,الروضة,بلدية,بلدية الروضة,True,False,لا يوجد,,0,,,False,none,,13,True
Data 2025.xlsx,6005,2025-05-07,2025-05,2025-W19,2,2,OO-OSS-po-0407-R01,OO-OSS-po-0407-R01,بطاطس مقلي,البطاطس (potatoes),potatoes,البطاطس (potatoes),produce,ديب فرايز - حي القادسية,ديب فرايز,حي القادسية,ديب فرايز - حي القادسية,الروضة,بلدية,بلدية الروضة,True,False,لا يوجد,,0,,,False,none,,0,False
Data 2025.xlsx,6006,2025-05-07,2025-05,2025-W19,2,2,OO-OSS-po-0408-R01,OO-OSS-po-0408-R01,شبس صغير برجر,البطاطس (potatoes),potatoes,البطاطس (potatoes),produce,ديب فرايز - حي القادسية,ديب فرايز,حي القادسية,ديب فرايز - حي القادسية,الروضة,بلدية,بلدية الروضة,True,False,لا يوجد,,0,,,False,none,,0,False
Data 2025.xlsx,6008,2025-05-07,2025-05,2025-W19,2,2,OO-OSS-po-0409-R01,OO-OSS-po-0409-R01,بطاطس شبس كبير,البطاطس (potatoes),potatoes,البطاطس (potatoes),produce,ديب فرايز - حي القادسية,ديب فرايز,حي القادسية,ديب فرايز - حي القادسية,الروضة,بلدية,بلدية الروضة,True,False,لا يوجد,,0,,,False,none,,1,False
Data 2025.xlsx,5982,2025-05-07,2025-05,2025-W19,2,2,bri-0314-r01,bri-0314-R01,لبنة زعتر,لبنة ( brick),brick,لبنة ( brick),dairy,شركة الصالة الاقتصادية - حي القادسية,شركة الصالة الاقتصادية,حي القادسية,شركة الصالة الاقتصادية - حي القادسية,الروضة,بلدية,بلدية الروضة,True,False,لا يوجد,,0,,,False,none,,11,True
Data 2025.xlsx,5983,2025-05-07,2025-05,2025-W19,2,2,bri-0315-r01,bri-0315-R01,لبنة سادة,لبنة ( brick),brick,لبنة ( brick),dairy,شركة الصالة الاقتصادية - حي القادسية,شركة الصالة الاقتصادية,حي القادسية,شركة الصالة الاقتصادية - حي القادسية,الروضة,بلدية,بلدية الروضة,True,False,لا يوجد,,0,,,False,none,,11,True
Data 2025.xlsx,5981,2025-05-07,2025-05,2025-W19,2,2,chee-0765-r01,Chee-0765-R01,مش مصري حار,(cheese) جبنة,cheese,(cheese) جبنة,dairy,شركة الصالة الاقتصادية - حي القادسية,شركة الصالة الاقتصادية,حي القادسية,شركة الصالة الاقتصادية - حي القادسية,الروضة,بلدية,بلدية الروضة,True,False,لا يوجد,,0,,,False,none,,11,True
Data 2025.xlsx,5984,2025-05-07,2025-05,2025-W19,2,2,chee-0766-r01,Chee-0766-R01,جبنة مكدوس,(cheese) جبنة,cheese,(cheese) جبنة,dairy,شركة الصالة الاقتصادية - حي القادسية,شركة الصالة الاقتصادية,حي القادسية,شركة الصالة الاقتصادية - حي القادسية,الروضة,بلدية,بلدية الروضة,True,False,لا يوجد,,0,,,False,none,,11,True
Data 2025.xlsx,5985,2025-05-07,2025-05,2025-W19,2,2,chee-0767-r01,Chee-0767-R01,جبنة مالحة,(cheese) جبنة,cheese,(cheese) جبنة,dairy,شركة الصالة الاقتصادية - حي القادسية,شركة الصالة الاقتصادية,حي القادسية,شركة الصالة الاقتصادية - حي القادسية,الروضة,بلدية,بلدية الروضة,True,False,لا يوجد,,0,,,False,none,,11,True
Data 2025.xlsx,5986,2025-05-07,2025-05,2025-W19,2,2,chee-0768-r01,Chee-0768-R01,جبنة اسطنبولي,(cheese) جبنة,cheese,(cheese) جبنة,dairy,شركة الصالة الاقتصادية - حي القادسية,شركة الصالة الاقتصادية,حي القادسية,شركة الصالة الاقتصادية - حي القادسية,الروضة,بلدية,بلدية الروضة,True,False,لا يوجد,,0,,,False,none,,11,True
Data 2025.xlsx,5987,2025-05-07,2025-05,2025-W19,2,2,chee-0769-r01,Chee-0769-R01,جبنة اسكندرانية,(cheese) جبنة,cheese,(cheese) جبنة,dairy,شركة الصالة الاقتصادية - حي القادسية,شركة الصالة الاقتصادية,حي القادسية,شركة الصالة الاقتصادية - حي القادسية,الروضة,بلدية,بلدية الروضة,True,False,لا يوجد,,0,,,False,none,,11,True
Data 2025.xlsx,5988,2025-05-07,2025-05,2025-W19,2,2,chee-0770-r01,Chee-0770-R01,جبن شلل,(cheese) جبنة,cheese,(cheese) جبنة,dairy,شركة الصالة الاقتصادية - حي القادسية,شركة الصالة الاقتصادية,حي القادسية,شركة الصالة الاقتصادية - حي القادسية,الروضة,بلدية,بلدية الروضة,True,False,لا يوجد,,0,,,False,none,,11,True
Data 2025.xlsx,5989,2025-05-07,2025-05,2025-W19,2,2,chee-0771-r01,Chee-0771-R01,جبنة فيتا سنابل الخير,(cheese) جبنة,cheese,(cheese) جبنة,dairy,شركة الصالة الاقتصادية - حي القادسية,شركة الصالة الاقتصادية,حي القادسية,شركة الصالة الاقتصادية - حي القادسية,الروضة,بلدية,بلدية الروضة,True,False,لا يوجد,,0,,,False,none,,11,True
Data 2025.xlsx,5991,2025-05-07,2025-05,2025-W19,2,2,chee-0772-r01,Chee-0772-R01,جبنة رومي,(cheese) جبنة,cheese,(cheese) جبنة,dairy,شركة الصالة الاقتصادية - حي القادسية,شركة الصالة الاقتصادية,حي القادسية,شركة الصالة الاقتصادية - حي القادسية,الروضة,بلدية,بلدية الروضة,False,True,استافيلوكوكس اورياس,استافيلوكوكس اورياس,1,استافيلوكوكس اورياس,,True,pathogen,,13,True
Data 2025.xlsx,5994,2025-05-07,2025-05,2025-W19,2,2,chee-0773-r01,Chee-0773-R01,جبنة رومي,(cheese) جبنة,cheese,(cheese) جبنة,dairy,شركة الصالة الاقتصادية - حي القادسية,شركة الصالة الاقتصادية,حي القادسية,شركة الصالة الاقتصادية - حي القادسية,الروضة,بلدية,بلدية الروضة,True,False,لا يوجد,,0,,,False,none,,13,True
Data 2025.xlsx,6004,2025-05-07,2025-05,2025-W19,2,2,co-0549-r01,co-0549-R01,دجاج كرسبي,الدجاج المطبوخ (Cooked chicken),Cooked chicken,الدجاج المطبوخ (Cooked chicken),cooked_meat_poultry,ديب فرايز - حي القادسية,ديب فرايز,حي القادسية,ديب فرايز - حي القادسية,الروضة,بلدية,بلدية الروضة,True,False,لا يوجد,,0,,,False,none,,0,False
Data 2025.xlsx,5979,2025-05-07,2025-05,2025-W19,2,2,flswe-0066-r01,FlSwe-0066-R01,حلاوة طحينية عائسي اوريو,حلاوة طحينة( Flour Sweetness),Flour Sweetness,حلاوة طحينة( Flour Sweetness),sauce_condiment,شركة الصالة الاقتصادية - حي القادسية,شركة الصالة الاقتصادية,حي القادسية,شركة الصالة الاقتصادية - حي القادسية,الروضة,بلدية,بلدية الروضة,True,False,لا يوجد,,0,,,False,none,,11,True
Data 2025.xlsx,5980,2025-05-07,2025-05,2025-W19,2,2,flswe-0067-r01,FlSwe-0067-R01,حلاوة طحنية بالمكسرات,حلاوة طحينة( Flour Sweetness),Flour Sweetness,حلاوة طحينة( Flour Sweetness),sauce_condiment,شركة الصالة الاقتصادية - حي القادسية,شركة الصالة الاقتصادية,حي القادسية,شركة الصالة الاقتصادية - حي القادسية,الروضة,بلدية,بلدية الروضة,True,False,لا يوجد,,0,,,False,none,,11,True
Data 2025.xlsx,5956,2025-05-07,2025-05,2025-W19,2,2,olv-0487-r01,olv-0487-R01,زينون عطون,الزيتون /Olive,Olive,الزيتون /Olive,produce,شركة الصالة الاقتصادية - حي القادسية,شركة الصالة الاقتصادية,حي القادسية,شركة الصالة الاقتصادية - حي القادسية,الروضة,بلدية,بلدية الروضة,True,False,لا يوجد,,0,,,False,none,,0,False
Data 2025.xlsx,5957,2025-05-07,2025-05,2025-W19,2,2,olv-0488-r01,olv-0488-R01,زيتون اسود شرائح,الزيتون /Olive,Olive,الزيتون /Olive,produce,شركة الصالة الاقتصادية - حي القادسية,شركة الصالة الاقتصادية,حي القادسية,شركة الصالة الاقتصادية - حي القادسية,الروضة,بلدية,بلدية الروضة,False,True,خمائر,الخمائر والاعفان,1,,الخمائر والاعفان,False,indicator_only,,1,False
Data 2025.xlsx,5958,2025-05-07,2025-05,2025-W19,2,2,olv-0489-r01,olv-0489-R01,زيتون اخضر شرائح,الزيتون /Olive,Olive,الزيتون /Olive,produce,شركة الصالة الاقتصادية - حي القادسية,شركة الصالة الاقتصادية,حي القادسية,شركة الصالة الاقتصادية - حي القادسية,الروضة,بلدية,بلدية الروضة,False,True,خمائر,الخمائر والاعفان,1,,الخمائر والاعفان,False,indicator_only,,2,True
Data 2025.xlsx,5959,2025-05-07,2025-05,2025-W19,2,2,olv-0490-r01,olv-0490-R01,زيتون عين الجمل,الزيتون /Olive,Olive,الزيتون /Olive,produce,شركة الصالة الاقتصادية - حي القادسية,شركة الصالة الاقتصادية,حي القادسية,شركة الصالة الاقتصادية - حي القادسية,الروضة,بلدية,بلدية الروضة,True,False,لا يوجد,,0,,,False,none,,2,True
Data 2025.xlsx,5960,2025-05-07,2025-05,2025-W19,2,2,olv-0491-r01,olv-0491-R01,زيتون اخضر مغربي,الزيتون /Olive,Olive,الزيتون /Olive,produce,شركة الصالة الاقتصادية - حي القادسية,شركة الصالة الاقتصادية,حي القادسية,شركة الصالة الاقتصادية - حي القادسية,الروضة,بلدية,بلدية الروضة,False,True,خمائر,الخمائر والاعفان,1,,الخمائر والاعفان,False,indicator_only,,3,True
Data 2025.xlsx,5961,2025-05-07,2025-05,2025-W19,2,2,olv-0492-r01,olv-0492-R01,زيتون اسود اسباني جامبو,الزيتون /Olive,Olive,الزيتون /Olive,produce,شركة الصالة الاقتصادية - حي القادسية,شركة الصالة الاقتصادية,حي القادسية,شركة الصالة الاقتصادية - حي القادسية,الروضة,بلدية,بلدية الروضة,True,False,لا يوجد,,0,,,False,none,,3,True
Data 2025.xlsx,5964,2025-05-07,2025-05,2025-W19,2,2,olv-0493-r01,olv-0493-R01,زيتون اخضر حار,الزيتون /Olive,Olive,الزيتون /Olive,produce,شركة الصالة الاقتصادية - حي القادسية,شركة الصالة الاقتصادية,حي القادسية,شركة الصالة الاقتصادية - حي القادسية,الروضة,بلدية,بلدية الروضة,False,True,خمائر,الخمائر والاعفان,1,,الخمائر والاعفان,False,indicator_only,,5,True
Data 2025.xlsx,5965,2025-05-07,2025-05,2025-W19,2,2,olv-0494-r01,olv-0494-R01,زيتون كولاماتا اخضر,الزيتون /Olive,Olive,الزيتون /Olive,produce,شركة الصالة الاقتصادية - حي القادسية,شركة الصالة الاقتصادية,حي القادسية,شركة الصالة الاقتصادية - حي القادسية,الروضة,بلدية,بلدية الروضة,True,False,لا يوجد,,0,,,False,none,,5,True
Data 2025.xlsx,5966,2025-05-07,2025-05,2025-W19,2,2,olv-0495-r01,olv-0495-R01,زيتون اخضر مشوي,الزيتون /Olive,Olive,الزيتون /Olive,produce,شركة الصالة الاقتصادية - حي القادسية,شركة الصالة الاقتصادية,حي القادسية,شركة الصالة الاقتصادية - حي القادسية,الروضة,بلدية,بلدية الروضة,True,False,لا يوجد,,0,,,False,none,,5,True
Data 2025.xlsx,5963,2025-05-07,2025-05,2025-W19,2,2,pick-0444-r01,Pick-0444-R01,مخلل بصل,المخلل (Pickle),Pickle,المخلل (Pickle),sauce_condiment,شركة الصالة الاقتصادية - حي القادسية,شركة الصالة الاقتصادية,حي القادسية,شركة الصالة الاقتصادية - حي القادسية,الروضة,بلدية,بلدية الروضة,False,True,خمائر,الخمائر والاعفان,1,,الخمائر والاعفان,False,indicator_only,,4,True
Data 2025.xlsx,5967,2025-05-07,2025-05,2025-W19,2,2,pick-0445-r01,Pick-0445-R01,مشكل مخلل,المخلل (Pickle),Pickle,المخلل (Pickle),sauce_condiment,شركة الصالة الاقتصادية - حي القادسية,شركة الصالة الاقتصادية,حي القادسية,شركة الصالة الاقتصادية - حي القادسية,الروضة,بلدية,بلدية الروضة,False,True,خمائر,الخمائر والاعفان,1,,الخمائر والاعفان,False,indicator_only,,6,True
Data 2025.xlsx,5968,2025-05-07,2025-05,2025-W19,2,2,pick-0446-r01,Pick-0446-R01,مخلل حجازي حار,المخلل (Pickle),Pickle,المخلل (Pickle),sauce_condiment,شركة الصالة الاقتصادية - حي القادسية,شركة الصالة الاقتصادية,حي القادسية,شركة الصالة الاقتصادية - حي القادسية,الروضة,بلدية,بلدية الروضة,True,False,لا يوجد,,0,,,False,none,,6,True
Data 2025.xlsx,5969,2025-05-07,2025-05,2025-W19,2,2,pick-0447-r01,Pick-0447-R01,مخلل مديني,المخلل (Pickle),Pickle,المخلل (Pickle),sauce_condiment,شركة الصالة الاقتصادية - حي القادسية,شركة الصالة الاقتصادية,حي القادسية,شركة الصالة الاقتصادية - حي القادسية,الروضة,بلدية,بلدية الروضة,True,False,لا يوجد,,0,,,False,none,,6,True
Data 2025.xlsx,5970,2025-05-07,2025-05,2025-W19,2,2,pick-0448-r01,Pick-0448-R01,مخلل خيار صغير,المخلل (Pickle),Pickle,المخلل (Pickle),sauce_condiment,شركة الصالة الاقتصادية - حي القادسية,شركة الصالة الاقتصادية,حي القادسية,شركة الصالة الاقتصادية - حي القادسية,الروضة,بلدية,بلدية الروضة,True,False,لا يوجد,,0,,,False,none,,6,True
Data 2025.xlsx,5971,2025-05-07,2025-05,2025-W19,2,2,pick-0449-r01,Pick-0449-R01,مخلل مانجو,المخلل (Pickle),Pickle,المخلل (Pickle),sauce_condiment,شركة الصالة الاقتصادية - حي القادسية,شركة الصالة الاقتصادية,حي القادسية,شركة الصالة الاقتصادية - حي القادسية,الروضة,بلدية,بلدية الروضة,True,False,لا يوجد,,0,,,False,none,,6,True
Data 2025.xlsx,5972,2025-05-07,2025-05,2025-W19,2,2,pick-0450-r01,Pick-0450-R01,مخلل ليمون حار,المخلل (Pickle),Pickle,المخلل (Pickle),sauce_condiment,شركة الصالة الاقتصادية - حي القادسية,شركة الصالة الاقتصادية,حي القادسية,شركة الصالة الاقتصادية - حي القادسية,الروضة,بلدية,بلدية الروضة,True,False,لا يوجد,,0,,,False,none,,6,True
Data 2025.xlsx,6015,2025-05-07,2025-05,2025-W19,2,2,pick-0451-r01,Pick-0451-R01,مخلل خيار,المخلل (Pickle),Pickle,المخلل (Pickle),sauce_condiment,ديب فرايز - حي القادسية,ديب فرايز,حي القادسية,ديب فرايز - حي القادسية,الروضة,بلدية,بلدية الروضة,True,False,لا يوجد,,0,,,False,none,,1,False
Data 2025.xlsx,5950,2025-05-07,2025-05,2025-W19,2,2,raw-0322-r01,Raw-0322-R01,لحم كتف عجل بلدي,لحوم نيئة مبردة ومجمدة (Raw meat Cold or chilled ),Raw meat Cold or chilled,لحوم نيئة مبردة ومجمدة (Raw meat Cold or chilled ),raw_meat,مؤسسة قيصر اللحوم التجارية,مؤسسة قيصر اللحوم التجارية,,مؤسسة قيصر اللحوم التجارية,الروضة,بلدية,بلدية الروضة,False,True,السالمونيلا,السالمونيلا,1,السالمونيلا,,True,pathogen,,1,False
Data 2025.xlsx,5951,2025-05-07,2025-05,2025-W19,2,2,raw-0323-r01,Raw-0323-R01,كبدة لنفس العجل البلدي,لحوم نيئة مبردة ومجمدة (Raw meat Cold or chilled ),Raw meat Cold or chilled,لحوم نيئة مبردة ومجمدة (Raw meat Cold or chilled ),raw_meat,مؤسسة قيصر اللحوم التجارية,مؤسسة قيصر اللحوم التجارية,,مؤسسة قيصر اللحوم التجارية,الروضة,بلدية,بلدية الروضة,False,True,السالمونيلا,السالمونيلا,1,السالمونيلا,,True,pathogen,,2,True
Data 2025.xlsx,5952,2025-05-07,2025-05,2025-W19,2,2,raw-0324-r01,Raw-0324-R01,قلب لنفس العجل البلدي,لحوم نيئة مبردة ومجمدة (Raw meat Cold or chilled ),Raw meat Cold or chilled,لحوم نيئة مبردة ومجمدة (Raw meat Cold or chilled ),raw_meat,مؤسسة قيصر اللحوم التجارية,مؤسسة قيصر اللحوم التجارية,,مؤسسة قيصر اللحوم التجارية,الروضة,بلدية,بلدية الروضة,False,True,السالمونيلا,السالمونيلا,1,السالمونيلا,,True,pathogen,,3,True
Data 2025.xlsx,5953,2025-05-07,2025-05,2025-W19,2,2,raw-0325-r01,Raw-0325-R01,كلوة لنفس العجل البلدي,لحوم نيئة مبردة ومجمدة (Raw meat Cold or chilled ),Raw meat Cold or chilled,لحوم نيئة مبردة ومجمدة (Raw meat Cold or chilled ),raw_meat,مؤسسة قيصر اللحوم التجارية,مؤسسة قيصر اللحوم التجارية,,مؤسسة قيصر اللحوم التجارية,الروضة,بلدية,بلدية الروضة,False,True,السالمونيلا,السالمونيلا,1,السالمونيلا,,True,pathogen,,4,True
Data 2025.xlsx,5954,2025-05-07,2025-05,2025-W19,2,2,raw-0326-r01,Raw-0326-R01,لحم بطني سواكني بلدي,لحوم نيئة مبردة ومجمدة (Raw meat Cold or chilled ),Raw meat Cold or chilled,لحوم نيئة مبردة ومجمدة (Raw meat Cold or chilled ),raw_meat,مؤسسة قيصر اللحوم التجارية,مؤسسة قيصر اللحوم التجارية,,مؤسسة قيصر اللحوم التجارية,الروضة,بلدية,بلدية الروضة,True,False,لا يوجد,,0,,,False,none,,4,True
Data 2025.xlsx,5955,2025-05-07,2025-05,2025-W19,2,2,raw-0327-r01,Raw-0327-R01,كلوة لنفس السواكني البلدي,لحوم نيئة مبردة ومجمدة (Raw meat Cold or chilled ),Raw meat Cold or chilled,لحوم نيئة مبردة ومجمدة (Raw meat Cold or chilled ),raw_meat,مؤسسة قيصر اللحوم التجارية,مؤسسة قيصر اللحوم التجارية,,مؤسسة قيصر اللحوم التجارية,الروضة,بلدية,بلدية الروضة,True,False,لا يوجد,,0,,,False,none,,4,True
Data 2025.xlsx,5962,2025-05-07,2025-05,2025-W19,2,2,sal-1428-r01,Sal-1428-R01,سلطة زيتون حار,السلطة(Salad),Salad,السلطة(Salad),produce,شركة الصالة الاقتصادية - حي القادسية,شركة الصالة الاقتصادية,حي القادسية,شركة الصالة الاقتصادية - حي القادسية,الروضة,بلدية,بلدية الروضة,True,False,لا يوجد,,0,,,False,none,,3,True
Data 2025.xlsx,5974,2025-05-07,2025-05,2025-W19,2,2,sal-1429-r01,Sal-1429-R01,سلطة جبنة,السلطة(Salad),Salad,السلطة(Salad),produce,شركة الصالة الاقتصادية - حي القادسية,شركة الصالة الاقتصادية,حي القادسية,شركة الصالة الاقتصادية - حي القادسية,الروضة,بلدية,بلدية الروضة,False,True,انتيروباكتريسي,انتيروباكتريسي,1,,انتيروباكتريسي,False,indicator_only,,7,True
Data 2025.xlsx,5975,2025-05-07,2025-05,2025-W19,2,2,sal-1430-r01,Sal-1430-R01,سلطة جبنة حارة,السلطة(Salad),Salad,السلطة(Salad),produce,شركة الصالة الاقتصادية - حي القادسية,شركة الصالة الاقتصادية,حي القادسية,شركة الصالة الاقتصادية - حي القادسية,الروضة,بلدية,بلدية الروضة,False,True,انتيروباكتريسي,انتيروباكتريسي,1,,انتيروباكتريسي,False,indicator_only,,8,True
Data 2025.xlsx,5976,2025-05-07,2025-05,2025-W19,2,2,sal-1431-r01,Sal-1431-R01,سلطة جبنة وزعتر,السلطة(Salad),Salad,السلطة(Salad),produce,شركة الصالة الاقتصادية - حي القادسية,شركة الصالة الاقتصادية,حي القادسية,شركة الصالة الاقتصادية - حي القادسية,الروضة,بلدية,بلدية الروضة,False,True,انتيروباكتريسي,انتيروباكتريسي,1,,انتيروباكتريسي,False,indicator_only,,9,True
Data 2025.xlsx,5977,2025-05-07,2025-05,2025-W19,2,2,sal-1432-r01,Sal-1432-R01,سلطة جبنة مغربية,السلطة(Salad),Salad,السلطة(Salad),produce,شركة الصالة الاقتصادية - حي القادسية,شركة الصالة الاقتصادية,حي القادسية,شركة الصالة الاقتصادية - حي القادسية,الروضة,بلدية,بلدية الروضة,False,True,انتيروباكتريسي,انتيروباكتريسي,1,,انتيروباكتريسي,False,indicator_only,,10,True
Data 2025.xlsx,5978,2025-05-07,2025-05,2025-W19,2,2,sal-1433-r01,Sal-1433-R01,سلطة جبنة سورية,السلطة(Salad),Salad,السلطة(Salad),produce,شركة الصالة الاقتصادية - حي القادسية,شركة الصالة الاقتصادية,حي القادسية,شركة الصالة الاقتصادية - حي القادسية,الروضة,بلدية,بلدية الروضة,False,True,انتيروباكتريسي,انتيروباكتريسي,1,,انتيروباكتريسي,False,indicator_only,,11,True
Data 2025.xlsx,5990,2025-05-07,2025-05,2025-W19,2,2,sal-1434-r01,Sal-1434-R01,سلطة مرتديلا,السلطة(Salad),Salad,السلطة(Salad),produce,شركة الصالة الاقتصادية - حي القادسية,شركة الصالة الاقتصادية,حي القادسية,شركة الصالة الاقتصادية - حي القادسية,الروضة,بلدية,بلدية الروضة,False,True,العد الكلي للبكتيريا,العد الكلي للبكتيريا,1,,العد الكلي للبكتيريا,False,indicator_only,,12,True
Data 2025.xlsx,6014,2025-05-07,2025-05,2025-W19,2,2,sal-1435-r01,Sal-1435-R01,سلطة ملفوف,السلطة(Salad),Salad,السلطة(Salad),produce,ديب فرايز - حي القادسية,ديب فرايز,حي القادسية,ديب فرايز - حي القادسية,الروضة,بلدية,بلدية الروضة,True,False,لا يوجد,,0,,,False,none,,1,False
Data 2025.xlsx,6000,2025-05-07,2025-05,2025-W19,2,2,sau-1923-r01,sau-1923-R01,صوصكوكتيل,صوص (sauce),sauce,صوص (sauce),sauce_condiment,ديب فرايز - حي القادسية,ديب فرايز,حي القادسية,ديب فرايز - حي القادسية,الروضة,بلدية,بلدية الروضة,True,False,لا يوجد,,0,,,False,none,,0,False
Data 2025.xlsx,6001,2025-05-07,2025-05,2025-W19,2,2,sau-1924-r01,sau-1924-R01,صوص سبايسي,صوص (sauce),sauce,صوص (sauce),sauce_condiment,ديب فرايز - حي القادسية,ديب فرايز,حي القادسية,ديب فرايز - حي القادسية,الروضة,بلدية,بلدية الروضة,True,False,لا يوجد,,0,,,False,none,,0,False
Data 2025.xlsx,6002,2025-05-07,2025-05,2025-W19,2,2,sau-1925-r01,sau-1925-R01,صوص بافلو,صوص (sauce),sauce,صوص (sauce),sauce_condiment,ديب فرايز - حي القادسية,ديب فرايز,حي القادسية,ديب فرايز - حي القادسية,الروضة,بلدية,بلدية الروضة,True,False,لا يوجد,,0,,,False,none,,0,False
Data 2025.xlsx,6003,2025-05-07,2025-05,2025-W19,2,2,sau-1926-r01,sau-1926-R01,صوص كاتشب,صوص (sauce),sauce,صوص (sauce),sauce_condiment,ديب فرايز - حي القادسية,ديب فرايز,حي القادسية,ديب فرايز - حي القادسية,الروضة,بلدية,بلدية الروضة,True,False,لا يوجد,,0,,,False,none,,0,False
Data 2025.xlsx,6007,2025-05-07,2025-05,2025-W19,2,2,sau-1927-r01,sau-1927-R01,صوص جبنة,صوص (sauce),sauce,صوص (sauce),sauce_condiment,ديب فرايز - حي القادسية,ديب فرايز,حي القادسية,ديب فرايز - حي القادسية,الروضة,بلدية,بلدية الروضة,False,True,انتيروباكتريسي | ايشيريشيا كولاي | استافيلوكوكس اورياس,انتيروباكتريسي | ايشيريشيا كولاي | استافيلوكوكس اورياس,3,ايشيريشيا كولاي | استافيلوكوكس اورياس,انتيروباكتريسي,True,multi_pathogen,,1,False
Data 2025.xlsx,6009,2025-05-07,2025-05,2025-W19,2,2,sau-1928-r01,sau-1928-R01,صوص ثوم,صوص (sauce),sauce,صوص (sauce),sauce_condiment,ديب فرايز - حي القادسية,ديب فرايز,حي القادسية,ديب فرايز - حي القادسية,الروضة,بلدية,بلدية الروضة,True,False,لا يوجد,,0,,,False,none,,1,False
Data 2025.xlsx,5996,2025-05-07,2025-05,2025-W19,2,2,sw-3276-r01,sw-3276-R01,مسحة ثلاجة,(Swabs) المسحات,Swabs,(Swabs) المسحات,swab,شركة الصالة الاقتصادية - حي القادسية,شركة الصالة الاقتصادية,حي القادسية,شركة الصالة الاقتصادية - حي القادسية,الروضة,بلدية,بلدية الروضة,True,False,لا يوجد,,0,,,False,none,,13,True
Data 2025.xlsx,5997,2025-05-07,2025-05,2025-W19,2,2,sw-3277-r01,sw-3277-R01,مسحة ثلاجة,(Swabs) المسحات,Swabs,(Swabs) المسحات,swab,شركة الصالة الاقتصادية - حي القادسية,شركة الصالة الاقتصادية,حي القادسية,شركة الصالة الاقتصادية - حي القادسية,الروضة,بلدية,بلدية الروضة,True,False,لا يوجد,,0,,,False,none,,13,True
Data 2025.xlsx,5998,2025-05-07,2025-05,2025-W19,2,2,sw-3278-r01,sw-3278-R01,مسحة ثلاجة,(Swabs) المسحات,Swabs,(Swabs) المسحات,swab,شركة الصالة الاقتصادية - حي القادسية,شركة الصالة الاقتصادية,حي القادسية,شركة الصالة الاقتصادية - حي القادسية,الروضة,بلدية,بلدية الروضة,True,False,لا يوجد,,0,,,False,none,,13,True
Data 2025.xlsx,5999,2025-05-07,2025-05,2025-W19,2,2,sw-3279-r01,sw-3279-R01,مسحة ثلاجة,(Swabs) المسحات,Swabs,(Swabs) المسحات,swab,شركة الصالة الاقتصادية - حي القادسية,شركة الصالة الاقتصادية,حي القادسية,شركة الصالة الاقتصادية - حي القادسية,الروضة,بلدية,بلدية الروضة,False,True,العد الكلي للبكتيريا,العد الكلي للبكتيريا,1,,العد الكلي للبكتيريا,False,indicator_only,,14,True
Data 2025.xlsx,6010,2025-05-07,2025-05,2025-W19,2,2,sw-3280-r01,sw-3280-R01,مسحة حافظة كرسبي,(Swabs) المسحات,Swabs,(Swabs) المسحات,swab,ديب فرايز - حي القادسية,ديب فرايز,حي القادسية,ديب فرايز - حي القادسية,الروضة,بلدية,بلدية الروضة,True,False,لا يوجد,,0,,,False,none,,1,False
Data 2025.xlsx,6011,2025-05-07,2025-05,2025-W19,2,2,sw-3281-r01,sw-3281-R01,مسحة حاضظة بطاطس,(Swabs) المسحات,Swabs,(Swabs) المسحات,swab,ديب فرايز - حي القادسية,ديب فرايز,حي القادسية,ديب فرايز - حي القادسية,الروضة,بلدية,بلدية الروضة,True,False,لا يوجد,,0,,,False,none,,1,False
Data 2025.xlsx,6012,2025-05-07,2025-05,2025-W19,2,2,sw-3282-r01,sw-3282-R01,مسحة حاضظة بطاطس,(Swabs) المسحات,Swabs,(Swabs) المسحات,swab,ديب فرايز - حي القادسية,ديب فرايز,حي القادسية,ديب فرايز - حي القادسية,الروضة,بلدية,بلدية الروضة,True,False,لا يوجد,,0,,,False,none,,1,False
Data 2025.xlsx,6013,2025-05-07,2025-05,2025-W19,2,2,sw-3283-r01,sw-3283-R01,مسحة قطاعة دجاج,(Swabs) المسحات,Swabs,(Swabs) المسحات,swab,ديب فرايز - حي القادسية,ديب فرايز,حي القادسية,ديب فرايز - حي القادسية,الروضة,بلدية,بلدية الروضة,True,False,لا يوجد,,0,,,False,none,,1,False
Data 2025.xlsx,6016,2025-05-07,2025-05,2025-W19,2,2,ubot-1018-r01,Ubot-1018-R01,مياه حنفية لغسيل الادوات م-ك,المياه الغير معبأة (Unbottled water),Unbottled water,المياه الغير معبأة (Unbottled water),water,مؤسسة قيصر اللحوم التجارية,مؤسسة قيصر اللحوم التجارية,,مؤسسة قيصر اللحوم التجارية,الروضة,بلدية,بلدية الروضة,True,False,لا يوجد,,0,,,False,none,,4,True
Data 2025.xlsx,6017,2025-05-07,2025-05,2025-W19,2,2,ubot-1020-r01,Ubot-1020-R01,مياه حوض,المياه الغير معبأة (Unbottled water),Unbottled water,المياه الغير معبأة (Unbottled water),water,حظيرة البندري ناصر بن زيد,حظيرة البندري ناصر بن زيد,,حظيرة البندري ناصر بن زيد,العزيزية,بلدية,بلدية العزيزية,False,True,ايشيريشيا كولاي,ايشيريشيا كولاي,1,ايشيريشيا كولاي,,True,pathogen,,1,False
Data 2025.xlsx,6018,2025-05-07,2025-05,2025-W19,2,2,ubot-1021-r01,Ubot-1021-R01,مياه حوض,المياه الغير معبأة (Unbottled water),Unbottled water,المياه الغير معبأة (Unbottled water),water,حظيرة نايف عبدالله سلطان العتيبي,حظيرة نايف عبدالله سلطان العتيبي,,حظيرة نايف عبدالله سلطان العتيبي,العزيزية,بلدية,بلدية العزيزية,False,True,ايشيريشيا كولاي,ايشيريشيا كولاي,1,ايشيريشيا كولاي,,True,pathogen,,1,False
Data 2025.xlsx,6019,2025-05-07,2025-05,2025-W19,2,2,ubot-1022-r01,Ubot-1022-R01,مياه حوض,المياه الغير معبأة (Unbottled water),Unbottled water,المياه الغير معبأة (Unbottled water),water,مؤسسة انوار الدرب,مؤسسة انوار الدرب,,مؤسسة انوار الدرب,العزيزية,بلدية,بلدية العزيزية,True,False,لا يوجد,,0,,,False,none,,0,False
Data 2025.xlsx,6020,2025-05-07,2025-05,2025-W19,2,2,ubot-1023-r01,Ubot-1023-R01,مياه حوض,المياه الغير معبأة (Unbottled water),Unbottled water,المياه الغير معبأة (Unbottled water),water,حظيرة سعد عبدالله سعد الربيعان,حظيرة سعد عبدالله سعد الربيعان,,حظيرة سعد عبدالله سعد الربيعان,العزيزية,بلدية,بلدية العزيزية,True,False,لا يوجد,,0,,,False,none,,0,False
Data 2025.xlsx,6021,2025-05-07,2025-05,2025-W19,2,2,ubot-1024-r01,Ubot-1024-R01,مياه حوض,المياه الغير معبأة (Unbottled water),Unbottled water,المياه الغير معبأة (Unbottled water),water,حظيرة سعد عبدالله سعد الربيعان,حظيرة سعد عبدالله سعد الربيعان,,حظيرة سعد عبدالله سعد الربيعان,العزيزية,بلدية,بلدية العزيزية,True,False,لا يوجد,,0,,,False,none,,0,False
Data 2025.xlsx,6022,2025-05-07,2025-05,2025-W19,2,2,ubot-1025-r01,Ubot-1025-R01,مياه حوض,المياه الغير معبأة (Unbottled water),Unbottled water,المياه الغير معبأة (Unbottled water),water,شركة كاش لتجارة المواشي,شركة كاش لتجارة المواشي,,شركة كاش لتجارة المواشي,العزيزية,بلدية,بلدية العزيزية,True,False,لا يوجد,,0,,,False,none,,0,False
Data 2025.xlsx,6023,2025-05-07,2025-05,2025-W19,2,2,ubot-1026-r01,Ubot-1026-R01,مياه حنفية,المياه الغير معبأة (Unbottled water),Unbottled water,المياه الغير معبأة (Unbottled water),water,شركة سدار للتجارة,شركة سدار للتجارة,,شركة سدار للتجارة,العزيزية,بلدية,بلدية العزيزية,False,True,ايشيريشيا كولاي,ايشيريشيا كولاي,1,ايشيريشيا كولاي,,True,pathogen,,1,False
Data 2025.xlsx,7202,2025-05-08,2025-05,2025-W19,2,3,1-3337-R01,1-3337-R01,جريش,الجريش,,الجريش,sweets_bakery,مطعم حكاية الشواية - حي قرطبة,مطعم حكاية الشواية,حي قرطبة,مطعم حكاية الشواية - حي قرطبة,الروضة,بلدية,بلدية الروضة,True,False,لا يوجد,,0,,,False,none,,0,False
Data 2025.xlsx,7204,2025-05-08,2025-05,2025-W19,2,3,1-3338-R01,1-3338-R01,كشنة جريش,(kashana) كشنة,kashana,(kashana) كشنة,prepared_meal,مطعم حكاية الشواية - حي قرطبة,مطعم حكاية الشواية,حي قرطبة,مطعم حكاية الشواية - حي قرطبة,الروضة,بلدية,بلدية الروضة,True,False,لا يوجد,,0,,,False,none,,0,False
Data 2025.xlsx,7205,2025-05-08,2025-05,2025-W19,2,3,1-3339-R01,1-3339-R01,كشنة رز,(kashana) كشنة,kashana,(kashana) كشنة,prepared_meal,مطعم حكاية الشواية - حي قرطبة,مطعم حكاية الشواية,حي قرطبة,مطعم حكاية الشواية - حي قرطبة,الروضة,بلدية,بلدية الروضة,True,False,لا يوجد,,0,,,False,none,,0,False
Data 2025.xlsx,7207,2025-05-08,2025-05,2025-W19,2,3,1-3340-R01,1-3340-R01,رز ابيض,الارز ( rice),rice,الارز ( rice),prepared_meal,مطعم حكاية الشواية - حي قرطبة,مطعم حكاية الشواية,حي قرطبة,مطعم حكاية الشواية - حي قرطبة,الروضة,بلدية,بلدية الروضة,True,False,لا يوجد,,0,,,False,none,,0,False
Data 2025.xlsx,7228,2025-05-08,2025-05,2025-W19,2,3,1-3341-R01,1-3341-R01,قطع شمندر,شمندر(beet),beet,شمندر(beet),produce,كانون القرية - حي قرطبة,كانون القرية,حي قرطبة,كانون القرية - حي قرطبة,الروضة,بلدية,بلدية الروضة,True,False,لا يوجد,,0,,,False,none,,5,True
Data 2025.xlsx,7260,2025-05-08,2025-05,2025-W19,2,3,1-3342-R01,1-3342-R01,نكهة توت ازرق,نكهات مركزة ( Syrup ),Syrup,نكهات مركزة ( Syrup ),sauce_condiment,بيراديز - حي قرطبة,بيراديز,حي قرطبة,بيراديز - حي قرطبة,الروضة,بلدية,بلدية الروضة,True,False,لا يوجد,,0,,,False,none,,10,True
Data 2025.xlsx,7261,2025-05-08,2025-05,2025-W19,2,3,1-3343-R01,1-3343-R01,نكهة ليمون نعناع,نكهات مركزة ( Syrup ),Syrup,نكهات مركزة ( Syrup ),sauce_condiment,بيراديز - حي قرطبة,بيراديز,حي قرطبة,بيراديز - حي قرطبة,الروضة,بلدية,بلدية الروضة,True,False,لا يوجد,,0,,,False,none,,10,True
Data 2025.xlsx,7219,2025-05-08,2025-05,2025-W19,2,3,O-U-po-0215-R01,O-U-po-0215-R01,حب رمان,الرمان (pomegranate),pomegranate,الرمان (pomegranate),produce,كانون القرية - حي قرطبة,كانون القرية,حي قرطبة,كانون القرية - حي قرطبة,الروضة,بلدية,بلدية الروضة,False,True,ايشيريشيا كولاي | استافيلوكوكس اورياس,ايشيريشيا كولاي | استافيلوكوكس اورياس,2,ايشيريشيا كولاي | استافيلوكوكس اورياس,,True,multi_pathogen,,3,True
Data 2025.xlsx,7242,2025-05-08,2025-05,2025-W19,2,3,O-U-po-0216-R01,O-U-po-0216-R01,حب رمان,الرمان (pomegranate),pomegranate,الرمان (pomegranate),produce,بيراديز - حي قرطبة,بيراديز,حي قرطبة,بيراديز - حي قرطبة,الروضة,بلدية,بلدية الروضة,True,False,لا يوجد,,0,,,False,none,,1,False
Data 2025.xlsx,7217,2025-05-08,2025-05,2025-W19,2,3,O-U-to-0663-R01,O-U-to-0663-R01,قطع طماطم,الطماطم (Tomatoes),Tomatoes,الطماطم (Tomatoes),produce,كانون القرية - حي قرطبة,كانون القرية,حي قرطبة,كانون القرية - حي قرطبة,الروضة,بلدية,بلدية الروضة,True,False,لا يوجد,,0,,,False,none,,1,False
Data 2025.xlsx,7220,2025-05-08,2025-05,2025-W19,2,3,O-r-O3-le-0368-R01,O-r-O3-le-0368-R01,قطع خس,الخس (Lettuce),Lettuce,الخس (Lettuce),produce,كانون القرية - حي قرطبة,كانون القرية,حي قرطبة,كانون القرية - حي قرطبة,الروضة,بلدية,بلدية الروضة,False,True,استافيلوكوكس اورياس,استافيلوكوكس اورياس,1,استافيلوكوكس اورياس,,True,pathogen,,4,True
Data 2025.xlsx,7221,2025-05-08,2025-05,2025-W19,2,3,OOu-on-0513-R01,OOu-on-0513-R01,قطع بصل,البصل (onions),onions,البصل (onions),produce,كانون القرية - حي قرطبة,كانون القرية,حي قرطبة,كانون القرية - حي قرطبة,الروضة,بلدية,بلدية الروضة,True,False,لا يوجد,,0,,,False,none,,4,True
Data 2025.xlsx,7216,2025-05-08,2025-05,2025-W19,2,3,OU-pa-0255-R01,OU-pa-0255-R01,قطع بقدونس,البقدونس (parsley),parsley,البقدونس (parsley),produce,كانون القرية - حي قرطبة,كانون القرية,حي قرطبة,كانون القرية - حي قرطبة,الروضة,بلدية,بلدية الروضة,False,True,استافيلوكوكس اورياس,استافيلوكوكس اورياس,1,استافيلوكوكس اورياس,,True,pathogen,,1,False
Data 2025.xlsx,7223,2025-05-08,2025-05,2025-W19,2,3,appe-0544-r01,Appe-0544-R01,حمص,مقبلات (Appetizers),Appetizers,مقبلات (Appetizers),prepared_meal,كانون القرية - حي قرطبة,كانون القرية,حي قرطبة,كانون القرية - حي قرطبة,الروضة,بلدية,بلدية الروضة,True,False,لا يوجد,,0,,,False,none,,5,True
Data 2025.xlsx,7224,2025-05-08,2025-05,2025-W19,2,3,appe-0545-r01,Appe-0545-R01,متبل,مقبلات (Appetizers),Appetizers,مقبلات (Appetizers),prepared_meal,كانون القرية - حي قرطبة,كانون القرية,حي قرطبة,كانون القرية - حي قرطبة,الروضة,بلدية,بلدية الروضة,True,False,لا يوجد,,0,,,False,none,,5,True
Data 2025.xlsx,7225,2025-05-08,2025-05,2025-W19,2,3,appe-0546-r01,Appe-0546-R01,بابا غنوج,مقبلات (Appetizers),Appetizers,مقبلات (Appetizers),prepared_meal,كانون القرية - حي قرطبة,كانون القرية,حي قرطبة,كانون القرية - حي قرطبة,الروضة,بلدية,بلدية الروضة,True,False,لا يوجد,,0,,,False,none,,5,True
Data 2025.xlsx,7229,2025-05-08,2025-05,2025-W19,2,3,br-0107-r01,Br-0107-R01,خبز فتوش,الخبـز (Bread),Bread,الخبـز (Bread),sweets_bakery,كانون القرية - حي قرطبة,كانون القرية,حي قرطبة,كانون القرية - حي قرطبة,الروضة,بلدية,بلدية الروضة,True,False,لا يوجد,,0,,,False,none,,5,True
Data 2025.xlsx,7227,2025-05-08,2025-05,2025-W19,2,3,chee-0812-r01,Chee-0812-R01,جبن,(cheese) جبنة,cheese,(cheese) جبنة,dairy,كانون القرية - حي قرطبة,كانون القرية,حي قرطبة,كانون القرية - حي قرطبة,الروضة,بلدية,بلدية الروضة,True,False,لا يوجد,,0,,,False,none,,5,True
Data 2025.xlsx,7240,2025-05-08,2025-05,2025-W19,2,3,chee-0813-r01,Chee-0813-R01,شيدر بيضاء,(cheese) جبنة,cheese,(cheese) جبنة,dairy,بيراديز - حي قرطبة,بيراديز,حي قرطبة,بيراديز - حي قرطبة,الروضة,بلدية,بلدية الروضة,True,False,لا يوجد,,0,,,False,none,,1,False
Data 2025.xlsx,7241,2025-05-08,2025-05,2025-W19,2,3,chee-0814-r01,Chee-0814-R01,جبنة ماعز,(cheese) جبنة,cheese,(cheese) جبنة,dairy,بيراديز - حي قرطبة,بيراديز,حي قرطبة,بيراديز - حي قرطبة,الروضة,بلدية,بلدية الروضة,True,False,لا يوجد,,0,,,False,none,,1,False
Data 2025.xlsx,7203,2025-05-08,2025-05,2025-W19,2,3,co-0581-r01,co-0581-R01,دجاج مظبي نص استواء,الدجاج المطبوخ (Cooked chicken),Cooked chicken,الدجاج المطبوخ (Cooked chicken),cooked_meat_poultry,مطعم حكاية الشواية - حي قرطبة,مطعم حكاية الشواية,حي قرطبة,مطعم حكاية الشواية - حي قرطبة,الروضة,بلدية,بلدية الروضة,True,False,لا يوجد,,0,,,False,none,,0,False
Data 2025.xlsx,7206,2025-05-08,2025-05,2025-W19,2,3,co-0582-r01,co-0582-R01,دجاج شواية,الدجاج المطبوخ (Cooked chicken),Cooked chicken,الدجاج المطبوخ (Cooked chicken),cooked_meat_poultry,مطعم حكاية الشواية - حي قرطبة,مطعم حكاية الشواية,حي قرطبة,مطعم حكاية الشواية - حي قرطبة,الروضة,بلدية,بلدية الروضة,True,False,لا يوجد,,0,,,False,none,,0,False
Data 2025.xlsx,7201,2025-05-08,2025-05,2025-W19,2,3,gcv-0254-r01,GCV-0254-R01,ايدام مصقع,الخضار المشوية و المطبوخة,,الخضار المشوية و المطبوخة,cooked_meat_poultry,مطعم حكاية الشواية - حي قرطبة,مطعم حكاية الشواية,حي قرطبة,مطعم حكاية الشواية - حي قرطبة,الروضة,بلدية,بلدية الروضة,True,False,لا يوجد,,0,,,False,none,,0,False
Data 2025.xlsx,7226,2025-05-08,2025-05,2025-W19,2,3,gr-0194-r01,gr-0194-R01,ورق عنب,ورق عنب (Grape leaves),Grape leaves,ورق عنب (Grape leaves),produce,كانون القرية - حي قرطبة,كانون القرية,حي قرطبة,كانون القرية - حي قرطبة,الروضة,بلدية,بلدية الروضة,True,False,لا يوجد,,0,,,False,none,,5,True
Data 2025.xlsx,7212,2025-05-08,2025-05,2025-W19,2,3,hs-0347-r01,HS-0347-R01,شطة حارة حكاية,الشطة (Hot sauce),Hot sauce,الشطة (Hot sauce),sauce_condiment,مطعم حكاية الشواية - حي قرطبة,مطعم حكاية الشواية,حي قرطبة,مطعم حكاية الشواية - حي قرطبة,الروضة,بلدية,بلدية الروضة,False,True,العد الكلي للبكتيريا,العد الكلي للبكتيريا,1,,العد الكلي للبكتيريا,False,indicator_only,,1,False
Data 2025.xlsx,7235,2025-05-08,2025-05,2025-W19,2,3,hs-0348-r01,HS-0348-R01,شطة,الشطة (Hot sauce),Hot sauce,الشطة (Hot sauce),sauce_condiment,كانون القرية - حي قرطبة,كانون القرية,حي قرطبة,كانون القرية - حي قرطبة,الروضة,بلدية,بلدية الروضة,True,False,لا يوجد,,0,,,False,none,,6,True
Data 2025.xlsx,7230,2025-05-08,2025-05,2025-W19,2,3,mola-0058-r01,mola-0058-R01,دبس رمان,( Molasses) دبس,Molasses,( Molasses) دبس,sauce_condiment,كانون القرية - حي قرطبة,كانون القرية,حي قرطبة,كانون القرية - حي قرطبة,الروضة,بلدية,بلدية الروضة,True,False,لا يوجد,,0,,,False,none,,5,True
Data 2025.xlsx,7239,2025-05-08,2025-05,2025-W19,2,3,olv-0556-r01,olv-0556-R01,شرائح زيتون,الزيتون /Olive,Olive,الزيتون /Olive,produce,بيراديز - حي قرطبة,بيراديز,حي قرطبة,بيراديز - حي قرطبة,الروضة,بلدية,بلدية الروضة,False,True,اعفان,الخمائر والاعفان,1,,الخمائر والاعفان,False,indicator_only,,1,False
Data 2025.xlsx,7222,2025-05-08,2025-05,2025-W19,2,3,pick-0494-r01,Pick-0494-R01,مخلل خيار,المخلل (Pickle),Pickle,المخلل (Pickle),sauce_condiment,كانون القرية - حي قرطبة,كانون القرية,حي قرطبة,كانون القرية - حي قرطبة,الروضة,بلدية,بلدية الروضة,False,True,خمائر,الخمائر والاعفان,1,,الخمائر والاعفان,False,indicator_only,,5,True
Data 2025.xlsx,7236,2025-05-08,2025-05,2025-W19,2,3,po-0128-r01,po-0128-R01,كباب دجاج ني,الدجاج (Poultry),Poultry,الدجاج (Poultry),cooked_meat_poultry,كانون القرية - حي قرطبة,كانون القرية,حي قرطبة,كانون القرية - حي قرطبة,الروضة,بلدية,بلدية الروضة,True,False,لا يوجد,,0,,,False,none,,6,True
Data 2025.xlsx,7190,2025-05-08,2025-05,2025-W19,2,3,raw-0424-r01,Raw-0424-R01,فخذ عجل بلدي,لحوم نيئة مبردة ومجمدة (Raw meat Cold or chilled ),Raw meat Cold or chilled,لحوم نيئة مبردة ومجمدة (Raw meat Cold or chilled ),raw_meat,مؤسسة بساتين الفارس للتجاره,مؤسسة بساتين الفارس للتجاره,,مؤسسة بساتين الفارس للتجاره,العليا,بلدية,بلدية العليا,True,False,لا يوجد,,0,,,False,none,,0,False
Data 2025.xlsx,7191,2025-05-08,2025-05,2025-W19,2,3,raw-0425-r01,Raw-0425-R01,كتف غنم بلدي,لحوم نيئة مبردة ومجمدة (Raw meat Cold or chilled ),Raw meat Cold or chilled,لحوم نيئة مبردة ومجمدة (Raw meat Cold or chilled ),raw_meat,مؤسسة بساتين الفارس للتجاره,مؤسسة بساتين الفارس للتجاره,,مؤسسة بساتين الفارس للتجاره,العليا,بلدية,بلدية العليا,True,False,لا يوجد,,0,,,False,none,,0,False
Data 2025.xlsx,7192,2025-05-08,2025-05,2025-W19,2,3,raw-0426-r01,Raw-0426-R01,كبدة غنم بلدي,لحوم نيئة مبردة ومجمدة (Raw meat Cold or chilled ),Raw meat Cold or chilled,لحوم نيئة مبردة ومجمدة (Raw meat Cold or chilled ),raw_meat,مؤسسة بساتين الفارس للتجاره,مؤسسة بساتين الفارس للتجاره,,مؤسسة بساتين الفارس للتجاره,العليا,بلدية,بلدية العليا,True,False,لا يوجد,,0,,,False,none,,0,False
Data 2025.xlsx,7193,2025-05-08,2025-05,2025-W19,2,3,raw-0427-r01,Raw-0427-R01,فخذ سواكني,لحوم نيئة مبردة ومجمدة (Raw meat Cold or chilled ),Raw meat Cold or chilled,لحوم نيئة مبردة ومجمدة (Raw meat Cold or chilled ),raw_meat,مؤسسة ملحمة شاحة باب الشهباء للحوم الطازجة,مؤسسة ملحمة شاحة باب الشهباء للحوم الطازجة,,مؤسسة ملحمة شاحة باب الشهباء للحوم الطازجة,العليا,بلدية,بلدية العليا,True,False,لا يوجد,,0,,,False,none,,0,False
Data 2025.xlsx,7194,2025-05-08,2025-05,2025-W19,2,3,raw-0428-r01,Raw-0428-R01,صدر سواكني,لحوم نيئة مبردة ومجمدة (Raw meat Cold or chilled ),Raw meat Cold or chilled,لحوم نيئة مبردة ومجمدة (Raw meat Cold or chilled ),raw_meat,مؤسسة ملحمة شاحة باب الشهباء للحوم الطازجة,مؤسسة ملحمة شاحة باب الشهباء للحوم الطازجة,,مؤسسة ملحمة شاحة باب الشهباء للحوم الطازجة,العليا,بلدية,بلدية العليا,True,False,لا يوجد,,0,,,False,none,,0,False
Data 2025.xlsx,7195,2025-05-08,2025-05,2025-W19,2,3,raw-0429-r01,Raw-0429-R01,فخذ عجل بلدي,لحوم نيئة مبردة ومجمدة (Raw meat Cold or chilled ),Raw meat Cold or chilled,لحوم نيئة مبردة ومجمدة (Raw meat Cold or chilled ),raw_meat,ملحمة ساروجة للحوم,ملحمة ساروجة للحوم,,ملحمة ساروجة للحوم,العليا,بلدية,بلدية العليا,True,False,لا يوجد,,0,,,False,none,,0,False
Data 2025.xlsx,7196,2025-05-08,2025-05,2025-W19,2,3,raw-0430-r01,Raw-0430-R01,ضهر عجل بلدي,لحوم نيئة مبردة ومجمدة (Raw meat Cold or chilled ),Raw meat Cold or chilled,لحوم نيئة مبردة ومجمدة (Raw meat Cold or chilled ),raw_meat,ملحمة ساروجة للحوم,ملحمة ساروجة للحوم,,ملحمة ساروجة للحوم,العليا,بلدية,بلدية العليا,True,False,لا يوجد,,0,,,False,none,,0,False
Data 2025.xlsx,7197,2025-05-08,2025-05,2025-W19,2,3,raw-0431-r01,Raw-0431-R01,فخذ غنم نعيمي,لحوم نيئة مبردة ومجمدة (Raw meat Cold or chilled ),Raw meat Cold or chilled,لحوم نيئة مبردة ومجمدة (Raw meat Cold or chilled ),raw_meat,ملحمة ساروجة للحوم,ملحمة ساروجة للحوم,,ملحمة ساروجة للحوم,العليا,بلدية,بلدية العليا,True,False,لا يوجد,,0,,,False,none,,0,False
Data 2025.xlsx,7198,2025-05-08,2025-05,2025-W19,2,3,raw-0432-r01,Raw-0432-R01,قلب غنم نعيمي,لحوم نيئة مبردة ومجمدة (Raw meat Cold or chilled ),Raw meat Cold or chilled,لحوم نيئة مبردة ومجمدة (Raw meat Cold or chilled ),raw_meat,ملحمة ساروجة للحوم,ملحمة ساروجة للحوم,,ملحمة ساروجة للحوم,العليا,بلدية,بلدية العليا,True,False,لا يوجد,,0,,,False,none,,0,False
Data 2025.xlsx,7199,2025-05-08,2025-05,2025-W19,2,3,raw-0433-r01,Raw-0433-R01,كلوة غنم نعيمي,لحوم نيئة مبردة ومجمدة (Raw meat Cold or chilled ),Raw meat Cold or chilled,لحوم نيئة مبردة ومجمدة (Raw meat Cold or chilled ),raw_meat,ملحمة ساروجة للحوم,ملحمة ساروجة للحوم,,ملحمة ساروجة للحوم,العليا,بلدية,بلدية العليا,True,False,لا يوجد,,0,,,False,none,,0,False
Data 2025.xlsx,7237,2025-05-08,2025-05,2025-W19,2,3,raw-0434-r01,Raw-0434-R01,كباب لحم ني,لحوم نيئة مبردة ومجمدة (Raw meat Cold or chilled ),Raw meat Cold or chilled,لحوم نيئة مبردة ومجمدة (Raw meat Cold or chilled ),raw_meat,كانون القرية - حي قرطبة,كانون القرية,حي قرطبة,كانون القرية - حي قرطبة,الروضة,بلدية,بلدية الروضة,False,True,السالمونيلا | استافيلوكوكس اورياس,السالمونيلا | استافيلوكوكس اورياس,2,السالمونيلا | استافيلوكوكس اورياس,,True,multi_pathogen,,7,True
Data 2025.xlsx,7200,2025-05-08,2025-05,2025-W19,2,3,raw-0435-r01,Raw-0435-R01,كبدة غنم نعيمي,لحوم نيئة مبردة ومجمدة (Raw meat Cold or chilled ),Raw meat Cold or chilled,لحوم نيئة مبردة ومجمدة (Raw meat Cold or chilled ),raw_meat,ملحمة ساروجة للحوم,ملحمة ساروجة للحوم,,ملحمة ساروجة للحوم,العليا,بلدية,بلدية العليا,True,False,لا يوجد,,0,,,False,none,,0,False
Data 2025.xlsx,7208,2025-05-08,2025-05,2025-W19,2,3,sal-1519-r01,Sal-1519-R01,سلطة زبادي خيار,السلطة(Salad),Salad,السلطة(Salad),produce,مطعم حكاية الشواية - حي قرطبة,مطعم حكاية الشواية,حي قرطبة,مطعم حكاية الشواية - حي قرطبة,الروضة,بلدية,بلدية الروضة,True,False,لا يوجد,,0,,,False,none,,0,False
Data 2025.xlsx,7209,2025-05-08,2025-05,2025-W19,2,3,sal-1520-r01,Sal-1520-R01,سلطة سومطرا,السلطة(Salad),Salad,السلطة(Salad),produce,مطعم حكاية الشواية - حي قرطبة,مطعم حكاية الشواية,حي قرطبة,مطعم حكاية الشواية - حي قرطبة,الروضة,بلدية,بلدية الروضة,True,False,لا يوجد,,0,,,False,none,,0,False
Data 2025.xlsx,7210,2025-05-08,2025-05,2025-W19,2,3,sal-1521-r01,Sal-1521-R01,سلطة حمراء حارة,السلطة(Salad),Salad,السلطة(Salad),produce,مطعم حكاية الشواية - حي قرطبة,مطعم حكاية الشواية,حي قرطبة,مطعم حكاية الشواية - حي قرطبة,الروضة,بلدية,بلدية الروضة,True,False,لا يوجد,,0,,,False,none,,0,False
Data 2025.xlsx,7211,2025-05-08,2025-05,2025-W19,2,3,sal-1522-r01,Sal-1522-R01,سلطة بصل وليمون,السلطة(Salad),Salad,السلطة(Salad),produce,مطعم حكاية الشواية - حي قرطبة,مطعم حكاية الشواية,حي قرطبة,مطعم حكاية الشواية - حي قرطبة,الروضة,بلدية,بلدية الروضة,True,False,لا يوجد,,0,,,False,none,,0,False
Data 2025.xlsx,7218,2025-05-08,2025-05,2025-W19,2,3,sal-1523-r01,Sal-1523-R01,سلطة خيار وفجل,السلطة(Salad),Salad,السلطة(Salad),produce,كانون القرية - حي قرطبة,كانون القرية,حي قرطبة,كانون القرية - حي قرطبة,الروضة,بلدية,بلدية الروضة,False,True,استافيلوكوكس اورياس,استافيلوكوكس اورياس,1,استافيلوكوكس اورياس,,True,pathogen,,2,True
Data 2025.xlsx,7238,2025-05-08,2025-05,2025-W19,2,3,sal-1524-r01,Sal-1524-R01,سلطة زبادي بالخيار,السلطة(Salad),Salad,السلطة(Salad),produce,بيراديز - حي قرطبة,بيراديز,حي قرطبة,بيراديز - حي قرطبة,الروضة,بلدية,بلدية الروضة,True,False,لا يوجد,,0,,,False,none,,0,False
Data 2025.xlsx,7231,2025-05-08,2025-05,2025-W19,2,3,sau-2097-r01,sau-2097-R01,صوص تبولة,صوص (sauce),sauce,صوص (sauce),sauce_condiment,كانون القرية - حي قرطبة,كانون القرية,حي قرطبة,كانون القرية - حي قرطبة,الروضة,بلدية,بلدية الروضة,False,True,السالمونيلا | الخمائر والاعفان,السالمونيلا | الخمائر والاعفان,2,السالمونيلا,الخمائر والاعفان,True,pathogen,,6,True
Data 2025.xlsx,7232,2025-05-08,2025-05,2025-W19,2,3,sau-2098-r01,sau-2098-R01,صوص سيزر,صوص (sauce),sauce,صوص (sauce),sauce_condiment,كانون القرية - حي قرطبة,كانون القرية,حي قرطبة,كانون القرية - حي قرطبة,الروضة,بلدية,بلدية الروضة,True,False,لا يوجد,,0,,,False,none,,6,True
Data 2025.xlsx,7233,2025-05-08,2025-05,2025-W19,2,3,sau-2099-r01,sau-2099-R01,صوص ثوم,صوص (sauce),sauce,صوص (sauce),sauce_condiment,كانون القرية - حي قرطبة,كانون القرية,حي قرطبة,كانون القرية - حي قرطبة,الروضة,بلدية,بلدية الروضة,True,False,لا يوجد,,0,,,False,none,,6,True
Data 2025.xlsx,7234,2025-05-08,2025-05,2025-W19,2,3,sau-2100-r01,sau-2100-R01,صوص كاتشب,صوص (sauce),sauce,صوص (sauce),sauce_condiment,كانون القرية - حي قرطبة,كانون القرية,حي قرطبة,كانون القرية - حي قرطبة,الروضة,بلدية,بلدية الروضة,True,False,لا يوجد,,0,,,False,none,,6,True
Data 2025.xlsx,7243,2025-05-08,2025-05,2025-W19,2,3,sau-2101-r01,sau-2101-R01,صوص سيزر سلط,صوص (sauce),sauce,صوص (sauce),sauce_condiment,بيراديز - حي قرطبة,بيراديز,حي قرطبة,بيراديز - حي قرطبة,الروضة,بلدية,بلدية الروضة,True,False,لا يوجد,,0,,,False,none,,1,False
Data 2025.xlsx,7244,2025-05-08,2025-05,2025-W19,2,3,sau-2102-r01,sau-2102-R01,صوص سبايسي,صوص (sauce),sauce,صوص (sauce),sauce_condiment,بيراديز - حي قرطبة,بيراديز,حي قرطبة,بيراديز - حي قرطبة,الروضة,بلدية,بلدية الروضة,True,False,لا يوجد,,0,,,False,none,,1,False
Data 2025.xlsx,7245,2025-05-08,2025-05,2025-W19,2,3,sau-2103-r01,sau-2103-R01,صوص ثوم مع كاتشب,صوص (sauce),sauce,صوص (sauce),sauce_condiment,بيراديز - حي قرطبة,بيراديز,حي قرطبة,بيراديز - حي قرطبة,الروضة,بلدية,بلدية الروضة,True,False,لا يوجد,,0,,,False,none,,1,False
Data 2025.xlsx,7246,2025-05-08,2025-05,2025-W19,2,3,sau-2104-r01,sau-2104-R01,صوص كاتشب,صوص (sauce),sauce,صوص (sauce),sauce_condiment,بيراديز - حي قرطبة,بيراديز,حي قرطبة,بيراديز - حي قرطبة,الروضة,بلدية,بلدية الروضة,True,False,لا يوجد,,0,,,False,none,,1,False
Data 2025.xlsx,7247,2025-05-08,2025-05,2025-W19,2,3,sau-2105-r01,sau-2105-R01,صوص تمر هندي,صوص (sauce),sauce,صوص (sauce),sauce_condiment,بيراديز - حي قرطبة,بيراديز,حي قرطبة,بيراديز - حي قرطبة,الروضة,بلدية,بلدية الروضة,True,False,لا يوجد,,0,,,False,none,,1,False
Data 2025.xlsx,7248,2025-05-08,2025-05,2025-W19,2,3,sau-2106-r01,sau-2106-R01,صوص سلطة جبن,صوص (sauce),sauce,صوص (sauce),sauce_condiment,بيراديز - حي قرطبة,بيراديز,حي قرطبة,بيراديز - حي قرطبة,الروضة,بلدية,بلدية الروضة,True,False,لا يوجد,,0,,,False,none,,1,False
Data 2025.xlsx,7249,2025-05-08,2025-05,2025-W19,2,3,sau-2107-r01,sau-2107-R01,صوص نعناع,صوص (sauce),sauce,صوص (sauce),sauce_condiment,بيراديز - حي قرطبة,بيراديز,حي قرطبة,بيراديز - حي قرطبة,الروضة,بلدية,بلدية الروضة,True,False,لا يوجد,,0,,,False,none,,1,False
Data 2025.xlsx,7250,2025-05-08,2025-05,2025-W19,2,3,sau-2108-r01,sau-2108-R01,صوص زبادي بالنعاع,صوص (sauce),sauce,صوص (sauce),sauce_condiment,بيراديز - حي قرطبة,بيراديز,حي قرطبة,بيراديز - حي قرطبة,الروضة,بلدية,بلدية الروضة,True,False,لا يوجد,,0,,,False,none,,1,False
Data 2025.xlsx,7251,2025-05-08,2025-05,2025-W19,2,3,sau-2109-r01,sau-2109-R01,صوص زعفران مع زبادي,صوص (sauce),sauce,صوص (sauce),sauce_condiment,بيراديز - حي قرطبة,بيراديز,حي قرطبة,بيراديز - حي قرطبة,الروضة,بلدية,بلدية الروضة,False,True,العد الكلي للبكتيريا,العد الكلي للبكتيريا,1,,العد الكلي للبكتيريا,False,indicator_only,,2,True
Data 2025.xlsx,7252,2025-05-08,2025-05,2025-W19,2,3,sau-2110-r01,sau-2110-R01,صوص زبادي مع شمندر,صوص (sauce),sauce,صوص (sauce),sauce_condiment,بيراديز - حي قرطبة,بيراديز,حي قرطبة,بيراديز - حي قرطبة,الروضة,بلدية,بلدية الروضة,False,True,العد الكلي للبكتيريا,العد الكلي للبكتيريا,1,,العد الكلي للبكتيريا,False,indicator_only,,3,True
Data 2025.xlsx,7253,2025-05-08,2025-05,2025-W19,2,3,sau-2111-r01,sau-2111-R01,صوص فلفل زبادي,صوص (sauce),sauce,صوص (sauce),sauce_condiment,بيراديز - حي قرطبة,بيراديز,حي قرطبة,بيراديز - حي قرطبة,الروضة,بلدية,بلدية الروضة,False,True,العد الكلي للبكتيريا,العد الكلي للبكتيريا,1,,العد الكلي للبكتيريا,False,indicator_only,,4,True
Data 2025.xlsx,7254,2025-05-08,2025-05,2025-W19,2,3,sau-2112-r01,sau-2112-R01,صوص كريمة,صوص (sauce),sauce,صوص (sauce),sauce_condiment,بيراديز - حي قرطبة,بيراديز,حي قرطبة,بيراديز - حي قرطبة,الروضة,بلدية,بلدية الروضة,False,True,العد الكلي للبكتيريا,العد الكلي للبكتيريا,1,,العد الكلي للبكتيريا,False,indicator_only,,5,True
Data 2025.xlsx,7255,2025-05-08,2025-05,2025-W19,2,3,sau-2113-r01,sau-2113-R01,صوص بيبر,صوص (sauce),sauce,صوص (sauce),sauce_condiment,بيراديز - حي قرطبة,بيراديز,حي قرطبة,بيراديز - حي قرطبة,الروضة,بلدية,بلدية الروضة,False,True,العد الكلي للبكتيريا,العد الكلي للبكتيريا,1,,العد الكلي للبكتيريا,False,indicator_only,,6,True
Data 2025.xlsx,7256,2025-05-08,2025-05,2025-W19,2,3,sau-2114-r01,sau-2114-R01,صوص شمندر,صوص (sauce),sauce,صوص (sauce),sauce_condiment,بيراديز - حي قرطبة,بيراديز,حي قرطبة,بيراديز - حي قرطبة,الروضة,بلدية,بلدية الروضة,False,True,العد الكلي للبكتيريا,العد الكلي للبكتيريا,1,,العد الكلي للبكتيريا,False,indicator_only,,7,True
Data 2025.xlsx,7214,2025-05-08,2025-05,2025-W19,2,3,sw-3409-r01,sw-3409-R01,مسحة ادوات تحضير,(Swabs) المسحات,Swabs,(Swabs) المسحات,swab,مطعم حكاية الشواية - حي قرطبة,مطعم حكاية الشواية,حي قرطبة,مطعم حكاية الشواية - حي قرطبة,الروضة,بلدية,بلدية الروضة,True,False,لا يوجد,,0,,,False,none,,1,False
Data 2025.xlsx,7215,2025-05-08,2025-05,2025-W19,2,3,sw-3410-r01,sw-3410-R01,مسحة سخان دجاج نص استواء,(Swabs) المسحات,Swabs,(Swabs) المسحات,swab,مطعم حكاية الشواية - حي قرطبة,مطعم حكاية الشواية,حي قرطبة,مطعم حكاية الشواية - حي قرطبة,الروضة,بلدية,بلدية الروضة,True,False,لا يوجد,,0,,,False,none,,1,False
Data 2025.xlsx,7257,2025-05-08,2025-05,2025-W19,2,3,sw-3411-r01,sw-3411-R01,مسحة طاولة تقطيع خبز,(Swabs) المسحات,Swabs,(Swabs) المسحات,swab,بيراديز - حي قرطبة,بيراديز,حي قرطبة,بيراديز - حي قرطبة,الروضة,بلدية,بلدية الروضة,False,True,العد الكلي للبكتيريا,العد الكلي للبكتيريا,1,,العد الكلي للبكتيريا,False,indicator_only,,8,True
Data 2025.xlsx,7258,2025-05-08,2025-05,2025-W19,2,3,sw-3412-r01,sw-3412-R01,مسحة طاولة تقطيع فواكه,(Swabs) المسحات,Swabs,(Swabs) المسحات,swab,بيراديز - حي قرطبة,بيراديز,حي قرطبة,بيراديز - حي قرطبة,الروضة,بلدية,بلدية الروضة,False,True,العد الكلي للبكتيريا,العد الكلي للبكتيريا,1,,العد الكلي للبكتيريا,False,indicator_only,,9,True
Data 2025.xlsx,7259,2025-05-08,2025-05,2025-W19,2,3,sw-3413-r01,sw-3413-R01,مسحة صانعة ثلج,(Swabs) المسحات,Swabs,(Swabs) المسحات,swab,بيراديز - حي قرطبة,بيراديز,حي قرطبة,بيراديز - حي قرطبة,الروضة,بلدية,بلدية الروضة,False,True,العد الكلي للبكتيريا,العد الكلي للبكتيريا,1,,العد الكلي للبكتيريا,False,indicator_only,,10,True
Data 2025.xlsx,7213,2025-05-08,2025-05,2025-W19,2,3,sweet-1328-r01,sweet-1328-R01,كريم كراميل,الحلا(sweetness),sweetness,الحلا(sweetness),sweets_bakery,مطعم حكاية الشواية - حي قرطبة,مطعم حكاية الشواية,حي قرطبة,مطعم حكاية الشواية - حي قرطبة,الروضة,بلدية,بلدية الروضة,True,False,لا يوجد,,0,,,False,none,,1,False
Data 2025.xlsx,4407,2025-05-13,2025-05,2025-W20,2,1,1-3004-R01,1-3004-R01,صلصة طماطم,صلصه(salsa),salsa,صلصه(salsa),sauce_condiment,قيف مي فايف - حي النخيل,قيف مي فايف,حي النخيل,قيف مي فايف - حي النخيل,المعذر,بلدية,بلدية المعذر,True,False,لا يوجد,,0,,,False,none,date_parsed_from_text,1,False
Data 2025.xlsx,4378,2025-05-13,2025-05,2025-W20,2,1,O-U-po-0194-R01,O-U-po-0194-R01,حب رمان,الرمان (pomegranate),pomegranate,الرمان (pomegranate),produce,مطعم بي كرم - حي النخيل,مطعم بي كرم,حي النخيل,مطعم بي كرم - حي النخيل,المعذر,بلدية,بلدية المعذر,True,False,لا يوجد,,0,,,False,none,date_parsed_from_text,2,True
Data 2025.xlsx,4368,2025-05-13,2025-05,2025-W20,2,1,O-U-to-0619-R01,O-U-to-0619-R01,قطع طماطم,الطماطم (Tomatoes),Tomatoes,الطماطم (Tomatoes),produce,مطعم دوز اليندا - حي النخيل,مطعم دوز اليندا,حي النخيل,مطعم دوز اليندا - حي النخيل,المعذر,بلدية,بلدية المعذر,False,True,استافيلوكوكس اورياس,استافيلوكوكس اورياس,1,استافيلوكوكس اورياس,,True,pathogen,date_parsed_from_text,3,True
Data 2025.xlsx,4370,2025-05-13,2025-05,2025-W20,2,1,O-r-O3-le-0339-R01,O-r-O3-le-0339-R01,خس,الخس (Lettuce),Lettuce,الخس (Lettuce),produce,مطعم دوز اليندا - حي النخيل,مطعم دوز اليندا,حي النخيل,مطعم دوز اليندا - حي النخيل,المعذر,بلدية,بلدية المعذر,False,True,استافيلوكوكس اورياس,استافيلوكوكس اورياس,1,استافيلوكوكس اورياس,,True,pathogen,date_parsed_from_text,4,True
Data 2025.xlsx,4379,2025-05-13,2025-05,2025-W20,2,1,O-r-O3-le-0340-R01,O-r-O3-le-0340-R01,خس بي بي جم,الخس (Lettuce),Lettuce,الخس (Lettuce),produce,مطعم بي كرم - حي النخيل,مطعم بي كرم,حي النخيل,مطعم بي كرم - حي النخيل,المعذر,بلدية,بلدية المعذر,True,False,لا يوجد,,0,,,False,none,date_parsed_from_text,2,True
Data 2025.xlsx,4392,2025-05-13,2025-05,2025-W20,2,1,O-r-O3-le-0341-R01,O-r-O3-le-0341-R01,خس,الخس (Lettuce),Lettuce,الخس (Lettuce),produce,مسكوف - حي النخيل,مسكوف,حي النخيل,مسكوف - حي النخيل,المعذر,بلدية,بلدية المعذر,False,True,استافيلوكوكس اورياس,استافيلوكوكس اورياس,1,استافيلوكوكس اورياس,,True,pathogen,date_parsed_from_text,4,True
Data 2025.xlsx,4369,2025-05-13,2025-05,2025-W20,2,1,O-r-U-cu-0240-R01,O-r-U-cu-0240-R01,قطع خيار,الخيار (cucumbers),cucumbers,الخيار (cucumbers),produce,مطعم دوز اليندا - حي النخيل,مطعم دوز اليندا,حي النخيل,مطعم دوز اليندا - حي النخيل,المعذر,بلدية,بلدية المعذر,True,False,لا يوجد,,0,,,False,none,date_parsed_from_text,3,True
Data 2025.xlsx,4391,2025-05-13,2025-05,2025-W20,2,1,OOu-on-0482-R01,OOu-on-0482-R01,بصل اخضر,البصل (onions),onions,البصل (onions),produce,مسكوف - حي النخيل,مسكوف,حي النخيل,مسكوف - حي النخيل,المعذر,بلدية,بلدية المعذر,False,True,استافيلوكوكس اورياس,استافيلوكوكس اورياس,1,استافيلوكوكس اورياس,,True,pathogen,date_parsed_from_text,3,True
Data 2025.xlsx,4372,2025-05-13,2025-05,2025-W20,2,1,UU-le-0422-R01,UU-le-0422-R01,قطع ليمون,الليمون (Lemons),Lemons,الليمون (Lemons),produce,مطعم دوز اليندا - حي النخيل,مطعم دوز اليندا,حي النخيل,مطعم دوز اليندا - حي النخيل,المعذر,بلدية,بلدية المعذر,True,False,لا يوجد,,0,,,False,none,date_parsed_from_text,5,True
Data 2025.xlsx,4371,2025-05-13,2025-05,2025-W20,2,1,appe-0458-r01,Appe-0458-R01,حمص,مقبلات (Appetizers),Appetizers,مقبلات (Appetizers),prepared_meal,مطعم دوز اليندا - حي النخيل,مطعم دوز اليندا,حي النخيل,مطعم دوز اليندا - حي النخيل,المعذر,بلدية,بلدية المعذر,False,True,العد الكلي للبكتيريا,العد الكلي للبكتيريا,1,,العد الكلي للبكتيريا,False,indicator_only,date_parsed_from_text,5,True
Data 2025.xlsx,4377,2025-05-13,2025-05,2025-W20,2,1,appe-0459-r01,Appe-0459-R01,متبل,مقبلات (Appetizers),Appetizers,مقبلات (Appetizers),prepared_meal,مطعم بي كرم - حي النخيل,مطعم بي كرم,حي النخيل,مطعم بي كرم - حي النخيل,المعذر,بلدية,بلدية المعذر,False,True,العد الكلي للبكتيريا,العد الكلي للبكتيريا,1,,العد الكلي للبكتيريا,False,indicator_only,date_parsed_from_text,2,True
Data 2025.xlsx,4402,2025-05-13,2025-05,2025-W20,2,1,appe-0460-r01,Appe-0460-R01,متيل,مقبلات (Appetizers),Appetizers,مقبلات (Appetizers),prepared_meal,قيف مي فايف - حي النخيل,قيف مي فايف,حي النخيل,قيف مي فايف - حي النخيل,المعذر,بلدية,بلدية المعذر,True,False,لا يوجد,,0,,,False,none,date_parsed_from_text,0,False
Data 2025.xlsx,4403,2025-05-13,2025-05,2025-W20,2,1,appe-0461-r01,Appe-0461-R01,شمندر,مقبلات (Appetizers),Appetizers,مقبلات (Appetizers),prepared_meal,قيف مي فايف - حي النخيل,قيف مي فايف,حي النخيل,قيف مي فايف - حي النخيل,المعذر,بلدية,بلدية المعذر,True,False,لا يوجد,,0,,,False,none,date_parsed_from_text,0,False
Data 2025.xlsx,4404,2025-05-13,2025-05,2025-W20,2,1,appe-0462-r01,Appe-0462-R01,حمص,مقبلات (Appetizers),Appetizers,مقبلات (Appetizers),prepared_meal,قيف مي فايف - حي النخيل,قيف مي فايف,حي النخيل,قيف مي فايف - حي النخيل,المعذر,بلدية,بلدية المعذر,True,False,لا يوجد,,0,,,False,none,date_parsed_from_text,0,False
Data 2025.xlsx,4411,2025-05-13,2025-05,2025-W20,2,1,cm-0103-r01,Cm-0103-R01,شاورما لحم,اللحوم المطبوخة (Cooked meat),Cooked meat,اللحوم المطبوخة (Cooked meat),cooked_meat_poultry,قيف مي فايف - حي النخيل,قيف مي فايف,حي النخيل,قيف مي فايف - حي النخيل,المعذر,بلدية,بلدية المعذر,False,True,العد الكلي للبكتيريا,العد الكلي للبكتيريا,1,,العد الكلي للبكتيريا,False,indicator_only,date_parsed_from_text,4,True
Data 2025.xlsx,4410,2025-05-13,2025-05,2025-W20,2,1,co-0505-r01,co-0505-R01,شاورما دجاج,الدجاج المطبوخ (Cooked chicken),Cooked chicken,الدجاج المطبوخ (Cooked chicken),cooked_meat_poultry,قيف مي فايف - حي النخيل,قيف مي فايف,حي النخيل,قيف مي فايف - حي النخيل,المعذر,بلدية,بلدية المعذر,True,False,لا يوجد,,0,,,False,none,date_parsed_from_text,3,True
Data 2025.xlsx,4409,2025-05-13,2025-05,2025-W20,2,1,hs-0307-r01,HS-0307-R01,شطة حارة,الشطة (Hot sauce),Hot sauce,الشطة (Hot sauce),sauce_condiment,قيف مي فايف - حي النخيل,قيف مي فايف,حي النخيل,قيف مي فايف - حي النخيل,المعذر,بلدية,بلدية المعذر,False,True,العد الكلي للبكتيريا | استافيلوكوكس اورياس,العد الكلي للبكتيريا | استافيلوكوكس اورياس,2,استافيلوكوكس اورياس,العد الكلي للبكتيريا,True,pathogen,date_parsed_from_text,3,True
Data 2025.xlsx,4401,2025-05-13,2025-05,2025-W20,2,1,jui-0438-r01,jui-0438-R01,عصير برتقال فريش,العصائر الطازجة Un-pasteurized juices (fresh),fresh,العصائر الطازجة Un-pasteurized juices (fresh),beverage,تندرلوين - حي النخيل,تندرلوين,حي النخيل,تندرلوين - حي النخيل,المعذر,بلدية,بلدية المعذر,True,False,لا يوجد,,0,,,False,none,date_parsed_from_text,5,True
Data 2025.xlsx,4406,2025-05-13,2025-05,2025-W20,2,1,pick-0417-r01,Pick-0417-R01,مخلل خيار,المخلل (Pickle),Pickle,المخلل (Pickle),sauce_condiment,قيف مي فايف - حي النخيل,قيف مي فايف,حي النخيل,قيف مي فايف - حي النخيل,المعذر,بلدية,بلدية المعذر,True,False,لا يوجد,,0,,,False,none,date_parsed_from_text,1,False
Data 2025.xlsx,4363,2025-05-13,2025-05,2025-W20,2,1,po-0116-r01,po-0116-R01,كباب دجاج (ني),الدجاج (Poultry),Poultry,الدجاج (Poultry),cooked_meat_poultry,قصر الشوق,قصر الشوق,,قصر الشوق,المعذر,بلدية,بلدية المعذر,False,True,العد الكلي للبكتيريا,العد الكلي للبكتيريا,1,,العد الكلي للبكتيريا,False,indicator_only,date_parsed_from_text,1,False
Data 2025.xlsx,4361,2025-05-13,2025-05,2025-W20,2,1,raw-0186-r01,Raw-0186-R01,لحم فخذ خروف كيني,لحوم نيئة مبردة ومجمدة (Raw meat Cold or chilled ),Raw meat Cold or chilled,لحوم نيئة مبردة ومجمدة (Raw meat Cold or chilled ),raw_meat,ملحمة الشامخ,ملحمة الشامخ,,ملحمة الشامخ,الشمال,بلدية,بلدية الشمال,True,False,لا يوجد,,0,,,False,none,date_parsed_from_text,0,False
Data 2025.xlsx,4362,2025-05-13,2025-05,2025-W20,2,1,raw-0187-r01,Raw-0187-R01,لحم رجل عجل,لحوم نيئة مبردة ومجمدة (Raw meat Cold or chilled ),Raw meat Cold or chilled,لحوم نيئة مبردة ومجمدة (Raw meat Cold or chilled ),raw_meat,ملحمة الشامخ,ملحمة الشامخ,,ملحمة الشامخ,الشمال,بلدية,بلدية الشمال,True,False,لا يوجد,,0,,,False,none,date_parsed_from_text,0,False
Data 2025.xlsx,4384,2025-05-13,2025-05,2025-W20,2,1,raw-0188-r01,Raw-0188-R01,لحم ريش,لحوم نيئة مبردة ومجمدة (Raw meat Cold or chilled ),Raw meat Cold or chilled,لحوم نيئة مبردة ومجمدة (Raw meat Cold or chilled ),raw_meat,مطعم بي كرم - حي النخيل,مطعم بي كرم,حي النخيل,مطعم بي كرم - حي النخيل,المعذر,بلدية,بلدية المعذر,True,False,لا يوجد,,0,,,False,none,date_parsed_from_text,2,True
Data 2025.xlsx,4390,2025-05-13,2025-05,2025-W20,2,1,sal-1342-r01,Sal-1342-R01,سلطة مشاوي,السلطة(Salad),Salad,السلطة(Salad),produce,مسكوف - حي النخيل,مسكوف,حي النخيل,مسكوف - حي النخيل,المعذر,بلدية,بلدية المعذر,False,True,استافيلوكوكس اورياس,استافيلوكوكس اورياس,1,استافيلوكوكس اورياس,,True,pathogen,date_parsed_from_text,2,True
Data 2025.xlsx,4405,2025-05-13,2025-05,2025-W20,2,1,sal-1343-r01,Sal-1343-R01,سلطة خضراء,السلطة(Salad),Salad,السلطة(Salad),produce,قيف مي فايف - حي النخيل,قيف مي فايف,حي النخيل,قيف مي فايف - حي النخيل,المعذر,بلدية,بلدية المعذر,False,True,استافيلوكوكس اورياس,استافيلوكوكس اورياس,1,استافيلوكوكس اورياس,,True,pathogen,date_parsed_from_text,1,False
Data 2025.xlsx,4364,2025-05-13,2025-05,2025-W20,2,1,sau-1697-r01,sau-1697-R01,صوص بطاطس حارة,صوص (sauce),sauce,صوص (sauce),sauce_condiment,مطعم دوز اليندا - حي النخيل,مطعم دوز اليندا,حي النخيل,مطعم دوز اليندا - حي النخيل,المعذر,بلدية,بلدية المعذر,True,False,لا يوجد,,0,,,False,none,date_parsed_from_text,0,False
Data 2025.xlsx,4365,2025-05-13,2025-05,2025-W20,2,1,sau-1698-r01,sau-1698-R01,صوص دبس,صوص (sauce),sauce,صوص (sauce),sauce_condiment,مطعم دوز اليندا - حي النخيل,مطعم دوز اليندا,حي النخيل,مطعم دوز اليندا - حي النخيل,المعذر,بلدية,بلدية المعذر,True,False,لا يوجد,,0,,,False,none,date_parsed_from_text,0,False
Data 2025.xlsx,4366,2025-05-13,2025-05,2025-W20,2,1,sau-1699-r01,sau-1699-R01,صوص ليمون,صوص (sauce),sauce,صوص (sauce),sauce_condiment,مطعم دوز اليندا - حي النخيل,مطعم دوز اليندا,حي النخيل,مطعم دوز اليندا - حي النخيل,المعذر,بلدية,بلدية المعذر,False,True,العد الكلي للبكتيريا,العد الكلي للبكتيريا,1,,العد الكلي للبكتيريا,False,indicator_only,date_parsed_from_text,1,False
Data 2025.xlsx,4367,2025-05-13,2025-05,2025-W20,2,1,sau-1700-r01,sau-1700-R01,صوص كوكتيل,صوص (sauce),sauce,صوص (sauce),sauce_condiment,مطعم دوز اليندا - حي النخيل,مطعم دوز اليندا,حي النخيل,مطعم دوز اليندا - حي النخيل,المعذر,بلدية,بلدية المعذر,False,True,العد الكلي للبكتيريا,العد الكلي للبكتيريا,1,,العد الكلي للبكتيريا,False,indicator_only,date_parsed_from_text,2,True
Data 2025.xlsx,4380,2025-05-13,2025-05,2025-W20,2,1,sau-1701-r01,sau-1701-R01,صوص دبس الرمان (فتوش),صوص (sauce),sauce,صوص (sauce),sauce_condiment,مطعم بي كرم - حي النخيل,مطعم بي كرم,حي النخيل,مطعم بي كرم - حي النخيل,المعذر,بلدية,بلدية المعذر,True,False,لا يوجد,,0,,,False,none,date_parsed_from_text,2,True
Data 2025.xlsx,4381,2025-05-13,2025-05,2025-W20,2,1,sau-1702-r01,sau-1702-R01,صوص ليمون (لتبوله),صوص (sauce),sauce,صوص (sauce),sauce_condiment,مطعم بي كرم - حي النخيل,مطعم بي كرم,حي النخيل,مطعم بي كرم - حي النخيل,المعذر,بلدية,بلدية المعذر,True,False,لا يوجد,,0,,,False,none,date_parsed_from_text,2,True
Data 2025.xlsx,4382,2025-05-13,2025-05,2025-W20,2,1,sau-1703-r01,sau-1703-R01,صوص ماسترد,صوص (sauce),sauce,صوص (sauce),sauce_condiment,مطعم بي كرم - حي النخيل,مطعم بي كرم,حي النخيل,مطعم بي كرم - حي النخيل,المعذر,بلدية,بلدية المعذر,True,False,لا يوجد,,0,,,False,none,date_parsed_from_text,2,True
Data 2025.xlsx,4383,2025-05-13,2025-05,2025-W20,2,1,sau-1704-r01,sau-1704-R01,صوص بلسميك,صوص (sauce),sauce,صوص (sauce),sauce_condiment,مطعم بي كرم - حي النخيل,مطعم بي كرم,حي النخيل,مطعم بي كرم - حي النخيل,المعذر,بلدية,بلدية المعذر,True,False,لا يوجد,,0,,,False,none,date_parsed_from_text,2,True
Data 2025.xlsx,4385,2025-05-13,2025-05,2025-W20,2,1,sau-1705-r01,sau-1705-R01,صوص كوكتيل سبايسي,صوص (sauce),sauce,صوص (sauce),sauce_condiment,مسكوف - حي النخيل,مسكوف,حي النخيل,مسكوف - حي النخيل,المعذر,بلدية,بلدية المعذر,False,True,انتيروباكتريسي,انتيروباكتريسي,1,,انتيروباكتريسي,False,indicator_only,date_parsed_from_text,1,False
Data 2025.xlsx,4386,2025-05-13,2025-05,2025-W20,2,1,sau-1706-r01,sau-1706-R01,صوص تبولة,صوص (sauce),sauce,صوص (sauce),sauce_condiment,مسكوف - حي النخيل,مسكوف,حي النخيل,مسكوف - حي النخيل,المعذر,بلدية,بلدية المعذر,True,False,لا يوجد,,0,,,False,none,date_parsed_from_text,1,False
Data 2025.xlsx,4387,2025-05-13,2025-05,2025-W20,2,1,sau-1707-r01,sau-1707-R01,صوص مكوف سلط,صوص (sauce),sauce,صوص (sauce),sauce_condiment,مسكوف - حي النخيل,مسكوف,حي النخيل,مسكوف - حي النخيل,المعذر,بلدية,بلدية المعذر,True,False,لا يوجد,,0,,,False,none,date_parsed_from_text,1,False
Data 2025.xlsx,4388,2025-05-13,2025-05,2025-W20,2,1,sau-1708-r01,sau-1708-R01,صوص دبس الرمان,صوص (sauce),sauce,صوص (sauce),sauce_condiment,مسكوف - حي النخيل,مسكوف,حي النخيل,مسكوف - حي النخيل,المعذر,بلدية,بلدية المعذر,True,False,لا يوجد,,0,,,False,none,date_parsed_from_text,1,False
Data 2025.xlsx,4389,2025-05-13,2025-05,2025-W20,2,1,sau-1709-r01,sau-1709-R01,صوص فتوش,صوص (sauce),sauce,صوص (sauce),sauce_condiment,مسكوف - حي النخيل,مسكوف,حي النخيل,مسكوف - حي النخيل,المعذر,بلدية,بلدية المعذر,True,False,لا يوجد,,0,,,False,none,date_parsed_from_text,1,False
Data 2025.xlsx,4393,2025-05-13,2025-05,2025-W20,2,1,sau-1710-r01,sau-1710-R01,صوص بلي قريب,صوص (sauce),sauce,صوص (sauce),sauce_condiment,تندرلوين - حي النخيل,تندرلوين,حي النخيل,تندرلوين - حي النخيل,المعذر,بلدية,بلدية المعذر,False,True,العد الكلي للبكتيريا,العد الكلي للبكتيريا,1,,العد الكلي للبكتيريا,False,indicator_only,date_parsed_from_text,1,False
Data 2025.xlsx,4394,2025-05-13,2025-05,2025-W20,2,1,sau-1711-r01,sau-1711-R01,صوص سبايسي,صوص (sauce),sauce,صوص (sauce),sauce_condiment,تندرلوين - حي النخيل,تندرلوين,حي النخيل,تندرلوين - حي النخيل,المعذر,بلدية,بلدية المعذر,False,True,العد الكلي للبكتيريا,العد الكلي للبكتيريا,1,,العد الكلي للبكتيريا,False,indicator_only,date_parsed_from_text,2,True
Data 2025.xlsx,4395,2025-05-13,2025-05,2025-W20,2,1,sau-1712-r01,sau-1712-R01,صوص مايونيز سبايسي,صوص (sauce),sauce,صوص (sauce),sauce_condiment,تندرلوين - حي النخيل,تندرلوين,حي النخيل,تندرلوين - حي النخيل,المعذر,بلدية,بلدية المعذر,True,False,لا يوجد,,0,,,False,none,date_parsed_from_text,2,True
Data 2025.xlsx,4396,2025-05-13,2025-05,2025-W20,2,1,sau-1713-r01,sau-1713-R01,صوص باربكيو,صوص (sauce),sauce,صوص (sauce),sauce_condiment,تندرلوين - حي النخيل,تندرلوين,حي النخيل,تندرلوين - حي النخيل,المعذر,بلدية,بلدية المعذر,True,False,لا يوجد,,0,,,False,none,date_parsed_from_text,2,True
Data 2025.xlsx,4397,2025-05-13,2025-05,2025-W20,2,1,sau-1714-r01,sau-1714-R01,صوص برجر,صوص (sauce),sauce,صوص (sauce),sauce_condiment,تندرلوين - حي النخيل,تندرلوين,حي النخيل,تندرلوين - حي النخيل,المعذر,بلدية,بلدية المعذر,False,True,العد الكلي للبكتيريا,العد الكلي للبكتيريا,1,,العد الكلي للبكتيريا,False,indicator_only,date_parsed_from_text,3,True
Data 2025.xlsx,4398,2025-05-13,2025-05,2025-W20,2,1,sau-1715-r01,sau-1715-R01,صوص رانش,صوص (sauce),sauce,صوص (sauce),sauce_condiment,تندرلوين - حي النخيل,تندرلوين,حي النخيل,تندرلوين - حي النخيل,المعذر,بلدية,بلدية المعذر,False,True,العد الكلي للبكتيريا,العد الكلي للبكتيريا,1,,العد الكلي للبكتيريا,False,indicator_only,date_parsed_from_text,4,True
Data 2025.xlsx,4408,2025-05-13,2025-05,2025-W20,2,1,sau-1716-r01,sau-1716-R01,صوص ثوم حار,صوص (sauce),sauce,صوص (sauce),sauce_condiment,قيف مي فايف - حي النخيل,قيف مي فايف,حي النخيل,قيف مي فايف - حي النخيل,المعذر,بلدية,بلدية المعذر,False,True,العد الكلي للبكتيريا,العد الكلي للبكتيريا,1,,العد الكلي للبكتيريا,False,indicator_only,date_parsed_from_text,2,True
Data 2025.xlsx,4373,2025-05-13,2025-05,2025-W20,2,1,sw-3041-r01,sw-3041-R01,مسحة ثلاجة مقبلات,(Swabs) المسحات,Swabs,(Swabs) المسحات,swab,مطعم دوز اليندا - حي النخيل,مطعم دوز اليندا,حي النخيل,مطعم دوز اليندا - حي النخيل,المعذر,بلدية,بلدية المعذر,True,False,لا يوجد,,0,,,False,none,date_parsed_from_text,5,True
Data 2025.xlsx,4374,2025-05-13,2025-05,2025-W20,2,1,sw-3042-r01,sw-3042-R01,مسحة ثلاجة سلطات,(Swabs) المسحات,Swabs,(Swabs) المسحات,swab,مطعم دوز اليندا - حي النخيل,مطعم دوز اليندا,حي النخيل,مطعم دوز اليندا - حي النخيل,المعذر,بلدية,بلدية المعذر,True,False,لا يوجد,,0,,,False,none,date_parsed_from_text,5,True
Data 2025.xlsx,4375,2025-05-13,2025-05,2025-W20,2,1,sw-3043-r01,sw-3043-R01,مسحة طاولة تقطيع خضار,(Swabs) المسحات,Swabs,(Swabs) المسحات,swab,مطعم دوز اليندا - حي النخيل,مطعم دوز اليندا,حي النخيل,مطعم دوز اليندا - حي النخيل,المعذر,بلدية,بلدية المعذر,False,True,العد الكلي للبكتيريا,العد الكلي للبكتيريا,1,,العد الكلي للبكتيريا,False,indicator_only,date_parsed_from_text,6,True
Data 2025.xlsx,4376,2025-05-13,2025-05,2025-W20,2,1,sw-3044-r01,sw-3044-R01,مسحة يد,(Swabs) المسحات,Swabs,(Swabs) المسحات,swab,مطعم بي كرم - حي النخيل,مطعم بي كرم,حي النخيل,مطعم بي كرم - حي النخيل,المعذر,بلدية,بلدية المعذر,False,True,العد الكلي للبكتيريا,العد الكلي للبكتيريا,1,,العد الكلي للبكتيريا,False,indicator_only,date_parsed_from_text,1,False
Data 2025.xlsx,4399,2025-05-13,2025-05,2025-W20,2,1,sw-3045-r01,sw-3045-R01,مسحة طاولة تقطيع ستيك مطبوخ,(Swabs) المسحات,Swabs,(Swabs) المسحات,swab,تندرلوين - حي النخيل,تندرلوين,حي النخيل,تندرلوين - حي النخيل,المعذر,بلدية,بلدية المعذر,False,True,العد الكلي للبكتيريا,العد الكلي للبكتيريا,1,,العد الكلي للبكتيريا,False,indicator_only,date_parsed_from_text,5,True
Data 2025.xlsx,4400,2025-05-13,2025-05,2025-W20,2,1,sw-3046-r01,sw-3046-R01,مسحة صانة ثلج,(Swabs) المسحات,Swabs,(Swabs) المسحات,swab,تندرلوين - حي النخيل,تندرلوين,حي النخيل,تندرلوين - حي النخيل,المعذر,بلدية,بلدية المعذر,True,False,لا يوجد,,0,,,False,none,date_parsed_from_text,5,True
Data 2025.xlsx,4412,2025-05-13,2025-05,2025-W20,2,1,sw-3047-r01,sw-3047-R01,مسحة طاولة تقطيع شاورما,(Swabs) المسحات,Swabs,(Swabs) المسحات,swab,قيف مي فايف - حي النخيل,قيف مي فايف,حي النخيل,قيف مي فايف - حي النخيل,المعذر,بلدية,بلدية المعذر,True,False,لا يوجد,,0,,,False,none,date_parsed_from_text,4,True
Data 2025.xlsx,4424,2025-05-17,2025-05,2025-W20,2,5,1-3012-R01,1-3012-R01,رز برياني,الارز ( rice),rice,الارز ( rice),prepared_meal,مطعم اسمي - حي اليرموك,مطعم اسمي,حي اليرموك,مطعم اسمي - حي اليرموك,الروضة,بلدية,بلدية الروضة,True,False,لا يوجد,,0,,,False,none,date_parsed_from_text,1,False
Data 2025.xlsx,4430,2025-05-17,2025-05,2025-W20,2,5,1-3013-R01,1-3013-R01,صلصة حارة سومطرة صوص,صلصه(salsa),salsa,صلصه(salsa),sauce_condiment,مطعم اسمي - حي اليرموك,مطعم اسمي,حي اليرموك,مطعم اسمي - حي اليرموك,الروضة,بلدية,بلدية الروضة,False,True,العد الكلي للبكتيريا,العد الكلي للبكتيريا,1,,العد الكلي للبكتيريا,False,indicator_only,date_parsed_from_text,4,True
Data 2025.xlsx,4444,2025-05-17,2025-05,2025-W20,2,5,1-3014-R01,1-3014-R01,رز صيادية,الارز ( rice),rice,الارز ( rice),prepared_meal,شركة مطاعم بحرية - حي اليرموك,شركة مطاعم بحرية,حي اليرموك,شركة مطاعم بحرية - حي اليرموك,الروضة,بلدية,بلدية الروضة,True,False,لا يوجد,,0,,,False,none,date_parsed_from_text,5,True
Data 2025.xlsx,4452,2025-05-17,2025-05,2025-W20,2,5,O-U-po-0195-R01,O-U-po-0195-R01,حب الرمان,الرمان (pomegranate),pomegranate,الرمان (pomegranate),produce,مطعم توابل هندية - حي اليرموك,مطعم توابل هندية,حي اليرموك,مطعم توابل هندية - حي اليرموك,الروضة,بلدية,بلدية الروضة,True,False,لا يوجد,,0,,,False,none,date_parsed_from_text,2,True
Data 2025.xlsx,4476,2025-05-17,2025-05,2025-W20,2,5,O-U-to-0621-R01,O-U-to-0621-R01,شرائح طماطم,الطماطم (Tomatoes),Tomatoes,الطماطم (Tomatoes),produce,,,,,الروضة,بلدية,بلدية الروضة,True,False,لا يوجد,,0,,,False,none,date_parsed_from_text,0,False
Data 2025.xlsx,4446,2025-05-17,2025-05,2025-W20,2,5,O-r-O3-le-0343-R01,O-r-O3-le-0343-R01,خس قطع,الخس (Lettuce),Lettuce,الخس (Lettuce),produce,مطعم توابل هندية - حي اليرموك,مطعم توابل هندية,حي اليرموك,مطعم توابل هندية - حي اليرموك,الروضة,بلدية,بلدية الروضة,False,True,استافيلوكوكس اورياس,استافيلوكوكس اورياس,1,استافيلوكوكس اورياس,,True,pathogen,date_parsed_from_text,1,False
Data 2025.xlsx,4445,2025-05-17,2025-05,2025-W20,2,5,O-r-U-cu-0242-R01,O-r-U-cu-0242-R01,خيار قطع,الخيار (cucumbers),cucumbers,الخيار (cucumbers),produce,مطعم توابل هندية - حي اليرموك,مطعم توابل هندية,حي اليرموك,مطعم توابل هندية - حي اليرموك,الروضة,بلدية,بلدية الروضة,True,False,لا يوجد,,0,,,False,none,date_parsed_from_text,0,False
Data 2025.xlsx,4459,2025-05-17,2025-05,2025-W20,2,5,OO-OSS-po-0391-R01,OO-OSS-po-0391-R01,شبس بابر,البطاطس (potatoes),potatoes,البطاطس (potatoes),produce,مطعم توابل هندية - حي اليرموك,مطعم توابل هندية,حي اليرموك,مطعم توابل هندية - حي اليرموك,الروضة,بلدية,بلدية الروضة,True,False,لا يوجد,,0,,,False,none,date_parsed_from_text,5,True
Data 2025.xlsx,4428,2025-05-17,2025-05,2025-W20,2,5,OOu-on-0484-R01,OOu-on-0484-R01,بصل اخضر,البصل (onions),onions,البصل (onions),produce,مطعم اسمي - حي اليرموك,مطعم اسمي,حي اليرموك,مطعم اسمي - حي اليرموك,الروضة,بلدية,بلدية الروضة,True,False,لا يوجد,,0,,,False,none,date_parsed_from_text,3,True
Data 2025.xlsx,4426,2025-05-17,2025-05,2025-W20,2,5,UO2-co-0154-R01,UO2-co-0154-R01,كزبرة,الكزبرة (coriander),coriander,الكزبرة (coriander),produce,مطعم اسمي - حي اليرموك,مطعم اسمي,حي اليرموك,مطعم اسمي - حي اليرموك,الروضة,بلدية,بلدية الروضة,False,True,استافيلوكوكس اورياس,استافيلوكوكس اورياس,1,استافيلوكوكس اورياس,,True,pathogen,date_parsed_from_text,2,True
Data 2025.xlsx,4427,2025-05-17,2025-05,2025-W20,2,5,UU-ca-0108-R01,UU-ca-0108-R01,ملفوف وجزر,الملفوف (cabbage),cabbage,الملفوف (cabbage),produce,مطعم اسمي - حي اليرموك,مطعم اسمي,حي اليرموك,مطعم اسمي - حي اليرموك,الروضة,بلدية,بلدية الروضة,False,True,استافيلوكوكس اورياس,استافيلوكوكس اورياس,1,استافيلوكوكس اورياس,,True,pathogen,date_parsed_from_text,3,True
Data 2025.xlsx,4438,2025-05-17,2025-05,2025-W20,2,5,appe-0463-r01,Appe-0463-R01,متبل,مقبلات (Appetizers),Appetizers,مقبلات (Appetizers),prepared_meal,شركة مطاعم بحرية - حي اليرموك,شركة مطاعم بحرية,حي اليرموك,شركة مطاعم بحرية - حي اليرموك,الروضة,بلدية,بلدية الروضة,True,False,لا يوجد,,0,,,False,none,date_parsed_from_text,3,True
Data 2025.xlsx,4475,2025-05-17,2025-05,2025-W20,2,5,chee-0729-r01,Chee-0729-R01,جبن شيدر,(cheese) جبنة,cheese,(cheese) جبنة,dairy,,,,,الروضة,بلدية,بلدية الروضة,True,False,لا يوجد,,0,,,False,none,date_parsed_from_text,0,False
Data 2025.xlsx,4425,2025-05-17,2025-05,2025-W20,2,5,cm-0104-r01,Cm-0104-R01,ايدام لحم,اللحوم المطبوخة (Cooked meat),Cooked meat,اللحوم المطبوخة (Cooked meat),cooked_meat_poultry,مطعم اسمي - حي اليرموك,مطعم اسمي,حي اليرموك,مطعم اسمي - حي اليرموك,الروضة,بلدية,بلدية الروضة,True,False,لا يوجد,,0,,,False,none,date_parsed_from_text,1,False
Data 2025.xlsx,4421,2025-05-17,2025-05,2025-W20,2,5,co-0506-r01,co-0506-R01,ايدام دجاج,الدجاج المطبوخ (Cooked chicken),Cooked chicken,الدجاج المطبوخ (Cooked chicken),cooked_meat_poultry,مطعم اسمي - حي اليرموك,مطعم اسمي,حي اليرموك,مطعم اسمي - حي اليرموك,الروضة,بلدية,بلدية الروضة,True,False,لا يوجد,,0,,,False,none,date_parsed_from_text,1,False
Data 2025.xlsx,4423,2025-05-17,2025-05,2025-W20,2,5,co-0507-r01,co-0507-R01,دجاج مقلقل,الدجاج المطبوخ (Cooked chicken),Cooked chicken,الدجاج المطبوخ (Cooked chicken),cooked_meat_poultry,مطعم اسمي - حي اليرموك,مطعم اسمي,حي اليرموك,مطعم اسمي - حي اليرموك,الروضة,بلدية,بلدية الروضة,True,False,لا يوجد,,0,,,False,none,date_parsed_from_text,1,False
Data 2025.xlsx,4439,2025-05-17,2025-05,2025-W20,2,5,fish-0190-r01,fish-0190-R01,جمبري وسط (بحر),Fish/fish product(الاسماك / منتجات الاسماك),fish product,Fish/fish product(الاسماك / منتجات الاسماك),cooked_meat_poultry,شركة مطاعم بحرية - حي اليرموك,شركة مطاعم بحرية,حي اليرموك,شركة مطاعم بحرية - حي اليرموك,الروضة,بلدية,بلدية الروضة,True,False,لا يوجد,,0,,,False,none,date_parsed_from_text,3,True
Data 2025.xlsx,4440,2025-05-17,2025-05,2025-W20,2,5,fish-0191-r01,fish-0191-R01,كابوريا,Fish/fish product(الاسماك / منتجات الاسماك),fish product,Fish/fish product(الاسماك / منتجات الاسماك),cooked_meat_poultry,شركة مطاعم بحرية - حي اليرموك,شركة مطاعم بحرية,حي اليرموك,شركة مطاعم بحرية - حي اليرموك,الروضة,بلدية,بلدية الروضة,True,False,لا يوجد,,0,,,False,none,date_parsed_from_text,3,True
Data 2025.xlsx,4422,2025-05-17,2025-05,2025-W20,2,5,gcv-0220-r01,GCV-0220-R01,ايدام خضار مشكل,الخضار المشوية و المطبوخة,,الخضار المشوية و المطبوخة,cooked_meat_poultry,مطعم اسمي - حي اليرموك,مطعم اسمي,حي اليرموك,مطعم اسمي - حي اليرموك,الروضة,بلدية,بلدية الروضة,True,False,لا يوجد,,0,,,False,none,date_parsed_from_text,1,False
Data 2025.xlsx,4413,2025-05-17,2025-05,2025-W20,2,5,raw-0191-r01,Raw-0191-R01,لحم رجل بقر بلدي,لحوم نيئة مبردة ومجمدة (Raw meat Cold or chilled ),Raw meat Cold or chilled,لحوم نيئة مبردة ومجمدة (Raw meat Cold or chilled ),raw_meat,وسم وثمار,وسم وثمار,,وسم وثمار,الشمال,بلدية,بلدية الشمال,True,False,لا يوجد,,0,,,False,none,date_parsed_from_text,0,False
Data 2025.xlsx,4414,2025-05-17,2025-05,2025-W20,2,5,raw-0192-r01,Raw-0192-R01,كلية من نفس البقر,لحوم نيئة مبردة ومجمدة (Raw meat Cold or chilled ),Raw meat Cold or chilled,لحوم نيئة مبردة ومجمدة (Raw meat Cold or chilled ),raw_meat,وسم وثمار,وسم وثمار,,وسم وثمار,الشمال,بلدية,بلدية الشمال,True,False,لا يوجد,,0,,,False,none,date_parsed_from_text,0,False
Data 2025.xlsx,4415,2025-05-17,2025-05,2025-W20,2,5,raw-0193-r01,Raw-0193-R01,لحم رجل نعيمي بلدي,لحوم نيئة مبردة ومجمدة (Raw meat Cold or chilled ),Raw meat Cold or chilled,لحوم نيئة مبردة ومجمدة (Raw meat Cold or chilled ),raw_meat,وسم وثمار,وسم وثمار,,وسم وثمار,الشمال,بلدية,بلدية الشمال,True,False,لا يوجد,,0,,,False,none,date_parsed_from_text,0,False
Data 2025.xlsx,4416,2025-05-17,2025-05,2025-W20,2,5,raw-0194-r01,Raw-0194-R01,كلية نعيمي من خروف اخر,لحوم نيئة مبردة ومجمدة (Raw meat Cold or chilled ),Raw meat Cold or chilled,لحوم نيئة مبردة ومجمدة (Raw meat Cold or chilled ),raw_meat,وسم وثمار,وسم وثمار,,وسم وثمار,الشمال,بلدية,بلدية الشمال,False,True,العد الكلي للبكتيريا,العد الكلي للبكتيريا,1,,العد الكلي للبكتيريا,False,indicator_only,date_parsed_from_text,1,False
Data 2025.xlsx,4417,2025-05-17,2025-05,2025-W20,2,5,raw-0195-r01,Raw-0195-R01,كبدة نعيمي من خروف اخر,لحوم نيئة مبردة ومجمدة (Raw meat Cold or chilled ),Raw meat Cold or chilled,لحوم نيئة مبردة ومجمدة (Raw meat Cold or chilled ),raw_meat,وسم وثمار,وسم وثمار,,وسم وثمار,الشمال,بلدية,بلدية الشمال,False,True,العد الكلي للبكتيريا,العد الكلي للبكتيريا,1,,العد الكلي للبكتيريا,False,indicator_only,date_parsed_from_text,2,True
Data 2025.xlsx,4418,2025-05-17,2025-05,2025-W20,2,5,raw-0196-r01,Raw-0196-R01,قلب نعيمي من خروف اخر,لحوم نيئة مبردة ومجمدة (Raw meat Cold or chilled ),Raw meat Cold or chilled,لحوم نيئة مبردة ومجمدة (Raw meat Cold or chilled ),raw_meat,وسم وثمار,وسم وثمار,,وسم وثمار,الشمال,بلدية,بلدية الشمال,False,True,العد الكلي للبكتيريا,العد الكلي للبكتيريا,1,,العد الكلي للبكتيريا,False,indicator_only,date_parsed_from_text,3,True
Data 2025.xlsx,4419,2025-05-17,2025-05,2025-W20,2,5,raw-0197-r01,Raw-0197-R01,لحم رجل حاشي بلدي,لحوم نيئة مبردة ومجمدة (Raw meat Cold or chilled ),Raw meat Cold or chilled,لحوم نيئة مبردة ومجمدة (Raw meat Cold or chilled ),raw_meat,وسم وثمار,وسم وثمار,,وسم وثمار,الشمال,بلدية,بلدية الشمال,False,True,العد الكلي للبكتيريا,العد الكلي للبكتيريا,1,,العد الكلي للبكتيريا,False,indicator_only,date_parsed_from_text,4,True
Data 2025.xlsx,4435,2025-05-17,2025-05,2025-W20,2,5,sal-1344-r01,Sal-1344-R01,سلطة حمراء حارة,السلطة(Salad),Salad,السلطة(Salad),produce,شركة مطاعم بحرية - حي اليرموك,شركة مطاعم بحرية,حي اليرموك,شركة مطاعم بحرية - حي اليرموك,الروضة,بلدية,بلدية الروضة,False,True,استافيلوكوكس اورياس,استافيلوكوكس اورياس,1,استافيلوكوكس اورياس,,True,pathogen,date_parsed_from_text,3,True
Data 2025.xlsx,4437,2025-05-17,2025-05,2025-W20,2,5,sal-1345-r01,Sal-1345-R01,سلطة خضراء,السلطة(Salad),Salad,السلطة(Salad),produce,شركة مطاعم بحرية - حي اليرموك,شركة مطاعم بحرية,حي اليرموك,شركة مطاعم بحرية - حي اليرموك,الروضة,بلدية,بلدية الروضة,True,False,لا يوجد,,0,,,False,none,date_parsed_from_text,3,True
Data 2025.xlsx,4447,2025-05-17,2025-05,2025-W20,2,5,sal-1346-r01,Sal-1346-R01,سلطة زبادي بالخيار,السلطة(Salad),Salad,السلطة(Salad),produce,مطعم توابل هندية - حي اليرموك,مطعم توابل هندية,حي اليرموك,مطعم توابل هندية - حي اليرموك,الروضة,بلدية,بلدية الروضة,True,False,لا يوجد,,0,,,False,none,date_parsed_from_text,1,False
Data 2025.xlsx,4420,2025-05-17,2025-05,2025-W20,2,5,sau-1719-r01,sau-1719-R01,صوص دجاج,صوص (sauce),sauce,صوص (sauce),sauce_condiment,مطعم اسمي - حي اليرموك,مطعم اسمي,حي اليرموك,مطعم اسمي - حي اليرموك,الروضة,بلدية,بلدية الروضة,False,True,العد الكلي للبكتيريا | استافيلوكوكس اورياس,العد الكلي للبكتيريا | استافيلوكوكس اورياس,2,استافيلوكوكس اورياس,العد الكلي للبكتيريا,True,pathogen,date_parsed_from_text,1,False
Data 2025.xlsx,4429,2025-05-17,2025-05,2025-W20,2,5,sau-1720-r01,sau-1720-R01,صوص كاتشب,صوص (sauce),sauce,صوص (sauce),sauce_condiment,مطعم اسمي - حي اليرموك,مطعم اسمي,حي اليرموك,مطعم اسمي - حي اليرموك,الروضة,بلدية,بلدية الروضة,True,False,لا يوجد,,0,,,False,none,date_parsed_from_text,3,True
Data 2025.xlsx,4436,2025-05-17,2025-05,2025-W20,2,5,sau-1721-r01,sau-1721-R01,صوص حمر,صوص (sauce),sauce,صوص (sauce),sauce_condiment,شركة مطاعم بحرية - حي اليرموك,شركة مطاعم بحرية,حي اليرموك,شركة مطاعم بحرية - حي اليرموك,الروضة,بلدية,بلدية الروضة,True,False,لا يوجد,,0,,,False,none,date_parsed_from_text,3,True
Data 2025.xlsx,4448,2025-05-17,2025-05,2025-W20,2,5,sau-1722-r01,sau-1722-R01,صوص نعناع,صوص (sauce),sauce,صوص (sauce),sauce_condiment,مطعم توابل هندية - حي اليرموك,مطعم توابل هندية,حي اليرموك,مطعم توابل هندية - حي اليرموك,الروضة,بلدية,بلدية الروضة,True,False,لا يوجد,,0,,,False,none,date_parsed_from_text,1,False
Data 2025.xlsx,4449,2025-05-17,2025-05,2025-W20,2,5,sau-1723-r01,sau-1723-R01,صوص مخلل,صوص (sauce),sauce,صوص (sauce),sauce_condiment,مطعم توابل هندية - حي اليرموك,مطعم توابل هندية,حي اليرموك,مطعم توابل هندية - حي اليرموك,الروضة,بلدية,بلدية الروضة,True,False,لا يوجد,,0,,,False,none,date_parsed_from_text,1,False
Data 2025.xlsx,4450,2025-05-17,2025-05,2025-W20,2,5,sau-1724-r01,sau-1724-R01,صوص فهيتا,صوص (sauce),sauce,صوص (sauce),sauce_condiment,مطعم توابل هندية - حي اليرموك,مطعم توابل هندية,حي اليرموك,مطعم توابل هندية - حي اليرموك,الروضة,بلدية,بلدية الروضة,False,True,العد الكلي للبكتيريا | الخمائر والاعفان,العد الكلي للبكتيريا | الخمائر والاعفان,2,,العد الكلي للبكتيريا | الخمائر والاعفان,False,indicator_only,date_parsed_from_text,2,True
Data 2025.xlsx,4451,2025-05-17,2025-05,2025-W20,2,5,sau-1725-r01,sau-1725-R01,صوص دبس الرمان,صوص (sauce),sauce,صوص (sauce),sauce_condiment,مطعم توابل هندية - حي اليرموك,مطعم توابل هندية,حي اليرموك,مطعم توابل هندية - حي اليرموك,الروضة,بلدية,بلدية الروضة,True,False,لا يوجد,,0,,,False,none,date_parsed_from_text,2,True
Data 2025.xlsx,4453,2025-05-17,2025-05,2025-W20,2,5,sau-1726-r01,sau-1726-R01,صوص زعفران,صوص (sauce),sauce,صوص (sauce),sauce_condiment,مطعم توابل هندية - حي اليرموك,مطعم توابل هندية,حي اليرموك,مطعم توابل هندية - حي اليرموك,الروضة,بلدية,بلدية الروضة,False,True,العد الكلي للبكتيريا | استافيلوكوكس اورياس,العد الكلي للبكتيريا | استافيلوكوكس اورياس,2,استافيلوكوكس اورياس,العد الكلي للبكتيريا,True,pathogen,date_parsed_from_text,3,True
Data 2025.xlsx,4464,2025-05-17,2025-05,2025-W20,2,5,sau-1727-r01,sau-1727-R01,صوص ماسترد بول,صوص (sauce),sauce,صوص (sauce),sauce_condiment,,,,,الروضة,بلدية,بلدية الروضة,False,True,العد الكلي للبكتيريا,العد الكلي للبكتيريا,1,,العد الكلي للبكتيريا,False,indicator_only,date_parsed_from_text,0,False
Data 2025.xlsx,4465,2025-05-17,2025-05,2025-W20,2,5,sau-1728-r01,sau-1728-R01,صوص ماسترد,صوص (sauce),sauce,صوص (sauce),sauce_condiment,,,,,الروضة,بلدية,بلدية الروضة,False,True,العد الكلي للبكتيريا,العد الكلي للبكتيريا,1,,العد الكلي للبكتيريا,False,indicator_only,date_parsed_from_text,0,False
Data 2025.xlsx,4466,2025-05-17,2025-05,2025-W20,2,5,sau-1729-r01,sau-1729-R01,صوص قود يسي,صوص (sauce),sauce,صوص (sauce),sauce_condiment,,,,,الروضة,بلدية,بلدية الروضة,False,True,العد الكلي للبكتيريا | انتيروباكتريسي,العد الكلي للبكتيريا | انتيروباكتريسي,2,,العد الكلي للبكتيريا | انتيروباكتريسي,False,indicator_only,date_parsed_from_text,0,False
Data 2025.xlsx,4467,2025-05-17,2025-05,2025-W20,2,5,sau-1730-r01,sau-1730-R01,صوص مايو سموكي,صوص (sauce),sauce,صوص (sauce),sauce_condiment,,,,,الروضة,بلدية,بلدية الروضة,False,True,العد الكلي للبكتيريا | انتيروباكتريسي | الخمائر والاعفان,العد الكلي للبكتيريا | انتيروباكتريسي | الخمائر والاعفان,3,,العد الكلي للبكتيريا | انتيروباكتريسي | الخمائر والاعفان,False,indicator_only,date_parsed_from_text,0,False
Data 2025.xlsx,4468,2025-05-17,2025-05,2025-W20,2,5,sau-1731-r01,sau-1731-R01,صوص رانش,صوص (sauce),sauce,صوص (sauce),sauce_condiment,,,,,الروضة,بلدية,بلدية الروضة,False,True,العد الكلي للبكتيريا | انتيروباكتريسي,العد الكلي للبكتيريا | انتيروباكتريسي,2,,العد الكلي للبكتيريا | انتيروباكتريسي,False,indicator_only,date_parsed_from_text,0,False
Data 2025.xlsx,4469,2025-05-17,2025-05,2025-W20,2,5,sau-1732-r01,sau-1732-R01,صوص باربكيو,صوص (sauce),sauce,صوص (sauce),sauce_condiment,,,,,الروضة,بلدية,بلدية الروضة,True,False,لا يوجد,,0,,,False,none,date_parsed_from_text,0,False
Data 2025.xlsx,4470,2025-05-17,2025-05,2025-W20,2,5,sau-1733-r01,sau-1733-R01,صوص كاتشب,صوص (sauce),sauce,صوص (sauce),sauce_condiment,,,,,الروضة,بلدية,بلدية الروضة,True,False,لا يوجد,,0,,,False,none,date_parsed_from_text,0,False
Data 2025.xlsx,4471,2025-05-17,2025-05,2025-W20,2,5,sau-1734-r01,sau-1734-R01,صوص بيقن مايو,صوص (sauce),sauce,صوص (sauce),sauce_condiment,,,,,الروضة,بلدية,بلدية الروضة,False,True,العد الكلي للبكتيريا | استافيلوكوكس اورياس,العد الكلي للبكتيريا | استافيلوكوكس اورياس,2,استافيلوكوكس اورياس,العد الكلي للبكتيريا,True,pathogen,date_parsed_from_text,0,False
Data 2025.xlsx,4472,2025-05-17,2025-05,2025-W20,2,5,sau-1735-r01,sau-1735-R01,صوص سويت تشيلي,صوص (sauce),sauce,صوص (sauce),sauce_condiment,,,,,الروضة,بلدية,بلدية الروضة,False,True,العد الكلي للبكتيريا | انتيروباكتريسي | ايشيريشيا كولاي | الخمائر والاعفان,العد الكلي للبكتيريا | انتيروباكتريسي | ايشيريشيا كولاي | الخمائر والاعفان,4,ايشيريشيا كولاي,العد الكلي للبكتيريا | انتيروباكتريسي | الخمائر والاعفان,True,pathogen,date_parsed_from_text,0,False
Data 2025.xlsx,4473,2025-05-17,2025-05,2025-W20,2,5,sau-1736-r01,sau-1736-R01,صوص تشيز,صوص (sauce),sauce,صوص (sauce),sauce_condiment,,,,,الروضة,بلدية,بلدية الروضة,True,False,لا يوجد,,0,,,False,none,date_parsed_from_text,0,False
Data 2025.xlsx,4474,2025-05-17,2025-05,2025-W20,2,5,sau-1737-r01,sau-1737-R01,صوص مايو,صوص (sauce),sauce,صوص (sauce),sauce_condiment,,,,,الروضة,بلدية,بلدية الروضة,True,False,لا يوجد,,0,,,False,none,date_parsed_from_text,0,False
Data 2025.xlsx,4431,2025-05-17,2025-05,2025-W20,2,5,sw-3048-r01,sw-3048-R01,مسحة يد,(Swabs) المسحات,Swabs,(Swabs) المسحات,swab,مطعم اسمي - حي اليرموك,مطعم اسمي,حي اليرموك,مطعم اسمي - حي اليرموك,الروضة,بلدية,بلدية الروضة,False,True,استافيلوكوكس اورياس,استافيلوكوكس اورياس,1,استافيلوكوكس اورياس,,True,pathogen,date_parsed_from_text,5,True
Data 2025.xlsx,4432,2025-05-17,2025-05,2025-W20,2,5,sw-3049-r01,sw-3049-R01,مسحة طاولة تحضير,(Swabs) المسحات,Swabs,(Swabs) المسحات,swab,مطعم اسمي - حي اليرموك,مطعم اسمي,حي اليرموك,مطعم اسمي - حي اليرموك,الروضة,بلدية,بلدية الروضة,False,True,العد الكلي للبكتيريا,العد الكلي للبكتيريا,1,,العد الكلي للبكتيريا,False,indicator_only,date_parsed_from_text,6,True
Data 2025.xlsx,4433,2025-05-17,2025-05,2025-W20,2,5,sw-3050-r01,sw-3050-R01,مسحة عصارة برتقال,(Swabs) المسحات,Swabs,(Swabs) المسحات,swab,مطعم اسمي - حي اليرموك,مطعم اسمي,حي اليرموك,مطعم اسمي - حي اليرموك,الروضة,بلدية,بلدية الروضة,True,False,لا يوجد,,0,,,False,none,date_parsed_from_text,6,True
Data 2025.xlsx,4434,2025-05-17,2025-05,2025-W20,2,5,sw-3051-r01,sw-3051-R01,مسحة صانعة ثلج,(Swabs) المسحات,Swabs,(Swabs) المسحات,swab,مطعم اسمي - حي اليرموك,مطعم اسمي,حي اليرموك,مطعم اسمي - حي اليرموك,الروضة,بلدية,بلدية الروضة,True,False,لا يوجد,,0,,,False,none,date_parsed_from_text,6,True
Data 2025.xlsx,4441,2025-05-17,2025-05,2025-W20,2,5,sw-3052-r01,sw-3052-R01,مسحة ثلاجة اسماك,(Swabs) المسحات,Swabs,(Swabs) المسحات,swab,شركة مطاعم بحرية - حي اليرموك,شركة مطاعم بحرية,حي اليرموك,شركة مطاعم بحرية - حي اليرموك,الروضة,بلدية,بلدية الروضة,True,False,لا يوجد,,0,,,False,none,date_parsed_from_text,3,True
Data 2025.xlsx,4442,2025-05-17,2025-05,2025-W20,2,5,sw-3053-r01,sw-3053-R01,مسحة طاولة تقطيع الاسماك,(Swabs) المسحات,Swabs,(Swabs) المسحات,swab,شركة مطاعم بحرية - حي اليرموك,شركة مطاعم بحرية,حي اليرموك,شركة مطاعم بحرية - حي اليرموك,الروضة,بلدية,بلدية الروضة,False,True,العد الكلي للبكتيريا,العد الكلي للبكتيريا,1,,العد الكلي للبكتيريا,False,indicator_only,date_parsed_from_text,4,True
Data 2025.xlsx,4443,2025-05-17,2025-05,2025-W20,2,5,sw-3054-r01,sw-3054-R01,مسحة عصارة برتقال,(Swabs) المسحات,Swabs,(Swabs) المسحات,swab,شركة مطاعم بحرية - حي اليرموك,شركة مطاعم بحرية,حي اليرموك,شركة مطاعم بحرية - حي اليرموك,الروضة,بلدية,بلدية الروضة,False,True,العد الكلي للبكتيريا,العد الكلي للبكتيريا,1,,العد الكلي للبكتيريا,False,indicator_only,date_parsed_from_text,5,True
Data 2025.xlsx,4460,2025-05-17,2025-05,2025-W20,2,5,sw-3055-r01,sw-3055-R01,مسحة ثاجة الكيك,(Swabs) المسحات,Swabs,(Swabs) المسحات,swab,مطعم توابل هندية - حي اليرموك,مطعم توابل هندية,حي اليرموك,مطعم توابل هندية - حي اليرموك,الروضة,بلدية,بلدية الروضة,True,False,لا يوجد,,0,,,False,none,date_parsed_from_text,5,True
Data 2025.xlsx,4461,2025-05-17,2025-05,2025-W20,2,5,sw-3056-r01,sw-3056-R01,مسحة طاولة تقطيع برتقال,(Swabs) المسحات,Swabs,(Swabs) المسحات,swab,مطعم توابل هندية - حي اليرموك,مطعم توابل هندية,حي اليرموك,مطعم توابل هندية - حي اليرموك,الروضة,بلدية,بلدية الروضة,False,True,العد الكلي للبكتيريا,العد الكلي للبكتيريا,1,,العد الكلي للبكتيريا,False,indicator_only,date_parsed_from_text,6,True
Data 2025.xlsx,4462,2025-05-17,2025-05,2025-W20,2,5,sw-3057-r01,sw-3057-R01,مسحة عصارة برتقال,(Swabs) المسحات,Swabs,(Swabs) المسحات,swab,مطعم توابل هندية - حي اليرموك,مطعم توابل هندية,حي اليرموك,مطعم توابل هندية - حي اليرموك,الروضة,بلدية,بلدية الروضة,True,False,لا يوجد,,0,,,False,none,date_parsed_from_text,6,True
Data 2025.xlsx,4463,2025-05-17,2025-05,2025-W20,2,5,sw-3058-r01,sw-3058-R01,مسحة ثلاجة سلطات,(Swabs) المسحات,Swabs,(Swabs) المسحات,swab,مطعم توابل هندية - حي اليرموك,مطعم توابل هندية,حي اليرموك,مطعم توابل هندية - حي اليرموك,الروضة,بلدية,بلدية الروضة,True,False,لا يوجد,,0,,,False,none,date_parsed_from_text,6,True
Data 2025.xlsx,4477,2025-05-17,2025-05,2025-W20,2,5,sw-3059-r01,sw-3059-R01,مسحة حافظة بطاطس,(Swabs) المسحات,Swabs,(Swabs) المسحات,swab,,,,,الروضة,بلدية,بلدية الروضة,False,True,العد الكلي للبكتيريا,العد الكلي للبكتيريا,1,,العد الكلي للبكتيريا,False,indicator_only,date_parsed_from_text,0,False
Data 2025.xlsx,4478,2025-05-17,2025-05,2025-W20,2,5,sw-3060-r01,sw-3060-R01,مسحة صانعة ثلج,(Swabs) المسحات,Swabs,(Swabs) المسحات,swab,,,,,الروضة,بلدية,بلدية الروضة,False,True,العد الكلي للبكتيريا,العد الكلي للبكتيريا,1,,العد الكلي للبكتيريا,False,indicator_only,date_parsed_from_text,0,False
Data 2025.xlsx,4454,2025-05-17,2025-05,2025-W20,2,5,sweet-1021-r01,sweet-1021-R01,كيك خشخش,الحلا(sweetness),sweetness,الحلا(sweetness),sweets_bakery,مطعم توابل هندية - حي اليرموك,مطعم توابل هندية,حي اليرموك,مطعم توابل هندية - حي اليرموك,الروضة,بلدية,بلدية الروضة,True,False,لا يوجد,,0,,,False,none,date_parsed_from_text,3,True
Data 2025.xlsx,4455,2025-05-17,2025-05,2025-W20,2,5,sweet-1022-r01,sweet-1022-R01,تشيز كيك جالكسي,الحلا(sweetness),sweetness,الحلا(sweetness),sweets_bakery,مطعم توابل هندية - حي اليرموك,مطعم توابل هندية,حي اليرموك,مطعم توابل هندية - حي اليرموك,الروضة,بلدية,بلدية الروضة,True,False,لا يوجد,,0,,,False,none,date_parsed_from_text,3,True
Data 2025.xlsx,4456,2025-05-17,2025-05,2025-W20,2,5,sweet-1023-r01,sweet-1023-R01,تشيز كيك توت,الحلا(sweetness),sweetness,الحلا(sweetness),sweets_bakery,مطعم توابل هندية - حي اليرموك,مطعم توابل هندية,حي اليرموك,مطعم توابل هندية - حي اليرموك,الروضة,بلدية,بلدية الروضة,False,True,العد الكلي للبكتيريا,العد الكلي للبكتيريا,1,,العد الكلي للبكتيريا,False,indicator_only,date_parsed_from_text,4,True
Data 2025.xlsx,4457,2025-05-17,2025-05,2025-W20,2,5,sweet-1024-r01,sweet-1024-R01,كيكة زعفران,الحلا(sweetness),sweetness,الحلا(sweetness),sweets_bakery,مطعم توابل هندية - حي اليرموك,مطعم توابل هندية,حي اليرموك,مطعم توابل هندية - حي اليرموك,الروضة,بلدية,بلدية الروضة,False,True,العد الكلي للبكتيريا,العد الكلي للبكتيريا,1,,العد الكلي للبكتيريا,False,indicator_only,date_parsed_from_text,5,True
Data 2025.xlsx,4458,2025-05-17,2025-05,2025-W20,2,5,sweet-1025-r01,sweet-1025-R01,كيكة عسل,الحلا(sweetness),sweetness,الحلا(sweetness),sweets_bakery,مطعم توابل هندية - حي اليرموك,مطعم توابل هندية,حي اليرموك,مطعم توابل هندية - حي اليرموك,الروضة,بلدية,بلدية الروضة,True,False,لا يوجد,,0,,,False,none,date_parsed_from_text,5,True
Data 2025.xlsx,4479,2025-05-17,2025-05,2025-W20,2,5,ubot-0973-r01,Ubot-0973-R01,مياه حنفية لغسيل الادوات,المياه الغير معبأة (Unbottled water),Unbottled water,المياه الغير معبأة (Unbottled water),water,مطعم اسمي - حي اليرموك,مطعم اسمي,حي اليرموك,مطعم اسمي - حي اليرموك,الروضة,بلدية,بلدية الروضة,False,True,كوليفورم | ايشيريشيا كولاي,كوليفورم | ايشيريشيا كولاي,2,ايشيريشيا كولاي,كوليفورم,True,pathogen,date_parsed_from_text,7,True
Data 2025.xlsx,4510,2025-05-18,2025-05,2025-W20,2,6,1-3017-R01,1-3017-R01,كروسان زعتر,كروسان (croissant),croissant,كروسان (croissant),sweets_bakery,الاقتصادية ماركت - حي اليرموك,الاقتصادية ماركت,حي اليرموك,الاقتصادية ماركت - حي اليرموك,الروضة,بلدية,بلدية الروضة,True,False,لا يوجد,,0,,,False,none,date_parsed_from_text,9,True
Data 2025.xlsx,4511,2025-05-18,2025-05,2025-W20,2,6,1-3018-R01,1-3018-R01,كروسان شوكولاتة,كروسان (croissant),croissant,كروسان (croissant),sweets_bakery,الاقتصادية ماركت - حي اليرموك,الاقتصادية ماركت,حي اليرموك,الاقتصادية ماركت - حي اليرموك,الروضة,بلدية,بلدية الروضة,True,False,لا يوجد,,0,,,False,none,date_parsed_from_text,9,True
Data 2025.xlsx,4512,2025-05-18,2025-05,2025-W20,2,6,1-3019-R01,1-3019-R01,كروسان جبنة مالحة,كروسان (croissant),croissant,كروسان (croissant),sweets_bakery,الاقتصادية ماركت - حي اليرموك,الاقتصادية ماركت,حي اليرموك,الاقتصادية ماركت - حي اليرموك,الروضة,بلدية,بلدية الروضة,False,True,العد الكلي للبكتيريا,العد الكلي للبكتيريا,1,,العد الكلي للبكتيريا,False,indicator_only,date_parsed_from_text,10,True
Data 2025.xlsx,4513,2025-05-18,2025-05,2025-W20,2,6,1-3020-R01,1-3020-R01,كروسان سادة,كروسان (croissant),croissant,كروسان (croissant),sweets_bakery,الاقتصادية ماركت - حي اليرموك,الاقتصادية ماركت,حي اليرموك,الاقتصادية ماركت - حي اليرموك,الروضة,بلدية,بلدية الروضة,False,True,العد الكلي للبكتيريا,العد الكلي للبكتيريا,1,,العد الكلي للبكتيريا,False,indicator_only,date_parsed_from_text,11,True
Data 2025.xlsx,4514,2025-05-18,2025-05,2025-W20,2,6,1-3021-R01,1-3021-R01,شابورة بر,شابورا بر شرايح,,شابورا بر شرايح,other,الاقتصادية ماركت - حي اليرموك,الاقتصادية ماركت,حي اليرموك,الاقتصادية ماركت - حي اليرموك,الروضة,بلدية,بلدية الروضة,False,True,العد الكلي للبكتيريا,العد الكلي للبكتيريا,1,,العد الكلي للبكتيريا,False,indicator_only,date_parsed_from_text|sample_type_unbucketed,12,True
Data 2025.xlsx,4515,2025-05-18,2025-05,2025-W20,2,6,1-3022-R01,1-3022-R01,فطيرة تمر,(Pie) فطيرة,Pie,(Pie) فطيرة,sweets_bakery,الاقتصادية ماركت - حي اليرموك,الاقتصادية ماركت,حي اليرموك,الاقتصادية ماركت - حي اليرموك,الروضة,بلدية,بلدية الروضة,True,False,لا يوجد,,0,,,False,none,date_parsed_from_text,12,True
Data 2025.xlsx,4520,2025-05-18,2025-05,2025-W20,2,6,1-3023-R01,1-3023-R01,فطيرة بيتزا,(Pie) فطيرة,Pie,(Pie) فطيرة,sweets_bakery,الاقتصادية ماركت - حي اليرموك,الاقتصادية ماركت,حي اليرموك,الاقتصادية ماركت - حي اليرموك,الروضة,بلدية,بلدية الروضة,True,False,لا يوجد,,0,,,False,none,date_parsed_from_text,13,True
Data 2025.xlsx,4521,2025-05-18,2025-05,2025-W20,2,6,1-3024-R01,1-3024-R01,فطيرة جبنة مالح بالزيتون,(Pie) فطيرة,Pie,(Pie) فطيرة,sweets_bakery,الاقتصادية ماركت - حي اليرموك,الاقتصادية ماركت,حي اليرموك,الاقتصادية ماركت - حي اليرموك,الروضة,بلدية,بلدية الروضة,True,False,لا يوجد,,0,,,False,none,date_parsed_from_text,13,True
Data 2025.xlsx,4522,2025-05-18,2025-05,2025-W20,2,6,1-3025-R01,1-3025-R01,فطيرة لبنة بالزعتر,(Pie) فطيرة,Pie,(Pie) فطيرة,sweets_bakery,الاقتصادية ماركت - حي اليرموك,الاقتصادية ماركت,حي اليرموك,الاقتصادية ماركت - حي اليرموك,الروضة,بلدية,بلدية الروضة,True,False,لا يوجد,,0,,,False,none,date_parsed_from_text,13,True
Data 2025.xlsx,4547,2025-05-18,2025-05,2025-W20,2,6,1-3026-R01,1-3026-R01,رز شعرية,الارز ( rice),rice,الارز ( rice),prepared_meal,مطعم ملوخية - حي اليرموك,مطعم ملوخية,حي اليرموك,مطعم ملوخية - حي اليرموك,الروضة,بلدية,بلدية الروضة,True,False,لا يوجد,,0,,,False,none,date_parsed_from_text,1,False
Data 2025.xlsx,4523,2025-05-18,2025-05,2025-W20,2,6,300-0002-R01,300-0002-R01,مقرمشات,المكسرات (Nuts),Nuts,المكسرات (Nuts),produce,الاقتصادية ماركت - حي اليرموك,الاقتصادية ماركت,حي اليرموك,الاقتصادية ماركت - حي اليرموك,الروضة,بلدية,بلدية الروضة,True,False,لا يوجد,,0,,,False,none,date_parsed_from_text,13,True
Data 2025.xlsx,4524,2025-05-18,2025-05,2025-W20,2,6,300-0003-R01,300-0003-R01,مقرمشات,المكسرات (Nuts),Nuts,المكسرات (Nuts),produce,الاقتصادية ماركت - حي اليرموك,الاقتصادية ماركت,حي اليرموك,الاقتصادية ماركت - حي اليرموك,الروضة,بلدية,بلدية الروضة,True,False,لا يوجد,,0,,,False,none,date_parsed_from_text,13,True
Data 2025.xlsx,4525,2025-05-18,2025-05,2025-W20,2,6,300-0004-R01,300-0004-R01,مقرمشات,المكسرات (Nuts),Nuts,المكسرات (Nuts),produce,الاقتصادية ماركت - حي اليرموك,الاقتصادية ماركت,حي اليرموك,الاقتصادية ماركت - حي اليرموك,الروضة,بلدية,بلدية الروضة,True,False,لا يوجد,,0,,,False,none,date_parsed_from_text,13,True
Data 2025.xlsx,4541,2025-05-18,2025-05,2025-W20,2,6,300-0005-R01,300-0005-R01,مكسرات فستق مع كاجو,المكسرات (Nuts),Nuts,المكسرات (Nuts),produce,كنافة اصيل النابلسية - حي اليرموك,كنافة اصيل النابلسية,حي اليرموك,كنافة اصيل النابلسية - حي اليرموك,الروضة,بلدية,بلدية الروضة,True,False,لا يوجد,,0,,,False,none,date_parsed_from_text,3,True
Data 2025.xlsx,4558,2025-05-18,2025-05,2025-W20,2,6,O-U-to-0622-R01,O-U-to-0622-R01,قطع طماطم,الطماطم (Tomatoes),Tomatoes,الطماطم (Tomatoes),produce,مطعم فلافل مثمرة - حي اليرموك,مطعم فلافل مثمرة,حي اليرموك,مطعم فلافل مثمرة - حي اليرموك,الروضة,بلدية,بلدية الروضة,True,False,لا يوجد,,0,,,False,none,date_parsed_from_text,4,True
Data 2025.xlsx,4554,2025-05-18,2025-05,2025-W20,2,6,O-r-O3-le-0344-R01,O-r-O3-le-0344-R01,قطع خس,الخس (Lettuce),Lettuce,الخس (Lettuce),produce,مطعم فلافل مثمرة - حي اليرموك,مطعم فلافل مثمرة,حي اليرموك,مطعم فلافل مثمرة - حي اليرموك,الروضة,بلدية,بلدية الروضة,False,True,استافيلوكوكس اورياس,استافيلوكوكس اورياس,1,استافيلوكوكس اورياس,,True,pathogen,date_parsed_from_text,1,False
Data 2025.xlsx,4559,2025-05-18,2025-05,2025-W20,2,6,O-r-U-cu-0243-R01,O-r-U-cu-0243-R01,قطع خيار,الخيار (cucumbers),cucumbers,الخيار (cucumbers),produce,مطعم فلافل مثمرة - حي اليرموك,مطعم فلافل مثمرة,حي اليرموك,مطعم فلافل مثمرة - حي اليرموك,الروضة,بلدية,بلدية الروضة,False,True,استافيلوكوكس اورياس,استافيلوكوكس اورياس,1,استافيلوكوكس اورياس,,True,pathogen,date_parsed_from_text,5,True
Data 2025.xlsx,4563,2025-05-18,2025-05,2025-W20,2,6,OO-OSS-po-0392-R01,OO-OSS-po-0392-R01,بطاطس مقلي,البطاطس (potatoes),potatoes,البطاطس (potatoes),produce,مطعم فلافل مثمرة - حي اليرموك,مطعم فلافل مثمرة,حي اليرموك,مطعم فلافل مثمرة - حي اليرموك,الروضة,بلدية,بلدية الروضة,True,False,لا يوجد,,0,,,False,none,date_parsed_from_text,5,True
Data 2025.xlsx,4494,2025-05-18,2025-05,2025-W20,2,6,OOSS-eg-0340-R01,OOSS-eg-0340-R01,مكدوس باذنجان,الباذنجان (eggplant),eggplant,الباذنجان (eggplant),dairy,الاقتصادية ماركت - حي اليرموك,الاقتصادية ماركت,حي اليرموك,الاقتصادية ماركت - حي اليرموك,الروضة,بلدية,بلدية الروضة,True,False,لا يوجد,,0,,,False,none,date_parsed_from_text,3,True
Data 2025.xlsx,4561,2025-05-18,2025-05,2025-W20,2,6,OOSS-eg-0341-R01,OOSS-eg-0341-R01,باذنجان مقلي,الباذنجان (eggplant),eggplant,الباذنجان (eggplant),dairy,مطعم فلافل مثمرة - حي اليرموك,مطعم فلافل مثمرة,حي اليرموك,مطعم فلافل مثمرة - حي اليرموك,الروضة,بلدية,بلدية الروضة,True,False,لا يوجد,,0,,,False,none,date_parsed_from_text,5,True
Data 2025.xlsx,4555,2025-05-18,2025-05,2025-W20,2,6,OU-pa-0235-R01,OU-pa-0235-R01,قطع بقدونس مع ملفوف,البقدونس (parsley),parsley,البقدونس (parsley),produce,مطعم فلافل مثمرة - حي اليرموك,مطعم فلافل مثمرة,حي اليرموك,مطعم فلافل مثمرة - حي اليرموك,الروضة,بلدية,بلدية الروضة,False,True,استافيلوكوكس اورياس,استافيلوكوكس اورياس,1,استافيلوكوكس اورياس,,True,pathogen,date_parsed_from_text,2,True
Data 2025.xlsx,4560,2025-05-18,2025-05,2025-W20,2,6,appe-0464-r01,Appe-0464-R01,حمص,مقبلات (Appetizers),Appetizers,مقبلات (Appetizers),prepared_meal,مطعم فلافل مثمرة - حي اليرموك,مطعم فلافل مثمرة,حي اليرموك,مطعم فلافل مثمرة - حي اليرموك,الروضة,بلدية,بلدية الروضة,True,False,لا يوجد,,0,,,False,none,date_parsed_from_text,5,True
Data 2025.xlsx,4516,2025-05-18,2025-05,2025-W20,2,6,br-0090-r01,Br-0090-R01,خبز صامولي بالسمسم,الخبـز (Bread),Bread,الخبـز (Bread),sweets_bakery,الاقتصادية ماركت - حي اليرموك,الاقتصادية ماركت,حي اليرموك,الاقتصادية ماركت - حي اليرموك,الروضة,بلدية,بلدية الروضة,True,False,لا يوجد,,0,,,False,none,date_parsed_from_text,12,True
Data 2025.xlsx,4519,2025-05-18,2025-05,2025-W20,2,6,br-0091-r01,Br-0091-R01,خبز مشلتت لبنة بالعسل,الخبـز (Bread),Bread,الخبـز (Bread),sweets_bakery,الاقتصادية ماركت - حي اليرموك,الاقتصادية ماركت,حي اليرموك,الاقتصادية ماركت - حي اليرموك,الروضة,بلدية,بلدية الروضة,False,True,العد الكلي للبكتيريا,العد الكلي للبكتيريا,1,,العد الكلي للبكتيريا,False,indicator_only,date_parsed_from_text,13,True
Data 2025.xlsx,4504,2025-05-18,2025-05,2025-W20,2,6,bri-0297-r01,bri-0297-R01,لبنة مكدوس حارة,لبنة ( brick),brick,لبنة ( brick),dairy,الاقتصادية ماركت - حي اليرموك,الاقتصادية ماركت,حي اليرموك,الاقتصادية ماركت - حي اليرموك,الروضة,بلدية,بلدية الروضة,False,True,الخمائر والاعفان,الخمائر والاعفان,1,,الخمائر والاعفان,False,indicator_only,date_parsed_from_text,8,True
Data 2025.xlsx,4505,2025-05-18,2025-05,2025-W20,2,6,bri-0298-r01,bri-0298-R01,لبنة سادة,لبنة ( brick),brick,لبنة ( brick),dairy,الاقتصادية ماركت - حي اليرموك,الاقتصادية ماركت,حي اليرموك,الاقتصادية ماركت - حي اليرموك,الروضة,بلدية,بلدية الروضة,False,True,الخمائر والاعفان,الخمائر والاعفان,1,,الخمائر والاعفان,False,indicator_only,date_parsed_from_text,9,True
Data 2025.xlsx,4502,2025-05-18,2025-05,2025-W20,2,6,chee-0730-r01,Chee-0730-R01,جبنة مش,(cheese) جبنة,cheese,(cheese) جبنة,dairy,الاقتصادية ماركت - حي اليرموك,الاقتصادية ماركت,حي اليرموك,الاقتصادية ماركت - حي اليرموك,الروضة,بلدية,بلدية الروضة,True,False,لا يوجد,,0,,,False,none,date_parsed_from_text,6,True
Data 2025.xlsx,4553,2025-05-18,2025-05,2025-W20,2,6,eggs-0103-r01,eggs-0103-R01,بيض مسلوق,البيض ومنتجاته ( eggs and products),eggs and products,البيض ومنتجاته ( eggs and products),dairy,مطعم فلافل مثمرة - حي اليرموك,مطعم فلافل مثمرة,حي اليرموك,مطعم فلافل مثمرة - حي اليرموك,الروضة,بلدية,بلدية الروضة,True,False,لا يوجد,,0,,,False,none,date_parsed_from_text,0,False
Data 2025.xlsx,4562,2025-05-18,2025-05,2025-W20,2,6,fala-0062-r01,Fala-0062-R01,فلافل,فلافل( falafil),falafil,فلافل( falafil),sweets_bakery,مطعم فلافل مثمرة - حي اليرموك,مطعم فلافل مثمرة,حي اليرموك,مطعم فلافل مثمرة - حي اليرموك,الروضة,بلدية,بلدية الروضة,True,False,لا يوجد,,0,,,False,none,date_parsed_from_text,5,True
Data 2025.xlsx,4506,2025-05-18,2025-05,2025-W20,2,6,flswe-0062-r01,FlSwe-0062-R01,حلاوة طحينة,حلاوة طحينة( Flour Sweetness),Flour Sweetness,حلاوة طحينة( Flour Sweetness),sauce_condiment,الاقتصادية ماركت - حي اليرموك,الاقتصادية ماركت,حي اليرموك,الاقتصادية ماركت - حي اليرموك,الروضة,بلدية,بلدية الروضة,True,False,لا يوجد,,0,,,False,none,date_parsed_from_text,9,True
Data 2025.xlsx,4564,2025-05-18,2025-05,2025-W20,2,6,gcv-0221-r01,GCV-0221-R01,زهرة مقلي,الخضار المشوية و المطبوخة,,الخضار المشوية و المطبوخة,cooked_meat_poultry,مطعم فلافل مثمرة - حي اليرموك,مطعم فلافل مثمرة,حي اليرموك,مطعم فلافل مثمرة - حي اليرموك,الروضة,بلدية,بلدية الروضة,True,False,لا يوجد,,0,,,False,none,date_parsed_from_text,5,True
Data 2025.xlsx,4499,2025-05-18,2025-05,2025-W20,2,6,hs-0308-r01,HS-0308-R01,شطة حارة,الشطة (Hot sauce),Hot sauce,الشطة (Hot sauce),sauce_condiment,الاقتصادية ماركت - حي اليرموك,الاقتصادية ماركت,حي اليرموك,الاقتصادية ماركت - حي اليرموك,الروضة,بلدية,بلدية الروضة,False,True,العد الكلي للبكتيريا,العد الكلي للبكتيريا,1,,العد الكلي للبكتيريا,False,indicator_only,date_parsed_from_text,6,True
Data 2025.xlsx,4551,2025-05-18,2025-05,2025-W20,2,6,hs-0309-r01,HS-0309-R01,شطة حارة,الشطة (Hot sauce),Hot sauce,الشطة (Hot sauce),sauce_condiment,مطعم فلافل مثمرة - حي اليرموك,مطعم فلافل مثمرة,حي اليرموك,مطعم فلافل مثمرة - حي اليرموك,الروضة,بلدية,بلدية الروضة,True,False,لا يوجد,,0,,,False,none,date_parsed_from_text,0,False
Data 2025.xlsx,4552,2025-05-18,2025-05,2025-W20,2,6,hs-0310-r01,HS-0310-R01,شطة شامية,الشطة (Hot sauce),Hot sauce,الشطة (Hot sauce),sauce_condiment,مطعم فلافل مثمرة - حي اليرموك,مطعم فلافل مثمرة,حي اليرموك,مطعم فلافل مثمرة - حي اليرموك,الروضة,بلدية,بلدية الروضة,True,False,لا يوجد,,0,,,False,none,date_parsed_from_text,0,False
Data 2025.xlsx,4489,2025-05-18,2025-05,2025-W20,2,6,olv-0462-r01,olv-0462-R01,زيتون اخضر شرائح,الزيتون /Olive,Olive,الزيتون /Olive,produce,الاقتصادية ماركت - حي اليرموك,الاقتصادية ماركت,حي اليرموك,الاقتصادية ماركت - حي اليرموك,الروضة,بلدية,بلدية الروضة,True,False,لا يوجد,,0,,,False,none,date_parsed_from_text,0,False
Data 2025.xlsx,4490,2025-05-18,2025-05,2025-W20,2,6,olv-0463-r01,olv-0463-R01,شرائح زيتون اسود,الزيتون /Olive,Olive,الزيتون /Olive,produce,الاقتصادية ماركت - حي اليرموك,الاقتصادية ماركت,حي اليرموك,الاقتصادية ماركت - حي اليرموك,الروضة,بلدية,بلدية الروضة,False,True,خمائر,الخمائر والاعفان,1,,الخمائر والاعفان,False,indicator_only,date_parsed_from_text,1,False
Data 2025.xlsx,4491,2025-05-18,2025-05,2025-W20,2,6,olv-0464-r01,olv-0464-R01,زيتون عين الغزال,الزيتون /Olive,Olive,الزيتون /Olive,produce,الاقتصادية ماركت - حي اليرموك,الاقتصادية ماركت,حي اليرموك,الاقتصادية ماركت - حي اليرموك,الروضة,بلدية,بلدية الروضة,False,True,خمائر,الخمائر والاعفان,1,,الخمائر والاعفان,False,indicator_only,date_parsed_from_text,2,True
Data 2025.xlsx,4492,2025-05-18,2025-05,2025-W20,2,6,olv-0465-r01,olv-0465-R01,زيتون اخضر محشي جزر,الزيتون /Olive,Olive,الزيتون /Olive,produce,الاقتصادية ماركت - حي اليرموك,الاقتصادية ماركت,حي اليرموك,الاقتصادية ماركت - حي اليرموك,الروضة,بلدية,بلدية الروضة,False,True,خمائر,الخمائر والاعفان,1,,الخمائر والاعفان,False,indicator_only,date_parsed_from_text,3,True
Data 2025.xlsx,4493,2025-05-18,2025-05,2025-W20,2,6,olv-0466-r01,olv-0466-R01,زيتون اخضر مشوي,الزيتون /Olive,Olive,الزيتون /Olive,produce,الاقتصادية ماركت - حي اليرموك,الاقتصادية ماركت,حي اليرموك,الاقتصادية ماركت - حي اليرموك,الروضة,بلدية,بلدية الروضة,True,False,لا يوجد,,0,,,False,none,date_parsed_from_text,3,True
Data 2025.xlsx,4495,2025-05-18,2025-05,2025-W20,2,6,pick-0418-r01,Pick-0418-R01,مخلل خيار صغير,المخلل (Pickle),Pickle,المخلل (Pickle),sauce_condiment,الاقتصادية ماركت - حي اليرموك,الاقتصادية ماركت,حي اليرموك,الاقتصادية ماركت - حي اليرموك,الروضة,بلدية,بلدية الروضة,False,True,خمائر,الخمائر والاعفان,1,,الخمائر والاعفان,False,indicator_only,date_parsed_from_text,4,True
Data 2025.xlsx,4496,2025-05-18,2025-05,2025-W20,2,6,pick-0419-r01,Pick-0419-R01,مخلل مشكل,المخلل (Pickle),Pickle,المخلل (Pickle),sauce_condiment,الاقتصادية ماركت - حي اليرموك,الاقتصادية ماركت,حي اليرموك,الاقتصادية ماركت - حي اليرموك,الروضة,بلدية,بلدية الروضة,False,True,خمائر,الخمائر والاعفان,1,,الخمائر والاعفان,False,indicator_only,date_parsed_from_text,5,True
Data 2025.xlsx,4497,2025-05-18,2025-05,2025-W20,2,6,pick-0420-r01,Pick-0420-R01,مخلل مشكل حار,المخلل (Pickle),Pickle,المخلل (Pickle),sauce_condiment,الاقتصادية ماركت - حي اليرموك,الاقتصادية ماركت,حي اليرموك,الاقتصادية ماركت - حي اليرموك,الروضة,بلدية,بلدية الروضة,True,False,لا يوجد,,0,,,False,none,date_parsed_from_text,5,True
Data 2025.xlsx,4498,2025-05-18,2025-05,2025-W20,2,6,pick-0421-r01,Pick-0421-R01,مخلل ليمون,المخلل (Pickle),Pickle,المخلل (Pickle),sauce_condiment,الاقتصادية ماركت - حي اليرموك,الاقتصادية ماركت,حي اليرموك,الاقتصادية ماركت - حي اليرموك,الروضة,بلدية,بلدية الروضة,True,False,لا يوجد,,0,,,False,none,date_parsed_from_text,5,True
Data 2025.xlsx,4548,2025-05-18,2025-05,2025-W20,2,6,pick-0422-r01,Pick-0422-R01,مشكل مخلل,المخلل (Pickle),Pickle,المخلل (Pickle),sauce_condiment,مطعم ملوخية - حي اليرموك,مطعم ملوخية,حي اليرموك,مطعم ملوخية - حي اليرموك,الروضة,بلدية,بلدية الروضة,False,True,خمائر,الخمائر والاعفان,1,,الخمائر والاعفان,False,indicator_only,date_parsed_from_text,2,True
Data 2025.xlsx,4556,2025-05-18,2025-05,2025-W20,2,6,pick-0423-r01,Pick-0423-R01,مخلل لفت,المخلل (Pickle),Pickle,المخلل (Pickle),sauce_condiment,مطعم فلافل مثمرة - حي اليرموك,مطعم فلافل مثمرة,حي اليرموك,مطعم فلافل مثمرة - حي اليرموك,الروضة,بلدية,بلدية الروضة,False,True,خمائر,الخمائر والاعفان,1,,الخمائر والاعفان,False,indicator_only,date_parsed_from_text,3,True
Data 2025.xlsx,4557,2025-05-18,2025-05,2025-W20,2,6,pick-0424-r01,Pick-0424-R01,مخلل خيار,المخلل (Pickle),Pickle,المخلل (Pickle),sauce_condiment,مطعم فلافل مثمرة - حي اليرموك,مطعم فلافل مثمرة,حي اليرموك,مطعم فلافل مثمرة - حي اليرموك,الروضة,بلدية,بلدية الروضة,False,True,خمائر,الخمائر والاعفان,1,,الخمائر والاعفان,False,indicator_only,date_parsed_from_text,4,True
Data 2025.xlsx,4480,2025-05-18,2025-05,2025-W20,2,6,raw-0198-r01,Raw-0198-R01,لحم يد حاشي,لحوم نيئة مبردة ومجمدة (Raw meat Cold or chilled ),Raw meat Cold or chilled,لحوم نيئة مبردة ومجمدة (Raw meat Cold or chilled ),raw_meat,ملحمة عنوان اللحوم للتجارة,ملحمة عنوان اللحوم للتجارة,,ملحمة عنوان اللحوم للتجارة,الشمال,بلدية,بلدية الشمال,True,False,لا يوجد,,0,,,False,none,date_parsed_from_text,0,False
Data 2025.xlsx,4481,2025-05-18,2025-05,2025-W20,2,6,raw-0199-r01,Raw-0199-R01,لحم بطن نعيمي بلدي,لحوم نيئة مبردة ومجمدة (Raw meat Cold or chilled ),Raw meat Cold or chilled,لحوم نيئة مبردة ومجمدة (Raw meat Cold or chilled ),raw_meat,ملحمة عنوان اللحوم للتجارة,ملحمة عنوان اللحوم للتجارة,,ملحمة عنوان اللحوم للتجارة,الشمال,بلدية,بلدية الشمال,True,False,لا يوجد,,0,,,False,none,date_parsed_from_text,0,False
Data 2025.xlsx,4482,2025-05-18,2025-05,2025-W20,2,6,raw-0200-r01,Raw-0200-R01,كبدة من نفس الحاشي,لحوم نيئة مبردة ومجمدة (Raw meat Cold or chilled ),Raw meat Cold or chilled,لحوم نيئة مبردة ومجمدة (Raw meat Cold or chilled ),raw_meat,ملحمة عنوان اللحوم للتجارة,ملحمة عنوان اللحوم للتجارة,,ملحمة عنوان اللحوم للتجارة,الشمال,بلدية,بلدية الشمال,True,False,لا يوجد,,0,,,False,none,date_parsed_from_text,0,False
Data 2025.xlsx,4483,2025-05-18,2025-05,2025-W20,2,6,raw-0201-r01,Raw-0201-R01,كبدة نعيمي من خروف اخر,لحوم نيئة مبردة ومجمدة (Raw meat Cold or chilled ),Raw meat Cold or chilled,لحوم نيئة مبردة ومجمدة (Raw meat Cold or chilled ),raw_meat,ملحمة عنوان اللحوم للتجارة,ملحمة عنوان اللحوم للتجارة,,ملحمة عنوان اللحوم للتجارة,الشمال,بلدية,بلدية الشمال,True,False,لا يوجد,,0,,,False,none,date_parsed_from_text,0,False
Data 2025.xlsx,4484,2025-05-18,2025-05,2025-W20,2,6,raw-0202-r01,Raw-0202-R01,لحم ضهر عجل,لحوم نيئة مبردة ومجمدة (Raw meat Cold or chilled ),Raw meat Cold or chilled,لحوم نيئة مبردة ومجمدة (Raw meat Cold or chilled ),raw_meat,ملحمة عنوان اللحوم للتجارة,ملحمة عنوان اللحوم للتجارة,,ملحمة عنوان اللحوم للتجارة,الشمال,بلدية,بلدية الشمال,False,True,العد الكلي للبكتيريا | السالمونيلا,العد الكلي للبكتيريا | السالمونيلا,2,السالمونيلا,العد الكلي للبكتيريا,True,pathogen,date_parsed_from_text,1,False
Data 2025.xlsx,4485,2025-05-18,2025-05,2025-W20,2,6,raw-0203-r01,Raw-0203-R01,كلاوي حاشي,لحوم نيئة مبردة ومجمدة (Raw meat Cold or chilled ),Raw meat Cold or chilled,لحوم نيئة مبردة ومجمدة (Raw meat Cold or chilled ),raw_meat,ملحمة عنوان اللحوم للتجارة,ملحمة عنوان اللحوم للتجارة,,ملحمة عنوان اللحوم للتجارة,الشمال,بلدية,بلدية الشمال,True,False,لا يوجد,,0,,,False,none,date_parsed_from_text,1,False
Data 2025.xlsx,4486,2025-05-18,2025-05,2025-W20,2,6,raw-0204-r01,Raw-0204-R01,كلوة نعيمي من نفس الخروف,لحوم نيئة مبردة ومجمدة (Raw meat Cold or chilled ),Raw meat Cold or chilled,لحوم نيئة مبردة ومجمدة (Raw meat Cold or chilled ),raw_meat,ملحمة عنوان اللحوم للتجارة,ملحمة عنوان اللحوم للتجارة,,ملحمة عنوان اللحوم للتجارة,الشمال,بلدية,بلدية الشمال,True,False,لا يوجد,,0,,,False,none,date_parsed_from_text,1,False
Data 2025.xlsx,4487,2025-05-18,2025-05,2025-W20,2,6,raw-0205-r01,Raw-0205-R01,فلب خروف,لحوم نيئة مبردة ومجمدة (Raw meat Cold or chilled ),Raw meat Cold or chilled,لحوم نيئة مبردة ومجمدة (Raw meat Cold or chilled ),raw_meat,ملحمة عنوان اللحوم للتجارة,ملحمة عنوان اللحوم للتجارة,,ملحمة عنوان اللحوم للتجارة,الشمال,بلدية,بلدية الشمال,True,False,لا يوجد,,0,,,False,none,date_parsed_from_text,1,False
Data 2025.xlsx,4488,2025-05-18,2025-05,2025-W20,2,6,raw-0206-r01,Raw-0206-R01,قلب حاشي من نفس الحاشي,لحوم نيئة مبردة ومجمدة (Raw meat Cold or chilled ),Raw meat Cold or chilled,لحوم نيئة مبردة ومجمدة (Raw meat Cold or chilled ),raw_meat,ملحمة عنوان اللحوم للتجارة,ملحمة عنوان اللحوم للتجارة,,ملحمة عنوان اللحوم للتجارة,الشمال,بلدية,بلدية الشمال,True,False,لا يوجد,,0,,,False,none,date_parsed_from_text,1,False
Data 2025.xlsx,4500,2025-05-18,2025-05,2025-W20,2,6,sal-1347-r01,Sal-1347-R01,سلطة جبنة مفوكة شامية مع توابل,السلطة(Salad),Salad,السلطة(Salad),produce,الاقتصادية ماركت - حي اليرموك,الاقتصادية ماركت,حي اليرموك,الاقتصادية ماركت - حي اليرموك,الروضة,بلدية,بلدية الروضة,True,False,لا يوجد,,0,,,False,none,date_parsed_from_text,6,True
Data 2025.xlsx,4501,2025-05-18,2025-05,2025-W20,2,6,sal-1348-r01,Sal-1348-R01,سلطة جبنة حارة,السلطة(Salad),Salad,السلطة(Salad),produce,الاقتصادية ماركت - حي اليرموك,الاقتصادية ماركت,حي اليرموك,الاقتصادية ماركت - حي اليرموك,الروضة,بلدية,بلدية الروضة,True,False,لا يوجد,,0,,,False,none,date_parsed_from_text,6,True
Data 2025.xlsx,4503,2025-05-18,2025-05,2025-W20,2,6,sal-1349-r01,Sal-1349-R01,سلطة مرتديلا (دجاج + لحم),السلطة(Salad),Salad,السلطة(Salad),produce,الاقتصادية ماركت - حي اليرموك,الاقتصادية ماركت,حي اليرموك,الاقتصادية ماركت - حي اليرموك,الروضة,بلدية,بلدية الروضة,False,True,العد الكلي للبكتيريا,العد الكلي للبكتيريا,1,,العد الكلي للبكتيريا,False,indicator_only,date_parsed_from_text,7,True
Data 2025.xlsx,4540,2025-05-18,2025-05,2025-W20,2,6,sau-1738-r01,sau-1738-R01,صوص شيرة,صوص (sauce),sauce,صوص (sauce),sauce_condiment,كنافة اصيل النابلسية - حي اليرموك,كنافة اصيل النابلسية,حي اليرموك,كنافة اصيل النابلسية - حي اليرموك,الروضة,بلدية,بلدية الروضة,True,False,لا يوجد,,0,,,False,none,date_parsed_from_text,3,True
Data 2025.xlsx,4542,2025-05-18,2025-05,2025-W20,2,6,sau-1739-r01,sau-1739-R01,صوص مايونيز,صوص (sauce),sauce,صوص (sauce),sauce_condiment,مطعم ملوخية - حي اليرموك,مطعم ملوخية,حي اليرموك,مطعم ملوخية - حي اليرموك,الروضة,بلدية,بلدية الروضة,True,False,لا يوجد,,0,,,False,none,date_parsed_from_text,0,False
Data 2025.xlsx,4543,2025-05-18,2025-05,2025-W20,2,6,sau-1740-r01,sau-1740-R01,صوص كاتشب,صوص (sauce),sauce,صوص (sauce),sauce_condiment,مطعم ملوخية - حي اليرموك,مطعم ملوخية,حي اليرموك,مطعم ملوخية - حي اليرموك,الروضة,بلدية,بلدية الروضة,True,False,لا يوجد,,0,,,False,none,date_parsed_from_text,0,False
Data 2025.xlsx,4544,2025-05-18,2025-05,2025-W20,2,6,sau-1741-r01,sau-1741-R01,صوص باربكيو,صوص (sauce),sauce,صوص (sauce),sauce_condiment,مطعم ملوخية - حي اليرموك,مطعم ملوخية,حي اليرموك,مطعم ملوخية - حي اليرموك,الروضة,بلدية,بلدية الروضة,True,False,لا يوجد,,0,,,False,none,date_parsed_from_text,0,False
Data 2025.xlsx,4545,2025-05-18,2025-05,2025-W20,2,6,sau-1742-r01,sau-1742-R01,صوص رانش,صوص (sauce),sauce,صوص (sauce),sauce_condiment,مطعم ملوخية - حي اليرموك,مطعم ملوخية,حي اليرموك,مطعم ملوخية - حي اليرموك,الروضة,بلدية,بلدية الروضة,True,False,لا يوجد,,0,,,False,none,date_parsed_from_text,0,False
Data 2025.xlsx,4546,2025-05-18,2025-05,2025-W20,2,6,sau-1743-r01,sau-1743-R01,صوص ميكس (كاتشب + مايونيز),صوص (sauce),sauce,صوص (sauce),sauce_condiment,مطعم ملوخية - حي اليرموك,مطعم ملوخية,حي اليرموك,مطعم ملوخية - حي اليرموك,الروضة,بلدية,بلدية الروضة,False,True,العد الكلي للبكتيريا,العد الكلي للبكتيريا,1,,العد الكلي للبكتيريا,False,indicator_only,date_parsed_from_text,1,False
Data 2025.xlsx,4549,2025-05-18,2025-05,2025-W20,2,6,sau-1744-r01,sau-1744-R01,صوص جبن شيدر,صوص (sauce),sauce,صوص (sauce),sauce_condiment,مطعم فلافل مثمرة - حي اليرموك,مطعم فلافل مثمرة,حي اليرموك,مطعم فلافل مثمرة - حي اليرموك,الروضة,بلدية,بلدية الروضة,True,False,لا يوجد,,0,,,False,none,date_parsed_from_text,0,False
Data 2025.xlsx,4550,2025-05-18,2025-05,2025-W20,2,6,sau-1745-r01,sau-1745-R01,صوص كاتشب,صوص (sauce),sauce,صوص (sauce),sauce_condiment,مطعم فلافل مثمرة - حي اليرموك,مطعم فلافل مثمرة,حي اليرموك,مطعم فلافل مثمرة - حي اليرموك,الروضة,بلدية,بلدية الروضة,True,False,لا يوجد,,0,,,False,none,date_parsed_from_text,0,False
Data 2025.xlsx,4507,2025-05-18,2025-05,2025-W20,2,6,sw-3061-r01,sw-3061-R01,مسحة ثلاجة اجبان,(Swabs) المسحات,Swabs,(Swabs) المسحات,swab,الاقتصادية ماركت - حي اليرموك,الاقتصادية ماركت,حي اليرموك,الاقتصادية ماركت - حي اليرموك,الروضة,بلدية,بلدية الروضة,True,False,لا يوجد,,0,,,False,none,date_parsed_from_text,9,True
Data 2025.xlsx,4508,2025-05-18,2025-05,2025-W20,2,6,sw-3062-r01,sw-3062-R01,مسحة ثلاجة زيتون,(Swabs) المسحات,Swabs,(Swabs) المسحات,swab,الاقتصادية ماركت - حي اليرموك,الاقتصادية ماركت,حي اليرموك,الاقتصادية ماركت - حي اليرموك,الروضة,بلدية,بلدية الروضة,True,False,لا يوجد,,0,,,False,none,date_parsed_from_text,9,True
Data 2025.xlsx,4509,2025-05-18,2025-05,2025-W20,2,6,sw-3063-r01,sw-3063-R01,مسحة حلاوة طحينة,(Swabs) المسحات,Swabs,(Swabs) المسحات,swab,الاقتصادية ماركت - حي اليرموك,الاقتصادية ماركت,حي اليرموك,الاقتصادية ماركت - حي اليرموك,الروضة,بلدية,بلدية الروضة,True,False,لا يوجد,,0,,,False,none,date_parsed_from_text,9,True
Data 2025.xlsx,4566,2025-05-18,2025-05,2025-W20,2,6,sw-3064-r01,sw-3064-R01,مسحة طاولة اعداد فلافل,(Swabs) المسحات,Swabs,(Swabs) المسحات,swab,مطعم فلافل مثمرة - حي اليرموك,مطعم فلافل مثمرة,حي اليرموك,مطعم فلافل مثمرة - حي اليرموك,الروضة,بلدية,بلدية الروضة,False,True,العد الكلي للبكتيريا,العد الكلي للبكتيريا,1,,العد الكلي للبكتيريا,False,indicator_only,date_parsed_from_text,7,True
Data 2025.xlsx,4567,2025-05-18,2025-05,2025-W20,2,6,sw-3065-r01,sw-3065-R01,مسحة ثلاجة اعداد,(Swabs) المسحات,Swabs,(Swabs) المسحات,swab,مطعم فلافل مثمرة - حي اليرموك,مطعم فلافل مثمرة,حي اليرموك,مطعم فلافل مثمرة - حي اليرموك,الروضة,بلدية,بلدية الروضة,True,False,لا يوجد,,0,,,False,none,date_parsed_from_text,7,True
Data 2025.xlsx,4517,2025-05-18,2025-05,2025-W20,2,6,sweet-1026-r01,sweet-1026-R01,كنافة سادة,الحلا(sweetness),sweetness,الحلا(sweetness),sweets_bakery,الاقتصادية ماركت - حي اليرموك,الاقتصادية ماركت,حي اليرموك,الاقتصادية ماركت - حي اليرموك,الروضة,بلدية,بلدية الروضة,True,False,لا يوجد,,0,,,False,none,date_parsed_from_text,12,True
Data 2025.xlsx,4518,2025-05-18,2025-05,2025-W20,2,6,sweet-1027-r01,sweet-1027-R01,بسبوسة سادة,الحلا(sweetness),sweetness,الحلا(sweetness),sweets_bakery,الاقتصادية ماركت - حي اليرموك,الاقتصادية ماركت,حي اليرموك,الاقتصادية ماركت - حي اليرموك,الروضة,بلدية,بلدية الروضة,True,False,لا يوجد,,0,,,False,none,date_parsed_from_text,12,True
Data 2025.xlsx,4526,2025-05-18,2025-05,2025-W20,2,6,sweet-1028-r01,sweet-1028-R01,حلا بلورية بالفستق,الحلا(sweetness),sweetness,الحلا(sweetness),sweets_bakery,كنافة اصيل النابلسية - حي اليرموك,كنافة اصيل النابلسية,حي اليرموك,كنافة اصيل النابلسية - حي اليرموك,الروضة,بلدية,بلدية الروضة,False,True,استافيلوكوكس اورياس,استافيلوكوكس اورياس,1,استافيلوكوكس اورياس,,True,pathogen,date_parsed_from_text,1,False
Data 2025.xlsx,4527,2025-05-18,2025-05,2025-W20,2,6,sweet-1029-r01,sweet-1029-R01,حلا بلورية كاجو,الحلا(sweetness),sweetness,الحلا(sweetness),sweets_bakery,كنافة اصيل النابلسية - حي اليرموك,كنافة اصيل النابلسية,حي اليرموك,كنافة اصيل النابلسية - حي اليرموك,الروضة,بلدية,بلدية الروضة,False,True,استافيلوكوكس اورياس,استافيلوكوكس اورياس,1,استافيلوكوكس اورياس,,True,pathogen,date_parsed_from_text,2,True
Data 2025.xlsx,4528,2025-05-18,2025-05,2025-W20,2,6,sweet-1030-r01,sweet-1030-R01,حلا مصرية بالمكسرات,الحلا(sweetness),sweetness,الحلا(sweetness),sweets_bakery,كنافة اصيل النابلسية - حي اليرموك,كنافة اصيل النابلسية,حي اليرموك,كنافة اصيل النابلسية - حي اليرموك,الروضة,بلدية,بلدية الروضة,True,False,لا يوجد,,0,,,False,none,date_parsed_from_text,2,True
Data 2025.xlsx,4529,2025-05-18,2025-05,2025-W20,2,6,sweet-1031-r01,sweet-1031-R01,سمبوسة بالجبن,الحلا(sweetness),sweetness,الحلا(sweetness),sweets_bakery,كنافة اصيل النابلسية - حي اليرموك,كنافة اصيل النابلسية,حي اليرموك,كنافة اصيل النابلسية - حي اليرموك,الروضة,بلدية,بلدية الروضة,True,False,لا يوجد,,0,,,False,none,date_parsed_from_text,2,True
Data 2025.xlsx,4530,2025-05-18,2025-05,2025-W20,2,6,sweet-1032-r01,sweet-1032-R01,بلح الشام,الحلا(sweetness),sweetness,الحلا(sweetness),sweets_bakery,كنافة اصيل النابلسية - حي اليرموك,كنافة اصيل النابلسية,حي اليرموك,كنافة اصيل النابلسية - حي اليرموك,الروضة,بلدية,بلدية الروضة,True,False,لا يوجد,,0,,,False,none,date_parsed_from_text,2,True
Data 2025.xlsx,4531,2025-05-18,2025-05,2025-W20,2,6,sweet-1033-r01,sweet-1033-R01,بسبوسة سادة,الحلا(sweetness),sweetness,الحلا(sweetness),sweets_bakery,كنافة اصيل النابلسية - حي اليرموك,كنافة اصيل النابلسية,حي اليرموك,كنافة اصيل النابلسية - حي اليرموك,الروضة,بلدية,بلدية الروضة,True,False,لا يوجد,,0,,,False,none,date_parsed_from_text,2,True
Data 2025.xlsx,4532,2025-05-18,2025-05,2025-W20,2,6,sweet-1034-r01,sweet-1034-R01,بسبوسة بالفستق,الحلا(sweetness),sweetness,الحلا(sweetness),sweets_bakery,كنافة اصيل النابلسية - حي اليرموك,كنافة اصيل النابلسية,حي اليرموك,كنافة اصيل النابلسية - حي اليرموك,الروضة,بلدية,بلدية الروضة,True,False,لا يوجد,,0,,,False,none,date_parsed_from_text,2,True
Data 2025.xlsx,4533,2025-05-18,2025-05,2025-W20,2,6,sweet-1035-r01,sweet-1035-R01,بسبوسة نوتيلا,الحلا(sweetness),sweetness,الحلا(sweetness),sweets_bakery,كنافة اصيل النابلسية - حي اليرموك,كنافة اصيل النابلسية,حي اليرموك,كنافة اصيل النابلسية - حي اليرموك,الروضة,بلدية,بلدية الروضة,True,False,لا يوجد,,0,,,False,none,date_parsed_from_text,2,True
Data 2025.xlsx,4534,2025-05-18,2025-05,2025-W20,2,6,sweet-1036-r01,sweet-1036-R01,هريس مكسرات,الحلا(sweetness),sweetness,الحلا(sweetness),sweets_bakery,كنافة اصيل النابلسية - حي اليرموك,كنافة اصيل النابلسية,حي اليرموك,كنافة اصيل النابلسية - حي اليرموك,الروضة,بلدية,بلدية الروضة,True,False,لا يوجد,,0,,,False,none,date_parsed_from_text,2,True
Data 2025.xlsx,4535,2025-05-18,2025-05,2025-W20,2,6,sweet-1037-r01,sweet-1037-R01,يونانية بالفستق,الحلا(sweetness),sweetness,الحلا(sweetness),sweets_bakery,كنافة اصيل النابلسية - حي اليرموك,كنافة اصيل النابلسية,حي اليرموك,كنافة اصيل النابلسية - حي اليرموك,الروضة,بلدية,بلدية الروضة,True,False,لا يوجد,,0,,,False,none,date_parsed_from_text,2,True
Data 2025.xlsx,4536,2025-05-18,2025-05,2025-W20,2,6,sweet-1038-r01,sweet-1038-R01,تشيز لوتس,الحلا(sweetness),sweetness,الحلا(sweetness),sweets_bakery,كنافة اصيل النابلسية - حي اليرموك,كنافة اصيل النابلسية,حي اليرموك,كنافة اصيل النابلسية - حي اليرموك,الروضة,بلدية,بلدية الروضة,False,True,العد الكلي للبكتيريا,العد الكلي للبكتيريا,1,,العد الكلي للبكتيريا,False,indicator_only,date_parsed_from_text,3,True
Data 2025.xlsx,4537,2025-05-18,2025-05,2025-W20,2,6,sweet-1039-r01,sweet-1039-R01,تشيز اوريو,الحلا(sweetness),sweetness,الحلا(sweetness),sweets_bakery,كنافة اصيل النابلسية - حي اليرموك,كنافة اصيل النابلسية,حي اليرموك,كنافة اصيل النابلسية - حي اليرموك,الروضة,بلدية,بلدية الروضة,True,False,لا يوجد,,0,,,False,none,date_parsed_from_text,3,True
Data 2025.xlsx,4538,2025-05-18,2025-05,2025-W20,2,6,sweet-1040-r01,sweet-1040-R01,تشيز تمر بالقرفة,الحلا(sweetness),sweetness,الحلا(sweetness),sweets_bakery,كنافة اصيل النابلسية - حي اليرموك,كنافة اصيل النابلسية,حي اليرموك,كنافة اصيل النابلسية - حي اليرموك,الروضة,بلدية,بلدية الروضة,True,False,لا يوجد,,0,,,False,none,date_parsed_from_text,3,True
Data 2025.xlsx,4539,2025-05-18,2025-05,2025-W20,2,6,sweet-1041-r01,sweet-1041-R01,تشيز لاتية,الحلا(sweetness),sweetness,الحلا(sweetness),sweets_bakery,كنافة اصيل النابلسية - حي اليرموك,كنافة اصيل النابلسية,حي اليرموك,كنافة اصيل النابلسية - حي اليرموك,الروضة,بلدية,بلدية الروضة,True,False,لا يوجد,,0,,,False,none,date_parsed_from_text,3,True
Data 2025.xlsx,4568,2025-05-18,2025-05,2025-W20,2,6,ubot-0974-r01,Ubot-0974-R01,مياه غسيل ادوات,المياه الغير معبأة (Unbottled water),Unbottled water,المياه الغير معبأة (Unbottled water),water,ملحمة عنوان اللحوم للتجارة,ملحمة عنوان اللحوم للتجارة,,ملحمة عنوان اللحوم للتجارة,الشمال,بلدية,بلدية الشمال,True,False,لا يوجد,,0,,,False,none,date_parsed_from_text,1,False
Data 2025.xlsx,4565,2025-05-18,2025-05,2025-W20,2,6,yog-0005-r01,yog-0005-R01,لبن عيران,اللبان (yogurt),yogurt,اللبان (yogurt),dairy,مطعم فلافل مثمرة - حي اليرموك,مطعم فلافل مثمرة,حي اليرموك,مطعم فلافل مثمرة - حي اليرموك,الروضة,بلدية,بلدية الروضة,False,True,الخمائر والاعفان,الخمائر والاعفان,1,,الخمائر والاعفان,False,indicator_only,date_parsed_from_text,6,True
Data 2025.xlsx,4581,2025-05-19,2025-05,2025-W21,2,0,1-3030-R01,1-3030-R01,نكهة كراميل,نكهات مركزة ( Syrup ),Syrup,نكهات مركزة ( Syrup ),sauce_condiment,دانكن - حي اليرموك,دانكن,حي اليرموك,دانكن - حي اليرموك,الروضة,بلدية,بلدية الروضة,False,True,العد الكلي للبكتيريا,العد الكلي للبكتيريا,1,,العد الكلي للبكتيريا,False,indicator_only,date_parsed_from_text,9,True
Data 2025.xlsx,4582,2025-05-19,2025-05,2025-W21,2,0,1-3031-R01,1-3031-R01,نكهة فانيلا,نكهات مركزة ( Syrup ),Syrup,نكهات مركزة ( Syrup ),sauce_condiment,دانكن - حي اليرموك,دانكن,حي اليرموك,دانكن - حي اليرموك,الروضة,بلدية,بلدية الروضة,False,True,العد الكلي للبكتيريا,العد الكلي للبكتيريا,1,,العد الكلي للبكتيريا,False,indicator_only,date_parsed_from_text,10,True
Data 2025.xlsx,4583,2025-05-19,2025-05,2025-W21,2,0,1-3032-R01,1-3032-R01,نكهة بستاشو,نكهات مركزة ( Syrup ),Syrup,نكهات مركزة ( Syrup ),sauce_condiment,دانكن - حي اليرموك,دانكن,حي اليرموك,دانكن - حي اليرموك,الروضة,بلدية,بلدية الروضة,False,True,العد الكلي للبكتيريا,العد الكلي للبكتيريا,1,,العد الكلي للبكتيريا,False,indicator_only,date_parsed_from_text,11,True
Data 2025.xlsx,4584,2025-05-19,2025-05,2025-W21,2,0,1-3033-R01,1-3033-R01,نكهة خوخ,نكهات مركزة ( Syrup ),Syrup,نكهات مركزة ( Syrup ),sauce_condiment,دانكن - حي اليرموك,دانكن,حي اليرموك,دانكن - حي اليرموك,الروضة,بلدية,بلدية الروضة,True,False,لا يوجد,,0,,,False,none,date_parsed_from_text,11,True
Data 2025.xlsx,4602,2025-05-19,2025-05,2025-W21,2,0,1-3034-R01,1-3034-R01,مسخن دجاج,معجنات (pastries),pastries,معجنات (pastries),sweets_bakery,ورقة عنب - حي اليرموك,ورقة عنب,حي اليرموك,ورقة عنب - حي اليرموك,الروضة,بلدية,بلدية الروضة,True,False,لا يوجد,,0,,,False,none,date_parsed_from_text,3,True
Data 2025.xlsx,4597,2025-05-19,2025-05,2025-W21,2,0,O-U-po-0196-R01,O-U-po-0196-R01,حب الرمان,الرمان (pomegranate),pomegranate,الرمان (pomegranate),produce,ورقة عنب - حي اليرموك,ورقة عنب,حي اليرموك,ورقة عنب - حي اليرموك,الروضة,بلدية,بلدية الروضة,True,False,لا يوجد,,0,,,False,none,date_parsed_from_text,1,False
Data 2025.xlsx,4614,2025-05-19,2025-05,2025-W21,2,0,OO-OSS-po-0393-R01,OO-OSS-po-0393-R01,بطاطس مقلي,البطاطس (potatoes),potatoes,البطاطس (potatoes),produce,فطيرة الفلافل - حي اليرموك,فطيرة الفلافل,حي اليرموك,فطيرة الفلافل - حي اليرموك,الروضة,بلدية,بلدية الروضة,True,False,لا يوجد,,0,,,False,none,date_parsed_from_text,4,True
Data 2025.xlsx,4591,2025-05-19,2025-05,2025-W21,2,0,UU-ca-0109-R01,UU-ca-0109-R01,ملفوف محشي رز,الملفوف (cabbage),cabbage,الملفوف (cabbage),produce,ورقة عنب - حي اليرموك,ورقة عنب,حي اليرموك,ورقة عنب - حي اليرموك,الروضة,بلدية,بلدية الروضة,True,False,لا يوجد,,0,,,False,none,date_parsed_from_text,0,False
Data 2025.xlsx,4592,2025-05-19,2025-05,2025-W21,2,0,UU-ca-0110-R01,UU-ca-0110-R01,ملفوف محشي رز سبايسي,الملفوف (cabbage),cabbage,الملفوف (cabbage),produce,ورقة عنب - حي اليرموك,ورقة عنب,حي اليرموك,ورقة عنب - حي اليرموك,الروضة,بلدية,بلدية الروضة,True,False,لا يوجد,,0,,,False,none,date_parsed_from_text,0,False
Data 2025.xlsx,4610,2025-05-19,2025-05,2025-W21,2,0,UU-pe-1223-R01,UU-pe-1223-R01,قطع فلفل بارد,الفلفل (peppers),peppers,الفلفل (peppers),produce,فطيرة الفلافل - حي اليرموك,فطيرة الفلافل,حي اليرموك,فطيرة الفلافل - حي اليرموك,الروضة,بلدية,بلدية الروضة,False,True,استافيلوكوكس اورياس,استافيلوكوكس اورياس,1,استافيلوكوكس اورياس,,True,pathogen,date_parsed_from_text,4,True
Data 2025.xlsx,4609,2025-05-19,2025-05,2025-W21,2,0,chee-0731-r01,Chee-0731-R01,جبنة شيدر مبشور,(cheese) جبنة,cheese,(cheese) جبنة,dairy,فطيرة الفلافل - حي اليرموك,فطيرة الفلافل,حي اليرموك,فطيرة الفلافل - حي اليرموك,الروضة,بلدية,بلدية الروضة,True,False,لا يوجد,,0,,,False,none,date_parsed_from_text,3,True
Data 2025.xlsx,4612,2025-05-19,2025-05,2025-W21,2,0,chee-0732-r01,Chee-0732-R01,جبن شيدر شرائح,(cheese) جبنة,cheese,(cheese) جبنة,dairy,فطيرة الفلافل - حي اليرموك,فطيرة الفلافل,حي اليرموك,فطيرة الفلافل - حي اليرموك,الروضة,بلدية,بلدية الروضة,True,False,لا يوجد,,0,,,False,none,date_parsed_from_text,4,True
Data 2025.xlsx,4611,2025-05-19,2025-05,2025-W21,2,0,eggs-0104-r01,eggs-0104-R01,بيض مسلوق,البيض ومنتجاته ( eggs and products),eggs and products,البيض ومنتجاته ( eggs and products),dairy,فطيرة الفلافل - حي اليرموك,فطيرة الفلافل,حي اليرموك,فطيرة الفلافل - حي اليرموك,الروضة,بلدية,بلدية الروضة,True,False,لا يوجد,,0,,,False,none,date_parsed_from_text,4,True
Data 2025.xlsx,4615,2025-05-19,2025-05,2025-W21,2,0,fala-0063-r01,Fala-0063-R01,فلافل,فلافل( falafil),falafil,فلافل( falafil),sweets_bakery,فطيرة الفلافل - حي اليرموك,فطيرة الفلافل,حي اليرموك,فطيرة الفلافل - حي اليرموك,الروضة,بلدية,بلدية الروضة,True,False,لا يوجد,,0,,,False,none,date_parsed_from_text,4,True
Data 2025.xlsx,4588,2025-05-19,2025-05,2025-W21,2,0,gr-0164-r01,gr-0164-R01,ورق عنب دبس الرمان,ورق عنب (Grape leaves),Grape leaves,ورق عنب (Grape leaves),produce,ورقة عنب - حي اليرموك,ورقة عنب,حي اليرموك,ورقة عنب - حي اليرموك,الروضة,بلدية,بلدية الروضة,True,False,لا يوجد,,0,,,False,none,date_parsed_from_text,0,False
Data 2025.xlsx,4589,2025-05-19,2025-05,2025-W21,2,0,gr-0165-r01,gr-0165-R01,ورق عنب كلاسيك,ورق عنب (Grape leaves),Grape leaves,ورق عنب (Grape leaves),produce,ورقة عنب - حي اليرموك,ورقة عنب,حي اليرموك,ورقة عنب - حي اليرموك,الروضة,بلدية,بلدية الروضة,True,False,لا يوجد,,0,,,False,none,date_parsed_from_text,0,False
Data 2025.xlsx,4590,2025-05-19,2025-05,2025-W21,2,0,gr-0166-r01,gr-0166-R01,ورق عنب سبايسي,ورق عنب (Grape leaves),Grape leaves,ورق عنب (Grape leaves),produce,ورقة عنب - حي اليرموك,ورقة عنب,حي اليرموك,ورقة عنب - حي اليرموك,الروضة,بلدية,بلدية الروضة,True,False,لا يوجد,,0,,,False,none,date_parsed_from_text,0,False
Data 2025.xlsx,4608,2025-05-19,2025-05,2025-W21,2,0,hs-0311-r01,HS-0311-R01,شطة شامية,الشطة (Hot sauce),Hot sauce,الشطة (Hot sauce),sauce_condiment,فطيرة الفلافل - حي اليرموك,فطيرة الفلافل,حي اليرموك,فطيرة الفلافل - حي اليرموك,الروضة,بلدية,بلدية الروضة,True,False,لا يوجد,,0,,,False,none,date_parsed_from_text,3,True
Data 2025.xlsx,4619,2025-05-19,2025-05,2025-W21,2,0,icecrea-0110-r01,icecrea-0110-R01,ايس كريم جولدن توفي تشوكليت,(ice cream) ايسكريم,ice cream,(ice cream) ايسكريم,dairy,باسكن بي ار روبنز - حي الشهداء,باسكن بي ار روبنز,حي الشهداء,باسكن بي ار روبنز - حي الشهداء,الروضة,بلدية,بلدية الروضة,True,False,لا يوجد,,0,,,False,none,date_parsed_from_text,0,False
Data 2025.xlsx,4620,2025-05-19,2025-05,2025-W21,2,0,icecrea-0111-r01,icecrea-0111-R01,ايس كريم لايف بوشن,(ice cream) ايسكريم,ice cream,(ice cream) ايسكريم,dairy,باسكن بي ار روبنز - حي الشهداء,باسكن بي ار روبنز,حي الشهداء,باسكن بي ار روبنز - حي الشهداء,الروضة,بلدية,بلدية الروضة,True,False,لا يوجد,,0,,,False,none,date_parsed_from_text,0,False
Data 2025.xlsx,4621,2025-05-19,2025-05,2025-W21,2,0,icecrea-0112-r01,icecrea-0112-R01,ايس كريم ورلد كلاس شوكولاتة,(ice cream) ايسكريم,ice cream,(ice cream) ايسكريم,dairy,باسكن بي ار روبنز - حي الشهداء,باسكن بي ار روبنز,حي الشهداء,باسكن بي ار روبنز - حي الشهداء,الروضة,بلدية,بلدية الروضة,True,False,لا يوجد,,0,,,False,none,date_parsed_from_text,0,False
Data 2025.xlsx,4622,2025-05-19,2025-05,2025-W21,2,0,icecrea-0113-r01,icecrea-0113-R01,ايس كريم كوتون كاندي,(ice cream) ايسكريم,ice cream,(ice cream) ايسكريم,dairy,باسكن بي ار روبنز - حي الشهداء,باسكن بي ار روبنز,حي الشهداء,باسكن بي ار روبنز - حي الشهداء,الروضة,بلدية,بلدية الروضة,True,False,لا يوجد,,0,,,False,none,date_parsed_from_text,0,False
Data 2025.xlsx,4623,2025-05-19,2025-05,2025-W21,2,0,icecrea-0114-r01,icecrea-0114-R01,ايس كريم بلو راسبيري شيربيت,(ice cream) ايسكريم,ice cream,(ice cream) ايسكريم,dairy,باسكن بي ار روبنز - حي الشهداء,باسكن بي ار روبنز,حي الشهداء,باسكن بي ار روبنز - حي الشهداء,الروضة,بلدية,بلدية الروضة,True,False,لا يوجد,,0,,,False,none,date_parsed_from_text,0,False
Data 2025.xlsx,4624,2025-05-19,2025-05,2025-W21,2,0,icecrea-0115-r01,icecrea-0115-R01,ايس كريم كراميل كوكيزان كريم,(ice cream) ايسكريم,ice cream,(ice cream) ايسكريم,dairy,باسكن بي ار روبنز - حي الشهداء,باسكن بي ار روبنز,حي الشهداء,باسكن بي ار روبنز - حي الشهداء,الروضة,بلدية,بلدية الروضة,True,False,لا يوجد,,0,,,False,none,date_parsed_from_text,0,False
Data 2025.xlsx,4625,2025-05-19,2025-05,2025-W21,2,0,icecrea-0116-r01,icecrea-0116-R01,ايس كريم بينات باتر ان شوكولاتة,(ice cream) ايسكريم,ice cream,(ice cream) ايسكريم,dairy,باسكن بي ار روبنز - حي الشهداء,باسكن بي ار روبنز,حي الشهداء,باسكن بي ار روبنز - حي الشهداء,الروضة,بلدية,بلدية الروضة,True,False,لا يوجد,,0,,,False,none,date_parsed_from_text,0,False
Data 2025.xlsx,4626,2025-05-19,2025-05,2025-W21,2,0,icecrea-0117-r01,icecrea-0117-R01,ايس كريم بو ميغرانات سويدل,(ice cream) ايسكريم,ice cream,(ice cream) ايسكريم,dairy,باسكن بي ار روبنز - حي الشهداء,باسكن بي ار روبنز,حي الشهداء,باسكن بي ار روبنز - حي الشهداء,الروضة,بلدية,بلدية الروضة,True,False,لا يوجد,,0,,,False,none,date_parsed_from_text,0,False
Data 2025.xlsx,4598,2025-05-19,2025-05,2025-W21,2,0,kib-0022-r01,Kib-0022-R01,كبة لحم,(Kibbeh) كبه,Kibbeh,(Kibbeh) كبه,prepared_meal,ورقة عنب - حي اليرموك,ورقة عنب,حي اليرموك,ورقة عنب - حي اليرموك,الروضة,بلدية,بلدية الروضة,True,False,لا يوجد,,0,,,False,none,date_parsed_from_text,1,False
Data 2025.xlsx,4599,2025-05-19,2025-05,2025-W21,2,0,kib-0023-r01,Kib-0023-R01,كبة دجاج,(Kibbeh) كبه,Kibbeh,(Kibbeh) كبه,prepared_meal,ورقة عنب - حي اليرموك,ورقة عنب,حي اليرموك,ورقة عنب - حي اليرموك,الروضة,بلدية,بلدية الروضة,True,False,لا يوجد,,0,,,False,none,date_parsed_from_text,1,False
Data 2025.xlsx,4600,2025-05-19,2025-05,2025-W21,2,0,kib-0024-r01,Kib-0024-R01,كبة جبن,(Kibbeh) كبه,Kibbeh,(Kibbeh) كبه,prepared_meal,ورقة عنب - حي اليرموك,ورقة عنب,حي اليرموك,ورقة عنب - حي اليرموك,الروضة,بلدية,بلدية الروضة,False,True,انتيروباكتريسي | استافيلوكوكس اورياس,انتيروباكتريسي | استافيلوكوكس اورياس,2,استافيلوكوكس اورياس,انتيروباكتريسي,True,pathogen,date_parsed_from_text,2,True
Data 2025.xlsx,4601,2025-05-19,2025-05,2025-W21,2,0,kib-0025-r01,Kib-0025-R01,كبة جبن حلوم,(Kibbeh) كبه,Kibbeh,(Kibbeh) كبه,prepared_meal,ورقة عنب - حي اليرموك,ورقة عنب,حي اليرموك,ورقة عنب - حي اليرموك,الروضة,بلدية,بلدية الروضة,False,True,استافيلوكوكس اورياس,استافيلوكوكس اورياس,1,استافيلوكوكس اورياس,,True,pathogen,date_parsed_from_text,3,True
Data 2025.xlsx,4595,2025-05-19,2025-05,2025-W21,2,0,mola-0045-r01,mola-0045-R01,دبس رمان,( Molasses) دبس,Molasses,( Molasses) دبس,sauce_condiment,ورقة عنب - حي اليرموك,ورقة عنب,حي اليرموك,ورقة عنب - حي اليرموك,الروضة,بلدية,بلدية الروضة,True,False,لا يوجد,,0,,,False,none,date_parsed_from_text,0,False
Data 2025.xlsx,4613,2025-05-19,2025-05,2025-W21,2,0,olv-0467-r01,olv-0467-R01,زيتون اسود شرائح,الزيتون /Olive,Olive,الزيتون /Olive,produce,فطيرة الفلافل - حي اليرموك,فطيرة الفلافل,حي اليرموك,فطيرة الفلافل - حي اليرموك,الروضة,بلدية,بلدية الروضة,True,False,لا يوجد,,0,,,False,none,date_parsed_from_text,4,True
Data 2025.xlsx,4569,2025-05-19,2025-05,2025-W21,2,0,raw-0207-r01,Raw-0207-R01,لحم كتف بقر هندي مستورد,لحوم نيئة مبردة ومجمدة (Raw meat Cold or chilled ),Raw meat Cold or chilled,لحوم نيئة مبردة ومجمدة (Raw meat Cold or chilled ),raw_meat,ملحمة عواض سعد مشبب الشهري لحوم مبرده,ملحمة عواض سعد مشبب الشهري لحوم مبرده,,ملحمة عواض سعد مشبب الشهري لحوم مبرده,الشمال,بلدية,بلدية الشمال,False,True,العد الكلي للبكتيريا,العد الكلي للبكتيريا,1,,العد الكلي للبكتيريا,False,indicator_only,date_parsed_from_text,1,False
Data 2025.xlsx,4570,2025-05-19,2025-05,2025-W21,2,0,raw-0208-r01,Raw-0208-R01,لحم كتف تيس حبشي,لحوم نيئة مبردة ومجمدة (Raw meat Cold or chilled ),Raw meat Cold or chilled,لحوم نيئة مبردة ومجمدة (Raw meat Cold or chilled ),raw_meat,ملحمة عواض سعد مشبب الشهري لحوم مبرده,ملحمة عواض سعد مشبب الشهري لحوم مبرده,,ملحمة عواض سعد مشبب الشهري لحوم مبرده,الشمال,بلدية,بلدية الشمال,False,True,العد الكلي للبكتيريا,العد الكلي للبكتيريا,1,,العد الكلي للبكتيريا,False,indicator_only,date_parsed_from_text,2,True
Data 2025.xlsx,4594,2025-05-19,2025-05,2025-W21,2,0,sal-1350-r01,Sal-1350-R01,سلطة لبن وخيار,السلطة(Salad),Salad,السلطة(Salad),produce,ورقة عنب - حي اليرموك,ورقة عنب,حي اليرموك,ورقة عنب - حي اليرموك,الروضة,بلدية,بلدية الروضة,True,False,لا يوجد,,0,,,False,none,date_parsed_from_text,0,False
Data 2025.xlsx,4585,2025-05-19,2025-05,2025-W21,2,0,sau-1746-r01,sau-1746-R01,صوص ملح الكراميل,صوص (sauce),sauce,صوص (sauce),sauce_condiment,دانكن - حي اليرموك,دانكن,حي اليرموك,دانكن - حي اليرموك,الروضة,بلدية,بلدية الروضة,True,False,لا يوجد,,0,,,False,none,date_parsed_from_text,11,True
Data 2025.xlsx,4593,2025-05-19,2025-05,2025-W21,2,0,sau-1747-r01,sau-1747-R01,صوص ثوم,صوص (sauce),sauce,صوص (sauce),sauce_condiment,ورقة عنب - حي اليرموك,ورقة عنب,حي اليرموك,ورقة عنب - حي اليرموك,الروضة,بلدية,بلدية الروضة,True,False,لا يوجد,,0,,,False,none,date_parsed_from_text,0,False
Data 2025.xlsx,4596,2025-05-19,2025-05,2025-W21,2,0,sau-1748-r01,sau-1748-R01,صوص عنبة,صوص (sauce),sauce,صوص (sauce),sauce_condiment,ورقة عنب - حي اليرموك,ورقة عنب,حي اليرموك,ورقة عنب - حي اليرموك,الروضة,بلدية,بلدية الروضة,False,True,العد الكلي للبكتيريا | الخمائر والاعفان,العد الكلي للبكتيريا | الخمائر والاعفان,2,,العد الكلي للبكتيريا | الخمائر والاعفان,False,indicator_only,date_parsed_from_text,1,False
Data 2025.xlsx,4604,2025-05-19,2025-05,2025-W21,2,0,sau-1749-r01,sau-1749-R01,صوص جبن,صوص (sauce),sauce,صوص (sauce),sauce_condiment,فطيرة الفلافل - حي اليرموك,فطيرة الفلافل,حي اليرموك,فطيرة الفلافل - حي اليرموك,الروضة,بلدية,بلدية الروضة,False,True,استافيلوكوكس اورياس,استافيلوكوكس اورياس,1,استافيلوكوكس اورياس,,True,pathogen,date_parsed_from_text,1,False
Data 2025.xlsx,4605,2025-05-19,2025-05,2025-W21,2,0,sau-1750-r01,sau-1750-R01,صوص سبايسي,صوص (sauce),sauce,صوص (sauce),sauce_condiment,فطيرة الفلافل - حي اليرموك,فطيرة الفلافل,حي اليرموك,فطيرة الفلافل - حي اليرموك,الروضة,بلدية,بلدية الروضة,False,True,العد الكلي للبكتيريا,العد الكلي للبكتيريا,1,,العد الكلي للبكتيريا,False,indicator_only,date_parsed_from_text,2,True
Data 2025.xlsx,4606,2025-05-19,2025-05,2025-W21,2,0,sau-1751-r01,sau-1751-R01,صوص بارد,صوص (sauce),sauce,صوص (sauce),sauce_condiment,فطيرة الفلافل - حي اليرموك,فطيرة الفلافل,حي اليرموك,فطيرة الفلافل - حي اليرموك,الروضة,بلدية,بلدية الروضة,False,True,العد الكلي للبكتيريا,العد الكلي للبكتيريا,1,,العد الكلي للبكتيريا,False,indicator_only,date_parsed_from_text,3,True
Data 2025.xlsx,4607,2025-05-19,2025-05,2025-W21,2,0,sau-1752-r01,sau-1752-R01,صوص كاتشب,صوص (sauce),sauce,صوص (sauce),sauce_condiment,فطيرة الفلافل - حي اليرموك,فطيرة الفلافل,حي اليرموك,فطيرة الفلافل - حي اليرموك,الروضة,بلدية,بلدية الروضة,True,False,لا يوجد,,0,,,False,none,date_parsed_from_text,3,True
Data 2025.xlsx,4616,2025-05-19,2025-05,2025-W21,2,0,sau-1753-r01,sau-1753-R01,صوص فراولة,صوص (sauce),sauce,صوص (sauce),sauce_condiment,باسكن بي ار روبنز - حي الشهداء,باسكن بي ار روبنز,حي الشهداء,باسكن بي ار روبنز - حي الشهداء,الروضة,بلدية,بلدية الروضة,True,False,لا يوجد,,0,,,False,none,date_parsed_from_text,0,False
Data 2025.xlsx,4617,2025-05-19,2025-05,2025-W21,2,0,sau-1754-r01,sau-1754-R01,صوص كراميل,صوص (sauce),sauce,صوص (sauce),sauce_condiment,باسكن بي ار روبنز - حي الشهداء,باسكن بي ار روبنز,حي الشهداء,باسكن بي ار روبنز - حي الشهداء,الروضة,بلدية,بلدية الروضة,True,False,لا يوجد,,0,,,False,none,date_parsed_from_text,0,False
Data 2025.xlsx,4618,2025-05-19,2025-05,2025-W21,2,0,sau-1755-r01,sau-1755-R01,صوص شوكولاتة,صوص (sauce),sauce,صوص (sauce),sauce_condiment,باسكن بي ار روبنز - حي الشهداء,باسكن بي ار روبنز,حي الشهداء,باسكن بي ار روبنز - حي الشهداء,الروضة,بلدية,بلدية الروضة,True,False,لا يوجد,,0,,,False,none,date_parsed_from_text,0,False
Data 2025.xlsx,4630,2025-05-19,2025-05,2025-W21,2,0,sau-1756-r01,sau-1756-R01,صوص كراميل,صوص (sauce),sauce,صوص (sauce),sauce_condiment,هشه - حي اليرموك,هشه,حي اليرموك,هشه - حي اليرموك,الروضة,بلدية,بلدية الروضة,True,False,لا يوجد,,0,,,False,none,date_parsed_from_text,0,False
Data 2025.xlsx,4631,2025-05-19,2025-05,2025-W21,2,0,sau-1757-r01,sau-1757-R01,صوص شيرة,صوص (sauce),sauce,صوص (sauce),sauce_condiment,هشه - حي اليرموك,هشه,حي اليرموك,هشه - حي اليرموك,الروضة,بلدية,بلدية الروضة,True,False,لا يوجد,,0,,,False,none,date_parsed_from_text,0,False
Data 2025.xlsx,4632,2025-05-19,2025-05,2025-W21,2,0,sau-1758-r01,sau-1758-R01,صوص نستلة,صوص (sauce),sauce,صوص (sauce),sauce_condiment,هشه - حي اليرموك,هشه,حي اليرموك,هشه - حي اليرموك,الروضة,بلدية,بلدية الروضة,False,True,العد الكلي للبكتيريا,العد الكلي للبكتيريا,1,,العد الكلي للبكتيريا,False,indicator_only,date_parsed_from_text,1,False
Data 2025.xlsx,4586,2025-05-19,2025-05,2025-W21,2,0,sw-3066-r01,sw-3066-R01,مسحة صانعة ثلج,(Swabs) المسحات,Swabs,(Swabs) المسحات,swab,دانكن - حي اليرموك,دانكن,حي اليرموك,دانكن - حي اليرموك,الروضة,بلدية,بلدية الروضة,True,False,لا يوجد,,0,,,False,none,date_parsed_from_text,11,True
Data 2025.xlsx,4587,2025-05-19,2025-05,2025-W21,2,0,sw-3067-r01,sw-3067-R01,مسحة صانعة ثلج,(Swabs) المسحات,Swabs,(Swabs) المسحات,swab,دانكن - حي اليرموك,دانكن,حي اليرموك,دانكن - حي اليرموك,الروضة,بلدية,بلدية الروضة,True,False,لا يوجد,,0,,,False,none,date_parsed_from_text,11,True
Data 2025.xlsx,4603,2025-05-19,2025-05,2025-W21,2,0,sw-3068-r01,sw-3068-R01,مسحة سخان المسخن,(Swabs) المسحات,Swabs,(Swabs) المسحات,swab,ورقة عنب - حي اليرموك,ورقة عنب,حي اليرموك,ورقة عنب - حي اليرموك,الروضة,بلدية,بلدية الروضة,True,False,لا يوجد,,0,,,False,none,date_parsed_from_text,3,True
Data 2025.xlsx,4627,2025-05-19,2025-05,2025-W21,2,0,sw-3069-r01,sw-3069-R01,مسحة ثلاجة ايس كريم,(Swabs) المسحات,Swabs,(Swabs) المسحات,swab,باسكن بي ار روبنز - حي الشهداء,باسكن بي ار روبنز,حي الشهداء,باسكن بي ار روبنز - حي الشهداء,الروضة,بلدية,بلدية الروضة,True,False,لا يوجد,,0,,,False,none,date_parsed_from_text,0,False
Data 2025.xlsx,4628,2025-05-19,2025-05,2025-W21,2,0,sw-3070-r01,sw-3070-R01,مسحة ثلاجة ايس كريم,(Swabs) المسحات,Swabs,(Swabs) المسحات,swab,باسكن بي ار روبنز - حي الشهداء,باسكن بي ار روبنز,حي الشهداء,باسكن بي ار روبنز - حي الشهداء,الروضة,بلدية,بلدية الروضة,True,False,لا يوجد,,0,,,False,none,date_parsed_from_text,0,False
Data 2025.xlsx,4629,2025-05-19,2025-05,2025-W21,2,0,sw-3071-r01,sw-3071-R01,مسحة ثلاجة كيك,(Swabs) المسحات,Swabs,(Swabs) المسحات,swab,باسكن بي ار روبنز - حي الشهداء,باسكن بي ار روبنز,حي الشهداء,باسكن بي ار روبنز - حي الشهداء,الروضة,بلدية,بلدية الروضة,True,False,لا يوجد,,0,,,False,none,date_parsed_from_text,0,False
Data 2025.xlsx,4571,2025-05-19,2025-05,2025-W21,2,0,sweet-1042-r01,sweet-1042-R01,حلا شوكو فروستد دونت,الحلا(sweetness),sweetness,الحلا(sweetness),sweets_bakery,دانكن - حي اليرموك,دانكن,حي اليرموك,دانكن - حي اليرموك,الروضة,بلدية,بلدية الروضة,True,False,لا يوجد,,0,,,False,none,date_parsed_from_text,0,False
Data 2025.xlsx,4572,2025-05-19,2025-05,2025-W21,2,0,sweet-1043-r01,sweet-1043-R01,حلا لونج جون,الحلا(sweetness),sweetness,الحلا(sweetness),sweets_bakery,دانكن - حي اليرموك,دانكن,حي اليرموك,دانكن - حي اليرموك,الروضة,بلدية,بلدية الروضة,False,True,العد الكلي للبكتيريا,العد الكلي للبكتيريا,1,,العد الكلي للبكتيريا,False,indicator_only,date_parsed_from_text,1,False
Data 2025.xlsx,4573,2025-05-19,2025-05,2025-W21,2,0,sweet-1044-r01,sweet-1044-R01,مكس ليشوس التوت,الحلا(sweetness),sweetness,الحلا(sweetness),sweets_bakery,دانكن - حي اليرموك,دانكن,حي اليرموك,دانكن - حي اليرموك,الروضة,بلدية,بلدية الروضة,False,True,انتيروباكتريسي | باسيلس سيريس,انتيروباكتريسي | باسيلس سيريس,2,باسيلس سيريس,انتيروباكتريسي,True,pathogen,date_parsed_from_text,2,True
Data 2025.xlsx,4574,2025-05-19,2025-05,2025-W21,2,0,sweet-1045-r01,sweet-1045-R01,فريش مانجو,الحلا(sweetness),sweetness,الحلا(sweetness),sweets_bakery,دانكن - حي اليرموك,دانكن,حي اليرموك,دانكن - حي اليرموك,الروضة,بلدية,بلدية الروضة,False,True,انتيروباكتريسي,انتيروباكتريسي,1,,انتيروباكتريسي,False,indicator_only,date_parsed_from_text,3,True
Data 2025.xlsx,4575,2025-05-19,2025-05,2025-W21,2,0,sweet-1046-r01,sweet-1046-R01,فانيلا ماربل,الحلا(sweetness),sweetness,الحلا(sweetness),sweets_bakery,دانكن - حي اليرموك,دانكن,حي اليرموك,دانكن - حي اليرموك,الروضة,بلدية,بلدية الروضة,False,True,العد الكلي للبكتيريا,العد الكلي للبكتيريا,1,,العد الكلي للبكتيريا,False,indicator_only,date_parsed_from_text,4,True
Data 2025.xlsx,4576,2025-05-19,2025-05,2025-W21,2,0,sweet-1047-r01,sweet-1047-R01,دونت حشوة البافاريان,الحلا(sweetness),sweetness,الحلا(sweetness),sweets_bakery,دانكن - حي اليرموك,دانكن,حي اليرموك,دانكن - حي اليرموك,الروضة,بلدية,بلدية الروضة,False,True,العد الكلي للبكتيريا,العد الكلي للبكتيريا,1,,العد الكلي للبكتيريا,False,indicator_only,date_parsed_from_text,5,True
Data 2025.xlsx,4577,2025-05-19,2025-05,2025-W21,2,0,sweet-1048-r01,sweet-1048-R01,اولد فاشند,الحلا(sweetness),sweetness,الحلا(sweetness),sweets_bakery,دانكن - حي اليرموك,دانكن,حي اليرموك,دانكن - حي اليرموك,الروضة,بلدية,بلدية الروضة,False,True,العد الكلي للبكتيريا,العد الكلي للبكتيريا,1,,العد الكلي للبكتيريا,False,indicator_only,date_parsed_from_text,6,True
Data 2025.xlsx,4578,2025-05-19,2025-05,2025-W21,2,0,sweet-1049-r01,sweet-1049-R01,كراميل ويب,الحلا(sweetness),sweetness,الحلا(sweetness),sweets_bakery,دانكن - حي اليرموك,دانكن,حي اليرموك,دانكن - حي اليرموك,الروضة,بلدية,بلدية الروضة,False,True,العد الكلي للبكتيريا,العد الكلي للبكتيريا,1,,العد الكلي للبكتيريا,False,indicator_only,date_parsed_from_text,7,True
Data 2025.xlsx,4579,2025-05-19,2025-05,2025-W21,2,0,sweet-1050-r01,sweet-1050-R01,فروستد بالفستق,الحلا(sweetness),sweetness,الحلا(sweetness),sweets_bakery,دانكن - حي اليرموك,دانكن,حي اليرموك,دانكن - حي اليرموك,الروضة,بلدية,بلدية الروضة,False,True,العد الكلي للبكتيريا,العد الكلي للبكتيريا,1,,العد الكلي للبكتيريا,False,indicator_only,date_parsed_from_text,8,True
Data 2025.xlsx,4580,2025-05-19,2025-05,2025-W21,2,0,sweet-1051-r01,sweet-1051-R01,كنافة فستث,الحلا(sweetness),sweetness,الحلا(sweetness),sweets_bakery,دانكن - حي اليرموك,دانكن,حي اليرموك,دانكن - حي اليرموك,الروضة,بلدية,بلدية الروضة,True,False,لا يوجد,,0,,,False,none,date_parsed_from_text,8,True
Data 2025.xlsx,4633,2025-05-19,2025-05,2025-W21,2,0,sweet-1052-r01,sweet-1052-R01,بي قان,الحلا(sweetness),sweetness,الحلا(sweetness),sweets_bakery,هشه - حي اليرموك,هشه,حي اليرموك,هشه - حي اليرموك,الروضة,بلدية,بلدية الروضة,True,False,لا يوجد,,0,,,False,none,date_parsed_from_text,1,False
Data 2025.xlsx,4634,2025-05-19,2025-05,2025-W21,2,0,sweet-1053-r01,sweet-1053-R01,قرفة مقرطة,الحلا(sweetness),sweetness,الحلا(sweetness),sweets_bakery,هشه - حي اليرموك,هشه,حي اليرموك,هشه - حي اليرموك,الروضة,بلدية,بلدية الروضة,True,False,لا يوجد,,0,,,False,none,date_parsed_from_text,1,False
Data 2025.xlsx,4635,2025-05-19,2025-05,2025-W21,2,0,sweet-1054-r01,sweet-1054-R01,مقروطة سمسم,الحلا(sweetness),sweetness,الحلا(sweetness),sweets_bakery,هشه - حي اليرموك,هشه,حي اليرموك,هشه - حي اليرموك,الروضة,بلدية,بلدية الروضة,True,False,لا يوجد,,0,,,False,none,date_parsed_from_text,1,False
Data 2025.xlsx,4636,2025-05-19,2025-05,2025-W21,2,0,sweet-1055-r01,sweet-1055-R01,مقروطة بالتمر السادة,الحلا(sweetness),sweetness,الحلا(sweetness),sweets_bakery,هشه - حي اليرموك,هشه,حي اليرموك,هشه - حي اليرموك,الروضة,بلدية,بلدية الروضة,True,False,لا يوجد,,0,,,False,none,date_parsed_from_text,1,False
Data 2025.xlsx,4637,2025-05-19,2025-05,2025-W21,2,0,sweet-1056-r01,sweet-1056-R01,رول تمر بالسمسم,الحلا(sweetness),sweetness,الحلا(sweetness),sweets_bakery,هشه - حي اليرموك,هشه,حي اليرموك,هشه - حي اليرموك,الروضة,بلدية,بلدية الروضة,True,False,لا يوجد,,0,,,False,none,date_parsed_from_text,1,False
Data 2025.xlsx,4638,2025-05-19,2025-05,2025-W21,2,0,sweet-1057-r01,sweet-1057-R01,معمول تمر بر,الحلا(sweetness),sweetness,الحلا(sweetness),sweets_bakery,هشه - حي اليرموك,هشه,حي اليرموك,هشه - حي اليرموك,الروضة,بلدية,بلدية الروضة,True,False,لا يوجد,,0,,,False,none,date_parsed_from_text,1,False
Data 2025.xlsx,4639,2025-05-19,2025-05,2025-W21,2,0,sweet-1058-r01,sweet-1058-R01,معمول مكس,الحلا(sweetness),sweetness,الحلا(sweetness),sweets_bakery,هشه - حي اليرموك,هشه,حي اليرموك,هشه - حي اليرموك,الروضة,بلدية,بلدية الروضة,True,False,لا يوجد,,0,,,False,none,date_parsed_from_text,1,False
Data 2025.xlsx,4640,2025-05-19,2025-05,2025-W21,2,0,ubot-0975-r01,Ubot-0975-R01,مياه حنفية لغسيل الادوات,المياه الغير معبأة (Unbottled water),Unbottled water,المياه الغير معبأة (Unbottled water),water,ملحمة عواض سعد مشبب الشهري لحوم مبرده,ملحمة عواض سعد مشبب الشهري لحوم مبرده,,ملحمة عواض سعد مشبب الشهري لحوم مبرده,الشمال,بلدية,بلدية الشمال,False,True,كوليفورم | ايشيريشيا كولاي,كوليفورم | ايشيريشيا كولاي,2,ايشيريشيا كولاي,كوليفورم,True,pathogen,date_parsed_from_text,3,True
Data 2025.xlsx,4641,2025-05-19,2025-05,2025-W21,2,0,ubot-0976-r01,Ubot-0976-R01,مياه غسيل ادوات,المياه الغير معبأة (Unbottled water),Unbottled water,المياه الغير معبأة (Unbottled water),water,فطيرة الفلافل - حي اليرموك,فطيرة الفلافل,حي اليرموك,فطيرة الفلافل - حي اليرموك,الروضة,بلدية,بلدية الروضة,True,False,لا يوجد,,0,,,False,none,date_parsed_from_text,4,True
Data 2025.xlsx,4642,2025-05-19,2025-05,2025-W21,2,0,ubot-0977-r01,Ubot-0977-R01,مياه حنفية غسيل ادوات,المياه الغير معبأة (Unbottled water),Unbottled water,المياه الغير معبأة (Unbottled water),water,بلدية الروضة,بلدية الروضة,,بلدية الروضة,الروضة,بلدية,بلدية الروضة,True,False,لا يوجد,,0,,,False,none,date_parsed_from_text,0,False
Data 2025.xlsx,4673,2025-05-20,2025-05,2025-W21,2,1,O-U-po-0197-R01,O-U-po-0197-R01,رمان حب,الرمان (pomegranate),pomegranate,الرمان (pomegranate),produce,شركة مطعم بيت الشاورما لتقديم الوجبات - حي القدس,شركة مطعم بيت الشاورما لتقديم الوجبات,حي القدس,شركة مطعم بيت الشاورما لتقديم الوجبات - حي القدس,الروضة,بلدية,بلدية الروضة,True,False,لا يوجد,,0,,,False,none,date_parsed_from_text,12,True
Data 2025.xlsx,4663,2025-05-20,2025-05,2025-W21,2,1,O-U-to-0623-R01,O-U-to-0623-R01,طماطم شرائح,الطماطم (Tomatoes),Tomatoes,الطماطم (Tomatoes),produce,شركة مطعم بيت الشاورما لتقديم الوجبات - حي القدس,شركة مطعم بيت الشاورما لتقديم الوجبات,حي القدس,شركة مطعم بيت الشاورما لتقديم الوجبات - حي القدس,الروضة,بلدية,بلدية الروضة,True,False,لا يوجد,,0,,,False,none,date_parsed_from_text,10,True
Data 2025.xlsx,4664,2025-05-20,2025-05,2025-W21,2,1,O-r-O3-le-0345-R01,O-r-O3-le-0345-R01,قطع خس,الخس (Lettuce),Lettuce,الخس (Lettuce),produce,شركة مطعم بيت الشاورما لتقديم الوجبات - حي القدس,شركة مطعم بيت الشاورما لتقديم الوجبات,حي القدس,شركة مطعم بيت الشاورما لتقديم الوجبات - حي القدس,الروضة,بلدية,بلدية الروضة,False,True,استافيلوكوكس اورياس,استافيلوكوكس اورياس,1,استافيلوكوكس اورياس,,True,pathogen,date_parsed_from_text,11,True
Data 2025.xlsx,4656,2025-05-20,2025-05,2025-W21,2,1,OO-OSS-po-0394-R01,OO-OSS-po-0394-R01,بطاطس مقلي,البطاطس (potatoes),potatoes,البطاطس (potatoes),produce,شركة مطعم بيت الشاورما لتقديم الوجبات - حي القدس,شركة مطعم بيت الشاورما لتقديم الوجبات,حي القدس,شركة مطعم بيت الشاورما لتقديم الوجبات - حي القدس,الروضة,بلدية,بلدية الروضة,True,False,لا يوجد,,0,,,False,none,date_parsed_from_text,6,True
Data 2025.xlsx,4649,2025-05-20,2025-05,2025-W21,2,1,UU-ca-0111-R01,UU-ca-0111-R01,قطع ملفوف,الملفوف (cabbage),cabbage,الملفوف (cabbage),produce,شركة مطعم بيت الشاورما لتقديم الوجبات - حي القدس,شركة مطعم بيت الشاورما لتقديم الوجبات,حي القدس,شركة مطعم بيت الشاورما لتقديم الوجبات - حي القدس,الروضة,بلدية,بلدية الروضة,False,True,استافيلوكوكس اورياس,استافيلوكوكس اورياس,1,استافيلوكوكس اورياس,,True,pathogen,date_parsed_from_text,2,True
Data 2025.xlsx,4660,2025-05-20,2025-05,2025-W21,2,1,appe-0465-r01,Appe-0465-R01,حمص افوكادو,مقبلات (Appetizers),Appetizers,مقبلات (Appetizers),prepared_meal,شركة مطعم بيت الشاورما لتقديم الوجبات - حي القدس,شركة مطعم بيت الشاورما لتقديم الوجبات,حي القدس,شركة مطعم بيت الشاورما لتقديم الوجبات - حي القدس,الروضة,بلدية,بلدية الروضة,False,True,العد الكلي للبكتيريا,العد الكلي للبكتيريا,1,,العد الكلي للبكتيريا,False,indicator_only,date_parsed_from_text,8,True
Data 2025.xlsx,4661,2025-05-20,2025-05,2025-W21,2,1,appe-0466-r01,Appe-0466-R01,متبل,مقبلات (Appetizers),Appetizers,مقبلات (Appetizers),prepared_meal,شركة مطعم بيت الشاورما لتقديم الوجبات - حي القدس,شركة مطعم بيت الشاورما لتقديم الوجبات,حي القدس,شركة مطعم بيت الشاورما لتقديم الوجبات - حي القدس,الروضة,بلدية,بلدية الروضة,False,True,العد الكلي للبكتيريا,العد الكلي للبكتيريا,1,,العد الكلي للبكتيريا,False,indicator_only,date_parsed_from_text,9,True
Data 2025.xlsx,4667,2025-05-20,2025-05,2025-W21,2,1,br-0092-r01,Br-0092-R01,خبز برجر,الخبـز (Bread),Bread,الخبـز (Bread),sweets_bakery,شركة مطعم بيت الشاورما لتقديم الوجبات - حي القدس,شركة مطعم بيت الشاورما لتقديم الوجبات,حي القدس,شركة مطعم بيت الشاورما لتقديم الوجبات - حي القدس,الروضة,بلدية,بلدية الروضة,True,False,لا يوجد,,0,,,False,none,date_parsed_from_text,12,True
Data 2025.xlsx,4652,2025-05-20,2025-05,2025-W21,2,1,chee-0733-r01,Chee-0733-R01,جبن شيدر,(cheese) جبنة,cheese,(cheese) جبنة,dairy,شركة مطعم بيت الشاورما لتقديم الوجبات - حي القدس,شركة مطعم بيت الشاورما لتقديم الوجبات,حي القدس,شركة مطعم بيت الشاورما لتقديم الوجبات - حي القدس,الروضة,بلدية,بلدية الروضة,True,False,لا يوجد,,0,,,False,none,date_parsed_from_text,3,True
Data 2025.xlsx,4676,2025-05-20,2025-05,2025-W21,2,1,cm-0105-r01,Cm-0105-R01,شاورما لحم,اللحوم المطبوخة (Cooked meat),Cooked meat,اللحوم المطبوخة (Cooked meat),cooked_meat_poultry,شركة مطعم بيت الشاورما لتقديم الوجبات - حي القدس,شركة مطعم بيت الشاورما لتقديم الوجبات,حي القدس,شركة مطعم بيت الشاورما لتقديم الوجبات - حي القدس,الروضة,بلدية,بلدية الروضة,True,False,لا يوجد,,0,,,False,none,date_parsed_from_text,13,True
Data 2025.xlsx,4675,2025-05-20,2025-05,2025-W21,2,1,co-0508-r01,co-0508-R01,شاورما دجاج,الدجاج المطبوخ (Cooked chicken),Cooked chicken,الدجاج المطبوخ (Cooked chicken),cooked_meat_poultry,شركة مطعم بيت الشاورما لتقديم الوجبات - حي القدس,شركة مطعم بيت الشاورما لتقديم الوجبات,حي القدس,شركة مطعم بيت الشاورما لتقديم الوجبات - حي القدس,الروضة,بلدية,بلدية الروضة,True,False,لا يوجد,,0,,,False,none,date_parsed_from_text,13,True
Data 2025.xlsx,4679,2025-05-20,2025-05,2025-W21,2,1,co-0509-r01,co-0509-R01,ستربس سبايسي,الدجاج المطبوخ (Cooked chicken),Cooked chicken,الدجاج المطبوخ (Cooked chicken),cooked_meat_poultry,شركة مطعم بيت الشاورما لتقديم الوجبات - حي القدس,شركة مطعم بيت الشاورما لتقديم الوجبات,حي القدس,شركة مطعم بيت الشاورما لتقديم الوجبات - حي القدس,الروضة,بلدية,بلدية الروضة,True,False,لا يوجد,,0,,,False,none,date_parsed_from_text,14,True
Data 2025.xlsx,4678,2025-05-20,2025-05,2025-W21,2,1,fala-0064-r01,Fala-0064-R01,فلافل,فلافل( falafil),falafil,فلافل( falafil),sweets_bakery,شركة مطعم بيت الشاورما لتقديم الوجبات - حي القدس,شركة مطعم بيت الشاورما لتقديم الوجبات,حي القدس,شركة مطعم بيت الشاورما لتقديم الوجبات - حي القدس,الروضة,بلدية,بلدية الروضة,True,False,لا يوجد,,0,,,False,none,date_parsed_from_text,14,True
Data 2025.xlsx,4644,2025-05-20,2025-05,2025-W21,2,1,fish-0192-r01,fish-0192-R01,سمك فوتي,Fish/fish product(الاسماك / منتجات الاسماك),fish product,Fish/fish product(الاسماك / منتجات الاسماك),cooked_meat_poultry,ماجد سعد نور العزيزي المطيري للاسماك المجمدة,ماجد سعد نور العزيزي المطيري للاسماك المجمدة,,ماجد سعد نور العزيزي المطيري للاسماك المجمدة,العليا,بلدية,بلدية العليا,True,False,لا يوجد,,0,,,False,none,date_parsed_from_text,0,False
Data 2025.xlsx,4645,2025-05-20,2025-05,2025-W21,2,1,fish-0193-r01,fish-0193-R01,سمك اسباني مكارين,Fish/fish product(الاسماك / منتجات الاسماك),fish product,Fish/fish product(الاسماك / منتجات الاسماك),cooked_meat_poultry,ماجد سعد نور العزيزي المطيري للاسماك المجمدة,ماجد سعد نور العزيزي المطيري للاسماك المجمدة,,ماجد سعد نور العزيزي المطيري للاسماك المجمدة,العليا,بلدية,بلدية العليا,False,True,العد الكلي للبكتيريا,العد الكلي للبكتيريا,1,,العد الكلي للبكتيريا,False,indicator_only,date_parsed_from_text,1,False
Data 2025.xlsx,4646,2025-05-20,2025-05,2025-W21,2,1,fish-0194-r01,fish-0194-R01,روبيان جازادكو,Fish/fish product(الاسماك / منتجات الاسماك),fish product,Fish/fish product(الاسماك / منتجات الاسماك),cooked_meat_poultry,ماجد سعد نور العزيزي المطيري للاسماك المجمدة,ماجد سعد نور العزيزي المطيري للاسماك المجمدة,,ماجد سعد نور العزيزي المطيري للاسماك المجمدة,العليا,بلدية,بلدية العليا,True,False,لا يوجد,,0,,,False,none,date_parsed_from_text,1,False
Data 2025.xlsx,4658,2025-05-20,2025-05,2025-W21,2,1,hs-0312-r01,HS-0312-R01,شطة حارة,الشطة (Hot sauce),Hot sauce,الشطة (Hot sauce),sauce_condiment,شركة مطعم بيت الشاورما لتقديم الوجبات - حي القدس,شركة مطعم بيت الشاورما لتقديم الوجبات,حي القدس,شركة مطعم بيت الشاورما لتقديم الوجبات - حي القدس,الروضة,بلدية,بلدية الروضة,True,False,لا يوجد,,0,,,False,none,date_parsed_from_text,6,True
Data 2025.xlsx,4665,2025-05-20,2025-05,2025-W21,2,1,mola-0046-r01,mola-0046-R01,دبس الرمان,( Molasses) دبس,Molasses,( Molasses) دبس,sauce_condiment,شركة مطعم بيت الشاورما لتقديم الوجبات - حي القدس,شركة مطعم بيت الشاورما لتقديم الوجبات,حي القدس,شركة مطعم بيت الشاورما لتقديم الوجبات - حي القدس,الروضة,بلدية,بلدية الروضة,True,False,لا يوجد,,0,,,False,none,date_parsed_from_text,11,True
Data 2025.xlsx,4648,2025-05-20,2025-05,2025-W21,2,1,pick-0425-r01,Pick-0425-R01,مخلل مشكل,المخلل (Pickle),Pickle,المخلل (Pickle),sauce_condiment,شركة مطعم بيت الشاورما لتقديم الوجبات - حي القدس,شركة مطعم بيت الشاورما لتقديم الوجبات,حي القدس,شركة مطعم بيت الشاورما لتقديم الوجبات - حي القدس,الروضة,بلدية,بلدية الروضة,True,False,لا يوجد,,0,,,False,none,date_parsed_from_text,1,False
Data 2025.xlsx,4654,2025-05-20,2025-05,2025-W21,2,1,po-0117-r01,po-0117-R01,كباب دجاج (ني),الدجاج (Poultry),Poultry,الدجاج (Poultry),cooked_meat_poultry,شركة مطعم بيت الشاورما لتقديم الوجبات - حي القدس,شركة مطعم بيت الشاورما لتقديم الوجبات,حي القدس,شركة مطعم بيت الشاورما لتقديم الوجبات - حي القدس,الروضة,بلدية,بلدية الروضة,False,True,العد الكلي للبكتيريا | السالمونيلا,العد الكلي للبكتيريا | السالمونيلا,2,السالمونيلا,العد الكلي للبكتيريا,True,pathogen,date_parsed_from_text,5,True
Data 2025.xlsx,4643,2025-05-20,2025-05,2025-W21,2,1,raw-0209-r01,Raw-0209-R01,لحم جاموس مجمد هندي بدون عظم,لحوم نيئة مبردة ومجمدة (Raw meat Cold or chilled ),Raw meat Cold or chilled,لحوم نيئة مبردة ومجمدة (Raw meat Cold or chilled ),raw_meat,ماجد سعد نور العزيزي المطيري للاسماك المجمدة,ماجد سعد نور العزيزي المطيري للاسماك المجمدة,,ماجد سعد نور العزيزي المطيري للاسماك المجمدة,العليا,بلدية,بلدية العليا,True,False,لا يوجد,,0,,,False,none,date_parsed_from_text,0,False
Data 2025.xlsx,4655,2025-05-20,2025-05,2025-W21,2,1,raw-0210-r01,Raw-0210-R01,كباب لحم (ني),لحوم نيئة مبردة ومجمدة (Raw meat Cold or chilled ),Raw meat Cold or chilled,لحوم نيئة مبردة ومجمدة (Raw meat Cold or chilled ),raw_meat,شركة مطعم بيت الشاورما لتقديم الوجبات - حي القدس,شركة مطعم بيت الشاورما لتقديم الوجبات,حي القدس,شركة مطعم بيت الشاورما لتقديم الوجبات - حي القدس,الروضة,بلدية,بلدية الروضة,False,True,العد الكلي للبكتيريا | السالمونيلا,العد الكلي للبكتيريا | السالمونيلا,2,السالمونيلا,العد الكلي للبكتيريا,True,pathogen,date_parsed_from_text,6,True
Data 2025.xlsx,4647,2025-05-20,2025-05,2025-W21,2,1,sal-1351-r01,Sal-1351-R01,سلطة خيار وجزر,السلطة(Salad),Salad,السلطة(Salad),produce,شركة مطعم بيت الشاورما لتقديم الوجبات - حي القدس,شركة مطعم بيت الشاورما لتقديم الوجبات,حي القدس,شركة مطعم بيت الشاورما لتقديم الوجبات - حي القدس,الروضة,بلدية,بلدية الروضة,False,True,استافيلوكوكس اورياس,استافيلوكوكس اورياس,1,استافيلوكوكس اورياس,,True,pathogen,date_parsed_from_text,1,False
Data 2025.xlsx,4674,2025-05-20,2025-05,2025-W21,2,1,sal-1352-r01,Sal-1352-R01,سلطة كلوس لو,السلطة(Salad),Salad,السلطة(Salad),produce,شركة مطعم بيت الشاورما لتقديم الوجبات - حي القدس,شركة مطعم بيت الشاورما لتقديم الوجبات,حي القدس,شركة مطعم بيت الشاورما لتقديم الوجبات - حي القدس,الروضة,بلدية,بلدية الروضة,False,True,استافيلوكوكس اورياس,استافيلوكوكس اورياس,1,استافيلوكوكس اورياس,,True,pathogen,date_parsed_from_text,13,True
Data 2025.xlsx,4650,2025-05-20,2025-05,2025-W21,2,1,sau-1759-r01,sau-1759-R01,صوص ثوملا,صوص (sauce),sauce,صوص (sauce),sauce_condiment,شركة مطعم بيت الشاورما لتقديم الوجبات - حي القدس,شركة مطعم بيت الشاورما لتقديم الوجبات,حي القدس,شركة مطعم بيت الشاورما لتقديم الوجبات - حي القدس,الروضة,بلدية,بلدية الروضة,True,False,لا يوجد,,0,,,False,none,date_parsed_from_text,2,True
Data 2025.xlsx,4651,2025-05-20,2025-05,2025-W21,2,1,sau-1760-r01,sau-1760-R01,صوص فتة,صوص (sauce),sauce,صوص (sauce),sauce_condiment,شركة مطعم بيت الشاورما لتقديم الوجبات - حي القدس,شركة مطعم بيت الشاورما لتقديم الوجبات,حي القدس,شركة مطعم بيت الشاورما لتقديم الوجبات - حي القدس,الروضة,بلدية,بلدية الروضة,False,True,العد الكلي للبكتيريا,العد الكلي للبكتيريا,1,,العد الكلي للبكتيريا,False,indicator_only,date_parsed_from_text,3,True
Data 2025.xlsx,4657,2025-05-20,2025-05,2025-W21,2,1,sau-1761-r01,sau-1761-R01,صوص طحينة,صوص (sauce),sauce,صوص (sauce),sauce_condiment,شركة مطعم بيت الشاورما لتقديم الوجبات - حي القدس,شركة مطعم بيت الشاورما لتقديم الوجبات,حي القدس,شركة مطعم بيت الشاورما لتقديم الوجبات - حي القدس,الروضة,بلدية,بلدية الروضة,True,False,لا يوجد,,0,,,False,none,date_parsed_from_text,6,True
Data 2025.xlsx,4659,2025-05-20,2025-05,2025-W21,2,1,sau-1762-r01,sau-1762-R01,صوص ثوم حار,صوص (sauce),sauce,صوص (sauce),sauce_condiment,شركة مطعم بيت الشاورما لتقديم الوجبات - حي القدس,شركة مطعم بيت الشاورما لتقديم الوجبات,حي القدس,شركة مطعم بيت الشاورما لتقديم الوجبات - حي القدس,الروضة,بلدية,بلدية الروضة,False,True,العد الكلي للبكتيريا,العد الكلي للبكتيريا,1,,العد الكلي للبكتيريا,False,indicator_only,date_parsed_from_text,7,True
Data 2025.xlsx,4662,2025-05-20,2025-05,2025-W21,2,1,sau-1763-r01,sau-1763-R01,صوص دقة,صوص (sauce),sauce,صوص (sauce),sauce_condiment,شركة مطعم بيت الشاورما لتقديم الوجبات - حي القدس,شركة مطعم بيت الشاورما لتقديم الوجبات,حي القدس,شركة مطعم بيت الشاورما لتقديم الوجبات - حي القدس,الروضة,بلدية,بلدية الروضة,False,True,انتيروباكتريسي | الخمائر والاعفان,انتيروباكتريسي | الخمائر والاعفان,2,,انتيروباكتريسي | الخمائر والاعفان,False,indicator_only,date_parsed_from_text,10,True
Data 2025.xlsx,4666,2025-05-20,2025-05,2025-W21,2,1,sau-1764-r01,sau-1764-R01,صوص ليمون,صوص (sauce),sauce,صوص (sauce),sauce_condiment,شركة مطعم بيت الشاورما لتقديم الوجبات - حي القدس,شركة مطعم بيت الشاورما لتقديم الوجبات,حي القدس,شركة مطعم بيت الشاورما لتقديم الوجبات - حي القدس,الروضة,بلدية,بلدية الروضة,False,True,العد الكلي للبكتيريا,العد الكلي للبكتيريا,1,,العد الكلي للبكتيريا,False,indicator_only,date_parsed_from_text,12,True
Data 2025.xlsx,4668,2025-05-20,2025-05,2025-W21,2,1,sau-1765-r01,sau-1765-R01,صوص دبل ان,صوص (sauce),sauce,صوص (sauce),sauce_condiment,شركة مطعم بيت الشاورما لتقديم الوجبات - حي القدس,شركة مطعم بيت الشاورما لتقديم الوجبات,حي القدس,شركة مطعم بيت الشاورما لتقديم الوجبات - حي القدس,الروضة,بلدية,بلدية الروضة,True,False,لا يوجد,,0,,,False,none,date_parsed_from_text,12,True
Data 2025.xlsx,4669,2025-05-20,2025-05,2025-W21,2,1,sau-1766-r01,sau-1766-R01,صوص باربكيو,صوص (sauce),sauce,صوص (sauce),sauce_condiment,شركة مطعم بيت الشاورما لتقديم الوجبات - حي القدس,شركة مطعم بيت الشاورما لتقديم الوجبات,حي القدس,شركة مطعم بيت الشاورما لتقديم الوجبات - حي القدس,الروضة,بلدية,بلدية الروضة,True,False,لا يوجد,,0,,,False,none,date_parsed_from_text,12,True
Data 2025.xlsx,4670,2025-05-20,2025-05,2025-W21,2,1,sau-1767-r01,sau-1767-R01,صوص برجر عادي,صوص (sauce),sauce,صوص (sauce),sauce_condiment,شركة مطعم بيت الشاورما لتقديم الوجبات - حي القدس,شركة مطعم بيت الشاورما لتقديم الوجبات,حي القدس,شركة مطعم بيت الشاورما لتقديم الوجبات - حي القدس,الروضة,بلدية,بلدية الروضة,True,False,لا يوجد,,0,,,False,none,date_parsed_from_text,12,True
Data 2025.xlsx,4671,2025-05-20,2025-05,2025-W21,2,1,sau-1768-r01,sau-1768-R01,صوص سبايسي,صوص (sauce),sauce,صوص (sauce),sauce_condiment,شركة مطعم بيت الشاورما لتقديم الوجبات - حي القدس,شركة مطعم بيت الشاورما لتقديم الوجبات,حي القدس,شركة مطعم بيت الشاورما لتقديم الوجبات - حي القدس,الروضة,بلدية,بلدية الروضة,True,False,لا يوجد,,0,,,False,none,date_parsed_from_text,12,True
Data 2025.xlsx,4672,2025-05-20,2025-05,2025-W21,2,1,sau-1769-r01,sau-1769-R01,صوص كاتشب,صوص (sauce),sauce,صوص (sauce),sauce_condiment,شركة مطعم بيت الشاورما لتقديم الوجبات - حي القدس,شركة مطعم بيت الشاورما لتقديم الوجبات,حي القدس,شركة مطعم بيت الشاورما لتقديم الوجبات - حي القدس,الروضة,بلدية,بلدية الروضة,True,False,لا يوجد,,0,,,False,none,date_parsed_from_text,12,True
Data 2025.xlsx,4653,2025-05-20,2025-05,2025-W21,2,1,sw-3072-r01,sw-3072-R01,مسحة طاولة تقطيع مشويات,(Swabs) المسحات,Swabs,(Swabs) المسحات,swab,شركة مطعم بيت الشاورما لتقديم الوجبات - حي القدس,شركة مطعم بيت الشاورما لتقديم الوجبات,حي القدس,شركة مطعم بيت الشاورما لتقديم الوجبات - حي القدس,الروضة,بلدية,بلدية الروضة,False,True,العد الكلي للبكتيريا,العد الكلي للبكتيريا,1,,العد الكلي للبكتيريا,False,indicator_only,date_parsed_from_text,4,True
Data 2025.xlsx,4680,2025-05-20,2025-05,2025-W21,2,1,sw-3073-r01,sw-3073-R01,مسحة طاولة تقطيع,(Swabs) المسحات,Swabs,(Swabs) المسحات,swab,شركة مطعم بيت الشاورما لتقديم الوجبات - حي القدس,شركة مطعم بيت الشاورما لتقديم الوجبات,حي القدس,شركة مطعم بيت الشاورما لتقديم الوجبات - حي القدس,الروضة,بلدية,بلدية الروضة,True,False,لا يوجد,,0,,,False,none,date_parsed_from_text,14,True
Data 2025.xlsx,4681,2025-05-20,2025-05,2025-W21,2,1,sw-3074-r01,sw-3074-R01,مسحة طاولة تحضير,(Swabs) المسحات,Swabs,(Swabs) المسحات,swab,شركة مطعم بيت الشاورما لتقديم الوجبات - حي القدس,شركة مطعم بيت الشاورما لتقديم الوجبات,حي القدس,شركة مطعم بيت الشاورما لتقديم الوجبات - حي القدس,الروضة,بلدية,بلدية الروضة,True,False,لا يوجد,,0,,,False,none,date_parsed_from_text,14,True
Data 2025.xlsx,4682,2025-05-20,2025-05,2025-W21,2,1,sw-3075-r01,sw-3075-R01,مسحة طاولة تقطيع,(Swabs) المسحات,Swabs,(Swabs) المسحات,swab,شركة مطعم بيت الشاورما لتقديم الوجبات - حي القدس,شركة مطعم بيت الشاورما لتقديم الوجبات,حي القدس,شركة مطعم بيت الشاورما لتقديم الوجبات - حي القدس,الروضة,بلدية,بلدية الروضة,True,False,لا يوجد,,0,,,False,none,date_parsed_from_text,14,True
Data 2025.xlsx,4683,2025-05-20,2025-05,2025-W21,2,1,sw-3076-r01,sw-3076-R01,مسحة طاولة تقطيع,(Swabs) المسحات,Swabs,(Swabs) المسحات,swab,شركة مطعم بيت الشاورما لتقديم الوجبات - حي القدس,شركة مطعم بيت الشاورما لتقديم الوجبات,حي القدس,شركة مطعم بيت الشاورما لتقديم الوجبات - حي القدس,الروضة,بلدية,بلدية الروضة,True,False,لا يوجد,,0,,,False,none,date_parsed_from_text,14,True
Data 2025.xlsx,4684,2025-05-20,2025-05,2025-W21,2,1,sw-3077-r01,sw-3077-R01,مسحة الة تقطيع شاورما,(Swabs) المسحات,Swabs,(Swabs) المسحات,swab,شركة مطعم بيت الشاورما لتقديم الوجبات - حي القدس,شركة مطعم بيت الشاورما لتقديم الوجبات,حي القدس,شركة مطعم بيت الشاورما لتقديم الوجبات - حي القدس,الروضة,بلدية,بلدية الروضة,True,False,لا يوجد,,0,,,False,none,date_parsed_from_text,14,True
Data 2025.xlsx,4685,2025-05-20,2025-05,2025-W21,2,1,sw-3078-r01,sw-3078-R01,مسحة الة تقطيع شاورما,(Swabs) المسحات,Swabs,(Swabs) المسحات,swab,شركة مطعم بيت الشاورما لتقديم الوجبات - حي القدس,شركة مطعم بيت الشاورما لتقديم الوجبات,حي القدس,شركة مطعم بيت الشاورما لتقديم الوجبات - حي القدس,الروضة,بلدية,بلدية الروضة,True,False,لا يوجد,,0,,,False,none,date_parsed_from_text,14,True
Data 2025.xlsx,4686,2025-05-20,2025-05,2025-W21,2,1,sw-3079-r01,sw-3079-R01,مسحة الة تقطيع شاورما 3 (لحم),(Swabs) المسحات,Swabs,(Swabs) المسحات,swab,شركة مطعم بيت الشاورما لتقديم الوجبات - حي القدس,شركة مطعم بيت الشاورما لتقديم الوجبات,حي القدس,شركة مطعم بيت الشاورما لتقديم الوجبات - حي القدس,الروضة,بلدية,بلدية الروضة,False,True,العد الكلي للبكتيريا,العد الكلي للبكتيريا,1,,العد الكلي للبكتيريا,False,indicator_only,date_parsed_from_text,15,True
Data 2025.xlsx,4687,2025-05-20,2025-05,2025-W21,2,1,sw-3080-r01,sw-3080-R01,مسحة يد,(Swabs) المسحات,Swabs,(Swabs) المسحات,swab,شركة مطعم بيت الشاورما لتقديم الوجبات - حي القدس,شركة مطعم بيت الشاورما لتقديم الوجبات,حي القدس,شركة مطعم بيت الشاورما لتقديم الوجبات - حي القدس,الروضة,بلدية,بلدية الروضة,True,False,لا يوجد,,0,,,False,none,date_parsed_from_text,15,True
Data 2025.xlsx,4688,2025-05-20,2025-05,2025-W21,2,1,sw-3081-r01,sw-3081-R01,مسحة يد,(Swabs) المسحات,Swabs,(Swabs) المسحات,swab,شركة مطعم بيت الشاورما لتقديم الوجبات - حي القدس,شركة مطعم بيت الشاورما لتقديم الوجبات,حي القدس,شركة مطعم بيت الشاورما لتقديم الوجبات - حي القدس,الروضة,بلدية,بلدية الروضة,True,False,لا يوجد,,0,,,False,none,date_parsed_from_text,15,True
Data 2025.xlsx,4689,2025-05-20,2025-05,2025-W21,2,1,sw-3082-r01,sw-3082-R01,مسحة يد,(Swabs) المسحات,Swabs,(Swabs) المسحات,swab,شركة مطعم بيت الشاورما لتقديم الوجبات - حي القدس,شركة مطعم بيت الشاورما لتقديم الوجبات,حي القدس,شركة مطعم بيت الشاورما لتقديم الوجبات - حي القدس,الروضة,بلدية,بلدية الروضة,True,False,لا يوجد,,0,,,False,none,date_parsed_from_text,15,True
Data 2025.xlsx,4690,2025-05-20,2025-05,2025-W21,2,1,sw-3083-r01,sw-3083-R01,مسحة يد,(Swabs) المسحات,Swabs,(Swabs) المسحات,swab,شركة مطعم بيت الشاورما لتقديم الوجبات - حي القدس,شركة مطعم بيت الشاورما لتقديم الوجبات,حي القدس,شركة مطعم بيت الشاورما لتقديم الوجبات - حي القدس,الروضة,بلدية,بلدية الروضة,False,True,العد الكلي للبكتيريا,العد الكلي للبكتيريا,1,,العد الكلي للبكتيريا,False,indicator_only,date_parsed_from_text,16,True
Data 2025.xlsx,4691,2025-05-20,2025-05,2025-W21,2,1,sw-3084-r01,sw-3084-R01,مسحة اسطح,(Swabs) المسحات,Swabs,(Swabs) المسحات,swab,شركة مطعم بيت الشاورما لتقديم الوجبات - حي القدس,شركة مطعم بيت الشاورما لتقديم الوجبات,حي القدس,شركة مطعم بيت الشاورما لتقديم الوجبات - حي القدس,الروضة,بلدية,بلدية الروضة,True,False,لا يوجد,,0,,,False,none,date_parsed_from_text,16,True
Data 2025.xlsx,4692,2025-05-20,2025-05,2025-W21,2,1,sw-3085-r01,sw-3085-R01,مسحة اسطح,(Swabs) المسحات,Swabs,(Swabs) المسحات,swab,شركة مطعم بيت الشاورما لتقديم الوجبات - حي القدس,شركة مطعم بيت الشاورما لتقديم الوجبات,حي القدس,شركة مطعم بيت الشاورما لتقديم الوجبات - حي القدس,الروضة,بلدية,بلدية الروضة,True,False,لا يوجد,,0,,,False,none,date_parsed_from_text,16,True
Data 2025.xlsx,4693,2025-05-20,2025-05,2025-W21,2,1,sw-3086-r01,sw-3086-R01,مسحة اسطح,(Swabs) المسحات,Swabs,(Swabs) المسحات,swab,شركة مطعم بيت الشاورما لتقديم الوجبات - حي القدس,شركة مطعم بيت الشاورما لتقديم الوجبات,حي القدس,شركة مطعم بيت الشاورما لتقديم الوجبات - حي القدس,الروضة,بلدية,بلدية الروضة,True,False,لا يوجد,,0,,,False,none,date_parsed_from_text,16,True
Data 2025.xlsx,4677,2025-05-20,2025-05,2025-W21,2,1,sweet-1059-r01,sweet-1059-R01,حلا قشطوطة,الحلا(sweetness),sweetness,الحلا(sweetness),sweets_bakery,شركة مطعم بيت الشاورما لتقديم الوجبات - حي القدس,شركة مطعم بيت الشاورما لتقديم الوجبات,حي القدس,شركة مطعم بيت الشاورما لتقديم الوجبات - حي القدس,الروضة,بلدية,بلدية الروضة,False,True,العد الكلي للبكتيريا,العد الكلي للبكتيريا,1,,العد الكلي للبكتيريا,False,indicator_only,date_parsed_from_text,14,True
Data 2025.xlsx,4694,2025-05-20,2025-05,2025-W21,2,1,ubot-0978-r01,Ubot-0978-R01,مياه فلتر المياه المستخدمة في الفرع,المياه الغير معبأة (Unbottled water),Unbottled water,المياه الغير معبأة (Unbottled water),water,شركة مطعم بيت الشاورما لتقديم الوجبات - حي القدس,شركة مطعم بيت الشاورما لتقديم الوجبات,حي القدس,شركة مطعم بيت الشاورما لتقديم الوجبات - حي القدس,الروضة,بلدية,بلدية الروضة,True,False,لا يوجد,,0,,,False,none,date_parsed_from_text,16,True
Data 2025.xlsx,4695,2025-05-21,2025-05,2025-W21,2,2,raw-0211-r01,Raw-0211-R01,قلب خروف نعيمي من نفس الخروف,لحوم نيئة مبردة ومجمدة (Raw meat Cold or chilled ),Raw meat Cold or chilled,لحوم نيئة مبردة ومجمدة (Raw meat Cold or chilled ),raw_meat,ملحمة صفوة اللحوم للحوم الطازجة,ملحمة صفوة اللحوم للحوم الطازجة,,ملحمة صفوة اللحوم للحوم الطازجة,العليا,بلدية,بلدية العليا,True,False,لا يوجد,,0,,,False,none,date_parsed_from_text,0,False
Data 2025.xlsx,4696,2025-05-21,2025-05,2025-W21,2,2,raw-0212-r01,Raw-0212-R01,كبدة خروف نعيمي من نفس الخروف,لحوم نيئة مبردة ومجمدة (Raw meat Cold or chilled ),Raw meat Cold or chilled,لحوم نيئة مبردة ومجمدة (Raw meat Cold or chilled ),raw_meat,ملحمة صفوة اللحوم للحوم الطازجة,ملحمة صفوة اللحوم للحوم الطازجة,,ملحمة صفوة اللحوم للحوم الطازجة,العليا,بلدية,بلدية العليا,True,False,لا يوجد,,0,,,False,none,date_parsed_from_text,0,False
Data 2025.xlsx,4697,2025-05-21,2025-05,2025-W21,2,2,raw-0213-r01,Raw-0213-R01,كلوة خروف نعيمي من نفس الخروف,لحوم نيئة مبردة ومجمدة (Raw meat Cold or chilled ),Raw meat Cold or chilled,لحوم نيئة مبردة ومجمدة (Raw meat Cold or chilled ),raw_meat,ملحمة صفوة اللحوم للحوم الطازجة,ملحمة صفوة اللحوم للحوم الطازجة,,ملحمة صفوة اللحوم للحوم الطازجة,العليا,بلدية,بلدية العليا,True,False,لا يوجد,,0,,,False,none,date_parsed_from_text,0,False
Data 2025.xlsx,4698,2025-05-21,2025-05,2025-W21,2,2,raw-0214-r01,Raw-0214-R01,لحم فخذ نعيمي بلدي,لحوم نيئة مبردة ومجمدة (Raw meat Cold or chilled ),Raw meat Cold or chilled,لحوم نيئة مبردة ومجمدة (Raw meat Cold or chilled ),raw_meat,ملحمة صفوة اللحوم للحوم الطازجة,ملحمة صفوة اللحوم للحوم الطازجة,,ملحمة صفوة اللحوم للحوم الطازجة,العليا,بلدية,بلدية العليا,True,False,لا يوجد,,0,,,False,none,date_parsed_from_text,0,False
Data 2025.xlsx,4699,2025-05-21,2025-05,2025-W21,2,2,raw-0215-r01,Raw-0215-R01,لحم رجل عجل بلدي,لحوم نيئة مبردة ومجمدة (Raw meat Cold or chilled ),Raw meat Cold or chilled,لحوم نيئة مبردة ومجمدة (Raw meat Cold or chilled ),raw_meat,ملحمة صفوة اللحوم للحوم الطازجة,ملحمة صفوة اللحوم للحوم الطازجة,,ملحمة صفوة اللحوم للحوم الطازجة,العليا,بلدية,بلدية العليا,True,False,لا يوجد,,0,,,False,none,date_parsed_from_text,0,False
Data 2025.xlsx,4717,2025-05-24,2025-05,2025-W21,2,5,1-3039-R01,1-3039-R01,هلابينو,(jalapeno) هلابينو,jalapeno,(jalapeno) هلابينو,produce,شركة الحربي والضياء للتموين و المواد الغذائية حي السلمانية,شركة الحربي والضياء للتموين و المواد الغذائية حي السلمانية,,شركة الحربي والضياء للتموين و المواد الغذائية حي السلمانية,العليا,بلدية,بلدية العليا,False,True,خمائر,الخمائر والاعفان,1,,الخمائر والاعفان,False,indicator_only,date_parsed_from_text,7,True
Data 2025.xlsx,4736,2025-05-24,2025-05,2025-W21,2,5,1-3040-R01,1-3040-R01,مرتديلا دجاج بالزيتون,(Mortadella) مرتديلا,Mortadella,(Mortadella) مرتديلا,cooked_meat_poultry,شركة الحربي والضياء للتموين و المواد الغذائية حي السلمانية,شركة الحربي والضياء للتموين و المواد الغذائية حي السلمانية,,شركة الحربي والضياء للتموين و المواد الغذائية حي السلمانية,العليا,بلدية,بلدية العليا,True,False,لا يوجد,,0,,,False,none,date_parsed_from_text,16,True
Data 2025.xlsx,4737,2025-05-24,2025-05,2025-W21,2,5,1-3041-R01,1-3041-R01,مرتديلا بقري,(Mortadella) مرتديلا,Mortadella,(Mortadella) مرتديلا,cooked_meat_poultry,شركة الحربي والضياء للتموين و المواد الغذائية حي السلمانية,شركة الحربي والضياء للتموين و المواد الغذائية حي السلمانية,,شركة الحربي والضياء للتموين و المواد الغذائية حي السلمانية,العليا,بلدية,بلدية العليا,True,False,لا يوجد,,0,,,False,none,date_parsed_from_text,16,True
Data 2025.xlsx,4715,2025-05-24,2025-05,2025-W21,2,5,OOSS-eg-0342-R01,OOSS-eg-0342-R01,مكدوس باذنجان,الباذنجان (eggplant),eggplant,الباذنجان (eggplant),dairy,شركة الحربي والضياء للتموين و المواد الغذائية حي السلمانية,شركة الحربي والضياء للتموين و المواد الغذائية حي السلمانية,,شركة الحربي والضياء للتموين و المواد الغذائية حي السلمانية,العليا,بلدية,بلدية العليا,False,True,خمائر,الخمائر والاعفان,1,,الخمائر والاعفان,False,indicator_only,date_parsed_from_text,5,True
Data 2025.xlsx,4713,2025-05-24,2025-05,2025-W21,2,5,UU-pe-1226-R01,UU-pe-1226-R01,فلفل محشي جبن,الفلفل (peppers),peppers,الفلفل (peppers),produce,شركة الحربي والضياء للتموين و المواد الغذائية حي السلمانية,شركة الحربي والضياء للتموين و المواد الغذائية حي السلمانية,,شركة الحربي والضياء للتموين و المواد الغذائية حي السلمانية,العليا,بلدية,بلدية العليا,True,False,لا يوجد,,0,,,False,none,date_parsed_from_text,3,True
Data 2025.xlsx,4727,2025-05-24,2025-05,2025-W21,2,5,bri-0299-r01,bri-0299-R01,كرات لبنة,لبنة ( brick),brick,لبنة ( brick),dairy,شركة الحربي والضياء للتموين و المواد الغذائية حي السلمانية,شركة الحربي والضياء للتموين و المواد الغذائية حي السلمانية,,شركة الحربي والضياء للتموين و المواد الغذائية حي السلمانية,العليا,بلدية,بلدية العليا,False,True,الخمائر والاعفان,الخمائر والاعفان,1,,الخمائر والاعفان,False,indicator_only,date_parsed_from_text,13,True
Data 2025.xlsx,4728,2025-05-24,2025-05,2025-W21,2,5,bri-0300-r01,bri-0300-R01,كرات لبنة بالشطة,لبنة ( brick),brick,لبنة ( brick),dairy,شركة الحربي والضياء للتموين و المواد الغذائية حي السلمانية,شركة الحربي والضياء للتموين و المواد الغذائية حي السلمانية,,شركة الحربي والضياء للتموين و المواد الغذائية حي السلمانية,العليا,بلدية,بلدية العليا,False,True,الخمائر والاعفان,الخمائر والاعفان,1,,الخمائر والاعفان,False,indicator_only,date_parsed_from_text,14,True
Data 2025.xlsx,4729,2025-05-24,2025-05,2025-W21,2,5,bri-0301-r01,bri-0301-R01,لبنة بالزعتر,لبنة ( brick),brick,لبنة ( brick),dairy,شركة الحربي والضياء للتموين و المواد الغذائية حي السلمانية,شركة الحربي والضياء للتموين و المواد الغذائية حي السلمانية,,شركة الحربي والضياء للتموين و المواد الغذائية حي السلمانية,العليا,بلدية,بلدية العليا,False,True,الخمائر والاعفان,الخمائر والاعفان,1,,الخمائر والاعفان,False,indicator_only,date_parsed_from_text,15,True
Data 2025.xlsx,4730,2025-05-24,2025-05,2025-W21,2,5,bri-0302-r01,bri-0302-R01,لبنة جراشية,لبنة ( brick),brick,لبنة ( brick),dairy,شركة الحربي والضياء للتموين و المواد الغذائية حي السلمانية,شركة الحربي والضياء للتموين و المواد الغذائية حي السلمانية,,شركة الحربي والضياء للتموين و المواد الغذائية حي السلمانية,العليا,بلدية,بلدية العليا,False,True,الخمائر والاعفان,الخمائر والاعفان,1,,الخمائر والاعفان,False,indicator_only,date_parsed_from_text,16,True
Data 2025.xlsx,4731,2025-05-24,2025-05,2025-W21,2,5,bri-0303-r01,bri-0303-R01,كرات لبنة بالزعتر,لبنة ( brick),brick,لبنة ( brick),dairy,شركة الحربي والضياء للتموين و المواد الغذائية حي السلمانية,شركة الحربي والضياء للتموين و المواد الغذائية حي السلمانية,,شركة الحربي والضياء للتموين و المواد الغذائية حي السلمانية,العليا,بلدية,بلدية العليا,True,False,لا يوجد,,0,,,False,none,date_parsed_from_text,16,True
Data 2025.xlsx,4720,2025-05-24,2025-05,2025-W21,2,5,chee-0734-r01,Chee-0734-R01,جبنة بالنعناع والزيتون,(cheese) جبنة,cheese,(cheese) جبنة,dairy,شركة الحربي والضياء للتموين و المواد الغذائية حي السلمانية,شركة الحربي والضياء للتموين و المواد الغذائية حي السلمانية,,شركة الحربي والضياء للتموين و المواد الغذائية حي السلمانية,العليا,بلدية,بلدية العليا,True,False,لا يوجد,,0,,,False,none,date_parsed_from_text,8,True
Data 2025.xlsx,4721,2025-05-24,2025-05,2025-W21,2,5,chee-0735-r01,Chee-0735-R01,جبنة هنجاري بالشطة,(cheese) جبنة,cheese,(cheese) جبنة,dairy,شركة الحربي والضياء للتموين و المواد الغذائية حي السلمانية,شركة الحربي والضياء للتموين و المواد الغذائية حي السلمانية,,شركة الحربي والضياء للتموين و المواد الغذائية حي السلمانية,العليا,بلدية,بلدية العليا,True,False,لا يوجد,,0,,,False,none,date_parsed_from_text,8,True
Data 2025.xlsx,4722,2025-05-24,2025-05,2025-W21,2,5,chee-0736-r01,Chee-0736-R01,جبنة بالخضار,(cheese) جبنة,cheese,(cheese) جبنة,dairy,شركة الحربي والضياء للتموين و المواد الغذائية حي السلمانية,شركة الحربي والضياء للتموين و المواد الغذائية حي السلمانية,,شركة الحربي والضياء للتموين و المواد الغذائية حي السلمانية,العليا,بلدية,بلدية العليا,True,False,لا يوجد,,0,,,False,none,date_parsed_from_text,8,True
Data 2025.xlsx,4723,2025-05-24,2025-05,2025-W21,2,5,chee-0737-r01,Chee-0737-R01,خلطة جبنة حلوم,(cheese) جبنة,cheese,(cheese) جبنة,dairy,شركة الحربي والضياء للتموين و المواد الغذائية حي السلمانية,شركة الحربي والضياء للتموين و المواد الغذائية حي السلمانية,,شركة الحربي والضياء للتموين و المواد الغذائية حي السلمانية,العليا,بلدية,بلدية العليا,False,True,انتيروباكتريسي | استافيلوكوكس اورياس,انتيروباكتريسي | استافيلوكوكس اورياس,2,استافيلوكوكس اورياس,انتيروباكتريسي,True,pathogen,date_parsed_from_text,9,True
Data 2025.xlsx,4724,2025-05-24,2025-05,2025-W21,2,5,chee-0738-r01,Chee-0738-R01,جبنة شلل بالزيتون و الفلفل و الزعتر,(cheese) جبنة,cheese,(cheese) جبنة,dairy,شركة الحربي والضياء للتموين و المواد الغذائية حي السلمانية,شركة الحربي والضياء للتموين و المواد الغذائية حي السلمانية,,شركة الحربي والضياء للتموين و المواد الغذائية حي السلمانية,العليا,بلدية,بلدية العليا,False,True,انتيروباكتريسي,انتيروباكتريسي,1,,انتيروباكتريسي,False,indicator_only,date_parsed_from_text,10,True
Data 2025.xlsx,4732,2025-05-24,2025-05,2025-W21,2,5,chee-0739-r01,Chee-0739-R01,جبن ناعمة بالسمسم وحبة البركة,(cheese) جبنة,cheese,(cheese) جبنة,dairy,شركة الحربي والضياء للتموين و المواد الغذائية حي السلمانية,شركة الحربي والضياء للتموين و المواد الغذائية حي السلمانية,,شركة الحربي والضياء للتموين و المواد الغذائية حي السلمانية,العليا,بلدية,بلدية العليا,True,False,لا يوجد,,0,,,False,none,date_parsed_from_text,16,True
Data 2025.xlsx,4733,2025-05-24,2025-05,2025-W21,2,5,chee-0740-r01,Chee-0740-R01,جبن قشطوان,(cheese) جبنة,cheese,(cheese) جبنة,dairy,شركة الحربي والضياء للتموين و المواد الغذائية حي السلمانية,شركة الحربي والضياء للتموين و المواد الغذائية حي السلمانية,,شركة الحربي والضياء للتموين و المواد الغذائية حي السلمانية,العليا,بلدية,بلدية العليا,True,False,لا يوجد,,0,,,False,none,date_parsed_from_text,16,True
Data 2025.xlsx,4705,2025-05-24,2025-05,2025-W21,2,5,fish-0195-r01,fish-0195-R01,ربيان سعودي,Fish/fish product(الاسماك / منتجات الاسماك),fish product,Fish/fish product(الاسماك / منتجات الاسماك),cooked_meat_poultry,عائلة فلك للا سماك المجمدة,عائلة فلك للا سماك المجمدة,,عائلة فلك للا سماك المجمدة,العليا,بلدية,بلدية العليا,True,False,لا يوجد,,0,,,False,none,date_parsed_from_text,0,False
Data 2025.xlsx,4706,2025-05-24,2025-05,2025-W21,2,5,fish-0196-r01,fish-0196-R01,سمك ايليس,Fish/fish product(الاسماك / منتجات الاسماك),fish product,Fish/fish product(الاسماك / منتجات الاسماك),cooked_meat_poultry,عائلة فلك للا سماك المجمدة,عائلة فلك للا سماك المجمدة,,عائلة فلك للا سماك المجمدة,العليا,بلدية,بلدية العليا,True,False,لا يوجد,,0,,,False,none,date_parsed_from_text,0,False
Data 2025.xlsx,4707,2025-05-24,2025-05,2025-W21,2,5,fish-0197-r01,fish-0197-R01,سمك تاكي,Fish/fish product(الاسماك / منتجات الاسماك),fish product,Fish/fish product(الاسماك / منتجات الاسماك),cooked_meat_poultry,عائلة فلك للا سماك المجمدة,عائلة فلك للا سماك المجمدة,,عائلة فلك للا سماك المجمدة,العليا,بلدية,بلدية العليا,True,False,لا يوجد,,0,,,False,none,date_parsed_from_text,0,False
Data 2025.xlsx,4734,2025-05-24,2025-05,2025-W21,2,5,flswe-0063-r01,FlSwe-0063-R01,حلاوة طحينية ابو نار,حلاوة طحينة( Flour Sweetness),Flour Sweetness,حلاوة طحينة( Flour Sweetness),sauce_condiment,شركة الحربي والضياء للتموين و المواد الغذائية حي السلمانية,شركة الحربي والضياء للتموين و المواد الغذائية حي السلمانية,,شركة الحربي والضياء للتموين و المواد الغذائية حي السلمانية,العليا,بلدية,بلدية العليا,True,False,لا يوجد,,0,,,False,none,date_parsed_from_text,16,True
Data 2025.xlsx,4735,2025-05-24,2025-05,2025-W21,2,5,flswe-0064-r01,FlSwe-0064-R01,حلاوة طحينية لدو,حلاوة طحينة( Flour Sweetness),Flour Sweetness,حلاوة طحينة( Flour Sweetness),sauce_condiment,شركة الحربي والضياء للتموين و المواد الغذائية حي السلمانية,شركة الحربي والضياء للتموين و المواد الغذائية حي السلمانية,,شركة الحربي والضياء للتموين و المواد الغذائية حي السلمانية,العليا,بلدية,بلدية العليا,True,False,لا يوجد,,0,,,False,none,date_parsed_from_text,16,True
Data 2025.xlsx,4738,2025-05-24,2025-05,2025-W21,2,5,flswe-0065-r01,FlSwe-0065-R01,حلاوة طحينية سادة,حلاوة طحينة( Flour Sweetness),Flour Sweetness,حلاوة طحينة( Flour Sweetness),sauce_condiment,شركة الحربي والضياء للتموين و المواد الغذائية حي السلمانية,شركة الحربي والضياء للتموين و المواد الغذائية حي السلمانية,,شركة الحربي والضياء للتموين و المواد الغذائية حي السلمانية,العليا,بلدية,بلدية العليا,True,False,لا يوجد,,0,,,False,none,date_parsed_from_text,16,True
Data 2025.xlsx,4710,2025-05-24,2025-05,2025-W21,2,5,olv-0468-r01,olv-0468-R01,زيتون شرائح حار,الزيتون /Olive,Olive,الزيتون /Olive,produce,شركة الحربي والضياء للتموين و المواد الغذائية حي السلمانية,شركة الحربي والضياء للتموين و المواد الغذائية حي السلمانية,,شركة الحربي والضياء للتموين و المواد الغذائية حي السلمانية,العليا,بلدية,بلدية العليا,True,False,لا يوجد,,0,,,False,none,date_parsed_from_text,1,False
Data 2025.xlsx,4711,2025-05-24,2025-05,2025-W21,2,5,olv-0469-r01,olv-0469-R01,زيتون مغربي اخضر,الزيتون /Olive,Olive,الزيتون /Olive,produce,شركة الحربي والضياء للتموين و المواد الغذائية حي السلمانية,شركة الحربي والضياء للتموين و المواد الغذائية حي السلمانية,,شركة الحربي والضياء للتموين و المواد الغذائية حي السلمانية,العليا,بلدية,بلدية العليا,False,True,خمائر,الخمائر والاعفان,1,,الخمائر والاعفان,False,indicator_only,date_parsed_from_text,2,True
Data 2025.xlsx,4712,2025-05-24,2025-05,2025-W21,2,5,olv-0470-r01,olv-0470-R01,زيتون اخضر محشي فلفل,الزيتون /Olive,Olive,الزيتون /Olive,produce,شركة الحربي والضياء للتموين و المواد الغذائية حي السلمانية,شركة الحربي والضياء للتموين و المواد الغذائية حي السلمانية,,شركة الحربي والضياء للتموين و المواد الغذائية حي السلمانية,العليا,بلدية,بلدية العليا,False,True,خمائر,الخمائر والاعفان,1,,الخمائر والاعفان,False,indicator_only,date_parsed_from_text,3,True
Data 2025.xlsx,4714,2025-05-24,2025-05,2025-W21,2,5,olv-0471-r01,olv-0471-R01,زيتون اسود سوري,الزيتون /Olive,Olive,الزيتون /Olive,produce,شركة الحربي والضياء للتموين و المواد الغذائية حي السلمانية,شركة الحربي والضياء للتموين و المواد الغذائية حي السلمانية,,شركة الحربي والضياء للتموين و المواد الغذائية حي السلمانية,العليا,بلدية,بلدية العليا,False,True,خمائر,الخمائر والاعفان,1,,الخمائر والاعفان,False,indicator_only,date_parsed_from_text,4,True
Data 2025.xlsx,4719,2025-05-24,2025-05,2025-W21,2,5,olv-0472-r01,olv-0472-R01,زيتون اخضر مشوي,الزيتون /Olive,Olive,الزيتون /Olive,produce,شركة الحربي والضياء للتموين و المواد الغذائية حي السلمانية,شركة الحربي والضياء للتموين و المواد الغذائية حي السلمانية,,شركة الحربي والضياء للتموين و المواد الغذائية حي السلمانية,العليا,بلدية,بلدية العليا,False,True,خمائر,الخمائر والاعفان,1,,الخمائر والاعفان,False,indicator_only,date_parsed_from_text,8,True
Data 2025.xlsx,4708,2025-05-24,2025-05,2025-W21,2,5,pick-0426-r01,Pick-0426-R01,مخلل ليمون سبايسي,المخلل (Pickle),Pickle,المخلل (Pickle),sauce_condiment,شركة الحربي والضياء للتموين و المواد الغذائية حي السلمانية,شركة الحربي والضياء للتموين و المواد الغذائية حي السلمانية,,شركة الحربي والضياء للتموين و المواد الغذائية حي السلمانية,العليا,بلدية,بلدية العليا,False,True,خمائر,الخمائر والاعفان,1,,الخمائر والاعفان,False,indicator_only,date_parsed_from_text,1,False
Data 2025.xlsx,4709,2025-05-24,2025-05,2025-W21,2,5,pick-0427-r01,Pick-0427-R01,مخلل حجازي,المخلل (Pickle),Pickle,المخلل (Pickle),sauce_condiment,شركة الحربي والضياء للتموين و المواد الغذائية حي السلمانية,شركة الحربي والضياء للتموين و المواد الغذائية حي السلمانية,,شركة الحربي والضياء للتموين و المواد الغذائية حي السلمانية,العليا,بلدية,بلدية العليا,True,False,لا يوجد,,0,,,False,none,date_parsed_from_text,1,False
Data 2025.xlsx,4716,2025-05-24,2025-05,2025-W21,2,5,pick-0428-r01,Pick-0428-R01,مخلل خيار صغير,المخلل (Pickle),Pickle,المخلل (Pickle),sauce_condiment,شركة الحربي والضياء للتموين و المواد الغذائية حي السلمانية,شركة الحربي والضياء للتموين و المواد الغذائية حي السلمانية,,شركة الحربي والضياء للتموين و المواد الغذائية حي السلمانية,العليا,بلدية,بلدية العليا,False,True,خمائر,الخمائر والاعفان,1,,الخمائر والاعفان,False,indicator_only,date_parsed_from_text,6,True
Data 2025.xlsx,4718,2025-05-24,2025-05,2025-W21,2,5,pick-0429-r01,Pick-0429-R01,مشكل مخلل طرشي,المخلل (Pickle),Pickle,المخلل (Pickle),sauce_condiment,شركة الحربي والضياء للتموين و المواد الغذائية حي السلمانية,شركة الحربي والضياء للتموين و المواد الغذائية حي السلمانية,,شركة الحربي والضياء للتموين و المواد الغذائية حي السلمانية,العليا,بلدية,بلدية العليا,True,False,لا يوجد,,0,,,False,none,date_parsed_from_text,7,True
Data 2025.xlsx,4700,2025-05-24,2025-05,2025-W21,2,5,raw-0216-r01,Raw-0216-R01,كبدة غنم بلدي,لحوم نيئة مبردة ومجمدة (Raw meat Cold or chilled ),Raw meat Cold or chilled,لحوم نيئة مبردة ومجمدة (Raw meat Cold or chilled ),raw_meat,ملحمة نخبة العوافي,ملحمة نخبة العوافي,,ملحمة نخبة العوافي,العليا,بلدية,بلدية العليا,True,False,لا يوجد,,0,,,False,none,date_parsed_from_text,0,False
Data 2025.xlsx,4701,2025-05-24,2025-05,2025-W21,2,5,raw-0217-r01,Raw-0217-R01,كلوة غنم بلدي من نفس الخروف,لحوم نيئة مبردة ومجمدة (Raw meat Cold or chilled ),Raw meat Cold or chilled,لحوم نيئة مبردة ومجمدة (Raw meat Cold or chilled ),raw_meat,ملحمة نخبة العوافي,ملحمة نخبة العوافي,,ملحمة نخبة العوافي,العليا,بلدية,بلدية العليا,False,True,السالمونيلا,السالمونيلا,1,السالمونيلا,,True,pathogen,date_parsed_from_text,1,False
Data 2025.xlsx,4702,2025-05-24,2025-05,2025-W21,2,5,raw-0218-r01,Raw-0218-R01,قلب غنم بلدي من نفس الخروف,لحوم نيئة مبردة ومجمدة (Raw meat Cold or chilled ),Raw meat Cold or chilled,لحوم نيئة مبردة ومجمدة (Raw meat Cold or chilled ),raw_meat,ملحمة نخبة العوافي,ملحمة نخبة العوافي,,ملحمة نخبة العوافي,العليا,بلدية,بلدية العليا,False,True,السالمونيلا,السالمونيلا,1,السالمونيلا,,True,pathogen,date_parsed_from_text,2,True
Data 2025.xlsx,4703,2025-05-24,2025-05,2025-W21,2,5,raw-0219-r01,Raw-0219-R01,لحم رجل عجل بلدي,لحوم نيئة مبردة ومجمدة (Raw meat Cold or chilled ),Raw meat Cold or chilled,لحوم نيئة مبردة ومجمدة (Raw meat Cold or chilled ),raw_meat,ملحمة نخبة العوافي,ملحمة نخبة العوافي,,ملحمة نخبة العوافي,العليا,بلدية,بلدية العليا,True,False,لا يوجد,,0,,,False,none,date_parsed_from_text,2,True
Data 2025.xlsx,4704,2025-05-24,2025-05,2025-W21,2,5,raw-0220-r01,Raw-0220-R01,لحم رجل غنم بلدي,لحوم نيئة مبردة ومجمدة (Raw meat Cold or chilled ),Raw meat Cold or chilled,لحوم نيئة مبردة ومجمدة (Raw meat Cold or chilled ),raw_meat,ملحمة نخبة العوافي,ملحمة نخبة العوافي,,ملحمة نخبة العوافي,العليا,بلدية,بلدية العليا,True,False,لا يوجد,,0,,,False,none,date_parsed_from_text,2,True
Data 2025.xlsx,4725,2025-05-24,2025-05,2025-W21,2,5,sal-1353-r01,Sal-1353-R01,سلطة مكدوس,السلطة(Salad),Salad,السلطة(Salad),produce,شركة الحربي والضياء للتموين و المواد الغذائية حي السلمانية,شركة الحربي والضياء للتموين و المواد الغذائية حي السلمانية,,شركة الحربي والضياء للتموين و المواد الغذائية حي السلمانية,العليا,بلدية,بلدية العليا,False,True,خمائر,الخمائر والاعفان,1,,الخمائر والاعفان,False,indicator_only,date_parsed_from_text,11,True
Data 2025.xlsx,4726,2025-05-24,2025-05,2025-W21,2,5,sal-1354-r01,Sal-1354-R01,سلطة مرتديلا مشكل,السلطة(Salad),Salad,السلطة(Salad),produce,شركة الحربي والضياء للتموين و المواد الغذائية حي السلمانية,شركة الحربي والضياء للتموين و المواد الغذائية حي السلمانية,,شركة الحربي والضياء للتموين و المواد الغذائية حي السلمانية,العليا,بلدية,بلدية العليا,False,True,استافيلوكوكس اورياس,استافيلوكوكس اورياس,1,استافيلوكوكس اورياس,,True,pathogen,date_parsed_from_text,12,True
Data 2025.xlsx,4759,2025-05-24,2025-05,2025-W21,2,5,sau-1770-r01,sau-1770-R01,صوص بستاشو,صوص (sauce),sauce,صوص (sauce),sauce_condiment,عنوان القهوة - حي السليمانية,عنوان القهوة,حي السليمانية,عنوان القهوة - حي السليمانية,العليا,بلدية,بلدية العليا,False,True,العد الكلي للبكتيريا,العد الكلي للبكتيريا,1,,العد الكلي للبكتيريا,False,indicator_only,date_parsed_from_text,1,False
Data 2025.xlsx,4760,2025-05-24,2025-05,2025-W21,2,5,sau-1771-r01,sau-1771-R01,صوص وايت موكا,صوص (sauce),sauce,صوص (sauce),sauce_condiment,عنوان القهوة - حي السليمانية,عنوان القهوة,حي السليمانية,عنوان القهوة - حي السليمانية,العليا,بلدية,بلدية العليا,False,True,العد الكلي للبكتيريا,العد الكلي للبكتيريا,1,,العد الكلي للبكتيريا,False,indicator_only,date_parsed_from_text,2,True
Data 2025.xlsx,4739,2025-05-24,2025-05,2025-W21,2,5,sw-3087-r01,sw-3087-R01,مسحة ثلاجة,(Swabs) المسحات,Swabs,(Swabs) المسحات,swab,شركة الحربي والضياء للتموين و المواد الغذائية حي السلمانية,شركة الحربي والضياء للتموين و المواد الغذائية حي السلمانية,,شركة الحربي والضياء للتموين و المواد الغذائية حي السلمانية,العليا,بلدية,بلدية العليا,True,False,لا يوجد,,0,,,False,none,date_parsed_from_text,16,True
Data 2025.xlsx,4740,2025-05-24,2025-05,2025-W21,2,5,sw-3088-r01,sw-3088-R01,مسحة ثلاجة,(Swabs) المسحات,Swabs,(Swabs) المسحات,swab,شركة الحربي والضياء للتموين و المواد الغذائية حي السلمانية,شركة الحربي والضياء للتموين و المواد الغذائية حي السلمانية,,شركة الحربي والضياء للتموين و المواد الغذائية حي السلمانية,العليا,بلدية,بلدية العليا,True,False,لا يوجد,,0,,,False,none,date_parsed_from_text,16,True
Data 2025.xlsx,4741,2025-05-24,2025-05,2025-W21,2,5,sw-3089-r01,sw-3089-R01,مسحة ثلاجة,(Swabs) المسحات,Swabs,(Swabs) المسحات,swab,شركة الحربي والضياء للتموين و المواد الغذائية حي السلمانية,شركة الحربي والضياء للتموين و المواد الغذائية حي السلمانية,,شركة الحربي والضياء للتموين و المواد الغذائية حي السلمانية,العليا,بلدية,بلدية العليا,True,False,لا يوجد,,0,,,False,none,date_parsed_from_text,16,True
Data 2025.xlsx,4742,2025-05-24,2025-05,2025-W21,2,5,sw-3090-r01,sw-3090-R01,مسحة ثلاجة,(Swabs) المسحات,Swabs,(Swabs) المسحات,swab,شركة الحربي والضياء للتموين و المواد الغذائية حي السلمانية,شركة الحربي والضياء للتموين و المواد الغذائية حي السلمانية,,شركة الحربي والضياء للتموين و المواد الغذائية حي السلمانية,العليا,بلدية,بلدية العليا,True,False,لا يوجد,,0,,,False,none,date_parsed_from_text,16,True
Data 2025.xlsx,4743,2025-05-24,2025-05,2025-W21,2,5,sw-3091-r01,sw-3091-R01,مسحة ثلاجة,(Swabs) المسحات,Swabs,(Swabs) المسحات,swab,شركة الحربي والضياء للتموين و المواد الغذائية حي السلمانية,شركة الحربي والضياء للتموين و المواد الغذائية حي السلمانية,,شركة الحربي والضياء للتموين و المواد الغذائية حي السلمانية,العليا,بلدية,بلدية العليا,True,False,لا يوجد,,0,,,False,none,date_parsed_from_text,16,True
Data 2025.xlsx,4744,2025-05-24,2025-05,2025-W21,2,5,sw-3092-r01,sw-3092-R01,مسحة ثلاجة,(Swabs) المسحات,Swabs,(Swabs) المسحات,swab,شركة الحربي والضياء للتموين و المواد الغذائية حي السلمانية,شركة الحربي والضياء للتموين و المواد الغذائية حي السلمانية,,شركة الحربي والضياء للتموين و المواد الغذائية حي السلمانية,العليا,بلدية,بلدية العليا,True,False,لا يوجد,,0,,,False,none,date_parsed_from_text,16,True
Data 2025.xlsx,4745,2025-05-24,2025-05,2025-W21,2,5,sw-3093-r01,sw-3093-R01,مسحة ثلاجة,(Swabs) المسحات,Swabs,(Swabs) المسحات,swab,شركة الحربي والضياء للتموين و المواد الغذائية حي السلمانية,شركة الحربي والضياء للتموين و المواد الغذائية حي السلمانية,,شركة الحربي والضياء للتموين و المواد الغذائية حي السلمانية,العليا,بلدية,بلدية العليا,False,True,العد الكلي للبكتيريا,العد الكلي للبكتيريا,1,,العد الكلي للبكتيريا,False,indicator_only,date_parsed_from_text,17,True
Data 2025.xlsx,4746,2025-05-24,2025-05,2025-W21,2,5,sw-3094-r01,sw-3094-R01,مسحة ثلاجة,(Swabs) المسحات,Swabs,(Swabs) المسحات,swab,شركة الحربي والضياء للتموين و المواد الغذائية حي السلمانية,شركة الحربي والضياء للتموين و المواد الغذائية حي السلمانية,,شركة الحربي والضياء للتموين و المواد الغذائية حي السلمانية,العليا,بلدية,بلدية العليا,True,False,لا يوجد,,0,,,False,none,date_parsed_from_text,17,True
Data 2025.xlsx,4747,2025-05-24,2025-05,2025-W21,2,5,sw-3095-r01,sw-3095-R01,مسحة ثلاجة,(Swabs) المسحات,Swabs,(Swabs) المسحات,swab,شركة الحربي والضياء للتموين و المواد الغذائية حي السلمانية,شركة الحربي والضياء للتموين و المواد الغذائية حي السلمانية,,شركة الحربي والضياء للتموين و المواد الغذائية حي السلمانية,العليا,بلدية,بلدية العليا,True,False,لا يوجد,,0,,,False,none,date_parsed_from_text,17,True
Data 2025.xlsx,4748,2025-05-24,2025-05,2025-W21,2,5,sw-3096-r01,sw-3096-R01,مسحة ثلاجة,(Swabs) المسحات,Swabs,(Swabs) المسحات,swab,شركة الحربي والضياء للتموين و المواد الغذائية حي السلمانية,شركة الحربي والضياء للتموين و المواد الغذائية حي السلمانية,,شركة الحربي والضياء للتموين و المواد الغذائية حي السلمانية,العليا,بلدية,بلدية العليا,True,False,لا يوجد,,0,,,False,none,date_parsed_from_text,17,True
Data 2025.xlsx,4749,2025-05-24,2025-05,2025-W21,2,5,sw-3097-r01,sw-3097-R01,مسحة قطاعة جبن,(Swabs) المسحات,Swabs,(Swabs) المسحات,swab,شركة الحربي والضياء للتموين و المواد الغذائية حي السلمانية,شركة الحربي والضياء للتموين و المواد الغذائية حي السلمانية,,شركة الحربي والضياء للتموين و المواد الغذائية حي السلمانية,العليا,بلدية,بلدية العليا,False,True,العد الكلي للبكتيريا,العد الكلي للبكتيريا,1,,العد الكلي للبكتيريا,False,indicator_only,date_parsed_from_text,18,True
Data 2025.xlsx,4750,2025-05-24,2025-05,2025-W21,2,5,sw-3098-r01,sw-3098-R01,مسحة قطاعة مرتديلا,(Swabs) المسحات,Swabs,(Swabs) المسحات,swab,شركة الحربي والضياء للتموين و المواد الغذائية حي السلمانية,شركة الحربي والضياء للتموين و المواد الغذائية حي السلمانية,,شركة الحربي والضياء للتموين و المواد الغذائية حي السلمانية,العليا,بلدية,بلدية العليا,False,True,العد الكلي للبكتيريا,العد الكلي للبكتيريا,1,,العد الكلي للبكتيريا,False,indicator_only,date_parsed_from_text,19,True
Data 2025.xlsx,4751,2025-05-24,2025-05,2025-W21,2,5,sw-3099-r01,sw-3099-R01,مسحة حلاوة طحينة,(Swabs) المسحات,Swabs,(Swabs) المسحات,swab,شركة الحربي والضياء للتموين و المواد الغذائية حي السلمانية,شركة الحربي والضياء للتموين و المواد الغذائية حي السلمانية,,شركة الحربي والضياء للتموين و المواد الغذائية حي السلمانية,العليا,بلدية,بلدية العليا,True,False,لا يوجد,,0,,,False,none,date_parsed_from_text,19,True
Data 2025.xlsx,4752,2025-05-24,2025-05,2025-W21,2,5,sw-3100-r01,sw-3100-R01,مسحة حلاوة طحينة,(Swabs) المسحات,Swabs,(Swabs) المسحات,swab,شركة الحربي والضياء للتموين و المواد الغذائية حي السلمانية,شركة الحربي والضياء للتموين و المواد الغذائية حي السلمانية,,شركة الحربي والضياء للتموين و المواد الغذائية حي السلمانية,العليا,بلدية,بلدية العليا,True,False,لا يوجد,,0,,,False,none,date_parsed_from_text,19,True
Data 2025.xlsx,4757,2025-05-24,2025-05,2025-W21,2,5,sw-3101-r01,sw-3101-R01,مسحة حافظة حلا,(Swabs) المسحات,Swabs,(Swabs) المسحات,swab,عنوان القهوة - حي السليمانية,عنوان القهوة,حي السليمانية,عنوان القهوة - حي السليمانية,العليا,بلدية,بلدية العليا,True,False,لا يوجد,,0,,,False,none,date_parsed_from_text,0,False
Data 2025.xlsx,4758,2025-05-24,2025-05,2025-W21,2,5,sw-3102-r01,sw-3102-R01,مسحة صانعة ثلج,(Swabs) المسحات,Swabs,(Swabs) المسحات,swab,عنوان القهوة - حي السليمانية,عنوان القهوة,حي السليمانية,عنوان القهوة - حي السليمانية,العليا,بلدية,بلدية العليا,True,False,لا يوجد,,0,,,False,none,date_parsed_from_text,0,False
Data 2025.xlsx,4753,2025-05-24,2025-05,2025-W21,2,5,sweet-1060-r01,sweet-1060-R01,كوكيز نوتيلا,الحلا(sweetness),sweetness,الحلا(sweetness),sweets_bakery,عنوان القهوة - حي السليمانية,عنوان القهوة,حي السليمانية,عنوان القهوة - حي السليمانية,العليا,بلدية,بلدية العليا,True,False,لا يوجد,,0,,,False,none,date_parsed_from_text,0,False
Data 2025.xlsx,4754,2025-05-24,2025-05,2025-W21,2,5,sweet-1061-r01,sweet-1061-R01,كراميل براوني,الحلا(sweetness),sweetness,الحلا(sweetness),sweets_bakery,عنوان القهوة - حي السليمانية,عنوان القهوة,حي السليمانية,عنوان القهوة - حي السليمانية,العليا,بلدية,بلدية العليا,True,False,لا يوجد,,0,,,False,none,date_parsed_from_text,0,False
Data 2025.xlsx,4755,2025-05-24,2025-05,2025-W21,2,5,sweet-1062-r01,sweet-1062-R01,كلاسيك براوني,الحلا(sweetness),sweetness,الحلا(sweetness),sweets_bakery,عنوان القهوة - حي السليمانية,عنوان القهوة,حي السليمانية,عنوان القهوة - حي السليمانية,العليا,بلدية,بلدية العليا,True,False,لا يوجد,,0,,,False,none,date_parsed_from_text,0,False
Data 2025.xlsx,4756,2025-05-24,2025-05,2025-W21,2,5,sweet-1063-r01,sweet-1063-R01,بيكان بالتفاح,الحلا(sweetness),sweetness,الحلا(sweetness),sweets_bakery,عنوان القهوة - حي السليمانية,عنوان القهوة,حي السليمانية,عنوان القهوة - حي السليمانية,العليا,بلدية,بلدية العليا,True,False,لا يوجد,,0,,,False,none,date_parsed_from_text,0,False
Data 2025.xlsx,4809,2025-05-25,2025-05,2025-W21,2,6,1-3042-R01,1-3042-R01,رز ابيض,الارز ( rice),rice,الارز ( rice),prepared_meal,ريد بوكس - حي قرطبة,ريد بوكس,حي قرطبة,ريد بوكس - حي قرطبة,الروضة,بلدية,بلدية الروضة,True,False,لا يوجد,,0,,,False,none,date_parsed_from_text,1,False
Data 2025.xlsx,4810,2025-05-25,2025-05,2025-W21,2,6,1-3043-R01,1-3043-R01,رز برياني,الارز ( rice),rice,الارز ( rice),prepared_meal,ريد بوكس - حي قرطبة,ريد بوكس,حي قرطبة,ريد بوكس - حي قرطبة,الروضة,بلدية,بلدية الروضة,True,False,لا يوجد,,0,,,False,none,date_parsed_from_text,1,False
Data 2025.xlsx,4811,2025-05-25,2025-05,2025-W21,2,6,1-3044-R01,1-3044-R01,رز صيني,الارز ( rice),rice,الارز ( rice),prepared_meal,ريد بوكس - حي قرطبة,ريد بوكس,حي قرطبة,ريد بوكس - حي قرطبة,الروضة,بلدية,بلدية الروضة,True,False,لا يوجد,,0,,,False,none,date_parsed_from_text,1,False
Data 2025.xlsx,4812,2025-05-25,2025-05,2025-W21,2,6,1-3045-R01,1-3045-R01,مكرونة بستو صوص,(macaroni) مكرونة,macaroni,(macaroni) مكرونة,prepared_meal,ريد بوكس - حي قرطبة,ريد بوكس,حي قرطبة,ريد بوكس - حي قرطبة,الروضة,بلدية,بلدية الروضة,True,False,لا يوجد,,0,,,False,none,date_parsed_from_text,1,False
Data 2025.xlsx,4813,2025-05-25,2025-05,2025-W21,2,6,1-3046-R01,1-3046-R01,مكرونة بيضاء,(macaroni) مكرونة,macaroni,(macaroni) مكرونة,prepared_meal,ريد بوكس - حي قرطبة,ريد بوكس,حي قرطبة,ريد بوكس - حي قرطبة,الروضة,بلدية,بلدية الروضة,False,True,استافيلوكوكس اورياس,استافيلوكوكس اورياس,1,استافيلوكوكس اورياس,,True,pathogen,date_parsed_from_text,2,True
Data 2025.xlsx,4807,2025-05-25,2025-05,2025-W21,2,6,O-O-ro-0177-R01,O-O-ro-0177-R01,جرجير مقطع,الجرجير (rocket),rocket,الجرجير (rocket),produce,ريد بوكس - حي قرطبة,ريد بوكس,حي قرطبة,ريد بوكس - حي قرطبة,الروضة,بلدية,بلدية الروضة,False,True,استافيلوكوكس اورياس,استافيلوكوكس اورياس,1,استافيلوكوكس اورياس,,True,pathogen,date_parsed_from_text,1,False
Data 2025.xlsx,4802,2025-05-25,2025-05,2025-W21,2,6,O-U-to-0624-R01,O-U-to-0624-R01,شرائح طماطم,الطماطم (Tomatoes),Tomatoes,الطماطم (Tomatoes),produce,فت بوكس - حي قرطبة,فت بوكس,حي قرطبة,فت بوكس - حي قرطبة,الروضة,بلدية,بلدية الروضة,True,False,لا يوجد,,0,,,False,none,date_parsed_from_text,6,True
Data 2025.xlsx,4814,2025-05-25,2025-05,2025-W21,2,6,OO-OSS-po-0395-R01,OO-OSS-po-0395-R01,بطاطس ويتجز,البطاطس (potatoes),potatoes,البطاطس (potatoes),produce,ريد بوكس - حي قرطبة,ريد بوكس,حي قرطبة,ريد بوكس - حي قرطبة,الروضة,بلدية,بلدية الروضة,True,False,لا يوجد,,0,,,False,none,date_parsed_from_text,2,True
Data 2025.xlsx,4778,2025-05-25,2025-05,2025-W21,2,6,appe-0467-r01,Appe-0467-R01,حمص,مقبلات (Appetizers),Appetizers,مقبلات (Appetizers),prepared_meal,مطعم شاورما اللؤلؤة لتقديم الوجبات - حي قرطبة,مطعم شاورما اللؤلؤة لتقديم الوجبات,حي قرطبة,مطعم شاورما اللؤلؤة لتقديم الوجبات - حي قرطبة,الروضة,بلدية,بلدية الروضة,True,False,لا يوجد,,0,,,False,none,date_parsed_from_text,1,False
Data 2025.xlsx,4797,2025-05-25,2025-05,2025-W21,2,6,appe-0468-r01,Appe-0468-R01,تبولة,مقبلات (Appetizers),Appetizers,مقبلات (Appetizers),prepared_meal,فت بوكس - حي قرطبة,فت بوكس,حي قرطبة,فت بوكس - حي قرطبة,الروضة,بلدية,بلدية الروضة,False,True,استافيلوكوكس اورياس,استافيلوكوكس اورياس,1,استافيلوكوكس اورياس,,True,pathogen,date_parsed_from_text,3,True
Data 2025.xlsx,4779,2025-05-25,2025-05,2025-W21,2,6,br-0093-r01,Br-0093-R01,خبز هتان,الخبـز (Bread),Bread,الخبـز (Bread),sweets_bakery,مطعم شاورما اللؤلؤة لتقديم الوجبات - حي قرطبة,مطعم شاورما اللؤلؤة لتقديم الوجبات,حي قرطبة,مطعم شاورما اللؤلؤة لتقديم الوجبات - حي قرطبة,الروضة,بلدية,بلدية الروضة,True,False,لا يوجد,,0,,,False,none,date_parsed_from_text,1,False
Data 2025.xlsx,4775,2025-05-25,2025-05,2025-W21,2,6,chee-0741-r01,Chee-0741-R01,جبن سائل,(cheese) جبنة,cheese,(cheese) جبنة,dairy,مطعم شاورما اللؤلؤة لتقديم الوجبات - حي قرطبة,مطعم شاورما اللؤلؤة لتقديم الوجبات,حي قرطبة,مطعم شاورما اللؤلؤة لتقديم الوجبات - حي قرطبة,الروضة,بلدية,بلدية الروضة,True,False,لا يوجد,,0,,,False,none,date_parsed_from_text,1,False
Data 2025.xlsx,4808,2025-05-25,2025-05,2025-W21,2,6,chee-0742-r01,Chee-0742-R01,جبنة فيتا,(cheese) جبنة,cheese,(cheese) جبنة,dairy,ريد بوكس - حي قرطبة,ريد بوكس,حي قرطبة,ريد بوكس - حي قرطبة,الروضة,بلدية,بلدية الروضة,True,False,لا يوجد,,0,,,False,none,date_parsed_from_text,1,False
Data 2025.xlsx,4820,2025-05-25,2025-05,2025-W21,2,6,cm-0106-r01,Cm-0106-R01,لحم فهيتة,اللحوم المطبوخة (Cooked meat),Cooked meat,اللحوم المطبوخة (Cooked meat),cooked_meat_poultry,ريد بوكس - حي قرطبة,ريد بوكس,حي قرطبة,ريد بوكس - حي قرطبة,الروضة,بلدية,بلدية الروضة,True,False,لا يوجد,,0,,,False,none,date_parsed_from_text,3,True
Data 2025.xlsx,4777,2025-05-25,2025-05,2025-W21,2,6,co-0510-r01,co-0510-R01,شاورما دجاج,الدجاج المطبوخ (Cooked chicken),Cooked chicken,الدجاج المطبوخ (Cooked chicken),cooked_meat_poultry,مطعم شاورما اللؤلؤة لتقديم الوجبات - حي قرطبة,مطعم شاورما اللؤلؤة لتقديم الوجبات,حي قرطبة,مطعم شاورما اللؤلؤة لتقديم الوجبات - حي قرطبة,الروضة,بلدية,بلدية الروضة,True,False,لا يوجد,,0,,,False,none,date_parsed_from_text,1,False
Data 2025.xlsx,4790,2025-05-25,2025-05,2025-W21,2,6,co-0511-r01,co-0511-R01,دجاج بالكريمة,الدجاج المطبوخ (Cooked chicken),Cooked chicken,الدجاج المطبوخ (Cooked chicken),cooked_meat_poultry,فت بوكس - حي قرطبة,فت بوكس,حي قرطبة,فت بوكس - حي قرطبة,الروضة,بلدية,بلدية الروضة,True,False,لا يوجد,,0,,,False,none,date_parsed_from_text,0,False
Data 2025.xlsx,4791,2025-05-25,2025-05,2025-W21,2,6,co-0512-r01,co-0512-R01,دجاج باربكيو,الدجاج المطبوخ (Cooked chicken),Cooked chicken,الدجاج المطبوخ (Cooked chicken),cooked_meat_poultry,فت بوكس - حي قرطبة,فت بوكس,حي قرطبة,فت بوكس - حي قرطبة,الروضة,بلدية,بلدية الروضة,True,False,لا يوجد,,0,,,False,none,date_parsed_from_text,0,False
Data 2025.xlsx,4792,2025-05-25,2025-05,2025-W21,2,6,co-0513-r01,co-0513-R01,دجاج مشوي,الدجاج المطبوخ (Cooked chicken),Cooked chicken,الدجاج المطبوخ (Cooked chicken),cooked_meat_poultry,فت بوكس - حي قرطبة,فت بوكس,حي قرطبة,فت بوكس - حي قرطبة,الروضة,بلدية,بلدية الروضة,True,False,لا يوجد,,0,,,False,none,date_parsed_from_text,0,False
Data 2025.xlsx,4793,2025-05-25,2025-05,2025-W21,2,6,co-0514-r01,co-0514-R01,دجاج ماشروم,الدجاج المطبوخ (Cooked chicken),Cooked chicken,الدجاج المطبوخ (Cooked chicken),cooked_meat_poultry,فت بوكس - حي قرطبة,فت بوكس,حي قرطبة,فت بوكس - حي قرطبة,الروضة,بلدية,بلدية الروضة,True,False,لا يوجد,,0,,,False,none,date_parsed_from_text,0,False
Data 2025.xlsx,4816,2025-05-25,2025-05,2025-W21,2,6,co-0515-r01,co-0515-R01,دجاج باربكيو,الدجاج المطبوخ (Cooked chicken),Cooked chicken,الدجاج المطبوخ (Cooked chicken),cooked_meat_poultry,ريد بوكس - حي قرطبة,ريد بوكس,حي قرطبة,ريد بوكس - حي قرطبة,الروضة,بلدية,بلدية الروضة,True,False,لا يوجد,,0,,,False,none,date_parsed_from_text,2,True
Data 2025.xlsx,4817,2025-05-25,2025-05,2025-W21,2,6,co-0516-r01,co-0516-R01,دجاج بالماستر,الدجاج المطبوخ (Cooked chicken),Cooked chicken,الدجاج المطبوخ (Cooked chicken),cooked_meat_poultry,ريد بوكس - حي قرطبة,ريد بوكس,حي قرطبة,ريد بوكس - حي قرطبة,الروضة,بلدية,بلدية الروضة,False,True,العد الكلي للبكتيريا,العد الكلي للبكتيريا,1,,العد الكلي للبكتيريا,False,indicator_only,date_parsed_from_text,3,True
Data 2025.xlsx,4818,2025-05-25,2025-05,2025-W21,2,6,co-0517-r01,co-0517-R01,دجاج مشوي,الدجاج المطبوخ (Cooked chicken),Cooked chicken,الدجاج المطبوخ (Cooked chicken),cooked_meat_poultry,ريد بوكس - حي قرطبة,ريد بوكس,حي قرطبة,ريد بوكس - حي قرطبة,الروضة,بلدية,بلدية الروضة,True,False,لا يوجد,,0,,,False,none,date_parsed_from_text,3,True
Data 2025.xlsx,4819,2025-05-25,2025-05,2025-W21,2,6,co-0518-r01,co-0518-R01,دجاج بالليمون,الدجاج المطبوخ (Cooked chicken),Cooked chicken,الدجاج المطبوخ (Cooked chicken),cooked_meat_poultry,ريد بوكس - حي قرطبة,ريد بوكس,حي قرطبة,ريد بوكس - حي قرطبة,الروضة,بلدية,بلدية الروضة,True,False,لا يوجد,,0,,,False,none,date_parsed_from_text,3,True
Data 2025.xlsx,4815,2025-05-25,2025-05,2025-W21,2,6,fis-0011-r01,fis-0011-R01,سمك سلمون مطبوخ,سمك مطبوخ,,سمك مطبوخ,cooked_meat_poultry,ريد بوكس - حي قرطبة,ريد بوكس,حي قرطبة,ريد بوكس - حي قرطبة,الروضة,بلدية,بلدية الروضة,True,False,لا يوجد,,0,,,False,none,date_parsed_from_text,2,True
Data 2025.xlsx,4766,2025-05-25,2025-05,2025-W21,2,6,fish-0198-r01,fish-0198-R01,سلمون نرويجي,Fish/fish product(الاسماك / منتجات الاسماك),fish product,Fish/fish product(الاسماك / منتجات الاسماك),cooked_meat_poultry,شركة يوم السمك لبيع الاسماك,شركة يوم السمك لبيع الاسماك,,شركة يوم السمك لبيع الاسماك,العليا,بلدية,بلدية العليا,False,True,العد الكلي للبكتيريا,العد الكلي للبكتيريا,1,,العد الكلي للبكتيريا,False,indicator_only,date_parsed_from_text,1,False
Data 2025.xlsx,4767,2025-05-25,2025-05,2025-W21,2,6,fish-0199-r01,fish-0199-R01,فيليه سيباس,Fish/fish product(الاسماك / منتجات الاسماك),fish product,Fish/fish product(الاسماك / منتجات الاسماك),cooked_meat_poultry,شركة يوم السمك لبيع الاسماك,شركة يوم السمك لبيع الاسماك,,شركة يوم السمك لبيع الاسماك,العليا,بلدية,بلدية العليا,True,False,لا يوجد,,0,,,False,none,date_parsed_from_text,1,False
Data 2025.xlsx,4768,2025-05-25,2025-05,2025-W21,2,6,fish-0200-r01,fish-0200-R01,روبيان مستزرع جيزاني,Fish/fish product(الاسماك / منتجات الاسماك),fish product,Fish/fish product(الاسماك / منتجات الاسماك),cooked_meat_poultry,شركة يوم السمك لبيع الاسماك,شركة يوم السمك لبيع الاسماك,,شركة يوم السمك لبيع الاسماك,العليا,بلدية,بلدية العليا,True,False,لا يوجد,,0,,,False,none,date_parsed_from_text,1,False
Data 2025.xlsx,4769,2025-05-25,2025-05,2025-W21,2,6,fish-0201-r01,fish-0201-R01,سمك دينيس,Fish/fish product(الاسماك / منتجات الاسماك),fish product,Fish/fish product(الاسماك / منتجات الاسماك),cooked_meat_poultry,شركة يوم السمك لبيع الاسماك,شركة يوم السمك لبيع الاسماك,,شركة يوم السمك لبيع الاسماك,العليا,بلدية,بلدية العليا,True,False,لا يوجد,,0,,,False,none,date_parsed_from_text,1,False
Data 2025.xlsx,4770,2025-05-25,2025-05,2025-W21,2,6,fish-0202-r01,fish-0202-R01,سمك شعور,Fish/fish product(الاسماك / منتجات الاسماك),fish product,Fish/fish product(الاسماك / منتجات الاسماك),cooked_meat_poultry,شركة يوم السمك لبيع الاسماك,شركة يوم السمك لبيع الاسماك,,شركة يوم السمك لبيع الاسماك,العليا,بلدية,بلدية العليا,True,False,لا يوجد,,0,,,False,none,date_parsed_from_text,1,False
Data 2025.xlsx,4771,2025-05-25,2025-05,2025-W21,2,6,fish-0203-r01,fish-0203-R01,سمك بياض,Fish/fish product(الاسماك / منتجات الاسماك),fish product,Fish/fish product(الاسماك / منتجات الاسماك),cooked_meat_poultry,شركة يوم السمك لبيع الاسماك,شركة يوم السمك لبيع الاسماك,,شركة يوم السمك لبيع الاسماك,العليا,بلدية,بلدية العليا,True,False,لا يوجد,,0,,,False,none,date_parsed_from_text,1,False
Data 2025.xlsx,4772,2025-05-25,2025-05,2025-W21,2,6,fish-0204-r01,fish-0204-R01,سمك بوري,Fish/fish product(الاسماك / منتجات الاسماك),fish product,Fish/fish product(الاسماك / منتجات الاسماك),cooked_meat_poultry,شركة يوم السمك لبيع الاسماك,شركة يوم السمك لبيع الاسماك,,شركة يوم السمك لبيع الاسماك,العليا,بلدية,بلدية العليا,True,False,لا يوجد,,0,,,False,none,date_parsed_from_text,1,False
Data 2025.xlsx,4773,2025-05-25,2025-05,2025-W21,2,6,fish-0205-r01,fish-0205-R01,سمك بلطي,Fish/fish product(الاسماك / منتجات الاسماك),fish product,Fish/fish product(الاسماك / منتجات الاسماك),cooked_meat_poultry,شركة يوم السمك لبيع الاسماك,شركة يوم السمك لبيع الاسماك,,شركة يوم السمك لبيع الاسماك,العليا,بلدية,بلدية العليا,True,False,لا يوجد,,0,,,False,none,date_parsed_from_text,1,False
Data 2025.xlsx,4780,2025-05-25,2025-05,2025-W21,2,6,hs-0313-r01,HS-0313-R01,شطة حارة,الشطة (Hot sauce),Hot sauce,الشطة (Hot sauce),sauce_condiment,مطعم شاورما اللؤلؤة لتقديم الوجبات - حي قرطبة,مطعم شاورما اللؤلؤة لتقديم الوجبات,حي قرطبة,مطعم شاورما اللؤلؤة لتقديم الوجبات - حي قرطبة,الروضة,بلدية,بلدية الروضة,True,False,لا يوجد,,0,,,False,none,date_parsed_from_text,1,False
Data 2025.xlsx,4761,2025-05-25,2025-05,2025-W21,2,6,raw-0221-r01,Raw-0221-R01,كلوة بقر باكستاني,لحوم نيئة مبردة ومجمدة (Raw meat Cold or chilled ),Raw meat Cold or chilled,لحوم نيئة مبردة ومجمدة (Raw meat Cold or chilled ),raw_meat,راشد عبدالعزيز ناصر الشومر,راشد عبدالعزيز ناصر الشومر,,راشد عبدالعزيز ناصر الشومر,العليا,بلدية,بلدية العليا,False,True,السالمونيلا,السالمونيلا,1,السالمونيلا,,True,pathogen,date_parsed_from_text,1,False
Data 2025.xlsx,4762,2025-05-25,2025-05,2025-W21,2,6,raw-0222-r01,Raw-0222-R01,كبدة بقر باكستاني,لحوم نيئة مبردة ومجمدة (Raw meat Cold or chilled ),Raw meat Cold or chilled,لحوم نيئة مبردة ومجمدة (Raw meat Cold or chilled ),raw_meat,راشد عبدالعزيز ناصر الشومر,راشد عبدالعزيز ناصر الشومر,,راشد عبدالعزيز ناصر الشومر,العليا,بلدية,بلدية العليا,True,False,لا يوجد,,0,,,False,none,date_parsed_from_text,1,False
Data 2025.xlsx,4763,2025-05-25,2025-05,2025-W21,2,6,raw-0223-r01,Raw-0223-R01,قلب بقر باكستاني,لحوم نيئة مبردة ومجمدة (Raw meat Cold or chilled ),Raw meat Cold or chilled,لحوم نيئة مبردة ومجمدة (Raw meat Cold or chilled ),raw_meat,راشد عبدالعزيز ناصر الشومر,راشد عبدالعزيز ناصر الشومر,,راشد عبدالعزيز ناصر الشومر,العليا,بلدية,بلدية العليا,False,True,السالمونيلا,السالمونيلا,1,السالمونيلا,,True,pathogen,date_parsed_from_text,2,True
Data 2025.xlsx,4764,2025-05-25,2025-05,2025-W21,2,6,raw-0224-r01,Raw-0224-R01,لحم فخذ تيس باكستاني,لحوم نيئة مبردة ومجمدة (Raw meat Cold or chilled ),Raw meat Cold or chilled,لحوم نيئة مبردة ومجمدة (Raw meat Cold or chilled ),raw_meat,راشد عبدالعزيز ناصر الشومر,راشد عبدالعزيز ناصر الشومر,,راشد عبدالعزيز ناصر الشومر,العليا,بلدية,بلدية العليا,True,False,لا يوجد,,0,,,False,none,date_parsed_from_text,2,True
Data 2025.xlsx,4765,2025-05-25,2025-05,2025-W21,2,6,raw-0225-r01,Raw-0225-R01,لحم رجل عجل باكستاني,لحوم نيئة مبردة ومجمدة (Raw meat Cold or chilled ),Raw meat Cold or chilled,لحوم نيئة مبردة ومجمدة (Raw meat Cold or chilled ),raw_meat,راشد عبدالعزيز ناصر الشومر,راشد عبدالعزيز ناصر الشومر,,راشد عبدالعزيز ناصر الشومر,العليا,بلدية,بلدية العليا,True,False,لا يوجد,,0,,,False,none,date_parsed_from_text,2,True
Data 2025.xlsx,4794,2025-05-25,2025-05,2025-W21,2,6,sal-1355-r01,Sal-1355-R01,سلطة فواكه,السلطة(Salad),Salad,السلطة(Salad),produce,فت بوكس - حي قرطبة,فت بوكس,حي قرطبة,فت بوكس - حي قرطبة,الروضة,بلدية,بلدية الروضة,True,False,لا يوجد,,0,,,False,none,date_parsed_from_text,0,False
Data 2025.xlsx,4796,2025-05-25,2025-05,2025-W21,2,6,sal-1356-r01,Sal-1356-R01,سلطة روكة,السلطة(Salad),Salad,السلطة(Salad),produce,فت بوكس - حي قرطبة,فت بوكس,حي قرطبة,فت بوكس - حي قرطبة,الروضة,بلدية,بلدية الروضة,False,True,استافيلوكوكس اورياس,استافيلوكوكس اورياس,1,استافيلوكوكس اورياس,,True,pathogen,date_parsed_from_text,2,True
Data 2025.xlsx,4774,2025-05-25,2025-05,2025-W21,2,6,sau-1772-r01,sau-1772-R01,صوص ثوم حار,صوص (sauce),sauce,صوص (sauce),sauce_condiment,مطعم شاورما اللؤلؤة لتقديم الوجبات - حي قرطبة,مطعم شاورما اللؤلؤة لتقديم الوجبات,حي قرطبة,مطعم شاورما اللؤلؤة لتقديم الوجبات - حي قرطبة,الروضة,بلدية,بلدية الروضة,False,True,العد الكلي للبكتيريا,العد الكلي للبكتيريا,1,,العد الكلي للبكتيريا,False,indicator_only,date_parsed_from_text,1,False
Data 2025.xlsx,4776,2025-05-25,2025-05,2025-W21,2,6,sau-1773-r01,sau-1773-R01,صوص ثوم عادي,صوص (sauce),sauce,صوص (sauce),sauce_condiment,مطعم شاورما اللؤلؤة لتقديم الوجبات - حي قرطبة,مطعم شاورما اللؤلؤة لتقديم الوجبات,حي قرطبة,مطعم شاورما اللؤلؤة لتقديم الوجبات - حي قرطبة,الروضة,بلدية,بلدية الروضة,True,False,لا يوجد,,0,,,False,none,date_parsed_from_text,1,False
Data 2025.xlsx,4781,2025-05-25,2025-05,2025-W21,2,6,sau-1774-r01,sau-1774-R01,صوص كاتشب,صوص (sauce),sauce,صوص (sauce),sauce_condiment,مطعم شاورما اللؤلؤة لتقديم الوجبات - حي قرطبة,مطعم شاورما اللؤلؤة لتقديم الوجبات,حي قرطبة,مطعم شاورما اللؤلؤة لتقديم الوجبات - حي قرطبة,الروضة,بلدية,بلدية الروضة,True,False,لا يوجد,,0,,,False,none,date_parsed_from_text,1,False
Data 2025.xlsx,4795,2025-05-25,2025-05,2025-W21,2,6,sau-1775-r01,sau-1775-R01,صوص زبادي سلمون,صوص (sauce),sauce,صوص (sauce),sauce_condiment,فت بوكس - حي قرطبة,فت بوكس,حي قرطبة,فت بوكس - حي قرطبة,الروضة,بلدية,بلدية الروضة,False,True,العد الكلي للبكتيريا,العد الكلي للبكتيريا,1,,العد الكلي للبكتيريا,False,indicator_only,date_parsed_from_text,1,False
Data 2025.xlsx,4798,2025-05-25,2025-05,2025-W21,2,6,sau-1776-r01,sau-1776-R01,صوص سبايسي,صوص (sauce),sauce,صوص (sauce),sauce_condiment,فت بوكس - حي قرطبة,فت بوكس,حي قرطبة,فت بوكس - حي قرطبة,الروضة,بلدية,بلدية الروضة,False,True,العد الكلي للبكتيريا,العد الكلي للبكتيريا,1,,العد الكلي للبكتيريا,False,indicator_only,date_parsed_from_text,4,True
Data 2025.xlsx,4782,2025-05-25,2025-05,2025-W21,2,6,sw-3103-r01,sw-3103-R01,مسحة طاولة اعداد,(Swabs) المسحات,Swabs,(Swabs) المسحات,swab,مطعم شاورما اللؤلؤة لتقديم الوجبات - حي قرطبة,مطعم شاورما اللؤلؤة لتقديم الوجبات,حي قرطبة,مطعم شاورما اللؤلؤة لتقديم الوجبات - حي قرطبة,الروضة,بلدية,بلدية الروضة,True,False,لا يوجد,,0,,,False,none,date_parsed_from_text,1,False
Data 2025.xlsx,4783,2025-05-25,2025-05,2025-W21,2,6,sw-3104-r01,sw-3104-R01,مسحة طاولة اعداد,(Swabs) المسحات,Swabs,(Swabs) المسحات,swab,مطعم شاورما اللؤلؤة لتقديم الوجبات - حي قرطبة,مطعم شاورما اللؤلؤة لتقديم الوجبات,حي قرطبة,مطعم شاورما اللؤلؤة لتقديم الوجبات - حي قرطبة,الروضة,بلدية,بلدية الروضة,True,False,لا يوجد,,0,,,False,none,date_parsed_from_text,1,False
Data 2025.xlsx,4784,2025-05-25,2025-05,2025-W21,2,6,sw-3105-r01,sw-3105-R01,مسحة طاولة اعداد,(Swabs) المسحات,Swabs,(Swabs) المسحات,swab,مطعم شاورما اللؤلؤة لتقديم الوجبات - حي قرطبة,مطعم شاورما اللؤلؤة لتقديم الوجبات,حي قرطبة,مطعم شاورما اللؤلؤة لتقديم الوجبات - حي قرطبة,الروضة,بلدية,بلدية الروضة,False,True,العد الكلي للبكتيريا,العد الكلي للبكتيريا,1,,العد الكلي للبكتيريا,False,indicator_only,date_parsed_from_text,2,True
Data 2025.xlsx,4785,2025-05-25,2025-05,2025-W21,2,6,sw-3106-r01,sw-3106-R01,مسحة طاولة اعداد,(Swabs) المسحات,Swabs,(Swabs) المسحات,swab,مطعم شاورما اللؤلؤة لتقديم الوجبات - حي قرطبة,مطعم شاورما اللؤلؤة لتقديم الوجبات,حي قرطبة,مطعم شاورما اللؤلؤة لتقديم الوجبات - حي قرطبة,الروضة,بلدية,بلدية الروضة,True,False,لا يوجد,,0,,,False,none,date_parsed_from_text,2,True
Data 2025.xlsx,4786,2025-05-25,2025-05,2025-W21,2,6,sw-3107-r01,sw-3107-R01,مسحة قطاعة شاورما,(Swabs) المسحات,Swabs,(Swabs) المسحات,swab,مطعم شاورما اللؤلؤة لتقديم الوجبات - حي قرطبة,مطعم شاورما اللؤلؤة لتقديم الوجبات,حي قرطبة,مطعم شاورما اللؤلؤة لتقديم الوجبات - حي قرطبة,الروضة,بلدية,بلدية الروضة,True,False,لا يوجد,,0,,,False,none,date_parsed_from_text,2,True
Data 2025.xlsx,4787,2025-05-25,2025-05,2025-W21,2,6,sw-3108-r01,sw-3108-R01,مسحة طاولة اعداد,(Swabs) المسحات,Swabs,(Swabs) المسحات,swab,مطعم شاورما اللؤلؤة لتقديم الوجبات - حي قرطبة,مطعم شاورما اللؤلؤة لتقديم الوجبات,حي قرطبة,مطعم شاورما اللؤلؤة لتقديم الوجبات - حي قرطبة,الروضة,بلدية,بلدية الروضة,True,False,لا يوجد,,0,,,False,none,date_parsed_from_text,2,True
Data 2025.xlsx,4788,2025-05-25,2025-05,2025-W21,2,6,sw-3109-r01,sw-3109-R01,مسحة يد,(Swabs) المسحات,Swabs,(Swabs) المسحات,swab,مطعم شاورما اللؤلؤة لتقديم الوجبات - حي قرطبة,مطعم شاورما اللؤلؤة لتقديم الوجبات,حي قرطبة,مطعم شاورما اللؤلؤة لتقديم الوجبات - حي قرطبة,الروضة,بلدية,بلدية الروضة,False,True,العد الكلي للبكتيريا,العد الكلي للبكتيريا,1,,العد الكلي للبكتيريا,False,indicator_only,date_parsed_from_text,3,True
Data 2025.xlsx,4789,2025-05-25,2025-05,2025-W21,2,6,sw-3110-r01,sw-3110-R01,مسحة يد,(Swabs) المسحات,Swabs,(Swabs) المسحات,swab,مطعم شاورما اللؤلؤة لتقديم الوجبات - حي قرطبة,مطعم شاورما اللؤلؤة لتقديم الوجبات,حي قرطبة,مطعم شاورما اللؤلؤة لتقديم الوجبات - حي قرطبة,الروضة,بلدية,بلدية الروضة,True,False,لا يوجد,,0,,,False,none,date_parsed_from_text,3,True
Data 2025.xlsx,4803,2025-05-25,2025-05,2025-W21,2,6,sw-3111-r01,sw-3111-R01,مسحة قطاعة,(Swabs) المسحات,Swabs,(Swabs) المسحات,swab,فت بوكس - حي قرطبة,فت بوكس,حي قرطبة,فت بوكس - حي قرطبة,الروضة,بلدية,بلدية الروضة,False,True,العد الكلي للبكتيريا,العد الكلي للبكتيريا,1,,العد الكلي للبكتيريا,False,indicator_only,date_parsed_from_text,7,True
Data 2025.xlsx,4804,2025-05-25,2025-05,2025-W21,2,6,sw-3112-r01,sw-3112-R01,مسحة قطاعة,(Swabs) المسحات,Swabs,(Swabs) المسحات,swab,فت بوكس - حي قرطبة,فت بوكس,حي قرطبة,فت بوكس - حي قرطبة,الروضة,بلدية,بلدية الروضة,False,True,العد الكلي للبكتيريا,العد الكلي للبكتيريا,1,,العد الكلي للبكتيريا,False,indicator_only,date_parsed_from_text,8,True
Data 2025.xlsx,4805,2025-05-25,2025-05,2025-W21,2,6,sw-3113-r01,sw-3113-R01,مسحة قطاعة,(Swabs) المسحات,Swabs,(Swabs) المسحات,swab,فت بوكس - حي قرطبة,فت بوكس,حي قرطبة,فت بوكس - حي قرطبة,الروضة,بلدية,بلدية الروضة,False,True,العد الكلي للبكتيريا,العد الكلي للبكتيريا,1,,العد الكلي للبكتيريا,False,indicator_only,date_parsed_from_text,9,True
Data 2025.xlsx,4806,2025-05-25,2025-05,2025-W21,2,6,sw-3114-r01,sw-3114-R01,مسحة قطاعة,(Swabs) المسحات,Swabs,(Swabs) المسحات,swab,فت بوكس - حي قرطبة,فت بوكس,حي قرطبة,فت بوكس - حي قرطبة,الروضة,بلدية,بلدية الروضة,True,False,لا يوجد,,0,,,False,none,date_parsed_from_text,9,True
Data 2025.xlsx,4799,2025-05-25,2025-05,2025-W21,2,6,sweet-1064-r01,sweet-1064-R01,تشيز كيك,الحلا(sweetness),sweetness,الحلا(sweetness),sweets_bakery,فت بوكس - حي قرطبة,فت بوكس,حي قرطبة,فت بوكس - حي قرطبة,الروضة,بلدية,بلدية الروضة,False,True,العد الكلي للبكتيريا,العد الكلي للبكتيريا,1,,العد الكلي للبكتيريا,False,indicator_only,date_parsed_from_text,5,True
Data 2025.xlsx,4800,2025-05-25,2025-05,2025-W21,2,6,sweet-1065-r01,sweet-1065-R01,تراميسو,الحلا(sweetness),sweetness,الحلا(sweetness),sweets_bakery,فت بوكس - حي قرطبة,فت بوكس,حي قرطبة,فت بوكس - حي قرطبة,الروضة,بلدية,بلدية الروضة,True,False,لا يوجد,,0,,,False,none,date_parsed_from_text,5,True
Data 2025.xlsx,4801,2025-05-25,2025-05,2025-W21,2,6,sweet-1066-r01,sweet-1066-R01,حلا فول سوداني,الحلا(sweetness),sweetness,الحلا(sweetness),sweets_bakery,فت بوكس - حي قرطبة,فت بوكس,حي قرطبة,فت بوكس - حي قرطبة,الروضة,بلدية,بلدية الروضة,False,True,العد الكلي للبكتيريا,العد الكلي للبكتيريا,1,,العد الكلي للبكتيريا,False,indicator_only,date_parsed_from_text,6,True
Data 2025.xlsx,4821,2025-05-25,2025-05,2025-W21,2,6,sweet-1067-r01,sweet-1067-R01,هني ورلك,الحلا(sweetness),sweetness,الحلا(sweetness),sweets_bakery,ريد بوكس - حي قرطبة,ريد بوكس,حي قرطبة,ريد بوكس - حي قرطبة,الروضة,بلدية,بلدية الروضة,True,False,لا يوجد,,0,,,False,none,date_parsed_from_text,3,True
Data 2025.xlsx,4822,2025-05-25,2025-05,2025-W21,2,6,sweet-1068-r01,sweet-1068-R01,بروني,الحلا(sweetness),sweetness,الحلا(sweetness),sweets_bakery,ريد بوكس - حي قرطبة,ريد بوكس,حي قرطبة,ريد بوكس - حي قرطبة,الروضة,بلدية,بلدية الروضة,False,True,العد الكلي للبكتيريا,العد الكلي للبكتيريا,1,,العد الكلي للبكتيريا,False,indicator_only,date_parsed_from_text,4,True
Data 2025.xlsx,4823,2025-05-25,2025-05,2025-W21,2,6,ubot-0979-r01,Ubot-0979-R01,مياه حنفية لغسيل الادوات,المياه الغير معبأة (Unbottled water),Unbottled water,المياه الغير معبأة (Unbottled water),water,راشد عبدالعزيز ناصر الشومر,راشد عبدالعزيز ناصر الشومر,,راشد عبدالعزيز ناصر الشومر,العليا,بلدية,بلدية العليا,True,False,لا يوجد,,0,,,False,none,date_parsed_from_text,2,True
Data 2025.xlsx,4824,2025-05-25,2025-05,2025-W21,2,6,ubot-0981-r01,Ubot-0981-R01,مياه حنفية لغسيل الادوات,المياه الغير معبأة (Unbottled water),Unbottled water,المياه الغير معبأة (Unbottled water),water,شركة يوم السمك لبيع الاسماك,شركة يوم السمك لبيع الاسماك,,شركة يوم السمك لبيع الاسماك,العليا,بلدية,بلدية العليا,True,False,لا يوجد,,0,,,False,none,date_parsed_from_text,1,False
Data 2025.xlsx,4825,2025-05-25,2025-05,2025-W21,2,6,ubot-0982-r01,Ubot-0982-R01,مياه فلتر لغسيل الاسماك,المياه الغير معبأة (Unbottled water),Unbottled water,المياه الغير معبأة (Unbottled water),water,شركة يوم السمك لبيع الاسماك,شركة يوم السمك لبيع الاسماك,,شركة يوم السمك لبيع الاسماك,العليا,بلدية,بلدية العليا,True,False,لا يوجد,,0,,,False,none,date_parsed_from_text,1,False
Data 2025.xlsx,4826,2025-05-25,2025-05,2025-W21,2,6,ubot-0983-r01,Ubot-0983-R01,مياه فلتر للطبخ,المياه الغير معبأة (Unbottled water),Unbottled water,المياه الغير معبأة (Unbottled water),water,فت بوكس - حي قرطبة,فت بوكس,حي قرطبة,فت بوكس - حي قرطبة,الروضة,بلدية,بلدية الروضة,True,False,لا يوجد,,0,,,False,none,date_parsed_from_text,9,True
Data 2025.xlsx,4848,2025-05-26,2025-05,2025-W22,2,0,1-3047-R01,1-3047-R01,كروسان ديك رومي مع خس,كروسان (croissant),croissant,كروسان (croissant),sweets_bakery,مخابز ديا - حي اليرموك,مخابز ديا,حي اليرموك,مخابز ديا - حي اليرموك,الروضة,بلدية,بلدية الروضة,False,True,العد الكلي للبكتيريا,العد الكلي للبكتيريا,1,,العد الكلي للبكتيريا,False,indicator_only,date_parsed_from_text,11,True
Data 2025.xlsx,4867,2025-05-26,2025-05,2025-W22,2,0,1-3048-R01,1-3048-R01,رز بخاري,الارز ( rice),rice,الارز ( rice),prepared_meal,مطعم صالحه البخاري - حي اليرموك,مطعم صالحه البخاري,حي اليرموك,مطعم صالحه البخاري - حي اليرموك,الروضة,بلدية,بلدية الروضة,True,False,لا يوجد,,0,,,False,none,date_parsed_from_text,9,True
Data 2025.xlsx,4894,2025-05-26,2025-05,2025-W22,2,0,1-3049-R01,1-3049-R01,نكهة رمان,نكهات مركزة ( Syrup ),Syrup,نكهات مركزة ( Syrup ),sauce_condiment,شركة دار الضيافة (كانتون ) - اليرموك,شركة دار الضيافة (كانتون ),اليرموك,شركة دار الضيافة (كانتون ) - اليرموك,الروضة,بلدية,بلدية الروضة,True,False,لا يوجد,,0,,,False,none,date_parsed_from_text,3,True
Data 2025.xlsx,4895,2025-05-26,2025-05,2025-W22,2,0,1-3050-R01,1-3050-R01,نكهة فراولة,نكهات مركزة ( Syrup ),Syrup,نكهات مركزة ( Syrup ),sauce_condiment,شركة دار الضيافة (كانتون ) - اليرموك,شركة دار الضيافة (كانتون ),اليرموك,شركة دار الضيافة (كانتون ) - اليرموك,الروضة,بلدية,بلدية الروضة,True,False,لا يوجد,,0,,,False,none,date_parsed_from_text,3,True
Data 2025.xlsx,4896,2025-05-26,2025-05,2025-W22,2,0,1-3051-R01,1-3051-R01,نكهة جح,نكهات مركزة ( Syrup ),Syrup,نكهات مركزة ( Syrup ),sauce_condiment,شركة دار الضيافة (كانتون ) - اليرموك,شركة دار الضيافة (كانتون ),اليرموك,شركة دار الضيافة (كانتون ) - اليرموك,الروضة,بلدية,بلدية الروضة,True,False,لا يوجد,,0,,,False,none,date_parsed_from_text,3,True
Data 2025.xlsx,4897,2025-05-26,2025-05,2025-W22,2,0,1-3052-R01,1-3052-R01,نكهة مانجا,نكهات مركزة ( Syrup ),Syrup,نكهات مركزة ( Syrup ),sauce_condiment,شركة دار الضيافة (كانتون ) - اليرموك,شركة دار الضيافة (كانتون ),اليرموك,شركة دار الضيافة (كانتون ) - اليرموك,الروضة,بلدية,بلدية الروضة,True,False,لا يوجد,,0,,,False,none,date_parsed_from_text,3,True
Data 2025.xlsx,4899,2025-05-26,2025-05,2025-W22,2,0,1-3053-R01,1-3053-R01,رز مقلي مطبوخ,الارز ( rice),rice,الارز ( rice),prepared_meal,شركة دار الضيافة (كانتون ) - اليرموك,شركة دار الضيافة (كانتون ),اليرموك,شركة دار الضيافة (كانتون ) - اليرموك,الروضة,بلدية,بلدية الروضة,True,False,لا يوجد,,0,,,False,none,date_parsed_from_text,4,True
Data 2025.xlsx,4900,2025-05-26,2025-05,2025-W22,2,0,1-3054-R01,1-3054-R01,نوديلز مطبوخ,(macaroni) مكرونة,macaroni,(macaroni) مكرونة,prepared_meal,شركة دار الضيافة (كانتون ) - اليرموك,شركة دار الضيافة (كانتون ),اليرموك,شركة دار الضيافة (كانتون ) - اليرموك,الروضة,بلدية,بلدية الروضة,True,False,لا يوجد,,0,,,False,none,date_parsed_from_text,4,True
Data 2025.xlsx,4893,2025-05-26,2025-05,2025-W22,2,0,O-U-ga-0157-R01,O-U-ga-0157-R01,ثوم مقلي,الثوم (garlic),garlic,الثوم (garlic),produce,شركة دار الضيافة (كانتون ) - اليرموك,شركة دار الضيافة (كانتون ),اليرموك,شركة دار الضيافة (كانتون ) - اليرموك,الروضة,بلدية,بلدية الروضة,True,False,لا يوجد,,0,,,False,none,date_parsed_from_text,3,True
Data 2025.xlsx,4880,2025-05-26,2025-05,2025-W22,2,0,O-r-O3-le-0347-R01,O-r-O3-le-0347-R01,خس,الخس (Lettuce),Lettuce,الخس (Lettuce),produce,مطعم ويستر - حي اليرموك,مطعم ويستر,حي اليرموك,مطعم ويستر - حي اليرموك,الروضة,بلدية,بلدية الروضة,True,False,لا يوجد,,0,,,False,none,date_parsed_from_text,2,True
Data 2025.xlsx,4865,2025-05-26,2025-05,2025-W22,2,0,OO-OSS-po-0397-R01,OO-OSS-po-0397-R01,بطاطس مقلي,البطاطس (potatoes),potatoes,البطاطس (potatoes),produce,مطعم صالحه البخاري - حي اليرموك,مطعم صالحه البخاري,حي اليرموك,مطعم صالحه البخاري - حي اليرموك,الروضة,بلدية,بلدية الروضة,True,False,لا يوجد,,0,,,False,none,date_parsed_from_text,9,True
Data 2025.xlsx,4844,2025-05-26,2025-05,2025-W22,2,0,appe-0469-r01,Appe-0469-R01,متبل,مقبلات (Appetizers),Appetizers,مقبلات (Appetizers),prepared_meal,مخابز ديا - حي اليرموك,مخابز ديا,حي اليرموك,مخابز ديا - حي اليرموك,الروضة,بلدية,بلدية الروضة,True,False,لا يوجد,,0,,,False,none,date_parsed_from_text,7,True
Data 2025.xlsx,4845,2025-05-26,2025-05,2025-W22,2,0,appe-0470-r01,Appe-0470-R01,حمص شمندر,مقبلات (Appetizers),Appetizers,مقبلات (Appetizers),prepared_meal,مخابز ديا - حي اليرموك,مخابز ديا,حي اليرموك,مخابز ديا - حي اليرموك,الروضة,بلدية,بلدية الروضة,False,True,العد الكلي للبكتيريا,العد الكلي للبكتيريا,1,,العد الكلي للبكتيريا,False,indicator_only,date_parsed_from_text,8,True
Data 2025.xlsx,4857,2025-05-26,2025-05,2025-W22,2,0,appe-0471-r01,Appe-0471-R01,بابا غموج,مقبلات (Appetizers),Appetizers,مقبلات (Appetizers),prepared_meal,مطعم صالحه البخاري - حي اليرموك,مطعم صالحه البخاري,حي اليرموك,مطعم صالحه البخاري - حي اليرموك,الروضة,بلدية,بلدية الروضة,False,True,العد الكلي للبكتيريا,العد الكلي للبكتيريا,1,,العد الكلي للبكتيريا,False,indicator_only,date_parsed_from_text,5,True
Data 2025.xlsx,4858,2025-05-26,2025-05,2025-W22,2,0,appe-0472-r01,Appe-0472-R01,حمص,مقبلات (Appetizers),Appetizers,مقبلات (Appetizers),prepared_meal,مطعم صالحه البخاري - حي اليرموك,مطعم صالحه البخاري,حي اليرموك,مطعم صالحه البخاري - حي اليرموك,الروضة,بلدية,بلدية الروضة,False,True,العد الكلي للبكتيريا,العد الكلي للبكتيريا,1,,العد الكلي للبكتيريا,False,indicator_only,date_parsed_from_text,6,True
Data 2025.xlsx,4859,2025-05-26,2025-05,2025-W22,2,0,appe-0473-r01,Appe-0473-R01,متبل,مقبلات (Appetizers),Appetizers,مقبلات (Appetizers),prepared_meal,مطعم صالحه البخاري - حي اليرموك,مطعم صالحه البخاري,حي اليرموك,مطعم صالحه البخاري - حي اليرموك,الروضة,بلدية,بلدية الروضة,True,False,لا يوجد,,0,,,False,none,date_parsed_from_text,6,True
Data 2025.xlsx,4866,2025-05-26,2025-05,2025-W22,2,0,br-0094-r01,Br-0094-R01,خبز تميس,الخبـز (Bread),Bread,الخبـز (Bread),sweets_bakery,مطعم صالحه البخاري - حي اليرموك,مطعم صالحه البخاري,حي اليرموك,مطعم صالحه البخاري - حي اليرموك,الروضة,بلدية,بلدية الروضة,True,False,لا يوجد,,0,,,False,none,date_parsed_from_text,9,True
Data 2025.xlsx,4834,2025-05-26,2025-05,2025-W22,2,0,bri-0304-r01,bri-0304-R01,لبنة مكدوس,لبنة ( brick),brick,لبنة ( brick),dairy,مخابز ديا - حي اليرموك,مخابز ديا,حي اليرموك,مخابز ديا - حي اليرموك,الروضة,بلدية,بلدية الروضة,False,True,انتيروباكتريسي,انتيروباكتريسي,1,,انتيروباكتريسي,False,indicator_only,date_parsed_from_text,3,True
Data 2025.xlsx,4835,2025-05-26,2025-05,2025-W22,2,0,bri-0305-r01,bri-0305-R01,لبنة وزعتر,لبنة ( brick),brick,لبنة ( brick),dairy,مخابز ديا - حي اليرموك,مخابز ديا,حي اليرموك,مخابز ديا - حي اليرموك,الروضة,بلدية,بلدية الروضة,False,True,انتيروباكتريسي,انتيروباكتريسي,1,,انتيروباكتريسي,False,indicator_only,date_parsed_from_text,4,True
Data 2025.xlsx,4836,2025-05-26,2025-05,2025-W22,2,0,bri-0306-r01,bri-0306-R01,لبنة حارة,لبنة ( brick),brick,لبنة ( brick),dairy,مخابز ديا - حي اليرموك,مخابز ديا,حي اليرموك,مخابز ديا - حي اليرموك,الروضة,بلدية,بلدية الروضة,True,False,لا يوجد,,0,,,False,none,date_parsed_from_text,4,True
Data 2025.xlsx,4837,2025-05-26,2025-05,2025-W22,2,0,bri-0307-r01,bri-0307-R01,لبنة بستو,لبنة ( brick),brick,لبنة ( brick),dairy,مخابز ديا - حي اليرموك,مخابز ديا,حي اليرموك,مخابز ديا - حي اليرموك,الروضة,بلدية,بلدية الروضة,False,True,الخمائر والاعفان,الخمائر والاعفان,1,,الخمائر والاعفان,False,indicator_only,date_parsed_from_text,5,True
Data 2025.xlsx,4838,2025-05-26,2025-05,2025-W22,2,0,bri-0308-r01,bri-0308-R01,مفروكة حارة (لبنة),لبنة ( brick),brick,لبنة ( brick),dairy,مخابز ديا - حي اليرموك,مخابز ديا,حي اليرموك,مخابز ديا - حي اليرموك,الروضة,بلدية,بلدية الروضة,False,True,انتيروباكتريسي | الخمائر والاعفان,انتيروباكتريسي | الخمائر والاعفان,2,,انتيروباكتريسي | الخمائر والاعفان,False,indicator_only,date_parsed_from_text,6,True
Data 2025.xlsx,4839,2025-05-26,2025-05,2025-W22,2,0,bri-0309-r01,bri-0309-R01,مفروكة (لبنة),لبنة ( brick),brick,لبنة ( brick),dairy,مخابز ديا - حي اليرموك,مخابز ديا,حي اليرموك,مخابز ديا - حي اليرموك,الروضة,بلدية,بلدية الروضة,False,True,انتيروباكتريسي | الخمائر والاعفان,انتيروباكتريسي | الخمائر والاعفان,2,,انتيروباكتريسي | الخمائر والاعفان,False,indicator_only,date_parsed_from_text,7,True
Data 2025.xlsx,4840,2025-05-26,2025-05,2025-W22,2,0,chee-0743-r01,Chee-0743-R01,سلطة جبن فيتا حلومي مشوي,(cheese) جبنة,cheese,(cheese) جبنة,dairy,مخابز ديا - حي اليرموك,مخابز ديا,حي اليرموك,مخابز ديا - حي اليرموك,الروضة,بلدية,بلدية الروضة,True,False,لا يوجد,,0,,,False,none,date_parsed_from_text,7,True
Data 2025.xlsx,4841,2025-05-26,2025-05,2025-W22,2,0,chee-0744-r01,Chee-0744-R01,خلطة جبنة فيتا حارة,(cheese) جبنة,cheese,(cheese) جبنة,dairy,مخابز ديا - حي اليرموك,مخابز ديا,حي اليرموك,مخابز ديا - حي اليرموك,الروضة,بلدية,بلدية الروضة,True,False,لا يوجد,,0,,,False,none,date_parsed_from_text,7,True
Data 2025.xlsx,4842,2025-05-26,2025-05,2025-W22,2,0,chee-0745-r01,Chee-0745-R01,جبنة فيتا حبة سوداء,(cheese) جبنة,cheese,(cheese) جبنة,dairy,مخابز ديا - حي اليرموك,مخابز ديا,حي اليرموك,مخابز ديا - حي اليرموك,الروضة,بلدية,بلدية الروضة,True,False,لا يوجد,,0,,,False,none,date_parsed_from_text,7,True
Data 2025.xlsx,4843,2025-05-26,2025-05,2025-W22,2,0,chee-0746-r01,Chee-0746-R01,جبنة فيتا و طماطم مجفف,(cheese) جبنة,cheese,(cheese) جبنة,dairy,مخابز ديا - حي اليرموك,مخابز ديا,حي اليرموك,مخابز ديا - حي اليرموك,الروضة,بلدية,بلدية الروضة,True,False,لا يوجد,,0,,,False,none,date_parsed_from_text,7,True
Data 2025.xlsx,4878,2025-05-26,2025-05,2025-W22,2,0,chee-0747-r01,Chee-0747-R01,تشيز امريكانا,(cheese) جبنة,cheese,(cheese) جبنة,dairy,مطعم ويستر - حي اليرموك,مطعم ويستر,حي اليرموك,مطعم ويستر - حي اليرموك,الروضة,بلدية,بلدية الروضة,True,False,لا يوجد,,0,,,False,none,date_parsed_from_text,2,True
Data 2025.xlsx,4903,2025-05-26,2025-05,2025-W22,2,0,cm-0107-r01,Cm-0107-R01,لحم سيسوان,اللحوم المطبوخة (Cooked meat),Cooked meat,اللحوم المطبوخة (Cooked meat),cooked_meat_poultry,شركة دار الضيافة (كانتون ) - اليرموك,شركة دار الضيافة (كانتون ),اليرموك,شركة دار الضيافة (كانتون ) - اليرموك,الروضة,بلدية,بلدية الروضة,True,False,لا يوجد,,0,,,False,none,date_parsed_from_text,5,True
Data 2025.xlsx,4863,2025-05-26,2025-05,2025-W22,2,0,co-0519-r01,co-0519-R01,دجاج نص استواء,الدجاج المطبوخ (Cooked chicken),Cooked chicken,الدجاج المطبوخ (Cooked chicken),cooked_meat_poultry,مطعم صالحه البخاري - حي اليرموك,مطعم صالحه البخاري,حي اليرموك,مطعم صالحه البخاري - حي اليرموك,الروضة,بلدية,بلدية الروضة,False,True,السالمونيلا,السالمونيلا,1,السالمونيلا,,True,pathogen,date_parsed_from_text,8,True
Data 2025.xlsx,4883,2025-05-26,2025-05,2025-W22,2,0,co-0520-r01,co-0520-R01,دجاج استربس,الدجاج المطبوخ (Cooked chicken),Cooked chicken,الدجاج المطبوخ (Cooked chicken),cooked_meat_poultry,مطعم ويستر - حي اليرموك,مطعم ويستر,حي اليرموك,مطعم ويستر - حي اليرموك,الروضة,بلدية,بلدية الروضة,True,False,لا يوجد,,0,,,False,none,date_parsed_from_text,2,True
Data 2025.xlsx,4901,2025-05-26,2025-05,2025-W22,2,0,co-0521-r01,co-0521-R01,دجاج بالكاجو,الدجاج المطبوخ (Cooked chicken),Cooked chicken,الدجاج المطبوخ (Cooked chicken),cooked_meat_poultry,شركة دار الضيافة (كانتون ) - اليرموك,شركة دار الضيافة (كانتون ),اليرموك,شركة دار الضيافة (كانتون ) - اليرموك,الروضة,بلدية,بلدية الروضة,False,True,العد الكلي للبكتيريا,العد الكلي للبكتيريا,1,,العد الكلي للبكتيريا,False,indicator_only,date_parsed_from_text,5,True
Data 2025.xlsx,4902,2025-05-26,2025-05,2025-W22,2,0,co-0522-r01,co-0522-R01,دجاج كونج باون,الدجاج المطبوخ (Cooked chicken),Cooked chicken,الدجاج المطبوخ (Cooked chicken),cooked_meat_poultry,شركة دار الضيافة (كانتون ) - اليرموك,شركة دار الضيافة (كانتون ),اليرموك,شركة دار الضيافة (كانتون ) - اليرموك,الروضة,بلدية,بلدية الروضة,True,False,لا يوجد,,0,,,False,none,date_parsed_from_text,5,True
Data 2025.xlsx,4831,2025-05-26,2025-05,2025-W22,2,0,gr-0167-r01,gr-0167-R01,ورق عنب,ورق عنب (Grape leaves),Grape leaves,ورق عنب (Grape leaves),produce,مخابز ديا - حي اليرموك,مخابز ديا,حي اليرموك,مخابز ديا - حي اليرموك,الروضة,بلدية,بلدية الروضة,True,False,لا يوجد,,0,,,False,none,date_parsed_from_text,0,False
Data 2025.xlsx,4888,2025-05-26,2025-05,2025-W22,2,0,icecrea-0118-r01,icecrea-0118-R01,ايس كريم فراولة,(ice cream) ايسكريم,ice cream,(ice cream) ايسكريم,dairy,مطعم ويستر - حي اليرموك,مطعم ويستر,حي اليرموك,مطعم ويستر - حي اليرموك,الروضة,بلدية,بلدية الروضة,False,True,العد الكلي للبكتيريا,العد الكلي للبكتيريا,1,,العد الكلي للبكتيريا,False,indicator_only,date_parsed_from_text,3,True
Data 2025.xlsx,4889,2025-05-26,2025-05,2025-W22,2,0,icecrea-0119-r01,icecrea-0119-R01,ايس كريم توت ازرق,(ice cream) ايسكريم,ice cream,(ice cream) ايسكريم,dairy,مطعم ويستر - حي اليرموك,مطعم ويستر,حي اليرموك,مطعم ويستر - حي اليرموك,الروضة,بلدية,بلدية الروضة,False,True,العد الكلي للبكتيريا,العد الكلي للبكتيريا,1,,العد الكلي للبكتيريا,False,indicator_only,date_parsed_from_text,4,True
Data 2025.xlsx,4846,2025-05-26,2025-05,2025-W22,2,0,olv-0473-r01,olv-0473-R01,زيتون مشكل,الزيتون /Olive,Olive,الزيتون /Olive,produce,مخابز ديا - حي اليرموك,مخابز ديا,حي اليرموك,مخابز ديا - حي اليرموك,الروضة,بلدية,بلدية الروضة,False,True,خمائر,الخمائر والاعفان,1,,الخمائر والاعفان,False,indicator_only,date_parsed_from_text,9,True
Data 2025.xlsx,4877,2025-05-26,2025-05,2025-W22,2,0,pick-0430-r01,Pick-0430-R01,مخلل خيار,المخلل (Pickle),Pickle,المخلل (Pickle),sauce_condiment,مطعم ويستر - حي اليرموك,مطعم ويستر,حي اليرموك,مطعم ويستر - حي اليرموك,الروضة,بلدية,بلدية الروضة,True,False,لا يوجد,,0,,,False,none,date_parsed_from_text,2,True
Data 2025.xlsx,4827,2025-05-26,2025-05,2025-W22,2,0,raw-0231-r01,Raw-0231-R01,لحم كتف عجل,لحوم نيئة مبردة ومجمدة (Raw meat Cold or chilled ),Raw meat Cold or chilled,لحوم نيئة مبردة ومجمدة (Raw meat Cold or chilled ),raw_meat,مؤسسة محمد ناجي بن نامي اللهيبي للحوم الطازجة,مؤسسة محمد ناجي بن نامي اللهيبي للحوم الطازجة,,مؤسسة محمد ناجي بن نامي اللهيبي للحوم الطازجة,الشمال,بلدية,بلدية الشمال,True,False,لا يوجد,,0,,,False,none,date_parsed_from_text,0,False
Data 2025.xlsx,4828,2025-05-26,2025-05,2025-W22,2,0,raw-0232-r01,Raw-0232-R01,لحم كتف غنم,لحوم نيئة مبردة ومجمدة (Raw meat Cold or chilled ),Raw meat Cold or chilled,لحوم نيئة مبردة ومجمدة (Raw meat Cold or chilled ),raw_meat,مؤسسة محمد ناجي بن نامي اللهيبي للحوم الطازجة,مؤسسة محمد ناجي بن نامي اللهيبي للحوم الطازجة,,مؤسسة محمد ناجي بن نامي اللهيبي للحوم الطازجة,الشمال,بلدية,بلدية الشمال,True,False,لا يوجد,,0,,,False,none,date_parsed_from_text,0,False
Data 2025.xlsx,4829,2025-05-26,2025-05,2025-W22,2,0,raw-0233-r01,Raw-0233-R01,قلب عجل,لحوم نيئة مبردة ومجمدة (Raw meat Cold or chilled ),Raw meat Cold or chilled,لحوم نيئة مبردة ومجمدة (Raw meat Cold or chilled ),raw_meat,مؤسسة محمد ناجي بن نامي اللهيبي للحوم الطازجة,مؤسسة محمد ناجي بن نامي اللهيبي للحوم الطازجة,,مؤسسة محمد ناجي بن نامي اللهيبي للحوم الطازجة,الشمال,بلدية,بلدية الشمال,True,False,لا يوجد,,0,,,False,none,date_parsed_from_text,0,False
Data 2025.xlsx,4830,2025-05-26,2025-05,2025-W22,2,0,raw-0234-r01,Raw-0234-R01,كبدة عجل,لحوم نيئة مبردة ومجمدة (Raw meat Cold or chilled ),Raw meat Cold or chilled,لحوم نيئة مبردة ومجمدة (Raw meat Cold or chilled ),raw_meat,مؤسسة محمد ناجي بن نامي اللهيبي للحوم الطازجة,مؤسسة محمد ناجي بن نامي اللهيبي للحوم الطازجة,,مؤسسة محمد ناجي بن نامي اللهيبي للحوم الطازجة,الشمال,بلدية,بلدية الشمال,True,False,لا يوجد,,0,,,False,none,date_parsed_from_text,0,False
Data 2025.xlsx,4832,2025-05-26,2025-05,2025-W22,2,0,sal-1357-r01,Sal-1357-R01,سلطة تونة,السلطة(Salad),Salad,السلطة(Salad),produce,مخابز ديا - حي اليرموك,مخابز ديا,حي اليرموك,مخابز ديا - حي اليرموك,الروضة,بلدية,بلدية الروضة,False,True,العد الكلي للبكتيريا,العد الكلي للبكتيريا,1,,العد الكلي للبكتيريا,False,indicator_only,date_parsed_from_text,1,False
Data 2025.xlsx,4833,2025-05-26,2025-05,2025-W22,2,0,sal-1358-r01,Sal-1358-R01,سلطة مرتديلا دجاج,السلطة(Salad),Salad,السلطة(Salad),produce,مخابز ديا - حي اليرموك,مخابز ديا,حي اليرموك,مخابز ديا - حي اليرموك,الروضة,بلدية,بلدية الروضة,False,True,العد الكلي للبكتيريا | باسيلس سيريس,العد الكلي للبكتيريا | باسيلس سيريس,2,باسيلس سيريس,العد الكلي للبكتيريا,True,pathogen,date_parsed_from_text,2,True
Data 2025.xlsx,4847,2025-05-26,2025-05,2025-W22,2,0,sal-1359-r01,Sal-1359-R01,سلطة كراب,السلطة(Salad),Salad,السلطة(Salad),produce,مخابز ديا - حي اليرموك,مخابز ديا,حي اليرموك,مخابز ديا - حي اليرموك,الروضة,بلدية,بلدية الروضة,False,True,استافيلوكوكس اورياس,استافيلوكوكس اورياس,1,استافيلوكوكس اورياس,,True,pathogen,date_parsed_from_text,10,True
Data 2025.xlsx,4853,2025-05-26,2025-05,2025-W22,2,0,sal-1360-r01,Sal-1360-R01,سلطة خيار ولبن,السلطة(Salad),Salad,السلطة(Salad),produce,مطعم صالحه البخاري - حي اليرموك,مطعم صالحه البخاري,حي اليرموك,مطعم صالحه البخاري - حي اليرموك,الروضة,بلدية,بلدية الروضة,False,True,استافيلوكوكس اورياس,استافيلوكوكس اورياس,1,استافيلوكوكس اورياس,,True,pathogen,date_parsed_from_text,1,False
Data 2025.xlsx,4854,2025-05-26,2025-05,2025-W22,2,0,sal-1361-r01,Sal-1361-R01,سلطة زبادي,السلطة(Salad),Salad,السلطة(Salad),produce,مطعم صالحه البخاري - حي اليرموك,مطعم صالحه البخاري,حي اليرموك,مطعم صالحه البخاري - حي اليرموك,الروضة,بلدية,بلدية الروضة,False,True,استافيلوكوكس اورياس,استافيلوكوكس اورياس,1,استافيلوكوكس اورياس,,True,pathogen,date_parsed_from_text,2,True
Data 2025.xlsx,4855,2025-05-26,2025-05,2025-W22,2,0,sal-1362-r01,Sal-1362-R01,سلطة روسية,السلطة(Salad),Salad,السلطة(Salad),produce,مطعم صالحه البخاري - حي اليرموك,مطعم صالحه البخاري,حي اليرموك,مطعم صالحه البخاري - حي اليرموك,الروضة,بلدية,بلدية الروضة,False,True,استافيلوكوكس اورياس,استافيلوكوكس اورياس,1,استافيلوكوكس اورياس,,True,pathogen,date_parsed_from_text,3,True
Data 2025.xlsx,4856,2025-05-26,2025-05,2025-W22,2,0,sal-1363-r01,Sal-1363-R01,سلطة طرطور (طحينة و نعناع و شبث),السلطة(Salad),Salad,السلطة(Salad),produce,مطعم صالحه البخاري - حي اليرموك,مطعم صالحه البخاري,حي اليرموك,مطعم صالحه البخاري - حي اليرموك,الروضة,بلدية,بلدية الروضة,False,True,العد الكلي للبكتيريا | استافيلوكوكس اورياس,العد الكلي للبكتيريا | استافيلوكوكس اورياس,2,استافيلوكوكس اورياس,العد الكلي للبكتيريا,True,pathogen,date_parsed_from_text,4,True
Data 2025.xlsx,4860,2025-05-26,2025-05,2025-W22,2,0,sal-1364-r01,Sal-1364-R01,سلطة امريكية,السلطة(Salad),Salad,السلطة(Salad),produce,مطعم صالحه البخاري - حي اليرموك,مطعم صالحه البخاري,حي اليرموك,مطعم صالحه البخاري - حي اليرموك,الروضة,بلدية,بلدية الروضة,True,False,لا يوجد,,0,,,False,none,date_parsed_from_text,6,True
Data 2025.xlsx,4861,2025-05-26,2025-05,2025-W22,2,0,sal-1365-r01,Sal-1365-R01,سلطة خضراء,السلطة(Salad),Salad,السلطة(Salad),produce,مطعم صالحه البخاري - حي اليرموك,مطعم صالحه البخاري,حي اليرموك,مطعم صالحه البخاري - حي اليرموك,الروضة,بلدية,بلدية الروضة,False,True,استافيلوكوكس اورياس,استافيلوكوكس اورياس,1,استافيلوكوكس اورياس,,True,pathogen,date_parsed_from_text,7,True
Data 2025.xlsx,4862,2025-05-26,2025-05,2025-W22,2,0,sal-1366-r01,Sal-1366-R01,سلطة حارة,السلطة(Salad),Salad,السلطة(Salad),produce,مطعم صالحه البخاري - حي اليرموك,مطعم صالحه البخاري,حي اليرموك,مطعم صالحه البخاري - حي اليرموك,الروضة,بلدية,بلدية الروضة,True,False,لا يوجد,,0,,,False,none,date_parsed_from_text,7,True
Data 2025.xlsx,4864,2025-05-26,2025-05,2025-W22,2,0,sal-1367-r01,Sal-1367-R01,سلطة مشوي,السلطة(Salad),Salad,السلطة(Salad),produce,مطعم صالحه البخاري - حي اليرموك,مطعم صالحه البخاري,حي اليرموك,مطعم صالحه البخاري - حي اليرموك,الروضة,بلدية,بلدية الروضة,False,True,استافيلوكوكس اورياس,استافيلوكوكس اورياس,1,استافيلوكوكس اورياس,,True,pathogen,date_parsed_from_text,9,True
Data 2025.xlsx,4879,2025-05-26,2025-05,2025-W22,2,0,sal-1368-r01,Sal-1368-R01,سلطة ملفوف,السلطة(Salad),Salad,السلطة(Salad),produce,مطعم ويستر - حي اليرموك,مطعم ويستر,حي اليرموك,مطعم ويستر - حي اليرموك,الروضة,بلدية,بلدية الروضة,True,False,لا يوجد,,0,,,False,none,date_parsed_from_text,2,True
Data 2025.xlsx,4873,2025-05-26,2025-05,2025-W22,2,0,sau-1777-r01,sau-1777-R01,صوص بنك,صوص (sauce),sauce,صوص (sauce),sauce_condiment,مطعم ويستر - حي اليرموك,مطعم ويستر,حي اليرموك,مطعم ويستر - حي اليرموك,الروضة,بلدية,بلدية الروضة,True,False,لا يوجد,,0,,,False,none,date_parsed_from_text,0,False
Data 2025.xlsx,4874,2025-05-26,2025-05,2025-W22,2,0,sau-1778-r01,sau-1778-R01,صوص كرسبي,صوص (sauce),sauce,صوص (sauce),sauce_condiment,مطعم ويستر - حي اليرموك,مطعم ويستر,حي اليرموك,مطعم ويستر - حي اليرموك,الروضة,بلدية,بلدية الروضة,False,True,العد الكلي للبكتيريا,العد الكلي للبكتيريا,1,,العد الكلي للبكتيريا,False,indicator_only,date_parsed_from_text,1,False
Data 2025.xlsx,4875,2025-05-26,2025-05,2025-W22,2,0,sau-1779-r01,sau-1779-R01,صوص سبايسي,صوص (sauce),sauce,صوص (sauce),sauce_condiment,مطعم ويستر - حي اليرموك,مطعم ويستر,حي اليرموك,مطعم ويستر - حي اليرموك,الروضة,بلدية,بلدية الروضة,False,True,العد الكلي للبكتيريا,العد الكلي للبكتيريا,1,,العد الكلي للبكتيريا,False,indicator_only,date_parsed_from_text,2,True
Data 2025.xlsx,4876,2025-05-26,2025-05,2025-W22,2,0,sau-1780-r01,sau-1780-R01,صوص ثوم,صوص (sauce),sauce,صوص (sauce),sauce_condiment,مطعم ويستر - حي اليرموك,مطعم ويستر,حي اليرموك,مطعم ويستر - حي اليرموك,الروضة,بلدية,بلدية الروضة,True,False,لا يوجد,,0,,,False,none,date_parsed_from_text,2,True
Data 2025.xlsx,4881,2025-05-26,2025-05,2025-W22,2,0,sau-1781-r01,sau-1781-R01,صوص ميبل,صوص (sauce),sauce,صوص (sauce),sauce_condiment,مطعم ويستر - حي اليرموك,مطعم ويستر,حي اليرموك,مطعم ويستر - حي اليرموك,الروضة,بلدية,بلدية الروضة,True,False,لا يوجد,,0,,,False,none,date_parsed_from_text,2,True
Data 2025.xlsx,4882,2025-05-26,2025-05,2025-W22,2,0,sau-1782-r01,sau-1782-R01,صوص سموكي,صوص (sauce),sauce,صوص (sauce),sauce_condiment,مطعم ويستر - حي اليرموك,مطعم ويستر,حي اليرموك,مطعم ويستر - حي اليرموك,الروضة,بلدية,بلدية الروضة,True,False,لا يوجد,,0,,,False,none,date_parsed_from_text,2,True
Data 2025.xlsx,4890,2025-05-26,2025-05,2025-W22,2,0,sau-1783-r01,sau-1783-R01,صوص مارينا,صوص (sauce),sauce,صوص (sauce),sauce_condiment,شركة دار الضيافة (كانتون ) - اليرموك,شركة دار الضيافة (كانتون ),اليرموك,شركة دار الضيافة (كانتون ) - اليرموك,الروضة,بلدية,بلدية الروضة,False,True,العد الكلي للبكتيريا,العد الكلي للبكتيريا,1,,العد الكلي للبكتيريا,False,indicator_only,date_parsed_from_text,1,False
Data 2025.xlsx,4891,2025-05-26,2025-05,2025-W22,2,0,sau-1784-r01,sau-1784-R01,صوص برومودرو,صوص (sauce),sauce,صوص (sauce),sauce_condiment,شركة دار الضيافة (كانتون ) - اليرموك,شركة دار الضيافة (كانتون ),اليرموك,شركة دار الضيافة (كانتون ) - اليرموك,الروضة,بلدية,بلدية الروضة,False,True,العد الكلي للبكتيريا,العد الكلي للبكتيريا,1,,العد الكلي للبكتيريا,False,indicator_only,date_parsed_from_text,2,True
Data 2025.xlsx,4892,2025-05-26,2025-05,2025-W22,2,0,sau-1785-r01,sau-1785-R01,صوص الفريدو,صوص (sauce),sauce,صوص (sauce),sauce_condiment,شركة دار الضيافة (كانتون ) - اليرموك,شركة دار الضيافة (كانتون ),اليرموك,شركة دار الضيافة (كانتون ) - اليرموك,الروضة,بلدية,بلدية الروضة,False,True,العد الكلي للبكتيريا,العد الكلي للبكتيريا,1,,العد الكلي للبكتيريا,False,indicator_only,date_parsed_from_text,3,True
Data 2025.xlsx,4898,2025-05-26,2025-05,2025-W22,2,0,sau-1786-r01,sau-1786-R01,صوص ديناميت,صوص (sauce),sauce,صوص (sauce),sauce_condiment,شركة دار الضيافة (كانتون ) - اليرموك,شركة دار الضيافة (كانتون ),اليرموك,شركة دار الضيافة (كانتون ) - اليرموك,الروضة,بلدية,بلدية الروضة,False,True,العد الكلي للبكتيريا,العد الكلي للبكتيريا,1,,العد الكلي للبكتيريا,False,indicator_only,date_parsed_from_text,4,True
Data 2025.xlsx,4868,2025-05-26,2025-05,2025-W22,2,0,sw-3115-r01,sw-3115-R01,مسحة فرامة سلطة,(Swabs) المسحات,Swabs,(Swabs) المسحات,swab,مطعم صالحه البخاري - حي اليرموك,مطعم صالحه البخاري,حي اليرموك,مطعم صالحه البخاري - حي اليرموك,الروضة,بلدية,بلدية الروضة,False,True,العد الكلي للبكتيريا | استافيلوكوكس اورياس,العد الكلي للبكتيريا | استافيلوكوكس اورياس,2,استافيلوكوكس اورياس,العد الكلي للبكتيريا,True,pathogen,date_parsed_from_text,10,True
Data 2025.xlsx,4869,2025-05-26,2025-05,2025-W22,2,0,sw-3116-r01,sw-3116-R01,مسحة يد,(Swabs) المسحات,Swabs,(Swabs) المسحات,swab,مطعم صالحه البخاري - حي اليرموك,مطعم صالحه البخاري,حي اليرموك,مطعم صالحه البخاري - حي اليرموك,الروضة,بلدية,بلدية الروضة,False,True,العد الكلي للبكتيريا,العد الكلي للبكتيريا,1,,العد الكلي للبكتيريا,False,indicator_only,date_parsed_from_text,11,True
Data 2025.xlsx,4870,2025-05-26,2025-05,2025-W22,2,0,sw-3117-r01,sw-3117-R01,مسحة حافظة الايدامات,(Swabs) المسحات,Swabs,(Swabs) المسحات,swab,مطعم صالحه البخاري - حي اليرموك,مطعم صالحه البخاري,حي اليرموك,مطعم صالحه البخاري - حي اليرموك,الروضة,بلدية,بلدية الروضة,True,False,لا يوجد,,0,,,False,none,date_parsed_from_text,11,True
Data 2025.xlsx,4871,2025-05-26,2025-05,2025-W22,2,0,sw-3118-r01,sw-3118-R01,مسحة ثلاجة مقبلات,(Swabs) المسحات,Swabs,(Swabs) المسحات,swab,مطعم صالحه البخاري - حي اليرموك,مطعم صالحه البخاري,حي اليرموك,مطعم صالحه البخاري - حي اليرموك,الروضة,بلدية,بلدية الروضة,True,False,لا يوجد,,0,,,False,none,date_parsed_from_text,11,True
Data 2025.xlsx,4884,2025-05-26,2025-05,2025-W22,2,0,sw-3119-r01,sw-3119-R01,مسحة حافظة دجاج,(Swabs) المسحات,Swabs,(Swabs) المسحات,swab,مطعم ويستر - حي اليرموك,مطعم ويستر,حي اليرموك,مطعم ويستر - حي اليرموك,الروضة,بلدية,بلدية الروضة,True,False,لا يوجد,,0,,,False,none,date_parsed_from_text,2,True
Data 2025.xlsx,4885,2025-05-26,2025-05,2025-W22,2,0,sw-3120-r01,sw-3120-R01,مسحة حافظة بطاطس,(Swabs) المسحات,Swabs,(Swabs) المسحات,swab,مطعم ويستر - حي اليرموك,مطعم ويستر,حي اليرموك,مطعم ويستر - حي اليرموك,الروضة,بلدية,بلدية الروضة,True,False,لا يوجد,,0,,,False,none,date_parsed_from_text,2,True
Data 2025.xlsx,4886,2025-05-26,2025-05,2025-W22,2,0,sw-3121-r01,sw-3121-R01,مسحة حافظة بطاطس,(Swabs) المسحات,Swabs,(Swabs) المسحات,swab,مطعم ويستر - حي اليرموك,مطعم ويستر,حي اليرموك,مطعم ويستر - حي اليرموك,الروضة,بلدية,بلدية الروضة,True,False,لا يوجد,,0,,,False,none,date_parsed_from_text,2,True
Data 2025.xlsx,4887,2025-05-26,2025-05,2025-W22,2,0,sw-3122-r01,sw-3122-R01,مسحة صانعة ثلج,(Swabs) المسحات,Swabs,(Swabs) المسحات,swab,مطعم ويستر - حي اليرموك,مطعم ويستر,حي اليرموك,مطعم ويستر - حي اليرموك,الروضة,بلدية,بلدية الروضة,True,False,لا يوجد,,0,,,False,none,date_parsed_from_text,2,True
Data 2025.xlsx,4904,2025-05-26,2025-05,2025-W22,2,0,sw-3123-r01,sw-3123-R01,مسحة طاولة تحضير,(Swabs) المسحات,Swabs,(Swabs) المسحات,swab,شركة دار الضيافة (كانتون ) - اليرموك,شركة دار الضيافة (كانتون ),اليرموك,شركة دار الضيافة (كانتون ) - اليرموك,الروضة,بلدية,بلدية الروضة,True,False,لا يوجد,,0,,,False,none,date_parsed_from_text,5,True
Data 2025.xlsx,4905,2025-05-26,2025-05,2025-W22,2,0,sw-3124-r01,sw-3124-R01,مسحة صانعة ثلج,(Swabs) المسحات,Swabs,(Swabs) المسحات,swab,شركة دار الضيافة (كانتون ) - اليرموك,شركة دار الضيافة (كانتون ),اليرموك,شركة دار الضيافة (كانتون ) - اليرموك,الروضة,بلدية,بلدية الروضة,True,False,لا يوجد,,0,,,False,none,date_parsed_from_text,5,True
Data 2025.xlsx,4906,2025-05-26,2025-05,2025-W22,2,0,sw-3125-r01,sw-3125-R01,مسحة حافظة ايدامات,(Swabs) المسحات,Swabs,(Swabs) المسحات,swab,شركة دار الضيافة (كانتون ) - اليرموك,شركة دار الضيافة (كانتون ),اليرموك,شركة دار الضيافة (كانتون ) - اليرموك,الروضة,بلدية,بلدية الروضة,True,False,لا يوجد,,0,,,False,none,date_parsed_from_text,5,True
Data 2025.xlsx,4849,2025-05-26,2025-05,2025-W22,2,0,sweet-1069-r01,sweet-1069-R01,حلا براوني بالفول السوداني,الحلا(sweetness),sweetness,الحلا(sweetness),sweets_bakery,مخابز ديا - حي اليرموك,مخابز ديا,حي اليرموك,مخابز ديا - حي اليرموك,الروضة,بلدية,بلدية الروضة,True,False,لا يوجد,,0,,,False,none,date_parsed_from_text,11,True
Data 2025.xlsx,4850,2025-05-26,2025-05,2025-W22,2,0,sweet-1070-r01,sweet-1070-R01,حلا براوني بستاشو وشوكولاتة,الحلا(sweetness),sweetness,الحلا(sweetness),sweets_bakery,مخابز ديا - حي اليرموك,مخابز ديا,حي اليرموك,مخابز ديا - حي اليرموك,الروضة,بلدية,بلدية الروضة,True,False,لا يوجد,,0,,,False,none,date_parsed_from_text,11,True
Data 2025.xlsx,4851,2025-05-26,2025-05,2025-W22,2,0,sweet-1071-r01,sweet-1071-R01,كيك انجليزي بالبرتقال,الحلا(sweetness),sweetness,الحلا(sweetness),sweets_bakery,مخابز ديا - حي اليرموك,مخابز ديا,حي اليرموك,مخابز ديا - حي اليرموك,الروضة,بلدية,بلدية الروضة,True,False,لا يوجد,,0,,,False,none,date_parsed_from_text,11,True
Data 2025.xlsx,4852,2025-05-26,2025-05,2025-W22,2,0,sweet-1072-r01,sweet-1072-R01,كوكيز ام اند امز,الحلا(sweetness),sweetness,الحلا(sweetness),sweets_bakery,مخابز ديا - حي اليرموك,مخابز ديا,حي اليرموك,مخابز ديا - حي اليرموك,الروضة,بلدية,بلدية الروضة,True,False,لا يوجد,,0,,,False,none,date_parsed_from_text,11,True
Data 2025.xlsx,4872,2025-05-26,2025-05,2025-W22,2,0,sweet-1073-r01,sweet-1073-R01,حلا جلي القرية,الحلا(sweetness),sweetness,الحلا(sweetness),sweets_bakery,مطعم صالحه البخاري - حي اليرموك,مطعم صالحه البخاري,حي اليرموك,مطعم صالحه البخاري - حي اليرموك,الروضة,بلدية,بلدية الروضة,True,False,لا يوجد,,0,,,False,none,date_parsed_from_text,11,True
Data 2025.xlsx,4907,2025-05-26,2025-05,2025-W22,2,0,ubot-0984-r01,Ubot-0984-R01,مياه حنفية لغسيل الادوات,المياه الغير معبأة (Unbottled water),Unbottled water,المياه الغير معبأة (Unbottled water),water,مؤسسة محمد ناجي بن نامي اللهيبي للحوم الطازجة,مؤسسة محمد ناجي بن نامي اللهيبي للحوم الطازجة,,مؤسسة محمد ناجي بن نامي اللهيبي للحوم الطازجة,الشمال,بلدية,بلدية الشمال,True,False,لا يوجد,,0,,,False,none,date_parsed_from_text,0,False
Data 2025.xlsx,4908,2025-05-26,2025-05,2025-W22,2,0,ubot-0985-r01,Ubot-0985-R01,مياه فلتر للطبخ,المياه الغير معبأة (Unbottled water),Unbottled water,المياه الغير معبأة (Unbottled water),water,مطعم صالحه البخاري - حي اليرموك,مطعم صالحه البخاري,حي اليرموك,مطعم صالحه البخاري - حي اليرموك,الروضة,بلدية,بلدية الروضة,True,False,لا يوجد,,0,,,False,none,date_parsed_from_text,11,True
Data 2025.xlsx,4929,2025-05-27,2025-05,2025-W22,2,1,1-3055-R01,1-3055-R01,رز مندي,الارز ( rice),rice,الارز ( rice),prepared_meal,الناضج - حي اليرموك,الناضج,حي اليرموك,الناضج - حي اليرموك,الروضة,بلدية,بلدية الروضة,True,False,لا يوجد,,0,,,False,none,date_parsed_from_text,4,True
Data 2025.xlsx,4930,2025-05-27,2025-05,2025-W22,2,1,1-3056-R01,1-3056-R01,رز حضرمي,الارز ( rice),rice,الارز ( rice),prepared_meal,الناضج - حي اليرموك,الناضج,حي اليرموك,الناضج - حي اليرموك,الروضة,بلدية,بلدية الروضة,True,False,لا يوجد,,0,,,False,none,date_parsed_from_text,4,True
Data 2025.xlsx,4977,2025-05-27,2025-05,2025-W22,2,1,1-3057-R01,1-3057-R01,نكهة نعناع,نكهات مركزة ( Syrup ),Syrup,نكهات مركزة ( Syrup ),sauce_condiment,مقهى المسافر - حي اليرموك,مقهى المسافر,حي اليرموك,مقهى المسافر - حي اليرموك,الروضة,بلدية,بلدية الروضة,True,False,لا يوجد,,0,,,False,none,date_parsed_from_text,3,True
Data 2025.xlsx,4978,2025-05-27,2025-05,2025-W22,2,1,1-3058-R01,1-3058-R01,نكهة فراولة,نكهات مركزة ( Syrup ),Syrup,نكهات مركزة ( Syrup ),sauce_condiment,مقهى المسافر - حي اليرموك,مقهى المسافر,حي اليرموك,مقهى المسافر - حي اليرموك,الروضة,بلدية,بلدية الروضة,True,False,لا يوجد,,0,,,False,none,date_parsed_from_text,3,True
Data 2025.xlsx,4979,2025-05-27,2025-05,2025-W22,2,1,1-3059-R01,1-3059-R01,نكهة فروت باشون,نكهات مركزة ( Syrup ),Syrup,نكهات مركزة ( Syrup ),sauce_condiment,مقهى المسافر - حي اليرموك,مقهى المسافر,حي اليرموك,مقهى المسافر - حي اليرموك,الروضة,بلدية,بلدية الروضة,True,False,لا يوجد,,0,,,False,none,date_parsed_from_text,3,True
Data 2025.xlsx,4980,2025-05-27,2025-05,2025-W22,2,1,1-3060-R01,1-3060-R01,نكهة توت ازرق,نكهات مركزة ( Syrup ),Syrup,نكهات مركزة ( Syrup ),sauce_condiment,مقهى المسافر - حي اليرموك,مقهى المسافر,حي اليرموك,مقهى المسافر - حي اليرموك,الروضة,بلدية,بلدية الروضة,True,False,لا يوجد,,0,,,False,none,date_parsed_from_text,3,True
Data 2025.xlsx,4981,2025-05-27,2025-05,2025-W22,2,1,1-3061-R01,1-3061-R01,نكهة ليمون,نكهات مركزة ( Syrup ),Syrup,نكهات مركزة ( Syrup ),sauce_condiment,مقهى المسافر - حي اليرموك,مقهى المسافر,حي اليرموك,مقهى المسافر - حي اليرموك,الروضة,بلدية,بلدية الروضة,True,False,لا يوجد,,0,,,False,none,date_parsed_from_text,3,True
Data 2025.xlsx,4959,2025-05-27,2025-05,2025-W22,2,1,O-O-ro-0179-R01,O-O-ro-0179-R01,جرجير,الجرجير (rocket),rocket,الجرجير (rocket),produce,منقد - حي اليرموك,منقد,حي اليرموك,منقد - حي اليرموك,الروضة,بلدية,بلدية الروضة,False,True,استافيلوكوكس اورياس,استافيلوكوكس اورياس,1,استافيلوكوكس اورياس,,True,pathogen,date_parsed_from_text,2,True
Data 2025.xlsx,4958,2025-05-27,2025-05,2025-W22,2,1,O-U-to-0626-R01,O-U-to-0626-R01,طماطم مشوي,الطماطم (Tomatoes),Tomatoes,الطماطم (Tomatoes),produce,منقد - حي اليرموك,منقد,حي اليرموك,منقد - حي اليرموك,الروضة,بلدية,بلدية الروضة,True,False,لا يوجد,,0,,,False,none,date_parsed_from_text,1,False
Data 2025.xlsx,4943,2025-05-27,2025-05,2025-W22,2,1,O-r-O3-le-0348-R01,O-r-O3-le-0348-R01,قطع خس,الخس (Lettuce),Lettuce,الخس (Lettuce),produce,مطعم سيزارو - حي اليرموك,مطعم سيزارو,حي اليرموك,مطعم سيزارو - حي اليرموك,الروضة,بلدية,بلدية الروضة,True,False,لا يوجد,,0,,,False,none,date_parsed_from_text,8,True
Data 2025.xlsx,4924,2025-05-27,2025-05,2025-W22,2,1,O3U-sa-0021-R01,O3U-sa-0021-R01,سمبوسة لحم,السمبوسة (Samposa),Samposa,السمبوسة (Samposa),sweets_bakery,الناضج - حي اليرموك,الناضج,حي اليرموك,الناضج - حي اليرموك,الروضة,بلدية,بلدية الروضة,True,False,لا يوجد,,0,,,False,none,date_parsed_from_text,4,True
Data 2025.xlsx,4945,2025-05-27,2025-05,2025-W22,2,1,OO-OSS-po-0398-R01,OO-OSS-po-0398-R01,فرايز استيك,البطاطس (potatoes),potatoes,البطاطس (potatoes),produce,مطعم سيزارو - حي اليرموك,مطعم سيزارو,حي اليرموك,مطعم سيزارو - حي اليرموك,الروضة,بلدية,بلدية الروضة,True,False,لا يوجد,,0,,,False,none,date_parsed_from_text,8,True
Data 2025.xlsx,4960,2025-05-27,2025-05,2025-W22,2,1,OO-OSS-po-0399-R01,OO-OSS-po-0399-R01,بطاطس مقلي,البطاطس (potatoes),potatoes,البطاطس (potatoes),produce,منقد - حي اليرموك,منقد,حي اليرموك,منقد - حي اليرموك,الروضة,بلدية,بلدية الروضة,True,False,لا يوجد,,0,,,False,none,date_parsed_from_text,2,True
Data 2025.xlsx,4961,2025-05-27,2025-05,2025-W22,2,1,OOSS-eg-0344-R01,OOSS-eg-0344-R01,باذنجان مقلي,الباذنجان (eggplant),eggplant,الباذنجان (eggplant),dairy,منقد - حي اليرموك,منقد,حي اليرموك,منقد - حي اليرموك,الروضة,بلدية,بلدية الروضة,True,False,لا يوجد,,0,,,False,none,date_parsed_from_text,2,True
Data 2025.xlsx,4946,2025-05-27,2025-05,2025-W22,2,1,OOu-on-0486-R01,OOu-on-0486-R01,بصل مكرمل,البصل (onions),onions,البصل (onions),produce,مطعم سيزارو - حي اليرموك,مطعم سيزارو,حي اليرموك,مطعم سيزارو - حي اليرموك,الروضة,بلدية,بلدية الروضة,True,False,لا يوجد,,0,,,False,none,date_parsed_from_text,8,True
Data 2025.xlsx,4963,2025-05-27,2025-05,2025-W22,2,1,OOu-on-0487-R01,OOu-on-0487-R01,بصل مكرمل,البصل (onions),onions,البصل (onions),produce,منقد - حي اليرموك,منقد,حي اليرموك,منقد - حي اليرموك,الروضة,بلدية,بلدية الروضة,True,False,لا يوجد,,0,,,False,none,date_parsed_from_text,3,True
Data 2025.xlsx,4957,2025-05-27,2025-05,2025-W22,2,1,UU-le-0426-R01,UU-le-0426-R01,ليمون مشوي,الليمون (Lemons),Lemons,الليمون (Lemons),produce,منقد - حي اليرموك,منقد,حي اليرموك,منقد - حي اليرموك,الروضة,بلدية,بلدية الروضة,True,False,لا يوجد,,0,,,False,none,date_parsed_from_text,1,False
Data 2025.xlsx,4910,2025-05-27,2025-05,2025-W22,2,1,appe-0474-r01,Appe-0474-R01,تبولة,مقبلات (Appetizers),Appetizers,مقبلات (Appetizers),prepared_meal,الناضج - حي اليرموك,الناضج,حي اليرموك,الناضج - حي اليرموك,الروضة,بلدية,بلدية الروضة,False,True,استافيلوكوكس اورياس,استافيلوكوكس اورياس,1,استافيلوكوكس اورياس,,True,pathogen,date_parsed_from_text,2,True
Data 2025.xlsx,4913,2025-05-27,2025-05,2025-W22,2,1,appe-0475-r01,Appe-0475-R01,حمص,مقبلات (Appetizers),Appetizers,مقبلات (Appetizers),prepared_meal,الناضج - حي اليرموك,الناضج,حي اليرموك,الناضج - حي اليرموك,الروضة,بلدية,بلدية الروضة,True,False,لا يوجد,,0,,,False,none,date_parsed_from_text,4,True
Data 2025.xlsx,4914,2025-05-27,2025-05,2025-W22,2,1,appe-0476-r01,Appe-0476-R01,متبل,مقبلات (Appetizers),Appetizers,مقبلات (Appetizers),prepared_meal,الناضج - حي اليرموك,الناضج,حي اليرموك,الناضج - حي اليرموك,الروضة,بلدية,بلدية الروضة,True,False,لا يوجد,,0,,,False,none,date_parsed_from_text,4,True
Data 2025.xlsx,4962,2025-05-27,2025-05,2025-W22,2,1,appe-0477-r01,Appe-0477-R01,تبولة,مقبلات (Appetizers),Appetizers,مقبلات (Appetizers),prepared_meal,منقد - حي اليرموك,منقد,حي اليرموك,منقد - حي اليرموك,الروضة,بلدية,بلدية الروضة,False,True,استافيلوكوكس اورياس,استافيلوكوكس اورياس,1,استافيلوكوكس اورياس,,True,pathogen,date_parsed_from_text,3,True
Data 2025.xlsx,4964,2025-05-27,2025-05,2025-W22,2,1,br-0095-r01,Br-0095-R01,خبز,الخبـز (Bread),Bread,الخبـز (Bread),sweets_bakery,منقد - حي اليرموك,منقد,حي اليرموك,منقد - حي اليرموك,الروضة,بلدية,بلدية الروضة,True,False,لا يوجد,,0,,,False,none,date_parsed_from_text,3,True
Data 2025.xlsx,4944,2025-05-27,2025-05,2025-W22,2,1,chee-0748-r01,Chee-0748-R01,جبن شرائح,(cheese) جبنة,cheese,(cheese) جبنة,dairy,مطعم سيزارو - حي اليرموك,مطعم سيزارو,حي اليرموك,مطعم سيزارو - حي اليرموك,الروضة,بلدية,بلدية الروضة,True,False,لا يوجد,,0,,,False,none,date_parsed_from_text,8,True
Data 2025.xlsx,4928,2025-05-27,2025-05,2025-W22,2,1,cm-0108-r01,Cm-0108-R01,لحم مندي,اللحوم المطبوخة (Cooked meat),Cooked meat,اللحوم المطبوخة (Cooked meat),cooked_meat_poultry,الناضج - حي اليرموك,الناضج,حي اليرموك,الناضج - حي اليرموك,الروضة,بلدية,بلدية الروضة,True,False,لا يوجد,,0,,,False,none,date_parsed_from_text,4,True
Data 2025.xlsx,4926,2025-05-27,2025-05,2025-W22,2,1,co-0523-r01,co-0523-R01,نص دجاج مظبي,الدجاج المطبوخ (Cooked chicken),Cooked chicken,الدجاج المطبوخ (Cooked chicken),cooked_meat_poultry,الناضج - حي اليرموك,الناضج,حي اليرموك,الناضج - حي اليرموك,الروضة,بلدية,بلدية الروضة,True,False,لا يوجد,,0,,,False,none,date_parsed_from_text,4,True
Data 2025.xlsx,4927,2025-05-27,2025-05,2025-W22,2,1,co-0524-r01,co-0524-R01,نص دجاج شواية,الدجاج المطبوخ (Cooked chicken),Cooked chicken,الدجاج المطبوخ (Cooked chicken),cooked_meat_poultry,الناضج - حي اليرموك,الناضج,حي اليرموك,الناضج - حي اليرموك,الروضة,بلدية,بلدية الروضة,True,False,لا يوجد,,0,,,False,none,date_parsed_from_text,4,True
Data 2025.xlsx,4919,2025-05-27,2025-05,2025-W22,2,1,gcv-0222-r01,GCV-0222-R01,ايدام ملوخية,الخضار المشوية و المطبوخة,,الخضار المشوية و المطبوخة,cooked_meat_poultry,الناضج - حي اليرموك,الناضج,حي اليرموك,الناضج - حي اليرموك,الروضة,بلدية,بلدية الروضة,True,False,لا يوجد,,0,,,False,none,date_parsed_from_text,4,True
Data 2025.xlsx,4920,2025-05-27,2025-05,2025-W22,2,1,gcv-0223-r01,GCV-0223-R01,ايدام مشكل خضار,الخضار المشوية و المطبوخة,,الخضار المشوية و المطبوخة,cooked_meat_poultry,الناضج - حي اليرموك,الناضج,حي اليرموك,الناضج - حي اليرموك,الروضة,بلدية,بلدية الروضة,True,False,لا يوجد,,0,,,False,none,date_parsed_from_text,4,True
Data 2025.xlsx,4921,2025-05-27,2025-05,2025-W22,2,1,gcv-0224-r01,GCV-0224-R01,ايدام بامية,الخضار المشوية و المطبوخة,,الخضار المشوية و المطبوخة,cooked_meat_poultry,الناضج - حي اليرموك,الناضج,حي اليرموك,الناضج - حي اليرموك,الروضة,بلدية,بلدية الروضة,True,False,لا يوجد,,0,,,False,none,date_parsed_from_text,4,True
Data 2025.xlsx,4922,2025-05-27,2025-05,2025-W22,2,1,gcv-0225-r01,GCV-0225-R01,ايدام مشكل فرن,الخضار المشوية و المطبوخة,,الخضار المشوية و المطبوخة,cooked_meat_poultry,الناضج - حي اليرموك,الناضج,حي اليرموك,الناضج - حي اليرموك,الروضة,بلدية,بلدية الروضة,True,False,لا يوجد,,0,,,False,none,date_parsed_from_text,4,True
Data 2025.xlsx,4923,2025-05-27,2025-05,2025-W22,2,1,gcv-0226-r01,GCV-0226-R01,ايدام مصقع,الخضار المشوية و المطبوخة,,الخضار المشوية و المطبوخة,cooked_meat_poultry,الناضج - حي اليرموك,الناضج,حي اليرموك,الناضج - حي اليرموك,الروضة,بلدية,بلدية الروضة,True,False,لا يوجد,,0,,,False,none,date_parsed_from_text,4,True
Data 2025.xlsx,4915,2025-05-27,2025-05,2025-W22,2,1,gr-0168-r01,gr-0168-R01,ورق عنب,ورق عنب (Grape leaves),Grape leaves,ورق عنب (Grape leaves),produce,الناضج - حي اليرموك,الناضج,حي اليرموك,الناضج - حي اليرموك,الروضة,بلدية,بلدية الروضة,True,False,لا يوجد,,0,,,False,none,date_parsed_from_text,4,True
Data 2025.xlsx,5004,2025-05-27,2025-05,2025-W22,2,1,gr-0169-r01,gr-0169-R01,ورق عنب,ورق عنب (Grape leaves),Grape leaves,ورق عنب (Grape leaves),produce,ركن الحلويات - حي اليرموك,ركن الحلويات,حي اليرموك,ركن الحلويات - حي اليرموك,الروضة,بلدية,بلدية الروضة,True,False,لا يوجد,,0,,,False,none,date_parsed_from_text,8,True
Data 2025.xlsx,4970,2025-05-27,2025-05,2025-W22,2,1,ho-0231-r01,ho-0231-R01,عسل,(Honey) عسل النحل,Honey,(Honey) عسل النحل,sweets_bakery,منقد - حي اليرموك,منقد,حي اليرموك,منقد - حي اليرموك,الروضة,بلدية,بلدية الروضة,True,False,لا يوجد,,0,,,False,none,date_parsed_from_text,6,True
Data 2025.xlsx,4956,2025-05-27,2025-05,2025-W22,2,1,pick-0431-r01,Pick-0431-R01,مخلل خيار,المخلل (Pickle),Pickle,المخلل (Pickle),sauce_condiment,منقد - حي اليرموك,منقد,حي اليرموك,منقد - حي اليرموك,الروضة,بلدية,بلدية الروضة,True,False,لا يوجد,,0,,,False,none,date_parsed_from_text,1,False
Data 2025.xlsx,4971,2025-05-27,2025-05,2025-W22,2,1,po-0118-r01,po-0118-R01,كباب دجاج,الدجاج (Poultry),Poultry,الدجاج (Poultry),cooked_meat_poultry,منقد - حي اليرموك,منقد,حي اليرموك,منقد - حي اليرموك,الروضة,بلدية,بلدية الروضة,False,True,العد الكلي للبكتيريا,العد الكلي للبكتيريا,1,,العد الكلي للبكتيريا,False,indicator_only,date_parsed_from_text,7,True
Data 2025.xlsx,4972,2025-05-27,2025-05,2025-W22,2,1,raw-0235-r01,Raw-0235-R01,كباب لحم,لحوم نيئة مبردة ومجمدة (Raw meat Cold or chilled ),Raw meat Cold or chilled,لحوم نيئة مبردة ومجمدة (Raw meat Cold or chilled ),raw_meat,منقد - حي اليرموك,منقد,حي اليرموك,منقد - حي اليرموك,الروضة,بلدية,بلدية الروضة,False,True,العد الكلي للبكتيريا,العد الكلي للبكتيريا,1,,العد الكلي للبكتيريا,False,indicator_only,date_parsed_from_text,8,True
Data 2025.xlsx,4909,2025-05-27,2025-05,2025-W22,2,1,sal-1369-r01,Sal-1369-R01,سلطة خضراء,السلطة(Salad),Salad,السلطة(Salad),produce,الناضج - حي اليرموك,الناضج,حي اليرموك,الناضج - حي اليرموك,الروضة,بلدية,بلدية الروضة,False,True,استافيلوكوكس اورياس,استافيلوكوكس اورياس,1,استافيلوكوكس اورياس,,True,pathogen,date_parsed_from_text,1,False
Data 2025.xlsx,4911,2025-05-27,2025-05,2025-W22,2,1,sal-1370-r01,Sal-1370-R01,سلطة جرجير,السلطة(Salad),Salad,السلطة(Salad),produce,الناضج - حي اليرموك,الناضج,حي اليرموك,الناضج - حي اليرموك,الروضة,بلدية,بلدية الروضة,False,True,استافيلوكوكس اورياس,استافيلوكوكس اورياس,1,استافيلوكوكس اورياس,,True,pathogen,date_parsed_from_text,3,True
Data 2025.xlsx,4912,2025-05-27,2025-05,2025-W22,2,1,sal-1371-r01,Sal-1371-R01,سلطة فتوش,السلطة(Salad),Salad,السلطة(Salad),produce,الناضج - حي اليرموك,الناضج,حي اليرموك,الناضج - حي اليرموك,الروضة,بلدية,بلدية الروضة,False,True,استافيلوكوكس اورياس,استافيلوكوكس اورياس,1,استافيلوكوكس اورياس,,True,pathogen,date_parsed_from_text,4,True
Data 2025.xlsx,4925,2025-05-27,2025-05,2025-W22,2,1,sal-1372-r01,Sal-1372-R01,سلطة لبن وخيار,السلطة(Salad),Salad,السلطة(Salad),produce,الناضج - حي اليرموك,الناضج,حي اليرموك,الناضج - حي اليرموك,الروضة,بلدية,بلدية الروضة,True,False,لا يوجد,,0,,,False,none,date_parsed_from_text,4,True
Data 2025.xlsx,4947,2025-05-27,2025-05,2025-W22,2,1,sal-1373-r01,Sal-1373-R01,سلطة ملفوف,السلطة(Salad),Salad,السلطة(Salad),produce,مطعم سيزارو - حي اليرموك,مطعم سيزارو,حي اليرموك,مطعم سيزارو - حي اليرموك,الروضة,بلدية,بلدية الروضة,True,False,لا يوجد,,0,,,False,none,date_parsed_from_text,8,True
Data 2025.xlsx,4934,2025-05-27,2025-05,2025-W22,2,1,sau-1787-r01,sau-1787-R01,صوص جبنة,صوص (sauce),sauce,صوص (sauce),sauce_condiment,مطعم سيزارو - حي اليرموك,مطعم سيزارو,حي اليرموك,مطعم سيزارو - حي اليرموك,الروضة,بلدية,بلدية الروضة,False,True,انتيروباكتريسي | استافيلوكوكس اورياس,انتيروباكتريسي | استافيلوكوكس اورياس,2,استافيلوكوكس اورياس,انتيروباكتريسي,True,pathogen,date_parsed_from_text,4,True
Data 2025.xlsx,4935,2025-05-27,2025-05,2025-W22,2,1,sau-1788-r01,sau-1788-R01,صوص شيدر,صوص (sauce),sauce,صوص (sauce),sauce_condiment,مطعم سيزارو - حي اليرموك,مطعم سيزارو,حي اليرموك,مطعم سيزارو - حي اليرموك,الروضة,بلدية,بلدية الروضة,False,True,انتيروباكتريسي | استافيلوكوكس اورياس,انتيروباكتريسي | استافيلوكوكس اورياس,2,استافيلوكوكس اورياس,انتيروباكتريسي,True,pathogen,date_parsed_from_text,5,True
Data 2025.xlsx,4936,2025-05-27,2025-05,2025-W22,2,1,sau-1789-r01,sau-1789-R01,صوص اوجينل,صوص (sauce),sauce,صوص (sauce),sauce_condiment,مطعم سيزارو - حي اليرموك,مطعم سيزارو,حي اليرموك,مطعم سيزارو - حي اليرموك,الروضة,بلدية,بلدية الروضة,True,False,لا يوجد,,0,,,False,none,date_parsed_from_text,5,True
Data 2025.xlsx,4937,2025-05-27,2025-05,2025-W22,2,1,sau-1790-r01,sau-1790-R01,صوص باتر ميلك,صوص (sauce),sauce,صوص (sauce),sauce_condiment,مطعم سيزارو - حي اليرموك,مطعم سيزارو,حي اليرموك,مطعم سيزارو - حي اليرموك,الروضة,بلدية,بلدية الروضة,False,True,العد الكلي للبكتيريا,العد الكلي للبكتيريا,1,,العد الكلي للبكتيريا,False,indicator_only,date_parsed_from_text,6,True
Data 2025.xlsx,4938,2025-05-27,2025-05,2025-W22,2,1,sau-1791-r01,sau-1791-R01,صوص جان,صوص (sauce),sauce,صوص (sauce),sauce_condiment,مطعم سيزارو - حي اليرموك,مطعم سيزارو,حي اليرموك,مطعم سيزارو - حي اليرموك,الروضة,بلدية,بلدية الروضة,False,True,العد الكلي للبكتيريا,العد الكلي للبكتيريا,1,,العد الكلي للبكتيريا,False,indicator_only,date_parsed_from_text,7,True
Data 2025.xlsx,4939,2025-05-27,2025-05,2025-W22,2,1,sau-1792-r01,sau-1792-R01,صوص سبايسي,صوص (sauce),sauce,صوص (sauce),sauce_condiment,مطعم سيزارو - حي اليرموك,مطعم سيزارو,حي اليرموك,مطعم سيزارو - حي اليرموك,الروضة,بلدية,بلدية الروضة,False,True,العد الكلي للبكتيريا,العد الكلي للبكتيريا,1,,العد الكلي للبكتيريا,False,indicator_only,date_parsed_from_text,8,True
Data 2025.xlsx,4940,2025-05-27,2025-05,2025-W22,2,1,sau-1793-r01,sau-1793-R01,صوص تاوزن ايلند,صوص (sauce),sauce,صوص (sauce),sauce_condiment,مطعم سيزارو - حي اليرموك,مطعم سيزارو,حي اليرموك,مطعم سيزارو - حي اليرموك,الروضة,بلدية,بلدية الروضة,True,False,لا يوجد,,0,,,False,none,date_parsed_from_text,8,True
Data 2025.xlsx,4941,2025-05-27,2025-05,2025-W22,2,1,sau-1794-r01,sau-1794-R01,صوص كاتشب,صوص (sauce),sauce,صوص (sauce),sauce_condiment,مطعم سيزارو - حي اليرموك,مطعم سيزارو,حي اليرموك,مطعم سيزارو - حي اليرموك,الروضة,بلدية,بلدية الروضة,True,False,لا يوجد,,0,,,False,none,date_parsed_from_text,8,True
Data 2025.xlsx,4942,2025-05-27,2025-05,2025-W22,2,1,sau-1795-r01,sau-1795-R01,صوص ميبل,صوص (sauce),sauce,صوص (sauce),sauce_condiment,مطعم سيزارو - حي اليرموك,مطعم سيزارو,حي اليرموك,مطعم سيزارو - حي اليرموك,الروضة,بلدية,بلدية الروضة,True,False,لا يوجد,,0,,,False,none,date_parsed_from_text,8,True
Data 2025.xlsx,4948,2025-05-27,2025-05,2025-W22,2,1,sau-1796-r01,sau-1796-R01,صوص حار,صوص (sauce),sauce,صوص (sauce),sauce_condiment,منقد - حي اليرموك,منقد,حي اليرموك,منقد - حي اليرموك,الروضة,بلدية,بلدية الروضة,True,False,لا يوجد,,0,,,False,none,date_parsed_from_text,0,False
Data 2025.xlsx,4949,2025-05-27,2025-05,2025-W22,2,1,sau-1797-r01,sau-1797-R01,صوص باربكيو,صوص (sauce),sauce,صوص (sauce),sauce_condiment,منقد - حي اليرموك,منقد,حي اليرموك,منقد - حي اليرموك,الروضة,بلدية,بلدية الروضة,True,False,لا يوجد,,0,,,False,none,date_parsed_from_text,0,False
Data 2025.xlsx,4950,2025-05-27,2025-05,2025-W22,2,1,sau-1798-r01,sau-1798-R01,صوص ماستر هني,صوص (sauce),sauce,صوص (sauce),sauce_condiment,منقد - حي اليرموك,منقد,حي اليرموك,منقد - حي اليرموك,الروضة,بلدية,بلدية الروضة,True,False,لا يوجد,,0,,,False,none,date_parsed_from_text,0,False
Data 2025.xlsx,4951,2025-05-27,2025-05,2025-W22,2,1,sau-1799-r01,sau-1799-R01,صوص زبادي,صوص (sauce),sauce,صوص (sauce),sauce_condiment,منقد - حي اليرموك,منقد,حي اليرموك,منقد - حي اليرموك,الروضة,بلدية,بلدية الروضة,False,True,الخمائر والاعفان,الخمائر والاعفان,1,,الخمائر والاعفان,False,indicator_only,date_parsed_from_text,1,False
Data 2025.xlsx,4952,2025-05-27,2025-05,2025-W22,2,1,sau-1800-r01,sau-1800-R01,صوص كاتشب,صوص (sauce),sauce,صوص (sauce),sauce_condiment,منقد - حي اليرموك,منقد,حي اليرموك,منقد - حي اليرموك,الروضة,بلدية,بلدية الروضة,True,False,لا يوجد,,0,,,False,none,date_parsed_from_text,1,False
Data 2025.xlsx,4953,2025-05-27,2025-05,2025-W22,2,1,sau-1801-r01,sau-1801-R01,صوص بربيزان,صوص (sauce),sauce,صوص (sauce),sauce_condiment,منقد - حي اليرموك,منقد,حي اليرموك,منقد - حي اليرموك,الروضة,بلدية,بلدية الروضة,True,False,لا يوجد,,0,,,False,none,date_parsed_from_text,1,False
Data 2025.xlsx,4954,2025-05-27,2025-05,2025-W22,2,1,sau-1802-r01,sau-1802-R01,صوص سبايسي,صوص (sauce),sauce,صوص (sauce),sauce_condiment,منقد - حي اليرموك,منقد,حي اليرموك,منقد - حي اليرموك,الروضة,بلدية,بلدية الروضة,True,False,لا يوجد,,0,,,False,none,date_parsed_from_text,1,False
Data 2025.xlsx,4955,2025-05-27,2025-05,2025-W22,2,1,sau-1803-r01,sau-1803-R01,صوص لولو ماسترد,صوص (sauce),sauce,صوص (sauce),sauce_condiment,منقد - حي اليرموك,منقد,حي اليرموك,منقد - حي اليرموك,الروضة,بلدية,بلدية الروضة,True,False,لا يوجد,,0,,,False,none,date_parsed_from_text,1,False
Data 2025.xlsx,4965,2025-05-27,2025-05,2025-W22,2,1,sau-1804-r01,sau-1804-R01,صوص حمص,صوص (sauce),sauce,صوص (sauce),sauce_condiment,منقد - حي اليرموك,منقد,حي اليرموك,منقد - حي اليرموك,الروضة,بلدية,بلدية الروضة,False,True,العد الكلي للبكتيريا,العد الكلي للبكتيريا,1,,العد الكلي للبكتيريا,False,indicator_only,date_parsed_from_text,4,True
Data 2025.xlsx,4966,2025-05-27,2025-05,2025-W22,2,1,sau-1805-r01,sau-1805-R01,صوص ذهبي,صوص (sauce),sauce,صوص (sauce),sauce_condiment,منقد - حي اليرموك,منقد,حي اليرموك,منقد - حي اليرموك,الروضة,بلدية,بلدية الروضة,False,True,العد الكلي للبكتيريا,العد الكلي للبكتيريا,1,,العد الكلي للبكتيريا,False,indicator_only,date_parsed_from_text,5,True
Data 2025.xlsx,4967,2025-05-27,2025-05,2025-W22,2,1,sau-1806-r01,sau-1806-R01,صوص برجر,صوص (sauce),sauce,صوص (sauce),sauce_condiment,منقد - حي اليرموك,منقد,حي اليرموك,منقد - حي اليرموك,الروضة,بلدية,بلدية الروضة,True,False,لا يوجد,,0,,,False,none,date_parsed_from_text,5,True
Data 2025.xlsx,4968,2025-05-27,2025-05,2025-W22,2,1,sau-1807-r01,sau-1807-R01,صوص ثوم,صوص (sauce),sauce,صوص (sauce),sauce_condiment,منقد - حي اليرموك,منقد,حي اليرموك,منقد - حي اليرموك,الروضة,بلدية,بلدية الروضة,False,True,العد الكلي للبكتيريا,العد الكلي للبكتيريا,1,,العد الكلي للبكتيريا,False,indicator_only,date_parsed_from_text,6,True
Data 2025.xlsx,4969,2025-05-27,2025-05,2025-W22,2,1,sau-1808-r01,sau-1808-R01,صوص رمان,صوص (sauce),sauce,صوص (sauce),sauce_condiment,منقد - حي اليرموك,منقد,حي اليرموك,منقد - حي اليرموك,الروضة,بلدية,بلدية الروضة,True,False,لا يوجد,,0,,,False,none,date_parsed_from_text,6,True
Data 2025.xlsx,4931,2025-05-27,2025-05,2025-W22,2,1,sw-3126-r01,sw-3126-R01,مسحة ثلاجة السلطات,(Swabs) المسحات,Swabs,(Swabs) المسحات,swab,الناضج - حي اليرموك,الناضج,حي اليرموك,الناضج - حي اليرموك,الروضة,بلدية,بلدية الروضة,True,False,لا يوجد,,0,,,False,none,date_parsed_from_text,4,True
Data 2025.xlsx,4932,2025-05-27,2025-05,2025-W22,2,1,sw-3127-r01,sw-3127-R01,مسحة حافظة الايدامات,(Swabs) المسحات,Swabs,(Swabs) المسحات,swab,الناضج - حي اليرموك,الناضج,حي اليرموك,الناضج - حي اليرموك,الروضة,بلدية,بلدية الروضة,True,False,لا يوجد,,0,,,False,none,date_parsed_from_text,4,True
Data 2025.xlsx,4933,2025-05-27,2025-05,2025-W22,2,1,sw-3128-r01,sw-3128-R01,مسحة ادوات تحضير,(Swabs) المسحات,Swabs,(Swabs) المسحات,swab,الناضج - حي اليرموك,الناضج,حي اليرموك,الناضج - حي اليرموك,الروضة,بلدية,بلدية الروضة,True,False,لا يوجد,,0,,,False,none,date_parsed_from_text,4,True
Data 2025.xlsx,4982,2025-05-27,2025-05,2025-W22,2,1,sw-3129-r01,sw-3129-R01,مسحة صانعة ثلج,(Swabs) المسحات,Swabs,(Swabs) المسحات,swab,مقهى المسافر - حي اليرموك,مقهى المسافر,حي اليرموك,مقهى المسافر - حي اليرموك,الروضة,بلدية,بلدية الروضة,True,False,لا يوجد,,0,,,False,none,date_parsed_from_text,3,True
Data 2025.xlsx,4998,2025-05-27,2025-05,2025-W22,2,1,sw-3130-r01,sw-3130-R01,مسحة ثلاجة,(Swabs) المسحات,Swabs,(Swabs) المسحات,swab,ركن الحلويات - حي اليرموك,ركن الحلويات,حي اليرموك,ركن الحلويات - حي اليرموك,الروضة,بلدية,بلدية الروضة,True,False,لا يوجد,,0,,,False,none,date_parsed_from_text,8,True
Data 2025.xlsx,4999,2025-05-27,2025-05,2025-W22,2,1,sw-3131-r01,sw-3131-R01,مسحة ثلاجة,(Swabs) المسحات,Swabs,(Swabs) المسحات,swab,ركن الحلويات - حي اليرموك,ركن الحلويات,حي اليرموك,ركن الحلويات - حي اليرموك,الروضة,بلدية,بلدية الروضة,True,False,لا يوجد,,0,,,False,none,date_parsed_from_text,8,True
Data 2025.xlsx,5000,2025-05-27,2025-05,2025-W22,2,1,sw-3132-r01,sw-3132-R01,مسحة حافظة موالح,(Swabs) المسحات,Swabs,(Swabs) المسحات,swab,ركن الحلويات - حي اليرموك,ركن الحلويات,حي اليرموك,ركن الحلويات - حي اليرموك,الروضة,بلدية,بلدية الروضة,True,False,لا يوجد,,0,,,False,none,date_parsed_from_text,8,True
Data 2025.xlsx,5001,2025-05-27,2025-05,2025-W22,2,1,sw-3133-r01,sw-3133-R01,مسحة حافظة,(Swabs) المسحات,Swabs,(Swabs) المسحات,swab,ركن الحلويات - حي اليرموك,ركن الحلويات,حي اليرموك,ركن الحلويات - حي اليرموك,الروضة,بلدية,بلدية الروضة,True,False,لا يوجد,,0,,,False,none,date_parsed_from_text,8,True
Data 2025.xlsx,5002,2025-05-27,2025-05,2025-W22,2,1,sw-3134-r01,sw-3134-R01,مسحة حافظة,(Swabs) المسحات,Swabs,(Swabs) المسحات,swab,ركن الحلويات - حي اليرموك,ركن الحلويات,حي اليرموك,ركن الحلويات - حي اليرموك,الروضة,بلدية,بلدية الروضة,True,False,لا يوجد,,0,,,False,none,date_parsed_from_text,8,True
Data 2025.xlsx,5003,2025-05-27,2025-05,2025-W22,2,1,sw-3135-r01,sw-3135-R01,مسحة حافظة,(Swabs) المسحات,Swabs,(Swabs) المسحات,swab,ركن الحلويات - حي اليرموك,ركن الحلويات,حي اليرموك,ركن الحلويات - حي اليرموك,الروضة,بلدية,بلدية الروضة,True,False,لا يوجد,,0,,,False,none,date_parsed_from_text,8,True
Data 2025.xlsx,4916,2025-05-27,2025-05,2025-W22,2,1,sweet-1074-r01,sweet-1074-R01,برولية,الحلا(sweetness),sweetness,الحلا(sweetness),sweets_bakery,الناضج - حي اليرموك,الناضج,حي اليرموك,الناضج - حي اليرموك,الروضة,بلدية,بلدية الروضة,True,False,لا يوجد,,0,,,False,none,date_parsed_from_text,4,True
Data 2025.xlsx,4917,2025-05-27,2025-05,2025-W22,2,1,sweet-1075-r01,sweet-1075-R01,كريم كراميل,الحلا(sweetness),sweetness,الحلا(sweetness),sweets_bakery,الناضج - حي اليرموك,الناضج,حي اليرموك,الناضج - حي اليرموك,الروضة,بلدية,بلدية الروضة,True,False,لا يوجد,,0,,,False,none,date_parsed_from_text,4,True
Data 2025.xlsx,4918,2025-05-27,2025-05,2025-W22,2,1,sweet-1076-r01,sweet-1076-R01,مهلبية,الحلا(sweetness),sweetness,الحلا(sweetness),sweets_bakery,الناضج - حي اليرموك,الناضج,حي اليرموك,الناضج - حي اليرموك,الروضة,بلدية,بلدية الروضة,True,False,لا يوجد,,0,,,False,none,date_parsed_from_text,4,True
Data 2025.xlsx,4973,2025-05-27,2025-05,2025-W22,2,1,sweet-1077-r01,sweet-1077-R01,بيكان,الحلا(sweetness),sweetness,الحلا(sweetness),sweets_bakery,مقهى المسافر - حي اليرموك,مقهى المسافر,حي اليرموك,مقهى المسافر - حي اليرموك,الروضة,بلدية,بلدية الروضة,False,True,العد الكلي للبكتيريا,العد الكلي للبكتيريا,1,,العد الكلي للبكتيريا,False,indicator_only,date_parsed_from_text,1,False
Data 2025.xlsx,4974,2025-05-27,2025-05,2025-W22,2,1,sweet-1078-r01,sweet-1078-R01,تراميسو,الحلا(sweetness),sweetness,الحلا(sweetness),sweets_bakery,مقهى المسافر - حي اليرموك,مقهى المسافر,حي اليرموك,مقهى المسافر - حي اليرموك,الروضة,بلدية,بلدية الروضة,False,True,العد الكلي للبكتيريا,العد الكلي للبكتيريا,1,,العد الكلي للبكتيريا,False,indicator_only,date_parsed_from_text,2,True
Data 2025.xlsx,4975,2025-05-27,2025-05,2025-W22,2,1,sweet-1079-r01,sweet-1079-R01,ماجيك بار,الحلا(sweetness),sweetness,الحلا(sweetness),sweets_bakery,مقهى المسافر - حي اليرموك,مقهى المسافر,حي اليرموك,مقهى المسافر - حي اليرموك,الروضة,بلدية,بلدية الروضة,False,True,العد الكلي للبكتيريا,العد الكلي للبكتيريا,1,,العد الكلي للبكتيريا,False,indicator_only,date_parsed_from_text,3,True
Data 2025.xlsx,4976,2025-05-27,2025-05,2025-W22,2,1,sweet-1080-r01,sweet-1080-R01,كرايم كراميل,الحلا(sweetness),sweetness,الحلا(sweetness),sweets_bakery,مقهى المسافر - حي اليرموك,مقهى المسافر,حي اليرموك,مقهى المسافر - حي اليرموك,الروضة,بلدية,بلدية الروضة,True,False,لا يوجد,,0,,,False,none,date_parsed_from_text,3,True
Data 2025.xlsx,4983,2025-05-27,2025-05,2025-W22,2,1,sweet-1081-r01,sweet-1081-R01,معمول فستق,الحلا(sweetness),sweetness,الحلا(sweetness),sweets_bakery,ركن الحلويات - حي اليرموك,ركن الحلويات,حي اليرموك,ركن الحلويات - حي اليرموك,الروضة,بلدية,بلدية الروضة,True,False,لا يوجد,,0,,,False,none,date_parsed_from_text,0,False
Data 2025.xlsx,4984,2025-05-27,2025-05,2025-W22,2,1,sweet-1082-r01,sweet-1082-R01,معمول جوز بالسميد,الحلا(sweetness),sweetness,الحلا(sweetness),sweets_bakery,ركن الحلويات - حي اليرموك,ركن الحلويات,حي اليرموك,ركن الحلويات - حي اليرموك,الروضة,بلدية,بلدية الروضة,True,False,لا يوجد,,0,,,False,none,date_parsed_from_text,0,False
Data 2025.xlsx,4985,2025-05-27,2025-05,2025-W22,2,1,sweet-1083-r01,sweet-1083-R01,معمول تمر,الحلا(sweetness),sweetness,الحلا(sweetness),sweets_bakery,ركن الحلويات - حي اليرموك,ركن الحلويات,حي اليرموك,ركن الحلويات - حي اليرموك,الروضة,بلدية,بلدية الروضة,False,True,استافيلوكوكس اورياس,استافيلوكوكس اورياس,1,استافيلوكوكس اورياس,,True,pathogen,date_parsed_from_text,1,False
Data 2025.xlsx,4986,2025-05-27,2025-05,2025-W22,2,1,sweet-1087-r01,sweet-1087-R01,سمبوسة حلوة بالجيبن,الحلا(sweetness),sweetness,الحلا(sweetness),sweets_bakery,ركن الحلويات - حي اليرموك,ركن الحلويات,حي اليرموك,ركن الحلويات - حي اليرموك,الروضة,بلدية,بلدية الروضة,False,True,استافيلوكوكس اورياس,استافيلوكوكس اورياس,1,استافيلوكوكس اورياس,,True,pathogen,date_parsed_from_text,2,True
Data 2025.xlsx,4987,2025-05-27,2025-05,2025-W22,2,1,sweet-1088-r01,sweet-1088-R01,بلح الشام سادة,الحلا(sweetness),sweetness,الحلا(sweetness),sweets_bakery,ركن الحلويات - حي اليرموك,ركن الحلويات,حي اليرموك,ركن الحلويات - حي اليرموك,الروضة,بلدية,بلدية الروضة,True,False,لا يوجد,,0,,,False,none,date_parsed_from_text,2,True
Data 2025.xlsx,4988,2025-05-27,2025-05,2025-W22,2,1,sweet-1089-r01,sweet-1089-R01,فستقية بالجالكسي,الحلا(sweetness),sweetness,الحلا(sweetness),sweets_bakery,ركن الحلويات - حي اليرموك,ركن الحلويات,حي اليرموك,ركن الحلويات - حي اليرموك,الروضة,بلدية,بلدية الروضة,True,False,لا يوجد,,0,,,False,none,date_parsed_from_text,2,True
Data 2025.xlsx,4989,2025-05-27,2025-05,2025-W22,2,1,sweet-1090-r01,sweet-1090-R01,كنافة محشي بالقشطة,الحلا(sweetness),sweetness,الحلا(sweetness),sweets_bakery,ركن الحلويات - حي اليرموك,ركن الحلويات,حي اليرموك,ركن الحلويات - حي اليرموك,الروضة,بلدية,بلدية الروضة,False,True,كوليفورم | استافيلوكوكس اورياس,كوليفورم | استافيلوكوكس اورياس,2,استافيلوكوكس اورياس,كوليفورم,True,pathogen,date_parsed_from_text,3,True
Data 2025.xlsx,4990,2025-05-27,2025-05,2025-W22,2,1,sweet-1091-r01,sweet-1091-R01,حلاوة بالجبن,الحلا(sweetness),sweetness,الحلا(sweetness),sweets_bakery,ركن الحلويات - حي اليرموك,ركن الحلويات,حي اليرموك,ركن الحلويات - حي اليرموك,الروضة,بلدية,بلدية الروضة,False,True,كوليفورم | استافيلوكوكس اورياس,كوليفورم | استافيلوكوكس اورياس,2,استافيلوكوكس اورياس,كوليفورم,True,pathogen,date_parsed_from_text,4,True
Data 2025.xlsx,4991,2025-05-27,2025-05,2025-W22,2,1,sweet-1092-r01,sweet-1092-R01,سينابون نوتيلا,الحلا(sweetness),sweetness,الحلا(sweetness),sweets_bakery,ركن الحلويات - حي اليرموك,ركن الحلويات,حي اليرموك,ركن الحلويات - حي اليرموك,الروضة,بلدية,بلدية الروضة,True,False,لا يوجد,,0,,,False,none,date_parsed_from_text,4,True
Data 2025.xlsx,4992,2025-05-27,2025-05,2025-W22,2,1,sweet-1093-r01,sweet-1093-R01,موس كيك جالكسي,الحلا(sweetness),sweetness,الحلا(sweetness),sweets_bakery,ركن الحلويات - حي اليرموك,ركن الحلويات,حي اليرموك,ركن الحلويات - حي اليرموك,الروضة,بلدية,بلدية الروضة,False,True,العد الكلي للبكتيريا | استافيلوكوكس اورياس,العد الكلي للبكتيريا | استافيلوكوكس اورياس,2,استافيلوكوكس اورياس,العد الكلي للبكتيريا,True,pathogen,date_parsed_from_text,5,True
Data 2025.xlsx,4993,2025-05-27,2025-05,2025-W22,2,1,sweet-1094-r01,sweet-1094-R01,موس كيك فستق,الحلا(sweetness),sweetness,الحلا(sweetness),sweets_bakery,ركن الحلويات - حي اليرموك,ركن الحلويات,حي اليرموك,ركن الحلويات - حي اليرموك,الروضة,بلدية,بلدية الروضة,False,True,العد الكلي للبكتيريا | استافيلوكوكس اورياس,العد الكلي للبكتيريا | استافيلوكوكس اورياس,2,استافيلوكوكس اورياس,العد الكلي للبكتيريا,True,pathogen,date_parsed_from_text,6,True
Data 2025.xlsx,4994,2025-05-27,2025-05,2025-W22,2,1,sweet-1095-r01,sweet-1095-R01,كيك صغير لوتس,الحلا(sweetness),sweetness,الحلا(sweetness),sweets_bakery,ركن الحلويات - حي اليرموك,ركن الحلويات,حي اليرموك,ركن الحلويات - حي اليرموك,الروضة,بلدية,بلدية الروضة,True,False,لا يوجد,,0,,,False,none,date_parsed_from_text,6,True
Data 2025.xlsx,4995,2025-05-27,2025-05,2025-W22,2,1,sweet-1096-r01,sweet-1096-R01,كيك فواكه,الحلا(sweetness),sweetness,الحلا(sweetness),sweets_bakery,ركن الحلويات - حي اليرموك,ركن الحلويات,حي اليرموك,ركن الحلويات - حي اليرموك,الروضة,بلدية,بلدية الروضة,True,False,لا يوجد,,0,,,False,none,date_parsed_from_text,6,True
Data 2025.xlsx,4996,2025-05-27,2025-05,2025-W22,2,1,sweet-1097-r01,sweet-1097-R01,تشيز كيك توت,الحلا(sweetness),sweetness,الحلا(sweetness),sweets_bakery,ركن الحلويات - حي اليرموك,ركن الحلويات,حي اليرموك,ركن الحلويات - حي اليرموك,الروضة,بلدية,بلدية الروضة,False,True,العد الكلي للبكتيريا,العد الكلي للبكتيريا,1,,العد الكلي للبكتيريا,False,indicator_only,date_parsed_from_text,7,True
Data 2025.xlsx,4997,2025-05-27,2025-05,2025-W22,2,1,sweet-1098-r01,sweet-1098-R01,تشيز كيك فراولة,الحلا(sweetness),sweetness,الحلا(sweetness),sweets_bakery,ركن الحلويات - حي اليرموك,ركن الحلويات,حي اليرموك,ركن الحلويات - حي اليرموك,الروضة,بلدية,بلدية الروضة,False,True,العد الكلي للبكتيريا,العد الكلي للبكتيريا,1,,العد الكلي للبكتيريا,False,indicator_only,date_parsed_from_text,8,True
Data 2025.xlsx,5005,2025-05-27,2025-05,2025-W22,2,1,ubot-0986-r01,Ubot-0986-R01,مياه فلتر للطبخ,المياه الغير معبأة (Unbottled water),Unbottled water,المياه الغير معبأة (Unbottled water),water,الناضج - حي اليرموك,الناضج,حي اليرموك,الناضج - حي اليرموك,الروضة,بلدية,بلدية الروضة,True,False,لا يوجد,,0,,,False,none,date_parsed_from_text,4,True
Data 2025.xlsx,5016,2025-05-28,2025-05,2025-W22,2,2,1-3062-R01,1-3062-R01,قرصان بالخضار,معجنات (pastries),pastries,معجنات (pastries),sweets_bakery,مطعم المكبوس السريع - حي اليرموك,مطعم المكبوس السريع,حي اليرموك,مطعم المكبوس السريع - حي اليرموك,الروضة,بلدية,بلدية الروضة,True,False,لا يوجد,,0,,,False,none,date_parsed_from_text,6,True
Data 2025.xlsx,5019,2025-05-28,2025-05,2025-W22,2,2,1-3063-R01,1-3063-R01,رز مندي,الارز ( rice),rice,الارز ( rice),prepared_meal,مطعم المكبوس السريع - حي اليرموك,مطعم المكبوس السريع,حي اليرموك,مطعم المكبوس السريع - حي اليرموك,الروضة,بلدية,بلدية الروضة,True,False,لا يوجد,,0,,,False,none,date_parsed_from_text,6,True
Data 2025.xlsx,5052,2025-05-28,2025-05,2025-W22,2,2,1-3064-R01,1-3064-R01,معجنات بيض,معجنات (pastries),pastries,معجنات (pastries),sweets_bakery,شركة بابا خباز - حي اليرموك,شركة بابا خباز,حي اليرموك,شركة بابا خباز - حي اليرموك,الروضة,بلدية,بلدية الروضة,False,True,العد الكلي للبكتيريا,العد الكلي للبكتيريا,1,,العد الكلي للبكتيريا,False,indicator_only,date_parsed_from_text,9,True
Data 2025.xlsx,5053,2025-05-28,2025-05,2025-W22,2,2,1-3065-R01,1-3065-R01,معجنات تونة,معجنات (pastries),pastries,معجنات (pastries),sweets_bakery,شركة بابا خباز - حي اليرموك,شركة بابا خباز,حي اليرموك,شركة بابا خباز - حي اليرموك,الروضة,بلدية,بلدية الروضة,False,True,العد الكلي للبكتيريا,العد الكلي للبكتيريا,1,,العد الكلي للبكتيريا,False,indicator_only,date_parsed_from_text,10,True
Data 2025.xlsx,5054,2025-05-28,2025-05,2025-W22,2,2,1-3066-R01,1-3066-R01,معجنات جبنة فيتا مع باذنجان وطماطم,معجنات (pastries),pastries,معجنات (pastries),sweets_bakery,شركة بابا خباز - حي اليرموك,شركة بابا خباز,حي اليرموك,شركة بابا خباز - حي اليرموك,الروضة,بلدية,بلدية الروضة,False,True,انتيروباكتريسي,انتيروباكتريسي,1,,انتيروباكتريسي,False,indicator_only,date_parsed_from_text,11,True
Data 2025.xlsx,5055,2025-05-28,2025-05,2025-W22,2,2,1-3067-R01,1-3067-R01,معجنات بطاطس وباذنجان,معجنات (pastries),pastries,معجنات (pastries),sweets_bakery,شركة بابا خباز - حي اليرموك,شركة بابا خباز,حي اليرموك,شركة بابا خباز - حي اليرموك,الروضة,بلدية,بلدية الروضة,False,True,انتيروباكتريسي | استافيلوكوكس اورياس,انتيروباكتريسي | استافيلوكوكس اورياس,2,استافيلوكوكس اورياس,انتيروباكتريسي,True,pathogen,date_parsed_from_text,12,True
Data 2025.xlsx,5056,2025-05-28,2025-05,2025-W22,2,2,1-3068-R01,1-3068-R01,كروسان ديك رومي,كروسان (croissant),croissant,كروسان (croissant),sweets_bakery,شركة بابا خباز - حي اليرموك,شركة بابا خباز,حي اليرموك,شركة بابا خباز - حي اليرموك,الروضة,بلدية,بلدية الروضة,False,True,انتيروباكتريسي,انتيروباكتريسي,1,,انتيروباكتريسي,False,indicator_only,date_parsed_from_text,13,True
Data 2025.xlsx,5057,2025-05-28,2025-05,2025-W22,2,2,1-3069-R01,1-3069-R01,كروسان زعتر,كروسان (croissant),croissant,كروسان (croissant),sweets_bakery,شركة بابا خباز - حي اليرموك,شركة بابا خباز,حي اليرموك,شركة بابا خباز - حي اليرموك,الروضة,بلدية,بلدية الروضة,False,True,العد الكلي للبكتيريا,العد الكلي للبكتيريا,1,,العد الكلي للبكتيريا,False,indicator_only,date_parsed_from_text,14,True
Data 2025.xlsx,5058,2025-05-28,2025-05,2025-W22,2,2,1-3070-R01,1-3070-R01,دانش مالح,معجنات (pastries),pastries,معجنات (pastries),sweets_bakery,شركة بابا خباز - حي اليرموك,شركة بابا خباز,حي اليرموك,شركة بابا خباز - حي اليرموك,الروضة,بلدية,بلدية الروضة,True,False,لا يوجد,,0,,,False,none,date_parsed_from_text,14,True
Data 2025.xlsx,5090,2025-05-28,2025-05,2025-W22,2,2,1-3071-R01,1-3071-R01,رز بشاور,الارز ( rice),rice,الارز ( rice),prepared_meal,شركة الرومانسية - حي اليرموك,شركة الرومانسية,حي اليرموك,شركة الرومانسية - حي اليرموك,الروضة,بلدية,بلدية الروضة,True,False,لا يوجد,,0,,,False,none,date_parsed_from_text,5,True
Data 2025.xlsx,5040,2025-05-28,2025-05,2025-W22,2,2,O-O-ro-0180-R01,O-O-ro-0180-R01,جرجير,الجرجير (rocket),rocket,الجرجير (rocket),produce,شركة بابا خباز - حي اليرموك,شركة بابا خباز,حي اليرموك,شركة بابا خباز - حي اليرموك,الروضة,بلدية,بلدية الروضة,False,True,استافيلوكوكس اورياس,استافيلوكوكس اورياس,1,استافيلوكوكس اورياس,,True,pathogen,date_parsed_from_text,5,True
Data 2025.xlsx,5034,2025-05-28,2025-05,2025-W22,2,2,O-U-po-0198-R01,O-U-po-0198-R01,حب رمان,الرمان (pomegranate),pomegranate,الرمان (pomegranate),produce,شركة بابا خباز - حي اليرموك,شركة بابا خباز,حي اليرموك,شركة بابا خباز - حي اليرموك,الروضة,بلدية,بلدية الروضة,True,False,لا يوجد,,0,,,False,none,date_parsed_from_text,1,False
Data 2025.xlsx,5037,2025-05-28,2025-05,2025-W22,2,2,O-U-to-0627-R01,O-U-to-0627-R01,قطع طماطم كرازية,الطماطم (Tomatoes),Tomatoes,الطماطم (Tomatoes),produce,شركة بابا خباز - حي اليرموك,شركة بابا خباز,حي اليرموك,شركة بابا خباز - حي اليرموك,الروضة,بلدية,بلدية الروضة,False,True,استافيلوكوكس اورياس,استافيلوكوكس اورياس,1,استافيلوكوكس اورياس,,True,pathogen,date_parsed_from_text,3,True
Data 2025.xlsx,5039,2025-05-28,2025-05,2025-W22,2,2,O-r-O3-le-0349-R01,O-r-O3-le-0349-R01,خس امريكي,الخس (Lettuce),Lettuce,الخس (Lettuce),produce,شركة بابا خباز - حي اليرموك,شركة بابا خباز,حي اليرموك,شركة بابا خباز - حي اليرموك,الروضة,بلدية,بلدية الروضة,False,True,استافيلوكوكس اورياس,استافيلوكوكس اورياس,1,استافيلوكوكس اورياس,,True,pathogen,date_parsed_from_text,4,True
Data 2025.xlsx,5035,2025-05-28,2025-05,2025-W22,2,2,OSSUOSS-pin-0007-R01,OSSUOSS-pin-0007-R01,قطع اناناس,اناناس (pineapple),pineapple,اناناس (pineapple),produce,شركة بابا خباز - حي اليرموك,شركة بابا خباز,حي اليرموك,شركة بابا خباز - حي اليرموك,الروضة,بلدية,بلدية الروضة,True,False,لا يوجد,,0,,,False,none,date_parsed_from_text,1,False
Data 2025.xlsx,5082,2025-05-28,2025-05,2025-W22,2,2,UU-le-0427-R01,UU-le-0427-R01,قطع ليمون,الليمون (Lemons),Lemons,الليمون (Lemons),produce,شركة الرومانسية - حي اليرموك,شركة الرومانسية,حي اليرموك,شركة الرومانسية - حي اليرموك,الروضة,بلدية,بلدية الروضة,True,False,لا يوجد,,0,,,False,none,date_parsed_from_text,4,True
Data 2025.xlsx,5077,2025-05-28,2025-05,2025-W22,2,2,appe-0478-r01,Appe-0478-R01,تبولة,مقبلات (Appetizers),Appetizers,مقبلات (Appetizers),prepared_meal,شركة الرومانسية - حي اليرموك,شركة الرومانسية,حي اليرموك,شركة الرومانسية - حي اليرموك,الروضة,بلدية,بلدية الروضة,False,True,استافيلوكوكس اورياس,استافيلوكوكس اورياس,1,استافيلوكوكس اورياس,,True,pathogen,date_parsed_from_text,1,False
Data 2025.xlsx,5088,2025-05-28,2025-05,2025-W22,2,2,appe-0479-r01,Appe-0479-R01,متبل,مقبلات (Appetizers),Appetizers,مقبلات (Appetizers),prepared_meal,شركة الرومانسية - حي اليرموك,شركة الرومانسية,حي اليرموك,شركة الرومانسية - حي اليرموك,الروضة,بلدية,بلدية الروضة,True,False,لا يوجد,,0,,,False,none,date_parsed_from_text,5,True
Data 2025.xlsx,5089,2025-05-28,2025-05,2025-W22,2,2,appe-0480-r01,Appe-0480-R01,حمص,مقبلات (Appetizers),Appetizers,مقبلات (Appetizers),prepared_meal,شركة الرومانسية - حي اليرموك,شركة الرومانسية,حي اليرموك,شركة الرومانسية - حي اليرموك,الروضة,بلدية,بلدية الروضة,True,False,لا يوجد,,0,,,False,none,date_parsed_from_text,5,True
Data 2025.xlsx,5036,2025-05-28,2025-05,2025-W22,2,2,cer-0061-r01,cer-0061-R01,كينوا,الحبوب (Cereal grains),Cereal grains,الحبوب (Cereal grains),produce,شركة بابا خباز - حي اليرموك,شركة بابا خباز,حي اليرموك,شركة بابا خباز - حي اليرموك,الروضة,بلدية,بلدية الروضة,False,True,استافيلوكوكس اورياس,استافيلوكوكس اورياس,1,استافيلوكوكس اورياس,,True,pathogen,date_parsed_from_text,2,True
Data 2025.xlsx,5033,2025-05-28,2025-05,2025-W22,2,2,chee-0749-r01,Chee-0749-R01,جبنة فيتا,(cheese) جبنة,cheese,(cheese) جبنة,dairy,شركة بابا خباز - حي اليرموك,شركة بابا خباز,حي اليرموك,شركة بابا خباز - حي اليرموك,الروضة,بلدية,بلدية الروضة,False,True,استافيلوكوكس اورياس,استافيلوكوكس اورياس,1,استافيلوكوكس اورياس,,True,pathogen,date_parsed_from_text,1,False
Data 2025.xlsx,5017,2025-05-28,2025-05,2025-W22,2,2,cm-0109-r01,Cm-0109-R01,لحم بري,اللحوم المطبوخة (Cooked meat),Cooked meat,اللحوم المطبوخة (Cooked meat),cooked_meat_poultry,مطعم المكبوس السريع - حي اليرموك,مطعم المكبوس السريع,حي اليرموك,مطعم المكبوس السريع - حي اليرموك,الروضة,بلدية,بلدية الروضة,True,False,لا يوجد,,0,,,False,none,date_parsed_from_text,6,True
Data 2025.xlsx,5093,2025-05-28,2025-05,2025-W22,2,2,cm-0110-r01,Cm-0110-R01,لحم مندي,اللحوم المطبوخة (Cooked meat),Cooked meat,اللحوم المطبوخة (Cooked meat),cooked_meat_poultry,شركة الرومانسية - حي اليرموك,شركة الرومانسية,حي اليرموك,شركة الرومانسية - حي اليرموك,الروضة,بلدية,بلدية الروضة,False,True,العد الكلي للبكتيريا,العد الكلي للبكتيريا,1,,العد الكلي للبكتيريا,False,indicator_only,date_parsed_from_text,7,True
Data 2025.xlsx,5018,2025-05-28,2025-05,2025-W22,2,2,co-0525-r01,co-0525-R01,دجاج مندي,الدجاج المطبوخ (Cooked chicken),Cooked chicken,الدجاج المطبوخ (Cooked chicken),cooked_meat_poultry,مطعم المكبوس السريع - حي اليرموك,مطعم المكبوس السريع,حي اليرموك,مطعم المكبوس السريع - حي اليرموك,الروضة,بلدية,بلدية الروضة,True,False,لا يوجد,,0,,,False,none,date_parsed_from_text,6,True
Data 2025.xlsx,5091,2025-05-28,2025-05,2025-W22,2,2,co-0526-r01,co-0526-R01,دجاج مظبي,الدجاج المطبوخ (Cooked chicken),Cooked chicken,الدجاج المطبوخ (Cooked chicken),cooked_meat_poultry,شركة الرومانسية - حي اليرموك,شركة الرومانسية,حي اليرموك,شركة الرومانسية - حي اليرموك,الروضة,بلدية,بلدية الروضة,True,False,لا يوجد,,0,,,False,none,date_parsed_from_text,5,True
Data 2025.xlsx,5092,2025-05-28,2025-05,2025-W22,2,2,co-0527-r01,co-0527-R01,دجاج شواية,الدجاج المطبوخ (Cooked chicken),Cooked chicken,الدجاج المطبوخ (Cooked chicken),cooked_meat_poultry,شركة الرومانسية - حي اليرموك,شركة الرومانسية,حي اليرموك,شركة الرومانسية - حي اليرموك,الروضة,بلدية,بلدية الروضة,False,True,العد الكلي للبكتيريا,العد الكلي للبكتيريا,1,,العد الكلي للبكتيريا,False,indicator_only,date_parsed_from_text,6,True
Data 2025.xlsx,5014,2025-05-28,2025-05,2025-W22,2,2,gcv-0227-r01,GCV-0227-R01,ايدام بطاطس,الخضار المشوية و المطبوخة,,الخضار المشوية و المطبوخة,cooked_meat_poultry,مطعم المكبوس السريع - حي اليرموك,مطعم المكبوس السريع,حي اليرموك,مطعم المكبوس السريع - حي اليرموك,الروضة,بلدية,بلدية الروضة,True,False,لا يوجد,,0,,,False,none,date_parsed_from_text,6,True
Data 2025.xlsx,5015,2025-05-28,2025-05,2025-W22,2,2,gcv-0228-r01,GCV-0228-R01,ايدام بامية,الخضار المشوية و المطبوخة,,الخضار المشوية و المطبوخة,cooked_meat_poultry,مطعم المكبوس السريع - حي اليرموك,مطعم المكبوس السريع,حي اليرموك,مطعم المكبوس السريع - حي اليرموك,الروضة,بلدية,بلدية الروضة,True,False,لا يوجد,,0,,,False,none,date_parsed_from_text,6,True
Data 2025.xlsx,5063,2025-05-28,2025-05,2025-W22,2,2,gr-0170-r01,gr-0170-R01,ورق عنب,ورق عنب (Grape leaves),Grape leaves,ورق عنب (Grape leaves),produce,شركة بابا خباز - حي اليرموك,شركة بابا خباز,حي اليرموك,شركة بابا خباز - حي اليرموك,الروضة,بلدية,بلدية الروضة,True,False,لا يوجد,,0,,,False,none,date_parsed_from_text,18,True
Data 2025.xlsx,5081,2025-05-28,2025-05,2025-W22,2,2,gr-0171-r01,gr-0171-R01,ورق عنب,ورق عنب (Grape leaves),Grape leaves,ورق عنب (Grape leaves),produce,شركة الرومانسية - حي اليرموك,شركة الرومانسية,حي اليرموك,شركة الرومانسية - حي اليرموك,الروضة,بلدية,بلدية الروضة,True,False,لا يوجد,,0,,,False,none,date_parsed_from_text,4,True
Data 2025.xlsx,5011,2025-05-28,2025-05,2025-W22,2,2,hs-0314-r01,HS-0314-R01,شطة حارة مكبوس,الشطة (Hot sauce),Hot sauce,الشطة (Hot sauce),sauce_condiment,مطعم المكبوس السريع - حي اليرموك,مطعم المكبوس السريع,حي اليرموك,مطعم المكبوس السريع - حي اليرموك,الروضة,بلدية,بلدية الروضة,False,True,العد الكلي للبكتيريا,العد الكلي للبكتيريا,1,,العد الكلي للبكتيريا,False,indicator_only,date_parsed_from_text,6,True
Data 2025.xlsx,5012,2025-05-28,2025-05,2025-W22,2,2,hs-0315-r01,HS-0315-R01,شطة متوسطة الحرارة,الشطة (Hot sauce),Hot sauce,الشطة (Hot sauce),sauce_condiment,مطعم المكبوس السريع - حي اليرموك,مطعم المكبوس السريع,حي اليرموك,مطعم المكبوس السريع - حي اليرموك,الروضة,بلدية,بلدية الروضة,True,False,لا يوجد,,0,,,False,none,date_parsed_from_text,6,True
Data 2025.xlsx,5038,2025-05-28,2025-05,2025-W22,2,2,olv-0474-r01,olv-0474-R01,شرائح زيتون,الزيتون /Olive,Olive,الزيتون /Olive,produce,شركة بابا خباز - حي اليرموك,شركة بابا خباز,حي اليرموك,شركة بابا خباز - حي اليرموك,الروضة,بلدية,بلدية الروضة,True,False,لا يوجد,,0,,,False,none,date_parsed_from_text,3,True
Data 2025.xlsx,5006,2025-05-28,2025-05,2025-W22,2,2,sal-1374-r01,Sal-1374-R01,سلطة خضراء,السلطة(Salad),Salad,السلطة(Salad),produce,مطعم المكبوس السريع - حي اليرموك,مطعم المكبوس السريع,حي اليرموك,مطعم المكبوس السريع - حي اليرموك,الروضة,بلدية,بلدية الروضة,False,True,استافيلوكوكس اورياس,استافيلوكوكس اورياس,1,استافيلوكوكس اورياس,,True,pathogen,date_parsed_from_text,1,False
Data 2025.xlsx,5007,2025-05-28,2025-05,2025-W22,2,2,sal-1375-r01,Sal-1375-R01,سلطة تبولة,السلطة(Salad),Salad,السلطة(Salad),produce,مطعم المكبوس السريع - حي اليرموك,مطعم المكبوس السريع,حي اليرموك,مطعم المكبوس السريع - حي اليرموك,الروضة,بلدية,بلدية الروضة,False,True,استافيلوكوكس اورياس,استافيلوكوكس اورياس,1,استافيلوكوكس اورياس,,True,pathogen,date_parsed_from_text,2,True
Data 2025.xlsx,5008,2025-05-28,2025-05,2025-W22,2,2,sal-1376-r01,Sal-1376-R01,سلطة شيرازية,السلطة(Salad),Salad,السلطة(Salad),produce,مطعم المكبوس السريع - حي اليرموك,مطعم المكبوس السريع,حي اليرموك,مطعم المكبوس السريع - حي اليرموك,الروضة,بلدية,بلدية الروضة,False,True,استافيلوكوكس اورياس,استافيلوكوكس اورياس,1,استافيلوكوكس اورياس,,True,pathogen,date_parsed_from_text,3,True
Data 2025.xlsx,5009,2025-05-28,2025-05,2025-W22,2,2,sal-1377-r01,Sal-1377-R01,سلطة جرجير,السلطة(Salad),Salad,السلطة(Salad),produce,مطعم المكبوس السريع - حي اليرموك,مطعم المكبوس السريع,حي اليرموك,مطعم المكبوس السريع - حي اليرموك,الروضة,بلدية,بلدية الروضة,False,True,استافيلوكوكس اورياس,استافيلوكوكس اورياس,1,استافيلوكوكس اورياس,,True,pathogen,date_parsed_from_text,4,True
Data 2025.xlsx,5010,2025-05-28,2025-05,2025-W22,2,2,sal-1378-r01,Sal-1378-R01,سلطة خيار لبن,السلطة(Salad),Salad,السلطة(Salad),produce,مطعم المكبوس السريع - حي اليرموك,مطعم المكبوس السريع,حي اليرموك,مطعم المكبوس السريع - حي اليرموك,الروضة,بلدية,بلدية الروضة,False,True,استافيلوكوكس اورياس,استافيلوكوكس اورياس,1,استافيلوكوكس اورياس,,True,pathogen,date_parsed_from_text,5,True
Data 2025.xlsx,5078,2025-05-28,2025-05,2025-W22,2,2,sal-1379-r01,Sal-1379-R01,سلطة خضراء,السلطة(Salad),Salad,السلطة(Salad),produce,شركة الرومانسية - حي اليرموك,شركة الرومانسية,حي اليرموك,شركة الرومانسية - حي اليرموك,الروضة,بلدية,بلدية الروضة,False,True,استافيلوكوكس اورياس,استافيلوكوكس اورياس,1,استافيلوكوكس اورياس,,True,pathogen,date_parsed_from_text,2,True
Data 2025.xlsx,5079,2025-05-28,2025-05,2025-W22,2,2,sal-1380-r01,Sal-1380-R01,سلطة فتوش,السلطة(Salad),Salad,السلطة(Salad),produce,شركة الرومانسية - حي اليرموك,شركة الرومانسية,حي اليرموك,شركة الرومانسية - حي اليرموك,الروضة,بلدية,بلدية الروضة,False,True,استافيلوكوكس اورياس,استافيلوكوكس اورياس,1,استافيلوكوكس اورياس,,True,pathogen,date_parsed_from_text,3,True
Data 2025.xlsx,5080,2025-05-28,2025-05,2025-W22,2,2,sal-1381-r01,Sal-1381-R01,سلطة حارة,السلطة(Salad),Salad,السلطة(Salad),produce,شركة الرومانسية - حي اليرموك,شركة الرومانسية,حي اليرموك,شركة الرومانسية - حي اليرموك,الروضة,بلدية,بلدية الروضة,False,True,استافيلوكوكس اورياس,استافيلوكوكس اورياس,1,استافيلوكوكس اورياس,,True,pathogen,date_parsed_from_text,4,True
Data 2025.xlsx,5087,2025-05-28,2025-05,2025-W22,2,2,sal-1382-r01,Sal-1382-R01,سلطة لبن خيار,السلطة(Salad),Salad,السلطة(Salad),produce,شركة الرومانسية - حي اليرموك,شركة الرومانسية,حي اليرموك,شركة الرومانسية - حي اليرموك,الروضة,بلدية,بلدية الروضة,False,True,استافيلوكوكس اورياس,استافيلوكوكس اورياس,1,استافيلوكوكس اورياس,,True,pathogen,date_parsed_from_text,5,True
Data 2025.xlsx,5023,2025-05-28,2025-05,2025-W22,2,2,sau-1809-r01,sau-1809-R01,صوص خل بلسميك,صوص (sauce),sauce,صوص (sauce),sauce_condiment,شركة بابا خباز - حي اليرموك,شركة بابا خباز,حي اليرموك,شركة بابا خباز - حي اليرموك,الروضة,بلدية,بلدية الروضة,True,False,لا يوجد,,0,,,False,none,date_parsed_from_text,0,False
Data 2025.xlsx,5024,2025-05-28,2025-05,2025-W22,2,2,sau-1810-r01,sau-1810-R01,صوص هني ماسترد,صوص (sauce),sauce,صوص (sauce),sauce_condiment,شركة بابا خباز - حي اليرموك,شركة بابا خباز,حي اليرموك,شركة بابا خباز - حي اليرموك,الروضة,بلدية,بلدية الروضة,True,False,لا يوجد,,0,,,False,none,date_parsed_from_text,0,False
Data 2025.xlsx,5025,2025-05-28,2025-05,2025-W22,2,2,sau-1811-r01,sau-1811-R01,صوص هار فيستر,صوص (sauce),sauce,صوص (sauce),sauce_condiment,شركة بابا خباز - حي اليرموك,شركة بابا خباز,حي اليرموك,شركة بابا خباز - حي اليرموك,الروضة,بلدية,بلدية الروضة,True,False,لا يوجد,,0,,,False,none,date_parsed_from_text,0,False
Data 2025.xlsx,5026,2025-05-28,2025-05,2025-W22,2,2,sau-1812-r01,sau-1812-R01,صوص سيزر,صوص (sauce),sauce,صوص (sauce),sauce_condiment,شركة بابا خباز - حي اليرموك,شركة بابا خباز,حي اليرموك,شركة بابا خباز - حي اليرموك,الروضة,بلدية,بلدية الروضة,True,False,لا يوجد,,0,,,False,none,date_parsed_from_text,0,False
Data 2025.xlsx,5027,2025-05-28,2025-05,2025-W22,2,2,sau-1813-r01,sau-1813-R01,صوص رانش,صوص (sauce),sauce,صوص (sauce),sauce_condiment,شركة بابا خباز - حي اليرموك,شركة بابا خباز,حي اليرموك,شركة بابا خباز - حي اليرموك,الروضة,بلدية,بلدية الروضة,True,False,لا يوجد,,0,,,False,none,date_parsed_from_text,0,False
Data 2025.xlsx,5028,2025-05-28,2025-05,2025-W22,2,2,sau-1814-r01,sau-1814-R01,صوص افوكادو,صوص (sauce),sauce,صوص (sauce),sauce_condiment,شركة بابا خباز - حي اليرموك,شركة بابا خباز,حي اليرموك,شركة بابا خباز - حي اليرموك,الروضة,بلدية,بلدية الروضة,True,False,لا يوجد,,0,,,False,none,date_parsed_from_text,0,False
Data 2025.xlsx,5029,2025-05-28,2025-05,2025-W22,2,2,sau-1815-r01,sau-1815-R01,صوص ايطالي,صوص (sauce),sauce,صوص (sauce),sauce_condiment,شركة بابا خباز - حي اليرموك,شركة بابا خباز,حي اليرموك,شركة بابا خباز - حي اليرموك,الروضة,بلدية,بلدية الروضة,True,False,لا يوجد,,0,,,False,none,date_parsed_from_text,0,False
Data 2025.xlsx,5030,2025-05-28,2025-05,2025-W22,2,2,sau-1816-r01,sau-1816-R01,صوص ديناميت,صوص (sauce),sauce,صوص (sauce),sauce_condiment,شركة بابا خباز - حي اليرموك,شركة بابا خباز,حي اليرموك,شركة بابا خباز - حي اليرموك,الروضة,بلدية,بلدية الروضة,True,False,لا يوجد,,0,,,False,none,date_parsed_from_text,0,False
Data 2025.xlsx,5031,2025-05-28,2025-05,2025-W22,2,2,sau-1817-r01,sau-1817-R01,صوص رمان,صوص (sauce),sauce,صوص (sauce),sauce_condiment,شركة بابا خباز - حي اليرموك,شركة بابا خباز,حي اليرموك,شركة بابا خباز - حي اليرموك,الروضة,بلدية,بلدية الروضة,True,False,لا يوجد,,0,,,False,none,date_parsed_from_text,0,False
Data 2025.xlsx,5032,2025-05-28,2025-05,2025-W22,2,2,sau-1818-r01,sau-1818-R01,صوص سماق,صوص (sauce),sauce,صوص (sauce),sauce_condiment,شركة بابا خباز - حي اليرموك,شركة بابا خباز,حي اليرموك,شركة بابا خباز - حي اليرموك,الروضة,بلدية,بلدية الروضة,True,False,لا يوجد,,0,,,False,none,date_parsed_from_text,0,False
Data 2025.xlsx,5020,2025-05-28,2025-05,2025-W22,2,2,sw-3136-r01,sw-3136-R01,مسحة طاولة تحضير,(Swabs) المسحات,Swabs,(Swabs) المسحات,swab,مطعم المكبوس السريع - حي اليرموك,مطعم المكبوس السريع,حي اليرموك,مطعم المكبوس السريع - حي اليرموك,الروضة,بلدية,بلدية الروضة,True,False,لا يوجد,,0,,,False,none,date_parsed_from_text,6,True
Data 2025.xlsx,5021,2025-05-28,2025-05,2025-W22,2,2,sw-3137-r01,sw-3137-R01,مسحة ادوات تحضير,(Swabs) المسحات,Swabs,(Swabs) المسحات,swab,مطعم المكبوس السريع - حي اليرموك,مطعم المكبوس السريع,حي اليرموك,مطعم المكبوس السريع - حي اليرموك,الروضة,بلدية,بلدية الروضة,True,False,لا يوجد,,0,,,False,none,date_parsed_from_text,6,True
Data 2025.xlsx,5022,2025-05-28,2025-05,2025-W22,2,2,sw-3138-r01,sw-3138-R01,مسحة ثلاجة مقبلات,(Swabs) المسحات,Swabs,(Swabs) المسحات,swab,مطعم المكبوس السريع - حي اليرموك,مطعم المكبوس السريع,حي اليرموك,مطعم المكبوس السريع - حي اليرموك,الروضة,بلدية,بلدية الروضة,True,False,لا يوجد,,0,,,False,none,date_parsed_from_text,6,True
Data 2025.xlsx,5069,2025-05-28,2025-05,2025-W22,2,2,sw-3139-r01,sw-3139-R01,مسحة ثلاجة مني كيك,(Swabs) المسحات,Swabs,(Swabs) المسحات,swab,شركة بابا خباز - حي اليرموك,شركة بابا خباز,حي اليرموك,شركة بابا خباز - حي اليرموك,الروضة,بلدية,بلدية الروضة,True,False,لا يوجد,,0,,,False,none,date_parsed_from_text,20,True
Data 2025.xlsx,5070,2025-05-28,2025-05,2025-W22,2,2,sw-3140-r01,sw-3140-R01,مسحة ثلاجة مني كيك,(Swabs) المسحات,Swabs,(Swabs) المسحات,swab,شركة بابا خباز - حي اليرموك,شركة بابا خباز,حي اليرموك,شركة بابا خباز - حي اليرموك,الروضة,بلدية,بلدية الروضة,True,False,لا يوجد,,0,,,False,none,date_parsed_from_text,20,True
Data 2025.xlsx,5071,2025-05-28,2025-05,2025-W22,2,2,sw-3141-r01,sw-3141-R01,مسحة ثلاجة مقبلات,(Swabs) المسحات,Swabs,(Swabs) المسحات,swab,شركة بابا خباز - حي اليرموك,شركة بابا خباز,حي اليرموك,شركة بابا خباز - حي اليرموك,الروضة,بلدية,بلدية الروضة,True,False,لا يوجد,,0,,,False,none,date_parsed_from_text,20,True
Data 2025.xlsx,5072,2025-05-28,2025-05,2025-W22,2,2,sw-3142-r01,sw-3142-R01,مسحة حافظة حلا,(Swabs) المسحات,Swabs,(Swabs) المسحات,swab,شركة بابا خباز - حي اليرموك,شركة بابا خباز,حي اليرموك,شركة بابا خباز - حي اليرموك,الروضة,بلدية,بلدية الروضة,True,False,لا يوجد,,0,,,False,none,date_parsed_from_text,20,True
Data 2025.xlsx,5073,2025-05-28,2025-05,2025-W22,2,2,sw-3143-r01,sw-3143-R01,مسحة حافظة المعجنات,(Swabs) المسحات,Swabs,(Swabs) المسحات,swab,شركة بابا خباز - حي اليرموك,شركة بابا خباز,حي اليرموك,شركة بابا خباز - حي اليرموك,الروضة,بلدية,بلدية الروضة,True,False,لا يوجد,,0,,,False,none,date_parsed_from_text,20,True
Data 2025.xlsx,5074,2025-05-28,2025-05,2025-W22,2,2,sw-3144-r01,sw-3144-R01,مسحة حافظة بيتي فور,(Swabs) المسحات,Swabs,(Swabs) المسحات,swab,شركة بابا خباز - حي اليرموك,شركة بابا خباز,حي اليرموك,شركة بابا خباز - حي اليرموك,الروضة,بلدية,بلدية الروضة,True,False,لا يوجد,,0,,,False,none,date_parsed_from_text,20,True
Data 2025.xlsx,5075,2025-05-28,2025-05,2025-W22,2,2,sw-3145-r01,sw-3145-R01,مسحة حافظة البقلاوة,(Swabs) المسحات,Swabs,(Swabs) المسحات,swab,شركة بابا خباز - حي اليرموك,شركة بابا خباز,حي اليرموك,شركة بابا خباز - حي اليرموك,الروضة,بلدية,بلدية الروضة,True,False,لا يوجد,,0,,,False,none,date_parsed_from_text,20,True
Data 2025.xlsx,5076,2025-05-28,2025-05,2025-W22,2,2,sw-3146-r01,sw-3146-R01,مسحة حافظة بلح الشام محشي,(Swabs) المسحات,Swabs,(Swabs) المسحات,swab,شركة بابا خباز - حي اليرموك,شركة بابا خباز,حي اليرموك,شركة بابا خباز - حي اليرموك,الروضة,بلدية,بلدية الروضة,True,False,لا يوجد,,0,,,False,none,date_parsed_from_text,20,True
Data 2025.xlsx,5013,2025-05-28,2025-05,2025-W22,2,2,sweet-1099-r01,sweet-1099-R01,مهلبية,الحلا(sweetness),sweetness,الحلا(sweetness),sweets_bakery,مطعم المكبوس السريع - حي اليرموك,مطعم المكبوس السريع,حي اليرموك,مطعم المكبوس السريع - حي اليرموك,الروضة,بلدية,بلدية الروضة,True,False,لا يوجد,,0,,,False,none,date_parsed_from_text,6,True
Data 2025.xlsx,5041,2025-05-28,2025-05,2025-W22,2,2,sweet-1100-r01,sweet-1100-R01,بقلاوة فستق,الحلا(sweetness),sweetness,الحلا(sweetness),sweets_bakery,شركة بابا خباز - حي اليرموك,شركة بابا خباز,حي اليرموك,شركة بابا خباز - حي اليرموك,الروضة,بلدية,بلدية الروضة,True,False,لا يوجد,,0,,,False,none,date_parsed_from_text,5,True
Data 2025.xlsx,5042,2025-05-28,2025-05,2025-W22,2,2,sweet-1101-r01,sweet-1101-R01,يقلاوة اصايع بالمكسرات,الحلا(sweetness),sweetness,الحلا(sweetness),sweets_bakery,شركة بابا خباز - حي اليرموك,شركة بابا خباز,حي اليرموك,شركة بابا خباز - حي اليرموك,الروضة,بلدية,بلدية الروضة,True,False,لا يوجد,,0,,,False,none,date_parsed_from_text,5,True
Data 2025.xlsx,5043,2025-05-28,2025-05,2025-W22,2,2,sweet-1102-r01,sweet-1102-R01,بلح الشام سادة,الحلا(sweetness),sweetness,الحلا(sweetness),sweets_bakery,شركة بابا خباز - حي اليرموك,شركة بابا خباز,حي اليرموك,شركة بابا خباز - حي اليرموك,الروضة,بلدية,بلدية الروضة,True,False,لا يوجد,,0,,,False,none,date_parsed_from_text,5,True
Data 2025.xlsx,5044,2025-05-28,2025-05,2025-W22,2,2,sweet-1103-r01,sweet-1103-R01,بسبوسة قشطة,الحلا(sweetness),sweetness,الحلا(sweetness),sweets_bakery,شركة بابا خباز - حي اليرموك,شركة بابا خباز,حي اليرموك,شركة بابا خباز - حي اليرموك,الروضة,بلدية,بلدية الروضة,True,False,لا يوجد,,0,,,False,none,date_parsed_from_text,5,True
Data 2025.xlsx,5045,2025-05-28,2025-05,2025-W22,2,2,sweet-1104-r01,sweet-1104-R01,نمورة كريمة,الحلا(sweetness),sweetness,الحلا(sweetness),sweets_bakery,شركة بابا خباز - حي اليرموك,شركة بابا خباز,حي اليرموك,شركة بابا خباز - حي اليرموك,الروضة,بلدية,بلدية الروضة,True,False,لا يوجد,,0,,,False,none,date_parsed_from_text,5,True
Data 2025.xlsx,5046,2025-05-28,2025-05,2025-W22,2,2,sweet-1105-r01,sweet-1105-R01,عيون المها,الحلا(sweetness),sweetness,الحلا(sweetness),sweets_bakery,شركة بابا خباز - حي اليرموك,شركة بابا خباز,حي اليرموك,شركة بابا خباز - حي اليرموك,الروضة,بلدية,بلدية الروضة,True,False,لا يوجد,,0,,,False,none,date_parsed_from_text,5,True
Data 2025.xlsx,5047,2025-05-28,2025-05,2025-W22,2,2,sweet-1106-r01,sweet-1106-R01,معمول مد قشطة,الحلا(sweetness),sweetness,الحلا(sweetness),sweets_bakery,شركة بابا خباز - حي اليرموك,شركة بابا خباز,حي اليرموك,شركة بابا خباز - حي اليرموك,الروضة,بلدية,بلدية الروضة,False,True,كوليفورم,كوليفورم,1,,كوليفورم,False,indicator_only,date_parsed_from_text,6,True
Data 2025.xlsx,5048,2025-05-28,2025-05,2025-W22,2,2,sweet-1107-r01,sweet-1107-R01,بلح الشام بالقشطة,الحلا(sweetness),sweetness,الحلا(sweetness),sweets_bakery,شركة بابا خباز - حي اليرموك,شركة بابا خباز,حي اليرموك,شركة بابا خباز - حي اليرموك,الروضة,بلدية,بلدية الروضة,False,True,كوليفورم,كوليفورم,1,,كوليفورم,False,indicator_only,date_parsed_from_text,7,True
Data 2025.xlsx,5049,2025-05-28,2025-05,2025-W22,2,2,sweet-1108-r01,sweet-1108-R01,كنافة قشطة,الحلا(sweetness),sweetness,الحلا(sweetness),sweets_bakery,شركة بابا خباز - حي اليرموك,شركة بابا خباز,حي اليرموك,شركة بابا خباز - حي اليرموك,الروضة,بلدية,بلدية الروضة,False,True,كوليفورم | استافيلوكوكس اورياس,كوليفورم | استافيلوكوكس اورياس,2,استافيلوكوكس اورياس,كوليفورم,True,pathogen,date_parsed_from_text,8,True
Data 2025.xlsx,5050,2025-05-28,2025-05,2025-W22,2,2,sweet-1109-r01,sweet-1109-R01,بيتي فور بالفانيلا,الحلا(sweetness),sweetness,الحلا(sweetness),sweets_bakery,شركة بابا خباز - حي اليرموك,شركة بابا خباز,حي اليرموك,شركة بابا خباز - حي اليرموك,الروضة,بلدية,بلدية الروضة,True,False,لا يوجد,,0,,,False,none,date_parsed_from_text,8,True
Data 2025.xlsx,5051,2025-05-28,2025-05,2025-W22,2,2,sweet-1110-r01,sweet-1110-R01,بيتي فور شوكولاتة,الحلا(sweetness),sweetness,الحلا(sweetness),sweets_bakery,شركة بابا خباز - حي اليرموك,شركة بابا خباز,حي اليرموك,شركة بابا خباز - حي اليرموك,الروضة,بلدية,بلدية الروضة,True,False,لا يوجد,,0,,,False,none,date_parsed_from_text,8,True
Data 2025.xlsx,5059,2025-05-28,2025-05,2025-W22,2,2,sweet-1111-r01,sweet-1111-R01,كروسان فراولة بالكريمة,الحلا(sweetness),sweetness,الحلا(sweetness),sweets_bakery,شركة بابا خباز - حي اليرموك,شركة بابا خباز,حي اليرموك,شركة بابا خباز - حي اليرموك,الروضة,بلدية,بلدية الروضة,False,True,العد الكلي للبكتيريا,العد الكلي للبكتيريا,1,,العد الكلي للبكتيريا,False,indicator_only,date_parsed_from_text,15,True
Data 2025.xlsx,5060,2025-05-28,2025-05,2025-W22,2,2,sweet-1112-r01,sweet-1112-R01,دانش فواكه,الحلا(sweetness),sweetness,الحلا(sweetness),sweets_bakery,شركة بابا خباز - حي اليرموك,شركة بابا خباز,حي اليرموك,شركة بابا خباز - حي اليرموك,الروضة,بلدية,بلدية الروضة,False,True,العد الكلي للبكتيريا,العد الكلي للبكتيريا,1,,العد الكلي للبكتيريا,False,indicator_only,date_parsed_from_text,16,True
Data 2025.xlsx,5061,2025-05-28,2025-05,2025-W22,2,2,sweet-1113-r01,sweet-1113-R01,دانش زبيب مع قرفة,الحلا(sweetness),sweetness,الحلا(sweetness),sweets_bakery,شركة بابا خباز - حي اليرموك,شركة بابا خباز,حي اليرموك,شركة بابا خباز - حي اليرموك,الروضة,بلدية,بلدية الروضة,False,True,العد الكلي للبكتيريا,العد الكلي للبكتيريا,1,,العد الكلي للبكتيريا,False,indicator_only,date_parsed_from_text,17,True
Data 2025.xlsx,5062,2025-05-28,2025-05,2025-W22,2,2,sweet-1114-r01,sweet-1114-R01,كرانش لوتس,الحلا(sweetness),sweetness,الحلا(sweetness),sweets_bakery,شركة بابا خباز - حي اليرموك,شركة بابا خباز,حي اليرموك,شركة بابا خباز - حي اليرموك,الروضة,بلدية,بلدية الروضة,False,True,العد الكلي للبكتيريا,العد الكلي للبكتيريا,1,,العد الكلي للبكتيريا,False,indicator_only,date_parsed_from_text,18,True
Data 2025.xlsx,5064,2025-05-28,2025-05,2025-W22,2,2,sweet-1115-r01,sweet-1115-R01,سان سبيستيان,الحلا(sweetness),sweetness,الحلا(sweetness),sweets_bakery,شركة بابا خباز - حي اليرموك,شركة بابا خباز,حي اليرموك,شركة بابا خباز - حي اليرموك,الروضة,بلدية,بلدية الروضة,True,False,لا يوجد,,0,,,False,none,date_parsed_from_text,18,True
Data 2025.xlsx,5065,2025-05-28,2025-05,2025-W22,2,2,sweet-1116-r01,sweet-1116-R01,كيكة زعفران,الحلا(sweetness),sweetness,الحلا(sweetness),sweets_bakery,شركة بابا خباز - حي اليرموك,شركة بابا خباز,حي اليرموك,شركة بابا خباز - حي اليرموك,الروضة,بلدية,بلدية الروضة,True,False,لا يوجد,,0,,,False,none,date_parsed_from_text,18,True
Data 2025.xlsx,5066,2025-05-28,2025-05,2025-W22,2,2,sweet-1117-r01,sweet-1117-R01,قراولة بالشوكولاتة,الحلا(sweetness),sweetness,الحلا(sweetness),sweets_bakery,شركة بابا خباز - حي اليرموك,شركة بابا خباز,حي اليرموك,شركة بابا خباز - حي اليرموك,الروضة,بلدية,بلدية الروضة,True,False,لا يوجد,,0,,,False,none,date_parsed_from_text,18,True
Data 2025.xlsx,5067,2025-05-28,2025-05,2025-W22,2,2,sweet-1118-r01,sweet-1118-R01,مني كيك بلو بيري اوريو,الحلا(sweetness),sweetness,الحلا(sweetness),sweets_bakery,شركة بابا خباز - حي اليرموك,شركة بابا خباز,حي اليرموك,شركة بابا خباز - حي اليرموك,الروضة,بلدية,بلدية الروضة,False,True,استافيلوكوكس اورياس,استافيلوكوكس اورياس,1,استافيلوكوكس اورياس,,True,pathogen,date_parsed_from_text,19,True
Data 2025.xlsx,5068,2025-05-28,2025-05,2025-W22,2,2,sweet-1119-r01,sweet-1119-R01,مني كبك سنكرز,الحلا(sweetness),sweetness,الحلا(sweetness),sweets_bakery,شركة بابا خباز - حي اليرموك,شركة بابا خباز,حي اليرموك,شركة بابا خباز - حي اليرموك,الروضة,بلدية,بلدية الروضة,False,True,استافيلوكوكس اورياس,استافيلوكوكس اورياس,1,استافيلوكوكس اورياس,,True,pathogen,date_parsed_from_text,20,True
Data 2025.xlsx,5083,2025-05-28,2025-05,2025-W22,2,2,sweet-1120-r01,sweet-1120-R01,كريم كراميل,الحلا(sweetness),sweetness,الحلا(sweetness),sweets_bakery,شركة الرومانسية - حي اليرموك,شركة الرومانسية,حي اليرموك,شركة الرومانسية - حي اليرموك,الروضة,بلدية,بلدية الروضة,True,False,لا يوجد,,0,,,False,none,date_parsed_from_text,4,True
Data 2025.xlsx,5084,2025-05-28,2025-05,2025-W22,2,2,sweet-1121-r01,sweet-1121-R01,لوتس,الحلا(sweetness),sweetness,الحلا(sweetness),sweets_bakery,شركة الرومانسية - حي اليرموك,شركة الرومانسية,حي اليرموك,شركة الرومانسية - حي اليرموك,الروضة,بلدية,بلدية الروضة,True,False,لا يوجد,,0,,,False,none,date_parsed_from_text,4,True
Data 2025.xlsx,5085,2025-05-28,2025-05,2025-W22,2,2,sweet-1122-r01,sweet-1122-R01,لوتس بالستاشو,الحلا(sweetness),sweetness,الحلا(sweetness),sweets_bakery,شركة الرومانسية - حي اليرموك,شركة الرومانسية,حي اليرموك,شركة الرومانسية - حي اليرموك,الروضة,بلدية,بلدية الروضة,True,False,لا يوجد,,0,,,False,none,date_parsed_from_text,4,True
Data 2025.xlsx,5086,2025-05-28,2025-05,2025-W22,2,2,sweet-1123-r01,sweet-1123-R01,لوتس مانجا,الحلا(sweetness),sweetness,الحلا(sweetness),sweets_bakery,شركة الرومانسية - حي اليرموك,شركة الرومانسية,حي اليرموك,شركة الرومانسية - حي اليرموك,الروضة,بلدية,بلدية الروضة,True,False,لا يوجد,,0,,,False,none,date_parsed_from_text,4,True
Data 2025.xlsx,5094,2025-05-28,2025-05,2025-W22,2,2,ubot-0987-r01,Ubot-0987-R01,مياه فلتر للطبخ,المياه الغير معبأة (Unbottled water),Unbottled water,المياه الغير معبأة (Unbottled water),water,شركة الرومانسية - حي اليرموك,شركة الرومانسية,حي اليرموك,شركة الرومانسية - حي اليرموك,الروضة,بلدية,بلدية الروضة,True,False,لا يوجد,,0,,,False,none,date_parsed_from_text,7,True
