source_file,row_excel,sampling_date,year_month,iso_year_week,quarter,day_of_week,sample_id,sample_id_raw,sample_name,category_canonical,category_en,category_raw,sample_type,facility_name,facility_chain,facility_branch,facility_name_raw,municipality,municipality_type,municipality_raw,is_valid,is_failure,invalid_tests_raw,invalid_tests,n_failed_tests,failed_pathogens,failed_indicators,has_pathogen_failure,severity_tier,data_quality_flags,chain_invalid_count_90d,is_repeat_offender_90d
Data 2025.xlsx,8984,2025-10-04,2025-10,2025-W40,4,5,1-3532-R01,1-3532-R01,لوتس سورس,البسكويت (Biscuits),Biscuits,(Biscuits) بسكوت,sweets_bakery,شركة النحلات الثلاثة الفندقية مساهمة مقفلة - حي الملك فهد,شركة النحلات الثلاثة الفندقية مساهمة مقفلة,حي الملك فهد,شركة النحلات الثلاثة الفندقية مساهمة مقفلة - حي الملك فهد,العليا,بلدية,بلدية العليا,True,False,لا يوجد,,0,,,False,none,category_merged_to_canonical,11,True
Data 2025.xlsx,8985,2025-10-04,2025-10,2025-W40,4,5,1-3533-R01,1-3533-R01,داي استب سورس,البسكويت (Biscuits),Biscuits,(Biscuits) بسكوت,sweets_bakery,شركة النحلات الثلاثة الفندقية مساهمة مقفلة - حي الملك فهد,شركة النحلات الثلاثة الفندقية مساهمة مقفلة,حي الملك فهد,شركة النحلات الثلاثة الفندقية مساهمة مقفلة - حي الملك فهد,العليا,بلدية,بلدية العليا,True,False,لا يوجد,,0,,,False,none,category_merged_to_canonical,11,True
Data 2025.xlsx,8954,2025-10-04,2025-10,2025-W40,4,5,O-U-po-0229-R01,O-U-po-0229-R01,رمان وعسل شيت نت,الرمان (pomegranate),pomegranate,الرمان (pomegranate),produce,شركة النحلات الثلاثة الفندقية مساهمة مقفلة - حي الملك فهد,شركة النحلات الثلاثة الفندقية مساهمة مقفلة,حي الملك فهد,شركة النحلات الثلاثة الفندقية مساهمة مقفلة - حي الملك فهد,العليا,بلدية,بلدية العليا,True,False,لا يوجد,,0,,,False,none,,0,False
Data 2025.xlsx,8955,2025-10-04,2025-10,2025-W40,4,5,O-U-to-0699-R01,O-U-to-0699-R01,طماطم شيري مطبوخ شيت نت,الطماطم (Tomatoes),Tomatoes,الطماطم (Tomatoes),produce,شركة النحلات الثلاثة الفندقية مساهمة مقفلة - حي الملك فهد,شركة النحلات الثلاثة الفندقية مساهمة مقفلة,حي الملك فهد,شركة النحلات الثلاثة الفندقية مساهمة مقفلة - حي الملك فهد,العليا,بلدية,بلدية العليا,True,False,لا يوجد,,0,,,False,none,,0,False
Data 2025.xlsx,8974,2025-10-04,2025-10,2025-W40,4,5,OOSS-eg-0381-R01,OOSS-eg-0381-R01,مكدوس فيروز جاردن,الباذنجان (eggplant),eggplant,الباذنجان (eggplant),dairy,شركة النحلات الثلاثة الفندقية مساهمة مقفلة - حي الملك فهد,شركة النحلات الثلاثة الفندقية مساهمة مقفلة,حي الملك فهد,شركة النحلات الثلاثة الفندقية مساهمة مقفلة - حي الملك فهد,العليا,بلدية,بلدية العليا,False,True,خمائر,الخمائر والاعفان,1,,الخمائر والاعفان,False,indicator_only,,9,True
Data 2025.xlsx,8957,2025-10-04,2025-10,2025-W40,4,5,OOu-on-0548-R01,OOu-on-0548-R01,بصل مكرمل شيت نت,البصل (onions),onions,البصل (onions),produce,شركة النحلات الثلاثة الفندقية مساهمة مقفلة - حي الملك فهد,شركة النحلات الثلاثة الفندقية مساهمة مقفلة,حي الملك فهد,شركة النحلات الثلاثة الفندقية مساهمة مقفلة - حي الملك فهد,العليا,بلدية,بلدية العليا,True,False,لا يوجد,,0,,,False,none,,0,False
Data 2025.xlsx,8995,2025-10-04,2025-10,2025-W40,4,5,OOu-on-0549-R01,OOu-on-0549-R01,بصل مكرمل تشكن يلب,البصل (onions),onions,البصل (onions),produce,شركة النحلات الثلاثة الفندقية مساهمة مقفلة - حي الملك فهد,شركة النحلات الثلاثة الفندقية مساهمة مقفلة,حي الملك فهد,شركة النحلات الثلاثة الفندقية مساهمة مقفلة - حي الملك فهد,العليا,بلدية,بلدية العليا,True,False,لا يوجد,,0,,,False,none,,16,True
Data 2025.xlsx,8958,2025-10-04,2025-10,2025-W40,4,5,co-0616-r01,co-0616-R01,دجاج مشوي شيت نت,"لحم الدواجن المطبوخ ، والمجمد ليتم تسخينه قبل الأكل (Cooked poultry meat ,frozen to be reheated before eating)","Cooked poultry meat ,frozen to be reheated before eating","لحم الدواجن المطبوخ ، والمجمد ليتم تسخينه قبل الأكل (Cooked poultry meat ,frozen to be reheated before eating)",cooked_meat_poultry,شركة النحلات الثلاثة الفندقية مساهمة مقفلة - حي الملك فهد,شركة النحلات الثلاثة الفندقية مساهمة مقفلة,حي الملك فهد,شركة النحلات الثلاثة الفندقية مساهمة مقفلة - حي الملك فهد,العليا,بلدية,بلدية العليا,True,False,لا يوجد,,0,,,False,none,,0,False
Data 2025.xlsx,8967,2025-10-04,2025-10,2025-W40,4,5,co-0617-r01,co-0617-R01,سلطة كوسلو فيروز جاردن,الملفوف (cabbage),cabbage,(الكولسلو (الملفوف (Coleslaw) (cabbage),produce,شركة النحلات الثلاثة الفندقية مساهمة مقفلة - حي الملك فهد,شركة النحلات الثلاثة الفندقية مساهمة مقفلة,حي الملك فهد,شركة النحلات الثلاثة الفندقية مساهمة مقفلة - حي الملك فهد,العليا,بلدية,بلدية العليا,False,True,العد الكلي للبكتيريا | استافيلوكوكس اورياس,العد الكلي للبكتيريا | استافيلوكوكس اورياس,2,استافيلوكوكس اورياس,العد الكلي للبكتيريا,True,pathogen,category_merged_to_canonical,5,True
Data 2025.xlsx,8972,2025-10-04,2025-10,2025-W40,4,5,co-0618-r01,co-0618-R01,سلطة ملفوف فيروز جاردن,الملفوف (cabbage),cabbage,(الكولسلو (الملفوف (Coleslaw) (cabbage),produce,شركة النحلات الثلاثة الفندقية مساهمة مقفلة - حي الملك فهد,شركة النحلات الثلاثة الفندقية مساهمة مقفلة,حي الملك فهد,شركة النحلات الثلاثة الفندقية مساهمة مقفلة - حي الملك فهد,العليا,بلدية,بلدية العليا,True,False,لا يوجد,,0,,,False,none,category_merged_to_canonical,8,True
Data 2025.xlsx,8993,2025-10-04,2025-10,2025-W40,4,5,co-0619-r01,co-0619-R01,سلطة ملفوف تشكن يلب,الملفوف (cabbage),cabbage,(الكولسلو (الملفوف (Coleslaw) (cabbage),produce,شركة النحلات الثلاثة الفندقية مساهمة مقفلة - حي الملك فهد,شركة النحلات الثلاثة الفندقية مساهمة مقفلة,حي الملك فهد,شركة النحلات الثلاثة الفندقية مساهمة مقفلة - حي الملك فهد,العليا,بلدية,بلدية العليا,False,True,استافيلوكوكس اورياس,استافيلوكوكس اورياس,1,استافيلوكوكس اورياس,,True,pathogen,category_merged_to_canonical,16,True
Data 2025.xlsx,8979,2025-10-04,2025-10,2025-W40,4,5,coff-0943-r01,Coff-0943-R01,قهوة باردة سورس,القهوة ومشتقاتها (Coffee and derivatives),Coffee and derivatives,القهوة ومشتقاتها (Coffee and derivatives),beverage,شركة النحلات الثلاثة الفندقية مساهمة مقفلة - حي الملك فهد,شركة النحلات الثلاثة الفندقية مساهمة مقفلة,حي الملك فهد,شركة النحلات الثلاثة الفندقية مساهمة مقفلة - حي الملك فهد,العليا,بلدية,بلدية العليا,True,False,لا يوجد,,0,,,False,none,,11,True
Data 2025.xlsx,8975,2025-10-04,2025-10,2025-W40,4,5,fermintedmilk-0008-r01,Fermintedmilk-0008-R01,لبنة تركية فيروز جاردن,"Fermented milk products , منتجات الحليب المخمرة",Fermented milk products,"Fermented milk products , منتجات الحليب المخمرة",dairy,شركة النحلات الثلاثة الفندقية مساهمة مقفلة - حي الملك فهد,شركة النحلات الثلاثة الفندقية مساهمة مقفلة,حي الملك فهد,شركة النحلات الثلاثة الفندقية مساهمة مقفلة - حي الملك فهد,العليا,بلدية,بلدية العليا,False,True,الخمائر والاعفان,الخمائر والاعفان,1,,الخمائر والاعفان,False,indicator_only,,10,True
Data 2025.xlsx,8953,2025-10-04,2025-10,2025-W40,4,5,fr-0110-r01,fr-0110-R01,سلطة زيتون شيت نت,فواكه و خضروات طازجة (Fresh fruits and vegetables ),Fresh fruits and vegetables,فواكه و خضروات طازجة (Fresh fruits and vegetables ),produce,شركة النحلات الثلاثة الفندقية مساهمة مقفلة - حي الملك فهد,شركة النحلات الثلاثة الفندقية مساهمة مقفلة,حي الملك فهد,شركة النحلات الثلاثة الفندقية مساهمة مقفلة - حي الملك فهد,العليا,بلدية,بلدية العليا,True,False,لا يوجد,,0,,,False,none,,0,False
Data 2025.xlsx,8986,2025-10-04,2025-10,2025-W40,4,5,he-0001-r01,he-0001-R01,مشروب كركدية سورس,الأعشاب المجففة (Dried herbs ),Dried herbs,الأعشاب المجففة (Dried herbs ),produce,شركة النحلات الثلاثة الفندقية مساهمة مقفلة - حي الملك فهد,شركة النحلات الثلاثة الفندقية مساهمة مقفلة,حي الملك فهد,شركة النحلات الثلاثة الفندقية مساهمة مقفلة - حي الملك فهد,العليا,بلدية,بلدية العليا,False,True,العد الكلي للبكتيريا | الخمائر والاعفان,العد الكلي للبكتيريا | الخمائر والاعفان,2,,العد الكلي للبكتيريا | الخمائر والاعفان,False,indicator_only,,12,True
Data 2025.xlsx,8988,2025-10-04,2025-10,2025-W40,4,5,ho-0249-r01,ho-0249-R01,عسل سورس,(Honey) عسل النحل,Honey,(Honey) عسل النحل,sweets_bakery,شركة النحلات الثلاثة الفندقية مساهمة مقفلة - حي الملك فهد,شركة النحلات الثلاثة الفندقية مساهمة مقفلة,حي الملك فهد,شركة النحلات الثلاثة الفندقية مساهمة مقفلة - حي الملك فهد,العليا,بلدية,بلدية العليا,True,False,لا يوجد,,0,,,False,none,,12,True
Data 2025.xlsx,8951,2025-10-04,2025-10,2025-W40,4,5,homo-0499-r01,homo-0499-R01,حمص رمان شيت نت,"الحمص Homous , Tzatziki and other dips","Homous , Tzatziki and other dips","الحمص Homous , Tzatziki and other dips",prepared_meal,شركة النحلات الثلاثة الفندقية مساهمة مقفلة - حي الملك فهد,شركة النحلات الثلاثة الفندقية مساهمة مقفلة,حي الملك فهد,شركة النحلات الثلاثة الفندقية مساهمة مقفلة - حي الملك فهد,العليا,بلدية,بلدية العليا,True,False,لا يوجد,,0,,,False,none,,0,False
Data 2025.xlsx,8987,2025-10-04,2025-10,2025-W40,4,5,icecrea-0150-r01,icecrea-0150-R01,ايس كريم فانيلا سورس,(ice cream) ايسكريم,ice cream,(ice cream) ايسكريم,dairy,شركة النحلات الثلاثة الفندقية مساهمة مقفلة - حي الملك فهد,شركة النحلات الثلاثة الفندقية مساهمة مقفلة,حي الملك فهد,شركة النحلات الثلاثة الفندقية مساهمة مقفلة - حي الملك فهد,العليا,بلدية,بلدية العليا,True,False,لا يوجد,,0,,,False,none,,12,True
Data 2025.xlsx,8956,2025-10-04,2025-10,2025-W40,4,5,pick-0550-r01,Pick-0550-R01,مخلل خيار شيت نت,المخلل (Pickle),Pickle,المخلل (Pickle),sauce_condiment,شركة النحلات الثلاثة الفندقية مساهمة مقفلة - حي الملك فهد,شركة النحلات الثلاثة الفندقية مساهمة مقفلة,حي الملك فهد,شركة النحلات الثلاثة الفندقية مساهمة مقفلة - حي الملك فهد,العليا,بلدية,بلدية العليا,True,False,لا يوجد,,0,,,False,none,,0,False
Data 2025.xlsx,8970,2025-10-04,2025-10,2025-W40,4,5,pick-0551-r01,Pick-0551-R01,مخلل خيار فيروز جاردن,المخلل (Pickle),Pickle,المخلل (Pickle),sauce_condiment,شركة النحلات الثلاثة الفندقية مساهمة مقفلة - حي الملك فهد,شركة النحلات الثلاثة الفندقية مساهمة مقفلة,حي الملك فهد,شركة النحلات الثلاثة الفندقية مساهمة مقفلة - حي الملك فهد,العليا,بلدية,بلدية العليا,False,True,خمائر,الخمائر والاعفان,1,,الخمائر والاعفان,False,indicator_only,,8,True
Data 2025.xlsx,8994,2025-10-04,2025-10,2025-W40,4,5,pick-0552-r01,Pick-0552-R01,مخلل خيار تشكن يلب,المخلل (Pickle),Pickle,المخلل (Pickle),sauce_condiment,شركة النحلات الثلاثة الفندقية مساهمة مقفلة - حي الملك فهد,شركة النحلات الثلاثة الفندقية مساهمة مقفلة,حي الملك فهد,شركة النحلات الثلاثة الفندقية مساهمة مقفلة - حي الملك فهد,العليا,بلدية,بلدية العليا,True,False,لا يوجد,,0,,,False,none,,16,True
Data 2025.xlsx,8983,2025-10-04,2025-10,2025-W40,4,5,pu-0001-r01,pu-0001-R01,كورن فلكس سورس,"رقائق ومنتفخات الحبوب (Puffed , flaked cereal products )","Puffed , flaked cereal products","رقائق ومنتفخات الحبوب (Puffed , flaked cereal products )",produce,شركة النحلات الثلاثة الفندقية مساهمة مقفلة - حي الملك فهد,شركة النحلات الثلاثة الفندقية مساهمة مقفلة,حي الملك فهد,شركة النحلات الثلاثة الفندقية مساهمة مقفلة - حي الملك فهد,العليا,بلدية,بلدية العليا,True,False,لا يوجد,,0,,,False,none,,11,True
Data 2025.xlsx,8976,2025-10-04,2025-10,2025-W40,4,5,raw-0514-r01,Raw-0514-R01,مرتديلا دجاج مدخن تركي فيروز جاردن,لحم دواجن معامل بالتمليح مع التدخين (Poultry meat plants by salting with smoking),Poultry meat plants by salting with smoking,لحم دواجن معامل بالتمليح مع التدخين (Poultry meat plants by salting with smoking),cooked_meat_poultry,شركة النحلات الثلاثة الفندقية مساهمة مقفلة - حي الملك فهد,شركة النحلات الثلاثة الفندقية مساهمة مقفلة,حي الملك فهد,شركة النحلات الثلاثة الفندقية مساهمة مقفلة - حي الملك فهد,العليا,بلدية,بلدية العليا,False,True,العد الكلي للبكتيريا,العد الكلي للبكتيريا,1,,العد الكلي للبكتيريا,False,indicator_only,,11,True
Data 2025.xlsx,8965,2025-10-04,2025-10,2025-W40,4,5,sal-1649-r01,Sal-1649-R01,سلطة تونة فيروز جاردن,السلطة(Salad),Salad,السلطة(Salad),produce,شركة النحلات الثلاثة الفندقية مساهمة مقفلة - حي الملك فهد,شركة النحلات الثلاثة الفندقية مساهمة مقفلة,حي الملك فهد,شركة النحلات الثلاثة الفندقية مساهمة مقفلة - حي الملك فهد,العليا,بلدية,بلدية العليا,True,False,لا يوجد,,0,,,False,none,,3,True
Data 2025.xlsx,8968,2025-10-04,2025-10,2025-W40,4,5,sal-1650-r01,Sal-1650-R01,سلطة فلافل فيروز جاردن,السلطة(Salad),Salad,السلطة(Salad),produce,شركة النحلات الثلاثة الفندقية مساهمة مقفلة - حي الملك فهد,شركة النحلات الثلاثة الفندقية مساهمة مقفلة,حي الملك فهد,شركة النحلات الثلاثة الفندقية مساهمة مقفلة - حي الملك فهد,العليا,بلدية,بلدية العليا,False,True,العد الكلي للبكتيريا,العد الكلي للبكتيريا,1,,العد الكلي للبكتيريا,False,indicator_only,,6,True
Data 2025.xlsx,8969,2025-10-04,2025-10,2025-W40,4,5,sal-1651-r01,Sal-1651-R01,سلطة شاورما فيروز جاردن,السلطة(Salad),Salad,السلطة(Salad),produce,شركة النحلات الثلاثة الفندقية مساهمة مقفلة - حي الملك فهد,شركة النحلات الثلاثة الفندقية مساهمة مقفلة,حي الملك فهد,شركة النحلات الثلاثة الفندقية مساهمة مقفلة - حي الملك فهد,العليا,بلدية,بلدية العليا,False,True,استافيلوكوكس اورياس,استافيلوكوكس اورياس,1,استافيلوكوكس اورياس,,True,pathogen,,7,True
Data 2025.xlsx,8973,2025-10-04,2025-10,2025-W40,4,5,sal-1652-r01,Sal-1652-R01,سلطة بيقو ديقالو فيروز جاردن,السلطة(Salad),Salad,السلطة(Salad),produce,شركة النحلات الثلاثة الفندقية مساهمة مقفلة - حي الملك فهد,شركة النحلات الثلاثة الفندقية مساهمة مقفلة,حي الملك فهد,شركة النحلات الثلاثة الفندقية مساهمة مقفلة - حي الملك فهد,العليا,بلدية,بلدية العليا,True,False,لا يوجد,,0,,,False,none,,8,True
Data 2025.xlsx,8959,2025-10-04,2025-10,2025-W40,4,5,sau-2480-r01,sau-2480-R01,صوص سبايسي فيروز جاردن,صوص (sauce),sauce,صوص (sauce),sauce_condiment,شركة النحلات الثلاثة الفندقية مساهمة مقفلة - حي الملك فهد,شركة النحلات الثلاثة الفندقية مساهمة مقفلة,حي الملك فهد,شركة النحلات الثلاثة الفندقية مساهمة مقفلة - حي الملك فهد,العليا,بلدية,بلدية العليا,True,False,لا يوجد,,0,,,False,none,,0,False
Data 2025.xlsx,8960,2025-10-04,2025-10,2025-W40,4,5,sau-2481-r01,sau-2481-R01,صوص افوكادو كريم فيروز جاردن,صوص (sauce),sauce,صوص (sauce),sauce_condiment,شركة النحلات الثلاثة الفندقية مساهمة مقفلة - حي الملك فهد,شركة النحلات الثلاثة الفندقية مساهمة مقفلة,حي الملك فهد,شركة النحلات الثلاثة الفندقية مساهمة مقفلة - حي الملك فهد,العليا,بلدية,بلدية العليا,False,True,الخمائر والاعفان,الخمائر والاعفان,1,,الخمائر والاعفان,False,indicator_only,,1,False
Data 2025.xlsx,8961,2025-10-04,2025-10,2025-W40,4,5,sau-2482-r01,sau-2482-R01,صوص بيستو فيروز جاردن,صوص (sauce),sauce,صوص (sauce),sauce_condiment,شركة النحلات الثلاثة الفندقية مساهمة مقفلة - حي الملك فهد,شركة النحلات الثلاثة الفندقية مساهمة مقفلة,حي الملك فهد,شركة النحلات الثلاثة الفندقية مساهمة مقفلة - حي الملك فهد,العليا,بلدية,بلدية العليا,False,True,العد الكلي للبكتيريا,العد الكلي للبكتيريا,1,,العد الكلي للبكتيريا,False,indicator_only,,2,True
Data 2025.xlsx,8962,2025-10-04,2025-10,2025-W40,4,5,sau-2483-r01,sau-2483-R01,صوص مابوش مايو فيروز جاردن,صوص (sauce),sauce,صوص (sauce),sauce_condiment,شركة النحلات الثلاثة الفندقية مساهمة مقفلة - حي الملك فهد,شركة النحلات الثلاثة الفندقية مساهمة مقفلة,حي الملك فهد,شركة النحلات الثلاثة الفندقية مساهمة مقفلة - حي الملك فهد,العليا,بلدية,بلدية العليا,False,True,العد الكلي للبكتيريا,العد الكلي للبكتيريا,1,,العد الكلي للبكتيريا,False,indicator_only,,3,True
Data 2025.xlsx,8963,2025-10-04,2025-10,2025-W40,4,5,sau-2484-r01,sau-2484-R01,صوص ثوم فيروز جاردن,صوص (sauce),sauce,صوص (sauce),sauce_condiment,شركة النحلات الثلاثة الفندقية مساهمة مقفلة - حي الملك فهد,شركة النحلات الثلاثة الفندقية مساهمة مقفلة,حي الملك فهد,شركة النحلات الثلاثة الفندقية مساهمة مقفلة - حي الملك فهد,العليا,بلدية,بلدية العليا,True,False,لا يوجد,,0,,,False,none,,3,True
Data 2025.xlsx,8964,2025-10-04,2025-10,2025-W40,4,5,sau-2485-r01,sau-2485-R01,صوص مايونيز فيروز جاردن,صوص (sauce),sauce,صوص (sauce),sauce_condiment,شركة النحلات الثلاثة الفندقية مساهمة مقفلة - حي الملك فهد,شركة النحلات الثلاثة الفندقية مساهمة مقفلة,حي الملك فهد,شركة النحلات الثلاثة الفندقية مساهمة مقفلة - حي الملك فهد,العليا,بلدية,بلدية العليا,True,False,لا يوجد,,0,,,False,none,,3,True
Data 2025.xlsx,8980,2025-10-04,2025-10,2025-W40,4,5,sau-2486-r01,sau-2486-R01,صوص كراميل سورس,صوص (sauce),sauce,صوص (sauce),sauce_condiment,شركة النحلات الثلاثة الفندقية مساهمة مقفلة - حي الملك فهد,شركة النحلات الثلاثة الفندقية مساهمة مقفلة,حي الملك فهد,شركة النحلات الثلاثة الفندقية مساهمة مقفلة - حي الملك فهد,العليا,بلدية,بلدية العليا,True,False,لا يوجد,,0,,,False,none,,11,True
Data 2025.xlsx,8981,2025-10-04,2025-10,2025-W40,4,5,sau-2487-r01,sau-2487-R01,صوص نوتيلا سورس,صوص (sauce),sauce,صوص (sauce),sauce_condiment,شركة النحلات الثلاثة الفندقية مساهمة مقفلة - حي الملك فهد,شركة النحلات الثلاثة الفندقية مساهمة مقفلة,حي الملك فهد,شركة النحلات الثلاثة الفندقية مساهمة مقفلة - حي الملك فهد,العليا,بلدية,بلدية العليا,True,False,لا يوجد,,0,,,False,none,,11,True
Data 2025.xlsx,8982,2025-10-04,2025-10,2025-W40,4,5,sau-2488-r01,sau-2488-R01,صوص كيندر سورس,صوص (sauce),sauce,صوص (sauce),sauce_condiment,شركة النحلات الثلاثة الفندقية مساهمة مقفلة - حي الملك فهد,شركة النحلات الثلاثة الفندقية مساهمة مقفلة,حي الملك فهد,شركة النحلات الثلاثة الفندقية مساهمة مقفلة - حي الملك فهد,العليا,بلدية,بلدية العليا,True,False,لا يوجد,,0,,,False,none,,11,True
Data 2025.xlsx,8990,2025-10-04,2025-10,2025-W40,4,5,sau-2489-r01,sau-2489-R01,صوص رانش تشكن يلب,صوص (sauce),sauce,صوص (sauce),sauce_condiment,شركة النحلات الثلاثة الفندقية مساهمة مقفلة - حي الملك فهد,شركة النحلات الثلاثة الفندقية مساهمة مقفلة,حي الملك فهد,شركة النحلات الثلاثة الفندقية مساهمة مقفلة - حي الملك فهد,العليا,بلدية,بلدية العليا,False,True,العد الكلي للبكتيريا | الخمائر والاعفان,العد الكلي للبكتيريا | الخمائر والاعفان,2,,العد الكلي للبكتيريا | الخمائر والاعفان,False,indicator_only,,14,True
Data 2025.xlsx,8991,2025-10-04,2025-10,2025-W40,4,5,sau-2490-r01,sau-2490-R01,صوص مايونيز تشكن يلب,صوص (sauce),sauce,صوص (sauce),sauce_condiment,شركة النحلات الثلاثة الفندقية مساهمة مقفلة - حي الملك فهد,شركة النحلات الثلاثة الفندقية مساهمة مقفلة,حي الملك فهد,شركة النحلات الثلاثة الفندقية مساهمة مقفلة - حي الملك فهد,العليا,بلدية,بلدية العليا,True,False,لا يوجد,,0,,,False,none,,14,True
Data 2025.xlsx,8992,2025-10-04,2025-10,2025-W40,4,5,sau-2491-r01,sau-2491-R01,صوص تكا تشكن يلب,صوص (sauce),sauce,صوص (sauce),sauce_condiment,شركة النحلات الثلاثة الفندقية مساهمة مقفلة - حي الملك فهد,شركة النحلات الثلاثة الفندقية مساهمة مقفلة,حي الملك فهد,شركة النحلات الثلاثة الفندقية مساهمة مقفلة - حي الملك فهد,العليا,بلدية,بلدية العليا,False,True,العد الكلي للبكتيريا,العد الكلي للبكتيريا,1,,العد الكلي للبكتيريا,False,indicator_only,,15,True
Data 2025.xlsx,8996,2025-10-04,2025-10,2025-W40,4,5,sau-2492-r01,sau-2492-R01,صوص الشوي تشكن يلب,صوص (sauce),sauce,صوص (sauce),sauce_condiment,شركة النحلات الثلاثة الفندقية مساهمة مقفلة - حي الملك فهد,شركة النحلات الثلاثة الفندقية مساهمة مقفلة,حي الملك فهد,شركة النحلات الثلاثة الفندقية مساهمة مقفلة - حي الملك فهد,العليا,بلدية,بلدية العليا,True,False,لا يوجد,,0,,,False,none,,16,True
Data 2025.xlsx,8949,2025-10-04,2025-10,2025-W40,4,5,so-0002-r01,SO-0002-R01,فيتا ديب شيت نت,(Soft Cheese) جبن طري / جبن سائل,Soft Cheese,(Soft Cheese) جبن طري / جبن سائل,dairy,شركة النحلات الثلاثة الفندقية مساهمة مقفلة - حي الملك فهد,شركة النحلات الثلاثة الفندقية مساهمة مقفلة,حي الملك فهد,شركة النحلات الثلاثة الفندقية مساهمة مقفلة - حي الملك فهد,العليا,بلدية,بلدية العليا,True,False,لا يوجد,,0,,,False,none,,0,False
Data 2025.xlsx,8950,2025-10-04,2025-10,2025-W40,4,5,so-0003-r01,SO-0003-R01,فيتا شيز شيت نت,(Soft Cheese) جبن طري / جبن سائل,Soft Cheese,(Soft Cheese) جبن طري / جبن سائل,dairy,شركة النحلات الثلاثة الفندقية مساهمة مقفلة - حي الملك فهد,شركة النحلات الثلاثة الفندقية مساهمة مقفلة,حي الملك فهد,شركة النحلات الثلاثة الفندقية مساهمة مقفلة - حي الملك فهد,العليا,بلدية,بلدية العليا,True,False,لا يوجد,,0,,,False,none,,0,False
Data 2025.xlsx,8952,2025-10-04,2025-10,2025-W40,4,5,so-0004-r01-b,SO-0004-R01,هريسة فيتا جبن شيت نت,(Soft Cheese) جبن طري / جبن سائل,Soft Cheese,(Soft Cheese) جبن طري / جبن سائل,dairy,شركة النحلات الثلاثة الفندقية مساهمة مقفلة - حي الملك فهد,شركة النحلات الثلاثة الفندقية مساهمة مقفلة,حي الملك فهد,شركة النحلات الثلاثة الفندقية مساهمة مقفلة - حي الملك فهد,العليا,بلدية,بلدية العليا,True,False,لا يوجد,,0,,,False,none,sample_id_collision,0,False
Data 2025.xlsx,8966,2025-10-04,2025-10,2025-W40,4,5,so-0005-r01-b,SO-0005-R01,جبنة مو زاريلا مكورة فيروز جاردن,(Soft Cheese) جبن طري / جبن سائل,Soft Cheese,(Soft Cheese) جبن طري / جبن سائل,dairy,شركة النحلات الثلاثة الفندقية مساهمة مقفلة - حي الملك فهد,شركة النحلات الثلاثة الفندقية مساهمة مقفلة,حي الملك فهد,شركة النحلات الثلاثة الفندقية مساهمة مقفلة - حي الملك فهد,العليا,بلدية,بلدية العليا,False,True,استافيلوكوكس اورياس,استافيلوكوكس اورياس,1,استافيلوكوكس اورياس,,True,pathogen,sample_id_collision,4,True
Data 2025.xlsx,8977,2025-10-04,2025-10,2025-W40,4,5,so-0006-r01,SO-0006-R01,جبن ماي تشيدر فيروز جاردن,(Soft Cheese) جبن طري / جبن سائل,Soft Cheese,(Soft Cheese) جبن طري / جبن سائل,dairy,شركة النحلات الثلاثة الفندقية مساهمة مقفلة - حي الملك فهد,شركة النحلات الثلاثة الفندقية مساهمة مقفلة,حي الملك فهد,شركة النحلات الثلاثة الفندقية مساهمة مقفلة - حي الملك فهد,العليا,بلدية,بلدية العليا,True,False,لا يوجد,,0,,,False,none,,11,True
Data 2025.xlsx,8978,2025-10-04,2025-10,2025-W40,4,5,sweet-1494-r01,sweet-1494-R01,تشيز كيك ديلسي سورس,الحلا(sweetness),sweetness,الحلا(sweetness),sweets_bakery,شركة النحلات الثلاثة الفندقية مساهمة مقفلة - حي الملك فهد,شركة النحلات الثلاثة الفندقية مساهمة مقفلة,حي الملك فهد,شركة النحلات الثلاثة الفندقية مساهمة مقفلة - حي الملك فهد,العليا,بلدية,بلدية العليا,True,False,لا يوجد,,0,,,False,none,,11,True
Data 2025.xlsx,8989,2025-10-04,2025-10,2025-W40,4,5,sweet-1495-r01,sweet-1495-R01,حلا تراميسو سورس,الحلا(sweetness),sweetness,الحلا(sweetness),sweets_bakery,شركة النحلات الثلاثة الفندقية مساهمة مقفلة - حي الملك فهد,شركة النحلات الثلاثة الفندقية مساهمة مقفلة,حي الملك فهد,شركة النحلات الثلاثة الفندقية مساهمة مقفلة - حي الملك فهد,العليا,بلدية,بلدية العليا,False,True,العد الكلي للبكتيريا | استافيلوكوكس اورياس,العد الكلي للبكتيريا | استافيلوكوكس اورياس,2,استافيلوكوكس اورياس,العد الكلي للبكتيريا,True,pathogen,,13,True
Data 2025.xlsx,8997,2025-10-04,2025-10,2025-W40,4,5,ubot-1100-r01,Ubot-1100-R01,مياه غسيل ادوات لجميع الفروع,المياه الغير معبأة (Unbottled water),Unbottled water,المياه الغير المعبأة (Unbottled water),water,شركة النحلات الثلاثة الفندقية مساهمة مقفلة - حي الملك فهد,شركة النحلات الثلاثة الفندقية مساهمة مقفلة,حي الملك فهد,شركة النحلات الثلاثة الفندقية مساهمة مقفلة - حي الملك فهد,العليا,بلدية,بلدية العليا,True,False,لا يوجد,,0,,,False,none,category_merged_to_canonical,16,True
Data 2025.xlsx,8998,2025-10-04,2025-10,2025-W40,4,5,ubot-1101-r01,Ubot-1101-R01,مياه غسيل ارضيات,المياه الغير معبأة (Unbottled water),Unbottled water,المياه الغير المعبأة (Unbottled water),water,شركة النحلات الثلاثة الفندقية مساهمة مقفلة - حي الملك فهد,شركة النحلات الثلاثة الفندقية مساهمة مقفلة,حي الملك فهد,شركة النحلات الثلاثة الفندقية مساهمة مقفلة - حي الملك فهد,العليا,بلدية,بلدية العليا,True,False,لا يوجد,,0,,,False,none,category_merged_to_canonical,16,True
Data 2025.xlsx,8971,2025-10-04,2025-10,2025-W40,4,5,ve-0002-r01,ve-0002-R01,طماطم مجفف فيروز جاردن,خضروات جافة (Dried vegetables),Dried vegetables,خضروات جافة (Dried vegetables),produce,شركة النحلات الثلاثة الفندقية مساهمة مقفلة - حي الملك فهد,شركة النحلات الثلاثة الفندقية مساهمة مقفلة,حي الملك فهد,شركة النحلات الثلاثة الفندقية مساهمة مقفلة - حي الملك فهد,العليا,بلدية,بلدية العليا,True,False,لا يوجد,,0,,,False,none,,8,True
Data 2025.xlsx,9014,2025-10-05,2025-10,2025-W40,4,6,O-U-po-0230-R01,O-U-po-0230-R01,حب رمان,الرمان (pomegranate),pomegranate,الرمان (pomegranate),produce,مطاعم كوخ فلفلة - حي السليمانية,مطاعم كوخ فلفلة,حي السليمانية,مطاعم كوخ فلفلة - حي السليمانية,العليا,بلدية,بلدية العليا,True,False,لا يوجد,,0,,,False,none,,5,True
Data 2025.xlsx,4168,2025-10-05,2025-10,2025-W40,4,6,O-U-to-0613-R01,O-U-to-0613-R01,قطع طماطم,الطماطم (Tomatoes),Tomatoes,الطماطم (Tomatoes),produce,مطعم وردة,مطعم وردة,,مطعم وردة,المعذر,بلدية,بلدية المعذر,True,False,لا يوجد,,0,,,False,none,,0,False
Data 2025.xlsx,9004,2025-10-05,2025-10,2025-W40,4,6,O-U-to-0700-R01,O-U-to-0700-R01,شرائح طماطم,الطماطم (Tomatoes),Tomatoes,الطماطم (Tomatoes),produce,مطاعم كوخ فلفلة - حي السليمانية,مطاعم كوخ فلفلة,حي السليمانية,مطاعم كوخ فلفلة - حي السليمانية,العليا,بلدية,بلدية العليا,True,False,لا يوجد,,0,,,False,none,,3,True
Data 2025.xlsx,4161,2025-10-05,2025-10,2025-W40,4,6,O-r-O3-le-0337-R01,O-r-O3-le-0337-R01,قطع خس,الخس (Lettuce),Lettuce,الخس (Lettuce),produce,قصر الشوق,قصر الشوق,,قصر الشوق,المعذر,بلدية,بلدية المعذر,False,True,استافيلوكوكس اورياس,استافيلوكوكس اورياس,1,استافيلوكوكس اورياس,,True,pathogen,,4,True
Data 2025.xlsx,9009,2025-10-05,2025-10,2025-W40,4,6,O-r-O3-le-0385-R01,O-r-O3-le-0385-R01,قطع خس,الخس (Lettuce),Lettuce,الخس (Lettuce),produce,مطاعم كوخ فلفلة - حي السليمانية,مطاعم كوخ فلفلة,حي السليمانية,مطاعم كوخ فلفلة - حي السليمانية,العليا,بلدية,بلدية العليا,False,True,ايشيريشيا كولاي | استافيلوكوكس اورياس,ايشيريشيا كولاي | استافيلوكوكس اورياس,2,ايشيريشيا كولاي | استافيلوكوكس اورياس,,True,multi_pathogen,,5,True
Data 2025.xlsx,4153,2025-10-05,2025-10,2025-W40,4,6,OO-OSS-po-0382-R01,OO-OSS-po-0382-R01,بطاطس مسلوق,البطاطس (potatoes),potatoes,البطاطس (potatoes),produce,قصر الشوق,قصر الشوق,,قصر الشوق,المعذر,بلدية,بلدية المعذر,True,False,لا يوجد,,0,,,False,none,,0,False
Data 2025.xlsx,9021,2025-10-05,2025-10,2025-W40,4,6,OO-OSS-po-0457-R01,OO-OSS-po-0457-R01,بطاطس مقلي,البطاطس (potatoes),potatoes,البطاطس (potatoes),produce,مطاعم كوخ فلفلة - حي السليمانية,مطاعم كوخ فلفلة,حي السليمانية,مطاعم كوخ فلفلة - حي السليمانية,العليا,بلدية,بلدية العليا,True,False,لا يوجد,,0,,,False,none,,6,True
Data 2025.xlsx,4154,2025-10-05,2025-10,2025-W40,4,6,OOSS-eg-0338-R01,OOSS-eg-0338-R01,قطع باذنجان,الباذنجان (eggplant),eggplant,الباذنجان (eggplant),dairy,قصر الشوق,قصر الشوق,,قصر الشوق,المعذر,بلدية,بلدية المعذر,True,False,لا يوجد,,0,,,False,none,,0,False
Data 2025.xlsx,9015,2025-10-05,2025-10,2025-W40,4,6,OOSS-eg-0383-R01,OOSS-eg-0383-R01,قطع باذنجان مقلي,الباذنجان (eggplant),eggplant,الباذنجان (eggplant),dairy,مطاعم كوخ فلفلة - حي السليمانية,مطاعم كوخ فلفلة,حي السليمانية,مطاعم كوخ فلفلة - حي السليمانية,العليا,بلدية,بلدية العليا,True,False,لا يوجد,,0,,,False,none,,5,True
Data 2025.xlsx,4170,2025-10-05,2025-10,2025-W40,4,6,UO-ra-0100-R01,UO-ra-0100-R01,قطع فجل,الفجل (radishes),radishes,الفجل (radishes),produce,مطعم وردة,مطعم وردة,,مطعم وردة,المعذر,بلدية,بلدية المعذر,True,False,لا يوجد,,0,,,False,none,,0,False
Data 2025.xlsx,4169,2025-10-05,2025-10,2025-W40,4,6,UU-le-0419-R01,UU-le-0419-R01,قطع ليمون,الليمون (Lemons),Lemons,الليمون (Lemons),produce,مطعم وردة,مطعم وردة,,مطعم وردة,المعذر,بلدية,بلدية المعذر,True,False,لا يوجد,,0,,,False,none,,0,False
Data 2025.xlsx,4171,2025-10-05,2025-10,2025-W40,4,6,UU-pe-1194-R01,UU-pe-1194-R01,قطع فلفل حار احمر,الفلفل (peppers),peppers,الفلفل (peppers),produce,مطعم وردة,مطعم وردة,,مطعم وردة,المعذر,بلدية,بلدية المعذر,True,False,لا يوجد,,0,,,False,none,,0,False
Data 2025.xlsx,4156,2025-10-05,2025-10,2025-W40,4,6,appe-0455-r01,Appe-0455-R01,بابا غنوج,مقبلات (Appetizers),Appetizers,مقبلات (Appetizers),prepared_meal,قصر الشوق,قصر الشوق,,قصر الشوق,المعذر,بلدية,بلدية المعذر,True,False,لا يوجد,,0,,,False,none,,0,False
Data 2025.xlsx,4158,2025-10-05,2025-10,2025-W40,4,6,appe-0456-r01,Appe-0456-R01,متبل,مقبلات (Appetizers),Appetizers,مقبلات (Appetizers),prepared_meal,قصر الشوق,قصر الشوق,,قصر الشوق,المعذر,بلدية,بلدية المعذر,False,True,العد الكلي للبكتيريا,العد الكلي للبكتيريا,1,,العد الكلي للبكتيريا,False,indicator_only,,2,True
Data 2025.xlsx,9005,2025-10-05,2025-10,2025-W40,4,6,appe-0615-r01,Appe-0615-R01,حمص,مقبلات (Appetizers),Appetizers,مقبلات (Appetizers),prepared_meal,مطاعم كوخ فلفلة - حي السليمانية,مطاعم كوخ فلفلة,حي السليمانية,مطاعم كوخ فلفلة - حي السليمانية,العليا,بلدية,بلدية العليا,True,False,لا يوجد,,0,,,False,none,,3,True
Data 2025.xlsx,9010,2025-10-05,2025-10,2025-W40,4,6,appe-0616-r01,Appe-0616-R01,متبل شمندر,مقبلات (Appetizers),Appetizers,مقبلات (Appetizers),prepared_meal,مطاعم كوخ فلفلة - حي السليمانية,مطاعم كوخ فلفلة,حي السليمانية,مطاعم كوخ فلفلة - حي السليمانية,العليا,بلدية,بلدية العليا,True,False,لا يوجد,,0,,,False,none,,5,True
Data 2025.xlsx,9011,2025-10-05,2025-10,2025-W40,4,6,appe-0617-r01,Appe-0617-R01,كبة نية مقبلات,مقبلات (Appetizers),Appetizers,مقبلات (Appetizers),prepared_meal,مطاعم كوخ فلفلة - حي السليمانية,مطاعم كوخ فلفلة,حي السليمانية,مطاعم كوخ فلفلة - حي السليمانية,العليا,بلدية,بلدية العليا,True,False,لا يوجد,,0,,,False,none,,5,True
Data 2025.xlsx,4181,2025-10-05,2025-10,2025-W40,4,6,bre-0101-r01,bre-0101-R01,خبز بلدي,الخبز,,الخبز,sweets_bakery,مطعم وردة,مطعم وردة,,مطعم وردة,المعذر,بلدية,بلدية المعذر,True,False,لا يوجد,,0,,,False,none,,0,False
Data 2025.xlsx,9001,2025-10-05,2025-10,2025-W40,4,6,bri-0365-r01,bri-0365-R01,كرات لبنة,لبنة ( brick),brick,لبنة ( brick),dairy,مطاعم كوخ فلفلة - حي السليمانية,مطاعم كوخ فلفلة,حي السليمانية,مطاعم كوخ فلفلة - حي السليمانية,العليا,بلدية,بلدية العليا,False,True,الخمائر والاعفان,الخمائر والاعفان,1,,الخمائر والاعفان,False,indicator_only,,2,True
Data 2025.xlsx,4174,2025-10-05,2025-10,2025-W40,4,6,chee-0724-r01,Chee-0724-R01,جبنة بالفلفل,(cheese) جبنة,cheese,(cheese) جبنة,dairy,مطعم وردة,مطعم وردة,,مطعم وردة,المعذر,بلدية,بلدية المعذر,True,False,لا يوجد,,0,,,False,none,,0,False
Data 2025.xlsx,4175,2025-10-05,2025-10,2025-W40,4,6,chee-0725-r01,Chee-0725-R01,جبنة مش,(cheese) جبنة,cheese,(cheese) جبنة,dairy,مطعم وردة,مطعم وردة,,مطعم وردة,المعذر,بلدية,بلدية المعذر,True,False,لا يوجد,,0,,,False,none,,0,False
Data 2025.xlsx,9003,2025-10-05,2025-10,2025-W40,4,6,eggs-0110-r01,eggs-0110-R01,بيض مسلوق,البيض ومنتجاته ( eggs and products),eggs and products,البيض ومنتجاته ( eggs and products),dairy,مطاعم كوخ فلفلة - حي السليمانية,مطاعم كوخ فلفلة,حي السليمانية,مطاعم كوخ فلفلة - حي السليمانية,العليا,بلدية,بلدية العليا,False,True,انتيروباكتريسي,انتيروباكتريسي,1,,انتيروباكتريسي,False,indicator_only,,3,True
Data 2025.xlsx,9020,2025-10-05,2025-10,2025-W40,4,6,fala-0070-r01,Fala-0070-R01,فلافل,فلافل( falafil),falafil,فلافل( falafil),sweets_bakery,مطاعم كوخ فلفلة - حي السليمانية,مطاعم كوخ فلفلة,حي السليمانية,مطاعم كوخ فلفلة - حي السليمانية,العليا,بلدية,بلدية العليا,True,False,لا يوجد,,0,,,False,none,,6,True
Data 2025.xlsx,9012,2025-10-05,2025-10,2025-W40,4,6,gr-0211-r01,gr-0211-R01,ورق عنب,ورق عنب (Grape leaves),Grape leaves,ورق عنب (Grape leaves),produce,مطاعم كوخ فلفلة - حي السليمانية,مطاعم كوخ فلفلة,حي السليمانية,مطاعم كوخ فلفلة - حي السليمانية,العليا,بلدية,بلدية العليا,True,False,لا يوجد,,0,,,False,none,,5,True
Data 2025.xlsx,4178,2025-10-05,2025-10,2025-W40,4,6,ho-0226-r01,ho-0226-R01,عسل ابيض,(Honey) عسل النحل,Honey,(Honey) عسل النحل,sweets_bakery,مطعم وردة,مطعم وردة,,مطعم وردة,المعذر,بلدية,بلدية المعذر,True,False,لا يوجد,,0,,,False,none,,0,False
Data 2025.xlsx,4179,2025-10-05,2025-10,2025-W40,4,6,ho-0227-r01,ho-0227-R01,عسل اسود,(Honey) عسل النحل,Honey,(Honey) عسل النحل,sweets_bakery,مطعم وردة,مطعم وردة,,مطعم وردة,المعذر,بلدية,بلدية المعذر,True,False,لا يوجد,,0,,,False,none,,0,False
Data 2025.xlsx,9022,2025-10-05,2025-10,2025-W40,4,6,ho-0250-r01,ho-0250-R01,عسل,(Honey) عسل النحل,Honey,(Honey) عسل النحل,sweets_bakery,مطاعم كوخ فلفلة - حي السليمانية,مطاعم كوخ فلفلة,حي السليمانية,مطاعم كوخ فلفلة - حي السليمانية,العليا,بلدية,بلدية العليا,True,False,لا يوجد,,0,,,False,none,,6,True
Data 2025.xlsx,4157,2025-10-05,2025-10,2025-W40,4,6,homo-0439-r01,homo-0439-R01,حمص,"الحمص Homous , Tzatziki and other dips","Homous , Tzatziki and other dips","الحمص Homous , Tzatziki and other dips",prepared_meal,قصر الشوق,قصر الشوق,,قصر الشوق,المعذر,بلدية,بلدية المعذر,False,True,العد الكلي للبكتيريا,العد الكلي للبكتيريا,1,,العد الكلي للبكتيريا,False,indicator_only,,1,False
Data 2025.xlsx,4165,2025-10-05,2025-10,2025-W40,4,6,hs-0304-r01,HS-0304-R01,شطة,الشطة (Hot sauce),Hot sauce,الشطة (Hot sauce),sauce_condiment,قصر الشوق,قصر الشوق,,قصر الشوق,المعذر,بلدية,بلدية المعذر,True,False,لا يوجد,,0,,,False,none,,5,True
Data 2025.xlsx,9018,2025-10-05,2025-10,2025-W40,4,6,hs-0371-r01,HS-0371-R01,شطة شامية,الشطة (Hot sauce),Hot sauce,الشطة (Hot sauce),sauce_condiment,مطاعم كوخ فلفلة - حي السليمانية,مطاعم كوخ فلفلة,حي السليمانية,مطاعم كوخ فلفلة - حي السليمانية,العليا,بلدية,بلدية العليا,False,True,العد الكلي للبكتيريا,العد الكلي للبكتيريا,1,,العد الكلي للبكتيريا,False,indicator_only,,6,True
Data 2025.xlsx,4166,2025-10-05,2025-10,2025-W40,4,6,mola-0044-r01,mola-0044-R01,دبس الرمان,( Molasses) دبس,Molasses,( Molasses) دبس,sauce_condiment,قصر الشوق,قصر الشوق,,قصر الشوق,المعذر,بلدية,بلدية المعذر,True,False,لا يوجد,,0,,,False,none,,5,True
Data 2025.xlsx,9000,2025-10-05,2025-10,2025-W40,4,6,olv-0603-r01,olv-0603-R01,زيتون اخضر,الزيتون /Olive,Olive,الزيتون /Olive,produce,مطاعم كوخ فلفلة - حي السليمانية,مطاعم كوخ فلفلة,حي السليمانية,مطاعم كوخ فلفلة - حي السليمانية,العليا,بلدية,بلدية العليا,False,True,خمائر,الخمائر والاعفان,1,,الخمائر والاعفان,False,indicator_only,,1,False
Data 2025.xlsx,4159,2025-10-05,2025-10,2025-W40,4,6,pick-0409-r01,Pick-0409-R01,مخلل لفت,المخلل (Pickle),Pickle,المخلل (Pickle),sauce_condiment,قصر الشوق,قصر الشوق,,قصر الشوق,المعذر,بلدية,بلدية المعذر,True,False,لا يوجد,,0,,,False,none,,2,True
Data 2025.xlsx,4176,2025-10-05,2025-10,2025-W40,4,6,pick-0410-r01,Pick-0410-R01,مشكل مخلل,المخلل (Pickle),Pickle,المخلل (Pickle),sauce_condiment,مطعم وردة,مطعم وردة,,مطعم وردة,المعذر,بلدية,بلدية المعذر,True,False,لا يوجد,,0,,,False,none,,0,False
Data 2025.xlsx,8999,2025-10-05,2025-10,2025-W40,4,6,pick-0553-r01,Pick-0553-R01,مخلل مشكل,المخلل (Pickle),Pickle,المخلل (Pickle),sauce_condiment,مطاعم كوخ فلفلة - حي السليمانية,مطاعم كوخ فلفلة,حي السليمانية,مطاعم كوخ فلفلة - حي السليمانية,العليا,بلدية,بلدية العليا,True,False,لا يوجد,,0,,,False,none,,0,False
Data 2025.xlsx,9006,2025-10-05,2025-10,2025-W40,4,6,pick-0554-r01,Pick-0554-R01,مخلل لفت,المخلل (Pickle),Pickle,المخلل (Pickle),sauce_condiment,مطاعم كوخ فلفلة - حي السليمانية,مطاعم كوخ فلفلة,حي السليمانية,مطاعم كوخ فلفلة - حي السليمانية,العليا,بلدية,بلدية العليا,True,False,لا يوجد,,0,,,False,none,,3,True
Data 2025.xlsx,9007,2025-10-05,2025-10,2025-W40,4,6,pick-0555-r01,Pick-0555-R01,مخلل خيار,المخلل (Pickle),Pickle,المخلل (Pickle),sauce_condiment,مطاعم كوخ فلفلة - حي السليمانية,مطاعم كوخ فلفلة,حي السليمانية,مطاعم كوخ فلفلة - حي السليمانية,العليا,بلدية,بلدية العليا,False,True,خمائر,الخمائر والاعفان,1,,الخمائر والاعفان,False,indicator_only,,4,True
Data 2025.xlsx,4162,2025-10-05,2025-10,2025-W40,4,6,po-0113-r01,po-0113-R01,كباب دجاج (ني),الدجاج (Poultry),Poultry,الدجاج (Poultry),cooked_meat_poultry,قصر الشوق,قصر الشوق,,قصر الشوق,المعذر,بلدية,بلدية المعذر,True,False,لا يوجد,,0,,,False,none,,4,True
Data 2025.xlsx,4150,2025-10-05,2025-10,2025-W40,4,6,raw-0167-r01,Raw-0167-R01,لحم فخذ عجل بلدي,لحوم نيئة مبردة ومجمدة (Raw meat Cold or chilled ),Raw meat Cold or chilled,لحوم نيئة مبردة ومجمدة (Raw meat Cold or chilled ),raw_meat,ملحمة عريت دمشق,ملحمة عريت دمشق,,ملحمة عريت دمشق,الشمال,بلدية,بلدية الشمال,True,False,لا يوجد,,0,,,False,none,,0,False
Data 2025.xlsx,4151,2025-10-05,2025-10,2025-W40,4,6,raw-0168-r01,Raw-0168-R01,لحم رجل خروف باكستاني,لحوم نيئة مبردة ومجمدة (Raw meat Cold or chilled ),Raw meat Cold or chilled,لحوم نيئة مبردة ومجمدة (Raw meat Cold or chilled ),raw_meat,ملحمة عريت دمشق,ملحمة عريت دمشق,,ملحمة عريت دمشق,الشمال,بلدية,بلدية الشمال,True,False,لا يوجد,,0,,,False,none,,0,False
Data 2025.xlsx,4152,2025-10-05,2025-10,2025-W40,4,6,raw-0169-r01,Raw-0169-R01,كبدة غنم بلدي خروف اخر,لحوم نيئة مبردة ومجمدة (Raw meat Cold or chilled ),Raw meat Cold or chilled,لحوم نيئة مبردة ومجمدة (Raw meat Cold or chilled ),raw_meat,ملحمة عريت دمشق,ملحمة عريت دمشق,,ملحمة عريت دمشق,الشمال,بلدية,بلدية الشمال,True,False,لا يوجد,,0,,,False,none,,0,False
Data 2025.xlsx,4163,2025-10-05,2025-10,2025-W40,4,6,raw-0170-r01,Raw-0170-R01,كباب لحم (ني),لحوم نيئة مبردة ومجمدة (Raw meat Cold or chilled ),Raw meat Cold or chilled,لحوم نيئة مبردة ومجمدة (Raw meat Cold or chilled ),raw_meat,قصر الشوق,قصر الشوق,,قصر الشوق,المعذر,بلدية,بلدية المعذر,False,True,العد الكلي للبكتيريا,العد الكلي للبكتيريا,1,,العد الكلي للبكتيريا,False,indicator_only,,5,True
Data 2025.xlsx,4160,2025-10-05,2025-10,2025-W40,4,6,sal-1331-r01,Sal-1331-R01,سلطة مشاوي,السلطة(Salad),Salad,السلطة(Salad),produce,قصر الشوق,قصر الشوق,,قصر الشوق,المعذر,بلدية,بلدية المعذر,False,True,استافيلوكوكس اورياس,استافيلوكوكس اورياس,1,استافيلوكوكس اورياس,,True,pathogen,,3,True
Data 2025.xlsx,4172,2025-10-05,2025-10,2025-W40,4,6,sal-1332-r01,Sal-1332-R01,سلطة زبادي بالخيار,السلطة(Salad),Salad,السلطة(Salad),produce,مطعم وردة,مطعم وردة,,مطعم وردة,المعذر,بلدية,بلدية المعذر,True,False,لا يوجد,,0,,,False,none,,0,False
Data 2025.xlsx,4177,2025-10-05,2025-10,2025-W40,4,6,sal-1333-r01,Sal-1333-R01,سلطة خضراء,السلطة(Salad),Salad,السلطة(Salad),produce,مطعم وردة,مطعم وردة,,مطعم وردة,المعذر,بلدية,بلدية المعذر,True,False,لا يوجد,,0,,,False,none,,0,False
Data 2025.xlsx,9008,2025-10-05,2025-10,2025-W40,4,6,sal-1653-r01,Sal-1653-R01,قطع بصل ابيض مع فلفل رومي,السلطة(Salad),Salad,السلطة(Salad),produce,مطاعم كوخ فلفلة - حي السليمانية,مطاعم كوخ فلفلة,حي السليمانية,مطاعم كوخ فلفلة - حي السليمانية,العليا,بلدية,بلدية العليا,True,False,لا يوجد,,0,,,False,none,,4,True
Data 2025.xlsx,9013,2025-10-05,2025-10,2025-W40,4,6,sal-1654-r01,Sal-1654-R01,سلطة فتوش,السلطة(Salad),Salad,السلطة(Salad),produce,مطاعم كوخ فلفلة - حي السليمانية,مطاعم كوخ فلفلة,حي السليمانية,مطاعم كوخ فلفلة - حي السليمانية,العليا,بلدية,بلدية العليا,True,False,لا يوجد,,0,,,False,none,,5,True
Data 2025.xlsx,4155,2025-10-05,2025-10,2025-W40,4,6,sau-1651-r01,sau-1651-R01,صوص ثوم,صوص (sauce),sauce,صوص (sauce),sauce_condiment,قصر الشوق,قصر الشوق,,قصر الشوق,المعذر,بلدية,بلدية المعذر,True,False,لا يوجد,,0,,,False,none,,0,False
Data 2025.xlsx,4164,2025-10-05,2025-10,2025-W40,4,6,sau-1652-r01,sau-1652-R01,صوص كاتشب,صوص (sauce),sauce,صوص (sauce),sauce_condiment,قصر الشوق,قصر الشوق,,قصر الشوق,المعذر,بلدية,بلدية المعذر,True,False,لا يوجد,,0,,,False,none,,5,True
Data 2025.xlsx,4173,2025-10-05,2025-10,2025-W40,4,6,sau-1653-r01,sau-1653-R01,صوص هريس,صوص (sauce),sauce,صوص (sauce),sauce_condiment,مطعم وردة,مطعم وردة,,مطعم وردة,المعذر,بلدية,بلدية المعذر,True,False,لا يوجد,,0,,,False,none,,0,False
Data 2025.xlsx,4180,2025-10-05,2025-10,2025-W40,4,6,sau-1654-r01,sau-1654-R01,صوص دبس رمان,صوص (sauce),sauce,صوص (sauce),sauce_condiment,مطعم وردة,مطعم وردة,,مطعم وردة,المعذر,بلدية,بلدية المعذر,True,False,لا يوجد,,0,,,False,none,,0,False
Data 2025.xlsx,9002,2025-10-05,2025-10,2025-W40,4,6,sau-2493-r01,sau-2493-R01,صوص دبس رمان معلب,صوص (sauce),sauce,صوص (sauce),sauce_condiment,مطاعم كوخ فلفلة - حي السليمانية,مطاعم كوخ فلفلة,حي السليمانية,مطاعم كوخ فلفلة - حي السليمانية,العليا,بلدية,بلدية العليا,True,False,لا يوجد,,0,,,False,none,,2,True
Data 2025.xlsx,9016,2025-10-05,2025-10,2025-W40,4,6,sau-2494-r01,sau-2494-R01,صوص كاتشب,صوص (sauce),sauce,صوص (sauce),sauce_condiment,مطاعم كوخ فلفلة - حي السليمانية,مطاعم كوخ فلفلة,حي السليمانية,مطاعم كوخ فلفلة - حي السليمانية,العليا,بلدية,بلدية العليا,True,False,لا يوجد,,0,,,False,none,,5,True
Data 2025.xlsx,9017,2025-10-05,2025-10,2025-W40,4,6,sau-2495-r01,sau-2495-R01,صوص دبس رمان,صوص (sauce),sauce,صوص (sauce),sauce_condiment,مطاعم كوخ فلفلة - حي السليمانية,مطاعم كوخ فلفلة,حي السليمانية,مطاعم كوخ فلفلة - حي السليمانية,العليا,بلدية,بلدية العليا,True,False,لا يوجد,,0,,,False,none,,5,True
Data 2025.xlsx,9019,2025-10-05,2025-10,2025-W40,4,6,sau-2496-r01,sau-2496-R01,صوص شطة,صوص (sauce),sauce,صوص (sauce),sauce_condiment,مطاعم كوخ فلفلة - حي السليمانية,مطاعم كوخ فلفلة,حي السليمانية,مطاعم كوخ فلفلة - حي السليمانية,العليا,بلدية,بلدية العليا,True,False,لا يوجد,,0,,,False,none,,6,True
Data 2025.xlsx,4167,2025-10-05,2025-10,2025-W40,4,6,sw-3016-r01,sw-3016-R01,مسحة يد,(Swabs) المسحات,Swabs,(Swabs) المسحات,swab,قصر الشوق,قصر الشوق,,قصر الشوق,المعذر,بلدية,بلدية المعذر,True,False,لا يوجد,,0,,,False,none,,5,True
Data 2025.xlsx,4182,2025-10-05,2025-10,2025-W40,4,6,sw-3017-r01,sw-3017-R01,مسحة ثلاجة مقبلات,(Swabs) المسحات,Swabs,(Swabs) المسحات,swab,مطعم وردة,مطعم وردة,,مطعم وردة,المعذر,بلدية,بلدية المعذر,True,False,لا يوجد,,0,,,False,none,,0,False
Data 2025.xlsx,4183,2025-10-05,2025-10,2025-W40,4,6,sw-3018-r01,sw-3018-R01,مسحة ثلاجة مقبلات,(Swabs) المسحات,Swabs,(Swabs) المسحات,swab,مطعم وردة,مطعم وردة,,مطعم وردة,المعذر,بلدية,بلدية المعذر,True,False,لا يوجد,,0,,,False,none,,0,False
Data 2025.xlsx,9023,2025-10-05,2025-10,2025-W40,4,6,sw-3574-r01,sw-3574-R01,مسحة طاولة تقطيع خضار,(Swabs) المسحات,Swabs,(Swabs) المسحات,swab,مطاعم كوخ فلفلة - حي السليمانية,مطاعم كوخ فلفلة,حي السليمانية,مطاعم كوخ فلفلة - حي السليمانية,العليا,بلدية,بلدية العليا,False,True,العد الكلي للبكتيريا,العد الكلي للبكتيريا,1,,العد الكلي للبكتيريا,False,indicator_only,,7,True
Data 2025.xlsx,9024,2025-10-05,2025-10,2025-W40,4,6,sw-3575-r01,sw-3575-R01,مسحة طاولة تحضير,(Swabs) المسحات,Swabs,(Swabs) المسحات,swab,مطاعم كوخ فلفلة - حي السليمانية,مطاعم كوخ فلفلة,حي السليمانية,مطاعم كوخ فلفلة - حي السليمانية,العليا,بلدية,بلدية العليا,True,False,لا يوجد,,0,,,False,none,,7,True
Data 2025.xlsx,9025,2025-10-05,2025-10,2025-W40,4,6,sw-3576-r01,sw-3576-R01,مسحة ثلاجة اعداد,(Swabs) المسحات,Swabs,(Swabs) المسحات,swab,مطاعم كوخ فلفلة - حي السليمانية,مطاعم كوخ فلفلة,حي السليمانية,مطاعم كوخ فلفلة - حي السليمانية,العليا,بلدية,بلدية العليا,True,False,لا يوجد,,0,,,False,none,,7,True
Data 2025.xlsx,9026,2025-10-05,2025-10,2025-W40,4,6,sw-3577-r01,sw-3577-R01,مسحة ثلاجة تحضير,(Swabs) المسحات,Swabs,(Swabs) المسحات,swab,مطاعم كوخ فلفلة - حي السليمانية,مطاعم كوخ فلفلة,حي السليمانية,مطاعم كوخ فلفلة - حي السليمانية,العليا,بلدية,بلدية العليا,True,False,لا يوجد,,0,,,False,none,,7,True
Data 2025.xlsx,9027,2025-10-05,2025-10,2025-W40,4,6,sw-3578-r01,sw-3578-R01,مسحة حافظة فلافل,(Swabs) المسحات,Swabs,(Swabs) المسحات,swab,مطاعم كوخ فلفلة - حي السليمانية,مطاعم كوخ فلفلة,حي السليمانية,مطاعم كوخ فلفلة - حي السليمانية,العليا,بلدية,بلدية العليا,True,False,لا يوجد,,0,,,False,none,,7,True
Data 2025.xlsx,9028,2025-10-05,2025-10,2025-W40,4,6,sw-3579-r01,sw-3579-R01,مسحة صانعة ثلج,(Swabs) المسحات,Swabs,(Swabs) المسحات,swab,مطاعم كوخ فلفلة - حي السليمانية,مطاعم كوخ فلفلة,حي السليمانية,مطاعم كوخ فلفلة - حي السليمانية,العليا,بلدية,بلدية العليا,True,False,لا يوجد,,0,,,False,none,,7,True
Data 2025.xlsx,4184,2025-10-05,2025-10,2025-W40,4,6,ubot-0966-r01,Ubot-0966-R01,مياه حنفية لغسيل الادوات,المياه الغير معبأة (Unbottled water),Unbottled water,المياه الغير معبأة (Unbottled water),water,ملحمة عريت دمشق,ملحمة عريت دمشق,,ملحمة عريت دمشق,الشمال,بلدية,بلدية الشمال,True,False,لا يوجد,,0,,,False,none,,0,False
Data 2025.xlsx,9029,2025-10-05,2025-10,2025-W40,4,6,ubot-1102-r01,Ubot-1102-R01,مياه لتغسيل الادوات م ك,المياه الغير معبأة (Unbottled water),Unbottled water,المياه الغير المعبأة (Unbottled water),water,مطاعم كوخ فلفلة - حي السليمانية,مطاعم كوخ فلفلة,حي السليمانية,مطاعم كوخ فلفلة - حي السليمانية,العليا,بلدية,بلدية العليا,True,False,لا يوجد,,0,,,False,none,category_merged_to_canonical,7,True
Data 2025.xlsx,9046,2025-10-06,2025-10,2025-W41,4,0,1-3547-R01,1-3547-R01,مربى باذنجان,(jam) مربى,jam,(jam) مربى,sauce_condiment,درة الفيصل - حي السليمانية,درة الفيصل,حي السليمانية,درة الفيصل - حي السليمانية,العليا,بلدية,بلدية العليا,True,False,لا يوجد,,0,,,False,none,,12,True
Data 2025.xlsx,9047,2025-10-06,2025-10,2025-W41,4,0,1-3548-R01,1-3548-R01,مربى شكلين,(jam) مربى,jam,(jam) مربى,sauce_condiment,درة الفيصل - حي السليمانية,درة الفيصل,حي السليمانية,درة الفيصل - حي السليمانية,العليا,بلدية,بلدية العليا,True,False,لا يوجد,,0,,,False,none,,12,True
Data 2025.xlsx,9048,2025-10-06,2025-10,2025-W41,4,0,1-3549-R01,1-3549-R01,مربى مشمش,(jam) مربى,jam,(jam) مربى,sauce_condiment,درة الفيصل - حي السليمانية,درة الفيصل,حي السليمانية,درة الفيصل - حي السليمانية,العليا,بلدية,بلدية العليا,True,False,لا يوجد,,0,,,False,none,,12,True
Data 2025.xlsx,9049,2025-10-06,2025-10,2025-W41,4,0,1-3550-R01,1-3550-R01,مربى يقطين,(jam) مربى,jam,(jam) مربى,sauce_condiment,درة الفيصل - حي السليمانية,درة الفيصل,حي السليمانية,درة الفيصل - حي السليمانية,العليا,بلدية,بلدية العليا,True,False,لا يوجد,,0,,,False,none,,12,True
Data 2025.xlsx,9050,2025-10-06,2025-10,2025-W41,4,0,1-3551-R01,1-3551-R01,مربى تين شوكي,(jam) مربى,jam,(jam) مربى,sauce_condiment,درة الفيصل - حي السليمانية,درة الفيصل,حي السليمانية,درة الفيصل - حي السليمانية,العليا,بلدية,بلدية العليا,True,False,لا يوجد,,0,,,False,none,,12,True
Data 2025.xlsx,9051,2025-10-06,2025-10,2025-W41,4,0,1-3552-R01,1-3552-R01,مربى تين,(jam) مربى,jam,(jam) مربى,sauce_condiment,درة الفيصل - حي السليمانية,درة الفيصل,حي السليمانية,درة الفيصل - حي السليمانية,العليا,بلدية,بلدية العليا,True,False,لا يوجد,,0,,,False,none,,12,True
Data 2025.xlsx,9052,2025-10-06,2025-10,2025-W41,4,0,OOSS-eg-0385-R01,OOSS-eg-0385-R01,مكدوس باذنجان,الباذنجان (eggplant),eggplant,الباذنجان (eggplant),dairy,درة الفيصل - حي السليمانية,درة الفيصل,حي السليمانية,درة الفيصل - حي السليمانية,العليا,بلدية,بلدية العليا,True,False,لا يوجد,,0,,,False,none,,12,True
Data 2025.xlsx,9044,2025-10-06,2025-10,2025-W41,4,0,bri-0367-r01,bri-0367-R01,لبنة جرشية كرات,لبنة ( brick),brick,لبنة ( brick),dairy,درة الفيصل - حي السليمانية,درة الفيصل,حي السليمانية,درة الفيصل - حي السليمانية,العليا,بلدية,بلدية العليا,False,True,الخمائر والاعفان,الخمائر والاعفان,1,,الخمائر والاعفان,False,indicator_only,,11,True
Data 2025.xlsx,9054,2025-10-06,2025-10,2025-W41,4,0,chee-0874-r01,Chee-0874-R01,جبن شلل طابات,(cheese) جبنة,cheese,(cheese) جبنة,dairy,درة الفيصل - حي السليمانية,درة الفيصل,حي السليمانية,درة الفيصل - حي السليمانية,العليا,بلدية,بلدية العليا,True,False,لا يوجد,,0,,,False,none,,12,True
Data 2025.xlsx,9055,2025-10-06,2025-10,2025-W41,4,0,chee-0875-r01,Chee-0875-R01,جبن شلل فراشة,(cheese) جبنة,cheese,(cheese) جبنة,dairy,درة الفيصل - حي السليمانية,درة الفيصل,حي السليمانية,درة الفيصل - حي السليمانية,العليا,بلدية,بلدية العليا,True,False,لا يوجد,,0,,,False,none,,12,True
Data 2025.xlsx,9056,2025-10-06,2025-10,2025-W41,4,0,chee-0876-r01,Chee-0876-R01,جبن حلوم رول,(cheese) جبنة,cheese,(cheese) جبنة,dairy,درة الفيصل - حي السليمانية,درة الفيصل,حي السليمانية,درة الفيصل - حي السليمانية,العليا,بلدية,بلدية العليا,False,True,ايشيريشيا كولاي,ايشيريشيا كولاي,1,ايشيريشيا كولاي,,True,pathogen,,13,True
Data 2025.xlsx,9057,2025-10-06,2025-10,2025-W41,4,0,chee-0877-r01,Chee-0877-R01,جبن حلوم,(cheese) جبنة,cheese,(cheese) جبنة,dairy,درة الفيصل - حي السليمانية,درة الفيصل,حي السليمانية,درة الفيصل - حي السليمانية,العليا,بلدية,بلدية العليا,False,True,انتيروباكتريسي | ايشيريشيا كولاي,انتيروباكتريسي | ايشيريشيا كولاي,2,ايشيريشيا كولاي,انتيروباكتريسي,True,pathogen,,14,True
Data 2025.xlsx,9058,2025-10-06,2025-10,2025-W41,4,0,chee-0878-r01,Chee-0878-R01,جبنة مسنرة,(cheese) جبنة,cheese,(cheese) جبنة,dairy,درة الفيصل - حي السليمانية,درة الفيصل,حي السليمانية,درة الفيصل - حي السليمانية,العليا,بلدية,بلدية العليا,False,True,انتيروباكتريسي | ايشيريشيا كولاي | استافيلوكوكس اورياس,انتيروباكتريسي | ايشيريشيا كولاي | استافيلوكوكس اورياس,3,ايشيريشيا كولاي | استافيلوكوكس اورياس,انتيروباكتريسي,True,multi_pathogen,,15,True
Data 2025.xlsx,9059,2025-10-06,2025-10,2025-W41,4,0,chee-0879-r01,Chee-0879-R01,جبنة تركية كرات,(cheese) جبنة,cheese,(cheese) جبنة,dairy,درة الفيصل - حي السليمانية,درة الفيصل,حي السليمانية,درة الفيصل - حي السليمانية,العليا,بلدية,بلدية العليا,True,False,لا يوجد,,0,,,False,none,,15,True
Data 2025.xlsx,9053,2025-10-06,2025-10,2025-W41,4,0,mola-0073-r01,mola-0073-R01,دبس فليفلة,( Molasses) دبس,Molasses,( Molasses) دبس,sauce_condiment,درة الفيصل - حي السليمانية,درة الفيصل,حي السليمانية,درة الفيصل - حي السليمانية,العليا,بلدية,بلدية العليا,True,False,لا يوجد,,0,,,False,none,,12,True
Data 2025.xlsx,9030,2025-10-06,2025-10,2025-W41,4,0,olv-0616-r01,olv-0616-R01,زيتون اخضر مشوي,الزيتون /Olive,Olive,الزيتون /Olive,produce,درة الفيصل - حي السليمانية,درة الفيصل,حي السليمانية,درة الفيصل - حي السليمانية,العليا,بلدية,بلدية العليا,False,True,خمائر,الخمائر والاعفان,1,,الخمائر والاعفان,False,indicator_only,,1,False
Data 2025.xlsx,9031,2025-10-06,2025-10,2025-W41,4,0,olv-0617-r01,olv-0617-R01,زيتون اخضر بالليمون,الزيتون /Olive,Olive,الزيتون /Olive,produce,درة الفيصل - حي السليمانية,درة الفيصل,حي السليمانية,درة الفيصل - حي السليمانية,العليا,بلدية,بلدية العليا,False,True,خمائر,الخمائر والاعفان,1,,الخمائر والاعفان,False,indicator_only,,2,True
Data 2025.xlsx,9032,2025-10-06,2025-10,2025-W41,4,0,olv-0618-r01,olv-0618-R01,زيتون اخضر محشي فليفلة,الزيتون /Olive,Olive,الزيتون /Olive,produce,درة الفيصل - حي السليمانية,درة الفيصل,حي السليمانية,درة الفيصل - حي السليمانية,العليا,بلدية,بلدية العليا,True,False,لا يوجد,,0,,,False,none,,2,True
Data 2025.xlsx,9033,2025-10-06,2025-10,2025-W41,4,0,olv-0619-r01,olv-0619-R01,زيتون محشي زعتر اخضر,الزيتون /Olive,Olive,الزيتون /Olive,produce,درة الفيصل - حي السليمانية,درة الفيصل,حي السليمانية,درة الفيصل - حي السليمانية,العليا,بلدية,بلدية العليا,True,False,لا يوجد,,0,,,False,none,,2,True
Data 2025.xlsx,9034,2025-10-06,2025-10,2025-W41,4,0,olv-0620-r01,olv-0620-R01,زيتون اخضر محشي ليمون,الزيتون /Olive,Olive,الزيتون /Olive,produce,درة الفيصل - حي السليمانية,درة الفيصل,حي السليمانية,درة الفيصل - حي السليمانية,العليا,بلدية,بلدية العليا,True,False,لا يوجد,,0,,,False,none,,2,True
Data 2025.xlsx,9035,2025-10-06,2025-10,2025-W41,4,0,olv-0621-r01,olv-0621-R01,زيتون اخضر محشي جزر,الزيتون /Olive,Olive,الزيتون /Olive,produce,درة الفيصل - حي السليمانية,درة الفيصل,حي السليمانية,درة الفيصل - حي السليمانية,العليا,بلدية,بلدية العليا,False,True,خمائر,الخمائر والاعفان,1,,الخمائر والاعفان,False,indicator_only,,3,True
Data 2025.xlsx,9036,2025-10-06,2025-10,2025-W41,4,0,olv-0622-r01,olv-0622-R01,زيتون سوري اسود,الزيتون /Olive,Olive,الزيتون /Olive,produce,درة الفيصل - حي السليمانية,درة الفيصل,حي السليمانية,درة الفيصل - حي السليمانية,العليا,بلدية,بلدية العليا,False,True,خمائر,الخمائر والاعفان,1,,الخمائر والاعفان,False,indicator_only,,4,True
Data 2025.xlsx,9037,2025-10-06,2025-10,2025-W41,4,0,olv-0623-r01,olv-0623-R01,زيتون اسود عطون معطون,الزيتون /Olive,Olive,الزيتون /Olive,produce,درة الفيصل - حي السليمانية,درة الفيصل,حي السليمانية,درة الفيصل - حي السليمانية,العليا,بلدية,بلدية العليا,False,True,خمائر,الخمائر والاعفان,1,,الخمائر والاعفان,False,indicator_only,,5,True
Data 2025.xlsx,9038,2025-10-06,2025-10,2025-W41,4,0,olv-0624-r01,olv-0624-R01,زيتون اسود تفاحي,الزيتون /Olive,Olive,الزيتون /Olive,produce,درة الفيصل - حي السليمانية,درة الفيصل,حي السليمانية,درة الفيصل - حي السليمانية,العليا,بلدية,بلدية العليا,True,False,لا يوجد,,0,,,False,none,,5,True
Data 2025.xlsx,9039,2025-10-06,2025-10,2025-W41,4,0,olv-0625-r01,olv-0625-R01,زيتون اسود كالاماتا,الزيتون /Olive,Olive,الزيتون /Olive,produce,درة الفيصل - حي السليمانية,درة الفيصل,حي السليمانية,درة الفيصل - حي السليمانية,العليا,بلدية,بلدية العليا,False,True,خمائر,الخمائر والاعفان,1,,الخمائر والاعفان,False,indicator_only,,6,True
Data 2025.xlsx,9040,2025-10-06,2025-10,2025-W41,4,0,olv-0626-r01,olv-0626-R01,زيتون اسود اسباني,الزيتون /Olive,Olive,الزيتون /Olive,produce,درة الفيصل - حي السليمانية,درة الفيصل,حي السليمانية,درة الفيصل - حي السليمانية,العليا,بلدية,بلدية العليا,False,True,خمائر,الخمائر والاعفان,1,,الخمائر والاعفان,False,indicator_only,,7,True
Data 2025.xlsx,9041,2025-10-06,2025-10,2025-W41,4,0,olv-0627-r01,olv-0627-R01,زيتون محشي لبنة وجبنة,الزيتون /Olive,Olive,الزيتون /Olive,produce,درة الفيصل - حي السليمانية,درة الفيصل,حي السليمانية,درة الفيصل - حي السليمانية,العليا,بلدية,بلدية العليا,False,True,خمائر,الخمائر والاعفان,1,,الخمائر والاعفان,False,indicator_only,,8,True
Data 2025.xlsx,9043,2025-10-06,2025-10,2025-W41,4,0,sal-1657-r01,Sal-1657-R01,سلطة حلوم,السلطة(Salad),Salad,السلطة(Salad),produce,درة الفيصل - حي السليمانية,درة الفيصل,حي السليمانية,درة الفيصل - حي السليمانية,العليا,بلدية,بلدية العليا,False,True,انتيروباكتريسي | ايشيريشيا كولاي,انتيروباكتريسي | ايشيريشيا كولاي,2,ايشيريشيا كولاي,انتيروباكتريسي,True,pathogen,,10,True
Data 2025.xlsx,9045,2025-10-06,2025-10,2025-W41,4,0,sal-1658-r01,Sal-1658-R01,سلطة زيتون بالجزر,السلطة(Salad),Salad,السلطة(Salad),produce,درة الفيصل - حي السليمانية,درة الفيصل,حي السليمانية,درة الفيصل - حي السليمانية,العليا,بلدية,بلدية العليا,False,True,خمائر,الخمائر والاعفان,1,,الخمائر والاعفان,False,indicator_only,,12,True
Data 2025.xlsx,9042,2025-10-06,2025-10,2025-W41,4,0,uuuu-0007-r01,UUUU-0007-R01,فلفل محشي لبنة,الفلفل (peppers),peppers,الفلفل (peppers),produce,درة الفيصل - حي السليمانية,درة الفيصل,حي السليمانية,درة الفيصل - حي السليمانية,العليا,بلدية,بلدية العليا,False,True,الخمائر والاعفان,الخمائر والاعفان,1,,الخمائر والاعفان,False,indicator_only,,9,True
Data 2025.xlsx,9060,2025-10-07,2025-10,2025-W41,4,1,1-3554-R01,1-3554-R01,نكهة توت البري,نكهات مركزة ( Syrup ),Syrup,نكهات مركزة ( Syrup ),sauce_condiment,بلانت دونت للحلويات - حي السليمانية,بلانت دونت للحلويات,حي السليمانية,بلانت دونت للحلويات - حي السليمانية,العليا,بلدية,بلدية العليا,True,False,لا يوجد,,0,,,False,none,,0,False
Data 2025.xlsx,9061,2025-10-07,2025-10,2025-W41,4,1,1-3555-R01,1-3555-R01,نكهة ليمون نعناع,نكهات مركزة ( Syrup ),Syrup,نكهات مركزة ( Syrup ),sauce_condiment,بلانت دونت للحلويات - حي السليمانية,بلانت دونت للحلويات,حي السليمانية,بلانت دونت للحلويات - حي السليمانية,العليا,بلدية,بلدية العليا,True,False,لا يوجد,,0,,,False,none,,0,False
Data 2025.xlsx,9062,2025-10-07,2025-10,2025-W41,4,1,1-3556-R01,1-3556-R01,نكهة توت ازرق,نكهات مركزة ( Syrup ),Syrup,نكهات مركزة ( Syrup ),sauce_condiment,بلانت دونت للحلويات - حي السليمانية,بلانت دونت للحلويات,حي السليمانية,بلانت دونت للحلويات - حي السليمانية,العليا,بلدية,بلدية العليا,True,False,لا يوجد,,0,,,False,none,,0,False
Data 2025.xlsx,9063,2025-10-07,2025-10,2025-W41,4,1,1-3557-R01,1-3557-R01,نكهة بطيخ,نكهات مركزة ( Syrup ),Syrup,نكهات مركزة ( Syrup ),sauce_condiment,بلانت دونت للحلويات - حي السليمانية,بلانت دونت للحلويات,حي السليمانية,بلانت دونت للحلويات - حي السليمانية,العليا,بلدية,بلدية العليا,True,False,لا يوجد,,0,,,False,none,,0,False
Data 2025.xlsx,9064,2025-10-07,2025-10,2025-W41,4,1,1-3558-R01,1-3558-R01,نكهة فراولة,نكهات مركزة ( Syrup ),Syrup,نكهات مركزة ( Syrup ),sauce_condiment,بلانت دونت للحلويات - حي السليمانية,بلانت دونت للحلويات,حي السليمانية,بلانت دونت للحلويات - حي السليمانية,العليا,بلدية,بلدية العليا,True,False,لا يوجد,,0,,,False,none,,0,False
Data 2025.xlsx,9065,2025-10-07,2025-10,2025-W41,4,1,1-3559-R01,1-3559-R01,نكهة بندق,نكهات مركزة ( Syrup ),Syrup,نكهات مركزة ( Syrup ),sauce_condiment,بلانت دونت للحلويات - حي السليمانية,بلانت دونت للحلويات,حي السليمانية,بلانت دونت للحلويات - حي السليمانية,العليا,بلدية,بلدية العليا,True,False,لا يوجد,,0,,,False,none,,0,False
Data 2025.xlsx,9078,2025-10-07,2025-10,2025-W41,4,1,1-3560-R01,1-3560-R01,مربى توت,(jam) مربى,jam,(jam) مربى,sauce_condiment,بلانت دونت للحلويات - حي السليمانية,بلانت دونت للحلويات,حي السليمانية,بلانت دونت للحلويات - حي السليمانية,العليا,بلدية,بلدية العليا,True,False,لا يوجد,,0,,,False,none,,0,False
Data 2025.xlsx,9079,2025-10-07,2025-10,2025-W41,4,1,1-3561-R01,1-3561-R01,مربى فراولة,(jam) مربى,jam,(jam) مربى,sauce_condiment,بلانت دونت للحلويات - حي السليمانية,بلانت دونت للحلويات,حي السليمانية,بلانت دونت للحلويات - حي السليمانية,العليا,بلدية,بلدية العليا,True,False,لا يوجد,,0,,,False,none,,0,False
Data 2025.xlsx,9083,2025-10-07,2025-10,2025-W41,4,1,icecrea-0151-r01,icecrea-0151-R01,ايس كريم تشيز كيك فراولة,(ice cream) ايسكريم,ice cream,(ice cream) ايسكريم,dairy,بلانت دونت للحلويات - حي السليمانية,بلانت دونت للحلويات,حي السليمانية,بلانت دونت للحلويات - حي السليمانية,العليا,بلدية,بلدية العليا,True,False,لا يوجد,,0,,,False,none,,0,False
Data 2025.xlsx,9084,2025-10-07,2025-10,2025-W41,4,1,icecrea-0152-r01,icecrea-0152-R01,ايس كريم تشيز كيك توت,(ice cream) ايسكريم,ice cream,(ice cream) ايسكريم,dairy,بلانت دونت للحلويات - حي السليمانية,بلانت دونت للحلويات,حي السليمانية,بلانت دونت للحلويات - حي السليمانية,العليا,بلدية,بلدية العليا,True,False,لا يوجد,,0,,,False,none,,0,False
Data 2025.xlsx,9085,2025-10-07,2025-10,2025-W41,4,1,icecrea-0153-r01,icecrea-0153-R01,ايس كريم كنافة,(ice cream) ايسكريم,ice cream,(ice cream) ايسكريم,dairy,بلانت دونت للحلويات - حي السليمانية,بلانت دونت للحلويات,حي السليمانية,بلانت دونت للحلويات - حي السليمانية,العليا,بلدية,بلدية العليا,True,False,لا يوجد,,0,,,False,none,,0,False
Data 2025.xlsx,9086,2025-10-07,2025-10,2025-W41,4,1,icecrea-0154-r01,icecrea-0154-R01,ايس كريم فروشية,(ice cream) ايسكريم,ice cream,(ice cream) ايسكريم,dairy,بلانت دونت للحلويات - حي السليمانية,بلانت دونت للحلويات,حي السليمانية,بلانت دونت للحلويات - حي السليمانية,العليا,بلدية,بلدية العليا,True,False,لا يوجد,,0,,,False,none,,0,False
Data 2025.xlsx,9087,2025-10-07,2025-10,2025-W41,4,1,icecrea-0155-r01,icecrea-0155-R01,ايس كريم بطيخ,(ice cream) ايسكريم,ice cream,(ice cream) ايسكريم,dairy,بلانت دونت للحلويات - حي السليمانية,بلانت دونت للحلويات,حي السليمانية,بلانت دونت للحلويات - حي السليمانية,العليا,بلدية,بلدية العليا,True,False,لا يوجد,,0,,,False,none,,0,False
Data 2025.xlsx,9088,2025-10-07,2025-10,2025-W41,4,1,icecrea-0156-r01,icecrea-0156-R01,ايس كريم توت زبادي,(ice cream) ايسكريم,ice cream,(ice cream) ايسكريم,dairy,بلانت دونت للحلويات - حي السليمانية,بلانت دونت للحلويات,حي السليمانية,بلانت دونت للحلويات - حي السليمانية,العليا,بلدية,بلدية العليا,True,False,لا يوجد,,0,,,False,none,,0,False
Data 2025.xlsx,9066,2025-10-07,2025-10,2025-W41,4,1,sau-2497-r01,sau-2497-R01,صوص كيندر بيونو,صوص (sauce),sauce,صوص (sauce),sauce_condiment,بلانت دونت للحلويات - حي السليمانية,بلانت دونت للحلويات,حي السليمانية,بلانت دونت للحلويات - حي السليمانية,العليا,بلدية,بلدية العليا,True,False,لا يوجد,,0,,,False,none,,0,False
Data 2025.xlsx,9067,2025-10-07,2025-10,2025-W41,4,1,sau-2498-r01,sau-2498-R01,صوص بستاشو,صوص (sauce),sauce,صوص (sauce),sauce_condiment,بلانت دونت للحلويات - حي السليمانية,بلانت دونت للحلويات,حي السليمانية,بلانت دونت للحلويات - حي السليمانية,العليا,بلدية,بلدية العليا,True,False,لا يوجد,,0,,,False,none,,0,False
Data 2025.xlsx,9068,2025-10-07,2025-10,2025-W41,4,1,sau-2499-r01,sau-2499-R01,صوص شوكولاتة سمايل فيس,صوص (sauce),sauce,صوص (sauce),sauce_condiment,بلانت دونت للحلويات - حي السليمانية,بلانت دونت للحلويات,حي السليمانية,بلانت دونت للحلويات - حي السليمانية,العليا,بلدية,بلدية العليا,True,False,لا يوجد,,0,,,False,none,,0,False
Data 2025.xlsx,9069,2025-10-07,2025-10,2025-W41,4,1,sau-2500-r01,sau-2500-R01,صوص تشيز كيك,صوص (sauce),sauce,صوص (sauce),sauce_condiment,بلانت دونت للحلويات - حي السليمانية,بلانت دونت للحلويات,حي السليمانية,بلانت دونت للحلويات - حي السليمانية,العليا,بلدية,بلدية العليا,True,False,لا يوجد,,0,,,False,none,,0,False
Data 2025.xlsx,9070,2025-10-07,2025-10,2025-W41,4,1,sau-2501-r01,sau-2501-R01,صوص جالكسي,صوص (sauce),sauce,صوص (sauce),sauce_condiment,بلانت دونت للحلويات - حي السليمانية,بلانت دونت للحلويات,حي السليمانية,بلانت دونت للحلويات - حي السليمانية,العليا,بلدية,بلدية العليا,True,False,لا يوجد,,0,,,False,none,,0,False
Data 2025.xlsx,9071,2025-10-07,2025-10,2025-W41,4,1,sau-2502-r01,sau-2502-R01,صوص تشيز كيك توت,صوص (sauce),sauce,صوص (sauce),sauce_condiment,بلانت دونت للحلويات - حي السليمانية,بلانت دونت للحلويات,حي السليمانية,بلانت دونت للحلويات - حي السليمانية,العليا,بلدية,بلدية العليا,True,False,لا يوجد,,0,,,False,none,,0,False
Data 2025.xlsx,9072,2025-10-07,2025-10,2025-W41,4,1,sau-2503-r01,sau-2503-R01,صوص فول سوداني,صوص (sauce),sauce,صوص (sauce),sauce_condiment,بلانت دونت للحلويات - حي السليمانية,بلانت دونت للحلويات,حي السليمانية,بلانت دونت للحلويات - حي السليمانية,العليا,بلدية,بلدية العليا,True,False,لا يوجد,,0,,,False,none,,0,False
Data 2025.xlsx,9073,2025-10-07,2025-10,2025-W41,4,1,sau-2504-r01,sau-2504-R01,صوص شوكولاتة بنك,صوص (sauce),sauce,صوص (sauce),sauce_condiment,بلانت دونت للحلويات - حي السليمانية,بلانت دونت للحلويات,حي السليمانية,بلانت دونت للحلويات - حي السليمانية,العليا,بلدية,بلدية العليا,True,False,لا يوجد,,0,,,False,none,,0,False
Data 2025.xlsx,9074,2025-10-07,2025-10,2025-W41,4,1,sau-2505-r01,sau-2505-R01,صوص نوتيلا,صوص (sauce),sauce,صوص (sauce),sauce_condiment,بلانت دونت للحلويات - حي السليمانية,بلانت دونت للحلويات,حي السليمانية,بلانت دونت للحلويات - حي السليمانية,العليا,بلدية,بلدية العليا,True,False,لا يوجد,,0,,,False,none,,0,False
Data 2025.xlsx,9075,2025-10-07,2025-10,2025-W41,4,1,sau-2506-r01,sau-2506-R01,صوص لوتس,صوص (sauce),sauce,صوص (sauce),sauce_condiment,بلانت دونت للحلويات - حي السليمانية,بلانت دونت للحلويات,حي السليمانية,بلانت دونت للحلويات - حي السليمانية,العليا,بلدية,بلدية العليا,True,False,لا يوجد,,0,,,False,none,,0,False
Data 2025.xlsx,9076,2025-10-07,2025-10,2025-W41,4,1,sau-2507-r01,sau-2507-R01,صوص كاندي,صوص (sauce),sauce,صوص (sauce),sauce_condiment,بلانت دونت للحلويات - حي السليمانية,بلانت دونت للحلويات,حي السليمانية,بلانت دونت للحلويات - حي السليمانية,العليا,بلدية,بلدية العليا,True,False,لا يوجد,,0,,,False,none,,0,False
Data 2025.xlsx,9080,2025-10-07,2025-10,2025-W41,4,1,sau-2508-r01,sau-2508-R01,صوص بستاشو,صوص (sauce),sauce,صوص (sauce),sauce_condiment,بلانت دونت للحلويات - حي السليمانية,بلانت دونت للحلويات,حي السليمانية,بلانت دونت للحلويات - حي السليمانية,العليا,بلدية,بلدية العليا,True,False,لا يوجد,,0,,,False,none,,0,False
Data 2025.xlsx,9082,2025-10-07,2025-10,2025-W41,4,1,sau-2509-r01,sau-2509-R01,صوص بستاشو,صوص (sauce),sauce,صوص (sauce),sauce_condiment,بلانت دونت للحلويات - حي السليمانية,بلانت دونت للحلويات,حي السليمانية,بلانت دونت للحلويات - حي السليمانية,العليا,بلدية,بلدية العليا,True,False,لا يوجد,,0,,,False,none,,0,False
Data 2025.xlsx,9081,2025-10-07,2025-10,2025-W41,4,1,sw-3580-r01,sw-3580-R01,مسحة صانعة ثلج,(Swabs) المسحات,Swabs,(Swabs) المسحات,swab,بلانت دونت للحلويات - حي السليمانية,بلانت دونت للحلويات,حي السليمانية,بلانت دونت للحلويات - حي السليمانية,العليا,بلدية,بلدية العليا,True,False,لا يوجد,,0,,,False,none,,0,False
Data 2025.xlsx,9077,2025-10-07,2025-10,2025-W41,4,1,sweet-1496-r01,sweet-1496-R01,حلا كاستر,الحلا(sweetness),sweetness,الحلا(sweetness),sweets_bakery,بلانت دونت للحلويات - حي السليمانية,بلانت دونت للحلويات,حي السليمانية,بلانت دونت للحلويات - حي السليمانية,العليا,بلدية,بلدية العليا,True,False,لا يوجد,,0,,,False,none,,0,False
Data 2025.xlsx,9089,2025-10-07,2025-10,2025-W41,4,1,ubot-1103-r01,Ubot-1103-R01,مياه فلتر م - ك,المياه الغير معبأة (Unbottled water),Unbottled water,المياه الغير المعبأة (Unbottled water),water,بلانت دونت للحلويات - حي السليمانية,بلانت دونت للحلويات,حي السليمانية,بلانت دونت للحلويات - حي السليمانية,العليا,بلدية,بلدية العليا,False,True,سيدوموناس,سيدوموناس,1,,سيدوموناس,False,indicator_only,category_merged_to_canonical,1,False
Data 2025.xlsx,7390,2025-10-08,2025-10,2025-W41,4,2,1-3349-R01,1-3349-R01,قطع شمندر,شمندر(beet),beet,شمندر(beet),produce,لاوف (مؤونة ) - حي قرطبة,لاوف (مؤونة ),حي قرطبة,لاوف (مؤونة ) - حي قرطبة,الروضة,بلدية,بلدية الروضة,False,True,استافيلوكوكس اورياس,استافيلوكوكس اورياس,1,استافيلوكوكس اورياس,,True,pathogen,,1,False
Data 2025.xlsx,7406,2025-10-08,2025-10,2025-W41,4,2,1-3350-R01,1-3350-R01,نكهة بطيخ,نكهات مركزة ( Syrup ),Syrup,نكهات مركزة ( Syrup ),sauce_condiment,لاوف (مؤونة ) - حي قرطبة,لاوف (مؤونة ),حي قرطبة,لاوف (مؤونة ) - حي قرطبة,الروضة,بلدية,بلدية الروضة,True,False,لا يوجد,,0,,,False,none,,5,True
Data 2025.xlsx,7407,2025-10-08,2025-10,2025-W41,4,2,1-3351-R01,1-3351-R01,نكهة توت اسود,نكهات مركزة ( Syrup ),Syrup,نكهات مركزة ( Syrup ),sauce_condiment,لاوف (مؤونة ) - حي قرطبة,لاوف (مؤونة ),حي قرطبة,لاوف (مؤونة ) - حي قرطبة,الروضة,بلدية,بلدية الروضة,True,False,لا يوجد,,0,,,False,none,,5,True
Data 2025.xlsx,7393,2025-10-08,2025-10,2025-W41,4,2,O-O-ro-0195-R01,O-O-ro-0195-R01,جرجير,الجرجير (rocket),rocket,الجرجير (rocket),produce,لاوف (مؤونة ) - حي قرطبة,لاوف (مؤونة ),حي قرطبة,لاوف (مؤونة ) - حي قرطبة,الروضة,بلدية,بلدية الروضة,False,True,استافيلوكوكس اورياس,استافيلوكوكس اورياس,1,استافيلوكوكس اورياس,,True,pathogen,,2,True
Data 2025.xlsx,7388,2025-10-08,2025-10,2025-W41,4,2,O-U-po-0217-R01,O-U-po-0217-R01,حب رمان,الرمان (pomegranate),pomegranate,الرمان (pomegranate),produce,لاوف (مؤونة ) - حي قرطبة,لاوف (مؤونة ),حي قرطبة,لاوف (مؤونة ) - حي قرطبة,الروضة,بلدية,بلدية الروضة,True,False,لا يوجد,,0,,,False,none,,0,False
Data 2025.xlsx,9097,2025-10-08,2025-10,2025-W41,4,2,O-U-po-0232-R01,O-U-po-0232-R01,حب رمان,الرمان (pomegranate),pomegranate,الرمان (pomegranate),produce,مطعم وردة,مطعم وردة,,مطعم وردة,المعذر,بلدية,بلدية المعذر,True,False,لا يوجد,,0,,,False,none,,2,True
Data 2025.xlsx,7387,2025-10-08,2025-10,2025-W41,4,2,O-U-to-0666-R01,O-U-to-0666-R01,طماطم شيري,الطماطم (Tomatoes),Tomatoes,الطماطم (Tomatoes),produce,لاوف (مؤونة ) - حي قرطبة,لاوف (مؤونة ),حي قرطبة,لاوف (مؤونة ) - حي قرطبة,الروضة,بلدية,بلدية الروضة,True,False,لا يوجد,,0,,,False,none,,0,False
Data 2025.xlsx,7361,2025-10-08,2025-10,2025-W41,4,2,O-r-O3-le-0371-R01,O-r-O3-le-0371-R01,قطع خس,الخس (Lettuce),Lettuce,الخس (Lettuce),produce,عالخفيف - حي قرطبة,عالخفيف,حي قرطبة,عالخفيف - حي قرطبة,الروضة,بلدية,بلدية الروضة,True,False,لا يوجد,,0,,,False,none,,0,False
Data 2025.xlsx,7392,2025-10-08,2025-10,2025-W41,4,2,O-r-O3-le-0372-R01,O-r-O3-le-0372-R01,خس,الخس (Lettuce),Lettuce,الخس (Lettuce),produce,لاوف (مؤونة ) - حي قرطبة,لاوف (مؤونة ),حي قرطبة,لاوف (مؤونة ) - حي قرطبة,الروضة,بلدية,بلدية الروضة,True,False,لا يوجد,,0,,,False,none,,1,False
Data 2025.xlsx,7363,2025-10-08,2025-10,2025-W41,4,2,O-r-U-cu-0276-R01,O-r-U-cu-0276-R01,قطع خيار,الخيار (cucumbers),cucumbers,الخيار (cucumbers),produce,عالخفيف - حي قرطبة,عالخفيف,حي قرطبة,عالخفيف - حي قرطبة,الروضة,بلدية,بلدية الروضة,True,False,لا يوجد,,0,,,False,none,,0,False
Data 2025.xlsx,9094,2025-10-08,2025-10,2025-W41,4,2,OOSS-eg-0386-R01,OOSS-eg-0386-R01,باذنجان مشوي,الباذنجان (eggplant),eggplant,الباذنجان (eggplant),dairy,مطعم وردة,مطعم وردة,,مطعم وردة,المعذر,بلدية,بلدية المعذر,False,True,استافيلوكوكس اورياس,استافيلوكوكس اورياس,1,استافيلوكوكس اورياس,,True,pathogen,,2,True
Data 2025.xlsx,7364,2025-10-08,2025-10,2025-W41,4,2,OOu-on-0516-R01,OOu-on-0516-R01,قطع بصل,البصل (onions),onions,البصل (onions),produce,عالخفيف - حي قرطبة,عالخفيف,حي قرطبة,عالخفيف - حي قرطبة,الروضة,بلدية,بلدية الروضة,False,True,استافيلوكوكس اورياس,استافيلوكوكس اورياس,1,استافيلوكوكس اورياس,,True,pathogen,,1,False
Data 2025.xlsx,9100,2025-10-08,2025-10,2025-W41,4,2,UO-ra-0110-R01,UO-ra-0110-R01,شرائح فجل,الفجل (radishes),radishes,الفجل (radishes),produce,مطعم وردة,مطعم وردة,,مطعم وردة,المعذر,بلدية,بلدية المعذر,True,False,لا يوجد,,0,,,False,none,,3,True
Data 2025.xlsx,9096,2025-10-08,2025-10,2025-W41,4,2,UU-ki-0159-R01,UU-ki-0159-R01,قطع كيوي,الكيوي (Kiwi),Kiwi,الكيوي (Kiwi),produce,مطعم وردة,مطعم وردة,,مطعم وردة,المعذر,بلدية,بلدية المعذر,True,False,لا يوجد,,0,,,False,none,,2,True
Data 2025.xlsx,7365,2025-10-08,2025-10,2025-W41,4,2,UU-pe-1400-R01,UU-pe-1400-R01,قطع فلفل اخضربارد,الفلفل (peppers),peppers,الفلفل (peppers),produce,عالخفيف - حي قرطبة,عالخفيف,حي قرطبة,عالخفيف - حي قرطبة,الروضة,بلدية,بلدية الروضة,False,True,ايشيريشيا كولاي,ايشيريشيا كولاي,1,ايشيريشيا كولاي,,True,pathogen,,2,True
Data 2025.xlsx,9090,2025-10-08,2025-10,2025-W41,4,2,appe-0618-r01,Appe-0618-R01,حمص,مقبلات (Appetizers),Appetizers,مقبلات (Appetizers),prepared_meal,مطعم وردة,مطعم وردة,,مطعم وردة,المعذر,بلدية,بلدية المعذر,True,False,لا يوجد,,0,,,False,none,,0,False
Data 2025.xlsx,7411,2025-10-08,2025-10,2025-W41,4,2,br-0108-r01,Br-0108-R01,خبز معصوب,الخبـز (Bread),Bread,الخبـز (Bread),sweets_bakery,اصل الفول - حي قرطبة,اصل الفول,حي قرطبة,اصل الفول - حي قرطبة,الروضة,بلدية,بلدية الروضة,True,False,لا يوجد,,0,,,False,none,,0,False
Data 2025.xlsx,7366,2025-10-08,2025-10,2025-W41,4,2,bri-0347-r01,bri-0347-R01,لبنة,لبنة ( brick),brick,لبنة ( brick),dairy,عالخفيف - حي قرطبة,عالخفيف,حي قرطبة,عالخفيف - حي قرطبة,الروضة,بلدية,بلدية الروضة,True,False,لا يوجد,,0,,,False,none,,2,True
Data 2025.xlsx,7389,2025-10-08,2025-10,2025-W41,4,2,chee-0817-r01,Chee-0817-R01,جبن فيتا,(cheese) جبنة,cheese,(cheese) جبنة,dairy,لاوف (مؤونة ) - حي قرطبة,لاوف (مؤونة ),حي قرطبة,لاوف (مؤونة ) - حي قرطبة,الروضة,بلدية,بلدية الروضة,True,False,لا يوجد,,0,,,False,none,,0,False
Data 2025.xlsx,7409,2025-10-08,2025-10,2025-W41,4,2,chee-0818-r01,Chee-0818-R01,جبن شيدر شرائح,(cheese) جبنة,cheese,(cheese) جبنة,dairy,اصل الفول - حي قرطبة,اصل الفول,حي قرطبة,اصل الفول - حي قرطبة,الروضة,بلدية,بلدية الروضة,True,False,لا يوجد,,0,,,False,none,,0,False
Data 2025.xlsx,9101,2025-10-08,2025-10,2025-W41,4,2,chee-0880-r01,Chee-0880-R01,جبنة بيضاء مع فلفل بارد و جزر,(cheese) جبنة,cheese,(cheese) جبنة,dairy,مطعم وردة,مطعم وردة,,مطعم وردة,المعذر,بلدية,بلدية المعذر,True,False,لا يوجد,,0,,,False,none,,3,True
Data 2025.xlsx,9103,2025-10-08,2025-10,2025-W41,4,2,chee-0881-r01,Chee-0881-R01,مش مصري سبايسي,(cheese) جبنة,cheese,(cheese) جبنة,dairy,مطعم وردة,مطعم وردة,,مطعم وردة,المعذر,بلدية,بلدية المعذر,False,True,استافيلوكوكس اورياس,استافيلوكوكس اورياس,1,استافيلوكوكس اورياس,,True,pathogen,,4,True
Data 2025.xlsx,7410,2025-10-08,2025-10,2025-W41,4,2,com-0024-r01,com-0024-R01,كورن فليكس,(corn chips) كورن فليكس,corn chips,(corn chips) كورن فليكس,produce,اصل الفول - حي قرطبة,اصل الفول,حي قرطبة,اصل الفول - حي قرطبة,الروضة,بلدية,بلدية الروضة,True,False,لا يوجد,,0,,,False,none,,0,False
Data 2025.xlsx,7408,2025-10-08,2025-10,2025-W41,4,2,ho-0246-r01,ho-0246-R01,عسل,(Honey) عسل النحل,Honey,(Honey) عسل النحل,sweets_bakery,اصل الفول - حي قرطبة,اصل الفول,حي قرطبة,اصل الفول - حي قرطبة,الروضة,بلدية,بلدية الروضة,True,False,لا يوجد,,0,,,False,none,,0,False
Data 2025.xlsx,9092,2025-10-08,2025-10,2025-W41,4,2,homo-0500-r01,homo-0500-R01,حمص حب,"الحمص Homous , Tzatziki and other dips","Homous , Tzatziki and other dips","الحمص Homous , Tzatziki and other dips",prepared_meal,مطعم وردة,مطعم وردة,,مطعم وردة,المعذر,بلدية,بلدية المعذر,True,False,لا يوجد,,0,,,False,none,,1,False
Data 2025.xlsx,7367,2025-10-08,2025-10,2025-W41,4,2,jui-0491-r01,jui-0491-R01,عصير برتقال,العصائر الطازجة Un-pasteurized juices (fresh),fresh,العصائر الطازجة Un-pasteurized juices (fresh),beverage,عالخفيف - حي قرطبة,عالخفيف,حي قرطبة,عالخفيف - حي قرطبة,الروضة,بلدية,بلدية الروضة,True,False,لا يوجد,,0,,,False,none,,2,True
Data 2025.xlsx,7394,2025-10-08,2025-10,2025-W41,4,2,jui-0492-r01,jui-0492-R01,عصير ليمون,العصائر الطازجة Un-pasteurized juices (fresh),fresh,العصائر الطازجة Un-pasteurized juices (fresh),beverage,لاوف (مؤونة ) - حي قرطبة,لاوف (مؤونة ),حي قرطبة,لاوف (مؤونة ) - حي قرطبة,الروضة,بلدية,بلدية الروضة,False,True,الخمائر والاعفان,الخمائر والاعفان,1,,الخمائر والاعفان,False,indicator_only,,3,True
Data 2025.xlsx,7395,2025-10-08,2025-10,2025-W41,4,2,jui-0493-r01,jui-0493-R01,عصير برتقال,العصائر الطازجة Un-pasteurized juices (fresh),fresh,العصائر الطازجة Un-pasteurized juices (fresh),beverage,لاوف (مؤونة ) - حي قرطبة,لاوف (مؤونة ),حي قرطبة,لاوف (مؤونة ) - حي قرطبة,الروضة,بلدية,بلدية الروضة,True,False,لا يوجد,,0,,,False,none,,3,True
Data 2025.xlsx,7391,2025-10-08,2025-10,2025-W41,4,2,mango-0053-r01,Mango-0053-R01,قطع مانجا,المانجو (Mango),Mango,المانجو (Mango),produce,لاوف (مؤونة ) - حي قرطبة,لاوف (مؤونة ),حي قرطبة,لاوف (مؤونة ) - حي قرطبة,الروضة,بلدية,بلدية الروضة,True,False,لا يوجد,,0,,,False,none,,1,False
Data 2025.xlsx,7368,2025-10-08,2025-10,2025-W41,4,2,mola-0059-r01,mola-0059-R01,دبس رمان,( Molasses) دبس,Molasses,( Molasses) دبس,sauce_condiment,عالخفيف - حي قرطبة,عالخفيف,حي قرطبة,عالخفيف - حي قرطبة,الروضة,بلدية,بلدية الروضة,True,False,لا يوجد,,0,,,False,none,,2,True
Data 2025.xlsx,7362,2025-10-08,2025-10,2025-W41,4,2,pick-0496-r01,Pick-0496-R01,مخلل خيار,المخلل (Pickle),Pickle,المخلل (Pickle),sauce_condiment,عالخفيف - حي قرطبة,عالخفيف,حي قرطبة,عالخفيف - حي قرطبة,الروضة,بلدية,بلدية الروضة,True,False,لا يوجد,,0,,,False,none,,0,False
Data 2025.xlsx,9095,2025-10-08,2025-10,2025-W41,4,2,pick-0556-r01,Pick-0556-R01,باذنجان مخلل,المخلل (Pickle),Pickle,المخلل (Pickle),sauce_condiment,مطعم وردة,مطعم وردة,,مطعم وردة,المعذر,بلدية,بلدية المعذر,True,False,لا يوجد,,0,,,False,none,,2,True
Data 2025.xlsx,7347,2025-10-08,2025-10,2025-W41,4,2,raw-0450-r01,Raw-0450-R01,لحم عجل بطن,لحوم نيئة مبردة ومجمدة (Raw meat Cold or chilled ),Raw meat Cold or chilled,لحوم نيئة مبردة ومجمدة (Raw meat Cold or chilled ),raw_meat,ملحمة ألذ الأطايب للحوم,ملحمة ألذ الأطايب للحوم,,ملحمة ألذ الأطايب للحوم,النسيم,بلدية,بلدية النسيم,True,False,لا يوجد,,0,,,False,none,,0,False
Data 2025.xlsx,7348,2025-10-08,2025-10,2025-W41,4,2,raw-0451-r01,Raw-0451-R01,لحم عجل فخذ,لحوم نيئة مبردة ومجمدة (Raw meat Cold or chilled ),Raw meat Cold or chilled,لحوم نيئة مبردة ومجمدة (Raw meat Cold or chilled ),raw_meat,ملحمة ألذ الأطايب للحوم,ملحمة ألذ الأطايب للحوم,,ملحمة ألذ الأطايب للحوم,النسيم,بلدية,بلدية النسيم,True,False,لا يوجد,,0,,,False,none,,0,False
Data 2025.xlsx,7349,2025-10-08,2025-10,2025-W41,4,2,raw-0452-r01,Raw-0452-R01,لحم فخذ تيس باكستاني,لحوم نيئة مبردة ومجمدة (Raw meat Cold or chilled ),Raw meat Cold or chilled,لحوم نيئة مبردة ومجمدة (Raw meat Cold or chilled ),raw_meat,ملحمة ألذ الأطايب للحوم,ملحمة ألذ الأطايب للحوم,,ملحمة ألذ الأطايب للحوم,النسيم,بلدية,بلدية النسيم,True,False,لا يوجد,,0,,,False,none,,0,False
Data 2025.xlsx,7350,2025-10-08,2025-10,2025-W41,4,2,raw-0453-r01,Raw-0453-R01,لحم عجل بتلو بلدي ظهر,لحوم نيئة مبردة ومجمدة (Raw meat Cold or chilled ),Raw meat Cold or chilled,لحوم نيئة مبردة ومجمدة (Raw meat Cold or chilled ),raw_meat,ملحمة اساس الطازج للتجارة,ملحمة اساس الطازج للتجارة,,ملحمة اساس الطازج للتجارة,النسيم,بلدية,بلدية النسيم,True,False,لا يوجد,,0,,,False,none,,0,False
Data 2025.xlsx,7351,2025-10-08,2025-10,2025-W41,4,2,raw-0454-r01,Raw-0454-R01,لحم عجل بتلو بلدي فخذ,لحوم نيئة مبردة ومجمدة (Raw meat Cold or chilled ),Raw meat Cold or chilled,لحوم نيئة مبردة ومجمدة (Raw meat Cold or chilled ),raw_meat,ملحمة اساس الطازج للتجارة,ملحمة اساس الطازج للتجارة,,ملحمة اساس الطازج للتجارة,النسيم,بلدية,بلدية النسيم,True,False,لا يوجد,,0,,,False,none,,0,False
Data 2025.xlsx,7352,2025-10-08,2025-10,2025-W41,4,2,raw-0455-r01,Raw-0455-R01,كبدة جل بتلو بلدي,لحوم نيئة مبردة ومجمدة (Raw meat Cold or chilled ),Raw meat Cold or chilled,لحوم نيئة مبردة ومجمدة (Raw meat Cold or chilled ),raw_meat,ملحمة اساس الطازج للتجارة,ملحمة اساس الطازج للتجارة,,ملحمة اساس الطازج للتجارة,النسيم,بلدية,بلدية النسيم,False,True,السالمونيلا,السالمونيلا,1,السالمونيلا,,True,pathogen,,1,False
Data 2025.xlsx,7353,2025-10-08,2025-10,2025-W41,4,2,raw-0456-r01,Raw-0456-R01,قلب عجل بتلو بلدي,لحوم نيئة مبردة ومجمدة (Raw meat Cold or chilled ),Raw meat Cold or chilled,لحوم نيئة مبردة ومجمدة (Raw meat Cold or chilled ),raw_meat,ملحمة اساس الطازج للتجارة,ملحمة اساس الطازج للتجارة,,ملحمة اساس الطازج للتجارة,النسيم,بلدية,بلدية النسيم,False,True,السالمونيلا,السالمونيلا,1,السالمونيلا,,True,pathogen,,2,True
Data 2025.xlsx,7354,2025-10-08,2025-10,2025-W41,4,2,raw-0457-r01,Raw-0457-R01,كلوي عجل بتلو بلدي,لحوم نيئة مبردة ومجمدة (Raw meat Cold or chilled ),Raw meat Cold or chilled,لحوم نيئة مبردة ومجمدة (Raw meat Cold or chilled ),raw_meat,ملحمة اساس الطازج للتجارة,ملحمة اساس الطازج للتجارة,,ملحمة اساس الطازج للتجارة,النسيم,بلدية,بلدية النسيم,True,False,لا يوجد,,0,,,False,none,,2,True
Data 2025.xlsx,7369,2025-10-08,2025-10,2025-W41,4,2,sal-1531-r01,Sal-1531-R01,سلطة خضراء,السلطة(Salad),Salad,السلطة(Salad),produce,عالخفيف - حي قرطبة,عالخفيف,حي قرطبة,عالخفيف - حي قرطبة,الروضة,بلدية,بلدية الروضة,True,False,لا يوجد,,0,,,False,none,,2,True
Data 2025.xlsx,7412,2025-10-08,2025-10,2025-W41,4,2,sal-1532-r01,Sal-1532-R01,سلطة حارة,السلطة(Salad),Salad,السلطة(Salad),produce,اصل الفول - حي قرطبة,اصل الفول,حي قرطبة,اصل الفول - حي قرطبة,الروضة,بلدية,بلدية الروضة,True,False,لا يوجد,,0,,,False,none,,0,False
Data 2025.xlsx,9093,2025-10-08,2025-10,2025-W41,4,2,sal-1659-r01,Sal-1659-R01,سلطة زبادي مع خيار و نعناع,السلطة(Salad),Salad,السلطة(Salad),produce,مطعم وردة,مطعم وردة,,مطعم وردة,المعذر,بلدية,بلدية المعذر,True,False,لا يوجد,,0,,,False,none,,1,False
Data 2025.xlsx,9098,2025-10-08,2025-10,2025-W41,4,2,sal-1660-r01,Sal-1660-R01,سلطة خضراء مقطع شيكوناتا,السلطة(Salad),Salad,السلطة(Salad),produce,مطعم وردة,مطعم وردة,,مطعم وردة,المعذر,بلدية,بلدية المعذر,False,True,استافيلوكوكس اورياس,استافيلوكوكس اورياس,1,استافيلوكوكس اورياس,,True,pathogen,,3,True
Data 2025.xlsx,9099,2025-10-08,2025-10,2025-W41,4,2,sal-1661-r01,Sal-1661-R01,سلطة خضراء,السلطة(Salad),Salad,السلطة(Salad),produce,مطعم وردة,مطعم وردة,,مطعم وردة,المعذر,بلدية,بلدية المعذر,True,False,لا يوجد,,0,,,False,none,,3,True
Data 2025.xlsx,7355,2025-10-08,2025-10,2025-W41,4,2,sau-2150-r01,sau-2150-R01,عسل,(Honey) عسل النحل,Honey,(Honey) عسل النحل,sweets_bakery,عالخفيف - حي قرطبة,عالخفيف,حي قرطبة,عالخفيف - حي قرطبة,الروضة,بلدية,بلدية الروضة,True,False,لا يوجد,,0,,,False,none,,0,False
Data 2025.xlsx,7356,2025-10-08,2025-10,2025-W41,4,2,sau-2151-r01,sau-2151-R01,صوص مايونيز,صوص (sauce),sauce,صوص (sauce),sauce_condiment,عالخفيف - حي قرطبة,عالخفيف,حي قرطبة,عالخفيف - حي قرطبة,الروضة,بلدية,بلدية الروضة,True,False,لا يوجد,,0,,,False,none,,0,False
Data 2025.xlsx,7357,2025-10-08,2025-10,2025-W41,4,2,sau-2152-r01,sau-2152-R01,صوص ثوم,صوص (sauce),sauce,صوص (sauce),sauce_condiment,عالخفيف - حي قرطبة,عالخفيف,حي قرطبة,عالخفيف - حي قرطبة,الروضة,بلدية,بلدية الروضة,True,False,لا يوجد,,0,,,False,none,,0,False
Data 2025.xlsx,7358,2025-10-08,2025-10,2025-W41,4,2,sau-2153-r01,sau-2153-R01,صوص سبايسي,صوص (sauce),sauce,صوص (sauce),sauce_condiment,عالخفيف - حي قرطبة,عالخفيف,حي قرطبة,عالخفيف - حي قرطبة,الروضة,بلدية,بلدية الروضة,True,False,لا يوجد,,0,,,False,none,,0,False
Data 2025.xlsx,7359,2025-10-08,2025-10,2025-W41,4,2,sau-2154-r01,sau-2154-R01,صوص رانش,صوص (sauce),sauce,صوص (sauce),sauce_condiment,عالخفيف - حي قرطبة,عالخفيف,حي قرطبة,عالخفيف - حي قرطبة,الروضة,بلدية,بلدية الروضة,True,False,لا يوجد,,0,,,False,none,,0,False
Data 2025.xlsx,7360,2025-10-08,2025-10,2025-W41,4,2,sau-2155-r01,sau-2155-R01,صوص هني ماسترد,صوص (sauce),sauce,صوص (sauce),sauce_condiment,عالخفيف - حي قرطبة,عالخفيف,حي قرطبة,عالخفيف - حي قرطبة,الروضة,بلدية,بلدية الروضة,True,False,لا يوجد,,0,,,False,none,,0,False
Data 2025.xlsx,7371,2025-10-08,2025-10,2025-W41,4,2,sau-2156-r01,sau-2156-R01,صوص رانش معلب,صوص (sauce),sauce,صوص (sauce),sauce_condiment,مايسترو - حي قرطبة,مايسترو,حي قرطبة,مايسترو - حي قرطبة,الروضة,بلدية,بلدية الروضة,True,False,لا يوجد,,0,,,False,none,,0,False
Data 2025.xlsx,7372,2025-10-08,2025-10,2025-W41,4,2,sau-2157-r01,sau-2157-R01,صوص ديناميت معلب,صوص (sauce),sauce,صوص (sauce),sauce_condiment,مايسترو - حي قرطبة,مايسترو,حي قرطبة,مايسترو - حي قرطبة,الروضة,بلدية,بلدية الروضة,False,True,العد الكلي للبكتيريا,العد الكلي للبكتيريا,1,,العد الكلي للبكتيريا,False,indicator_only,,1,False
Data 2025.xlsx,7373,2025-10-08,2025-10,2025-W41,4,2,sau-2158-r01,sau-2158-R01,صوص طماطم معلب,صوص (sauce),sauce,صوص (sauce),sauce_condiment,مايسترو - حي قرطبة,مايسترو,حي قرطبة,مايسترو - حي قرطبة,الروضة,بلدية,بلدية الروضة,True,False,لا يوجد,,0,,,False,none,,1,False
Data 2025.xlsx,7374,2025-10-08,2025-10,2025-W41,4,2,sau-2159-r01,sau-2159-R01,صوص باربكيو معلب,صوص (sauce),sauce,صوص (sauce),sauce_condiment,مايسترو - حي قرطبة,مايسترو,حي قرطبة,مايسترو - حي قرطبة,الروضة,بلدية,بلدية الروضة,True,False,لا يوجد,,0,,,False,none,,1,False
Data 2025.xlsx,7375,2025-10-08,2025-10,2025-W41,4,2,sau-2160-r01,sau-2160-R01,صوص حراق معلب,صوص (sauce),sauce,صوص (sauce),sauce_condiment,مايسترو - حي قرطبة,مايسترو,حي قرطبة,مايسترو - حي قرطبة,الروضة,بلدية,بلدية الروضة,True,False,لا يوجد,,0,,,False,none,,1,False
Data 2025.xlsx,7376,2025-10-08,2025-10,2025-W41,4,2,sau-2161-r01,sau-2161-R01,صوص شوكولاتة معلب,صوص (sauce),sauce,صوص (sauce),sauce_condiment,مايسترو - حي قرطبة,مايسترو,حي قرطبة,مايسترو - حي قرطبة,الروضة,بلدية,بلدية الروضة,True,False,لا يوجد,,0,,,False,none,,1,False
Data 2025.xlsx,7377,2025-10-08,2025-10,2025-W41,4,2,sau-2162-r01,sau-2162-R01,صوص رانش,صوص (sauce),sauce,صوص (sauce),sauce_condiment,مايسترو - حي قرطبة,مايسترو,حي قرطبة,مايسترو - حي قرطبة,الروضة,بلدية,بلدية الروضة,False,True,العد الكلي للبكتيريا,العد الكلي للبكتيريا,1,,العد الكلي للبكتيريا,False,indicator_only,,2,True
Data 2025.xlsx,7378,2025-10-08,2025-10,2025-W41,4,2,sau-2163-r01,sau-2163-R01,صوص ديناميت,صوص (sauce),sauce,صوص (sauce),sauce_condiment,مايسترو - حي قرطبة,مايسترو,حي قرطبة,مايسترو - حي قرطبة,الروضة,بلدية,بلدية الروضة,False,True,العد الكلي للبكتيريا,العد الكلي للبكتيريا,1,,العد الكلي للبكتيريا,False,indicator_only,,3,True
Data 2025.xlsx,7379,2025-10-08,2025-10,2025-W41,4,2,sau-2164-r01,sau-2164-R01,صوص ثوم مع مايونيز,صوص (sauce),sauce,صوص (sauce),sauce_condiment,مايسترو - حي قرطبة,مايسترو,حي قرطبة,مايسترو - حي قرطبة,الروضة,بلدية,بلدية الروضة,False,True,العد الكلي للبكتيريا,العد الكلي للبكتيريا,1,,العد الكلي للبكتيريا,False,indicator_only,,4,True
Data 2025.xlsx,7380,2025-10-08,2025-10,2025-W41,4,2,sau-2165-r01,sau-2165-R01,صوص باربكيو,صوص (sauce),sauce,صوص (sauce),sauce_condiment,مايسترو - حي قرطبة,مايسترو,حي قرطبة,مايسترو - حي قرطبة,الروضة,بلدية,بلدية الروضة,True,False,لا يوجد,,0,,,False,none,,4,True
Data 2025.xlsx,7381,2025-10-08,2025-10,2025-W41,4,2,sau-2166-r01,sau-2166-R01,صوص بيري بيري,صوص (sauce),sauce,صوص (sauce),sauce_condiment,مايسترو - حي قرطبة,مايسترو,حي قرطبة,مايسترو - حي قرطبة,الروضة,بلدية,بلدية الروضة,False,True,العد الكلي للبكتيريا,العد الكلي للبكتيريا,1,,العد الكلي للبكتيريا,False,indicator_only,,5,True
Data 2025.xlsx,7382,2025-10-08,2025-10,2025-W41,4,2,sau-2167-r01,sau-2167-R01,صوص نعناع,صوص (sauce),sauce,صوص (sauce),sauce_condiment,مايسترو - حي قرطبة,مايسترو,حي قرطبة,مايسترو - حي قرطبة,الروضة,بلدية,بلدية الروضة,True,False,لا يوجد,,0,,,False,none,,5,True
Data 2025.xlsx,7383,2025-10-08,2025-10,2025-W41,4,2,sau-2168-r01,sau-2168-R01,صوص دي جون,صوص (sauce),sauce,صوص (sauce),sauce_condiment,مايسترو - حي قرطبة,مايسترو,حي قرطبة,مايسترو - حي قرطبة,الروضة,بلدية,بلدية الروضة,False,True,العد الكلي للبكتيريا,العد الكلي للبكتيريا,1,,العد الكلي للبكتيريا,False,indicator_only,,6,True
Data 2025.xlsx,7384,2025-10-08,2025-10,2025-W41,4,2,sau-2169-r01,sau-2169-R01,صوص بارولينا,صوص (sauce),sauce,صوص (sauce),sauce_condiment,مايسترو - حي قرطبة,مايسترو,حي قرطبة,مايسترو - حي قرطبة,الروضة,بلدية,بلدية الروضة,False,True,العد الكلي للبكتيريا,العد الكلي للبكتيريا,1,,العد الكلي للبكتيريا,False,indicator_only,,7,True
Data 2025.xlsx,7385,2025-10-08,2025-10,2025-W41,4,2,sau-2170-r01,sau-2170-R01,صوص بيستو,صوص (sauce),sauce,صوص (sauce),sauce_condiment,مايسترو - حي قرطبة,مايسترو,حي قرطبة,مايسترو - حي قرطبة,الروضة,بلدية,بلدية الروضة,False,True,العد الكلي للبكتيريا,العد الكلي للبكتيريا,1,,العد الكلي للبكتيريا,False,indicator_only,,8,True
Data 2025.xlsx,7386,2025-10-08,2025-10,2025-W41,4,2,sau-2171-r01,sau-2171-R01,صوص لومي شانا,صوص (sauce),sauce,صوص (sauce),sauce_condiment,مايسترو - حي قرطبة,مايسترو,حي قرطبة,مايسترو - حي قرطبة,الروضة,بلدية,بلدية الروضة,True,False,لا يوجد,,0,,,False,none,,8,True
Data 2025.xlsx,7396,2025-10-08,2025-10,2025-W41,4,2,sau-2172-r01,sau-2172-R01,صوص قليزي,صوص (sauce),sauce,صوص (sauce),sauce_condiment,لاوف (مؤونة ) - حي قرطبة,لاوف (مؤونة ),حي قرطبة,لاوف (مؤونة ) - حي قرطبة,الروضة,بلدية,بلدية الروضة,True,False,لا يوجد,,0,,,False,none,,3,True
Data 2025.xlsx,7397,2025-10-08,2025-10,2025-W41,4,2,sau-2173-r01,sau-2173-R01,صوص بلاك ترفل,صوص (sauce),sauce,صوص (sauce),sauce_condiment,لاوف (مؤونة ) - حي قرطبة,لاوف (مؤونة ),حي قرطبة,لاوف (مؤونة ) - حي قرطبة,الروضة,بلدية,بلدية الروضة,True,False,لا يوجد,,0,,,False,none,,3,True
Data 2025.xlsx,7398,2025-10-08,2025-10,2025-W41,4,2,sau-2174-r01,sau-2174-R01,صوص رانش,صوص (sauce),sauce,صوص (sauce),sauce_condiment,لاوف (مؤونة ) - حي قرطبة,لاوف (مؤونة ),حي قرطبة,لاوف (مؤونة ) - حي قرطبة,الروضة,بلدية,بلدية الروضة,False,True,العد الكلي للبكتيريا,العد الكلي للبكتيريا,1,,العد الكلي للبكتيريا,False,indicator_only,,4,True
Data 2025.xlsx,7399,2025-10-08,2025-10,2025-W41,4,2,sau-2175-r01,sau-2175-R01,صوص وايت ترابل,صوص (sauce),sauce,صوص (sauce),sauce_condiment,لاوف (مؤونة ) - حي قرطبة,لاوف (مؤونة ),حي قرطبة,لاوف (مؤونة ) - حي قرطبة,الروضة,بلدية,بلدية الروضة,True,False,لا يوجد,,0,,,False,none,,4,True
Data 2025.xlsx,7400,2025-10-08,2025-10,2025-W41,4,2,sau-2176-r01,sau-2176-R01,صوص مابول مايو سبايسي,صوص (sauce),sauce,صوص (sauce),sauce_condiment,لاوف (مؤونة ) - حي قرطبة,لاوف (مؤونة ),حي قرطبة,لاوف (مؤونة ) - حي قرطبة,الروضة,بلدية,بلدية الروضة,True,False,لا يوجد,,0,,,False,none,,4,True
Data 2025.xlsx,7401,2025-10-08,2025-10,2025-W41,4,2,sau-2177-r01,sau-2177-R01,صوص بيستو,صوص (sauce),sauce,صوص (sauce),sauce_condiment,لاوف (مؤونة ) - حي قرطبة,لاوف (مؤونة ),حي قرطبة,لاوف (مؤونة ) - حي قرطبة,الروضة,بلدية,بلدية الروضة,False,True,العد الكلي للبكتيريا,العد الكلي للبكتيريا,1,,العد الكلي للبكتيريا,False,indicator_only,,5,True
Data 2025.xlsx,7402,2025-10-08,2025-10,2025-W41,4,2,sau-2178-r01,sau-2178-R01,صوص هني ماسترد,صوص (sauce),sauce,صوص (sauce),sauce_condiment,لاوف (مؤونة ) - حي قرطبة,لاوف (مؤونة ),حي قرطبة,لاوف (مؤونة ) - حي قرطبة,الروضة,بلدية,بلدية الروضة,True,False,لا يوجد,,0,,,False,none,,5,True
Data 2025.xlsx,9091,2025-10-08,2025-10,2025-W41,4,2,sau-2510-r01,sau-2510-R01,صوص كوكتيل,صوص (sauce),sauce,صوص (sauce),sauce_condiment,مطعم وردة,مطعم وردة,,مطعم وردة,المعذر,بلدية,بلدية المعذر,False,True,العد الكلي للبكتيريا,العد الكلي للبكتيريا,1,,العد الكلي للبكتيريا,False,indicator_only,,1,False
Data 2025.xlsx,9102,2025-10-08,2025-10,2025-W41,4,2,sau-2511-r01,sau-2511-R01,صوص ثوم,صوص (sauce),sauce,صوص (sauce),sauce_condiment,مطعم وردة,مطعم وردة,,مطعم وردة,المعذر,بلدية,بلدية المعذر,True,False,لا يوجد,,0,,,False,none,,3,True
Data 2025.xlsx,9104,2025-10-08,2025-10,2025-W41,4,2,sau-2512-r01,sau-2512-R01,صوص هريسة,صوص (sauce),sauce,صوص (sauce),sauce_condiment,مطعم وردة,مطعم وردة,,مطعم وردة,المعذر,بلدية,بلدية المعذر,False,True,العد الكلي للبكتيريا,العد الكلي للبكتيريا,1,,العد الكلي للبكتيريا,False,indicator_only,,5,True
Data 2025.xlsx,7370,2025-10-08,2025-10,2025-W41,4,2,sw-3420-r01,sw-3420-R01,مسحة طاولة تحضير,(Swabs) المسحات,Swabs,(Swabs) المسحات,swab,عالخفيف - حي قرطبة,عالخفيف,حي قرطبة,عالخفيف - حي قرطبة,الروضة,بلدية,بلدية الروضة,True,False,لا يوجد,,0,,,False,none,,2,True
Data 2025.xlsx,7403,2025-10-08,2025-10,2025-W41,4,2,sw-3421-r01,sw-3421-R01,مسحة طاولة تقطيع سويت,(Swabs) المسحات,Swabs,(Swabs) المسحات,swab,لاوف (مؤونة ) - حي قرطبة,لاوف (مؤونة ),حي قرطبة,لاوف (مؤونة ) - حي قرطبة,الروضة,بلدية,بلدية الروضة,True,False,لا يوجد,,0,,,False,none,,5,True
Data 2025.xlsx,7404,2025-10-08,2025-10,2025-W41,4,2,sw-3422-r01,sw-3422-R01,مسحة طاولة تقطيع ساندويتش,(Swabs) المسحات,Swabs,(Swabs) المسحات,swab,لاوف (مؤونة ) - حي قرطبة,لاوف (مؤونة ),حي قرطبة,لاوف (مؤونة ) - حي قرطبة,الروضة,بلدية,بلدية الروضة,True,False,لا يوجد,,0,,,False,none,,5,True
Data 2025.xlsx,7405,2025-10-08,2025-10,2025-W41,4,2,sw-3423-r01,sw-3423-R01,مسحة صانعة ثلج,(Swabs) المسحات,Swabs,(Swabs) المسحات,swab,لاوف (مؤونة ) - حي قرطبة,لاوف (مؤونة ),حي قرطبة,لاوف (مؤونة ) - حي قرطبة,الروضة,بلدية,بلدية الروضة,True,False,لا يوجد,,0,,,False,none,,5,True
Data 2025.xlsx,7413,2025-10-08,2025-10,2025-W41,4,2,sw-3424-r01,sw-3424-R01,مسحة فرامة معصوب,(Swabs) المسحات,Swabs,(Swabs) المسحات,swab,اصل الفول - حي قرطبة,اصل الفول,حي قرطبة,اصل الفول - حي قرطبة,الروضة,بلدية,بلدية الروضة,True,False,لا يوجد,,0,,,False,none,,0,False
Data 2025.xlsx,7414,2025-10-08,2025-10,2025-W41,4,2,sw-3425-r01,sw-3425-R01,مسحة طاولة تقطيع خضار,(Swabs) المسحات,Swabs,(Swabs) المسحات,swab,اصل الفول - حي قرطبة,اصل الفول,حي قرطبة,اصل الفول - حي قرطبة,الروضة,بلدية,بلدية الروضة,True,False,لا يوجد,,0,,,False,none,,0,False
Data 2025.xlsx,7415,2025-10-08,2025-10,2025-W41,4,2,sw-3426-r01,sw-3426-R01,مسحة خلاط سلطات,(Swabs) المسحات,Swabs,(Swabs) المسحات,swab,اصل الفول - حي قرطبة,اصل الفول,حي قرطبة,اصل الفول - حي قرطبة,الروضة,بلدية,بلدية الروضة,False,True,العد الكلي للبكتيريا,العد الكلي للبكتيريا,1,,العد الكلي للبكتيريا,False,indicator_only,,1,False
Data 2025.xlsx,9105,2025-10-08,2025-10,2025-W41,4,2,sw-3581-r01,sw-3581-R01,مسحة ثلاجة اعداد,(Swabs) المسحات,Swabs,(Swabs) المسحات,swab,مطعم وردة,مطعم وردة,,مطعم وردة,المعذر,بلدية,بلدية المعذر,True,False,لا يوجد,,0,,,False,none,,5,True
Data 2025.xlsx,9106,2025-10-08,2025-10,2025-W41,4,2,sw-3582-r01,sw-3582-R01,مسحة ثلاجة اعداد,(Swabs) المسحات,Swabs,(Swabs) المسحات,swab,مطعم وردة,مطعم وردة,,مطعم وردة,المعذر,بلدية,بلدية المعذر,True,False,لا يوجد,,0,,,False,none,,5,True
Data 2025.xlsx,9107,2025-10-08,2025-10,2025-W41,4,2,ubot-1104-r01,Ubot-1104-R01,مياه لغسيل الادوات م ك,المياه الغير معبأة (Unbottled water),Unbottled water,المياه الغير المعبأة (Unbottled water),water,مطعم وردة,مطعم وردة,,مطعم وردة,المعذر,بلدية,بلدية المعذر,True,False,لا يوجد,,0,,,False,none,category_merged_to_canonical,5,True
Data 2025.xlsx,9142,2025-10-11,2025-10,2025-W41,4,5,1-3567-R01,1-3567-R01,نكهة جح,نكهات مركزة ( Syrup ),Syrup,نكهات مركزة ( Syrup ),sauce_condiment,ناندوز - حي الملك فهد,ناندوز,حي الملك فهد,ناندوز - حي الملك فهد,العليا,بلدية,بلدية العليا,True,False,لا يوجد,,0,,,False,none,,1,False
Data 2025.xlsx,9143,2025-10-11,2025-10,2025-W41,4,5,1-3568-R01,1-3568-R01,نكهة قشر البرتقال الازرق,نكهات مركزة ( Syrup ),Syrup,نكهات مركزة ( Syrup ),sauce_condiment,ناندوز - حي الملك فهد,ناندوز,حي الملك فهد,ناندوز - حي الملك فهد,العليا,بلدية,بلدية العليا,True,False,لا يوجد,,0,,,False,none,,1,False
Data 2025.xlsx,9146,2025-10-11,2025-10,2025-W41,4,5,O-U-po-0234-R01,O-U-po-0234-R01,حب رمان,الرمان (pomegranate),pomegranate,الرمان (pomegranate),produce,ناندوز - حي الملك فهد,ناندوز,حي الملك فهد,ناندوز - حي الملك فهد,العليا,بلدية,بلدية العليا,True,False,لا يوجد,,0,,,False,none,,1,False
Data 2025.xlsx,9132,2025-10-11,2025-10,2025-W41,4,5,O-U-to-0704-R01,O-U-to-0704-R01,طماطم مجفف,الطماطم (Tomatoes),Tomatoes,الطماطم (Tomatoes),produce,ناندوز - حي الملك فهد,ناندوز,حي الملك فهد,ناندوز - حي الملك فهد,العليا,بلدية,بلدية العليا,True,False,لا يوجد,,0,,,False,none,,0,False
Data 2025.xlsx,9148,2025-10-11,2025-10,2025-W41,4,5,OO-or-0284-R01,OO-or-0284-R01,قطع برتقال,البرتقال (oranges),oranges,البرتقال (oranges),produce,ناندوز - حي الملك فهد,ناندوز,حي الملك فهد,ناندوز - حي الملك فهد,العليا,بلدية,بلدية العليا,True,False,لا يوجد,,0,,,False,none,,1,False
Data 2025.xlsx,9109,2025-10-11,2025-10,2025-W41,4,5,UU-pe-1555-R01,UU-pe-1555-R01,فلفل مجروش,الفلفل (peppers),peppers,الفلفل (peppers),produce,مطعم فوركليفت - سويس باتر - حي الملك فهد,مطعم فوركليفت,سويس باتر - حي الملك فهد,مطعم فوركليفت - سويس باتر - حي الملك فهد,العليا,بلدية,بلدية العليا,True,False,لا يوجد,,0,,,False,none,,0,False
Data 2025.xlsx,9110,2025-10-11,2025-10,2025-W41,4,5,br-0114-r01,Br-0114-R01,قطع خبز صامولي,الخبـز (Bread),Bread,الخبـز (Bread),sweets_bakery,مطعم فوركليفت - سويس باتر - حي الملك فهد,مطعم فوركليفت,سويس باتر - حي الملك فهد,مطعم فوركليفت - سويس باتر - حي الملك فهد,العليا,بلدية,بلدية العليا,True,False,لا يوجد,,0,,,False,none,,0,False
Data 2025.xlsx,9117,2025-10-11,2025-10,2025-W41,4,5,jui-0543-r01,jui-0543-R01,عصير برتقال,العصائر الطازجة Un-pasteurized juices (fresh),fresh,العصائر الطازجة Un-pasteurized juices (fresh),beverage,مطعم فوركليفت - سويس باتر - حي الملك فهد,مطعم فوركليفت,سويس باتر - حي الملك فهد,مطعم فوركليفت - سويس باتر - حي الملك فهد,العليا,بلدية,بلدية العليا,True,False,لا يوجد,,0,,,False,none,,0,False
Data 2025.xlsx,9119,2025-10-11,2025-10,2025-W41,4,5,jui-0544-r01,jui-0544-R01,عصير ليمون,العصائر الطازجة Un-pasteurized juices (fresh),fresh,العصائر الطازجة Un-pasteurized juices (fresh),beverage,مطعم فوركليفت - سويس باتر - حي الملك فهد,مطعم فوركليفت,سويس باتر - حي الملك فهد,مطعم فوركليفت - سويس باتر - حي الملك فهد,العليا,بلدية,بلدية العليا,True,False,لا يوجد,,0,,,False,none,,0,False
Data 2025.xlsx,9120,2025-10-11,2025-10,2025-W41,4,5,jui-0545-r01,jui-0545-R01,عصير عنب,العصائر الطازجة Un-pasteurized juices (fresh),fresh,العصائر الطازجة Un-pasteurized juices (fresh),beverage,مطعم فوركليفت - سويس باتر - حي الملك فهد,مطعم فوركليفت,سويس باتر - حي الملك فهد,مطعم فوركليفت - سويس باتر - حي الملك فهد,العليا,بلدية,بلدية العليا,True,False,لا يوجد,,0,,,False,none,,0,False
Data 2025.xlsx,9121,2025-10-11,2025-10,2025-W41,4,5,jui-0546-r01,jui-0546-R01,عصير رمان,العصائر الطازجة Un-pasteurized juices (fresh),fresh,العصائر الطازجة Un-pasteurized juices (fresh),beverage,مطعم فوركليفت - سويس باتر - حي الملك فهد,مطعم فوركليفت,سويس باتر - حي الملك فهد,مطعم فوركليفت - سويس باتر - حي الملك فهد,العليا,بلدية,بلدية العليا,True,False,لا يوجد,,0,,,False,none,,0,False
Data 2025.xlsx,9131,2025-10-11,2025-10,2025-W41,4,5,pick-0557-r01,Pick-0557-R01,مخلل بصل,المخلل (Pickle),Pickle,المخلل (Pickle),sauce_condiment,ناندوز - حي الملك فهد,ناندوز,حي الملك فهد,ناندوز - حي الملك فهد,العليا,بلدية,بلدية العليا,True,False,لا يوجد,,0,,,False,none,,0,False
Data 2025.xlsx,9108,2025-10-11,2025-10,2025-W41,4,5,sal-1662-r01,Sal-1662-R01,سلطة حضراء,السلطة(Salad),Salad,السلطة(Salad),produce,مطعم فوركليفت - سويس باتر - حي الملك فهد,مطعم فوركليفت,سويس باتر - حي الملك فهد,مطعم فوركليفت - سويس باتر - حي الملك فهد,العليا,بلدية,بلدية العليا,True,False,لا يوجد,,0,,,False,none,,0,False
Data 2025.xlsx,9133,2025-10-11,2025-10,2025-W41,4,5,sal-1663-r01,Sal-1663-R01,سلطة افوكادو,السلطة(Salad),Salad,السلطة(Salad),produce,ناندوز - حي الملك فهد,ناندوز,حي الملك فهد,ناندوز - حي الملك فهد,العليا,بلدية,بلدية العليا,True,False,لا يوجد,,0,,,False,none,,0,False
Data 2025.xlsx,9111,2025-10-11,2025-10,2025-W41,4,5,sau-2513-r01,sau-2513-R01,صوص ليمون ماسترد,صوص (sauce),sauce,صوص (sauce),sauce_condiment,مطعم فوركليفت - سويس باتر - حي الملك فهد,مطعم فوركليفت,سويس باتر - حي الملك فهد,مطعم فوركليفت - سويس باتر - حي الملك فهد,العليا,بلدية,بلدية العليا,True,False,لا يوجد,,0,,,False,none,,0,False
Data 2025.xlsx,9112,2025-10-11,2025-10,2025-W41,4,5,sau-2514-r01,sau-2514-R01,صوص شوكولاتة,صوص (sauce),sauce,صوص (sauce),sauce_condiment,مطعم فوركليفت - سويس باتر - حي الملك فهد,مطعم فوركليفت,سويس باتر - حي الملك فهد,مطعم فوركليفت - سويس باتر - حي الملك فهد,العليا,بلدية,بلدية العليا,True,False,لا يوجد,,0,,,False,none,,0,False
Data 2025.xlsx,9113,2025-10-11,2025-10,2025-W41,4,5,sau-2515-r01,sau-2515-R01,صوص كراميل,صوص (sauce),sauce,صوص (sauce),sauce_condiment,مطعم فوركليفت - سويس باتر - حي الملك فهد,مطعم فوركليفت,سويس باتر - حي الملك فهد,مطعم فوركليفت - سويس باتر - حي الملك فهد,العليا,بلدية,بلدية العليا,True,False,لا يوجد,,0,,,False,none,,0,False
Data 2025.xlsx,9118,2025-10-11,2025-10,2025-W41,4,5,sau-2516-r01,sau-2516-R01,صوص باشن فروت,صوص (sauce),sauce,صوص (sauce),sauce_condiment,مطعم فوركليفت - سويس باتر - حي الملك فهد,مطعم فوركليفت,سويس باتر - حي الملك فهد,مطعم فوركليفت - سويس باتر - حي الملك فهد,العليا,بلدية,بلدية العليا,True,False,لا يوجد,,0,,,False,none,,0,False
Data 2025.xlsx,9122,2025-10-11,2025-10,2025-W41,4,5,sau-2517-r01,sau-2517-R01,صوص توت العليق,صوص (sauce),sauce,صوص (sauce),sauce_condiment,مطعم فوركليفت - سويس باتر - حي الملك فهد,مطعم فوركليفت,سويس باتر - حي الملك فهد,مطعم فوركليفت - سويس باتر - حي الملك فهد,العليا,بلدية,بلدية العليا,True,False,لا يوجد,,0,,,False,none,,0,False
Data 2025.xlsx,9123,2025-10-11,2025-10,2025-W41,4,5,sau-2518-r01,sau-2518-R01,صوص كاتشب,صوص (sauce),sauce,صوص (sauce),sauce_condiment,مطعم فوركليفت - سويس باتر - حي الملك فهد,مطعم فوركليفت,سويس باتر - حي الملك فهد,مطعم فوركليفت - سويس باتر - حي الملك فهد,العليا,بلدية,بلدية العليا,True,False,لا يوجد,,0,,,False,none,,0,False
Data 2025.xlsx,9124,2025-10-11,2025-10,2025-W41,4,5,sau-2519-r01,sau-2519-R01,صوص ماسترد ديجون,صوص (sauce),sauce,صوص (sauce),sauce_condiment,مطعم فوركليفت - سويس باتر - حي الملك فهد,مطعم فوركليفت,سويس باتر - حي الملك فهد,مطعم فوركليفت - سويس باتر - حي الملك فهد,العليا,بلدية,بلدية العليا,True,False,لا يوجد,,0,,,False,none,,0,False
Data 2025.xlsx,9127,2025-10-11,2025-10,2025-W41,4,5,sau-2520-r01,sau-2520-R01,صوص فري نايس,صوص (sauce),sauce,صوص (sauce),sauce_condiment,ناندوز - حي الملك فهد,ناندوز,حي الملك فهد,ناندوز - حي الملك فهد,العليا,بلدية,بلدية العليا,True,False,لا يوجد,,0,,,False,none,,0,False
Data 2025.xlsx,9128,2025-10-11,2025-10,2025-W41,4,5,sau-2521-r01,sau-2521-R01,صوص مايونيز,صوص (sauce),sauce,صوص (sauce),sauce_condiment,ناندوز - حي الملك فهد,ناندوز,حي الملك فهد,ناندوز - حي الملك فهد,العليا,بلدية,بلدية العليا,True,False,لا يوجد,,0,,,False,none,,0,False
Data 2025.xlsx,9129,2025-10-11,2025-10,2025-W41,4,5,sau-2522-r01,sau-2522-R01,صوص سيزر,صوص (sauce),sauce,صوص (sauce),sauce_condiment,ناندوز - حي الملك فهد,ناندوز,حي الملك فهد,ناندوز - حي الملك فهد,العليا,بلدية,بلدية العليا,True,False,لا يوجد,,0,,,False,none,,0,False
Data 2025.xlsx,9130,2025-10-11,2025-10,2025-W41,4,5,sau-2523-r01,sau-2523-R01,صوص زبادي مع نعناع,صوص (sauce),sauce,صوص (sauce),sauce_condiment,ناندوز - حي الملك فهد,ناندوز,حي الملك فهد,ناندوز - حي الملك فهد,العليا,بلدية,بلدية العليا,True,False,لا يوجد,,0,,,False,none,,0,False
Data 2025.xlsx,9134,2025-10-11,2025-10,2025-W41,4,5,sau-2524-r01,sau-2524-R01,صوص كاجو,صوص (sauce),sauce,صوص (sauce),sauce_condiment,ناندوز - حي الملك فهد,ناندوز,حي الملك فهد,ناندوز - حي الملك فهد,العليا,بلدية,بلدية العليا,False,True,العد الكلي للبكتيريا,العد الكلي للبكتيريا,1,,العد الكلي للبكتيريا,False,indicator_only,,1,False
Data 2025.xlsx,9135,2025-10-11,2025-10,2025-W41,4,5,sau-2525-r01,sau-2525-R01,صوص طماطم,صوص (sauce),sauce,صوص (sauce),sauce_condiment,ناندوز - حي الملك فهد,ناندوز,حي الملك فهد,ناندوز - حي الملك فهد,العليا,بلدية,بلدية العليا,True,False,لا يوجد,,0,,,False,none,,1,False
Data 2025.xlsx,9136,2025-10-11,2025-10,2025-W41,4,5,sau-2526-r01,sau-2526-R01,صوص ليمون بالاعشاب,صوص (sauce),sauce,صوص (sauce),sauce_condiment,ناندوز - حي الملك فهد,ناندوز,حي الملك فهد,ناندوز - حي الملك فهد,العليا,بلدية,بلدية العليا,True,False,لا يوجد,,0,,,False,none,,1,False
Data 2025.xlsx,9137,2025-10-11,2025-10,2025-W41,4,5,sau-2527-r01,sau-2527-R01,صوص مايل,صوص (sauce),sauce,صوص (sauce),sauce_condiment,ناندوز - حي الملك فهد,ناندوز,حي الملك فهد,ناندوز - حي الملك فهد,العليا,بلدية,بلدية العليا,True,False,لا يوجد,,0,,,False,none,,1,False
Data 2025.xlsx,9138,2025-10-11,2025-10,2025-W41,4,5,sau-2528-r01,sau-2528-R01,صوص حار,صوص (sauce),sauce,صوص (sauce),sauce_condiment,ناندوز - حي الملك فهد,ناندوز,حي الملك فهد,ناندوز - حي الملك فهد,العليا,بلدية,بلدية العليا,True,False,لا يوجد,,0,,,False,none,,1,False
Data 2025.xlsx,9144,2025-10-11,2025-10,2025-W41,4,5,sau-2529-r01,sau-2529-R01,صوص فراولة,صوص (sauce),sauce,صوص (sauce),sauce_condiment,ناندوز - حي الملك فهد,ناندوز,حي الملك فهد,ناندوز - حي الملك فهد,العليا,بلدية,بلدية العليا,True,False,لا يوجد,,0,,,False,none,,1,False
Data 2025.xlsx,9145,2025-10-11,2025-10,2025-W41,4,5,sau-2530-r01,sau-2530-R01,صوص مانجا,صوص (sauce),sauce,صوص (sauce),sauce_condiment,ناندوز - حي الملك فهد,ناندوز,حي الملك فهد,ناندوز - حي الملك فهد,العليا,بلدية,بلدية العليا,True,False,لا يوجد,,0,,,False,none,,1,False
Data 2025.xlsx,9114,2025-10-11,2025-10,2025-W41,4,5,sw-3583-r01,sw-3583-R01,مسحة حافظة بطاطس,(Swabs) المسحات,Swabs,(Swabs) المسحات,swab,مطعم فوركليفت - سويس باتر - حي الملك فهد,مطعم فوركليفت,سويس باتر - حي الملك فهد,مطعم فوركليفت - سويس باتر - حي الملك فهد,العليا,بلدية,بلدية العليا,True,False,لا يوجد,,0,,,False,none,,0,False
Data 2025.xlsx,9115,2025-10-11,2025-10,2025-W41,4,5,sw-3584-r01,sw-3584-R01,مسحة طاولة تقطع لحم مطبوخ,(Swabs) المسحات,Swabs,(Swabs) المسحات,swab,مطعم فوركليفت - سويس باتر - حي الملك فهد,مطعم فوركليفت,سويس باتر - حي الملك فهد,مطعم فوركليفت - سويس باتر - حي الملك فهد,العليا,بلدية,بلدية العليا,True,False,لا يوجد,,0,,,False,none,,0,False
Data 2025.xlsx,9116,2025-10-11,2025-10,2025-W41,4,5,sw-3585-r01,sw-3585-R01,مسحة حافظة ثلج,(Swabs) المسحات,Swabs,(Swabs) المسحات,swab,مطعم فوركليفت - سويس باتر - حي الملك فهد,مطعم فوركليفت,سويس باتر - حي الملك فهد,مطعم فوركليفت - سويس باتر - حي الملك فهد,العليا,بلدية,بلدية العليا,True,False,لا يوجد,,0,,,False,none,,0,False
Data 2025.xlsx,9125,2025-10-11,2025-10,2025-W41,4,5,sw-3586-r01,sw-3586-R01,مسحة صانعة ثلج,(Swabs) المسحات,Swabs,(Swabs) المسحات,swab,مطعم فوركليفت - سويس باتر - حي الملك فهد,مطعم فوركليفت,سويس باتر - حي الملك فهد,مطعم فوركليفت - سويس باتر - حي الملك فهد,العليا,بلدية,بلدية العليا,True,False,لا يوجد,,0,,,False,none,,0,False
Data 2025.xlsx,9139,2025-10-11,2025-10,2025-W41,4,5,sw-3587-r01,sw-3587-R01,مسحة ثلاجة اعداد,(Swabs) المسحات,Swabs,(Swabs) المسحات,swab,ناندوز - حي الملك فهد,ناندوز,حي الملك فهد,ناندوز - حي الملك فهد,العليا,بلدية,بلدية العليا,True,False,لا يوجد,,0,,,False,none,,1,False
Data 2025.xlsx,9140,2025-10-11,2025-10,2025-W41,4,5,sw-3588-r01,sw-3588-R01,مسحة طاولة تقطيع,(Swabs) المسحات,Swabs,(Swabs) المسحات,swab,ناندوز - حي الملك فهد,ناندوز,حي الملك فهد,ناندوز - حي الملك فهد,العليا,بلدية,بلدية العليا,True,False,لا يوجد,,0,,,False,none,,1,False
Data 2025.xlsx,9141,2025-10-11,2025-10,2025-W41,4,5,sw-3589-r01,sw-3589-R01,مسحة صانعة ثلج,(Swabs) المسحات,Swabs,(Swabs) المسحات,swab,ناندوز - حي الملك فهد,ناندوز,حي الملك فهد,ناندوز - حي الملك فهد,العليا,بلدية,بلدية العليا,True,False,لا يوجد,,0,,,False,none,,1,False
Data 2025.xlsx,9126,2025-10-11,2025-10,2025-W41,4,5,ubot-1105-r01,Ubot-1105-R01,مياه لغسيل الادوات م- ك,المياه الغير معبأة (Unbottled water),Unbottled water,المياه الغير المعبأة (Unbottled water),water,مطعم فوركليفت - سويس باتر - حي الملك فهد,مطعم فوركليفت,سويس باتر - حي الملك فهد,مطعم فوركليفت - سويس باتر - حي الملك فهد,العليا,بلدية,بلدية العليا,True,False,لا يوجد,,0,,,False,none,category_merged_to_canonical,0,False
Data 2025.xlsx,9149,2025-10-11,2025-10,2025-W41,4,5,ubot-1106-r01,Ubot-1106-R01,مياه لغسيل الادوات م - ك,المياه الغير معبأة (Unbottled water),Unbottled water,المياه الغير المعبأة (Unbottled water),water,ناندوز - حي الملك فهد,ناندوز,حي الملك فهد,ناندوز - حي الملك فهد,العليا,بلدية,بلدية العليا,True,False,لا يوجد,,0,,,False,none,category_merged_to_canonical,1,False
Data 2025.xlsx,9147,2025-10-11,2025-10,2025-W41,4,5,vefr-0112-r01,VeFr-0112-R01,بذر باشن فروت,الخضروات/الفواكه-(Vegetables/Fruits),Vegetables/Fruits,الخضروات/الفواكه-(Vegetables/Fruits),produce,ناندوز - حي الملك فهد,ناندوز,حي الملك فهد,ناندوز - حي الملك فهد,العليا,بلدية,بلدية العليا,True,False,لا يوجد,,0,,,False,none,,1,False
Data 2025.xlsx,9171,2025-10-12,2025-10,2025-W41,4,6,1-3571-R01,1-3571-R01,فطيرة نقانق,(Pie) فطيرة,Pie,(Pie) فطيرة,sweets_bakery,اسواق و مخابز روضة الياسمين,اسواق و مخابز روضة الياسمين,,اسواق و مخابز روضة الياسمين,الشمال,بلدية,بلدية الشمال,True,False,لا يوجد,,0,,,False,none,,11,True
Data 2025.xlsx,9172,2025-10-12,2025-10,2025-W41,4,6,1-3572-R01,1-3572-R01,فطيرة جبنة مالحة,(Pie) فطيرة,Pie,(Pie) فطيرة,sweets_bakery,اسواق و مخابز روضة الياسمين,اسواق و مخابز روضة الياسمين,,اسواق و مخابز روضة الياسمين,الشمال,بلدية,بلدية الشمال,True,False,لا يوجد,,0,,,False,none,,11,True
Data 2025.xlsx,9163,2025-10-12,2025-10,2025-W41,4,6,OOSS-eg-0388-R01,OOSS-eg-0388-R01,مكدوس,الباذنجان (eggplant),eggplant,الباذنجان (eggplant),dairy,اسواق و مخابز روضة الياسمين,اسواق و مخابز روضة الياسمين,,اسواق و مخابز روضة الياسمين,الشمال,بلدية,بلدية الشمال,True,False,لا يوجد,,0,,,False,none,,10,True
Data 2025.xlsx,9186,2025-10-12,2025-10,2025-W41,4,6,UU-pe-1561-R01,UU-pe-1561-R01,فلفل محشي لبنة,الفلفل (peppers),peppers,الفلفل (peppers),produce,اسواق التين المركزية,اسواق التين المركزية,,اسواق التين المركزية,الشمال,بلدية,بلدية الشمال,True,False,لا يوجد,,0,,,False,none,,4,True
Data 2025.xlsx,9201,2025-10-12,2025-10,2025-W41,4,6,ca-0065-r01,ca-0065-R01,كروسون جبن شيدر,الكعك ومنتجات المخابز الجاهزة للاكل بدون تسخين (Cakes and bakery products ready to eat ),Cakes and bakery products ready to eat,الكعك ومنتجات المخابز الجاهزة للاكل بدون تسخين (Cakes and bakery products ready to eat ),sweets_bakery,اسواق التين المركزية,اسواق التين المركزية,,اسواق التين المركزية,الشمال,بلدية,بلدية الشمال,True,False,لا يوجد,,0,,,False,none,,5,True
Data 2025.xlsx,9156,2025-10-12,2025-10,2025-W41,4,6,ch-0005-r01,CH-0005-R01,سلطة جبن بالشبت,(Hard and Semi Hard Cheese) الأجبان الجامدة وشبه جامدة,Hard and Semi Hard Cheese,(Hard and Semi Hard Cheese) الأجبان الجامدة وشبه جامدة,dairy,اسواق و مخابز روضة الياسمين,اسواق و مخابز روضة الياسمين,,اسواق و مخابز روضة الياسمين,الشمال,بلدية,بلدية الشمال,False,True,استافيلوكوكس اورياس,استافيلوكوكس اورياس,1,استافيلوكوكس اورياس,,True,pathogen,,5,True
Data 2025.xlsx,9157,2025-10-12,2025-10,2025-W41,4,6,ch-0006-r01,CH-0006-R01,سلطة جبن بالفلفل بارد,(Hard and Semi Hard Cheese) الأجبان الجامدة وشبه جامدة,Hard and Semi Hard Cheese,(Hard and Semi Hard Cheese) الأجبان الجامدة وشبه جامدة,dairy,اسواق و مخابز روضة الياسمين,اسواق و مخابز روضة الياسمين,,اسواق و مخابز روضة الياسمين,الشمال,بلدية,بلدية الشمال,False,True,انتيروباكتريسي,انتيروباكتريسي,1,,انتيروباكتريسي,False,indicator_only,,6,True
Data 2025.xlsx,9158,2025-10-12,2025-10,2025-W41,4,6,ch-0007-r01,CH-0007-R01,سلطة جبن سبايسي,(Hard and Semi Hard Cheese) الأجبان الجامدة وشبه جامدة,Hard and Semi Hard Cheese,(Hard and Semi Hard Cheese) الأجبان الجامدة وشبه جامدة,dairy,اسواق و مخابز روضة الياسمين,اسواق و مخابز روضة الياسمين,,اسواق و مخابز روضة الياسمين,الشمال,بلدية,بلدية الشمال,False,True,انتيروباكتريسي,انتيروباكتريسي,1,,انتيروباكتريسي,False,indicator_only,,7,True
Data 2025.xlsx,9161,2025-10-12,2025-10,2025-W41,4,6,ch-0008-r01,CH-0008-R01,جبنة مفروم حارة,(Hard and Semi Hard Cheese) الأجبان الجامدة وشبه جامدة,Hard and Semi Hard Cheese,(Hard and Semi Hard Cheese) الأجبان الجامدة وشبه جامدة,dairy,اسواق و مخابز روضة الياسمين,اسواق و مخابز روضة الياسمين,,اسواق و مخابز روضة الياسمين,الشمال,بلدية,بلدية الشمال,False,True,انتيروباكتريسي,انتيروباكتريسي,1,,انتيروباكتريسي,False,indicator_only,,9,True
Data 2025.xlsx,9162,2025-10-12,2025-10,2025-W41,4,6,ch-0009-r01,CH-0009-R01,مش بالحبة السوداء,(Hard and Semi Hard Cheese) الأجبان الجامدة وشبه جامدة,Hard and Semi Hard Cheese,(Hard and Semi Hard Cheese) الأجبان الجامدة وشبه جامدة,dairy,اسواق و مخابز روضة الياسمين,اسواق و مخابز روضة الياسمين,,اسواق و مخابز روضة الياسمين,الشمال,بلدية,بلدية الشمال,False,True,انتيروباكتريسي,انتيروباكتريسي,1,,انتيروباكتريسي,False,indicator_only,,10,True
Data 2025.xlsx,9178,2025-10-12,2025-10,2025-W41,4,6,ch-0010-r01,CH-0010-R01,لبنة مكدوس,(Hard and Semi Hard Cheese) الأجبان الجامدة وشبه جامدة,Hard and Semi Hard Cheese,(Hard and Semi Hard Cheese) الأجبان الجامدة وشبه جامدة,dairy,اسواق التين المركزية,اسواق التين المركزية,,اسواق التين المركزية,الشمال,بلدية,بلدية الشمال,False,True,الخمائر والاعفان | استافيلوكوكس اورياس,الخمائر والاعفان | استافيلوكوكس اورياس,2,استافيلوكوكس اورياس,الخمائر والاعفان,True,pathogen,,1,False
Data 2025.xlsx,9179,2025-10-12,2025-10,2025-W41,4,6,ch-0011-r01,CH-0011-R01,لبنة افوكادو,(Hard and Semi Hard Cheese) الأجبان الجامدة وشبه جامدة,Hard and Semi Hard Cheese,(Hard and Semi Hard Cheese) الأجبان الجامدة وشبه جامدة,dairy,اسواق التين المركزية,اسواق التين المركزية,,اسواق التين المركزية,الشمال,بلدية,بلدية الشمال,False,True,الخمائر والاعفان | استافيلوكوكس اورياس,الخمائر والاعفان | استافيلوكوكس اورياس,2,استافيلوكوكس اورياس,الخمائر والاعفان,True,pathogen,,2,True
Data 2025.xlsx,9180,2025-10-12,2025-10,2025-W41,4,6,ch-0012-r01,CH-0012-R01,لبنة قليلة الدسم,(Hard and Semi Hard Cheese) الأجبان الجامدة وشبه جامدة,Hard and Semi Hard Cheese,(Hard and Semi Hard Cheese) الأجبان الجامدة وشبه جامدة,dairy,اسواق التين المركزية,اسواق التين المركزية,,اسواق التين المركزية,الشمال,بلدية,بلدية الشمال,False,True,الخمائر والاعفان | استافيلوكوكس اورياس | انتيروباكتريسي | ايشيريشيا كولاي,الخمائر والاعفان | استافيلوكوكس اورياس | انتيروباكتريسي | ايشيريشيا كولاي,4,استافيلوكوكس اورياس | ايشيريشيا كولاي,الخمائر والاعفان | انتيروباكتريسي,True,multi_pathogen,,3,True
Data 2025.xlsx,9181,2025-10-12,2025-10,2025-W41,4,6,ch-0013-r01,CH-0013-R01,لبنة رمان,(Hard and Semi Hard Cheese) الأجبان الجامدة وشبه جامدة,Hard and Semi Hard Cheese,(Hard and Semi Hard Cheese) الأجبان الجامدة وشبه جامدة,dairy,اسواق التين المركزية,اسواق التين المركزية,,اسواق التين المركزية,الشمال,بلدية,بلدية الشمال,False,True,الخمائر والاعفان,الخمائر والاعفان,1,,الخمائر والاعفان,False,indicator_only,,4,True
Data 2025.xlsx,9182,2025-10-12,2025-10,2025-W41,4,6,ch-0014-r01,CH-0014-R01,لبنة لبنانية,(Hard and Semi Hard Cheese) الأجبان الجامدة وشبه جامدة,Hard and Semi Hard Cheese,(Hard and Semi Hard Cheese) الأجبان الجامدة وشبه جامدة,dairy,اسواق التين المركزية,اسواق التين المركزية,,اسواق التين المركزية,الشمال,بلدية,بلدية الشمال,True,False,لا يوجد,,0,,,False,none,,4,True
Data 2025.xlsx,9187,2025-10-12,2025-10,2025-W41,4,6,ch-0015-r01,CH-0015-R01,جبنة شامية,(Hard and Semi Hard Cheese) الأجبان الجامدة وشبه جامدة,Hard and Semi Hard Cheese,(Hard and Semi Hard Cheese) الأجبان الجامدة وشبه جامدة,dairy,اسواق التين المركزية,اسواق التين المركزية,,اسواق التين المركزية,الشمال,بلدية,بلدية الشمال,True,False,لا يوجد,,0,,,False,none,,4,True
Data 2025.xlsx,9193,2025-10-12,2025-10,2025-W41,4,6,ch-0016-r01,CH-0016-R01,جبنة هنقاري مع حبة البركة,(Hard and Semi Hard Cheese) الأجبان الجامدة وشبه جامدة,Hard and Semi Hard Cheese,(Hard and Semi Hard Cheese) الأجبان الجامدة وشبه جامدة,dairy,اسواق التين المركزية,اسواق التين المركزية,,اسواق التين المركزية,الشمال,بلدية,بلدية الشمال,True,False,لا يوجد,,0,,,False,none,,5,True
Data 2025.xlsx,9159,2025-10-12,2025-10,2025-W41,4,6,cr-0001-r01,CR-0001-R01,شبيه قشطة,(Pasteurized Cream) قشده مبسترة بدون نكهة,Pasteurized Cream,(Pasteurized Cream) قشده مبسترة بدون نكهة,dairy,اسواق و مخابز روضة الياسمين,اسواق و مخابز روضة الياسمين,,اسواق و مخابز روضة الياسمين,الشمال,بلدية,بلدية الشمال,False,True,العد الكلي للبكتيريا,العد الكلي للبكتيريا,1,,العد الكلي للبكتيريا,False,indicator_only,,8,True
Data 2025.xlsx,9160,2025-10-12,2025-10,2025-W41,4,6,fermintedmilk-0009-r01,Fermintedmilk-0009-R01,لبنة,"Fermented milk products , منتجات الحليب المخمرة",Fermented milk products,"Fermented milk products , منتجات الحليب المخمرة",dairy,اسواق و مخابز روضة الياسمين,اسواق و مخابز روضة الياسمين,,اسواق و مخابز روضة الياسمين,الشمال,بلدية,بلدية الشمال,True,False,لا يوجد,,0,,,False,none,,8,True
Data 2025.xlsx,9170,2025-10-12,2025-10,2025-W41,4,6,ho-0251-r01,ho-0251-R01,عسل سدر يمني م ك,(Honey) عسل النحل,Honey,(Honey) عسل النحل,sweets_bakery,اسواق و مخابز روضة الياسمين,اسواق و مخابز روضة الياسمين,,اسواق و مخابز روضة الياسمين,الشمال,بلدية,بلدية الشمال,True,False,لا يوجد,,0,,,False,none,,11,True
Data 2025.xlsx,9194,2025-10-12,2025-10,2025-W41,4,6,ho-0252-r01,ho-0252-R01,عسل سدر م ك,(Honey) عسل النحل,Honey,(Honey) عسل النحل,sweets_bakery,اسواق التين المركزية,اسواق التين المركزية,,اسواق التين المركزية,الشمال,بلدية,بلدية الشمال,True,False,لا يوجد,,0,,,False,none,,5,True
Data 2025.xlsx,9195,2025-10-12,2025-10,2025-W41,4,6,ho-0253-r01,ho-0253-R01,عسل عصيمي م,(Honey) عسل النحل,Honey,(Honey) عسل النحل,sweets_bakery,اسواق التين المركزية,اسواق التين المركزية,,اسواق التين المركزية,الشمال,بلدية,بلدية الشمال,True,False,لا يوجد,,0,,,False,none,,5,True
Data 2025.xlsx,9150,2025-10-12,2025-10,2025-W41,4,6,olv-0628-r01,olv-0628-R01,زيتون اخضر جزر,الزيتون /Olive,Olive,الزيتون /Olive,produce,اسواق و مخابز روضة الياسمين,اسواق و مخابز روضة الياسمين,,اسواق و مخابز روضة الياسمين,الشمال,بلدية,بلدية الشمال,False,True,خمائر,الخمائر والاعفان,1,,الخمائر والاعفان,False,indicator_only,,1,False
Data 2025.xlsx,9151,2025-10-12,2025-10,2025-W41,4,6,olv-0629-r01,olv-0629-R01,زيتون اخضر مشوي,الزيتون /Olive,Olive,الزيتون /Olive,produce,اسواق و مخابز روضة الياسمين,اسواق و مخابز روضة الياسمين,,اسواق و مخابز روضة الياسمين,الشمال,بلدية,بلدية الشمال,True,False,لا يوجد,,0,,,False,none,,1,False
Data 2025.xlsx,9152,2025-10-12,2025-10,2025-W41,4,6,olv-0630-r01,olv-0630-R01,زيتون اسود,الزيتون /Olive,Olive,الزيتون /Olive,produce,اسواق و مخابز روضة الياسمين,اسواق و مخابز روضة الياسمين,,اسواق و مخابز روضة الياسمين,الشمال,بلدية,بلدية الشمال,False,True,خمائر,الخمائر والاعفان,1,,الخمائر والاعفان,False,indicator_only,,2,True
Data 2025.xlsx,9153,2025-10-12,2025-10,2025-W41,4,6,olv-0631-r01,olv-0631-R01,زيتون اسود بدون نواة,الزيتون /Olive,Olive,الزيتون /Olive,produce,اسواق و مخابز روضة الياسمين,اسواق و مخابز روضة الياسمين,,اسواق و مخابز روضة الياسمين,الشمال,بلدية,بلدية الشمال,False,True,خمائر,الخمائر والاعفان,1,,الخمائر والاعفان,False,indicator_only,,3,True
Data 2025.xlsx,9154,2025-10-12,2025-10,2025-W41,4,6,olv-0632-r01,olv-0632-R01,زيتون اخضر شراىح,الزيتون /Olive,Olive,الزيتون /Olive,produce,اسواق و مخابز روضة الياسمين,اسواق و مخابز روضة الياسمين,,اسواق و مخابز روضة الياسمين,الشمال,بلدية,بلدية الشمال,False,True,خمائر,الخمائر والاعفان,1,,الخمائر والاعفان,False,indicator_only,,4,True
Data 2025.xlsx,9184,2025-10-12,2025-10,2025-W41,4,6,olv-0633-r01,olv-0633-R01,زيتون اخضر مشوي مع لبنة,الزيتون /Olive,Olive,الزيتون /Olive,produce,اسواق التين المركزية,اسواق التين المركزية,,اسواق التين المركزية,الشمال,بلدية,بلدية الشمال,True,False,لا يوجد,,0,,,False,none,,4,True
Data 2025.xlsx,9191,2025-10-12,2025-10,2025-W41,4,6,olv-0634-r01,olv-0634-R01,زيتون كالاماتا,الزيتون /Olive,Olive,الزيتون /Olive,produce,اسواق التين المركزية,اسواق التين المركزية,,اسواق التين المركزية,الشمال,بلدية,بلدية الشمال,True,False,لا يوجد,,0,,,False,none,,5,True
Data 2025.xlsx,9192,2025-10-12,2025-10,2025-W41,4,6,olv-0635-r01,olv-0635-R01,زيتون اخضر اردني,الزيتون /Olive,Olive,الزيتون /Olive,produce,اسواق التين المركزية,اسواق التين المركزية,,اسواق التين المركزية,الشمال,بلدية,بلدية الشمال,True,False,لا يوجد,,0,,,False,none,,5,True
Data 2025.xlsx,9155,2025-10-12,2025-10,2025-W41,4,6,pick-0558-r01,Pick-0558-R01,مخلل خيار صغير,المخلل (Pickle),Pickle,المخلل (Pickle),sauce_condiment,اسواق و مخابز روضة الياسمين,اسواق و مخابز روضة الياسمين,,اسواق و مخابز روضة الياسمين,الشمال,بلدية,بلدية الشمال,True,False,لا يوجد,,0,,,False,none,,4,True
Data 2025.xlsx,9176,2025-10-12,2025-10,2025-W41,4,6,pu-0002-r01,pu-0002-R01,فشار,"رقائق ومنتفخات الحبوب (Puffed , flaked cereal products )","Puffed , flaked cereal products","رقائق ومنتفخات الحبوب (Puffed , flaked cereal products )",produce,سيارة مجهولة المصدر,سيارة مجهولة المصدر,,سيارة مجهولة المصدر,الشمال,بلدية,بلدية الشمال,True,False,لا يوجد,,0,,,False,none,,0,False
Data 2025.xlsx,9185,2025-10-12,2025-10,2025-W41,4,6,raw-0515-r01,Raw-0515-R01,مرتديلا مكس لحم دجاج,لحم دواجن معامل بالتمليح مع التدخين (Poultry meat plants by salting with smoking),Poultry meat plants by salting with smoking,لحم دواجن معامل بالتمليح مع التدخين (Poultry meat plants by salting with smoking),cooked_meat_poultry,اسواق التين المركزية,اسواق التين المركزية,,اسواق التين المركزية,الشمال,بلدية,بلدية الشمال,True,False,لا يوجد,,0,,,False,none,,4,True
Data 2025.xlsx,9173,2025-10-12,2025-10,2025-W41,4,6,sa-0904-r01,sa-0904-R01,بيتزا,اطعمة جاهزة للأكل Ready to eat meals,Ready to eat meals,اطعمة جاهزة للأكل Ready to eat meals,prepared_meal,اسواق و مخابز روضة الياسمين,اسواق و مخابز روضة الياسمين,,اسواق و مخابز روضة الياسمين,الشمال,بلدية,بلدية الشمال,True,False,لا يوجد,,0,,,False,none,,11,True
Data 2025.xlsx,9203,2025-10-12,2025-10,2025-W41,4,6,sa-0905-r01,sa-0905-R01,بيتزا,اطعمة جاهزة للأكل Ready to eat meals,Ready to eat meals,اطعمة جاهزة للأكل Ready to eat meals,prepared_meal,اسواق التين المركزية,اسواق التين المركزية,,اسواق التين المركزية,الشمال,بلدية,بلدية الشمال,True,False,لا يوجد,,0,,,False,none,,6,True
Data 2025.xlsx,9183,2025-10-12,2025-10,2025-W41,4,6,sal-1664-r01,Sal-1664-R01,سلطة جبن مع مكدوس,السلطة(Salad),Salad,السلطة(Salad),produce,اسواق التين المركزية,اسواق التين المركزية,,اسواق التين المركزية,الشمال,بلدية,بلدية الشمال,True,False,لا يوجد,,0,,,False,none,,4,True
Data 2025.xlsx,9188,2025-10-12,2025-10,2025-W41,4,6,sal-1665-r01,Sal-1665-R01,سلطة مكدوس,السلطة(Salad),Salad,السلطة(Salad),produce,اسواق التين المركزية,اسواق التين المركزية,,اسواق التين المركزية,الشمال,بلدية,بلدية الشمال,False,True,خمائر,الخمائر والاعفان,1,,الخمائر والاعفان,False,indicator_only,,5,True
Data 2025.xlsx,9189,2025-10-12,2025-10,2025-W41,4,6,sal-1666-r01,Sal-1666-R01,مكدوس مفروم,السلطة(Salad),Salad,السلطة(Salad),produce,اسواق التين المركزية,اسواق التين المركزية,,اسواق التين المركزية,الشمال,بلدية,بلدية الشمال,True,False,لا يوجد,,0,,,False,none,,5,True
Data 2025.xlsx,9190,2025-10-12,2025-10,2025-W41,4,6,sal-1667-r01,Sal-1667-R01,سلطة تونة,السلطة(Salad),Salad,السلطة(Salad),produce,اسواق التين المركزية,اسواق التين المركزية,,اسواق التين المركزية,الشمال,بلدية,بلدية الشمال,True,False,لا يوجد,,0,,,False,none,,5,True
Data 2025.xlsx,9164,2025-10-12,2025-10,2025-W41,4,6,se-0002-r01,se-0002-R01,حلاوة طحينة,Sesame Seed Products منتجات السمسم,Sesame Seed Products,Sesame Seed Products منتجات السمسم,produce,اسواق و مخابز روضة الياسمين,اسواق و مخابز روضة الياسمين,,اسواق و مخابز روضة الياسمين,الشمال,بلدية,بلدية الشمال,True,False,لا يوجد,,0,,,False,none,,10,True
Data 2025.xlsx,9174,2025-10-12,2025-10,2025-W41,4,6,see-0002-r01,see-0002-R01,معمول تمر,الحلويات العربية (Arabic sweets),Arabic sweets,الحلويات العربية (Arabic sweets),sweets_bakery,اسواق و مخابز روضة الياسمين,اسواق و مخابز روضة الياسمين,,اسواق و مخابز روضة الياسمين,الشمال,بلدية,بلدية الشمال,True,False,لا يوجد,,0,,,False,none,,11,True
Data 2025.xlsx,9175,2025-10-12,2025-10,2025-W41,4,6,see-0003-r01,see-0003-R01,بتس فور,الحلويات العربية (Arabic sweets),Arabic sweets,الحلويات العربية (Arabic sweets),sweets_bakery,اسواق و مخابز روضة الياسمين,اسواق و مخابز روضة الياسمين,,اسواق و مخابز روضة الياسمين,الشمال,بلدية,بلدية الشمال,True,False,لا يوجد,,0,,,False,none,,11,True
Data 2025.xlsx,9204,2025-10-12,2025-10,2025-W41,4,6,see-0004-r01,see-0004-R01,معمول بالتمر و القشطة,الحلويات العربية (Arabic sweets),Arabic sweets,الحلويات العربية (Arabic sweets),sweets_bakery,اسواق التين المركزية,اسواق التين المركزية,,اسواق التين المركزية,الشمال,بلدية,بلدية الشمال,True,False,لا يوجد,,0,,,False,none,,6,True
Data 2025.xlsx,9165,2025-10-12,2025-10,2025-W41,4,6,sw-3590-r01,sw-3590-R01,مسحة ثلاجة,(Swabs) المسحات,Swabs,(Swabs) المسحات,swab,اسواق و مخابز روضة الياسمين,اسواق و مخابز روضة الياسمين,,اسواق و مخابز روضة الياسمين,الشمال,بلدية,بلدية الشمال,True,False,لا يوجد,,0,,,False,none,,10,True
Data 2025.xlsx,9166,2025-10-12,2025-10,2025-W41,4,6,sw-3591-r01,sw-3591-R01,مسحة ثلاجة,(Swabs) المسحات,Swabs,(Swabs) المسحات,swab,اسواق و مخابز روضة الياسمين,اسواق و مخابز روضة الياسمين,,اسواق و مخابز روضة الياسمين,الشمال,بلدية,بلدية الشمال,True,False,لا يوجد,,0,,,False,none,,10,True
Data 2025.xlsx,9167,2025-10-12,2025-10,2025-W41,4,6,sw-3592-r01,sw-3592-R01,مسحة ثلاجة,(Swabs) المسحات,Swabs,(Swabs) المسحات,swab,اسواق و مخابز روضة الياسمين,اسواق و مخابز روضة الياسمين,,اسواق و مخابز روضة الياسمين,الشمال,بلدية,بلدية الشمال,True,False,لا يوجد,,0,,,False,none,,10,True
Data 2025.xlsx,9168,2025-10-12,2025-10,2025-W41,4,6,sw-3593-r01,sw-3593-R01,مسحة قطاعة مرتديلا,(Swabs) المسحات,Swabs,(Swabs) المسحات,swab,اسواق و مخابز روضة الياسمين,اسواق و مخابز روضة الياسمين,,اسواق و مخابز روضة الياسمين,الشمال,بلدية,بلدية الشمال,False,True,العد الكلي للبكتيريا,العد الكلي للبكتيريا,1,,العد الكلي للبكتيريا,False,indicator_only,,11,True
Data 2025.xlsx,9169,2025-10-12,2025-10,2025-W41,4,6,sw-3594-r01,sw-3594-R01,مسحة حافظة حلاوة طحينة,(Swabs) المسحات,Swabs,(Swabs) المسحات,swab,اسواق و مخابز روضة الياسمين,اسواق و مخابز روضة الياسمين,,اسواق و مخابز روضة الياسمين,الشمال,بلدية,بلدية الشمال,True,False,لا يوجد,,0,,,False,none,,11,True
Data 2025.xlsx,9196,2025-10-12,2025-10,2025-W41,4,6,sw-3595-r01,sw-3595-R01,مسحة ثلاجة,(Swabs) المسحات,Swabs,(Swabs) المسحات,swab,اسواق التين المركزية,اسواق التين المركزية,,اسواق التين المركزية,الشمال,بلدية,بلدية الشمال,True,False,لا يوجد,,0,,,False,none,,5,True
Data 2025.xlsx,9197,2025-10-12,2025-10,2025-W41,4,6,sw-3596-r01,sw-3596-R01,مسحة ثلاجة,(Swabs) المسحات,Swabs,(Swabs) المسحات,swab,اسواق التين المركزية,اسواق التين المركزية,,اسواق التين المركزية,الشمال,بلدية,بلدية الشمال,True,False,لا يوجد,,0,,,False,none,,5,True
Data 2025.xlsx,9198,2025-10-12,2025-10,2025-W41,4,6,sw-3597-r01,sw-3597-R01,مسحة ثلاجة,(Swabs) المسحات,Swabs,(Swabs) المسحات,swab,اسواق التين المركزية,اسواق التين المركزية,,اسواق التين المركزية,الشمال,بلدية,بلدية الشمال,True,False,لا يوجد,,0,,,False,none,,5,True
Data 2025.xlsx,9199,2025-10-12,2025-10,2025-W41,4,6,sw-3598-r01,sw-3598-R01,مسحة حافظة حلاوة طحينية,(Swabs) المسحات,Swabs,(Swabs) المسحات,swab,اسواق التين المركزية,اسواق التين المركزية,,اسواق التين المركزية,الشمال,بلدية,بلدية الشمال,True,False,لا يوجد,,0,,,False,none,,5,True
Data 2025.xlsx,9200,2025-10-12,2025-10,2025-W41,4,6,sw-3599-r01,sw-3599-R01,مسحة ثلاجة,(Swabs) المسحات,Swabs,(Swabs) المسحات,swab,اسواق التين المركزية,اسواق التين المركزية,,اسواق التين المركزية,الشمال,بلدية,بلدية الشمال,True,False,لا يوجد,,0,,,False,none,,5,True
Data 2025.xlsx,9206,2025-10-12,2025-10,2025-W41,4,6,sw-3600-r01,sw-3600-R01,مسحة حافظة شابورا,(Swabs) المسحات,Swabs,(Swabs) المسحات,swab,اسواق التين المركزية,اسواق التين المركزية,,اسواق التين المركزية,الشمال,بلدية,بلدية الشمال,True,False,لا يوجد,,0,,,False,none,,6,True
Data 2025.xlsx,9207,2025-10-12,2025-10,2025-W41,4,6,sw-3601-r01,sw-3601-R01,مسحة حافظة شابورا,(Swabs) المسحات,Swabs,(Swabs) المسحات,swab,اسواق التين المركزية,اسواق التين المركزية,,اسواق التين المركزية,الشمال,بلدية,بلدية الشمال,True,False,لا يوجد,,0,,,False,none,,6,True
Data 2025.xlsx,9208,2025-10-12,2025-10,2025-W41,4,6,sw-3602-r01,sw-3602-R01,مسحة حافظة شابورا,(Swabs) المسحات,Swabs,(Swabs) المسحات,swab,اسواق التين المركزية,اسواق التين المركزية,,اسواق التين المركزية,الشمال,بلدية,بلدية الشمال,True,False,لا يوجد,,0,,,False,none,,6,True
Data 2025.xlsx,9177,2025-10-12,2025-10,2025-W41,4,6,sweet-1497-r01,sweet-1497-R01,غزل البنات,الحلا(sweetness),sweetness,الحلا(sweetness),sweets_bakery,سيارة مجهولة المصدر,سيارة مجهولة المصدر,,سيارة مجهولة المصدر,الشمال,بلدية,بلدية الشمال,True,False,لا يوجد,,0,,,False,none,,0,False
Data 2025.xlsx,9202,2025-10-12,2025-10,2025-W41,4,6,sweet-1498-r01,sweet-1498-R01,بسبوسة قشطة,الحلا(sweetness),sweetness,الحلا(sweetness),sweets_bakery,اسواق التين المركزية,اسواق التين المركزية,,اسواق التين المركزية,الشمال,بلدية,بلدية الشمال,False,True,استافيلوكوكس اورياس,استافيلوكوكس اورياس,1,استافيلوكوكس اورياس,,True,pathogen,,6,True
Data 2025.xlsx,9205,2025-10-12,2025-10,2025-W41,4,6,sweet-1499-r01,sweet-1499-R01,بقلاوة سادة,الحلا(sweetness),sweetness,الحلا(sweetness),sweets_bakery,اسواق التين المركزية,اسواق التين المركزية,,اسواق التين المركزية,الشمال,بلدية,بلدية الشمال,True,False,لا يوجد,,0,,,False,none,,6,True
Data 2025.xlsx,9209,2025-10-12,2025-10,2025-W41,4,6,ubot-1107-r01,Ubot-1107-R01,مياه فلتر للعجانة م ك,المياه الغير معبأة (Unbottled water),Unbottled water,المياه الغير المعبأة (Unbottled water),water,اسواق التين المركزية,اسواق التين المركزية,,اسواق التين المركزية,الشمال,بلدية,بلدية الشمال,True,True,كوليفورم | سيدوموناس,كوليفورم | سيدوموناس,2,,كوليفورم | سيدوموناس,False,indicator_only,category_merged_to_canonical|validity_says_valid_but_has_failures,7,True
Data 2025.xlsx,9229,2025-10-13,2025-10,2025-W42,4,0,1-3576-R01,1-3576-R01,نكهة باشن فروت,نكهات مركزة ( Syrup ),Syrup,نكهات مركزة ( Syrup ),sauce_condiment,سما بلص لاونج - حي الربيع,سما بلص لاونج,حي الربيع,سما بلص لاونج - حي الربيع,الشمال,بلدية,بلدية الشمال,True,False,لا يوجد,,0,,,False,none,,0,False
Data 2025.xlsx,9230,2025-10-13,2025-10,2025-W42,4,0,1-3577-R01,1-3577-R01,نكهة توت ازرق,نكهات مركزة ( Syrup ),Syrup,نكهات مركزة ( Syrup ),sauce_condiment,سما بلص لاونج - حي الربيع,سما بلص لاونج,حي الربيع,سما بلص لاونج - حي الربيع,الشمال,بلدية,بلدية الشمال,True,False,لا يوجد,,0,,,False,none,,0,False
Data 2025.xlsx,9231,2025-10-13,2025-10,2025-W42,4,0,1-3578-R01,1-3578-R01,نكهة اناناس,نكهات مركزة ( Syrup ),Syrup,نكهات مركزة ( Syrup ),sauce_condiment,سما بلص لاونج - حي الربيع,سما بلص لاونج,حي الربيع,سما بلص لاونج - حي الربيع,الشمال,بلدية,بلدية الشمال,True,False,لا يوجد,,0,,,False,none,,0,False
Data 2025.xlsx,9232,2025-10-13,2025-10,2025-W42,4,0,1-3579-R01,1-3579-R01,نكهة باشن فروت,نكهات مركزة ( Syrup ),Syrup,نكهات مركزة ( Syrup ),sauce_condiment,سما بلص لاونج - حي الربيع,سما بلص لاونج,حي الربيع,سما بلص لاونج - حي الربيع,الشمال,بلدية,بلدية الشمال,True,False,لا يوجد,,0,,,False,none,,0,False
Data 2025.xlsx,9233,2025-10-13,2025-10,2025-W42,4,0,1-3580-R01,1-3580-R01,نكهة رمان,نكهات مركزة ( Syrup ),Syrup,نكهات مركزة ( Syrup ),sauce_condiment,سما بلص لاونج - حي الربيع,سما بلص لاونج,حي الربيع,سما بلص لاونج - حي الربيع,الشمال,بلدية,بلدية الشمال,True,False,لا يوجد,,0,,,False,none,,0,False
Data 2025.xlsx,9234,2025-10-13,2025-10,2025-W42,4,0,1-3581-R01,1-3581-R01,نكهة قشر البرتقال ازرق,نكهات مركزة ( Syrup ),Syrup,نكهات مركزة ( Syrup ),sauce_condiment,سما بلص لاونج - حي الربيع,سما بلص لاونج,حي الربيع,سما بلص لاونج - حي الربيع,الشمال,بلدية,بلدية الشمال,True,False,لا يوجد,,0,,,False,none,,0,False
Data 2025.xlsx,9251,2025-10-13,2025-10,2025-W42,4,0,1-3582-R01,1-3582-R01,هلابينو,(jalapeno) هلابينو,jalapeno,(jalapeno) هلابينو,produce,تشاك اي تشيز - حي الربيع,تشاك اي تشيز,حي الربيع,تشاك اي تشيز - حي الربيع,الشمال,بلدية,بلدية الشمال,True,False,لا يوجد,,0,,,False,none,,0,False
Data 2025.xlsx,9258,2025-10-13,2025-10,2025-W42,4,0,1-3583-R01,1-3583-R01,نكهة قشر برتقال ازرق,نكهات مركزة ( Syrup ),Syrup,نكهات مركزة ( Syrup ),sauce_condiment,تشاك اي تشيز - حي الربيع,تشاك اي تشيز,حي الربيع,تشاك اي تشيز - حي الربيع,الشمال,بلدية,بلدية الشمال,True,False,لا يوجد,,0,,,False,none,,0,False
Data 2025.xlsx,9259,2025-10-13,2025-10,2025-W42,4,0,1-3584-R01,1-3584-R01,نكهة فراولة,نكهات مركزة ( Syrup ),Syrup,نكهات مركزة ( Syrup ),sauce_condiment,تشاك اي تشيز - حي الربيع,تشاك اي تشيز,حي الربيع,تشاك اي تشيز - حي الربيع,الشمال,بلدية,بلدية الشمال,True,False,لا يوجد,,0,,,False,none,,0,False
Data 2025.xlsx,9260,2025-10-13,2025-10,2025-W42,4,0,1-3585-R01,1-3585-R01,نكهة كراميل,نكهات مركزة ( Syrup ),Syrup,نكهات مركزة ( Syrup ),sauce_condiment,تشاك اي تشيز - حي الربيع,تشاك اي تشيز,حي الربيع,تشاك اي تشيز - حي الربيع,الشمال,بلدية,بلدية الشمال,True,False,لا يوجد,,0,,,False,none,,0,False
Data 2025.xlsx,9277,2025-10-13,2025-10,2025-W42,4,0,1-3586-R01,1-3586-R01,صوص فول سوداني,( Luqaimat) لقيمات,Luqaimat,( Luqaimat) لقيمات,sauce_condiment,فايف جايز - حي الربيع,فايف جايز,حي الربيع,فايف جايز - حي الربيع,الشمال,بلدية,بلدية الشمال,False,True,العد الكلي للبكتيريا,العد الكلي للبكتيريا,1,,العد الكلي للبكتيريا,False,indicator_only,,2,True
Data 2025.xlsx,9284,2025-10-13,2025-10,2025-W42,4,0,1-3587-R01,1-3587-R01,نكهة باشن فروت,نكهات مركزة ( Syrup ),Syrup,نكهات مركزة ( Syrup ),sauce_condiment,سما بلص لاونج - حي الربيع,سما بلص لاونج,حي الربيع,سما بلص لاونج - حي الربيع,الشمال,بلدية,بلدية الشمال,True,False,لا يوجد,,0,,,False,none,,0,False
Data 2025.xlsx,9285,2025-10-13,2025-10,2025-W42,4,0,1-3588-R01,1-3588-R01,نكهة توت ازرق,نكهات مركزة ( Syrup ),Syrup,نكهات مركزة ( Syrup ),sauce_condiment,سما بلص لاونج - حي الربيع,سما بلص لاونج,حي الربيع,سما بلص لاونج - حي الربيع,الشمال,بلدية,بلدية الشمال,False,True,العد الكلي للبكتيريا,العد الكلي للبكتيريا,1,,العد الكلي للبكتيريا,False,indicator_only,,1,False
Data 2025.xlsx,9286,2025-10-13,2025-10,2025-W42,4,0,1-3589-R01,1-3589-R01,نكهة اناناس,نكهات مركزة ( Syrup ),Syrup,نكهات مركزة ( Syrup ),sauce_condiment,سما بلص لاونج - حي الربيع,سما بلص لاونج,حي الربيع,سما بلص لاونج - حي الربيع,الشمال,بلدية,بلدية الشمال,True,False,لا يوجد,,0,,,False,none,,1,False
Data 2025.xlsx,9287,2025-10-13,2025-10,2025-W42,4,0,1-3590-R01,1-3590-R01,نكهة باشن فروت,نكهات مركزة ( Syrup ),Syrup,نكهات مركزة ( Syrup ),sauce_condiment,سما بلص لاونج - حي الربيع,سما بلص لاونج,حي الربيع,سما بلص لاونج - حي الربيع,الشمال,بلدية,بلدية الشمال,True,False,لا يوجد,,0,,,False,none,,1,False
Data 2025.xlsx,9288,2025-10-13,2025-10,2025-W42,4,0,1-3591-R01,1-3591-R01,نكهة رمان,نكهات مركزة ( Syrup ),Syrup,نكهات مركزة ( Syrup ),sauce_condiment,سما بلص لاونج - حي الربيع,سما بلص لاونج,حي الربيع,سما بلص لاونج - حي الربيع,الشمال,بلدية,بلدية الشمال,True,False,لا يوجد,,0,,,False,none,,1,False
Data 2025.xlsx,9289,2025-10-13,2025-10,2025-W42,4,0,1-3592-R01,1-3592-R01,نكهة قشر البرتقال ازرق,نكهات مركزة ( Syrup ),Syrup,نكهات مركزة ( Syrup ),sauce_condiment,سما بلص لاونج - حي الربيع,سما بلص لاونج,حي الربيع,سما بلص لاونج - حي الربيع,الشمال,بلدية,بلدية الشمال,True,False,لا يوجد,,0,,,False,none,,1,False
Data 2025.xlsx,9306,2025-10-13,2025-10,2025-W42,4,0,1-3593-R01,1-3593-R01,هلابينو,(jalapeno) هلابينو,jalapeno,(jalapeno) هلابينو,produce,تشاك اي تشيز - حي الربيع,تشاك اي تشيز,حي الربيع,تشاك اي تشيز - حي الربيع,الشمال,بلدية,بلدية الشمال,True,False,لا يوجد,,0,,,False,none,,1,False
Data 2025.xlsx,9313,2025-10-13,2025-10,2025-W42,4,0,1-3594-R01,1-3594-R01,نكهة قشر برتقال ازرق,نكهات مركزة ( Syrup ),Syrup,نكهات مركزة ( Syrup ),sauce_condiment,تشاك اي تشيز - حي الربيع,تشاك اي تشيز,حي الربيع,تشاك اي تشيز - حي الربيع,الشمال,بلدية,بلدية الشمال,True,False,لا يوجد,,0,,,False,none,,2,True
Data 2025.xlsx,9314,2025-10-13,2025-10,2025-W42,4,0,1-3595-R01,1-3595-R01,نكهة فراولة,نكهات مركزة ( Syrup ),Syrup,نكهات مركزة ( Syrup ),sauce_condiment,تشاك اي تشيز - حي الربيع,تشاك اي تشيز,حي الربيع,تشاك اي تشيز - حي الربيع,الشمال,بلدية,بلدية الشمال,False,True,العد الكلي للبكتيريا,العد الكلي للبكتيريا,1,,العد الكلي للبكتيريا,False,indicator_only,,3,True
Data 2025.xlsx,9315,2025-10-13,2025-10,2025-W42,4,0,1-3596-R01,1-3596-R01,نكهة كراميل,نكهات مركزة ( Syrup ),Syrup,نكهات مركزة ( Syrup ),sauce_condiment,تشاك اي تشيز - حي الربيع,تشاك اي تشيز,حي الربيع,تشاك اي تشيز - حي الربيع,الشمال,بلدية,بلدية الشمال,True,False,لا يوجد,,0,,,False,none,,3,True
Data 2025.xlsx,9249,2025-10-13,2025-10,2025-W42,4,0,O-O2-ca-0238-R01,O-O2-ca-0238-R01,جزر مبشور,الجزر (carrot),carrot,الجزر (carrot),produce,تشاك اي تشيز - حي الربيع,تشاك اي تشيز,حي الربيع,تشاك اي تشيز - حي الربيع,الشمال,بلدية,بلدية الشمال,True,False,لا يوجد,,0,,,False,none,,0,False
Data 2025.xlsx,9304,2025-10-13,2025-10,2025-W42,4,0,O-O2-ca-0239-R01,O-O2-ca-0239-R01,جزر مبشور,الجزر (carrot),carrot,الجزر (carrot),produce,تشاك اي تشيز - حي الربيع,تشاك اي تشيز,حي الربيع,تشاك اي تشيز - حي الربيع,الشمال,بلدية,بلدية الشمال,True,False,لا يوجد,,0,,,False,none,,0,False
Data 2025.xlsx,9245,2025-10-13,2025-10,2025-W42,4,0,O-U-to-0705-R01,O-U-to-0705-R01,قطع طماطم,الطماطم (Tomatoes),Tomatoes,الطماطم (Tomatoes),produce,تشاك اي تشيز - حي الربيع,تشاك اي تشيز,حي الربيع,تشاك اي تشيز - حي الربيع,الشمال,بلدية,بلدية الشمال,True,False,لا يوجد,,0,,,False,none,,0,False
Data 2025.xlsx,9300,2025-10-13,2025-10,2025-W42,4,0,O-U-to-0706-R01,O-U-to-0706-R01,قطع طماطم,الطماطم (Tomatoes),Tomatoes,الطماطم (Tomatoes),produce,تشاك اي تشيز - حي الربيع,تشاك اي تشيز,حي الربيع,تشاك اي تشيز - حي الربيع,الشمال,بلدية,بلدية الشمال,True,False,لا يوجد,,0,,,False,none,,0,False
Data 2025.xlsx,9248,2025-10-13,2025-10,2025-W42,4,0,O-r-U-cu-0301-R01,O-r-U-cu-0301-R01,قطع خيار,الخيار (cucumbers),cucumbers,الخيار (cucumbers),produce,تشاك اي تشيز - حي الربيع,تشاك اي تشيز,حي الربيع,تشاك اي تشيز - حي الربيع,الشمال,بلدية,بلدية الشمال,True,False,لا يوجد,,0,,,False,none,,0,False
Data 2025.xlsx,9303,2025-10-13,2025-10,2025-W42,4,0,O-r-U-cu-0302-R01,O-r-U-cu-0302-R01,قطع خيار,الخيار (cucumbers),cucumbers,الخيار (cucumbers),produce,تشاك اي تشيز - حي الربيع,تشاك اي تشيز,حي الربيع,تشاك اي تشيز - حي الربيع,الشمال,بلدية,بلدية الشمال,True,False,لا يوجد,,0,,,False,none,,0,False
Data 2025.xlsx,9212,2025-10-13,2025-10,2025-W42,4,0,OOu-on-0551-R01,OOu-on-0551-R01,قطع بصل,البصل (onions),onions,البصل (onions),produce,فايف جايز - حي الربيع,فايف جايز,حي الربيع,فايف جايز - حي الربيع,الشمال,بلدية,بلدية الشمال,True,False,لا يوجد,,0,,,False,none,,0,False
Data 2025.xlsx,9266,2025-10-13,2025-10,2025-W42,4,0,OOu-on-0552-R01,OOu-on-0552-R01,قطع بصل,البصل (onions),onions,البصل (onions),produce,فايف جايز - حي الربيع,فايف جايز,حي الربيع,فايف جايز - حي الربيع,الشمال,بلدية,بلدية الشمال,True,False,لا يوجد,,0,,,False,none,,0,False
Data 2025.xlsx,9252,2025-10-13,2025-10,2025-W42,4,0,OSSUOSS-pin-0013-R01,OSSUOSS-pin-0013-R01,قطع اناناس,اناناس (pineapple),pineapple,اناناس (pineapple),produce,تشاك اي تشيز - حي الربيع,تشاك اي تشيز,حي الربيع,تشاك اي تشيز - حي الربيع,الشمال,بلدية,بلدية الشمال,True,False,لا يوجد,,0,,,False,none,,0,False
Data 2025.xlsx,9307,2025-10-13,2025-10,2025-W42,4,0,OSSUOSS-pin-0014-R01,OSSUOSS-pin-0014-R01,قطع اناناس,اناناس (pineapple),pineapple,اناناس (pineapple),produce,تشاك اي تشيز - حي الربيع,تشاك اي تشيز,حي الربيع,تشاك اي تشيز - حي الربيع,الشمال,بلدية,بلدية الشمال,True,False,لا يوجد,,0,,,False,none,,1,False
Data 2025.xlsx,9253,2025-10-13,2025-10,2025-W42,4,0,OU-me-0037-R01,OU-me-0037-R01,قطع شمام,الشمام (melons),melons,الشمام (melons),produce,تشاك اي تشيز - حي الربيع,تشاك اي تشيز,حي الربيع,تشاك اي تشيز - حي الربيع,الشمال,بلدية,بلدية الشمال,True,False,لا يوجد,,0,,,False,none,,0,False
Data 2025.xlsx,9308,2025-10-13,2025-10,2025-W42,4,0,OU-me-0038-R01,OU-me-0038-R01,قطع شمام,الشمام (melons),melons,الشمام (melons),produce,تشاك اي تشيز - حي الربيع,تشاك اي تشيز,حي الربيع,تشاك اي تشيز - حي الربيع,الشمال,بلدية,بلدية الشمال,True,False,لا يوجد,,0,,,False,none,,1,False
Data 2025.xlsx,9268,2025-10-13,2025-10,2025-W42,4,0,UU-pe-1569-R01,UU-pe-1569-R01,فلفل اخضر حار,الفلفل (peppers),peppers,الفلفل (peppers),produce,فايف جايز - حي الربيع,فايف جايز,حي الربيع,فايف جايز - حي الربيع,الشمال,بلدية,بلدية الشمال,False,True,استافيلوكوكس اورياس,استافيلوكوكس اورياس,1,استافيلوكوكس اورياس,,True,pathogen,,1,False
Data 2025.xlsx,9242,2025-10-13,2025-10,2025-W42,4,0,chee-0882-r01,Chee-0882-R01,جبنة بربيزان,(cheese) جبنة,cheese,(cheese) جبنة,dairy,تشاك اي تشيز - حي الربيع,تشاك اي تشيز,حي الربيع,تشاك اي تشيز - حي الربيع,الشمال,بلدية,بلدية الشمال,True,False,لا يوجد,,0,,,False,none,,0,False
Data 2025.xlsx,9246,2025-10-13,2025-10,2025-W42,4,0,chee-0883-r01,Chee-0883-R01,شرائح شمندر,(cheese) جبنة,cheese,(cheese) جبنة,dairy,تشاك اي تشيز - حي الربيع,تشاك اي تشيز,حي الربيع,تشاك اي تشيز - حي الربيع,الشمال,بلدية,بلدية الشمال,True,False,لا يوجد,,0,,,False,none,,0,False
Data 2025.xlsx,9247,2025-10-13,2025-10,2025-W42,4,0,chee-0884-r01,Chee-0884-R01,جبنة فيتا,(cheese) جبنة,cheese,(cheese) جبنة,dairy,تشاك اي تشيز - حي الربيع,تشاك اي تشيز,حي الربيع,تشاك اي تشيز - حي الربيع,الشمال,بلدية,بلدية الشمال,True,False,لا يوجد,,0,,,False,none,,0,False
Data 2025.xlsx,9297,2025-10-13,2025-10,2025-W42,4,0,chee-0885-r01,Chee-0885-R01,جبنة بربيزان,(cheese) جبنة,cheese,(cheese) جبنة,dairy,تشاك اي تشيز - حي الربيع,تشاك اي تشيز,حي الربيع,تشاك اي تشيز - حي الربيع,الشمال,بلدية,بلدية الشمال,True,False,لا يوجد,,0,,,False,none,,0,False
Data 2025.xlsx,9301,2025-10-13,2025-10,2025-W42,4,0,chee-0886-r01,Chee-0886-R01,شرائح شمندر,(cheese) جبنة,cheese,(cheese) جبنة,dairy,تشاك اي تشيز - حي الربيع,تشاك اي تشيز,حي الربيع,تشاك اي تشيز - حي الربيع,الشمال,بلدية,بلدية الشمال,True,False,لا يوجد,,0,,,False,none,,0,False
Data 2025.xlsx,9302,2025-10-13,2025-10,2025-W42,4,0,chee-0887-r01,Chee-0887-R01,جبنة فيتا,(cheese) جبنة,cheese,(cheese) جبنة,dairy,تشاك اي تشيز - حي الربيع,تشاك اي تشيز,حي الربيع,تشاك اي تشيز - حي الربيع,الشمال,بلدية,بلدية الشمال,True,False,لا يوجد,,0,,,False,none,,0,False
Data 2025.xlsx,9241,2025-10-13,2025-10,2025-W42,4,0,cor-0300-r01,Cor-0300-R01,ذرة مسلوق,الذرة (Corn),Corn,الذرة (Corn),produce,تشاك اي تشيز - حي الربيع,تشاك اي تشيز,حي الربيع,تشاك اي تشيز - حي الربيع,الشمال,بلدية,بلدية الشمال,True,False,لا يوجد,,0,,,False,none,,0,False
Data 2025.xlsx,9296,2025-10-13,2025-10,2025-W42,4,0,cor-0301-r01,Cor-0301-R01,ذرة مسلوق,الذرة (Corn),Corn,الذرة (Corn),produce,تشاك اي تشيز - حي الربيع,تشاك اي تشيز,حي الربيع,تشاك اي تشيز - حي الربيع,الشمال,بلدية,بلدية الشمال,True,False,لا يوجد,,0,,,False,none,,0,False
Data 2025.xlsx,9263,2025-10-13,2025-10,2025-W42,4,0,icecrea-0157-r01,icecrea-0157-R01,ايس كريم فانيلا,(ice cream) ايسكريم,ice cream,(ice cream) ايسكريم,dairy,تشاك اي تشيز - حي الربيع,تشاك اي تشيز,حي الربيع,تشاك اي تشيز - حي الربيع,الشمال,بلدية,بلدية الشمال,True,False,لا يوجد,,0,,,False,none,,0,False
Data 2025.xlsx,9318,2025-10-13,2025-10,2025-W42,4,0,icecrea-0158-r01,icecrea-0158-R01,ايس كريم فانيلا,(ice cream) ايسكريم,ice cream,(ice cream) ايسكريم,dairy,تشاك اي تشيز - حي الربيع,تشاك اي تشيز,حي الربيع,تشاك اي تشيز - حي الربيع,الشمال,بلدية,بلدية الشمال,True,False,لا يوجد,,0,,,False,none,,3,True
Data 2025.xlsx,9261,2025-10-13,2025-10,2025-W42,4,0,jui-0547-r01,jui-0547-R01,عصير تفاح,العصائر الطازجة Un-pasteurized juices (fresh),fresh,العصائر الطازجة Un-pasteurized juices (fresh),beverage,تشاك اي تشيز - حي الربيع,تشاك اي تشيز,حي الربيع,تشاك اي تشيز - حي الربيع,الشمال,بلدية,بلدية الشمال,True,False,لا يوجد,,0,,,False,none,,0,False
Data 2025.xlsx,9262,2025-10-13,2025-10,2025-W42,4,0,jui-0548-r01,jui-0548-R01,عصير كيوي,العصائر الطازجة Un-pasteurized juices (fresh),fresh,العصائر الطازجة Un-pasteurized juices (fresh),beverage,تشاك اي تشيز - حي الربيع,تشاك اي تشيز,حي الربيع,تشاك اي تشيز - حي الربيع,الشمال,بلدية,بلدية الشمال,True,False,لا يوجد,,0,,,False,none,,0,False
Data 2025.xlsx,9316,2025-10-13,2025-10,2025-W42,4,0,jui-0549-r01,jui-0549-R01,عصير تفاح,العصائر الطازجة Un-pasteurized juices (fresh),fresh,العصائر الطازجة Un-pasteurized juices (fresh),beverage,تشاك اي تشيز - حي الربيع,تشاك اي تشيز,حي الربيع,تشاك اي تشيز - حي الربيع,الشمال,بلدية,بلدية الشمال,True,False,لا يوجد,,0,,,False,none,,3,True
Data 2025.xlsx,9317,2025-10-13,2025-10,2025-W42,4,0,jui-0550-r01,jui-0550-R01,عصير كيوي,العصائر الطازجة Un-pasteurized juices (fresh),fresh,العصائر الطازجة Un-pasteurized juices (fresh),beverage,تشاك اي تشيز - حي الربيع,تشاك اي تشيز,حي الربيع,تشاك اي تشيز - حي الربيع,الشمال,بلدية,بلدية الشمال,True,False,لا يوجد,,0,,,False,none,,3,True
Data 2025.xlsx,9250,2025-10-13,2025-10,2025-W42,4,0,pa-0014-r01,pa-0014-R01,مكرونة بيستي,المكرونة - الشعيرية كل الانواع الجافة (Pasta / macaroni &Noodles all the dry types ),Pasta / macaroni &Noodles all the dry types,المكرونة - الشعيرية كل الانواع الجافة (Pasta / macaroni &Noodles all the dry types ),produce,تشاك اي تشيز - حي الربيع,تشاك اي تشيز,حي الربيع,تشاك اي تشيز - حي الربيع,الشمال,بلدية,بلدية الشمال,True,False,لا يوجد,,0,,,False,none,,0,False
Data 2025.xlsx,9305,2025-10-13,2025-10,2025-W42,4,0,pa-0015-r01,pa-0015-R01,مكرونة بيستي,المكرونة - الشعيرية كل الانواع الجافة (Pasta / macaroni &Noodles all the dry types ),Pasta / macaroni &Noodles all the dry types,المكرونة - الشعيرية كل الانواع الجافة (Pasta / macaroni &Noodles all the dry types ),produce,تشاك اي تشيز - حي الربيع,تشاك اي تشيز,حي الربيع,تشاك اي تشيز - حي الربيع,الشمال,بلدية,بلدية الشمال,False,True,انتيروباكتريسي,انتيروباكتريسي,1,,انتيروباكتريسي,False,indicator_only,,1,False
Data 2025.xlsx,9211,2025-10-13,2025-10,2025-W42,4,0,pick-0559-r01,Pick-0559-R01,مخلل خيار مفروم,المخلل (Pickle),Pickle,المخلل (Pickle),sauce_condiment,فايف جايز - حي الربيع,فايف جايز,حي الربيع,فايف جايز - حي الربيع,الشمال,بلدية,بلدية الشمال,True,False,لا يوجد,,0,,,False,none,,0,False
Data 2025.xlsx,9213,2025-10-13,2025-10,2025-W42,4,0,pick-0560-r01,Pick-0560-R01,قطع مخلل خيار,المخلل (Pickle),Pickle,المخلل (Pickle),sauce_condiment,فايف جايز - حي الربيع,فايف جايز,حي الربيع,فايف جايز - حي الربيع,الشمال,بلدية,بلدية الشمال,True,False,لا يوجد,,0,,,False,none,,0,False
Data 2025.xlsx,9265,2025-10-13,2025-10,2025-W42,4,0,pick-0561-r01,Pick-0561-R01,مخلل خيار مفروم,المخلل (Pickle),Pickle,المخلل (Pickle),sauce_condiment,فايف جايز - حي الربيع,فايف جايز,حي الربيع,فايف جايز - حي الربيع,الشمال,بلدية,بلدية الشمال,True,False,لا يوجد,,0,,,False,none,,0,False
Data 2025.xlsx,9267,2025-10-13,2025-10,2025-W42,4,0,pick-0562-r01,Pick-0562-R01,قطع مخلل خيار,المخلل (Pickle),Pickle,المخلل (Pickle),sauce_condiment,فايف جايز - حي الربيع,فايف جايز,حي الربيع,فايف جايز - حي الربيع,الشمال,بلدية,بلدية الشمال,True,False,لا يوجد,,0,,,False,none,,0,False
Data 2025.xlsx,9240,2025-10-13,2025-10,2025-W42,4,0,sal-1668-r01,Sal-1668-R01,سلطة خضراء,السلطة(Salad),Salad,السلطة(Salad),produce,تشاك اي تشيز - حي الربيع,تشاك اي تشيز,حي الربيع,تشاك اي تشيز - حي الربيع,الشمال,بلدية,بلدية الشمال,True,False,لا يوجد,,0,,,False,none,,0,False
Data 2025.xlsx,9243,2025-10-13,2025-10,2025-W42,4,0,sal-1669-r01,Sal-1669-R01,سلطة روسية,السلطة(Salad),Salad,السلطة(Salad),produce,تشاك اي تشيز - حي الربيع,تشاك اي تشيز,حي الربيع,تشاك اي تشيز - حي الربيع,الشمال,بلدية,بلدية الشمال,True,False,لا يوجد,,0,,,False,none,,0,False
Data 2025.xlsx,9244,2025-10-13,2025-10,2025-W42,4,0,sal-1670-r01,Sal-1670-R01,سلطة باستا,السلطة(Salad),Salad,السلطة(Salad),produce,تشاك اي تشيز - حي الربيع,تشاك اي تشيز,حي الربيع,تشاك اي تشيز - حي الربيع,الشمال,بلدية,بلدية الشمال,True,False,لا يوجد,,0,,,False,none,,0,False
Data 2025.xlsx,9254,2025-10-13,2025-10,2025-W42,4,0,sal-1671-r01,Sal-1671-R01,سلطة كولسلو,السلطة(Salad),Salad,السلطة(Salad),produce,تشاك اي تشيز - حي الربيع,تشاك اي تشيز,حي الربيع,تشاك اي تشيز - حي الربيع,الشمال,بلدية,بلدية الشمال,True,False,لا يوجد,,0,,,False,none,,0,False
Data 2025.xlsx,9295,2025-10-13,2025-10,2025-W42,4,0,sal-1672-r01,Sal-1672-R01,سلطة خضراء,السلطة(Salad),Salad,السلطة(Salad),produce,تشاك اي تشيز - حي الربيع,تشاك اي تشيز,حي الربيع,تشاك اي تشيز - حي الربيع,الشمال,بلدية,بلدية الشمال,True,False,لا يوجد,,0,,,False,none,,0,False
Data 2025.xlsx,9298,2025-10-13,2025-10,2025-W42,4,0,sal-1673-r01,Sal-1673-R01,سلطة روسية,السلطة(Salad),Salad,السلطة(Salad),produce,تشاك اي تشيز - حي الربيع,تشاك اي تشيز,حي الربيع,تشاك اي تشيز - حي الربيع,الشمال,بلدية,بلدية الشمال,True,False,لا يوجد,,0,,,False,none,,0,False
Data 2025.xlsx,9299,2025-10-13,2025-10,2025-W42,4,0,sal-1674-r01,Sal-1674-R01,سلطة باستا,السلطة(Salad),Salad,السلطة(Salad),produce,تشاك اي تشيز - حي الربيع,تشاك اي تشيز,حي الربيع,تشاك اي تشيز - حي الربيع,الشمال,بلدية,بلدية الشمال,True,False,لا يوجد,,0,,,False,none,,0,False
Data 2025.xlsx,9309,2025-10-13,2025-10,2025-W42,4,0,sal-1675-r01,Sal-1675-R01,سلطة كولسلو,السلطة(Salad),Salad,السلطة(Salad),produce,تشاك اي تشيز - حي الربيع,تشاك اي تشيز,حي الربيع,تشاك اي تشيز - حي الربيع,الشمال,بلدية,بلدية الشمال,True,False,لا يوجد,,0,,,False,none,,1,False
Data 2025.xlsx,9210,2025-10-13,2025-10,2025-W42,4,0,sau-2531-r01,sau-2531-R01,صوص مايونيز,صوص (sauce),sauce,صوص (sauce),sauce_condiment,فايف جايز - حي الربيع,فايف جايز,حي الربيع,فايف جايز - حي الربيع,الشمال,بلدية,بلدية الشمال,True,False,لا يوجد,,0,,,False,none,,0,False
Data 2025.xlsx,9214,2025-10-13,2025-10,2025-W42,4,0,sau-2532-r01,sau-2532-R01,صوص كاتشب,صوص (sauce),sauce,صوص (sauce),sauce_condiment,فايف جايز - حي الربيع,فايف جايز,حي الربيع,فايف جايز - حي الربيع,الشمال,بلدية,بلدية الشمال,True,False,لا يوجد,,0,,,False,none,,0,False
Data 2025.xlsx,9215,2025-10-13,2025-10,2025-W42,4,0,sau-2533-r01,sau-2533-R01,صوص خردل,صوص (sauce),sauce,صوص (sauce),sauce_condiment,فايف جايز - حي الربيع,فايف جايز,حي الربيع,فايف جايز - حي الربيع,الشمال,بلدية,بلدية الشمال,True,False,لا يوجد,,0,,,False,none,,0,False
Data 2025.xlsx,9216,2025-10-13,2025-10,2025-W42,4,0,sau-2534-r01,sau-2534-R01,صوص باربكيو,صوص (sauce),sauce,صوص (sauce),sauce_condiment,فايف جايز - حي الربيع,فايف جايز,حي الربيع,فايف جايز - حي الربيع,الشمال,بلدية,بلدية الشمال,True,False,لا يوجد,,0,,,False,none,,0,False
Data 2025.xlsx,9217,2025-10-13,2025-10,2025-W42,4,0,sau-2535-r01,sau-2535-R01,صوص ستيك,صوص (sauce),sauce,صوص (sauce),sauce_condiment,فايف جايز - حي الربيع,فايف جايز,حي الربيع,فايف جايز - حي الربيع,الشمال,بلدية,بلدية الشمال,True,False,لا يوجد,,0,,,False,none,,0,False
Data 2025.xlsx,9218,2025-10-13,2025-10,2025-W42,4,0,sau-2536-r01,sau-2536-R01,صوص حار,صوص (sauce),sauce,صوص (sauce),sauce_condiment,فايف جايز - حي الربيع,فايف جايز,حي الربيع,فايف جايز - حي الربيع,الشمال,بلدية,بلدية الشمال,True,False,لا يوجد,,0,,,False,none,,0,False
Data 2025.xlsx,9219,2025-10-13,2025-10,2025-W42,4,0,sau-2537-r01,sau-2537-R01,صوص شوكولاتة,صوص (sauce),sauce,صوص (sauce),sauce_condiment,فايف جايز - حي الربيع,فايف جايز,حي الربيع,فايف جايز - حي الربيع,الشمال,بلدية,بلدية الشمال,True,False,لا يوجد,,0,,,False,none,,0,False
Data 2025.xlsx,9220,2025-10-13,2025-10,2025-W42,4,0,sau-2538-r01,sau-2538-R01,صوص كراميل,صوص (sauce),sauce,صوص (sauce),sauce_condiment,فايف جايز - حي الربيع,فايف جايز,حي الربيع,فايف جايز - حي الربيع,الشمال,بلدية,بلدية الشمال,True,False,لا يوجد,,0,,,False,none,,0,False
Data 2025.xlsx,9221,2025-10-13,2025-10,2025-W42,4,0,sau-2539-r01,sau-2539-R01,صوص مانجا,صوص (sauce),sauce,صوص (sauce),sauce_condiment,فايف جايز - حي الربيع,فايف جايز,حي الربيع,فايف جايز - حي الربيع,الشمال,بلدية,بلدية الشمال,True,False,لا يوجد,,0,,,False,none,,0,False
Data 2025.xlsx,9222,2025-10-13,2025-10,2025-W42,4,0,sau-2540-r01,sau-2540-R01,صوص فول سوداني,صوص (sauce),sauce,صوص (sauce),sauce_condiment,فايف جايز - حي الربيع,فايف جايز,حي الربيع,فايف جايز - حي الربيع,الشمال,بلدية,بلدية الشمال,True,False,لا يوجد,,0,,,False,none,,0,False
Data 2025.xlsx,9223,2025-10-13,2025-10,2025-W42,4,0,sau-2541-r01,sau-2541-R01,صوص فراولة,صوص (sauce),sauce,صوص (sauce),sauce_condiment,فايف جايز - حي الربيع,فايف جايز,حي الربيع,فايف جايز - حي الربيع,الشمال,بلدية,بلدية الشمال,True,False,لا يوجد,,0,,,False,none,,0,False
Data 2025.xlsx,9224,2025-10-13,2025-10,2025-W42,4,0,sau-2542-r01,sau-2542-R01,صوص موز,صوص (sauce),sauce,صوص (sauce),sauce_condiment,فايف جايز - حي الربيع,فايف جايز,حي الربيع,فايف جايز - حي الربيع,الشمال,بلدية,بلدية الشمال,True,False,لا يوجد,,0,,,False,none,,0,False
Data 2025.xlsx,9235,2025-10-13,2025-10,2025-W42,4,0,sau-2543-r01,sau-2543-R01,صوص كاتشب,صوص (sauce),sauce,صوص (sauce),sauce_condiment,سما بلص لاونج - حي الربيع,سما بلص لاونج,حي الربيع,سما بلص لاونج - حي الربيع,الشمال,بلدية,بلدية الشمال,True,False,لا يوجد,,0,,,False,none,,0,False
Data 2025.xlsx,9255,2025-10-13,2025-10,2025-W42,4,0,sau-2544-r01,sau-2544-R01,صوص رانش,صوص (sauce),sauce,صوص (sauce),sauce_condiment,تشاك اي تشيز - حي الربيع,تشاك اي تشيز,حي الربيع,تشاك اي تشيز - حي الربيع,الشمال,بلدية,بلدية الشمال,True,False,لا يوجد,,0,,,False,none,,0,False
Data 2025.xlsx,9256,2025-10-13,2025-10,2025-W42,4,0,sau-2545-r01,sau-2545-R01,صوص ايطالي,صوص (sauce),sauce,صوص (sauce),sauce_condiment,تشاك اي تشيز - حي الربيع,تشاك اي تشيز,حي الربيع,تشاك اي تشيز - حي الربيع,الشمال,بلدية,بلدية الشمال,True,False,لا يوجد,,0,,,False,none,,0,False
Data 2025.xlsx,9257,2025-10-13,2025-10,2025-W42,4,0,sau-2546-r01,sau-2546-R01,صوص فرنش,صوص (sauce),sauce,صوص (sauce),sauce_condiment,تشاك اي تشيز - حي الربيع,تشاك اي تشيز,حي الربيع,تشاك اي تشيز - حي الربيع,الشمال,بلدية,بلدية الشمال,True,False,لا يوجد,,0,,,False,none,,0,False
Data 2025.xlsx,9264,2025-10-13,2025-10,2025-W42,4,0,sau-2547-r01,sau-2547-R01,صوص مايونيز,صوص (sauce),sauce,صوص (sauce),sauce_condiment,فايف جايز - حي الربيع,فايف جايز,حي الربيع,فايف جايز - حي الربيع,الشمال,بلدية,بلدية الشمال,True,False,لا يوجد,,0,,,False,none,,0,False
Data 2025.xlsx,9269,2025-10-13,2025-10,2025-W42,4,0,sau-2548-r01,sau-2548-R01,صوص كاتشب,صوص (sauce),sauce,صوص (sauce),sauce_condiment,فايف جايز - حي الربيع,فايف جايز,حي الربيع,فايف جايز - حي الربيع,الشمال,بلدية,بلدية الشمال,True,False,لا يوجد,,0,,,False,none,,1,False
Data 2025.xlsx,9270,2025-10-13,2025-10,2025-W42,4,0,sau-2549-r01,sau-2549-R01,صوص خردل,صوص (sauce),sauce,صوص (sauce),sauce_condiment,فايف جايز - حي الربيع,فايف جايز,حي الربيع,فايف جايز - حي الربيع,الشمال,بلدية,بلدية الشمال,True,False,لا يوجد,,0,,,False,none,,1,False
Data 2025.xlsx,9271,2025-10-13,2025-10,2025-W42,4,0,sau-2550-r01,sau-2550-R01,صوص باربكيو,صوص (sauce),sauce,صوص (sauce),sauce_condiment,فايف جايز - حي الربيع,فايف جايز,حي الربيع,فايف جايز - حي الربيع,الشمال,بلدية,بلدية الشمال,True,False,لا يوجد,,0,,,False,none,,1,False
Data 2025.xlsx,9272,2025-10-13,2025-10,2025-W42,4,0,sau-2551-r01,sau-2551-R01,صوص ستيك,صوص (sauce),sauce,صوص (sauce),sauce_condiment,فايف جايز - حي الربيع,فايف جايز,حي الربيع,فايف جايز - حي الربيع,الشمال,بلدية,بلدية الشمال,True,False,لا يوجد,,0,,,False,none,,1,False
Data 2025.xlsx,9273,2025-10-13,2025-10,2025-W42,4,0,sau-2552-r01,sau-2552-R01,صوص حار,صوص (sauce),sauce,صوص (sauce),sauce_condiment,فايف جايز - حي الربيع,فايف جايز,حي الربيع,فايف جايز - حي الربيع,الشمال,بلدية,بلدية الشمال,True,False,لا يوجد,,0,,,False,none,,1,False
Data 2025.xlsx,9274,2025-10-13,2025-10,2025-W42,4,0,sau-2553-r01,sau-2553-R01,صوص شوكولاتة,صوص (sauce),sauce,صوص (sauce),sauce_condiment,فايف جايز - حي الربيع,فايف جايز,حي الربيع,فايف جايز - حي الربيع,الشمال,بلدية,بلدية الشمال,True,False,لا يوجد,,0,,,False,none,,1,False
Data 2025.xlsx,9275,2025-10-13,2025-10,2025-W42,4,0,sau-2554-r01,sau-2554-R01,صوص كراميل,صوص (sauce),sauce,صوص (sauce),sauce_condiment,فايف جايز - حي الربيع,فايف جايز,حي الربيع,فايف جايز - حي الربيع,الشمال,بلدية,بلدية الشمال,True,False,لا يوجد,,0,,,False,none,,1,False
Data 2025.xlsx,9276,2025-10-13,2025-10,2025-W42,4,0,sau-2555-r01,sau-2555-R01,صوص مانجا,صوص (sauce),sauce,صوص (sauce),sauce_condiment,فايف جايز - حي الربيع,فايف جايز,حي الربيع,فايف جايز - حي الربيع,الشمال,بلدية,بلدية الشمال,True,False,لا يوجد,,0,,,False,none,,1,False
Data 2025.xlsx,9278,2025-10-13,2025-10,2025-W42,4,0,sau-2556-r01,sau-2556-R01,صوص فراولة,صوص (sauce),sauce,صوص (sauce),sauce_condiment,فايف جايز - حي الربيع,فايف جايز,حي الربيع,فايف جايز - حي الربيع,الشمال,بلدية,بلدية الشمال,True,False,لا يوجد,,0,,,False,none,,2,True
Data 2025.xlsx,9279,2025-10-13,2025-10,2025-W42,4,0,sau-2557-r01,sau-2557-R01,صوص موز,صوص (sauce),sauce,صوص (sauce),sauce_condiment,فايف جايز - حي الربيع,فايف جايز,حي الربيع,فايف جايز - حي الربيع,الشمال,بلدية,بلدية الشمال,True,False,لا يوجد,,0,,,False,none,,2,True
Data 2025.xlsx,9290,2025-10-13,2025-10,2025-W42,4,0,sau-2558-r01,sau-2558-R01,صوص كاتشب,صوص (sauce),sauce,صوص (sauce),sauce_condiment,سما بلص لاونج - حي الربيع,سما بلص لاونج,حي الربيع,سما بلص لاونج - حي الربيع,الشمال,بلدية,بلدية الشمال,True,False,لا يوجد,,0,,,False,none,,1,False
Data 2025.xlsx,9310,2025-10-13,2025-10,2025-W42,4,0,sau-2559-r01,sau-2559-R01,صوص رانش,صوص (sauce),sauce,صوص (sauce),sauce_condiment,تشاك اي تشيز - حي الربيع,تشاك اي تشيز,حي الربيع,تشاك اي تشيز - حي الربيع,الشمال,بلدية,بلدية الشمال,False,True,العد الكلي للبكتيريا,العد الكلي للبكتيريا,1,,العد الكلي للبكتيريا,False,indicator_only,,2,True
Data 2025.xlsx,9311,2025-10-13,2025-10,2025-W42,4,0,sau-2560-r01,sau-2560-R01,صوص ايطالي,صوص (sauce),sauce,صوص (sauce),sauce_condiment,تشاك اي تشيز - حي الربيع,تشاك اي تشيز,حي الربيع,تشاك اي تشيز - حي الربيع,الشمال,بلدية,بلدية الشمال,True,False,لا يوجد,,0,,,False,none,,2,True
Data 2025.xlsx,9312,2025-10-13,2025-10,2025-W42,4,0,sau-2561-r01,sau-2561-R01,صوص فرنش,صوص (sauce),sauce,صوص (sauce),sauce_condiment,تشاك اي تشيز - حي الربيع,تشاك اي تشيز,حي الربيع,تشاك اي تشيز - حي الربيع,الشمال,بلدية,بلدية الشمال,True,False,لا يوجد,,0,,,False,none,,2,True
Data 2025.xlsx,9225,2025-10-13,2025-10,2025-W42,4,0,sw-3603-r01,sw-3603-R01,مسحة ثلاجة اعداد,(Swabs) المسحات,Swabs,(Swabs) المسحات,swab,فايف جايز - حي الربيع,فايف جايز,حي الربيع,فايف جايز - حي الربيع,الشمال,بلدية,بلدية الشمال,True,False,لا يوجد,,0,,,False,none,,0,False
Data 2025.xlsx,9226,2025-10-13,2025-10,2025-W42,4,0,sw-3604-r01,sw-3604-R01,مسحة حافظة بطاطس,(Swabs) المسحات,Swabs,(Swabs) المسحات,swab,فايف جايز - حي الربيع,فايف جايز,حي الربيع,فايف جايز - حي الربيع,الشمال,بلدية,بلدية الشمال,True,False,لا يوجد,,0,,,False,none,,0,False
Data 2025.xlsx,9227,2025-10-13,2025-10,2025-W42,4,0,sw-3605-r01,sw-3605-R01,مسحة حافظة بطاطس بالبهارات,(Swabs) المسحات,Swabs,(Swabs) المسحات,swab,فايف جايز - حي الربيع,فايف جايز,حي الربيع,فايف جايز - حي الربيع,الشمال,بلدية,بلدية الشمال,True,False,لا يوجد,,0,,,False,none,,0,False
Data 2025.xlsx,9236,2025-10-13,2025-10,2025-W42,4,0,sw-3606-r01,sw-3606-R01,مسحة ثلاجة,(Swabs) المسحات,Swabs,(Swabs) المسحات,swab,سما بلص لاونج - حي الربيع,سما بلص لاونج,حي الربيع,سما بلص لاونج - حي الربيع,الشمال,بلدية,بلدية الشمال,True,False,لا يوجد,,0,,,False,none,,0,False
Data 2025.xlsx,9237,2025-10-13,2025-10,2025-W42,4,0,sw-3607-r01,sw-3607-R01,مسحة ثلاجة,(Swabs) المسحات,Swabs,(Swabs) المسحات,swab,سما بلص لاونج - حي الربيع,سما بلص لاونج,حي الربيع,سما بلص لاونج - حي الربيع,الشمال,بلدية,بلدية الشمال,True,False,لا يوجد,,0,,,False,none,,0,False
Data 2025.xlsx,9238,2025-10-13,2025-10,2025-W42,4,0,sw-3608-r01,sw-3608-R01,مسحة صانعة ثلج,(Swabs) المسحات,Swabs,(Swabs) المسحات,swab,سما بلص لاونج - حي الربيع,سما بلص لاونج,حي الربيع,سما بلص لاونج - حي الربيع,الشمال,بلدية,بلدية الشمال,True,False,لا يوجد,,0,,,False,none,,0,False
Data 2025.xlsx,9239,2025-10-13,2025-10,2025-W42,4,0,sw-3609-r01,sw-3609-R01,مسحة طاولة تقطيع فواكه,(Swabs) المسحات,Swabs,(Swabs) المسحات,swab,سما بلص لاونج - حي الربيع,سما بلص لاونج,حي الربيع,سما بلص لاونج - حي الربيع,الشمال,بلدية,بلدية الشمال,True,False,لا يوجد,,0,,,False,none,,0,False
Data 2025.xlsx,9280,2025-10-13,2025-10,2025-W42,4,0,sw-3610-r01,sw-3610-R01,مسحة ثلاجة اعداد,(Swabs) المسحات,Swabs,(Swabs) المسحات,swab,فايف جايز - حي الربيع,فايف جايز,حي الربيع,فايف جايز - حي الربيع,الشمال,بلدية,بلدية الشمال,True,False,لا يوجد,,0,,,False,none,,2,True
Data 2025.xlsx,9281,2025-10-13,2025-10,2025-W42,4,0,sw-3611-r01,sw-3611-R01,مسحة حافظة بطاطس,(Swabs) المسحات,Swabs,(Swabs) المسحات,swab,فايف جايز - حي الربيع,فايف جايز,حي الربيع,فايف جايز - حي الربيع,الشمال,بلدية,بلدية الشمال,True,False,لا يوجد,,0,,,False,none,,2,True
Data 2025.xlsx,9282,2025-10-13,2025-10,2025-W42,4,0,sw-3612-r01,sw-3612-R01,مسحة حافظة بطاطس بالبهارات,(Swabs) المسحات,Swabs,(Swabs) المسحات,swab,فايف جايز - حي الربيع,فايف جايز,حي الربيع,فايف جايز - حي الربيع,الشمال,بلدية,بلدية الشمال,True,False,لا يوجد,,0,,,False,none,,2,True
Data 2025.xlsx,9291,2025-10-13,2025-10,2025-W42,4,0,sw-3613-r01,sw-3613-R01,مسحة ثلاجة,(Swabs) المسحات,Swabs,(Swabs) المسحات,swab,سما بلص لاونج - حي الربيع,سما بلص لاونج,حي الربيع,سما بلص لاونج - حي الربيع,الشمال,بلدية,بلدية الشمال,True,False,لا يوجد,,0,,,False,none,,1,False
Data 2025.xlsx,9292,2025-10-13,2025-10,2025-W42,4,0,sw-3614-r01,sw-3614-R01,مسحة ثلاجة,(Swabs) المسحات,Swabs,(Swabs) المسحات,swab,سما بلص لاونج - حي الربيع,سما بلص لاونج,حي الربيع,سما بلص لاونج - حي الربيع,الشمال,بلدية,بلدية الشمال,True,False,لا يوجد,,0,,,False,none,,1,False
Data 2025.xlsx,9293,2025-10-13,2025-10,2025-W42,4,0,sw-3615-r01,sw-3615-R01,مسحة صانعة ثلج,(Swabs) المسحات,Swabs,(Swabs) المسحات,swab,سما بلص لاونج - حي الربيع,سما بلص لاونج,حي الربيع,سما بلص لاونج - حي الربيع,الشمال,بلدية,بلدية الشمال,True,False,لا يوجد,,0,,,False,none,,1,False
Data 2025.xlsx,9294,2025-10-13,2025-10,2025-W42,4,0,sw-3616-r01,sw-3616-R01,مسحة طاولة تقطيع فواكه,(Swabs) المسحات,Swabs,(Swabs) المسحات,swab,سما بلص لاونج - حي الربيع,سما بلص لاونج,حي الربيع,سما بلص لاونج - حي الربيع,الشمال,بلدية,بلدية الشمال,True,False,لا يوجد,,0,,,False,none,,1,False
Data 2025.xlsx,9228,2025-10-13,2025-10,2025-W42,4,0,ubot-1108-r01,Ubot-1108-R01,مياه فلتر لغسيل البطاطس م ك,المياه الغير معبأة (Unbottled water),Unbottled water,المياه الغير المعبأة (Unbottled water),water,فايف جايز - حي الربيع,فايف جايز,حي الربيع,فايف جايز - حي الربيع,الشمال,بلدية,بلدية الشمال,True,False,لا يوجد,,0,,,False,none,category_merged_to_canonical,0,False
Data 2025.xlsx,9283,2025-10-13,2025-10,2025-W42,4,0,ubot-1109-r01,Ubot-1109-R01,مياه فلتر لغسيل البطاطس م ك,المياه الغير معبأة (Unbottled water),Unbottled water,المياه الغير المعبأة (Unbottled water),water,فايف جايز - حي الربيع,فايف جايز,حي الربيع,فايف جايز - حي الربيع,الشمال,بلدية,بلدية الشمال,True,False,لا يوجد,,0,,,False,none,category_merged_to_canonical,2,True
Data 2025.xlsx,9319,2025-10-14,2025-10,2025-W42,4,1,1-3607-R01,1-3607-R01,قطع شمندر,شمندر(beet),beet,شمندر(beet),produce,فيلا بيروت - الربيع,فيلا بيروت,الربيع,فيلا بيروت - الربيع,الشمال,بلدية,بلدية الشمال,True,False,لا يوجد,,0,,,False,none,,0,False
Data 2025.xlsx,9331,2025-10-14,2025-10,2025-W42,4,1,1-3608-R01,1-3608-R01,اشطة حليب وخل,(cream) قشطة,cream,(cream) قشطة,dairy,فيلا بيروت - الربيع,فيلا بيروت,الربيع,فيلا بيروت - الربيع,الشمال,بلدية,بلدية الشمال,False,True,الخمائر والاعفان,الخمائر والاعفان,1,,الخمائر والاعفان,False,indicator_only,,6,True
Data 2025.xlsx,9345,2025-10-14,2025-10,2025-W42,4,1,1-3609-R01,1-3609-R01,نكهة باشن فروت,نكهات مركزة ( Syrup ),Syrup,نكهات مركزة ( Syrup ),sauce_condiment,فيلا بيروت - الربيع,فيلا بيروت,الربيع,فيلا بيروت - الربيع,الشمال,بلدية,بلدية الشمال,True,False,لا يوجد,,0,,,False,none,,10,True
Data 2025.xlsx,9346,2025-10-14,2025-10,2025-W42,4,1,1-3610-R01,1-3610-R01,نكهة فراولة,نكهات مركزة ( Syrup ),Syrup,نكهات مركزة ( Syrup ),sauce_condiment,فيلا بيروت - الربيع,فيلا بيروت,الربيع,فيلا بيروت - الربيع,الشمال,بلدية,بلدية الشمال,True,False,لا يوجد,,0,,,False,none,,10,True
Data 2025.xlsx,9348,2025-10-14,2025-10,2025-W42,4,1,1-3611-R01,1-3611-R01,قشر برتقال ازرق,نكهات مركزة ( Syrup ),Syrup,نكهات مركزة ( Syrup ),sauce_condiment,فيلا بيروت - الربيع,فيلا بيروت,الربيع,فيلا بيروت - الربيع,الشمال,بلدية,بلدية الشمال,False,True,العد الكلي للبكتيريا,العد الكلي للبكتيريا,1,,العد الكلي للبكتيريا,False,indicator_only,,11,True
Data 2025.xlsx,9320,2025-10-14,2025-10,2025-W42,4,1,O-U-po-0236-R01,O-U-po-0236-R01,حب رمان,الرمان (pomegranate),pomegranate,الرمان (pomegranate),produce,فيلا بيروت - الربيع,فيلا بيروت,الربيع,فيلا بيروت - الربيع,الشمال,بلدية,بلدية الشمال,True,False,لا يوجد,,0,,,False,none,,0,False
Data 2025.xlsx,9322,2025-10-14,2025-10,2025-W42,4,1,O-U-to-0708-R01,O-U-to-0708-R01,قطع طماطم,الطماطم (Tomatoes),Tomatoes,الطماطم (Tomatoes),produce,فيلا بيروت - الربيع,فيلا بيروت,الربيع,فيلا بيروت - الربيع,الشمال,بلدية,بلدية الشمال,False,True,استافيلوكوكس اورياس,استافيلوكوكس اورياس,1,استافيلوكوكس اورياس,,True,pathogen,,2,True
Data 2025.xlsx,9323,2025-10-14,2025-10,2025-W42,4,1,O-r-U-cu-0304-R01,O-r-U-cu-0304-R01,قطع خيار,الخيار (cucumbers),cucumbers,الخيار (cucumbers),produce,فيلا بيروت - الربيع,فيلا بيروت,الربيع,فيلا بيروت - الربيع,الشمال,بلدية,بلدية الشمال,False,True,استافيلوكوكس اورياس,استافيلوكوكس اورياس,1,استافيلوكوكس اورياس,,True,pathogen,,3,True
Data 2025.xlsx,9336,2025-10-14,2025-10,2025-W42,4,1,OOSS-eg-0390-R01,OOSS-eg-0390-R01,باذنجان مشوي,الباذنجان (eggplant),eggplant,الباذنجان (eggplant),dairy,فيلا بيروت - الربيع,فيلا بيروت,الربيع,فيلا بيروت - الربيع,الشمال,بلدية,بلدية الشمال,False,True,انتيروباكتريسي,انتيروباكتريسي,1,,انتيروباكتريسي,False,indicator_only,,8,True
Data 2025.xlsx,9324,2025-10-14,2025-10,2025-W42,4,1,OOu-on-0555-R01,OOu-on-0555-R01,قطع بصل,البصل (onions),onions,البصل (onions),produce,فيلا بيروت - الربيع,فيلا بيروت,الربيع,فيلا بيروت - الربيع,الشمال,بلدية,بلدية الشمال,False,True,السالمونيلا,السالمونيلا,1,السالمونيلا,,True,pathogen,,4,True
Data 2025.xlsx,9325,2025-10-14,2025-10,2025-W42,4,1,OOu-on-0556-R01,OOu-on-0556-R01,بصل اخضر,البصل (onions),onions,البصل (onions),produce,فيلا بيروت - الربيع,فيلا بيروت,الربيع,فيلا بيروت - الربيع,الشمال,بلدية,بلدية الشمال,True,False,لا يوجد,,0,,,False,none,,4,True
Data 2025.xlsx,9321,2025-10-14,2025-10,2025-W42,4,1,UO-ra-0112-R01,UO-ra-0112-R01,شرائح فجل,الفجل (radishes),radishes,الفجل (radishes),produce,فيلا بيروت - الربيع,فيلا بيروت,الربيع,فيلا بيروت - الربيع,الشمال,بلدية,بلدية الشمال,False,True,استافيلوكوكس اورياس,استافيلوكوكس اورياس,1,استافيلوكوكس اورياس,,True,pathogen,,1,False
Data 2025.xlsx,9327,2025-10-14,2025-10,2025-W42,4,1,appe-0623-r01,Appe-0623-R01,حمص,مقبلات (Appetizers),Appetizers,مقبلات (Appetizers),prepared_meal,فيلا بيروت - الربيع,فيلا بيروت,الربيع,فيلا بيروت - الربيع,الشمال,بلدية,بلدية الشمال,False,True,العد الكلي للبكتيريا,العد الكلي للبكتيريا,1,,العد الكلي للبكتيريا,False,indicator_only,,5,True
Data 2025.xlsx,9328,2025-10-14,2025-10,2025-W42,4,1,appe-0624-r01,Appe-0624-R01,حمص سبايسي,مقبلات (Appetizers),Appetizers,مقبلات (Appetizers),prepared_meal,فيلا بيروت - الربيع,فيلا بيروت,الربيع,فيلا بيروت - الربيع,الشمال,بلدية,بلدية الشمال,True,False,لا يوجد,,0,,,False,none,,5,True
Data 2025.xlsx,9329,2025-10-14,2025-10,2025-W42,4,1,appe-0625-r01,Appe-0625-R01,متبل,مقبلات (Appetizers),Appetizers,مقبلات (Appetizers),prepared_meal,فيلا بيروت - الربيع,فيلا بيروت,الربيع,فيلا بيروت - الربيع,الشمال,بلدية,بلدية الشمال,True,False,لا يوجد,,0,,,False,none,,5,True
Data 2025.xlsx,9330,2025-10-14,2025-10,2025-W42,4,1,appe-0626-r01,Appe-0626-R01,متبل شمندر,مقبلات (Appetizers),Appetizers,مقبلات (Appetizers),prepared_meal,فيلا بيروت - الربيع,فيلا بيروت,الربيع,فيلا بيروت - الربيع,الشمال,بلدية,بلدية الشمال,True,False,لا يوجد,,0,,,False,none,,5,True
Data 2025.xlsx,9347,2025-10-14,2025-10,2025-W42,4,1,be-0063-r01,be-0063-R01,مشروب فيمتو,المشروبات الغازية (الغير كحولية) (Carbonated beverages) (non - alcoholic ),non - alcoholic,المشروبات الغازية (الغير كحولية) (Carbonated beverages) (non - alcoholic ),beverage,فيلا بيروت - الربيع,فيلا بيروت,الربيع,فيلا بيروت - الربيع,الشمال,بلدية,بلدية الشمال,True,False,لا يوجد,,0,,,False,none,,10,True
Data 2025.xlsx,9334,2025-10-14,2025-10,2025-W42,4,1,bu-0026-r01,Bu-0026-R01,برغل,البرغل (Bulgur),Bulgur,البرغل (Bulgur),produce,فيلا بيروت - الربيع,فيلا بيروت,الربيع,فيلا بيروت - الربيع,الشمال,بلدية,بلدية الشمال,True,False,لا يوجد,,0,,,False,none,,6,True
Data 2025.xlsx,9335,2025-10-14,2025-10,2025-W42,4,1,cer-0077-r01,cer-0077-R01,كينوا حبوب,الحبوب (Cereal grains),Cereal grains,الحبوب (Cereal grains),produce,فيلا بيروت - الربيع,فيلا بيروت,الربيع,فيلا بيروت - الربيع,الشمال,بلدية,بلدية الشمال,False,True,السالمونيلا,السالمونيلا,1,السالمونيلا,,True,pathogen,,7,True
Data 2025.xlsx,9326,2025-10-14,2025-10,2025-W42,4,1,gr-0213-r01,gr-0213-R01,ورق عنب,ورق عنب (Grape leaves),Grape leaves,ورق عنب (Grape leaves),produce,فيلا بيروت - الربيع,فيلا بيروت,الربيع,فيلا بيروت - الربيع,الشمال,بلدية,بلدية الشمال,True,False,لا يوجد,,0,,,False,none,,4,True
Data 2025.xlsx,9340,2025-10-14,2025-10,2025-W42,4,1,po-0141-r01,po-0141-R01,كباب دجاج ني,الدجاج (Poultry),Poultry,الدجاج (Poultry),cooked_meat_poultry,فيلا بيروت - الربيع,فيلا بيروت,الربيع,فيلا بيروت - الربيع,الشمال,بلدية,بلدية الشمال,True,False,لا يوجد,,0,,,False,none,,9,True
Data 2025.xlsx,9339,2025-10-14,2025-10,2025-W42,4,1,raw-0517-r01,Raw-0517-R01,كباب لحم ني,لحوم مجمدة/ مبردة (Frozen/Chilled Raw meat ),Frozen/Chilled Raw meat,لحوم مجمدة/ مبردة (Frozen/Chilled Raw meat ),raw_meat,فيلا بيروت - الربيع,فيلا بيروت,الربيع,فيلا بيروت - الربيع,الشمال,بلدية,بلدية الشمال,False,True,السالمونيلا,السالمونيلا,1,السالمونيلا,,True,pathogen,,9,True
Data 2025.xlsx,9332,2025-10-14,2025-10,2025-W42,4,1,sau-2567-r01,sau-2567-R01,صوص دبس رمان,صوص (sauce),sauce,صوص (sauce),sauce_condiment,فيلا بيروت - الربيع,فيلا بيروت,الربيع,فيلا بيروت - الربيع,الشمال,بلدية,بلدية الشمال,True,False,لا يوجد,,0,,,False,none,,6,True
Data 2025.xlsx,9333,2025-10-14,2025-10,2025-W42,4,1,sau-2568-r01,sau-2568-R01,صوص روكة,صوص (sauce),sauce,صوص (sauce),sauce_condiment,فيلا بيروت - الربيع,فيلا بيروت,الربيع,فيلا بيروت - الربيع,الشمال,بلدية,بلدية الشمال,True,False,لا يوجد,,0,,,False,none,,6,True
Data 2025.xlsx,9337,2025-10-14,2025-10,2025-W42,4,1,sau-2569-r01,sau-2569-R01,صوص مايونيز,صوص (sauce),sauce,صوص (sauce),sauce_condiment,فيلا بيروت - الربيع,فيلا بيروت,الربيع,فيلا بيروت - الربيع,الشمال,بلدية,بلدية الشمال,True,False,لا يوجد,,0,,,False,none,,8,True
Data 2025.xlsx,9338,2025-10-14,2025-10,2025-W42,4,1,sau-2570-r01,sau-2570-R01,صوص خردل,صوص (sauce),sauce,صوص (sauce),sauce_condiment,فيلا بيروت - الربيع,فيلا بيروت,الربيع,فيلا بيروت - الربيع,الشمال,بلدية,بلدية الشمال,True,False,لا يوجد,,0,,,False,none,,8,True
Data 2025.xlsx,9344,2025-10-14,2025-10,2025-W42,4,1,sau-2571-r01,sau-2571-R01,صوص شيرة,صوص (sauce),sauce,صوص (sauce),sauce_condiment,فيلا بيروت - الربيع,فيلا بيروت,الربيع,فيلا بيروت - الربيع,الشمال,بلدية,بلدية الشمال,True,False,لا يوجد,,0,,,False,none,,10,True
Data 2025.xlsx,9341,2025-10-14,2025-10,2025-W42,4,1,sw-3620-r01,sw-3620-R01,مسحة ثلاجة,(Swabs) المسحات,Swabs,(Swabs) المسحات,swab,فيلا بيروت - الربيع,فيلا بيروت,الربيع,فيلا بيروت - الربيع,الشمال,بلدية,بلدية الشمال,True,False,لا يوجد,,0,,,False,none,,9,True
Data 2025.xlsx,9342,2025-10-14,2025-10,2025-W42,4,1,sw-3621-r01,sw-3621-R01,مسحة ثلاجة,(Swabs) المسحات,Swabs,(Swabs) المسحات,swab,فيلا بيروت - الربيع,فيلا بيروت,الربيع,فيلا بيروت - الربيع,الشمال,بلدية,بلدية الشمال,True,False,لا يوجد,,0,,,False,none,,9,True
Data 2025.xlsx,9349,2025-10-14,2025-10,2025-W42,4,1,sw-3622-r01,sw-3622-R01,مسحة حافظة ثلج,(Swabs) المسحات,Swabs,(Swabs) المسحات,swab,فيلا بيروت - الربيع,فيلا بيروت,الربيع,فيلا بيروت - الربيع,الشمال,بلدية,بلدية الشمال,True,False,لا يوجد,,0,,,False,none,,11,True
Data 2025.xlsx,9343,2025-10-14,2025-10,2025-W42,4,1,ubot-1111-r01,Ubot-1111-R01,مياه فلتر للطبخ م ك,المياه الغير معبأة (Unbottled water),Unbottled water,المياه الغير المعبأة (Unbottled water),water,فيلا بيروت - الربيع,فيلا بيروت,الربيع,فيلا بيروت - الربيع,الشمال,بلدية,بلدية الشمال,False,True,كوليفورم | ايشيريشيا كولاي | سيدوموناس,كوليفورم | ايشيريشيا كولاي | سيدوموناس,3,ايشيريشيا كولاي,كوليفورم | سيدوموناس,True,pathogen,category_merged_to_canonical,10,True
Data 2025.xlsx,9365,2025-10-18,2025-10,2025-W42,4,5,1-3619-R01,1-3619-R01,هلابينو,(jalapeno) هلابينو,jalapeno,(jalapeno) هلابينو,produce,اسواق تبادر - حي الياسمين,اسواق تبادر,حي الياسمين,اسواق تبادر - حي الياسمين,الشمال,بلدية,بلدية الشمال,True,False,لا يوجد,,0,,,False,none,,9,True
Data 2025.xlsx,9375,2025-10-18,2025-10,2025-W42,4,5,1-3620-R01,1-3620-R01,كروسان جبن سائل,كروسان (croissant),croissant,كروسان (croissant),sweets_bakery,اسواق تبادر - حي الياسمين,اسواق تبادر,حي الياسمين,اسواق تبادر - حي الياسمين,الشمال,بلدية,بلدية الشمال,True,False,لا يوجد,,0,,,False,none,,12,True
Data 2025.xlsx,9376,2025-10-18,2025-10,2025-W42,4,5,1-3621-R01,1-3621-R01,كروسان جبن مالح زعتر,كروسان (croissant),croissant,كروسان (croissant),sweets_bakery,اسواق تبادر - حي الياسمين,اسواق تبادر,حي الياسمين,اسواق تبادر - حي الياسمين,الشمال,بلدية,بلدية الشمال,True,False,لا يوجد,,0,,,False,none,,12,True
Data 2025.xlsx,9377,2025-10-18,2025-10,2025-W42,4,5,1-3622-R01,1-3622-R01,كروسان شوكولاتة,كروسان (croissant),croissant,كروسان (croissant),sweets_bakery,اسواق تبادر - حي الياسمين,اسواق تبادر,حي الياسمين,اسواق تبادر - حي الياسمين,الشمال,بلدية,بلدية الشمال,False,True,العد الكلي للبكتيريا,العد الكلي للبكتيريا,1,,العد الكلي للبكتيريا,False,indicator_only,,13,True
Data 2025.xlsx,9378,2025-10-18,2025-10,2025-W42,4,5,1-3623-R01,1-3623-R01,فطيرة لبنة,(Pie) فطيرة,Pie,(Pie) فطيرة,sweets_bakery,اسواق تبادر - حي الياسمين,اسواق تبادر,حي الياسمين,اسواق تبادر - حي الياسمين,الشمال,بلدية,بلدية الشمال,True,False,لا يوجد,,0,,,False,none,,13,True
Data 2025.xlsx,9379,2025-10-18,2025-10,2025-W42,4,5,1-3624-R01,1-3624-R01,مشلتت جبن شيدر,(Pie) فطيرة,Pie,(Pie) فطيرة,sweets_bakery,اسواق تبادر - حي الياسمين,اسواق تبادر,حي الياسمين,اسواق تبادر - حي الياسمين,الشمال,بلدية,بلدية الشمال,True,False,لا يوجد,,0,,,False,none,,13,True
Data 2025.xlsx,9388,2025-10-18,2025-10,2025-W42,4,5,1-3625-R01,1-3625-R01,هلابينو,(jalapeno) هلابينو,jalapeno,(jalapeno) هلابينو,produce,هلا برجر - الياسمين,هلا برجر,الياسمين,هلا برجر - الياسمين,الشمال,بلدية,بلدية الشمال,True,False,لا يوجد,,0,,,False,none,,1,False
Data 2025.xlsx,9390,2025-10-18,2025-10,2025-W42,4,5,OO-OSS-po-0459-R01,OO-OSS-po-0459-R01,بطاطس مقلي,البطاطس (potatoes),potatoes,البطاطس (potatoes),produce,هلا برجر - الياسمين,هلا برجر,الياسمين,هلا برجر - الياسمين,الشمال,بلدية,بلدية الشمال,True,False,لا يوجد,,0,,,False,none,,1,False
Data 2025.xlsx,9358,2025-10-18,2025-10,2025-W42,4,5,OOSS-eg-0391-R01,OOSS-eg-0391-R01,مكدوس,الباذنجان (eggplant),eggplant,الباذنجان (eggplant),dairy,اسواق تبادر - حي الياسمين,اسواق تبادر,حي الياسمين,اسواق تبادر - حي الياسمين,الشمال,بلدية,بلدية الشمال,False,True,الخمائر والاعفان,الخمائر والاعفان,1,,الخمائر والاعفان,False,indicator_only,,6,True
Data 2025.xlsx,9383,2025-10-18,2025-10,2025-W42,4,5,OOu-on-0558-R01,OOu-on-0558-R01,بصل مكرمل,البصل (onions),onions,البصل (onions),produce,هلا برجر - الياسمين,هلا برجر,الياسمين,هلا برجر - الياسمين,الشمال,بلدية,بلدية الشمال,True,False,لا يوجد,,0,,,False,none,,0,False
Data 2025.xlsx,9352,2025-10-18,2025-10,2025-W42,4,5,bri-0368-r01,bri-0368-R01,لبنة لبنانية حارة,لبنة ( brick),brick,لبنة ( brick),dairy,اسواق تبادر - حي الياسمين,اسواق تبادر,حي الياسمين,اسواق تبادر - حي الياسمين,الشمال,بلدية,بلدية الشمال,False,True,الخمائر والاعفان,الخمائر والاعفان,1,,الخمائر والاعفان,False,indicator_only,,2,True
Data 2025.xlsx,9353,2025-10-18,2025-10,2025-W42,4,5,bri-0369-r01,bri-0369-R01,لبنة مشوي,لبنة ( brick),brick,لبنة ( brick),dairy,اسواق تبادر - حي الياسمين,اسواق تبادر,حي الياسمين,اسواق تبادر - حي الياسمين,الشمال,بلدية,بلدية الشمال,True,False,لا يوجد,,0,,,False,none,,2,True
Data 2025.xlsx,9354,2025-10-18,2025-10,2025-W42,4,5,bri-0370-r01,bri-0370-R01,لبنة افوكادو,لبنة ( brick),brick,لبنة ( brick),dairy,اسواق تبادر - حي الياسمين,اسواق تبادر,حي الياسمين,اسواق تبادر - حي الياسمين,الشمال,بلدية,بلدية الشمال,False,True,الخمائر والاعفان,الخمائر والاعفان,1,,الخمائر والاعفان,False,indicator_only,,3,True
Data 2025.xlsx,9355,2025-10-18,2025-10,2025-W42,4,5,bri-0371-r01,bri-0371-R01,لبنة مكدوس,لبنة ( brick),brick,لبنة ( brick),dairy,اسواق تبادر - حي الياسمين,اسواق تبادر,حي الياسمين,اسواق تبادر - حي الياسمين,الشمال,بلدية,بلدية الشمال,True,False,لا يوجد,,0,,,False,none,,3,True
Data 2025.xlsx,9356,2025-10-18,2025-10,2025-W42,4,5,bri-0372-r01,bri-0372-R01,لبنة شمندر,لبنة ( brick),brick,لبنة ( brick),dairy,اسواق تبادر - حي الياسمين,اسواق تبادر,حي الياسمين,اسواق تبادر - حي الياسمين,الشمال,بلدية,بلدية الشمال,False,True,انتيروباكتريسي,انتيروباكتريسي,1,,انتيروباكتريسي,False,indicator_only,,4,True
Data 2025.xlsx,9350,2025-10-18,2025-10,2025-W42,4,5,chee-0888-r01,Chee-0888-R01,مفروكة جبن,(cheese) جبنة,cheese,(cheese) جبنة,dairy,اسواق تبادر - حي الياسمين,اسواق تبادر,حي الياسمين,اسواق تبادر - حي الياسمين,الشمال,بلدية,بلدية الشمال,False,True,انتيروباكتريسي,انتيروباكتريسي,1,,انتيروباكتريسي,False,indicator_only,,1,False
Data 2025.xlsx,9351,2025-10-18,2025-10,2025-W42,4,5,chee-0889-r01,Chee-0889-R01,مفروكة جبن حارة,(cheese) جبنة,cheese,(cheese) جبنة,dairy,اسواق تبادر - حي الياسمين,اسواق تبادر,حي الياسمين,اسواق تبادر - حي الياسمين,الشمال,بلدية,بلدية الشمال,True,False,لا يوجد,,0,,,False,none,,1,False
Data 2025.xlsx,9367,2025-10-18,2025-10,2025-W42,4,5,gr-0214-r01,gr-0214-R01,ورق عنب,ورق عنب (Grape leaves),Grape leaves,ورق عنب (Grape leaves),produce,اسواق تبادر - حي الياسمين,اسواق تبادر,حي الياسمين,اسواق تبادر - حي الياسمين,الشمال,بلدية,بلدية الشمال,True,False,لا يوجد,,0,,,False,none,,10,True
Data 2025.xlsx,9362,2025-10-18,2025-10,2025-W42,4,5,hs-0372-r01,HS-0372-R01,شطة شامية,الشطة (Hot sauce),Hot sauce,الشطة (Hot sauce),sauce_condiment,اسواق تبادر - حي الياسمين,اسواق تبادر,حي الياسمين,اسواق تبادر - حي الياسمين,الشمال,بلدية,بلدية الشمال,True,False,لا يوجد,,0,,,False,none,,7,True
Data 2025.xlsx,9368,2025-10-18,2025-10,2025-W42,4,5,olv-0636-r01,olv-0636-R01,زيتون اخضر محشي جزر,الزيتون /Olive,Olive,الزيتون /Olive,produce,اسواق تبادر - حي الياسمين,اسواق تبادر,حي الياسمين,اسواق تبادر - حي الياسمين,الشمال,بلدية,بلدية الشمال,True,False,لا يوجد,,0,,,False,none,,10,True
Data 2025.xlsx,9369,2025-10-18,2025-10,2025-W42,4,5,olv-0637-r01,olv-0637-R01,شرائح زيتون اخضر حار,الزيتون /Olive,Olive,الزيتون /Olive,produce,اسواق تبادر - حي الياسمين,اسواق تبادر,حي الياسمين,اسواق تبادر - حي الياسمين,الشمال,بلدية,بلدية الشمال,False,True,خمائر,الخمائر والاعفان,1,,الخمائر والاعفان,False,indicator_only,,11,True
Data 2025.xlsx,9370,2025-10-18,2025-10,2025-W42,4,5,olv-0638-r01,olv-0638-R01,زيتون مشكل,الزيتون /Olive,Olive,الزيتون /Olive,produce,اسواق تبادر - حي الياسمين,اسواق تبادر,حي الياسمين,اسواق تبادر - حي الياسمين,الشمال,بلدية,بلدية الشمال,False,True,خمائر,الخمائر والاعفان,1,,الخمائر والاعفان,False,indicator_only,,12,True
Data 2025.xlsx,9364,2025-10-18,2025-10,2025-W42,4,5,pick-0563-r01,Pick-0563-R01,طرشي حار,المخلل (Pickle),Pickle,المخلل (Pickle),sauce_condiment,اسواق تبادر - حي الياسمين,اسواق تبادر,حي الياسمين,اسواق تبادر - حي الياسمين,الشمال,بلدية,بلدية الشمال,False,True,خمائر,الخمائر والاعفان,1,,الخمائر والاعفان,False,indicator_only,,9,True
Data 2025.xlsx,9366,2025-10-18,2025-10,2025-W42,4,5,pick-0564-r01,Pick-0564-R01,طرشي عادي,المخلل (Pickle),Pickle,المخلل (Pickle),sauce_condiment,اسواق تبادر - حي الياسمين,اسواق تبادر,حي الياسمين,اسواق تبادر - حي الياسمين,الشمال,بلدية,بلدية الشمال,False,True,خمائر,الخمائر والاعفان,1,,الخمائر والاعفان,False,indicator_only,,10,True
Data 2025.xlsx,9389,2025-10-18,2025-10,2025-W42,4,5,pick-0565-r01,Pick-0565-R01,مخلل خيار,المخلل (Pickle),Pickle,المخلل (Pickle),sauce_condiment,هلا برجر - الياسمين,هلا برجر,الياسمين,هلا برجر - الياسمين,الشمال,بلدية,بلدية الشمال,True,False,لا يوجد,,0,,,False,none,,1,False
Data 2025.xlsx,9357,2025-10-18,2025-10,2025-W42,4,5,sal-1676-r01,Sal-1676-R01,سلطة جبن مشكل خضار,السلطة(Salad),Salad,السلطة(Salad),produce,اسواق تبادر - حي الياسمين,اسواق تبادر,حي الياسمين,اسواق تبادر - حي الياسمين,الشمال,بلدية,بلدية الشمال,False,True,استافيلوكوكس اورياس,استافيلوكوكس اورياس,1,استافيلوكوكس اورياس,,True,pathogen,,5,True
Data 2025.xlsx,9359,2025-10-18,2025-10,2025-W42,4,5,sal-1677-r01,Sal-1677-R01,سلطة جبن بالشطة,السلطة(Salad),Salad,السلطة(Salad),produce,اسواق تبادر - حي الياسمين,اسواق تبادر,حي الياسمين,اسواق تبادر - حي الياسمين,الشمال,بلدية,بلدية الشمال,True,False,لا يوجد,,0,,,False,none,,6,True
Data 2025.xlsx,9360,2025-10-18,2025-10,2025-W42,4,5,sal-1678-r01,Sal-1678-R01,سلطة جبن حلوم,السلطة(Salad),Salad,السلطة(Salad),produce,اسواق تبادر - حي الياسمين,اسواق تبادر,حي الياسمين,اسواق تبادر - حي الياسمين,الشمال,بلدية,بلدية الشمال,True,False,لا يوجد,,0,,,False,none,,6,True
Data 2025.xlsx,9361,2025-10-18,2025-10,2025-W42,4,5,sal-1679-r01,Sal-1679-R01,سلطة مكدوس,السلطة(Salad),Salad,السلطة(Salad),produce,اسواق تبادر - حي الياسمين,اسواق تبادر,حي الياسمين,اسواق تبادر - حي الياسمين,الشمال,بلدية,بلدية الشمال,False,True,الخمائر والاعفان,الخمائر والاعفان,1,,الخمائر والاعفان,False,indicator_only,,7,True
Data 2025.xlsx,9363,2025-10-18,2025-10,2025-W42,4,5,sal-1680-r01,Sal-1680-R01,سلطة مرتديلا مكس,السلطة(Salad),Salad,السلطة(Salad),produce,اسواق تبادر - حي الياسمين,اسواق تبادر,حي الياسمين,اسواق تبادر - حي الياسمين,الشمال,بلدية,بلدية الشمال,False,True,العد الكلي للبكتيريا,العد الكلي للبكتيريا,1,,العد الكلي للبكتيريا,False,indicator_only,,8,True
Data 2025.xlsx,9387,2025-10-18,2025-10,2025-W42,4,5,sal-1681-r01,Sal-1681-R01,سلطة ملفوف,السلطة(Salad),Salad,السلطة(Salad),produce,هلا برجر - الياسمين,هلا برجر,الياسمين,هلا برجر - الياسمين,الشمال,بلدية,بلدية الشمال,True,False,لا يوجد,,0,,,False,none,,1,False
Data 2025.xlsx,9384,2025-10-18,2025-10,2025-W42,4,5,sau-2572-r01,sau-2572-R01,صوص سبايسي,صوص (sauce),sauce,صوص (sauce),sauce_condiment,هلا برجر - الياسمين,هلا برجر,الياسمين,هلا برجر - الياسمين,الشمال,بلدية,بلدية الشمال,True,False,لا يوجد,,0,,,False,none,,0,False
Data 2025.xlsx,9385,2025-10-18,2025-10,2025-W42,4,5,sau-2573-r01,sau-2573-R01,صوص سماش,صوص (sauce),sauce,صوص (sauce),sauce_condiment,هلا برجر - الياسمين,هلا برجر,الياسمين,هلا برجر - الياسمين,الشمال,بلدية,بلدية الشمال,False,True,العد الكلي للبكتيريا,العد الكلي للبكتيريا,1,,العد الكلي للبكتيريا,False,indicator_only,,1,False
Data 2025.xlsx,9386,2025-10-18,2025-10,2025-W42,4,5,sau-2574-r01,sau-2574-R01,صوص عادي,صوص (sauce),sauce,صوص (sauce),sauce_condiment,هلا برجر - الياسمين,هلا برجر,الياسمين,هلا برجر - الياسمين,الشمال,بلدية,بلدية الشمال,True,False,لا يوجد,,0,,,False,none,,1,False
Data 2025.xlsx,9395,2025-10-18,2025-10,2025-W42,4,5,sau-2575-r01,sau-2575-R01,صوص كاتشب معلب,صوص (sauce),sauce,صوص (sauce),sauce_condiment,هلا برجر - الياسمين,هلا برجر,الياسمين,هلا برجر - الياسمين,الشمال,بلدية,بلدية الشمال,True,False,لا يوجد,,0,,,False,none,,1,False
Data 2025.xlsx,9396,2025-10-18,2025-10,2025-W42,4,5,sau-2576-r01,sau-2576-R01,صوص رانش معلب,صوص (sauce),sauce,صوص (sauce),sauce_condiment,هلا برجر - الياسمين,هلا برجر,الياسمين,هلا برجر - الياسمين,الشمال,بلدية,بلدية الشمال,True,False,لا يوجد,,0,,,False,none,,1,False
Data 2025.xlsx,9397,2025-10-18,2025-10,2025-W42,4,5,sau-2577-r01,sau-2577-R01,صوص عادي معلب,صوص (sauce),sauce,صوص (sauce),sauce_condiment,هلا برجر - الياسمين,هلا برجر,الياسمين,هلا برجر - الياسمين,الشمال,بلدية,بلدية الشمال,True,False,لا يوجد,,0,,,False,none,,1,False
Data 2025.xlsx,9398,2025-10-18,2025-10,2025-W42,4,5,sau-2578-r01,sau-2578-R01,صوص سبايسي معلب,صوص (sauce),sauce,صوص (sauce),sauce_condiment,هلا برجر - الياسمين,هلا برجر,الياسمين,هلا برجر - الياسمين,الشمال,بلدية,بلدية الشمال,True,False,لا يوجد,,0,,,False,none,,1,False
Data 2025.xlsx,9399,2025-10-18,2025-10,2025-W42,4,5,sau-2579-r01,sau-2579-R01,صوص هلا معلب,صوص (sauce),sauce,صوص (sauce),sauce_condiment,هلا برجر - الياسمين,هلا برجر,الياسمين,هلا برجر - الياسمين,الشمال,بلدية,بلدية الشمال,False,True,العد الكلي للبكتيريا | انتيروباكتريسي | الخمائر والاعفان,العد الكلي للبكتيريا | انتيروباكتريسي | الخمائر والاعفان,3,,العد الكلي للبكتيريا | انتيروباكتريسي | الخمائر والاعفان,False,indicator_only,,2,True
Data 2025.xlsx,9371,2025-10-18,2025-10,2025-W42,4,5,sw-3623-r01,sw-3623-R01,مسحة ثلاجة,(Swabs) المسحات,Swabs,(Swabs) المسحات,swab,اسواق تبادر - حي الياسمين,اسواق تبادر,حي الياسمين,اسواق تبادر - حي الياسمين,الشمال,بلدية,بلدية الشمال,True,False,لا يوجد,,0,,,False,none,,12,True
Data 2025.xlsx,9372,2025-10-18,2025-10,2025-W42,4,5,sw-3624-r01,sw-3624-R01,مسحة ثلاجة,(Swabs) المسحات,Swabs,(Swabs) المسحات,swab,اسواق تبادر - حي الياسمين,اسواق تبادر,حي الياسمين,اسواق تبادر - حي الياسمين,الشمال,بلدية,بلدية الشمال,True,False,لا يوجد,,0,,,False,none,,12,True
Data 2025.xlsx,9373,2025-10-18,2025-10,2025-W42,4,5,sw-3625-r01,sw-3625-R01,مسحة حافظة حلاوة طحينة,(Swabs) المسحات,Swabs,(Swabs) المسحات,swab,اسواق تبادر - حي الياسمين,اسواق تبادر,حي الياسمين,اسواق تبادر - حي الياسمين,الشمال,بلدية,بلدية الشمال,True,False,لا يوجد,,0,,,False,none,,12,True
Data 2025.xlsx,9374,2025-10-18,2025-10,2025-W42,4,5,sw-3626-r01,sw-3626-R01,مسحة ثلاجة,(Swabs) المسحات,Swabs,(Swabs) المسحات,swab,اسواق تبادر - حي الياسمين,اسواق تبادر,حي الياسمين,اسواق تبادر - حي الياسمين,الشمال,بلدية,بلدية الشمال,True,False,لا يوجد,,0,,,False,none,,12,True
Data 2025.xlsx,9381,2025-10-18,2025-10,2025-W42,4,5,sw-3627-r01,sw-3627-R01,مسحة حافظة شابورا,(Swabs) المسحات,Swabs,(Swabs) المسحات,swab,اسواق تبادر - حي الياسمين,اسواق تبادر,حي الياسمين,اسواق تبادر - حي الياسمين,الشمال,بلدية,بلدية الشمال,False,True,العد الكلي للبكتيريا,العد الكلي للبكتيريا,1,,العد الكلي للبكتيريا,False,indicator_only,,14,True
Data 2025.xlsx,9382,2025-10-18,2025-10,2025-W42,4,5,sw-3628-r01,sw-3628-R01,مسحة شابور,(Swabs) المسحات,Swabs,(Swabs) المسحات,swab,اسواق تبادر - حي الياسمين,اسواق تبادر,حي الياسمين,اسواق تبادر - حي الياسمين,الشمال,بلدية,بلدية الشمال,True,False,لا يوجد,,0,,,False,none,,14,True
Data 2025.xlsx,9391,2025-10-18,2025-10,2025-W42,4,5,sw-3629-r01,sw-3629-R01,مسحة ثلاجة صوصات,(Swabs) المسحات,Swabs,(Swabs) المسحات,swab,هلا برجر - الياسمين,هلا برجر,الياسمين,هلا برجر - الياسمين,الشمال,بلدية,بلدية الشمال,True,False,لا يوجد,,0,,,False,none,,1,False
Data 2025.xlsx,9392,2025-10-18,2025-10,2025-W42,4,5,sw-3630-r01,sw-3630-R01,مسحة طاولة تقطيع,(Swabs) المسحات,Swabs,(Swabs) المسحات,swab,هلا برجر - الياسمين,هلا برجر,الياسمين,هلا برجر - الياسمين,الشمال,بلدية,بلدية الشمال,True,False,لا يوجد,,0,,,False,none,,1,False
Data 2025.xlsx,9393,2025-10-18,2025-10,2025-W42,4,5,sw-3631-r01,sw-3631-R01,مسحة ادوات تحضير,(Swabs) المسحات,Swabs,(Swabs) المسحات,swab,هلا برجر - الياسمين,هلا برجر,الياسمين,هلا برجر - الياسمين,الشمال,بلدية,بلدية الشمال,True,False,لا يوجد,,0,,,False,none,,1,False
Data 2025.xlsx,9394,2025-10-18,2025-10,2025-W42,4,5,sw-3632-r01,sw-3632-R01,مسحة حافظة بطاطس,(Swabs) المسحات,Swabs,(Swabs) المسحات,swab,هلا برجر - الياسمين,هلا برجر,الياسمين,هلا برجر - الياسمين,الشمال,بلدية,بلدية الشمال,True,False,لا يوجد,,0,,,False,none,,1,False
Data 2025.xlsx,9380,2025-10-18,2025-10,2025-W42,4,5,sweet-1500-r01,sweet-1500-R01,معمول قشطة,الحلا(sweetness),sweetness,الحلا(sweetness),sweets_bakery,اسواق تبادر - حي الياسمين,اسواق تبادر,حي الياسمين,اسواق تبادر - حي الياسمين,الشمال,بلدية,بلدية الشمال,True,False,لا يوجد,,0,,,False,none,,13,True
Data 2025.xlsx,9427,2025-10-19,2025-10,2025-W42,4,6,1-3627-R01,1-3627-R01,رز شعيرية,الارز ( rice),rice,الارز ( rice),prepared_meal,مطعم نور الهناء - حي الياسمين,مطعم نور الهناء,حي الياسمين,مطعم نور الهناء - حي الياسمين,الشمال,بلدية,بلدية الشمال,True,False,لا يوجد,,0,,,False,none,,13,True
Data 2025.xlsx,9428,2025-10-19,2025-10,2025-W42,4,6,OOSS-eg-0393-R01,OOSS-eg-0393-R01,مصقعة,الباذنجان (eggplant),eggplant,الباذنجان (eggplant),dairy,مطعم نور الهناء - حي الياسمين,مطعم نور الهناء,حي الياسمين,مطعم نور الهناء - حي الياسمين,الشمال,بلدية,بلدية الشمال,True,False,لا يوجد,,0,,,False,none,,13,True
Data 2025.xlsx,9432,2025-10-19,2025-10,2025-W42,4,6,UU-ca-0129-R01,UU-ca-0129-R01,محشي ملفوف,الملفوف (cabbage),cabbage,الملفوف (cabbage),produce,مطعم نور الهناء - حي الياسمين,مطعم نور الهناء,حي الياسمين,مطعم نور الهناء - حي الياسمين,الشمال,بلدية,بلدية الشمال,True,False,لا يوجد,,0,,,False,none,,14,True
Data 2025.xlsx,9404,2025-10-19,2025-10,2025-W42,4,6,appe-0627-r01,Appe-0627-R01,متبل,مقبلات (Appetizers),Appetizers,مقبلات (Appetizers),prepared_meal,مطعم نور الهناء - حي الياسمين,مطعم نور الهناء,حي الياسمين,مطعم نور الهناء - حي الياسمين,الشمال,بلدية,بلدية الشمال,False,True,العد الكلي للبكتيريا,العد الكلي للبكتيريا,1,,العد الكلي للبكتيريا,False,indicator_only,,3,True
Data 2025.xlsx,9405,2025-10-19,2025-10,2025-W42,4,6,appe-0628-r01,Appe-0628-R01,بابا غنوج,مقبلات (Appetizers),Appetizers,مقبلات (Appetizers),prepared_meal,مطعم نور الهناء - حي الياسمين,مطعم نور الهناء,حي الياسمين,مطعم نور الهناء - حي الياسمين,الشمال,بلدية,بلدية الشمال,False,True,العد الكلي للبكتيريا,العد الكلي للبكتيريا,1,,العد الكلي للبكتيريا,False,indicator_only,,4,True
Data 2025.xlsx,9406,2025-10-19,2025-10,2025-W42,4,6,appe-0629-r01,Appe-0629-R01,تبولة,مقبلات (Appetizers),Appetizers,مقبلات (Appetizers),prepared_meal,مطعم نور الهناء - حي الياسمين,مطعم نور الهناء,حي الياسمين,مطعم نور الهناء - حي الياسمين,الشمال,بلدية,بلدية الشمال,True,False,لا يوجد,,0,,,False,none,,4,True
Data 2025.xlsx,9407,2025-10-19,2025-10,2025-W42,4,6,appe-0630-r01,Appe-0630-R01,حمص,مقبلات (Appetizers),Appetizers,مقبلات (Appetizers),prepared_meal,مطعم نور الهناء - حي الياسمين,مطعم نور الهناء,حي الياسمين,مطعم نور الهناء - حي الياسمين,الشمال,بلدية,بلدية الشمال,True,False,لا يوجد,,0,,,False,none,,4,True
Data 2025.xlsx,9426,2025-10-19,2025-10,2025-W42,4,6,bu-0030-r01,Bu-0030-R01,برغل مطبوخ,البرغل (Bulgur),Bulgur,البرغل (Bulgur),produce,مطعم نور الهناء - حي الياسمين,مطعم نور الهناء,حي الياسمين,مطعم نور الهناء - حي الياسمين,الشمال,بلدية,بلدية الشمال,True,False,لا يوجد,,0,,,False,none,,13,True
Data 2025.xlsx,9417,2025-10-19,2025-10,2025-W42,4,6,chee-0890-r01,Chee-0890-R01,جبن سائل,(cheese) جبنة,cheese,(cheese) جبنة,dairy,مطعم نور الهناء - حي الياسمين,مطعم نور الهناء,حي الياسمين,مطعم نور الهناء - حي الياسمين,الشمال,بلدية,بلدية الشمال,False,True,استافيلوكوكس اورياس,استافيلوكوكس اورياس,1,استافيلوكوكس اورياس,,True,pathogen,,9,True
Data 2025.xlsx,9431,2025-10-19,2025-10,2025-W42,4,6,cm-0132-r01,Cm-0132-R01,لحم فرن,اللحوم المطبوخة (Cooked meat),Cooked meat,اللحوم المطبوخة (Cooked meat),cooked_meat_poultry,مطعم نور الهناء - حي الياسمين,مطعم نور الهناء,حي الياسمين,مطعم نور الهناء - حي الياسمين,الشمال,بلدية,بلدية الشمال,False,True,العد الكلي للبكتيريا,العد الكلي للبكتيريا,1,,العد الكلي للبكتيريا,False,indicator_only,,14,True
Data 2025.xlsx,9430,2025-10-19,2025-10,2025-W42,4,6,co-0620-r01,co-0620-R01,ايدام دجاج,الدجاج المطبوخ (Cooked chicken),Cooked chicken,الدجاج المطبوخ (Cooked chicken),cooked_meat_poultry,مطعم نور الهناء - حي الياسمين,مطعم نور الهناء,حي الياسمين,مطعم نور الهناء - حي الياسمين,الشمال,بلدية,بلدية الشمال,True,False,لا يوجد,,0,,,False,none,,13,True
Data 2025.xlsx,9408,2025-10-19,2025-10,2025-W42,4,6,gr-0215-r01,gr-0215-R01,ورق عنب,ورق عنب (Grape leaves),Grape leaves,ورق عنب (Grape leaves),produce,مطعم نور الهناء - حي الياسمين,مطعم نور الهناء,حي الياسمين,مطعم نور الهناء - حي الياسمين,الشمال,بلدية,بلدية الشمال,True,False,لا يوجد,,0,,,False,none,,4,True
Data 2025.xlsx,9429,2025-10-19,2025-10,2025-W42,4,6,homo-0506-r01,homo-0506-R01,ايدام حمص,"الحمص Homous , Tzatziki and other dips","Homous , Tzatziki and other dips","الحمص Homous , Tzatziki and other dips",prepared_meal,مطعم نور الهناء - حي الياسمين,مطعم نور الهناء,حي الياسمين,مطعم نور الهناء - حي الياسمين,الشمال,بلدية,بلدية الشمال,True,False,لا يوجد,,0,,,False,none,,13,True
Data 2025.xlsx,9410,2025-10-19,2025-10,2025-W42,4,6,hs-0373-r01,HS-0373-R01,شطة شامية,الشطة (Hot sauce),Hot sauce,الشطة (Hot sauce),sauce_condiment,مطعم نور الهناء - حي الياسمين,مطعم نور الهناء,حي الياسمين,مطعم نور الهناء - حي الياسمين,الشمال,بلدية,بلدية الشمال,True,False,لا يوجد,,0,,,False,none,,5,True
Data 2025.xlsx,9433,2025-10-19,2025-10,2025-W42,4,6,jui-0551-r01,jui-0551-R01,عصير اناناس,العصائر الطازجة Un-pasteurized juices (fresh),fresh,العصائر الطازجة Un-pasteurized juices (fresh),beverage,مطعم نور الهناء - حي الياسمين,مطعم نور الهناء,حي الياسمين,مطعم نور الهناء - حي الياسمين,الشمال,بلدية,بلدية الشمال,True,False,لا يوجد,,0,,,False,none,,14,True
Data 2025.xlsx,9434,2025-10-19,2025-10,2025-W42,4,6,jui-0552-r01,jui-0552-R01,عصير فراولة,العصائر الطازجة Un-pasteurized juices (fresh),fresh,العصائر الطازجة Un-pasteurized juices (fresh),beverage,مطعم نور الهناء - حي الياسمين,مطعم نور الهناء,حي الياسمين,مطعم نور الهناء - حي الياسمين,الشمال,بلدية,بلدية الشمال,True,False,لا يوجد,,0,,,False,none,,14,True
Data 2025.xlsx,9435,2025-10-19,2025-10,2025-W42,4,6,jui-0553-r01,jui-0553-R01,عصير مانجا,العصائر الطازجة Un-pasteurized juices (fresh),fresh,العصائر الطازجة Un-pasteurized juices (fresh),beverage,مطعم نور الهناء - حي الياسمين,مطعم نور الهناء,حي الياسمين,مطعم نور الهناء - حي الياسمين,الشمال,بلدية,بلدية الشمال,False,True,الخمائر والاعفان,الخمائر والاعفان,1,,الخمائر والاعفان,False,indicator_only,,15,True
Data 2025.xlsx,9436,2025-10-19,2025-10,2025-W42,4,6,jui-0554-r01,jui-0554-R01,عصير كوكتيل,العصائر الطازجة Un-pasteurized juices (fresh),fresh,العصائر الطازجة Un-pasteurized juices (fresh),beverage,مطعم نور الهناء - حي الياسمين,مطعم نور الهناء,حي الياسمين,مطعم نور الهناء - حي الياسمين,الشمال,بلدية,بلدية الشمال,True,False,لا يوجد,,0,,,False,none,,15,True
Data 2025.xlsx,9441,2025-10-19,2025-10,2025-W42,4,6,jui-0555-r01,jui-0555-R01,عصير رمان,العصائر الطازجة Un-pasteurized juices (fresh),fresh,العصائر الطازجة Un-pasteurized juices (fresh),beverage,مطعم نور الهناء - حي الياسمين,مطعم نور الهناء,حي الياسمين,مطعم نور الهناء - حي الياسمين,الشمال,بلدية,بلدية الشمال,False,True,الخمائر والاعفان,الخمائر والاعفان,1,,الخمائر والاعفان,False,indicator_only,,17,True
Data 2025.xlsx,9419,2025-10-19,2025-10,2025-W42,4,6,mola-0074-r01,mola-0074-R01,دبس رمان,( Molasses) دبس,Molasses,( Molasses) دبس,sauce_condiment,مطعم نور الهناء - حي الياسمين,مطعم نور الهناء,حي الياسمين,مطعم نور الهناء - حي الياسمين,الشمال,بلدية,بلدية الشمال,True,False,لا يوجد,,0,,,False,none,,10,True
Data 2025.xlsx,9425,2025-10-19,2025-10,2025-W42,4,6,pa-0016-r01,pa-0016-R01,معكرونة,المكرونة - الشعيرية كل الانواع الجافة (Pasta / macaroni &Noodles all the dry types ),Pasta / macaroni &Noodles all the dry types,المكرونة - الشعيرية كل الانواع الجافة (Pasta / macaroni &Noodles all the dry types ),produce,مطعم نور الهناء - حي الياسمين,مطعم نور الهناء,حي الياسمين,مطعم نور الهناء - حي الياسمين,الشمال,بلدية,بلدية الشمال,False,True,انتيروباكتريسي | استافيلوكوكس اورياس,انتيروباكتريسي | استافيلوكوكس اورياس,2,استافيلوكوكس اورياس,انتيروباكتريسي,True,pathogen,,13,True
Data 2025.xlsx,9411,2025-10-19,2025-10,2025-W42,4,6,pick-0566-r01,Pick-0566-R01,مخلل مشكل معلب,المخلل (Pickle),Pickle,المخلل (Pickle),sauce_condiment,مطعم نور الهناء - حي الياسمين,مطعم نور الهناء,حي الياسمين,مطعم نور الهناء - حي الياسمين,الشمال,بلدية,بلدية الشمال,False,True,خمائر,الخمائر والاعفان,1,,الخمائر والاعفان,False,indicator_only,,6,True
Data 2025.xlsx,9418,2025-10-19,2025-10,2025-W42,4,6,pick-0567-r01,Pick-0567-R01,مخلل خيار,المخلل (Pickle),Pickle,المخلل (Pickle),sauce_condiment,مطعم نور الهناء - حي الياسمين,مطعم نور الهناء,حي الياسمين,مطعم نور الهناء - حي الياسمين,الشمال,بلدية,بلدية الشمال,False,True,خمائر,الخمائر والاعفان,1,,الخمائر والاعفان,False,indicator_only,,10,True
Data 2025.xlsx,9424,2025-10-19,2025-10,2025-W42,4,6,po-0142-r01,po-0142-R01,كباب دجاج ني,الدجاج (Poultry),Poultry,الدجاج (Poultry),cooked_meat_poultry,مطعم نور الهناء - حي الياسمين,مطعم نور الهناء,حي الياسمين,مطعم نور الهناء - حي الياسمين,الشمال,بلدية,بلدية الشمال,False,True,العد الكلي للبكتيريا,العد الكلي للبكتيريا,1,,العد الكلي للبكتيريا,False,indicator_only,,12,True
Data 2025.xlsx,9423,2025-10-19,2025-10,2025-W42,4,6,raw-0518-r01,Raw-0518-R01,كباب لحم ني,لحوم مجمدة/ مبردة (Frozen/Chilled Raw meat ),Frozen/Chilled Raw meat,لحوم مجمدة/ مبردة (Frozen/Chilled Raw meat ),raw_meat,مطعم نور الهناء - حي الياسمين,مطعم نور الهناء,حي الياسمين,مطعم نور الهناء - حي الياسمين,الشمال,بلدية,بلدية الشمال,False,True,استافيلوكوكس اورياس,استافيلوكوكس اورياس,1,استافيلوكوكس اورياس,,True,pathogen,,11,True
Data 2025.xlsx,9415,2025-10-19,2025-10,2025-W42,4,6,sa-0906-r01,sa-0906-R01,طحينية,طحينة,,طحينة,sauce_condiment,مطعم نور الهناء - حي الياسمين,مطعم نور الهناء,حي الياسمين,مطعم نور الهناء - حي الياسمين,الشمال,بلدية,بلدية الشمال,True,False,لا يوجد,,0,,,False,none,,7,True
Data 2025.xlsx,9400,2025-10-19,2025-10,2025-W42,4,6,sal-1682-r01,Sal-1682-R01,سلطة زيتون,السلطة(Salad),Salad,السلطة(Salad),produce,مطعم نور الهناء - حي الياسمين,مطعم نور الهناء,حي الياسمين,مطعم نور الهناء - حي الياسمين,الشمال,بلدية,بلدية الشمال,False,True,خمائر,الخمائر والاعفان,1,,الخمائر والاعفان,False,indicator_only,,1,False
Data 2025.xlsx,9401,2025-10-19,2025-10,2025-W42,4,6,sal-1683-r01,Sal-1683-R01,سلطة لبنة مع بقدونس وثوم,السلطة(Salad),Salad,السلطة(Salad),produce,مطعم نور الهناء - حي الياسمين,مطعم نور الهناء,حي الياسمين,مطعم نور الهناء - حي الياسمين,الشمال,بلدية,بلدية الشمال,False,True,انتيروباكتريسي | الخمائر والاعفان,انتيروباكتريسي | الخمائر والاعفان,2,,انتيروباكتريسي | الخمائر والاعفان,False,indicator_only,,2,True
Data 2025.xlsx,9402,2025-10-19,2025-10,2025-W42,4,6,sal-1684-r01,Sal-1684-R01,سلطة روسية,السلطة(Salad),Salad,السلطة(Salad),produce,مطعم نور الهناء - حي الياسمين,مطعم نور الهناء,حي الياسمين,مطعم نور الهناء - حي الياسمين,الشمال,بلدية,بلدية الشمال,True,False,لا يوجد,,0,,,False,none,,2,True
Data 2025.xlsx,9403,2025-10-19,2025-10,2025-W42,4,6,sal-1685-r01,Sal-1685-R01,سلطة برغل,السلطة(Salad),Salad,السلطة(Salad),produce,مطعم نور الهناء - حي الياسمين,مطعم نور الهناء,حي الياسمين,مطعم نور الهناء - حي الياسمين,الشمال,بلدية,بلدية الشمال,True,False,لا يوجد,,0,,,False,none,,2,True
Data 2025.xlsx,9413,2025-10-19,2025-10,2025-W42,4,6,sal-1686-r01,Sal-1686-R01,سلطة خضراء,السلطة(Salad),Salad,السلطة(Salad),produce,مطعم نور الهناء - حي الياسمين,مطعم نور الهناء,حي الياسمين,مطعم نور الهناء - حي الياسمين,الشمال,بلدية,بلدية الشمال,True,False,لا يوجد,,0,,,False,none,,7,True
Data 2025.xlsx,9409,2025-10-19,2025-10,2025-W42,4,6,sau-2580-r01,sau-2580-R01,صوص ثوم,صوص (sauce),sauce,صوص (sauce),sauce_condiment,مطعم نور الهناء - حي الياسمين,مطعم نور الهناء,حي الياسمين,مطعم نور الهناء - حي الياسمين,الشمال,بلدية,بلدية الشمال,False,True,العد الكلي للبكتيريا,العد الكلي للبكتيريا,1,,العد الكلي للبكتيريا,False,indicator_only,,5,True
Data 2025.xlsx,9412,2025-10-19,2025-10,2025-W42,4,6,sau-2581-r01,sau-2581-R01,صوص ثوم معلب,صوص (sauce),sauce,صوص (sauce),sauce_condiment,مطعم نور الهناء - حي الياسمين,مطعم نور الهناء,حي الياسمين,مطعم نور الهناء - حي الياسمين,الشمال,بلدية,بلدية الشمال,False,True,العد الكلي للبكتيريا,العد الكلي للبكتيريا,1,,العد الكلي للبكتيريا,False,indicator_only,,7,True
Data 2025.xlsx,9414,2025-10-19,2025-10,2025-W42,4,6,sau-2582-r01,sau-2582-R01,صوص كاتشب,صوص (sauce),sauce,صوص (sauce),sauce_condiment,مطعم نور الهناء - حي الياسمين,مطعم نور الهناء,حي الياسمين,مطعم نور الهناء - حي الياسمين,الشمال,بلدية,بلدية الشمال,True,False,لا يوجد,,0,,,False,none,,7,True
Data 2025.xlsx,9416,2025-10-19,2025-10,2025-W42,4,6,sau-2583-r01,sau-2583-R01,صوص مكس مايونيز مع ثوم,صوص (sauce),sauce,صوص (sauce),sauce_condiment,مطعم نور الهناء - حي الياسمين,مطعم نور الهناء,حي الياسمين,مطعم نور الهناء - حي الياسمين,الشمال,بلدية,بلدية الشمال,False,True,العد الكلي للبكتيريا,العد الكلي للبكتيريا,1,,العد الكلي للبكتيريا,False,indicator_only,,8,True
Data 2025.xlsx,9420,2025-10-19,2025-10,2025-W42,4,6,sw-3633-r01,sw-3633-R01,مسحة طاولة تقطيع شاورما,(Swabs) المسحات,Swabs,(Swabs) المسحات,swab,مطعم نور الهناء - حي الياسمين,مطعم نور الهناء,حي الياسمين,مطعم نور الهناء - حي الياسمين,الشمال,بلدية,بلدية الشمال,True,False,لا يوجد,,0,,,False,none,,10,True
Data 2025.xlsx,9421,2025-10-19,2025-10,2025-W42,4,6,sw-3634-r01,sw-3634-R01,مسحة طاولة تقطيع شاورما,(Swabs) المسحات,Swabs,(Swabs) المسحات,swab,مطعم نور الهناء - حي الياسمين,مطعم نور الهناء,حي الياسمين,مطعم نور الهناء - حي الياسمين,الشمال,بلدية,بلدية الشمال,True,False,لا يوجد,,0,,,False,none,,10,True
Data 2025.xlsx,9422,2025-10-19,2025-10,2025-W42,4,6,sw-3635-r01,sw-3635-R01,مسحة ثلاجة,(Swabs) المسحات,Swabs,(Swabs) المسحات,swab,مطعم نور الهناء - حي الياسمين,مطعم نور الهناء,حي الياسمين,مطعم نور الهناء - حي الياسمين,الشمال,بلدية,بلدية الشمال,True,False,لا يوجد,,0,,,False,none,,10,True
Data 2025.xlsx,9437,2025-10-19,2025-10,2025-W42,4,6,sw-3636-r01,sw-3636-R01,مسحة طاولة تقطيع فواكه,(Swabs) المسحات,Swabs,(Swabs) المسحات,swab,مطعم نور الهناء - حي الياسمين,مطعم نور الهناء,حي الياسمين,مطعم نور الهناء - حي الياسمين,الشمال,بلدية,بلدية الشمال,True,False,لا يوجد,,0,,,False,none,,15,True
Data 2025.xlsx,9438,2025-10-19,2025-10,2025-W42,4,6,sw-3637-r01,sw-3637-R01,مسحة طاولة الخبز,(Swabs) المسحات,Swabs,(Swabs) المسحات,swab,مطعم نور الهناء - حي الياسمين,مطعم نور الهناء,حي الياسمين,مطعم نور الهناء - حي الياسمين,الشمال,بلدية,بلدية الشمال,True,False,لا يوجد,,0,,,False,none,,15,True
Data 2025.xlsx,9439,2025-10-19,2025-10,2025-W42,4,6,sw-3638-r01,sw-3638-R01,مسحة صانعة ثلج,(Swabs) المسحات,Swabs,(Swabs) المسحات,swab,مطعم نور الهناء - حي الياسمين,مطعم نور الهناء,حي الياسمين,مطعم نور الهناء - حي الياسمين,الشمال,بلدية,بلدية الشمال,True,False,لا يوجد,,0,,,False,none,,15,True
Data 2025.xlsx,9440,2025-10-19,2025-10,2025-W42,4,6,ubot-1112-r01,Ubot-1112-R01,مياه لغسيل الادوات م-ك,المياه الغير معبأة (Unbottled water),Unbottled water,المياه الغير المعبأة (Unbottled water),water,مطعم نور الهناء - حي الياسمين,مطعم نور الهناء,حي الياسمين,مطعم نور الهناء - حي الياسمين,الشمال,بلدية,بلدية الشمال,False,True,كوليفورم | ايشيريشيا كولاي,كوليفورم | ايشيريشيا كولاي,2,ايشيريشيا كولاي,كوليفورم,True,pathogen,category_merged_to_canonical,16,True
Data 2025.xlsx,9442,2025-10-19,2025-10,2025-W42,4,6,ubot-1113-r01,Ubot-1113-R01,خزان الوحدة الرئيسية خاصة ح,المياه الغير معبأة (Unbottled water),Unbottled water,المياه الغير المعبأة (Unbottled water),water,عينة خاصة,عينة خاصة,,عينة خاصة,عينة خاصة,خاص,( Private Sample) عينة خاصة,True,False,لا يوجد,,0,,,False,none,category_merged_to_canonical,1,False
Data 2025.xlsx,9443,2025-10-19,2025-10,2025-W42,4,6,ubot-1114-r01,Ubot-1114-R01,خزان مرحلة رقم 2 المطبخ خاصة ح,المياه الغير معبأة (Unbottled water),Unbottled water,المياه الغير المعبأة (Unbottled water),water,عينة خاصة,عينة خاصة,,عينة خاصة,عينة خاصة,خاص,( Private Sample) عينة خاصة,True,False,لا يوجد,,0,,,False,none,category_merged_to_canonical,1,False
Data 2025.xlsx,9444,2025-10-19,2025-10,2025-W42,4,6,ubot-1115-r01,Ubot-1115-R01,خزان مرحلة رقم 3 خلف المسجد خاصة ح,المياه الغير معبأة (Unbottled water),Unbottled water,المياه الغير المعبأة (Unbottled water),water,عينة خاصة,عينة خاصة,,عينة خاصة,عينة خاصة,خاص,( Private Sample) عينة خاصة,True,False,لا يوجد,,0,,,False,none,category_merged_to_canonical,1,False
Data 2025.xlsx,9445,2025-10-19,2025-10,2025-W42,4,6,ubot-1116-r01,Ubot-1116-R01,مياه حنفية الشؤون الفنية خاصة ح,المياه الغير معبأة (Unbottled water),Unbottled water,المياه الغير المعبأة (Unbottled water),water,عينة خاصة,عينة خاصة,,عينة خاصة,عينة خاصة,خاص,( Private Sample) عينة خاصة,True,False,لا يوجد,,0,,,False,none,category_merged_to_canonical,1,False
Data 2025.xlsx,9446,2025-10-19,2025-10,2025-W42,4,6,ubot-1117-r01,Ubot-1117-R01,مياه حنفية الشؤون الفنية خاصة ص,المياه الغير معبأة (Unbottled water),Unbottled water,المياه الغير المعبأة (Unbottled water),water,عينة خاصة,عينة خاصة,,عينة خاصة,عينة خاصة,خاص,( Private Sample) عينة خاصة,True,False,لا يوجد,,0,,,False,none,category_merged_to_canonical,1,False
Data 2025.xlsx,9447,2025-10-19,2025-10,2025-W42,4,6,ubot-1118-r01,Ubot-1118-R01,مرحلة الاولى الرئيسية قبل الفلترة خاصة ص,المياه الغير معبأة (Unbottled water),Unbottled water,المياه الغير المعبأة (Unbottled water),water,عينة خاصة,عينة خاصة,,عينة خاصة,عينة خاصة,خاص,( Private Sample) عينة خاصة,True,False,لا يوجد,,0,,,False,none,category_merged_to_canonical,1,False
Data 2025.xlsx,9448,2025-10-19,2025-10,2025-W42,4,6,ubot-1119-r01,Ubot-1119-R01,مرحلة الثانية الرئيسية بعد الفلترة خاصة ص,المياه الغير معبأة (Unbottled water),Unbottled water,المياه الغير المعبأة (Unbottled water),water,عينة خاصة,عينة خاصة,,عينة خاصة,عينة خاصة,خاص,( Private Sample) عينة خاصة,True,False,لا يوجد,,0,,,False,none,category_merged_to_canonical,1,False
Data 2025.xlsx,9478,2025-10-20,2025-10,2025-W43,4,0,1-3628-R01,1-3628-R01,فطيرة بيتزا,(Pie) فطيرة,Pie,(Pie) فطيرة,sweets_bakery,اسواق و مخابز مثمرة - حي الربيع,اسواق و مخابز مثمرة,حي الربيع,اسواق و مخابز مثمرة - حي الربيع,الشمال,بلدية,بلدية الشمال,True,False,لا يوجد,,0,,,False,none,,0,False
Data 2025.xlsx,9479,2025-10-20,2025-10,2025-W43,4,0,1-3629-R01,1-3629-R01,فطيرة لبنة وزعتر,(Pie) فطيرة,Pie,(Pie) فطيرة,sweets_bakery,اسواق و مخابز مثمرة - حي الربيع,اسواق و مخابز مثمرة,حي الربيع,اسواق و مخابز مثمرة - حي الربيع,الشمال,بلدية,بلدية الشمال,True,False,لا يوجد,,0,,,False,none,,0,False
Data 2025.xlsx,9480,2025-10-20,2025-10,2025-W43,4,0,1-3630-R01,1-3630-R01,فطيرة لبنة,(Pie) فطيرة,Pie,(Pie) فطيرة,sweets_bakery,اسواق و مخابز مثمرة - حي الربيع,اسواق و مخابز مثمرة,حي الربيع,اسواق و مخابز مثمرة - حي الربيع,الشمال,بلدية,بلدية الشمال,True,False,لا يوجد,,0,,,False,none,,0,False
Data 2025.xlsx,9481,2025-10-20,2025-10,2025-W43,4,0,1-3631-R01,1-3631-R01,مشلتت جبن,(Pie) فطيرة,Pie,(Pie) فطيرة,sweets_bakery,اسواق و مخابز مثمرة - حي الربيع,اسواق و مخابز مثمرة,حي الربيع,اسواق و مخابز مثمرة - حي الربيع,الشمال,بلدية,بلدية الشمال,True,False,لا يوجد,,0,,,False,none,,0,False
Data 2025.xlsx,9482,2025-10-20,2025-10,2025-W43,4,0,1-3632-R01,1-3632-R01,فطيرة تمر,(Pie) فطيرة,Pie,(Pie) فطيرة,sweets_bakery,اسواق و مخابز مثمرة - حي الربيع,اسواق و مخابز مثمرة,حي الربيع,اسواق و مخابز مثمرة - حي الربيع,الشمال,بلدية,بلدية الشمال,True,False,لا يوجد,,0,,,False,none,,0,False
Data 2025.xlsx,9483,2025-10-20,2025-10,2025-W43,4,0,1-3633-R01,1-3633-R01,كروسان شوكولاتة,كروسان (croissant),croissant,كروسان (croissant),sweets_bakery,اسواق و مخابز مثمرة - حي الربيع,اسواق و مخابز مثمرة,حي الربيع,اسواق و مخابز مثمرة - حي الربيع,الشمال,بلدية,بلدية الشمال,True,False,لا يوجد,,0,,,False,none,,0,False
Data 2025.xlsx,9484,2025-10-20,2025-10,2025-W43,4,0,1-3634-R01,1-3634-R01,كروسان جبن مالح,كروسان (croissant),croissant,كروسان (croissant),sweets_bakery,اسواق و مخابز مثمرة - حي الربيع,اسواق و مخابز مثمرة,حي الربيع,اسواق و مخابز مثمرة - حي الربيع,الشمال,بلدية,بلدية الشمال,True,False,لا يوجد,,0,,,False,none,,0,False
Data 2025.xlsx,9485,2025-10-20,2025-10,2025-W43,4,0,1-3635-R01,1-3635-R01,كروسان جبن شيدر,كروسان (croissant),croissant,كروسان (croissant),sweets_bakery,اسواق و مخابز مثمرة - حي الربيع,اسواق و مخابز مثمرة,حي الربيع,اسواق و مخابز مثمرة - حي الربيع,الشمال,بلدية,بلدية الشمال,True,False,لا يوجد,,0,,,False,none,,0,False
Data 2025.xlsx,9486,2025-10-20,2025-10,2025-W43,4,0,1-3636-R01,1-3636-R01,كروسان زعتر,كروسان (croissant),croissant,كروسان (croissant),sweets_bakery,اسواق و مخابز مثمرة - حي الربيع,اسواق و مخابز مثمرة,حي الربيع,اسواق و مخابز مثمرة - حي الربيع,الشمال,بلدية,بلدية الشمال,True,False,لا يوجد,,0,,,False,none,,0,False
Data 2025.xlsx,9487,2025-10-20,2025-10,2025-W43,4,0,1-3637-R01,1-3637-R01,كروسان جبن كيري,كروسان (croissant),croissant,كروسان (croissant),sweets_bakery,اسواق و مخابز مثمرة - حي الربيع,اسواق و مخابز مثمرة,حي الربيع,اسواق و مخابز مثمرة - حي الربيع,الشمال,بلدية,بلدية الشمال,True,False,لا يوجد,,0,,,False,none,,0,False
Data 2025.xlsx,9488,2025-10-20,2025-10,2025-W43,4,0,1-3638-R01,1-3638-R01,كروسان لبنة عسل,كروسان (croissant),croissant,كروسان (croissant),sweets_bakery,اسواق و مخابز مثمرة - حي الربيع,اسواق و مخابز مثمرة,حي الربيع,اسواق و مخابز مثمرة - حي الربيع,الشمال,بلدية,بلدية الشمال,True,False,لا يوجد,,0,,,False,none,,0,False
Data 2025.xlsx,9508,2025-10-20,2025-10,2025-W43,4,0,1-3639-R01,1-3639-R01,نكهة فراولة,نكهات مركزة ( Syrup ),Syrup,نكهات مركزة ( Syrup ),sauce_condiment,فايرمارينا -حي الربيع,فايرمارينا,حي الربيع,فايرمارينا -حي الربيع,الشمال,بلدية,بلدية الشمال,True,False,لا يوجد,,0,,,False,none,,0,False
Data 2025.xlsx,9509,2025-10-20,2025-10,2025-W43,4,0,1-3640-R01,1-3640-R01,نكهة جح,نكهات مركزة ( Syrup ),Syrup,نكهات مركزة ( Syrup ),sauce_condiment,فايرمارينا -حي الربيع,فايرمارينا,حي الربيع,فايرمارينا -حي الربيع,الشمال,بلدية,بلدية الشمال,True,False,لا يوجد,,0,,,False,none,,0,False
Data 2025.xlsx,9510,2025-10-20,2025-10,2025-W43,4,0,1-3641-R01,1-3641-R01,نكهة باشن فروت,نكهات مركزة ( Syrup ),Syrup,نكهات مركزة ( Syrup ),sauce_condiment,فايرمارينا -حي الربيع,فايرمارينا,حي الربيع,فايرمارينا -حي الربيع,الشمال,بلدية,بلدية الشمال,True,False,لا يوجد,,0,,,False,none,,0,False
Data 2025.xlsx,9497,2025-10-20,2025-10,2025-W43,4,0,O-r-O3-le-0387-R01,O-r-O3-le-0387-R01,خس,الخس (Lettuce),Lettuce,الخس (Lettuce),produce,فايرمارينا -حي الربيع,فايرمارينا,حي الربيع,فايرمارينا -حي الربيع,الشمال,بلدية,بلدية الشمال,True,False,لا يوجد,,0,,,False,none,,0,False
Data 2025.xlsx,9450,2025-10-20,2025-10,2025-W43,4,0,OOSS-eg-0394-R01,OOSS-eg-0394-R01,مكدوس,الباذنجان (eggplant),eggplant,الباذنجان (eggplant),dairy,اسواق و مخابز مثمرة - حي الربيع,اسواق و مخابز مثمرة,حي الربيع,اسواق و مخابز مثمرة - حي الربيع,الشمال,بلدية,بلدية الشمال,True,False,لا يوجد,,0,,,False,none,,0,False
Data 2025.xlsx,9494,2025-10-20,2025-10,2025-W43,4,0,appe-0631-r01,Appe-0631-R01,متبل,مقبلات (Appetizers),Appetizers,مقبلات (Appetizers),prepared_meal,فايرمارينا -حي الربيع,فايرمارينا,حي الربيع,فايرمارينا -حي الربيع,الشمال,بلدية,بلدية الشمال,True,False,لا يوجد,,0,,,False,none,,0,False
Data 2025.xlsx,9495,2025-10-20,2025-10,2025-W43,4,0,appe-0632-r01,Appe-0632-R01,حمص,مقبلات (Appetizers),Appetizers,مقبلات (Appetizers),prepared_meal,فايرمارينا -حي الربيع,فايرمارينا,حي الربيع,فايرمارينا -حي الربيع,الشمال,بلدية,بلدية الشمال,True,False,لا يوجد,,0,,,False,none,,0,False
Data 2025.xlsx,9531,2025-10-20,2025-10,2025-W43,4,0,bot-0028-r01,bot-0028-R01,مياه خاصة شرب هنا م (م.ك),المياه المعبأة (Bottled water),Bottled water,المياه المعبأة (Bottled water),water,عينة خاصة,عينة خاصة,,عينة خاصة,عينة خاصة,خاص,( Private Sample) عينة خاصة,True,False,لا يوجد,,0,,,False,none,,2,True
Data 2025.xlsx,9467,2025-10-20,2025-10,2025-W43,4,0,bri-0373-r01,bri-0373-R01,لبنة بالزعتر,لبنة ( brick),brick,لبنة ( brick),dairy,اسواق و مخابز مثمرة - حي الربيع,اسواق و مخابز مثمرة,حي الربيع,اسواق و مخابز مثمرة - حي الربيع,الشمال,بلدية,بلدية الشمال,True,False,لا يوجد,,0,,,False,none,,0,False
Data 2025.xlsx,9468,2025-10-20,2025-10,2025-W43,4,0,bri-0374-r01,bri-0374-R01,لبنة مكدوس,لبنة ( brick),brick,لبنة ( brick),dairy,اسواق و مخابز مثمرة - حي الربيع,اسواق و مخابز مثمرة,حي الربيع,اسواق و مخابز مثمرة - حي الربيع,الشمال,بلدية,بلدية الشمال,True,False,لا يوجد,,0,,,False,none,,0,False
Data 2025.xlsx,9469,2025-10-20,2025-10,2025-W43,4,0,bri-0375-r01,bri-0375-R01,لبنة تركية,لبنة ( brick),brick,لبنة ( brick),dairy,اسواق و مخابز مثمرة - حي الربيع,اسواق و مخابز مثمرة,حي الربيع,اسواق و مخابز مثمرة - حي الربيع,الشمال,بلدية,بلدية الشمال,True,False,لا يوجد,,0,,,False,none,,0,False
Data 2025.xlsx,9464,2025-10-20,2025-10,2025-W43,4,0,chee-0891-r01,Chee-0891-R01,مش,(cheese) جبنة,cheese,(cheese) جبنة,dairy,اسواق و مخابز مثمرة - حي الربيع,اسواق و مخابز مثمرة,حي الربيع,اسواق و مخابز مثمرة - حي الربيع,الشمال,بلدية,بلدية الشمال,True,False,لا يوجد,,0,,,False,none,,0,False
Data 2025.xlsx,9470,2025-10-20,2025-10,2025-W43,4,0,chee-0892-r01,Chee-0892-R01,جبنة قريش,(cheese) جبنة,cheese,(cheese) جبنة,dairy,اسواق و مخابز مثمرة - حي الربيع,اسواق و مخابز مثمرة,حي الربيع,اسواق و مخابز مثمرة - حي الربيع,الشمال,بلدية,بلدية الشمال,True,False,لا يوجد,,0,,,False,none,,0,False
Data 2025.xlsx,9471,2025-10-20,2025-10,2025-W43,4,0,chee-0893-r01,Chee-0893-R01,جبنة بدر بالحبة السوداء,(cheese) جبنة,cheese,(cheese) جبنة,dairy,اسواق و مخابز مثمرة - حي الربيع,اسواق و مخابز مثمرة,حي الربيع,اسواق و مخابز مثمرة - حي الربيع,الشمال,بلدية,بلدية الشمال,True,False,لا يوجد,,0,,,False,none,,0,False
Data 2025.xlsx,9472,2025-10-20,2025-10,2025-W43,4,0,chee-0894-r01,Chee-0894-R01,جبنة الطيب,(cheese) جبنة,cheese,(cheese) جبنة,dairy,اسواق و مخابز مثمرة - حي الربيع,اسواق و مخابز مثمرة,حي الربيع,اسواق و مخابز مثمرة - حي الربيع,الشمال,بلدية,بلدية الشمال,True,False,لا يوجد,,0,,,False,none,,0,False
Data 2025.xlsx,9473,2025-10-20,2025-10,2025-W43,4,0,flswe-0079-r01,FlSwe-0079-R01,حلاوة طحينية,حلاوة طحينة( Flour Sweetness),Flour Sweetness,حلاوة طحينة( Flour Sweetness),sauce_condiment,اسواق و مخابز مثمرة - حي الربيع,اسواق و مخابز مثمرة,حي الربيع,اسواق و مخابز مثمرة - حي الربيع,الشمال,بلدية,بلدية الشمال,True,False,لا يوجد,,0,,,False,none,,0,False
Data 2025.xlsx,9496,2025-10-20,2025-10,2025-W43,4,0,gr-0216-r01,gr-0216-R01,ورق عنب لايوجد تاريخ,ورق عنب (Grape leaves),Grape leaves,ورق عنب (Grape leaves),produce,فايرمارينا -حي الربيع,فايرمارينا,حي الربيع,فايرمارينا -حي الربيع,الشمال,بلدية,بلدية الشمال,True,False,لا يوجد,,0,,,False,none,,0,False
Data 2025.xlsx,9511,2025-10-20,2025-10,2025-W43,4,0,jui-0556-r01,jui-0556-R01,عصير ليمون,العصائر الطازجة Un-pasteurized juices (fresh),fresh,العصائر الطازجة Un-pasteurized juices (fresh),beverage,فايرمارينا -حي الربيع,فايرمارينا,حي الربيع,فايرمارينا -حي الربيع,الشمال,بلدية,بلدية الشمال,True,False,لا يوجد,,0,,,False,none,,0,False
Data 2025.xlsx,9512,2025-10-20,2025-10,2025-W43,4,0,jui-0557-r01,jui-0557-R01,عصير برتقال,العصائر الطازجة Un-pasteurized juices (fresh),fresh,العصائر الطازجة Un-pasteurized juices (fresh),beverage,فايرمارينا -حي الربيع,فايرمارينا,حي الربيع,فايرمارينا -حي الربيع,الشمال,بلدية,بلدية الشمال,True,False,لا يوجد,,0,,,False,none,,0,False
Data 2025.xlsx,9453,2025-10-20,2025-10,2025-W43,4,0,olv-0639-r01,olv-0639-R01,زيتون مغربي بالشطة,الزيتون /Olive,Olive,الزيتون /Olive,produce,اسواق و مخابز مثمرة - حي الربيع,اسواق و مخابز مثمرة,حي الربيع,اسواق و مخابز مثمرة - حي الربيع,الشمال,بلدية,بلدية الشمال,True,False,لا يوجد,,0,,,False,none,,0,False
Data 2025.xlsx,9455,2025-10-20,2025-10,2025-W43,4,0,olv-0640-r01,olv-0640-R01,زيتون محشي جزر,الزيتون /Olive,Olive,الزيتون /Olive,produce,اسواق و مخابز مثمرة - حي الربيع,اسواق و مخابز مثمرة,حي الربيع,اسواق و مخابز مثمرة - حي الربيع,الشمال,بلدية,بلدية الشمال,True,False,لا يوجد,,0,,,False,none,,0,False
Data 2025.xlsx,9456,2025-10-20,2025-10,2025-W43,4,0,olv-0641-r01,olv-0641-R01,زيتون اخضر اردني,الزيتون /Olive,Olive,الزيتون /Olive,produce,اسواق و مخابز مثمرة - حي الربيع,اسواق و مخابز مثمرة,حي الربيع,اسواق و مخابز مثمرة - حي الربيع,الشمال,بلدية,بلدية الشمال,True,False,لا يوجد,,0,,,False,none,,0,False
Data 2025.xlsx,9457,2025-10-20,2025-10,2025-W43,4,0,olv-0642-r01,olv-0642-R01,زيتون مغربي بالليمون,الزيتون /Olive,Olive,الزيتون /Olive,produce,اسواق و مخابز مثمرة - حي الربيع,اسواق و مخابز مثمرة,حي الربيع,اسواق و مخابز مثمرة - حي الربيع,الشمال,بلدية,بلدية الشمال,True,False,لا يوجد,,0,,,False,none,,0,False
Data 2025.xlsx,9458,2025-10-20,2025-10,2025-W43,4,0,olv-0643-r01,olv-0643-R01,زيتون اسود اسباني,الزيتون /Olive,Olive,الزيتون /Olive,produce,اسواق و مخابز مثمرة - حي الربيع,اسواق و مخابز مثمرة,حي الربيع,اسواق و مخابز مثمرة - حي الربيع,الشمال,بلدية,بلدية الشمال,True,False,لا يوجد,,0,,,False,none,,0,False
Data 2025.xlsx,9459,2025-10-20,2025-10,2025-W43,4,0,olv-0644-r01,olv-0644-R01,زيتون مشوي,الزيتون /Olive,Olive,الزيتون /Olive,produce,اسواق و مخابز مثمرة - حي الربيع,اسواق و مخابز مثمرة,حي الربيع,اسواق و مخابز مثمرة - حي الربيع,الشمال,بلدية,بلدية الشمال,True,False,لا يوجد,,0,,,False,none,,0,False
Data 2025.xlsx,9460,2025-10-20,2025-10,2025-W43,4,0,olv-0645-r01,olv-0645-R01,شرائح زيتون اخضر,الزيتون /Olive,Olive,الزيتون /Olive,produce,اسواق و مخابز مثمرة - حي الربيع,اسواق و مخابز مثمرة,حي الربيع,اسواق و مخابز مثمرة - حي الربيع,الشمال,بلدية,بلدية الشمال,True,False,لا يوجد,,0,,,False,none,,0,False
Data 2025.xlsx,9461,2025-10-20,2025-10,2025-W43,4,0,olv-0646-r01,olv-0646-R01,شرائح زيتون اسود,الزيتون /Olive,Olive,الزيتون /Olive,produce,اسواق و مخابز مثمرة - حي الربيع,اسواق و مخابز مثمرة,حي الربيع,اسواق و مخابز مثمرة - حي الربيع,الشمال,بلدية,بلدية الشمال,True,False,لا يوجد,,0,,,False,none,,0,False
Data 2025.xlsx,9462,2025-10-20,2025-10,2025-W43,4,0,olv-0647-r01,olv-0647-R01,زيتون اسود بدون نواة,الزيتون /Olive,Olive,الزيتون /Olive,produce,اسواق و مخابز مثمرة - حي الربيع,اسواق و مخابز مثمرة,حي الربيع,اسواق و مخابز مثمرة - حي الربيع,الشمال,بلدية,بلدية الشمال,True,False,لا يوجد,,0,,,False,none,,0,False
Data 2025.xlsx,9463,2025-10-20,2025-10,2025-W43,4,0,olv-0648-r01,olv-0648-R01,زيتون اسود يوناني,الزيتون /Olive,Olive,الزيتون /Olive,produce,اسواق و مخابز مثمرة - حي الربيع,اسواق و مخابز مثمرة,حي الربيع,اسواق و مخابز مثمرة - حي الربيع,الشمال,بلدية,بلدية الشمال,True,False,لا يوجد,,0,,,False,none,,0,False
Data 2025.xlsx,9449,2025-10-20,2025-10,2025-W43,4,0,pick-0568-r01,Pick-0568-R01,مخلل ليمون بالعصفر,المخلل (Pickle),Pickle,المخلل (Pickle),sauce_condiment,اسواق و مخابز مثمرة - حي الربيع,اسواق و مخابز مثمرة,حي الربيع,اسواق و مخابز مثمرة - حي الربيع,الشمال,بلدية,بلدية الشمال,True,False,لا يوجد,,0,,,False,none,,0,False
Data 2025.xlsx,9451,2025-10-20,2025-10,2025-W43,4,0,pick-0569-r01,Pick-0569-R01,مخلل بوليف حار,المخلل (Pickle),Pickle,المخلل (Pickle),sauce_condiment,اسواق و مخابز مثمرة - حي الربيع,اسواق و مخابز مثمرة,حي الربيع,اسواق و مخابز مثمرة - حي الربيع,الشمال,بلدية,بلدية الشمال,True,False,لا يوجد,,0,,,False,none,,0,False
Data 2025.xlsx,9452,2025-10-20,2025-10,2025-W43,4,0,pick-0570-r01,Pick-0570-R01,مخلل بوليف,المخلل (Pickle),Pickle,المخلل (Pickle),sauce_condiment,اسواق و مخابز مثمرة - حي الربيع,اسواق و مخابز مثمرة,حي الربيع,اسواق و مخابز مثمرة - حي الربيع,الشمال,بلدية,بلدية الشمال,True,False,لا يوجد,,0,,,False,none,,0,False
Data 2025.xlsx,9454,2025-10-20,2025-10,2025-W43,4,0,pick-0571-r01,Pick-0571-R01,مخلل خيار صغير,المخلل (Pickle),Pickle,المخلل (Pickle),sauce_condiment,اسواق و مخابز مثمرة - حي الربيع,اسواق و مخابز مثمرة,حي الربيع,اسواق و مخابز مثمرة - حي الربيع,الشمال,بلدية,بلدية الشمال,True,False,لا يوجد,,0,,,False,none,,0,False
Data 2025.xlsx,9465,2025-10-20,2025-10,2025-W43,4,0,sal-1687-r01,Sal-1687-R01,سلطة جبن مع حبة البركة,السلطة(Salad),Salad,السلطة(Salad),produce,اسواق و مخابز مثمرة - حي الربيع,اسواق و مخابز مثمرة,حي الربيع,اسواق و مخابز مثمرة - حي الربيع,الشمال,بلدية,بلدية الشمال,True,False,لا يوجد,,0,,,False,none,,0,False
Data 2025.xlsx,9466,2025-10-20,2025-10,2025-W43,4,0,sal-1688-r01,Sal-1688-R01,سلطة جبن حارة,السلطة(Salad),Salad,السلطة(Salad),produce,اسواق و مخابز مثمرة - حي الربيع,اسواق و مخابز مثمرة,حي الربيع,اسواق و مخابز مثمرة - حي الربيع,الشمال,بلدية,بلدية الشمال,True,False,لا يوجد,,0,,,False,none,,0,False
Data 2025.xlsx,9498,2025-10-20,2025-10,2025-W43,4,0,sau-2584-r01,sau-2584-R01,صوص مايونيز,صوص (sauce),sauce,صوص (sauce),sauce_condiment,فايرمارينا -حي الربيع,فايرمارينا,حي الربيع,فايرمارينا -حي الربيع,الشمال,بلدية,بلدية الشمال,True,False,لا يوجد,,0,,,False,none,,0,False
Data 2025.xlsx,9499,2025-10-20,2025-10,2025-W43,4,0,sau-2585-r01,sau-2585-R01,صوص برجر تشيكن,صوص (sauce),sauce,صوص (sauce),sauce_condiment,فايرمارينا -حي الربيع,فايرمارينا,حي الربيع,فايرمارينا -حي الربيع,الشمال,بلدية,بلدية الشمال,True,False,لا يوجد,,0,,,False,none,,0,False
Data 2025.xlsx,9500,2025-10-20,2025-10,2025-W43,4,0,sau-2586-r01,sau-2586-R01,صوص جمبري,صوص (sauce),sauce,صوص (sauce),sauce_condiment,فايرمارينا -حي الربيع,فايرمارينا,حي الربيع,فايرمارينا -حي الربيع,الشمال,بلدية,بلدية الشمال,True,False,لا يوجد,,0,,,False,none,,0,False
Data 2025.xlsx,9501,2025-10-20,2025-10,2025-W43,4,0,sau-2587-r01,sau-2587-R01,صوص برجر لحم,صوص (sauce),sauce,صوص (sauce),sauce_condiment,فايرمارينا -حي الربيع,فايرمارينا,حي الربيع,فايرمارينا -حي الربيع,الشمال,بلدية,بلدية الشمال,True,False,لا يوجد,,0,,,False,none,,0,False
Data 2025.xlsx,9502,2025-10-20,2025-10,2025-W43,4,0,sau-2588-r01,sau-2588-R01,صوص فهيتا,صوص (sauce),sauce,صوص (sauce),sauce_condiment,فايرمارينا -حي الربيع,فايرمارينا,حي الربيع,فايرمارينا -حي الربيع,الشمال,بلدية,بلدية الشمال,True,False,لا يوجد,,0,,,False,none,,0,False
Data 2025.xlsx,9503,2025-10-20,2025-10,2025-W43,4,0,sau-2589-r01,sau-2589-R01,صوص تاكو دجاج,صوص (sauce),sauce,صوص (sauce),sauce_condiment,فايرمارينا -حي الربيع,فايرمارينا,حي الربيع,فايرمارينا -حي الربيع,الشمال,بلدية,بلدية الشمال,True,False,لا يوجد,,0,,,False,none,,0,False
Data 2025.xlsx,9504,2025-10-20,2025-10,2025-W43,4,0,sau-2590-r01,sau-2590-R01,صوص بطاطس حارة,صوص (sauce),sauce,صوص (sauce),sauce_condiment,فايرمارينا -حي الربيع,فايرمارينا,حي الربيع,فايرمارينا -حي الربيع,الشمال,بلدية,بلدية الشمال,True,False,لا يوجد,,0,,,False,none,,0,False
Data 2025.xlsx,9505,2025-10-20,2025-10,2025-W43,4,0,sau-2591-r01,sau-2591-R01,صوص نوتيلا,صوص (sauce),sauce,صوص (sauce),sauce_condiment,فايرمارينا -حي الربيع,فايرمارينا,حي الربيع,فايرمارينا -حي الربيع,الشمال,بلدية,بلدية الشمال,True,False,لا يوجد,,0,,,False,none,,0,False
Data 2025.xlsx,9506,2025-10-20,2025-10,2025-W43,4,0,sau-2592-r01,sau-2592-R01,صوص كراميل,صوص (sauce),sauce,صوص (sauce),sauce_condiment,فايرمارينا -حي الربيع,فايرمارينا,حي الربيع,فايرمارينا -حي الربيع,الشمال,بلدية,بلدية الشمال,True,False,لا يوجد,,0,,,False,none,,0,False
Data 2025.xlsx,9507,2025-10-20,2025-10,2025-W43,4,0,sau-2593-r01,sau-2593-R01,صوص شوكولاتة بلاك,صوص (sauce),sauce,صوص (sauce),sauce_condiment,فايرمارينا -حي الربيع,فايرمارينا,حي الربيع,فايرمارينا -حي الربيع,الشمال,بلدية,بلدية الشمال,True,False,لا يوجد,,0,,,False,none,,0,False
Data 2025.xlsx,9474,2025-10-20,2025-10,2025-W43,4,0,sw-3639-r01,sw-3639-R01,مسحة ثلاجة,(Swabs) المسحات,Swabs,(Swabs) المسحات,swab,اسواق و مخابز مثمرة - حي الربيع,اسواق و مخابز مثمرة,حي الربيع,اسواق و مخابز مثمرة - حي الربيع,الشمال,بلدية,بلدية الشمال,True,False,لا يوجد,,0,,,False,none,,0,False
Data 2025.xlsx,9475,2025-10-20,2025-10,2025-W43,4,0,sw-3640-r01,sw-3640-R01,مسحة ثلاجة,(Swabs) المسحات,Swabs,(Swabs) المسحات,swab,اسواق و مخابز مثمرة - حي الربيع,اسواق و مخابز مثمرة,حي الربيع,اسواق و مخابز مثمرة - حي الربيع,الشمال,بلدية,بلدية الشمال,True,False,لا يوجد,,0,,,False,none,,0,False
Data 2025.xlsx,9476,2025-10-20,2025-10,2025-W43,4,0,sw-3641-r01,sw-3641-R01,مسحة ثلاجة,(Swabs) المسحات,Swabs,(Swabs) المسحات,swab,اسواق و مخابز مثمرة - حي الربيع,اسواق و مخابز مثمرة,حي الربيع,اسواق و مخابز مثمرة - حي الربيع,الشمال,بلدية,بلدية الشمال,True,False,لا يوجد,,0,,,False,none,,0,False
Data 2025.xlsx,9477,2025-10-20,2025-10,2025-W43,4,0,sw-3642-r01,sw-3642-R01,مسحة قطاعة مرتديلا,(Swabs) المسحات,Swabs,(Swabs) المسحات,swab,اسواق و مخابز مثمرة - حي الربيع,اسواق و مخابز مثمرة,حي الربيع,اسواق و مخابز مثمرة - حي الربيع,الشمال,بلدية,بلدية الشمال,True,False,لا يوجد,,0,,,False,none,,0,False
Data 2025.xlsx,9491,2025-10-20,2025-10,2025-W43,4,0,sw-3643-r01,sw-3643-R01,مسحة حافظة بيتفور,(Swabs) المسحات,Swabs,(Swabs) المسحات,swab,اسواق و مخابز مثمرة - حي الربيع,اسواق و مخابز مثمرة,حي الربيع,اسواق و مخابز مثمرة - حي الربيع,الشمال,بلدية,بلدية الشمال,True,False,لا يوجد,,0,,,False,none,,0,False
Data 2025.xlsx,9492,2025-10-20,2025-10,2025-W43,4,0,sw-3644-r01,sw-3644-R01,مسحة حافظة شابورا,(Swabs) المسحات,Swabs,(Swabs) المسحات,swab,اسواق و مخابز مثمرة - حي الربيع,اسواق و مخابز مثمرة,حي الربيع,اسواق و مخابز مثمرة - حي الربيع,الشمال,بلدية,بلدية الشمال,True,False,لا يوجد,,0,,,False,none,,0,False
Data 2025.xlsx,9513,2025-10-20,2025-10,2025-W43,4,0,sw-3645-r01,sw-3645-R01,مسحة صانعة ثلج,(Swabs) المسحات,Swabs,(Swabs) المسحات,swab,فايرمارينا -حي الربيع,فايرمارينا,حي الربيع,فايرمارينا -حي الربيع,الشمال,بلدية,بلدية الشمال,True,False,لا يوجد,,0,,,False,none,,0,False
Data 2025.xlsx,9489,2025-10-20,2025-10,2025-W43,4,0,sweet-1501-r01,sweet-1501-R01,بيتفور,الحلا(sweetness),sweetness,الحلا(sweetness),sweets_bakery,اسواق و مخابز مثمرة - حي الربيع,اسواق و مخابز مثمرة,حي الربيع,اسواق و مخابز مثمرة - حي الربيع,الشمال,بلدية,بلدية الشمال,True,False,لا يوجد,,0,,,False,none,,0,False
Data 2025.xlsx,9490,2025-10-20,2025-10,2025-W43,4,0,sweet-1502-r01,sweet-1502-R01,بيتفور كريمة الفستق,الحلا(sweetness),sweetness,الحلا(sweetness),sweets_bakery,اسواق و مخابز مثمرة - حي الربيع,اسواق و مخابز مثمرة,حي الربيع,اسواق و مخابز مثمرة - حي الربيع,الشمال,بلدية,بلدية الشمال,True,False,لا يوجد,,0,,,False,none,,0,False
Data 2025.xlsx,9493,2025-10-20,2025-10,2025-W43,4,0,ubot-1120-r01,Ubot-1120-R01,مياه لغسيل الادوات ك -م,المياه الغير معبأة (Unbottled water),Unbottled water,المياه الغير المعبأة (Unbottled water),water,اسواق و مخابز مثمرة - حي الربيع,اسواق و مخابز مثمرة,حي الربيع,اسواق و مخابز مثمرة - حي الربيع,الشمال,بلدية,بلدية الشمال,True,False,لا يوجد,,0,,,False,none,category_merged_to_canonical,0,False
Data 2025.xlsx,9514,2025-10-20,2025-10,2025-W43,4,0,ubot-1121-r01,Ubot-1121-R01,مياه خاصة م، ع، 7 (م.ك),المياه الغير معبأة (Unbottled water),Unbottled water,المياه الغير المعبأة (Unbottled water),water,عينة خاصة,عينة خاصة,,عينة خاصة,عينة خاصة,خاص,( Private Sample) عينة خاصة,True,False,لا يوجد,,0,,,False,none,category_merged_to_canonical,1,False
Data 2025.xlsx,9515,2025-10-20,2025-10,2025-W43,4,0,ubot-1122-r01,Ubot-1122-R01,مياه خاصة غسيل المستوصف م، م (م.ك),المياه الغير معبأة (Unbottled water),Unbottled water,المياه الغير المعبأة (Unbottled water),water,عينة خاصة,عينة خاصة,,عينة خاصة,عينة خاصة,خاص,( Private Sample) عينة خاصة,True,False,لا يوجد,,0,,,False,none,category_merged_to_canonical,1,False
Data 2025.xlsx,9516,2025-10-20,2025-10,2025-W43,4,0,ubot-1123-r01,Ubot-1123-R01,مياه خاصة الشؤون الفنية م (م.ك),المياه الغير معبأة (Unbottled water),Unbottled water,المياه الغير المعبأة (Unbottled water),water,عينة خاصة,عينة خاصة,,عينة خاصة,عينة خاصة,خاص,( Private Sample) عينة خاصة,True,False,لا يوجد,,0,,,False,none,category_merged_to_canonical,1,False
Data 2025.xlsx,9517,2025-10-20,2025-10,2025-W43,4,0,ubot-1124-r01,Ubot-1124-R01,مياه خاصة خزان المرحلة الاولى م (م.ك),المياه الغير معبأة (Unbottled water),Unbottled water,المياه الغير المعبأة (Unbottled water),water,عينة خاصة,عينة خاصة,,عينة خاصة,عينة خاصة,خاص,( Private Sample) عينة خاصة,True,False,لا يوجد,,0,,,False,none,category_merged_to_canonical,1,False
Data 2025.xlsx,9518,2025-10-20,2025-10,2025-W43,4,0,ubot-1125-r01,Ubot-1125-R01,مياه خاصة خزان الاحتياطي م (م.ك),المياه الغير معبأة (Unbottled water),Unbottled water,المياه الغير المعبأة (Unbottled water),water,عينة خاصة,عينة خاصة,,عينة خاصة,عينة خاصة,خاص,( Private Sample) عينة خاصة,False,True,كوليفورم | ايشيريشيا كولاي | سيدوموناس,كوليفورم | ايشيريشيا كولاي | سيدوموناس,3,ايشيريشيا كولاي,كوليفورم | سيدوموناس,True,pathogen,category_merged_to_canonical,2,True
Data 2025.xlsx,9519,2025-10-20,2025-10,2025-W43,4,0,ubot-1126-r01,Ubot-1126-R01,مياه خاصة لغسيل الرز م (م.ك),المياه الغير معبأة (Unbottled water),Unbottled water,المياه الغير المعبأة (Unbottled water),water,عينة خاصة,عينة خاصة,,عينة خاصة,عينة خاصة,خاص,( Private Sample) عينة خاصة,True,False,لا يوجد,,0,,,False,none,category_merged_to_canonical,2,True
Data 2025.xlsx,9520,2025-10-20,2025-10,2025-W43,4,0,ubot-1127-r01,Ubot-1127-R01,مياه خاصة حنفية للطبخ م (م.ك),المياه الغير معبأة (Unbottled water),Unbottled water,المياه الغير المعبأة (Unbottled water),water,عينة خاصة,عينة خاصة,,عينة خاصة,عينة خاصة,خاص,( Private Sample) عينة خاصة,True,False,لا يوجد,,0,,,False,none,category_merged_to_canonical,2,True
Data 2025.xlsx,9521,2025-10-20,2025-10,2025-W43,4,0,ubot-1128-r01,Ubot-1128-R01,مياه خاصة شرب هنا م (م.ك),المياه الغير معبأة (Unbottled water),Unbottled water,المياه الغير المعبأة (Unbottled water),water,عينة خاصة,عينة خاصة,,عينة خاصة,عينة خاصة,خاص,( Private Sample) عينة خاصة,True,False,لا يوجد,,0,,,False,none,category_merged_to_canonical,2,True
Data 2025.xlsx,9522,2025-10-20,2025-10,2025-W43,4,0,ubot-1129-r01,Ubot-1129-R01,مياه خاصة خزان اساسي مرحلة اولى ن (م.ك),المياه الغير معبأة (Unbottled water),Unbottled water,المياه الغير المعبأة (Unbottled water),water,عينة خاصة,عينة خاصة,,عينة خاصة,عينة خاصة,خاص,( Private Sample) عينة خاصة,True,False,لا يوجد,,0,,,False,none,category_merged_to_canonical,2,True
Data 2025.xlsx,9523,2025-10-20,2025-10,2025-W43,4,0,ubot-1130-r01,Ubot-1130-R01,مياه خاصة حنفية للطبخ ن (م.ك),المياه الغير معبأة (Unbottled water),Unbottled water,المياه الغير المعبأة (Unbottled water),water,عينة خاصة,عينة خاصة,,عينة خاصة,عينة خاصة,خاص,( Private Sample) عينة خاصة,True,False,لا يوجد,,0,,,False,none,category_merged_to_canonical,2,True
Data 2025.xlsx,9524,2025-10-20,2025-10,2025-W43,4,0,ubot-1131-r01,Ubot-1131-R01,مياه خاصة حنفية لغسيل الخضار والفواكه ن (م.ك),المياه الغير معبأة (Unbottled water),Unbottled water,المياه الغير المعبأة (Unbottled water),water,عينة خاصة,عينة خاصة,,عينة خاصة,عينة خاصة,خاص,( Private Sample) عينة خاصة,True,False,لا يوجد,,0,,,False,none,category_merged_to_canonical,2,True
Data 2025.xlsx,9525,2025-10-20,2025-10,2025-W43,4,0,ubot-1132-r01,Ubot-1132-R01,مياه خاصة لدورات المياه ن، ع، ج2، 4 (م.ك),المياه الغير معبأة (Unbottled water),Unbottled water,المياه الغير المعبأة (Unbottled water),water,عينة خاصة,عينة خاصة,,عينة خاصة,عينة خاصة,خاص,( Private Sample) عينة خاصة,True,False,لا يوجد,,0,,,False,none,category_merged_to_canonical,2,True
Data 2025.xlsx,9526,2025-10-20,2025-10,2025-W43,4,0,ubot-1133-r01,Ubot-1133-R01,مياه خاصة خزان اساسي مرحلة اولى ف (م.ك),المياه الغير معبأة (Unbottled water),Unbottled water,المياه الغير المعبأة (Unbottled water),water,عينة خاصة,عينة خاصة,,عينة خاصة,عينة خاصة,خاص,( Private Sample) عينة خاصة,True,False,لا يوجد,,0,,,False,none,category_merged_to_canonical,2,True
Data 2025.xlsx,9527,2025-10-20,2025-10,2025-W43,4,0,ubot-1134-r01,Ubot-1134-R01,مياه خاصة ج2، ف (م.ك),المياه الغير معبأة (Unbottled water),Unbottled water,المياه الغير المعبأة (Unbottled water),water,عينة خاصة,عينة خاصة,,عينة خاصة,عينة خاصة,خاص,( Private Sample) عينة خاصة,True,False,لا يوجد,,0,,,False,none,category_merged_to_canonical,2,True
Data 2025.xlsx,9528,2025-10-20,2025-10,2025-W43,4,0,ubot-1135-r01,Ubot-1135-R01,مياه خاصة شرطة عسكرية ج2، ف (م.ك),المياه الغير معبأة (Unbottled water),Unbottled water,المياه الغير المعبأة (Unbottled water),water,عينة خاصة,عينة خاصة,,عينة خاصة,عينة خاصة,خاص,( Private Sample) عينة خاصة,True,False,لا يوجد,,0,,,False,none,category_merged_to_canonical,2,True
Data 2025.xlsx,9529,2025-10-20,2025-10,2025-W43,4,0,ubot-1136-r01,Ubot-1136-R01,مياه خاصة حنفية للطبخ ف (م.ك),المياه الغير معبأة (Unbottled water),Unbottled water,المياه الغير المعبأة (Unbottled water),water,عينة خاصة,عينة خاصة,,عينة خاصة,عينة خاصة,خاص,( Private Sample) عينة خاصة,True,False,لا يوجد,,0,,,False,none,category_merged_to_canonical,2,True
Data 2025.xlsx,9530,2025-10-20,2025-10,2025-W43,4,0,ubot-1137-r01,Ubot-1137-R01,مياه خاصة حنفية لغسيل الخضار ف (م.ك),المياه الغير معبأة (Unbottled water),Unbottled water,المياه الغير المعبأة (Unbottled water),water,عينة خاصة,عينة خاصة,,عينة خاصة,عينة خاصة,خاص,( Private Sample) عينة خاصة,True,False,لا يوجد,,0,,,False,none,category_merged_to_canonical,2,True
Data 2025.xlsx,9532,2025-10-21,2025-10,2025-W43,4,1,1-3648-R01,1-3648-R01,كبدة غنم,كبدة (liver),liver,كبدة (liver),cooked_meat_poultry,مطعم بابا بازل - حي السليمانية,مطعم بابا بازل,حي السليمانية,مطعم بابا بازل - حي السليمانية,العليا,بلدية,بلدية العليا,True,False,لا يوجد,,0,,,False,none,,0,False
Data 2025.xlsx,9539,2025-10-21,2025-10,2025-W43,4,1,1-3649-R01,1-3649-R01,مربى فراولة,(jam) مربى,jam,(jam) مربى,sauce_condiment,مطعم بابا بازل - حي السليمانية,مطعم بابا بازل,حي السليمانية,مطعم بابا بازل - حي السليمانية,العليا,بلدية,بلدية العليا,True,False,لا يوجد,,0,,,False,none,,2,True
Data 2025.xlsx,9555,2025-10-21,2025-10,2025-W43,4,1,OSSUOSS-pin-0016-R01,OSSUOSS-pin-0016-R01,قطع اناناس,اناناس (pineapple),pineapple,اناناس (pineapple),produce,مطعم بابا بازل - حي السليمانية,مطعم بابا بازل,حي السليمانية,مطعم بابا بازل - حي السليمانية,العليا,بلدية,بلدية العليا,True,False,لا يوجد,,0,,,False,none,,8,True
Data 2025.xlsx,9554,2025-10-21,2025-10,2025-W43,4,1,OU-me-0039-R01,OU-me-0039-R01,قطع شمام,الشمام (melons),melons,الشمام (melons),produce,مطعم بابا بازل - حي السليمانية,مطعم بابا بازل,حي السليمانية,مطعم بابا بازل - حي السليمانية,العليا,بلدية,بلدية العليا,True,False,لا يوجد,,0,,,False,none,,8,True
Data 2025.xlsx,9541,2025-10-21,2025-10,2025-W43,4,1,appe-0633-r01,Appe-0633-R01,حمص,مقبلات (Appetizers),Appetizers,مقبلات (Appetizers),prepared_meal,مطعم بابا بازل - حي السليمانية,مطعم بابا بازل,حي السليمانية,مطعم بابا بازل - حي السليمانية,العليا,بلدية,بلدية العليا,False,True,العد الكلي للبكتيريا,العد الكلي للبكتيريا,1,,العد الكلي للبكتيريا,False,indicator_only,,3,True
Data 2025.xlsx,9545,2025-10-21,2025-10,2025-W43,4,1,appe-0634-r01,Appe-0634-R01,متبل,مقبلات (Appetizers),Appetizers,مقبلات (Appetizers),prepared_meal,مطعم بابا بازل - حي السليمانية,مطعم بابا بازل,حي السليمانية,مطعم بابا بازل - حي السليمانية,العليا,بلدية,بلدية العليا,True,False,لا يوجد,,0,,,False,none,,4,True
Data 2025.xlsx,9535,2025-10-21,2025-10,2025-W43,4,1,co-0621-r01,co-0621-R01,دجاج مطبوخ,الدجاج المطبوخ (Cooked chicken),Cooked chicken,الدجاج المطبوخ (Cooked chicken),cooked_meat_poultry,مطعم بابا بازل - حي السليمانية,مطعم بابا بازل,حي السليمانية,مطعم بابا بازل - حي السليمانية,العليا,بلدية,بلدية العليا,True,False,لا يوجد,,0,,,False,none,,0,False
Data 2025.xlsx,9533,2025-10-21,2025-10,2025-W43,4,1,eggs-0111-r01,eggs-0111-R01,بيض مقلي,البيض ومنتجاته ( eggs and products),eggs and products,البيض ومنتجاته ( eggs and products),dairy,مطعم بابا بازل - حي السليمانية,مطعم بابا بازل,حي السليمانية,مطعم بابا بازل - حي السليمانية,العليا,بلدية,بلدية العليا,True,False,لا يوجد,,0,,,False,none,,0,False
Data 2025.xlsx,9534,2025-10-21,2025-10,2025-W43,4,1,eggs-0112-r01,eggs-0112-R01,شكشوكة,البيض ومنتجاته ( eggs and products),eggs and products,البيض ومنتجاته ( eggs and products),dairy,مطعم بابا بازل - حي السليمانية,مطعم بابا بازل,حي السليمانية,مطعم بابا بازل - حي السليمانية,العليا,بلدية,بلدية العليا,True,False,لا يوجد,,0,,,False,none,,0,False
Data 2025.xlsx,9540,2025-10-21,2025-10,2025-W43,4,1,eggs-0113-r01,eggs-0113-R01,بيض مسلوق,البيض ومنتجاته ( eggs and products),eggs and products,البيض ومنتجاته ( eggs and products),dairy,مطعم بابا بازل - حي السليمانية,مطعم بابا بازل,حي السليمانية,مطعم بابا بازل - حي السليمانية,العليا,بلدية,بلدية العليا,True,False,لا يوجد,,0,,,False,none,,2,True
Data 2025.xlsx,9551,2025-10-21,2025-10,2025-W43,4,1,jui-0558-r01,jui-0558-R01,عصير تانج,العصائر الطازجة Un-pasteurized juices (fresh),fresh,العصائر الطازجة Un-pasteurized juices (fresh),beverage,مطعم بابا بازل - حي السليمانية,مطعم بابا بازل,حي السليمانية,مطعم بابا بازل - حي السليمانية,العليا,بلدية,بلدية العليا,False,True,الخمائر والاعفان,الخمائر والاعفان,1,,الخمائر والاعفان,False,indicator_only,,7,True
Data 2025.xlsx,9553,2025-10-21,2025-10,2025-W43,4,1,jui-0559-r01,jui-0559-R01,عصير رمان,العصائر الطازجة Un-pasteurized juices (fresh),fresh,العصائر الطازجة Un-pasteurized juices (fresh),beverage,مطعم بابا بازل - حي السليمانية,مطعم بابا بازل,حي السليمانية,مطعم بابا بازل - حي السليمانية,العليا,بلدية,بلدية العليا,False,True,الخمائر والاعفان,الخمائر والاعفان,1,,الخمائر والاعفان,False,indicator_only,,8,True
Data 2025.xlsx,9557,2025-10-21,2025-10,2025-W43,4,1,jui-0560-r01,jui-0560-R01,عصير كوكتيل,العصائر الطازجة Un-pasteurized juices (fresh),fresh,العصائر الطازجة Un-pasteurized juices (fresh),beverage,مطعم بابا بازل - حي السليمانية,مطعم بابا بازل,حي السليمانية,مطعم بابا بازل - حي السليمانية,العليا,بلدية,بلدية العليا,True,False,لا يوجد,,0,,,False,none,,8,True
Data 2025.xlsx,9558,2025-10-21,2025-10,2025-W43,4,1,jui-0561-r01,jui-0561-R01,عصير برتقال كبس,العصائر الطازجة Un-pasteurized juices (fresh),fresh,العصائر الطازجة Un-pasteurized juices (fresh),beverage,مطعم بابا بازل - حي السليمانية,مطعم بابا بازل,حي السليمانية,مطعم بابا بازل - حي السليمانية,العليا,بلدية,بلدية العليا,True,False,لا يوجد,,0,,,False,none,,8,True
Data 2025.xlsx,9556,2025-10-21,2025-10,2025-W43,4,1,mango-0059-r01,Mango-0059-R01,قطع مانجا,المانجو (Mango),Mango,المانجو (Mango),produce,مطعم بابا بازل - حي السليمانية,مطعم بابا بازل,حي السليمانية,مطعم بابا بازل - حي السليمانية,العليا,بلدية,بلدية العليا,True,False,لا يوجد,,0,,,False,none,,8,True
Data 2025.xlsx,9544,2025-10-21,2025-10,2025-W43,4,1,sa-0907-r01,sa-0907-R01,طحينية,طحينة,,طحينة,sauce_condiment,مطعم بابا بازل - حي السليمانية,مطعم بابا بازل,حي السليمانية,مطعم بابا بازل - حي السليمانية,العليا,بلدية,بلدية العليا,True,False,لا يوجد,,0,,,False,none,,4,True
Data 2025.xlsx,9546,2025-10-21,2025-10,2025-W43,4,1,sal-1689-r01,Sal-1689-R01,سلطة مشاوي,السلطة(Salad),Salad,السلطة(Salad),produce,مطعم بابا بازل - حي السليمانية,مطعم بابا بازل,حي السليمانية,مطعم بابا بازل - حي السليمانية,العليا,بلدية,بلدية العليا,False,True,استافيلوكوكس اورياس,استافيلوكوكس اورياس,1,استافيلوكوكس اورياس,,True,pathogen,,5,True
Data 2025.xlsx,9547,2025-10-21,2025-10,2025-W43,4,1,sal-1690-r01,Sal-1690-R01,سلطة خضراء,السلطة(Salad),Salad,السلطة(Salad),produce,مطعم بابا بازل - حي السليمانية,مطعم بابا بازل,حي السليمانية,مطعم بابا بازل - حي السليمانية,العليا,بلدية,بلدية العليا,False,True,استافيلوكوكس اورياس,استافيلوكوكس اورياس,1,استافيلوكوكس اورياس,,True,pathogen,,6,True
Data 2025.xlsx,9536,2025-10-21,2025-10,2025-W43,4,1,sau-2594-r01,sau-2594-R01,صوص سبايسي,صوص (sauce),sauce,صوص (sauce),sauce_condiment,مطعم بابا بازل - حي السليمانية,مطعم بابا بازل,حي السليمانية,مطعم بابا بازل - حي السليمانية,العليا,بلدية,بلدية العليا,False,True,العد الكلي للبكتيريا,العد الكلي للبكتيريا,1,,العد الكلي للبكتيريا,False,indicator_only,,1,False
Data 2025.xlsx,9537,2025-10-21,2025-10,2025-W43,4,1,sau-2595-r01,sau-2595-R01,صوص ثوم,صوص (sauce),sauce,صوص (sauce),sauce_condiment,مطعم بابا بازل - حي السليمانية,مطعم بابا بازل,حي السليمانية,مطعم بابا بازل - حي السليمانية,العليا,بلدية,بلدية العليا,False,True,العد الكلي للبكتيريا | انتيروباكتريسي,العد الكلي للبكتيريا | انتيروباكتريسي,2,,العد الكلي للبكتيريا | انتيروباكتريسي,False,indicator_only,,2,True
Data 2025.xlsx,9538,2025-10-21,2025-10,2025-W43,4,1,sau-2596-r01,sau-2596-R01,صوص كاتشب,صوص (sauce),sauce,صوص (sauce),sauce_condiment,مطعم بابا بازل - حي السليمانية,مطعم بابا بازل,حي السليمانية,مطعم بابا بازل - حي السليمانية,العليا,بلدية,بلدية العليا,True,False,لا يوجد,,0,,,False,none,,2,True
Data 2025.xlsx,9542,2025-10-21,2025-10,2025-W43,4,1,sau-2597-r01,sau-2597-R01,صوص ثوم معلب,صوص (sauce),sauce,صوص (sauce),sauce_condiment,مطعم بابا بازل - حي السليمانية,مطعم بابا بازل,حي السليمانية,مطعم بابا بازل - حي السليمانية,العليا,بلدية,بلدية العليا,True,False,لا يوجد,,0,,,False,none,,3,True
Data 2025.xlsx,9543,2025-10-21,2025-10,2025-W43,4,1,sau-2598-r01,sau-2598-R01,صوص ثوم حار معلب,صوص (sauce),sauce,صوص (sauce),sauce_condiment,مطعم بابا بازل - حي السليمانية,مطعم بابا بازل,حي السليمانية,مطعم بابا بازل - حي السليمانية,العليا,بلدية,بلدية العليا,False,True,العد الكلي للبكتيريا,العد الكلي للبكتيريا,1,,العد الكلي للبكتيريا,False,indicator_only,,4,True
Data 2025.xlsx,9548,2025-10-21,2025-10,2025-W43,4,1,sw-3646-r01,sw-3646-R01,م س 1حة ثلاجة,(Swabs) المسحات,Swabs,(Swabs) المسحات,swab,مطعم بابا بازل - حي السليمانية,مطعم بابا بازل,حي السليمانية,مطعم بابا بازل - حي السليمانية,العليا,بلدية,بلدية العليا,True,False,لا يوجد,,0,,,False,none,,6,True
Data 2025.xlsx,9549,2025-10-21,2025-10,2025-W43,4,1,sw-3647-r01,sw-3647-R01,مسحة طاولة تحضير,(Swabs) المسحات,Swabs,(Swabs) المسحات,swab,مطعم بابا بازل - حي السليمانية,مطعم بابا بازل,حي السليمانية,مطعم بابا بازل - حي السليمانية,العليا,بلدية,بلدية العليا,True,False,لا يوجد,,0,,,False,none,,6,True
Data 2025.xlsx,9550,2025-10-21,2025-10,2025-W43,4,1,sw-3648-r01,sw-3648-R01,مسحة ثلاجة,(Swabs) المسحات,Swabs,(Swabs) المسحات,swab,مطعم بابا بازل - حي السليمانية,مطعم بابا بازل,حي السليمانية,مطعم بابا بازل - حي السليمانية,العليا,بلدية,بلدية العليا,True,False,لا يوجد,,0,,,False,none,,6,True
Data 2025.xlsx,9559,2025-10-21,2025-10,2025-W43,4,1,sw-3649-r01,sw-3649-R01,مسحة كبس جزر,(Swabs) المسحات,Swabs,(Swabs) المسحات,swab,مطعم بابا بازل - حي السليمانية,مطعم بابا بازل,حي السليمانية,مطعم بابا بازل - حي السليمانية,العليا,بلدية,بلدية العليا,True,False,لا يوجد,,0,,,False,none,,8,True
Data 2025.xlsx,9560,2025-10-21,2025-10,2025-W43,4,1,sw-3650-r01,sw-3650-R01,مسحة ثلاجة فواكه,(Swabs) المسحات,Swabs,(Swabs) المسحات,swab,مطعم بابا بازل - حي السليمانية,مطعم بابا بازل,حي السليمانية,مطعم بابا بازل - حي السليمانية,العليا,بلدية,بلدية العليا,True,False,لا يوجد,,0,,,False,none,,8,True
Data 2025.xlsx,9561,2025-10-21,2025-10,2025-W43,4,1,ubot-1138-r01,Ubot-1138-R01,مياه فلتر لغسيل الادوات,المياه الغير معبأة (Unbottled water),Unbottled water,المياه الغير المعبأة (Unbottled water),water,مطعم بابا بازل - حي السليمانية,مطعم بابا بازل,حي السليمانية,مطعم بابا بازل - حي السليمانية,العليا,بلدية,بلدية العليا,True,False,لا يوجد,,0,,,False,none,category_merged_to_canonical,8,True
Data 2025.xlsx,9552,2025-10-21,2025-10,2025-W43,4,1,yog-0009-r01,yog-0009-R01,لبن عيران,اللبان (yogurt),yogurt,اللبان (yogurt),dairy,مطعم بابا بازل - حي السليمانية,مطعم بابا بازل,حي السليمانية,مطعم بابا بازل - حي السليمانية,العليا,بلدية,بلدية العليا,True,False,لا يوجد,,0,,,False,none,,7,True
Data 2025.xlsx,9586,2025-10-25,2025-10,2025-W43,4,5,1-3652-R01,1-3652-R01,جمبري ديناميت نص استواء مقلي,(shrimp) روبيان,shrimp,(shrimp) روبيان,other,شرمب نيشن - حي النخيل,شرمب نيشن,حي النخيل,شرمب نيشن - حي النخيل,الشمال,بلدية,بلدية الشمال,False,True,العد الكلي للبكتيريا | استافيلوكوكس اورياس,العد الكلي للبكتيريا | استافيلوكوكس اورياس,2,استافيلوكوكس اورياس,العد الكلي للبكتيريا,True,pathogen,sample_type_unbucketed,4,True
Data 2025.xlsx,9596,2025-10-25,2025-10,2025-W43,4,5,1-3653-R01,1-3653-R01,مشروب كركدية,(roselle)كركدية,roselle,(roselle)كركدية,beverage,هنوفيرين - حي النخيل,هنوفيرين,حي النخيل,هنوفيرين - حي النخيل,الشمال,بلدية,بلدية الشمال,True,False,لا يوجد,,0,,,False,none,,4,True
Data 2025.xlsx,9562,2025-10-25,2025-10,2025-W43,4,5,O-r-U-cu-0311-R01,O-r-U-cu-0311-R01,خيار,الخيار (cucumbers),cucumbers,الخيار (cucumbers),produce,مطاعم اوراق التوت - حي العريجاء,مطاعم اوراق التوت,حي العريجاء,مطاعم اوراق التوت - حي العريجاء,العريجاء,بلدية,بلدية العريجاء,False,True,ايشيريشيا كولاي | استافيلوكوكس اورياس,ايشيريشيا كولاي | استافيلوكوكس اورياس,2,ايشيريشيا كولاي | استافيلوكوكس اورياس,,True,multi_pathogen,,1,False
Data 2025.xlsx,9588,2025-10-25,2025-10,2025-W43,4,5,OO-OSS-po-0461-R01,OO-OSS-po-0461-R01,بطاطس مقلي نص استواء,البطاطس (potatoes),potatoes,البطاطس (potatoes),produce,شرمب نيشن - حي النخيل,شرمب نيشن,حي النخيل,شرمب نيشن - حي النخيل,الشمال,بلدية,بلدية الشمال,True,False,لا يوجد,,0,,,False,none,,5,True
Data 2025.xlsx,9571,2025-10-25,2025-10,2025-W43,4,5,OO-or-0293-R01,OO-or-0293-R01,قطع برتقال,البرتقال (oranges),oranges,البرتقال (oranges),produce,مطاعم اوراق التوت - حي العريجاء,مطاعم اوراق التوت,حي العريجاء,مطاعم اوراق التوت - حي العريجاء,العريجاء,بلدية,بلدية العريجاء,True,False,لا يوجد,,0,,,False,none,,2,True
Data 2025.xlsx,9590,2025-10-25,2025-10,2025-W43,4,5,UU-ca-0130-R01,UU-ca-0130-R01,قطع ملفوف,الملفوف (cabbage),cabbage,الملفوف (cabbage),produce,شرمب نيشن - حي النخيل,شرمب نيشن,حي النخيل,شرمب نيشن - حي النخيل,الشمال,بلدية,بلدية الشمال,True,False,لا يوجد,,0,,,False,none,,5,True
Data 2025.xlsx,9585,2025-10-25,2025-10,2025-W43,4,5,UU-le-0482-R01,UU-le-0482-R01,قطع ليمون,الليمون (Lemons),Lemons,الليمون (Lemons),produce,شرمب نيشن - حي النخيل,شرمب نيشن,حي النخيل,شرمب نيشن - حي النخيل,الشمال,بلدية,بلدية الشمال,True,False,لا يوجد,,0,,,False,none,,3,True
Data 2025.xlsx,9564,2025-10-25,2025-10,2025-W43,4,5,appe-0635-r01,Appe-0635-R01,حمص,مقبلات (Appetizers),Appetizers,مقبلات (Appetizers),prepared_meal,مطاعم اوراق التوت - حي العريجاء,مطاعم اوراق التوت,حي العريجاء,مطاعم اوراق التوت - حي العريجاء,العريجاء,بلدية,بلدية العريجاء,True,False,لا يوجد,,0,,,False,none,,2,True
Data 2025.xlsx,9565,2025-10-25,2025-10,2025-W43,4,5,appe-0636-r01,Appe-0636-R01,متبل,مقبلات (Appetizers),Appetizers,مقبلات (Appetizers),prepared_meal,مطاعم اوراق التوت - حي العريجاء,مطاعم اوراق التوت,حي العريجاء,مطاعم اوراق التوت - حي العريجاء,العريجاء,بلدية,بلدية العريجاء,True,False,لا يوجد,,0,,,False,none,,2,True
Data 2025.xlsx,9573,2025-10-25,2025-10,2025-W43,4,5,br-0115-r01,Br-0115-R01,خبز فتوش,الخبـز (Bread),Bread,الخبـز (Bread),sweets_bakery,مطاعم اوراق التوت - حي العريجاء,مطاعم اوراق التوت,حي العريجاء,مطاعم اوراق التوت - حي العريجاء,العريجاء,بلدية,بلدية العريجاء,True,False,لا يوجد,,0,,,False,none,,3,True
Data 2025.xlsx,9566,2025-10-25,2025-10,2025-W43,4,5,bu-0032-r01,Bu-0032-R01,برغل مطبوخ,البرغل (Bulgur),Bulgur,البرغل (Bulgur),produce,مطاعم اوراق التوت - حي العريجاء,مطاعم اوراق التوت,حي العريجاء,مطاعم اوراق التوت - حي العريجاء,العريجاء,بلدية,بلدية العريجاء,True,False,لا يوجد,,0,,,False,none,,2,True
Data 2025.xlsx,9587,2025-10-25,2025-10,2025-W43,4,5,fish-0225-r01,fish-0225-R01,كاري ماري (حبار),Fish/fish product(الاسماك / منتجات الاسماك),fish product,Fish/fish product(الاسماك / منتجات الاسماك),cooked_meat_poultry,شرمب نيشن - حي النخيل,شرمب نيشن,حي النخيل,شرمب نيشن - حي النخيل,الشمال,بلدية,بلدية الشمال,False,True,العد الكلي للبكتيريا,العد الكلي للبكتيريا,1,,العد الكلي للبكتيريا,False,indicator_only,,5,True
Data 2025.xlsx,9567,2025-10-25,2025-10,2025-W43,4,5,gr-0217-r01,gr-0217-R01,ورق عنب,ورق عنب (Grape leaves),Grape leaves,ورق عنب (Grape leaves),produce,مطاعم اوراق التوت - حي العريجاء,مطاعم اوراق التوت,حي العريجاء,مطاعم اوراق التوت - حي العريجاء,العريجاء,بلدية,بلدية العريجاء,True,False,لا يوجد,,0,,,False,none,,2,True
Data 2025.xlsx,9597,2025-10-25,2025-10,2025-W43,4,5,milk-0048-r01,Milk-0048-R01,حليب سبنش لاتية,الحليب (Milk),Milk,الحليب (Milk),dairy,هنوفيرين - حي النخيل,هنوفيرين,حي النخيل,هنوفيرين - حي النخيل,الشمال,بلدية,بلدية الشمال,True,False,لا يوجد,,0,,,False,none,,4,True
Data 2025.xlsx,9572,2025-10-25,2025-10,2025-W43,4,5,pa-0017-r01,pa-0017-R01,معكرونة,المكرونة - الشعيرية كل الانواع الجافة (Pasta / macaroni &Noodles all the dry types ),Pasta / macaroni &Noodles all the dry types,المكرونة - الشعيرية كل الانواع الجافة (Pasta / macaroni &Noodles all the dry types ),produce,مطاعم اوراق التوت - حي العريجاء,مطاعم اوراق التوت,حي العريجاء,مطاعم اوراق التوت - حي العريجاء,العريجاء,بلدية,بلدية العريجاء,False,True,انتيروباكتريسي | ايشيريشيا كولاي,انتيروباكتريسي | ايشيريشيا كولاي,2,ايشيريشيا كولاي,انتيروباكتريسي,True,pathogen,,3,True
Data 2025.xlsx,9575,2025-10-25,2025-10,2025-W43,4,5,po-0143-r01,po-0143-R01,كباب دجاج,الدجاج (Poultry),Poultry,الدجاج (Poultry),cooked_meat_poultry,مطاعم اوراق التوت - حي العريجاء,مطاعم اوراق التوت,حي العريجاء,مطاعم اوراق التوت - حي العريجاء,العريجاء,بلدية,بلدية العريجاء,True,False,لا يوجد,,0,,,False,none,,4,True
Data 2025.xlsx,9574,2025-10-25,2025-10,2025-W43,4,5,raw-0519-r01,Raw-0519-R01,كباب لحم,لحوم نيئة مبردة ومجمدة (Raw meat Cold or chilled ),Raw meat Cold or chilled,لحوم نيئة مبردة ومجمدة (Raw meat Cold or chilled ),raw_meat,مطاعم اوراق التوت - حي العريجاء,مطاعم اوراق التوت,حي العريجاء,مطاعم اوراق التوت - حي العريجاء,العريجاء,بلدية,بلدية العريجاء,False,True,السالمونيلا | استافيلوكوكس اورياس,السالمونيلا | استافيلوكوكس اورياس,2,السالمونيلا | استافيلوكوكس اورياس,,True,multi_pathogen,,4,True
Data 2025.xlsx,9563,2025-10-25,2025-10,2025-W43,4,5,sal-1691-r01,Sal-1691-R01,بقدونس مع جزر مع ملفوف,السلطة(Salad),Salad,السلطة(Salad),produce,مطاعم اوراق التوت - حي العريجاء,مطاعم اوراق التوت,حي العريجاء,مطاعم اوراق التوت - حي العريجاء,العريجاء,بلدية,بلدية العريجاء,False,True,ايشيريشيا كولاي | استافيلوكوكس اورياس,ايشيريشيا كولاي | استافيلوكوكس اورياس,2,ايشيريشيا كولاي | استافيلوكوكس اورياس,,True,multi_pathogen,,2,True
Data 2025.xlsx,9584,2025-10-25,2025-10,2025-W43,4,5,sal-1692-r01,Sal-1692-R01,سلطة جرجير,السلطة(Salad),Salad,السلطة(Salad),produce,شرمب نيشن - حي النخيل,شرمب نيشن,حي النخيل,شرمب نيشن - حي النخيل,الشمال,بلدية,بلدية الشمال,True,False,لا يوجد,,0,,,False,none,,3,True
Data 2025.xlsx,9568,2025-10-25,2025-10,2025-W43,4,5,sau-2599-r01,sau-2599-R01,خردل,صوص (sauce),sauce,صوص (sauce),sauce_condiment,مطاعم اوراق التوت - حي العريجاء,مطاعم اوراق التوت,حي العريجاء,مطاعم اوراق التوت - حي العريجاء,العريجاء,بلدية,بلدية العريجاء,True,False,لا يوجد,,0,,,False,none,,2,True
Data 2025.xlsx,9569,2025-10-25,2025-10,2025-W43,4,5,sau-2600-r01,sau-2600-R01,كاتشب,صوص (sauce),sauce,صوص (sauce),sauce_condiment,مطاعم اوراق التوت - حي العريجاء,مطاعم اوراق التوت,حي العريجاء,مطاعم اوراق التوت - حي العريجاء,العريجاء,بلدية,بلدية العريجاء,True,False,لا يوجد,,0,,,False,none,,2,True
Data 2025.xlsx,9570,2025-10-25,2025-10,2025-W43,4,5,sau-2601-r01,sau-2601-R01,مايو نبز,صوص (sauce),sauce,صوص (sauce),sauce_condiment,مطاعم اوراق التوت - حي العريجاء,مطاعم اوراق التوت,حي العريجاء,مطاعم اوراق التوت - حي العريجاء,العريجاء,بلدية,بلدية العريجاء,True,False,لا يوجد,,0,,,False,none,,2,True
Data 2025.xlsx,9579,2025-10-25,2025-10,2025-W43,4,5,sau-2602-r01,sau-2602-R01,صوص مايونيز,صوص (sauce),sauce,صوص (sauce),sauce_condiment,شرمب نيشن - حي النخيل,شرمب نيشن,حي النخيل,شرمب نيشن - حي النخيل,الشمال,بلدية,بلدية الشمال,False,True,العد الكلي للبكتيريا,العد الكلي للبكتيريا,1,,العد الكلي للبكتيريا,False,indicator_only,,1,False
Data 2025.xlsx,9580,2025-10-25,2025-10,2025-W43,4,5,sau-2603-r01,sau-2603-R01,صوص ديناميت,صوص (sauce),sauce,صوص (sauce),sauce_condiment,شرمب نيشن - حي النخيل,شرمب نيشن,حي النخيل,شرمب نيشن - حي النخيل,الشمال,بلدية,بلدية الشمال,False,True,انتيروباكتريسي,انتيروباكتريسي,1,,انتيروباكتريسي,False,indicator_only,,2,True
Data 2025.xlsx,9581,2025-10-25,2025-10,2025-W43,4,5,sau-2604-r01,sau-2604-R01,صوص ديناميت,صوص (sauce),sauce,صوص (sauce),sauce_condiment,شرمب نيشن - حي النخيل,شرمب نيشن,حي النخيل,شرمب نيشن - حي النخيل,الشمال,بلدية,بلدية الشمال,True,False,لا يوجد,,0,,,False,none,,2,True
Data 2025.xlsx,9582,2025-10-25,2025-10,2025-W43,4,5,sau-2605-r01,sau-2605-R01,صوص كوكتيل معلب,صوص (sauce),sauce,صوص (sauce),sauce_condiment,شرمب نيشن - حي النخيل,شرمب نيشن,حي النخيل,شرمب نيشن - حي النخيل,الشمال,بلدية,بلدية الشمال,True,False,لا يوجد,,0,,,False,none,,2,True
Data 2025.xlsx,9583,2025-10-25,2025-10,2025-W43,4,5,sau-2606-r01,sau-2606-R01,صوص كوكتيل عادي,صوص (sauce),sauce,صوص (sauce),sauce_condiment,شرمب نيشن - حي النخيل,شرمب نيشن,حي النخيل,شرمب نيشن - حي النخيل,الشمال,بلدية,بلدية الشمال,False,True,العد الكلي للبكتيريا,العد الكلي للبكتيريا,1,,العد الكلي للبكتيريا,False,indicator_only,,3,True
Data 2025.xlsx,9589,2025-10-25,2025-10,2025-W43,4,5,sau-2607-r01,sau-2607-R01,صوص ليمون,صوص (sauce),sauce,صوص (sauce),sauce_condiment,شرمب نيشن - حي النخيل,شرمب نيشن,حي النخيل,شرمب نيشن - حي النخيل,الشمال,بلدية,بلدية الشمال,True,False,لا يوجد,,0,,,False,none,,5,True
Data 2025.xlsx,9598,2025-10-25,2025-10,2025-W43,4,5,sau-2608-r01,sau-2608-R01,صوص وايت شوكولاتة,صوص (sauce),sauce,صوص (sauce),sauce_condiment,هنوفيرين - حي النخيل,هنوفيرين,حي النخيل,هنوفيرين - حي النخيل,الشمال,بلدية,بلدية الشمال,True,False,لا يوجد,,0,,,False,none,,4,True
Data 2025.xlsx,9599,2025-10-25,2025-10,2025-W43,4,5,sau-2609-r01,sau-2609-R01,صوص دارك شوكولاتة,صوص (sauce),sauce,صوص (sauce),sauce_condiment,هنوفيرين - حي النخيل,هنوفيرين,حي النخيل,هنوفيرين - حي النخيل,الشمال,بلدية,بلدية الشمال,True,False,لا يوجد,,0,,,False,none,,4,True
Data 2025.xlsx,9600,2025-10-25,2025-10,2025-W43,4,5,sau-2610-r01,sau-2610-R01,صوص دولسي,صوص (sauce),sauce,صوص (sauce),sauce_condiment,هنوفيرين - حي النخيل,هنوفيرين,حي النخيل,هنوفيرين - حي النخيل,الشمال,بلدية,بلدية الشمال,True,False,لا يوجد,,0,,,False,none,,4,True
Data 2025.xlsx,9576,2025-10-25,2025-10,2025-W43,4,5,sw-3651-r01,sw-3651-R01,مسحة ثلاجة,(Swabs) المسحات,Swabs,(Swabs) المسحات,swab,مطاعم اوراق التوت - حي العريجاء,مطاعم اوراق التوت,حي العريجاء,مطاعم اوراق التوت - حي العريجاء,العريجاء,بلدية,بلدية العريجاء,True,False,لا يوجد,,0,,,False,none,,4,True
Data 2025.xlsx,9577,2025-10-25,2025-10,2025-W43,4,5,sw-3652-r01,sw-3652-R01,مسحة ثلاجة,(Swabs) المسحات,Swabs,(Swabs) المسحات,swab,مطاعم اوراق التوت - حي العريجاء,مطاعم اوراق التوت,حي العريجاء,مطاعم اوراق التوت - حي العريجاء,العريجاء,بلدية,بلدية العريجاء,True,False,لا يوجد,,0,,,False,none,,4,True
Data 2025.xlsx,9592,2025-10-25,2025-10,2025-W43,4,5,sweet-1503-r01,sweet-1503-R01,كيك لمين تون,الحلا(sweetness),sweetness,الحلا(sweetness),sweets_bakery,هنوفيرين - حي النخيل,هنوفيرين,حي النخيل,هنوفيرين - حي النخيل,الشمال,بلدية,بلدية الشمال,False,True,العد الكلي للبكتيريا | استافيلوكوكس اورياس | باسيلس سيريس,العد الكلي للبكتيريا | استافيلوكوكس اورياس | باسيلس سيريس,3,استافيلوكوكس اورياس | باسيلس سيريس,العد الكلي للبكتيريا,True,multi_pathogen,,1,False
Data 2025.xlsx,9593,2025-10-25,2025-10,2025-W43,4,5,sweet-1504-r01,sweet-1504-R01,سودن كيك,الحلا(sweetness),sweetness,الحلا(sweetness),sweets_bakery,هنوفيرين - حي النخيل,هنوفيرين,حي النخيل,هنوفيرين - حي النخيل,الشمال,بلدية,بلدية الشمال,False,True,العد الكلي للبكتيريا | استافيلوكوكس اورياس,العد الكلي للبكتيريا | استافيلوكوكس اورياس,2,استافيلوكوكس اورياس,العد الكلي للبكتيريا,True,pathogen,,2,True
Data 2025.xlsx,9594,2025-10-25,2025-10,2025-W43,4,5,sweet-1505-r01,sweet-1505-R01,كريم رولية,الحلا(sweetness),sweetness,الحلا(sweetness),sweets_bakery,هنوفيرين - حي النخيل,هنوفيرين,حي النخيل,هنوفيرين - حي النخيل,الشمال,بلدية,بلدية الشمال,False,True,العد الكلي للبكتيريا | انتيروباكتريسي,العد الكلي للبكتيريا | انتيروباكتريسي,2,,العد الكلي للبكتيريا | انتيروباكتريسي,False,indicator_only,,3,True
Data 2025.xlsx,9595,2025-10-25,2025-10,2025-W43,4,5,sweet-1506-r01,sweet-1506-R01,كريم براون,الحلا(sweetness),sweetness,الحلا(sweetness),sweets_bakery,هنوفيرين - حي النخيل,هنوفيرين,حي النخيل,هنوفيرين - حي النخيل,الشمال,بلدية,بلدية الشمال,False,True,العد الكلي للبكتيريا | انتيروباكتريسي,العد الكلي للبكتيريا | انتيروباكتريسي,2,,العد الكلي للبكتيريا | انتيروباكتريسي,False,indicator_only,,4,True
Data 2025.xlsx,9578,2025-10-25,2025-10,2025-W43,4,5,ubot-1139-r01,Ubot-1139-R01,مياه طبخ من غير فلتر م - ك,المياه الغير معبأة (Unbottled water),Unbottled water,المياه الغير المعبأة (Unbottled water),water,مطاعم اوراق التوت - حي العريجاء,مطاعم اوراق التوت,حي العريجاء,مطاعم اوراق التوت - حي العريجاء,العريجاء,بلدية,بلدية العريجاء,True,False,لا يوجد,,0,,,False,none,category_merged_to_canonical,4,True
Data 2025.xlsx,9591,2025-10-25,2025-10,2025-W43,4,5,ubot-1140-r01,Ubot-1140-R01,مياه فلتر للطبخ م - ك,المياه الغير معبأة (Unbottled water),Unbottled water,المياه الغير المعبأة (Unbottled water),water,شرمب نيشن - حي النخيل,شرمب نيشن,حي النخيل,شرمب نيشن - حي النخيل,الشمال,بلدية,بلدية الشمال,True,False,لا يوجد,,0,,,False,none,category_merged_to_canonical,5,True
Data 2025.xlsx,9626,2025-10-26,2025-10,2025-W43,4,6,1-3656-R01,1-3656-R01,بسكوت اوريو,البسكويت (Biscuits),Biscuits,(Biscuits) بسكوت,sweets_bakery,ماكدونالدز - حي المرسلات,ماكدونالدز,حي المرسلات,ماكدونالدز - حي المرسلات,الشمال,بلدية,بلدية الشمال,True,False,لا يوجد,,0,,,False,none,category_merged_to_canonical,1,False
Data 2025.xlsx,9618,2025-10-26,2025-10,2025-W43,4,6,O-U-to-0711-R01,O-U-to-0711-R01,شرائح طماطم,الطماطم (Tomatoes),Tomatoes,الطماطم (Tomatoes),produce,ماكدونالدز - حي المرسلات,ماكدونالدز,حي المرسلات,ماكدونالدز - حي المرسلات,الشمال,بلدية,بلدية الشمال,True,False,لا يوجد,,0,,,False,none,,0,False
Data 2025.xlsx,9631,2025-10-26,2025-10,2025-W43,4,6,appe-0637-r01,Appe-0637-R01,تبولة,مقبلات (Appetizers),Appetizers,مقبلات (Appetizers),prepared_meal,مطعم مشويات الذواق - حي المرسلات,مطعم مشويات الذواق,حي المرسلات,مطعم مشويات الذواق - حي المرسلات,الشمال,بلدية,بلدية الشمال,True,False,لا يوجد,,0,,,False,none,,0,False
Data 2025.xlsx,9632,2025-10-26,2025-10,2025-W43,4,6,appe-0638-r01,Appe-0638-R01,حمص,مقبلات (Appetizers),Appetizers,مقبلات (Appetizers),prepared_meal,مطعم مشويات الذواق - حي المرسلات,مطعم مشويات الذواق,حي المرسلات,مطعم مشويات الذواق - حي المرسلات,الشمال,بلدية,بلدية الشمال,True,False,لا يوجد,,0,,,False,none,,0,False
Data 2025.xlsx,9633,2025-10-26,2025-10,2025-W43,4,6,appe-0639-r01,Appe-0639-R01,متبل,مقبلات (Appetizers),Appetizers,مقبلات (Appetizers),prepared_meal,مطعم مشويات الذواق - حي المرسلات,مطعم مشويات الذواق,حي المرسلات,مطعم مشويات الذواق - حي المرسلات,الشمال,بلدية,بلدية الشمال,False,True,العد الكلي للبكتيريا,العد الكلي للبكتيريا,1,,العد الكلي للبكتيريا,False,indicator_only,,1,False
Data 2025.xlsx,9634,2025-10-26,2025-10,2025-W43,4,6,appe-0640-r01,Appe-0640-R01,بابا غنوج,مقبلات (Appetizers),Appetizers,مقبلات (Appetizers),prepared_meal,مطعم مشويات الذواق - حي المرسلات,مطعم مشويات الذواق,حي المرسلات,مطعم مشويات الذواق - حي المرسلات,الشمال,بلدية,بلدية الشمال,True,False,لا يوجد,,0,,,False,none,,1,False
Data 2025.xlsx,9636,2025-10-26,2025-10,2025-W43,4,6,br-0116-r01,Br-0116-R01,خبز فتوش,الخبـز (Bread),Bread,الخبـز (Bread),sweets_bakery,مطعم مشويات الذواق - حي المرسلات,مطعم مشويات الذواق,حي المرسلات,مطعم مشويات الذواق - حي المرسلات,الشمال,بلدية,بلدية الشمال,True,False,لا يوجد,,0,,,False,none,,2,True
Data 2025.xlsx,9654,2025-10-26,2025-10,2025-W43,4,6,br-0117-r01,Br-0117-R01,خبز صاج,الخبـز (Bread),Bread,الخبـز (Bread),sweets_bakery,مطعم مشويات الذواق - حي المرسلات,مطعم مشويات الذواق,حي المرسلات,مطعم مشويات الذواق - حي المرسلات,الشمال,بلدية,بلدية الشمال,True,False,لا يوجد,,0,,,False,none,,7,True
Data 2025.xlsx,9643,2025-10-26,2025-10,2025-W43,4,6,chee-0895-r01,Chee-0895-R01,جبن سائل,(cheese) جبنة,cheese,(cheese) جبنة,dairy,مطعم مشويات الذواق - حي المرسلات,مطعم مشويات الذواق,حي المرسلات,مطعم مشويات الذواق - حي المرسلات,الشمال,بلدية,بلدية الشمال,False,True,انتيروباكتريسي,انتيروباكتريسي,1,,انتيروباكتريسي,False,indicator_only,,5,True
Data 2025.xlsx,9619,2025-10-26,2025-10,2025-W43,4,6,co-0622-r01,co-0622-R01,نقت دجاج,الدجاج المطبوخ (Cooked chicken),Cooked chicken,الدجاج المطبوخ (Cooked chicken),cooked_meat_poultry,ماكدونالدز - حي المرسلات,ماكدونالدز,حي المرسلات,ماكدونالدز - حي المرسلات,الشمال,بلدية,بلدية الشمال,True,False,لا يوجد,,0,,,False,none,,0,False
Data 2025.xlsx,9647,2025-10-26,2025-10,2025-W43,4,6,co-0623-r01,co-0623-R01,ربع دجاج شواية,الدجاج المطبوخ (Cooked chicken),Cooked chicken,الدجاج المطبوخ (Cooked chicken),cooked_meat_poultry,مطعم مشويات الذواق - حي المرسلات,مطعم مشويات الذواق,حي المرسلات,مطعم مشويات الذواق - حي المرسلات,الشمال,بلدية,بلدية الشمال,True,False,لا يوجد,,0,,,False,none,,6,True
Data 2025.xlsx,9644,2025-10-26,2025-10,2025-W43,4,6,gr-0218-r01,gr-0218-R01,ورق عنب,ورق عنب (Grape leaves),Grape leaves,ورق عنب (Grape leaves),produce,مطعم مشويات الذواق - حي المرسلات,مطعم مشويات الذواق,حي المرسلات,مطعم مشويات الذواق - حي المرسلات,الشمال,بلدية,بلدية الشمال,True,False,لا يوجد,,0,,,False,none,,5,True
Data 2025.xlsx,9645,2025-10-26,2025-10,2025-W43,4,6,ho-0254-r01,ho-0254-R01,عسل,(Honey) عسل النحل,Honey,(Honey) عسل النحل,sweets_bakery,مطعم مشويات الذواق - حي المرسلات,مطعم مشويات الذواق,حي المرسلات,مطعم مشويات الذواق - حي المرسلات,الشمال,بلدية,بلدية الشمال,True,False,لا يوجد,,0,,,False,none,,5,True
Data 2025.xlsx,9638,2025-10-26,2025-10,2025-W43,4,6,hs-0375-r01,HS-0375-R01,شطة حارة معلب,الشطة (Hot sauce),Hot sauce,الشطة (Hot sauce),sauce_condiment,مطعم مشويات الذواق - حي المرسلات,مطعم مشويات الذواق,حي المرسلات,مطعم مشويات الذواق - حي المرسلات,الشمال,بلدية,بلدية الشمال,True,False,لا يوجد,,0,,,False,none,,2,True
Data 2025.xlsx,9642,2025-10-26,2025-10,2025-W43,4,6,hs-0376-r01,HS-0376-R01,شطة رنا,الشطة (Hot sauce),Hot sauce,الشطة (Hot sauce),sauce_condiment,مطعم مشويات الذواق - حي المرسلات,مطعم مشويات الذواق,حي المرسلات,مطعم مشويات الذواق - حي المرسلات,الشمال,بلدية,بلدية الشمال,True,False,لا يوجد,,0,,,False,none,,4,True
Data 2025.xlsx,9652,2025-10-26,2025-10,2025-W43,4,6,jui-0562-r01,jui-0562-R01,عصير رمان,العصائر الطازجة Un-pasteurized juices (fresh),fresh,العصائر الطازجة Un-pasteurized juices (fresh),beverage,مطعم مشويات الذواق - حي المرسلات,مطعم مشويات الذواق,حي المرسلات,مطعم مشويات الذواق - حي المرسلات,الشمال,بلدية,بلدية الشمال,True,False,لا يوجد,,0,,,False,none,,7,True
Data 2025.xlsx,9653,2025-10-26,2025-10,2025-W43,4,6,jui-0563-r01,jui-0563-R01,عصير كوكتيل,العصائر الطازجة Un-pasteurized juices (fresh),fresh,العصائر الطازجة Un-pasteurized juices (fresh),beverage,مطعم مشويات الذواق - حي المرسلات,مطعم مشويات الذواق,حي المرسلات,مطعم مشويات الذواق - حي المرسلات,الشمال,بلدية,بلدية الشمال,True,False,لا يوجد,,0,,,False,none,,7,True
Data 2025.xlsx,9637,2025-10-26,2025-10,2025-W43,4,6,mola-0075-r01,mola-0075-R01,دبس رمان معلب,( Molasses) دبس,Molasses,( Molasses) دبس,sauce_condiment,مطعم مشويات الذواق - حي المرسلات,مطعم مشويات الذواق,حي المرسلات,مطعم مشويات الذواق - حي المرسلات,الشمال,بلدية,بلدية الشمال,True,False,لا يوجد,,0,,,False,none,,2,True
Data 2025.xlsx,9617,2025-10-26,2025-10,2025-W43,4,6,pick-0572-r01,Pick-0572-R01,مخلل خيار,المخلل (Pickle),Pickle,المخلل (Pickle),sauce_condiment,ماكدونالدز - حي المرسلات,ماكدونالدز,حي المرسلات,ماكدونالدز - حي المرسلات,الشمال,بلدية,بلدية الشمال,True,False,لا يوجد,,0,,,False,none,,0,False
Data 2025.xlsx,9641,2025-10-26,2025-10,2025-W43,4,6,po-0144-r01,po-0144-R01,كباب دجاج ني,الدجاج (Poultry),Poultry,الدجاج (Poultry),cooked_meat_poultry,مطعم مشويات الذواق - حي المرسلات,مطعم مشويات الذواق,حي المرسلات,مطعم مشويات الذواق - حي المرسلات,الشمال,بلدية,بلدية الشمال,False,True,السالمونيلا | استافيلوكوكس اورياس,السالمونيلا | استافيلوكوكس اورياس,2,السالمونيلا | استافيلوكوكس اورياس,,True,multi_pathogen,,4,True
Data 2025.xlsx,9640,2025-10-26,2025-10,2025-W43,4,6,raw-0520-r01,Raw-0520-R01,كباب لحم ني,لحوم مجمدة/ مبردة (Frozen/Chilled Raw meat ),Frozen/Chilled Raw meat,لحوم مجمدة/ مبردة (Frozen/Chilled Raw meat ),raw_meat,مطعم مشويات الذواق - حي المرسلات,مطعم مشويات الذواق,حي المرسلات,مطعم مشويات الذواق - حي المرسلات,الشمال,بلدية,بلدية الشمال,False,True,العد الكلي للبكتيريا | السالمونيلا | استافيلوكوكس اورياس,العد الكلي للبكتيريا | السالمونيلا | استافيلوكوكس اورياس,3,السالمونيلا | استافيلوكوكس اورياس,العد الكلي للبكتيريا,True,multi_pathogen,,3,True
Data 2025.xlsx,9635,2025-10-26,2025-10,2025-W43,4,6,sal-1693-r01,Sal-1693-R01,سلطة زيتون,السلطة(Salad),Salad,السلطة(Salad),produce,مطعم مشويات الذواق - حي المرسلات,مطعم مشويات الذواق,حي المرسلات,مطعم مشويات الذواق - حي المرسلات,الشمال,بلدية,بلدية الشمال,False,True,الخمائر والاعفان,الخمائر والاعفان,1,,الخمائر والاعفان,False,indicator_only,,2,True
Data 2025.xlsx,9646,2025-10-26,2025-10,2025-W43,4,6,sal-1694-r01,Sal-1694-R01,سلطة جزر وخيار ليمون,السلطة(Salad),Salad,السلطة(Salad),produce,مطعم مشويات الذواق - حي المرسلات,مطعم مشويات الذواق,حي المرسلات,مطعم مشويات الذواق - حي المرسلات,الشمال,بلدية,بلدية الشمال,False,True,استافيلوكوكس اورياس,استافيلوكوكس اورياس,1,استافيلوكوكس اورياس,,True,pathogen,,6,True
Data 2025.xlsx,9607,2025-10-26,2025-10,2025-W43,4,6,sau-2611-r01,sau-2611-R01,صوص مايونيز لايت,صوص (sauce),sauce,صوص (sauce),sauce_condiment,ماكدونالدز - حي المرسلات,ماكدونالدز,حي المرسلات,ماكدونالدز - حي المرسلات,الشمال,بلدية,بلدية الشمال,True,False,لا يوجد,,0,,,False,none,,0,False
Data 2025.xlsx,9608,2025-10-26,2025-10,2025-W43,4,6,sau-2612-r01,sau-2612-R01,صوص بق ماك,صوص (sauce),sauce,صوص (sauce),sauce_condiment,ماكدونالدز - حي المرسلات,ماكدونالدز,حي المرسلات,ماكدونالدز - حي المرسلات,الشمال,بلدية,بلدية الشمال,True,False,لا يوجد,,0,,,False,none,,0,False
Data 2025.xlsx,9609,2025-10-26,2025-10,2025-W43,4,6,sau-2613-r01,sau-2613-R01,صوص بق تيستي,صوص (sauce),sauce,صوص (sauce),sauce_condiment,ماكدونالدز - حي المرسلات,ماكدونالدز,حي المرسلات,ماكدونالدز - حي المرسلات,الشمال,بلدية,بلدية الشمال,True,False,لا يوجد,,0,,,False,none,,0,False
Data 2025.xlsx,9610,2025-10-26,2025-10,2025-W43,4,6,sau-2614-r01,sau-2614-R01,صوص مايونيز بالثوم,صوص (sauce),sauce,صوص (sauce),sauce_condiment,ماكدونالدز - حي المرسلات,ماكدونالدز,حي المرسلات,ماكدونالدز - حي المرسلات,الشمال,بلدية,بلدية الشمال,True,False,لا يوجد,,0,,,False,none,,0,False
Data 2025.xlsx,9611,2025-10-26,2025-10,2025-W43,4,6,sau-2615-r01,sau-2615-R01,صوص مايونيز بالخردل,صوص (sauce),sauce,صوص (sauce),sauce_condiment,ماكدونالدز - حي المرسلات,ماكدونالدز,حي المرسلات,ماكدونالدز - حي المرسلات,الشمال,بلدية,بلدية الشمال,True,False,لا يوجد,,0,,,False,none,,0,False
Data 2025.xlsx,9612,2025-10-26,2025-10,2025-W43,4,6,sau-2616-r01,sau-2616-R01,صوص بيجون ماسترد,صوص (sauce),sauce,صوص (sauce),sauce_condiment,ماكدونالدز - حي المرسلات,ماكدونالدز,حي المرسلات,ماكدونالدز - حي المرسلات,الشمال,بلدية,بلدية الشمال,True,False,لا يوجد,,0,,,False,none,,0,False
Data 2025.xlsx,9613,2025-10-26,2025-10,2025-W43,4,6,sau-2617-r01,sau-2617-R01,صوص بيري بيري,صوص (sauce),sauce,صوص (sauce),sauce_condiment,ماكدونالدز - حي المرسلات,ماكدونالدز,حي المرسلات,ماكدونالدز - حي المرسلات,الشمال,بلدية,بلدية الشمال,True,False,لا يوجد,,0,,,False,none,,0,False
Data 2025.xlsx,9614,2025-10-26,2025-10,2025-W43,4,6,sau-2618-r01,sau-2618-R01,صوص شيبوتلي,صوص (sauce),sauce,صوص (sauce),sauce_condiment,ماكدونالدز - حي المرسلات,ماكدونالدز,حي المرسلات,ماكدونالدز - حي المرسلات,الشمال,بلدية,بلدية الشمال,True,False,لا يوجد,,0,,,False,none,,0,False
Data 2025.xlsx,9615,2025-10-26,2025-10,2025-W43,4,6,sau-2619-r01,sau-2619-R01,صوص كاتشب,صوص (sauce),sauce,صوص (sauce),sauce_condiment,ماكدونالدز - حي المرسلات,ماكدونالدز,حي المرسلات,ماكدونالدز - حي المرسلات,الشمال,بلدية,بلدية الشمال,True,False,لا يوجد,,0,,,False,none,,0,False
Data 2025.xlsx,9616,2025-10-26,2025-10,2025-W43,4,6,sau-2620-r01,sau-2620-R01,صوص هني ماسترد,صوص (sauce),sauce,صوص (sauce),sauce_condiment,ماكدونالدز - حي المرسلات,ماكدونالدز,حي المرسلات,ماكدونالدز - حي المرسلات,الشمال,بلدية,بلدية الشمال,True,False,لا يوجد,,0,,,False,none,,0,False
Data 2025.xlsx,9620,2025-10-26,2025-10,2025-W43,4,6,sau-2621-r01,sau-2621-R01,صوص وايت شوكولاتة,صوص (sauce),sauce,صوص (sauce),sauce_condiment,ماكدونالدز - حي المرسلات,ماكدونالدز,حي المرسلات,ماكدونالدز - حي المرسلات,الشمال,بلدية,بلدية الشمال,True,False,لا يوجد,,0,,,False,none,,0,False
Data 2025.xlsx,9621,2025-10-26,2025-10,2025-W43,4,6,sau-2622-r01,sau-2622-R01,صوص كراميل,صوص (sauce),sauce,صوص (sauce),sauce_condiment,ماكدونالدز - حي المرسلات,ماكدونالدز,حي المرسلات,ماكدونالدز - حي المرسلات,الشمال,بلدية,بلدية الشمال,True,False,لا يوجد,,0,,,False,none,,0,False
Data 2025.xlsx,9622,2025-10-26,2025-10,2025-W43,4,6,sau-2623-r01,sau-2623-R01,صوص فانيلا,صوص (sauce),sauce,صوص (sauce),sauce_condiment,ماكدونالدز - حي المرسلات,ماكدونالدز,حي المرسلات,ماكدونالدز - حي المرسلات,الشمال,بلدية,بلدية الشمال,False,True,العد الكلي للبكتيريا,العد الكلي للبكتيريا,1,,العد الكلي للبكتيريا,False,indicator_only,,1,False
Data 2025.xlsx,9623,2025-10-26,2025-10,2025-W43,4,6,sau-2624-r01,sau-2624-R01,صوص شوكولاتة,صوص (sauce),sauce,صوص (sauce),sauce_condiment,ماكدونالدز - حي المرسلات,ماكدونالدز,حي المرسلات,ماكدونالدز - حي المرسلات,الشمال,بلدية,بلدية الشمال,True,False,لا يوجد,,0,,,False,none,,1,False
Data 2025.xlsx,9624,2025-10-26,2025-10,2025-W43,4,6,sau-2625-r01,sau-2625-R01,صوص مانجا,صوص (sauce),sauce,صوص (sauce),sauce_condiment,ماكدونالدز - حي المرسلات,ماكدونالدز,حي المرسلات,ماكدونالدز - حي المرسلات,الشمال,بلدية,بلدية الشمال,True,False,لا يوجد,,0,,,False,none,,1,False
Data 2025.xlsx,9625,2025-10-26,2025-10,2025-W43,4,6,sau-2626-r01,sau-2626-R01,صوص فراولة,صوص (sauce),sauce,صوص (sauce),sauce_condiment,ماكدونالدز - حي المرسلات,ماكدونالدز,حي المرسلات,ماكدونالدز - حي المرسلات,الشمال,بلدية,بلدية الشمال,True,False,لا يوجد,,0,,,False,none,,1,False
Data 2025.xlsx,9630,2025-10-26,2025-10,2025-W43,4,6,sau-2627-r01,sau-2627-R01,صوص ثوم,صوص (sauce),sauce,صوص (sauce),sauce_condiment,مطعم مشويات الذواق - حي المرسلات,مطعم مشويات الذواق,حي المرسلات,مطعم مشويات الذواق - حي المرسلات,الشمال,بلدية,بلدية الشمال,True,False,لا يوجد,,0,,,False,none,,0,False
Data 2025.xlsx,9639,2025-10-26,2025-10,2025-W43,4,6,sau-2628-r01,sau-2628-R01,صوص ثوم معلب,صوص (sauce),sauce,صوص (sauce),sauce_condiment,مطعم مشويات الذواق - حي المرسلات,مطعم مشويات الذواق,حي المرسلات,مطعم مشويات الذواق - حي المرسلات,الشمال,بلدية,بلدية الشمال,True,False,لا يوجد,,0,,,False,none,,2,True
Data 2025.xlsx,9627,2025-10-26,2025-10,2025-W43,4,6,sw-3653-r01,sw-3653-R01,مسحة حافظة بطاطس,(Swabs) المسحات,Swabs,(Swabs) المسحات,swab,ماكدونالدز - حي المرسلات,ماكدونالدز,حي المرسلات,ماكدونالدز - حي المرسلات,الشمال,بلدية,بلدية الشمال,True,False,لا يوجد,,0,,,False,none,,1,False
Data 2025.xlsx,9628,2025-10-26,2025-10,2025-W43,4,6,sw-3654-r01,sw-3654-R01,مسحة حافظة ثلج,(Swabs) المسحات,Swabs,(Swabs) المسحات,swab,ماكدونالدز - حي المرسلات,ماكدونالدز,حي المرسلات,ماكدونالدز - حي المرسلات,الشمال,بلدية,بلدية الشمال,True,False,لا يوجد,,0,,,False,none,,1,False
Data 2025.xlsx,9629,2025-10-26,2025-10,2025-W43,4,6,sw-3655-r01,sw-3655-R01,مسحة صانعة ثلج,(Swabs) المسحات,Swabs,(Swabs) المسحات,swab,ماكدونالدز - حي المرسلات,ماكدونالدز,حي المرسلات,ماكدونالدز - حي المرسلات,الشمال,بلدية,بلدية الشمال,True,False,لا يوجد,,0,,,False,none,,1,False
Data 2025.xlsx,9648,2025-10-26,2025-10,2025-W43,4,6,sw-3656-r01,sw-3656-R01,مسحة ادوات تحضير,(Swabs) المسحات,Swabs,(Swabs) المسحات,swab,مطعم مشويات الذواق - حي المرسلات,مطعم مشويات الذواق,حي المرسلات,مطعم مشويات الذواق - حي المرسلات,الشمال,بلدية,بلدية الشمال,True,False,لا يوجد,,0,,,False,none,,6,True
Data 2025.xlsx,9649,2025-10-26,2025-10,2025-W43,4,6,sw-3657-r01,sw-3657-R01,مسحة ثلاجة مقبلات,(Swabs) المسحات,Swabs,(Swabs) المسحات,swab,مطعم مشويات الذواق - حي المرسلات,مطعم مشويات الذواق,حي المرسلات,مطعم مشويات الذواق - حي المرسلات,الشمال,بلدية,بلدية الشمال,True,False,لا يوجد,,0,,,False,none,,6,True
Data 2025.xlsx,9650,2025-10-26,2025-10,2025-W43,4,6,sw-3658-r01,sw-3658-R01,مسحة ثلاجة مقبلات,(Swabs) المسحات,Swabs,(Swabs) المسحات,swab,مطعم مشويات الذواق - حي المرسلات,مطعم مشويات الذواق,حي المرسلات,مطعم مشويات الذواق - حي المرسلات,الشمال,بلدية,بلدية الشمال,False,True,العد الكلي للبكتيريا | استافيلوكوكس اورياس,العد الكلي للبكتيريا | استافيلوكوكس اورياس,2,استافيلوكوكس اورياس,العد الكلي للبكتيريا,True,pathogen,,7,True
Data 2025.xlsx,9601,2025-10-26,2025-10,2025-W43,4,6,ubot-1141-r01,Ubot-1141-R01,مياه حنفية مبنى الادارة خاصة ع,المياه الغير معبأة (Unbottled water),Unbottled water,المياه الغير المعبأة (Unbottled water),water,عينة خاصة,عينة خاصة,,عينة خاصة,عينة خاصة,خاص,( Private Sample) عينة خاصة,True,False,لا يوجد,,0,,,False,none,category_merged_to_canonical,2,True
Data 2025.xlsx,9602,2025-10-26,2025-10,2025-W43,4,6,ubot-1142-r01,Ubot-1142-R01,مياه فلتر المركز الصحي خاصة ع,المياه الغير معبأة (Unbottled water),Unbottled water,المياه الغير المعبأة (Unbottled water),water,عينة خاصة,عينة خاصة,,عينة خاصة,عينة خاصة,خاص,( Private Sample) عينة خاصة,True,False,لا يوجد,,0,,,False,none,category_merged_to_canonical,2,True
Data 2025.xlsx,9603,2025-10-26,2025-10,2025-W43,4,6,ubot-1143-r01,Ubot-1143-R01,مياه حنفية ع 22 خاصة ع,المياه الغير معبأة (Unbottled water),Unbottled water,المياه الغير المعبأة (Unbottled water),water,عينة خاصة,عينة خاصة,,عينة خاصة,عينة خاصة,خاص,( Private Sample) عينة خاصة,True,False,لا يوجد,,0,,,False,none,category_merged_to_canonical,2,True
Data 2025.xlsx,9604,2025-10-26,2025-10,2025-W43,4,6,ubot-1144-r01,Ubot-1144-R01,مياه خزان رئيسي خاصة ع,المياه الغير معبأة (Unbottled water),Unbottled water,المياه الغير المعبأة (Unbottled water),water,عينة خاصة,عينة خاصة,,عينة خاصة,عينة خاصة,خاص,( Private Sample) عينة خاصة,True,False,لا يوجد,,0,,,False,none,category_merged_to_canonical,2,True
Data 2025.xlsx,9605,2025-10-26,2025-10,2025-W43,4,6,ubot-1145-r01,Ubot-1145-R01,مياه طبخ خاصة ع,المياه الغير معبأة (Unbottled water),Unbottled water,المياه الغير المعبأة (Unbottled water),water,عينة خاصة,عينة خاصة,,عينة خاصة,عينة خاصة,خاص,( Private Sample) عينة خاصة,True,False,لا يوجد,,0,,,False,none,category_merged_to_canonical,2,True
Data 2025.xlsx,9606,2025-10-26,2025-10,2025-W43,4,6,ubot-1146-r01,Ubot-1146-R01,مياه غسيل الدجاج خاصة ع,المياه الغير معبأة (Unbottled water),Unbottled water,المياه الغير المعبأة (Unbottled water),water,عينة خاصة,عينة خاصة,,عينة خاصة,عينة خاصة,خاص,( Private Sample) عينة خاصة,True,False,لا يوجد,,0,,,False,none,category_merged_to_canonical,2,True
Data 2025.xlsx,9651,2025-10-26,2025-10,2025-W43,4,6,ubot-1147-r01,Ubot-1147-R01,مياه لغسيل الادوات م-ك,المياه الغير معبأة (Unbottled water),Unbottled water,المياه الغير المعبأة (Unbottled water),water,مطعم مشويات الذواق - حي المرسلات,مطعم مشويات الذواق,حي المرسلات,مطعم مشويات الذواق - حي المرسلات,الشمال,بلدية,بلدية الشمال,True,False,لا يوجد,,0,,,False,none,category_merged_to_canonical,7,True
Data 2025.xlsx,9678,2025-10-27,2025-10,2025-W44,4,0,1-3657-R01,1-3657-R01,رز ابيض,الارز ( rice),rice,الارز ( rice),prepared_meal,مطعم بروتينك - حي الرحمانية,مطعم بروتينك,حي الرحمانية,مطعم بروتينك - حي الرحمانية,المعذر,بلدية,بلدية المعذر,False,True,العد الكلي للبكتيريا,العد الكلي للبكتيريا,1,,العد الكلي للبكتيريا,False,indicator_only,,6,True
Data 2025.xlsx,9679,2025-10-27,2025-10,2025-W44,4,0,1-3658-R01,1-3658-R01,رز برياني,الارز ( rice),rice,الارز ( rice),prepared_meal,مطعم بروتينك - حي الرحمانية,مطعم بروتينك,حي الرحمانية,مطعم بروتينك - حي الرحمانية,المعذر,بلدية,بلدية المعذر,True,False,لا يوجد,,0,,,False,none,,6,True
Data 2025.xlsx,9696,2025-10-27,2025-10,2025-W44,4,0,1-3659-R01,1-3659-R01,قطع شمندر,شمندر(beet),beet,شمندر(beet),produce,مطعم بروتينك - حي الرحمانية,مطعم بروتينك,حي الرحمانية,مطعم بروتينك - حي الرحمانية,المعذر,بلدية,بلدية المعذر,True,False,لا يوجد,,0,,,False,none,,14,True
Data 2025.xlsx,9701,2025-10-27,2025-10,2025-W44,4,0,1-3660-R01,1-3660-R01,مربى فراولة,(jam) مربى,jam,(jam) مربى,sauce_condiment,مطعم بروتينك - حي الرحمانية,مطعم بروتينك,حي الرحمانية,مطعم بروتينك - حي الرحمانية,المعذر,بلدية,بلدية المعذر,True,False,لا يوجد,,0,,,False,none,,15,True
Data 2025.xlsx,9690,2025-10-27,2025-10,2025-W44,4,0,O-U-to-0712-R01,O-U-to-0712-R01,قطع طماطم,الطماطم (Tomatoes),Tomatoes,الطماطم (Tomatoes),produce,مطعم بروتينك - حي الرحمانية,مطعم بروتينك,حي الرحمانية,مطعم بروتينك - حي الرحمانية,المعذر,بلدية,بلدية المعذر,False,True,استافيلوكوكس اورياس,استافيلوكوكس اورياس,1,استافيلوكوكس اورياس,,True,pathogen,,12,True
Data 2025.xlsx,9694,2025-10-27,2025-10,2025-W44,4,0,O-r-O3-le-0389-R01,O-r-O3-le-0389-R01,قطع خس,الخس (Lettuce),Lettuce,الخس (Lettuce),produce,مطعم بروتينك - حي الرحمانية,مطعم بروتينك,حي الرحمانية,مطعم بروتينك - حي الرحمانية,المعذر,بلدية,بلدية المعذر,True,False,لا يوجد,,0,,,False,none,,14,True
Data 2025.xlsx,9691,2025-10-27,2025-10,2025-W44,4,0,O-r-U-cu-0313-R01,O-r-U-cu-0313-R01,قطع خيار,الخيار (cucumbers),cucumbers,الخيار (cucumbers),produce,مطعم بروتينك - حي الرحمانية,مطعم بروتينك,حي الرحمانية,مطعم بروتينك - حي الرحمانية,المعذر,بلدية,بلدية المعذر,False,True,استافيلوكوكس اورياس,استافيلوكوكس اورياس,1,استافيلوكوكس اورياس,,True,pathogen,,13,True
Data 2025.xlsx,9689,2025-10-27,2025-10,2025-W44,4,0,appe-0641-r01,Appe-0641-R01,تبولة,مقبلات (Appetizers),Appetizers,مقبلات (Appetizers),prepared_meal,مطعم بروتينك - حي الرحمانية,مطعم بروتينك,حي الرحمانية,مطعم بروتينك - حي الرحمانية,المعذر,بلدية,بلدية المعذر,False,True,استافيلوكوكس اورياس,استافيلوكوكس اورياس,1,استافيلوكوكس اورياس,,True,pathogen,,11,True
Data 2025.xlsx,9693,2025-10-27,2025-10,2025-W44,4,0,chee-0896-r01,Chee-0896-R01,جبن ابيض,(cheese) جبنة,cheese,(cheese) جبنة,dairy,مطعم بروتينك - حي الرحمانية,مطعم بروتينك,حي الرحمانية,مطعم بروتينك - حي الرحمانية,المعذر,بلدية,بلدية المعذر,True,False,لا يوجد,,0,,,False,none,,14,True
Data 2025.xlsx,9661,2025-10-27,2025-10,2025-W44,4,0,cm-0133-r01,Cm-0133-R01,كفتة لحم مع طحينة,اللحوم المطبوخة (Cooked meat),Cooked meat,اللحوم المطبوخة (Cooked meat),cooked_meat_poultry,مطعم بروتينك - حي الرحمانية,مطعم بروتينك,حي الرحمانية,مطعم بروتينك - حي الرحمانية,المعذر,بلدية,بلدية المعذر,True,False,لا يوجد,,0,,,False,none,,0,False
Data 2025.xlsx,9662,2025-10-27,2025-10,2025-W44,4,0,cm-0134-r01,Cm-0134-R01,ستيك لحم بالفطر,اللحوم المطبوخة (Cooked meat),Cooked meat,اللحوم المطبوخة (Cooked meat),cooked_meat_poultry,مطعم بروتينك - حي الرحمانية,مطعم بروتينك,حي الرحمانية,مطعم بروتينك - حي الرحمانية,المعذر,بلدية,بلدية المعذر,False,True,العد الكلي للبكتيريا,العد الكلي للبكتيريا,1,,العد الكلي للبكتيريا,False,indicator_only,,1,False
Data 2025.xlsx,9663,2025-10-27,2025-10,2025-W44,4,0,cm-0135-r01,Cm-0135-R01,فهيتا لحم,اللحوم المطبوخة (Cooked meat),Cooked meat,اللحوم المطبوخة (Cooked meat),cooked_meat_poultry,مطعم بروتينك - حي الرحمانية,مطعم بروتينك,حي الرحمانية,مطعم بروتينك - حي الرحمانية,المعذر,بلدية,بلدية المعذر,True,False,لا يوجد,,0,,,False,none,,1,False
Data 2025.xlsx,9664,2025-10-27,2025-10,2025-W44,4,0,cm-0136-r01,Cm-0136-R01,لحم كرياكي,اللحوم المطبوخة (Cooked meat),Cooked meat,اللحوم المطبوخة (Cooked meat),cooked_meat_poultry,مطعم بروتينك - حي الرحمانية,مطعم بروتينك,حي الرحمانية,مطعم بروتينك - حي الرحمانية,المعذر,بلدية,بلدية المعذر,True,False,لا يوجد,,0,,,False,none,,1,False
Data 2025.xlsx,9665,2025-10-27,2025-10,2025-W44,4,0,cm-0137-r01,Cm-0137-R01,لحم مفروم,اللحوم المطبوخة (Cooked meat),Cooked meat,اللحوم المطبوخة (Cooked meat),cooked_meat_poultry,مطعم بروتينك - حي الرحمانية,مطعم بروتينك,حي الرحمانية,مطعم بروتينك - حي الرحمانية,المعذر,بلدية,بلدية المعذر,False,True,العد الكلي للبكتيريا,العد الكلي للبكتيريا,1,,العد الكلي للبكتيريا,False,indicator_only,,2,True
Data 2025.xlsx,9666,2025-10-27,2025-10,2025-W44,4,0,cm-0138-r01,Cm-0138-R01,بفتيك لحم,اللحوم المطبوخة (Cooked meat),Cooked meat,اللحوم المطبوخة (Cooked meat),cooked_meat_poultry,مطعم بروتينك - حي الرحمانية,مطعم بروتينك,حي الرحمانية,مطعم بروتينك - حي الرحمانية,المعذر,بلدية,بلدية المعذر,True,False,لا يوجد,,0,,,False,none,,2,True
Data 2025.xlsx,9667,2025-10-27,2025-10,2025-W44,4,0,co-0624-r01,co-0624-R01,بيستو دجاج,الدجاج المطبوخ (Cooked chicken),Cooked chicken,الدجاج المطبوخ (Cooked chicken),cooked_meat_poultry,مطعم بروتينك - حي الرحمانية,مطعم بروتينك,حي الرحمانية,مطعم بروتينك - حي الرحمانية,المعذر,بلدية,بلدية المعذر,True,False,لا يوجد,,0,,,False,none,,2,True
Data 2025.xlsx,9668,2025-10-27,2025-10,2025-W44,4,0,co-0625-r01,co-0625-R01,دجاج سبايسي,الدجاج المطبوخ (Cooked chicken),Cooked chicken,الدجاج المطبوخ (Cooked chicken),cooked_meat_poultry,مطعم بروتينك - حي الرحمانية,مطعم بروتينك,حي الرحمانية,مطعم بروتينك - حي الرحمانية,المعذر,بلدية,بلدية المعذر,True,False,لا يوجد,,0,,,False,none,,2,True
Data 2025.xlsx,9669,2025-10-27,2025-10,2025-W44,4,0,co-0626-r01,co-0626-R01,مسالا دجاج,الدجاج المطبوخ (Cooked chicken),Cooked chicken,الدجاج المطبوخ (Cooked chicken),cooked_meat_poultry,مطعم بروتينك - حي الرحمانية,مطعم بروتينك,حي الرحمانية,مطعم بروتينك - حي الرحمانية,المعذر,بلدية,بلدية المعذر,False,True,العد الكلي للبكتيريا,العد الكلي للبكتيريا,1,,العد الكلي للبكتيريا,False,indicator_only,,3,True
Data 2025.xlsx,9670,2025-10-27,2025-10,2025-W44,4,0,co-0627-r01,co-0627-R01,دجاج حامض حلو,الدجاج المطبوخ (Cooked chicken),Cooked chicken,الدجاج المطبوخ (Cooked chicken),cooked_meat_poultry,مطعم بروتينك - حي الرحمانية,مطعم بروتينك,حي الرحمانية,مطعم بروتينك - حي الرحمانية,المعذر,بلدية,بلدية المعذر,True,False,لا يوجد,,0,,,False,none,,3,True
Data 2025.xlsx,9671,2025-10-27,2025-10,2025-W44,4,0,co-0628-r01,co-0628-R01,دجاج بالكريمة والليمون,الدجاج المطبوخ (Cooked chicken),Cooked chicken,الدجاج المطبوخ (Cooked chicken),cooked_meat_poultry,مطعم بروتينك - حي الرحمانية,مطعم بروتينك,حي الرحمانية,مطعم بروتينك - حي الرحمانية,المعذر,بلدية,بلدية المعذر,False,True,العد الكلي للبكتيريا,العد الكلي للبكتيريا,1,,العد الكلي للبكتيريا,False,indicator_only,,4,True
Data 2025.xlsx,9672,2025-10-27,2025-10,2025-W44,4,0,co-0629-r01,co-0629-R01,كفتة دجاج مع طحينة,الدجاج المطبوخ (Cooked chicken),Cooked chicken,الدجاج المطبوخ (Cooked chicken),cooked_meat_poultry,مطعم بروتينك - حي الرحمانية,مطعم بروتينك,حي الرحمانية,مطعم بروتينك - حي الرحمانية,المعذر,بلدية,بلدية المعذر,True,False,لا يوجد,,0,,,False,none,,4,True
Data 2025.xlsx,9673,2025-10-27,2025-10,2025-W44,4,0,co-0630-r01,co-0630-R01,دجاج باربكيو,الدجاج المطبوخ (Cooked chicken),Cooked chicken,الدجاج المطبوخ (Cooked chicken),cooked_meat_poultry,مطعم بروتينك - حي الرحمانية,مطعم بروتينك,حي الرحمانية,مطعم بروتينك - حي الرحمانية,المعذر,بلدية,بلدية المعذر,True,False,لا يوجد,,0,,,False,none,,4,True
Data 2025.xlsx,9674,2025-10-27,2025-10,2025-W44,4,0,co-0631-r01,co-0631-R01,دجاج صيني تشينوا,الدجاج المطبوخ (Cooked chicken),Cooked chicken,الدجاج المطبوخ (Cooked chicken),cooked_meat_poultry,مطعم بروتينك - حي الرحمانية,مطعم بروتينك,حي الرحمانية,مطعم بروتينك - حي الرحمانية,المعذر,بلدية,بلدية المعذر,True,False,لا يوجد,,0,,,False,none,,4,True
Data 2025.xlsx,9675,2025-10-27,2025-10,2025-W44,4,0,co-0632-r01,co-0632-R01,دجاج تندوري,الدجاج المطبوخ (Cooked chicken),Cooked chicken,الدجاج المطبوخ (Cooked chicken),cooked_meat_poultry,مطعم بروتينك - حي الرحمانية,مطعم بروتينك,حي الرحمانية,مطعم بروتينك - حي الرحمانية,المعذر,بلدية,بلدية المعذر,True,False,لا يوجد,,0,,,False,none,,4,True
Data 2025.xlsx,9695,2025-10-27,2025-10,2025-W44,4,0,cor-0310-r01,Cor-0310-R01,ذرة,الذرة (Corn),Corn,الذرة (Corn),produce,مطعم بروتينك - حي الرحمانية,مطعم بروتينك,حي الرحمانية,مطعم بروتينك - حي الرحمانية,المعذر,بلدية,بلدية المعذر,True,False,لا يوجد,,0,,,False,none,,14,True
Data 2025.xlsx,9702,2025-10-27,2025-10,2025-W44,4,0,cre-0039-r01,Cre-0039-R01,قشطة,(cream) قشطة,cream,القشطة (cream),dairy,مطعم بروتينك - حي الرحمانية,مطعم بروتينك,حي الرحمانية,مطعم بروتينك - حي الرحمانية,المعذر,بلدية,بلدية المعذر,True,False,لا يوجد,,0,,,False,none,category_merged_to_canonical,15,True
Data 2025.xlsx,9676,2025-10-27,2025-10,2025-W44,4,0,fish-0226-r01,fish-0226-R01,سمك فيليه,Fish/fish product(الاسماك / منتجات الاسماك),fish product,Fish/fish product(الاسماك / منتجات الاسماك),cooked_meat_poultry,مطعم بروتينك - حي الرحمانية,مطعم بروتينك,حي الرحمانية,مطعم بروتينك - حي الرحمانية,المعذر,بلدية,بلدية المعذر,True,False,لا يوجد,,0,,,False,none,,4,True
Data 2025.xlsx,9677,2025-10-27,2025-10,2025-W44,4,0,fish-0227-r01,fish-0227-R01,سمك باربكيو بالسمسم,Fish/fish product(الاسماك / منتجات الاسماك),fish product,Fish/fish product(الاسماك / منتجات الاسماك),cooked_meat_poultry,مطعم بروتينك - حي الرحمانية,مطعم بروتينك,حي الرحمانية,مطعم بروتينك - حي الرحمانية,المعذر,بلدية,بلدية المعذر,False,True,العد الكلي للبكتيريا,العد الكلي للبكتيريا,1,,العد الكلي للبكتيريا,False,indicator_only,,5,True
Data 2025.xlsx,9680,2025-10-27,2025-10,2025-W44,4,0,gcv-0261-r01,GCV-0261-R01,خضار مطبوخ,الخضار المشوية و المطبوخة,,الخضار المشوية و المطبوخة,cooked_meat_poultry,مطعم بروتينك - حي الرحمانية,مطعم بروتينك,حي الرحمانية,مطعم بروتينك - حي الرحمانية,المعذر,بلدية,بلدية المعذر,True,False,لا يوجد,,0,,,False,none,,6,True
Data 2025.xlsx,9692,2025-10-27,2025-10,2025-W44,4,0,olv-0649-r01,olv-0649-R01,شرائح زيتون,الزيتون /Olive,Olive,الزيتون /Olive,produce,مطعم بروتينك - حي الرحمانية,مطعم بروتينك,حي الرحمانية,مطعم بروتينك - حي الرحمانية,المعذر,بلدية,بلدية المعذر,False,True,خمائر,الخمائر والاعفان,1,,الخمائر والاعفان,False,indicator_only,,14,True
Data 2025.xlsx,9688,2025-10-27,2025-10,2025-W44,4,0,sal-1695-r01,Sal-1695-R01,سلطة جرجير رمان,السلطة(Salad),Salad,السلطة(Salad),produce,مطعم بروتينك - حي الرحمانية,مطعم بروتينك,حي الرحمانية,مطعم بروتينك - حي الرحمانية,المعذر,بلدية,بلدية المعذر,False,True,استافيلوكوكس اورياس,استافيلوكوكس اورياس,1,استافيلوكوكس اورياس,,True,pathogen,,10,True
Data 2025.xlsx,9697,2025-10-27,2025-10,2025-W44,4,0,sau-2629-r01,sau-2629-R01,صوص رانش,صوص (sauce),sauce,صوص (sauce),sauce_condiment,مطعم بروتينك - حي الرحمانية,مطعم بروتينك,حي الرحمانية,مطعم بروتينك - حي الرحمانية,المعذر,بلدية,بلدية المعذر,False,True,ايشيريشيا كولاي | انتيروباكتريسي,ايشيريشيا كولاي | انتيروباكتريسي,2,ايشيريشيا كولاي,انتيروباكتريسي,True,pathogen,,15,True
Data 2025.xlsx,9698,2025-10-27,2025-10,2025-W44,4,0,sau-2630-r01,sau-2630-R01,صوص فرنسي,صوص (sauce),sauce,صوص (sauce),sauce_condiment,مطعم بروتينك - حي الرحمانية,مطعم بروتينك,حي الرحمانية,مطعم بروتينك - حي الرحمانية,المعذر,بلدية,بلدية المعذر,True,False,لا يوجد,,0,,,False,none,,15,True
Data 2025.xlsx,9699,2025-10-27,2025-10,2025-W44,4,0,sau-2631-r01,sau-2631-R01,صوص باربكيو,صوص (sauce),sauce,صوص (sauce),sauce_condiment,مطعم بروتينك - حي الرحمانية,مطعم بروتينك,حي الرحمانية,مطعم بروتينك - حي الرحمانية,المعذر,بلدية,بلدية المعذر,True,False,لا يوجد,,0,,,False,none,,15,True
Data 2025.xlsx,9700,2025-10-27,2025-10,2025-W44,4,0,sau-2632-r01,sau-2632-R01,صوص خردل,صوص (sauce),sauce,صوص (sauce),sauce_condiment,مطعم بروتينك - حي الرحمانية,مطعم بروتينك,حي الرحمانية,مطعم بروتينك - حي الرحمانية,المعذر,بلدية,بلدية المعذر,True,False,لا يوجد,,0,,,False,none,,15,True
Data 2025.xlsx,9703,2025-10-27,2025-10,2025-W44,4,0,sau-2633-r01,sau-2633-R01,صوص جبنة شيدر,صوص (sauce),sauce,صوص (sauce),sauce_condiment,مطعم بروتينك - حي الرحمانية,مطعم بروتينك,حي الرحمانية,مطعم بروتينك - حي الرحمانية,المعذر,بلدية,بلدية المعذر,True,False,لا يوجد,,0,,,False,none,,15,True
Data 2025.xlsx,9704,2025-10-27,2025-10,2025-W44,4,0,sau-2634-r01,sau-2634-R01,صوص كوكتيل,صوص (sauce),sauce,صوص (sauce),sauce_condiment,مطعم بروتينك - حي الرحمانية,مطعم بروتينك,حي الرحمانية,مطعم بروتينك - حي الرحمانية,المعذر,بلدية,بلدية المعذر,True,False,لا يوجد,,0,,,False,none,,15,True
Data 2025.xlsx,9706,2025-10-27,2025-10,2025-W44,4,0,sau-2635-r01,sau-2635-R01,صوص وايت شوكولاتة,صوص (sauce),sauce,صوص (sauce),sauce_condiment,مطعم بروتينك - حي الرحمانية,مطعم بروتينك,حي الرحمانية,مطعم بروتينك - حي الرحمانية,المعذر,بلدية,بلدية المعذر,False,True,العد الكلي للبكتيريا,العد الكلي للبكتيريا,1,,العد الكلي للبكتيريا,False,indicator_only,,17,True
Data 2025.xlsx,9707,2025-10-27,2025-10,2025-W44,4,0,sau-2636-r01,sau-2636-R01,صوص شوكولاتة,صوص (sauce),sauce,صوص (sauce),sauce_condiment,مطعم بروتينك - حي الرحمانية,مطعم بروتينك,حي الرحمانية,مطعم بروتينك - حي الرحمانية,المعذر,بلدية,بلدية المعذر,True,False,لا يوجد,,0,,,False,none,,17,True
Data 2025.xlsx,9708,2025-10-27,2025-10,2025-W44,4,0,sau-2637-r01,sau-2637-R01,صوص بستاشيو مجهولة المصدر,صوص (sauce),sauce,صوص (sauce),sauce_condiment,مطعم بروتينك - حي الرحمانية,مطعم بروتينك,حي الرحمانية,مطعم بروتينك - حي الرحمانية,المعذر,بلدية,بلدية المعذر,True,False,لا يوجد,,0,,,False,none,,17,True
Data 2025.xlsx,9709,2025-10-27,2025-10,2025-W44,4,0,sw-3659-r01,sw-3659-R01,مسحة طاولة تقطيع فاكهة,(Swabs) المسحات,Swabs,(Swabs) المسحات,swab,مطعم بروتينك - حي الرحمانية,مطعم بروتينك,حي الرحمانية,مطعم بروتينك - حي الرحمانية,المعذر,بلدية,بلدية المعذر,True,False,لا يوجد,,0,,,False,none,,17,True
Data 2025.xlsx,9710,2025-10-27,2025-10,2025-W44,4,0,sw-3660-r01,sw-3660-R01,مسحة طاولة تقطيع حلا,(Swabs) المسحات,Swabs,(Swabs) المسحات,swab,مطعم بروتينك - حي الرحمانية,مطعم بروتينك,حي الرحمانية,مطعم بروتينك - حي الرحمانية,المعذر,بلدية,بلدية المعذر,True,False,لا يوجد,,0,,,False,none,,17,True
Data 2025.xlsx,9681,2025-10-27,2025-10,2025-W44,4,0,sweet-1507-r01,sweet-1507-R01,بودنق,الحلا(sweetness),sweetness,الحلا(sweetness),sweets_bakery,مطعم بروتينك - حي الرحمانية,مطعم بروتينك,حي الرحمانية,مطعم بروتينك - حي الرحمانية,المعذر,بلدية,بلدية المعذر,False,True,انتيروباكتريسي,انتيروباكتريسي,1,,انتيروباكتريسي,False,indicator_only,,7,True
Data 2025.xlsx,9682,2025-10-27,2025-10,2025-W44,4,0,sweet-1508-r01,sweet-1508-R01,كاستر مع شوكولاتة,الحلا(sweetness),sweetness,الحلا(sweetness),sweets_bakery,مطعم بروتينك - حي الرحمانية,مطعم بروتينك,حي الرحمانية,مطعم بروتينك - حي الرحمانية,المعذر,بلدية,بلدية المعذر,True,False,لا يوجد,,0,,,False,none,,7,True
Data 2025.xlsx,9683,2025-10-27,2025-10,2025-W44,4,0,sweet-1509-r01,sweet-1509-R01,بسبوسة,الحلا(sweetness),sweetness,الحلا(sweetness),sweets_bakery,مطعم بروتينك - حي الرحمانية,مطعم بروتينك,حي الرحمانية,مطعم بروتينك - حي الرحمانية,المعذر,بلدية,بلدية المعذر,False,True,كوليفورم,كوليفورم,1,,كوليفورم,False,indicator_only,,8,True
Data 2025.xlsx,9684,2025-10-27,2025-10,2025-W44,4,0,sweet-1510-r01,sweet-1510-R01,تراميسو,الحلا(sweetness),sweetness,الحلا(sweetness),sweets_bakery,مطعم بروتينك - حي الرحمانية,مطعم بروتينك,حي الرحمانية,مطعم بروتينك - حي الرحمانية,المعذر,بلدية,بلدية المعذر,True,False,لا يوجد,,0,,,False,none,,8,True
Data 2025.xlsx,9686,2025-10-27,2025-10,2025-W44,4,0,sweet-1511-r01,sweet-1511-R01,بروني لايت,الحلا(sweetness),sweetness,الحلا(sweetness),sweets_bakery,مطعم بروتينك - حي الرحمانية,مطعم بروتينك,حي الرحمانية,مطعم بروتينك - حي الرحمانية,المعذر,بلدية,بلدية المعذر,False,True,العد الكلي للبكتيريا | انتيروباكتريسي | باسيلس سيريس,العد الكلي للبكتيريا | انتيروباكتريسي | باسيلس سيريس,3,باسيلس سيريس,العد الكلي للبكتيريا | انتيروباكتريسي,True,pathogen,,9,True
Data 2025.xlsx,9687,2025-10-27,2025-10,2025-W44,4,0,sweet-1512-r01,sweet-1512-R01,كوكيز,الحلا(sweetness),sweetness,الحلا(sweetness),sweets_bakery,مطعم بروتينك - حي الرحمانية,مطعم بروتينك,حي الرحمانية,مطعم بروتينك - حي الرحمانية,المعذر,بلدية,بلدية المعذر,True,False,لا يوجد,,0,,,False,none,,9,True
Data 2025.xlsx,9705,2025-10-27,2025-10,2025-W44,4,0,sweet-1513-r01,sweet-1513-R01,كنافة بستاشيو,الحلا(sweetness),sweetness,الحلا(sweetness),sweets_bakery,مطعم بروتينك - حي الرحمانية,مطعم بروتينك,حي الرحمانية,مطعم بروتينك - حي الرحمانية,المعذر,بلدية,بلدية المعذر,False,True,كوليفورم | استافيلوكوكس اورياس,كوليفورم | استافيلوكوكس اورياس,2,استافيلوكوكس اورياس,كوليفورم,True,pathogen,,16,True
Data 2025.xlsx,9655,2025-10-27,2025-10,2025-W44,4,0,ubot-1148-r01,Ubot-1148-R01,مياه خاصة حنفية خزان احتياط ن ، ن,المياه الغير معبأة (Unbottled water),Unbottled water,المياه الغير المعبأة (Unbottled water),water,عينة خاصة,عينة خاصة,,عينة خاصة,عينة خاصة,خاص,( Private Sample) عينة خاصة,True,False,لا يوجد,,0,,,False,none,category_merged_to_canonical,2,True
Data 2025.xlsx,9656,2025-10-27,2025-10,2025-W44,4,0,ubot-1149-r01,Ubot-1149-R01,مياه خاصة خزان رئيسي ن ، ن,المياه الغير معبأة (Unbottled water),Unbottled water,المياه الغير المعبأة (Unbottled water),water,عينة خاصة,عينة خاصة,,عينة خاصة,عينة خاصة,خاص,( Private Sample) عينة خاصة,True,False,لا يوجد,,0,,,False,none,category_merged_to_canonical,2,True
Data 2025.xlsx,9657,2025-10-27,2025-10,2025-W44,4,0,ubot-1150-r01,Ubot-1150-R01,مياه خاصة حنفية غسيل ع5 ، ن ، ن,المياه الغير معبأة (Unbottled water),Unbottled water,المياه الغير المعبأة (Unbottled water),water,عينة خاصة,عينة خاصة,,عينة خاصة,عينة خاصة,خاص,( Private Sample) عينة خاصة,True,False,لا يوجد,,0,,,False,none,category_merged_to_canonical,2,True
Data 2025.xlsx,9658,2025-10-27,2025-10,2025-W44,4,0,ubot-1151-r01,Ubot-1151-R01,مياه خاصة حنفية غسيل ع4 ، ن ، ن,المياه الغير معبأة (Unbottled water),Unbottled water,المياه الغير المعبأة (Unbottled water),water,عينة خاصة,عينة خاصة,,عينة خاصة,عينة خاصة,خاص,( Private Sample) عينة خاصة,True,False,لا يوجد,,0,,,False,none,category_merged_to_canonical,2,True
Data 2025.xlsx,9659,2025-10-27,2025-10,2025-W44,4,0,ubot-1152-r01,Ubot-1152-R01,مياه خاصة حنفية مطبخ الادارة ن ، ن,المياه الغير معبأة (Unbottled water),Unbottled water,المياه الغير المعبأة (Unbottled water),water,عينة خاصة,عينة خاصة,,عينة خاصة,عينة خاصة,خاص,( Private Sample) عينة خاصة,True,False,لا يوجد,,0,,,False,none,category_merged_to_canonical,2,True
Data 2025.xlsx,9660,2025-10-27,2025-10,2025-W44,4,0,ubot-1153-r01,Ubot-1153-R01,مياه خاصة حنفية للغسيل مكتب ح ، ن ، ن,المياه الغير معبأة (Unbottled water),Unbottled water,المياه الغير المعبأة (Unbottled water),water,عينة خاصة,عينة خاصة,,عينة خاصة,عينة خاصة,خاص,( Private Sample) عينة خاصة,True,False,لا يوجد,,0,,,False,none,category_merged_to_canonical,2,True
Data 2025.xlsx,9685,2025-10-27,2025-10,2025-W44,4,0,vefr-0113-r01,VeFr-0113-R01,فواكه مقطع,الخضروات/الفواكه-(Vegetables/Fruits),Vegetables/Fruits,الخضروات/الفواكه-(Vegetables/Fruits),produce,مطعم بروتينك - حي الرحمانية,مطعم بروتينك,حي الرحمانية,مطعم بروتينك - حي الرحمانية,المعذر,بلدية,بلدية المعذر,True,False,لا يوجد,,0,,,False,none,,8,True
Data 2025.xlsx,9731,2025-10-28,2025-10,2025-W44,4,1,1-3666-R01,1-3666-R01,رز,ارز مطبوخ (Cooked rice),Cooked rice,ارز مطبوخ (Cooked rice),cooked_meat_poultry,مطعم الرواق الشعبي- حي السليمانية,مطعم الرواق الشعبي,حي السليمانية,مطعم الرواق الشعبي- حي السليمانية,العليا,بلدية,بلدية العليا,True,False,لا يوجد,,0,,,False,none,,3,True
Data 2025.xlsx,9742,2025-10-28,2025-10,2025-W44,4,1,1-3667-R01,1-3667-R01,صوص حليب مكثف,حليب مكثف (condensed milk),condensed milk,حليب مكثف (condensed milk),dairy,شركة مست الرذاذ لتقديم المست لتقديم المشروبات - حي السليمانية,شركة مست الرذاذ لتقديم المست لتقديم المشروبات,حي السليمانية,شركة مست الرذاذ لتقديم المست لتقديم المشروبات - حي السليمانية,العليا,بلدية,بلدية العليا,False,True,العد الكلي للبكتيريا | انتيروباكتريسي | استافيلوكوكس اورياس,العد الكلي للبكتيريا | انتيروباكتريسي | استافيلوكوكس اورياس,3,استافيلوكوكس اورياس,العد الكلي للبكتيريا | انتيروباكتريسي,True,pathogen,,1,False
Data 2025.xlsx,9749,2025-10-28,2025-10,2025-W44,4,1,ca-0066-r01,ca-0066-R01,كيكة فراولة,الكعك ومنتجات المخابز الجاهزة للاكل بدون تسخين (Cakes and bakery products ready to eat ),Cakes and bakery products ready to eat,الكعك ومنتجات المخابز الجاهزة للاكل بدون تسخين (Cakes and bakery products ready to eat ),sweets_bakery,شركة مست الرذاذ لتقديم المست لتقديم المشروبات - حي السليمانية,شركة مست الرذاذ لتقديم المست لتقديم المشروبات,حي السليمانية,شركة مست الرذاذ لتقديم المست لتقديم المشروبات - حي السليمانية,العليا,بلدية,بلدية العليا,False,True,العد الكلي للبكتيريا | انتيروباكتريسي,العد الكلي للبكتيريا | انتيروباكتريسي,2,,العد الكلي للبكتيريا | انتيروباكتريسي,False,indicator_only,,5,True
Data 2025.xlsx,9750,2025-10-28,2025-10,2025-W44,4,1,ca-0067-r01,ca-0067-R01,كيكة كراميل,الكعك ومنتجات المخابز الجاهزة للاكل بدون تسخين (Cakes and bakery products ready to eat ),Cakes and bakery products ready to eat,الكعك ومنتجات المخابز الجاهزة للاكل بدون تسخين (Cakes and bakery products ready to eat ),sweets_bakery,شركة مست الرذاذ لتقديم المست لتقديم المشروبات - حي السليمانية,شركة مست الرذاذ لتقديم المست لتقديم المشروبات,حي السليمانية,شركة مست الرذاذ لتقديم المست لتقديم المشروبات - حي السليمانية,العليا,بلدية,بلدية العليا,False,True,العد الكلي للبكتيريا | انتيروباكتريسي | استافيلوكوكس اورياس,العد الكلي للبكتيريا | انتيروباكتريسي | استافيلوكوكس اورياس,3,استافيلوكوكس اورياس,العد الكلي للبكتيريا | انتيروباكتريسي,True,pathogen,,6,True
Data 2025.xlsx,9751,2025-10-28,2025-10,2025-W44,4,1,ca-0068-r01,ca-0068-R01,كيكة شوكولاتة,الكعك ومنتجات المخابز الجاهزة للاكل بدون تسخين (Cakes and bakery products ready to eat ),Cakes and bakery products ready to eat,الكعك ومنتجات المخابز الجاهزة للاكل بدون تسخين (Cakes and bakery products ready to eat ),sweets_bakery,شركة مست الرذاذ لتقديم المست لتقديم المشروبات - حي السليمانية,شركة مست الرذاذ لتقديم المست لتقديم المشروبات,حي السليمانية,شركة مست الرذاذ لتقديم المست لتقديم المشروبات - حي السليمانية,العليا,بلدية,بلدية العليا,False,True,العد الكلي للبكتيريا | استافيلوكوكس اورياس,العد الكلي للبكتيريا | استافيلوكوكس اورياس,2,استافيلوكوكس اورياس,العد الكلي للبكتيريا,True,pathogen,,7,True
Data 2025.xlsx,9724,2025-10-28,2025-10,2025-W44,4,1,ch-0017-r01,CH-0017-R01,جبن ابيض,(Hard and Semi Hard Cheese) الأجبان الجامدة وشبه جامدة,Hard and Semi Hard Cheese,(Hard and Semi Hard Cheese) الأجبان الجامدة وشبه جامدة,dairy,مطعم الرواق الشعبي- حي السليمانية,مطعم الرواق الشعبي,حي السليمانية,مطعم الرواق الشعبي- حي السليمانية,العليا,بلدية,بلدية العليا,True,False,لا يوجد,,0,,,False,none,,1,False
Data 2025.xlsx,9743,2025-10-28,2025-10,2025-W44,4,1,cho-0095-r01,cho-0095-R01,صوص شوكولاتة,الشوكولاته (Chocolate),Chocolate,الشوكولاته (Chocolate),sweets_bakery,شركة مست الرذاذ لتقديم المست لتقديم المشروبات - حي السليمانية,شركة مست الرذاذ لتقديم المست لتقديم المشروبات,حي السليمانية,شركة مست الرذاذ لتقديم المست لتقديم المشروبات - حي السليمانية,العليا,بلدية,بلدية العليا,True,False,لا يوجد,,0,,,False,none,,1,False
Data 2025.xlsx,9722,2025-10-28,2025-10,2025-W44,4,1,fermintedmilk-0010-r01,Fermintedmilk-0010-R01,لبنة,"Fermented milk products , منتجات الحليب المخمرة",Fermented milk products,"Fermented milk products , منتجات الحليب المخمرة",dairy,مطعم الرواق الشعبي- حي السليمانية,مطعم الرواق الشعبي,حي السليمانية,مطعم الرواق الشعبي- حي السليمانية,العليا,بلدية,بلدية العليا,True,False,لا يوجد,,0,,,False,none,,1,False
Data 2025.xlsx,9738,2025-10-28,2025-10,2025-W44,4,1,fl-0016-r01,fl-0016-R01,نكهة بلو بيري,شراب بنكهة و مركزاتها ( flavoured drink & its concentrates ),flavoured drink & its concentrates,شراب بنكهة و مركزاتها ( flavoured drink & its concentrates ),sauce_condiment,مطعم الرواق الشعبي- حي السليمانية,مطعم الرواق الشعبي,حي السليمانية,مطعم الرواق الشعبي- حي السليمانية,العليا,بلدية,بلدية العليا,True,False,لا يوجد,,0,,,False,none,,3,True
Data 2025.xlsx,9739,2025-10-28,2025-10,2025-W44,4,1,fl-0017-r01,fl-0017-R01,نكهة مانجا,شراب بنكهة و مركزاتها ( flavoured drink & its concentrates ),flavoured drink & its concentrates,شراب بنكهة و مركزاتها ( flavoured drink & its concentrates ),sauce_condiment,مطعم الرواق الشعبي- حي السليمانية,مطعم الرواق الشعبي,حي السليمانية,مطعم الرواق الشعبي- حي السليمانية,العليا,بلدية,بلدية العليا,False,True,العد الكلي للبكتيريا,العد الكلي للبكتيريا,1,,العد الكلي للبكتيريا,False,indicator_only,,4,True
Data 2025.xlsx,9740,2025-10-28,2025-10,2025-W44,4,1,fl-0018-r01,fl-0018-R01,نكهة فراولة,شراب بنكهة و مركزاتها ( flavoured drink & its concentrates ),flavoured drink & its concentrates,شراب بنكهة و مركزاتها ( flavoured drink & its concentrates ),sauce_condiment,مطعم الرواق الشعبي- حي السليمانية,مطعم الرواق الشعبي,حي السليمانية,مطعم الرواق الشعبي- حي السليمانية,العليا,بلدية,بلدية العليا,False,True,العد الكلي للبكتيريا,العد الكلي للبكتيريا,1,,العد الكلي للبكتيريا,False,indicator_only,,5,True
Data 2025.xlsx,9718,2025-10-28,2025-10,2025-W44,4,1,fr-0111-r01,fr-0111-R01,قطع خيار,فواكه و خضروات طازجة (Fresh fruits and vegetables ),Fresh fruits and vegetables,فواكه و خضروات طازجة (Fresh fruits and vegetables ),produce,مطعم الرواق الشعبي- حي السليمانية,مطعم الرواق الشعبي,حي السليمانية,مطعم الرواق الشعبي- حي السليمانية,العليا,بلدية,بلدية العليا,True,False,لا يوجد,,0,,,False,none,,0,False
Data 2025.xlsx,9719,2025-10-28,2025-10,2025-W44,4,1,fr-0112-r01,fr-0112-R01,قطع ليمون,فواكه و خضروات طازجة (Fresh fruits and vegetables ),Fresh fruits and vegetables,فواكه و خضروات طازجة (Fresh fruits and vegetables ),produce,مطعم الرواق الشعبي- حي السليمانية,مطعم الرواق الشعبي,حي السليمانية,مطعم الرواق الشعبي- حي السليمانية,العليا,بلدية,بلدية العليا,True,False,لا يوجد,,0,,,False,none,,0,False
Data 2025.xlsx,9720,2025-10-28,2025-10,2025-W44,4,1,fr-0113-r01,fr-0113-R01,قطع بصل,فواكه و خضروات طازجة (Fresh fruits and vegetables ),Fresh fruits and vegetables,فواكه و خضروات طازجة (Fresh fruits and vegetables ),produce,مطعم الرواق الشعبي- حي السليمانية,مطعم الرواق الشعبي,حي السليمانية,مطعم الرواق الشعبي- حي السليمانية,العليا,بلدية,بلدية العليا,True,False,لا يوجد,,0,,,False,none,,0,False
Data 2025.xlsx,9733,2025-10-28,2025-10,2025-W44,4,1,fr-0114-r01,fr-0114-R01,سلطة بصل ليمون,فواكه و خضروات طازجة (Fresh fruits and vegetables ),Fresh fruits and vegetables,فواكه و خضروات طازجة (Fresh fruits and vegetables ),produce,مطعم الرواق الشعبي- حي السليمانية,مطعم الرواق الشعبي,حي السليمانية,مطعم الرواق الشعبي- حي السليمانية,العليا,بلدية,بلدية العليا,True,False,لا يوجد,,0,,,False,none,,3,True
Data 2025.xlsx,9734,2025-10-28,2025-10,2025-W44,4,1,fr-0115-r01,fr-0115-R01,سلطة حارة,فواكه و خضروات طازجة (Fresh fruits and vegetables ),Fresh fruits and vegetables,فواكه و خضروات طازجة (Fresh fruits and vegetables ),produce,مطعم الرواق الشعبي- حي السليمانية,مطعم الرواق الشعبي,حي السليمانية,مطعم الرواق الشعبي- حي السليمانية,العليا,بلدية,بلدية العليا,True,False,لا يوجد,,0,,,False,none,,3,True
Data 2025.xlsx,9748,2025-10-28,2025-10,2025-W44,4,1,fr-0116-r01,fr-0116-R01,قطع جح,فواكه و خضروات طازجة (Fresh fruits and vegetables ),Fresh fruits and vegetables,فواكه و خضروات طازجة (Fresh fruits and vegetables ),produce,شركة مست الرذاذ لتقديم المست لتقديم المشروبات - حي السليمانية,شركة مست الرذاذ لتقديم المست لتقديم المشروبات,حي السليمانية,شركة مست الرذاذ لتقديم المست لتقديم المشروبات - حي السليمانية,العليا,بلدية,بلدية العليا,False,True,استافيلوكوكس اورياس,استافيلوكوكس اورياس,1,استافيلوكوكس اورياس,,True,pathogen,,4,True
Data 2025.xlsx,9727,2025-10-28,2025-10,2025-W44,4,1,he-0002-r01,he-0002-R01,زعتر,الأعشاب والتوابل الجافة جاهزة للاكل (Dried herbs and spices ready to eat),Dried herbs and spices ready to eat,الأعشاب والتوابل الجافة جاهزة للاكل (Dried herbs and spices ready to eat),produce,مطعم الرواق الشعبي- حي السليمانية,مطعم الرواق الشعبي,حي السليمانية,مطعم الرواق الشعبي- حي السليمانية,العليا,بلدية,بلدية العليا,True,False,لا يوجد,,0,,,False,none,,3,True
Data 2025.xlsx,9745,2025-10-28,2025-10,2025-W44,4,1,ho-0255-r01,ho-0255-R01,عسل,(Honey) عسل النحل,Honey,(Honey) عسل النحل,sweets_bakery,شركة مست الرذاذ لتقديم المست لتقديم المشروبات - حي السليمانية,شركة مست الرذاذ لتقديم المست لتقديم المشروبات,حي السليمانية,شركة مست الرذاذ لتقديم المست لتقديم المشروبات - حي السليمانية,العليا,بلدية,بلدية العليا,True,False,لا يوجد,,0,,,False,none,,1,False
Data 2025.xlsx,9721,2025-10-28,2025-10,2025-W44,4,1,homo-0510-r01,homo-0510-R01,حمص,"الحمص Homous , Tzatziki and other dips","Homous , Tzatziki and other dips","الحمص Homous , Tzatziki and other dips",prepared_meal,مطعم الرواق الشعبي- حي السليمانية,مطعم الرواق الشعبي,حي السليمانية,مطعم الرواق الشعبي- حي السليمانية,العليا,بلدية,بلدية العليا,False,True,العد الكلي للبكتيريا,العد الكلي للبكتيريا,1,,العد الكلي للبكتيريا,False,indicator_only,,1,False
Data 2025.xlsx,9746,2025-10-28,2025-10,2025-W44,4,1,jui-0564-r01,jui-0564-R01,عصير برتقال,العصائر الطازجة Un-pasteurized juices (fresh),fresh,العصائر الطازجة Un-pasteurized juices (fresh),beverage,شركة مست الرذاذ لتقديم المست لتقديم المشروبات - حي السليمانية,شركة مست الرذاذ لتقديم المست لتقديم المشروبات,حي السليمانية,شركة مست الرذاذ لتقديم المست لتقديم المشروبات - حي السليمانية,العليا,بلدية,بلدية العليا,False,True,الخمائر والاعفان,الخمائر والاعفان,1,,الخمائر والاعفان,False,indicator_only,,2,True
Data 2025.xlsx,9747,2025-10-28,2025-10,2025-W44,4,1,jui-0565-r01,jui-0565-R01,عصير ليمون,العصائر الطازجة Un-pasteurized juices (fresh),fresh,العصائر الطازجة Un-pasteurized juices (fresh),beverage,شركة مست الرذاذ لتقديم المست لتقديم المشروبات - حي السليمانية,شركة مست الرذاذ لتقديم المست لتقديم المشروبات,حي السليمانية,شركة مست الرذاذ لتقديم المست لتقديم المشروبات - حي السليمانية,العليا,بلدية,بلدية العليا,False,True,الخمائر والاعفان,الخمائر والاعفان,1,,الخمائر والاعفان,False,indicator_only,,3,True
Data 2025.xlsx,9728,2025-10-28,2025-10,2025-W44,4,1,mo-0001-r01,mo-0001-R01,شبية عسل,"المولاس بانواعه - الدبس - كتل السكر البنية (Molasses, debs ( date syrup ), hard brown sugar )",hard brown sugar,"المولاس بانواعه - الدبس - كتل السكر البنية (Molasses, debs ( date syrup ), hard brown sugar )",dairy,مطعم الرواق الشعبي- حي السليمانية,مطعم الرواق الشعبي,حي السليمانية,مطعم الرواق الشعبي- حي السليمانية,العليا,بلدية,بلدية العليا,True,False,لا يوجد,,0,,,False,none,,3,True
Data 2025.xlsx,9744,2025-10-28,2025-10,2025-W44,4,1,mo-0002-r01,mo-0002-R01,صوص كراميل,"المولاس بانواعه - الدبس - كتل السكر البنية (Molasses, debs ( date syrup ), hard brown sugar )",hard brown sugar,"المولاس بانواعه - الدبس - كتل السكر البنية (Molasses, debs ( date syrup ), hard brown sugar )",dairy,شركة مست الرذاذ لتقديم المست لتقديم المشروبات - حي السليمانية,شركة مست الرذاذ لتقديم المست لتقديم المشروبات,حي السليمانية,شركة مست الرذاذ لتقديم المست لتقديم المشروبات - حي السليمانية,العليا,بلدية,بلدية العليا,True,False,لا يوجد,,0,,,False,none,,1,False
Data 2025.xlsx,9725,2025-10-28,2025-10,2025-W44,4,1,pi-0115-r01,pi-0115-R01,مشكل مخلل,مخلل الخضروات /الفواكه (Pickled/fermented vegetable / fruits),Pickled/fermented vegetable / fruits,مخلل الخضروات /الفواكه (Pickled/fermented vegetable / fruits),dairy,مطعم الرواق الشعبي- حي السليمانية,مطعم الرواق الشعبي,حي السليمانية,مطعم الرواق الشعبي- حي السليمانية,العليا,بلدية,بلدية العليا,False,True,خمائر,الخمائر والاعفان,1,,الخمائر والاعفان,False,indicator_only,,2,True
Data 2025.xlsx,9726,2025-10-28,2025-10,2025-W44,4,1,pi-0116-r01,pi-0116-R01,زيتون اخضر,مخلل الخضروات /الفواكه (Pickled/fermented vegetable / fruits),Pickled/fermented vegetable / fruits,مخلل الخضروات /الفواكه (Pickled/fermented vegetable / fruits),dairy,مطعم الرواق الشعبي- حي السليمانية,مطعم الرواق الشعبي,حي السليمانية,مطعم الرواق الشعبي- حي السليمانية,العليا,بلدية,بلدية العليا,False,True,خمائر,الخمائر والاعفان,1,,الخمائر والاعفان,False,indicator_only,,3,True
Data 2025.xlsx,9732,2025-10-28,2025-10,2025-W44,4,1,pu-0003-r01,pu-0003-R01,كرون فليكس,"رقائق ومنتفخات الحبوب (Puffed , flaked cereal products )","Puffed , flaked cereal products","رقائق ومنتفخات الحبوب (Puffed , flaked cereal products )",produce,مطعم الرواق الشعبي- حي السليمانية,مطعم الرواق الشعبي,حي السليمانية,مطعم الرواق الشعبي- حي السليمانية,العليا,بلدية,بلدية العليا,True,False,لا يوجد,,0,,,False,none,,3,True
Data 2025.xlsx,9729,2025-10-28,2025-10,2025-W44,4,1,sa-0908-r01,sa-0908-R01,بامية مطبوخ,اطعمة جاهزة للأكل Ready to eat meals,Ready to eat meals,اطعمة جاهزة للأكل Ready to eat meals,prepared_meal,مطعم الرواق الشعبي- حي السليمانية,مطعم الرواق الشعبي,حي السليمانية,مطعم الرواق الشعبي- حي السليمانية,العليا,بلدية,بلدية العليا,True,False,لا يوجد,,0,,,False,none,,3,True
Data 2025.xlsx,9730,2025-10-28,2025-10,2025-W44,4,1,sa-0909-r01,sa-0909-R01,ايدام خضار,اطعمة جاهزة للأكل Ready to eat meals,Ready to eat meals,اطعمة جاهزة للأكل Ready to eat meals,prepared_meal,مطعم الرواق الشعبي- حي السليمانية,مطعم الرواق الشعبي,حي السليمانية,مطعم الرواق الشعبي- حي السليمانية,العليا,بلدية,بلدية العليا,True,False,لا يوجد,,0,,,False,none,,3,True
Data 2025.xlsx,9723,2025-10-28,2025-10,2025-W44,4,1,se-0003-r01,se-0003-R01,حلاوة طحينة,Sesame Seed Products منتجات السمسم,Sesame Seed Products,Sesame Seed Products منتجات السمسم,produce,مطعم الرواق الشعبي- حي السليمانية,مطعم الرواق الشعبي,حي السليمانية,مطعم الرواق الشعبي- حي السليمانية,العليا,بلدية,بلدية العليا,True,False,لا يوجد,,0,,,False,none,,1,False
Data 2025.xlsx,9741,2025-10-28,2025-10,2025-W44,4,1,se-0004-r01,se-0004-R01,طحينة سائلة,Sesame Seed Products منتجات السمسم,Sesame Seed Products,Sesame Seed Products منتجات السمسم,produce,مطعم الرواق الشعبي- حي السليمانية,مطعم الرواق الشعبي,حي السليمانية,مطعم الرواق الشعبي- حي السليمانية,العليا,بلدية,بلدية العليا,True,False,لا يوجد,,0,,,False,none,,5,True
Data 2025.xlsx,9735,2025-10-28,2025-10,2025-W44,4,1,sw-3661-r01,sw-3661-R01,مسحة ثلاجة سلطات,(Swabs) المسحات,Swabs,(Swabs) المسحات,swab,مطعم الرواق الشعبي- حي السليمانية,مطعم الرواق الشعبي,حي السليمانية,مطعم الرواق الشعبي- حي السليمانية,العليا,بلدية,بلدية العليا,True,False,لا يوجد,,0,,,False,none,,3,True
Data 2025.xlsx,9736,2025-10-28,2025-10,2025-W44,4,1,sw-3662-r01,sw-3662-R01,مسحة ثلاجة سلطات,(Swabs) المسحات,Swabs,(Swabs) المسحات,swab,مطعم الرواق الشعبي- حي السليمانية,مطعم الرواق الشعبي,حي السليمانية,مطعم الرواق الشعبي- حي السليمانية,العليا,بلدية,بلدية العليا,True,False,لا يوجد,,0,,,False,none,,3,True
Data 2025.xlsx,9752,2025-10-28,2025-10,2025-W44,4,1,sw-3663-r01,sw-3663-R01,مسحة صانعة ثلج,(Swabs) المسحات,Swabs,(Swabs) المسحات,swab,شركة مست الرذاذ لتقديم المست لتقديم المشروبات - حي السليمانية,شركة مست الرذاذ لتقديم المست لتقديم المشروبات,حي السليمانية,شركة مست الرذاذ لتقديم المست لتقديم المشروبات - حي السليمانية,العليا,بلدية,بلدية العليا,True,False,لا يوجد,,0,,,False,none,,7,True
Data 2025.xlsx,9737,2025-10-28,2025-10,2025-W44,4,1,tea-0013-r01,tea-0013-R01,ايس كرك,جميع أنواع الشاي (All types of tea),All types of tea,جميع أنواع الشاي (All types of tea),beverage,مطعم الرواق الشعبي- حي السليمانية,مطعم الرواق الشعبي,حي السليمانية,مطعم الرواق الشعبي- حي السليمانية,العليا,بلدية,بلدية العليا,True,False,لا يوجد,,0,,,False,none,,3,True
Data 2025.xlsx,9711,2025-10-28,2025-10,2025-W44,4,1,ubot-1154-r01,Ubot-1154-R01,مياه خاصة خزان احتياط ع ، ش,المياه الغير معبأة (Unbottled water),Unbottled water,المياه الغير المعبأة (Unbottled water),water,عينة خاصة,عينة خاصة,,عينة خاصة,عينة خاصة,خاص,( Private Sample) عينة خاصة,True,False,لا يوجد,,0,,,False,none,category_merged_to_canonical,2,True
Data 2025.xlsx,9712,2025-10-28,2025-10,2025-W44,4,1,ubot-1155-r01,Ubot-1155-R01,مياه خاصة حنفية للغسيل ج1 ، ع ، ش,المياه الغير معبأة (Unbottled water),Unbottled water,المياه الغير المعبأة (Unbottled water),water,عينة خاصة,عينة خاصة,,عينة خاصة,عينة خاصة,خاص,( Private Sample) عينة خاصة,True,False,لا يوجد,,0,,,False,none,category_merged_to_canonical,2,True
Data 2025.xlsx,9713,2025-10-28,2025-10,2025-W44,4,1,ubot-1156-r01,Ubot-1156-R01,مياه خاصة حنفية للغسيل ج4 ، ع ، ش,المياه الغير معبأة (Unbottled water),Unbottled water,المياه الغير المعبأة (Unbottled water),water,عينة خاصة,عينة خاصة,,عينة خاصة,عينة خاصة,خاص,( Private Sample) عينة خاصة,True,False,لا يوجد,,0,,,False,none,category_merged_to_canonical,2,True
Data 2025.xlsx,9714,2025-10-28,2025-10,2025-W44,4,1,ubot-1157-r01,Ubot-1157-R01,مياه خاصة حنفية للغسيل وحدة صحية ع ، ش,المياه الغير معبأة (Unbottled water),Unbottled water,المياه الغير المعبأة (Unbottled water),water,عينة خاصة,عينة خاصة,,عينة خاصة,عينة خاصة,خاص,( Private Sample) عينة خاصة,True,False,لا يوجد,,0,,,False,none,category_merged_to_canonical,2,True
Data 2025.xlsx,9715,2025-10-28,2025-10,2025-W44,4,1,ubot-1158-r01,Ubot-1158-R01,مياه خاصة حنفية للغسيل مكتبة ع ، ش,المياه الغير معبأة (Unbottled water),Unbottled water,المياه الغير المعبأة (Unbottled water),water,عينة خاصة,عينة خاصة,,عينة خاصة,عينة خاصة,خاص,( Private Sample) عينة خاصة,True,False,لا يوجد,,0,,,False,none,category_merged_to_canonical,2,True
Data 2025.xlsx,9716,2025-10-28,2025-10,2025-W44,4,1,ubot-1159-r01,Ubot-1159-R01,مياه خاصة حنفية للغسيل مطبخ مبنى الادارة ع ، ش,المياه الغير معبأة (Unbottled water),Unbottled water,المياه الغير المعبأة (Unbottled water),water,عينة خاصة,عينة خاصة,,عينة خاصة,عينة خاصة,خاص,( Private Sample) عينة خاصة,True,False,لا يوجد,,0,,,False,none,category_merged_to_canonical,2,True
Data 2025.xlsx,9717,2025-10-28,2025-10,2025-W44,4,1,ubot-1160-r01,Ubot-1160-R01,مياه خاصة حنفية للغسيل دورة مياه مبنى الادارة ع ، ش,المياه الغير معبأة (Unbottled water),Unbottled water,المياه الغير المعبأة (Unbottled water),water,عينة خاصة,عينة خاصة,,عينة خاصة,عينة خاصة,خاص,( Private Sample) عينة خاصة,True,False,لا يوجد,,0,,,False,none,category_merged_to_canonical,2,True
