source_file,row_excel,sampling_date,year_month,iso_year_week,quarter,day_of_week,sample_id,sample_id_raw,sample_name,category_canonical,category_en,category_raw,sample_type,facility_name,facility_chain,facility_branch,facility_name_raw,municipality,municipality_type,municipality_raw,is_valid,is_failure,invalid_tests_raw,invalid_tests,n_failed_tests,failed_pathogens,failed_indicators,has_pathogen_failure,severity_tier,data_quality_flags,chain_invalid_count_90d,is_repeat_offender_90d
Data 2025.xlsx,10819,2025-12-01,2025-12,2025-W49,4,0,1-3781-R01,1-3781-R01,شوفان مع مكسرات,(Oats) الشوفان,Oats,(Oats) الشوفان,produce,Gimme salad -حي الصحافة,Gimme salad,حي الصحافة,Gimme salad -حي الصحافة,الشمال,بلدية,بلدية الشمال,True,False,لا يوجد,,0,,,False,none,,7,True
Data 2025.xlsx,10794,2025-12-01,2025-12,2025-W49,4,0,300-0013-R01,300-0013-R01,فول سوداني مع سمسم,المكسرات (Nuts),Nuts,المكسرات (Nuts),produce,Gimme salad -حي الصحافة,Gimme salad,حي الصحافة,Gimme salad -حي الصحافة,الشمال,بلدية,بلدية الشمال,True,False,لا يوجد,,0,,,False,none,,0,False
Data 2025.xlsx,10795,2025-12-01,2025-12,2025-W49,4,0,300-0014-R01,300-0014-R01,بيكان محمص,المكسرات (Nuts),Nuts,المكسرات (Nuts),produce,Gimme salad -حي الصحافة,Gimme salad,حي الصحافة,Gimme salad -حي الصحافة,الشمال,بلدية,بلدية الشمال,True,False,لا يوجد,,0,,,False,none,,0,False
Data 2025.xlsx,10761,2025-12-01,2025-12,2025-W49,4,0,ca-0122-r01,ca-0122-R01,كيك كوكونت مانجا,الكعك ومنتجات المخابز الجاهزة للاكل بدون تسخين (Cakes and bakery products ready to eat ),Cakes and bakery products ready to eat,الكعك ومنتجات المخابز الجاهزة للاكل بدون تسخين (Cakes and bakery products ready to eat ),sweets_bakery,تنفس - حي الربيع,تنفس,حي الربيع,تنفس - حي الربيع,الشمال,بلدية,بلدية الشمال,False,True,العد الكلي للبكتيريا,العد الكلي للبكتيريا,1,,العد الكلي للبكتيريا,False,indicator_only,,1,False
Data 2025.xlsx,10762,2025-12-01,2025-12,2025-W49,4,0,ca-0123-r01,ca-0123-R01,كيك تراميسو كيتو,الكعك ومنتجات المخابز الجاهزة للاكل بدون تسخين (Cakes and bakery products ready to eat ),Cakes and bakery products ready to eat,الكعك ومنتجات المخابز الجاهزة للاكل بدون تسخين (Cakes and bakery products ready to eat ),sweets_bakery,تنفس - حي الربيع,تنفس,حي الربيع,تنفس - حي الربيع,الشمال,بلدية,بلدية الشمال,True,False,لا يوجد,,0,,,False,none,,1,False
Data 2025.xlsx,10763,2025-12-01,2025-12,2025-W49,4,0,ca-0124-r01,ca-0124-R01,كيك كوكونت بيري,الكعك ومنتجات المخابز الجاهزة للاكل بدون تسخين (Cakes and bakery products ready to eat ),Cakes and bakery products ready to eat,الكعك ومنتجات المخابز الجاهزة للاكل بدون تسخين (Cakes and bakery products ready to eat ),sweets_bakery,تنفس - حي الربيع,تنفس,حي الربيع,تنفس - حي الربيع,الشمال,بلدية,بلدية الشمال,True,False,لا يوجد,,0,,,False,none,,1,False
Data 2025.xlsx,10764,2025-12-01,2025-12,2025-W49,4,0,ca-0125-r01,ca-0125-R01,كيك تراميسو,الكعك ومنتجات المخابز الجاهزة للاكل بدون تسخين (Cakes and bakery products ready to eat ),Cakes and bakery products ready to eat,الكعك ومنتجات المخابز الجاهزة للاكل بدون تسخين (Cakes and bakery products ready to eat ),sweets_bakery,تنفس - حي الربيع,تنفس,حي الربيع,تنفس - حي الربيع,الشمال,بلدية,بلدية الشمال,True,False,لا يوجد,,0,,,False,none,,1,False
Data 2025.xlsx,10765,2025-12-01,2025-12,2025-W49,4,0,ca-0126-r01,ca-0126-R01,كيك عسل,الكعك ومنتجات المخابز الجاهزة للاكل بدون تسخين (Cakes and bakery products ready to eat ),Cakes and bakery products ready to eat,الكعك ومنتجات المخابز الجاهزة للاكل بدون تسخين (Cakes and bakery products ready to eat ),sweets_bakery,تنفس - حي الربيع,تنفس,حي الربيع,تنفس - حي الربيع,الشمال,بلدية,بلدية الشمال,True,False,لا يوجد,,0,,,False,none,,1,False
Data 2025.xlsx,10769,2025-12-01,2025-12,2025-W49,4,0,ca-0127-r01,ca-0127-R01,كعك شوكليت,الكعك ومنتجات المخابز الجاهزة للاكل بدون تسخين (Cakes and bakery products ready to eat ),Cakes and bakery products ready to eat,الكعك ومنتجات المخابز الجاهزة للاكل بدون تسخين (Cakes and bakery products ready to eat ),sweets_bakery,تنفس - حي الربيع,تنفس,حي الربيع,تنفس - حي الربيع,الشمال,بلدية,بلدية الشمال,False,True,العد الكلي للبكتيريا | انتيروباكتريسي | استافيلوكوكس اورياس,العد الكلي للبكتيريا | انتيروباكتريسي | استافيلوكوكس اورياس,3,استافيلوكوكس اورياس,العد الكلي للبكتيريا | انتيروباكتريسي,True,pathogen,,2,True
Data 2025.xlsx,10770,2025-12-01,2025-12,2025-W49,4,0,ca-0128-r01,ca-0128-R01,كيكة جزر,الكعك ومنتجات المخابز الجاهزة للاكل بدون تسخين (Cakes and bakery products ready to eat ),Cakes and bakery products ready to eat,الكعك ومنتجات المخابز الجاهزة للاكل بدون تسخين (Cakes and bakery products ready to eat ),sweets_bakery,تنفس - حي الربيع,تنفس,حي الربيع,تنفس - حي الربيع,الشمال,بلدية,بلدية الشمال,False,True,العد الكلي للبكتيريا,العد الكلي للبكتيريا,1,,العد الكلي للبكتيريا,False,indicator_only,,3,True
Data 2025.xlsx,10771,2025-12-01,2025-12,2025-W49,4,0,ca-0129-r01,ca-0129-R01,براوني,الكعك ومنتجات المخابز الجاهزة للاكل بدون تسخين (Cakes and bakery products ready to eat ),Cakes and bakery products ready to eat,الكعك ومنتجات المخابز الجاهزة للاكل بدون تسخين (Cakes and bakery products ready to eat ),sweets_bakery,تنفس - حي الربيع,تنفس,حي الربيع,تنفس - حي الربيع,الشمال,بلدية,بلدية الشمال,True,False,لا يوجد,,0,,,False,none,,3,True
Data 2025.xlsx,10821,2025-12-01,2025-12,2025-W49,4,0,ca-0134-r01,ca-0134-R01,فطيرة سادة,الكعك ومنتجات المخابز الجاهزة للاكل بدون تسخين (Cakes and bakery products ready to eat ),Cakes and bakery products ready to eat,الكعك ومنتجات المخابز الجاهزة للاكل بدون تسخين (Cakes and bakery products ready to eat ),sweets_bakery,كايف - حي الصحافة,كايف,حي الصحافة,كايف - حي الصحافة,الشمال,بلدية,بلدية الشمال,True,False,لا يوجد,,0,,,False,none,,0,False
Data 2025.xlsx,10822,2025-12-01,2025-12,2025-W49,4,0,ca-0135-r01,ca-0135-R01,فطيرة جبن فيتا,الكعك ومنتجات المخابز الجاهزة للاكل بدون تسخين (Cakes and bakery products ready to eat ),Cakes and bakery products ready to eat,الكعك ومنتجات المخابز الجاهزة للاكل بدون تسخين (Cakes and bakery products ready to eat ),sweets_bakery,كايف - حي الصحافة,كايف,حي الصحافة,كايف - حي الصحافة,الشمال,بلدية,بلدية الشمال,True,False,لا يوجد,,0,,,False,none,,0,False
Data 2025.xlsx,10823,2025-12-01,2025-12,2025-W49,4,0,ca-0136-r01,ca-0136-R01,فطيرة بطاطس,الكعك ومنتجات المخابز الجاهزة للاكل بدون تسخين (Cakes and bakery products ready to eat ),Cakes and bakery products ready to eat,الكعك ومنتجات المخابز الجاهزة للاكل بدون تسخين (Cakes and bakery products ready to eat ),sweets_bakery,كايف - حي الصحافة,كايف,حي الصحافة,كايف - حي الصحافة,الشمال,بلدية,بلدية الشمال,True,False,لا يوجد,,0,,,False,none,,0,False
Data 2025.xlsx,10782,2025-12-01,2025-12,2025-W49,4,0,ca-0137-r01-a,ca-0137-R01,بسبوسة,الحلويات العربية (Arabic sweets),Arabic sweets,الحلويات العربية (Arabic sweets),sweets_bakery,مقهى فليم - حي الصحافة,مقهى فليم,حي الصحافة,مقهى فليم - حي الصحافة,الشمال,بلدية,بلدية الشمال,True,False,لا يوجد,,0,,,False,none,sample_id_collision,0,False
Data 2025.xlsx,10830,2025-12-01,2025-12,2025-W49,4,0,ca-0137-r01-b,ca-0137-R01,بسبوسة,الكعك ومنتجات المخابز الجاهزة للاكل بدون تسخين (Cakes and bakery products ready to eat ),Cakes and bakery products ready to eat,الكعك ومنتجات المخابز الجاهزة للاكل بدون تسخين (Cakes and bakery products ready to eat ),sweets_bakery,مقهى فليم - حي الصحافة,مقهى فليم,حي الصحافة,مقهى فليم - حي الصحافة,الشمال,بلدية,بلدية الشمال,True,False,لا يوجد,,0,,,False,none,sample_id_collision,5,True
Data 2025.xlsx,10786,2025-12-01,2025-12,2025-W49,4,0,ca-0138-r01,ca-0138-R01,انقلش كيك,الكعك ومنتجات المخابز الجاهزة للاكل بدون تسخين (Cakes and bakery products ready to eat ),Cakes and bakery products ready to eat,الكعك ومنتجات المخابز الجاهزة للاكل بدون تسخين (Cakes and bakery products ready to eat ),sweets_bakery,مقهى فليم - حي الصحافة,مقهى فليم,حي الصحافة,مقهى فليم - حي الصحافة,الشمال,بلدية,بلدية الشمال,True,False,لا يوجد,,0,,,False,none,,2,True
Data 2025.xlsx,10787,2025-12-01,2025-12,2025-W49,4,0,ca-0139-r01,ca-0139-R01,كوكيز,الكعك ومنتجات المخابز الجاهزة للاكل بدون تسخين (Cakes and bakery products ready to eat ),Cakes and bakery products ready to eat,الكعك ومنتجات المخابز الجاهزة للاكل بدون تسخين (Cakes and bakery products ready to eat ),sweets_bakery,مقهى فليم - حي الصحافة,مقهى فليم,حي الصحافة,مقهى فليم - حي الصحافة,الشمال,بلدية,بلدية الشمال,True,False,لا يوجد,,0,,,False,none,,2,True
Data 2025.xlsx,10788,2025-12-01,2025-12,2025-W49,4,0,ca-0140-r01-a,ca-0140-R01,كيك تراميسو,الكعك ومنتجات المخابز الجاهزة للاكل بدون تسخين (Cakes and bakery products ready to eat ),Cakes and bakery products ready to eat,الكعك ومنتجات المخابز الجاهزة للاكل بدون تسخين (Cakes and bakery products ready to eat ),sweets_bakery,مقهى فليم - حي الصحافة,مقهى فليم,حي الصحافة,مقهى فليم - حي الصحافة,الشمال,بلدية,بلدية الشمال,False,True,العد الكلي للبكتيريا,العد الكلي للبكتيريا,1,,العد الكلي للبكتيريا,False,indicator_only,sample_id_collision,3,True
Data 2025.xlsx,10836,2025-12-01,2025-12,2025-W49,4,0,ca-0140-r01-b,ca-0140-R01,كيك تراميسو,الكعك ومنتجات المخابز الجاهزة للاكل بدون تسخين (Cakes and bakery products ready to eat ),Cakes and bakery products ready to eat,الكعك ومنتجات المخابز الجاهزة للاكل بدون تسخين (Cakes and bakery products ready to eat ),sweets_bakery,مقهى فليم - حي الصحافة,مقهى فليم,حي الصحافة,مقهى فليم - حي الصحافة,الشمال,بلدية,بلدية الشمال,True,False,لا يوجد,,0,,,False,none,sample_id_collision,5,True
Data 2025.xlsx,10789,2025-12-01,2025-12,2025-W49,4,0,ca-0141-r01,ca-0141-R01,انقلش كيك شوكليت,الكعك ومنتجات المخابز الجاهزة للاكل بدون تسخين (Cakes and bakery products ready to eat ),Cakes and bakery products ready to eat,الكعك ومنتجات المخابز الجاهزة للاكل بدون تسخين (Cakes and bakery products ready to eat ),sweets_bakery,مقهى فليم - حي الصحافة,مقهى فليم,حي الصحافة,مقهى فليم - حي الصحافة,الشمال,بلدية,بلدية الشمال,True,False,لا يوجد,,0,,,False,none,,3,True
Data 2025.xlsx,10781,2025-12-01,2025-12,2025-W49,4,0,cho-0111-r01-a,cho-0111-R01,دبي شوكليت,الشوكولاته (Chocolate),Chocolate,الشوكولاته (Chocolate),sweets_bakery,مقهى فليم - حي الصحافة,مقهى فليم,حي الصحافة,مقهى فليم - حي الصحافة,الشمال,بلدية,بلدية الشمال,True,False,لا يوجد,,0,,,False,none,sample_id_collision,0,False
Data 2025.xlsx,10829,2025-12-01,2025-12,2025-W49,4,0,cho-0111-r01-b,cho-0111-R01,بي شوكليت,الشوكولاته (Chocolate),Chocolate,الشوكولاته (Chocolate),sweets_bakery,مقهى فليم - حي الصحافة,مقهى فليم,حي الصحافة,مقهى فليم - حي الصحافة,الشمال,بلدية,بلدية الشمال,True,False,لا يوجد,,0,,,False,none,sample_id_collision,5,True
Data 2025.xlsx,10804,2025-12-01,2025-12,2025-W49,4,0,co-0647-r01,co-0647-R01,قطع دجاج مشوي,"لحم الدواجن المطبوخ ، والمجمد ليتم تسخينه قبل الأكل (Cooked poultry meat ,frozen to be reheated before eating)","Cooked poultry meat ,frozen to be reheated before eating","لحم الدواجن المطبوخ ، والمجمد ليتم تسخينه قبل الأكل (Cooked poultry meat ,frozen to be reheated before eating)",cooked_meat_poultry,Gimme salad -حي الصحافة,Gimme salad,حي الصحافة,Gimme salad -حي الصحافة,الشمال,بلدية,بلدية الشمال,True,False,لا يوجد,,0,,,False,none,,0,False
Data 2025.xlsx,10808,2025-12-01,2025-12,2025-W49,4,0,co-0648-r01,co-0648-R01,دجاج مقلي,"لحم الدواجن المطبوخ ، والمجمد ليتم تسخينه قبل الأكل (Cooked poultry meat ,frozen to be reheated before eating)","Cooked poultry meat ,frozen to be reheated before eating","لحم الدواجن المطبوخ ، والمجمد ليتم تسخينه قبل الأكل (Cooked poultry meat ,frozen to be reheated before eating)",cooked_meat_poultry,Gimme salad -حي الصحافة,Gimme salad,حي الصحافة,Gimme salad -حي الصحافة,الشمال,بلدية,بلدية الشمال,True,False,لا يوجد,,0,,,False,none,,1,False
Data 2025.xlsx,10790,2025-12-01,2025-12,2025-W49,4,0,coff-1072-r01-a,Coff-1072-R01,قهوة كولد برو,القهوة ومشتقاتها (Coffee and derivatives),Coffee and derivatives,القهوة ومشتقاتها (Coffee and derivatives),beverage,مقهى فليم - حي الصحافة,مقهى فليم,حي الصحافة,مقهى فليم - حي الصحافة,الشمال,بلدية,بلدية الشمال,False,True,الخمائر والاعفان,الخمائر والاعفان,1,,الخمائر والاعفان,False,indicator_only,sample_id_collision,4,True
Data 2025.xlsx,10838,2025-12-01,2025-12,2025-W49,4,0,coff-1072-r01-b,Coff-1072-R01,قهوة كولد برو,القهوة ومشتقاتها (Coffee and derivatives),Coffee and derivatives,القهوة ومشتقاتها (Coffee and derivatives),beverage,مقهى فليم - حي الصحافة,مقهى فليم,حي الصحافة,مقهى فليم - حي الصحافة,الشمال,بلدية,بلدية الشمال,True,False,لا يوجد,,0,,,False,none,sample_id_collision,5,True
Data 2025.xlsx,10772,2025-12-01,2025-12,2025-W49,4,0,fermintedmilk-0027-r01,Fermintedmilk-0027-R01,صوص سبانش,"Fermented milk products , منتجات الحليب المخمرة",Fermented milk products,"Fermented milk products , منتجات الحليب المخمرة",dairy,تنفس - حي الربيع,تنفس,حي الربيع,تنفس - حي الربيع,الشمال,بلدية,بلدية الشمال,True,False,لا يوجد,,0,,,False,none,,3,True
Data 2025.xlsx,10773,2025-12-01,2025-12,2025-W49,4,0,fermintedmilk-0028-r01,Fermintedmilk-0028-R01,صوص فج حليب وسكر وزبدة,"Fermented milk products , منتجات الحليب المخمرة",Fermented milk products,"Fermented milk products , منتجات الحليب المخمرة",dairy,تنفس - حي الربيع,تنفس,حي الربيع,تنفس - حي الربيع,الشمال,بلدية,بلدية الشمال,True,False,لا يوجد,,0,,,False,none,,3,True
Data 2025.xlsx,10799,2025-12-01,2025-12,2025-W49,4,0,fr-0155-r01,fr-0155-R01,قطع فراولة,فواكه و خضروات طازجة (Fresh fruits and vegetables ),Fresh fruits and vegetables,فواكه و خضروات طازجة (Fresh fruits and vegetables ),produce,Gimme salad -حي الصحافة,Gimme salad,حي الصحافة,Gimme salad -حي الصحافة,الشمال,بلدية,بلدية الشمال,True,False,لا يوجد,,0,,,False,none,,0,False
Data 2025.xlsx,10801,2025-12-01,2025-12,2025-W49,4,0,fr-0156-r01,fr-0156-R01,حب رمان,فواكه و خضروات طازجة (Fresh fruits and vegetables ),Fresh fruits and vegetables,فواكه و خضروات طازجة (Fresh fruits and vegetables ),produce,Gimme salad -حي الصحافة,Gimme salad,حي الصحافة,Gimme salad -حي الصحافة,الشمال,بلدية,بلدية الشمال,True,False,لا يوجد,,0,,,False,none,,0,False
Data 2025.xlsx,10803,2025-12-01,2025-12,2025-W49,4,0,fr-0157-r01,fr-0157-R01,مكس فلفل بارد,فواكه و خضروات طازجة (Fresh fruits and vegetables ),Fresh fruits and vegetables,فواكه و خضروات طازجة (Fresh fruits and vegetables ),produce,Gimme salad -حي الصحافة,Gimme salad,حي الصحافة,Gimme salad -حي الصحافة,الشمال,بلدية,بلدية الشمال,True,False,لا يوجد,,0,,,False,none,,0,False
Data 2025.xlsx,10805,2025-12-01,2025-12,2025-W49,4,0,fr-0158-r01,fr-0158-R01,ملفوف,فواكه و خضروات طازجة (Fresh fruits and vegetables ),Fresh fruits and vegetables,فواكه و خضروات طازجة (Fresh fruits and vegetables ),produce,Gimme salad -حي الصحافة,Gimme salad,حي الصحافة,Gimme salad -حي الصحافة,الشمال,بلدية,بلدية الشمال,True,False,لا يوجد,,0,,,False,none,,0,False
Data 2025.xlsx,10796,2025-12-01,2025-12,2025-W49,4,0,gcv-0273-r01,GCV-0273-R01,بامية مشوي,الخضار المشوية و المطبوخة,,الخضار المشوية و المطبوخة,cooked_meat_poultry,Gimme salad -حي الصحافة,Gimme salad,حي الصحافة,Gimme salad -حي الصحافة,الشمال,بلدية,بلدية الشمال,True,False,لا يوجد,,0,,,False,none,,0,False
Data 2025.xlsx,10800,2025-12-01,2025-12,2025-W49,4,0,gcv-0274-r01,GCV-0274-R01,بطاطا حلوة,الخضار المشوية و المطبوخة,,الخضار المشوية و المطبوخة,cooked_meat_poultry,Gimme salad -حي الصحافة,Gimme salad,حي الصحافة,Gimme salad -حي الصحافة,الشمال,بلدية,بلدية الشمال,True,False,لا يوجد,,0,,,False,none,,0,False
Data 2025.xlsx,10802,2025-12-01,2025-12,2025-W49,4,0,gcv-0275-r01,GCV-0275-R01,ذرة,الخضار المشوية و المطبوخة,,الخضار المشوية و المطبوخة,cooked_meat_poultry,Gimme salad -حي الصحافة,Gimme salad,حي الصحافة,Gimme salad -حي الصحافة,الشمال,بلدية,بلدية الشمال,True,False,لا يوجد,,0,,,False,none,,0,False
Data 2025.xlsx,10818,2025-12-01,2025-12,2025-W49,4,0,gcv-0276-r01,GCV-0276-R01,باذنجان مقلي,الخضار المشوية و المطبوخة,,الخضار المشوية و المطبوخة,cooked_meat_poultry,Gimme salad -حي الصحافة,Gimme salad,حي الصحافة,Gimme salad -حي الصحافة,الشمال,بلدية,بلدية الشمال,True,False,لا يوجد,,0,,,False,none,,7,True
Data 2025.xlsx,10775,2025-12-01,2025-12,2025-W49,4,0,he-0013-r01,he-0013-R01,مشروب كركدية,الأعشاب المجففة (Dried herbs ),Dried herbs,الأعشاب المجففة (Dried herbs ),produce,تنفس - حي الربيع,تنفس,حي الربيع,تنفس - حي الربيع,الشمال,بلدية,بلدية الشمال,True,False,لا يوجد,,0,,,False,none,,3,True
Data 2025.xlsx,10825,2025-12-01,2025-12,2025-W49,4,0,he-0014-r01,he-0014-R01,مشروب كركدية,الأعشاب المجففة (Dried herbs ),Dried herbs,الأعشاب المجففة (Dried herbs ),produce,كايف - حي الصحافة,كايف,حي الصحافة,كايف - حي الصحافة,الشمال,بلدية,بلدية الشمال,False,True,الخمائر والاعفان,الخمائر والاعفان,1,,الخمائر والاعفان,False,indicator_only,,1,False
Data 2025.xlsx,10774,2025-12-01,2025-12,2025-W49,4,0,ja-0011-r01,ja-0011-R01,صوص مربى فراولة,"المربى , الجيلي , المرملاد Jam , jelly and marmalade","Jam , jelly and marmalade","المربى , الجيلي , المرملاد Jam , jelly and marmalade",sauce_condiment,تنفس - حي الربيع,تنفس,حي الربيع,تنفس - حي الربيع,الشمال,بلدية,بلدية الشمال,True,False,لا يوجد,,0,,,False,none,,3,True
Data 2025.xlsx,10776,2025-12-01,2025-12,2025-W49,4,0,jui-0593-r01,jui-0593-R01,عصير برتقال فويش,العصائر الطازجة Un-pasteurized juices (fresh),fresh,العصائر الطازجة Un-pasteurized juices (fresh),beverage,تنفس - حي الربيع,تنفس,حي الربيع,تنفس - حي الربيع,الشمال,بلدية,بلدية الشمال,False,True,الخمائر والاعفان,الخمائر والاعفان,1,,الخمائر والاعفان,False,indicator_only,,4,True
Data 2025.xlsx,10815,2025-12-01,2025-12,2025-W49,4,0,jui-0594-r01,jui-0594-R01,عصير شمندر,العصائر الطازجة Un-pasteurized juices (fresh),fresh,العصائر الطازجة Un-pasteurized juices (fresh),beverage,Gimme salad -حي الصحافة,Gimme salad,حي الصحافة,Gimme salad -حي الصحافة,الشمال,بلدية,بلدية الشمال,True,False,لا يوجد,,0,,,False,none,,6,True
Data 2025.xlsx,10816,2025-12-01,2025-12,2025-W49,4,0,jui-0595-r01,jui-0595-R01,عصير جزر مع برتقال,العصائر الطازجة Un-pasteurized juices (fresh),fresh,العصائر الطازجة Un-pasteurized juices (fresh),beverage,Gimme salad -حي الصحافة,Gimme salad,حي الصحافة,Gimme salad -حي الصحافة,الشمال,بلدية,بلدية الشمال,False,True,الخمائر والاعفان,الخمائر والاعفان,1,,الخمائر والاعفان,False,indicator_only,,7,True
Data 2025.xlsx,10817,2025-12-01,2025-12,2025-W49,4,0,jui-0596-r01,jui-0596-R01,عصير برتقال,العصائر الطازجة Un-pasteurized juices (fresh),fresh,العصائر الطازجة Un-pasteurized juices (fresh),beverage,Gimme salad -حي الصحافة,Gimme salad,حي الصحافة,Gimme salad -حي الصحافة,الشمال,بلدية,بلدية الشمال,True,False,لا يوجد,,0,,,False,none,,7,True
Data 2025.xlsx,10791,2025-12-01,2025-12,2025-W49,4,0,milk-0059-r01-a,Milk-0059-R01,حليب,الحليب (Milk),Milk,الحليب (Milk),dairy,مقهى فليم - حي الصحافة,مقهى فليم,حي الصحافة,مقهى فليم - حي الصحافة,الشمال,بلدية,بلدية الشمال,False,True,العد الكلي للبكتيريا | انتيروباكتريسي,العد الكلي للبكتيريا | انتيروباكتريسي,2,,العد الكلي للبكتيريا | انتيروباكتريسي,False,indicator_only,sample_id_collision,5,True
Data 2025.xlsx,10839,2025-12-01,2025-12,2025-W49,4,0,milk-0059-r01-b,Milk-0059-R01,حليب,الحليب (Milk),Milk,الحليب (Milk),dairy,مقهى فليم - حي الصحافة,مقهى فليم,حي الصحافة,مقهى فليم - حي الصحافة,الشمال,بلدية,بلدية الشمال,True,False,لا يوجد,,0,,,False,none,sample_id_collision,5,True
Data 2025.xlsx,10807,2025-12-01,2025-12,2025-W49,4,0,pi-0133-r01,pi-0133-R01,شرائح زيتون اسود,مخلل الخضروات /الفواكه (Pickled/fermented vegetable / fruits),Pickled/fermented vegetable / fruits,مخلل الخضروات /الفواكه (Pickled/fermented vegetable / fruits),dairy,Gimme salad -حي الصحافة,Gimme salad,حي الصحافة,Gimme salad -حي الصحافة,الشمال,بلدية,بلدية الشمال,True,False,لا يوجد,,0,,,False,none,,1,False
Data 2025.xlsx,10798,2025-12-01,2025-12,2025-W49,4,0,po-0146-r01,po-0146-R01,مقرمشات مقلي بطاطس ونودليز,بطاطس مقلية (Fried potatoes),Fried potatoes,بطاطس مقلية (Fried potatoes),produce,Gimme salad -حي الصحافة,Gimme salad,حي الصحافة,Gimme salad -حي الصحافة,الشمال,بلدية,بلدية الشمال,True,False,لا يوجد,,0,,,False,none,,0,False
Data 2025.xlsx,10766,2025-12-01,2025-12,2025-W49,4,0,sa-0955-r01,sa-0955-R01,ساندويتش حلوم,اطعمة جاهزة للأكل Ready to eat meals,Ready to eat meals,اطعمة جاهزة للأكل Ready to eat meals,prepared_meal,تنفس - حي الربيع,تنفس,حي الربيع,تنفس - حي الربيع,الشمال,بلدية,بلدية الشمال,True,False,لا يوجد,,0,,,False,none,,1,False
Data 2025.xlsx,10767,2025-12-01,2025-12,2025-W49,4,0,sa-0956-r01,sa-0956-R01,ساندويتش تونة,اطعمة جاهزة للأكل Ready to eat meals,Ready to eat meals,اطعمة جاهزة للأكل Ready to eat meals,prepared_meal,تنفس - حي الربيع,تنفس,حي الربيع,تنفس - حي الربيع,الشمال,بلدية,بلدية الشمال,True,False,لا يوجد,,0,,,False,none,,1,False
Data 2025.xlsx,10768,2025-12-01,2025-12,2025-W49,4,0,sa-0957-r01,sa-0957-R01,ساندويتش بيض,اطعمة جاهزة للأكل Ready to eat meals,Ready to eat meals,اطعمة جاهزة للأكل Ready to eat meals,prepared_meal,تنفس - حي الربيع,تنفس,حي الربيع,تنفس - حي الربيع,الشمال,بلدية,بلدية الشمال,True,False,لا يوجد,,0,,,False,none,,1,False
Data 2025.xlsx,10783,2025-12-01,2025-12,2025-W49,4,0,sa-0961-r01-a,sa-0961-R01,ساندو دجاج,اطعمة جاهزة للأكل Ready to eat meals,Ready to eat meals,اطعمة جاهزة للأكل Ready to eat meals,prepared_meal,مقهى فليم - حي الصحافة,مقهى فليم,حي الصحافة,مقهى فليم - حي الصحافة,الشمال,بلدية,بلدية الشمال,False,True,استافيلوكوكس اورياس,استافيلوكوكس اورياس,1,استافيلوكوكس اورياس,,True,pathogen,sample_id_collision,1,False
Data 2025.xlsx,10831,2025-12-01,2025-12,2025-W49,4,0,sa-0961-r01-b,sa-0961-R01,ساندو دجاج,اطعمة جاهزة للأكل Ready to eat meals,Ready to eat meals,اطعمة جاهزة للأكل Ready to eat meals,prepared_meal,مقهى فليم - حي الصحافة,مقهى فليم,حي الصحافة,مقهى فليم - حي الصحافة,الشمال,بلدية,بلدية الشمال,True,False,لا يوجد,,0,,,False,none,sample_id_collision,5,True
Data 2025.xlsx,10784,2025-12-01,2025-12,2025-W49,4,0,sa-0962-r01,sa-0962-R01,ساندو دجاج كيجن,اطعمة جاهزة للأكل Ready to eat meals,Ready to eat meals,اطعمة جاهزة للأكل Ready to eat meals,prepared_meal,مقهى فليم - حي الصحافة,مقهى فليم,حي الصحافة,مقهى فليم - حي الصحافة,الشمال,بلدية,بلدية الشمال,True,False,لا يوجد,,0,,,False,none,,1,False
Data 2025.xlsx,10785,2025-12-01,2025-12,2025-W49,4,0,sa-0963-r01-a,sa-0963-R01,ساندو ديك رومي سيراشا,اطعمة جاهزة للأكل Ready to eat meals,Ready to eat meals,اطعمة جاهزة للأكل Ready to eat meals,prepared_meal,مقهى فليم - حي الصحافة,مقهى فليم,حي الصحافة,مقهى فليم - حي الصحافة,الشمال,بلدية,بلدية الشمال,False,True,العد الكلي للبكتيريا,العد الكلي للبكتيريا,1,,العد الكلي للبكتيريا,False,indicator_only,sample_id_collision,2,True
Data 2025.xlsx,10833,2025-12-01,2025-12,2025-W49,4,0,sa-0963-r01-b,sa-0963-R01,ساندو ديك رومي سيراشا,اطعمة جاهزة للأكل Ready to eat meals,Ready to eat meals,اطعمة جاهزة للأكل Ready to eat meals,prepared_meal,مقهى فليم - حي الصحافة,مقهى فليم,حي الصحافة,مقهى فليم - حي الصحافة,الشمال,بلدية,بلدية الشمال,True,False,لا يوجد,,0,,,False,none,sample_id_collision,5,True
Data 2025.xlsx,10809,2025-12-01,2025-12,2025-W49,4,0,sau-2746-r01,sau-2746-R01,صوص ريمون,صوص (sauce),sauce,صوص (sauce),sauce_condiment,Gimme salad -حي الصحافة,Gimme salad,حي الصحافة,Gimme salad -حي الصحافة,الشمال,بلدية,بلدية الشمال,False,True,العد الكلي للبكتيريا,العد الكلي للبكتيريا,1,,العد الكلي للبكتيريا,False,indicator_only,,2,True
Data 2025.xlsx,10810,2025-12-01,2025-12,2025-W49,4,0,sau-2747-r01,sau-2747-R01,صوص سورين,صوص (sauce),sauce,صوص (sauce),sauce_condiment,Gimme salad -حي الصحافة,Gimme salad,حي الصحافة,Gimme salad -حي الصحافة,الشمال,بلدية,بلدية الشمال,True,False,لا يوجد,,0,,,False,none,,2,True
Data 2025.xlsx,10811,2025-12-01,2025-12,2025-W49,4,0,sau-2748-r01,sau-2748-R01,صوص سيزر,صوص (sauce),sauce,صوص (sauce),sauce_condiment,Gimme salad -حي الصحافة,Gimme salad,حي الصحافة,Gimme salad -حي الصحافة,الشمال,بلدية,بلدية الشمال,False,True,العد الكلي للبكتيريا | انتيروباكتريسي,العد الكلي للبكتيريا | انتيروباكتريسي,2,,العد الكلي للبكتيريا | انتيروباكتريسي,False,indicator_only,,3,True
Data 2025.xlsx,10812,2025-12-01,2025-12,2025-W49,4,0,sau-2749-r01,sau-2749-R01,صوص حلومي,صوص (sauce),sauce,صوص (sauce),sauce_condiment,Gimme salad -حي الصحافة,Gimme salad,حي الصحافة,Gimme salad -حي الصحافة,الشمال,بلدية,بلدية الشمال,False,True,العد الكلي للبكتيريا,العد الكلي للبكتيريا,1,,العد الكلي للبكتيريا,False,indicator_only,,4,True
Data 2025.xlsx,10813,2025-12-01,2025-12,2025-W49,4,0,sau-2750-r01,sau-2750-R01,صوص ترافل,صوص (sauce),sauce,صوص (sauce),sauce_condiment,Gimme salad -حي الصحافة,Gimme salad,حي الصحافة,Gimme salad -حي الصحافة,الشمال,بلدية,بلدية الشمال,False,True,العد الكلي للبكتيريا | الخمائر والاعفان,العد الكلي للبكتيريا | الخمائر والاعفان,2,,العد الكلي للبكتيريا | الخمائر والاعفان,False,indicator_only,,5,True
Data 2025.xlsx,10814,2025-12-01,2025-12,2025-W49,4,0,sau-2751-r01,sau-2751-R01,صوص ثرو,صوص (sauce),sauce,صوص (sauce),sauce_condiment,Gimme salad -حي الصحافة,Gimme salad,حي الصحافة,Gimme salad -حي الصحافة,الشمال,بلدية,بلدية الشمال,False,True,العد الكلي للبكتيريا,العد الكلي للبكتيريا,1,,العد الكلي للبكتيريا,False,indicator_only,,6,True
Data 2025.xlsx,10797,2025-12-01,2025-12,2025-W49,4,0,so-0035-r01,SO-0035-R01,جبن فيتا,(Soft Cheese) جبن طري / جبن سائل,Soft Cheese,(Soft Cheese) جبن طري / جبن سائل,dairy,Gimme salad -حي الصحافة,Gimme salad,حي الصحافة,Gimme salad -حي الصحافة,الشمال,بلدية,بلدية الشمال,True,False,لا يوجد,,0,,,False,none,,0,False
Data 2025.xlsx,10777,2025-12-01,2025-12,2025-W49,4,0,sw-3801-r01,sw-3801-R01,مسحة صانعة ثلج,(Swabs) المسحات,Swabs,(Swabs) المسحات,swab,تنفس - حي الربيع,تنفس,حي الربيع,تنفس - حي الربيع,الشمال,بلدية,بلدية الشمال,True,False,لا يوجد,,0,,,False,none,,4,True
Data 2025.xlsx,10778,2025-12-01,2025-12,2025-W49,4,0,sw-3802-r01,sw-3802-R01,مسحة ثلاجة الكيك,(Swabs) المسحات,Swabs,(Swabs) المسحات,swab,تنفس - حي الربيع,تنفس,حي الربيع,تنفس - حي الربيع,الشمال,بلدية,بلدية الشمال,True,False,لا يوجد,,0,,,False,none,,4,True
Data 2025.xlsx,10779,2025-12-01,2025-12,2025-W49,4,0,sw-3803-r01,sw-3803-R01,مسحة ثلاجة اعداد,(Swabs) المسحات,Swabs,(Swabs) المسحات,swab,تنفس - حي الربيع,تنفس,حي الربيع,تنفس - حي الربيع,الشمال,بلدية,بلدية الشمال,True,False,لا يوجد,,0,,,False,none,,4,True
Data 2025.xlsx,10820,2025-12-01,2025-12,2025-W49,4,0,sw-3805-r01,sw-3805-R01,مسحة قطاعة خضار,(Swabs) المسحات,Swabs,(Swabs) المسحات,swab,Gimme salad -حي الصحافة,Gimme salad,حي الصحافة,Gimme salad -حي الصحافة,الشمال,بلدية,بلدية الشمال,True,False,لا يوجد,,0,,,False,none,,7,True
Data 2025.xlsx,10827,2025-12-01,2025-12,2025-W49,4,0,sw-3806-r01,sw-3806-R01,مسحة صانعة ثلج,(Swabs) المسحات,Swabs,(Swabs) المسحات,swab,كايف - حي الصحافة,كايف,حي الصحافة,كايف - حي الصحافة,الشمال,بلدية,بلدية الشمال,True,False,لا يوجد,,0,,,False,none,,1,False
Data 2025.xlsx,10792,2025-12-01,2025-12,2025-W49,4,0,sw-3807-r01,sw-3807-R01,مسحة صانعة ثلج,(Swabs) المسحات,Swabs,(Swabs) المسحات,swab,مقهى فليم - حي الصحافة,مقهى فليم,حي الصحافة,مقهى فليم - حي الصحافة,الشمال,بلدية,بلدية الشمال,True,False,لا يوجد,,0,,,False,none,,5,True
Data 2025.xlsx,10824,2025-12-01,2025-12,2025-W49,4,0,tea-0023-r01,tea-0023-R01,شاهي مركز خوخ,جميع أنواع الشاي (All types of tea),All types of tea,جميع أنواع الشاي (All types of tea),beverage,كايف - حي الصحافة,كايف,حي الصحافة,كايف - حي الصحافة,الشمال,بلدية,بلدية الشمال,True,False,لا يوجد,,0,,,False,none,,0,False
Data 2025.xlsx,10826,2025-12-01,2025-12,2025-W49,4,0,tea-0024-r01,tea-0024-R01,ايس تي خوخ,جميع أنواع الشاي (All types of tea),All types of tea,جميع أنواع الشاي (All types of tea),beverage,كايف - حي الصحافة,كايف,حي الصحافة,كايف - حي الصحافة,الشمال,بلدية,بلدية الشمال,True,False,لا يوجد,,0,,,False,none,,1,False
Data 2025.xlsx,10828,2025-12-01,2025-12,2025-W49,4,0,tea-0025-r01,tea-0025-R01,ايس تي مديني اخضر,جميع أنواع الشاي (All types of tea),All types of tea,جميع أنواع الشاي (All types of tea),beverage,كايف - حي الصحافة,كايف,حي الصحافة,كايف - حي الصحافة,الشمال,بلدية,بلدية الشمال,True,False,لا يوجد,,0,,,False,none,,1,False
Data 2025.xlsx,10806,2025-12-01,2025-12,2025-W49,4,0,to-0016-r01,to-0016-R01,طماطم مجفف,جميع أنواع منتجات الطماطم (All kinds of tomato products),All kinds of tomato products,جميع أنواع منتجات الطماطم (All kinds of tomato products),produce,Gimme salad -حي الصحافة,Gimme salad,حي الصحافة,Gimme salad -حي الصحافة,الشمال,بلدية,بلدية الشمال,False,True,خمائر,الخمائر والاعفان,1,,الخمائر والاعفان,False,indicator_only,,1,False
Data 2025.xlsx,10780,2025-12-01,2025-12,2025-W49,4,0,ubot-1175-r01,Ubot-1175-R01,مياه فلتر فلتر قهوة م-ك,المياه الغير معبأة (Unbottled water),Unbottled water,المياه الغير المعبأة (Unbottled water),water,تنفس - حي الربيع,تنفس,حي الربيع,تنفس - حي الربيع,الشمال,بلدية,بلدية الشمال,True,False,لا يوجد,,0,,,False,none,category_merged_to_canonical,4,True
Data 2025.xlsx,10793,2025-12-01,2025-12,2025-W49,4,0,ubot-1177-r01,Ubot-1177-R01,مياه فلتر قهوة م-ك,المياه الغير معبأة (Unbottled water),Unbottled water,المياه الغير المعبأة (Unbottled water),water,مقهى فليم - حي الصحافة,مقهى فليم,حي الصحافة,مقهى فليم - حي الصحافة,الشمال,بلدية,بلدية الشمال,True,False,لا يوجد,,0,,,False,none,category_merged_to_canonical,5,True
Data 2025.xlsx,10864,2025-12-02,2025-12,2025-W49,4,1,ca-0142-r01,ca-0142-R01,كروسان سادة,الكعك ومنتجات المخابز الجاهزة للاكل بدون تسخين (Cakes and bakery products ready to eat ),Cakes and bakery products ready to eat,الكعك ومنتجات المخابز الجاهزة للاكل بدون تسخين (Cakes and bakery products ready to eat ),sweets_bakery,اسواق سلة الواحة - حي الملك سلمان,اسواق سلة الواحة,حي الملك سلمان,اسواق سلة الواحة - حي الملك سلمان,العليا,بلدية,بلدية العليا,True,False,لا يوجد,,0,,,False,none,,14,True
Data 2025.xlsx,10865,2025-12-02,2025-12,2025-W49,4,1,ca-0143-r01,ca-0143-R01,كروسان جبن سائل,الكعك ومنتجات المخابز الجاهزة للاكل بدون تسخين (Cakes and bakery products ready to eat ),Cakes and bakery products ready to eat,الكعك ومنتجات المخابز الجاهزة للاكل بدون تسخين (Cakes and bakery products ready to eat ),sweets_bakery,اسواق سلة الواحة - حي الملك سلمان,اسواق سلة الواحة,حي الملك سلمان,اسواق سلة الواحة - حي الملك سلمان,العليا,بلدية,بلدية العليا,True,False,لا يوجد,,0,,,False,none,,14,True
Data 2025.xlsx,10866,2025-12-02,2025-12,2025-W49,4,1,ca-0144-r01,ca-0144-R01,كروسان جبن مالح,الكعك ومنتجات المخابز الجاهزة للاكل بدون تسخين (Cakes and bakery products ready to eat ),Cakes and bakery products ready to eat,الكعك ومنتجات المخابز الجاهزة للاكل بدون تسخين (Cakes and bakery products ready to eat ),sweets_bakery,اسواق سلة الواحة - حي الملك سلمان,اسواق سلة الواحة,حي الملك سلمان,اسواق سلة الواحة - حي الملك سلمان,العليا,بلدية,بلدية العليا,True,False,لا يوجد,,0,,,False,none,,14,True
Data 2025.xlsx,10867,2025-12-02,2025-12,2025-W49,4,1,ca-0145-r01,ca-0145-R01,كروسان جبن شيدر,الكعك ومنتجات المخابز الجاهزة للاكل بدون تسخين (Cakes and bakery products ready to eat ),Cakes and bakery products ready to eat,الكعك ومنتجات المخابز الجاهزة للاكل بدون تسخين (Cakes and bakery products ready to eat ),sweets_bakery,اسواق سلة الواحة - حي الملك سلمان,اسواق سلة الواحة,حي الملك سلمان,اسواق سلة الواحة - حي الملك سلمان,العليا,بلدية,بلدية العليا,True,False,لا يوجد,,0,,,False,none,,14,True
Data 2025.xlsx,10868,2025-12-02,2025-12,2025-W49,4,1,ca-0146-r01,ca-0146-R01,كروسان جبن و زعتر,الكعك ومنتجات المخابز الجاهزة للاكل بدون تسخين (Cakes and bakery products ready to eat ),Cakes and bakery products ready to eat,الكعك ومنتجات المخابز الجاهزة للاكل بدون تسخين (Cakes and bakery products ready to eat ),sweets_bakery,اسواق سلة الواحة - حي الملك سلمان,اسواق سلة الواحة,حي الملك سلمان,اسواق سلة الواحة - حي الملك سلمان,العليا,بلدية,بلدية العليا,True,False,لا يوجد,,0,,,False,none,,14,True
Data 2025.xlsx,10869,2025-12-02,2025-12,2025-W49,4,1,ca-0147-r01,ca-0147-R01,كروسان شوكليت,الكعك ومنتجات المخابز الجاهزة للاكل بدون تسخين (Cakes and bakery products ready to eat ),Cakes and bakery products ready to eat,الكعك ومنتجات المخابز الجاهزة للاكل بدون تسخين (Cakes and bakery products ready to eat ),sweets_bakery,اسواق سلة الواحة - حي الملك سلمان,اسواق سلة الواحة,حي الملك سلمان,اسواق سلة الواحة - حي الملك سلمان,العليا,بلدية,بلدية العليا,True,False,لا يوجد,,0,,,False,none,,14,True
Data 2025.xlsx,10871,2025-12-02,2025-12,2025-W49,4,1,ca-0148-r01,ca-0148-R01,كروسان نقانق,الكعك ومنتجات المخابز الجاهزة للاكل بدون تسخين (Cakes and bakery products ready to eat ),Cakes and bakery products ready to eat,الكعك ومنتجات المخابز الجاهزة للاكل بدون تسخين (Cakes and bakery products ready to eat ),sweets_bakery,اسواق سلة الواحة - حي الملك سلمان,اسواق سلة الواحة,حي الملك سلمان,اسواق سلة الواحة - حي الملك سلمان,العليا,بلدية,بلدية العليا,True,False,لا يوجد,,0,,,False,none,,14,True
Data 2025.xlsx,10874,2025-12-02,2025-12,2025-W49,4,1,ca-0149-r01,ca-0149-R01,فطيرة خبز بالتمر,الكعك ومنتجات المخابز الجاهزة للاكل بدون تسخين (Cakes and bakery products ready to eat ),Cakes and bakery products ready to eat,الكعك ومنتجات المخابز الجاهزة للاكل بدون تسخين (Cakes and bakery products ready to eat ),sweets_bakery,اسواق سلة الواحة - حي الملك سلمان,اسواق سلة الواحة,حي الملك سلمان,اسواق سلة الواحة - حي الملك سلمان,العليا,بلدية,بلدية العليا,True,False,لا يوجد,,0,,,False,none,,14,True
Data 2025.xlsx,10842,2025-12-02,2025-12,2025-W49,4,1,fermintedmilk-0029-r01,Fermintedmilk-0029-R01,لبنة بيتزا,"Fermented milk products , منتجات الحليب المخمرة",Fermented milk products,"Fermented milk products , منتجات الحليب المخمرة",dairy,اسواق سلة الواحة - حي الملك سلمان,اسواق سلة الواحة,حي الملك سلمان,اسواق سلة الواحة - حي الملك سلمان,العليا,بلدية,بلدية العليا,False,True,الخمائر والاعفان,الخمائر والاعفان,1,,الخمائر والاعفان,False,indicator_only,,1,False
Data 2025.xlsx,10843,2025-12-02,2025-12,2025-W49,4,1,fermintedmilk-0030-r01,Fermintedmilk-0030-R01,لبنة شمندر,"Fermented milk products , منتجات الحليب المخمرة",Fermented milk products,"Fermented milk products , منتجات الحليب المخمرة",dairy,اسواق سلة الواحة - حي الملك سلمان,اسواق سلة الواحة,حي الملك سلمان,اسواق سلة الواحة - حي الملك سلمان,العليا,بلدية,بلدية العليا,True,False,لا يوجد,,0,,,False,none,,1,False
Data 2025.xlsx,10844,2025-12-02,2025-12,2025-W49,4,1,fermintedmilk-0031-r01,Fermintedmilk-0031-R01,لبنة,"Fermented milk products , منتجات الحليب المخمرة",Fermented milk products,"Fermented milk products , منتجات الحليب المخمرة",dairy,اسواق سلة الواحة - حي الملك سلمان,اسواق سلة الواحة,حي الملك سلمان,اسواق سلة الواحة - حي الملك سلمان,العليا,بلدية,بلدية العليا,False,True,الخمائر والاعفان,الخمائر والاعفان,1,,الخمائر والاعفان,False,indicator_only,,2,True
Data 2025.xlsx,10845,2025-12-02,2025-12,2025-W49,4,1,fermintedmilk-0032-r01,Fermintedmilk-0032-R01,لبنة مشوي,"Fermented milk products , منتجات الحليب المخمرة",Fermented milk products,"Fermented milk products , منتجات الحليب المخمرة",dairy,اسواق سلة الواحة - حي الملك سلمان,اسواق سلة الواحة,حي الملك سلمان,اسواق سلة الواحة - حي الملك سلمان,العليا,بلدية,بلدية العليا,False,True,الخمائر والاعفان,الخمائر والاعفان,1,,الخمائر والاعفان,False,indicator_only,,3,True
Data 2025.xlsx,10859,2025-12-02,2025-12,2025-W49,4,1,flswe-0087-r01,FlSwe-0087-R01,حلاوة طحينة,حلاوة طحينة( Flour Sweetness),Flour Sweetness,حلاوة طحينة( Flour Sweetness),sauce_condiment,اسواق سلة الواحة - حي الملك سلمان,اسواق سلة الواحة,حي الملك سلمان,اسواق سلة الواحة - حي الملك سلمان,العليا,بلدية,بلدية العليا,True,False,لا يوجد,,0,,,False,none,,14,True
Data 2025.xlsx,10848,2025-12-02,2025-12,2025-W49,4,1,pi-0134-r01,pi-0134-R01,مخلل خيار صغير,مخلل الخضروات /الفواكه (Pickled/fermented vegetable / fruits),Pickled/fermented vegetable / fruits,مخلل الخضروات /الفواكه (Pickled/fermented vegetable / fruits),dairy,اسواق سلة الواحة - حي الملك سلمان,اسواق سلة الواحة,حي الملك سلمان,اسواق سلة الواحة - حي الملك سلمان,العليا,بلدية,بلدية العليا,False,True,خمائر,الخمائر والاعفان,1,,الخمائر والاعفان,False,indicator_only,,5,True
Data 2025.xlsx,10849,2025-12-02,2025-12,2025-W49,4,1,pi-0135-r01,pi-0135-R01,مشكل مخلل سبايسي,مخلل الخضروات /الفواكه (Pickled/fermented vegetable / fruits),Pickled/fermented vegetable / fruits,مخلل الخضروات /الفواكه (Pickled/fermented vegetable / fruits),dairy,اسواق سلة الواحة - حي الملك سلمان,اسواق سلة الواحة,حي الملك سلمان,اسواق سلة الواحة - حي الملك سلمان,العليا,بلدية,بلدية العليا,False,True,خمائر,الخمائر والاعفان,1,,الخمائر والاعفان,False,indicator_only,,6,True
Data 2025.xlsx,10850,2025-12-02,2025-12,2025-W49,4,1,pi-0136-r01,pi-0136-R01,مشكل مخلل عادي,مخلل الخضروات /الفواكه (Pickled/fermented vegetable / fruits),Pickled/fermented vegetable / fruits,مخلل الخضروات /الفواكه (Pickled/fermented vegetable / fruits),dairy,اسواق سلة الواحة - حي الملك سلمان,اسواق سلة الواحة,حي الملك سلمان,اسواق سلة الواحة - حي الملك سلمان,العليا,بلدية,بلدية العليا,False,True,خمائر,الخمائر والاعفان,1,,الخمائر والاعفان,False,indicator_only,,7,True
Data 2025.xlsx,10851,2025-12-02,2025-12,2025-W49,4,1,pi-0137-r01,pi-0137-R01,زيتون اخضر مشوي,مخلل الخضروات /الفواكه (Pickled/fermented vegetable / fruits),Pickled/fermented vegetable / fruits,مخلل الخضروات /الفواكه (Pickled/fermented vegetable / fruits),dairy,اسواق سلة الواحة - حي الملك سلمان,اسواق سلة الواحة,حي الملك سلمان,اسواق سلة الواحة - حي الملك سلمان,العليا,بلدية,بلدية العليا,False,True,خمائر,الخمائر والاعفان,1,,الخمائر والاعفان,False,indicator_only,,8,True
Data 2025.xlsx,10852,2025-12-02,2025-12,2025-W49,4,1,pi-0138-r01,pi-0138-R01,زيتون كالاماتا صغير,مخلل الخضروات /الفواكه (Pickled/fermented vegetable / fruits),Pickled/fermented vegetable / fruits,مخلل الخضروات /الفواكه (Pickled/fermented vegetable / fruits),dairy,اسواق سلة الواحة - حي الملك سلمان,اسواق سلة الواحة,حي الملك سلمان,اسواق سلة الواحة - حي الملك سلمان,العليا,بلدية,بلدية العليا,False,True,الخمائر والاعفان,الخمائر والاعفان,1,,الخمائر والاعفان,False,indicator_only,,9,True
Data 2025.xlsx,10853,2025-12-02,2025-12,2025-W49,4,1,pi-0139-r01,pi-0139-R01,زيتون اردني,مخلل الخضروات /الفواكه (Pickled/fermented vegetable / fruits),Pickled/fermented vegetable / fruits,مخلل الخضروات /الفواكه (Pickled/fermented vegetable / fruits),dairy,اسواق سلة الواحة - حي الملك سلمان,اسواق سلة الواحة,حي الملك سلمان,اسواق سلة الواحة - حي الملك سلمان,العليا,بلدية,بلدية العليا,False,True,خمائر,الخمائر والاعفان,1,,الخمائر والاعفان,False,indicator_only,,10,True
Data 2025.xlsx,10854,2025-12-02,2025-12,2025-W49,4,1,pi-0140-r01,pi-0140-R01,زيتون لبناني,مخلل الخضروات /الفواكه (Pickled/fermented vegetable / fruits),Pickled/fermented vegetable / fruits,مخلل الخضروات /الفواكه (Pickled/fermented vegetable / fruits),dairy,اسواق سلة الواحة - حي الملك سلمان,اسواق سلة الواحة,حي الملك سلمان,اسواق سلة الواحة - حي الملك سلمان,العليا,بلدية,بلدية العليا,False,True,خمائر,الخمائر والاعفان,1,,الخمائر والاعفان,False,indicator_only,,11,True
Data 2025.xlsx,10855,2025-12-02,2025-12,2025-W49,4,1,pi-0141-r01,pi-0141-R01,زيتون اسود بدون نواة,مخلل الخضروات /الفواكه (Pickled/fermented vegetable / fruits),Pickled/fermented vegetable / fruits,مخلل الخضروات /الفواكه (Pickled/fermented vegetable / fruits),dairy,اسواق سلة الواحة - حي الملك سلمان,اسواق سلة الواحة,حي الملك سلمان,اسواق سلة الواحة - حي الملك سلمان,العليا,بلدية,بلدية العليا,False,True,خمائر,الخمائر والاعفان,1,,الخمائر والاعفان,False,indicator_only,,12,True
Data 2025.xlsx,10856,2025-12-02,2025-12,2025-W49,4,1,pi-0142-r01,pi-0142-R01,زيتون مغربي,مخلل الخضروات /الفواكه (Pickled/fermented vegetable / fruits),Pickled/fermented vegetable / fruits,مخلل الخضروات /الفواكه (Pickled/fermented vegetable / fruits),dairy,اسواق سلة الواحة - حي الملك سلمان,اسواق سلة الواحة,حي الملك سلمان,اسواق سلة الواحة - حي الملك سلمان,العليا,بلدية,بلدية العليا,False,True,خمائر,الخمائر والاعفان,1,,الخمائر والاعفان,False,indicator_only,,13,True
Data 2025.xlsx,10857,2025-12-02,2025-12,2025-W49,4,1,pi-0143-r01,pi-0143-R01,مكدوس,مخلل الخضروات /الفواكه (Pickled/fermented vegetable / fruits),Pickled/fermented vegetable / fruits,مخلل الخضروات /الفواكه (Pickled/fermented vegetable / fruits),dairy,اسواق سلة الواحة - حي الملك سلمان,اسواق سلة الواحة,حي الملك سلمان,اسواق سلة الواحة - حي الملك سلمان,العليا,بلدية,بلدية العليا,True,False,لا يوجد,,0,,,False,none,,13,True
Data 2025.xlsx,10858,2025-12-02,2025-12,2025-W49,4,1,pi-0144-r01,pi-0144-R01,زيتون اسود,مخلل الخضروات /الفواكه (Pickled/fermented vegetable / fruits),Pickled/fermented vegetable / fruits,مخلل الخضروات /الفواكه (Pickled/fermented vegetable / fruits),dairy,اسواق سلة الواحة - حي الملك سلمان,اسواق سلة الواحة,حي الملك سلمان,اسواق سلة الواحة - حي الملك سلمان,العليا,بلدية,بلدية العليا,False,True,الخمائر والاعفان,الخمائر والاعفان,1,,الخمائر والاعفان,False,indicator_only,,14,True
Data 2025.xlsx,10846,2025-12-02,2025-12,2025-W49,4,1,sa-0964-r01,sa-0964-R01,سلطة جبن بالحبة السوداء,اطعمة جاهزة للأكل Ready to eat meals,Ready to eat meals,اطعمة جاهزة للأكل Ready to eat meals,prepared_meal,اسواق سلة الواحة - حي الملك سلمان,اسواق سلة الواحة,حي الملك سلمان,اسواق سلة الواحة - حي الملك سلمان,العليا,بلدية,بلدية العليا,True,False,لا يوجد,,0,,,False,none,,3,True
Data 2025.xlsx,10847,2025-12-02,2025-12,2025-W49,4,1,sa-0965-r01,sa-0965-R01,سلطة جبن,اطعمة جاهزة للأكل Ready to eat meals,Ready to eat meals,اطعمة جاهزة للأكل Ready to eat meals,prepared_meal,اسواق سلة الواحة - حي الملك سلمان,اسواق سلة الواحة,حي الملك سلمان,اسواق سلة الواحة - حي الملك سلمان,العليا,بلدية,بلدية العليا,False,True,انتيروباكتريسي,انتيروباكتريسي,1,,انتيروباكتريسي,False,indicator_only,,4,True
Data 2025.xlsx,10870,2025-12-02,2025-12,2025-W49,4,1,sa-0966-r01,sa-0966-R01,بيتزا,اطعمة جاهزة للأكل Ready to eat meals,Ready to eat meals,اطعمة جاهزة للأكل Ready to eat meals,prepared_meal,اسواق سلة الواحة - حي الملك سلمان,اسواق سلة الواحة,حي الملك سلمان,اسواق سلة الواحة - حي الملك سلمان,العليا,بلدية,بلدية العليا,True,False,لا يوجد,,0,,,False,none,,14,True
Data 2025.xlsx,10872,2025-12-02,2025-12,2025-W49,4,1,sa-0967-r01,sa-0967-R01,بيتزا نقانق,اطعمة جاهزة للأكل Ready to eat meals,Ready to eat meals,اطعمة جاهزة للأكل Ready to eat meals,prepared_meal,اسواق سلة الواحة - حي الملك سلمان,اسواق سلة الواحة,حي الملك سلمان,اسواق سلة الواحة - حي الملك سلمان,العليا,بلدية,بلدية العليا,True,False,لا يوجد,,0,,,False,none,,14,True
Data 2025.xlsx,10873,2025-12-02,2025-12,2025-W49,4,1,see-0008-r01,see-0008-R01,بسبوسة,الحلويات العربية (Arabic sweets),Arabic sweets,الحلويات العربية (Arabic sweets),sweets_bakery,اسواق سلة الواحة - حي الملك سلمان,اسواق سلة الواحة,حي الملك سلمان,اسواق سلة الواحة - حي الملك سلمان,العليا,بلدية,بلدية العليا,True,False,لا يوجد,,0,,,False,none,,14,True
Data 2025.xlsx,10860,2025-12-02,2025-12,2025-W49,4,1,sw-3808-r01,sw-3808-R01,مسحة قطاعة مرتديلا,(Swabs) المسحات,Swabs,(Swabs) المسحات,swab,اسواق سلة الواحة - حي الملك سلمان,اسواق سلة الواحة,حي الملك سلمان,اسواق سلة الواحة - حي الملك سلمان,العليا,بلدية,بلدية العليا,True,False,لا يوجد,,0,,,False,none,,14,True
Data 2025.xlsx,10861,2025-12-02,2025-12,2025-W49,4,1,sw-3809-r01,sw-3809-R01,مسحة حافظة حلاوة طحينة,(Swabs) المسحات,Swabs,(Swabs) المسحات,swab,اسواق سلة الواحة - حي الملك سلمان,اسواق سلة الواحة,حي الملك سلمان,اسواق سلة الواحة - حي الملك سلمان,العليا,بلدية,بلدية العليا,True,False,لا يوجد,,0,,,False,none,,14,True
Data 2025.xlsx,10862,2025-12-02,2025-12,2025-W49,4,1,sw-3810-r01,sw-3810-R01,مسحة ثلاجة,(Swabs) المسحات,Swabs,(Swabs) المسحات,swab,اسواق سلة الواحة - حي الملك سلمان,اسواق سلة الواحة,حي الملك سلمان,اسواق سلة الواحة - حي الملك سلمان,العليا,بلدية,بلدية العليا,True,False,لا يوجد,,0,,,False,none,,14,True
Data 2025.xlsx,10863,2025-12-02,2025-12,2025-W49,4,1,sw-3811-r01,sw-3811-R01,مسحة ثلاجة,(Swabs) المسحات,Swabs,(Swabs) المسحات,swab,اسواق سلة الواحة - حي الملك سلمان,اسواق سلة الواحة,حي الملك سلمان,اسواق سلة الواحة - حي الملك سلمان,العليا,بلدية,بلدية العليا,True,False,لا يوجد,,0,,,False,none,,14,True
Data 2025.xlsx,10875,2025-12-02,2025-12,2025-W49,4,1,ubot-1178-r01,Ubot-1178-R01,مياه فلتر للعجانة م - ك,المياه الغير معبأة (Unbottled water),Unbottled water,المياه الغير المعبأة (Unbottled water),water,اسواق سلة الواحة - حي الملك سلمان,اسواق سلة الواحة,حي الملك سلمان,اسواق سلة الواحة - حي الملك سلمان,العليا,بلدية,بلدية العليا,True,False,لا يوجد,,0,,,False,none,category_merged_to_canonical,14,True
Data 2025.xlsx,2846,2025-12-04,2025-12,2025-W49,4,3,1-2896-R01,1-2896-R01,مربى فراولة,مربى فراولة,,مربى فراولة,sauce_condiment,اسواق هابي فاميلي - حي الرمال,اسواق هابي فاميلي,حي الرمال,اسواق هابي فاميلي - حي الرمال,الروضة,بلدية,بلدية الروضة,True,False,لا يوجد,,0,,,False,none,,3,True
Data 2025.xlsx,2853,2025-12-04,2025-12,2025-W49,4,3,1-2897-R01,1-2897-R01,فطيرة جبن شيدر مع جبن مالح,فطيرة جبن شيدر مع جبن مالح,,فطيرة جبن شيدر مع جبن مالح,dairy,اسواق هابي فاميلي - حي الرمال,اسواق هابي فاميلي,حي الرمال,اسواق هابي فاميلي - حي الرمال,الروضة,بلدية,بلدية الروضة,True,False,لا يوجد,,0,,,False,none,,3,True
Data 2025.xlsx,2854,2025-12-04,2025-12,2025-W49,4,3,1-2898-R01,1-2898-R01,فطيرة بيتزا نقانق,فطيرة بيتزا نقانق,,فطيرة بيتزا نقانق,cooked_meat_poultry,اسواق هابي فاميلي - حي الرمال,اسواق هابي فاميلي,حي الرمال,اسواق هابي فاميلي - حي الرمال,الروضة,بلدية,بلدية الروضة,True,False,لا يوجد,,0,,,False,none,,3,True
Data 2025.xlsx,2855,2025-12-04,2025-12,2025-W49,4,3,1-2899-R01,1-2899-R01,كروسان جبن سائل,كروسان جبن سائل,,كروسان جبن سائل,dairy,اسواق هابي فاميلي - حي الرمال,اسواق هابي فاميلي,حي الرمال,اسواق هابي فاميلي - حي الرمال,الروضة,بلدية,بلدية الروضة,True,False,لا يوجد,,0,,,False,none,,3,True
Data 2025.xlsx,2856,2025-12-04,2025-12,2025-W49,4,3,1-2900-R01,1-2900-R01,كروسان زعتر,كروسان زعتر,,كروسان زعتر,produce,اسواق هابي فاميلي - حي الرمال,اسواق هابي فاميلي,حي الرمال,اسواق هابي فاميلي - حي الرمال,الروضة,بلدية,بلدية الروضة,True,False,لا يوجد,,0,,,False,none,,3,True
Data 2025.xlsx,2857,2025-12-04,2025-12,2025-W49,4,3,1-2901-R01,1-2901-R01,كروسان شوكولاتة,كروسان شوكلاتة,,كروسان شوكلاتة,sweets_bakery,اسواق هابي فاميلي - حي الرمال,اسواق هابي فاميلي,حي الرمال,اسواق هابي فاميلي - حي الرمال,الروضة,بلدية,بلدية الروضة,True,False,لا يوجد,,0,,,False,none,,3,True
Data 2025.xlsx,2858,2025-12-04,2025-12,2025-W49,4,3,1-2902-R01,1-2902-R01,فطيرة جبن سائل,فطيرة جبن سائل,,فطيرة جبن سائل,dairy,اسواق هابي فاميلي - حي الرمال,اسواق هابي فاميلي,حي الرمال,اسواق هابي فاميلي - حي الرمال,الروضة,بلدية,بلدية الروضة,True,False,لا يوجد,,0,,,False,none,,3,True
Data 2025.xlsx,2861,2025-12-04,2025-12,2025-W49,4,3,1-2903-R01,1-2903-R01,فطيرة تمر,فطيرة تمر,,فطيرة تمر,produce,اسواق هابي فاميلي - حي الرمال,اسواق هابي فاميلي,حي الرمال,اسواق هابي فاميلي - حي الرمال,الروضة,بلدية,بلدية الروضة,True,False,لا يوجد,,0,,,False,none,,4,True
Data 2025.xlsx,2820,2025-12-04,2025-12,2025-W49,4,3,OO-OSS-po-0352-R01,OO-OSS-po-0352-R01,بطاطس مقلي,البطاطس (potatoes),potatoes,البطاطس (potatoes),produce,شركة كودو - حي القادسية,شركة كودو,حي القادسية,شركة كودو - حي القادسية,الروضة,بلدية,بلدية الروضة,True,False,لا يوجد,,0,,,False,none,,2,True
Data 2025.xlsx,2831,2025-12-04,2025-12,2025-W49,4,3,OO-OSS-po-0353-R01,OO-OSS-po-0353-R01,بطاطس مقلي,البطاطس (potatoes),potatoes,البطاطس (potatoes),produce,مطعم فياض الخليج - حي الرمال,مطعم فياض الخليج,حي الرمال,مطعم فياض الخليج - حي الرمال,الروضة,بلدية,بلدية الروضة,True,False,لا يوجد,,0,,,False,none,,0,False
Data 2025.xlsx,2882,2025-12-04,2025-12,2025-W49,4,3,appe-0383-r01,Appe-0383-R01,تبولة,مقبلات (Appetizers),Appetizers,مقبلات (Appetizers),prepared_meal,مطعم لذائذ القيصر - حي الرمال,مطعم لذائذ القيصر,حي الرمال,مطعم لذائذ القيصر - حي الرمال,الروضة,بلدية,بلدية الروضة,False,True,استافيلوكوكس اورياس,استافيلوكوكس اورياس,1,استافيلوكوكس اورياس,,True,pathogen,,1,False
Data 2025.xlsx,2883,2025-12-04,2025-12,2025-W49,4,3,appe-0384-r01,Appe-0384-R01,بابا غنوج,مقبلات (Appetizers),Appetizers,مقبلات (Appetizers),prepared_meal,مطعم لذائذ القيصر - حي الرمال,مطعم لذائذ القيصر,حي الرمال,مطعم لذائذ القيصر - حي الرمال,الروضة,بلدية,بلدية الروضة,True,False,لا يوجد,,0,,,False,none,,1,False
Data 2025.xlsx,2884,2025-12-04,2025-12,2025-W49,4,3,appe-0385-r01,Appe-0385-R01,متبل,مقبلات (Appetizers),Appetizers,مقبلات (Appetizers),prepared_meal,مطعم لذائذ القيصر - حي الرمال,مطعم لذائذ القيصر,حي الرمال,مطعم لذائذ القيصر - حي الرمال,الروضة,بلدية,بلدية الروضة,True,False,لا يوجد,,0,,,False,none,,1,False
Data 2025.xlsx,2885,2025-12-04,2025-12,2025-W49,4,3,appe-0386-r01,Appe-0386-R01,حمص,مقبلات (Appetizers),Appetizers,مقبلات (Appetizers),prepared_meal,مطعم لذائذ القيصر - حي الرمال,مطعم لذائذ القيصر,حي الرمال,مطعم لذائذ القيصر - حي الرمال,الروضة,بلدية,بلدية الروضة,True,False,لا يوجد,,0,,,False,none,,1,False
Data 2025.xlsx,2815,2025-12-04,2025-12,2025-W49,4,3,be-0035-r01,be-0035-R01,سفن اب,المشروبات الغازية (الغير كحولية) (Carbonated beverages) (non - alcoholic ),non - alcoholic,المشروبات الغازية (الغير كحولية) (Carbonated beverages) (non - alcoholic ),beverage,شركة كودو - حي القادسية,شركة كودو,حي القادسية,شركة كودو - حي القادسية,الروضة,بلدية,بلدية الروضة,True,False,لا يوجد,,0,,,False,none,,2,True
Data 2025.xlsx,2816,2025-12-04,2025-12,2025-W49,4,3,be-0036-r01,be-0036-R01,مريندا,المشروبات الغازية (الغير كحولية) (Carbonated beverages) (non - alcoholic ),non - alcoholic,المشروبات الغازية (الغير كحولية) (Carbonated beverages) (non - alcoholic ),beverage,شركة كودو - حي القادسية,شركة كودو,حي القادسية,شركة كودو - حي القادسية,الروضة,بلدية,بلدية الروضة,True,False,لا يوجد,,0,,,False,none,,2,True
Data 2025.xlsx,2817,2025-12-04,2025-12,2025-W49,4,3,be-0037-r01,be-0037-R01,ديو,المشروبات الغازية (الغير كحولية) (Carbonated beverages) (non - alcoholic ),non - alcoholic,المشروبات الغازية (الغير كحولية) (Carbonated beverages) (non - alcoholic ),beverage,شركة كودو - حي القادسية,شركة كودو,حي القادسية,شركة كودو - حي القادسية,الروضة,بلدية,بلدية الروضة,True,False,لا يوجد,,0,,,False,none,,2,True
Data 2025.xlsx,2842,2025-12-04,2025-12,2025-W49,4,3,bri-0288-r01,bri-0288-R01,لبنة زعتر,لبنة زعتر,,لبنة زعتر,dairy,اسواق هابي فاميلي - حي الرمال,اسواق هابي فاميلي,حي الرمال,اسواق هابي فاميلي - حي الرمال,الروضة,بلدية,بلدية الروضة,False,True,الخمائر والاعفان,الخمائر والاعفان,1,,الخمائر والاعفان,False,indicator_only,,3,True
Data 2025.xlsx,2843,2025-12-04,2025-12,2025-W49,4,3,bri-0289-r01,bri-0289-R01,لبنة,لبنة,,لبنة,dairy,اسواق هابي فاميلي - حي الرمال,اسواق هابي فاميلي,حي الرمال,اسواق هابي فاميلي - حي الرمال,الروضة,بلدية,بلدية الروضة,True,False,لا يوجد,,0,,,False,none,,3,True
Data 2025.xlsx,2813,2025-12-04,2025-12,2025-W49,4,3,chee-0695-r01,Chee-0695-R01,جبن شيدر,(cheese) جبنة,cheese,(cheese) جبنة,dairy,شركة كودو - حي القادسية,شركة كودو,حي القادسية,شركة كودو - حي القادسية,الروضة,بلدية,بلدية الروضة,True,False,لا يوجد,,0,,,False,none,,2,True
Data 2025.xlsx,2844,2025-12-04,2025-12,2025-W49,4,3,chee-0696-r01,Chee-0696-R01,جبن مالح,جبن مالح,,جبن مالح,dairy,اسواق هابي فاميلي - حي الرمال,اسواق هابي فاميلي,حي الرمال,اسواق هابي فاميلي - حي الرمال,الروضة,بلدية,بلدية الروضة,True,False,لا يوجد,,0,,,False,none,,3,True
Data 2025.xlsx,2870,2025-12-04,2025-12,2025-W49,4,3,cho-0086-r01,cho-0086-R01,روشية بالشوكولاتة,الشوكولاته (Chocolate),Chocolate,الشوكولاته (Chocolate),sweets_bakery,نوسا حلويات - حي الرمال,نوسا حلويات,حي الرمال,نوسا حلويات - حي الرمال,الروضة,بلدية,بلدية الروضة,False,True,العد الكلي للبكتيريا,العد الكلي للبكتيريا,1,,العد الكلي للبكتيريا,False,indicator_only,,3,True
Data 2025.xlsx,2871,2025-12-04,2025-12,2025-W49,4,3,cho-0087-r01,cho-0087-R01,شوكولاتة بالبستاشو,الشوكولاته (Chocolate),Chocolate,الشوكولاته (Chocolate),sweets_bakery,نوسا حلويات - حي الرمال,نوسا حلويات,حي الرمال,نوسا حلويات - حي الرمال,الروضة,بلدية,بلدية الروضة,False,True,انتيروباكتريسي,انتيروباكتريسي,1,,انتيروباكتريسي,False,indicator_only,,4,True
Data 2025.xlsx,2830,2025-12-04,2025-12,2025-W49,4,3,co-0465-r01,co-0465-R01,دجاج على الفحم نص استواء,الدجاج المطبوخ (Cooked chicken),Cooked chicken,الدجاج المطبوخ (Cooked chicken),cooked_meat_poultry,مطعم فياض الخليج - حي الرمال,مطعم فياض الخليج,حي الرمال,مطعم فياض الخليج - حي الرمال,الروضة,بلدية,بلدية الروضة,True,False,لا يوجد,,0,,,False,none,,0,False
Data 2025.xlsx,2892,2025-12-04,2025-12,2025-W49,4,3,co-0466-r01,co-0466-R01,قطع شاورما دجاج,الدجاج المطبوخ (Cooked chicken),Cooked chicken,الدجاج المطبوخ (Cooked chicken),cooked_meat_poultry,مطعم لذائذ القيصر - حي الرمال,مطعم لذائذ القيصر,حي الرمال,مطعم لذائذ القيصر - حي الرمال,الروضة,بلدية,بلدية الروضة,False,True,العد الكلي للبكتيريا | استافيلوكوكس اورياس,العد الكلي للبكتيريا | استافيلوكوكس اورياس,2,استافيلوكوكس اورياس,العد الكلي للبكتيريا,True,pathogen,,5,True
Data 2025.xlsx,2845,2025-12-04,2025-12,2025-W49,4,3,flswe-0060-r01,FlSwe-0060-R01,حلاوة طحينة,حلاوة طحينة,,حلاوة طحينة,sauce_condiment,اسواق هابي فاميلي - حي الرمال,اسواق هابي فاميلي,حي الرمال,اسواق هابي فاميلي - حي الرمال,الروضة,بلدية,بلدية الروضة,True,False,لا يوجد,,0,,,False,none,,3,True
Data 2025.xlsx,2893,2025-12-04,2025-12,2025-W49,4,3,hs-0292-r01,HS-0292-R01,شطة شامية,الشطة (Hot sauce),Hot sauce,الشطة (Hot sauce),sauce_condiment,مطعم لذائذ القيصر - حي الرمال,مطعم لذائذ القيصر,حي الرمال,مطعم لذائذ القيصر - حي الرمال,الروضة,بلدية,بلدية الروضة,False,True,العد الكلي للبكتيريا | استافيلوكوكس اورياس,العد الكلي للبكتيريا | استافيلوكوكس اورياس,2,استافيلوكوكس اورياس,العد الكلي للبكتيريا,True,pathogen,,6,True
Data 2025.xlsx,2894,2025-12-04,2025-12,2025-W49,4,3,hs-0293-r01,HS-0293-R01,شطة عادية,الشطة (Hot sauce),Hot sauce,الشطة (Hot sauce),sauce_condiment,مطعم لذائذ القيصر - حي الرمال,مطعم لذائذ القيصر,حي الرمال,مطعم لذائذ القيصر - حي الرمال,الروضة,بلدية,بلدية الروضة,True,False,لا يوجد,,0,,,False,none,,6,True
Data 2025.xlsx,2814,2025-12-04,2025-12,2025-W49,4,3,icecrea-0106-r01,icecrea-0106-R01,ايس كريم فانيلا,(ice cream) ايسكريم,ice cream,(ice cream) ايسكريم,dairy,شركة كودو - حي القادسية,شركة كودو,حي القادسية,شركة كودو - حي القادسية,الروضة,بلدية,بلدية الروضة,True,False,لا يوجد,,0,,,False,none,,2,True
Data 2025.xlsx,2838,2025-12-04,2025-12,2025-W49,4,3,olv-0452-r01,olv-0452-R01,زيتون محشي فلفل,زيتون محشي فلفل,,زيتون محشي فلفل,produce,اسواق هابي فاميلي - حي الرمال,اسواق هابي فاميلي,حي الرمال,اسواق هابي فاميلي - حي الرمال,الروضة,بلدية,بلدية الروضة,False,True,خمائر,الخمائر والاعفان,1,,الخمائر والاعفان,False,indicator_only,,2,True
Data 2025.xlsx,2839,2025-12-04,2025-12,2025-W49,4,3,olv-0453-r01,olv-0453-R01,زيتون يوناني,زيتون يوناني,,زيتون يوناني,produce,اسواق هابي فاميلي - حي الرمال,اسواق هابي فاميلي,حي الرمال,اسواق هابي فاميلي - حي الرمال,الروضة,بلدية,بلدية الروضة,True,False,لا يوجد,,0,,,False,none,,2,True
Data 2025.xlsx,2835,2025-12-04,2025-12,2025-W49,4,3,pick-0369-r01,Pick-0369-R01,مخلل مشكل,مخلل مشكل,,مخلل مشكل,sauce_condiment,اسواق هابي فاميلي - حي الرمال,اسواق هابي فاميلي,حي الرمال,اسواق هابي فاميلي - حي الرمال,الروضة,بلدية,بلدية الروضة,False,True,خمائر,الخمائر والاعفان,1,,الخمائر والاعفان,False,indicator_only,,1,False
Data 2025.xlsx,2836,2025-12-04,2025-12,2025-W49,4,3,pick-0370-r01,Pick-0370-R01,مخلل خيار صغير,مخلل خيار صغير,,مخلل خيار صغير,produce,اسواق هابي فاميلي - حي الرمال,اسواق هابي فاميلي,حي الرمال,اسواق هابي فاميلي - حي الرمال,الروضة,بلدية,بلدية الروضة,True,False,لا يوجد,,0,,,False,none,,1,False
Data 2025.xlsx,2837,2025-12-04,2025-12,2025-W49,4,3,pick-0371-r01,Pick-0371-R01,مخلل حار,مخلل حار,,مخلل حار,sauce_condiment,اسواق هابي فاميلي - حي الرمال,اسواق هابي فاميلي,حي الرمال,اسواق هابي فاميلي - حي الرمال,الروضة,بلدية,بلدية الروضة,True,False,لا يوجد,,0,,,False,none,,1,False
Data 2025.xlsx,2799,2025-12-04,2025-12,2025-W49,4,3,raw-0078-r01,Raw-0078-R01,كلية نعيمي بلدي,لحوم نيئة مبردة ومجمدة (Raw meat Cold or chilled ),Raw meat Cold or chilled,لحوم نيئة مبردة ومجمدة (Raw meat Cold or chilled ),raw_meat,محل زواية الهلال للحوم الطازجة,محل زواية الهلال للحوم الطازجة,,محل زواية الهلال للحوم الطازجة,المعذر,بلدية,بلدية المعذر,False,True,العد الكلي للبكتيريا | السالمونيلا,العد الكلي للبكتيريا | السالمونيلا,2,السالمونيلا,العد الكلي للبكتيريا,True,pathogen,,1,False
Data 2025.xlsx,2800,2025-12-04,2025-12,2025-W49,4,3,raw-0079-r01,Raw-0079-R01,كبدة نعيمي بلدي,لحوم نيئة مبردة ومجمدة (Raw meat Cold or chilled ),Raw meat Cold or chilled,لحوم نيئة مبردة ومجمدة (Raw meat Cold or chilled ),raw_meat,محل زواية الهلال للحوم الطازجة,محل زواية الهلال للحوم الطازجة,,محل زواية الهلال للحوم الطازجة,المعذر,بلدية,بلدية المعذر,False,True,العد الكلي للبكتيريا | السالمونيلا,العد الكلي للبكتيريا | السالمونيلا,2,السالمونيلا,العد الكلي للبكتيريا,True,pathogen,,2,True
Data 2025.xlsx,2801,2025-12-04,2025-12,2025-W49,4,3,raw-0080-r01,Raw-0080-R01,لحم بطن نعيمي بلدي,لحوم نيئة مبردة ومجمدة (Raw meat Cold or chilled ),Raw meat Cold or chilled,لحوم نيئة مبردة ومجمدة (Raw meat Cold or chilled ),raw_meat,محل زواية الهلال للحوم الطازجة,محل زواية الهلال للحوم الطازجة,,محل زواية الهلال للحوم الطازجة,المعذر,بلدية,بلدية المعذر,False,True,العد الكلي للبكتيريا | السالمونيلا,العد الكلي للبكتيريا | السالمونيلا,2,السالمونيلا,العد الكلي للبكتيريا,True,pathogen,,3,True
Data 2025.xlsx,2802,2025-12-04,2025-12,2025-W49,4,3,raw-0081-r01,Raw-0081-R01,لحم يد حاشي بلدي,لحوم نيئة مبردة ومجمدة (Raw meat Cold or chilled ),Raw meat Cold or chilled,لحوم نيئة مبردة ومجمدة (Raw meat Cold or chilled ),raw_meat,محل زواية الهلال للحوم الطازجة,محل زواية الهلال للحوم الطازجة,,محل زواية الهلال للحوم الطازجة,المعذر,بلدية,بلدية المعذر,False,True,العد الكلي للبكتيريا | السالمونيلا,العد الكلي للبكتيريا | السالمونيلا,2,السالمونيلا,العد الكلي للبكتيريا,True,pathogen,,4,True
Data 2025.xlsx,2803,2025-12-04,2025-12,2025-W49,4,3,raw-0082-r01,Raw-0082-R01,كلية حاشي بلدي,لحوم نيئة مبردة ومجمدة (Raw meat Cold or chilled ),Raw meat Cold or chilled,لحوم نيئة مبردة ومجمدة (Raw meat Cold or chilled ),raw_meat,محل زواية الهلال للحوم الطازجة,محل زواية الهلال للحوم الطازجة,,محل زواية الهلال للحوم الطازجة,المعذر,بلدية,بلدية المعذر,False,True,العد الكلي للبكتيريا | السالمونيلا,العد الكلي للبكتيريا | السالمونيلا,2,السالمونيلا,العد الكلي للبكتيريا,True,pathogen,,5,True
Data 2025.xlsx,2822,2025-12-04,2025-12,2025-W49,4,3,sal-1212-r01,Sal-1212-R01,سلطة خضراء,السلطة(Salad),Salad,السلطة(Salad),produce,حاشي باشا - حي الرمال,حاشي باشا,حي الرمال,حاشي باشا - حي الرمال,الروضة,بلدية,بلدية الروضة,True,False,لا يوجد,,0,,,False,none,,0,False
Data 2025.xlsx,2823,2025-12-04,2025-12,2025-W49,4,3,sal-1213-r01,Sal-1213-R01,سلطة بصل وطماطم,السلطة(Salad),Salad,السلطة(Salad),produce,حاشي باشا - حي الرمال,حاشي باشا,حي الرمال,حاشي باشا - حي الرمال,الروضة,بلدية,بلدية الروضة,True,False,لا يوجد,,0,,,False,none,,0,False
Data 2025.xlsx,2824,2025-12-04,2025-12,2025-W49,4,3,sal-1214-r01,Sal-1214-R01,سلطة زبادي,السلطة(Salad),Salad,السلطة(Salad),produce,حاشي باشا - حي الرمال,حاشي باشا,حي الرمال,حاشي باشا - حي الرمال,الروضة,بلدية,بلدية الروضة,True,False,لا يوجد,,0,,,False,none,,0,False
Data 2025.xlsx,2825,2025-12-04,2025-12,2025-W49,4,3,sal-1215-r01,Sal-1215-R01,سلطة سوماطرا,السلطة(Salad),Salad,السلطة(Salad),produce,حاشي باشا - حي الرمال,حاشي باشا,حي الرمال,حاشي باشا - حي الرمال,الروضة,بلدية,بلدية الروضة,True,False,لا يوجد,,0,,,False,none,,0,False
Data 2025.xlsx,2826,2025-12-04,2025-12,2025-W49,4,3,sal-1216-r01,Sal-1216-R01,سلطة حارة,السلطة(Salad),Salad,السلطة(Salad),produce,حاشي باشا - حي الرمال,حاشي باشا,حي الرمال,حاشي باشا - حي الرمال,الروضة,بلدية,بلدية الروضة,True,False,لا يوجد,,0,,,False,none,,0,False
Data 2025.xlsx,2827,2025-12-04,2025-12,2025-W49,4,3,sal-1217-r01,Sal-1217-R01,بصل مع ليمون سلطة,السلطة(Salad),Salad,السلطة(Salad),produce,حاشي باشا - حي الرمال,حاشي باشا,حي الرمال,حاشي باشا - حي الرمال,الروضة,بلدية,بلدية الروضة,True,False,لا يوجد,,0,,,False,none,,0,False
Data 2025.xlsx,2833,2025-12-04,2025-12,2025-W49,4,3,sal-1218-r01,Sal-1218-R01,سلطة خضراء,(Swabs) المسحات,Swabs,(Swabs) المسحات,swab,مطعم فياض الخليج - حي الرمال,مطعم فياض الخليج,حي الرمال,مطعم فياض الخليج - حي الرمال,الروضة,بلدية,بلدية الروضة,True,False,لا يوجد,,0,,,False,none,,0,False
Data 2025.xlsx,2834,2025-12-04,2025-12,2025-W49,4,3,sal-1219-r01,Sal-1219-R01,سلطة زبادي,السلطة(Salad),Salad,السلطة(Salad),produce,مطعم فياض الخليج - حي الرمال,مطعم فياض الخليج,حي الرمال,مطعم فياض الخليج - حي الرمال,الروضة,بلدية,بلدية الروضة,True,False,لا يوجد,,0,,,False,none,,0,False
Data 2025.xlsx,2840,2025-12-04,2025-12,2025-W49,4,3,sal-1220-r01,Sal-1220-R01,سلطة جبن مع زيتون,سلطة جبن مع زيتون,,سلطة جبن مع زيتون,dairy,اسواق هابي فاميلي - حي الرمال,اسواق هابي فاميلي,حي الرمال,اسواق هابي فاميلي - حي الرمال,الروضة,بلدية,بلدية الروضة,True,False,لا يوجد,,0,,,False,none,,2,True
Data 2025.xlsx,2841,2025-12-04,2025-12,2025-W49,4,3,sal-1221-r01,Sal-1221-R01,سلطة جبن مع زيتون حار,سلطة جبن مع زيتون حار,,سلطة جبن مع زيتون حار,dairy,اسواق هابي فاميلي - حي الرمال,اسواق هابي فاميلي,حي الرمال,اسواق هابي فاميلي - حي الرمال,الروضة,بلدية,بلدية الروضة,True,False,لا يوجد,,0,,,False,none,,2,True
Data 2025.xlsx,2886,2025-12-04,2025-12,2025-W49,4,3,sal-1222-r01,Sal-1222-R01,سلطة جزر,السلطة(Salad),Salad,السلطة(Salad),produce,مطعم لذائذ القيصر - حي الرمال,مطعم لذائذ القيصر,حي الرمال,مطعم لذائذ القيصر - حي الرمال,الروضة,بلدية,بلدية الروضة,True,False,لا يوجد,,0,,,False,none,,1,False
Data 2025.xlsx,2887,2025-12-04,2025-12,2025-W49,4,3,sal-1223-r01,Sal-1223-R01,سلطة ملفوف,السلطة(Salad),Salad,السلطة(Salad),produce,مطعم لذائذ القيصر - حي الرمال,مطعم لذائذ القيصر,حي الرمال,مطعم لذائذ القيصر - حي الرمال,الروضة,بلدية,بلدية الروضة,True,False,لا يوجد,,0,,,False,none,,1,False
Data 2025.xlsx,2888,2025-12-04,2025-12,2025-W49,4,3,sal-1224-r01,Sal-1224-R01,سلطة روسية,السلطة(Salad),Salad,السلطة(Salad),produce,مطعم لذائذ القيصر - حي الرمال,مطعم لذائذ القيصر,حي الرمال,مطعم لذائذ القيصر - حي الرمال,الروضة,بلدية,بلدية الروضة,True,False,لا يوجد,,0,,,False,none,,1,False
Data 2025.xlsx,2889,2025-12-04,2025-12,2025-W49,4,3,sal-1225-r01,Sal-1225-R01,سلطة مشاوي,السلطة(Salad),Salad,السلطة(Salad),produce,مطعم لذائذ القيصر - حي الرمال,مطعم لذائذ القيصر,حي الرمال,مطعم لذائذ القيصر - حي الرمال,الروضة,بلدية,بلدية الروضة,False,True,استافيلوكوكس اورياس,استافيلوكوكس اورياس,1,استافيلوكوكس اورياس,,True,pathogen,,2,True
Data 2025.xlsx,2804,2025-12-04,2025-12,2025-W49,4,3,sau-1354-r01,sau-1354-R01,صوص بريتو,صوص (sauce),sauce,صوص (sauce),sauce_condiment,شركة كودو - حي القادسية,شركة كودو,حي القادسية,شركة كودو - حي القادسية,الروضة,بلدية,بلدية الروضة,True,False,لا يوجد,,0,,,False,none,,0,False
Data 2025.xlsx,2805,2025-12-04,2025-12,2025-W49,4,3,sau-1355-r01,sau-1355-R01,صوص جبن,صوص (sauce),sauce,صوص (sauce),sauce_condiment,شركة كودو - حي القادسية,شركة كودو,حي القادسية,شركة كودو - حي القادسية,الروضة,بلدية,بلدية الروضة,True,False,لا يوجد,,0,,,False,none,,0,False
Data 2025.xlsx,2806,2025-12-04,2025-12,2025-W49,4,3,sau-1356-r01,sau-1356-R01,صوص هريسة,صوص (sauce),sauce,صوص (sauce),sauce_condiment,شركة كودو - حي القادسية,شركة كودو,حي القادسية,شركة كودو - حي القادسية,الروضة,بلدية,بلدية الروضة,True,False,لا يوجد,,0,,,False,none,,0,False
Data 2025.xlsx,2807,2025-12-04,2025-12,2025-W49,4,3,sau-1357-r01,sau-1357-R01,صوص هني غاليك مايو,صوص (sauce),sauce,صوص (sauce),sauce_condiment,شركة كودو - حي القادسية,شركة كودو,حي القادسية,شركة كودو - حي القادسية,الروضة,بلدية,بلدية الروضة,True,False,لا يوجد,,0,,,False,none,,0,False
Data 2025.xlsx,2808,2025-12-04,2025-12,2025-W49,4,3,sau-1358-r01,sau-1358-R01,خفيف صوص,صوص (sauce),sauce,صوص (sauce),sauce_condiment,شركة كودو - حي القادسية,شركة كودو,حي القادسية,شركة كودو - حي القادسية,الروضة,بلدية,بلدية الروضة,False,True,العد الكلي للبكتيريا,العد الكلي للبكتيريا,1,,العد الكلي للبكتيريا,False,indicator_only,,1,False
Data 2025.xlsx,2809,2025-12-04,2025-12,2025-W49,4,3,sau-1359-r01,sau-1359-R01,ثاوز اوينون صوص,صوص (sauce),sauce,صوص (sauce),sauce_condiment,شركة كودو - حي القادسية,شركة كودو,حي القادسية,شركة كودو - حي القادسية,الروضة,بلدية,بلدية الروضة,True,False,لا يوجد,,0,,,False,none,,1,False
Data 2025.xlsx,2810,2025-12-04,2025-12,2025-W49,4,3,sau-1360-r01,sau-1360-R01,مايونيز صوص,صوص (sauce),sauce,صوص (sauce),sauce_condiment,شركة كودو - حي القادسية,شركة كودو,حي القادسية,شركة كودو - حي القادسية,الروضة,بلدية,بلدية الروضة,True,False,لا يوجد,,0,,,False,none,,1,False
Data 2025.xlsx,2811,2025-12-04,2025-12,2025-W49,4,3,sau-1361-r01,sau-1361-R01,سموكي صوص,صوص (sauce),sauce,صوص (sauce),sauce_condiment,شركة كودو - حي القادسية,شركة كودو,حي القادسية,شركة كودو - حي القادسية,الروضة,بلدية,بلدية الروضة,True,False,لا يوجد,,0,,,False,none,,1,False
Data 2025.xlsx,2821,2025-12-04,2025-12,2025-W49,4,3,sau-1362-r01,sau-1362-R01,سلانترو صوص,صوص (sauce),sauce,صوص (sauce),sauce_condiment,شركة كودو - حي القادسية,شركة كودو,حي القادسية,شركة كودو - حي القادسية,الروضة,بلدية,بلدية الروضة,False,True,العد الكلي للبكتيريا,العد الكلي للبكتيريا,1,,العد الكلي للبكتيريا,False,indicator_only,,3,True
Data 2025.xlsx,2829,2025-12-04,2025-12,2025-W49,4,3,sau-1363-r01,sau-1363-R01,صوص شيرة,صوص (sauce),sauce,صوص (sauce),sauce_condiment,حاشي باشا - حي الرمال,حاشي باشا,حي الرمال,حاشي باشا - حي الرمال,الروضة,بلدية,بلدية الروضة,True,False,لا يوجد,,0,,,False,none,,1,False
Data 2025.xlsx,2890,2025-12-04,2025-12,2025-W49,4,3,sau-1364-r01,sau-1364-R01,صوص مايونيز,صوص (sauce),sauce,صوص (sauce),sauce_condiment,مطعم لذائذ القيصر - حي الرمال,مطعم لذائذ القيصر,حي الرمال,مطعم لذائذ القيصر - حي الرمال,الروضة,بلدية,بلدية الروضة,False,True,العد الكلي للبكتيريا | استافيلوكوكس اورياس,العد الكلي للبكتيريا | استافيلوكوكس اورياس,2,استافيلوكوكس اورياس,العد الكلي للبكتيريا,True,pathogen,,3,True
Data 2025.xlsx,2891,2025-12-04,2025-12,2025-W49,4,3,sau-1365-r01,sau-1365-R01,صوص ثوم,صوص (sauce),sauce,صوص (sauce),sauce_condiment,مطعم لذائذ القيصر - حي الرمال,مطعم لذائذ القيصر,حي الرمال,مطعم لذائذ القيصر - حي الرمال,الروضة,بلدية,بلدية الروضة,False,True,العد الكلي للبكتيريا | استافيلوكوكس اورياس,العد الكلي للبكتيريا | استافيلوكوكس اورياس,2,استافيلوكوكس اورياس,العد الكلي للبكتيريا,True,pathogen,,4,True
Data 2025.xlsx,2812,2025-12-04,2025-12,2025-W49,4,3,sw-2761-r01,sw-2761-R01,مسحة يد,(Swabs) المسحات,Swabs,(Swabs) المسحات,swab,شركة كودو - حي القادسية,شركة كودو,حي القادسية,شركة كودو - حي القادسية,الروضة,بلدية,بلدية الروضة,False,True,العد الكلي للبكتيريا,العد الكلي للبكتيريا,1,,العد الكلي للبكتيريا,False,indicator_only,,2,True
Data 2025.xlsx,2818,2025-12-04,2025-12,2025-W49,4,3,sw-2762-r01,sw-2762-R01,مسحة طاولة تحضير,(Swabs) المسحات,Swabs,(Swabs) المسحات,swab,شركة كودو - حي القادسية,شركة كودو,حي القادسية,شركة كودو - حي القادسية,الروضة,بلدية,بلدية الروضة,True,False,لا يوجد,,0,,,False,none,,2,True
Data 2025.xlsx,2819,2025-12-04,2025-12,2025-W49,4,3,sw-2763-r01,sw-2763-R01,مسحة طاولة تحضير,(Swabs) المسحات,Swabs,(Swabs) المسحات,swab,شركة كودو - حي القادسية,شركة كودو,حي القادسية,شركة كودو - حي القادسية,الروضة,بلدية,بلدية الروضة,True,False,لا يوجد,,0,,,False,none,,2,True
Data 2025.xlsx,2832,2025-12-04,2025-12,2025-W49,4,3,sw-2764-r01,sw-2764-R01,مسحة ادوات,السلطة(Salad),Salad,السلطة(Salad),produce,مطعم فياض الخليج - حي الرمال,مطعم فياض الخليج,حي الرمال,مطعم فياض الخليج - حي الرمال,الروضة,بلدية,بلدية الروضة,True,False,لا يوجد,,0,,,False,none,,0,False
Data 2025.xlsx,2847,2025-12-04,2025-12,2025-W49,4,3,sw-2765-r01,sw-2765-R01,مسحة ثلاجة,مسحة ثلاجة 1,,مسحة ثلاجة 1,swab,اسواق هابي فاميلي - حي الرمال,اسواق هابي فاميلي,حي الرمال,اسواق هابي فاميلي - حي الرمال,الروضة,بلدية,بلدية الروضة,True,False,لا يوجد,,0,,,False,none,,3,True
Data 2025.xlsx,2848,2025-12-04,2025-12,2025-W49,4,3,sw-2766-r01,sw-2766-R01,مسحة ثلاجة,مسحة ثلاجة 2,,مسحة ثلاجة 2,swab,اسواق هابي فاميلي - حي الرمال,اسواق هابي فاميلي,حي الرمال,اسواق هابي فاميلي - حي الرمال,الروضة,بلدية,بلدية الروضة,True,False,لا يوجد,,0,,,False,none,,3,True
Data 2025.xlsx,2849,2025-12-04,2025-12,2025-W49,4,3,sw-2767-r01,sw-2767-R01,مسحة ثلاجة,مسحة ثلاجة 3,,مسحة ثلاجة 3,swab,اسواق هابي فاميلي - حي الرمال,اسواق هابي فاميلي,حي الرمال,اسواق هابي فاميلي - حي الرمال,الروضة,بلدية,بلدية الروضة,True,False,لا يوجد,,0,,,False,none,,3,True
Data 2025.xlsx,2850,2025-12-04,2025-12,2025-W49,4,3,sw-2768-r01,sw-2768-R01,مسحة ثلاجة,مسحة ثلاجة 4,,مسحة ثلاجة 4,swab,اسواق هابي فاميلي - حي الرمال,اسواق هابي فاميلي,حي الرمال,اسواق هابي فاميلي - حي الرمال,الروضة,بلدية,بلدية الروضة,True,False,لا يوجد,,0,,,False,none,,3,True
Data 2025.xlsx,2851,2025-12-04,2025-12,2025-W49,4,3,sw-2769-r01,sw-2769-R01,مسحة حافظة حلاوة طحينة,مسحة حافظة حلاوة طحينة 1,,مسحة حافظة حلاوة طحينة 1,swab,اسواق هابي فاميلي - حي الرمال,اسواق هابي فاميلي,حي الرمال,اسواق هابي فاميلي - حي الرمال,الروضة,بلدية,بلدية الروضة,True,False,لا يوجد,,0,,,False,none,,3,True
Data 2025.xlsx,2852,2025-12-04,2025-12,2025-W49,4,3,sw-2770-r01,sw-2770-R01,مسحة حافظة حلاوة طحينة,مسحة حافظة حلاوة طحينة 2,,مسحة حافظة حلاوة طحينة 2,swab,اسواق هابي فاميلي - حي الرمال,اسواق هابي فاميلي,حي الرمال,اسواق هابي فاميلي - حي الرمال,الروضة,بلدية,بلدية الروضة,True,False,لا يوجد,,0,,,False,none,,3,True
Data 2025.xlsx,2862,2025-12-04,2025-12,2025-W49,4,3,sw-2771-r01,sw-2771-R01,مسحة حافظة حلا,مسحة حافظة حلا 1,,مسحة حافظة حلا 1,swab,اسواق هابي فاميلي - حي الرمال,اسواق هابي فاميلي,حي الرمال,اسواق هابي فاميلي - حي الرمال,الروضة,بلدية,بلدية الروضة,True,False,لا يوجد,,0,,,False,none,,4,True
Data 2025.xlsx,2863,2025-12-04,2025-12,2025-W49,4,3,sw-2772-r01,sw-2772-R01,مسحة حافظة حلا,مسحة حافظة حلا 2,,مسحة حافظة حلا 2,swab,اسواق هابي فاميلي - حي الرمال,اسواق هابي فاميلي,حي الرمال,اسواق هابي فاميلي - حي الرمال,الروضة,بلدية,بلدية الروضة,True,False,لا يوجد,,0,,,False,none,,4,True
Data 2025.xlsx,2875,2025-12-04,2025-12,2025-W49,4,3,sw-2773-r01,sw-2773-R01,مسحة ثلاجة كيك,(Swabs) المسحات,Swabs,(Swabs) المسحات,swab,نوسا حلويات - حي الرمال,نوسا حلويات,حي الرمال,نوسا حلويات - حي الرمال,الروضة,بلدية,بلدية الروضة,True,False,لا يوجد,,0,,,False,none,,4,True
Data 2025.xlsx,2876,2025-12-04,2025-12,2025-W49,4,3,sw-2774-r01,sw-2774-R01,مسحة ثلاجة كيك,(Swabs) المسحات,Swabs,(Swabs) المسحات,swab,نوسا حلويات - حي الرمال,نوسا حلويات,حي الرمال,نوسا حلويات - حي الرمال,الروضة,بلدية,بلدية الروضة,True,False,لا يوجد,,0,,,False,none,,4,True
Data 2025.xlsx,2877,2025-12-04,2025-12,2025-W49,4,3,sw-2775-r01,sw-2775-R01,مسحة ثلاجة حلا,(Swabs) المسحات,Swabs,(Swabs) المسحات,swab,نوسا حلويات - حي الرمال,نوسا حلويات,حي الرمال,نوسا حلويات - حي الرمال,الروضة,بلدية,بلدية الروضة,False,True,العد الكلي للبكتيريا,العد الكلي للبكتيريا,1,,العد الكلي للبكتيريا,False,indicator_only,,5,True
Data 2025.xlsx,2878,2025-12-04,2025-12,2025-W49,4,3,sw-2776-r01,sw-2776-R01,مسحة ثلاجة حلا,(Swabs) المسحات,Swabs,(Swabs) المسحات,swab,نوسا حلويات - حي الرمال,نوسا حلويات,حي الرمال,نوسا حلويات - حي الرمال,الروضة,بلدية,بلدية الروضة,False,True,العد الكلي للبكتيريا,العد الكلي للبكتيريا,1,,العد الكلي للبكتيريا,False,indicator_only,,6,True
Data 2025.xlsx,2879,2025-12-04,2025-12,2025-W49,4,3,sw-2777-r01,sw-2777-R01,مسحة حافظة بسبوسة,(Swabs) المسحات,Swabs,(Swabs) المسحات,swab,نوسا حلويات - حي الرمال,نوسا حلويات,حي الرمال,نوسا حلويات - حي الرمال,الروضة,بلدية,بلدية الروضة,False,True,العد الكلي للبكتيريا,العد الكلي للبكتيريا,1,,العد الكلي للبكتيريا,False,indicator_only,,7,True
Data 2025.xlsx,2880,2025-12-04,2025-12,2025-W49,4,3,sw-2778-r01,sw-2778-R01,مسحة حافظة بسبوسة,(Swabs) المسحات,Swabs,(Swabs) المسحات,swab,نوسا حلويات - حي الرمال,نوسا حلويات,حي الرمال,نوسا حلويات - حي الرمال,الروضة,بلدية,بلدية الروضة,True,False,لا يوجد,,0,,,False,none,,7,True
Data 2025.xlsx,2881,2025-12-04,2025-12,2025-W49,4,3,sw-2779-r01,sw-2779-R01,مسحة حافظة بلح الشام,(Swabs) المسحات,Swabs,(Swabs) المسحات,swab,نوسا حلويات - حي الرمال,نوسا حلويات,حي الرمال,نوسا حلويات - حي الرمال,الروضة,بلدية,بلدية الروضة,True,False,لا يوجد,,0,,,False,none,,7,True
Data 2025.xlsx,2895,2025-12-04,2025-12,2025-W49,4,3,sw-2780-r01,sw-2780-R01,مسحة ادوات تقطيع,(Swabs) المسحات,Swabs,(Swabs) المسحات,swab,مطعم لذائذ القيصر - حي الرمال,مطعم لذائذ القيصر,حي الرمال,مطعم لذائذ القيصر - حي الرمال,الروضة,بلدية,بلدية الروضة,False,True,العد الكلي للبكتيريا | استافيلوكوكس اورياس,العد الكلي للبكتيريا | استافيلوكوكس اورياس,2,استافيلوكوكس اورياس,العد الكلي للبكتيريا,True,pathogen,,7,True
Data 2025.xlsx,2828,2025-12-04,2025-12,2025-W49,4,3,sweet-0894-r01,sweet-0894-R01,حلا ام علي,الحلا(sweetness),sweetness,الحلا(sweetness),sweets_bakery,حاشي باشا - حي الرمال,حاشي باشا,حي الرمال,حاشي باشا - حي الرمال,الروضة,بلدية,بلدية الروضة,False,True,استافيلوكوكس اورياس,استافيلوكوكس اورياس,1,استافيلوكوكس اورياس,,True,pathogen,,1,False
Data 2025.xlsx,2859,2025-12-04,2025-12,2025-W49,4,3,sweet-0895-r01,sweet-0895-R01,بيتي فور,بيتي فور,,بيتي فور,other,اسواق هابي فاميلي - حي الرمال,اسواق هابي فاميلي,حي الرمال,اسواق هابي فاميلي - حي الرمال,الروضة,بلدية,بلدية الروضة,True,False,لا يوجد,,0,,,False,none,sample_type_unbucketed,3,True
Data 2025.xlsx,2860,2025-12-04,2025-12,2025-W49,4,3,sweet-0896-r01,sweet-0896-R01,كب كيك سادة,كب كيك سادة,,كب كيك سادة,sweets_bakery,اسواق هابي فاميلي - حي الرمال,اسواق هابي فاميلي,حي الرمال,اسواق هابي فاميلي - حي الرمال,الروضة,بلدية,بلدية الروضة,False,True,العد الكلي للبكتيريا | استافيلوكوكس اورياس,العد الكلي للبكتيريا | استافيلوكوكس اورياس,2,استافيلوكوكس اورياس,العد الكلي للبكتيريا,True,pathogen,,4,True
Data 2025.xlsx,2864,2025-12-04,2025-12,2025-W49,4,3,sweet-0897-r01,sweet-0897-R01,وربات بالقشطة,الحلا(sweetness),sweetness,الحلا(sweetness),sweets_bakery,نوسا حلويات - حي الرمال,نوسا حلويات,حي الرمال,نوسا حلويات - حي الرمال,الروضة,بلدية,بلدية الروضة,False,True,استافيلوكوكس اورياس,استافيلوكوكس اورياس,1,استافيلوكوكس اورياس,,True,pathogen,,1,False
Data 2025.xlsx,2865,2025-12-04,2025-12,2025-W49,4,3,sweet-0898-r01,sweet-0898-R01,بلح الشام,الحلا(sweetness),sweetness,الحلا(sweetness),sweets_bakery,نوسا حلويات - حي الرمال,نوسا حلويات,حي الرمال,نوسا حلويات - حي الرمال,الروضة,بلدية,بلدية الروضة,False,True,استافيلوكوكس اورياس,استافيلوكوكس اورياس,1,استافيلوكوكس اورياس,,True,pathogen,,2,True
Data 2025.xlsx,2866,2025-12-04,2025-12,2025-W49,4,3,sweet-0899-r01,sweet-0899-R01,هريسة بالمكسرات,الحلا(sweetness),sweetness,الحلا(sweetness),sweets_bakery,نوسا حلويات - حي الرمال,نوسا حلويات,حي الرمال,نوسا حلويات - حي الرمال,الروضة,بلدية,بلدية الروضة,True,False,لا يوجد,,0,,,False,none,,2,True
Data 2025.xlsx,2867,2025-12-04,2025-12,2025-W49,4,3,sweet-0900-r01,sweet-0900-R01,بسبوسة بالجوز الهند,الحلا(sweetness),sweetness,الحلا(sweetness),sweets_bakery,نوسا حلويات - حي الرمال,نوسا حلويات,حي الرمال,نوسا حلويات - حي الرمال,الروضة,بلدية,بلدية الروضة,True,False,لا يوجد,,0,,,False,none,,2,True
Data 2025.xlsx,2868,2025-12-04,2025-12,2025-W49,4,3,sweet-0901-r01,sweet-0901-R01,بسبوسة بالشوكولاتة,الحلا(sweetness),sweetness,الحلا(sweetness),sweets_bakery,نوسا حلويات - حي الرمال,نوسا حلويات,حي الرمال,نوسا حلويات - حي الرمال,الروضة,بلدية,بلدية الروضة,True,False,لا يوجد,,0,,,False,none,,2,True
Data 2025.xlsx,2869,2025-12-04,2025-12,2025-W49,4,3,sweet-0902-r01,sweet-0902-R01,تشيز بالكندر,الحلا(sweetness),sweetness,الحلا(sweetness),sweets_bakery,نوسا حلويات - حي الرمال,نوسا حلويات,حي الرمال,نوسا حلويات - حي الرمال,الروضة,بلدية,بلدية الروضة,True,False,لا يوجد,,0,,,False,none,,2,True
Data 2025.xlsx,2872,2025-12-04,2025-12,2025-W49,4,3,sweet-0903-r01,sweet-0903-R01,كراميل مع كنافة,الحلا(sweetness),sweetness,الحلا(sweetness),sweets_bakery,نوسا حلويات - حي الرمال,نوسا حلويات,حي الرمال,نوسا حلويات - حي الرمال,الروضة,بلدية,بلدية الروضة,True,False,لا يوجد,,0,,,False,none,,4,True
Data 2025.xlsx,2873,2025-12-04,2025-12,2025-W49,4,3,sweet-0904-r01,sweet-0904-R01,سينابون,الحلا(sweetness),sweetness,الحلا(sweetness),sweets_bakery,نوسا حلويات - حي الرمال,نوسا حلويات,حي الرمال,نوسا حلويات - حي الرمال,الروضة,بلدية,بلدية الروضة,True,False,لا يوجد,,0,,,False,none,,4,True
Data 2025.xlsx,2874,2025-12-04,2025-12,2025-W49,4,3,sweet-0905-r01,sweet-0905-R01,تشيز كيك توت,الحلا(sweetness),sweetness,الحلا(sweetness),sweets_bakery,نوسا حلويات - حي الرمال,نوسا حلويات,حي الرمال,نوسا حلويات - حي الرمال,الروضة,بلدية,بلدية الروضة,True,False,لا يوجد,,0,,,False,none,,4,True
Data 2025.xlsx,4283,2025-12-05,2025-12,2025-W49,4,4,1-2998-R01,1-2998-R01,فطيرة تفاح بالجنة,(Pie) فطيرة,Pie,(Pie) فطيرة,sweets_bakery,حلويات دانة الارياف - حي اليرموك,حلويات دانة الارياف,حي اليرموك,حلويات دانة الارياف - حي اليرموك,الروضة,بلدية,بلدية الروضة,True,False,لا يوجد,,0,,,False,none,,0,False
Data 2025.xlsx,4292,2025-12-05,2025-12,2025-W49,4,4,1-2999-R01,1-2999-R01,ساندويتش فلافل,معجنات (pastries),pastries,معجنات (pastries),sweets_bakery,حلويات دانة الارياف - حي اليرموك,حلويات دانة الارياف,حي اليرموك,حلويات دانة الارياف - حي اليرموك,الروضة,بلدية,بلدية الروضة,True,False,لا يوجد,,0,,,False,none,,2,True
Data 2025.xlsx,4293,2025-12-05,2025-12,2025-W49,4,4,1-3000-R01,1-3000-R01,ساندويتش تونة,معجنات (pastries),pastries,معجنات (pastries),sweets_bakery,حلويات دانة الارياف - حي اليرموك,حلويات دانة الارياف,حي اليرموك,حلويات دانة الارياف - حي اليرموك,الروضة,بلدية,بلدية الروضة,True,False,لا يوجد,,0,,,False,none,,2,True
Data 2025.xlsx,4294,2025-12-05,2025-12,2025-W49,4,4,1-3001-R01,1-3001-R01,مناقيش لبنة بالزيتون,معجنات (pastries),pastries,معجنات (pastries),sweets_bakery,حلويات دانة الارياف - حي اليرموك,حلويات دانة الارياف,حي اليرموك,حلويات دانة الارياف - حي اليرموك,الروضة,بلدية,بلدية الروضة,True,False,لا يوجد,,0,,,False,none,,2,True
Data 2025.xlsx,4304,2025-12-05,2025-12,2025-W49,4,4,O-U-to-0615-R01,O-U-to-0615-R01,قطع طماطم,الطماطم (Tomatoes),Tomatoes,الطماطم (Tomatoes),produce,مطعم شارع حمزة - حي اليرموك,مطعم شارع حمزة,حي اليرموك,مطعم شارع حمزة - حي اليرموك,الروضة,بلدية,بلدية الروضة,True,False,لا يوجد,,0,,,False,none,,3,True
Data 2025.xlsx,4327,2025-12-05,2025-12,2025-W49,4,4,O-U-to-0616-R01,O-U-to-0616-R01,شرائح طماطم,الطماطم (Tomatoes),Tomatoes,الطماطم (Tomatoes),produce,فروج ابو العبد - حي اليرموك,فروج ابو العبد,حي اليرموك,فروج ابو العبد - حي اليرموك,الروضة,بلدية,بلدية الروضة,False,True,استافيلوكوكس اورياس,استافيلوكوكس اورياس,1,استافيلوكوكس اورياس,,True,pathogen,,5,True
Data 2025.xlsx,4349,2025-12-05,2025-12,2025-W49,4,4,O-U-to-0617-R01,O-U-to-0617-R01,شرائح طماطم,الطماطم (Tomatoes),Tomatoes,الطماطم (Tomatoes),produce,ماكدونالدز - حي اليرموك,ماكدونالدز,حي اليرموك,ماكدونالدز - حي اليرموك,الروضة,بلدية,بلدية الروضة,True,False,لا يوجد,,0,,,False,none,,3,True
Data 2025.xlsx,4295,2025-12-05,2025-12,2025-W49,4,4,O3U-sa-0020-R01,O3U-sa-0020-R01,سبوسة بالجبن,السمبوسة (Samposa),Samposa,السمبوسة (Samposa),sweets_bakery,حلويات دانة الارياف - حي اليرموك,حلويات دانة الارياف,حي اليرموك,حلويات دانة الارياف - حي اليرموك,الروضة,بلدية,بلدية الروضة,True,False,لا يوجد,,0,,,False,none,,2,True
Data 2025.xlsx,4311,2025-12-05,2025-12,2025-W49,4,4,OO-OSS-po-0386-R01,OO-OSS-po-0386-R01,بطاطس مقلي,البطاطس (potatoes),potatoes,البطاطس (potatoes),produce,مطعم شارع حمزة - حي اليرموك,مطعم شارع حمزة,حي اليرموك,مطعم شارع حمزة - حي اليرموك,الروضة,بلدية,بلدية الروضة,True,False,لا يوجد,,0,,,False,none,,6,True
Data 2025.xlsx,4337,2025-12-05,2025-12,2025-W49,4,4,OO-OSS-po-0387-R01,OO-OSS-po-0387-R01,بطاطس مقلي,البطاطس (potatoes),potatoes,البطاطس (potatoes),produce,فروج ابو العبد - حي اليرموك,فروج ابو العبد,حي اليرموك,فروج ابو العبد - حي اليرموك,الروضة,بلدية,بلدية الروضة,True,False,لا يوجد,,0,,,False,none,,8,True
Data 2025.xlsx,4353,2025-12-05,2025-12,2025-W49,4,4,OO-OSS-po-0388-R01,OO-OSS-po-0388-R01,بطاطس مقلي,البطاطس (potatoes),potatoes,البطاطس (potatoes),produce,ماكدونالدز - حي اليرموك,ماكدونالدز,حي اليرموك,ماكدونالدز - حي اليرموك,الروضة,بلدية,بلدية الروضة,True,False,لا يوجد,,0,,,False,none,,3,True
Data 2025.xlsx,4305,2025-12-05,2025-12,2025-W49,4,4,OOu-on-0478-R01,OOu-on-0478-R01,شرائح بصل,البصل (onions),onions,البصل (onions),produce,مطعم شارع حمزة - حي اليرموك,مطعم شارع حمزة,حي اليرموك,مطعم شارع حمزة - حي اليرموك,الروضة,بلدية,بلدية الروضة,True,False,لا يوجد,,0,,,False,none,,3,True
Data 2025.xlsx,4350,2025-12-05,2025-12,2025-W49,4,4,OOu-on-0479-R01,OOu-on-0479-R01,شرائح بصل,البصل (onions),onions,البصل (onions),produce,ماكدونالدز - حي اليرموك,ماكدونالدز,حي اليرموك,ماكدونالدز - حي اليرموك,الروضة,بلدية,بلدية الروضة,True,False,لا يوجد,,0,,,False,none,,3,True
Data 2025.xlsx,4303,2025-12-05,2025-12,2025-W49,4,4,OU-pa-0233-R01,OU-pa-0233-R01,بقدونس قطع,البقدونس (parsley),parsley,البقدونس (parsley),produce,مطعم شارع حمزة - حي اليرموك,مطعم شارع حمزة,حي اليرموك,مطعم شارع حمزة - حي اليرموك,الروضة,بلدية,بلدية الروضة,False,True,استافيلوكوكس اورياس,استافيلوكوكس اورياس,1,استافيلوكوكس اورياس,,True,pathogen,,3,True
Data 2025.xlsx,4325,2025-12-05,2025-12,2025-W49,4,4,chee-0728-r01,Chee-0728-R01,جبنة مكس,(cheese) جبنة,cheese,(cheese) جبنة,dairy,فروج ابو العبد - حي اليرموك,فروج ابو العبد,حي اليرموك,فروج ابو العبد - حي اليرموك,الروضة,بلدية,بلدية الروضة,False,True,انتيروباكتريسي,انتيروباكتريسي,1,,انتيروباكتريسي,False,indicator_only,,3,True
Data 2025.xlsx,4308,2025-12-05,2025-12,2025-W49,4,4,cm-0101-r01,Cm-0101-R01,شاورما لحم,اللحوم المطبوخة (Cooked meat),Cooked meat,اللحوم المطبوخة (Cooked meat),cooked_meat_poultry,مطعم شارع حمزة - حي اليرموك,مطعم شارع حمزة,حي اليرموك,مطعم شارع حمزة - حي اليرموك,الروضة,بلدية,بلدية الروضة,False,True,العد الكلي للبكتيريا,العد الكلي للبكتيريا,1,,العد الكلي للبكتيريا,False,indicator_only,,5,True
Data 2025.xlsx,4352,2025-12-05,2025-12,2025-W49,4,4,cm-0102-r01,Cm-0102-R01,برجر لحم تين توان,اللحوم المطبوخة (Cooked meat),Cooked meat,اللحوم المطبوخة (Cooked meat),cooked_meat_poultry,ماكدونالدز - حي اليرموك,ماكدونالدز,حي اليرموك,ماكدونالدز - حي اليرموك,الروضة,بلدية,بلدية الروضة,True,False,لا يوجد,,0,,,False,none,,3,True
Data 2025.xlsx,4309,2025-12-05,2025-12,2025-W49,4,4,co-0501-r01,co-0501-R01,شاورما دجاج,الدجاج المطبوخ (Cooked chicken),Cooked chicken,الدجاج المطبوخ (Cooked chicken),cooked_meat_poultry,مطعم شارع حمزة - حي اليرموك,مطعم شارع حمزة,حي اليرموك,مطعم شارع حمزة - حي اليرموك,الروضة,بلدية,بلدية الروضة,True,False,لا يوجد,,0,,,False,none,,5,True
Data 2025.xlsx,4310,2025-12-05,2025-12,2025-W49,4,4,co-0502-r01,co-0502-R01,كرسبي دجاج,الدجاج المطبوخ (Cooked chicken),Cooked chicken,الدجاج المطبوخ (Cooked chicken),cooked_meat_poultry,مطعم شارع حمزة - حي اليرموك,مطعم شارع حمزة,حي اليرموك,مطعم شارع حمزة - حي اليرموك,الروضة,بلدية,بلدية الروضة,False,True,العد الكلي للبكتيريا,العد الكلي للبكتيريا,1,,العد الكلي للبكتيريا,False,indicator_only,,6,True
Data 2025.xlsx,4328,2025-12-05,2025-12,2025-W49,4,4,co-0503-r01,co-0503-R01,قطع دجاج,الدجاج المطبوخ (Cooked chicken),Cooked chicken,الدجاج المطبوخ (Cooked chicken),cooked_meat_poultry,فروج ابو العبد - حي اليرموك,فروج ابو العبد,حي اليرموك,فروج ابو العبد - حي اليرموك,الروضة,بلدية,بلدية الروضة,True,False,لا يوجد,,0,,,False,none,,5,True
Data 2025.xlsx,4351,2025-12-05,2025-12,2025-W49,4,4,co-0504-r01,co-0504-R01,قراند تشيكن,الدجاج المطبوخ (Cooked chicken),Cooked chicken,الدجاج المطبوخ (Cooked chicken),cooked_meat_poultry,ماكدونالدز - حي اليرموك,ماكدونالدز,حي اليرموك,ماكدونالدز - حي اليرموك,الروضة,بلدية,بلدية الروضة,True,False,لا يوجد,,0,,,False,none,,3,True
Data 2025.xlsx,4316,2025-12-05,2025-12,2025-W49,4,4,ho-0229-r01,ho-0229-R01,عسل ابيض,(Honey) عسل النحل,Honey,(Honey) عسل النحل,sweets_bakery,مطعم شارع حمزة - حي اليرموك,مطعم شارع حمزة,حي اليرموك,مطعم شارع حمزة - حي اليرموك,الروضة,بلدية,بلدية الروضة,True,False,لا يوجد,,0,,,False,none,,7,True
Data 2025.xlsx,4317,2025-12-05,2025-12,2025-W49,4,4,ho-0230-r01,ho-0230-R01,عسل اسوك,(Honey) عسل النحل,Honey,(Honey) عسل النحل,sweets_bakery,مطعم شارع حمزة - حي اليرموك,مطعم شارع حمزة,حي اليرموك,مطعم شارع حمزة - حي اليرموك,الروضة,بلدية,بلدية الروضة,True,False,لا يوجد,,0,,,False,none,,7,True
Data 2025.xlsx,4354,2025-12-05,2025-12,2025-W49,4,4,jui-0436-r01,jui-0436-R01,عصير برتقال,العصائر الطازجة Un-pasteurized juices (fresh),fresh,العصائر الطازجة Un-pasteurized juices (fresh),beverage,ماكدونالدز - حي اليرموك,ماكدونالدز,حي اليرموك,ماكدونالدز - حي اليرموك,الروضة,بلدية,بلدية الروضة,True,False,لا يوجد,,0,,,False,none,,3,True
Data 2025.xlsx,4355,2025-12-05,2025-12,2025-W49,4,4,jui-0437-r01,jui-0437-R01,عصير تفاح,العصائر الطازجة Un-pasteurized juices (fresh),fresh,العصائر الطازجة Un-pasteurized juices (fresh),beverage,ماكدونالدز - حي اليرموك,ماكدونالدز,حي اليرموك,ماكدونالدز - حي اليرموك,الروضة,بلدية,بلدية الروضة,True,False,لا يوجد,,0,,,False,none,,3,True
Data 2025.xlsx,4296,2025-12-05,2025-12,2025-W49,4,4,kib-0021-r01,Kib-0021-R01,كبة دجاج,(Kibbeh) كبه,Kibbeh,(Kibbeh) كبه,prepared_meal,حلويات دانة الارياف - حي اليرموك,حلويات دانة الارياف,حي اليرموك,حلويات دانة الارياف - حي اليرموك,الروضة,بلدية,بلدية الروضة,True,False,لا يوجد,,0,,,False,none,,2,True
Data 2025.xlsx,4324,2025-12-05,2025-12,2025-W49,4,4,pick-0414-r01,Pick-0414-R01,مخلل خيار,المخلل (Pickle),Pickle,المخلل (Pickle),sauce_condiment,فروج ابو العبد - حي اليرموك,فروج ابو العبد,حي اليرموك,فروج ابو العبد - حي اليرموك,الروضة,بلدية,بلدية الروضة,True,False,لا يوجد,,0,,,False,none,,2,True
Data 2025.xlsx,4335,2025-12-05,2025-12,2025-W49,4,4,pick-0415-r01,Pick-0415-R01,مخلل مشكل,المخلل (Pickle),Pickle,المخلل (Pickle),sauce_condiment,فروج ابو العبد - حي اليرموك,فروج ابو العبد,حي اليرموك,فروج ابو العبد - حي اليرموك,الروضة,بلدية,بلدية الروضة,True,False,لا يوجد,,0,,,False,none,,7,True
Data 2025.xlsx,4348,2025-12-05,2025-12,2025-W49,4,4,pick-0416-r01,Pick-0416-R01,مخلل خيار,المخلل (Pickle),Pickle,المخلل (Pickle),sauce_condiment,ماكدونالدز - حي اليرموك,ماكدونالدز,حي اليرموك,ماكدونالدز - حي اليرموك,الروضة,بلدية,بلدية الروضة,True,False,لا يوجد,,0,,,False,none,,3,True
Data 2025.xlsx,4331,2025-12-05,2025-12,2025-W49,4,4,po-0115-r01,po-0115-R01,كباب دجاج (ني),الدجاج (Poultry),Poultry,الدجاج (Poultry),cooked_meat_poultry,فروج ابو العبد - حي اليرموك,فروج ابو العبد,حي اليرموك,فروج ابو العبد - حي اليرموك,الروضة,بلدية,بلدية الروضة,False,True,العد الكلي للبكتيريا,العد الكلي للبكتيريا,1,,العد الكلي للبكتيريا,False,indicator_only,,7,True
Data 2025.xlsx,4272,2025-12-05,2025-12,2025-W49,4,4,raw-0177-r01,Raw-0177-R01,لحم رجل نعيمي بلدي,لحوم نيئة مبردة ومجمدة (Raw meat Cold or chilled ),Raw meat Cold or chilled,لحوم نيئة مبردة ومجمدة (Raw meat Cold or chilled ),raw_meat,ملحمة كبش,ملحمة كبش,,ملحمة كبش,الشمال,بلدية,بلدية الشمال,True,False,لا يوجد,,0,,,False,none,,0,False
Data 2025.xlsx,4273,2025-12-05,2025-12,2025-W49,4,4,raw-0178-r01,Raw-0178-R01,لحم يد حاسي بلدي,لحوم نيئة مبردة ومجمدة (Raw meat Cold or chilled ),Raw meat Cold or chilled,لحوم نيئة مبردة ومجمدة (Raw meat Cold or chilled ),raw_meat,ملحمة كبش,ملحمة كبش,,ملحمة كبش,الشمال,بلدية,بلدية الشمال,False,True,العد الكلي للبكتيريا,العد الكلي للبكتيريا,1,,العد الكلي للبكتيريا,False,indicator_only,,1,False
Data 2025.xlsx,4274,2025-12-05,2025-12,2025-W49,4,4,raw-0179-r01,Raw-0179-R01,كبدة غنم نفس الخروف,لحوم نيئة مبردة ومجمدة (Raw meat Cold or chilled ),Raw meat Cold or chilled,لحوم نيئة مبردة ومجمدة (Raw meat Cold or chilled ),raw_meat,ملحمة كبش,ملحمة كبش,,ملحمة كبش,الشمال,بلدية,بلدية الشمال,True,False,لا يوجد,,0,,,False,none,,1,False
Data 2025.xlsx,4275,2025-12-05,2025-12,2025-W49,4,4,raw-0180-r01,Raw-0180-R01,كلوة غنم نفس الخروف,لحوم نيئة مبردة ومجمدة (Raw meat Cold or chilled ),Raw meat Cold or chilled,لحوم نيئة مبردة ومجمدة (Raw meat Cold or chilled ),raw_meat,ملحمة كبش,ملحمة كبش,,ملحمة كبش,الشمال,بلدية,بلدية الشمال,True,False,لا يوجد,,0,,,False,none,,1,False
Data 2025.xlsx,4276,2025-12-05,2025-12,2025-W49,4,4,raw-0181-r01,Raw-0181-R01,كبدة حاشي من نفس الحاشي,لحوم نيئة مبردة ومجمدة (Raw meat Cold or chilled ),Raw meat Cold or chilled,لحوم نيئة مبردة ومجمدة (Raw meat Cold or chilled ),raw_meat,ملحمة كبش,ملحمة كبش,,ملحمة كبش,الشمال,بلدية,بلدية الشمال,True,False,لا يوجد,,0,,,False,none,,1,False
Data 2025.xlsx,4277,2025-12-05,2025-12,2025-W49,4,4,raw-0182-r01,Raw-0182-R01,قلب حاشي من نفس الحاشي,لحوم نيئة مبردة ومجمدة (Raw meat Cold or chilled ),Raw meat Cold or chilled,لحوم نيئة مبردة ومجمدة (Raw meat Cold or chilled ),raw_meat,ملحمة كبش,ملحمة كبش,,ملحمة كبش,الشمال,بلدية,بلدية الشمال,True,False,لا يوجد,,0,,,False,none,,1,False
Data 2025.xlsx,4278,2025-12-05,2025-12,2025-W49,4,4,raw-0183-r01,Raw-0183-R01,قلب غنم من نفس الخروف,لحوم نيئة مبردة ومجمدة (Raw meat Cold or chilled ),Raw meat Cold or chilled,لحوم نيئة مبردة ومجمدة (Raw meat Cold or chilled ),raw_meat,ملحمة كبش,ملحمة كبش,,ملحمة كبش,الشمال,بلدية,بلدية الشمال,True,False,لا يوجد,,0,,,False,none,,1,False
Data 2025.xlsx,4319,2025-12-05,2025-12,2025-W49,4,4,raw-0184-r01,Raw-0184-R01,كباب لحم (ني),لحوم نيئة مبردة ومجمدة (Raw meat Cold or chilled ),Raw meat Cold or chilled,لحوم نيئة مبردة ومجمدة (Raw meat Cold or chilled ),raw_meat,مطعم شارع حمزة - حي اليرموك,مطعم شارع حمزة,حي اليرموك,مطعم شارع حمزة - حي اليرموك,الروضة,بلدية,بلدية الروضة,False,True,العد الكلي للبكتيريا,العد الكلي للبكتيريا,1,,العد الكلي للبكتيريا,False,indicator_only,,8,True
Data 2025.xlsx,4330,2025-12-05,2025-12,2025-W49,4,4,raw-0185-r01,Raw-0185-R01,كباب لحم (ني),لحوم نيئة مبردة ومجمدة (Raw meat Cold or chilled ),Raw meat Cold or chilled,لحوم نيئة مبردة ومجمدة (Raw meat Cold or chilled ),raw_meat,فروج ابو العبد - حي اليرموك,فروج ابو العبد,حي اليرموك,فروج ابو العبد - حي اليرموك,الروضة,بلدية,بلدية الروضة,False,True,العد الكلي للبكتيريا | السالمونيلا,العد الكلي للبكتيريا | السالمونيلا,2,السالمونيلا,العد الكلي للبكتيريا,True,pathogen,,6,True
Data 2025.xlsx,4318,2025-12-05,2025-12,2025-W49,4,4,sal-1339-r01,Sal-1339-R01,سلطة خضراء,السلطة(Salad),Salad,السلطة(Salad),produce,مطعم شارع حمزة - حي اليرموك,مطعم شارع حمزة,حي اليرموك,مطعم شارع حمزة - حي اليرموك,الروضة,بلدية,بلدية الروضة,True,False,لا يوجد,,0,,,False,none,,7,True
Data 2025.xlsx,4323,2025-12-05,2025-12,2025-W49,4,4,sal-1340-r01,Sal-1340-R01,سلطة ملفوف,السلطة(Salad),Salad,السلطة(Salad),produce,فروج ابو العبد - حي اليرموك,فروج ابو العبد,حي اليرموك,فروج ابو العبد - حي اليرموك,الروضة,بلدية,بلدية الروضة,True,False,لا يوجد,,0,,,False,none,,2,True
Data 2025.xlsx,4326,2025-12-05,2025-12,2025-W49,4,4,sal-1341-r01,Sal-1341-R01,سلطة مشاوي,السلطة(Salad),Salad,السلطة(Salad),produce,فروج ابو العبد - حي اليرموك,فروج ابو العبد,حي اليرموك,فروج ابو العبد - حي اليرموك,الروضة,بلدية,بلدية الروضة,False,True,استافيلوكوكس اورياس,استافيلوكوكس اورياس,1,استافيلوكوكس اورياس,,True,pathogen,,4,True
Data 2025.xlsx,4301,2025-12-05,2025-12,2025-W49,4,4,sau-1672-r01,sau-1672-R01,صوص حراق,صوص (sauce),sauce,صوص (sauce),sauce_condiment,مطعم شارع حمزة - حي اليرموك,مطعم شارع حمزة,حي اليرموك,مطعم شارع حمزة - حي اليرموك,الروضة,بلدية,بلدية الروضة,False,True,العد الكلي للبكتيريا,العد الكلي للبكتيريا,1,,العد الكلي للبكتيريا,False,indicator_only,,1,False
Data 2025.xlsx,4302,2025-12-05,2025-12,2025-W49,4,4,sau-1673-r01,sau-1673-R01,صوص ثوم,صوص (sauce),sauce,صوص (sauce),sauce_condiment,مطعم شارع حمزة - حي اليرموك,مطعم شارع حمزة,حي اليرموك,مطعم شارع حمزة - حي اليرموك,الروضة,بلدية,بلدية الروضة,False,True,العد الكلي للبكتيريا,العد الكلي للبكتيريا,1,,العد الكلي للبكتيريا,False,indicator_only,,2,True
Data 2025.xlsx,4306,2025-12-05,2025-12,2025-W49,4,4,sau-1674-r01,sau-1674-R01,صوص كاتشب,صوص (sauce),sauce,صوص (sauce),sauce_condiment,مطعم شارع حمزة - حي اليرموك,مطعم شارع حمزة,حي اليرموك,مطعم شارع حمزة - حي اليرموك,الروضة,بلدية,بلدية الروضة,True,False,لا يوجد,,0,,,False,none,,3,True
Data 2025.xlsx,4307,2025-12-05,2025-12,2025-W49,4,4,sau-1675-r01,sau-1675-R01,صوص مايونيز,صوص (sauce),sauce,صوص (sauce),sauce_condiment,مطعم شارع حمزة - حي اليرموك,مطعم شارع حمزة,حي اليرموك,مطعم شارع حمزة - حي اليرموك,الروضة,بلدية,بلدية الروضة,False,True,العد الكلي للبكتيريا | استافيلوكوكس اورياس,العد الكلي للبكتيريا | استافيلوكوكس اورياس,2,استافيلوكوكس اورياس,العد الكلي للبكتيريا,True,pathogen,,4,True
Data 2025.xlsx,4312,2025-12-05,2025-12,2025-W49,4,4,sau-1676-r01,sau-1676-R01,صوص باربكيو,صوص (sauce),sauce,صوص (sauce),sauce_condiment,مطعم شارع حمزة - حي اليرموك,مطعم شارع حمزة,حي اليرموك,مطعم شارع حمزة - حي اليرموك,الروضة,بلدية,بلدية الروضة,True,False,لا يوجد,,0,,,False,none,,6,True
Data 2025.xlsx,4313,2025-12-05,2025-12,2025-W49,4,4,sau-1677-r01,sau-1677-R01,صوص شوكولاتة دارك,صوص (sauce),sauce,صوص (sauce),sauce_condiment,مطعم شارع حمزة - حي اليرموك,مطعم شارع حمزة,حي اليرموك,مطعم شارع حمزة - حي اليرموك,الروضة,بلدية,بلدية الروضة,False,True,انتيروباكتريسي,انتيروباكتريسي,1,,انتيروباكتريسي,False,indicator_only,,7,True
Data 2025.xlsx,4314,2025-12-05,2025-12,2025-W49,4,4,sau-1678-r01,sau-1678-R01,صوص وايت شوكولاتة,صوص (sauce),sauce,صوص (sauce),sauce_condiment,مطعم شارع حمزة - حي اليرموك,مطعم شارع حمزة,حي اليرموك,مطعم شارع حمزة - حي اليرموك,الروضة,بلدية,بلدية الروضة,True,False,لا يوجد,,0,,,False,none,,7,True
Data 2025.xlsx,4315,2025-12-05,2025-12,2025-W49,4,4,sau-1679-r01,sau-1679-R01,صوص بستاشو,صوص (sauce),sauce,صوص (sauce),sauce_condiment,مطعم شارع حمزة - حي اليرموك,مطعم شارع حمزة,حي اليرموك,مطعم شارع حمزة - حي اليرموك,الروضة,بلدية,بلدية الروضة,True,False,لا يوجد,,0,,,False,none,,7,True
Data 2025.xlsx,4320,2025-12-05,2025-12,2025-W49,4,4,sau-1680-r01,sau-1680-R01,صوص سبايسي سماق,صوص (sauce),sauce,صوص (sauce),sauce_condiment,فروج ابو العبد - حي اليرموك,فروج ابو العبد,حي اليرموك,فروج ابو العبد - حي اليرموك,الروضة,بلدية,بلدية الروضة,False,True,العد الكلي للبكتيريا,العد الكلي للبكتيريا,1,,العد الكلي للبكتيريا,False,indicator_only,,1,False
Data 2025.xlsx,4321,2025-12-05,2025-12,2025-W49,4,4,sau-1681-r01,sau-1681-R01,صوص سماق,صوص (sauce),sauce,صوص (sauce),sauce_condiment,فروج ابو العبد - حي اليرموك,فروج ابو العبد,حي اليرموك,فروج ابو العبد - حي اليرموك,الروضة,بلدية,بلدية الروضة,False,True,العد الكلي للبكتيريا,العد الكلي للبكتيريا,1,,العد الكلي للبكتيريا,False,indicator_only,,2,True
Data 2025.xlsx,4322,2025-12-05,2025-12,2025-W49,4,4,sau-1682-r01,sau-1682-R01,صوص ثوم,صوص (sauce),sauce,صوص (sauce),sauce_condiment,فروج ابو العبد - حي اليرموك,فروج ابو العبد,حي اليرموك,فروج ابو العبد - حي اليرموك,الروضة,بلدية,بلدية الروضة,True,False,لا يوجد,,0,,,False,none,,2,True
Data 2025.xlsx,4329,2025-12-05,2025-12,2025-W49,4,4,sau-1683-r01,sau-1683-R01,صوص كاتشب,صوص (sauce),sauce,صوص (sauce),sauce_condiment,فروج ابو العبد - حي اليرموك,فروج ابو العبد,حي اليرموك,فروج ابو العبد - حي اليرموك,الروضة,بلدية,بلدية الروضة,True,False,لا يوجد,,0,,,False,none,,5,True
Data 2025.xlsx,4332,2025-12-05,2025-12,2025-W49,4,4,sau-1684-r01,sau-1684-R01,صوص فتوش,صوص (sauce),sauce,صوص (sauce),sauce_condiment,فروج ابو العبد - حي اليرموك,فروج ابو العبد,حي اليرموك,فروج ابو العبد - حي اليرموك,الروضة,بلدية,بلدية الروضة,True,False,لا يوجد,,0,,,False,none,,7,True
Data 2025.xlsx,4333,2025-12-05,2025-12,2025-W49,4,4,sau-1685-r01,sau-1685-R01,صوص تبولة,صوص (sauce),sauce,صوص (sauce),sauce_condiment,فروج ابو العبد - حي اليرموك,فروج ابو العبد,حي اليرموك,فروج ابو العبد - حي اليرموك,الروضة,بلدية,بلدية الروضة,True,False,لا يوجد,,0,,,False,none,,7,True
Data 2025.xlsx,4334,2025-12-05,2025-12,2025-W49,4,4,sau-1686-r01,sau-1686-R01,صوص دبس الرمان,صوص (sauce),sauce,صوص (sauce),sauce_condiment,فروج ابو العبد - حي اليرموك,فروج ابو العبد,حي اليرموك,فروج ابو العبد - حي اليرموك,الروضة,بلدية,بلدية الروضة,True,False,لا يوجد,,0,,,False,none,,7,True
Data 2025.xlsx,4336,2025-12-05,2025-12,2025-W49,4,4,sau-1687-r01,sau-1687-R01,صوص افخاذ,صوص (sauce),sauce,صوص (sauce),sauce_condiment,فروج ابو العبد - حي اليرموك,فروج ابو العبد,حي اليرموك,فروج ابو العبد - حي اليرموك,الروضة,بلدية,بلدية الروضة,False,True,العد الكلي للبكتيريا,العد الكلي للبكتيريا,1,,العد الكلي للبكتيريا,False,indicator_only,,8,True
Data 2025.xlsx,4340,2025-12-05,2025-12,2025-W49,4,4,sau-1688-r01,sau-1688-R01,صوص مايونيز,صوص (sauce),sauce,صوص (sauce),sauce_condiment,ماكدونالدز - حي اليرموك,ماكدونالدز,حي اليرموك,ماكدونالدز - حي اليرموك,الروضة,بلدية,بلدية الروضة,True,False,لا يوجد,,0,,,False,none,,1,False
Data 2025.xlsx,4341,2025-12-05,2025-12,2025-W49,4,4,sau-1689-r01,sau-1689-R01,صوص بق ماك (لحم),صوص (sauce),sauce,صوص (sauce),sauce_condiment,ماكدونالدز - حي اليرموك,ماكدونالدز,حي اليرموك,ماكدونالدز - حي اليرموك,الروضة,بلدية,بلدية الروضة,True,False,لا يوجد,,0,,,False,none,,1,False
Data 2025.xlsx,4342,2025-12-05,2025-12,2025-W49,4,4,sau-1690-r01,sau-1690-R01,صوص بق تيستي,صوص (sauce),sauce,صوص (sauce),sauce_condiment,ماكدونالدز - حي اليرموك,ماكدونالدز,حي اليرموك,ماكدونالدز - حي اليرموك,الروضة,بلدية,بلدية الروضة,True,False,لا يوجد,,0,,,False,none,,1,False
Data 2025.xlsx,4343,2025-12-05,2025-12,2025-W49,4,4,sau-1691-r01,sau-1691-R01,صوص ماسترد (دجاج),صوص (sauce),sauce,صوص (sauce),sauce_condiment,ماكدونالدز - حي اليرموك,ماكدونالدز,حي اليرموك,ماكدونالدز - حي اليرموك,الروضة,بلدية,بلدية الروضة,True,False,لا يوجد,,0,,,False,none,,1,False
Data 2025.xlsx,4344,2025-12-05,2025-12,2025-W49,4,4,sau-1692-r01,sau-1692-R01,صوص ثوم (دجاج),صوص (sauce),sauce,صوص (sauce),sauce_condiment,ماكدونالدز - حي اليرموك,ماكدونالدز,حي اليرموك,ماكدونالدز - حي اليرموك,الروضة,بلدية,بلدية الروضة,False,True,العد الكلي للبكتيريا,العد الكلي للبكتيريا,1,,العد الكلي للبكتيريا,False,indicator_only,,2,True
Data 2025.xlsx,4345,2025-12-05,2025-12,2025-W49,4,4,sau-1693-r01,sau-1693-R01,صوص ديجن ماسترد (دجاج),صوص (sauce),sauce,صوص (sauce),sauce_condiment,ماكدونالدز - حي اليرموك,ماكدونالدز,حي اليرموك,ماكدونالدز - حي اليرموك,الروضة,بلدية,بلدية الروضة,False,True,انتيروباكتريسي | الخمائر والاعفان,انتيروباكتريسي | الخمائر والاعفان,2,,انتيروباكتريسي | الخمائر والاعفان,False,indicator_only,,3,True
Data 2025.xlsx,4346,2025-12-05,2025-12,2025-W49,4,4,sau-1694-r01,sau-1694-R01,صوص بري بري (دجاج),صوص (sauce),sauce,صوص (sauce),sauce_condiment,ماكدونالدز - حي اليرموك,ماكدونالدز,حي اليرموك,ماكدونالدز - حي اليرموك,الروضة,بلدية,بلدية الروضة,True,False,لا يوجد,,0,,,False,none,,3,True
Data 2025.xlsx,4347,2025-12-05,2025-12,2025-W49,4,4,sau-1695-r01,sau-1695-R01,صوص كاتشب,صوص (sauce),sauce,صوص (sauce),sauce_condiment,ماكدونالدز - حي اليرموك,ماكدونالدز,حي اليرموك,ماكدونالدز - حي اليرموك,الروضة,بلدية,بلدية الروضة,True,False,لا يوجد,,0,,,False,none,,3,True
Data 2025.xlsx,4356,2025-12-05,2025-12,2025-W49,4,4,sau-1696-r01,sau-1696-R01,صوص باربكيو (مغلق),صوص (sauce),sauce,صوص (sauce),sauce_condiment,ماكدونالدز - حي اليرموك,ماكدونالدز,حي اليرموك,ماكدونالدز - حي اليرموك,الروضة,بلدية,بلدية الروضة,True,False,لا يوجد,,0,,,False,none,,3,True
Data 2025.xlsx,4298,2025-12-05,2025-12,2025-W49,4,4,sw-3034-r01,sw-3034-R01,مسحة ثلاجة كيك,(Swabs) المسحات,Swabs,(Swabs) المسحات,swab,حلويات دانة الارياف - حي اليرموك,حلويات دانة الارياف,حي اليرموك,حلويات دانة الارياف - حي اليرموك,الروضة,بلدية,بلدية الروضة,True,False,لا يوجد,,0,,,False,none,,3,True
Data 2025.xlsx,4299,2025-12-05,2025-12,2025-W49,4,4,sw-3035-r01,sw-3035-R01,مسحة حافظة فطائر,(Swabs) المسحات,Swabs,(Swabs) المسحات,swab,حلويات دانة الارياف - حي اليرموك,حلويات دانة الارياف,حي اليرموك,حلويات دانة الارياف - حي اليرموك,الروضة,بلدية,بلدية الروضة,True,False,لا يوجد,,0,,,False,none,,3,True
Data 2025.xlsx,4300,2025-12-05,2025-12,2025-W49,4,4,sw-3036-r01,sw-3036-R01,مسحة حافظة حلا,(Swabs) المسحات,Swabs,(Swabs) المسحات,swab,حلويات دانة الارياف - حي اليرموك,حلويات دانة الارياف,حي اليرموك,حلويات دانة الارياف - حي اليرموك,الروضة,بلدية,بلدية الروضة,True,False,لا يوجد,,0,,,False,none,,3,True
Data 2025.xlsx,4338,2025-12-05,2025-12,2025-W49,4,4,sw-3037-r01,sw-3037-R01,مسحة حافظة بطاطس,(Swabs) المسحات,Swabs,(Swabs) المسحات,swab,فروج ابو العبد - حي اليرموك,فروج ابو العبد,حي اليرموك,فروج ابو العبد - حي اليرموك,الروضة,بلدية,بلدية الروضة,False,True,العد الكلي للبكتيريا,العد الكلي للبكتيريا,1,,العد الكلي للبكتيريا,False,indicator_only,,9,True
Data 2025.xlsx,4339,2025-12-05,2025-12,2025-W49,4,4,sw-3038-r01,sw-3038-R01,مسحة عصارة برتقال,(Swabs) المسحات,Swabs,(Swabs) المسحات,swab,فروج ابو العبد - حي اليرموك,فروج ابو العبد,حي اليرموك,فروج ابو العبد - حي اليرموك,الروضة,بلدية,بلدية الروضة,True,False,لا يوجد,,0,,,False,none,,9,True
Data 2025.xlsx,4357,2025-12-05,2025-12,2025-W49,4,4,sw-3039-r01,sw-3039-R01,مسحة حافظة بطاطس,(Swabs) المسحات,Swabs,(Swabs) المسحات,swab,ماكدونالدز - حي اليرموك,ماكدونالدز,حي اليرموك,ماكدونالدز - حي اليرموك,الروضة,بلدية,بلدية الروضة,True,False,لا يوجد,,0,,,False,none,,3,True
Data 2025.xlsx,4358,2025-12-05,2025-12,2025-W49,4,4,sw-3040-r01,sw-3040-R01,مسحة صانعة ثلج,(Swabs) المسحات,Swabs,(Swabs) المسحات,swab,ماكدونالدز - حي اليرموك,ماكدونالدز,حي اليرموك,ماكدونالدز - حي اليرموك,الروضة,بلدية,بلدية الروضة,False,True,العد الكلي للبكتيريا,العد الكلي للبكتيريا,1,,العد الكلي للبكتيريا,False,indicator_only,,4,True
Data 2025.xlsx,4279,2025-12-05,2025-12,2025-W49,4,4,sweet-1008-r01,sweet-1008-R01,بقلاوة فستق,الحلا(sweetness),sweetness,الحلا(sweetness),sweets_bakery,حلويات دانة الارياف - حي اليرموك,حلويات دانة الارياف,حي اليرموك,حلويات دانة الارياف - حي اليرموك,الروضة,بلدية,بلدية الروضة,True,False,لا يوجد,,0,,,False,none,,0,False
Data 2025.xlsx,4280,2025-12-05,2025-12,2025-W49,4,4,sweet-1009-r01,sweet-1009-R01,بقلاوة لوتس,الحلا(sweetness),sweetness,الحلا(sweetness),sweets_bakery,حلويات دانة الارياف - حي اليرموك,حلويات دانة الارياف,حي اليرموك,حلويات دانة الارياف - حي اليرموك,الروضة,بلدية,بلدية الروضة,True,False,لا يوجد,,0,,,False,none,,0,False
Data 2025.xlsx,4281,2025-12-05,2025-12,2025-W49,4,4,sweet-1010-r01,sweet-1010-R01,رموش بالتمر,الحلا(sweetness),sweetness,الحلا(sweetness),sweets_bakery,حلويات دانة الارياف - حي اليرموك,حلويات دانة الارياف,حي اليرموك,حلويات دانة الارياف - حي اليرموك,الروضة,بلدية,بلدية الروضة,True,False,لا يوجد,,0,,,False,none,,0,False
Data 2025.xlsx,4282,2025-12-05,2025-12,2025-W49,4,4,sweet-1011-r01,sweet-1011-R01,عش بلبل بالفستق,الحلا(sweetness),sweetness,الحلا(sweetness),sweets_bakery,حلويات دانة الارياف - حي اليرموك,حلويات دانة الارياف,حي اليرموك,حلويات دانة الارياف - حي اليرموك,الروضة,بلدية,بلدية الروضة,True,False,لا يوجد,,0,,,False,none,,0,False
Data 2025.xlsx,4284,2025-12-05,2025-12,2025-W49,4,4,sweet-1012-r01,sweet-1012-R01,بلح الشام,الحلا(sweetness),sweetness,الحلا(sweetness),sweets_bakery,حلويات دانة الارياف - حي اليرموك,حلويات دانة الارياف,حي اليرموك,حلويات دانة الارياف - حي اليرموك,الروضة,بلدية,بلدية الروضة,True,False,لا يوجد,,0,,,False,none,,0,False
Data 2025.xlsx,4285,2025-12-05,2025-12,2025-W49,4,4,sweet-1013-r01,sweet-1013-R01,بلح الشام بالقسطة,الحلا(sweetness),sweetness,الحلا(sweetness),sweets_bakery,حلويات دانة الارياف - حي اليرموك,حلويات دانة الارياف,حي اليرموك,حلويات دانة الارياف - حي اليرموك,الروضة,بلدية,بلدية الروضة,True,False,لا يوجد,,0,,,False,none,,0,False
Data 2025.xlsx,4286,2025-12-05,2025-12,2025-W49,4,4,sweet-1014-r01,sweet-1014-R01,بلح الشام لوتس,الحلا(sweetness),sweetness,الحلا(sweetness),sweets_bakery,حلويات دانة الارياف - حي اليرموك,حلويات دانة الارياف,حي اليرموك,حلويات دانة الارياف - حي اليرموك,الروضة,بلدية,بلدية الروضة,True,False,لا يوجد,,0,,,False,none,,0,False
Data 2025.xlsx,4287,2025-12-05,2025-12,2025-W49,4,4,sweet-1015-r01,sweet-1015-R01,بسبوسة بالجبن,الحلا(sweetness),sweetness,الحلا(sweetness),sweets_bakery,حلويات دانة الارياف - حي اليرموك,حلويات دانة الارياف,حي اليرموك,حلويات دانة الارياف - حي اليرموك,الروضة,بلدية,بلدية الروضة,True,False,لا يوجد,,0,,,False,none,,0,False
Data 2025.xlsx,4288,2025-12-05,2025-12,2025-W49,4,4,sweet-1016-r01,sweet-1016-R01,بسبوسة سادة,الحلا(sweetness),sweetness,الحلا(sweetness),sweets_bakery,حلويات دانة الارياف - حي اليرموك,حلويات دانة الارياف,حي اليرموك,حلويات دانة الارياف - حي اليرموك,الروضة,بلدية,بلدية الروضة,True,False,لا يوجد,,0,,,False,none,,0,False
Data 2025.xlsx,4289,2025-12-05,2025-12,2025-W49,4,4,sweet-1017-r01,sweet-1017-R01,وربات بالقشطة,الحلا(sweetness),sweetness,الحلا(sweetness),sweets_bakery,حلويات دانة الارياف - حي اليرموك,حلويات دانة الارياف,حي اليرموك,حلويات دانة الارياف - حي اليرموك,الروضة,بلدية,بلدية الروضة,True,False,لا يوجد,,0,,,False,none,,0,False
Data 2025.xlsx,4290,2025-12-05,2025-12,2025-W49,4,4,sweet-1018-r01,sweet-1018-R01,بسبوسة بالجزر,الحلا(sweetness),sweetness,الحلا(sweetness),sweets_bakery,حلويات دانة الارياف - حي اليرموك,حلويات دانة الارياف,حي اليرموك,حلويات دانة الارياف - حي اليرموك,الروضة,بلدية,بلدية الروضة,False,True,استافيلوكوكس اورياس,استافيلوكوكس اورياس,1,استافيلوكوكس اورياس,,True,pathogen,,1,False
Data 2025.xlsx,4291,2025-12-05,2025-12,2025-W49,4,4,sweet-1019-r01,sweet-1019-R01,حلا رد فلفت,الحلا(sweetness),sweetness,الحلا(sweetness),sweets_bakery,حلويات دانة الارياف - حي اليرموك,حلويات دانة الارياف,حي اليرموك,حلويات دانة الارياف - حي اليرموك,الروضة,بلدية,بلدية الروضة,False,True,العد الكلي للبكتيريا,العد الكلي للبكتيريا,1,,العد الكلي للبكتيريا,False,indicator_only,,2,True
Data 2025.xlsx,4297,2025-12-05,2025-12,2025-W49,4,4,sweet-1020-r01,sweet-1020-R01,سويس رول شوكولاتة,الحلا(sweetness),sweetness,الحلا(sweetness),sweets_bakery,حلويات دانة الارياف - حي اليرموك,حلويات دانة الارياف,حي اليرموك,حلويات دانة الارياف - حي اليرموك,الروضة,بلدية,بلدية الروضة,False,True,العد الكلي للبكتيريا | استافيلوكوكس اورياس,العد الكلي للبكتيريا | استافيلوكوكس اورياس,2,استافيلوكوكس اورياس,العد الكلي للبكتيريا,True,pathogen,,3,True
Data 2025.xlsx,4359,2025-12-05,2025-12,2025-W49,4,4,ubot-0969-r01,Ubot-0969-R01,مياه حنفية لغسيل الادوات,المياه الغير معبأة (Unbottled water),Unbottled water,المياه الغير معبأة (Unbottled water),water,ملحمة كبش,ملحمة كبش,,ملحمة كبش,الشمال,بلدية,بلدية الشمال,True,False,لا يوجد,,0,,,False,none,,1,False
Data 2025.xlsx,4360,2025-12-05,2025-12,2025-W49,4,4,ubot-0970-r01,Ubot-0970-R01,مياه غسيل حنفية للادوات,المياه الغير معبأة (Unbottled water),Unbottled water,المياه الغير معبأة (Unbottled water),water,مطعم شارع حمزة - حي اليرموك,مطعم شارع حمزة,حي اليرموك,مطعم شارع حمزة - حي اليرموك,الروضة,بلدية,بلدية الروضة,True,False,لا يوجد,,0,,,False,none,,8,True
Data 2025.xlsx,10927,2025-12-06,2025-12,2025-W49,4,5,UU-Ma-0011-R01,UU-Ma-0011-R01,مهلبية,المهلبية (Mahalibah),Mahalibah,المهلبية (Mahalibah),other,مقهى حديقة ليمون - حي العليا,مقهى حديقة ليمون,حي العليا,مقهى حديقة ليمون - حي العليا,المعذر,بلدية,بلدية المعذر,False,True,كوليفورم,كوليفورم,1,,كوليفورم,False,indicator_only,sample_type_unbucketed,3,True
Data 2025.xlsx,10900,2025-12-06,2025-12,2025-W49,4,5,ca-0150-r01,ca-0150-R01,كروسان شوكليت,الكعك ومنتجات المخابز الجاهزة للاكل بدون تسخين (Cakes and bakery products ready to eat ),Cakes and bakery products ready to eat,الكعك ومنتجات المخابز الجاهزة للاكل بدون تسخين (Cakes and bakery products ready to eat ),sweets_bakery,بلومن - حي العليا,بلومن,حي العليا,بلومن - حي العليا,المعذر,بلدية,بلدية المعذر,True,False,لا يوجد,,0,,,False,none,,0,False
Data 2025.xlsx,10925,2025-12-06,2025-12,2025-W49,4,5,ca-0151-r01,ca-0151-R01,كيك تراميسو,الكعك ومنتجات المخابز الجاهزة للاكل بدون تسخين (Cakes and bakery products ready to eat ),Cakes and bakery products ready to eat,الكعك ومنتجات المخابز الجاهزة للاكل بدون تسخين (Cakes and bakery products ready to eat ),sweets_bakery,مقهى حديقة ليمون - حي العليا,مقهى حديقة ليمون,حي العليا,مقهى حديقة ليمون - حي العليا,المعذر,بلدية,بلدية المعذر,True,False,لا يوجد,,0,,,False,none,,2,True
Data 2025.xlsx,10926,2025-12-06,2025-12,2025-W49,4,5,ca-0152-r01,ca-0152-R01,كيك نوتيلا بستاشيو,الكعك ومنتجات المخابز الجاهزة للاكل بدون تسخين (Cakes and bakery products ready to eat ),Cakes and bakery products ready to eat,الكعك ومنتجات المخابز الجاهزة للاكل بدون تسخين (Cakes and bakery products ready to eat ),sweets_bakery,مقهى حديقة ليمون - حي العليا,مقهى حديقة ليمون,حي العليا,مقهى حديقة ليمون - حي العليا,المعذر,بلدية,بلدية المعذر,True,False,لا يوجد,,0,,,False,none,,2,True
Data 2025.xlsx,10929,2025-12-06,2025-12,2025-W49,4,5,ca-0153-r01,ca-0153-R01,كيك ليمون,الكعك ومنتجات المخابز الجاهزة للاكل بدون تسخين (Cakes and bakery products ready to eat ),Cakes and bakery products ready to eat,الكعك ومنتجات المخابز الجاهزة للاكل بدون تسخين (Cakes and bakery products ready to eat ),sweets_bakery,مقهى حديقة ليمون - حي العليا,مقهى حديقة ليمون,حي العليا,مقهى حديقة ليمون - حي العليا,المعذر,بلدية,بلدية المعذر,True,False,لا يوجد,,0,,,False,none,,3,True
Data 2025.xlsx,10899,2025-12-06,2025-12,2025-W49,4,5,cho-0112-r01,cho-0112-R01,صوص شوكليت,الشوكولاته (Chocolate),Chocolate,الشوكولاته (Chocolate),sweets_bakery,بلومن - حي العليا,بلومن,حي العليا,بلومن - حي العليا,المعذر,بلدية,بلدية المعذر,True,False,لا يوجد,,0,,,False,none,,0,False
Data 2025.xlsx,10912,2025-12-06,2025-12,2025-W49,4,5,cho-0113-r01,cho-0113-R01,كيك رويل سبوت,الشوكولاته (Chocolate),Chocolate,الشوكولاته (Chocolate),sweets_bakery,بلومن - حي العليا,بلومن,حي العليا,بلومن - حي العليا,المعذر,بلدية,بلدية المعذر,False,True,العد الكلي للبكتيريا | انتيروباكتريسي | باسيلس سيريس,العد الكلي للبكتيريا | انتيروباكتريسي | باسيلس سيريس,3,باسيلس سيريس,العد الكلي للبكتيريا | انتيروباكتريسي,True,pathogen,,3,True
Data 2025.xlsx,10913,2025-12-06,2025-12,2025-W49,4,5,cho-0114-r01,cho-0114-R01,سوفلية شوكليت,الشوكولاته (Chocolate),Chocolate,الشوكولاته (Chocolate),sweets_bakery,بلومن - حي العليا,بلومن,حي العليا,بلومن - حي العليا,المعذر,بلدية,بلدية المعذر,True,False,لا يوجد,,0,,,False,none,,3,True
Data 2025.xlsx,10928,2025-12-06,2025-12,2025-W49,4,5,cho-0115-r01,cho-0115-R01,شوكو موكو شوكليت حلا,الشوكولاته (Chocolate),Chocolate,الشوكولاته (Chocolate),sweets_bakery,مقهى حديقة ليمون - حي العليا,مقهى حديقة ليمون,حي العليا,مقهى حديقة ليمون - حي العليا,المعذر,بلدية,بلدية المعذر,True,False,لا يوجد,,0,,,False,none,,3,True
Data 2025.xlsx,10909,2025-12-06,2025-12,2025-W49,4,5,cond-0010-r01,cond-0010-R01,صوص نستلة,الحليب المكثف والحليب المكثف المحلى (condensed and sweeten condensed milk),condensed and sweeten condensed milk,الحليب المكثف والحليب المكثف المحلى (condensed and sweeten condensed milk),dairy,بلومن - حي العليا,بلومن,حي العليا,بلومن - حي العليا,المعذر,بلدية,بلدية المعذر,False,True,العد الكلي للبكتيريا,العد الكلي للبكتيريا,1,,العد الكلي للبكتيريا,False,indicator_only,,2,True
Data 2025.xlsx,10892,2025-12-06,2025-12,2025-W49,4,5,fl-0059-r01,fl-0059-R01,نكهة ليمون,شراب بنكهة و مركزاتها ( flavoured drink & its concentrates ),flavoured drink & its concentrates,شراب بنكهة و مركزاتها ( flavoured drink & its concentrates ),sauce_condiment,مقهى بعد الثمانية - حي العليا,مقهى بعد الثمانية,حي العليا,مقهى بعد الثمانية - حي العليا,وسط الرياض,قطاع,القطاع وسط الرياض,True,False,لا يوجد,,0,,,False,none,,1,False
Data 2025.xlsx,10893,2025-12-06,2025-12,2025-W49,4,5,fl-0060-r01,fl-0060-R01,نكهة باشن فروت,شراب بنكهة و مركزاتها ( flavoured drink & its concentrates ),flavoured drink & its concentrates,شراب بنكهة و مركزاتها ( flavoured drink & its concentrates ),sauce_condiment,مقهى بعد الثمانية - حي العليا,مقهى بعد الثمانية,حي العليا,مقهى بعد الثمانية - حي العليا,وسط الرياض,قطاع,القطاع وسط الرياض,True,False,لا يوجد,,0,,,False,none,,1,False
Data 2025.xlsx,10894,2025-12-06,2025-12,2025-W49,4,5,fl-0061-r01,fl-0061-R01,نكهة فراولة,شراب بنكهة و مركزاتها ( flavoured drink & its concentrates ),flavoured drink & its concentrates,شراب بنكهة و مركزاتها ( flavoured drink & its concentrates ),sauce_condiment,مقهى بعد الثمانية - حي العليا,مقهى بعد الثمانية,حي العليا,مقهى بعد الثمانية - حي العليا,وسط الرياض,قطاع,القطاع وسط الرياض,False,True,العد الكلي للبكتيريا | الخمائر والاعفان,العد الكلي للبكتيريا | الخمائر والاعفان,2,,العد الكلي للبكتيريا | الخمائر والاعفان,False,indicator_only,,2,True
Data 2025.xlsx,10895,2025-12-06,2025-12,2025-W49,4,5,fl-0062-r01,fl-0062-R01,نكهة توت ازرق,شراب بنكهة و مركزاتها ( flavoured drink & its concentrates ),flavoured drink & its concentrates,شراب بنكهة و مركزاتها ( flavoured drink & its concentrates ),sauce_condiment,مقهى بعد الثمانية - حي العليا,مقهى بعد الثمانية,حي العليا,مقهى بعد الثمانية - حي العليا,وسط الرياض,قطاع,القطاع وسط الرياض,False,True,العد الكلي للبكتيريا | الخمائر والاعفان,العد الكلي للبكتيريا | الخمائر والاعفان,2,,العد الكلي للبكتيريا | الخمائر والاعفان,False,indicator_only,,3,True
Data 2025.xlsx,10896,2025-12-06,2025-12,2025-W49,4,5,fl-0063-r01,fl-0063-R01,نكهة قشر البرتقال,شراب بنكهة و مركزاتها ( flavoured drink & its concentrates ),flavoured drink & its concentrates,شراب بنكهة و مركزاتها ( flavoured drink & its concentrates ),sauce_condiment,مقهى بعد الثمانية - حي العليا,مقهى بعد الثمانية,حي العليا,مقهى بعد الثمانية - حي العليا,وسط الرياض,قطاع,القطاع وسط الرياض,False,True,العد الكلي للبكتيريا | الخمائر والاعفان,العد الكلي للبكتيريا | الخمائر والاعفان,2,,العد الكلي للبكتيريا | الخمائر والاعفان,False,indicator_only,,4,True
Data 2025.xlsx,10901,2025-12-06,2025-12,2025-W49,4,5,fl-0064-r01,fl-0064-R01,نكهة قصب,شراب بنكهة و مركزاتها ( flavoured drink & its concentrates ),flavoured drink & its concentrates,شراب بنكهة و مركزاتها ( flavoured drink & its concentrates ),sauce_condiment,بلومن - حي العليا,بلومن,حي العليا,بلومن - حي العليا,المعذر,بلدية,بلدية المعذر,True,False,لا يوجد,,0,,,False,none,,0,False
Data 2025.xlsx,10902,2025-12-06,2025-12,2025-W49,4,5,fl-0065-r01,fl-0065-R01,نكهة باشن فروت,شراب بنكهة و مركزاتها ( flavoured drink & its concentrates ),flavoured drink & its concentrates,شراب بنكهة و مركزاتها ( flavoured drink & its concentrates ),sauce_condiment,بلومن - حي العليا,بلومن,حي العليا,بلومن - حي العليا,المعذر,بلدية,بلدية المعذر,True,False,لا يوجد,,0,,,False,none,,0,False
Data 2025.xlsx,10903,2025-12-06,2025-12,2025-W49,4,5,fl-0066-r01,fl-0066-R01,نكهة كراميل,شراب بنكهة و مركزاتها ( flavoured drink & its concentrates ),flavoured drink & its concentrates,شراب بنكهة و مركزاتها ( flavoured drink & its concentrates ),sauce_condiment,بلومن - حي العليا,بلومن,حي العليا,بلومن - حي العليا,المعذر,بلدية,بلدية المعذر,True,False,لا يوجد,,0,,,False,none,,0,False
Data 2025.xlsx,10904,2025-12-06,2025-12,2025-W49,4,5,fl-0067-r01,fl-0067-R01,نكهة فانيلا,شراب بنكهة و مركزاتها ( flavoured drink & its concentrates ),flavoured drink & its concentrates,شراب بنكهة و مركزاتها ( flavoured drink & its concentrates ),sauce_condiment,بلومن - حي العليا,بلومن,حي العليا,بلومن - حي العليا,المعذر,بلدية,بلدية المعذر,True,False,لا يوجد,,0,,,False,none,,0,False
Data 2025.xlsx,10905,2025-12-06,2025-12,2025-W49,4,5,fl-0068-r01,fl-0068-R01,نكهة جح,شراب بنكهة و مركزاتها ( flavoured drink & its concentrates ),flavoured drink & its concentrates,شراب بنكهة و مركزاتها ( flavoured drink & its concentrates ),sauce_condiment,بلومن - حي العليا,بلومن,حي العليا,بلومن - حي العليا,المعذر,بلدية,بلدية المعذر,True,False,لا يوجد,,0,,,False,none,,0,False
Data 2025.xlsx,10906,2025-12-06,2025-12,2025-W49,4,5,fl-0069-r01,fl-0069-R01,نكهة توت احمر,شراب بنكهة و مركزاتها ( flavoured drink & its concentrates ),flavoured drink & its concentrates,شراب بنكهة و مركزاتها ( flavoured drink & its concentrates ),sauce_condiment,بلومن - حي العليا,بلومن,حي العليا,بلومن - حي العليا,المعذر,بلدية,بلدية المعذر,True,False,لا يوجد,,0,,,False,none,,0,False
Data 2025.xlsx,10907,2025-12-06,2025-12,2025-W49,4,5,fl-0070-r01,fl-0070-R01,نكهة نعناع,شراب بنكهة و مركزاتها ( flavoured drink & its concentrates ),flavoured drink & its concentrates,شراب بنكهة و مركزاتها ( flavoured drink & its concentrates ),sauce_condiment,بلومن - حي العليا,بلومن,حي العليا,بلومن - حي العليا,المعذر,بلدية,بلدية المعذر,False,True,العد الكلي للبكتيريا,العد الكلي للبكتيريا,1,,العد الكلي للبكتيريا,False,indicator_only,,1,False
Data 2025.xlsx,10933,2025-12-06,2025-12,2025-W49,4,5,fl-0071-r01,fl-0071-R01,نكهة باشن فروت,شراب بنكهة و مركزاتها ( flavoured drink & its concentrates ),flavoured drink & its concentrates,شراب بنكهة و مركزاتها ( flavoured drink & its concentrates ),sauce_condiment,مقهى حديقة ليمون - حي العليا,مقهى حديقة ليمون,حي العليا,مقهى حديقة ليمون - حي العليا,المعذر,بلدية,بلدية المعذر,True,False,لا يوجد,,0,,,False,none,,3,True
Data 2025.xlsx,10934,2025-12-06,2025-12,2025-W49,4,5,fl-0072-r01,fl-0072-R01,نكهة توت ازرق,شراب بنكهة و مركزاتها ( flavoured drink & its concentrates ),flavoured drink & its concentrates,شراب بنكهة و مركزاتها ( flavoured drink & its concentrates ),sauce_condiment,مقهى حديقة ليمون - حي العليا,مقهى حديقة ليمون,حي العليا,مقهى حديقة ليمون - حي العليا,المعذر,بلدية,بلدية المعذر,True,False,لا يوجد,,0,,,False,none,,3,True
Data 2025.xlsx,10935,2025-12-06,2025-12,2025-W49,4,5,fl-0073-r01,fl-0073-R01,نكهة ليمون,شراب بنكهة و مركزاتها ( flavoured drink & its concentrates ),flavoured drink & its concentrates,شراب بنكهة و مركزاتها ( flavoured drink & its concentrates ),sauce_condiment,مقهى حديقة ليمون - حي العليا,مقهى حديقة ليمون,حي العليا,مقهى حديقة ليمون - حي العليا,المعذر,بلدية,بلدية المعذر,True,False,لا يوجد,,0,,,False,none,,3,True
Data 2025.xlsx,10936,2025-12-06,2025-12,2025-W49,4,5,fl-0074-r01,fl-0074-R01,نكهة بطيخ,شراب بنكهة و مركزاتها ( flavoured drink & its concentrates ),flavoured drink & its concentrates,شراب بنكهة و مركزاتها ( flavoured drink & its concentrates ),sauce_condiment,مقهى حديقة ليمون - حي العليا,مقهى حديقة ليمون,حي العليا,مقهى حديقة ليمون - حي العليا,المعذر,بلدية,بلدية المعذر,True,False,لا يوجد,,0,,,False,none,,3,True
Data 2025.xlsx,10937,2025-12-06,2025-12,2025-W49,4,5,fl-0075-r01,fl-0075-R01,نكهة رمان,شراب بنكهة و مركزاتها ( flavoured drink & its concentrates ),flavoured drink & its concentrates,شراب بنكهة و مركزاتها ( flavoured drink & its concentrates ),sauce_condiment,مقهى حديقة ليمون - حي العليا,مقهى حديقة ليمون,حي العليا,مقهى حديقة ليمون - حي العليا,المعذر,بلدية,بلدية المعذر,False,True,الخمائر والاعفان,الخمائر والاعفان,1,,الخمائر والاعفان,False,indicator_only,,4,True
Data 2025.xlsx,10938,2025-12-06,2025-12,2025-W49,4,5,fl-0076-r01,fl-0076-R01,نكهة جوز الهند,شراب بنكهة و مركزاتها ( flavoured drink & its concentrates ),flavoured drink & its concentrates,شراب بنكهة و مركزاتها ( flavoured drink & its concentrates ),sauce_condiment,مقهى حديقة ليمون - حي العليا,مقهى حديقة ليمون,حي العليا,مقهى حديقة ليمون - حي العليا,المعذر,بلدية,بلدية المعذر,False,True,الخمائر والاعفان,الخمائر والاعفان,1,,الخمائر والاعفان,False,indicator_only,,5,True
Data 2025.xlsx,10939,2025-12-06,2025-12,2025-W49,4,5,fl-0077-r01,fl-0077-R01,نكهة كراميل,شراب بنكهة و مركزاتها ( flavoured drink & its concentrates ),flavoured drink & its concentrates,شراب بنكهة و مركزاتها ( flavoured drink & its concentrates ),sauce_condiment,مقهى حديقة ليمون - حي العليا,مقهى حديقة ليمون,حي العليا,مقهى حديقة ليمون - حي العليا,المعذر,بلدية,بلدية المعذر,True,False,لا يوجد,,0,,,False,none,,5,True
Data 2025.xlsx,10887,2025-12-06,2025-12,2025-W49,4,5,fr-0159-r01,fr-0159-R01,قطع دجاج محضر مسبقا,"لحم الدواجن المطبوخ المجمد الجاهز للاكل مثل لفائف الرومي والدجاج (Frozen cooked poultry meat, such as turkey and chicken rolls)","Frozen cooked poultry meat, such as turkey and chicken rolls","لحم الدواجن المطبوخ المجمد الجاهز للاكل مثل لفائف الرومي والدجاج (Frozen cooked poultry meat, such as turkey and chicken rolls)",cooked_meat_poultry,مقهى بعد الثمانية - حي العليا,مقهى بعد الثمانية,حي العليا,مقهى بعد الثمانية - حي العليا,وسط الرياض,قطاع,القطاع وسط الرياض,True,False,لا يوجد,,0,,,False,none,,0,False
Data 2025.xlsx,10886,2025-12-06,2025-12,2025-W49,4,5,he-0015-r01,he-0015-R01,زعتر مع زيت,الأعشاب والتوابل الجافة جاهزة للاكل (Dried herbs and spices ready to eat),Dried herbs and spices ready to eat,الأعشاب والتوابل الجافة جاهزة للاكل (Dried herbs and spices ready to eat),produce,مقهى بعد الثمانية - حي العليا,مقهى بعد الثمانية,حي العليا,مقهى بعد الثمانية - حي العليا,وسط الرياض,قطاع,القطاع وسط الرياض,True,False,لا يوجد,,0,,,False,none,,0,False
Data 2025.xlsx,10890,2025-12-06,2025-12,2025-W49,4,5,he-0016-r01,he-0016-R01,مشروب كركدية,الأعشاب المجففة (Dried herbs ),Dried herbs,الأعشاب المجففة (Dried herbs ),produce,مقهى بعد الثمانية - حي العليا,مقهى بعد الثمانية,حي العليا,مقهى بعد الثمانية - حي العليا,وسط الرياض,قطاع,القطاع وسط الرياض,True,False,لا يوجد,,0,,,False,none,,0,False
Data 2025.xlsx,10910,2025-12-06,2025-12,2025-W49,4,5,he-0017-r01,he-0017-R01,مشروب كركدية,الأعشاب المجففة (Dried herbs ),Dried herbs,الأعشاب المجففة (Dried herbs ),produce,بلومن - حي العليا,بلومن,حي العليا,بلومن - حي العليا,المعذر,بلدية,بلدية المعذر,True,False,لا يوجد,,0,,,False,none,,2,True
Data 2025.xlsx,10881,2025-12-06,2025-12,2025-W49,4,5,ho-0262-r01,ho-0262-R01,عسل,(Honey) عسل النحل,Honey,(Honey) عسل النحل,sweets_bakery,مقهى بعد الثمانية - حي العليا,مقهى بعد الثمانية,حي العليا,مقهى بعد الثمانية - حي العليا,وسط الرياض,قطاع,القطاع وسط الرياض,True,False,لا يوجد,,0,,,False,none,,0,False
Data 2025.xlsx,10932,2025-12-06,2025-12,2025-W49,4,5,ho-0263-r01,ho-0263-R01,عسل,(Honey) عسل النحل,Honey,(Honey) عسل النحل,sweets_bakery,مقهى حديقة ليمون - حي العليا,مقهى حديقة ليمون,حي العليا,مقهى حديقة ليمون - حي العليا,المعذر,بلدية,بلدية المعذر,True,False,لا يوجد,,0,,,False,none,,3,True
Data 2025.xlsx,10930,2025-12-06,2025-12,2025-W49,4,5,jui-0597-r01,jui-0597-R01,عصير ليمون,العصائر الطازجة Un-pasteurized juices (fresh),fresh,العصائر الطازجة Un-pasteurized juices (fresh),beverage,مقهى حديقة ليمون - حي العليا,مقهى حديقة ليمون,حي العليا,مقهى حديقة ليمون - حي العليا,المعذر,بلدية,بلدية المعذر,True,False,لا يوجد,,0,,,False,none,,3,True
Data 2025.xlsx,10891,2025-12-06,2025-12,2025-W49,4,5,milk-0060-r01,Milk-0060-R01,حليب سبانيش,الحليب (Milk),Milk,الحليب (Milk),dairy,مقهى بعد الثمانية - حي العليا,مقهى بعد الثمانية,حي العليا,مقهى بعد الثمانية - حي العليا,وسط الرياض,قطاع,القطاع وسط الرياض,False,True,انتيروباكتريسي,انتيروباكتريسي,1,,انتيروباكتريسي,False,indicator_only,,1,False
Data 2025.xlsx,10931,2025-12-06,2025-12,2025-W49,4,5,milk-0061-r01,Milk-0061-R01,حليب سبانيش,الحليب (Milk),Milk,الحليب (Milk),dairy,مقهى حديقة ليمون - حي العليا,مقهى حديقة ليمون,حي العليا,مقهى حديقة ليمون - حي العليا,المعذر,بلدية,بلدية المعذر,True,False,لا يوجد,,0,,,False,none,,3,True
Data 2025.xlsx,10882,2025-12-06,2025-12,2025-W49,4,5,mo-0016-r01,mo-0016-R01,دبس رمان,"المولاس بانواعه - الدبس - كتل السكر البنية (Molasses, debs ( date syrup ), hard brown sugar )",hard brown sugar,"المولاس بانواعه - الدبس - كتل السكر البنية (Molasses, debs ( date syrup ), hard brown sugar )",dairy,مقهى بعد الثمانية - حي العليا,مقهى بعد الثمانية,حي العليا,مقهى بعد الثمانية - حي العليا,وسط الرياض,قطاع,القطاع وسط الرياض,True,False,لا يوجد,,0,,,False,none,,0,False
Data 2025.xlsx,10921,2025-12-06,2025-12,2025-W49,4,5,pi-0145-r01,pi-0145-R01,شرائح زيتون اخضر,مخلل الخضروات /الفواكه (Pickled/fermented vegetable / fruits),Pickled/fermented vegetable / fruits,مخلل الخضروات /الفواكه (Pickled/fermented vegetable / fruits),dairy,مقهى حديقة ليمون - حي العليا,مقهى حديقة ليمون,حي العليا,مقهى حديقة ليمون - حي العليا,المعذر,بلدية,بلدية المعذر,False,True,خمائر,الخمائر والاعفان,1,,الخمائر والاعفان,False,indicator_only,,1,False
Data 2025.xlsx,10922,2025-12-06,2025-12,2025-W49,4,5,pi-0146-r01,pi-0146-R01,شرائح زيتون اسود,مخلل الخضروات /الفواكه (Pickled/fermented vegetable / fruits),Pickled/fermented vegetable / fruits,مخلل الخضروات /الفواكه (Pickled/fermented vegetable / fruits),dairy,مقهى حديقة ليمون - حي العليا,مقهى حديقة ليمون,حي العليا,مقهى حديقة ليمون - حي العليا,المعذر,بلدية,بلدية المعذر,False,True,الخمائر والاعفان,الخمائر والاعفان,1,,الخمائر والاعفان,False,indicator_only,,2,True
Data 2025.xlsx,10917,2025-12-06,2025-12,2025-W49,4,5,sa-0968-r01,sa-0968-R01,رز ابيض,اطعمة جاهزة للأكل Ready to eat meals,Ready to eat meals,اطعمة جاهزة للأكل Ready to eat meals,prepared_meal,مقهى حديقة ليمون - حي العليا,مقهى حديقة ليمون,حي العليا,مقهى حديقة ليمون - حي العليا,المعذر,بلدية,بلدية المعذر,True,False,لا يوجد,,0,,,False,none,,0,False
Data 2025.xlsx,10918,2025-12-06,2025-12,2025-W49,4,5,sa-0969-r01,sa-0969-R01,باستا مسلوق,اطعمة جاهزة للأكل Ready to eat meals,Ready to eat meals,اطعمة جاهزة للأكل Ready to eat meals,prepared_meal,مقهى حديقة ليمون - حي العليا,مقهى حديقة ليمون,حي العليا,مقهى حديقة ليمون - حي العليا,المعذر,بلدية,بلدية المعذر,True,False,لا يوجد,,0,,,False,none,,0,False
Data 2025.xlsx,10919,2025-12-06,2025-12,2025-W49,4,5,sa-0970-r01,sa-0970-R01,سلطة بصل مع فلفل رومي,اطعمة جاهزة للأكل Ready to eat meals,Ready to eat meals,اطعمة جاهزة للأكل Ready to eat meals,prepared_meal,مقهى حديقة ليمون - حي العليا,مقهى حديقة ليمون,حي العليا,مقهى حديقة ليمون - حي العليا,المعذر,بلدية,بلدية المعذر,True,False,لا يوجد,,0,,,False,none,,0,False
Data 2025.xlsx,10877,2025-12-06,2025-12,2025-W49,4,5,sau-2752-r01,sau-2752-R01,صوص ماسترد,صوص (sauce),sauce,صوص (sauce),sauce_condiment,مقهى بعد الثمانية - حي العليا,مقهى بعد الثمانية,حي العليا,مقهى بعد الثمانية - حي العليا,وسط الرياض,قطاع,القطاع وسط الرياض,True,False,لا يوجد,,0,,,False,none,,0,False
Data 2025.xlsx,10878,2025-12-06,2025-12,2025-W49,4,5,sau-2753-r01,sau-2753-R01,صوص باربكيو,صوص (sauce),sauce,صوص (sauce),sauce_condiment,مقهى بعد الثمانية - حي العليا,مقهى بعد الثمانية,حي العليا,مقهى بعد الثمانية - حي العليا,وسط الرياض,قطاع,القطاع وسط الرياض,True,False,لا يوجد,,0,,,False,none,,0,False
Data 2025.xlsx,10880,2025-12-06,2025-12,2025-W49,4,5,sau-2754-r01,sau-2754-R01,صوص جينجر,صوص (sauce),sauce,صوص (sauce),sauce_condiment,مقهى بعد الثمانية - حي العليا,مقهى بعد الثمانية,حي العليا,مقهى بعد الثمانية - حي العليا,وسط الرياض,قطاع,القطاع وسط الرياض,True,False,لا يوجد,,0,,,False,none,,0,False
Data 2025.xlsx,10883,2025-12-06,2025-12,2025-W49,4,5,sau-2755-r01,sau-2755-R01,شطة,صوص (sauce),sauce,صوص (sauce),sauce_condiment,مقهى بعد الثمانية - حي العليا,مقهى بعد الثمانية,حي العليا,مقهى بعد الثمانية - حي العليا,وسط الرياض,قطاع,القطاع وسط الرياض,True,False,لا يوجد,,0,,,False,none,,0,False
Data 2025.xlsx,10885,2025-12-06,2025-12,2025-W49,4,5,sau-2756-r01,sau-2756-R01,صوص برجر,صوص (sauce),sauce,صوص (sauce),sauce_condiment,مقهى بعد الثمانية - حي العليا,مقهى بعد الثمانية,حي العليا,مقهى بعد الثمانية - حي العليا,وسط الرياض,قطاع,القطاع وسط الرياض,True,False,لا يوجد,,0,,,False,none,,0,False
Data 2025.xlsx,10908,2025-12-06,2025-12,2025-W49,4,5,sau-2757-r01,sau-2757-R01,صوص خوخ,صوص (sauce),sauce,صوص (sauce),sauce_condiment,بلومن - حي العليا,بلومن,حي العليا,بلومن - حي العليا,المعذر,بلدية,بلدية المعذر,True,False,لا يوجد,,0,,,False,none,,1,False
Data 2025.xlsx,10911,2025-12-06,2025-12,2025-W49,4,5,sau-2758-r01,sau-2758-R01,صوص مانجو بيورية,صوص (sauce),sauce,صوص (sauce),sauce_condiment,بلومن - حي العليا,بلومن,حي العليا,بلومن - حي العليا,المعذر,بلدية,بلدية المعذر,True,False,لا يوجد,,0,,,False,none,,2,True
Data 2025.xlsx,10923,2025-12-06,2025-12,2025-W49,4,5,sau-2759-r01,sau-2759-R01,صوص مايونيز,صوص (sauce),sauce,صوص (sauce),sauce_condiment,مقهى حديقة ليمون - حي العليا,مقهى حديقة ليمون,حي العليا,مقهى حديقة ليمون - حي العليا,المعذر,بلدية,بلدية المعذر,True,False,لا يوجد,,0,,,False,none,,2,True
Data 2025.xlsx,10876,2025-12-06,2025-12,2025-W49,4,5,so-0036-r01,SO-0036-R01,جبن سائل المراعي,(Soft Cheese) جبن طري / جبن سائل,Soft Cheese,(Soft Cheese) جبن طري / جبن سائل,dairy,مقهى بعد الثمانية - حي العليا,مقهى بعد الثمانية,حي العليا,مقهى بعد الثمانية - حي العليا,وسط الرياض,قطاع,القطاع وسط الرياض,True,False,لا يوجد,,0,,,False,none,,0,False
Data 2025.xlsx,10920,2025-12-06,2025-12,2025-W49,4,5,so-0037-r01,SO-0037-R01,جبن موزاريلا,(Soft Cheese) جبن طري / جبن سائل,Soft Cheese,(Soft Cheese) جبن طري / جبن سائل,dairy,مقهى حديقة ليمون - حي العليا,مقهى حديقة ليمون,حي العليا,مقهى حديقة ليمون - حي العليا,المعذر,بلدية,بلدية المعذر,True,False,لا يوجد,,0,,,False,none,,0,False
Data 2025.xlsx,10888,2025-12-06,2025-12,2025-W49,4,5,sw-3812-r01,sw-3812-R01,مسحة ثلاجة اعداد,(Swabs) المسحات,Swabs,(Swabs) المسحات,swab,مقهى بعد الثمانية - حي العليا,مقهى بعد الثمانية,حي العليا,مقهى بعد الثمانية - حي العليا,وسط الرياض,قطاع,القطاع وسط الرياض,True,False,لا يوجد,,0,,,False,none,,0,False
Data 2025.xlsx,10889,2025-12-06,2025-12,2025-W49,4,5,sw-3813-r01,sw-3813-R01,مسحة طاولة تقطيع خضار,(Swabs) المسحات,Swabs,(Swabs) المسحات,swab,مقهى بعد الثمانية - حي العليا,مقهى بعد الثمانية,حي العليا,مقهى بعد الثمانية - حي العليا,وسط الرياض,قطاع,القطاع وسط الرياض,True,False,لا يوجد,,0,,,False,none,,0,False
Data 2025.xlsx,10897,2025-12-06,2025-12,2025-W49,4,5,sw-3814-r01,sw-3814-R01,مسحة صانعة ثلج,(Swabs) المسحات,Swabs,(Swabs) المسحات,swab,مقهى بعد الثمانية - حي العليا,مقهى بعد الثمانية,حي العليا,مقهى بعد الثمانية - حي العليا,وسط الرياض,قطاع,القطاع وسط الرياض,True,False,لا يوجد,,0,,,False,none,,4,True
Data 2025.xlsx,10898,2025-12-06,2025-12,2025-W49,4,5,sw-3815-r01,sw-3815-R01,مسحة طاولة تقطيع خضار,(Swabs) المسحات,Swabs,(Swabs) المسحات,swab,مقهى بعد الثمانية - حي العليا,مقهى بعد الثمانية,حي العليا,مقهى بعد الثمانية - حي العليا,وسط الرياض,قطاع,القطاع وسط الرياض,True,False,لا يوجد,,0,,,False,none,,4,True
Data 2025.xlsx,10915,2025-12-06,2025-12,2025-W49,4,5,sw-3816-r01,sw-3816-R01,مسحة صانعة ثلج,(Swabs) المسحات,Swabs,(Swabs) المسحات,swab,بلومن - حي العليا,بلومن,حي العليا,بلومن - حي العليا,المعذر,بلدية,بلدية المعذر,True,False,لا يوجد,,0,,,False,none,,3,True
Data 2025.xlsx,10916,2025-12-06,2025-12,2025-W49,4,5,sw-3817-r01,sw-3817-R01,مسحة صانعة ثلج,(Swabs) المسحات,Swabs,(Swabs) المسحات,swab,بلومن - حي العليا,بلومن,حي العليا,بلومن - حي العليا,المعذر,بلدية,بلدية المعذر,False,True,استافيلوكوكس اورياس,استافيلوكوكس اورياس,1,استافيلوكوكس اورياس,,True,pathogen,,4,True
Data 2025.xlsx,10940,2025-12-06,2025-12,2025-W49,4,5,sw-3818-r01,sw-3818-R01,مسحة طاولة تقطيع خضار,(Swabs) المسحات,Swabs,(Swabs) المسحات,swab,مقهى حديقة ليمون - حي العليا,مقهى حديقة ليمون,حي العليا,مقهى حديقة ليمون - حي العليا,المعذر,بلدية,بلدية المعذر,True,False,لا يوجد,,0,,,False,none,,5,True
Data 2025.xlsx,10941,2025-12-06,2025-12,2025-W49,4,5,sw-3819-r01,sw-3819-R01,مسحة ثلاجة اعداد,(Swabs) المسحات,Swabs,(Swabs) المسحات,swab,مقهى حديقة ليمون - حي العليا,مقهى حديقة ليمون,حي العليا,مقهى حديقة ليمون - حي العليا,المعذر,بلدية,بلدية المعذر,True,False,لا يوجد,,0,,,False,none,,5,True
Data 2025.xlsx,10942,2025-12-06,2025-12,2025-W49,4,5,sw-3820-r01,sw-3820-R01,مسحة ثلاجة حلا,(Swabs) المسحات,Swabs,(Swabs) المسحات,swab,مقهى حديقة ليمون - حي العليا,مقهى حديقة ليمون,حي العليا,مقهى حديقة ليمون - حي العليا,المعذر,بلدية,بلدية المعذر,True,False,لا يوجد,,0,,,False,none,,5,True
Data 2025.xlsx,10943,2025-12-06,2025-12,2025-W49,4,5,sw-3821-r01,sw-3821-R01,مسحة صانعة ثلج,(Swabs) المسحات,Swabs,(Swabs) المسحات,swab,مقهى حديقة ليمون - حي العليا,مقهى حديقة ليمون,حي العليا,مقهى حديقة ليمون - حي العليا,المعذر,بلدية,بلدية المعذر,True,False,لا يوجد,,0,,,False,none,,5,True
Data 2025.xlsx,10914,2025-12-06,2025-12,2025-W49,4,5,sweet-1551-r01,sweet-1551-R01,كيكة عسل,الحلا(sweetness),sweetness,الحلا(sweetness),sweets_bakery,بلومن - حي العليا,بلومن,حي العليا,بلومن - حي العليا,المعذر,بلدية,بلدية المعذر,True,False,لا يوجد,,0,,,False,none,,3,True
Data 2025.xlsx,10879,2025-12-06,2025-12,2025-W49,4,5,to-0017-r01,to-0017-R01,صلصة بيتزا,جميع أنواع منتجات الطماطم المعلبة (All kinds of canned tomato products),All kinds of canned tomato products,جميع أنواع منتجات الطماطم المعلبة (All kinds of canned tomato products),produce,مقهى بعد الثمانية - حي العليا,مقهى بعد الثمانية,حي العليا,مقهى بعد الثمانية - حي العليا,وسط الرياض,قطاع,القطاع وسط الرياض,True,False,لا يوجد,,0,,,False,none,,0,False
Data 2025.xlsx,10884,2025-12-06,2025-12,2025-W49,4,5,to-0018-r01,to-0018-R01,صوص كاتشب,جميع أنواع منتجات الطماطم المعلبة (All kinds of canned tomato products),All kinds of canned tomato products,جميع أنواع منتجات الطماطم المعلبة (All kinds of canned tomato products),produce,مقهى بعد الثمانية - حي العليا,مقهى بعد الثمانية,حي العليا,مقهى بعد الثمانية - حي العليا,وسط الرياض,قطاع,القطاع وسط الرياض,True,False,لا يوجد,,0,,,False,none,,0,False
Data 2025.xlsx,10924,2025-12-06,2025-12,2025-W49,4,5,to-0019-r01,to-0019-R01,صوص كاتشب,جميع أنواع منتجات الطماطم (All kinds of tomato products),All kinds of tomato products,جميع أنواع منتجات الطماطم (All kinds of tomato products),produce,مقهى حديقة ليمون - حي العليا,مقهى حديقة ليمون,حي العليا,مقهى حديقة ليمون - حي العليا,المعذر,بلدية,بلدية المعذر,True,False,لا يوجد,,0,,,False,none,,2,True
Data 2025.xlsx,10944,2025-12-06,2025-12,2025-W49,4,5,ubot-1179-r01,Ubot-1179-R01,مياه غسيل ادوات م-ك,المياه الغير معبأة (Unbottled water),Unbottled water,المياه الغير المعبأة (Unbottled water),water,مقهى حديقة ليمون - حي العليا,مقهى حديقة ليمون,حي العليا,مقهى حديقة ليمون - حي العليا,المعذر,بلدية,بلدية المعذر,True,False,لا يوجد,,0,,,False,none,category_merged_to_canonical,5,True
Data 2025.xlsx,6250,2025-12-07,2025-12,2025-W49,4,6,1-3210-R01,1-3210-R01,رز صيادية,الارز ( rice),rice,الارز ( rice),prepared_meal,شركة صوت المجال للمأكولات البحرية,شركة صوت المجال للمأكولات البحرية,,شركة صوت المجال للمأكولات البحرية,العزيزية,بلدية,بلدية العزيزية,True,False,لا يوجد,,0,,,False,none,,2,True
Data 2025.xlsx,6251,2025-12-07,2025-12,2025-W49,4,6,1-3211-R01,1-3211-R01,رز ابيض,الارز ( rice),rice,الارز ( rice),prepared_meal,شركة صوت المجال للمأكولات البحرية,شركة صوت المجال للمأكولات البحرية,,شركة صوت المجال للمأكولات البحرية,العزيزية,بلدية,بلدية العزيزية,True,False,لا يوجد,,0,,,False,none,,2,True
Data 2025.xlsx,6253,2025-12-07,2025-12,2025-W49,4,6,1-3212-R01,1-3212-R01,نكهة فراولة,نكهات مركزة ( Syrup ),Syrup,نكهات مركزة ( Syrup ),sauce_condiment,مقهى تولين لتقديم المشروبات,مقهى تولين لتقديم المشروبات,,مقهى تولين لتقديم المشروبات,العزيزية,بلدية,بلدية العزيزية,True,False,لا يوجد,,0,,,False,none,,0,False
Data 2025.xlsx,6254,2025-12-07,2025-12,2025-W49,4,6,1-3213-R01,1-3213-R01,نكهة توت,نكهات مركزة ( Syrup ),Syrup,نكهات مركزة ( Syrup ),sauce_condiment,مقهى تولين لتقديم المشروبات,مقهى تولين لتقديم المشروبات,,مقهى تولين لتقديم المشروبات,العزيزية,بلدية,بلدية العزيزية,True,False,لا يوجد,,0,,,False,none,,0,False
Data 2025.xlsx,6255,2025-12-07,2025-12,2025-W49,4,6,1-3214-R01,1-3214-R01,نكهة فانيلا,نكهات مركزة ( Syrup ),Syrup,نكهات مركزة ( Syrup ),sauce_condiment,مقهى تولين لتقديم المشروبات,مقهى تولين لتقديم المشروبات,,مقهى تولين لتقديم المشروبات,العزيزية,بلدية,بلدية العزيزية,True,False,لا يوجد,,0,,,False,none,,0,False
Data 2025.xlsx,6256,2025-12-07,2025-12,2025-W49,4,6,1-3215-R01,1-3215-R01,نكهة رمان,نكهات مركزة ( Syrup ),Syrup,نكهات مركزة ( Syrup ),sauce_condiment,مقهى تولين لتقديم المشروبات,مقهى تولين لتقديم المشروبات,,مقهى تولين لتقديم المشروبات,العزيزية,بلدية,بلدية العزيزية,False,True,العد الكلي للبكتيريا,العد الكلي للبكتيريا,1,,العد الكلي للبكتيريا,False,indicator_only,,1,False
Data 2025.xlsx,6257,2025-12-07,2025-12,2025-W49,4,6,1-3216-R01,1-3216-R01,نكهة جح,نكهات مركزة ( Syrup ),Syrup,نكهات مركزة ( Syrup ),sauce_condiment,مقهى تولين لتقديم المشروبات,مقهى تولين لتقديم المشروبات,,مقهى تولين لتقديم المشروبات,العزيزية,بلدية,بلدية العزيزية,True,False,لا يوجد,,0,,,False,none,,1,False
Data 2025.xlsx,6258,2025-12-07,2025-12,2025-W49,4,6,1-3217-R01,1-3217-R01,نكهة باشن فروت,نكهات مركزة ( Syrup ),Syrup,نكهات مركزة ( Syrup ),sauce_condiment,مقهى تولين لتقديم المشروبات,مقهى تولين لتقديم المشروبات,,مقهى تولين لتقديم المشروبات,العزيزية,بلدية,بلدية العزيزية,True,False,لا يوجد,,0,,,False,none,,1,False
Data 2025.xlsx,6259,2025-12-07,2025-12,2025-W49,4,6,1-3218-R01,1-3218-R01,نكهة مكس توت وفراولة,نكهات مركزة ( Syrup ),Syrup,نكهات مركزة ( Syrup ),sauce_condiment,مقهى تولين لتقديم المشروبات,مقهى تولين لتقديم المشروبات,,مقهى تولين لتقديم المشروبات,العزيزية,بلدية,بلدية العزيزية,True,False,لا يوجد,,0,,,False,none,,1,False
Data 2025.xlsx,6260,2025-12-07,2025-12,2025-W49,4,6,1-3219-R01,1-3219-R01,نكهة خوخ,نكهات مركزة ( Syrup ),Syrup,نكهات مركزة ( Syrup ),sauce_condiment,مقهى تولين لتقديم المشروبات,مقهى تولين لتقديم المشروبات,,مقهى تولين لتقديم المشروبات,العزيزية,بلدية,بلدية العزيزية,True,False,لا يوجد,,0,,,False,none,,1,False
Data 2025.xlsx,6261,2025-12-07,2025-12,2025-W49,4,6,1-3220-R01,1-3220-R01,نكهة توت ازرق,نكهات مركزة ( Syrup ),Syrup,نكهات مركزة ( Syrup ),sauce_condiment,مقهى تولين لتقديم المشروبات,مقهى تولين لتقديم المشروبات,,مقهى تولين لتقديم المشروبات,العزيزية,بلدية,بلدية العزيزية,True,False,لا يوجد,,0,,,False,none,,1,False
Data 2025.xlsx,10978,2025-12-07,2025-12,2025-W49,4,6,1-3789-R01,1-3789-R01,كريمة الكيك,(cream) قشطة,cream,(cream) كريمة,dairy,امور لاونج - حي المروج,امور لاونج,حي المروج,امور لاونج - حي المروج,وسط الرياض,قطاع,القطاع وسط الرياض,True,False,لا يوجد,,0,,,False,none,category_merged_to_canonical,4,True
Data 2025.xlsx,6246,2025-12-07,2025-12,2025-W49,4,6,O-U-to-0650-R01,O-U-to-0650-R01,طماطم مقطع,الطماطم (Tomatoes),Tomatoes,الطماطم (Tomatoes),produce,شركة صوت المجال للمأكولات البحرية,شركة صوت المجال للمأكولات البحرية,,شركة صوت المجال للمأكولات البحرية,العزيزية,بلدية,بلدية العزيزية,True,False,لا يوجد,,0,,,False,none,,1,False
Data 2025.xlsx,6233,2025-12-07,2025-12,2025-W49,4,6,O-r-O3-le-0362-R01,O-r-O3-le-0362-R01,خس قطع,الخس (Lettuce),Lettuce,الخس (Lettuce),produce,شركة اصل البرجر لتقديم الوجبات,شركة اصل البرجر لتقديم الوجبات,,شركة اصل البرجر لتقديم الوجبات,العزيزية,بلدية,بلدية العزيزية,True,False,لا يوجد,,0,,,False,none,,1,False
Data 2025.xlsx,6241,2025-12-07,2025-12,2025-W49,4,6,OO-OSS-po-0412-R01,OO-OSS-po-0412-R01,بطاطس,البطاطس (potatoes),potatoes,البطاطس (potatoes),produce,شركة اصل البرجر لتقديم الوجبات,شركة اصل البرجر لتقديم الوجبات,,شركة اصل البرجر لتقديم الوجبات,العزيزية,بلدية,بلدية العزيزية,True,False,لا يوجد,,0,,,False,none,,2,True
Data 2025.xlsx,6229,2025-12-07,2025-12,2025-W49,4,6,OOu-on-0503-R01,OOu-on-0503-R01,بصل مكركل,البصل (onions),onions,البصل (onions),produce,شركة اصل البرجر لتقديم الوجبات,شركة اصل البرجر لتقديم الوجبات,,شركة اصل البرجر لتقديم الوجبات,العزيزية,بلدية,بلدية العزيزية,True,False,لا يوجد,,0,,,False,none,,0,False
Data 2025.xlsx,6232,2025-12-07,2025-12,2025-W49,4,6,OOu-on-0504-R01,OOu-on-0504-R01,بصل شرائح,البصل (onions),onions,البصل (onions),produce,شركة اصل البرجر لتقديم الوجبات,شركة اصل البرجر لتقديم الوجبات,,شركة اصل البرجر لتقديم الوجبات,العزيزية,بلدية,بلدية العزيزية,True,False,لا يوجد,,0,,,False,none,,1,False
Data 2025.xlsx,6230,2025-12-07,2025-12,2025-W49,4,6,UU-ca-0117-R01,UU-ca-0117-R01,ملفوف احمر,الملفوف (cabbage),cabbage,الملفوف (cabbage),produce,شركة اصل البرجر لتقديم الوجبات,شركة اصل البرجر لتقديم الوجبات,,شركة اصل البرجر لتقديم الوجبات,العزيزية,بلدية,بلدية العزيزية,True,False,لا يوجد,,0,,,False,none,,0,False
Data 2025.xlsx,6244,2025-12-07,2025-12,2025-W49,4,6,appe-0520-r01,Appe-0520-R01,حمص (مقبلات),مقبلات (Appetizers),Appetizers,مقبلات (Appetizers),prepared_meal,شركة صوت المجال للمأكولات البحرية,شركة صوت المجال للمأكولات البحرية,,شركة صوت المجال للمأكولات البحرية,العزيزية,بلدية,بلدية العزيزية,True,False,لا يوجد,,0,,,False,none,,1,False
Data 2025.xlsx,10972,2025-12-07,2025-12,2025-W49,4,6,br-0119-r01,Br-0119-R01,خبز فتوش,الخبـز (Bread),Bread,الخبـز (Bread),sweets_bakery,امور لاونج - حي المروج,امور لاونج,حي المروج,امور لاونج - حي المروج,وسط الرياض,قطاع,القطاع وسط الرياض,True,False,لا يوجد,,0,,,False,none,,4,True
Data 2025.xlsx,10977,2025-12-07,2025-12,2025-W49,4,6,cho-0116-r01,cho-0116-R01,صوص وايت شوكليت,الشوكولاته (Chocolate),Chocolate,الشوكولاته (Chocolate),sweets_bakery,امور لاونج - حي المروج,امور لاونج,حي المروج,امور لاونج - حي المروج,وسط الرياض,قطاع,القطاع وسط الرياض,True,False,لا يوجد,,0,,,False,none,,4,True
Data 2025.xlsx,10960,2025-12-07,2025-12,2025-W49,4,6,cm-0145-r01,Cm-0145-R01,لحم مفروم,اللحوم المطبوخة (Cooked meat),Cooked meat,اللحوم المطبوخة (Cooked meat),cooked_meat_poultry,امور لاونج - حي المروج,امور لاونج,حي المروج,امور لاونج - حي المروج,وسط الرياض,قطاع,القطاع وسط الرياض,True,False,لا يوجد,,0,,,False,none,,2,True
Data 2025.xlsx,10962,2025-12-07,2025-12,2025-W49,4,6,co-0649-r01,co-0649-R01,قطع دجاج,"لحم الدواجن المطبوخ ، والمجمد ليتم تسخينه قبل الأكل (Cooked poultry meat ,frozen to be reheated before eating)","Cooked poultry meat ,frozen to be reheated before eating","لحم الدواجن المطبوخ ، والمجمد ليتم تسخينه قبل الأكل (Cooked poultry meat ,frozen to be reheated before eating)",cooked_meat_poultry,امور لاونج - حي المروج,امور لاونج,حي المروج,امور لاونج - حي المروج,وسط الرياض,قطاع,القطاع وسط الرياض,False,True,العد الكلي للبكتيريا,العد الكلي للبكتيريا,1,,العد الكلي للبكتيريا,False,indicator_only,,4,True
Data 2025.xlsx,10963,2025-12-07,2025-12,2025-W49,4,6,co-0650-r01,co-0650-R01,كولسلو,الملفوف (cabbage),cabbage,(الكولسلو (الملفوف (Coleslaw) (cabbage),produce,امور لاونج - حي المروج,امور لاونج,حي المروج,امور لاونج - حي المروج,وسط الرياض,قطاع,القطاع وسط الرياض,True,False,لا يوجد,,0,,,False,none,category_merged_to_canonical,4,True
Data 2025.xlsx,10947,2025-12-07,2025-12,2025-W49,4,6,cond-0011-r01,cond-0011-R01,صوص سبانيش,الحليب المكثف والحليب المكثف المحلى (condensed and sweeten condensed milk),condensed and sweeten condensed milk,الحليب المكثف والحليب المكثف المحلى (condensed and sweeten condensed milk),dairy,مقهى سمار - حي المروج,مقهى سمار,حي المروج,مقهى سمار - حي المروج,العليا,بلدية,بلدية العليا,True,False,لا يوجد,,0,,,False,none,,1,False
Data 2025.xlsx,10945,2025-12-07,2025-12,2025-W49,4,6,fl-0078-r01,fl-0078-R01,نكهة فراولة,شراب بنكهة و مركزاتها ( flavoured drink & its concentrates ),flavoured drink & its concentrates,شراب بنكهة و مركزاتها ( flavoured drink & its concentrates ),sauce_condiment,مقهى سمار - حي المروج,مقهى سمار,حي المروج,مقهى سمار - حي المروج,العليا,بلدية,بلدية العليا,True,False,لا يوجد,,0,,,False,none,,0,False
Data 2025.xlsx,10946,2025-12-07,2025-12,2025-W49,4,6,fl-0079-r01,fl-0079-R01,نكهة توت اسود,شراب بنكهة و مركزاتها ( flavoured drink & its concentrates ),flavoured drink & its concentrates,شراب بنكهة و مركزاتها ( flavoured drink & its concentrates ),sauce_condiment,مقهى سمار - حي المروج,مقهى سمار,حي المروج,مقهى سمار - حي المروج,العليا,بلدية,بلدية العليا,False,True,الخمائر والاعفان,الخمائر والاعفان,1,,الخمائر والاعفان,False,indicator_only,,1,False
Data 2025.xlsx,10979,2025-12-07,2025-12,2025-W49,4,6,fl-0080-r01,fl-0080-R01,نكهة توت ازرق,شراب بنكهة و مركزاتها ( flavoured drink & its concentrates ),flavoured drink & its concentrates,شراب بنكهة و مركزاتها ( flavoured drink & its concentrates ),sauce_condiment,امور لاونج - حي المروج,امور لاونج,حي المروج,امور لاونج - حي المروج,وسط الرياض,قطاع,القطاع وسط الرياض,False,True,العد الكلي للبكتيريا | الخمائر والاعفان,العد الكلي للبكتيريا | الخمائر والاعفان,2,,العد الكلي للبكتيريا | الخمائر والاعفان,False,indicator_only,,5,True
Data 2025.xlsx,10980,2025-12-07,2025-12,2025-W49,4,6,fl-0081-r01,fl-0081-R01,نكهة توت بري,شراب بنكهة و مركزاتها ( flavoured drink & its concentrates ),flavoured drink & its concentrates,شراب بنكهة و مركزاتها ( flavoured drink & its concentrates ),sauce_condiment,امور لاونج - حي المروج,امور لاونج,حي المروج,امور لاونج - حي المروج,وسط الرياض,قطاع,القطاع وسط الرياض,False,True,العد الكلي للبكتيريا | الخمائر والاعفان,العد الكلي للبكتيريا | الخمائر والاعفان,2,,العد الكلي للبكتيريا | الخمائر والاعفان,False,indicator_only,,6,True
Data 2025.xlsx,10981,2025-12-07,2025-12,2025-W49,4,6,fl-0082-r01,fl-0082-R01,نكهة باشن فروت,شراب بنكهة و مركزاتها ( flavoured drink & its concentrates ),flavoured drink & its concentrates,شراب بنكهة و مركزاتها ( flavoured drink & its concentrates ),sauce_condiment,امور لاونج - حي المروج,امور لاونج,حي المروج,امور لاونج - حي المروج,وسط الرياض,قطاع,القطاع وسط الرياض,True,False,لا يوجد,,0,,,False,none,,6,True
Data 2025.xlsx,10982,2025-12-07,2025-12,2025-W49,4,6,fl-0083-r01,fl-0083-R01,نكهة قشر البرتقال الازرق,شراب بنكهة و مركزاتها ( flavoured drink & its concentrates ),flavoured drink & its concentrates,شراب بنكهة و مركزاتها ( flavoured drink & its concentrates ),sauce_condiment,امور لاونج - حي المروج,امور لاونج,حي المروج,امور لاونج - حي المروج,وسط الرياض,قطاع,القطاع وسط الرياض,True,False,لا يوجد,,0,,,False,none,,6,True
Data 2025.xlsx,10983,2025-12-07,2025-12,2025-W49,4,6,fl-0084-r01,fl-0084-R01,نكهة فانيلا,شراب بنكهة و مركزاتها ( flavoured drink & its concentrates ),flavoured drink & its concentrates,شراب بنكهة و مركزاتها ( flavoured drink & its concentrates ),sauce_condiment,امور لاونج - حي المروج,امور لاونج,حي المروج,امور لاونج - حي المروج,وسط الرياض,قطاع,القطاع وسط الرياض,True,False,لا يوجد,,0,,,False,none,,6,True
Data 2025.xlsx,10984,2025-12-07,2025-12,2025-W49,4,6,fl-0085-r01,fl-0085-R01,نكهة رمان,شراب بنكهة و مركزاتها ( flavoured drink & its concentrates ),flavoured drink & its concentrates,شراب بنكهة و مركزاتها ( flavoured drink & its concentrates ),sauce_condiment,امور لاونج - حي المروج,امور لاونج,حي المروج,امور لاونج - حي المروج,وسط الرياض,قطاع,القطاع وسط الرياض,True,False,لا يوجد,,0,,,False,none,,6,True
Data 2025.xlsx,10985,2025-12-07,2025-12,2025-W49,4,6,fl-0086-r01,fl-0086-R01,نكهة جوز الهند,شراب بنكهة و مركزاتها ( flavoured drink & its concentrates ),flavoured drink & its concentrates,شراب بنكهة و مركزاتها ( flavoured drink & its concentrates ),sauce_condiment,امور لاونج - حي المروج,امور لاونج,حي المروج,امور لاونج - حي المروج,وسط الرياض,قطاع,القطاع وسط الرياض,True,False,لا يوجد,,0,,,False,none,,6,True
Data 2025.xlsx,10986,2025-12-07,2025-12,2025-W49,4,6,fl-0087-r01,fl-0087-R01,نكهة فراولة,شراب بنكهة و مركزاتها ( flavoured drink & its concentrates ),flavoured drink & its concentrates,شراب بنكهة و مركزاتها ( flavoured drink & its concentrates ),sauce_condiment,امور لاونج - حي المروج,امور لاونج,حي المروج,امور لاونج - حي المروج,وسط الرياض,قطاع,القطاع وسط الرياض,True,False,لا يوجد,,0,,,False,none,,6,True
Data 2025.xlsx,10964,2025-12-07,2025-12,2025-W49,4,6,fr-0160-r01,fr-0160-R01,شرائح طماطم,فواكه و خضروات طازجة (Fresh fruits and vegetables ),Fresh fruits and vegetables,فواكه و خضروات طازجة (Fresh fruits and vegetables ),produce,امور لاونج - حي المروج,امور لاونج,حي المروج,امور لاونج - حي المروج,وسط الرياض,قطاع,القطاع وسط الرياض,True,False,لا يوجد,,0,,,False,none,,4,True
Data 2025.xlsx,10965,2025-12-07,2025-12,2025-W49,4,6,fr-0161-r01,fr-0161-R01,خس,فواكه و خضروات طازجة (Fresh fruits and vegetables ),Fresh fruits and vegetables,فواكه و خضروات طازجة (Fresh fruits and vegetables ),produce,امور لاونج - حي المروج,امور لاونج,حي المروج,امور لاونج - حي المروج,وسط الرياض,قطاع,القطاع وسط الرياض,True,False,لا يوجد,,0,,,False,none,,4,True
Data 2025.xlsx,10971,2025-12-07,2025-12,2025-W49,4,6,fr-0162-r01,fr-0162-R01,قطع خيار,فواكه و خضروات طازجة (Fresh fruits and vegetables ),Fresh fruits and vegetables,فواكه و خضروات طازجة (Fresh fruits and vegetables ),produce,امور لاونج - حي المروج,امور لاونج,حي المروج,امور لاونج - حي المروج,وسط الرياض,قطاع,القطاع وسط الرياض,True,False,لا يوجد,,0,,,False,none,,4,True
Data 2025.xlsx,10973,2025-12-07,2025-12,2025-W49,4,6,fr-0163-r01,fr-0163-R01,حب رمان,فواكه و خضروات طازجة (Fresh fruits and vegetables ),Fresh fruits and vegetables,فواكه و خضروات طازجة (Fresh fruits and vegetables ),produce,امور لاونج - حي المروج,امور لاونج,حي المروج,امور لاونج - حي المروج,وسط الرياض,قطاع,القطاع وسط الرياض,True,False,لا يوجد,,0,,,False,none,,4,True
Data 2025.xlsx,10948,2025-12-07,2025-12,2025-W49,4,6,he-0018-r01,he-0018-R01,مشروب كركدية,الأعشاب المجففة (Dried herbs ),Dried herbs,الأعشاب المجففة (Dried herbs ),produce,مقهى سمار - حي المروج,مقهى سمار,حي المروج,مقهى سمار - حي المروج,العليا,بلدية,بلدية العليا,True,False,لا يوجد,,0,,,False,none,,1,False
Data 2025.xlsx,10976,2025-12-07,2025-12,2025-W49,4,6,ho-0264-r01,ho-0264-R01,عسل,(Honey) عسل النحل,Honey,(Honey) عسل النحل,sweets_bakery,امور لاونج - حي المروج,امور لاونج,حي المروج,امور لاونج - حي المروج,وسط الرياض,قطاع,القطاع وسط الرياض,True,False,لا يوجد,,0,,,False,none,,4,True
Data 2025.xlsx,6245,2025-12-07,2025-12,2025-W49,4,6,hs-0328-r01,HS-0328-R01,شطة حارة,الشطة (Hot sauce),Hot sauce,الشطة (Hot sauce),sauce_condiment,شركة صوت المجال للمأكولات البحرية,شركة صوت المجال للمأكولات البحرية,,شركة صوت المجال للمأكولات البحرية,العزيزية,بلدية,بلدية العزيزية,True,False,لا يوجد,,0,,,False,none,,1,False
Data 2025.xlsx,6262,2025-12-07,2025-12,2025-W49,4,6,jui-0469-r01,jui-0469-R01,عصير كركدية,العصائر الطازجة Un-pasteurized juices (fresh),fresh,العصائر الطازجة Un-pasteurized juices (fresh),beverage,مقهى تولين لتقديم المشروبات,مقهى تولين لتقديم المشروبات,,مقهى تولين لتقديم المشروبات,العزيزية,بلدية,بلدية العزيزية,True,False,لا يوجد,,0,,,False,none,,1,False
Data 2025.xlsx,10987,2025-12-07,2025-12,2025-W49,4,6,jui-0598-r01,jui-0598-R01,عصير رمان,العصائر الطازجة Un-pasteurized juices (fresh),fresh,العصائر الطازجة Un-pasteurized juices (fresh),beverage,امور لاونج - حي المروج,امور لاونج,حي المروج,امور لاونج - حي المروج,وسط الرياض,قطاع,القطاع وسط الرياض,False,True,الخمائر والاعفان,الخمائر والاعفان,1,,الخمائر والاعفان,False,indicator_only,,7,True
Data 2025.xlsx,10988,2025-12-07,2025-12,2025-W49,4,6,jui-0599-r01,jui-0599-R01,عصير برتقال,العصائر الطازجة Un-pasteurized juices (fresh),fresh,العصائر الطازجة Un-pasteurized juices (fresh),beverage,امور لاونج - حي المروج,امور لاونج,حي المروج,امور لاونج - حي المروج,وسط الرياض,قطاع,القطاع وسط الرياض,False,True,الخمائر والاعفان,الخمائر والاعفان,1,,الخمائر والاعفان,False,indicator_only,,8,True
Data 2025.xlsx,10989,2025-12-07,2025-12,2025-W49,4,6,jui-0600-r01,jui-0600-R01,عصير ليمون,العصائر الطازجة Un-pasteurized juices (fresh),fresh,العصائر الطازجة Un-pasteurized juices (fresh),beverage,امور لاونج - حي المروج,امور لاونج,حي المروج,امور لاونج - حي المروج,وسط الرياض,قطاع,القطاع وسط الرياض,False,True,الخمائر والاعفان,الخمائر والاعفان,1,,الخمائر والاعفان,False,indicator_only,,9,True
Data 2025.xlsx,10975,2025-12-07,2025-12,2025-W49,4,6,mo-0017-r01,mo-0017-R01,صوص كراميل,"المولاس بانواعه - الدبس - كتل السكر البنية (Molasses, debs ( date syrup ), hard brown sugar )",hard brown sugar,"المولاس بانواعه - الدبس - كتل السكر البنية (Molasses, debs ( date syrup ), hard brown sugar )",dairy,امور لاونج - حي المروج,امور لاونج,حي المروج,امور لاونج - حي المروج,وسط الرياض,قطاع,القطاع وسط الرياض,True,False,لا يوجد,,0,,,False,none,,4,True
Data 2025.xlsx,10970,2025-12-07,2025-12,2025-W49,4,6,pi-0147-r01,pi-0147-R01,كيبرز مخلل,مخلل الخضروات /الفواكه (Pickled/fermented vegetable / fruits),Pickled/fermented vegetable / fruits,مخلل الخضروات /الفواكه (Pickled/fermented vegetable / fruits),dairy,امور لاونج - حي المروج,امور لاونج,حي المروج,امور لاونج - حي المروج,وسط الرياض,قطاع,القطاع وسط الرياض,True,False,لا يوجد,,0,,,False,none,,4,True
Data 2025.xlsx,6264,2025-12-07,2025-12,2025-W49,4,6,raw-0348-r01,Raw-0348-R01,لحم فخذ عجل هندي,لحوم نيئة مبردة ومجمدة (Raw meat Cold or chilled ),Raw meat Cold or chilled,لحوم نيئة مبردة ومجمدة (Raw meat Cold or chilled ),raw_meat,حامد بن كريم بن مزيد العنزي لبيع اللحوم المبرده,حامد بن كريم بن مزيد العنزي لبيع اللحوم المبرده,,حامد بن كريم بن مزيد العنزي لبيع اللحوم المبرده,العزيزية,بلدية,بلدية العزيزية,True,False,لا يوجد,,0,,,False,none,,0,False
Data 2025.xlsx,6265,2025-12-07,2025-12,2025-W49,4,6,raw-0349-r01,Raw-0349-R01,لحم جنب عجل باكستاني,لحوم نيئة مبردة ومجمدة (Raw meat Cold or chilled ),Raw meat Cold or chilled,لحوم نيئة مبردة ومجمدة (Raw meat Cold or chilled ),raw_meat,حامد بن كريم بن مزيد العنزي لبيع اللحوم المبرده,حامد بن كريم بن مزيد العنزي لبيع اللحوم المبرده,,حامد بن كريم بن مزيد العنزي لبيع اللحوم المبرده,العزيزية,بلدية,بلدية العزيزية,True,False,لا يوجد,,0,,,False,none,,0,False
Data 2025.xlsx,6266,2025-12-07,2025-12,2025-W49,4,6,raw-0350-r01,Raw-0350-R01,لحم فخذ تيس كيني,لحوم نيئة مبردة ومجمدة (Raw meat Cold or chilled ),Raw meat Cold or chilled,لحوم نيئة مبردة ومجمدة (Raw meat Cold or chilled ),raw_meat,حامد بن كريم بن مزيد العنزي لبيع اللحوم المبرده,حامد بن كريم بن مزيد العنزي لبيع اللحوم المبرده,,حامد بن كريم بن مزيد العنزي لبيع اللحوم المبرده,العزيزية,بلدية,بلدية العزيزية,True,False,لا يوجد,,0,,,False,none,,0,False
Data 2025.xlsx,10974,2025-12-07,2025-12,2025-W49,4,6,sa-0971-r01,sa-0971-R01,بامية مقلي,اطعمة جاهزة للأكل Ready to eat meals,Ready to eat meals,اطعمة جاهزة للأكل Ready to eat meals,prepared_meal,امور لاونج - حي المروج,امور لاونج,حي المروج,امور لاونج - حي المروج,وسط الرياض,قطاع,القطاع وسط الرياض,True,False,لا يوجد,,0,,,False,none,,4,True
Data 2025.xlsx,6231,2025-12-07,2025-12,2025-W49,4,6,sal-1443-r01,Sal-1443-R01,سلطة ملفوف,السلطة(Salad),Salad,السلطة(Salad),produce,شركة اصل البرجر لتقديم الوجبات,شركة اصل البرجر لتقديم الوجبات,,شركة اصل البرجر لتقديم الوجبات,العزيزية,بلدية,بلدية العزيزية,False,True,استافيلوكوكس اورياس,استافيلوكوكس اورياس,1,استافيلوكوكس اورياس,,True,pathogen,,1,False
Data 2025.xlsx,6243,2025-12-07,2025-12,2025-W49,4,6,sal-1444-r01,Sal-1444-R01,سلطة خضراء,السلطة(Salad),Salad,السلطة(Salad),produce,شركة صوت المجال للمأكولات البحرية,شركة صوت المجال للمأكولات البحرية,,شركة صوت المجال للمأكولات البحرية,العزيزية,بلدية,بلدية العزيزية,False,True,استافيلوكوكس اورياس,استافيلوكوكس اورياس,1,استافيلوكوكس اورياس,,True,pathogen,,1,False
Data 2025.xlsx,6247,2025-12-07,2025-12,2025-W49,4,6,sal-1445-r01,Sal-1445-R01,سلطة خيار مع خس امريكي,السلطة(Salad),Salad,السلطة(Salad),produce,شركة صوت المجال للمأكولات البحرية,شركة صوت المجال للمأكولات البحرية,,شركة صوت المجال للمأكولات البحرية,العزيزية,بلدية,بلدية العزيزية,False,True,استافيلوكوكس اورياس,استافيلوكوكس اورياس,1,استافيلوكوكس اورياس,,True,pathogen,,2,True
Data 2025.xlsx,6221,2025-12-07,2025-12,2025-W49,4,6,sau-1968-r01,sau-1968-R01,صوص شيز,صوص (sauce),sauce,صوص (sauce),sauce_condiment,شركة اصل البرجر لتقديم الوجبات,شركة اصل البرجر لتقديم الوجبات,,شركة اصل البرجر لتقديم الوجبات,العزيزية,بلدية,بلدية العزيزية,True,False,لا يوجد,,0,,,False,none,,0,False
Data 2025.xlsx,6222,2025-12-07,2025-12,2025-W49,4,6,sau-1969-r01,sau-1969-R01,صوص لحم,صوص (sauce),sauce,صوص (sauce),sauce_condiment,شركة اصل البرجر لتقديم الوجبات,شركة اصل البرجر لتقديم الوجبات,,شركة اصل البرجر لتقديم الوجبات,العزيزية,بلدية,بلدية العزيزية,True,False,لا يوجد,,0,,,False,none,,0,False
Data 2025.xlsx,6223,2025-12-07,2025-12,2025-W49,4,6,sau-1970-r01,sau-1970-R01,صوص دجاج,صوص (sauce),sauce,صوص (sauce),sauce_condiment,شركة اصل البرجر لتقديم الوجبات,شركة اصل البرجر لتقديم الوجبات,,شركة اصل البرجر لتقديم الوجبات,العزيزية,بلدية,بلدية العزيزية,True,False,لا يوجد,,0,,,False,none,,0,False
Data 2025.xlsx,6224,2025-12-07,2025-12,2025-W49,4,6,sau-1971-r01,sau-1971-R01,صوص كرسبي,صوص (sauce),sauce,صوص (sauce),sauce_condiment,شركة اصل البرجر لتقديم الوجبات,شركة اصل البرجر لتقديم الوجبات,,شركة اصل البرجر لتقديم الوجبات,العزيزية,بلدية,بلدية العزيزية,True,False,لا يوجد,,0,,,False,none,,0,False
Data 2025.xlsx,6225,2025-12-07,2025-12,2025-W49,4,6,sau-1972-r01,sau-1972-R01,صوص كرز لحم,صوص (sauce),sauce,صوص (sauce),sauce_condiment,شركة اصل البرجر لتقديم الوجبات,شركة اصل البرجر لتقديم الوجبات,,شركة اصل البرجر لتقديم الوجبات,العزيزية,بلدية,بلدية العزيزية,True,False,لا يوجد,,0,,,False,none,,0,False
Data 2025.xlsx,6226,2025-12-07,2025-12,2025-W49,4,6,sau-1973-r01,sau-1973-R01,صوص بيكن,صوص (sauce),sauce,صوص (sauce),sauce_condiment,شركة اصل البرجر لتقديم الوجبات,شركة اصل البرجر لتقديم الوجبات,,شركة اصل البرجر لتقديم الوجبات,العزيزية,بلدية,بلدية العزيزية,True,False,لا يوجد,,0,,,False,none,,0,False
Data 2025.xlsx,6227,2025-12-07,2025-12,2025-W49,4,6,sau-1974-r01,sau-1974-R01,صوص سبايسي,صوص (sauce),sauce,صوص (sauce),sauce_condiment,شركة اصل البرجر لتقديم الوجبات,شركة اصل البرجر لتقديم الوجبات,,شركة اصل البرجر لتقديم الوجبات,العزيزية,بلدية,بلدية العزيزية,True,False,لا يوجد,,0,,,False,none,,0,False
Data 2025.xlsx,6228,2025-12-07,2025-12,2025-W49,4,6,sau-1975-r01,sau-1975-R01,صوص سموكي,صوص (sauce),sauce,صوص (sauce),sauce_condiment,شركة اصل البرجر لتقديم الوجبات,شركة اصل البرجر لتقديم الوجبات,,شركة اصل البرجر لتقديم الوجبات,العزيزية,بلدية,بلدية العزيزية,True,False,لا يوجد,,0,,,False,none,,0,False
Data 2025.xlsx,6234,2025-12-07,2025-12,2025-W49,4,6,sau-1976-r01,sau-1976-R01,صوص لحم معلب,صوص (sauce),sauce,صوص (sauce),sauce_condiment,شركة اصل البرجر لتقديم الوجبات,شركة اصل البرجر لتقديم الوجبات,,شركة اصل البرجر لتقديم الوجبات,العزيزية,بلدية,بلدية العزيزية,True,False,لا يوجد,,0,,,False,none,,1,False
Data 2025.xlsx,6235,2025-12-07,2025-12,2025-W49,4,6,sau-1977-r01,sau-1977-R01,صوص سبايسي معلب,صوص (sauce),sauce,صوص (sauce),sauce_condiment,شركة اصل البرجر لتقديم الوجبات,شركة اصل البرجر لتقديم الوجبات,,شركة اصل البرجر لتقديم الوجبات,العزيزية,بلدية,بلدية العزيزية,True,False,لا يوجد,,0,,,False,none,,1,False
Data 2025.xlsx,6236,2025-12-07,2025-12,2025-W49,4,6,sau-1978-r01,sau-1978-R01,صوص دجاج معلب,صوص (sauce),sauce,صوص (sauce),sauce_condiment,شركة اصل البرجر لتقديم الوجبات,شركة اصل البرجر لتقديم الوجبات,,شركة اصل البرجر لتقديم الوجبات,العزيزية,بلدية,بلدية العزيزية,True,False,لا يوجد,,0,,,False,none,,1,False
Data 2025.xlsx,6237,2025-12-07,2025-12,2025-W49,4,6,sau-1979-r01,sau-1979-R01,صوص سموكي معلب,صوص (sauce),sauce,صوص (sauce),sauce_condiment,شركة اصل البرجر لتقديم الوجبات,شركة اصل البرجر لتقديم الوجبات,,شركة اصل البرجر لتقديم الوجبات,العزيزية,بلدية,بلدية العزيزية,False,True,استافيلوكوكس اورياس,استافيلوكوكس اورياس,1,استافيلوكوكس اورياس,,True,pathogen,,2,True
Data 2025.xlsx,6248,2025-12-07,2025-12,2025-W49,4,6,sau-1980-r01,sau-1980-R01,صوص ثوم,صوص (sauce),sauce,صوص (sauce),sauce_condiment,شركة صوت المجال للمأكولات البحرية,شركة صوت المجال للمأكولات البحرية,,شركة صوت المجال للمأكولات البحرية,العزيزية,بلدية,بلدية العزيزية,True,False,لا يوجد,,0,,,False,none,,2,True
Data 2025.xlsx,6249,2025-12-07,2025-12,2025-W49,4,6,sau-1981-r01,sau-1981-R01,صوص ماسترد,صوص (sauce),sauce,صوص (sauce),sauce_condiment,شركة صوت المجال للمأكولات البحرية,شركة صوت المجال للمأكولات البحرية,,شركة صوت المجال للمأكولات البحرية,العزيزية,بلدية,بلدية العزيزية,True,False,لا يوجد,,0,,,False,none,,2,True
Data 2025.xlsx,6252,2025-12-07,2025-12,2025-W49,4,6,sau-1982-r01,sau-1982-R01,صوص كاتشب,صوص (sauce),sauce,صوص (sauce),sauce_condiment,شركة صوت المجال للمأكولات البحرية,شركة صوت المجال للمأكولات البحرية,,شركة صوت المجال للمأكولات البحرية,العزيزية,بلدية,بلدية العزيزية,True,False,لا يوجد,,0,,,False,none,,2,True
Data 2025.xlsx,10954,2025-12-07,2025-12,2025-W49,4,6,sau-2760-r01,sau-2760-R01,صوص مايونيز,صوص (sauce),sauce,صوص (sauce),sauce_condiment,امور لاونج - حي المروج,امور لاونج,حي المروج,امور لاونج - حي المروج,وسط الرياض,قطاع,القطاع وسط الرياض,True,False,لا يوجد,,0,,,False,none,,0,False
Data 2025.xlsx,10955,2025-12-07,2025-12,2025-W49,4,6,sau-2761-r01,sau-2761-R01,صوص كوكتيل,صوص (sauce),sauce,صوص (sauce),sauce_condiment,امور لاونج - حي المروج,امور لاونج,حي المروج,امور لاونج - حي المروج,وسط الرياض,قطاع,القطاع وسط الرياض,True,False,لا يوجد,,0,,,False,none,,0,False
Data 2025.xlsx,10961,2025-12-07,2025-12,2025-W49,4,6,sau-2762-r01,sau-2762-R01,صوص دجاج مشروم,صوص (sauce),sauce,صوص (sauce),sauce_condiment,امور لاونج - حي المروج,امور لاونج,حي المروج,امور لاونج - حي المروج,وسط الرياض,قطاع,القطاع وسط الرياض,False,True,العد الكلي للبكتيريا,العد الكلي للبكتيريا,1,,العد الكلي للبكتيريا,False,indicator_only,,3,True
Data 2025.xlsx,10967,2025-12-07,2025-12,2025-W49,4,6,sau-2763-r01,sau-2763-R01,صوص ماسترد,صوص (sauce),sauce,صوص (sauce),sauce_condiment,امور لاونج - حي المروج,امور لاونج,حي المروج,امور لاونج - حي المروج,وسط الرياض,قطاع,القطاع وسط الرياض,True,False,لا يوجد,,0,,,False,none,,4,True
Data 2025.xlsx,10968,2025-12-07,2025-12,2025-W49,4,6,sau-2764-r01,sau-2764-R01,صوص فلفل حلو,صوص (sauce),sauce,صوص (sauce),sauce_condiment,امور لاونج - حي المروج,امور لاونج,حي المروج,امور لاونج - حي المروج,وسط الرياض,قطاع,القطاع وسط الرياض,True,False,لا يوجد,,0,,,False,none,,4,True
Data 2025.xlsx,10969,2025-12-07,2025-12,2025-W49,4,6,sau-2765-r01,sau-2765-R01,شطة حارة,صوص (sauce),sauce,صوص (sauce),sauce_condiment,امور لاونج - حي المروج,امور لاونج,حي المروج,امور لاونج - حي المروج,وسط الرياض,قطاع,القطاع وسط الرياض,True,False,لا يوجد,,0,,,False,none,,4,True
Data 2025.xlsx,10950,2025-12-07,2025-12,2025-W49,4,6,see-0009-r01,see-0009-R01,بسبوسة,الحلويات العربية (Arabic sweets),Arabic sweets,الحلويات العربية (Arabic sweets),sweets_bakery,مقهى سمار - حي المروج,مقهى سمار,حي المروج,مقهى سمار - حي المروج,العليا,بلدية,بلدية العليا,False,True,كوليفورم,كوليفورم,1,,كوليفورم,False,indicator_only,,2,True
Data 2025.xlsx,10949,2025-12-07,2025-12,2025-W49,4,6,so-0038-r01,SO-0038-R01,جبن شيدر,(Soft Cheese) جبن طري / جبن سائل,Soft Cheese,(Soft Cheese) جبن طري / جبن سائل,dairy,مقهى سمار - حي المروج,مقهى سمار,حي المروج,مقهى سمار - حي المروج,العليا,بلدية,بلدية العليا,True,False,لا يوجد,,0,,,False,none,,1,False
Data 2025.xlsx,10956,2025-12-07,2025-12,2025-W49,4,6,so-0039-r01,SO-0039-R01,جبن قشطوان,(Soft Cheese) جبن طري / جبن سائل,Soft Cheese,(Soft Cheese) جبن طري / جبن سائل,dairy,امور لاونج - حي المروج,امور لاونج,حي المروج,امور لاونج - حي المروج,وسط الرياض,قطاع,القطاع وسط الرياض,True,False,لا يوجد,,0,,,False,none,,0,False
Data 2025.xlsx,10957,2025-12-07,2025-12,2025-W49,4,6,so-0040-r01,SO-0040-R01,جبن عكاوي,(Soft Cheese) جبن طري / جبن سائل,Soft Cheese,(Soft Cheese) جبن طري / جبن سائل,dairy,امور لاونج - حي المروج,امور لاونج,حي المروج,امور لاونج - حي المروج,وسط الرياض,قطاع,القطاع وسط الرياض,False,True,استافيلوكوكس اورياس | انتيروباكتريسي,استافيلوكوكس اورياس | انتيروباكتريسي,2,استافيلوكوكس اورياس,انتيروباكتريسي,True,pathogen,,1,False
Data 2025.xlsx,10959,2025-12-07,2025-12,2025-W49,4,6,so-0041-r01,SO-0041-R01,صوص شيدر,(Soft Cheese) جبن طري / جبن سائل,Soft Cheese,(Soft Cheese) جبن طري / جبن سائل,dairy,امور لاونج - حي المروج,امور لاونج,حي المروج,امور لاونج - حي المروج,وسط الرياض,قطاع,القطاع وسط الرياض,True,False,لا يوجد,,0,,,False,none,,2,True
Data 2025.xlsx,6238,2025-12-07,2025-12,2025-W49,4,6,sw-3319-r01,sw-3319-R01,مسحة يد,(Swabs) المسحات,Swabs,(Swabs) المسحات,swab,شركة اصل البرجر لتقديم الوجبات,شركة اصل البرجر لتقديم الوجبات,,شركة اصل البرجر لتقديم الوجبات,العزيزية,بلدية,بلدية العزيزية,True,False,لا يوجد,,0,,,False,none,,2,True
Data 2025.xlsx,6239,2025-12-07,2025-12,2025-W49,4,6,sw-3320-r01,sw-3320-R01,مسحة طاولة اعداد برجر,(Swabs) المسحات,Swabs,(Swabs) المسحات,swab,شركة اصل البرجر لتقديم الوجبات,شركة اصل البرجر لتقديم الوجبات,,شركة اصل البرجر لتقديم الوجبات,العزيزية,بلدية,بلدية العزيزية,True,False,لا يوجد,,0,,,False,none,,2,True
Data 2025.xlsx,6240,2025-12-07,2025-12,2025-W49,4,6,sw-3321-r01,sw-3321-R01,مسحة طاولة سخن خبز,(Swabs) المسحات,Swabs,(Swabs) المسحات,swab,شركة اصل البرجر لتقديم الوجبات,شركة اصل البرجر لتقديم الوجبات,,شركة اصل البرجر لتقديم الوجبات,العزيزية,بلدية,بلدية العزيزية,True,False,لا يوجد,,0,,,False,none,,2,True
Data 2025.xlsx,6242,2025-12-07,2025-12,2025-W49,4,6,sw-3322-r01,sw-3322-R01,مسحة حافظة بطاطس,(Swabs) المسحات,Swabs,(Swabs) المسحات,swab,شركة اصل البرجر لتقديم الوجبات,شركة اصل البرجر لتقديم الوجبات,,شركة اصل البرجر لتقديم الوجبات,العزيزية,بلدية,بلدية العزيزية,True,False,لا يوجد,,0,,,False,none,,2,True
Data 2025.xlsx,6263,2025-12-07,2025-12,2025-W49,4,6,sw-3323-r01,sw-3323-R01,مسحة حافظة ثلج,(Swabs) المسحات,Swabs,(Swabs) المسحات,swab,مقهى تولين لتقديم المشروبات,مقهى تولين لتقديم المشروبات,,مقهى تولين لتقديم المشروبات,العزيزية,بلدية,بلدية العزيزية,False,True,استافيلوكوكس اورياس,استافيلوكوكس اورياس,1,استافيلوكوكس اورياس,,True,pathogen,,2,True
Data 2025.xlsx,10952,2025-12-07,2025-12,2025-W49,4,6,sw-3822-r01,sw-3822-R01,مسحة طاولة تقطيع خضار,(Swabs) المسحات,Swabs,(Swabs) المسحات,swab,مقهى سمار - حي المروج,مقهى سمار,حي المروج,مقهى سمار - حي المروج,العليا,بلدية,بلدية العليا,True,False,لا يوجد,,0,,,False,none,,2,True
Data 2025.xlsx,10990,2025-12-07,2025-12,2025-W49,4,6,sw-3823-r01,sw-3823-R01,مسحة كسارة ثلج,(Swabs) المسحات,Swabs,(Swabs) المسحات,swab,امور لاونج - حي المروج,امور لاونج,حي المروج,امور لاونج - حي المروج,وسط الرياض,قطاع,القطاع وسط الرياض,True,False,لا يوجد,,0,,,False,none,,9,True
Data 2025.xlsx,10991,2025-12-07,2025-12,2025-W49,4,6,sw-3824-r01,sw-3824-R01,مسحة طاولة تقطيع خضار,(Swabs) المسحات,Swabs,(Swabs) المسحات,swab,امور لاونج - حي المروج,امور لاونج,حي المروج,امور لاونج - حي المروج,وسط الرياض,قطاع,القطاع وسط الرياض,False,True,العد الكلي للبكتيريا,العد الكلي للبكتيريا,1,,العد الكلي للبكتيريا,False,indicator_only,,10,True
Data 2025.xlsx,10992,2025-12-07,2025-12,2025-W49,4,6,sw-3825-r01,sw-3825-R01,مسحة ثلاجة اعداد,(Swabs) المسحات,Swabs,(Swabs) المسحات,swab,امور لاونج - حي المروج,امور لاونج,حي المروج,امور لاونج - حي المروج,وسط الرياض,قطاع,القطاع وسط الرياض,True,False,لا يوجد,,0,,,False,none,,10,True
Data 2025.xlsx,10993,2025-12-07,2025-12,2025-W49,4,6,sw-3826-r01,sw-3826-R01,مسحة ثلاجة اعداد,(Swabs) المسحات,Swabs,(Swabs) المسحات,swab,امور لاونج - حي المروج,امور لاونج,حي المروج,امور لاونج - حي المروج,وسط الرياض,قطاع,القطاع وسط الرياض,True,False,لا يوجد,,0,,,False,none,,10,True
Data 2025.xlsx,10951,2025-12-07,2025-12,2025-W49,4,6,sweet-1552-r01,sweet-1552-R01,تراميسو,الحلا(sweetness),sweetness,الحلا(sweetness),sweets_bakery,مقهى سمار - حي المروج,مقهى سمار,حي المروج,مقهى سمار - حي المروج,العليا,بلدية,بلدية العليا,True,False,لا يوجد,,0,,,False,none,,2,True
Data 2025.xlsx,10958,2025-12-07,2025-12,2025-W49,4,6,to-0020-r01,to-0020-R01,محمرة,جميع أنواع منتجات الطماطم المعلبة (All kinds of canned tomato products),All kinds of canned tomato products,جميع أنواع منتجات الطماطم المعلبة (All kinds of canned tomato products),produce,امور لاونج - حي المروج,امور لاونج,حي المروج,امور لاونج - حي المروج,وسط الرياض,قطاع,القطاع وسط الرياض,False,True,اعفان,الخمائر والاعفان,1,,الخمائر والاعفان,False,indicator_only,,2,True
Data 2025.xlsx,10966,2025-12-07,2025-12,2025-W49,4,6,to-0021-r01,to-0021-R01,صوص كاتشب,جميع أنواع منتجات الطماطم المعلبة (All kinds of canned tomato products),All kinds of canned tomato products,جميع أنواع منتجات الطماطم المعلبة (All kinds of canned tomato products),produce,امور لاونج - حي المروج,امور لاونج,حي المروج,امور لاونج - حي المروج,وسط الرياض,قطاع,القطاع وسط الرياض,True,False,لا يوجد,,0,,,False,none,,4,True
Data 2025.xlsx,6269,2025-12-07,2025-12,2025-W49,4,6,ubot-1034-r01,Ubot-1034-R01,مياه حنفية لغسيل الادوات,المياه الغير معبأة (Unbottled water),Unbottled water,المياه الغير معبأة (Unbottled water),water,حامد بن كريم بن مزيد العنزي لبيع اللحوم المبرده,حامد بن كريم بن مزيد العنزي لبيع اللحوم المبرده,,حامد بن كريم بن مزيد العنزي لبيع اللحوم المبرده,العزيزية,بلدية,بلدية العزيزية,True,False,لا يوجد,,0,,,False,none,,0,False
Data 2025.xlsx,6267,2025-12-07,2025-12,2025-W49,4,6,ubot-1035-r01,Ubot-1035-R01,مياه حنفية لغسيل الادوات,المياه الغير معبأة (Unbottled water),Unbottled water,المياه الغير معبأة (Unbottled water),water,شركة صوت المجال للمأكولات البحرية,شركة صوت المجال للمأكولات البحرية,,شركة صوت المجال للمأكولات البحرية,العزيزية,بلدية,بلدية العزيزية,True,False,لا يوجد,,0,,,False,none,,2,True
Data 2025.xlsx,6268,2025-12-07,2025-12,2025-W49,4,6,ubot-1036-r01,Ubot-1036-R01,مياه فلتر للمشروبات,المياه الغير معبأة (Unbottled water),Unbottled water,المياه الغير معبأة (Unbottled water),water,مقهى تولين لتقديم المشروبات,مقهى تولين لتقديم المشروبات,,مقهى تولين لتقديم المشروبات,العزيزية,بلدية,بلدية العزيزية,True,False,لا يوجد,,0,,,False,none,,2,True
Data 2025.xlsx,10953,2025-12-07,2025-12,2025-W49,4,6,ubot-1180-r01,Ubot-1180-R01,مياه فلتر للكافي م ك,المياه الغير معبأة (Unbottled water),Unbottled water,المياه الغير المعبأة (Unbottled water),water,مقهى سمار - حي المروج,مقهى سمار,حي المروج,مقهى سمار - حي المروج,العليا,بلدية,بلدية العليا,True,False,لا يوجد,,0,,,False,none,category_merged_to_canonical,2,True
Data 2025.xlsx,10994,2025-12-07,2025-12,2025-W49,4,6,ubot-1181-r01,Ubot-1181-R01,مياه فلتر للكافي م ك,المياه الغير معبأة (Unbottled water),Unbottled water,المياه الغير المعبأة (Unbottled water),water,امور لاونج - حي المروج,امور لاونج,حي المروج,امور لاونج - حي المروج,وسط الرياض,قطاع,القطاع وسط الرياض,True,False,لا يوجد,,0,,,False,none,category_merged_to_canonical,10,True
Data 2025.xlsx,7538,2025-12-08,2025-12,2025-W50,4,0,1-3361-R01,1-3361-R01,نكهة فراولة,نكهات مركزة ( Syrup ),Syrup,نكهات مركزة ( Syrup ),sauce_condiment,كشنة - حي الندى,كشنة,حي الندى,كشنة - حي الندى,الشمال,بلدية,بلدية الشمال,True,False,لا يوجد,,0,,,False,none,,9,True
Data 2025.xlsx,7539,2025-12-08,2025-12,2025-W50,4,0,1-3362-R01,1-3362-R01,نكهة توت اسود,نكهات مركزة ( Syrup ),Syrup,نكهات مركزة ( Syrup ),sauce_condiment,كشنة - حي الندى,كشنة,حي الندى,كشنة - حي الندى,الشمال,بلدية,بلدية الشمال,True,False,لا يوجد,,0,,,False,none,,9,True
Data 2025.xlsx,7540,2025-12-08,2025-12,2025-W50,4,0,1-3363-R01,1-3363-R01,نكهة باشن فروت,نكهات مركزة ( Syrup ),Syrup,نكهات مركزة ( Syrup ),sauce_condiment,كشنة - حي الندى,كشنة,حي الندى,كشنة - حي الندى,الشمال,بلدية,بلدية الشمال,True,False,لا يوجد,,0,,,False,none,,9,True
Data 2025.xlsx,7552,2025-12-08,2025-12,2025-W50,4,0,1-3364-R01,1-3364-R01,كشنة,(kashana) كشنة,kashana,(kashana) كشنة,prepared_meal,باجمرة - حي الندى,باجمرة,حي الندى,باجمرة - حي الندى,الشمال,بلدية,بلدية الشمال,True,False,لا يوجد,,0,,,False,none,,2,True
Data 2025.xlsx,11012,2025-12-08,2025-12,2025-W50,4,0,1-3790-R01,1-3790-R01,شوفان مع حليب شوفان,(Oats) الشوفان,Oats,(Oats) الشوفان,produce,جو اند ذا جوس - حي المحمدية,جو اند ذا جوس,حي المحمدية,جو اند ذا جوس - حي المحمدية,المعذر,بلدية,بلدية المعذر,True,False,لا يوجد,,0,,,False,none,,2,True
Data 2025.xlsx,7516,2025-12-08,2025-12,2025-W50,4,0,O-O2-ca-0216-R01,O-O2-ca-0216-R01,جزر مبشور,الجزر (carrot),carrot,الجزر (carrot),produce,كشنة - حي الندى,كشنة,حي الندى,كشنة - حي الندى,الشمال,بلدية,بلدية الشمال,False,True,استافيلوكوكس اورياس,استافيلوكوكس اورياس,1,استافيلوكوكس اورياس,,True,pathogen,,4,True
Data 2025.xlsx,7515,2025-12-08,2025-12,2025-W50,4,0,O-U-po-0218-R01,O-U-po-0218-R01,حب رمان,الرمان (pomegranate),pomegranate,الرمان (pomegranate),produce,كشنة - حي الندى,كشنة,حي الندى,كشنة - حي الندى,الشمال,بلدية,بلدية الشمال,True,False,لا يوجد,,0,,,False,none,,3,True
Data 2025.xlsx,7514,2025-12-08,2025-12,2025-W50,4,0,O-U-to-0668-R01,O-U-to-0668-R01,قطع طماطم,الطماطم (Tomatoes),Tomatoes,الطماطم (Tomatoes),produce,كشنة - حي الندى,كشنة,حي الندى,كشنة - حي الندى,الشمال,بلدية,بلدية الشمال,True,False,لا يوجد,,0,,,False,none,,3,True
Data 2025.xlsx,7517,2025-12-08,2025-12,2025-W50,4,0,OOu-on-0519-R01,OOu-on-0519-R01,قطع بصل,البصل (onions),onions,البصل (onions),produce,كشنة - حي الندى,كشنة,حي الندى,كشنة - حي الندى,الشمال,بلدية,بلدية الشمال,False,True,استافيلوكوكس اورياس,استافيلوكوكس اورياس,1,استافيلوكوكس اورياس,,True,pathogen,,5,True
Data 2025.xlsx,7525,2025-12-08,2025-12,2025-W50,4,0,OOu-on-0520-R01,OOu-on-0520-R01,بصل مكرمل,البصل (onions),onions,البصل (onions),produce,كشنة - حي الندى,كشنة,حي الندى,كشنة - حي الندى,الشمال,بلدية,بلدية الشمال,True,False,لا يوجد,,0,,,False,none,,7,True
Data 2025.xlsx,7511,2025-12-08,2025-12,2025-W50,4,0,OU-pa-0257-R01,OU-pa-0257-R01,قطع بقدونس,البقدونس (parsley),parsley,البقدونس (parsley),produce,كشنة - حي الندى,كشنة,حي الندى,كشنة - حي الندى,الشمال,بلدية,بلدية الشمال,False,True,ايشيريشيا كولاي | استافيلوكوكس اورياس,ايشيريشيا كولاي | استافيلوكوكس اورياس,2,ايشيريشيا كولاي | استافيلوكوكس اورياس,,True,multi_pathogen,,1,False
Data 2025.xlsx,7519,2025-12-08,2025-12,2025-W50,4,0,UU-le-0450-R01,UU-le-0450-R01,قطع ليمون,الليمون (Lemons),Lemons,الليمون (Lemons),produce,كشنة - حي الندى,كشنة,حي الندى,كشنة - حي الندى,الشمال,بلدية,بلدية الشمال,True,False,لا يوجد,,0,,,False,none,,5,True
Data 2025.xlsx,7566,2025-12-08,2025-12,2025-W50,4,0,UU-le-0451-R01,UU-le-0451-R01,قطع ليمون,الليمون (Lemons),Lemons,الليمون (Lemons),produce,اقزاكتلي - حي الندى,اقزاكتلي,حي الندى,اقزاكتلي - حي الندى,الشمال,بلدية,بلدية الشمال,True,False,لا يوجد,,0,,,False,none,,3,True
Data 2025.xlsx,7508,2025-12-08,2025-12,2025-W50,4,0,appe-0559-r01,Appe-0559-R01,متبل,مقبلات (Appetizers),Appetizers,مقبلات (Appetizers),prepared_meal,كشنة - حي الندى,كشنة,حي الندى,كشنة - حي الندى,الشمال,بلدية,بلدية الشمال,True,False,لا يوجد,,0,,,False,none,,0,False
Data 2025.xlsx,7509,2025-12-08,2025-12,2025-W50,4,0,appe-0560-r01,Appe-0560-R01,حمص,مقبلات (Appetizers),Appetizers,مقبلات (Appetizers),prepared_meal,كشنة - حي الندى,كشنة,حي الندى,كشنة - حي الندى,الشمال,بلدية,بلدية الشمال,True,False,لا يوجد,,0,,,False,none,,0,False
Data 2025.xlsx,7518,2025-12-08,2025-12,2025-W50,4,0,appe-0561-r01,Appe-0561-R01,بابا غنوج,مقبلات (Appetizers),Appetizers,مقبلات (Appetizers),prepared_meal,كشنة - حي الندى,كشنة,حي الندى,كشنة - حي الندى,الشمال,بلدية,بلدية الشمال,True,False,لا يوجد,,0,,,False,none,,5,True
Data 2025.xlsx,11018,2025-12-08,2025-12,2025-W50,4,0,ca-0154-r01,ca-0154-R01,مافن شوكليت,الكعك ومنتجات المخابز الجاهزة للاكل بدون تسخين (Cakes and bakery products ready to eat ),Cakes and bakery products ready to eat,الكعك ومنتجات المخابز الجاهزة للاكل بدون تسخين (Cakes and bakery products ready to eat ),sweets_bakery,جو اند ذا جوس - حي المحمدية,جو اند ذا جوس,حي المحمدية,جو اند ذا جوس - حي المحمدية,المعذر,بلدية,بلدية المعذر,True,False,لا يوجد,,0,,,False,none,,2,True
Data 2025.xlsx,11019,2025-12-08,2025-12,2025-W50,4,0,ca-0155-r01,ca-0155-R01,كيك براوني,الكعك ومنتجات المخابز الجاهزة للاكل بدون تسخين (Cakes and bakery products ready to eat ),Cakes and bakery products ready to eat,الكعك ومنتجات المخابز الجاهزة للاكل بدون تسخين (Cakes and bakery products ready to eat ),sweets_bakery,جو اند ذا جوس - حي المحمدية,جو اند ذا جوس,حي المحمدية,جو اند ذا جوس - حي المحمدية,المعذر,بلدية,بلدية المعذر,True,False,لا يوجد,,0,,,False,none,,2,True
Data 2025.xlsx,11020,2025-12-08,2025-12,2025-W50,4,0,ca-0156-r01,ca-0156-R01,كيك موز,الكعك ومنتجات المخابز الجاهزة للاكل بدون تسخين (Cakes and bakery products ready to eat ),Cakes and bakery products ready to eat,الكعك ومنتجات المخابز الجاهزة للاكل بدون تسخين (Cakes and bakery products ready to eat ),sweets_bakery,جو اند ذا جوس - حي المحمدية,جو اند ذا جوس,حي المحمدية,جو اند ذا جوس - حي المحمدية,المعذر,بلدية,بلدية المعذر,True,False,لا يوجد,,0,,,False,none,,2,True
Data 2025.xlsx,7533,2025-12-08,2025-12,2025-W50,4,0,chee-0820-r01,Chee-0820-R01,جبن سائل,(cheese) جبنة,cheese,(cheese) جبنة,dairy,كشنة - حي الندى,كشنة,حي الندى,كشنة - حي الندى,الشمال,بلدية,بلدية الشمال,True,False,لا يوجد,,0,,,False,none,,8,True
Data 2025.xlsx,7534,2025-12-08,2025-12,2025-W50,4,0,chee-0821-r01,Chee-0821-R01,جبن عكاوي,(cheese) جبنة,cheese,(cheese) جبنة,dairy,كشنة - حي الندى,كشنة,حي الندى,كشنة - حي الندى,الشمال,بلدية,بلدية الشمال,False,True,استافيلوكوكس اورياس,استافيلوكوكس اورياس,1,استافيلوكوكس اورياس,,True,pathogen,,9,True
Data 2025.xlsx,7535,2025-12-08,2025-12,2025-W50,4,0,chee-0822-r01,Chee-0822-R01,شرائح جبن شيدر,(cheese) جبنة,cheese,(cheese) جبنة,dairy,كشنة - حي الندى,كشنة,حي الندى,كشنة - حي الندى,الشمال,بلدية,بلدية الشمال,True,False,لا يوجد,,0,,,False,none,,9,True
Data 2025.xlsx,11001,2025-12-08,2025-12,2025-W50,4,0,co-0651-r01,co-0651-R01,قطع دجاج,"لحم الدواجن المطبوخ ، والمجمد ليتم تسخينه قبل الأكل (Cooked poultry meat ,frozen to be reheated before eating)","Cooked poultry meat ,frozen to be reheated before eating","لحم الدواجن المطبوخ ، والمجمد ليتم تسخينه قبل الأكل (Cooked poultry meat ,frozen to be reheated before eating)",cooked_meat_poultry,جو اند ذا جوس - حي المحمدية,جو اند ذا جوس,حي المحمدية,جو اند ذا جوس - حي المحمدية,المعذر,بلدية,بلدية المعذر,True,False,لا يوجد,,0,,,False,none,,2,True
Data 2025.xlsx,11004,2025-12-08,2025-12,2025-W50,4,0,coff-1084-r01,Coff-1084-R01,قهوة لاتية,القهوة ومشتقاتها (Coffee and derivatives),Coffee and derivatives,القهوة ومشتقاتها (Coffee and derivatives),beverage,جو اند ذا جوس - حي المحمدية,جو اند ذا جوس,حي المحمدية,جو اند ذا جوس - حي المحمدية,المعذر,بلدية,بلدية المعذر,True,False,لا يوجد,,0,,,False,none,,2,True
Data 2025.xlsx,11000,2025-12-08,2025-12,2025-W50,4,0,cu-0019-r01,Cu-0019-R01,شرائح ديك رومي,اللحوم المملحة و/أو المدخنة (Cured and /or smoked meat),Cured and /or smoked meat,اللحوم المملحة و/أو المدخنة (Cured and /or smoked meat),cooked_meat_poultry,جو اند ذا جوس - حي المحمدية,جو اند ذا جوس,حي المحمدية,جو اند ذا جوس - حي المحمدية,المعذر,بلدية,بلدية المعذر,True,False,لا يوجد,,0,,,False,none,,2,True
Data 2025.xlsx,10999,2025-12-08,2025-12,2025-W50,4,0,fl-0088-r01,fl-0088-R01,نكهة مي بول,شراب بنكهة و مركزاتها ( flavoured drink & its concentrates ),flavoured drink & its concentrates,شراب بنكهة و مركزاتها ( flavoured drink & its concentrates ),sauce_condiment,جو اند ذا جوس - حي المحمدية,جو اند ذا جوس,حي المحمدية,جو اند ذا جوس - حي المحمدية,المعذر,بلدية,بلدية المعذر,False,True,العد الكلي للبكتيريا,العد الكلي للبكتيريا,1,,العد الكلي للبكتيريا,False,indicator_only,,2,True
Data 2025.xlsx,11007,2025-12-08,2025-12,2025-W50,4,0,fl-0089-r01,fl-0089-R01,نكهة فانيلا,شراب بنكهة و مركزاتها ( flavoured drink & its concentrates ),flavoured drink & its concentrates,شراب بنكهة و مركزاتها ( flavoured drink & its concentrates ),sauce_condiment,جو اند ذا جوس - حي المحمدية,جو اند ذا جوس,حي المحمدية,جو اند ذا جوس - حي المحمدية,المعذر,بلدية,بلدية المعذر,True,False,لا يوجد,,0,,,False,none,,2,True
Data 2025.xlsx,11006,2025-12-08,2025-12,2025-W50,4,0,fr-0164-r01,fr-0164-R01,قطع خيار,فواكه و خضروات طازجة (Fresh fruits and vegetables ),Fresh fruits and vegetables,فواكه و خضروات طازجة (Fresh fruits and vegetables ),produce,جو اند ذا جوس - حي المحمدية,جو اند ذا جوس,حي المحمدية,جو اند ذا جوس - حي المحمدية,المعذر,بلدية,بلدية المعذر,True,False,لا يوجد,,0,,,False,none,,2,True
Data 2025.xlsx,11008,2025-12-08,2025-12,2025-W50,4,0,fr-0165-r01,fr-0165-R01,قطع موز,فواكه و خضروات طازجة (Fresh fruits and vegetables ),Fresh fruits and vegetables,فواكه و خضروات طازجة (Fresh fruits and vegetables ),produce,جو اند ذا جوس - حي المحمدية,جو اند ذا جوس,حي المحمدية,جو اند ذا جوس - حي المحمدية,المعذر,بلدية,بلدية المعذر,True,False,لا يوجد,,0,,,False,none,,2,True
Data 2025.xlsx,11009,2025-12-08,2025-12,2025-W50,4,0,fr-0166-r01,fr-0166-R01,قطع اناناس,فواكه و خضروات طازجة (Fresh fruits and vegetables ),Fresh fruits and vegetables,فواكه و خضروات طازجة (Fresh fruits and vegetables ),produce,جو اند ذا جوس - حي المحمدية,جو اند ذا جوس,حي المحمدية,جو اند ذا جوس - حي المحمدية,المعذر,بلدية,بلدية المعذر,True,False,لا يوجد,,0,,,False,none,,2,True
Data 2025.xlsx,11010,2025-12-08,2025-12,2025-W50,4,0,fr-0167-r01,fr-0167-R01,قطع كيوي,فواكه و خضروات طازجة (Fresh fruits and vegetables ),Fresh fruits and vegetables,فواكه و خضروات طازجة (Fresh fruits and vegetables ),produce,جو اند ذا جوس - حي المحمدية,جو اند ذا جوس,حي المحمدية,جو اند ذا جوس - حي المحمدية,المعذر,بلدية,بلدية المعذر,True,False,لا يوجد,,0,,,False,none,,2,True
Data 2025.xlsx,11011,2025-12-08,2025-12,2025-W50,4,0,fr-0168-r01,fr-0168-R01,قطع ليمون,فواكه و خضروات طازجة (Fresh fruits and vegetables ),Fresh fruits and vegetables,فواكه و خضروات طازجة (Fresh fruits and vegetables ),produce,جو اند ذا جوس - حي المحمدية,جو اند ذا جوس,حي المحمدية,جو اند ذا جوس - حي المحمدية,المعذر,بلدية,بلدية المعذر,True,False,لا يوجد,,0,,,False,none,,2,True
Data 2025.xlsx,11013,2025-12-08,2025-12,2025-W50,4,0,fr-0169-r01,fr-0169-R01,توت ازرق يضاف للزبادي,فواكه و خضروات طازجة (Fresh fruits and vegetables ),Fresh fruits and vegetables,فواكه و خضروات طازجة (Fresh fruits and vegetables ),produce,جو اند ذا جوس - حي المحمدية,جو اند ذا جوس,حي المحمدية,جو اند ذا جوس - حي المحمدية,المعذر,بلدية,بلدية المعذر,True,False,لا يوجد,,0,,,False,none,,2,True
Data 2025.xlsx,7520,2025-12-08,2025-12,2025-W50,4,0,gr-0196-r01,gr-0196-R01,ورق عنب,ورق عنب (Grape leaves),Grape leaves,ورق عنب (Grape leaves),produce,كشنة - حي الندى,كشنة,حي الندى,كشنة - حي الندى,الشمال,بلدية,بلدية الشمال,True,False,لا يوجد,,0,,,False,none,,5,True
Data 2025.xlsx,11003,2025-12-08,2025-12,2025-W50,4,0,he-0019-r01,he-0019-R01,ماتشا,الأعشاب المجففة (Dried herbs ),Dried herbs,الأعشاب المجففة (Dried herbs ),produce,جو اند ذا جوس - حي المحمدية,جو اند ذا جوس,حي المحمدية,جو اند ذا جوس - حي المحمدية,المعذر,بلدية,بلدية المعذر,True,False,لا يوجد,,0,,,False,none,,2,True
Data 2025.xlsx,7522,2025-12-08,2025-12,2025-W50,4,0,hs-0352-r01,HS-0352-R01,شطة شامية,الشطة (Hot sauce),Hot sauce,الشطة (Hot sauce),sauce_condiment,كشنة - حي الندى,كشنة,حي الندى,كشنة - حي الندى,الشمال,بلدية,بلدية الشمال,False,True,العد الكلي للبكتيريا,العد الكلي للبكتيريا,1,,العد الكلي للبكتيريا,False,indicator_only,,7,True
Data 2025.xlsx,7524,2025-12-08,2025-12,2025-W50,4,0,hs-0353-r01,HS-0353-R01,دقوس حار احمر,الشطة (Hot sauce),Hot sauce,الشطة (Hot sauce),sauce_condiment,كشنة - حي الندى,كشنة,حي الندى,كشنة - حي الندى,الشمال,بلدية,بلدية الشمال,True,False,لا يوجد,,0,,,False,none,,7,True
Data 2025.xlsx,7549,2025-12-08,2025-12,2025-W50,4,0,hs-0354-r01,HS-0354-R01,دقوس شمندر,الشطة (Hot sauce),Hot sauce,الشطة (Hot sauce),sauce_condiment,باجمرة - حي الندى,باجمرة,حي الندى,باجمرة - حي الندى,الشمال,بلدية,بلدية الشمال,True,False,لا يوجد,,0,,,False,none,,2,True
Data 2025.xlsx,11014,2025-12-08,2025-12,2025-W50,4,0,ja-0012-r01,ja-0012-R01,مربى توت مشكل,"المربى , الجيلي , المرملاد Jam , jelly and marmalade","Jam , jelly and marmalade","المربى , الجيلي , المرملاد Jam , jelly and marmalade",sauce_condiment,جو اند ذا جوس - حي المحمدية,جو اند ذا جوس,حي المحمدية,جو اند ذا جوس - حي المحمدية,المعذر,بلدية,بلدية المعذر,True,False,لا يوجد,,0,,,False,none,,2,True
Data 2025.xlsx,7537,2025-12-08,2025-12,2025-W50,4,0,jui-0494-r01,jui-0494-R01,عصير برتقال كبس,العصائر الطازجة Un-pasteurized juices (fresh),fresh,العصائر الطازجة Un-pasteurized juices (fresh),beverage,كشنة - حي الندى,كشنة,حي الندى,كشنة - حي الندى,الشمال,بلدية,بلدية الشمال,True,False,لا يوجد,,0,,,False,none,,9,True
Data 2025.xlsx,7565,2025-12-08,2025-12,2025-W50,4,0,jui-0495-r01,jui-0495-R01,عصير برتقال,العصائر الطازجة Un-pasteurized juices (fresh),fresh,العصائر الطازجة Un-pasteurized juices (fresh),beverage,اقزاكتلي - حي الندى,اقزاكتلي,حي الندى,اقزاكتلي - حي الندى,الشمال,بلدية,بلدية الشمال,False,True,الخمائر والاعفان,الخمائر والاعفان,1,,الخمائر والاعفان,False,indicator_only,,3,True
Data 2025.xlsx,7523,2025-12-08,2025-12,2025-W50,4,0,mola-0062-r01,mola-0062-R01,دبس رمان,( Molasses) دبس,Molasses,( Molasses) دبس,sauce_condiment,كشنة - حي الندى,كشنة,حي الندى,كشنة - حي الندى,الشمال,بلدية,بلدية الشمال,True,False,لا يوجد,,0,,,False,none,,7,True
Data 2025.xlsx,7551,2025-12-08,2025-12,2025-W50,4,0,mola-0063-r01,mola-0063-R01,دبس رمان مع حب,( Molasses) دبس,Molasses,( Molasses) دبس,sauce_condiment,باجمرة - حي الندى,باجمرة,حي الندى,باجمرة - حي الندى,الشمال,بلدية,بلدية الشمال,True,False,لا يوجد,,0,,,False,none,,2,True
Data 2025.xlsx,11005,2025-12-08,2025-12,2025-W50,4,0,pi-0148-r01,pi-0148-R01,مخلل بصل احمر,مخلل الخضروات /الفواكه (Pickled/fermented vegetable / fruits),Pickled/fermented vegetable / fruits,مخلل الخضروات /الفواكه (Pickled/fermented vegetable / fruits),dairy,جو اند ذا جوس - حي المحمدية,جو اند ذا جوس,حي المحمدية,جو اند ذا جوس - حي المحمدية,المعذر,بلدية,بلدية المعذر,True,False,لا يوجد,,0,,,False,none,,2,True
Data 2025.xlsx,11015,2025-12-08,2025-12,2025-W50,4,0,pi-0149-r01,pi-0149-R01,هلابينو,مخلل الخضروات /الفواكه (Pickled/fermented vegetable / fruits),Pickled/fermented vegetable / fruits,مخلل الخضروات /الفواكه (Pickled/fermented vegetable / fruits),dairy,جو اند ذا جوس - حي المحمدية,جو اند ذا جوس,حي المحمدية,جو اند ذا جوس - حي المحمدية,المعذر,بلدية,بلدية المعذر,True,False,لا يوجد,,0,,,False,none,,2,True
Data 2025.xlsx,7545,2025-12-08,2025-12,2025-W50,4,0,pick-0500-r01,Pick-0500-R01,مخلل فلفل,المخلل (Pickle),Pickle,المخلل (Pickle),sauce_condiment,باجمرة - حي الندى,باجمرة,حي الندى,باجمرة - حي الندى,الشمال,بلدية,بلدية الشمال,True,False,لا يوجد,,0,,,False,none,,1,False
Data 2025.xlsx,7546,2025-12-08,2025-12,2025-W50,4,0,pick-0501-r01,Pick-0501-R01,مخلل حجازي,المخلل (Pickle),Pickle,المخلل (Pickle),sauce_condiment,باجمرة - حي الندى,باجمرة,حي الندى,باجمرة - حي الندى,الشمال,بلدية,بلدية الشمال,True,False,لا يوجد,,0,,,False,none,,1,False
Data 2025.xlsx,7530,2025-12-08,2025-12,2025-W50,4,0,po-0130-r01,po-0130-R01,كباب دجاج ني,الدجاج (Poultry),Poultry,الدجاج (Poultry),cooked_meat_poultry,كشنة - حي الندى,كشنة,حي الندى,كشنة - حي الندى,الشمال,بلدية,بلدية الشمال,True,False,لا يوجد,,0,,,False,none,,7,True
Data 2025.xlsx,7502,2025-12-08,2025-12,2025-W50,4,0,raw-0463-r01,Raw-0463-R01,بطن عجل بلدي,لحوم نيئة مبردة ومجمدة (Raw meat Cold or chilled ),Raw meat Cold or chilled,لحوم نيئة مبردة ومجمدة (Raw meat Cold or chilled ),raw_meat,ملحمة سماء القاهرة,ملحمة سماء القاهرة,,ملحمة سماء القاهرة,النسيم,بلدية,بلدية النسيم,False,True,السالمونيلا,السالمونيلا,1,السالمونيلا,,True,pathogen,,1,False
Data 2025.xlsx,7503,2025-12-08,2025-12,2025-W50,4,0,raw-0464-r01,Raw-0464-R01,بطن عجل بلدي,لحوم نيئة مبردة ومجمدة (Raw meat Cold or chilled ),Raw meat Cold or chilled,لحوم نيئة مبردة ومجمدة (Raw meat Cold or chilled ),raw_meat,ملحمة سماء القاهرة,ملحمة سماء القاهرة,,ملحمة سماء القاهرة,النسيم,بلدية,بلدية النسيم,False,True,السالمونيلا,السالمونيلا,1,السالمونيلا,,True,pathogen,,2,True
Data 2025.xlsx,7504,2025-12-08,2025-12,2025-W50,4,0,raw-0465-r01,Raw-0465-R01,ضهر عجل بلدي,لحوم نيئة مبردة ومجمدة (Raw meat Cold or chilled ),Raw meat Cold or chilled,لحوم نيئة مبردة ومجمدة (Raw meat Cold or chilled ),raw_meat,ملحمة سماء القاهرة,ملحمة سماء القاهرة,,ملحمة سماء القاهرة,النسيم,بلدية,بلدية النسيم,False,True,السالمونيلا,السالمونيلا,1,السالمونيلا,,True,pathogen,,3,True
Data 2025.xlsx,7505,2025-12-08,2025-12,2025-W50,4,0,raw-0466-r01,Raw-0466-R01,كبدة عجل بلدي,لحوم نيئة مبردة ومجمدة (Raw meat Cold or chilled ),Raw meat Cold or chilled,لحوم نيئة مبردة ومجمدة (Raw meat Cold or chilled ),raw_meat,ملحمة سماء القاهرة,ملحمة سماء القاهرة,,ملحمة سماء القاهرة,النسيم,بلدية,بلدية النسيم,False,True,السالمونيلا,السالمونيلا,1,السالمونيلا,,True,pathogen,,4,True
Data 2025.xlsx,7506,2025-12-08,2025-12,2025-W50,4,0,raw-0467-r01,Raw-0467-R01,قلب عجل بلدي,لحوم نيئة مبردة ومجمدة (Raw meat Cold or chilled ),Raw meat Cold or chilled,لحوم نيئة مبردة ومجمدة (Raw meat Cold or chilled ),raw_meat,ملحمة سماء القاهرة,ملحمة سماء القاهرة,,ملحمة سماء القاهرة,النسيم,بلدية,بلدية النسيم,True,False,لا يوجد,,0,,,False,none,,4,True
Data 2025.xlsx,7507,2025-12-08,2025-12,2025-W50,4,0,raw-0468-r01,Raw-0468-R01,كلية عجل بلدي,لحوم نيئة مبردة ومجمدة (Raw meat Cold or chilled ),Raw meat Cold or chilled,لحوم نيئة مبردة ومجمدة (Raw meat Cold or chilled ),raw_meat,ملحمة سماء القاهرة,ملحمة سماء القاهرة,,ملحمة سماء القاهرة,النسيم,بلدية,بلدية النسيم,True,False,لا يوجد,,0,,,False,none,,4,True
Data 2025.xlsx,7531,2025-12-08,2025-12,2025-W50,4,0,raw-0469-r01,Raw-0469-R01,كباب لحم ني,لحوم نيئة مبردة ومجمدة (Raw meat Cold or chilled ),Raw meat Cold or chilled,لحوم نيئة مبردة ومجمدة (Raw meat Cold or chilled ),raw_meat,كشنة - حي الندى,كشنة,حي الندى,كشنة - حي الندى,الشمال,بلدية,بلدية الشمال,False,True,العد الكلي للبكتيريا,العد الكلي للبكتيريا,1,,العد الكلي للبكتيريا,False,indicator_only,,8,True
Data 2025.xlsx,11017,2025-12-08,2025-12,2025-W50,4,0,sa-0972-r01,sa-0972-R01,سلطة تونة,اطعمة جاهزة للأكل Ready to eat meals,Ready to eat meals,اطعمة جاهزة للأكل Ready to eat meals,prepared_meal,جو اند ذا جوس - حي المحمدية,جو اند ذا جوس,حي المحمدية,جو اند ذا جوس - حي المحمدية,المعذر,بلدية,بلدية المعذر,True,False,لا يوجد,,0,,,False,none,,2,True
Data 2025.xlsx,7510,2025-12-08,2025-12,2025-W50,4,0,sal-1546-r01,Sal-1546-R01,سلطة زبادي وخيار,السلطة(Salad),Salad,السلطة(Salad),produce,كشنة - حي الندى,كشنة,حي الندى,كشنة - حي الندى,الشمال,بلدية,بلدية الشمال,True,False,لا يوجد,,0,,,False,none,,0,False
Data 2025.xlsx,7512,2025-12-08,2025-12,2025-W50,4,0,sal-1547-r01,Sal-1547-R01,سلطة فتوش,السلطة(Salad),Salad,السلطة(Salad),produce,كشنة - حي الندى,كشنة,حي الندى,كشنة - حي الندى,الشمال,بلدية,بلدية الشمال,False,True,استافيلوكوكس اورياس,استافيلوكوكس اورياس,1,استافيلوكوكس اورياس,,True,pathogen,,2,True
Data 2025.xlsx,7513,2025-12-08,2025-12,2025-W50,4,0,sal-1548-r01,Sal-1548-R01,سلطة خضراء,السلطة(Salad),Salad,السلطة(Salad),produce,كشنة - حي الندى,كشنة,حي الندى,كشنة - حي الندى,الشمال,بلدية,بلدية الشمال,False,True,ايشيريشيا كولاي | استافيلوكوكس اورياس,ايشيريشيا كولاي | استافيلوكوكس اورياس,2,ايشيريشيا كولاي | استافيلوكوكس اورياس,,True,multi_pathogen,,3,True
Data 2025.xlsx,7529,2025-12-08,2025-12,2025-W50,4,0,sal-1549-r01,Sal-1549-R01,سلطة حارة,السلطة(Salad),Salad,السلطة(Salad),produce,كشنة - حي الندى,كشنة,حي الندى,كشنة - حي الندى,الشمال,بلدية,بلدية الشمال,True,False,لا يوجد,,0,,,False,none,,7,True
Data 2025.xlsx,7547,2025-12-08,2025-12,2025-W50,4,0,sal-1550-r01,Sal-1550-R01,سلطة بلدي خضراء,السلطة(Salad),Salad,السلطة(Salad),produce,باجمرة - حي الندى,باجمرة,حي الندى,باجمرة - حي الندى,الشمال,بلدية,بلدية الشمال,True,False,لا يوجد,,0,,,False,none,,1,False
Data 2025.xlsx,7553,2025-12-08,2025-12,2025-W50,4,0,sal-1551-r01,Sal-1551-R01,سلطة جرجير بصل وليمون,السلطة(Salad),Salad,السلطة(Salad),produce,باجمرة - حي الندى,باجمرة,حي الندى,باجمرة - حي الندى,الشمال,بلدية,بلدية الشمال,False,True,ايشيريشيا كولاي | استافيلوكوكس اورياس,ايشيريشيا كولاي | استافيلوكوكس اورياس,2,ايشيريشيا كولاي | استافيلوكوكس اورياس,,True,multi_pathogen,,3,True
Data 2025.xlsx,7521,2025-12-08,2025-12,2025-W50,4,0,sau-2185-r01,sau-2185-R01,صوص سلط,صوص (sauce),sauce,صوص (sauce),sauce_condiment,كشنة - حي الندى,كشنة,حي الندى,كشنة - حي الندى,الشمال,بلدية,بلدية الشمال,False,True,الخمائر والاعفان,الخمائر والاعفان,1,,الخمائر والاعفان,False,indicator_only,,6,True
Data 2025.xlsx,7532,2025-12-08,2025-12,2025-W50,4,0,sau-2186-r01,sau-2186-R01,صوص كاتشب,صوص (sauce),sauce,صوص (sauce),sauce_condiment,كشنة - حي الندى,كشنة,حي الندى,كشنة - حي الندى,الشمال,بلدية,بلدية الشمال,True,False,لا يوجد,,0,,,False,none,,8,True
Data 2025.xlsx,7543,2025-12-08,2025-12,2025-W50,4,0,sau-2187-r01,sau-2187-R01,صوص طماطم,صوص (sauce),sauce,صوص (sauce),sauce_condiment,باجمرة - حي الندى,باجمرة,حي الندى,باجمرة - حي الندى,الشمال,بلدية,بلدية الشمال,False,True,اعفان,الخمائر والاعفان,1,,الخمائر والاعفان,False,indicator_only,,1,False
Data 2025.xlsx,7544,2025-12-08,2025-12,2025-W50,4,0,sau-2188-r01,sau-2188-R01,صوص ثومية ليمون مخلل,صوص (sauce),sauce,صوص (sauce),sauce_condiment,باجمرة - حي الندى,باجمرة,حي الندى,باجمرة - حي الندى,الشمال,بلدية,بلدية الشمال,True,False,لا يوجد,,0,,,False,none,,1,False
Data 2025.xlsx,7548,2025-12-08,2025-12,2025-W50,4,0,sau-2189-r01,sau-2189-R01,صوص ثومية سبايسي,صوص (sauce),sauce,صوص (sauce),sauce_condiment,باجمرة - حي الندى,باجمرة,حي الندى,باجمرة - حي الندى,الشمال,بلدية,بلدية الشمال,False,True,العد الكلي للبكتيريا,العد الكلي للبكتيريا,1,,العد الكلي للبكتيريا,False,indicator_only,,2,True
Data 2025.xlsx,7550,2025-12-08,2025-12,2025-W50,4,0,sau-2190-r01,sau-2190-R01,صوص ثوم,صوص (sauce),sauce,صوص (sauce),sauce_condiment,باجمرة - حي الندى,باجمرة,حي الندى,باجمرة - حي الندى,الشمال,بلدية,بلدية الشمال,True,False,لا يوجد,,0,,,False,none,,2,True
Data 2025.xlsx,7558,2025-12-08,2025-12,2025-W50,4,0,sau-2191-r01,sau-2191-R01,صوص اقزاكلي,صوص (sauce),sauce,صوص (sauce),sauce_condiment,اقزاكتلي - حي الندى,اقزاكتلي,حي الندى,اقزاكتلي - حي الندى,الشمال,بلدية,بلدية الشمال,False,True,العد الكلي للبكتيريا,العد الكلي للبكتيريا,1,,العد الكلي للبكتيريا,False,indicator_only,,1,False
Data 2025.xlsx,7559,2025-12-08,2025-12,2025-W50,4,0,sau-2192-r01,sau-2192-R01,صوص ترافل,صوص (sauce),sauce,صوص (sauce),sauce_condiment,اقزاكتلي - حي الندى,اقزاكتلي,حي الندى,اقزاكتلي - حي الندى,الشمال,بلدية,بلدية الشمال,True,False,لا يوجد,,0,,,False,none,,1,False
Data 2025.xlsx,7560,2025-12-08,2025-12,2025-W50,4,0,sau-2193-r01,sau-2193-R01,صوص ترفل سبايسي,صوص (sauce),sauce,صوص (sauce),sauce_condiment,اقزاكتلي - حي الندى,اقزاكتلي,حي الندى,اقزاكتلي - حي الندى,الشمال,بلدية,بلدية الشمال,True,False,لا يوجد,,0,,,False,none,,1,False
Data 2025.xlsx,7561,2025-12-08,2025-12,2025-W50,4,0,sau-2194-r01,sau-2194-R01,صوص بيستو,صوص (sauce),sauce,صوص (sauce),sauce_condiment,اقزاكتلي - حي الندى,اقزاكتلي,حي الندى,اقزاكتلي - حي الندى,الشمال,بلدية,بلدية الشمال,False,True,العد الكلي للبكتيريا,العد الكلي للبكتيريا,1,,العد الكلي للبكتيريا,False,indicator_only,,2,True
Data 2025.xlsx,7562,2025-12-08,2025-12,2025-W50,4,0,sau-2195-r01,sau-2195-R01,صوص كاتشب,صوص (sauce),sauce,صوص (sauce),sauce_condiment,اقزاكتلي - حي الندى,اقزاكتلي,حي الندى,اقزاكتلي - حي الندى,الشمال,بلدية,بلدية الشمال,True,False,لا يوجد,,0,,,False,none,,2,True
Data 2025.xlsx,7563,2025-12-08,2025-12,2025-W50,4,0,sau-2196-r01,sau-2196-R01,صوص مايو بيستو,صوص (sauce),sauce,صوص (sauce),sauce_condiment,اقزاكتلي - حي الندى,اقزاكتلي,حي الندى,اقزاكتلي - حي الندى,الشمال,بلدية,بلدية الشمال,True,False,لا يوجد,,0,,,False,none,,2,True
Data 2025.xlsx,7564,2025-12-08,2025-12,2025-W50,4,0,sau-2197-r01,sau-2197-R01,صوص نوتيلا,صوص (sauce),sauce,صوص (sauce),sauce_condiment,اقزاكتلي - حي الندى,اقزاكتلي,حي الندى,اقزاكتلي - حي الندى,الشمال,بلدية,بلدية الشمال,True,False,لا يوجد,,0,,,False,none,,2,True
Data 2025.xlsx,10996,2025-12-08,2025-12,2025-W50,4,0,sau-2766-r01,sau-2766-R01,صوص بيستو,صوص (sauce),sauce,صوص (sauce),sauce_condiment,جو اند ذا جوس - حي المحمدية,جو اند ذا جوس,حي المحمدية,جو اند ذا جوس - حي المحمدية,المعذر,بلدية,بلدية المعذر,False,True,العد الكلي للبكتيريا | انتيروباكتريسي | الخمائر والاعفان,العد الكلي للبكتيريا | انتيروباكتريسي | الخمائر والاعفان,3,,العد الكلي للبكتيريا | انتيروباكتريسي | الخمائر والاعفان,False,indicator_only,,1,False
Data 2025.xlsx,10997,2025-12-08,2025-12,2025-W50,4,0,sau-2767-r01,sau-2767-R01,صوص سيزر,صوص (sauce),sauce,صوص (sauce),sauce_condiment,جو اند ذا جوس - حي المحمدية,جو اند ذا جوس,حي المحمدية,جو اند ذا جوس - حي المحمدية,المعذر,بلدية,بلدية المعذر,True,False,لا يوجد,,0,,,False,none,,1,False
Data 2025.xlsx,10998,2025-12-08,2025-12,2025-W50,4,0,sau-2768-r01,sau-2768-R01,صوص هني ماسترد,صوص (sauce),sauce,صوص (sauce),sauce_condiment,جو اند ذا جوس - حي المحمدية,جو اند ذا جوس,حي المحمدية,جو اند ذا جوس - حي المحمدية,المعذر,بلدية,بلدية المعذر,True,False,لا يوجد,,0,,,False,none,,1,False
Data 2025.xlsx,10995,2025-12-08,2025-12,2025-W50,4,0,so-0042-r01,SO-0042-R01,بروفولن شيز,(Soft Cheese) جبن طري / جبن سائل,Soft Cheese,(Soft Cheese) جبن طري / جبن سائل,dairy,جو اند ذا جوس - حي المحمدية,جو اند ذا جوس,حي المحمدية,جو اند ذا جوس - حي المحمدية,المعذر,بلدية,بلدية المعذر,True,False,لا يوجد,,0,,,False,none,,0,False
Data 2025.xlsx,11016,2025-12-08,2025-12,2025-W50,4,0,so-0043-r01,SO-0043-R01,جبن حلومي,(Soft Cheese) جبن طري / جبن سائل,Soft Cheese,(Soft Cheese) جبن طري / جبن سائل,dairy,جو اند ذا جوس - حي المحمدية,جو اند ذا جوس,حي المحمدية,جو اند ذا جوس - حي المحمدية,المعذر,بلدية,بلدية المعذر,True,False,لا يوجد,,0,,,False,none,,2,True
Data 2025.xlsx,7536,2025-12-08,2025-12,2025-W50,4,0,sw-3436-r01,sw-3436-R01,مسحة طاولة تقطيع مشاوي,(Swabs) المسحات,Swabs,(Swabs) المسحات,swab,كشنة - حي الندى,كشنة,حي الندى,كشنة - حي الندى,الشمال,بلدية,بلدية الشمال,True,False,لا يوجد,,0,,,False,none,,9,True
Data 2025.xlsx,7541,2025-12-08,2025-12,2025-W50,4,0,sw-3437-r01,sw-3437-R01,مسحة عصارة برتقال,(Swabs) المسحات,Swabs,(Swabs) المسحات,swab,كشنة - حي الندى,كشنة,حي الندى,كشنة - حي الندى,الشمال,بلدية,بلدية الشمال,False,True,العد الكلي للبكتيريا,العد الكلي للبكتيريا,1,,العد الكلي للبكتيريا,False,indicator_only,,10,True
Data 2025.xlsx,7542,2025-12-08,2025-12,2025-W50,4,0,sw-3438-r01,sw-3438-R01,مسحة صانعة ثلج,(Swabs) المسحات,Swabs,(Swabs) المسحات,swab,كشنة - حي الندى,كشنة,حي الندى,كشنة - حي الندى,الشمال,بلدية,بلدية الشمال,False,True,العد الكلي للبكتيريا,العد الكلي للبكتيريا,1,,العد الكلي للبكتيريا,False,indicator_only,,11,True
Data 2025.xlsx,7554,2025-12-08,2025-12,2025-W50,4,0,sw-3439-r01,sw-3439-R01,مسحة طاولة تقطيع خضار,(Swabs) المسحات,Swabs,(Swabs) المسحات,swab,باجمرة - حي الندى,باجمرة,حي الندى,باجمرة - حي الندى,الشمال,بلدية,بلدية الشمال,False,True,العد الكلي للبكتيريا,العد الكلي للبكتيريا,1,,العد الكلي للبكتيريا,False,indicator_only,,4,True
Data 2025.xlsx,7555,2025-12-08,2025-12,2025-W50,4,0,sw-3440-r01,sw-3440-R01,مسحة خلاط طماطم,(Swabs) المسحات,Swabs,(Swabs) المسحات,swab,باجمرة - حي الندى,باجمرة,حي الندى,باجمرة - حي الندى,الشمال,بلدية,بلدية الشمال,True,False,لا يوجد,,0,,,False,none,,4,True
Data 2025.xlsx,7556,2025-12-08,2025-12,2025-W50,4,0,sw-3441-r01,sw-3441-R01,مسحة قطاعة بطاطس,(Swabs) المسحات,Swabs,(Swabs) المسحات,swab,باجمرة - حي الندى,باجمرة,حي الندى,باجمرة - حي الندى,الشمال,بلدية,بلدية الشمال,False,True,العد الكلي للبكتيريا,العد الكلي للبكتيريا,1,,العد الكلي للبكتيريا,False,indicator_only,,5,True
Data 2025.xlsx,7557,2025-12-08,2025-12,2025-W50,4,0,sw-3442-r01,sw-3442-R01,مسحة فرامة بصل,(Swabs) المسحات,Swabs,(Swabs) المسحات,swab,باجمرة - حي الندى,باجمرة,حي الندى,باجمرة - حي الندى,الشمال,بلدية,بلدية الشمال,False,True,العد الكلي للبكتيريا,العد الكلي للبكتيريا,1,,العد الكلي للبكتيريا,False,indicator_only,,6,True
Data 2025.xlsx,7567,2025-12-08,2025-12,2025-W50,4,0,sw-3443-r01,sw-3443-R01,مسحة عصارة برتقال,(Swabs) المسحات,Swabs,(Swabs) المسحات,swab,اقزاكتلي - حي الندى,اقزاكتلي,حي الندى,اقزاكتلي - حي الندى,الشمال,بلدية,بلدية الشمال,True,False,لا يوجد,,0,,,False,none,,3,True
Data 2025.xlsx,7568,2025-12-08,2025-12,2025-W50,4,0,sw-3444-r01,sw-3444-R01,مسحة صانعة ثلج,(Swabs) المسحات,Swabs,(Swabs) المسحات,swab,اقزاكتلي - حي الندى,اقزاكتلي,حي الندى,اقزاكتلي - حي الندى,الشمال,بلدية,بلدية الشمال,True,False,لا يوجد,,0,,,False,none,,3,True
Data 2025.xlsx,11021,2025-12-08,2025-12,2025-W50,4,0,sw-3827-r01,sw-3827-R01,مسحة ثلاجة كيك,(Swabs) المسحات,Swabs,(Swabs) المسحات,swab,جو اند ذا جوس - حي المحمدية,جو اند ذا جوس,حي المحمدية,جو اند ذا جوس - حي المحمدية,المعذر,بلدية,بلدية المعذر,True,False,لا يوجد,,0,,,False,none,,2,True
Data 2025.xlsx,11022,2025-12-08,2025-12,2025-W50,4,0,sw-3828-r01,sw-3828-R01,مسحة صانعة ثلج,(Swabs) المسحات,Swabs,(Swabs) المسحات,swab,جو اند ذا جوس - حي المحمدية,جو اند ذا جوس,حي المحمدية,جو اند ذا جوس - حي المحمدية,المعذر,بلدية,بلدية المعذر,True,False,لا يوجد,,0,,,False,none,,2,True
Data 2025.xlsx,11023,2025-12-08,2025-12,2025-W50,4,0,sw-3829-r01,sw-3829-R01,مسحة طاولة تحضير,(Swabs) المسحات,Swabs,(Swabs) المسحات,swab,جو اند ذا جوس - حي المحمدية,جو اند ذا جوس,حي المحمدية,جو اند ذا جوس - حي المحمدية,المعذر,بلدية,بلدية المعذر,True,False,لا يوجد,,0,,,False,none,,2,True
Data 2025.xlsx,7526,2025-12-08,2025-12,2025-W50,4,0,sweet-1345-r01,sweet-1345-R01,كريم كراميل,الحلا(sweetness),sweetness,الحلا(sweetness),sweets_bakery,كشنة - حي الندى,كشنة,حي الندى,كشنة - حي الندى,الشمال,بلدية,بلدية الشمال,True,False,لا يوجد,,0,,,False,none,,7,True
Data 2025.xlsx,7527,2025-12-08,2025-12,2025-W50,4,0,sweet-1346-r01,sweet-1346-R01,مهلبية,الحلا(sweetness),sweetness,الحلا(sweetness),sweets_bakery,كشنة - حي الندى,كشنة,حي الندى,كشنة - حي الندى,الشمال,بلدية,بلدية الشمال,True,False,لا يوجد,,0,,,False,none,,7,True
Data 2025.xlsx,7528,2025-12-08,2025-12,2025-W50,4,0,sweet-1347-r01,sweet-1347-R01,رز بالحليب,الحلا(sweetness),sweetness,الحلا(sweetness),sweets_bakery,كشنة - حي الندى,كشنة,حي الندى,كشنة - حي الندى,الشمال,بلدية,بلدية الشمال,True,False,لا يوجد,,0,,,False,none,,7,True
Data 2025.xlsx,7569,2025-12-08,2025-12,2025-W50,4,0,ubot-1064-r01,Ubot-1064-R01,مياه غسيل ادوات,ملحمة سماء القاهرة,,ملحمة سماء القاهرة,other,ملحمة سماء القاهرة,ملحمة سماء القاهرة,,ملحمة سماء القاهرة,النسيم,بلدية,بلدية النسيم,True,False,لا يوجد,,0,,,False,none,sample_type_unbucketed,4,True
Data 2025.xlsx,11024,2025-12-08,2025-12,2025-W50,4,0,ubot-1182-r01,Ubot-1182-R01,مياه فلتر للكافي م ك,المياه الغير معبأة (Unbottled water),Unbottled water,المياه الغير المعبأة (Unbottled water),water,جو اند ذا جوس - حي المحمدية,جو اند ذا جوس,حي المحمدية,جو اند ذا جوس - حي المحمدية,المعذر,بلدية,بلدية المعذر,True,False,لا يوجد,,0,,,False,none,category_merged_to_canonical,2,True
Data 2025.xlsx,11002,2025-12-08,2025-12,2025-W50,4,0,wh-0003-r01,Wh-0003-R01,ويب كريم,Whipped Cream كريمة مخفوقة,Whipped Cream,Whipped Cream كريمة مخفوقة,dairy,جو اند ذا جوس - حي المحمدية,جو اند ذا جوس,حي المحمدية,جو اند ذا جوس - حي المحمدية,المعذر,بلدية,بلدية المعذر,True,False,لا يوجد,,0,,,False,none,,2,True
Data 2025.xlsx,11026,2025-12-09,2025-12,2025-W50,4,1,ca-0157-r01,ca-0157-R01,كيكة زعفران,الكعك ومنتجات المخابز الجاهزة للاكل بدون تسخين (Cakes and bakery products ready to eat ),Cakes and bakery products ready to eat,الكعك ومنتجات المخابز الجاهزة للاكل بدون تسخين (Cakes and bakery products ready to eat ),sweets_bakery,سنتيو كافية - حي العليا,سنتيو كافية,حي العليا,سنتيو كافية - حي العليا,المعذر,بلدية,بلدية المعذر,True,False,لا يوجد,,0,,,False,none,,0,False
Data 2025.xlsx,11027,2025-12-09,2025-12,2025-W50,4,1,ca-0158-r01,ca-0158-R01,كيكة حليب,الكعك ومنتجات المخابز الجاهزة للاكل بدون تسخين (Cakes and bakery products ready to eat ),Cakes and bakery products ready to eat,الكعك ومنتجات المخابز الجاهزة للاكل بدون تسخين (Cakes and bakery products ready to eat ),sweets_bakery,سنتيو كافية - حي العليا,سنتيو كافية,حي العليا,سنتيو كافية - حي العليا,المعذر,بلدية,بلدية المعذر,True,False,لا يوجد,,0,,,False,none,,0,False
Data 2025.xlsx,11064,2025-12-09,2025-12,2025-W50,4,1,ca-0159-r01,ca-0159-R01,مافن بلو بيري,الكعك ومنتجات المخابز الجاهزة للاكل بدون تسخين (Cakes and bakery products ready to eat ),Cakes and bakery products ready to eat,الكعك ومنتجات المخابز الجاهزة للاكل بدون تسخين (Cakes and bakery products ready to eat ),sweets_bakery,مطعم انواع القهوة - حي العليا,مطعم انواع القهوة,حي العليا,مطعم انواع القهوة - حي العليا,المعذر,بلدية,بلدية المعذر,True,False,لا يوجد,,0,,,False,none,,2,True
Data 2025.xlsx,11065,2025-12-09,2025-12,2025-W50,4,1,ca-0160-r01,ca-0160-R01,براوني حليب شوكليت,الكعك ومنتجات المخابز الجاهزة للاكل بدون تسخين (Cakes and bakery products ready to eat ),Cakes and bakery products ready to eat,الكعك ومنتجات المخابز الجاهزة للاكل بدون تسخين (Cakes and bakery products ready to eat ),sweets_bakery,مطعم انواع القهوة - حي العليا,مطعم انواع القهوة,حي العليا,مطعم انواع القهوة - حي العليا,المعذر,بلدية,بلدية المعذر,True,False,لا يوجد,,0,,,False,none,,2,True
Data 2025.xlsx,11066,2025-12-09,2025-12,2025-W50,4,1,ca-0161-r01,ca-0161-R01,شوكليت فن دان,الكعك ومنتجات المخابز الجاهزة للاكل بدون تسخين (Cakes and bakery products ready to eat ),Cakes and bakery products ready to eat,الكعك ومنتجات المخابز الجاهزة للاكل بدون تسخين (Cakes and bakery products ready to eat ),sweets_bakery,مطعم انواع القهوة - حي العليا,مطعم انواع القهوة,حي العليا,مطعم انواع القهوة - حي العليا,المعذر,بلدية,بلدية المعذر,True,False,لا يوجد,,0,,,False,none,,2,True
Data 2025.xlsx,11067,2025-12-09,2025-12,2025-W50,4,1,ca-0162-r01,ca-0162-R01,كروسان بالزعتر,الكعك ومنتجات المخابز الجاهزة للاكل بدون تسخين (Cakes and bakery products ready to eat ),Cakes and bakery products ready to eat,الكعك ومنتجات المخابز الجاهزة للاكل بدون تسخين (Cakes and bakery products ready to eat ),sweets_bakery,مطعم انواع القهوة - حي العليا,مطعم انواع القهوة,حي العليا,مطعم انواع القهوة - حي العليا,المعذر,بلدية,بلدية المعذر,True,False,لا يوجد,,0,,,False,none,,2,True
Data 2025.xlsx,11068,2025-12-09,2025-12,2025-W50,4,1,ca-0163-r01,ca-0163-R01,كروسان شوكليت,الكعك ومنتجات المخابز الجاهزة للاكل بدون تسخين (Cakes and bakery products ready to eat ),Cakes and bakery products ready to eat,الكعك ومنتجات المخابز الجاهزة للاكل بدون تسخين (Cakes and bakery products ready to eat ),sweets_bakery,مطعم انواع القهوة - حي العليا,مطعم انواع القهوة,حي العليا,مطعم انواع القهوة - حي العليا,المعذر,بلدية,بلدية المعذر,True,False,لا يوجد,,0,,,False,none,,2,True
Data 2025.xlsx,11069,2025-12-09,2025-12,2025-W50,4,1,ca-0164-r01,ca-0164-R01,كوكيز فانيلا,الكعك ومنتجات المخابز الجاهزة للاكل بدون تسخين (Cakes and bakery products ready to eat ),Cakes and bakery products ready to eat,الكعك ومنتجات المخابز الجاهزة للاكل بدون تسخين (Cakes and bakery products ready to eat ),sweets_bakery,مطعم انواع القهوة - حي العليا,مطعم انواع القهوة,حي العليا,مطعم انواع القهوة - حي العليا,المعذر,بلدية,بلدية المعذر,True,False,لا يوجد,,0,,,False,none,,2,True
Data 2025.xlsx,11070,2025-12-09,2025-12,2025-W50,4,1,ca-0165-r01,ca-0165-R01,اكلير شوكليت,الكعك ومنتجات المخابز الجاهزة للاكل بدون تسخين (Cakes and bakery products ready to eat ),Cakes and bakery products ready to eat,الكعك ومنتجات المخابز الجاهزة للاكل بدون تسخين (Cakes and bakery products ready to eat ),sweets_bakery,مطعم انواع القهوة - حي العليا,مطعم انواع القهوة,حي العليا,مطعم انواع القهوة - حي العليا,المعذر,بلدية,بلدية المعذر,True,False,لا يوجد,,0,,,False,none,,2,True
Data 2025.xlsx,11071,2025-12-09,2025-12,2025-W50,4,1,ca-0166-r01,ca-0166-R01,تشيز كيك كرز,الكعك ومنتجات المخابز الجاهزة للاكل بدون تسخين (Cakes and bakery products ready to eat ),Cakes and bakery products ready to eat,الكعك ومنتجات المخابز الجاهزة للاكل بدون تسخين (Cakes and bakery products ready to eat ),sweets_bakery,مطعم انواع القهوة - حي العليا,مطعم انواع القهوة,حي العليا,مطعم انواع القهوة - حي العليا,المعذر,بلدية,بلدية المعذر,True,False,لا يوجد,,0,,,False,none,,2,True
Data 2025.xlsx,11072,2025-12-09,2025-12,2025-W50,4,1,ca-0167-r01,ca-0167-R01,تشيز كيك اوريو,الكعك ومنتجات المخابز الجاهزة للاكل بدون تسخين (Cakes and bakery products ready to eat ),Cakes and bakery products ready to eat,الكعك ومنتجات المخابز الجاهزة للاكل بدون تسخين (Cakes and bakery products ready to eat ),sweets_bakery,مطعم انواع القهوة - حي العليا,مطعم انواع القهوة,حي العليا,مطعم انواع القهوة - حي العليا,المعذر,بلدية,بلدية المعذر,True,False,لا يوجد,,0,,,False,none,,2,True
Data 2025.xlsx,11073,2025-12-09,2025-12,2025-W50,4,1,ca-0168-r01,ca-0168-R01,تراميسو,الكعك ومنتجات المخابز الجاهزة للاكل بدون تسخين (Cakes and bakery products ready to eat ),Cakes and bakery products ready to eat,الكعك ومنتجات المخابز الجاهزة للاكل بدون تسخين (Cakes and bakery products ready to eat ),sweets_bakery,مطعم انواع القهوة - حي العليا,مطعم انواع القهوة,حي العليا,مطعم انواع القهوة - حي العليا,المعذر,بلدية,بلدية المعذر,True,False,لا يوجد,,0,,,False,none,,2,True
Data 2025.xlsx,11074,2025-12-09,2025-12,2025-W50,4,1,ca-0169-r01,ca-0169-R01,دونت شوكليت,الكعك ومنتجات المخابز الجاهزة للاكل بدون تسخين (Cakes and bakery products ready to eat ),Cakes and bakery products ready to eat,الكعك ومنتجات المخابز الجاهزة للاكل بدون تسخين (Cakes and bakery products ready to eat ),sweets_bakery,مطعم انواع القهوة - حي العليا,مطعم انواع القهوة,حي العليا,مطعم انواع القهوة - حي العليا,المعذر,بلدية,بلدية المعذر,True,False,لا يوجد,,0,,,False,none,,2,True
Data 2025.xlsx,11079,2025-12-09,2025-12,2025-W50,4,1,ca-0170-r01,ca-0170-R01,كيكة طبقات شوكولاتة,الكعك ومنتجات المخابز الجاهزة للاكل بدون تسخين (Cakes and bakery products ready to eat ),Cakes and bakery products ready to eat,الكعك ومنتجات المخابز الجاهزة للاكل بدون تسخين (Cakes and bakery products ready to eat ),sweets_bakery,الوعل البري - حي العليا,الوعل البري,حي العليا,الوعل البري - حي العليا,وسط الرياض,قطاع,القطاع وسط الرياض,True,False,لا يوجد,,0,,,False,none,,0,False
Data 2025.xlsx,11080,2025-12-09,2025-12,2025-W50,4,1,ca-0171-r01,ca-0171-R01,تشيز كيك مدريد,الكعك ومنتجات المخابز الجاهزة للاكل بدون تسخين (Cakes and bakery products ready to eat ),Cakes and bakery products ready to eat,الكعك ومنتجات المخابز الجاهزة للاكل بدون تسخين (Cakes and bakery products ready to eat ),sweets_bakery,الوعل البري - حي العليا,الوعل البري,حي العليا,الوعل البري - حي العليا,وسط الرياض,قطاع,القطاع وسط الرياض,True,False,لا يوجد,,0,,,False,none,,0,False
Data 2025.xlsx,11081,2025-12-09,2025-12,2025-W50,4,1,ca-0172-r01,ca-0172-R01,كيكة عسل,الكعك ومنتجات المخابز الجاهزة للاكل بدون تسخين (Cakes and bakery products ready to eat ),Cakes and bakery products ready to eat,الكعك ومنتجات المخابز الجاهزة للاكل بدون تسخين (Cakes and bakery products ready to eat ),sweets_bakery,الوعل البري - حي العليا,الوعل البري,حي العليا,الوعل البري - حي العليا,وسط الرياض,قطاع,القطاع وسط الرياض,True,False,لا يوجد,,0,,,False,none,,0,False
Data 2025.xlsx,11082,2025-12-09,2025-12,2025-W50,4,1,ca-0173-r01,ca-0173-R01,كيكة تراميسو,الكعك ومنتجات المخابز الجاهزة للاكل بدون تسخين (Cakes and bakery products ready to eat ),Cakes and bakery products ready to eat,الكعك ومنتجات المخابز الجاهزة للاكل بدون تسخين (Cakes and bakery products ready to eat ),sweets_bakery,الوعل البري - حي العليا,الوعل البري,حي العليا,الوعل البري - حي العليا,وسط الرياض,قطاع,القطاع وسط الرياض,True,False,لا يوجد,,0,,,False,none,,0,False
Data 2025.xlsx,11083,2025-12-09,2025-12,2025-W50,4,1,ca-0174-r01,ca-0174-R01,كيك التمر,الكعك ومنتجات المخابز الجاهزة للاكل بدون تسخين (Cakes and bakery products ready to eat ),Cakes and bakery products ready to eat,الكعك ومنتجات المخابز الجاهزة للاكل بدون تسخين (Cakes and bakery products ready to eat ),sweets_bakery,الوعل البري - حي العليا,الوعل البري,حي العليا,الوعل البري - حي العليا,وسط الرياض,قطاع,القطاع وسط الرياض,True,False,لا يوجد,,0,,,False,none,,0,False
Data 2025.xlsx,11084,2025-12-09,2025-12,2025-W50,4,1,ca-0175-r01,ca-0175-R01,كيك بودينق تمر,الكعك ومنتجات المخابز الجاهزة للاكل بدون تسخين (Cakes and bakery products ready to eat ),Cakes and bakery products ready to eat,الكعك ومنتجات المخابز الجاهزة للاكل بدون تسخين (Cakes and bakery products ready to eat ),sweets_bakery,الوعل البري - حي العليا,الوعل البري,حي العليا,الوعل البري - حي العليا,وسط الرياض,قطاع,القطاع وسط الرياض,True,False,لا يوجد,,0,,,False,none,,0,False
Data 2025.xlsx,11035,2025-12-09,2025-12,2025-W50,4,1,cho-0117-r01,cho-0117-R01,صوص وايت شوكليت,الشوكولاته (Chocolate),Chocolate,الشوكولاته (Chocolate),sweets_bakery,سنتيو كافية - حي العليا,سنتيو كافية,حي العليا,سنتيو كافية - حي العليا,المعذر,بلدية,بلدية المعذر,True,False,لا يوجد,,0,,,False,none,,1,False
Data 2025.xlsx,11037,2025-12-09,2025-12,2025-W50,4,1,cho-0118-r01,cho-0118-R01,صوص كيندر,الشوكولاته (Chocolate),Chocolate,الشوكولاته (Chocolate),sweets_bakery,سنتيو كافية - حي العليا,سنتيو كافية,حي العليا,سنتيو كافية - حي العليا,المعذر,بلدية,بلدية المعذر,False,True,العد الكلي للبكتيريا,العد الكلي للبكتيريا,1,,العد الكلي للبكتيريا,False,indicator_only,,2,True
Data 2025.xlsx,11056,2025-12-09,2025-12,2025-W50,4,1,cho-0119-r01,cho-0119-R01,صوص دارك شوكليت,الشوكولاته (Chocolate),Chocolate,الشوكولاته (Chocolate),sweets_bakery,مطعم انواع القهوة - حي العليا,مطعم انواع القهوة,حي العليا,مطعم انواع القهوة - حي العليا,المعذر,بلدية,بلدية المعذر,True,False,لا يوجد,,0,,,False,none,,0,False
Data 2025.xlsx,11087,2025-12-09,2025-12,2025-W50,4,1,cho-0120-r01,cho-0120-R01,صوص شوكليت,الشوكولاته (Chocolate),Chocolate,الشوكولاته (Chocolate),sweets_bakery,الوعل البري - حي العليا,الوعل البري,حي العليا,الوعل البري - حي العليا,وسط الرياض,قطاع,القطاع وسط الرياض,True,False,لا يوجد,,0,,,False,none,,0,False
Data 2025.xlsx,11029,2025-12-09,2025-12,2025-W50,4,1,coff-1089-r01,Coff-1089-R01,قهوة باردة,القهوة ومشتقاتها (Coffee and derivatives),Coffee and derivatives,القهوة ومشتقاتها (Coffee and derivatives),beverage,سنتيو كافية - حي العليا,سنتيو كافية,حي العليا,سنتيو كافية - حي العليا,المعذر,بلدية,بلدية المعذر,True,False,لا يوجد,,0,,,False,none,,0,False
Data 2025.xlsx,11057,2025-12-09,2025-12,2025-W50,4,1,coff-1090-r01,Coff-1090-R01,قهوة فرنسي بارد,القهوة ومشتقاتها (Coffee and derivatives),Coffee and derivatives,القهوة ومشتقاتها (Coffee and derivatives),beverage,مطعم انواع القهوة - حي العليا,مطعم انواع القهوة,حي العليا,مطعم انواع القهوة - حي العليا,المعذر,بلدية,بلدية المعذر,False,True,الخمائر والاعفان,الخمائر والاعفان,1,,الخمائر والاعفان,False,indicator_only,,1,False
Data 2025.xlsx,11058,2025-12-09,2025-12,2025-W50,4,1,coff-1091-r01,Coff-1091-R01,قهوة موكا بارد,القهوة ومشتقاتها (Coffee and derivatives),Coffee and derivatives,القهوة ومشتقاتها (Coffee and derivatives),beverage,مطعم انواع القهوة - حي العليا,مطعم انواع القهوة,حي العليا,مطعم انواع القهوة - حي العليا,المعذر,بلدية,بلدية المعذر,False,True,الخمائر والاعفان,الخمائر والاعفان,1,,الخمائر والاعفان,False,indicator_only,,2,True
Data 2025.xlsx,11034,2025-12-09,2025-12,2025-W50,4,1,cond-0012-r01,cond-0012-R01,صوص سبانيش,الحليب المكثف والحليب المكثف المحلى (condensed and sweeten condensed milk),condensed and sweeten condensed milk,الحليب المكثف والحليب المكثف المحلى (condensed and sweeten condensed milk),dairy,سنتيو كافية - حي العليا,سنتيو كافية,حي العليا,سنتيو كافية - حي العليا,المعذر,بلدية,بلدية المعذر,False,True,العد الكلي للبكتيريا,العد الكلي للبكتيريا,1,,العد الكلي للبكتيريا,False,indicator_only,,1,False
Data 2025.xlsx,11054,2025-12-09,2025-12,2025-W50,4,1,cond-0013-r01,cond-0013-R01,صوص نستلة - حليب مكثف,الحليب المكثف والحليب المكثف المحلى (condensed and sweeten condensed milk),condensed and sweeten condensed milk,الحليب المكثف والحليب المكثف المحلى (condensed and sweeten condensed milk),dairy,مطعم انواع القهوة - حي العليا,مطعم انواع القهوة,حي العليا,مطعم انواع القهوة - حي العليا,المعذر,بلدية,بلدية المعذر,True,False,لا يوجد,,0,,,False,none,,0,False
Data 2025.xlsx,11088,2025-12-09,2025-12,2025-W50,4,1,cond-0014-r01,cond-0014-R01,صوص نستلة حليب مكثف,الحليب المكثف والحليب المكثف المحلى (condensed and sweeten condensed milk),condensed and sweeten condensed milk,الحليب المكثف والحليب المكثف المحلى (condensed and sweeten condensed milk),dairy,الوعل البري - حي العليا,الوعل البري,حي العليا,الوعل البري - حي العليا,وسط الرياض,قطاع,القطاع وسط الرياض,True,False,لا يوجد,,0,,,False,none,,0,False
Data 2025.xlsx,11030,2025-12-09,2025-12,2025-W50,4,1,fl-0090-r01,fl-0090-R01,نكهة رمان,شراب بنكهة و مركزاتها ( flavoured drink & its concentrates ),flavoured drink & its concentrates,شراب بنكهة و مركزاتها ( flavoured drink & its concentrates ),sauce_condiment,سنتيو كافية - حي العليا,سنتيو كافية,حي العليا,سنتيو كافية - حي العليا,المعذر,بلدية,بلدية المعذر,True,False,لا يوجد,,0,,,False,none,,0,False
Data 2025.xlsx,11031,2025-12-09,2025-12,2025-W50,4,1,fl-0091-r01,fl-0091-R01,نكهة باشن فروت,شراب بنكهة و مركزاتها ( flavoured drink & its concentrates ),flavoured drink & its concentrates,شراب بنكهة و مركزاتها ( flavoured drink & its concentrates ),sauce_condiment,سنتيو كافية - حي العليا,سنتيو كافية,حي العليا,سنتيو كافية - حي العليا,المعذر,بلدية,بلدية المعذر,True,False,لا يوجد,,0,,,False,none,,0,False
Data 2025.xlsx,11032,2025-12-09,2025-12,2025-W50,4,1,fl-0092-r01,fl-0092-R01,نكهة خوخ,شراب بنكهة و مركزاتها ( flavoured drink & its concentrates ),flavoured drink & its concentrates,شراب بنكهة و مركزاتها ( flavoured drink & its concentrates ),sauce_condiment,سنتيو كافية - حي العليا,سنتيو كافية,حي العليا,سنتيو كافية - حي العليا,المعذر,بلدية,بلدية المعذر,True,False,لا يوجد,,0,,,False,none,,0,False
Data 2025.xlsx,11033,2025-12-09,2025-12,2025-W50,4,1,fl-0093-r01,fl-0093-R01,نكهة توت ازرق,شراب بنكهة و مركزاتها ( flavoured drink & its concentrates ),flavoured drink & its concentrates,شراب بنكهة و مركزاتها ( flavoured drink & its concentrates ),sauce_condiment,سنتيو كافية - حي العليا,سنتيو كافية,حي العليا,سنتيو كافية - حي العليا,المعذر,بلدية,بلدية المعذر,True,False,لا يوجد,,0,,,False,none,,0,False
Data 2025.xlsx,11059,2025-12-09,2025-12,2025-W50,4,1,fl-0094-r01,fl-0094-R01,نكهة توت اسود,شراب بنكهة و مركزاتها ( flavoured drink & its concentrates ),flavoured drink & its concentrates,شراب بنكهة و مركزاتها ( flavoured drink & its concentrates ),sauce_condiment,مطعم انواع القهوة - حي العليا,مطعم انواع القهوة,حي العليا,مطعم انواع القهوة - حي العليا,المعذر,بلدية,بلدية المعذر,True,False,لا يوجد,,0,,,False,none,,2,True
Data 2025.xlsx,11060,2025-12-09,2025-12,2025-W50,4,1,fl-0095-r01,fl-0095-R01,نكهة بطيخ,شراب بنكهة و مركزاتها ( flavoured drink & its concentrates ),flavoured drink & its concentrates,شراب بنكهة و مركزاتها ( flavoured drink & its concentrates ),sauce_condiment,مطعم انواع القهوة - حي العليا,مطعم انواع القهوة,حي العليا,مطعم انواع القهوة - حي العليا,المعذر,بلدية,بلدية المعذر,True,False,لا يوجد,,0,,,False,none,,2,True
Data 2025.xlsx,11061,2025-12-09,2025-12,2025-W50,4,1,fl-0096-r01,fl-0096-R01,نكهة توت ازرق,شراب بنكهة و مركزاتها ( flavoured drink & its concentrates ),flavoured drink & its concentrates,شراب بنكهة و مركزاتها ( flavoured drink & its concentrates ),sauce_condiment,مطعم انواع القهوة - حي العليا,مطعم انواع القهوة,حي العليا,مطعم انواع القهوة - حي العليا,المعذر,بلدية,بلدية المعذر,True,False,لا يوجد,,0,,,False,none,,2,True
Data 2025.xlsx,11062,2025-12-09,2025-12,2025-W50,4,1,fl-0097-r01,fl-0097-R01,نكهة بندق,شراب بنكهة و مركزاتها ( flavoured drink & its concentrates ),flavoured drink & its concentrates,شراب بنكهة و مركزاتها ( flavoured drink & its concentrates ),sauce_condiment,مطعم انواع القهوة - حي العليا,مطعم انواع القهوة,حي العليا,مطعم انواع القهوة - حي العليا,المعذر,بلدية,بلدية المعذر,True,False,لا يوجد,,0,,,False,none,,2,True
Data 2025.xlsx,11063,2025-12-09,2025-12,2025-W50,4,1,fl-0098-r01,fl-0098-R01,نكهة كراميل,شراب بنكهة و مركزاتها ( flavoured drink & its concentrates ),flavoured drink & its concentrates,شراب بنكهة و مركزاتها ( flavoured drink & its concentrates ),sauce_condiment,مطعم انواع القهوة - حي العليا,مطعم انواع القهوة,حي العليا,مطعم انواع القهوة - حي العليا,المعذر,بلدية,بلدية المعذر,True,False,لا يوجد,,0,,,False,none,,2,True
Data 2025.xlsx,11052,2025-12-09,2025-12,2025-W50,4,1,fr-0170-r01,fr-0170-R01,خس,فواكه و خضروات طازجة (Fresh fruits and vegetables ),Fresh fruits and vegetables,فواكه و خضروات طازجة (Fresh fruits and vegetables ),produce,مطعم انواع القهوة - حي العليا,مطعم انواع القهوة,حي العليا,مطعم انواع القهوة - حي العليا,المعذر,بلدية,بلدية المعذر,True,False,لا يوجد,,0,,,False,none,,0,False
Data 2025.xlsx,11053,2025-12-09,2025-12,2025-W50,4,1,he-0020-r01,he-0020-R01,مشروب كركدية,الأعشاب المجففة (Dried herbs ),Dried herbs,الأعشاب المجففة (Dried herbs ),produce,مطعم انواع القهوة - حي العليا,مطعم انواع القهوة,حي العليا,مطعم انواع القهوة - حي العليا,المعذر,بلدية,بلدية المعذر,True,False,لا يوجد,,0,,,False,none,,0,False
Data 2025.xlsx,11091,2025-12-09,2025-12,2025-W50,4,1,he-0021-r01,he-0021-R01,مشروب كركدية,الأعشاب المجففة (Dried herbs ),Dried herbs,الأعشاب المجففة (Dried herbs ),produce,الوعل البري - حي العليا,الوعل البري,حي العليا,الوعل البري - حي العليا,وسط الرياض,قطاع,القطاع وسط الرياض,False,True,العد الكلي للبكتيريا,العد الكلي للبكتيريا,1,,العد الكلي للبكتيريا,False,indicator_only,,1,False
Data 2025.xlsx,11036,2025-12-09,2025-12,2025-W50,4,1,mo-0018-r01,mo-0018-R01,صوص تراميسو,"المولاس بانواعه - الدبس - كتل السكر البنية (Molasses, debs ( date syrup ), hard brown sugar )",hard brown sugar,"المولاس بانواعه - الدبس - كتل السكر البنية (Molasses, debs ( date syrup ), hard brown sugar )",dairy,سنتيو كافية - حي العليا,سنتيو كافية,حي العليا,سنتيو كافية - حي العليا,المعذر,بلدية,بلدية المعذر,True,False,لا يوجد,,0,,,False,none,,1,False
Data 2025.xlsx,11038,2025-12-09,2025-12,2025-W50,4,1,mo-0019-r01,mo-0019-R01,صوص كراميل,"المولاس بانواعه - الدبس - كتل السكر البنية (Molasses, debs ( date syrup ), hard brown sugar )",hard brown sugar,"المولاس بانواعه - الدبس - كتل السكر البنية (Molasses, debs ( date syrup ), hard brown sugar )",dairy,سنتيو كافية - حي العليا,سنتيو كافية,حي العليا,سنتيو كافية - حي العليا,المعذر,بلدية,بلدية المعذر,True,False,لا يوجد,,0,,,False,none,,2,True
Data 2025.xlsx,11055,2025-12-09,2025-12,2025-W50,4,1,mo-0020-r01,mo-0020-R01,صوص كراميل,"المولاس بانواعه - الدبس - كتل السكر البنية (Molasses, debs ( date syrup ), hard brown sugar )",hard brown sugar,"المولاس بانواعه - الدبس - كتل السكر البنية (Molasses, debs ( date syrup ), hard brown sugar )",dairy,مطعم انواع القهوة - حي العليا,مطعم انواع القهوة,حي العليا,مطعم انواع القهوة - حي العليا,المعذر,بلدية,بلدية المعذر,True,False,لا يوجد,,0,,,False,none,,0,False
Data 2025.xlsx,11085,2025-12-09,2025-12,2025-W50,4,1,mo-0021-r01,mo-0021-R01,صوص كراميل لكيك التمر,"المولاس بانواعه - الدبس - كتل السكر البنية (Molasses, debs ( date syrup ), hard brown sugar )",hard brown sugar,"المولاس بانواعه - الدبس - كتل السكر البنية (Molasses, debs ( date syrup ), hard brown sugar )",dairy,الوعل البري - حي العليا,الوعل البري,حي العليا,الوعل البري - حي العليا,وسط الرياض,قطاع,القطاع وسط الرياض,True,False,لا يوجد,,0,,,False,none,,0,False
Data 2025.xlsx,11086,2025-12-09,2025-12,2025-W50,4,1,mo-0022-r01,mo-0022-R01,صوص بودنق تمر,"المولاس بانواعه - الدبس - كتل السكر البنية (Molasses, debs ( date syrup ), hard brown sugar )",hard brown sugar,"المولاس بانواعه - الدبس - كتل السكر البنية (Molasses, debs ( date syrup ), hard brown sugar )",dairy,الوعل البري - حي العليا,الوعل البري,حي العليا,الوعل البري - حي العليا,وسط الرياض,قطاع,القطاع وسط الرياض,True,False,لا يوجد,,0,,,False,none,,0,False
Data 2025.xlsx,11039,2025-12-09,2025-12,2025-W50,4,1,nut-0007-r01,nut-0007-R01,صوص بستاشو,جميع أنواع زبدة المكسرات (All kinds of Nut butters),All kinds of Nut butters,جميع أنواع زبدة المكسرات (All kinds of Nut butters),produce,سنتيو كافية - حي العليا,سنتيو كافية,حي العليا,سنتيو كافية - حي العليا,المعذر,بلدية,بلدية المعذر,True,False,لا يوجد,,0,,,False,none,,2,True
Data 2025.xlsx,11049,2025-12-09,2025-12,2025-W50,4,1,pi-0150-r01,pi-0150-R01,هلابينو,مخلل الخضروات /الفواكه (Pickled/fermented vegetable / fruits),Pickled/fermented vegetable / fruits,مخلل الخضروات /الفواكه (Pickled/fermented vegetable / fruits),dairy,مطعم انواع القهوة - حي العليا,مطعم انواع القهوة,حي العليا,مطعم انواع القهوة - حي العليا,المعذر,بلدية,بلدية المعذر,True,False,لا يوجد,,0,,,False,none,,0,False
Data 2025.xlsx,11051,2025-12-09,2025-12,2025-W50,4,1,pi-0151-r01,pi-0151-R01,شرائح زيتون اسود,مخلل الخضروات /الفواكه (Pickled/fermented vegetable / fruits),Pickled/fermented vegetable / fruits,مخلل الخضروات /الفواكه (Pickled/fermented vegetable / fruits),dairy,مطعم انواع القهوة - حي العليا,مطعم انواع القهوة,حي العليا,مطعم انواع القهوة - حي العليا,المعذر,بلدية,بلدية المعذر,True,False,لا يوجد,,0,,,False,none,,0,False
Data 2025.xlsx,11044,2025-12-09,2025-12,2025-W50,4,1,sa-0973-r01,sa-0973-R01,سلطة تونة,اطعمة جاهزة للأكل Ready to eat meals,Ready to eat meals,اطعمة جاهزة للأكل Ready to eat meals,prepared_meal,مطعم انواع القهوة - حي العليا,مطعم انواع القهوة,حي العليا,مطعم انواع القهوة - حي العليا,المعذر,بلدية,بلدية المعذر,True,False,لا يوجد,,0,,,False,none,,0,False
Data 2025.xlsx,11078,2025-12-09,2025-12,2025-W50,4,1,sa-0974-r01,sa-0974-R01,ساندوتش تونة,اطعمة جاهزة للأكل Ready to eat meals,Ready to eat meals,اطعمة جاهزة للأكل Ready to eat meals,prepared_meal,الوعل البري - حي العليا,الوعل البري,حي العليا,الوعل البري - حي العليا,وسط الرياض,قطاع,القطاع وسط الرياض,True,False,لا يوجد,,0,,,False,none,,0,False
Data 2025.xlsx,11042,2025-12-09,2025-12,2025-W50,4,1,sau-2769-r01,sau-2769-R01,صوص مايونيز,صوص (sauce),sauce,صوص (sauce),sauce_condiment,مطعم انواع القهوة - حي العليا,مطعم انواع القهوة,حي العليا,مطعم انواع القهوة - حي العليا,المعذر,بلدية,بلدية المعذر,True,False,لا يوجد,,0,,,False,none,,0,False
Data 2025.xlsx,11043,2025-12-09,2025-12,2025-W50,4,1,sau-2770-r01,sau-2770-R01,صوص سلط,صوص (sauce),sauce,صوص (sauce),sauce_condiment,مطعم انواع القهوة - حي العليا,مطعم انواع القهوة,حي العليا,مطعم انواع القهوة - حي العليا,المعذر,بلدية,بلدية المعذر,True,False,لا يوجد,,0,,,False,none,,0,False
Data 2025.xlsx,11045,2025-12-09,2025-12,2025-W50,4,1,sau-2771-r01,sau-2771-R01,صوص سيزر,صوص (sauce),sauce,صوص (sauce),sauce_condiment,مطعم انواع القهوة - حي العليا,مطعم انواع القهوة,حي العليا,مطعم انواع القهوة - حي العليا,المعذر,بلدية,بلدية المعذر,True,False,لا يوجد,,0,,,False,none,,0,False
Data 2025.xlsx,11046,2025-12-09,2025-12,2025-W50,4,1,sau-2772-r01,sau-2772-R01,صوص توركش,صوص (sauce),sauce,صوص (sauce),sauce_condiment,مطعم انواع القهوة - حي العليا,مطعم انواع القهوة,حي العليا,مطعم انواع القهوة - حي العليا,المعذر,بلدية,بلدية المعذر,True,False,لا يوجد,,0,,,False,none,,0,False
Data 2025.xlsx,11048,2025-12-09,2025-12,2025-W50,4,1,sau-2773-r01,sau-2773-R01,شطة تباسكو حمراء,صوص (sauce),sauce,صوص (sauce),sauce_condiment,مطعم انواع القهوة - حي العليا,مطعم انواع القهوة,حي العليا,مطعم انواع القهوة - حي العليا,المعذر,بلدية,بلدية المعذر,True,False,لا يوجد,,0,,,False,none,,0,False
Data 2025.xlsx,11050,2025-12-09,2025-12,2025-W50,4,1,sau-2774-r01,sau-2774-R01,خردل,صوص (sauce),sauce,صوص (sauce),sauce_condiment,مطعم انواع القهوة - حي العليا,مطعم انواع القهوة,حي العليا,مطعم انواع القهوة - حي العليا,المعذر,بلدية,بلدية المعذر,True,False,لا يوجد,,0,,,False,none,,0,False
Data 2025.xlsx,11090,2025-12-09,2025-12,2025-W50,4,1,sau-2775-r01,sau-2775-R01,صوص بيستو,صوص (sauce),sauce,صوص (sauce),sauce_condiment,الوعل البري - حي العليا,الوعل البري,حي العليا,الوعل البري - حي العليا,وسط الرياض,قطاع,القطاع وسط الرياض,True,False,لا يوجد,,0,,,False,none,,0,False
Data 2025.xlsx,11047,2025-12-09,2025-12,2025-W50,4,1,so-0044-r01,SO-0044-R01,جبنة موزاريلا,(Soft Cheese) جبن طري / جبن سائل,Soft Cheese,(Soft Cheese) جبن طري / جبن سائل,dairy,مطعم انواع القهوة - حي العليا,مطعم انواع القهوة,حي العليا,مطعم انواع القهوة - حي العليا,المعذر,بلدية,بلدية المعذر,True,False,لا يوجد,,0,,,False,none,,0,False
Data 2025.xlsx,11089,2025-12-09,2025-12,2025-W50,4,1,so-0045-r01,SO-0045-R01,جبنة,(Soft Cheese) جبن طري / جبن سائل,Soft Cheese,(Soft Cheese) جبن طري / جبن سائل,dairy,الوعل البري - حي العليا,الوعل البري,حي العليا,الوعل البري - حي العليا,وسط الرياض,قطاع,القطاع وسط الرياض,True,False,لا يوجد,,0,,,False,none,,0,False
Data 2025.xlsx,11040,2025-12-09,2025-12,2025-W50,4,1,sw-3830-r01,sw-3830-R01,مسحة صانعة ثلج,(Swabs) المسحات,Swabs,(Swabs) المسحات,swab,سنتيو كافية - حي العليا,سنتيو كافية,حي العليا,سنتيو كافية - حي العليا,المعذر,بلدية,بلدية المعذر,True,False,لا يوجد,,0,,,False,none,,2,True
Data 2025.xlsx,11041,2025-12-09,2025-12,2025-W50,4,1,sw-3831-r01,sw-3831-R01,مسحة صانعة ثلج,(Swabs) المسحات,Swabs,(Swabs) المسحات,swab,سنتيو كافية - حي العليا,سنتيو كافية,حي العليا,سنتيو كافية - حي العليا,المعذر,بلدية,بلدية المعذر,True,False,لا يوجد,,0,,,False,none,,2,True
Data 2025.xlsx,11075,2025-12-09,2025-12,2025-W50,4,1,sw-3832-r01,sw-3832-R01,مسحة صانعة ثلج,(Swabs) المسحات,Swabs,(Swabs) المسحات,swab,مطعم انواع القهوة - حي العليا,مطعم انواع القهوة,حي العليا,مطعم انواع القهوة - حي العليا,المعذر,بلدية,بلدية المعذر,True,False,لا يوجد,,0,,,False,none,,2,True
Data 2025.xlsx,11076,2025-12-09,2025-12,2025-W50,4,1,sw-3833-r01,sw-3833-R01,مسحة عصارة برتقال,(Swabs) المسحات,Swabs,(Swabs) المسحات,swab,مطعم انواع القهوة - حي العليا,مطعم انواع القهوة,حي العليا,مطعم انواع القهوة - حي العليا,المعذر,بلدية,بلدية المعذر,True,False,لا يوجد,,0,,,False,none,,2,True
Data 2025.xlsx,11092,2025-12-09,2025-12,2025-W50,4,1,sw-3834-r01,sw-3834-R01,مسحة طاولة تقطيع خبز,(Swabs) المسحات,Swabs,(Swabs) المسحات,swab,الوعل البري - حي العليا,الوعل البري,حي العليا,الوعل البري - حي العليا,وسط الرياض,قطاع,القطاع وسط الرياض,True,False,لا يوجد,,0,,,False,none,,1,False
Data 2025.xlsx,11093,2025-12-09,2025-12,2025-W50,4,1,sw-3835-r01,sw-3835-R01,مسحة صانعة ثلج,(Swabs) المسحات,Swabs,(Swabs) المسحات,swab,الوعل البري - حي العليا,الوعل البري,حي العليا,الوعل البري - حي العليا,وسط الرياض,قطاع,القطاع وسط الرياض,True,False,لا يوجد,,0,,,False,none,,1,False
Data 2025.xlsx,11094,2025-12-09,2025-12,2025-W50,4,1,sw-3836-r01,sw-3836-R01,مسحة صانعة ثلج,(Swabs) المسحات,Swabs,(Swabs) المسحات,swab,الوعل البري - حي العليا,الوعل البري,حي العليا,الوعل البري - حي العليا,وسط الرياض,قطاع,القطاع وسط الرياض,True,False,لا يوجد,,0,,,False,none,,1,False
Data 2025.xlsx,11025,2025-12-09,2025-12,2025-W50,4,1,sweet-1553-r01,sweet-1553-R01,سان سبستيان حلا,الحلا(sweetness),sweetness,الحلا(sweetness),sweets_bakery,سنتيو كافية - حي العليا,سنتيو كافية,حي العليا,سنتيو كافية - حي العليا,المعذر,بلدية,بلدية المعذر,True,False,لا يوجد,,0,,,False,none,,0,False
Data 2025.xlsx,11028,2025-12-09,2025-12,2025-W50,4,1,tea-0026-r01,tea-0026-R01,ايس تي خوخ,جميع أنواع الشاي (All types of tea),All types of tea,جميع أنواع الشاي (All types of tea),beverage,سنتيو كافية - حي العليا,سنتيو كافية,حي العليا,سنتيو كافية - حي العليا,المعذر,بلدية,بلدية المعذر,True,False,لا يوجد,,0,,,False,none,,0,False
Data 2025.xlsx,11077,2025-12-09,2025-12,2025-W50,4,1,ubot-1183-r01,Ubot-1183-R01,مياه غسيل ادوات م-ك,المياه الغير معبأة (Unbottled water),Unbottled water,المياه الغير المعبأة (Unbottled water),water,مطعم انواع القهوة - حي العليا,مطعم انواع القهوة,حي العليا,مطعم انواع القهوة - حي العليا,المعذر,بلدية,بلدية المعذر,False,True,كوليفورم | ايشيريشيا كولاي | سيدوموناس,كوليفورم | ايشيريشيا كولاي | سيدوموناس,3,ايشيريشيا كولاي,كوليفورم | سيدوموناس,True,pathogen,category_merged_to_canonical,3,True
Data 2025.xlsx,11095,2025-12-09,2025-12,2025-W50,4,1,ubot-1184-r01,Ubot-1184-R01,مياه فلتر للكافي م-ك,المياه الغير معبأة (Unbottled water),Unbottled water,المياه الغير المعبأة (Unbottled water),water,الوعل البري - حي العليا,الوعل البري,حي العليا,الوعل البري - حي العليا,وسط الرياض,قطاع,القطاع وسط الرياض,False,True,كوليفورم | ايشيريشيا كولاي,كوليفورم | ايشيريشيا كولاي,2,ايشيريشيا كولاي,كوليفورم,True,pathogen,category_merged_to_canonical,2,True
Data 2025.xlsx,11148,2025-12-13,2025-12,2025-W50,4,5,appe-0663-r01,Appe-0663-R01,حمص,مقبلات (Appetizers),Appetizers,مقبلات (Appetizers),prepared_meal,فلافل انهار عرفات - حي القيروان,فلافل انهار عرفات,حي القيروان,فلافل انهار عرفات - حي القيروان,الشمال,بلدية,بلدية الشمال,False,True,العد الكلي للبكتيريا,العد الكلي للبكتيريا,1,,العد الكلي للبكتيريا,False,indicator_only,,1,False
Data 2025.xlsx,11106,2025-12-13,2025-12,2025-W50,4,5,ca-0176-r01,ca-0176-R01,فطيرة بيستو,الكعك ومنتجات المخابز الجاهزة للاكل بدون تسخين (Cakes and bakery products ready to eat ),Cakes and bakery products ready to eat,الكعك ومنتجات المخابز الجاهزة للاكل بدون تسخين (Cakes and bakery products ready to eat ),sweets_bakery,BAKE HOUSE - حي القيروان,BAKE HOUSE,حي القيروان,BAKE HOUSE - حي القيروان,الشمال,قطاع,قطاع الشمال,True,False,لا يوجد,,0,,,False,none,,0,False
Data 2025.xlsx,11107,2025-12-13,2025-12,2025-W50,4,5,ca-0177-r01,ca-0177-R01,كيك لوفر روشية,الكعك ومنتجات المخابز الجاهزة للاكل بدون تسخين (Cakes and bakery products ready to eat ),Cakes and bakery products ready to eat,الكعك ومنتجات المخابز الجاهزة للاكل بدون تسخين (Cakes and bakery products ready to eat ),sweets_bakery,BAKE HOUSE - حي القيروان,BAKE HOUSE,حي القيروان,BAKE HOUSE - حي القيروان,الشمال,قطاع,قطاع الشمال,True,False,لا يوجد,,0,,,False,none,,0,False
Data 2025.xlsx,11108,2025-12-13,2025-12,2025-W50,4,5,ca-0178-r01,ca-0178-R01,ميني بيكان كيك,الكعك ومنتجات المخابز الجاهزة للاكل بدون تسخين (Cakes and bakery products ready to eat ),Cakes and bakery products ready to eat,الكعك ومنتجات المخابز الجاهزة للاكل بدون تسخين (Cakes and bakery products ready to eat ),sweets_bakery,BAKE HOUSE - حي القيروان,BAKE HOUSE,حي القيروان,BAKE HOUSE - حي القيروان,الشمال,قطاع,قطاع الشمال,True,False,لا يوجد,,0,,,False,none,,0,False
Data 2025.xlsx,11109,2025-12-13,2025-12,2025-W50,4,5,ca-0179-r01,ca-0179-R01,ميني شوكليت كيك,الكعك ومنتجات المخابز الجاهزة للاكل بدون تسخين (Cakes and bakery products ready to eat ),Cakes and bakery products ready to eat,الكعك ومنتجات المخابز الجاهزة للاكل بدون تسخين (Cakes and bakery products ready to eat ),sweets_bakery,BAKE HOUSE - حي القيروان,BAKE HOUSE,حي القيروان,BAKE HOUSE - حي القيروان,الشمال,قطاع,قطاع الشمال,True,False,لا يوجد,,0,,,False,none,,0,False
Data 2025.xlsx,11110,2025-12-13,2025-12,2025-W50,4,5,ca-0180-r01,ca-0180-R01,ميني ماربل كيك,الكعك ومنتجات المخابز الجاهزة للاكل بدون تسخين (Cakes and bakery products ready to eat ),Cakes and bakery products ready to eat,الكعك ومنتجات المخابز الجاهزة للاكل بدون تسخين (Cakes and bakery products ready to eat ),sweets_bakery,BAKE HOUSE - حي القيروان,BAKE HOUSE,حي القيروان,BAKE HOUSE - حي القيروان,الشمال,قطاع,قطاع الشمال,True,False,لا يوجد,,0,,,False,none,,0,False
Data 2025.xlsx,11111,2025-12-13,2025-12,2025-W50,4,5,ca-0181-r01,ca-0181-R01,ميني كيك ليمون,الكعك ومنتجات المخابز الجاهزة للاكل بدون تسخين (Cakes and bakery products ready to eat ),Cakes and bakery products ready to eat,الكعك ومنتجات المخابز الجاهزة للاكل بدون تسخين (Cakes and bakery products ready to eat ),sweets_bakery,BAKE HOUSE - حي القيروان,BAKE HOUSE,حي القيروان,BAKE HOUSE - حي القيروان,الشمال,قطاع,قطاع الشمال,True,False,لا يوجد,,0,,,False,none,,0,False
Data 2025.xlsx,11112,2025-12-13,2025-12,2025-W50,4,5,ca-0182-r01,ca-0182-R01,ميني كيك فستق,الكعك ومنتجات المخابز الجاهزة للاكل بدون تسخين (Cakes and bakery products ready to eat ),Cakes and bakery products ready to eat,الكعك ومنتجات المخابز الجاهزة للاكل بدون تسخين (Cakes and bakery products ready to eat ),sweets_bakery,BAKE HOUSE - حي القيروان,BAKE HOUSE,حي القيروان,BAKE HOUSE - حي القيروان,الشمال,قطاع,قطاع الشمال,True,False,لا يوجد,,0,,,False,none,,0,False
Data 2025.xlsx,11113,2025-12-13,2025-12,2025-W50,4,5,ca-0183-r01,ca-0183-R01,ميني كيك بندق,الكعك ومنتجات المخابز الجاهزة للاكل بدون تسخين (Cakes and bakery products ready to eat ),Cakes and bakery products ready to eat,الكعك ومنتجات المخابز الجاهزة للاكل بدون تسخين (Cakes and bakery products ready to eat ),sweets_bakery,BAKE HOUSE - حي القيروان,BAKE HOUSE,حي القيروان,BAKE HOUSE - حي القيروان,الشمال,قطاع,قطاع الشمال,True,False,لا يوجد,,0,,,False,none,,0,False
Data 2025.xlsx,11114,2025-12-13,2025-12,2025-W50,4,5,cho-0121-r01,cho-0121-R01,صوص برالين,الشوكولاته (Chocolate),Chocolate,الشوكولاته (Chocolate),sweets_bakery,BAKE HOUSE - حي القيروان,BAKE HOUSE,حي القيروان,BAKE HOUSE - حي القيروان,الشمال,قطاع,قطاع الشمال,True,False,لا يوجد,,0,,,False,none,,0,False
Data 2025.xlsx,11143,2025-12-13,2025-12,2025-W50,4,5,cho-0122-r01,cho-0122-R01,صوص شوكليت,الشوكولاته (Chocolate),Chocolate,الشوكولاته (Chocolate),sweets_bakery,هرفي - حي القيروان,هرفي,حي القيروان,هرفي - حي القيروان,الشمال,بلدية,بلدية الشمال,True,False,لا يوجد,,0,,,False,none,,3,True
Data 2025.xlsx,11100,2025-12-13,2025-12,2025-W50,4,5,cu-0020-r01,Cu-0020-R01,ديك رومي,اللحوم المملحة و/أو المدخنة (Cured and /or smoked meat),Cured and /or smoked meat,اللحوم المملحة و/أو المدخنة (Cured and /or smoked meat),cooked_meat_poultry,BAKE HOUSE - حي القيروان,BAKE HOUSE,حي القيروان,BAKE HOUSE - حي القيروان,الشمال,قطاع,قطاع الشمال,True,False,لا يوجد,,0,,,False,none,,0,False
Data 2025.xlsx,11101,2025-12-13,2025-12,2025-W50,4,5,cu-0021-r01,Cu-0021-R01,مرتديلا لحم بقري,اللحوم المملحة و/أو المدخنة (Cured and /or smoked meat),Cured and /or smoked meat,اللحوم المملحة و/أو المدخنة (Cured and /or smoked meat),cooked_meat_poultry,BAKE HOUSE - حي القيروان,BAKE HOUSE,حي القيروان,BAKE HOUSE - حي القيروان,الشمال,قطاع,قطاع الشمال,True,False,لا يوجد,,0,,,False,none,,0,False
Data 2025.xlsx,11153,2025-12-13,2025-12,2025-W50,4,5,eggs-0116-r01,eggs-0116-R01,بيض مسلوق,البيض ومنتجاته ( eggs and products),eggs and products,البيض ومنتجاته ( eggs and products),dairy,فلافل انهار عرفات - حي القيروان,فلافل انهار عرفات,حي القيروان,فلافل انهار عرفات - حي القيروان,الشمال,بلدية,بلدية الشمال,False,True,انتيروباكتريسي,انتيروباكتريسي,1,,انتيروباكتريسي,False,indicator_only,,3,True
Data 2025.xlsx,11161,2025-12-13,2025-12,2025-W50,4,5,fal-0008-r01,fal-0008-R01,فلافل,"فلافل، بهاجي Falafel ,Bhaji","Falafel ,Bhaji","فلافل، بهاجي Falafel ,Bhaji",sweets_bakery,فلافل انهار عرفات - حي القيروان,فلافل انهار عرفات,حي القيروان,فلافل انهار عرفات - حي القيروان,الشمال,بلدية,بلدية الشمال,True,False,لا يوجد,,0,,,False,none,,5,True
Data 2025.xlsx,11119,2025-12-13,2025-12,2025-W50,4,5,fl-0099-r01,fl-0099-R01,نكهة ليمون,شراب بنكهة و مركزاتها ( flavoured drink & its concentrates ),flavoured drink & its concentrates,شراب بنكهة و مركزاتها ( flavoured drink & its concentrates ),sauce_condiment,BAKE HOUSE - حي القيروان,BAKE HOUSE,حي القيروان,BAKE HOUSE - حي القيروان,الشمال,قطاع,قطاع الشمال,True,False,لا يوجد,,0,,,False,none,,0,False
Data 2025.xlsx,11120,2025-12-13,2025-12,2025-W50,4,5,fl-0100-r01,fl-0100-R01,نكهة نعناع,شراب بنكهة و مركزاتها ( flavoured drink & its concentrates ),flavoured drink & its concentrates,شراب بنكهة و مركزاتها ( flavoured drink & its concentrates ),sauce_condiment,BAKE HOUSE - حي القيروان,BAKE HOUSE,حي القيروان,BAKE HOUSE - حي القيروان,الشمال,قطاع,قطاع الشمال,True,False,لا يوجد,,0,,,False,none,,0,False
Data 2025.xlsx,11102,2025-12-13,2025-12,2025-W50,4,5,fr-0171-r01,fr-0171-R01,قطع افوكادو,فواكه و خضروات طازجة (Fresh fruits and vegetables ),Fresh fruits and vegetables,فواكه و خضروات طازجة (Fresh fruits and vegetables ),produce,BAKE HOUSE - حي القيروان,BAKE HOUSE,حي القيروان,BAKE HOUSE - حي القيروان,الشمال,قطاع,قطاع الشمال,True,False,لا يوجد,,0,,,False,none,,0,False
Data 2025.xlsx,11103,2025-12-13,2025-12,2025-W50,4,5,fr-0172-r01,fr-0172-R01,خس,فواكه و خضروات طازجة (Fresh fruits and vegetables ),Fresh fruits and vegetables,فواكه و خضروات طازجة (Fresh fruits and vegetables ),produce,BAKE HOUSE - حي القيروان,BAKE HOUSE,حي القيروان,BAKE HOUSE - حي القيروان,الشمال,قطاع,قطاع الشمال,True,False,لا يوجد,,0,,,False,none,,0,False
Data 2025.xlsx,11129,2025-12-13,2025-12,2025-W50,4,5,fr-0173-r01,fr-0173-R01,شرائح بصل ابيض,فواكه و خضروات طازجة (Fresh fruits and vegetables ),Fresh fruits and vegetables,فواكه و خضروات طازجة (Fresh fruits and vegetables ),produce,هرفي - حي القيروان,هرفي,حي القيروان,هرفي - حي القيروان,الشمال,بلدية,بلدية الشمال,True,False,لا يوجد,,0,,,False,none,,0,False
Data 2025.xlsx,11131,2025-12-13,2025-12,2025-W50,4,5,fr-0174-r01,fr-0174-R01,خس,فواكه و خضروات طازجة (Fresh fruits and vegetables ),Fresh fruits and vegetables,فواكه و خضروات طازجة (Fresh fruits and vegetables ),produce,هرفي - حي القيروان,هرفي,حي القيروان,هرفي - حي القيروان,الشمال,بلدية,بلدية الشمال,True,False,لا يوجد,,0,,,False,none,,0,False
Data 2025.xlsx,11132,2025-12-13,2025-12,2025-W50,4,5,fr-0175-r01,fr-0175-R01,شرائح طماطم,فواكه و خضروات طازجة (Fresh fruits and vegetables ),Fresh fruits and vegetables,فواكه و خضروات طازجة (Fresh fruits and vegetables ),produce,هرفي - حي القيروان,هرفي,حي القيروان,هرفي - حي القيروان,الشمال,بلدية,بلدية الشمال,True,False,لا يوجد,,0,,,False,none,,0,False
Data 2025.xlsx,11149,2025-12-13,2025-12,2025-W50,4,5,fr-0176-r01,fr-0176-R01,قطع خس,فواكه و خضروات طازجة (Fresh fruits and vegetables ),Fresh fruits and vegetables,فواكه و خضروات طازجة (Fresh fruits and vegetables ),produce,فلافل انهار عرفات - حي القيروان,فلافل انهار عرفات,حي القيروان,فلافل انهار عرفات - حي القيروان,الشمال,بلدية,بلدية الشمال,False,True,استافيلوكوكس اورياس,استافيلوكوكس اورياس,1,استافيلوكوكس اورياس,,True,pathogen,,2,True
Data 2025.xlsx,11151,2025-12-13,2025-12,2025-W50,4,5,fr-0177-r01,fr-0177-R01,قطع بقدونس,فواكه و خضروات طازجة (Fresh fruits and vegetables ),Fresh fruits and vegetables,فواكه و خضروات طازجة (Fresh fruits and vegetables ),produce,فلافل انهار عرفات - حي القيروان,فلافل انهار عرفات,حي القيروان,فلافل انهار عرفات - حي القيروان,الشمال,بلدية,بلدية الشمال,True,False,لا يوجد,,0,,,False,none,,2,True
Data 2025.xlsx,11152,2025-12-13,2025-12,2025-W50,4,5,fr-0178-r01,fr-0178-R01,شرائح طماطم,فواكه و خضروات طازجة (Fresh fruits and vegetables ),Fresh fruits and vegetables,فواكه و خضروات طازجة (Fresh fruits and vegetables ),produce,فلافل انهار عرفات - حي القيروان,فلافل انهار عرفات,حي القيروان,فلافل انهار عرفات - حي القيروان,الشمال,بلدية,بلدية الشمال,True,False,لا يوجد,,0,,,False,none,,2,True
Data 2025.xlsx,11160,2025-12-13,2025-12,2025-W50,4,5,gcv-0277-r01,GCV-0277-R01,بطاطس مقلي,الخضار المشوية و المطبوخة,,الخضار المشوية و المطبوخة,cooked_meat_poultry,فلافل انهار عرفات - حي القيروان,فلافل انهار عرفات,حي القيروان,فلافل انهار عرفات - حي القيروان,الشمال,بلدية,بلدية الشمال,True,False,لا يوجد,,0,,,False,none,,5,True
Data 2025.xlsx,11162,2025-12-13,2025-12,2025-W50,4,5,gcv-0278-r01,GCV-0278-R01,باذنجان مقلي,الخضار المشوية و المطبوخة,,الخضار المشوية و المطبوخة,cooked_meat_poultry,فلافل انهار عرفات - حي القيروان,فلافل انهار عرفات,حي القيروان,فلافل انهار عرفات - حي القيروان,الشمال,بلدية,بلدية الشمال,True,False,لا يوجد,,0,,,False,none,,5,True
Data 2025.xlsx,11115,2025-12-13,2025-12,2025-W50,4,5,he-0022-r01,he-0022-R01,مشروب كركدية مع توت,الأعشاب المجففة (Dried herbs ),Dried herbs,الأعشاب المجففة (Dried herbs ),produce,BAKE HOUSE - حي القيروان,BAKE HOUSE,حي القيروان,BAKE HOUSE - حي القيروان,الشمال,قطاع,قطاع الشمال,True,False,لا يوجد,,0,,,False,none,,0,False
Data 2025.xlsx,11117,2025-12-13,2025-12,2025-W50,4,5,he-0023-r01,he-0023-R01,ماشا مع فانيلا,الأعشاب المجففة (Dried herbs ),Dried herbs,الأعشاب المجففة (Dried herbs ),produce,BAKE HOUSE - حي القيروان,BAKE HOUSE,حي القيروان,BAKE HOUSE - حي القيروان,الشمال,قطاع,قطاع الشمال,True,False,لا يوجد,,0,,,False,none,,0,False
Data 2025.xlsx,11166,2025-12-13,2025-12,2025-W50,4,5,ho-0265-r01,ho-0265-R01,عسل,(Honey) عسل النحل,Honey,(Honey) عسل النحل,sweets_bakery,فلافل انهار عرفات - حي القيروان,فلافل انهار عرفات,حي القيروان,فلافل انهار عرفات - حي القيروان,الشمال,بلدية,بلدية الشمال,True,False,لا يوجد,,0,,,False,none,,5,True
Data 2025.xlsx,11118,2025-12-13,2025-12,2025-W50,4,5,jui-0601-r01,jui-0601-R01,عصير برتقال طازج,العصائر الطازجة Un-pasteurized juices (fresh),fresh,العصائر الطازجة Un-pasteurized juices (fresh),beverage,BAKE HOUSE - حي القيروان,BAKE HOUSE,حي القيروان,BAKE HOUSE - حي القيروان,الشمال,قطاع,قطاع الشمال,True,False,لا يوجد,,0,,,False,none,,0,False
Data 2025.xlsx,11116,2025-12-13,2025-12,2025-W50,4,5,milk-0062-r01,Milk-0062-R01,سبانيش,الحليب (Milk),Milk,الحليب (Milk),dairy,BAKE HOUSE - حي القيروان,BAKE HOUSE,حي القيروان,BAKE HOUSE - حي القيروان,الشمال,قطاع,قطاع الشمال,True,False,لا يوجد,,0,,,False,none,,0,False
Data 2025.xlsx,11121,2025-12-13,2025-12,2025-W50,4,5,mo-0023-r01,mo-0023-R01,صوص توت بري,"المولاس بانواعه - الدبس - كتل السكر البنية (Molasses, debs ( date syrup ), hard brown sugar )",hard brown sugar,"المولاس بانواعه - الدبس - كتل السكر البنية (Molasses, debs ( date syrup ), hard brown sugar )",dairy,BAKE HOUSE - حي القيروان,BAKE HOUSE,حي القيروان,BAKE HOUSE - حي القيروان,الشمال,قطاع,قطاع الشمال,True,False,لا يوجد,,0,,,False,none,,0,False
Data 2025.xlsx,11122,2025-12-13,2025-12,2025-W50,4,5,mo-0024-r01,mo-0024-R01,صوص باشن فروت,"المولاس بانواعه - الدبس - كتل السكر البنية (Molasses, debs ( date syrup ), hard brown sugar )",hard brown sugar,"المولاس بانواعه - الدبس - كتل السكر البنية (Molasses, debs ( date syrup ), hard brown sugar )",dairy,BAKE HOUSE - حي القيروان,BAKE HOUSE,حي القيروان,BAKE HOUSE - حي القيروان,الشمال,قطاع,قطاع الشمال,True,False,لا يوجد,,0,,,False,none,,0,False
Data 2025.xlsx,11165,2025-12-13,2025-12,2025-W50,4,5,mo-0025-r01,mo-0025-R01,دبس رمان,"المولاس بانواعه - الدبس - كتل السكر البنية (Molasses, debs ( date syrup ), hard brown sugar )",hard brown sugar,"المولاس بانواعه - الدبس - كتل السكر البنية (Molasses, debs ( date syrup ), hard brown sugar )",dairy,فلافل انهار عرفات - حي القيروان,فلافل انهار عرفات,حي القيروان,فلافل انهار عرفات - حي القيروان,الشمال,بلدية,بلدية الشمال,True,False,لا يوجد,,0,,,False,none,,5,True
Data 2025.xlsx,11097,2025-12-13,2025-12,2025-W50,4,5,mt-0100-r01,MT-0100-R01,لحم مقدد,اللحوم المطبوخة (Cooked meat),Cooked meat,(Cooked meat )لحوم مطبوخة,cooked_meat_poultry,BAKE HOUSE - حي القيروان,BAKE HOUSE,حي القيروان,BAKE HOUSE - حي القيروان,الشمال,قطاع,قطاع الشمال,True,False,لا يوجد,,0,,,False,none,category_merged_to_canonical,0,False
Data 2025.xlsx,11128,2025-12-13,2025-12,2025-W50,4,5,pi-0152-r01,pi-0152-R01,هلابينو,مخلل الخضروات /الفواكه (Pickled/fermented vegetable / fruits),Pickled/fermented vegetable / fruits,مخلل الخضروات /الفواكه (Pickled/fermented vegetable / fruits),dairy,هرفي - حي القيروان,هرفي,حي القيروان,هرفي - حي القيروان,الشمال,بلدية,بلدية الشمال,True,False,لا يوجد,,0,,,False,none,,0,False
Data 2025.xlsx,11130,2025-12-13,2025-12,2025-W50,4,5,pi-0153-r01,pi-0153-R01,مخلل خيار,مخلل الخضروات /الفواكه (Pickled/fermented vegetable / fruits),Pickled/fermented vegetable / fruits,مخلل الخضروات /الفواكه (Pickled/fermented vegetable / fruits),dairy,هرفي - حي القيروان,هرفي,حي القيروان,هرفي - حي القيروان,الشمال,بلدية,بلدية الشمال,True,False,لا يوجد,,0,,,False,none,,0,False
Data 2025.xlsx,11154,2025-12-13,2025-12,2025-W50,4,5,pi-0154-r01,pi-0154-R01,مخلل لفت,مخلل الخضروات /الفواكه (Pickled/fermented vegetable / fruits),Pickled/fermented vegetable / fruits,مخلل الخضروات /الفواكه (Pickled/fermented vegetable / fruits),dairy,فلافل انهار عرفات - حي القيروان,فلافل انهار عرفات,حي القيروان,فلافل انهار عرفات - حي القيروان,الشمال,بلدية,بلدية الشمال,True,False,لا يوجد,,0,,,False,none,,3,True
Data 2025.xlsx,11155,2025-12-13,2025-12,2025-W50,4,5,pi-0155-r01,pi-0155-R01,مخلل خيار,مخلل الخضروات /الفواكه (Pickled/fermented vegetable / fruits),Pickled/fermented vegetable / fruits,مخلل الخضروات /الفواكه (Pickled/fermented vegetable / fruits),dairy,فلافل انهار عرفات - حي القيروان,فلافل انهار عرفات,حي القيروان,فلافل انهار عرفات - حي القيروان,الشمال,بلدية,بلدية الشمال,True,False,لا يوجد,,0,,,False,none,,3,True
Data 2025.xlsx,11096,2025-12-13,2025-12,2025-W50,4,5,sa-0975-r01,sa-0975-R01,سلطة تونة,اطعمة جاهزة للأكل Ready to eat meals,Ready to eat meals,اطعمة جاهزة للأكل Ready to eat meals,prepared_meal,BAKE HOUSE - حي القيروان,BAKE HOUSE,حي القيروان,BAKE HOUSE - حي القيروان,الشمال,قطاع,قطاع الشمال,True,False,لا يوجد,,0,,,False,none,,0,False
Data 2025.xlsx,11150,2025-12-13,2025-12,2025-W50,4,5,sa-0976-r01,sa-0976-R01,سلطة ملفوف مع بقدونس,اطعمة جاهزة للأكل Ready to eat meals,Ready to eat meals,اطعمة جاهزة للأكل Ready to eat meals,prepared_meal,فلافل انهار عرفات - حي القيروان,فلافل انهار عرفات,حي القيروان,فلافل انهار عرفات - حي القيروان,الشمال,بلدية,بلدية الشمال,True,False,لا يوجد,,0,,,False,none,,2,True
Data 2025.xlsx,11157,2025-12-13,2025-12,2025-W50,4,5,sa-0977-r01,sa-0977-R01,صوص طحينة,طحينة,,طحينة,sauce_condiment,فلافل انهار عرفات - حي القيروان,فلافل انهار عرفات,حي القيروان,فلافل انهار عرفات - حي القيروان,الشمال,بلدية,بلدية الشمال,False,True,استافيلوكوكس اورياس | ايشيريشيا كولاي,استافيلوكوكس اورياس | ايشيريشيا كولاي,2,استافيلوكوكس اورياس | ايشيريشيا كولاي,,True,multi_pathogen,,4,True
Data 2025.xlsx,11104,2025-12-13,2025-12,2025-W50,4,5,sau-2776-r01,sau-2776-R01,صوص هني ماستر,صوص (sauce),sauce,صوص (sauce),sauce_condiment,BAKE HOUSE - حي القيروان,BAKE HOUSE,حي القيروان,BAKE HOUSE - حي القيروان,الشمال,قطاع,قطاع الشمال,True,False,لا يوجد,,0,,,False,none,,0,False
Data 2025.xlsx,11105,2025-12-13,2025-12,2025-W50,4,5,sau-2777-r01,sau-2777-R01,صوص مايونيز,صوص (sauce),sauce,صوص (sauce),sauce_condiment,BAKE HOUSE - حي القيروان,BAKE HOUSE,حي القيروان,BAKE HOUSE - حي القيروان,الشمال,قطاع,قطاع الشمال,True,False,لا يوجد,,0,,,False,none,,0,False
Data 2025.xlsx,11133,2025-12-13,2025-12,2025-W50,4,5,sau-2778-r01,sau-2778-R01,صوص مايونيز,صوص (sauce),sauce,صوص (sauce),sauce_condiment,هرفي - حي القيروان,هرفي,حي القيروان,هرفي - حي القيروان,الشمال,بلدية,بلدية الشمال,True,False,لا يوجد,,0,,,False,none,,0,False
Data 2025.xlsx,11134,2025-12-13,2025-12,2025-W50,4,5,sau-2779-r01,sau-2779-R01,صوص ديناميت,صوص (sauce),sauce,صوص (sauce),sauce_condiment,هرفي - حي القيروان,هرفي,حي القيروان,هرفي - حي القيروان,الشمال,بلدية,بلدية الشمال,True,False,لا يوجد,,0,,,False,none,,0,False
Data 2025.xlsx,11135,2025-12-13,2025-12,2025-W50,4,5,sau-2780-r01,sau-2780-R01,صوص سبايسي مايو,صوص (sauce),sauce,صوص (sauce),sauce_condiment,هرفي - حي القيروان,هرفي,حي القيروان,هرفي - حي القيروان,الشمال,بلدية,بلدية الشمال,False,True,العد الكلي للبكتيريا,العد الكلي للبكتيريا,1,,العد الكلي للبكتيريا,False,indicator_only,,1,False
Data 2025.xlsx,11136,2025-12-13,2025-12,2025-W50,4,5,sau-2781-r01,sau-2781-R01,صوص تورتيلا,صوص (sauce),sauce,صوص (sauce),sauce_condiment,هرفي - حي القيروان,هرفي,حي القيروان,هرفي - حي القيروان,الشمال,بلدية,بلدية الشمال,False,True,العد الكلي للبكتيريا,العد الكلي للبكتيريا,1,,العد الكلي للبكتيريا,False,indicator_only,,2,True
Data 2025.xlsx,11137,2025-12-13,2025-12,2025-W50,4,5,sau-2782-r01,sau-2782-R01,صوص بلو مايونيز,صوص (sauce),sauce,صوص (sauce),sauce_condiment,هرفي - حي القيروان,هرفي,حي القيروان,هرفي - حي القيروان,الشمال,بلدية,بلدية الشمال,True,False,لا يوجد,,0,,,False,none,,2,True
Data 2025.xlsx,11138,2025-12-13,2025-12,2025-W50,4,5,sau-2783-r01,sau-2783-R01,صوص دبل هرفي,صوص (sauce),sauce,صوص (sauce),sauce_condiment,هرفي - حي القيروان,هرفي,حي القيروان,هرفي - حي القيروان,الشمال,بلدية,بلدية الشمال,True,False,لا يوجد,,0,,,False,none,,2,True
Data 2025.xlsx,11139,2025-12-13,2025-12,2025-W50,4,5,sau-2784-r01,sau-2784-R01,صوص تارتار,صوص (sauce),sauce,صوص (sauce),sauce_condiment,هرفي - حي القيروان,هرفي,حي القيروان,هرفي - حي القيروان,الشمال,بلدية,بلدية الشمال,True,False,لا يوجد,,0,,,False,none,,2,True
Data 2025.xlsx,11140,2025-12-13,2025-12,2025-W50,4,5,sau-2785-r01,sau-2785-R01,صوص باربكيو,صوص (sauce),sauce,صوص (sauce),sauce_condiment,هرفي - حي القيروان,هرفي,حي القيروان,هرفي - حي القيروان,الشمال,بلدية,بلدية الشمال,False,True,العد الكلي للبكتيريا,العد الكلي للبكتيريا,1,,العد الكلي للبكتيريا,False,indicator_only,,3,True
Data 2025.xlsx,11141,2025-12-13,2025-12,2025-W50,4,5,sau-2786-r01,sau-2786-R01,صوص جريل,صوص (sauce),sauce,صوص (sauce),sauce_condiment,هرفي - حي القيروان,هرفي,حي القيروان,هرفي - حي القيروان,الشمال,بلدية,بلدية الشمال,True,False,لا يوجد,,0,,,False,none,,3,True
Data 2025.xlsx,11146,2025-12-13,2025-12,2025-W50,4,5,sau-2787-r01,sau-2787-R01,صوص قرين,صوص (sauce),sauce,صوص (sauce),sauce_condiment,هرفي - حي القيروان,هرفي,حي القيروان,هرفي - حي القيروان,الشمال,بلدية,بلدية الشمال,True,False,لا يوجد,,0,,,False,none,,3,True
Data 2025.xlsx,11158,2025-12-13,2025-12,2025-W50,4,5,sau-2788-r01,sau-2788-R01,شطة رنا,صوص (sauce),sauce,صوص (sauce),sauce_condiment,فلافل انهار عرفات - حي القيروان,فلافل انهار عرفات,حي القيروان,فلافل انهار عرفات - حي القيروان,الشمال,بلدية,بلدية الشمال,True,False,لا يوجد,,0,,,False,none,,4,True
Data 2025.xlsx,11159,2025-12-13,2025-12,2025-W50,4,5,sau-2789-r01,sau-2789-R01,شطة شامية,صوص (sauce),sauce,صوص (sauce),sauce_condiment,فلافل انهار عرفات - حي القيروان,فلافل انهار عرفات,حي القيروان,فلافل انهار عرفات - حي القيروان,الشمال,بلدية,بلدية الشمال,False,True,العد الكلي للبكتيريا,العد الكلي للبكتيريا,1,,العد الكلي للبكتيريا,False,indicator_only,,5,True
Data 2025.xlsx,11163,2025-12-13,2025-12,2025-W50,4,5,sau-2790-r01,sau-2790-R01,صوص باربكيو,صوص (sauce),sauce,صوص (sauce),sauce_condiment,فلافل انهار عرفات - حي القيروان,فلافل انهار عرفات,حي القيروان,فلافل انهار عرفات - حي القيروان,الشمال,بلدية,بلدية الشمال,True,False,لا يوجد,,0,,,False,none,,5,True
Data 2025.xlsx,11164,2025-12-13,2025-12,2025-W50,4,5,sau-2791-r01,sau-2791-R01,صوص رانش,صوص (sauce),sauce,صوص (sauce),sauce_condiment,فلافل انهار عرفات - حي القيروان,فلافل انهار عرفات,حي القيروان,فلافل انهار عرفات - حي القيروان,الشمال,بلدية,بلدية الشمال,True,False,لا يوجد,,0,,,False,none,,5,True
Data 2025.xlsx,11099,2025-12-13,2025-12,2025-W50,4,5,so-0046-r01,SO-0046-R01,جبنة بوراتا,(Soft Cheese) جبن طري / جبن سائل,Soft Cheese,(Soft Cheese) جبن طري / جبن سائل,dairy,BAKE HOUSE - حي القيروان,BAKE HOUSE,حي القيروان,BAKE HOUSE - حي القيروان,الشمال,قطاع,قطاع الشمال,True,False,لا يوجد,,0,,,False,none,,0,False
Data 2025.xlsx,11127,2025-12-13,2025-12,2025-W50,4,5,so-0047-r01,SO-0047-R01,شريحة جبن شيدر,(Soft Cheese) جبن طري / جبن سائل,Soft Cheese,(Soft Cheese) جبن طري / جبن سائل,dairy,هرفي - حي القيروان,هرفي,حي القيروان,هرفي - حي القيروان,الشمال,بلدية,بلدية الشمال,True,False,لا يوجد,,0,,,False,none,,0,False
Data 2025.xlsx,11123,2025-12-13,2025-12,2025-W50,4,5,sw-3837-r01,sw-3837-R01,مسحة صانعة ثلج,(Swabs) المسحات,Swabs,(Swabs) المسحات,swab,BAKE HOUSE - حي القيروان,BAKE HOUSE,حي القيروان,BAKE HOUSE - حي القيروان,الشمال,قطاع,قطاع الشمال,False,True,العد الكلي للبكتيريا,العد الكلي للبكتيريا,1,,العد الكلي للبكتيريا,False,indicator_only,,1,False
Data 2025.xlsx,11124,2025-12-13,2025-12,2025-W50,4,5,sw-3838-r01,sw-3838-R01,مسحة حافظة كرواسون,(Swabs) المسحات,Swabs,(Swabs) المسحات,swab,BAKE HOUSE - حي القيروان,BAKE HOUSE,حي القيروان,BAKE HOUSE - حي القيروان,الشمال,قطاع,قطاع الشمال,True,False,لا يوجد,,0,,,False,none,,1,False
Data 2025.xlsx,11125,2025-12-13,2025-12,2025-W50,4,5,sw-3839-r01,sw-3839-R01,مسحة ثلاجة اعداد,(Swabs) المسحات,Swabs,(Swabs) المسحات,swab,BAKE HOUSE - حي القيروان,BAKE HOUSE,حي القيروان,BAKE HOUSE - حي القيروان,الشمال,قطاع,قطاع الشمال,True,False,لا يوجد,,0,,,False,none,,1,False
Data 2025.xlsx,11126,2025-12-13,2025-12,2025-W50,4,5,sw-3840-r01,sw-3840-R01,مسحة طاولة تقطيع خبز,(Swabs) المسحات,Swabs,(Swabs) المسحات,swab,BAKE HOUSE - حي القيروان,BAKE HOUSE,حي القيروان,BAKE HOUSE - حي القيروان,الشمال,قطاع,قطاع الشمال,True,False,لا يوجد,,0,,,False,none,,1,False
Data 2025.xlsx,11144,2025-12-13,2025-12,2025-W50,4,5,sw-3841-r01,sw-3841-R01,مسحة صانعة ثلج,(Swabs) المسحات,Swabs,(Swabs) المسحات,swab,هرفي - حي القيروان,هرفي,حي القيروان,هرفي - حي القيروان,الشمال,بلدية,بلدية الشمال,True,False,لا يوجد,,0,,,False,none,,3,True
Data 2025.xlsx,11145,2025-12-13,2025-12,2025-W50,4,5,sw-3842-r01,sw-3842-R01,مسحة حافظة بطاطس,(Swabs) المسحات,Swabs,(Swabs) المسحات,swab,هرفي - حي القيروان,هرفي,حي القيروان,هرفي - حي القيروان,الشمال,بلدية,بلدية الشمال,True,False,لا يوجد,,0,,,False,none,,3,True
Data 2025.xlsx,11098,2025-12-13,2025-12,2025-W50,4,5,to-0023-r01,to-0023-R01,شرائح طماطم,الطماطم (Tomatoes),Tomatoes,الطماطم (Tomatoes),produce,BAKE HOUSE - حي القيروان,BAKE HOUSE,حي القيروان,BAKE HOUSE - حي القيروان,الشمال,قطاع,قطاع الشمال,True,False,لا يوجد,,0,,,False,none,,0,False
Data 2025.xlsx,11142,2025-12-13,2025-12,2025-W50,4,5,to-0024-r01,to-0024-R01,صوص كاتشب,جميع أنواع منتجات الطماطم المعلبة (All kinds of canned tomato products),All kinds of canned tomato products,جميع أنواع منتجات الطماطم المعلبة (All kinds of canned tomato products),produce,هرفي - حي القيروان,هرفي,حي القيروان,هرفي - حي القيروان,الشمال,بلدية,بلدية الشمال,True,False,لا يوجد,,0,,,False,none,,3,True
Data 2025.xlsx,11156,2025-12-13,2025-12,2025-W50,4,5,to-0025-r01,to-0025-R01,صوص كاتشب,جميع أنواع منتجات الطماطم المعلبة (All kinds of canned tomato products),All kinds of canned tomato products,جميع أنواع منتجات الطماطم المعلبة (All kinds of canned tomato products),produce,فلافل انهار عرفات - حي القيروان,فلافل انهار عرفات,حي القيروان,فلافل انهار عرفات - حي القيروان,الشمال,بلدية,بلدية الشمال,True,False,لا يوجد,,0,,,False,none,,3,True
Data 2025.xlsx,11147,2025-12-13,2025-12,2025-W50,4,5,ubot-1185-r01,Ubot-1185-R01,مياه فلتر لغسيل الادوات,المياه الغير معبأة (Unbottled water),Unbottled water,المياه الغير المعبأة (Unbottled water),water,هرفي - حي القيروان,هرفي,حي القيروان,هرفي - حي القيروان,الشمال,بلدية,بلدية الشمال,True,False,لا يوجد,,0,,,False,none,category_merged_to_canonical,3,True
Data 2025.xlsx,11198,2025-12-14,2025-12,2025-W50,4,6,1-3822-R01,1-3822-R01,فطيرة عش البلبل,(Pie) فطيرة,Pie,(Pie) فطيرة,sweets_bakery,اسواق فودز للمواد الغذائية - الملقا,اسواق فودز للمواد الغذائية,الملقا,اسواق فودز للمواد الغذائية - الملقا,الشمال,قطاع,قطاع الشمال,True,False,لا يوجد,,0,,,False,none,,11,True
Data 2025.xlsx,11201,2025-12-14,2025-12,2025-W50,4,6,1-3823-R01,1-3823-R01,فطيرة مشللت قشطة,(Pie) فطيرة,Pie,(Pie) فطيرة,sweets_bakery,اسواق فودز للمواد الغذائية - الملقا,اسواق فودز للمواد الغذائية,الملقا,اسواق فودز للمواد الغذائية - الملقا,الشمال,قطاع,قطاع الشمال,True,False,لا يوجد,,0,,,False,none,,11,True
Data 2025.xlsx,11202,2025-12-14,2025-12,2025-W50,4,6,1-3824-R01,1-3824-R01,فطيرة مشللت لبنة عسل,(Pie) فطيرة,Pie,(Pie) فطيرة,sweets_bakery,اسواق فودز للمواد الغذائية - الملقا,اسواق فودز للمواد الغذائية,الملقا,اسواق فودز للمواد الغذائية - الملقا,الشمال,قطاع,قطاع الشمال,True,False,لا يوجد,,0,,,False,none,,11,True
Data 2025.xlsx,11197,2025-12-14,2025-12,2025-W50,4,6,appe-0664-r01,Appe-0664-R01,حمص,مقبلات (Appetizers),Appetizers,مقبلات (Appetizers),prepared_meal,اسواق فودز للمواد الغذائية - الملقا,اسواق فودز للمواد الغذائية,الملقا,اسواق فودز للمواد الغذائية - الملقا,الشمال,قطاع,قطاع الشمال,True,False,لا يوجد,,0,,,False,none,,11,True
Data 2025.xlsx,11199,2025-12-14,2025-12,2025-W50,4,6,ca-0184-r01,ca-0184-R01,كروسان لبنة عسل,الكعك ومنتجات المخابز الجاهزة للاكل بدون تسخين (Cakes and bakery products ready to eat ),Cakes and bakery products ready to eat,الكعك ومنتجات المخابز الجاهزة للاكل بدون تسخين (Cakes and bakery products ready to eat ),sweets_bakery,اسواق فودز للمواد الغذائية - الملقا,اسواق فودز للمواد الغذائية,الملقا,اسواق فودز للمواد الغذائية - الملقا,الشمال,قطاع,قطاع الشمال,True,False,لا يوجد,,0,,,False,none,,11,True
Data 2025.xlsx,11200,2025-12-14,2025-12,2025-W50,4,6,ca-0185-r01,ca-0185-R01,كروسان جبنة مالحة,الكعك ومنتجات المخابز الجاهزة للاكل بدون تسخين (Cakes and bakery products ready to eat ),Cakes and bakery products ready to eat,الكعك ومنتجات المخابز الجاهزة للاكل بدون تسخين (Cakes and bakery products ready to eat ),sweets_bakery,اسواق فودز للمواد الغذائية - الملقا,اسواق فودز للمواد الغذائية,الملقا,اسواق فودز للمواد الغذائية - الملقا,الشمال,قطاع,قطاع الشمال,True,False,لا يوجد,,0,,,False,none,,11,True
Data 2025.xlsx,11211,2025-12-14,2025-12,2025-W50,4,6,ca-0186-r01,ca-0186-R01,براوني بلسوميسي,الكعك ومنتجات المخابز الجاهزة للاكل بدون تسخين (Cakes and bakery products ready to eat ),Cakes and bakery products ready to eat,الكعك ومنتجات المخابز الجاهزة للاكل بدون تسخين (Cakes and bakery products ready to eat ),sweets_bakery,اوت اوف لاين - حي الملقا,اوت اوف لاين,حي الملقا,اوت اوف لاين - حي الملقا,الشمال,بلدية,بلدية الشمال,True,False,لا يوجد,,0,,,False,none,,0,False
Data 2025.xlsx,11182,2025-12-14,2025-12,2025-W50,4,6,fermintedmilk-0033-r01,Fermintedmilk-0033-R01,كرات لبنة,"Fermented milk products , منتجات الحليب المخمرة",Fermented milk products,"Fermented milk products , منتجات الحليب المخمرة",dairy,اسواق فودز للمواد الغذائية - الملقا,اسواق فودز للمواد الغذائية,الملقا,اسواق فودز للمواد الغذائية - الملقا,الشمال,قطاع,قطاع الشمال,False,True,الخمائر والاعفان,الخمائر والاعفان,1,,الخمائر والاعفان,False,indicator_only,,6,True
Data 2025.xlsx,11186,2025-12-14,2025-12,2025-W50,4,6,fermintedmilk-0034-r01,Fermintedmilk-0034-R01,لبنة بيتزا,"Fermented milk products , منتجات الحليب المخمرة",Fermented milk products,"Fermented milk products , منتجات الحليب المخمرة",dairy,اسواق فودز للمواد الغذائية - الملقا,اسواق فودز للمواد الغذائية,الملقا,اسواق فودز للمواد الغذائية - الملقا,الشمال,قطاع,قطاع الشمال,True,False,لا يوجد,,0,,,False,none,,8,True
Data 2025.xlsx,11187,2025-12-14,2025-12,2025-W50,4,6,fermintedmilk-0035-r01,Fermintedmilk-0035-R01,لبنة شامية,"Fermented milk products , منتجات الحليب المخمرة",Fermented milk products,"Fermented milk products , منتجات الحليب المخمرة",dairy,اسواق فودز للمواد الغذائية - الملقا,اسواق فودز للمواد الغذائية,الملقا,اسواق فودز للمواد الغذائية - الملقا,الشمال,قطاع,قطاع الشمال,True,False,لا يوجد,,0,,,False,none,,8,True
Data 2025.xlsx,11188,2025-12-14,2025-12,2025-W50,4,6,fermintedmilk-0036-r01,Fermintedmilk-0036-R01,لبنة مدخنة,"Fermented milk products , منتجات الحليب المخمرة",Fermented milk products,"Fermented milk products , منتجات الحليب المخمرة",dairy,اسواق فودز للمواد الغذائية - الملقا,اسواق فودز للمواد الغذائية,الملقا,اسواق فودز للمواد الغذائية - الملقا,الشمال,قطاع,قطاع الشمال,False,True,الخمائر والاعفان,الخمائر والاعفان,1,,الخمائر والاعفان,False,indicator_only,,9,True
Data 2025.xlsx,11189,2025-12-14,2025-12,2025-W50,4,6,fermintedmilk-0037-r01,Fermintedmilk-0037-R01,لبنة تركية,"Fermented milk products , منتجات الحليب المخمرة",Fermented milk products,"Fermented milk products , منتجات الحليب المخمرة",dairy,اسواق فودز للمواد الغذائية - الملقا,اسواق فودز للمواد الغذائية,الملقا,اسواق فودز للمواد الغذائية - الملقا,الشمال,قطاع,قطاع الشمال,False,True,الخمائر والاعفان,الخمائر والاعفان,1,,الخمائر والاعفان,False,indicator_only,,10,True
Data 2025.xlsx,11191,2025-12-14,2025-12,2025-W50,4,6,flswe-0088-r01,FlSwe-0088-R01,حلاوة طحينة,حلاوة طحينة( Flour Sweetness),Flour Sweetness,حلاوة طحينة( Flour Sweetness),sauce_condiment,اسواق فودز للمواد الغذائية - الملقا,اسواق فودز للمواد الغذائية,الملقا,اسواق فودز للمواد الغذائية - الملقا,الشمال,قطاع,قطاع الشمال,True,False,لا يوجد,,0,,,False,none,,10,True
Data 2025.xlsx,11169,2025-12-14,2025-12,2025-W50,4,6,gcv-0279-r01,GCV-0279-R01,ملفوف محشي,الخضار المشوية و المطبوخة,,الخضار المشوية و المطبوخة,cooked_meat_poultry,اسواق فودز للمواد الغذائية - الملقا,اسواق فودز للمواد الغذائية,الملقا,اسواق فودز للمواد الغذائية - الملقا,الشمال,قطاع,قطاع الشمال,True,False,لا يوجد,,0,,,False,none,,0,False
Data 2025.xlsx,11167,2025-12-14,2025-12,2025-W50,4,6,gr-0222-r01,gr-0222-R01,ورق عنب سبايسي,ورق عنب (Grape leaves),Grape leaves,ورق عنب (Grape leaves),produce,اسواق فودز للمواد الغذائية - الملقا,اسواق فودز للمواد الغذائية,الملقا,اسواق فودز للمواد الغذائية - الملقا,الشمال,قطاع,قطاع الشمال,True,False,لا يوجد,,0,,,False,none,,0,False
Data 2025.xlsx,11168,2025-12-14,2025-12,2025-W50,4,6,gr-0223-r01,gr-0223-R01,ورق عنب,ورق عنب (Grape leaves),Grape leaves,ورق عنب (Grape leaves),produce,اسواق فودز للمواد الغذائية - الملقا,اسواق فودز للمواد الغذائية,الملقا,اسواق فودز للمواد الغذائية - الملقا,الشمال,قطاع,قطاع الشمال,True,False,لا يوجد,,0,,,False,none,,0,False
Data 2025.xlsx,11214,2025-12-14,2025-12,2025-W50,4,6,he-0024-r01,he-0024-R01,مشروب كركدية,الأعشاب المجففة (Dried herbs ),Dried herbs,الأعشاب المجففة (Dried herbs ),produce,اوت اوف لاين - حي الملقا,اوت اوف لاين,حي الملقا,اوت اوف لاين - حي الملقا,الشمال,بلدية,بلدية الشمال,False,True,الخمائر والاعفان,الخمائر والاعفان,1,,الخمائر والاعفان,False,indicator_only,,1,False
Data 2025.xlsx,11192,2025-12-14,2025-12,2025-W50,4,6,ho-0266-r01,ho-0266-R01,عسل سدر دوعني,(Honey) عسل النحل,Honey,(Honey) عسل النحل,sweets_bakery,اسواق فودز للمواد الغذائية - الملقا,اسواق فودز للمواد الغذائية,الملقا,اسواق فودز للمواد الغذائية - الملقا,الشمال,قطاع,قطاع الشمال,True,False,لا يوجد,,0,,,False,none,,10,True
Data 2025.xlsx,11193,2025-12-14,2025-12,2025-W50,4,6,ho-0267-r01,ho-0267-R01,عسل سدر عصيمي,(Honey) عسل النحل,Honey,(Honey) عسل النحل,sweets_bakery,اسواق فودز للمواد الغذائية - الملقا,اسواق فودز للمواد الغذائية,الملقا,اسواق فودز للمواد الغذائية - الملقا,الشمال,قطاع,قطاع الشمال,True,False,لا يوجد,,0,,,False,none,,10,True
Data 2025.xlsx,11210,2025-12-14,2025-12,2025-W50,4,6,ho-0268-r01,ho-0268-R01,عسل,(Honey) عسل النحل,Honey,(Honey) عسل النحل,sweets_bakery,اوت اوف لاين - حي الملقا,اوت اوف لاين,حي الملقا,اوت اوف لاين - حي الملقا,الشمال,بلدية,بلدية الشمال,True,False,لا يوجد,,0,,,False,none,,0,False
Data 2025.xlsx,11215,2025-12-14,2025-12,2025-W50,4,6,jui-0602-r01,jui-0602-R01,عصير ليمون,العصائر الطازجة Un-pasteurized juices (fresh),fresh,العصائر الطازجة Un-pasteurized juices (fresh),beverage,اوت اوف لاين - حي الملقا,اوت اوف لاين,حي الملقا,اوت اوف لاين - حي الملقا,الشمال,بلدية,بلدية الشمال,False,True,الخمائر والاعفان,الخمائر والاعفان,1,,الخمائر والاعفان,False,indicator_only,,2,True
Data 2025.xlsx,11213,2025-12-14,2025-12,2025-W50,4,6,milk-0063-r01,Milk-0063-R01,حليب سبانيش,الحليب (Milk),Milk,الحليب (Milk),dairy,اوت اوف لاين - حي الملقا,اوت اوف لاين,حي الملقا,اوت اوف لاين - حي الملقا,الشمال,بلدية,بلدية الشمال,True,False,لا يوجد,,0,,,False,none,,0,False
Data 2025.xlsx,11207,2025-12-14,2025-12,2025-W50,4,6,mo-0026-r01,mo-0026-R01,دبس رمان,"المولاس بانواعه - الدبس - كتل السكر البنية (Molasses, debs ( date syrup ), hard brown sugar )",hard brown sugar,"المولاس بانواعه - الدبس - كتل السكر البنية (Molasses, debs ( date syrup ), hard brown sugar )",dairy,اوت اوف لاين - حي الملقا,اوت اوف لاين,حي الملقا,اوت اوف لاين - حي الملقا,الشمال,بلدية,بلدية الشمال,True,False,لا يوجد,,0,,,False,none,,0,False
Data 2025.xlsx,11212,2025-12-14,2025-12,2025-W50,4,6,mo-0027-r01,mo-0027-R01,صوص كراميل,"المولاس بانواعه - الدبس - كتل السكر البنية (Molasses, debs ( date syrup ), hard brown sugar )",hard brown sugar,"المولاس بانواعه - الدبس - كتل السكر البنية (Molasses, debs ( date syrup ), hard brown sugar )",dairy,اوت اوف لاين - حي الملقا,اوت اوف لاين,حي الملقا,اوت اوف لاين - حي الملقا,الشمال,بلدية,بلدية الشمال,True,False,لا يوجد,,0,,,False,none,,0,False
Data 2025.xlsx,11216,2025-12-14,2025-12,2025-W50,4,6,mo-0028-r01,mo-0028-R01,صوص مشكل توت,"المولاس بانواعه - الدبس - كتل السكر البنية (Molasses, debs ( date syrup ), hard brown sugar )",hard brown sugar,"المولاس بانواعه - الدبس - كتل السكر البنية (Molasses, debs ( date syrup ), hard brown sugar )",dairy,اوت اوف لاين - حي الملقا,اوت اوف لاين,حي الملقا,اوت اوف لاين - حي الملقا,الشمال,بلدية,بلدية الشمال,True,False,لا يوجد,,0,,,False,none,,2,True
Data 2025.xlsx,11170,2025-12-14,2025-12,2025-W50,4,6,pi-0156-r01,pi-0156-R01,زيتون اسود بدون نواة,مخلل الخضروات /الفواكه (Pickled/fermented vegetable / fruits),Pickled/fermented vegetable / fruits,مخلل الخضروات /الفواكه (Pickled/fermented vegetable / fruits),dairy,اسواق فودز للمواد الغذائية - الملقا,اسواق فودز للمواد الغذائية,الملقا,اسواق فودز للمواد الغذائية - الملقا,الشمال,قطاع,قطاع الشمال,False,True,الخمائر والاعفان,الخمائر والاعفان,1,,الخمائر والاعفان,False,indicator_only,,1,False
Data 2025.xlsx,11171,2025-12-14,2025-12,2025-W50,4,6,pi-0157-r01,pi-0157-R01,زيتون اخضر بدون نواة,مخلل الخضروات /الفواكه (Pickled/fermented vegetable / fruits),Pickled/fermented vegetable / fruits,مخلل الخضروات /الفواكه (Pickled/fermented vegetable / fruits),dairy,اسواق فودز للمواد الغذائية - الملقا,اسواق فودز للمواد الغذائية,الملقا,اسواق فودز للمواد الغذائية - الملقا,الشمال,قطاع,قطاع الشمال,False,True,الخمائر والاعفان,الخمائر والاعفان,1,,الخمائر والاعفان,False,indicator_only,,2,True
Data 2025.xlsx,11172,2025-12-14,2025-12,2025-W50,4,6,pi-0158-r01,pi-0158-R01,زيتون عين الجمل,مخلل الخضروات /الفواكه (Pickled/fermented vegetable / fruits),Pickled/fermented vegetable / fruits,مخلل الخضروات /الفواكه (Pickled/fermented vegetable / fruits),dairy,اسواق فودز للمواد الغذائية - الملقا,اسواق فودز للمواد الغذائية,الملقا,اسواق فودز للمواد الغذائية - الملقا,الشمال,قطاع,قطاع الشمال,False,True,الخمائر والاعفان,الخمائر والاعفان,1,,الخمائر والاعفان,False,indicator_only,,3,True
Data 2025.xlsx,11173,2025-12-14,2025-12,2025-W50,4,6,pi-0159-r01,pi-0159-R01,زيتون كالاماتا,مخلل الخضروات /الفواكه (Pickled/fermented vegetable / fruits),Pickled/fermented vegetable / fruits,مخلل الخضروات /الفواكه (Pickled/fermented vegetable / fruits),dairy,اسواق فودز للمواد الغذائية - الملقا,اسواق فودز للمواد الغذائية,الملقا,اسواق فودز للمواد الغذائية - الملقا,الشمال,قطاع,قطاع الشمال,False,True,الخمائر والاعفان,الخمائر والاعفان,1,,الخمائر والاعفان,False,indicator_only,,4,True
Data 2025.xlsx,11174,2025-12-14,2025-12,2025-W50,4,6,pi-0160-r01,pi-0160-R01,زيتون اخضر مغربي,مخلل الخضروات /الفواكه (Pickled/fermented vegetable / fruits),Pickled/fermented vegetable / fruits,مخلل الخضروات /الفواكه (Pickled/fermented vegetable / fruits),dairy,اسواق فودز للمواد الغذائية - الملقا,اسواق فودز للمواد الغذائية,الملقا,اسواق فودز للمواد الغذائية - الملقا,الشمال,قطاع,قطاع الشمال,False,True,خمائر,الخمائر والاعفان,1,,الخمائر والاعفان,False,indicator_only,,5,True
Data 2025.xlsx,11175,2025-12-14,2025-12,2025-W50,4,6,pi-0161-r01,pi-0161-R01,زيتون اخضر محشي جزر,مخلل الخضروات /الفواكه (Pickled/fermented vegetable / fruits),Pickled/fermented vegetable / fruits,مخلل الخضروات /الفواكه (Pickled/fermented vegetable / fruits),dairy,اسواق فودز للمواد الغذائية - الملقا,اسواق فودز للمواد الغذائية,الملقا,اسواق فودز للمواد الغذائية - الملقا,الشمال,قطاع,قطاع الشمال,True,False,لا يوجد,,0,,,False,none,,5,True
Data 2025.xlsx,11176,2025-12-14,2025-12,2025-W50,4,6,pi-0162-r01,pi-0162-R01,مخلل خيار صغير,مخلل الخضروات /الفواكه (Pickled/fermented vegetable / fruits),Pickled/fermented vegetable / fruits,مخلل الخضروات /الفواكه (Pickled/fermented vegetable / fruits),dairy,اسواق فودز للمواد الغذائية - الملقا,اسواق فودز للمواد الغذائية,الملقا,اسواق فودز للمواد الغذائية - الملقا,الشمال,قطاع,قطاع الشمال,True,False,لا يوجد,,0,,,False,none,,5,True
Data 2025.xlsx,11177,2025-12-14,2025-12,2025-W50,4,6,pi-0163-r01,pi-0163-R01,مشكل طرشي,مخلل الخضروات /الفواكه (Pickled/fermented vegetable / fruits),Pickled/fermented vegetable / fruits,مخلل الخضروات /الفواكه (Pickled/fermented vegetable / fruits),dairy,اسواق فودز للمواد الغذائية - الملقا,اسواق فودز للمواد الغذائية,الملقا,اسواق فودز للمواد الغذائية - الملقا,الشمال,قطاع,قطاع الشمال,True,False,لا يوجد,,0,,,False,none,,5,True
Data 2025.xlsx,11178,2025-12-14,2025-12,2025-W50,4,6,pi-0164-r01,pi-0164-R01,هلابينو,مخلل الخضروات /الفواكه (Pickled/fermented vegetable / fruits),Pickled/fermented vegetable / fruits,مخلل الخضروات /الفواكه (Pickled/fermented vegetable / fruits),dairy,اسواق فودز للمواد الغذائية - الملقا,اسواق فودز للمواد الغذائية,الملقا,اسواق فودز للمواد الغذائية - الملقا,الشمال,قطاع,قطاع الشمال,True,False,لا يوجد,,0,,,False,none,,5,True
Data 2025.xlsx,11179,2025-12-14,2025-12,2025-W50,4,6,pi-0165-r01,pi-0165-R01,مخلل فلفل,مخلل الخضروات /الفواكه (Pickled/fermented vegetable / fruits),Pickled/fermented vegetable / fruits,مخلل الخضروات /الفواكه (Pickled/fermented vegetable / fruits),dairy,اسواق فودز للمواد الغذائية - الملقا,اسواق فودز للمواد الغذائية,الملقا,اسواق فودز للمواد الغذائية - الملقا,الشمال,قطاع,قطاع الشمال,True,False,لا يوجد,,0,,,False,none,,5,True
Data 2025.xlsx,11180,2025-12-14,2025-12,2025-W50,4,6,pi-0166-r01,pi-0166-R01,مكدوس,مخلل الخضروات /الفواكه (Pickled/fermented vegetable / fruits),Pickled/fermented vegetable / fruits,مخلل الخضروات /الفواكه (Pickled/fermented vegetable / fruits),dairy,اسواق فودز للمواد الغذائية - الملقا,اسواق فودز للمواد الغذائية,الملقا,اسواق فودز للمواد الغذائية - الملقا,الشمال,قطاع,قطاع الشمال,True,False,لا يوجد,,0,,,False,none,,5,True
Data 2025.xlsx,11181,2025-12-14,2025-12,2025-W50,4,6,pi-0167-r01,pi-0167-R01,مخلل ليمون سبايسي,مخلل الخضروات /الفواكه (Pickled/fermented vegetable / fruits),Pickled/fermented vegetable / fruits,مخلل الخضروات /الفواكه (Pickled/fermented vegetable / fruits),dairy,اسواق فودز للمواد الغذائية - الملقا,اسواق فودز للمواد الغذائية,الملقا,اسواق فودز للمواد الغذائية - الملقا,الشمال,قطاع,قطاع الشمال,True,False,لا يوجد,,0,,,False,none,,5,True
Data 2025.xlsx,11184,2025-12-14,2025-12,2025-W50,4,6,sa-0978-r01,sa-0978-R01,سلطة فيتا نعناع,اطعمة جاهزة للأكل Ready to eat meals,Ready to eat meals,اطعمة جاهزة للأكل Ready to eat meals,prepared_meal,اسواق فودز للمواد الغذائية - الملقا,اسواق فودز للمواد الغذائية,الملقا,اسواق فودز للمواد الغذائية - الملقا,الشمال,قطاع,قطاع الشمال,False,True,انتيروباكتريسي,انتيروباكتريسي,1,,انتيروباكتريسي,False,indicator_only,,7,True
Data 2025.xlsx,11185,2025-12-14,2025-12,2025-W50,4,6,sa-0979-r01,sa-0979-R01,سلطة جبن شبت,اطعمة جاهزة للأكل Ready to eat meals,Ready to eat meals,اطعمة جاهزة للأكل Ready to eat meals,prepared_meal,اسواق فودز للمواد الغذائية - الملقا,اسواق فودز للمواد الغذائية,الملقا,اسواق فودز للمواد الغذائية - الملقا,الشمال,قطاع,قطاع الشمال,False,True,انتيروباكتريسي,انتيروباكتريسي,1,,انتيروباكتريسي,False,indicator_only,,8,True
Data 2025.xlsx,11183,2025-12-14,2025-12,2025-W50,4,6,sau-2792-r01,sau-2792-R01,شطة ابو الهول,صوص (sauce),sauce,صوص (sauce),sauce_condiment,اسواق فودز للمواد الغذائية - الملقا,اسواق فودز للمواد الغذائية,الملقا,اسواق فودز للمواد الغذائية - الملقا,الشمال,قطاع,قطاع الشمال,True,False,لا يوجد,,0,,,False,none,,6,True
Data 2025.xlsx,11208,2025-12-14,2025-12,2025-W50,4,6,sau-2793-r01,sau-2793-R01,شطة حارة,صوص (sauce),sauce,صوص (sauce),sauce_condiment,اوت اوف لاين - حي الملقا,اوت اوف لاين,حي الملقا,اوت اوف لاين - حي الملقا,الشمال,بلدية,بلدية الشمال,True,False,لا يوجد,,0,,,False,none,,0,False
Data 2025.xlsx,11209,2025-12-14,2025-12,2025-W50,4,6,sau-2794-r01,sau-2794-R01,صوص مايونيز,صوص (sauce),sauce,صوص (sauce),sauce_condiment,اوت اوف لاين - حي الملقا,اوت اوف لاين,حي الملقا,اوت اوف لاين - حي الملقا,الشمال,بلدية,بلدية الشمال,True,False,لا يوجد,,0,,,False,none,,0,False
Data 2025.xlsx,11190,2025-12-14,2025-12,2025-W50,4,6,so-0048-r01,SO-0048-R01,جبنة بدر بالحبة البركة,(Soft Cheese) جبن طري / جبن سائل,Soft Cheese,(Soft Cheese) جبن طري / جبن سائل,dairy,اسواق فودز للمواد الغذائية - الملقا,اسواق فودز للمواد الغذائية,الملقا,اسواق فودز للمواد الغذائية - الملقا,الشمال,قطاع,قطاع الشمال,True,False,لا يوجد,,0,,,False,none,,10,True
Data 2025.xlsx,11194,2025-12-14,2025-12,2025-W50,4,6,sw-3843-r01,sw-3843-R01,مسحة قطاعة مرتديلا,(Swabs) المسحات,Swabs,(Swabs) المسحات,swab,اسواق فودز للمواد الغذائية - الملقا,اسواق فودز للمواد الغذائية,الملقا,اسواق فودز للمواد الغذائية - الملقا,الشمال,قطاع,قطاع الشمال,False,True,العد الكلي للبكتيريا,العد الكلي للبكتيريا,1,,العد الكلي للبكتيريا,False,indicator_only,,11,True
Data 2025.xlsx,11195,2025-12-14,2025-12,2025-W50,4,6,sw-3844-r01,sw-3844-R01,مسحة حافظة حلاوة طحينية,(Swabs) المسحات,Swabs,(Swabs) المسحات,swab,اسواق فودز للمواد الغذائية - الملقا,اسواق فودز للمواد الغذائية,الملقا,اسواق فودز للمواد الغذائية - الملقا,الشمال,قطاع,قطاع الشمال,True,False,لا يوجد,,0,,,False,none,,11,True
Data 2025.xlsx,11196,2025-12-14,2025-12,2025-W50,4,6,sw-3845-r01,sw-3845-R01,مسحة ثلاجة زيتون,(Swabs) المسحات,Swabs,(Swabs) المسحات,swab,اسواق فودز للمواد الغذائية - الملقا,اسواق فودز للمواد الغذائية,الملقا,اسواق فودز للمواد الغذائية - الملقا,الشمال,قطاع,قطاع الشمال,True,False,لا يوجد,,0,,,False,none,,11,True
Data 2025.xlsx,11203,2025-12-14,2025-12,2025-W50,4,6,sw-3846-r01,sw-3846-R01,مسحة حافظة شابورا,(Swabs) المسحات,Swabs,(Swabs) المسحات,swab,اسواق فودز للمواد الغذائية - الملقا,اسواق فودز للمواد الغذائية,الملقا,اسواق فودز للمواد الغذائية - الملقا,الشمال,قطاع,قطاع الشمال,True,False,لا يوجد,,0,,,False,none,,11,True
Data 2025.xlsx,11204,2025-12-14,2025-12,2025-W50,4,6,sw-3847-r01,sw-3847-R01,مسحة حافظة شابورا,(Swabs) المسحات,Swabs,(Swabs) المسحات,swab,اسواق فودز للمواد الغذائية - الملقا,اسواق فودز للمواد الغذائية,الملقا,اسواق فودز للمواد الغذائية - الملقا,الشمال,قطاع,قطاع الشمال,True,False,لا يوجد,,0,,,False,none,,11,True
Data 2025.xlsx,11205,2025-12-14,2025-12,2025-W50,4,6,sw-3848-r01,sw-3848-R01,مسحة حافظة بيتي فور,(Swabs) المسحات,Swabs,(Swabs) المسحات,swab,اسواق فودز للمواد الغذائية - الملقا,اسواق فودز للمواد الغذائية,الملقا,اسواق فودز للمواد الغذائية - الملقا,الشمال,قطاع,قطاع الشمال,True,False,لا يوجد,,0,,,False,none,,11,True
Data 2025.xlsx,11217,2025-12-14,2025-12,2025-W50,4,6,sw-3849-r01,sw-3849-R01,مسحة صانعة ثلج,(Swabs) المسحات,Swabs,(Swabs) المسحات,swab,اوت اوف لاين - حي الملقا,اوت اوف لاين,حي الملقا,اوت اوف لاين - حي الملقا,الشمال,بلدية,بلدية الشمال,False,True,العد الكلي للبكتيريا,العد الكلي للبكتيريا,1,,العد الكلي للبكتيريا,False,indicator_only,,3,True
Data 2025.xlsx,11218,2025-12-14,2025-12,2025-W50,4,6,sw-3850-r01,sw-3850-R01,مسحة صانعة ثلج,(Swabs) المسحات,Swabs,(Swabs) المسحات,swab,اوت اوف لاين - حي الملقا,اوت اوف لاين,حي الملقا,اوت اوف لاين - حي الملقا,الشمال,بلدية,بلدية الشمال,False,True,العد الكلي للبكتيريا,العد الكلي للبكتيريا,1,,العد الكلي للبكتيريا,False,indicator_only,,4,True
Data 2025.xlsx,11219,2025-12-14,2025-12,2025-W50,4,6,sw-3851-r01,sw-3851-R01,مسحة صانعة ثلج,(Swabs) المسحات,Swabs,(Swabs) المسحات,swab,اوت اوف لاين - حي الملقا,اوت اوف لاين,حي الملقا,اوت اوف لاين - حي الملقا,الشمال,بلدية,بلدية الشمال,False,True,العد الكلي للبكتيريا,العد الكلي للبكتيريا,1,,العد الكلي للبكتيريا,False,indicator_only,,5,True
Data 2025.xlsx,11206,2025-12-14,2025-12,2025-W50,4,6,ubot-1186-r01,Ubot-1186-R01,مياه فلتر للعجانة م - ك,المياه الغير معبأة (Unbottled water),Unbottled water,المياه الغير المعبأة (Unbottled water),water,اسواق فودز للمواد الغذائية - الملقا,اسواق فودز للمواد الغذائية,الملقا,اسواق فودز للمواد الغذائية - الملقا,الشمال,قطاع,قطاع الشمال,False,True,كوليفورم | ايشيريشيا كولاي,كوليفورم | ايشيريشيا كولاي,2,ايشيريشيا كولاي,كوليفورم,True,pathogen,category_merged_to_canonical,12,True
Data 2025.xlsx,11226,2025-12-15,2025-12,2025-W51,4,0,300-0015-R01,300-0015-R01,صوص بستاشيو,المكسرات (Nuts),Nuts,المكسرات (Nuts),produce,فرع اثنى عشر التخصصي - حي المحمدية,فرع اثنى عشر التخصصي,حي المحمدية,فرع اثنى عشر التخصصي - حي المحمدية,وسط الرياض,قطاع,القطاع وسط الرياض,True,False,لا يوجد,,0,,,False,none,,4,True
Data 2025.xlsx,11229,2025-12-15,2025-12,2025-W51,4,0,ca-0187-r01,ca-0187-R01,كيك سان سباستيان,الكعك ومنتجات المخابز الجاهزة للاكل بدون تسخين (Cakes and bakery products ready to eat ),Cakes and bakery products ready to eat,الكعك ومنتجات المخابز الجاهزة للاكل بدون تسخين (Cakes and bakery products ready to eat ),sweets_bakery,فرع اثنى عشر التخصصي - حي المحمدية,فرع اثنى عشر التخصصي,حي المحمدية,فرع اثنى عشر التخصصي - حي المحمدية,وسط الرياض,قطاع,القطاع وسط الرياض,True,False,لا يوجد,,0,,,False,none,,4,True
Data 2025.xlsx,11230,2025-12-15,2025-12,2025-W51,4,0,ca-0188-r01,ca-0188-R01,كيك سان ميلانو,الكعك ومنتجات المخابز الجاهزة للاكل بدون تسخين (Cakes and bakery products ready to eat ),Cakes and bakery products ready to eat,الكعك ومنتجات المخابز الجاهزة للاكل بدون تسخين (Cakes and bakery products ready to eat ),sweets_bakery,فرع اثنى عشر التخصصي - حي المحمدية,فرع اثنى عشر التخصصي,حي المحمدية,فرع اثنى عشر التخصصي - حي المحمدية,وسط الرياض,قطاع,القطاع وسط الرياض,True,False,لا يوجد,,0,,,False,none,,4,True
Data 2025.xlsx,11231,2025-12-15,2025-12,2025-W51,4,0,ca-0189-r01,ca-0189-R01,تيراميسو,الكعك ومنتجات المخابز الجاهزة للاكل بدون تسخين (Cakes and bakery products ready to eat ),Cakes and bakery products ready to eat,الكعك ومنتجات المخابز الجاهزة للاكل بدون تسخين (Cakes and bakery products ready to eat ),sweets_bakery,فرع اثنى عشر التخصصي - حي المحمدية,فرع اثنى عشر التخصصي,حي المحمدية,فرع اثنى عشر التخصصي - حي المحمدية,وسط الرياض,قطاع,القطاع وسط الرياض,True,False,لا يوجد,,0,,,False,none,,4,True
Data 2025.xlsx,11232,2025-12-15,2025-12,2025-W51,4,0,ca-0190-r01,ca-0190-R01,دونت نوتيلا زعتر,الكعك ومنتجات المخابز الجاهزة للاكل بدون تسخين (Cakes and bakery products ready to eat ),Cakes and bakery products ready to eat,الكعك ومنتجات المخابز الجاهزة للاكل بدون تسخين (Cakes and bakery products ready to eat ),sweets_bakery,فرع اثنى عشر التخصصي - حي المحمدية,فرع اثنى عشر التخصصي,حي المحمدية,فرع اثنى عشر التخصصي - حي المحمدية,وسط الرياض,قطاع,القطاع وسط الرياض,True,False,لا يوجد,,0,,,False,none,,4,True
Data 2025.xlsx,11233,2025-12-15,2025-12,2025-W51,4,0,ca-0191-r01,ca-0191-R01,دونت نوتيلا,الكعك ومنتجات المخابز الجاهزة للاكل بدون تسخين (Cakes and bakery products ready to eat ),Cakes and bakery products ready to eat,الكعك ومنتجات المخابز الجاهزة للاكل بدون تسخين (Cakes and bakery products ready to eat ),sweets_bakery,فرع اثنى عشر التخصصي - حي المحمدية,فرع اثنى عشر التخصصي,حي المحمدية,فرع اثنى عشر التخصصي - حي المحمدية,وسط الرياض,قطاع,القطاع وسط الرياض,True,False,لا يوجد,,0,,,False,none,,4,True
Data 2025.xlsx,11234,2025-12-15,2025-12,2025-W51,4,0,ca-0192-r01,ca-0192-R01,كوكيز,الكعك ومنتجات المخابز الجاهزة للاكل بدون تسخين (Cakes and bakery products ready to eat ),Cakes and bakery products ready to eat,الكعك ومنتجات المخابز الجاهزة للاكل بدون تسخين (Cakes and bakery products ready to eat ),sweets_bakery,فرع اثنى عشر التخصصي - حي المحمدية,فرع اثنى عشر التخصصي,حي المحمدية,فرع اثنى عشر التخصصي - حي المحمدية,وسط الرياض,قطاع,القطاع وسط الرياض,True,False,لا يوجد,,0,,,False,none,,4,True
Data 2025.xlsx,11235,2025-12-15,2025-12,2025-W51,4,0,ca-0193-r01,ca-0193-R01,كروسان جبنة,الكعك ومنتجات المخابز الجاهزة للاكل بدون تسخين (Cakes and bakery products ready to eat ),Cakes and bakery products ready to eat,الكعك ومنتجات المخابز الجاهزة للاكل بدون تسخين (Cakes and bakery products ready to eat ),sweets_bakery,فرع اثنى عشر التخصصي - حي المحمدية,فرع اثنى عشر التخصصي,حي المحمدية,فرع اثنى عشر التخصصي - حي المحمدية,وسط الرياض,قطاع,القطاع وسط الرياض,True,False,لا يوجد,,0,,,False,none,,4,True
Data 2025.xlsx,11236,2025-12-15,2025-12,2025-W51,4,0,ca-0194-r01,ca-0194-R01,كروسان سادة,الكعك ومنتجات المخابز الجاهزة للاكل بدون تسخين (Cakes and bakery products ready to eat ),Cakes and bakery products ready to eat,الكعك ومنتجات المخابز الجاهزة للاكل بدون تسخين (Cakes and bakery products ready to eat ),sweets_bakery,فرع اثنى عشر التخصصي - حي المحمدية,فرع اثنى عشر التخصصي,حي المحمدية,فرع اثنى عشر التخصصي - حي المحمدية,وسط الرياض,قطاع,القطاع وسط الرياض,True,False,لا يوجد,,0,,,False,none,,4,True
Data 2025.xlsx,11237,2025-12-15,2025-12,2025-W51,4,0,ca-0195-r01,ca-0195-R01,كروسان زعتر,الكعك ومنتجات المخابز الجاهزة للاكل بدون تسخين (Cakes and bakery products ready to eat ),Cakes and bakery products ready to eat,الكعك ومنتجات المخابز الجاهزة للاكل بدون تسخين (Cakes and bakery products ready to eat ),sweets_bakery,فرع اثنى عشر التخصصي - حي المحمدية,فرع اثنى عشر التخصصي,حي المحمدية,فرع اثنى عشر التخصصي - حي المحمدية,وسط الرياض,قطاع,القطاع وسط الرياض,True,False,لا يوجد,,0,,,False,none,,4,True
Data 2025.xlsx,11250,2025-12-15,2025-12,2025-W51,4,0,ca-0196-r01,ca-0196-R01,تارت تفاح,الكعك ومنتجات المخابز الجاهزة للاكل بدون تسخين (Cakes and bakery products ready to eat ),Cakes and bakery products ready to eat,الكعك ومنتجات المخابز الجاهزة للاكل بدون تسخين (Cakes and bakery products ready to eat ),sweets_bakery,كانديرا - حي المحمدية,كانديرا,حي المحمدية,كانديرا - حي المحمدية,المعذر,بلدية,بلدية المعذر,True,False,لا يوجد,,0,,,False,none,,1,False
Data 2025.xlsx,11251,2025-12-15,2025-12,2025-W51,4,0,ca-0197-r01,ca-0197-R01,تارت بيكان,الكعك ومنتجات المخابز الجاهزة للاكل بدون تسخين (Cakes and bakery products ready to eat ),Cakes and bakery products ready to eat,الكعك ومنتجات المخابز الجاهزة للاكل بدون تسخين (Cakes and bakery products ready to eat ),sweets_bakery,كانديرا - حي المحمدية,كانديرا,حي المحمدية,كانديرا - حي المحمدية,المعذر,بلدية,بلدية المعذر,True,False,لا يوجد,,0,,,False,none,,1,False
Data 2025.xlsx,11252,2025-12-15,2025-12,2025-W51,4,0,ca-0198-r01,ca-0198-R01,تارت كاجو,الكعك ومنتجات المخابز الجاهزة للاكل بدون تسخين (Cakes and bakery products ready to eat ),Cakes and bakery products ready to eat,الكعك ومنتجات المخابز الجاهزة للاكل بدون تسخين (Cakes and bakery products ready to eat ),sweets_bakery,كانديرا - حي المحمدية,كانديرا,حي المحمدية,كانديرا - حي المحمدية,المعذر,بلدية,بلدية المعذر,True,False,لا يوجد,,0,,,False,none,,1,False
Data 2025.xlsx,11253,2025-12-15,2025-12,2025-W51,4,0,ca-0199-r01,ca-0199-R01,تارت فستق,الكعك ومنتجات المخابز الجاهزة للاكل بدون تسخين (Cakes and bakery products ready to eat ),Cakes and bakery products ready to eat,الكعك ومنتجات المخابز الجاهزة للاكل بدون تسخين (Cakes and bakery products ready to eat ),sweets_bakery,كانديرا - حي المحمدية,كانديرا,حي المحمدية,كانديرا - حي المحمدية,المعذر,بلدية,بلدية المعذر,True,False,لا يوجد,,0,,,False,none,,1,False
Data 2025.xlsx,11254,2025-12-15,2025-12,2025-W51,4,0,ca-0200-r01,ca-0200-R01,بايتس جوز الهند,الكعك ومنتجات المخابز الجاهزة للاكل بدون تسخين (Cakes and bakery products ready to eat ),Cakes and bakery products ready to eat,الكعك ومنتجات المخابز الجاهزة للاكل بدون تسخين (Cakes and bakery products ready to eat ),sweets_bakery,كانديرا - حي المحمدية,كانديرا,حي المحمدية,كانديرا - حي المحمدية,المعذر,بلدية,بلدية المعذر,True,False,لا يوجد,,0,,,False,none,,1,False
Data 2025.xlsx,11255,2025-12-15,2025-12,2025-W51,4,0,ca-0201-r01,ca-0201-R01,بايتس تمر,الكعك ومنتجات المخابز الجاهزة للاكل بدون تسخين (Cakes and bakery products ready to eat ),Cakes and bakery products ready to eat,الكعك ومنتجات المخابز الجاهزة للاكل بدون تسخين (Cakes and bakery products ready to eat ),sweets_bakery,كانديرا - حي المحمدية,كانديرا,حي المحمدية,كانديرا - حي المحمدية,المعذر,بلدية,بلدية المعذر,True,False,لا يوجد,,0,,,False,none,,1,False
Data 2025.xlsx,11256,2025-12-15,2025-12,2025-W51,4,0,ca-0202-r01,ca-0202-R01,بايتس بسبوسة,الكعك ومنتجات المخابز الجاهزة للاكل بدون تسخين (Cakes and bakery products ready to eat ),Cakes and bakery products ready to eat,الكعك ومنتجات المخابز الجاهزة للاكل بدون تسخين (Cakes and bakery products ready to eat ),sweets_bakery,كانديرا - حي المحمدية,كانديرا,حي المحمدية,كانديرا - حي المحمدية,المعذر,بلدية,بلدية المعذر,True,False,لا يوجد,,0,,,False,none,,1,False
Data 2025.xlsx,11257,2025-12-15,2025-12,2025-W51,4,0,ca-0203-r01,ca-0203-R01,بايتس بيكان,الكعك ومنتجات المخابز الجاهزة للاكل بدون تسخين (Cakes and bakery products ready to eat ),Cakes and bakery products ready to eat,الكعك ومنتجات المخابز الجاهزة للاكل بدون تسخين (Cakes and bakery products ready to eat ),sweets_bakery,كانديرا - حي المحمدية,كانديرا,حي المحمدية,كانديرا - حي المحمدية,المعذر,بلدية,بلدية المعذر,True,False,لا يوجد,,0,,,False,none,,1,False
Data 2025.xlsx,11258,2025-12-15,2025-12,2025-W51,4,0,ca-0204-r01,ca-0204-R01,دونت سادة,الكعك ومنتجات المخابز الجاهزة للاكل بدون تسخين (Cakes and bakery products ready to eat ),Cakes and bakery products ready to eat,الكعك ومنتجات المخابز الجاهزة للاكل بدون تسخين (Cakes and bakery products ready to eat ),sweets_bakery,دوتس - حي المحمدية,دوتس,حي المحمدية,دوتس - حي المحمدية,المعذر,بلدية,بلدية المعذر,True,False,لا يوجد,,0,,,False,none,,0,False
Data 2025.xlsx,11259,2025-12-15,2025-12,2025-W51,4,0,ca-0205-r01,ca-0205-R01,دونت سينابون,الكعك ومنتجات المخابز الجاهزة للاكل بدون تسخين (Cakes and bakery products ready to eat ),Cakes and bakery products ready to eat,الكعك ومنتجات المخابز الجاهزة للاكل بدون تسخين (Cakes and bakery products ready to eat ),sweets_bakery,دوتس - حي المحمدية,دوتس,حي المحمدية,دوتس - حي المحمدية,المعذر,بلدية,بلدية المعذر,False,True,العد الكلي للبكتيريا,العد الكلي للبكتيريا,1,,العد الكلي للبكتيريا,False,indicator_only,,1,False
Data 2025.xlsx,11260,2025-12-15,2025-12,2025-W51,4,0,ca-0206-r01,ca-0206-R01,دونت دارك شوكليت,الكعك ومنتجات المخابز الجاهزة للاكل بدون تسخين (Cakes and bakery products ready to eat ),Cakes and bakery products ready to eat,الكعك ومنتجات المخابز الجاهزة للاكل بدون تسخين (Cakes and bakery products ready to eat ),sweets_bakery,دوتس - حي المحمدية,دوتس,حي المحمدية,دوتس - حي المحمدية,المعذر,بلدية,بلدية المعذر,True,False,لا يوجد,,0,,,False,none,,1,False
Data 2025.xlsx,11261,2025-12-15,2025-12,2025-W51,4,0,ca-0207-r01,ca-0207-R01,كيكة فراولة,الكعك ومنتجات المخابز الجاهزة للاكل بدون تسخين (Cakes and bakery products ready to eat ),Cakes and bakery products ready to eat,الكعك ومنتجات المخابز الجاهزة للاكل بدون تسخين (Cakes and bakery products ready to eat ),sweets_bakery,دوتس - حي المحمدية,دوتس,حي المحمدية,دوتس - حي المحمدية,المعذر,بلدية,بلدية المعذر,True,False,لا يوجد,,0,,,False,none,,1,False
Data 2025.xlsx,11262,2025-12-15,2025-12,2025-W51,4,0,ca-0208-r01,ca-0208-R01,فرتر تفاح دونت,الكعك ومنتجات المخابز الجاهزة للاكل بدون تسخين (Cakes and bakery products ready to eat ),Cakes and bakery products ready to eat,الكعك ومنتجات المخابز الجاهزة للاكل بدون تسخين (Cakes and bakery products ready to eat ),sweets_bakery,دوتس - حي المحمدية,دوتس,حي المحمدية,دوتس - حي المحمدية,المعذر,بلدية,بلدية المعذر,True,False,لا يوجد,,0,,,False,none,,1,False
Data 2025.xlsx,11263,2025-12-15,2025-12,2025-W51,4,0,ca-0209-r01,ca-0209-R01,دونت سبرنكل رينج,الكعك ومنتجات المخابز الجاهزة للاكل بدون تسخين (Cakes and bakery products ready to eat ),Cakes and bakery products ready to eat,الكعك ومنتجات المخابز الجاهزة للاكل بدون تسخين (Cakes and bakery products ready to eat ),sweets_bakery,دوتس - حي المحمدية,دوتس,حي المحمدية,دوتس - حي المحمدية,المعذر,بلدية,بلدية المعذر,True,False,لا يوجد,,0,,,False,none,,1,False
Data 2025.xlsx,11264,2025-12-15,2025-12,2025-W51,4,0,ca-0210-r01,ca-0210-R01,بيرثداي كيك,الكعك ومنتجات المخابز الجاهزة للاكل بدون تسخين (Cakes and bakery products ready to eat ),Cakes and bakery products ready to eat,الكعك ومنتجات المخابز الجاهزة للاكل بدون تسخين (Cakes and bakery products ready to eat ),sweets_bakery,دوتس - حي المحمدية,دوتس,حي المحمدية,دوتس - حي المحمدية,المعذر,بلدية,بلدية المعذر,True,False,لا يوجد,,0,,,False,none,,1,False
Data 2025.xlsx,11265,2025-12-15,2025-12,2025-W51,4,0,ca-0211-r01,ca-0211-R01,تاجي تيلا دونت,الكعك ومنتجات المخابز الجاهزة للاكل بدون تسخين (Cakes and bakery products ready to eat ),Cakes and bakery products ready to eat,الكعك ومنتجات المخابز الجاهزة للاكل بدون تسخين (Cakes and bakery products ready to eat ),sweets_bakery,دوتس - حي المحمدية,دوتس,حي المحمدية,دوتس - حي المحمدية,المعذر,بلدية,بلدية المعذر,True,False,لا يوجد,,0,,,False,none,,1,False
Data 2025.xlsx,11227,2025-12-15,2025-12,2025-W51,4,0,cho-0123-r01,cho-0123-R01,صوص وايت شوكليت,الشوكولاته (Chocolate),Chocolate,الشوكولاته (Chocolate),sweets_bakery,فرع اثنى عشر التخصصي - حي المحمدية,فرع اثنى عشر التخصصي,حي المحمدية,فرع اثنى عشر التخصصي - حي المحمدية,وسط الرياض,قطاع,القطاع وسط الرياض,True,False,لا يوجد,,0,,,False,none,,4,True
Data 2025.xlsx,11228,2025-12-15,2025-12,2025-W51,4,0,cho-0124-r01,cho-0124-R01,صوص ايطاليا شوكليت,الشوكولاته (Chocolate),Chocolate,الشوكولاته (Chocolate),sweets_bakery,فرع اثنى عشر التخصصي - حي المحمدية,فرع اثنى عشر التخصصي,حي المحمدية,فرع اثنى عشر التخصصي - حي المحمدية,وسط الرياض,قطاع,القطاع وسط الرياض,True,False,لا يوجد,,0,,,False,none,,4,True
Data 2025.xlsx,11221,2025-12-15,2025-12,2025-W51,4,0,fl-0101-r01,fl-0101-R01,مشروب سيجنتشر,شراب بنكهة و مركزاتها ( flavoured drink & its concentrates ),flavoured drink & its concentrates,شراب بنكهة و مركزاتها ( flavoured drink & its concentrates ),sauce_condiment,فرع اثنى عشر التخصصي - حي المحمدية,فرع اثنى عشر التخصصي,حي المحمدية,فرع اثنى عشر التخصصي - حي المحمدية,وسط الرياض,قطاع,القطاع وسط الرياض,False,True,العد الكلي للبكتيريا | الخمائر والاعفان,العد الكلي للبكتيريا | الخمائر والاعفان,2,,العد الكلي للبكتيريا | الخمائر والاعفان,False,indicator_only,,1,False
Data 2025.xlsx,11222,2025-12-15,2025-12,2025-W51,4,0,fl-0102-r01,fl-0102-R01,نكهة تفاح اخضر,شراب بنكهة و مركزاتها ( flavoured drink & its concentrates ),flavoured drink & its concentrates,شراب بنكهة و مركزاتها ( flavoured drink & its concentrates ),sauce_condiment,فرع اثنى عشر التخصصي - حي المحمدية,فرع اثنى عشر التخصصي,حي المحمدية,فرع اثنى عشر التخصصي - حي المحمدية,وسط الرياض,قطاع,القطاع وسط الرياض,True,False,لا يوجد,,0,,,False,none,,1,False
Data 2025.xlsx,11223,2025-12-15,2025-12,2025-W51,4,0,fl-0103-r01,fl-0103-R01,نكهة باشن فروت,شراب بنكهة و مركزاتها ( flavoured drink & its concentrates ),flavoured drink & its concentrates,شراب بنكهة و مركزاتها ( flavoured drink & its concentrates ),sauce_condiment,فرع اثنى عشر التخصصي - حي المحمدية,فرع اثنى عشر التخصصي,حي المحمدية,فرع اثنى عشر التخصصي - حي المحمدية,وسط الرياض,قطاع,القطاع وسط الرياض,False,True,الخمائر والاعفان,الخمائر والاعفان,1,,الخمائر والاعفان,False,indicator_only,,2,True
Data 2025.xlsx,11224,2025-12-15,2025-12,2025-W51,4,0,fl-0104-r01,fl-0104-R01,نكهة مانجا,شراب بنكهة و مركزاتها ( flavoured drink & its concentrates ),flavoured drink & its concentrates,شراب بنكهة و مركزاتها ( flavoured drink & its concentrates ),sauce_condiment,فرع اثنى عشر التخصصي - حي المحمدية,فرع اثنى عشر التخصصي,حي المحمدية,فرع اثنى عشر التخصصي - حي المحمدية,وسط الرياض,قطاع,القطاع وسط الرياض,False,True,الخمائر والاعفان,الخمائر والاعفان,1,,الخمائر والاعفان,False,indicator_only,,3,True
Data 2025.xlsx,11225,2025-12-15,2025-12,2025-W51,4,0,fl-0105-r01,fl-0105-R01,نكهة بطيخ,شراب بنكهة و مركزاتها ( flavoured drink & its concentrates ),flavoured drink & its concentrates,شراب بنكهة و مركزاتها ( flavoured drink & its concentrates ),sauce_condiment,فرع اثنى عشر التخصصي - حي المحمدية,فرع اثنى عشر التخصصي,حي المحمدية,فرع اثنى عشر التخصصي - حي المحمدية,وسط الرياض,قطاع,القطاع وسط الرياض,False,True,الخمائر والاعفان,الخمائر والاعفان,1,,الخمائر والاعفان,False,indicator_only,,4,True
Data 2025.xlsx,11242,2025-12-15,2025-12,2025-W51,4,0,sa-0980-r01,sa-0980-R01,كروسان شاورما,اطعمة جاهزة للأكل Ready to eat meals,Ready to eat meals,اطعمة جاهزة للأكل Ready to eat meals,prepared_meal,كانديرا - حي المحمدية,كانديرا,حي المحمدية,كانديرا - حي المحمدية,المعذر,بلدية,بلدية المعذر,True,False,لا يوجد,,0,,,False,none,,0,False
Data 2025.xlsx,11243,2025-12-15,2025-12,2025-W51,4,0,sa-0981-r01,sa-0981-R01,كروسان تندوري,اطعمة جاهزة للأكل Ready to eat meals,Ready to eat meals,اطعمة جاهزة للأكل Ready to eat meals,prepared_meal,كانديرا - حي المحمدية,كانديرا,حي المحمدية,كانديرا - حي المحمدية,المعذر,بلدية,بلدية المعذر,True,False,لا يوجد,,0,,,False,none,,0,False
Data 2025.xlsx,11244,2025-12-15,2025-12,2025-W51,4,0,sa-0982-r01,sa-0982-R01,كروسان سلطة دجاج,اطعمة جاهزة للأكل Ready to eat meals,Ready to eat meals,اطعمة جاهزة للأكل Ready to eat meals,prepared_meal,كانديرا - حي المحمدية,كانديرا,حي المحمدية,كانديرا - حي المحمدية,المعذر,بلدية,بلدية المعذر,True,False,لا يوجد,,0,,,False,none,,0,False
Data 2025.xlsx,11245,2025-12-15,2025-12,2025-W51,4,0,sa-0983-r01,sa-0983-R01,كروسان لبنة زعتر,اطعمة جاهزة للأكل Ready to eat meals,Ready to eat meals,اطعمة جاهزة للأكل Ready to eat meals,prepared_meal,كانديرا - حي المحمدية,كانديرا,حي المحمدية,كانديرا - حي المحمدية,المعذر,بلدية,بلدية المعذر,True,False,لا يوجد,,0,,,False,none,,0,False
Data 2025.xlsx,11246,2025-12-15,2025-12,2025-W51,4,0,sa-0984-r01,sa-0984-R01,كروسان حلوم,اطعمة جاهزة للأكل Ready to eat meals,Ready to eat meals,اطعمة جاهزة للأكل Ready to eat meals,prepared_meal,كانديرا - حي المحمدية,كانديرا,حي المحمدية,كانديرا - حي المحمدية,المعذر,بلدية,بلدية المعذر,False,True,استافيلوكوكس اورياس,استافيلوكوكس اورياس,1,استافيلوكوكس اورياس,,True,pathogen,,1,False
Data 2025.xlsx,11247,2025-12-15,2025-12,2025-W51,4,0,sa-0985-r01,sa-0985-R01,كروسان فلافل,اطعمة جاهزة للأكل Ready to eat meals,Ready to eat meals,اطعمة جاهزة للأكل Ready to eat meals,prepared_meal,كانديرا - حي المحمدية,كانديرا,حي المحمدية,كانديرا - حي المحمدية,المعذر,بلدية,بلدية المعذر,True,False,لا يوجد,,0,,,False,none,,1,False
Data 2025.xlsx,11248,2025-12-15,2025-12,2025-W51,4,0,sa-0986-r01,sa-0986-R01,صوص طحينة,طحينة,,طحينة,sauce_condiment,كانديرا - حي المحمدية,كانديرا,حي المحمدية,كانديرا - حي المحمدية,المعذر,بلدية,بلدية المعذر,True,False,لا يوجد,,0,,,False,none,,1,False
Data 2025.xlsx,11249,2025-12-15,2025-12,2025-W51,4,0,sau-2795-r01,sau-2795-R01,صوص مايونيز,صوص (sauce),sauce,صوص (sauce),sauce_condiment,كانديرا - حي المحمدية,كانديرا,حي المحمدية,كانديرا - حي المحمدية,المعذر,بلدية,بلدية المعذر,True,False,لا يوجد,,0,,,False,none,,1,False
Data 2025.xlsx,11238,2025-12-15,2025-12,2025-W51,4,0,sw-3852-r01,sw-3852-R01,مسحة صانعة ثلج,(Swabs) المسحات,Swabs,(Swabs) المسحات,swab,فرع اثنى عشر التخصصي - حي المحمدية,فرع اثنى عشر التخصصي,حي المحمدية,فرع اثنى عشر التخصصي - حي المحمدية,وسط الرياض,قطاع,القطاع وسط الرياض,True,False,لا يوجد,,0,,,False,none,,4,True
Data 2025.xlsx,11239,2025-12-15,2025-12,2025-W51,4,0,sw-3853-r01,sw-3853-R01,مسحة صانعة ثلج,(Swabs) المسحات,Swabs,(Swabs) المسحات,swab,فرع اثنى عشر التخصصي - حي المحمدية,فرع اثنى عشر التخصصي,حي المحمدية,فرع اثنى عشر التخصصي - حي المحمدية,وسط الرياض,قطاع,القطاع وسط الرياض,True,False,لا يوجد,,0,,,False,none,,4,True
Data 2025.xlsx,11240,2025-12-15,2025-12,2025-W51,4,0,sw-3854-r01,sw-3854-R01,مسحة صانعة ثلج,(Swabs) المسحات,Swabs,(Swabs) المسحات,swab,فرع اثنى عشر التخصصي - حي المحمدية,فرع اثنى عشر التخصصي,حي المحمدية,فرع اثنى عشر التخصصي - حي المحمدية,وسط الرياض,قطاع,القطاع وسط الرياض,True,False,لا يوجد,,0,,,False,none,,4,True
Data 2025.xlsx,11241,2025-12-15,2025-12,2025-W51,4,0,sw-3855-r01,sw-3855-R01,مسحة حافظة الكيك,(Swabs) المسحات,Swabs,(Swabs) المسحات,swab,فرع اثنى عشر التخصصي - حي المحمدية,فرع اثنى عشر التخصصي,حي المحمدية,فرع اثنى عشر التخصصي - حي المحمدية,وسط الرياض,قطاع,القطاع وسط الرياض,True,False,لا يوجد,,0,,,False,none,,4,True
Data 2025.xlsx,11266,2025-12-15,2025-12,2025-W51,4,0,sw-3856-r01,sw-3856-R01,مسحة صانعة ثلج,(Swabs) المسحات,Swabs,(Swabs) المسحات,swab,دوتس - حي المحمدية,دوتس,حي المحمدية,دوتس - حي المحمدية,المعذر,بلدية,بلدية المعذر,True,False,لا يوجد,,0,,,False,none,,1,False
Data 2025.xlsx,11267,2025-12-15,2025-12,2025-W51,4,0,sw-3857-r01,sw-3857-R01,مسحة حافظة دونت,(Swabs) المسحات,Swabs,(Swabs) المسحات,swab,دوتس - حي المحمدية,دوتس,حي المحمدية,دوتس - حي المحمدية,المعذر,بلدية,بلدية المعذر,True,False,لا يوجد,,0,,,False,none,,1,False
Data 2025.xlsx,11220,2025-12-15,2025-12,2025-W51,4,0,tea-0027-r01,tea-0027-R01,ايس تي خوخ,جميع أنواع الشاي (All types of tea),All types of tea,جميع أنواع الشاي (All types of tea),beverage,فرع اثنى عشر التخصصي - حي المحمدية,فرع اثنى عشر التخصصي,حي المحمدية,فرع اثنى عشر التخصصي - حي المحمدية,وسط الرياض,قطاع,القطاع وسط الرياض,True,False,لا يوجد,,0,,,False,none,,0,False
Data 2025.xlsx,11268,2025-12-15,2025-12,2025-W51,4,0,ubot-1187-r01,Ubot-1187-R01,مياه لغسيل الادوات م-ك,المياه الغير معبأة (Unbottled water),Unbottled water,المياه الغير المعبأة (Unbottled water),water,دوتس - حي المحمدية,دوتس,حي المحمدية,دوتس - حي المحمدية,المعذر,بلدية,بلدية المعذر,True,False,لا يوجد,,0,,,False,none,category_merged_to_canonical,1,False
Data 2025.xlsx,11292,2025-12-16,2025-12,2025-W51,4,1,br-0120-r01,Br-0120-R01,قطع خبز محمص,الخبـز (Bread),Bread,الخبـز (Bread),sweets_bakery,سولتري - حي الياسمين,سولتري,حي الياسمين,سولتري - حي الياسمين,الشمال,بلدية,بلدية الشمال,True,False,لا يوجد,,0,,,False,none,,6,True
Data 2025.xlsx,11274,2025-12-16,2025-12,2025-W51,4,1,ca-0212-r01,ca-0212-R01,بف باستس,الكعك ومنتجات المخابز الجاهزة للاكل بدون تسخين (Cakes and bakery products ready to eat ),Cakes and bakery products ready to eat,الكعك ومنتجات المخابز الجاهزة للاكل بدون تسخين (Cakes and bakery products ready to eat ),sweets_bakery,مقهى ليالي العدليب - حي الياسمين,مقهى ليالي العدليب,حي الياسمين,مقهى ليالي العدليب - حي الياسمين,الشمال,قطاع,قطاع الشمال,True,False,لا يوجد,,0,,,False,none,,0,False
Data 2025.xlsx,11311,2025-12-16,2025-12,2025-W51,4,1,ca-0213-r01,ca-0213-R01,كوكيز,الكعك ومنتجات المخابز الجاهزة للاكل بدون تسخين (Cakes and bakery products ready to eat ),Cakes and bakery products ready to eat,الكعك ومنتجات المخابز الجاهزة للاكل بدون تسخين (Cakes and bakery products ready to eat ),sweets_bakery,سولتري - حي الياسمين,سولتري,حي الياسمين,سولتري - حي الياسمين,الشمال,بلدية,بلدية الشمال,True,False,لا يوجد,,0,,,False,none,,13,True
Data 2025.xlsx,11283,2025-12-16,2025-12,2025-W51,4,1,cer-0080-r01,cer-0080-R01,كينوا,الحبوب (Cereal grains),Cereal grains,الحبوب (Cereal grains),produce,سولتري - حي الياسمين,سولتري,حي الياسمين,سولتري - حي الياسمين,الشمال,بلدية,بلدية الشمال,False,True,استافيلوكوكس اورياس,استافيلوكوكس اورياس,1,استافيلوكوكس اورياس,,True,pathogen,,5,True
Data 2025.xlsx,11271,2025-12-16,2025-12,2025-W51,4,1,cho-0125-r01,cho-0125-R01,صوص دارك شوكليت,الشوكولاته (Chocolate),Chocolate,الشوكولاته (Chocolate),sweets_bakery,مقهى ليالي العدليب - حي الياسمين,مقهى ليالي العدليب,حي الياسمين,مقهى ليالي العدليب - حي الياسمين,الشمال,قطاع,قطاع الشمال,True,False,لا يوجد,,0,,,False,none,,0,False
Data 2025.xlsx,11269,2025-12-16,2025-12,2025-W51,4,1,fl-0106-r01,fl-0106-R01,نكهة كراميل,شراب بنكهة و مركزاتها ( flavoured drink & its concentrates ),flavoured drink & its concentrates,شراب بنكهة و مركزاتها ( flavoured drink & its concentrates ),sauce_condiment,مقهى ليالي العدليب - حي الياسمين,مقهى ليالي العدليب,حي الياسمين,مقهى ليالي العدليب - حي الياسمين,الشمال,قطاع,قطاع الشمال,True,False,لا يوجد,,0,,,False,none,,0,False
Data 2025.xlsx,11270,2025-12-16,2025-12,2025-W51,4,1,fl-0107-r01,fl-0107-R01,نكهة فانيلا,شراب بنكهة و مركزاتها ( flavoured drink & its concentrates ),flavoured drink & its concentrates,شراب بنكهة و مركزاتها ( flavoured drink & its concentrates ),sauce_condiment,مقهى ليالي العدليب - حي الياسمين,مقهى ليالي العدليب,حي الياسمين,مقهى ليالي العدليب - حي الياسمين,الشمال,قطاع,قطاع الشمال,True,False,لا يوجد,,0,,,False,none,,0,False
Data 2025.xlsx,11285,2025-12-16,2025-12,2025-W51,4,1,fr-0179-r01,fr-0179-R01,خس,فواكه و خضروات طازجة (Fresh fruits and vegetables ),Fresh fruits and vegetables,فواكه و خضروات طازجة (Fresh fruits and vegetables ),produce,سولتري - حي الياسمين,سولتري,حي الياسمين,سولتري - حي الياسمين,الشمال,بلدية,بلدية الشمال,True,False,لا يوجد,,0,,,False,none,,5,True
Data 2025.xlsx,11287,2025-12-16,2025-12,2025-W51,4,1,fr-0180-r01,fr-0180-R01,شيري طماطم,فواكه و خضروات طازجة (Fresh fruits and vegetables ),Fresh fruits and vegetables,فواكه و خضروات طازجة (Fresh fruits and vegetables ),produce,سولتري - حي الياسمين,سولتري,حي الياسمين,سولتري - حي الياسمين,الشمال,بلدية,بلدية الشمال,True,False,لا يوجد,,0,,,False,none,,6,True
Data 2025.xlsx,11288,2025-12-16,2025-12,2025-W51,4,1,fr-0181-r01,fr-0181-R01,قطع مانجا,فواكه و خضروات طازجة (Fresh fruits and vegetables ),Fresh fruits and vegetables,فواكه و خضروات طازجة (Fresh fruits and vegetables ),produce,سولتري - حي الياسمين,سولتري,حي الياسمين,سولتري - حي الياسمين,الشمال,بلدية,بلدية الشمال,True,False,لا يوجد,,0,,,False,none,,6,True
Data 2025.xlsx,11289,2025-12-16,2025-12,2025-W51,4,1,fr-0182-r01,fr-0182-R01,قطع فراولة,فواكه و خضروات طازجة (Fresh fruits and vegetables ),Fresh fruits and vegetables,فواكه و خضروات طازجة (Fresh fruits and vegetables ),produce,سولتري - حي الياسمين,سولتري,حي الياسمين,سولتري - حي الياسمين,الشمال,بلدية,بلدية الشمال,True,False,لا يوجد,,0,,,False,none,,6,True
Data 2025.xlsx,11290,2025-12-16,2025-12,2025-W51,4,1,fr-0183-r01,fr-0183-R01,قطع برتقال,فواكه و خضروات طازجة (Fresh fruits and vegetables ),Fresh fruits and vegetables,فواكه و خضروات طازجة (Fresh fruits and vegetables ),produce,سولتري - حي الياسمين,سولتري,حي الياسمين,سولتري - حي الياسمين,الشمال,بلدية,بلدية الشمال,True,False,لا يوجد,,0,,,False,none,,6,True
Data 2025.xlsx,11291,2025-12-16,2025-12,2025-W51,4,1,fr-0184-r01,fr-0184-R01,فلفل رومي,فواكه و خضروات طازجة (Fresh fruits and vegetables ),Fresh fruits and vegetables,فواكه و خضروات طازجة (Fresh fruits and vegetables ),produce,سولتري - حي الياسمين,سولتري,حي الياسمين,سولتري - حي الياسمين,الشمال,بلدية,بلدية الشمال,True,False,لا يوجد,,0,,,False,none,,6,True
Data 2025.xlsx,11293,2025-12-16,2025-12,2025-W51,4,1,fr-0185-r01,fr-0185-R01,شرائح شمندر (معلب),فواكه و خضروات طازجة (Fresh fruits and vegetables ),Fresh fruits and vegetables,فواكه و خضروات طازجة (Fresh fruits and vegetables ),produce,سولتري - حي الياسمين,سولتري,حي الياسمين,سولتري - حي الياسمين,الشمال,بلدية,بلدية الشمال,True,False,لا يوجد,,0,,,False,none,,6,True
Data 2025.xlsx,11305,2025-12-16,2025-12,2025-W51,4,1,gcv-0280-r01,GCV-0280-R01,بطاطس مشوي,الخضار المشوية و المطبوخة,,الخضار المشوية و المطبوخة,cooked_meat_poultry,سولتري - حي الياسمين,سولتري,حي الياسمين,سولتري - حي الياسمين,الشمال,بلدية,بلدية الشمال,False,True,العد الكلي للبكتيريا,العد الكلي للبكتيريا,1,,العد الكلي للبكتيريا,False,indicator_only,,13,True
Data 2025.xlsx,11286,2025-12-16,2025-12,2025-W51,4,1,jui-0603-r01,jui-0603-R01,عصير صبار,العصائر الطازجة Un-pasteurized juices (fresh),fresh,العصائر الطازجة Un-pasteurized juices (fresh),beverage,سولتري - حي الياسمين,سولتري,حي الياسمين,سولتري - حي الياسمين,الشمال,بلدية,بلدية الشمال,False,True,الخمائر والاعفان,الخمائر والاعفان,1,,الخمائر والاعفان,False,indicator_only,,6,True
Data 2025.xlsx,11272,2025-12-16,2025-12,2025-W51,4,1,mo-0029-r01,mo-0029-R01,صوص كراميل,"المولاس بانواعه - الدبس - كتل السكر البنية (Molasses, debs ( date syrup ), hard brown sugar )",hard brown sugar,"المولاس بانواعه - الدبس - كتل السكر البنية (Molasses, debs ( date syrup ), hard brown sugar )",dairy,مقهى ليالي العدليب - حي الياسمين,مقهى ليالي العدليب,حي الياسمين,مقهى ليالي العدليب - حي الياسمين,الشمال,قطاع,قطاع الشمال,True,False,لا يوجد,,0,,,False,none,,0,False
Data 2025.xlsx,11273,2025-12-16,2025-12,2025-W51,4,1,mo-0030-r01,mo-0030-R01,صوص شيرة,"المولاس بانواعه - الدبس - كتل السكر البنية (Molasses, debs ( date syrup ), hard brown sugar )",hard brown sugar,"المولاس بانواعه - الدبس - كتل السكر البنية (Molasses, debs ( date syrup ), hard brown sugar )",dairy,مقهى ليالي العدليب - حي الياسمين,مقهى ليالي العدليب,حي الياسمين,مقهى ليالي العدليب - حي الياسمين,الشمال,قطاع,قطاع الشمال,True,False,لا يوجد,,0,,,False,none,,0,False
Data 2025.xlsx,11284,2025-12-16,2025-12,2025-W51,4,1,sa-0987-r01,sa-0987-R01,كينوا مع ملفوف,اطعمة جاهزة للأكل Ready to eat meals,Ready to eat meals,اطعمة جاهزة للأكل Ready to eat meals,prepared_meal,سولتري - حي الياسمين,سولتري,حي الياسمين,سولتري - حي الياسمين,الشمال,بلدية,بلدية الشمال,True,False,لا يوجد,,0,,,False,none,,5,True
Data 2025.xlsx,11303,2025-12-16,2025-12,2025-W51,4,1,sa-0988-r01,sa-0988-R01,صوص سبايسي طحينة,طحينة,,طحينة,sauce_condiment,سولتري - حي الياسمين,سولتري,حي الياسمين,سولتري - حي الياسمين,الشمال,بلدية,بلدية الشمال,False,True,الخمائر والاعفان,الخمائر والاعفان,1,,الخمائر والاعفان,False,indicator_only,,11,True
Data 2025.xlsx,11306,2025-12-16,2025-12,2025-W51,4,1,sa-0989-r01,sa-0989-R01,رز بروكلي,اطعمة جاهزة للأكل Ready to eat meals,Ready to eat meals,اطعمة جاهزة للأكل Ready to eat meals,prepared_meal,سولتري - حي الياسمين,سولتري,حي الياسمين,سولتري - حي الياسمين,الشمال,بلدية,بلدية الشمال,True,False,لا يوجد,,0,,,False,none,,13,True
Data 2025.xlsx,11307,2025-12-16,2025-12,2025-W51,4,1,sa-0990-r01,sa-0990-R01,باستا مسلوق,اطعمة جاهزة للأكل Ready to eat meals,Ready to eat meals,اطعمة جاهزة للأكل Ready to eat meals,prepared_meal,سولتري - حي الياسمين,سولتري,حي الياسمين,سولتري - حي الياسمين,الشمال,بلدية,بلدية الشمال,True,False,لا يوجد,,0,,,False,none,,13,True
Data 2025.xlsx,11276,2025-12-16,2025-12,2025-W51,4,1,sau-2796-r01,sau-2796-R01,صوص سيزر سلط,صوص (sauce),sauce,صوص (sauce),sauce_condiment,سولتري - حي الياسمين,سولتري,حي الياسمين,سولتري - حي الياسمين,الشمال,بلدية,بلدية الشمال,False,True,العد الكلي للبكتيريا,العد الكلي للبكتيريا,1,,العد الكلي للبكتيريا,False,indicator_only,,1,False
Data 2025.xlsx,11277,2025-12-16,2025-12,2025-W51,4,1,sau-2797-r01,sau-2797-R01,صوص سلط تيرا,صوص (sauce),sauce,صوص (sauce),sauce_condiment,سولتري - حي الياسمين,سولتري,حي الياسمين,سولتري - حي الياسمين,الشمال,بلدية,بلدية الشمال,False,True,العد الكلي للبكتيريا | الخمائر والاعفان,العد الكلي للبكتيريا | الخمائر والاعفان,2,,العد الكلي للبكتيريا | الخمائر والاعفان,False,indicator_only,,2,True
Data 2025.xlsx,11278,2025-12-16,2025-12,2025-W51,4,1,sau-2798-r01,sau-2798-R01,صوص كينوا تبولة,صوص (sauce),sauce,صوص (sauce),sauce_condiment,سولتري - حي الياسمين,سولتري,حي الياسمين,سولتري - حي الياسمين,الشمال,بلدية,بلدية الشمال,True,False,لا يوجد,,0,,,False,none,,2,True
Data 2025.xlsx,11279,2025-12-16,2025-12,2025-W51,4,1,sau-2799-r01,sau-2799-R01,صوص افو سلط,صوص (sauce),sauce,صوص (sauce),sauce_condiment,سولتري - حي الياسمين,سولتري,حي الياسمين,سولتري - حي الياسمين,الشمال,بلدية,بلدية الشمال,False,True,العد الكلي للبكتيريا,العد الكلي للبكتيريا,1,,العد الكلي للبكتيريا,False,indicator_only,,3,True
Data 2025.xlsx,11280,2025-12-16,2025-12,2025-W51,4,1,sau-2800-r01,sau-2800-R01,صوص ماوي تاي,صوص (sauce),sauce,صوص (sauce),sauce_condiment,سولتري - حي الياسمين,سولتري,حي الياسمين,سولتري - حي الياسمين,الشمال,بلدية,بلدية الشمال,True,False,لا يوجد,,0,,,False,none,,3,True
Data 2025.xlsx,11281,2025-12-16,2025-12,2025-W51,4,1,sau-2801-r01,sau-2801-R01,صوص ردسي,صوص (sauce),sauce,صوص (sauce),sauce_condiment,سولتري - حي الياسمين,سولتري,حي الياسمين,سولتري - حي الياسمين,الشمال,بلدية,بلدية الشمال,True,False,لا يوجد,,0,,,False,none,,3,True
Data 2025.xlsx,11282,2025-12-16,2025-12,2025-W51,4,1,sau-2802-r01,sau-2802-R01,صوص كيل ان كينوا سلط,صوص (sauce),sauce,صوص (sauce),sauce_condiment,سولتري - حي الياسمين,سولتري,حي الياسمين,سولتري - حي الياسمين,الشمال,بلدية,بلدية الشمال,False,True,العد الكلي للبكتيريا | الخمائر والاعفان,العد الكلي للبكتيريا | الخمائر والاعفان,2,,العد الكلي للبكتيريا | الخمائر والاعفان,False,indicator_only,,4,True
Data 2025.xlsx,11294,2025-12-16,2025-12,2025-W51,4,1,sau-2803-r01,sau-2803-R01,صوص لايت مايونيز,صوص (sauce),sauce,صوص (sauce),sauce_condiment,سولتري - حي الياسمين,سولتري,حي الياسمين,سولتري - حي الياسمين,الشمال,بلدية,بلدية الشمال,True,False,لا يوجد,,0,,,False,none,,6,True
Data 2025.xlsx,11295,2025-12-16,2025-12,2025-W51,4,1,sau-2804-r01,sau-2804-R01,صوص خردل,صوص (sauce),sauce,صوص (sauce),sauce_condiment,سولتري - حي الياسمين,سولتري,حي الياسمين,سولتري - حي الياسمين,الشمال,بلدية,بلدية الشمال,True,False,لا يوجد,,0,,,False,none,,6,True
Data 2025.xlsx,11297,2025-12-16,2025-12,2025-W51,4,1,sau-2805-r01,sau-2805-R01,صوص كبسة,صوص (sauce),sauce,صوص (sauce),sauce_condiment,سولتري - حي الياسمين,سولتري,حي الياسمين,سولتري - حي الياسمين,الشمال,بلدية,بلدية الشمال,False,True,العد الكلي للبكتيريا | الخمائر والاعفان,العد الكلي للبكتيريا | الخمائر والاعفان,2,,العد الكلي للبكتيريا | الخمائر والاعفان,False,indicator_only,,7,True
Data 2025.xlsx,11298,2025-12-16,2025-12,2025-W51,4,1,sau-2806-r01,sau-2806-R01,صوص ميريانا,صوص (sauce),sauce,صوص (sauce),sauce_condiment,سولتري - حي الياسمين,سولتري,حي الياسمين,سولتري - حي الياسمين,الشمال,بلدية,بلدية الشمال,False,True,العد الكلي للبكتيريا,العد الكلي للبكتيريا,1,,العد الكلي للبكتيريا,False,indicator_only,,8,True
Data 2025.xlsx,11299,2025-12-16,2025-12,2025-W51,4,1,sau-2807-r01,sau-2807-R01,صوص سجنتشر سالمون,صوص (sauce),sauce,صوص (sauce),sauce_condiment,سولتري - حي الياسمين,سولتري,حي الياسمين,سولتري - حي الياسمين,الشمال,بلدية,بلدية الشمال,True,False,لا يوجد,,0,,,False,none,,8,True
Data 2025.xlsx,11300,2025-12-16,2025-12,2025-W51,4,1,sau-2808-r01,sau-2808-R01,صوص شمي شيرلي,صوص (sauce),sauce,صوص (sauce),sauce_condiment,سولتري - حي الياسمين,سولتري,حي الياسمين,سولتري - حي الياسمين,الشمال,بلدية,بلدية الشمال,True,False,لا يوجد,,0,,,False,none,,8,True
Data 2025.xlsx,11301,2025-12-16,2025-12,2025-W51,4,1,sau-2809-r01,sau-2809-R01,صوص كاجو,صوص (sauce),sauce,صوص (sauce),sauce_condiment,سولتري - حي الياسمين,سولتري,حي الياسمين,سولتري - حي الياسمين,الشمال,بلدية,بلدية الشمال,False,True,استافيلوكوكس اورياس | انتيروباكتريسي | الخمائر والاعفان,استافيلوكوكس اورياس | انتيروباكتريسي | الخمائر والاعفان,3,استافيلوكوكس اورياس,انتيروباكتريسي | الخمائر والاعفان,True,pathogen,,9,True
Data 2025.xlsx,11302,2025-12-16,2025-12,2025-W51,4,1,sau-2810-r01,sau-2810-R01,صوص هورجر,صوص (sauce),sauce,صوص (sauce),sauce_condiment,سولتري - حي الياسمين,سولتري,حي الياسمين,سولتري - حي الياسمين,الشمال,بلدية,بلدية الشمال,False,True,العد الكلي للبكتيريا,العد الكلي للبكتيريا,1,,العد الكلي للبكتيريا,False,indicator_only,,10,True
Data 2025.xlsx,11304,2025-12-16,2025-12,2025-W51,4,1,sau-2811-r01,sau-2811-R01,صوص كاجو مع شمندر,صوص (sauce),sauce,صوص (sauce),sauce_condiment,سولتري - حي الياسمين,سولتري,حي الياسمين,سولتري - حي الياسمين,الشمال,بلدية,بلدية الشمال,False,True,العد الكلي للبكتيريا | انتيروباكتريسي | الخمائر والاعفان,العد الكلي للبكتيريا | انتيروباكتريسي | الخمائر والاعفان,3,,العد الكلي للبكتيريا | انتيروباكتريسي | الخمائر والاعفان,False,indicator_only,,12,True
Data 2025.xlsx,11308,2025-12-16,2025-12,2025-W51,4,1,sw-3858-r01,sw-3858-R01,مسحة ثلاججة,(Swabs) المسحات,Swabs,(Swabs) المسحات,swab,سولتري - حي الياسمين,سولتري,حي الياسمين,سولتري - حي الياسمين,الشمال,بلدية,بلدية الشمال,True,False,لا يوجد,,0,,,False,none,,13,True
Data 2025.xlsx,11309,2025-12-16,2025-12,2025-W51,4,1,sw-3859-r01,sw-3859-R01,مسحة ثلاجة اعداد,(Swabs) المسحات,Swabs,(Swabs) المسحات,swab,سولتري - حي الياسمين,سولتري,حي الياسمين,سولتري - حي الياسمين,الشمال,بلدية,بلدية الشمال,True,False,لا يوجد,,0,,,False,none,,13,True
Data 2025.xlsx,11310,2025-12-16,2025-12,2025-W51,4,1,sw-3860-r01,sw-3860-R01,مسحة ثلاجة صوصات,(Swabs) المسحات,Swabs,(Swabs) المسحات,swab,سولتري - حي الياسمين,سولتري,حي الياسمين,سولتري - حي الياسمين,الشمال,بلدية,بلدية الشمال,True,False,لا يوجد,,0,,,False,none,,13,True
Data 2025.xlsx,11296,2025-12-16,2025-12,2025-W51,4,1,to-0026-r01,to-0026-R01,صوص كاتشب,جميع أنواع منتجات الطماطم (All kinds of tomato products),All kinds of tomato products,جميع أنواع منتجات الطماطم (All kinds of tomato products),produce,سولتري - حي الياسمين,سولتري,حي الياسمين,سولتري - حي الياسمين,الشمال,بلدية,بلدية الشمال,True,False,لا يوجد,,0,,,False,none,,6,True
Data 2025.xlsx,11275,2025-12-16,2025-12,2025-W51,4,1,ubot-1188-r01,Ubot-1188-R01,مياه غسيل الادوات,المياه الغير معبأة (Unbottled water),Unbottled water,المياه الغير المعبأة (Unbottled water),water,مقهى ليالي العدليب - حي الياسمين,مقهى ليالي العدليب,حي الياسمين,مقهى ليالي العدليب - حي الياسمين,الشمال,قطاع,قطاع الشمال,False,True,كوليفورم,كوليفورم,1,,كوليفورم,False,indicator_only,category_merged_to_canonical,1,False
Data 2025.xlsx,11357,2025-12-20,2025-12,2025-W51,4,5,300-0016-R01,300-0016-R01,صوص بستاشو,المكسرات (Nuts),Nuts,المكسرات (Nuts),produce,وودن كوفي - حي الملقا,وودن كوفي,حي الملقا,وودن كوفي - حي الملقا,الشمال,بلدية,بلدية الشمال,True,False,لا يوجد,,0,,,False,none,,3,True
Data 2025.xlsx,11339,2025-12-20,2025-12,2025-W51,4,5,br-0121-r01,Br-0121-R01,دقيق مرسى,الخبـز (Bread),Bread,الخبـز (Bread),sweets_bakery,شركة لذة الطعام ( زل ) - حي الملقا,شركة لذة الطعام ( زل ),حي الملقا,شركة لذة الطعام ( زل ) - حي الملقا,الشمال,بلدية,بلدية الشمال,True,False,لا يوجد,,0,,,False,none,,4,True
Data 2025.xlsx,11344,2025-12-20,2025-12,2025-W51,4,5,ca-0214-r01,ca-0214-R01,تشيز كيك,الكعك ومنتجات المخابز الجاهزة للاكل بدون تسخين (Cakes and bakery products ready to eat ),Cakes and bakery products ready to eat,الكعك ومنتجات المخابز الجاهزة للاكل بدون تسخين (Cakes and bakery products ready to eat ),sweets_bakery,وودن كوفي - حي الملقا,وودن كوفي,حي الملقا,وودن كوفي - حي الملقا,الشمال,بلدية,بلدية الشمال,True,False,لا يوجد,,0,,,False,none,,0,False
Data 2025.xlsx,11345,2025-12-20,2025-12,2025-W51,4,5,ca-0215-r01,ca-0215-R01,كيكة عسل,الكعك ومنتجات المخابز الجاهزة للاكل بدون تسخين (Cakes and bakery products ready to eat ),Cakes and bakery products ready to eat,الكعك ومنتجات المخابز الجاهزة للاكل بدون تسخين (Cakes and bakery products ready to eat ),sweets_bakery,وودن كوفي - حي الملقا,وودن كوفي,حي الملقا,وودن كوفي - حي الملقا,الشمال,بلدية,بلدية الشمال,True,False,لا يوجد,,0,,,False,none,,0,False
Data 2025.xlsx,11346,2025-12-20,2025-12,2025-W51,4,5,ca-0216-r01,ca-0216-R01,كيكة جزر بندق,الكعك ومنتجات المخابز الجاهزة للاكل بدون تسخين (Cakes and bakery products ready to eat ),Cakes and bakery products ready to eat,الكعك ومنتجات المخابز الجاهزة للاكل بدون تسخين (Cakes and bakery products ready to eat ),sweets_bakery,وودن كوفي - حي الملقا,وودن كوفي,حي الملقا,وودن كوفي - حي الملقا,الشمال,بلدية,بلدية الشمال,True,False,لا يوجد,,0,,,False,none,,0,False
Data 2025.xlsx,11347,2025-12-20,2025-12,2025-W51,4,5,ca-0217-r01,ca-0217-R01,بف كريم (كاستر تشوك),الكعك ومنتجات المخابز الجاهزة للاكل بدون تسخين (Cakes and bakery products ready to eat ),Cakes and bakery products ready to eat,الكعك ومنتجات المخابز الجاهزة للاكل بدون تسخين (Cakes and bakery products ready to eat ),sweets_bakery,وودن كوفي - حي الملقا,وودن كوفي,حي الملقا,وودن كوفي - حي الملقا,الشمال,بلدية,بلدية الشمال,False,True,العد الكلي للبكتيريا,العد الكلي للبكتيريا,1,,العد الكلي للبكتيريا,False,indicator_only,,1,False
Data 2025.xlsx,11348,2025-12-20,2025-12,2025-W51,4,5,ca-0218-r01,ca-0218-R01,كيكة عسل شوكليت,الكعك ومنتجات المخابز الجاهزة للاكل بدون تسخين (Cakes and bakery products ready to eat ),Cakes and bakery products ready to eat,الكعك ومنتجات المخابز الجاهزة للاكل بدون تسخين (Cakes and bakery products ready to eat ),sweets_bakery,وودن كوفي - حي الملقا,وودن كوفي,حي الملقا,وودن كوفي - حي الملقا,الشمال,بلدية,بلدية الشمال,True,False,لا يوجد,,0,,,False,none,,1,False
Data 2025.xlsx,11349,2025-12-20,2025-12,2025-W51,4,5,ca-0219-r01,ca-0219-R01,تشيز كيك مدريد,الكعك ومنتجات المخابز الجاهزة للاكل بدون تسخين (Cakes and bakery products ready to eat ),Cakes and bakery products ready to eat,الكعك ومنتجات المخابز الجاهزة للاكل بدون تسخين (Cakes and bakery products ready to eat ),sweets_bakery,وودن كوفي - حي الملقا,وودن كوفي,حي الملقا,وودن كوفي - حي الملقا,الشمال,بلدية,بلدية الشمال,True,False,لا يوجد,,0,,,False,none,,1,False
Data 2025.xlsx,11350,2025-12-20,2025-12,2025-W51,4,5,ca-0220-r01,ca-0220-R01,كيكة سان سبيستان,الكعك ومنتجات المخابز الجاهزة للاكل بدون تسخين (Cakes and bakery products ready to eat ),Cakes and bakery products ready to eat,الكعك ومنتجات المخابز الجاهزة للاكل بدون تسخين (Cakes and bakery products ready to eat ),sweets_bakery,وودن كوفي - حي الملقا,وودن كوفي,حي الملقا,وودن كوفي - حي الملقا,الشمال,بلدية,بلدية الشمال,True,False,لا يوجد,,0,,,False,none,,1,False
Data 2025.xlsx,11351,2025-12-20,2025-12,2025-W51,4,5,ca-0221-r01,ca-0221-R01,كيك براوني,الكعك ومنتجات المخابز الجاهزة للاكل بدون تسخين (Cakes and bakery products ready to eat ),Cakes and bakery products ready to eat,الكعك ومنتجات المخابز الجاهزة للاكل بدون تسخين (Cakes and bakery products ready to eat ),sweets_bakery,وودن كوفي - حي الملقا,وودن كوفي,حي الملقا,وودن كوفي - حي الملقا,الشمال,بلدية,بلدية الشمال,True,False,لا يوجد,,0,,,False,none,,1,False
Data 2025.xlsx,11356,2025-12-20,2025-12,2025-W51,4,5,cho-0126-r01,cho-0126-R01,صوص تشوكليت,الشوكولاته (Chocolate),Chocolate,الشوكولاته (Chocolate),sweets_bakery,وودن كوفي - حي الملقا,وودن كوفي,حي الملقا,وودن كوفي - حي الملقا,الشمال,بلدية,بلدية الشمال,True,False,لا يوجد,,0,,,False,none,,3,True
Data 2025.xlsx,11330,2025-12-20,2025-12,2025-W51,4,5,cu-0022-r01,Cu-0022-R01,مرتديلا دجاج,اللحوم المملحة و/أو المدخنة (Cured and /or smoked meat),Cured and /or smoked meat,اللحوم المملحة و/أو المدخنة (Cured and /or smoked meat),cooked_meat_poultry,اسواق سويت مارت - حي الملقا,اسواق سويت مارت,حي الملقا,اسواق سويت مارت - حي الملقا,الشمال,بلدية,بلدية الشمال,True,False,لا يوجد,,0,,,False,none,,2,True
Data 2025.xlsx,11312,2025-12-20,2025-12,2025-W51,4,5,fermintedmilk-0038-r01,Fermintedmilk-0038-R01,لبنة,"Fermented milk products , منتجات الحليب المخمرة",Fermented milk products,"Fermented milk products , منتجات الحليب المخمرة",dairy,اسواق سويت مارت - حي الملقا,اسواق سويت مارت,حي الملقا,اسواق سويت مارت - حي الملقا,الشمال,بلدية,بلدية الشمال,True,False,لا يوجد,,0,,,False,none,,0,False
Data 2025.xlsx,11338,2025-12-20,2025-12,2025-W51,4,5,fermintedmilk-0039-r01,Fermintedmilk-0039-R01,زبادي مع بهارات,"Fermented milk products , منتجات الحليب المخمرة",Fermented milk products,"Fermented milk products , منتجات الحليب المخمرة",dairy,شركة لذة الطعام ( زل ) - حي الملقا,شركة لذة الطعام ( زل ),حي الملقا,شركة لذة الطعام ( زل ) - حي الملقا,الشمال,بلدية,بلدية الشمال,False,True,ايشيريشيا كولاي | انتيروباكتريسي,ايشيريشيا كولاي | انتيروباكتريسي,2,ايشيريشيا كولاي,انتيروباكتريسي,True,pathogen,,4,True
Data 2025.xlsx,11343,2025-12-20,2025-12,2025-W51,4,5,fr-0002-r01,FR-0002-R01,قشطة,Fermented Cream كريمة متخمرة,Fermented Cream,Fermented Cream كريمة متخمرة,dairy,شركة لذة الطعام ( زل ) - حي الملقا,شركة لذة الطعام ( زل ),حي الملقا,شركة لذة الطعام ( زل ) - حي الملقا,الشمال,بلدية,بلدية الشمال,True,False,لا يوجد,,0,,,False,none,,4,True
Data 2025.xlsx,11337,2025-12-20,2025-12,2025-W51,4,5,fr-0186-r01,fr-0186-R01,صوص تمر هندي,فواكه جافة (Dried fruits),Dried fruits,فواكه جافة (Dried fruits),produce,شركة لذة الطعام ( زل ) - حي الملقا,شركة لذة الطعام ( زل ),حي الملقا,شركة لذة الطعام ( زل ) - حي الملقا,الشمال,بلدية,بلدية الشمال,True,False,لا يوجد,,0,,,False,none,,3,True
Data 2025.xlsx,11352,2025-12-20,2025-12,2025-W51,4,5,he-0025-r01,he-0025-R01,مشروب كركدية,الأعشاب المجففة (Dried herbs ),Dried herbs,الأعشاب المجففة (Dried herbs ),produce,وودن كوفي - حي الملقا,وودن كوفي,حي الملقا,وودن كوفي - حي الملقا,الشمال,بلدية,بلدية الشمال,True,False,لا يوجد,,0,,,False,none,,1,False
Data 2025.xlsx,11340,2025-12-20,2025-12,2025-W51,4,5,ho-0269-r01,ho-0269-R01,عسل طبيعي,(Honey) عسل النحل,Honey,(Honey) عسل النحل,sweets_bakery,شركة لذة الطعام ( زل ) - حي الملقا,شركة لذة الطعام ( زل ),حي الملقا,شركة لذة الطعام ( زل ) - حي الملقا,الشمال,بلدية,بلدية الشمال,True,False,لا يوجد,,0,,,False,none,,4,True
Data 2025.xlsx,11353,2025-12-20,2025-12,2025-W51,4,5,milk-0064-r01,Milk-0064-R01,حليب وايت موكا مع شوكليت بيضاء,الحليب (Milk),Milk,الحليب (Milk),dairy,وودن كوفي - حي الملقا,وودن كوفي,حي الملقا,وودن كوفي - حي الملقا,الشمال,بلدية,بلدية الشمال,False,True,انتيروباكتريسي,انتيروباكتريسي,1,,انتيروباكتريسي,False,indicator_only,,2,True
Data 2025.xlsx,11354,2025-12-20,2025-12,2025-W51,4,5,milk-0065-r01,Milk-0065-R01,حليب سبانيش مع نستلة,الحليب (Milk),Milk,الحليب (Milk),dairy,وودن كوفي - حي الملقا,وودن كوفي,حي الملقا,وودن كوفي - حي الملقا,الشمال,بلدية,بلدية الشمال,False,True,انتيروباكتريسي,انتيروباكتريسي,1,,انتيروباكتريسي,False,indicator_only,,3,True
Data 2025.xlsx,11319,2025-12-20,2025-12,2025-W51,4,5,pi-0168-r01,pi-0168-R01,زيتون اسود يوناني,مخلل الخضروات /الفواكه (Pickled/fermented vegetable / fruits),Pickled/fermented vegetable / fruits,مخلل الخضروات /الفواكه (Pickled/fermented vegetable / fruits),dairy,اسواق سويت مارت - حي الملقا,اسواق سويت مارت,حي الملقا,اسواق سويت مارت - حي الملقا,الشمال,بلدية,بلدية الشمال,True,False,لا يوجد,,0,,,False,none,,0,False
Data 2025.xlsx,11320,2025-12-20,2025-12,2025-W51,4,5,pi-0169-r01,pi-0169-R01,زيتون اخضر كوبوليفيا بدون عجو,مخلل الخضروات /الفواكه (Pickled/fermented vegetable / fruits),Pickled/fermented vegetable / fruits,مخلل الخضروات /الفواكه (Pickled/fermented vegetable / fruits),dairy,اسواق سويت مارت - حي الملقا,اسواق سويت مارت,حي الملقا,اسواق سويت مارت - حي الملقا,الشمال,بلدية,بلدية الشمال,True,False,لا يوجد,,0,,,False,none,,0,False
Data 2025.xlsx,11321,2025-12-20,2025-12,2025-W51,4,5,pi-0170-r01,pi-0170-R01,زيتون اسود حبة صغير,مخلل الخضروات /الفواكه (Pickled/fermented vegetable / fruits),Pickled/fermented vegetable / fruits,مخلل الخضروات /الفواكه (Pickled/fermented vegetable / fruits),dairy,اسواق سويت مارت - حي الملقا,اسواق سويت مارت,حي الملقا,اسواق سويت مارت - حي الملقا,الشمال,بلدية,بلدية الشمال,True,False,لا يوجد,,0,,,False,none,,0,False
Data 2025.xlsx,11322,2025-12-20,2025-12,2025-W51,4,5,pi-0171-r01,pi-0171-R01,زيتون يوناني كامالاتا,مخلل الخضروات /الفواكه (Pickled/fermented vegetable / fruits),Pickled/fermented vegetable / fruits,مخلل الخضروات /الفواكه (Pickled/fermented vegetable / fruits),dairy,اسواق سويت مارت - حي الملقا,اسواق سويت مارت,حي الملقا,اسواق سويت مارت - حي الملقا,الشمال,بلدية,بلدية الشمال,False,True,اعفان,الخمائر والاعفان,1,,الخمائر والاعفان,False,indicator_only,,1,False
Data 2025.xlsx,11323,2025-12-20,2025-12,2025-W51,4,5,pi-0172-r01,pi-0172-R01,زيتون اخضر مشوي,مخلل الخضروات /الفواكه (Pickled/fermented vegetable / fruits),Pickled/fermented vegetable / fruits,مخلل الخضروات /الفواكه (Pickled/fermented vegetable / fruits),dairy,اسواق سويت مارت - حي الملقا,اسواق سويت مارت,حي الملقا,اسواق سويت مارت - حي الملقا,الشمال,بلدية,بلدية الشمال,True,False,لا يوجد,,0,,,False,none,,1,False
Data 2025.xlsx,11325,2025-12-20,2025-12,2025-W51,4,5,pi-0173-r01,pi-0173-R01,مخلل مصري حار,مخلل الخضروات /الفواكه (Pickled/fermented vegetable / fruits),Pickled/fermented vegetable / fruits,مخلل الخضروات /الفواكه (Pickled/fermented vegetable / fruits),dairy,اسواق سويت مارت - حي الملقا,اسواق سويت مارت,حي الملقا,اسواق سويت مارت - حي الملقا,الشمال,بلدية,بلدية الشمال,True,False,لا يوجد,,0,,,False,none,,2,True
Data 2025.xlsx,11342,2025-12-20,2025-12,2025-W51,4,5,pi-0174-r01,pi-0174-R01,زيتون اسود,مخلل الخضروات /الفواكه (Pickled/fermented vegetable / fruits),Pickled/fermented vegetable / fruits,مخلل الخضروات /الفواكه (Pickled/fermented vegetable / fruits),dairy,شركة لذة الطعام ( زل ) - حي الملقا,شركة لذة الطعام ( زل ),حي الملقا,شركة لذة الطعام ( زل ) - حي الملقا,الشمال,بلدية,بلدية الشمال,True,False,لا يوجد,,0,,,False,none,,4,True
Data 2025.xlsx,11456,2025-12-20,2025-12,2025-W51,4,5,pi-0175-r01,pi-0175-R01,مخلل مصري,مخلل الخضروات /الفواكه (Pickled/fermented vegetable / fruits),Pickled/fermented vegetable / fruits,مخلل الخضروات /الفواكه (Pickled/fermented vegetable / fruits),dairy,اسواق سويت مارت - حي الملقا,اسواق سويت مارت,حي الملقا,اسواق سويت مارت - حي الملقا,الشمال,بلدية,بلدية الشمال,True,False,لا يوجد,,0,,,False,none,,3,True
Data 2025.xlsx,11317,2025-12-20,2025-12,2025-W51,4,5,sa-0991-r01,sa-0991-R01,سلطة جبن بالحبة البركة,اطعمة جاهزة للأكل Ready to eat meals,Ready to eat meals,اطعمة جاهزة للأكل Ready to eat meals,prepared_meal,اسواق سويت مارت - حي الملقا,اسواق سويت مارت,حي الملقا,اسواق سويت مارت - حي الملقا,الشمال,بلدية,بلدية الشمال,True,False,لا يوجد,,0,,,False,none,,0,False
Data 2025.xlsx,11318,2025-12-20,2025-12,2025-W51,4,5,sa-0992-r01,sa-0992-R01,سلطة جبن حارة,اطعمة جاهزة للأكل Ready to eat meals,Ready to eat meals,اطعمة جاهزة للأكل Ready to eat meals,prepared_meal,اسواق سويت مارت - حي الملقا,اسواق سويت مارت,حي الملقا,اسواق سويت مارت - حي الملقا,الشمال,بلدية,بلدية الشمال,True,False,لا يوجد,,0,,,False,none,,0,False
Data 2025.xlsx,11333,2025-12-20,2025-12,2025-W51,4,5,sa-0993-r01,sa-0993-R01,فطيرة بيتزا,اطعمة جاهزة للأكل Ready to eat meals,Ready to eat meals,اطعمة جاهزة للأكل Ready to eat meals,prepared_meal,اسواق سويت مارت - حي الملقا,اسواق سويت مارت,حي الملقا,اسواق سويت مارت - حي الملقا,الشمال,بلدية,بلدية الشمال,True,False,لا يوجد,,0,,,False,none,,3,True
Data 2025.xlsx,11324,2025-12-20,2025-12,2025-W51,4,5,sau-2812-r01,sau-2812-R01,شطة حمراء,صوص (sauce),sauce,صوص (sauce),sauce_condiment,اسواق سويت مارت - حي الملقا,اسواق سويت مارت,حي الملقا,اسواق سويت مارت - حي الملقا,الشمال,بلدية,بلدية الشمال,False,True,العد الكلي للبكتيريا,العد الكلي للبكتيريا,1,,العد الكلي للبكتيريا,False,indicator_only,,2,True
Data 2025.xlsx,11334,2025-12-20,2025-12,2025-W51,4,5,sau-2813-r01,sau-2813-R01,صوص حلبة,صوص (sauce),sauce,صوص (sauce),sauce_condiment,شركة لذة الطعام ( زل ) - حي الملقا,شركة لذة الطعام ( زل ),حي الملقا,شركة لذة الطعام ( زل ) - حي الملقا,الشمال,بلدية,بلدية الشمال,False,True,العد الكلي للبكتيريا,العد الكلي للبكتيريا,1,,العد الكلي للبكتيريا,False,indicator_only,,1,False
Data 2025.xlsx,11335,2025-12-20,2025-12,2025-W51,4,5,sau-2814-r01,sau-2814-R01,صوص طحينة مع كزبرة,صوص (sauce),sauce,صوص (sauce),sauce_condiment,شركة لذة الطعام ( زل ) - حي الملقا,شركة لذة الطعام ( زل ),حي الملقا,شركة لذة الطعام ( زل ) - حي الملقا,الشمال,بلدية,بلدية الشمال,False,True,العد الكلي للبكتيريا | استافيلوكوكس اورياس,العد الكلي للبكتيريا | استافيلوكوكس اورياس,2,استافيلوكوكس اورياس,العد الكلي للبكتيريا,True,pathogen,,2,True
Data 2025.xlsx,11336,2025-12-20,2025-12,2025-W51,4,5,sau-2815-r01,sau-2815-R01,شطة حار,صوص (sauce),sauce,صوص (sauce),sauce_condiment,شركة لذة الطعام ( زل ) - حي الملقا,شركة لذة الطعام ( زل ),حي الملقا,شركة لذة الطعام ( زل ) - حي الملقا,الشمال,بلدية,بلدية الشمال,False,True,العد الكلي للبكتيريا,العد الكلي للبكتيريا,1,,العد الكلي للبكتيريا,False,indicator_only,,3,True
Data 2025.xlsx,11355,2025-12-20,2025-12,2025-W51,4,5,sau-2816-r01,sau-2816-R01,صوص روز بيري,صوص (sauce),sauce,صوص (sauce),sauce_condiment,وودن كوفي - حي الملقا,وودن كوفي,حي الملقا,وودن كوفي - حي الملقا,الشمال,بلدية,بلدية الشمال,True,False,لا يوجد,,0,,,False,none,,3,True
Data 2025.xlsx,11313,2025-12-20,2025-12,2025-W51,4,5,so-0049-r01,SO-0049-R01,مفروكة بالفلفل والتوابل جبنة,(Soft Cheese) جبن طري / جبن سائل,Soft Cheese,(Soft Cheese) جبن طري / جبن سائل,dairy,اسواق سويت مارت - حي الملقا,اسواق سويت مارت,حي الملقا,اسواق سويت مارت - حي الملقا,الشمال,بلدية,بلدية الشمال,True,False,لا يوجد,,0,,,False,none,,0,False
Data 2025.xlsx,11314,2025-12-20,2025-12,2025-W51,4,5,so-0050-r01,SO-0050-R01,مش مصري,(Soft Cheese) جبن طري / جبن سائل,Soft Cheese,(Soft Cheese) جبن طري / جبن سائل,dairy,اسواق سويت مارت - حي الملقا,اسواق سويت مارت,حي الملقا,اسواق سويت مارت - حي الملقا,الشمال,بلدية,بلدية الشمال,True,False,لا يوجد,,0,,,False,none,,0,False
Data 2025.xlsx,11315,2025-12-20,2025-12,2025-W51,4,5,so-0051-r01,SO-0051-R01,جبنة مفروكة بالخضار والتوابل,(Soft Cheese) جبن طري / جبن سائل,Soft Cheese,(Soft Cheese) جبن طري / جبن سائل,dairy,اسواق سويت مارت - حي الملقا,اسواق سويت مارت,حي الملقا,اسواق سويت مارت - حي الملقا,الشمال,بلدية,بلدية الشمال,True,False,لا يوجد,,0,,,False,none,,0,False
Data 2025.xlsx,11316,2025-12-20,2025-12,2025-W51,4,5,so-0052-r01,SO-0052-R01,جبن حلوم نجوم طويلة,(Soft Cheese) جبن طري / جبن سائل,Soft Cheese,(Soft Cheese) جبن طري / جبن سائل,dairy,اسواق سويت مارت - حي الملقا,اسواق سويت مارت,حي الملقا,اسواق سويت مارت - حي الملقا,الشمال,بلدية,بلدية الشمال,True,False,لا يوجد,,0,,,False,none,,0,False
Data 2025.xlsx,11326,2025-12-20,2025-12,2025-W51,4,5,so-0053-r01,SO-0053-R01,مخلل مصري,(Soft Cheese) جبن طري / جبن سائل,Soft Cheese,(Soft Cheese) جبن طري / جبن سائل,dairy,اسواق سويت مارت - حي الملقا,اسواق سويت مارت,حي الملقا,اسواق سويت مارت - حي الملقا,الشمال,بلدية,بلدية الشمال,True,False,لا يوجد,,0,,,False,none,,2,True
Data 2025.xlsx,11327,2025-12-20,2025-12,2025-W51,4,5,so-0054-r01,SO-0054-R01,جبنة اسكندراني,(Soft Cheese) جبن طري / جبن سائل,Soft Cheese,(Soft Cheese) جبن طري / جبن سائل,dairy,اسواق سويت مارت - حي الملقا,اسواق سويت مارت,حي الملقا,اسواق سويت مارت - حي الملقا,الشمال,بلدية,بلدية الشمال,True,False,لا يوجد,,0,,,False,none,,2,True
Data 2025.xlsx,11328,2025-12-20,2025-12,2025-W51,4,5,so-0055-r01,SO-0055-R01,جبنة فيتا,(Soft Cheese) جبن طري / جبن سائل,Soft Cheese,(Soft Cheese) جبن طري / جبن سائل,dairy,اسواق سويت مارت - حي الملقا,اسواق سويت مارت,حي الملقا,اسواق سويت مارت - حي الملقا,الشمال,بلدية,بلدية الشمال,True,False,لا يوجد,,0,,,False,none,,2,True
Data 2025.xlsx,11329,2025-12-20,2025-12,2025-W51,4,5,so-0056-r01,SO-0056-R01,جبنة هنقارية,(Soft Cheese) جبن طري / جبن سائل,Soft Cheese,(Soft Cheese) جبن طري / جبن سائل,dairy,اسواق سويت مارت - حي الملقا,اسواق سويت مارت,حي الملقا,اسواق سويت مارت - حي الملقا,الشمال,بلدية,بلدية الشمال,True,False,لا يوجد,,0,,,False,none,,2,True
Data 2025.xlsx,11341,2025-12-20,2025-12,2025-W51,4,5,so-0057-r01,SO-0057-R01,جبن شيدر,(Soft Cheese) جبن طري / جبن سائل,Soft Cheese,(Soft Cheese) جبن طري / جبن سائل,dairy,شركة لذة الطعام ( زل ) - حي الملقا,شركة لذة الطعام ( زل ),حي الملقا,شركة لذة الطعام ( زل ) - حي الملقا,الشمال,بلدية,بلدية الشمال,True,False,لا يوجد,,0,,,False,none,,4,True
Data 2025.xlsx,11331,2025-12-20,2025-12,2025-W51,4,5,sw-3861-r01,sw-3861-R01,مسحة ثلاجة الاجبان,(Swabs) المسحات,Swabs,(Swabs) المسحات,swab,اسواق سويت مارت - حي الملقا,اسواق سويت مارت,حي الملقا,اسواق سويت مارت - حي الملقا,الشمال,بلدية,بلدية الشمال,True,False,لا يوجد,,0,,,False,none,,2,True
Data 2025.xlsx,11332,2025-12-20,2025-12,2025-W51,4,5,sw-3862-r01,sw-3862-R01,مسحة قطاعة مرتديلا,(Swabs) المسحات,Swabs,(Swabs) المسحات,swab,اسواق سويت مارت - حي الملقا,اسواق سويت مارت,حي الملقا,اسواق سويت مارت - حي الملقا,الشمال,بلدية,بلدية الشمال,False,True,العد الكلي للبكتيريا,العد الكلي للبكتيريا,1,,العد الكلي للبكتيريا,False,indicator_only,,3,True
Data 2025.xlsx,11358,2025-12-20,2025-12,2025-W51,4,5,sw-3863-r01,sw-3863-R01,مسحة ثلاجة كيك,(Swabs) المسحات,Swabs,(Swabs) المسحات,swab,وودن كوفي - حي الملقا,وودن كوفي,حي الملقا,وودن كوفي - حي الملقا,الشمال,بلدية,بلدية الشمال,True,False,لا يوجد,,0,,,False,none,,3,True
Data 2025.xlsx,11359,2025-12-20,2025-12,2025-W51,4,5,sw-3864-r01,sw-3864-R01,مسحة صانعة ثلج,(Swabs) المسحات,Swabs,(Swabs) المسحات,swab,وودن كوفي - حي الملقا,وودن كوفي,حي الملقا,وودن كوفي - حي الملقا,الشمال,بلدية,بلدية الشمال,True,False,لا يوجد,,0,,,False,none,,3,True
Data 2025.xlsx,11360,2025-12-20,2025-12,2025-W51,4,5,sw-3865-r01,sw-3865-R01,مسحة صانعة ثلج,(Swabs) المسحات,Swabs,(Swabs) المسحات,swab,وودن كوفي - حي الملقا,وودن كوفي,حي الملقا,وودن كوفي - حي الملقا,الشمال,بلدية,بلدية الشمال,True,False,لا يوجد,,0,,,False,none,,3,True
Data 2025.xlsx,11361,2025-12-20,2025-12,2025-W51,4,5,ubot-1189-r01,Ubot-1189-R01,مياه فلتر للكافي م - ك,المياه الغير معبأة (Unbottled water),Unbottled water,المياه الغير المعبأة (Unbottled water),water,وودن كوفي - حي الملقا,وودن كوفي,حي الملقا,وودن كوفي - حي الملقا,الشمال,بلدية,بلدية الشمال,True,False,لا يوجد,,0,,,False,none,category_merged_to_canonical,3,True
Data 2025.xlsx,11383,2025-12-21,2025-12,2025-W51,4,6,ca-0222-r01,ca-0222-R01,عجينة كوكيز,الكعك ومنتجات المخابز الجاهزة للاكل بدون تسخين (Cakes and bakery products ready to eat ),Cakes and bakery products ready to eat,الكعك ومنتجات المخابز الجاهزة للاكل بدون تسخين (Cakes and bakery products ready to eat ),sweets_bakery,شركة ذرة السعادة - الغدير,شركة ذرة السعادة,الغدير,شركة ذرة السعادة - الغدير,الشمال,بلدية,بلدية الشمال,True,False,لا يوجد,,0,,,False,none,,4,True
Data 2025.xlsx,11384,2025-12-21,2025-12,2025-W51,4,6,ca-0223-r01,ca-0223-R01,ثيرتي مع جبن,الكعك ومنتجات المخابز الجاهزة للاكل بدون تسخين (Cakes and bakery products ready to eat ),Cakes and bakery products ready to eat,الكعك ومنتجات المخابز الجاهزة للاكل بدون تسخين (Cakes and bakery products ready to eat ),sweets_bakery,شركة ذرة السعادة - الغدير,شركة ذرة السعادة,الغدير,شركة ذرة السعادة - الغدير,الشمال,بلدية,بلدية الشمال,True,False,لا يوجد,,0,,,False,none,,4,True
Data 2025.xlsx,11385,2025-12-21,2025-12,2025-W51,4,6,ca-0224-r01,ca-0224-R01,كروسان مع جبن,الكعك ومنتجات المخابز الجاهزة للاكل بدون تسخين (Cakes and bakery products ready to eat ),Cakes and bakery products ready to eat,الكعك ومنتجات المخابز الجاهزة للاكل بدون تسخين (Cakes and bakery products ready to eat ),sweets_bakery,شركة ذرة السعادة - الغدير,شركة ذرة السعادة,الغدير,شركة ذرة السعادة - الغدير,الشمال,بلدية,بلدية الشمال,True,False,لا يوجد,,0,,,False,none,,4,True
Data 2025.xlsx,11386,2025-12-21,2025-12,2025-W51,4,6,ca-0225-r01,ca-0225-R01,كروسان زعتر,الكعك ومنتجات المخابز الجاهزة للاكل بدون تسخين (Cakes and bakery products ready to eat ),Cakes and bakery products ready to eat,الكعك ومنتجات المخابز الجاهزة للاكل بدون تسخين (Cakes and bakery products ready to eat ),sweets_bakery,شركة ذرة السعادة - الغدير,شركة ذرة السعادة,الغدير,شركة ذرة السعادة - الغدير,الشمال,بلدية,بلدية الشمال,True,False,لا يوجد,,0,,,False,none,,4,True
Data 2025.xlsx,11387,2025-12-21,2025-12,2025-W51,4,6,ca-0226-r01,ca-0226-R01,رول بستاشو روز بيري,الكعك ومنتجات المخابز الجاهزة للاكل بدون تسخين (Cakes and bakery products ready to eat ),Cakes and bakery products ready to eat,الكعك ومنتجات المخابز الجاهزة للاكل بدون تسخين (Cakes and bakery products ready to eat ),sweets_bakery,شركة ذرة السعادة - الغدير,شركة ذرة السعادة,الغدير,شركة ذرة السعادة - الغدير,الشمال,بلدية,بلدية الشمال,False,True,العد الكلي للبكتيريا | باسيلس سيريس,العد الكلي للبكتيريا | باسيلس سيريس,2,باسيلس سيريس,العد الكلي للبكتيريا,True,pathogen,,5,True
Data 2025.xlsx,11366,2025-12-21,2025-12,2025-W51,4,6,cho-0127-r01,cho-0127-R01,صوص شوكليت,الشوكولاته (Chocolate),Chocolate,الشوكولاته (Chocolate),sweets_bakery,تايقر شوقر - الغدير,تايقر شوقر,الغدير,تايقر شوقر - الغدير,الشمال,بلدية,بلدية الشمال,False,True,انتيروباكتريسي,انتيروباكتريسي,1,,انتيروباكتريسي,False,indicator_only,,1,False
Data 2025.xlsx,11367,2025-12-21,2025-12,2025-W51,4,6,cond-0015-r01,cond-0015-R01,نستلة,الحليب المكثف والحليب المكثف المحلى (condensed and sweeten condensed milk),condensed and sweeten condensed milk,الحليب المكثف والحليب المكثف المحلى (condensed and sweeten condensed milk),dairy,تايقر شوقر - الغدير,تايقر شوقر,الغدير,تايقر شوقر - الغدير,الشمال,بلدية,بلدية الشمال,False,True,العد الكلي للبكتيريا,العد الكلي للبكتيريا,1,,العد الكلي للبكتيريا,False,indicator_only,,2,True
Data 2025.xlsx,11377,2025-12-21,2025-12,2025-W51,4,6,fermintedmilk-0040-r01,Fermintedmilk-0040-R01,لبنة,"Fermented milk products , منتجات الحليب المخمرة",Fermented milk products,"Fermented milk products , منتجات الحليب المخمرة",dairy,شركة ذرة السعادة - الغدير,شركة ذرة السعادة,الغدير,شركة ذرة السعادة - الغدير,الشمال,بلدية,بلدية الشمال,True,False,لا يوجد,,0,,,False,none,,0,False
Data 2025.xlsx,11365,2025-12-21,2025-12,2025-W51,4,6,fl-0108-r01,fl-0108-R01,مشروب نيتشي,شراب بنكهة و مركزاتها ( flavoured drink & its concentrates ),flavoured drink & its concentrates,شراب بنكهة و مركزاتها ( flavoured drink & its concentrates ),sauce_condiment,تايقر شوقر - الغدير,تايقر شوقر,الغدير,تايقر شوقر - الغدير,الشمال,بلدية,بلدية الشمال,True,False,لا يوجد,,0,,,False,none,,0,False
Data 2025.xlsx,11369,2025-12-21,2025-12,2025-W51,4,6,fl-0109-r01,fl-0109-R01,نكهة فراولة,شراب بنكهة و مركزاتها ( flavoured drink & its concentrates ),flavoured drink & its concentrates,شراب بنكهة و مركزاتها ( flavoured drink & its concentrates ),sauce_condiment,تايقر شوقر - الغدير,تايقر شوقر,الغدير,تايقر شوقر - الغدير,الشمال,بلدية,بلدية الشمال,True,False,لا يوجد,,0,,,False,none,,2,True
Data 2025.xlsx,11370,2025-12-21,2025-12,2025-W51,4,6,fl-0110-r01,fl-0110-R01,شراب مركز فيمتو,شراب بنكهة و مركزاتها ( flavoured drink & its concentrates ),flavoured drink & its concentrates,شراب بنكهة و مركزاتها ( flavoured drink & its concentrates ),sauce_condiment,تايقر شوقر - الغدير,تايقر شوقر,الغدير,تايقر شوقر - الغدير,الشمال,بلدية,بلدية الشمال,True,False,لا يوجد,,0,,,False,none,,2,True
Data 2025.xlsx,11382,2025-12-21,2025-12,2025-W51,4,6,fl-0111-r01,fl-0111-R01,مشروب بنانا بريد,شراب بنكهة و مركزاتها ( flavoured drink & its concentrates ),flavoured drink & its concentrates,شراب بنكهة و مركزاتها ( flavoured drink & its concentrates ),sauce_condiment,شركة ذرة السعادة - الغدير,شركة ذرة السعادة,الغدير,شركة ذرة السعادة - الغدير,الشمال,بلدية,بلدية الشمال,False,True,الخمائر والاعفان,الخمائر والاعفان,1,,الخمائر والاعفان,False,indicator_only,,4,True
Data 2025.xlsx,11375,2025-12-21,2025-12,2025-W51,4,6,gcv-0281-r01,GCV-0281-R01,طماطم مطبوخ,الخضار المشوية و المطبوخة,,الخضار المشوية و المطبوخة,cooked_meat_poultry,شركة ذرة السعادة - الغدير,شركة ذرة السعادة,الغدير,شركة ذرة السعادة - الغدير,الشمال,بلدية,بلدية الشمال,True,False,لا يوجد,,0,,,False,none,,0,False
Data 2025.xlsx,11380,2025-12-21,2025-12,2025-W51,4,6,he-0026-r01,he-0026-R01,مشروب ماتشا,الأعشاب المجففة (Dried herbs ),Dried herbs,الأعشاب المجففة (Dried herbs ),produce,شركة ذرة السعادة - الغدير,شركة ذرة السعادة,الغدير,شركة ذرة السعادة - الغدير,الشمال,بلدية,بلدية الشمال,False,True,كوليفورم,كوليفورم,1,,كوليفورم,False,indicator_only,,2,True
Data 2025.xlsx,11363,2025-12-21,2025-12,2025-W51,4,6,mo-0031-r01,mo-0031-R01,صوص سكر,"المولاس بانواعه - الدبس - كتل السكر البنية (Molasses, debs ( date syrup ), hard brown sugar )",hard brown sugar,"المولاس بانواعه - الدبس - كتل السكر البنية (Molasses, debs ( date syrup ), hard brown sugar )",dairy,تايقر شوقر - الغدير,تايقر شوقر,الغدير,تايقر شوقر - الغدير,الشمال,بلدية,بلدية الشمال,True,False,لا يوجد,,0,,,False,none,,0,False
Data 2025.xlsx,11364,2025-12-21,2025-12,2025-W51,4,6,mo-0032-r01,mo-0032-R01,صوص رول ينق سكر,"المولاس بانواعه - الدبس - كتل السكر البنية (Molasses, debs ( date syrup ), hard brown sugar )",hard brown sugar,"المولاس بانواعه - الدبس - كتل السكر البنية (Molasses, debs ( date syrup ), hard brown sugar )",dairy,تايقر شوقر - الغدير,تايقر شوقر,الغدير,تايقر شوقر - الغدير,الشمال,بلدية,بلدية الشمال,True,False,لا يوجد,,0,,,False,none,,0,False
Data 2025.xlsx,11368,2025-12-21,2025-12,2025-W51,4,6,mo-0033-r01,mo-0033-R01,صوص كراميل,"المولاس بانواعه - الدبس - كتل السكر البنية (Molasses, debs ( date syrup ), hard brown sugar )",hard brown sugar,"المولاس بانواعه - الدبس - كتل السكر البنية (Molasses, debs ( date syrup ), hard brown sugar )",dairy,تايقر شوقر - الغدير,تايقر شوقر,الغدير,تايقر شوقر - الغدير,الشمال,بلدية,بلدية الشمال,True,False,لا يوجد,,0,,,False,none,,2,True
Data 2025.xlsx,11376,2025-12-21,2025-12,2025-W51,4,6,sa-0994-r01,sa-0994-R01,سلطة تونة,اطعمة جاهزة للأكل Ready to eat meals,Ready to eat meals,اطعمة جاهزة للأكل Ready to eat meals,prepared_meal,شركة ذرة السعادة - الغدير,شركة ذرة السعادة,الغدير,شركة ذرة السعادة - الغدير,الشمال,بلدية,بلدية الشمال,True,False,لا يوجد,,0,,,False,none,,0,False
Data 2025.xlsx,11371,2025-12-21,2025-12,2025-W51,4,6,sau-2817-r01,sau-2817-R01,صوص مانجا,صوص (sauce),sauce,صوص (sauce),sauce_condiment,تايقر شوقر - الغدير,تايقر شوقر,الغدير,تايقر شوقر - الغدير,الشمال,بلدية,بلدية الشمال,True,False,لا يوجد,,0,,,False,none,,2,True
Data 2025.xlsx,11378,2025-12-21,2025-12,2025-W51,4,6,sau-2818-r01,sau-2818-R01,صوص سلمون,صوص (sauce),sauce,صوص (sauce),sauce_condiment,شركة ذرة السعادة - الغدير,شركة ذرة السعادة,الغدير,شركة ذرة السعادة - الغدير,الشمال,بلدية,بلدية الشمال,True,False,لا يوجد,,0,,,False,none,,0,False
Data 2025.xlsx,11379,2025-12-21,2025-12,2025-W51,4,6,sau-2819-r01,sau-2819-R01,صوص فوم مع فانيلا,صوص (sauce),sauce,صوص (sauce),sauce_condiment,شركة ذرة السعادة - الغدير,شركة ذرة السعادة,الغدير,شركة ذرة السعادة - الغدير,الشمال,بلدية,بلدية الشمال,False,True,العد الكلي للبكتيريا | انتيروباكتريسي,العد الكلي للبكتيريا | انتيروباكتريسي,2,,العد الكلي للبكتيريا | انتيروباكتريسي,False,indicator_only,,1,False
Data 2025.xlsx,11381,2025-12-21,2025-12,2025-W51,4,6,sau-2820-r01,sau-2820-R01,صوص بيستو,صوص (sauce),sauce,صوص (sauce),sauce_condiment,شركة ذرة السعادة - الغدير,شركة ذرة السعادة,الغدير,شركة ذرة السعادة - الغدير,الشمال,بلدية,بلدية الشمال,False,True,العد الكلي للبكتيريا | انتيروباكتريسي | الخمائر والاعفان,العد الكلي للبكتيريا | انتيروباكتريسي | الخمائر والاعفان,3,,العد الكلي للبكتيريا | انتيروباكتريسي | الخمائر والاعفان,False,indicator_only,,3,True
Data 2025.xlsx,11373,2025-12-21,2025-12,2025-W51,4,6,sw-3866-r01,sw-3866-R01,مسحة حافظة ثلج,(Swabs) المسحات,Swabs,(Swabs) المسحات,swab,تايقر شوقر - الغدير,تايقر شوقر,الغدير,تايقر شوقر - الغدير,الشمال,بلدية,بلدية الشمال,True,False,لا يوجد,,0,,,False,none,,2,True
Data 2025.xlsx,11374,2025-12-21,2025-12,2025-W51,4,6,sw-3867-r01,sw-3867-R01,مسحة صانعة ثلج,(Swabs) المسحات,Swabs,(Swabs) المسحات,swab,تايقر شوقر - الغدير,تايقر شوقر,الغدير,تايقر شوقر - الغدير,الشمال,بلدية,بلدية الشمال,True,False,لا يوجد,,0,,,False,none,,2,True
Data 2025.xlsx,11388,2025-12-21,2025-12,2025-W51,4,6,sw-3868-r01,sw-3868-R01,مسحة ثلاجة حلا,(Swabs) المسحات,Swabs,(Swabs) المسحات,swab,شركة ذرة السعادة - الغدير,شركة ذرة السعادة,الغدير,شركة ذرة السعادة - الغدير,الشمال,بلدية,بلدية الشمال,True,False,لا يوجد,,0,,,False,none,,5,True
Data 2025.xlsx,11389,2025-12-21,2025-12,2025-W51,4,6,sw-3869-r01,sw-3869-R01,مسحة حافظة معجنات,(Swabs) المسحات,Swabs,(Swabs) المسحات,swab,شركة ذرة السعادة - الغدير,شركة ذرة السعادة,الغدير,شركة ذرة السعادة - الغدير,الشمال,بلدية,بلدية الشمال,True,False,لا يوجد,,0,,,False,none,,5,True
Data 2025.xlsx,11372,2025-12-21,2025-12,2025-W51,4,6,tea-0028-r01,tea-0028-R01,ايس تي,جميع أنواع الشاي (All types of tea),All types of tea,جميع أنواع الشاي (All types of tea),beverage,تايقر شوقر - الغدير,تايقر شوقر,الغدير,تايقر شوقر - الغدير,الشمال,بلدية,بلدية الشمال,True,False,لا يوجد,,0,,,False,none,,2,True
Data 2025.xlsx,11362,2025-12-21,2025-12,2025-W51,4,6,ubot-1190-r01,Ubot-1190-R01,مياه فلتر لغسيل الادوات م ك,المياه الغير معبأة (Unbottled water),Unbottled water,المياه الغير المعبأة (Unbottled water),water,تايقر شوقر - الغدير,تايقر شوقر,الغدير,تايقر شوقر - الغدير,الشمال,بلدية,بلدية الشمال,True,False,لا يوجد,,0,,,False,none,category_merged_to_canonical,0,False
Data 2025.xlsx,11412,2025-12-22,2025-12,2025-W52,4,0,br-0122-r01,Br-0122-R01,خبز الحليب,الخبـز (Bread),Bread,الخبـز (Bread),sweets_bakery,برالين – حي المروج,برالين,حي المروج,برالين – حي المروج,العليا,بلدية,بلدية العليا,True,False,لا يوجد,,0,,,False,none,,1,False
Data 2025.xlsx,11413,2025-12-22,2025-12,2025-W52,4,0,br-0123-r01,Br-0123-R01,خبز فرنسي,الخبـز (Bread),Bread,الخبـز (Bread),sweets_bakery,برالين – حي المروج,برالين,حي المروج,برالين – حي المروج,العليا,بلدية,بلدية العليا,True,False,لا يوجد,,0,,,False,none,,1,False
Data 2025.xlsx,11414,2025-12-22,2025-12,2025-W52,4,0,br-0124-r01,Br-0124-R01,خبز بالجوز,الخبـز (Bread),Bread,الخبـز (Bread),sweets_bakery,برالين – حي المروج,برالين,حي المروج,برالين – حي المروج,العليا,بلدية,بلدية العليا,True,False,لا يوجد,,0,,,False,none,,1,False
Data 2025.xlsx,11392,2025-12-22,2025-12,2025-W52,4,0,ca-0228-r01,ca-0228-R01,تراميسو,الكعك ومنتجات المخابز الجاهزة للاكل بدون تسخين (Cakes and bakery products ready to eat ),Cakes and bakery products ready to eat,الكعك ومنتجات المخابز الجاهزة للاكل بدون تسخين (Cakes and bakery products ready to eat ),sweets_bakery,كافي calibrated – حي المروج,كافي calibrated,حي المروج,كافي calibrated – حي المروج,وسط الرياض,قطاع,القطاع وسط الرياض,True,False,لا يوجد,,0,,,False,none,,0,False
Data 2025.xlsx,11393,2025-12-22,2025-12,2025-W52,4,0,ca-0229-r01,ca-0229-R01,كيك سان سبستيان,الكعك ومنتجات المخابز الجاهزة للاكل بدون تسخين (Cakes and bakery products ready to eat ),Cakes and bakery products ready to eat,الكعك ومنتجات المخابز الجاهزة للاكل بدون تسخين (Cakes and bakery products ready to eat ),sweets_bakery,كافي calibrated – حي المروج,كافي calibrated,حي المروج,كافي calibrated – حي المروج,وسط الرياض,قطاع,القطاع وسط الرياض,True,False,لا يوجد,,0,,,False,none,,0,False
Data 2025.xlsx,11394,2025-12-22,2025-12,2025-W52,4,0,ca-0230-r01,ca-0230-R01,كيندر بايتس حلا,الكعك ومنتجات المخابز الجاهزة للاكل بدون تسخين (Cakes and bakery products ready to eat ),Cakes and bakery products ready to eat,الكعك ومنتجات المخابز الجاهزة للاكل بدون تسخين (Cakes and bakery products ready to eat ),sweets_bakery,كافي calibrated – حي المروج,كافي calibrated,حي المروج,كافي calibrated – حي المروج,وسط الرياض,قطاع,القطاع وسط الرياض,True,False,لا يوجد,,0,,,False,none,,0,False
Data 2025.xlsx,11406,2025-12-22,2025-12,2025-W52,4,0,ca-0231-r01,ca-0231-R01,كوكيز تشيز كيك,الكعك ومنتجات المخابز الجاهزة للاكل بدون تسخين (Cakes and bakery products ready to eat ),Cakes and bakery products ready to eat,الكعك ومنتجات المخابز الجاهزة للاكل بدون تسخين (Cakes and bakery products ready to eat ),sweets_bakery,بيوند كاف – المروج,بيوند كاف,المروج,بيوند كاف – المروج,وسط الرياض,قطاع,القطاع وسط الرياض,True,False,لا يوجد,,0,,,False,none,,0,False
Data 2025.xlsx,11415,2025-12-22,2025-12,2025-W52,4,0,ca-0232-r01,ca-0232-R01,كروسان سادة,الكعك ومنتجات المخابز الجاهزة للاكل بدون تسخين (Cakes and bakery products ready to eat ),Cakes and bakery products ready to eat,الكعك ومنتجات المخابز الجاهزة للاكل بدون تسخين (Cakes and bakery products ready to eat ),sweets_bakery,برالين – حي المروج,برالين,حي المروج,برالين – حي المروج,العليا,بلدية,بلدية العليا,True,False,لا يوجد,,0,,,False,none,,1,False
Data 2025.xlsx,11416,2025-12-22,2025-12,2025-W52,4,0,ca-0233-r01,ca-0233-R01,كروسان شوكليت,الكعك ومنتجات المخابز الجاهزة للاكل بدون تسخين (Cakes and bakery products ready to eat ),Cakes and bakery products ready to eat,الكعك ومنتجات المخابز الجاهزة للاكل بدون تسخين (Cakes and bakery products ready to eat ),sweets_bakery,برالين – حي المروج,برالين,حي المروج,برالين – حي المروج,العليا,بلدية,بلدية العليا,True,False,لا يوجد,,0,,,False,none,,1,False
Data 2025.xlsx,11417,2025-12-22,2025-12,2025-W52,4,0,ca-0234-r01,ca-0234-R01,كروسان جبن,الكعك ومنتجات المخابز الجاهزة للاكل بدون تسخين (Cakes and bakery products ready to eat ),Cakes and bakery products ready to eat,الكعك ومنتجات المخابز الجاهزة للاكل بدون تسخين (Cakes and bakery products ready to eat ),sweets_bakery,برالين – حي المروج,برالين,حي المروج,برالين – حي المروج,العليا,بلدية,بلدية العليا,True,False,لا يوجد,,0,,,False,none,,1,False
Data 2025.xlsx,11418,2025-12-22,2025-12,2025-W52,4,0,ca-0235-r01,ca-0235-R01,دنيس تمر وسينابون,الكعك ومنتجات المخابز الجاهزة للاكل بدون تسخين (Cakes and bakery products ready to eat ),Cakes and bakery products ready to eat,الكعك ومنتجات المخابز الجاهزة للاكل بدون تسخين (Cakes and bakery products ready to eat ),sweets_bakery,برالين – حي المروج,برالين,حي المروج,برالين – حي المروج,العليا,بلدية,بلدية العليا,True,False,لا يوجد,,0,,,False,none,,1,False
Data 2025.xlsx,11419,2025-12-22,2025-12,2025-W52,4,0,ca-0236-r01,ca-0236-R01,دنيس كاستر شوكليت,الكعك ومنتجات المخابز الجاهزة للاكل بدون تسخين (Cakes and bakery products ready to eat ),Cakes and bakery products ready to eat,الكعك ومنتجات المخابز الجاهزة للاكل بدون تسخين (Cakes and bakery products ready to eat ),sweets_bakery,برالين – حي المروج,برالين,حي المروج,برالين – حي المروج,العليا,بلدية,بلدية العليا,True,False,لا يوجد,,0,,,False,none,,1,False
Data 2025.xlsx,11396,2025-12-22,2025-12,2025-W52,4,0,fl-0112-r01,fl-0112-R01,نكهة ليمون,شراب بنكهة و مركزاتها ( flavoured drink & its concentrates ),flavoured drink & its concentrates,شراب بنكهة و مركزاتها ( flavoured drink & its concentrates ),sauce_condiment,كافي calibrated – حي المروج,كافي calibrated,حي المروج,كافي calibrated – حي المروج,وسط الرياض,قطاع,القطاع وسط الرياض,True,False,لا يوجد,,0,,,False,none,,0,False
Data 2025.xlsx,11397,2025-12-22,2025-12,2025-W52,4,0,fl-0113-r01,fl-0113-R01,نكهة روز بيري,شراب بنكهة و مركزاتها ( flavoured drink & its concentrates ),flavoured drink & its concentrates,شراب بنكهة و مركزاتها ( flavoured drink & its concentrates ),sauce_condiment,كافي calibrated – حي المروج,كافي calibrated,حي المروج,كافي calibrated – حي المروج,وسط الرياض,قطاع,القطاع وسط الرياض,True,False,لا يوجد,,0,,,False,none,,0,False
Data 2025.xlsx,11398,2025-12-22,2025-12,2025-W52,4,0,fl-0114-r01,fl-0114-R01,شراب جلكوز استوائي,شراب بنكهة و مركزاتها ( flavoured drink & its concentrates ),flavoured drink & its concentrates,شراب بنكهة و مركزاتها ( flavoured drink & its concentrates ),sauce_condiment,كافي calibrated – حي المروج,كافي calibrated,حي المروج,كافي calibrated – حي المروج,وسط الرياض,قطاع,القطاع وسط الرياض,True,False,لا يوجد,,0,,,False,none,,0,False
Data 2025.xlsx,11400,2025-12-22,2025-12,2025-W52,4,0,fl-0115-r01,fl-0115-R01,نكهة رمان,شراب بنكهة و مركزاتها ( flavoured drink & its concentrates ),flavoured drink & its concentrates,شراب بنكهة و مركزاتها ( flavoured drink & its concentrates ),sauce_condiment,بيوند كاف – المروج,بيوند كاف,المروج,بيوند كاف – المروج,وسط الرياض,قطاع,القطاع وسط الرياض,True,False,لا يوجد,,0,,,False,none,,0,False
Data 2025.xlsx,11401,2025-12-22,2025-12,2025-W52,4,0,fl-0116-r01,fl-0116-R01,نكهة قشر برتقال ازرق,شراب بنكهة و مركزاتها ( flavoured drink & its concentrates ),flavoured drink & its concentrates,شراب بنكهة و مركزاتها ( flavoured drink & its concentrates ),sauce_condiment,بيوند كاف – المروج,بيوند كاف,المروج,بيوند كاف – المروج,وسط الرياض,قطاع,القطاع وسط الرياض,True,False,لا يوجد,,0,,,False,none,,0,False
Data 2025.xlsx,11402,2025-12-22,2025-12,2025-W52,4,0,fl-0117-r01,fl-0117-R01,نكهة نعناع مع ليمون اخضر,شراب بنكهة و مركزاتها ( flavoured drink & its concentrates ),flavoured drink & its concentrates,شراب بنكهة و مركزاتها ( flavoured drink & its concentrates ),sauce_condiment,بيوند كاف – المروج,بيوند كاف,المروج,بيوند كاف – المروج,وسط الرياض,قطاع,القطاع وسط الرياض,True,False,لا يوجد,,0,,,False,none,,0,False
Data 2025.xlsx,11408,2025-12-22,2025-12,2025-W52,4,0,fl-0118-r01,fl-0118-R01,نكهة فانيلا,شراب بنكهة و مركزاتها ( flavoured drink & its concentrates ),flavoured drink & its concentrates,شراب بنكهة و مركزاتها ( flavoured drink & its concentrates ),sauce_condiment,برالين – حي المروج,برالين,حي المروج,برالين – حي المروج,العليا,بلدية,بلدية العليا,False,True,العد الكلي للبكتيريا,العد الكلي للبكتيريا,1,,العد الكلي للبكتيريا,False,indicator_only,,1,False
Data 2025.xlsx,11409,2025-12-22,2025-12,2025-W52,4,0,fl-0119-r01,fl-0119-R01,نكهة كراميل,شراب بنكهة و مركزاتها ( flavoured drink & its concentrates ),flavoured drink & its concentrates,شراب بنكهة و مركزاتها ( flavoured drink & its concentrates ),sauce_condiment,برالين – حي المروج,برالين,حي المروج,برالين – حي المروج,العليا,بلدية,بلدية العليا,True,False,لا يوجد,,0,,,False,none,,1,False
Data 2025.xlsx,11410,2025-12-22,2025-12,2025-W52,4,0,fl-0120-r01,fl-0120-R01,نكهة بندق,شراب بنكهة و مركزاتها ( flavoured drink & its concentrates ),flavoured drink & its concentrates,شراب بنكهة و مركزاتها ( flavoured drink & its concentrates ),sauce_condiment,برالين – حي المروج,برالين,حي المروج,برالين – حي المروج,العليا,بلدية,بلدية العليا,True,False,لا يوجد,,0,,,False,none,,1,False
Data 2025.xlsx,11390,2025-12-22,2025-12,2025-W52,4,0,he-0027-r01,he-0027-R01,مشروب كركدية,الأعشاب المجففة (Dried herbs ),Dried herbs,الأعشاب المجففة (Dried herbs ),produce,كافي calibrated – حي المروج,كافي calibrated,حي المروج,كافي calibrated – حي المروج,وسط الرياض,قطاع,القطاع وسط الرياض,True,False,لا يوجد,,0,,,False,none,,0,False
Data 2025.xlsx,11391,2025-12-22,2025-12,2025-W52,4,0,milk-0066-r01,Milk-0066-R01,حليب سبانش,الحليب (Milk),Milk,الحليب (Milk),dairy,كافي calibrated – حي المروج,كافي calibrated,حي المروج,كافي calibrated – حي المروج,وسط الرياض,قطاع,القطاع وسط الرياض,True,False,لا يوجد,,0,,,False,none,,0,False
Data 2025.xlsx,11403,2025-12-22,2025-12,2025-W52,4,0,sa-0995-r01,sa-0995-R01,ساندويتش لبنة زيتون,اطعمة جاهزة للأكل Ready to eat meals,Ready to eat meals,اطعمة جاهزة للأكل Ready to eat meals,prepared_meal,بيوند كاف – المروج,بيوند كاف,المروج,بيوند كاف – المروج,وسط الرياض,قطاع,القطاع وسط الرياض,True,False,لا يوجد,,0,,,False,none,,0,False
Data 2025.xlsx,11404,2025-12-22,2025-12,2025-W52,4,0,sa-0996-r01,sa-0996-R01,ساندويتش حلوم مع زيتون وزعتر,اطعمة جاهزة للأكل Ready to eat meals,Ready to eat meals,اطعمة جاهزة للأكل Ready to eat meals,prepared_meal,بيوند كاف – المروج,بيوند كاف,المروج,بيوند كاف – المروج,وسط الرياض,قطاع,القطاع وسط الرياض,True,False,لا يوجد,,0,,,False,none,,0,False
Data 2025.xlsx,11405,2025-12-22,2025-12,2025-W52,4,0,sa-0997-r01,sa-0997-R01,ساندويتش تركي مع طماطم مجفف,اطعمة جاهزة للأكل Ready to eat meals,Ready to eat meals,اطعمة جاهزة للأكل Ready to eat meals,prepared_meal,بيوند كاف – المروج,بيوند كاف,المروج,بيوند كاف – المروج,وسط الرياض,قطاع,القطاع وسط الرياض,True,False,لا يوجد,,0,,,False,none,,0,False
Data 2025.xlsx,11411,2025-12-22,2025-12,2025-W52,4,0,sa-0998-r01,sa-0998-R01,سلطة تونة,اطعمة جاهزة للأكل Ready to eat meals,Ready to eat meals,اطعمة جاهزة للأكل Ready to eat meals,prepared_meal,برالين – حي المروج,برالين,حي المروج,برالين – حي المروج,العليا,بلدية,بلدية العليا,True,False,لا يوجد,,0,,,False,none,,1,False
Data 2025.xlsx,11395,2025-12-22,2025-12,2025-W52,4,0,sau-2821-r01,sau-2821-R01,صوص اناناس,صوص (sauce),sauce,صوص (sauce),sauce_condiment,كافي calibrated – حي المروج,كافي calibrated,حي المروج,كافي calibrated – حي المروج,وسط الرياض,قطاع,القطاع وسط الرياض,True,False,لا يوجد,,0,,,False,none,,0,False
Data 2025.xlsx,11399,2025-12-22,2025-12,2025-W52,4,0,ubot-1191-r01,Ubot-1191-R01,مياه فلتر للكافي م-ك,المياه الغير معبأة (Unbottled water),Unbottled water,المياه الغير المعبأة (Unbottled water),water,كافي calibrated – حي المروج,كافي calibrated,حي المروج,كافي calibrated – حي المروج,وسط الرياض,قطاع,القطاع وسط الرياض,True,False,لا يوجد,,0,,,False,none,category_merged_to_canonical,0,False
Data 2025.xlsx,11407,2025-12-22,2025-12,2025-W52,4,0,ubot-1192-r01,Ubot-1192-R01,مياه فلتر للكافي م-ك,المياه الغير معبأة (Unbottled water),Unbottled water,المياه الغير المعبأة (Unbottled water),water,بيوند كاف – المروج,بيوند كاف,المروج,بيوند كاف – المروج,وسط الرياض,قطاع,القطاع وسط الرياض,True,False,لا يوجد,,0,,,False,none,category_merged_to_canonical,0,False
Data 2025.xlsx,11421,2025-12-23,2025-12,2025-W52,4,1,ca-0237-r01,ca-0237-R01,تراميسو,الكعك ومنتجات المخابز الجاهزة للاكل بدون تسخين (Cakes and bakery products ready to eat ),Cakes and bakery products ready to eat,الكعك ومنتجات المخابز الجاهزة للاكل بدون تسخين (Cakes and bakery products ready to eat ),sweets_bakery,مدساج - الغدير,مدساج,الغدير,مدساج - الغدير,الشمال,بلدية,بلدية الشمال,False,True,باسيلس سيريس,باسيلس سيريس,1,باسيلس سيريس,,True,pathogen,,2,True
Data 2025.xlsx,11423,2025-12-23,2025-12,2025-W52,4,1,ca-0238-r01,ca-0238-R01,انقلش كيك,الكعك ومنتجات المخابز الجاهزة للاكل بدون تسخين (Cakes and bakery products ready to eat ),Cakes and bakery products ready to eat,الكعك ومنتجات المخابز الجاهزة للاكل بدون تسخين (Cakes and bakery products ready to eat ),sweets_bakery,مدساج - الغدير,مدساج,الغدير,مدساج - الغدير,الشمال,بلدية,بلدية الشمال,True,False,لا يوجد,,0,,,False,none,,3,True
Data 2025.xlsx,11425,2025-12-23,2025-12,2025-W52,4,1,ca-0239-r01,ca-0239-R01,براوني بيكان,الكعك ومنتجات المخابز الجاهزة للاكل بدون تسخين (Cakes and bakery products ready to eat ),Cakes and bakery products ready to eat,الكعك ومنتجات المخابز الجاهزة للاكل بدون تسخين (Cakes and bakery products ready to eat ),sweets_bakery,مدساج - الغدير,مدساج,الغدير,مدساج - الغدير,الشمال,بلدية,بلدية الشمال,True,False,لا يوجد,,0,,,False,none,,3,True
Data 2025.xlsx,11426,2025-12-23,2025-12,2025-W52,4,1,ca-0240-r01,ca-0240-R01,مكس بار,الكعك ومنتجات المخابز الجاهزة للاكل بدون تسخين (Cakes and bakery products ready to eat ),Cakes and bakery products ready to eat,الكعك ومنتجات المخابز الجاهزة للاكل بدون تسخين (Cakes and bakery products ready to eat ),sweets_bakery,مدساج - الغدير,مدساج,الغدير,مدساج - الغدير,الشمال,بلدية,بلدية الشمال,True,False,لا يوجد,,0,,,False,none,,3,True
Data 2025.xlsx,11427,2025-12-23,2025-12,2025-W52,4,1,ca-0241-r01,ca-0241-R01,كيك الكاليبوت,الكعك ومنتجات المخابز الجاهزة للاكل بدون تسخين (Cakes and bakery products ready to eat ),Cakes and bakery products ready to eat,الكعك ومنتجات المخابز الجاهزة للاكل بدون تسخين (Cakes and bakery products ready to eat ),sweets_bakery,مدساج - الغدير,مدساج,الغدير,مدساج - الغدير,الشمال,بلدية,بلدية الشمال,True,False,لا يوجد,,0,,,False,none,,3,True
Data 2025.xlsx,11428,2025-12-23,2025-12,2025-W52,4,1,ca-0242-r01,ca-0242-R01,تشوكليت كراميل تشيس,الكعك ومنتجات المخابز الجاهزة للاكل بدون تسخين (Cakes and bakery products ready to eat ),Cakes and bakery products ready to eat,الكعك ومنتجات المخابز الجاهزة للاكل بدون تسخين (Cakes and bakery products ready to eat ),sweets_bakery,مدساج - الغدير,مدساج,الغدير,مدساج - الغدير,الشمال,بلدية,بلدية الشمال,True,False,لا يوجد,,0,,,False,none,,3,True
Data 2025.xlsx,11439,2025-12-23,2025-12,2025-W52,4,1,ca-0243-r01,ca-0243-R01,براوني كيك,الكعك ومنتجات المخابز الجاهزة للاكل بدون تسخين (Cakes and bakery products ready to eat ),Cakes and bakery products ready to eat,الكعك ومنتجات المخابز الجاهزة للاكل بدون تسخين (Cakes and bakery products ready to eat ),sweets_bakery,الغيمة الذهبية - الغدير,الغيمة الذهبية,الغدير,الغيمة الذهبية - الغدير,الشمال,بلدية,بلدية الشمال,True,False,لا يوجد,,0,,,False,none,,0,False
Data 2025.xlsx,11440,2025-12-23,2025-12,2025-W52,4,1,ca-0244-r01,ca-0244-R01,ماجك بار,الكعك ومنتجات المخابز الجاهزة للاكل بدون تسخين (Cakes and bakery products ready to eat ),Cakes and bakery products ready to eat,الكعك ومنتجات المخابز الجاهزة للاكل بدون تسخين (Cakes and bakery products ready to eat ),sweets_bakery,الغيمة الذهبية - الغدير,الغيمة الذهبية,الغدير,الغيمة الذهبية - الغدير,الشمال,بلدية,بلدية الشمال,True,False,لا يوجد,,0,,,False,none,,0,False
Data 2025.xlsx,11434,2025-12-23,2025-12,2025-W52,4,1,cho-0128-r01,cho-0128-R01,هوت شوكليت,الشوكولاته (Chocolate),Chocolate,الشوكولاته (Chocolate),sweets_bakery,الغيمة الذهبية - الغدير,الغيمة الذهبية,الغدير,الغيمة الذهبية - الغدير,الشمال,بلدية,بلدية الشمال,True,False,لا يوجد,,0,,,False,none,,0,False
Data 2025.xlsx,11441,2025-12-23,2025-12,2025-W52,4,1,cho-0129-r01,cho-0129-R01,قطع شوكليت,الشوكولاته (Chocolate),Chocolate,الشوكولاته (Chocolate),sweets_bakery,الغيمة الذهبية - الغدير,الغيمة الذهبية,الغدير,الغيمة الذهبية - الغدير,الشمال,بلدية,بلدية الشمال,True,False,لا يوجد,,0,,,False,none,,0,False
Data 2025.xlsx,11450,2025-12-23,2025-12,2025-W52,4,1,cond-0016-r01,cond-0016-R01,نستلة حليب مكثف,الحليب المكثف والحليب المكثف المحلى (condensed and sweeten condensed milk),condensed and sweeten condensed milk,الحليب المكثف والحليب المكثف المحلى (condensed and sweeten condensed milk),dairy,شركة الاطعمة المتحدة - الغدير,شركة الاطعمة المتحدة,الغدير,شركة الاطعمة المتحدة - الغدير,الشمال,قطاع,قطاع الشمال,False,True,العد الكلي للبكتيريا,العد الكلي للبكتيريا,1,,العد الكلي للبكتيريا,False,indicator_only,,3,True
Data 2025.xlsx,11429,2025-12-23,2025-12,2025-W52,4,1,fl-0121-r01,fl-0121-R01,نكهة قصب سكر,شراب بنكهة و مركزاتها ( flavoured drink & its concentrates ),flavoured drink & its concentrates,شراب بنكهة و مركزاتها ( flavoured drink & its concentrates ),sauce_condiment,مدساج - الغدير,مدساج,الغدير,مدساج - الغدير,الشمال,بلدية,بلدية الشمال,True,False,لا يوجد,,0,,,False,none,,3,True
Data 2025.xlsx,11438,2025-12-23,2025-12,2025-W52,4,1,fl-0122-r01,fl-0122-R01,نكهة قرع,شراب بنكهة و مركزاتها ( flavoured drink & its concentrates ),flavoured drink & its concentrates,شراب بنكهة و مركزاتها ( flavoured drink & its concentrates ),sauce_condiment,الغيمة الذهبية - الغدير,الغيمة الذهبية,الغدير,الغيمة الذهبية - الغدير,الشمال,بلدية,بلدية الشمال,True,False,لا يوجد,,0,,,False,none,,0,False
Data 2025.xlsx,11448,2025-12-23,2025-12,2025-W52,4,1,fl-0123-r01,fl-0123-R01,نكهة فانيلا مع قصب سكر,شراب بنكهة و مركزاتها ( flavoured drink & its concentrates ),flavoured drink & its concentrates,شراب بنكهة و مركزاتها ( flavoured drink & its concentrates ),sauce_condiment,شركة الاطعمة المتحدة - الغدير,شركة الاطعمة المتحدة,الغدير,شركة الاطعمة المتحدة - الغدير,الشمال,قطاع,قطاع الشمال,True,False,لا يوجد,,0,,,False,none,,2,True
Data 2025.xlsx,11449,2025-12-23,2025-12,2025-W52,4,1,fl-0124-r01,fl-0124-R01,نكهة فانيلا,شراب بنكهة و مركزاتها ( flavoured drink & its concentrates ),flavoured drink & its concentrates,شراب بنكهة و مركزاتها ( flavoured drink & its concentrates ),sauce_condiment,شركة الاطعمة المتحدة - الغدير,شركة الاطعمة المتحدة,الغدير,شركة الاطعمة المتحدة - الغدير,الشمال,قطاع,قطاع الشمال,True,False,لا يوجد,,0,,,False,none,,2,True
Data 2025.xlsx,11451,2025-12-23,2025-12,2025-W52,4,1,gcv-0282-r01,GCV-0282-R01,طماطم خاصة بالحلومي,الخضار المشوية و المطبوخة,,الخضار المشوية و المطبوخة,cooked_meat_poultry,شركة الاطعمة المتحدة - الغدير,شركة الاطعمة المتحدة,الغدير,شركة الاطعمة المتحدة - الغدير,الشمال,قطاع,قطاع الشمال,True,False,لا يوجد,,0,,,False,none,,3,True
Data 2025.xlsx,11436,2025-12-23,2025-12,2025-W52,4,1,he-0028-r01,he-0028-R01,مشروب كركدية,الأعشاب المجففة (Dried herbs ),Dried herbs,الأعشاب المجففة (Dried herbs ),produce,الغيمة الذهبية - الغدير,الغيمة الذهبية,الغدير,الغيمة الذهبية - الغدير,الشمال,بلدية,بلدية الشمال,True,False,لا يوجد,,0,,,False,none,,0,False
Data 2025.xlsx,11446,2025-12-23,2025-12,2025-W52,4,1,he-0029-r01,he-0029-R01,مشروب كركدية,الأعشاب المجففة (Dried herbs ),Dried herbs,الأعشاب المجففة (Dried herbs ),produce,شركة الاطعمة المتحدة - الغدير,شركة الاطعمة المتحدة,الغدير,شركة الاطعمة المتحدة - الغدير,الشمال,قطاع,قطاع الشمال,False,True,الخمائر والاعفان,الخمائر والاعفان,1,,الخمائر والاعفان,False,indicator_only,,2,True
Data 2025.xlsx,11447,2025-12-23,2025-12,2025-W52,4,1,he-0030-r01,he-0030-R01,مشروب ماتشا,الأعشاب المجففة (Dried herbs ),Dried herbs,الأعشاب المجففة (Dried herbs ),produce,شركة الاطعمة المتحدة - الغدير,شركة الاطعمة المتحدة,الغدير,شركة الاطعمة المتحدة - الغدير,الشمال,قطاع,قطاع الشمال,True,False,لا يوجد,,0,,,False,none,,2,True
Data 2025.xlsx,11420,2025-12-23,2025-12,2025-W52,4,1,milk-0067-r01,Milk-0067-R01,حليب,الحليب (Milk),Milk,الحليب (Milk),dairy,مدساج - الغدير,مدساج,الغدير,مدساج - الغدير,الشمال,بلدية,بلدية الشمال,False,True,العد الكلي للبكتيريا | انتيروباكتريسي,العد الكلي للبكتيريا | انتيروباكتريسي,2,,العد الكلي للبكتيريا | انتيروباكتريسي,False,indicator_only,,1,False
Data 2025.xlsx,11422,2025-12-23,2025-12,2025-W52,4,1,milk-0068-r01,Milk-0068-R01,حليب فوم,الحليب (Milk),Milk,الحليب (Milk),dairy,مدساج - الغدير,مدساج,الغدير,مدساج - الغدير,الشمال,بلدية,بلدية الشمال,False,True,العد الكلي للبكتيريا,العد الكلي للبكتيريا,1,,العد الكلي للبكتيريا,False,indicator_only,,3,True
Data 2025.xlsx,11435,2025-12-23,2025-12,2025-W52,4,1,milk-0069-r01,Milk-0069-R01,صوص سبانش,الحليب (Milk),Milk,الحليب (Milk),dairy,الغيمة الذهبية - الغدير,الغيمة الذهبية,الغدير,الغيمة الذهبية - الغدير,الشمال,بلدية,بلدية الشمال,True,False,لا يوجد,,0,,,False,none,,0,False
Data 2025.xlsx,11445,2025-12-23,2025-12,2025-W52,4,1,milk-0070-r01,Milk-0070-R01,حليب سبانش,الحليب (Milk),Milk,الحليب (Milk),dairy,شركة الاطعمة المتحدة - الغدير,شركة الاطعمة المتحدة,الغدير,شركة الاطعمة المتحدة - الغدير,الشمال,قطاع,قطاع الشمال,False,True,انتيروباكتريسي,انتيروباكتريسي,1,,انتيروباكتريسي,False,indicator_only,,1,False
Data 2025.xlsx,11452,2025-12-23,2025-12,2025-W52,4,1,sa-0999-r01,sa-0999-R01,تونة سبايسي,اطعمة جاهزة للأكل Ready to eat meals,Ready to eat meals,اطعمة جاهزة للأكل Ready to eat meals,prepared_meal,شركة الاطعمة المتحدة - الغدير,شركة الاطعمة المتحدة,الغدير,شركة الاطعمة المتحدة - الغدير,الشمال,قطاع,قطاع الشمال,True,False,لا يوجد,,0,,,False,none,,3,True
Data 2025.xlsx,11437,2025-12-23,2025-12,2025-W52,4,1,sau-2822-r01,sau-2822-R01,صوص فراولة,صوص (sauce),sauce,صوص (sauce),sauce_condiment,الغيمة الذهبية - الغدير,الغيمة الذهبية,الغدير,الغيمة الذهبية - الغدير,الشمال,بلدية,بلدية الشمال,True,False,لا يوجد,,0,,,False,none,,0,False
Data 2025.xlsx,11424,2025-12-23,2025-12,2025-W52,4,1,see-0010-r01,see-0010-R01,كنافة بودنق,الحلويات العربية (Arabic sweets),Arabic sweets,الحلويات العربية (Arabic sweets),sweets_bakery,مدساج - الغدير,مدساج,الغدير,مدساج - الغدير,الشمال,بلدية,بلدية الشمال,True,False,لا يوجد,,0,,,False,none,,3,True
Data 2025.xlsx,11442,2025-12-23,2025-12,2025-W52,4,1,see-0011-r01,see-0011-R01,قشد تمر,الحلويات العربية (Arabic sweets),Arabic sweets,الحلويات العربية (Arabic sweets),sweets_bakery,الغيمة الذهبية - الغدير,الغيمة الذهبية,الغدير,الغيمة الذهبية - الغدير,الشمال,بلدية,بلدية الشمال,False,True,كوليفورم,كوليفورم,1,,كوليفورم,False,indicator_only,,1,False
Data 2025.xlsx,11430,2025-12-23,2025-12,2025-W52,4,1,sw-3870-r01,sw-3870-R01,مسحة صانعة ثلج,(Swabs) المسحات,Swabs,(Swabs) المسحات,swab,مدساج - الغدير,مدساج,الغدير,مدساج - الغدير,الشمال,بلدية,بلدية الشمال,True,False,لا يوجد,,0,,,False,none,,3,True
Data 2025.xlsx,11431,2025-12-23,2025-12,2025-W52,4,1,sw-3871-r01,sw-3871-R01,مسحة صانعة ثلج,(Swabs) المسحات,Swabs,(Swabs) المسحات,swab,مدساج - الغدير,مدساج,الغدير,مدساج - الغدير,الشمال,بلدية,بلدية الشمال,True,False,لا يوجد,,0,,,False,none,,3,True
Data 2025.xlsx,11432,2025-12-23,2025-12,2025-W52,4,1,sw-3872-r01,sw-3872-R01,مسحة ثلاجة كيك,(Swabs) المسحات,Swabs,(Swabs) المسحات,swab,مدساج - الغدير,مدساج,الغدير,مدساج - الغدير,الشمال,بلدية,بلدية الشمال,True,False,لا يوجد,,0,,,False,none,,3,True
Data 2025.xlsx,11443,2025-12-23,2025-12,2025-W52,4,1,sw-3873-r01,sw-3873-R01,مسحة صانعة ثلج,(Swabs) المسحات,Swabs,(Swabs) المسحات,swab,الغيمة الذهبية - الغدير,الغيمة الذهبية,الغدير,الغيمة الذهبية - الغدير,الشمال,بلدية,بلدية الشمال,True,False,لا يوجد,,0,,,False,none,,1,False
Data 2025.xlsx,11444,2025-12-23,2025-12,2025-W52,4,1,sw-3874-r01,sw-3874-R01,مسحة ثلاجة حفظ,(Swabs) المسحات,Swabs,(Swabs) المسحات,swab,الغيمة الذهبية - الغدير,الغيمة الذهبية,الغدير,الغيمة الذهبية - الغدير,الشمال,بلدية,بلدية الشمال,True,False,لا يوجد,,0,,,False,none,,1,False
Data 2025.xlsx,11453,2025-12-23,2025-12,2025-W52,4,1,sw-3875-r01,sw-3875-R01,مسحة ثلاجة تحضير,(Swabs) المسحات,Swabs,(Swabs) المسحات,swab,شركة الاطعمة المتحدة - الغدير,شركة الاطعمة المتحدة,الغدير,شركة الاطعمة المتحدة - الغدير,الشمال,قطاع,قطاع الشمال,True,False,لا يوجد,,0,,,False,none,,3,True
Data 2025.xlsx,11454,2025-12-23,2025-12,2025-W52,4,1,sw-3876-r01,sw-3876-R01,مسحة ثلاجة تحضير,(Swabs) المسحات,Swabs,(Swabs) المسحات,swab,شركة الاطعمة المتحدة - الغدير,شركة الاطعمة المتحدة,الغدير,شركة الاطعمة المتحدة - الغدير,الشمال,قطاع,قطاع الشمال,True,False,لا يوجد,,0,,,False,none,,3,True
Data 2025.xlsx,11455,2025-12-23,2025-12,2025-W52,4,1,sw-3877-r01,sw-3877-R01,مسحة صانعة ثلج,(Swabs) المسحات,Swabs,(Swabs) المسحات,swab,شركة الاطعمة المتحدة - الغدير,شركة الاطعمة المتحدة,الغدير,شركة الاطعمة المتحدة - الغدير,الشمال,قطاع,قطاع الشمال,True,False,لا يوجد,,0,,,False,none,,3,True
Data 2025.xlsx,11433,2025-12-23,2025-12,2025-W52,4,1,ubot-1193-r01,Ubot-1193-R01,مياه فلتر للكافي م-ك,المياه الغير معبأة (Unbottled water),Unbottled water,المياه الغير المعبأة (Unbottled water),water,مدساج - الغدير,مدساج,الغدير,مدساج - الغدير,الشمال,بلدية,بلدية الشمال,True,False,لا يوجد,,0,,,False,none,category_merged_to_canonical,3,True
Data 2025.xlsx,11457,2025-12-27,2025-12,2025-W52,4,5,ca-0245-r01,ca-0245-R01,تشيز بان مخبوزات,الكعك ومنتجات المخابز الجاهزة للاكل بدون تسخين (Cakes and bakery products ready to eat ),Cakes and bakery products ready to eat,الكعك ومنتجات المخابز الجاهزة للاكل بدون تسخين (Cakes and bakery products ready to eat ),sweets_bakery,المنزل الحجري للحلويات - العقيق,المنزل الحجري للحلويات,العقيق,المنزل الحجري للحلويات - العقيق,الشمال,بلدية,بلدية الشمال,True,False,لا يوجد,,0,,,False,none,,0,False
Data 2025.xlsx,11458,2025-12-27,2025-12,2025-W52,4,5,ca-0246-r01,ca-0246-R01,بستاشو ول مخبوزات,الكعك ومنتجات المخابز الجاهزة للاكل بدون تسخين (Cakes and bakery products ready to eat ),Cakes and bakery products ready to eat,الكعك ومنتجات المخابز الجاهزة للاكل بدون تسخين (Cakes and bakery products ready to eat ),sweets_bakery,المنزل الحجري للحلويات - العقيق,المنزل الحجري للحلويات,العقيق,المنزل الحجري للحلويات - العقيق,الشمال,بلدية,بلدية الشمال,True,False,لا يوجد,,0,,,False,none,,0,False
Data 2025.xlsx,11459,2025-12-27,2025-12,2025-W52,4,5,ca-0247-r01,ca-0247-R01,فطيرة سبانخ,الكعك ومنتجات المخابز الجاهزة للاكل بدون تسخين (Cakes and bakery products ready to eat ),Cakes and bakery products ready to eat,الكعك ومنتجات المخابز الجاهزة للاكل بدون تسخين (Cakes and bakery products ready to eat ),sweets_bakery,المنزل الحجري للحلويات - العقيق,المنزل الحجري للحلويات,العقيق,المنزل الحجري للحلويات - العقيق,الشمال,بلدية,بلدية الشمال,True,False,لا يوجد,,0,,,False,none,,0,False
Data 2025.xlsx,11460,2025-12-27,2025-12,2025-W52,4,5,ca-0248-r01,ca-0248-R01,فطيرة دارك تشوكليت,الكعك ومنتجات المخابز الجاهزة للاكل بدون تسخين (Cakes and bakery products ready to eat ),Cakes and bakery products ready to eat,الكعك ومنتجات المخابز الجاهزة للاكل بدون تسخين (Cakes and bakery products ready to eat ),sweets_bakery,المنزل الحجري للحلويات - العقيق,المنزل الحجري للحلويات,العقيق,المنزل الحجري للحلويات - العقيق,الشمال,بلدية,بلدية الشمال,True,False,لا يوجد,,0,,,False,none,,0,False
Data 2025.xlsx,11461,2025-12-27,2025-12,2025-W52,4,5,ca-0249-r01,ca-0249-R01,كروسان جبنة فيتا,الكعك ومنتجات المخابز الجاهزة للاكل بدون تسخين (Cakes and bakery products ready to eat ),Cakes and bakery products ready to eat,الكعك ومنتجات المخابز الجاهزة للاكل بدون تسخين (Cakes and bakery products ready to eat ),sweets_bakery,المنزل الحجري للحلويات - العقيق,المنزل الحجري للحلويات,العقيق,المنزل الحجري للحلويات - العقيق,الشمال,بلدية,بلدية الشمال,True,False,لا يوجد,,0,,,False,none,,0,False
Data 2025.xlsx,11462,2025-12-27,2025-12,2025-W52,4,5,ca-0250-r01,ca-0250-R01,كروسان شيدر,الكعك ومنتجات المخابز الجاهزة للاكل بدون تسخين (Cakes and bakery products ready to eat ),Cakes and bakery products ready to eat,الكعك ومنتجات المخابز الجاهزة للاكل بدون تسخين (Cakes and bakery products ready to eat ),sweets_bakery,المنزل الحجري للحلويات - العقيق,المنزل الحجري للحلويات,العقيق,المنزل الحجري للحلويات - العقيق,الشمال,بلدية,بلدية الشمال,True,False,لا يوجد,,0,,,False,none,,0,False
Data 2025.xlsx,11463,2025-12-27,2025-12,2025-W52,4,5,ca-0251-r01,ca-0251-R01,كروسان لوز,الكعك ومنتجات المخابز الجاهزة للاكل بدون تسخين (Cakes and bakery products ready to eat ),Cakes and bakery products ready to eat,الكعك ومنتجات المخابز الجاهزة للاكل بدون تسخين (Cakes and bakery products ready to eat ),sweets_bakery,المنزل الحجري للحلويات - العقيق,المنزل الحجري للحلويات,العقيق,المنزل الحجري للحلويات - العقيق,الشمال,بلدية,بلدية الشمال,True,False,لا يوجد,,0,,,False,none,,0,False
Data 2025.xlsx,11477,2025-12-27,2025-12,2025-W52,4,5,ca-0252-r01,ca-0252-R01,تراميسو تشيز - جبن,الكعك ومنتجات المخابز الجاهزة للاكل بدون تسخين (Cakes and bakery products ready to eat ),Cakes and bakery products ready to eat,الكعك ومنتجات المخابز الجاهزة للاكل بدون تسخين (Cakes and bakery products ready to eat ),sweets_bakery,فوا - العقيق,فوا,العقيق,فوا - العقيق,الشمال,قطاع,قطاع الشمال,False,True,انتيروباكتريسي,انتيروباكتريسي,1,,انتيروباكتريسي,False,indicator_only,,1,False
Data 2025.xlsx,11478,2025-12-27,2025-12,2025-W52,4,5,ca-0253-r01,ca-0253-R01,تشيز كيك - جبن,الكعك ومنتجات المخابز الجاهزة للاكل بدون تسخين (Cakes and bakery products ready to eat ),Cakes and bakery products ready to eat,الكعك ومنتجات المخابز الجاهزة للاكل بدون تسخين (Cakes and bakery products ready to eat ),sweets_bakery,فوا - العقيق,فوا,العقيق,فوا - العقيق,الشمال,قطاع,قطاع الشمال,True,False,لا يوجد,,0,,,False,none,,1,False
Data 2025.xlsx,11480,2025-12-27,2025-12,2025-W52,4,5,cho-0130-r01,cho-0130-R01,صوص شوكليت,الشوكولاته (Chocolate),Chocolate,الشوكولاته (Chocolate),sweets_bakery,فوا - العقيق,فوا,العقيق,فوا - العقيق,الشمال,قطاع,قطاع الشمال,True,False,لا يوجد,,0,,,False,none,,1,False
Data 2025.xlsx,11481,2025-12-27,2025-12,2025-W52,4,5,coff-1117-r01,Coff-1117-R01,قهوة اليوم باردة,القهوة ومشتقاتها (Coffee and derivatives),Coffee and derivatives,القهوة ومشتقاتها (Coffee and derivatives),beverage,فوا - العقيق,فوا,العقيق,فوا - العقيق,الشمال,قطاع,قطاع الشمال,True,False,لا يوجد,,0,,,False,none,,1,False
Data 2025.xlsx,11464,2025-12-27,2025-12,2025-W52,4,5,fl-0125-r01,fl-0125-R01,نكهة بلو بيري,شراب بنكهة و مركزاتها ( flavoured drink & its concentrates ),flavoured drink & its concentrates,شراب بنكهة و مركزاتها ( flavoured drink & its concentrates ),sauce_condiment,المنزل الحجري للحلويات - العقيق,المنزل الحجري للحلويات,العقيق,المنزل الحجري للحلويات - العقيق,الشمال,بلدية,بلدية الشمال,True,False,لا يوجد,,0,,,False,none,,0,False
Data 2025.xlsx,11465,2025-12-27,2025-12,2025-W52,4,5,fl-0126-r01,fl-0126-R01,نكهة فراولة,شراب بنكهة و مركزاتها ( flavoured drink & its concentrates ),flavoured drink & its concentrates,شراب بنكهة و مركزاتها ( flavoured drink & its concentrates ),sauce_condiment,المنزل الحجري للحلويات - العقيق,المنزل الحجري للحلويات,العقيق,المنزل الحجري للحلويات - العقيق,الشمال,بلدية,بلدية الشمال,True,False,لا يوجد,,0,,,False,none,,0,False
Data 2025.xlsx,11466,2025-12-27,2025-12,2025-W52,4,5,fl-0127-r01,fl-0127-R01,نكهة خوخ,شراب بنكهة و مركزاتها ( flavoured drink & its concentrates ),flavoured drink & its concentrates,شراب بنكهة و مركزاتها ( flavoured drink & its concentrates ),sauce_condiment,المنزل الحجري للحلويات - العقيق,المنزل الحجري للحلويات,العقيق,المنزل الحجري للحلويات - العقيق,الشمال,بلدية,بلدية الشمال,True,False,لا يوجد,,0,,,False,none,,0,False
Data 2025.xlsx,11467,2025-12-27,2025-12,2025-W52,4,5,fl-0128-r01,fl-0128-R01,نكهة فانيلا,شراب بنكهة و مركزاتها ( flavoured drink & its concentrates ),flavoured drink & its concentrates,شراب بنكهة و مركزاتها ( flavoured drink & its concentrates ),sauce_condiment,المنزل الحجري للحلويات - العقيق,المنزل الحجري للحلويات,العقيق,المنزل الحجري للحلويات - العقيق,الشمال,بلدية,بلدية الشمال,True,False,لا يوجد,,0,,,False,none,,0,False
Data 2025.xlsx,11484,2025-12-27,2025-12,2025-W52,4,5,fl-0129-r01,fl-0129-R01,نكهة فانيلا,شراب بنكهة و مركزاتها ( flavoured drink & its concentrates ),flavoured drink & its concentrates,شراب بنكهة و مركزاتها ( flavoured drink & its concentrates ),sauce_condiment,فوا - العقيق,فوا,العقيق,فوا - العقيق,الشمال,قطاع,قطاع الشمال,True,False,لا يوجد,,0,,,False,none,,1,False
Data 2025.xlsx,11483,2025-12-27,2025-12,2025-W52,4,5,he-0031-r01,he-0031-R01,مشروب كركدية,الأعشاب المجففة (Dried herbs ),Dried herbs,الأعشاب المجففة (Dried herbs ),produce,فوا - العقيق,فوا,العقيق,فوا - العقيق,الشمال,قطاع,قطاع الشمال,True,False,لا يوجد,,0,,,False,none,,1,False
Data 2025.xlsx,11482,2025-12-27,2025-12,2025-W52,4,5,milk-0071-r01,Milk-0071-R01,مشروب سبانش,الحليب (Milk),Milk,الحليب (Milk),dairy,فوا - العقيق,فوا,العقيق,فوا - العقيق,الشمال,قطاع,قطاع الشمال,True,False,لا يوجد,,0,,,False,none,,1,False
Data 2025.xlsx,11473,2025-12-27,2025-12,2025-W52,4,5,mo-0034-r01,mo-0034-R01,صوص روز بيري,"المولاس بانواعه - الدبس - كتل السكر البنية (Molasses, debs ( date syrup ), hard brown sugar )",hard brown sugar,"المولاس بانواعه - الدبس - كتل السكر البنية (Molasses, debs ( date syrup ), hard brown sugar )",dairy,فوا - العقيق,فوا,العقيق,فوا - العقيق,الشمال,قطاع,قطاع الشمال,True,False,لا يوجد,,0,,,False,none,,0,False
Data 2025.xlsx,11475,2025-12-27,2025-12,2025-W52,4,5,mo-0035-r01,mo-0035-R01,صوص فراولة,"المولاس بانواعه - الدبس - كتل السكر البنية (Molasses, debs ( date syrup ), hard brown sugar )",hard brown sugar,"المولاس بانواعه - الدبس - كتل السكر البنية (Molasses, debs ( date syrup ), hard brown sugar )",dairy,فوا - العقيق,فوا,العقيق,فوا - العقيق,الشمال,قطاع,قطاع الشمال,True,False,لا يوجد,,0,,,False,none,,0,False
Data 2025.xlsx,11476,2025-12-27,2025-12,2025-W52,4,5,mo-0036-r01,mo-0036-R01,صوص تراميسو,"المولاس بانواعه - الدبس - كتل السكر البنية (Molasses, debs ( date syrup ), hard brown sugar )",hard brown sugar,"المولاس بانواعه - الدبس - كتل السكر البنية (Molasses, debs ( date syrup ), hard brown sugar )",dairy,فوا - العقيق,فوا,العقيق,فوا - العقيق,الشمال,قطاع,قطاع الشمال,True,False,لا يوجد,,0,,,False,none,,0,False
Data 2025.xlsx,11479,2025-12-27,2025-12,2025-W52,4,5,mo-0037-r01,mo-0037-R01,صوص كراميل,"المولاس بانواعه - الدبس - كتل السكر البنية (Molasses, debs ( date syrup ), hard brown sugar )",hard brown sugar,"المولاس بانواعه - الدبس - كتل السكر البنية (Molasses, debs ( date syrup ), hard brown sugar )",dairy,فوا - العقيق,فوا,العقيق,فوا - العقيق,الشمال,قطاع,قطاع الشمال,True,False,لا يوجد,,0,,,False,none,,1,False
Data 2025.xlsx,11474,2025-12-27,2025-12,2025-W52,4,5,sau-2823-r01,sau-2823-R01,صوص كريم بور لي,صوص (sauce),sauce,صوص (sauce),sauce_condiment,فوا - العقيق,فوا,العقيق,فوا - العقيق,الشمال,قطاع,قطاع الشمال,True,False,لا يوجد,,0,,,False,none,,0,False
Data 2025.xlsx,11468,2025-12-27,2025-12,2025-W52,4,5,sw-3878-r01,sw-3878-R01,مسحة ثلاجة القهوة الباردة,(Swabs) المسحات,Swabs,(Swabs) المسحات,swab,المنزل الحجري للحلويات - العقيق,المنزل الحجري للحلويات,العقيق,المنزل الحجري للحلويات - العقيق,الشمال,بلدية,بلدية الشمال,True,False,لا يوجد,,0,,,False,none,,0,False
Data 2025.xlsx,11469,2025-12-27,2025-12,2025-W52,4,5,sw-3879-r01,sw-3879-R01,مسحة حافظة الكروسان,(Swabs) المسحات,Swabs,(Swabs) المسحات,swab,المنزل الحجري للحلويات - العقيق,المنزل الحجري للحلويات,العقيق,المنزل الحجري للحلويات - العقيق,الشمال,بلدية,بلدية الشمال,True,False,لا يوجد,,0,,,False,none,,0,False
Data 2025.xlsx,11470,2025-12-27,2025-12,2025-W52,4,5,sw-3880-r01,sw-3880-R01,مسحة ثلاجة الكيك,(Swabs) المسحات,Swabs,(Swabs) المسحات,swab,المنزل الحجري للحلويات - العقيق,المنزل الحجري للحلويات,العقيق,المنزل الحجري للحلويات - العقيق,الشمال,بلدية,بلدية الشمال,True,False,لا يوجد,,0,,,False,none,,0,False
Data 2025.xlsx,11471,2025-12-27,2025-12,2025-W52,4,5,sw-3881-r01,sw-3881-R01,مسحة صانعة الثلج,(Swabs) المسحات,Swabs,(Swabs) المسحات,swab,المنزل الحجري للحلويات - العقيق,المنزل الحجري للحلويات,العقيق,المنزل الحجري للحلويات - العقيق,الشمال,بلدية,بلدية الشمال,True,False,لا يوجد,,0,,,False,none,,0,False
Data 2025.xlsx,11485,2025-12-27,2025-12,2025-W52,4,5,sw-3882-r01,sw-3882-R01,مسحة صانعة ثلج,(Swabs) المسحات,Swabs,(Swabs) المسحات,swab,فوا - العقيق,فوا,العقيق,فوا - العقيق,الشمال,قطاع,قطاع الشمال,True,False,لا يوجد,,0,,,False,none,,1,False
Data 2025.xlsx,11486,2025-12-27,2025-12,2025-W52,4,5,sw-3883-r01,sw-3883-R01,مسحة ثلاجة تحضير بن كيك,(Swabs) المسحات,Swabs,(Swabs) المسحات,swab,فوا - العقيق,فوا,العقيق,فوا - العقيق,الشمال,قطاع,قطاع الشمال,True,False,لا يوجد,,0,,,False,none,,1,False
Data 2025.xlsx,11487,2025-12-27,2025-12,2025-W52,4,5,sw-3884-r01,sw-3884-R01,مسحة ثلاجة تحضير,(Swabs) المسحات,Swabs,(Swabs) المسحات,swab,فوا - العقيق,فوا,العقيق,فوا - العقيق,الشمال,قطاع,قطاع الشمال,True,False,لا يوجد,,0,,,False,none,,1,False
Data 2025.xlsx,11472,2025-12-27,2025-12,2025-W52,4,5,ubot-1194-r01,Ubot-1194-R01,مياه فلتر للكافي م-ك,المياه الغير معبأة (Unbottled water),Unbottled water,المياه الغير المعبأة (Unbottled water),water,المنزل الحجري للحلويات - العقيق,المنزل الحجري للحلويات,العقيق,المنزل الحجري للحلويات - العقيق,الشمال,بلدية,بلدية الشمال,True,False,لا يوجد,,0,,,False,none,category_merged_to_canonical,0,False
Data 2025.xlsx,11490,2025-12-28,2025-12,2025-W52,4,6,ca-0254-r01,ca-0254-R01,كوكيز شوكليت,الكعك ومنتجات المخابز الجاهزة للاكل بدون تسخين (Cakes and bakery products ready to eat ),Cakes and bakery products ready to eat,الكعك ومنتجات المخابز الجاهزة للاكل بدون تسخين (Cakes and bakery products ready to eat ),sweets_bakery,قهوة إراء المختصة - حطين,قهوة إراء المختصة,حطين,قهوة إراء المختصة - حطين,الشمال,قطاع,قطاع الشمال,True,False,لا يوجد,,0,,,False,none,,0,False
Data 2025.xlsx,11498,2025-12-28,2025-12,2025-W52,4,6,ca-0255-r01,ca-0255-R01,كيك لايرس,الكعك ومنتجات المخابز الجاهزة للاكل بدون تسخين (Cakes and bakery products ready to eat ),Cakes and bakery products ready to eat,الكعك ومنتجات المخابز الجاهزة للاكل بدون تسخين (Cakes and bakery products ready to eat ),sweets_bakery,قهوة إراء المختصة - حطين,قهوة إراء المختصة,حطين,قهوة إراء المختصة - حطين,الشمال,قطاع,قطاع الشمال,True,False,لا يوجد,,0,,,False,none,,2,True
Data 2025.xlsx,11499,2025-12-28,2025-12,2025-W52,4,6,ca-0256-r01,ca-0256-R01,كيك تشيز مدريد,الكعك ومنتجات المخابز الجاهزة للاكل بدون تسخين (Cakes and bakery products ready to eat ),Cakes and bakery products ready to eat,الكعك ومنتجات المخابز الجاهزة للاكل بدون تسخين (Cakes and bakery products ready to eat ),sweets_bakery,قهوة إراء المختصة - حطين,قهوة إراء المختصة,حطين,قهوة إراء المختصة - حطين,الشمال,قطاع,قطاع الشمال,True,False,لا يوجد,,0,,,False,none,,2,True
Data 2025.xlsx,11503,2025-12-28,2025-12,2025-W52,4,6,ca-0257-r01,ca-0257-R01,تراميسو,الكعك ومنتجات المخابز الجاهزة للاكل بدون تسخين (Cakes and bakery products ready to eat ),Cakes and bakery products ready to eat,الكعك ومنتجات المخابز الجاهزة للاكل بدون تسخين (Cakes and bakery products ready to eat ),sweets_bakery,محمد خالد الوهيبي - العقيق,محمد خالد الوهيبي,العقيق,محمد خالد الوهيبي - العقيق,الشمال,بلدية,بلدية الشمال,True,False,لا يوجد,,0,,,False,none,,0,False
Data 2025.xlsx,11504,2025-12-28,2025-12,2025-W52,4,6,ca-0258-r01,ca-0258-R01,تراميسو تارت,الكعك ومنتجات المخابز الجاهزة للاكل بدون تسخين (Cakes and bakery products ready to eat ),Cakes and bakery products ready to eat,الكعك ومنتجات المخابز الجاهزة للاكل بدون تسخين (Cakes and bakery products ready to eat ),sweets_bakery,محمد خالد الوهيبي - العقيق,محمد خالد الوهيبي,العقيق,محمد خالد الوهيبي - العقيق,الشمال,بلدية,بلدية الشمال,True,False,لا يوجد,,0,,,False,none,,0,False
Data 2025.xlsx,11506,2025-12-28,2025-12,2025-W52,4,6,ca-0259-r01,ca-0259-R01,كيك مدريد,الكعك ومنتجات المخابز الجاهزة للاكل بدون تسخين (Cakes and bakery products ready to eat ),Cakes and bakery products ready to eat,الكعك ومنتجات المخابز الجاهزة للاكل بدون تسخين (Cakes and bakery products ready to eat ),sweets_bakery,محمد خالد الوهيبي - العقيق,محمد خالد الوهيبي,العقيق,محمد خالد الوهيبي - العقيق,الشمال,بلدية,بلدية الشمال,True,False,لا يوجد,,0,,,False,none,,1,False
Data 2025.xlsx,11507,2025-12-28,2025-12,2025-W52,4,6,ca-0260-r01,ca-0260-R01,تشيز كيك سينابون,الكعك ومنتجات المخابز الجاهزة للاكل بدون تسخين (Cakes and bakery products ready to eat ),Cakes and bakery products ready to eat,الكعك ومنتجات المخابز الجاهزة للاكل بدون تسخين (Cakes and bakery products ready to eat ),sweets_bakery,محمد خالد الوهيبي - العقيق,محمد خالد الوهيبي,العقيق,محمد خالد الوهيبي - العقيق,الشمال,بلدية,بلدية الشمال,False,True,العد الكلي للبكتيريا,العد الكلي للبكتيريا,1,,العد الكلي للبكتيريا,False,indicator_only,,2,True
Data 2025.xlsx,11508,2025-12-28,2025-12,2025-W52,4,6,ca-0261-r01,ca-0261-R01,كيك موز,الكعك ومنتجات المخابز الجاهزة للاكل بدون تسخين (Cakes and bakery products ready to eat ),Cakes and bakery products ready to eat,الكعك ومنتجات المخابز الجاهزة للاكل بدون تسخين (Cakes and bakery products ready to eat ),sweets_bakery,محمد خالد الوهيبي - العقيق,محمد خالد الوهيبي,العقيق,محمد خالد الوهيبي - العقيق,الشمال,بلدية,بلدية الشمال,True,False,لا يوجد,,0,,,False,none,,2,True
Data 2025.xlsx,11513,2025-12-28,2025-12,2025-W52,4,6,ca-0262-r01,ca-0262-R01,دول شيك كيك,الكعك ومنتجات المخابز الجاهزة للاكل بدون تسخين (Cakes and bakery products ready to eat ),Cakes and bakery products ready to eat,الكعك ومنتجات المخابز الجاهزة للاكل بدون تسخين (Cakes and bakery products ready to eat ),sweets_bakery,محمد خالد الوهيبي - العقيق,محمد خالد الوهيبي,العقيق,محمد خالد الوهيبي - العقيق,الشمال,بلدية,بلدية الشمال,True,False,لا يوجد,,0,,,False,none,,4,True
Data 2025.xlsx,11488,2025-12-28,2025-12,2025-W52,4,6,coff-1118-r01,Coff-1118-R01,ايس كافي,القهوة ومشتقاتها (Coffee and derivatives),Coffee and derivatives,القهوة ومشتقاتها (Coffee and derivatives),beverage,قهوة إراء المختصة - حطين,قهوة إراء المختصة,حطين,قهوة إراء المختصة - حطين,الشمال,قطاع,قطاع الشمال,True,False,لا يوجد,,0,,,False,none,,0,False
Data 2025.xlsx,11514,2025-12-28,2025-12,2025-W52,4,6,fl-0130-r01,fl-0130-R01,نكهة خوخ,شراب بنكهة و مركزاتها ( flavoured drink & its concentrates ),flavoured drink & its concentrates,شراب بنكهة و مركزاتها ( flavoured drink & its concentrates ),sauce_condiment,محمد خالد الوهيبي - العقيق,محمد خالد الوهيبي,العقيق,محمد خالد الوهيبي - العقيق,الشمال,بلدية,بلدية الشمال,True,False,لا يوجد,,0,,,False,none,,4,True
Data 2025.xlsx,11509,2025-12-28,2025-12,2025-W52,4,6,he-0032-r01,he-0032-R01,مشروب كركدية,الأعشاب المجففة (Dried herbs ),Dried herbs,الأعشاب المجففة (Dried herbs ),produce,محمد خالد الوهيبي - العقيق,محمد خالد الوهيبي,العقيق,محمد خالد الوهيبي - العقيق,الشمال,بلدية,بلدية الشمال,True,False,لا يوجد,,0,,,False,none,,2,True
Data 2025.xlsx,11489,2025-12-28,2025-12,2025-W52,4,6,milk-0072-r01,Milk-0072-R01,حليب سبانش,الحليب (Milk),Milk,الحليب (Milk),dairy,قهوة إراء المختصة - حطين,قهوة إراء المختصة,حطين,قهوة إراء المختصة - حطين,الشمال,قطاع,قطاع الشمال,True,False,لا يوجد,,0,,,False,none,,0,False
Data 2025.xlsx,11491,2025-12-28,2025-12,2025-W52,4,6,sa-1000-r01,sa-1000-R01,ساندويتش دجاج,اطعمة جاهزة للأكل Ready to eat meals,Ready to eat meals,اطعمة جاهزة للأكل Ready to eat meals,prepared_meal,قهوة إراء المختصة - حطين,قهوة إراء المختصة,حطين,قهوة إراء المختصة - حطين,الشمال,قطاع,قطاع الشمال,True,False,لا يوجد,,0,,,False,none,,0,False
Data 2025.xlsx,11492,2025-12-28,2025-12,2025-W52,4,6,sa-1001-r01,sa-1001-R01,ساندويتش حلومي,اطعمة جاهزة للأكل Ready to eat meals,Ready to eat meals,اطعمة جاهزة للأكل Ready to eat meals,prepared_meal,قهوة إراء المختصة - حطين,قهوة إراء المختصة,حطين,قهوة إراء المختصة - حطين,الشمال,قطاع,قطاع الشمال,True,False,لا يوجد,,0,,,False,none,,0,False
Data 2025.xlsx,11493,2025-12-28,2025-12,2025-W52,4,6,sa-1002-r01,sa-1002-R01,ساندويتش فيتا,اطعمة جاهزة للأكل Ready to eat meals,Ready to eat meals,اطعمة جاهزة للأكل Ready to eat meals,prepared_meal,قهوة إراء المختصة - حطين,قهوة إراء المختصة,حطين,قهوة إراء المختصة - حطين,الشمال,قطاع,قطاع الشمال,True,False,لا يوجد,,0,,,False,none,,0,False
Data 2025.xlsx,11494,2025-12-28,2025-12,2025-W52,4,6,sa-1003-r01,sa-1003-R01,ساندويتش تونة,اطعمة جاهزة للأكل Ready to eat meals,Ready to eat meals,اطعمة جاهزة للأكل Ready to eat meals,prepared_meal,قهوة إراء المختصة - حطين,قهوة إراء المختصة,حطين,قهوة إراء المختصة - حطين,الشمال,قطاع,قطاع الشمال,True,False,لا يوجد,,0,,,False,none,,0,False
Data 2025.xlsx,11512,2025-12-28,2025-12,2025-W52,4,6,sa-1004-r01,sa-1004-R01,تونة سلط,اطعمة جاهزة للأكل Ready to eat meals,Ready to eat meals,اطعمة جاهزة للأكل Ready to eat meals,prepared_meal,محمد خالد الوهيبي - العقيق,محمد خالد الوهيبي,العقيق,محمد خالد الوهيبي - العقيق,الشمال,بلدية,بلدية الشمال,False,True,انتيروباكتريسي,انتيروباكتريسي,1,,انتيروباكتريسي,False,indicator_only,,4,True
Data 2025.xlsx,11496,2025-12-28,2025-12,2025-W52,4,6,sau-2824-r01,sau-2824-R01,صوص توت ازرق,صوص (sauce),sauce,صوص (sauce),sauce_condiment,قهوة إراء المختصة - حطين,قهوة إراء المختصة,حطين,قهوة إراء المختصة - حطين,الشمال,قطاع,قطاع الشمال,False,True,الخمائر والاعفان,الخمائر والاعفان,1,,الخمائر والاعفان,False,indicator_only,,2,True
Data 2025.xlsx,11497,2025-12-28,2025-12,2025-W52,4,6,sau-2825-r01,sau-2825-R01,صوص روز بيري,صوص (sauce),sauce,صوص (sauce),sauce_condiment,قهوة إراء المختصة - حطين,قهوة إراء المختصة,حطين,قهوة إراء المختصة - حطين,الشمال,قطاع,قطاع الشمال,True,False,لا يوجد,,0,,,False,none,,2,True
Data 2025.xlsx,11505,2025-12-28,2025-12,2025-W52,4,6,sau-2826-r01,sau-2826-R01,صوص سيجنتشر,صوص (sauce),sauce,صوص (sauce),sauce_condiment,محمد خالد الوهيبي - العقيق,محمد خالد الوهيبي,العقيق,محمد خالد الوهيبي - العقيق,الشمال,بلدية,بلدية الشمال,False,True,الخمائر والاعفان,الخمائر والاعفان,1,,الخمائر والاعفان,False,indicator_only,,1,False
Data 2025.xlsx,11510,2025-12-28,2025-12,2025-W52,4,6,sau-2827-r01,sau-2827-R01,صوص كيندر,صوص (sauce),sauce,صوص (sauce),sauce_condiment,محمد خالد الوهيبي - العقيق,محمد خالد الوهيبي,العقيق,محمد خالد الوهيبي - العقيق,الشمال,بلدية,بلدية الشمال,True,False,لا يوجد,,0,,,False,none,,2,True
Data 2025.xlsx,11511,2025-12-28,2025-12,2025-W52,4,6,sau-2828-r01,sau-2828-R01,صوص بستاشو,صوص (sauce),sauce,صوص (sauce),sauce_condiment,محمد خالد الوهيبي - العقيق,محمد خالد الوهيبي,العقيق,محمد خالد الوهيبي - العقيق,الشمال,بلدية,بلدية الشمال,False,True,اعفان,الخمائر والاعفان,1,,الخمائر والاعفان,False,indicator_only,,3,True
Data 2025.xlsx,11495,2025-12-28,2025-12,2025-W52,4,6,so-0058-r01,SO-0058-R01,تشيز كريم - كريمة جبن,(Soft Cheese) جبن طري / جبن سائل,Soft Cheese,(Soft Cheese) جبن طري / جبن سائل,dairy,قهوة إراء المختصة - حطين,قهوة إراء المختصة,حطين,قهوة إراء المختصة - حطين,الشمال,قطاع,قطاع الشمال,False,True,انتيروباكتريسي,انتيروباكتريسي,1,,انتيروباكتريسي,False,indicator_only,,1,False
Data 2025.xlsx,11500,2025-12-28,2025-12,2025-W52,4,6,sw-3885-r01,sw-3885-R01,مسحة ثلاجة حفظ الكيك,(Swabs) المسحات,Swabs,(Swabs) المسحات,swab,قهوة إراء المختصة - حطين,قهوة إراء المختصة,حطين,قهوة إراء المختصة - حطين,الشمال,قطاع,قطاع الشمال,True,False,لا يوجد,,0,,,False,none,,2,True
Data 2025.xlsx,11501,2025-12-28,2025-12,2025-W52,4,6,sw-3886-r01,sw-3886-R01,مسحة صانعة ثلج,(Swabs) المسحات,Swabs,(Swabs) المسحات,swab,قهوة إراء المختصة - حطين,قهوة إراء المختصة,حطين,قهوة إراء المختصة - حطين,الشمال,قطاع,قطاع الشمال,True,False,لا يوجد,,0,,,False,none,,2,True
Data 2025.xlsx,11515,2025-12-28,2025-12,2025-W52,4,6,sw-3887-r01,sw-3887-R01,مسحة صانعة ثلج,(Swabs) المسحات,Swabs,(Swabs) المسحات,swab,محمد خالد الوهيبي - العقيق,محمد خالد الوهيبي,العقيق,محمد خالد الوهيبي - العقيق,الشمال,بلدية,بلدية الشمال,False,True,العد الكلي للبكتيريا,العد الكلي للبكتيريا,1,,العد الكلي للبكتيريا,False,indicator_only,,5,True
Data 2025.xlsx,11516,2025-12-28,2025-12,2025-W52,4,6,sw-3888-r01,sw-3888-R01,مسحة ثلاجة كيك,(Swabs) المسحات,Swabs,(Swabs) المسحات,swab,محمد خالد الوهيبي - العقيق,محمد خالد الوهيبي,العقيق,محمد خالد الوهيبي - العقيق,الشمال,بلدية,بلدية الشمال,False,True,العد الكلي للبكتيريا,العد الكلي للبكتيريا,1,,العد الكلي للبكتيريا,False,indicator_only,,6,True
Data 2025.xlsx,11517,2025-12-28,2025-12,2025-W52,4,6,sw-3889-r01,sw-3889-R01,مسحة ثلاجة كيك,(Swabs) المسحات,Swabs,(Swabs) المسحات,swab,محمد خالد الوهيبي - العقيق,محمد خالد الوهيبي,العقيق,محمد خالد الوهيبي - العقيق,الشمال,بلدية,بلدية الشمال,True,False,لا يوجد,,0,,,False,none,,6,True
Data 2025.xlsx,11502,2025-12-28,2025-12,2025-W52,4,6,ubot-1195-r01,Ubot-1195-R01,مياه فلتر للكافي م-ك,المياه الغير معبأة (Unbottled water),Unbottled water,المياه الغير المعبأة (Unbottled water),water,قهوة إراء المختصة - حطين,قهوة إراء المختصة,حطين,قهوة إراء المختصة - حطين,الشمال,قطاع,قطاع الشمال,True,False,لا يوجد,,0,,,False,none,category_merged_to_canonical,2,True
Data 2025.xlsx,11532,2025-12-29,2025-12,2026-W01,4,0,300-0017-R01,300-0017-R01,مشكل مكسرات,المكسرات (Nuts),Nuts,المكسرات (Nuts),produce,كيف التوام - العقيق,كيف التوام,العقيق,كيف التوام - العقيق,الشمال,قطاع,قطاع الشمال,True,False,لا يوجد,,0,,,False,none,,5,True
Data 2025.xlsx,11528,2025-12-29,2025-12,2026-W01,4,0,ch-0018-r01,CH-0018-R01,موزاريلا,(Hard and Semi Hard Cheese) الأجبان الجامدة وشبه جامدة,Hard and Semi Hard Cheese,(Hard and Semi Hard Cheese) الأجبان الجامدة وشبه جامدة,dairy,كيف التوام - العقيق,كيف التوام,العقيق,كيف التوام - العقيق,الشمال,قطاع,قطاع الشمال,True,False,لا يوجد,,0,,,False,none,,4,True
Data 2025.xlsx,11529,2025-12-29,2025-12,2026-W01,4,0,ch-0019-r01,CH-0019-R01,مكس اجبان,(Hard and Semi Hard Cheese) الأجبان الجامدة وشبه جامدة,Hard and Semi Hard Cheese,(Hard and Semi Hard Cheese) الأجبان الجامدة وشبه جامدة,dairy,كيف التوام - العقيق,كيف التوام,العقيق,كيف التوام - العقيق,الشمال,قطاع,قطاع الشمال,False,True,انتيروباكتريسي,انتيروباكتريسي,1,,انتيروباكتريسي,False,indicator_only,,5,True
Data 2025.xlsx,11530,2025-12-29,2025-12,2026-W01,4,0,co-0657-r01,co-0657-R01,نقانق,السجق المطبوخ (Cooked sausages),Cooked sausages,السجق المطبوخ (Cooked sausages),cooked_meat_poultry,كيف التوام - العقيق,كيف التوام,العقيق,كيف التوام - العقيق,الشمال,قطاع,قطاع الشمال,True,False,لا يوجد,,0,,,False,none,,5,True
Data 2025.xlsx,11518,2025-12-29,2025-12,2026-W01,4,0,cond-0017-r01,cond-0017-R01,حليب مكثف نستلة,الحليب المكثف والحليب المكثف المحلى (condensed and sweeten condensed milk),condensed and sweeten condensed milk,الحليب المكثف والحليب المكثف المحلى (condensed and sweeten condensed milk),dairy,كيف التوام - العقيق,كيف التوام,العقيق,كيف التوام - العقيق,الشمال,قطاع,قطاع الشمال,False,True,العد الكلي للبكتيريا,العد الكلي للبكتيريا,1,,العد الكلي للبكتيريا,False,indicator_only,,1,False
Data 2025.xlsx,11526,2025-12-29,2025-12,2026-W01,4,0,fermintedmilk-0041-r01,Fermintedmilk-0041-R01,لبنة مع جبن,"Fermented milk products , منتجات الحليب المخمرة",Fermented milk products,"Fermented milk products , منتجات الحليب المخمرة",dairy,كيف التوام - العقيق,كيف التوام,العقيق,كيف التوام - العقيق,الشمال,قطاع,قطاع الشمال,False,True,انتيروباكتريسي,انتيروباكتريسي,1,,انتيروباكتريسي,False,indicator_only,,4,True
Data 2025.xlsx,11520,2025-12-29,2025-12,2026-W01,4,0,fr-0187-r01,fr-0187-R01,مسخن دجاج,"لحم الدواجن المطبوخ المجمد الجاهز للاكل مثل لفائف الرومي والدجاج (Frozen cooked poultry meat, such as turkey and chicken rolls)","Frozen cooked poultry meat, such as turkey and chicken rolls","لحم الدواجن المطبوخ المجمد الجاهز للاكل مثل لفائف الرومي والدجاج (Frozen cooked poultry meat, such as turkey and chicken rolls)",cooked_meat_poultry,كيف التوام - العقيق,كيف التوام,العقيق,كيف التوام - العقيق,الشمال,قطاع,قطاع الشمال,True,False,لا يوجد,,0,,,False,none,,1,False
Data 2025.xlsx,11533,2025-12-29,2025-12,2026-W01,4,0,fr-0188-r01,fr-0188-R01,حبق,فواكه و خضروات طازجة (Fresh fruits and vegetables ),Fresh fruits and vegetables,فواكه و خضروات طازجة (Fresh fruits and vegetables ),produce,كيف التوام - العقيق,كيف التوام,العقيق,كيف التوام - العقيق,الشمال,قطاع,قطاع الشمال,True,False,لا يوجد,,0,,,False,none,,5,True
Data 2025.xlsx,11535,2025-12-29,2025-12,2026-W01,4,0,fr-0189-r01,fr-0189-R01,قطع شمندر,فواكه و خضروات طازجة (Fresh fruits and vegetables ),Fresh fruits and vegetables,فواكه و خضروات طازجة (Fresh fruits and vegetables ),produce,كيف التوام - العقيق,كيف التوام,العقيق,كيف التوام - العقيق,الشمال,قطاع,قطاع الشمال,True,False,لا يوجد,,0,,,False,none,,5,True
Data 2025.xlsx,11524,2025-12-29,2025-12,2026-W01,4,0,he-0033-r01,he-0033-R01,زعتر و زيت زيتون,الأعشاب والتوابل الجافة جاهزة للاكل (Dried herbs and spices ready to eat),Dried herbs and spices ready to eat,الأعشاب والتوابل الجافة جاهزة للاكل (Dried herbs and spices ready to eat),produce,كيف التوام - العقيق,كيف التوام,العقيق,كيف التوام - العقيق,الشمال,قطاع,قطاع الشمال,True,False,لا يوجد,,0,,,False,none,,2,True
Data 2025.xlsx,11534,2025-12-29,2025-12,2026-W01,4,0,he-0034-r01,he-0034-R01,مشروب كركدية,الأعشاب المجففة (Dried herbs ),Dried herbs,الأعشاب المجففة (Dried herbs ),produce,كيف التوام - العقيق,كيف التوام,العقيق,كيف التوام - العقيق,الشمال,قطاع,قطاع الشمال,True,False,لا يوجد,,0,,,False,none,,5,True
Data 2025.xlsx,11527,2025-12-29,2025-12,2026-W01,4,0,pi-0176-r01,pi-0176-R01,شرائح زيتون,مخلل الخضروات /الفواكه (Pickled/fermented vegetable / fruits),Pickled/fermented vegetable / fruits,مخلل الخضروات /الفواكه (Pickled/fermented vegetable / fruits),dairy,كيف التوام - العقيق,كيف التوام,العقيق,كيف التوام - العقيق,الشمال,قطاع,قطاع الشمال,True,False,لا يوجد,,0,,,False,none,,4,True
Data 2025.xlsx,11525,2025-12-29,2025-12,2026-W01,4,0,sa-1005-r01,sa-1005-R01,سلطة تونة,اطعمة جاهزة للأكل Ready to eat meals,Ready to eat meals,اطعمة جاهزة للأكل Ready to eat meals,prepared_meal,كيف التوام - العقيق,كيف التوام,العقيق,كيف التوام - العقيق,الشمال,قطاع,قطاع الشمال,False,True,انتيروباكتريسي,انتيروباكتريسي,1,,انتيروباكتريسي,False,indicator_only,,3,True
Data 2025.xlsx,11531,2025-12-29,2025-12,2026-W01,4,0,sa-1006-r01,sa-1006-R01,ورق عنب,اطعمة جاهزة للأكل Ready to eat meals,Ready to eat meals,اطعمة جاهزة للأكل Ready to eat meals,prepared_meal,كيف التوام - العقيق,كيف التوام,العقيق,كيف التوام - العقيق,الشمال,قطاع,قطاع الشمال,True,False,لا يوجد,,0,,,False,none,,5,True
Data 2025.xlsx,11521,2025-12-29,2025-12,2026-W01,4,0,sau-2829-r01,sau-2829-R01,صوص مسخن دجاج,صوص (sauce),sauce,صوص (sauce),sauce_condiment,كيف التوام - العقيق,كيف التوام,العقيق,كيف التوام - العقيق,الشمال,قطاع,قطاع الشمال,True,False,لا يوجد,,0,,,False,none,,1,False
Data 2025.xlsx,11523,2025-12-29,2025-12,2026-W01,4,0,sau-2830-r01,sau-2830-R01,صوص بيستو,صوص (sauce),sauce,صوص (sauce),sauce_condiment,كيف التوام - العقيق,كيف التوام,العقيق,كيف التوام - العقيق,الشمال,قطاع,قطاع الشمال,False,True,العد الكلي للبكتيريا | انتيروباكتريسي | الخمائر والاعفان,العد الكلي للبكتيريا | انتيروباكتريسي | الخمائر والاعفان,3,,العد الكلي للبكتيريا | انتيروباكتريسي | الخمائر والاعفان,False,indicator_only,,2,True
Data 2025.xlsx,11536,2025-12-29,2025-12,2026-W01,4,0,sau-2831-r01,sau-2831-R01,شطة حارة,صوص (sauce),sauce,صوص (sauce),sauce_condiment,كيف التوام - العقيق,كيف التوام,العقيق,كيف التوام - العقيق,الشمال,قطاع,قطاع الشمال,False,True,العد الكلي للبكتيريا,العد الكلي للبكتيريا,1,,العد الكلي للبكتيريا,False,indicator_only,,6,True
Data 2025.xlsx,11519,2025-12-29,2025-12,2026-W01,4,0,see-0012-r01,see-0012-R01,عصيدة حساوية حلا,الحلويات العربية (Arabic sweets),Arabic sweets,الحلويات العربية (Arabic sweets),sweets_bakery,كيف التوام - العقيق,كيف التوام,العقيق,كيف التوام - العقيق,الشمال,قطاع,قطاع الشمال,True,False,لا يوجد,,0,,,False,none,,1,False
Data 2025.xlsx,11538,2025-12-29,2025-12,2026-W01,4,0,sw-3890-r01,sw-3890-R01,مسحة ثلاجة اعداد,(Swabs) المسحات,Swabs,(Swabs) المسحات,swab,كيف التوام - العقيق,كيف التوام,العقيق,كيف التوام - العقيق,الشمال,قطاع,قطاع الشمال,True,False,لا يوجد,,0,,,False,none,,6,True
Data 2025.xlsx,11539,2025-12-29,2025-12,2026-W01,4,0,sw-3891-r01,sw-3891-R01,مسحة ثلاجة تحضير,(Swabs) المسحات,Swabs,(Swabs) المسحات,swab,كيف التوام - العقيق,كيف التوام,العقيق,كيف التوام - العقيق,الشمال,قطاع,قطاع الشمال,True,False,لا يوجد,,0,,,False,none,,6,True
Data 2025.xlsx,11540,2025-12-29,2025-12,2026-W01,4,0,sw-3892-r01,sw-3892-R01,مسحة صانعة ثلج,(Swabs) المسحات,Swabs,(Swabs) المسحات,swab,كيف التوام - العقيق,كيف التوام,العقيق,كيف التوام - العقيق,الشمال,قطاع,قطاع الشمال,True,False,لا يوجد,,0,,,False,none,,6,True
Data 2025.xlsx,11522,2025-12-29,2025-12,2026-W01,4,0,to-0029-r01,to-0029-R01,صلصة طماطم بيتزا,جميع أنواع منتجات الطماطم (All kinds of tomato products),All kinds of tomato products,جميع أنواع منتجات الطماطم (All kinds of tomato products),produce,كيف التوام - العقيق,كيف التوام,العقيق,كيف التوام - العقيق,الشمال,قطاع,قطاع الشمال,True,False,لا يوجد,,0,,,False,none,,1,False
Data 2025.xlsx,11541,2025-12-29,2025-12,2026-W01,4,0,ubot-1196-r01,Ubot-1196-R01,مياه متحركة,المياه الغير معبأة (Unbottled water),Unbottled water,المياه الغير المعبأة (Unbottled water),water,عينة خاصة,عينة خاصة,,عينة خاصة,الحاير,بلدية,بلدية الحاير,False,True,كوليفورم | ايشيريشيا كولاي | سيدوموناس,كوليفورم | ايشيريشيا كولاي | سيدوموناس,3,ايشيريشيا كولاي,كوليفورم | سيدوموناس,True,pathogen,category_merged_to_canonical,2,True
Data 2025.xlsx,11542,2025-12-29,2025-12,2026-W01,4,0,ubot-1197-r01,Ubot-1197-R01,مياه راكدة,المياه الغير معبأة (Unbottled water),Unbottled water,المياه الغير المعبأة (Unbottled water),water,عينة خاصة,عينة خاصة,,عينة خاصة,الحاير,بلدية,بلدية الحاير,False,True,كوليفورم | ايشيريشيا كولاي,كوليفورم | ايشيريشيا كولاي,2,ايشيريشيا كولاي,كوليفورم,True,pathogen,category_merged_to_canonical,3,True
Data 2025.xlsx,11537,2025-12-29,2025-12,2026-W01,4,0,vi-0004-r01,vi-0004-R01,خل ليمون,الخل (Vinegar),Vinegar,الخل (Vinegar),sauce_condiment,كيف التوام - العقيق,كيف التوام,العقيق,كيف التوام - العقيق,الشمال,قطاع,قطاع الشمال,True,False,لا يوجد,,0,,,False,none,,6,True
Data 2025.xlsx,11563,2025-12-30,2025-12,2026-W01,4,1,bi-0017-r01,BI-0017-R01,فيكس - بسكوت,البسكويت (Biscuits),Biscuits,البسكويت (Biscuits),sweets_bakery,مقهى اناقة البن - حي الغدير,مقهى اناقة البن,حي الغدير,مقهى اناقة البن - حي الغدير,الشمال,قطاع,قطاع الشمال,True,False,لا يوجد,,0,,,False,none,,0,False
Data 2025.xlsx,11564,2025-12-30,2025-12,2026-W01,4,1,bi-0018-r01,BI-0018-R01,بسكوت مطحون,البسكويت (Biscuits),Biscuits,البسكويت (Biscuits),sweets_bakery,مقهى اناقة البن - حي الغدير,مقهى اناقة البن,حي الغدير,مقهى اناقة البن - حي الغدير,الشمال,قطاع,قطاع الشمال,True,False,لا يوجد,,0,,,False,none,,0,False
Data 2025.xlsx,11554,2025-12-30,2025-12,2026-W01,4,1,ca-0264-r01,ca-0264-R01,براوني,الكعك ومنتجات المخابز الجاهزة للاكل بدون تسخين (Cakes and bakery products ready to eat ),Cakes and bakery products ready to eat,الكعك ومنتجات المخابز الجاهزة للاكل بدون تسخين (Cakes and bakery products ready to eat ),sweets_bakery,مقهى اناقة البن - حي الغدير,مقهى اناقة البن,حي الغدير,مقهى اناقة البن - حي الغدير,الشمال,قطاع,قطاع الشمال,True,False,لا يوجد,,0,,,False,none,,0,False
Data 2025.xlsx,11555,2025-12-30,2025-12,2026-W01,4,1,ca-0265-r01,ca-0265-R01,كرات جوز الهند,الكعك ومنتجات المخابز الجاهزة للاكل بدون تسخين (Cakes and bakery products ready to eat ),Cakes and bakery products ready to eat,الكعك ومنتجات المخابز الجاهزة للاكل بدون تسخين (Cakes and bakery products ready to eat ),sweets_bakery,مقهى اناقة البن - حي الغدير,مقهى اناقة البن,حي الغدير,مقهى اناقة البن - حي الغدير,الشمال,قطاع,قطاع الشمال,True,False,لا يوجد,,0,,,False,none,,0,False
Data 2025.xlsx,11556,2025-12-30,2025-12,2026-W01,4,1,ca-0266-r01,ca-0266-R01,سمي شوكليت,الكعك ومنتجات المخابز الجاهزة للاكل بدون تسخين (Cakes and bakery products ready to eat ),Cakes and bakery products ready to eat,الكعك ومنتجات المخابز الجاهزة للاكل بدون تسخين (Cakes and bakery products ready to eat ),sweets_bakery,مقهى اناقة البن - حي الغدير,مقهى اناقة البن,حي الغدير,مقهى اناقة البن - حي الغدير,الشمال,قطاع,قطاع الشمال,True,False,لا يوجد,,0,,,False,none,,0,False
Data 2025.xlsx,11565,2025-12-30,2025-12,2026-W01,4,1,ca-0267-r01,ca-0267-R01,براوني مطحون,الكعك ومنتجات المخابز الجاهزة للاكل بدون تسخين (Cakes and bakery products ready to eat ),Cakes and bakery products ready to eat,الكعك ومنتجات المخابز الجاهزة للاكل بدون تسخين (Cakes and bakery products ready to eat ),sweets_bakery,مقهى اناقة البن - حي الغدير,مقهى اناقة البن,حي الغدير,مقهى اناقة البن - حي الغدير,الشمال,قطاع,قطاع الشمال,True,False,لا يوجد,,0,,,False,none,,0,False
Data 2025.xlsx,11566,2025-12-30,2025-12,2026-W01,4,1,ca-0268-r01,ca-0268-R01,بيكان - مكسرات,الكعك ومنتجات المخابز الجاهزة للاكل بدون تسخين (Cakes and bakery products ready to eat ),Cakes and bakery products ready to eat,الكعك ومنتجات المخابز الجاهزة للاكل بدون تسخين (Cakes and bakery products ready to eat ),sweets_bakery,مقهى اناقة البن - حي الغدير,مقهى اناقة البن,حي الغدير,مقهى اناقة البن - حي الغدير,الشمال,قطاع,قطاع الشمال,True,False,لا يوجد,,0,,,False,none,,0,False
Data 2025.xlsx,11560,2025-12-30,2025-12,2026-W01,4,1,ch-0020-r01,CH-0020-R01,جبن موزاريلا,(Hard and Semi Hard Cheese) الأجبان الجامدة وشبه جامدة,Hard and Semi Hard Cheese,(Hard and Semi Hard Cheese) الأجبان الجامدة وشبه جامدة,dairy,مقهى اناقة البن - حي الغدير,مقهى اناقة البن,حي الغدير,مقهى اناقة البن - حي الغدير,الشمال,قطاع,قطاع الشمال,True,False,لا يوجد,,0,,,False,none,,0,False
Data 2025.xlsx,11553,2025-12-30,2025-12,2026-W01,4,1,cho-0131-r01,cho-0131-R01,شوكليت بودرة,الشوكولاته (Chocolate),Chocolate,الشوكولاته (Chocolate),sweets_bakery,مقهى اناقة البن - حي الغدير,مقهى اناقة البن,حي الغدير,مقهى اناقة البن - حي الغدير,الشمال,قطاع,قطاع الشمال,True,False,لا يوجد,,0,,,False,none,,0,False
Data 2025.xlsx,11558,2025-12-30,2025-12,2026-W01,4,1,cu-0023-r01,Cu-0023-R01,دجاج تركي,الدواجن المعالجة والمدخنة (Cured and or smoked poultry),Cured and or smoked poultry,الدواجن المعالجة والمدخنة (Cured and or smoked poultry),cooked_meat_poultry,مقهى اناقة البن - حي الغدير,مقهى اناقة البن,حي الغدير,مقهى اناقة البن - حي الغدير,الشمال,قطاع,قطاع الشمال,True,False,لا يوجد,,0,,,False,none,,0,False
Data 2025.xlsx,11550,2025-12-30,2025-12,2026-W01,4,1,he-0035-r01,he-0035-R01,مشروب كركدية,الأعشاب المجففة (Dried herbs ),Dried herbs,الأعشاب المجففة (Dried herbs ),produce,مقهى اناقة البن - حي الغدير,مقهى اناقة البن,حي الغدير,مقهى اناقة البن - حي الغدير,الشمال,قطاع,قطاع الشمال,True,False,لا يوجد,,0,,,False,none,,0,False
Data 2025.xlsx,11552,2025-12-30,2025-12,2026-W01,4,1,milk-0073-r01,Milk-0073-R01,سبانش,الحليب (Milk),Milk,الحليب (Milk),dairy,مقهى اناقة البن - حي الغدير,مقهى اناقة البن,حي الغدير,مقهى اناقة البن - حي الغدير,الشمال,قطاع,قطاع الشمال,True,False,لا يوجد,,0,,,False,none,,0,False
Data 2025.xlsx,11562,2025-12-30,2025-12,2026-W01,4,1,sa-1007-r01,sa-1007-R01,سلطة تونة,اطعمة جاهزة للأكل Ready to eat meals,Ready to eat meals,اطعمة جاهزة للأكل Ready to eat meals,prepared_meal,مقهى اناقة البن - حي الغدير,مقهى اناقة البن,حي الغدير,مقهى اناقة البن - حي الغدير,الشمال,قطاع,قطاع الشمال,True,False,لا يوجد,,0,,,False,none,,0,False
Data 2025.xlsx,11543,2025-12-30,2025-12,2026-W01,4,1,sau-2832-r01,sau-2832-R01,صوص باربكيو,صوص (sauce),sauce,صوص (sauce),sauce_condiment,ترويقة بيتنا - حي الغدير,ترويقة بيتنا,حي الغدير,ترويقة بيتنا - حي الغدير,الشمال,قطاع,قطاع الشمال,True,False,لا يوجد,,0,,,False,none,,0,False
Data 2025.xlsx,11544,2025-12-30,2025-12,2026-W01,4,1,sau-2833-r01,sau-2833-R01,صوص ترافل,صوص (sauce),sauce,صوص (sauce),sauce_condiment,ترويقة بيتنا - حي الغدير,ترويقة بيتنا,حي الغدير,ترويقة بيتنا - حي الغدير,الشمال,قطاع,قطاع الشمال,True,False,لا يوجد,,0,,,False,none,,0,False
Data 2025.xlsx,11545,2025-12-30,2025-12,2026-W01,4,1,sau-2834-r01,sau-2834-R01,صوص سيزر سلط,صوص (sauce),sauce,صوص (sauce),sauce_condiment,ترويقة بيتنا - حي الغدير,ترويقة بيتنا,حي الغدير,ترويقة بيتنا - حي الغدير,الشمال,قطاع,قطاع الشمال,True,False,لا يوجد,,0,,,False,none,,0,False
Data 2025.xlsx,11546,2025-12-30,2025-12,2026-W01,4,1,sau-2835-r01,sau-2835-R01,صوص بيستو,صوص (sauce),sauce,صوص (sauce),sauce_condiment,ترويقة بيتنا - حي الغدير,ترويقة بيتنا,حي الغدير,ترويقة بيتنا - حي الغدير,الشمال,قطاع,قطاع الشمال,True,False,لا يوجد,,0,,,False,none,,0,False
Data 2025.xlsx,11547,2025-12-30,2025-12,2026-W01,4,1,sau-2836-r01,sau-2836-R01,صوص بلسميك,صوص (sauce),sauce,صوص (sauce),sauce_condiment,ترويقة بيتنا - حي الغدير,ترويقة بيتنا,حي الغدير,ترويقة بيتنا - حي الغدير,الشمال,قطاع,قطاع الشمال,True,False,لا يوجد,,0,,,False,none,,0,False
Data 2025.xlsx,11548,2025-12-30,2025-12,2026-W01,4,1,sau-2837-r01,sau-2837-R01,صوص تشيز,صوص (sauce),sauce,صوص (sauce),sauce_condiment,ترويقة بيتنا - حي الغدير,ترويقة بيتنا,حي الغدير,ترويقة بيتنا - حي الغدير,الشمال,قطاع,قطاع الشمال,True,False,لا يوجد,,0,,,False,none,,0,False
Data 2025.xlsx,11549,2025-12-30,2025-12,2026-W01,4,1,sau-2838-r01,sau-2838-R01,صوص ديناميت,صوص (sauce),sauce,صوص (sauce),sauce_condiment,ترويقة بيتنا - حي الغدير,ترويقة بيتنا,حي الغدير,ترويقة بيتنا - حي الغدير,الشمال,قطاع,قطاع الشمال,True,False,لا يوجد,,0,,,False,none,,0,False
Data 2025.xlsx,11557,2025-12-30,2025-12,2026-W01,4,1,sau-2839-r01,sau-2839-R01,صوص فليفلة مشوي,صوص (sauce),sauce,صوص (sauce),sauce_condiment,مقهى اناقة البن - حي الغدير,مقهى اناقة البن,حي الغدير,مقهى اناقة البن - حي الغدير,الشمال,قطاع,قطاع الشمال,True,False,لا يوجد,,0,,,False,none,,0,False
Data 2025.xlsx,11559,2025-12-30,2025-12,2026-W01,4,1,sau-2840-r01,sau-2840-R01,صوص حلومي,صوص (sauce),sauce,صوص (sauce),sauce_condiment,مقهى اناقة البن - حي الغدير,مقهى اناقة البن,حي الغدير,مقهى اناقة البن - حي الغدير,الشمال,قطاع,قطاع الشمال,True,False,لا يوجد,,0,,,False,none,,0,False
Data 2025.xlsx,11561,2025-12-30,2025-12,2026-W01,4,1,so-0059-r01,SO-0059-R01,بوراتا شيز,(Soft Cheese) جبن طري / جبن سائل,Soft Cheese,(Soft Cheese) جبن طري / جبن سائل,dairy,مقهى اناقة البن - حي الغدير,مقهى اناقة البن,حي الغدير,مقهى اناقة البن - حي الغدير,الشمال,قطاع,قطاع الشمال,True,False,لا يوجد,,0,,,False,none,,0,False
Data 2025.xlsx,11567,2025-12-30,2025-12,2026-W01,4,1,sw-3893-r01,sw-3893-R01,مسحة ثلاجة,(Swabs) المسحات,Swabs,(Swabs) المسحات,swab,مقهى اناقة البن - حي الغدير,مقهى اناقة البن,حي الغدير,مقهى اناقة البن - حي الغدير,الشمال,قطاع,قطاع الشمال,True,False,لا يوجد,,0,,,False,none,,0,False
Data 2025.xlsx,11568,2025-12-30,2025-12,2026-W01,4,1,sw-3894-r01,sw-3894-R01,مسحة طاولة تقطيع الخبز,(Swabs) المسحات,Swabs,(Swabs) المسحات,swab,مقهى اناقة البن - حي الغدير,مقهى اناقة البن,حي الغدير,مقهى اناقة البن - حي الغدير,الشمال,قطاع,قطاع الشمال,True,False,لا يوجد,,0,,,False,none,,0,False
Data 2025.xlsx,11569,2025-12-30,2025-12,2026-W01,4,1,sw-3895-r01,sw-3895-R01,مسحة ثلاجة,(Swabs) المسحات,Swabs,(Swabs) المسحات,swab,مقهى اناقة البن - حي الغدير,مقهى اناقة البن,حي الغدير,مقهى اناقة البن - حي الغدير,الشمال,قطاع,قطاع الشمال,True,False,لا يوجد,,0,,,False,none,,0,False
Data 2025.xlsx,11570,2025-12-30,2025-12,2026-W01,4,1,sw-3896-r01,sw-3896-R01,مسحة صانعة ثلج,(Swabs) المسحات,Swabs,(Swabs) المسحات,swab,مقهى اناقة البن - حي الغدير,مقهى اناقة البن,حي الغدير,مقهى اناقة البن - حي الغدير,الشمال,قطاع,قطاع الشمال,True,False,لا يوجد,,0,,,False,none,,0,False
Data 2025.xlsx,11571,2025-12-30,2025-12,2026-W01,4,1,sw-3897-r01,sw-3897-R01,مسحة صانعة ثلج,(Swabs) المسحات,Swabs,(Swabs) المسحات,swab,مقهى اناقة البن - حي الغدير,مقهى اناقة البن,حي الغدير,مقهى اناقة البن - حي الغدير,الشمال,قطاع,قطاع الشمال,True,False,لا يوجد,,0,,,False,none,,0,False
Data 2025.xlsx,11572,2025-12-30,2025-12,2026-W01,4,1,ubot-1198-r01,Ubot-1198-R01,مياه فلتر للشرب,المياه الغير معبأة (Unbottled water),Unbottled water,المياه الغير المعبأة (Unbottled water),water,مقهى اناقة البن - حي الغدير,مقهى اناقة البن,حي الغدير,مقهى اناقة البن - حي الغدير,الشمال,قطاع,قطاع الشمال,True,False,لا يوجد,,0,,,False,none,category_merged_to_canonical,0,False
Data 2025.xlsx,11551,2025-12-30,2025-12,2026-W01,4,1,wh-0004-r01,Wh-0004-R01,فوم فانيلا كريم,Whipped Cream كريمة مخفوقة,Whipped Cream,Whipped Cream كريمة مخفوقة,dairy,مقهى اناقة البن - حي الغدير,مقهى اناقة البن,حي الغدير,مقهى اناقة البن - حي الغدير,الشمال,قطاع,قطاع الشمال,True,False,لا يوجد,,0,,,False,none,,0,False
