source_file,row_excel,sampling_date,year_month,iso_year_week,quarter,day_of_week,sample_id,sample_id_raw,sample_name,category_canonical,category_en,category_raw,sample_type,facility_name,facility_chain,facility_branch,facility_name_raw,municipality,municipality_type,municipality_raw,is_valid,is_failure,invalid_tests_raw,invalid_tests,n_failed_tests,failed_pathogens,failed_indicators,has_pathogen_failure,severity_tier,data_quality_flags,chain_invalid_count_90d,is_repeat_offender_90d
Data 2025.xlsx,4129,2025-06-05,2025-06,2025-W23,2,3,1-2987-R01,1-2987-R01,تشيز بايس فطيرة,(Pie) فطيرة,Pie,(Pie) فطيرة,sweets_bakery,ماكدونالدز - حي النزهة,ماكدونالدز,حي النزهة,ماكدونالدز - حي النزهة,العليا,بلدية,بلدية العليا,True,False,لا يوجد,,0,,,False,none,,9,True
Data 2025.xlsx,4114,2025-06-05,2025-06,2025-W23,2,3,O-U-to-0612-R01,O-U-to-0612-R01,شرائح طماطم,الطماطم (Tomatoes),Tomatoes,الطماطم (Tomatoes),produce,ماكدونالدز - حي المرسلات,ماكدونالدز,حي المرسلات,ماكدونالدز - حي المرسلات,العليا,بلدية,بلدية العليا,True,False,لا يوجد,,0,,,False,none,,7,True
Data 2025.xlsx,4092,2025-06-05,2025-06,2025-W23,2,3,O-r-O3-le-0333-R01,O-r-O3-le-0333-R01,قطع خس,الخس (Lettuce),Lettuce,الخس (Lettuce),produce,ماكدونالدز - حي الملك فهد,ماكدونالدز,حي الملك فهد,ماكدونالدز - حي الملك فهد,العليا,بلدية,بلدية العليا,True,False,لا يوجد,,0,,,False,none,,4,True
Data 2025.xlsx,4105,2025-06-05,2025-06,2025-W23,2,3,O-r-O3-le-0334-R01,O-r-O3-le-0334-R01,قطع خس,الخس (Lettuce),Lettuce,الخس (Lettuce),produce,ماكدونالدز - حي الورود,ماكدونالدز,حي الورود,ماكدونالدز - حي الورود,العليا,بلدية,بلدية العليا,True,False,لا يوجد,,0,,,False,none,,5,True
Data 2025.xlsx,4121,2025-06-05,2025-06,2025-W23,2,3,O-r-O3-le-0335-R01,O-r-O3-le-0335-R01,خس قطع,الخس (Lettuce),Lettuce,الخس (Lettuce),produce,ماكدونالدز - حي النزهة,ماكدونالدز,حي النزهة,ماكدونالدز - حي النزهة,العليا,بلدية,بلدية العليا,True,False,لا يوجد,,0,,,False,none,,7,True
Data 2025.xlsx,4113,2025-06-05,2025-06,2025-W23,2,3,OO-OSS-po-0379-R01,OO-OSS-po-0379-R01,بطاطس مقلي,البطاطس (potatoes),potatoes,البطاطس (potatoes),produce,ماكدونالدز - حي المرسلات,ماكدونالدز,حي المرسلات,ماكدونالدز - حي المرسلات,العليا,بلدية,بلدية العليا,True,False,لا يوجد,,0,,,False,none,,7,True
Data 2025.xlsx,4142,2025-06-05,2025-06,2025-W23,2,3,OO-OSS-po-0380-R01,OO-OSS-po-0380-R01,بطاطس سيجنتشر,البطاطس (potatoes),potatoes,البطاطس (potatoes),produce,ماكدونالدز - حي الوادي,ماكدونالدز,حي الوادي,ماكدونالدز - حي الوادي,الشمال,بلدية,بلدية الشمال,True,False,لا يوجد,,0,,,False,none,,11,True
Data 2025.xlsx,4120,2025-06-05,2025-06,2025-W23,2,3,OOu-on-0473-R01,OOu-on-0473-R01,بصل قطع,البصل (onions),onions,البصل (onions),produce,ماكدونالدز - حي النزهة,ماكدونالدز,حي النزهة,ماكدونالدز - حي النزهة,العليا,بلدية,بلدية العليا,True,False,لا يوجد,,0,,,False,none,,7,True
Data 2025.xlsx,4095,2025-06-05,2025-06,2025-W23,2,3,chee-0722-r01,Chee-0722-R01,جبن شرائح شيدر,(cheese) جبنة,cheese,(cheese) جبنة,dairy,ماكدونالدز - حي الملك فهد,ماكدونالدز,حي الملك فهد,ماكدونالدز - حي الملك فهد,العليا,بلدية,بلدية العليا,True,False,لا يوجد,,0,,,False,none,,4,True
Data 2025.xlsx,4115,2025-06-05,2025-06,2025-W23,2,3,chee-0723-r01,Chee-0723-R01,جبن سويسري,(cheese) جبنة,cheese,(cheese) جبنة,dairy,ماكدونالدز - حي المرسلات,ماكدونالدز,حي المرسلات,ماكدونالدز - حي المرسلات,العليا,بلدية,بلدية العليا,True,False,لا يوجد,,0,,,False,none,,7,True
Data 2025.xlsx,4093,2025-06-05,2025-06,2025-W23,2,3,co-0494-r01,co-0494-R01,برجر دجاج هابي ميل,الدجاج المطبوخ (Cooked chicken),Cooked chicken,الدجاج المطبوخ (Cooked chicken),cooked_meat_poultry,ماكدونالدز - حي الملك فهد,ماكدونالدز,حي الملك فهد,ماكدونالدز - حي الملك فهد,العليا,بلدية,بلدية العليا,True,False,لا يوجد,,0,,,False,none,,4,True
Data 2025.xlsx,4104,2025-06-05,2025-06,2025-W23,2,3,co-0495-r01,co-0495-R01,دجاج ماك تشكين,الدجاج المطبوخ (Cooked chicken),Cooked chicken,الدجاج المطبوخ (Cooked chicken),cooked_meat_poultry,ماكدونالدز - حي الورود,ماكدونالدز,حي الورود,ماكدونالدز - حي الورود,العليا,بلدية,بلدية العليا,True,False,لا يوجد,,0,,,False,none,,5,True
Data 2025.xlsx,4119,2025-06-05,2025-06,2025-W23,2,3,co-0496-r01,co-0496-R01,تشكين برجر,الدجاج المطبوخ (Cooked chicken),Cooked chicken,الدجاج المطبوخ (Cooked chicken),cooked_meat_poultry,ماكدونالدز - حي المرسلات,ماكدونالدز,حي المرسلات,ماكدونالدز - حي المرسلات,العليا,بلدية,بلدية العليا,True,False,لا يوجد,,0,,,False,none,,7,True
Data 2025.xlsx,4128,2025-06-05,2025-06,2025-W23,2,3,co-0497-r01,co-0497-R01,برجر ماك تشيكن,الدجاج المطبوخ (Cooked chicken),Cooked chicken,الدجاج المطبوخ (Cooked chicken),cooked_meat_poultry,ماكدونالدز - حي النزهة,ماكدونالدز,حي النزهة,ماكدونالدز - حي النزهة,العليا,بلدية,بلدية العليا,True,False,لا يوجد,,0,,,False,none,,9,True
Data 2025.xlsx,4107,2025-06-05,2025-06,2025-W23,2,3,jui-0429-r01,jui-0429-R01,عصير تفاح غير طازج,العصائر الطازجة Un-pasteurized juices (fresh),fresh,العصائر الطازجة Un-pasteurized juices (fresh),beverage,ماكدونالدز - حي الورود,ماكدونالدز,حي الورود,ماكدونالدز - حي الورود,العليا,بلدية,بلدية العليا,False,True,الخمائر والاعفان,الخمائر والاعفان,1,,الخمائر والاعفان,False,indicator_only,,6,True
Data 2025.xlsx,4141,2025-06-05,2025-06,2025-W23,2,3,jui-0430-r01,jui-0430-R01,عصير برتقال غير طازج,العصائر الطازجة Un-pasteurized juices (fresh),fresh,العصائر الطازجة Un-pasteurized juices (fresh),beverage,ماكدونالدز - حي الوادي,ماكدونالدز,حي الوادي,ماكدونالدز - حي الوادي,الشمال,بلدية,بلدية الشمال,False,True,الخمائر والاعفان,الخمائر والاعفان,1,,الخمائر والاعفان,False,indicator_only,,11,True
Data 2025.xlsx,4062,2025-06-05,2025-06,2025-W23,2,3,milk-0023-r01,Milk-0023-R01,حليب جمل,الحليب (Milk),Milk,الحليب (Milk),dairy,( Private Sample) عينة خاصة,( Private Sample) عينة خاصة,,( Private Sample) عينة خاصة,عينة خاصة,خاص,( Private Sample) عينة خاصة,True,False,لا يوجد,,0,,,False,none,,1,False
Data 2025.xlsx,4063,2025-06-05,2025-06,2025-W23,2,3,milk-0024-r01,Milk-0024-R01,حليب جمل,الحليب (Milk),Milk,الحليب (Milk),dairy,( Private Sample) عينة خاصة,( Private Sample) عينة خاصة,,( Private Sample) عينة خاصة,عينة خاصة,خاص,( Private Sample) عينة خاصة,True,False,لا يوجد,,0,,,False,none,,1,False
Data 2025.xlsx,4064,2025-06-05,2025-06,2025-W23,2,3,milk-0025-r01,Milk-0025-R01,حليب جمل,الحليب (Milk),Milk,الحليب (Milk),dairy,( Private Sample) عينة خاصة,( Private Sample) عينة خاصة,,( Private Sample) عينة خاصة,عينة خاصة,خاص,( Private Sample) عينة خاصة,True,False,لا يوجد,,0,,,False,none,,1,False
Data 2025.xlsx,4065,2025-06-05,2025-06,2025-W23,2,3,milk-0026-r01,Milk-0026-R01,حليب جمل,الحليب (Milk),Milk,الحليب (Milk),dairy,( Private Sample) عينة خاصة,( Private Sample) عينة خاصة,,( Private Sample) عينة خاصة,عينة خاصة,خاص,( Private Sample) عينة خاصة,True,False,لا يوجد,,0,,,False,none,,1,False
Data 2025.xlsx,4066,2025-06-05,2025-06,2025-W23,2,3,milk-0027-r01,Milk-0027-R01,حليب جمل,الحليب (Milk),Milk,الحليب (Milk),dairy,( Private Sample) عينة خاصة,( Private Sample) عينة خاصة,,( Private Sample) عينة خاصة,عينة خاصة,خاص,( Private Sample) عينة خاصة,False,True,انتيروباكتريسي,انتيروباكتريسي,1,,انتيروباكتريسي,False,indicator_only,,2,True
Data 2025.xlsx,4067,2025-06-05,2025-06,2025-W23,2,3,milk-0028-r01,Milk-0028-R01,حليب جمل شوكولا,الحليب (Milk),Milk,الحليب (Milk),dairy,( Private Sample) عينة خاصة,( Private Sample) عينة خاصة,,( Private Sample) عينة خاصة,عينة خاصة,خاص,( Private Sample) عينة خاصة,True,False,لا يوجد,,0,,,False,none,,2,True
Data 2025.xlsx,4068,2025-06-05,2025-06,2025-W23,2,3,milk-0029-r01,Milk-0029-R01,حليب جمل شوكولا,الحليب (Milk),Milk,الحليب (Milk),dairy,( Private Sample) عينة خاصة,( Private Sample) عينة خاصة,,( Private Sample) عينة خاصة,عينة خاصة,خاص,( Private Sample) عينة خاصة,False,True,انتيروباكتريسي,انتيروباكتريسي,1,,انتيروباكتريسي,False,indicator_only,,3,True
Data 2025.xlsx,4069,2025-06-05,2025-06,2025-W23,2,3,milk-0030-r01,Milk-0030-R01,حليب جمل شوكولا,الحليب (Milk),Milk,الحليب (Milk),dairy,( Private Sample) عينة خاصة,( Private Sample) عينة خاصة,,( Private Sample) عينة خاصة,عينة خاصة,خاص,( Private Sample) عينة خاصة,False,True,انتيروباكتريسي,انتيروباكتريسي,1,,انتيروباكتريسي,False,indicator_only,,4,True
Data 2025.xlsx,4070,2025-06-05,2025-06,2025-W23,2,3,milk-0031-r01,Milk-0031-R01,حليب جمل شوكولا,الحليب (Milk),Milk,الحليب (Milk),dairy,( Private Sample) عينة خاصة,( Private Sample) عينة خاصة,,( Private Sample) عينة خاصة,عينة خاصة,خاص,( Private Sample) عينة خاصة,False,True,انتيروباكتريسي,انتيروباكتريسي,1,,انتيروباكتريسي,False,indicator_only,,5,True
Data 2025.xlsx,4071,2025-06-05,2025-06,2025-W23,2,3,milk-0032-r01,Milk-0032-R01,حليب جمل شوكولا,الحليب (Milk),Milk,الحليب (Milk),dairy,( Private Sample) عينة خاصة,( Private Sample) عينة خاصة,,( Private Sample) عينة خاصة,عينة خاصة,خاص,( Private Sample) عينة خاصة,True,False,لا يوجد,,0,,,False,none,,5,True
Data 2025.xlsx,4072,2025-06-05,2025-06,2025-W23,2,3,milk-0033-r01,Milk-0033-R01,حليب جمل فراولة,الحليب (Milk),Milk,الحليب (Milk),dairy,( Private Sample) عينة خاصة,( Private Sample) عينة خاصة,,( Private Sample) عينة خاصة,عينة خاصة,خاص,( Private Sample) عينة خاصة,True,False,لا يوجد,,0,,,False,none,,5,True
Data 2025.xlsx,4073,2025-06-05,2025-06,2025-W23,2,3,milk-0034-r01,Milk-0034-R01,حليب جمل فراولة,الحليب (Milk),Milk,الحليب (Milk),dairy,( Private Sample) عينة خاصة,( Private Sample) عينة خاصة,,( Private Sample) عينة خاصة,عينة خاصة,خاص,( Private Sample) عينة خاصة,True,False,لا يوجد,,0,,,False,none,,5,True
Data 2025.xlsx,4074,2025-06-05,2025-06,2025-W23,2,3,milk-0035-r01,Milk-0035-R01,حليب جمل فراولة,الحليب (Milk),Milk,الحليب (Milk),dairy,( Private Sample) عينة خاصة,( Private Sample) عينة خاصة,,( Private Sample) عينة خاصة,عينة خاصة,خاص,( Private Sample) عينة خاصة,True,False,لا يوجد,,0,,,False,none,,5,True
Data 2025.xlsx,4075,2025-06-05,2025-06,2025-W23,2,3,milk-0036-r01,Milk-0036-R01,حليب جمل فراولة,الحليب (Milk),Milk,الحليب (Milk),dairy,( Private Sample) عينة خاصة,( Private Sample) عينة خاصة,,( Private Sample) عينة خاصة,عينة خاصة,خاص,( Private Sample) عينة خاصة,False,True,العد الكلي للبكتيريا,العد الكلي للبكتيريا,1,,العد الكلي للبكتيريا,False,indicator_only,,6,True
Data 2025.xlsx,4076,2025-06-05,2025-06,2025-W23,2,3,milk-0037-r01,Milk-0037-R01,حليب جمل فراولة,الحليب (Milk),Milk,الحليب (Milk),dairy,( Private Sample) عينة خاصة,( Private Sample) عينة خاصة,,( Private Sample) عينة خاصة,عينة خاصة,خاص,( Private Sample) عينة خاصة,True,False,لا يوجد,,0,,,False,none,,6,True
Data 2025.xlsx,4103,2025-06-05,2025-06,2025-W23,2,3,pick-0407-r01,Pick-0407-R01,مخلل خيار,المخلل (Pickle),Pickle,المخلل (Pickle),sauce_condiment,ماكدونالدز - حي الورود,ماكدونالدز,حي الورود,ماكدونالدز - حي الورود,العليا,بلدية,بلدية العليا,True,False,لا يوجد,,0,,,False,none,,5,True
Data 2025.xlsx,4124,2025-06-05,2025-06,2025-W23,2,3,pick-0408-r01,Pick-0408-R01,مخلل خيار,المخلل (Pickle),Pickle,المخلل (Pickle),sauce_condiment,ماكدونالدز - حي النزهة,ماكدونالدز,حي النزهة,ماكدونالدز - حي النزهة,العليا,بلدية,بلدية العليا,True,False,لا يوجد,,0,,,False,none,,8,True
Data 2025.xlsx,4094,2025-06-05,2025-06,2025-W23,2,3,po-0111-r01,po-0111-R01,دجاج برجر (ني),الدجاج (Poultry),Poultry,الدجاج (Poultry),cooked_meat_poultry,ماكدونالدز - حي الملك فهد,ماكدونالدز,حي الملك فهد,ماكدونالدز - حي الملك فهد,العليا,بلدية,بلدية العليا,True,False,لا يوجد,,0,,,False,none,,4,True
Data 2025.xlsx,4140,2025-06-05,2025-06,2025-W23,2,3,po-0112-r01,po-0112-R01,تشكن قراند (ني),الدجاج (Poultry),Poultry,الدجاج (Poultry),cooked_meat_poultry,ماكدونالدز - حي الوادي,ماكدونالدز,حي الوادي,ماكدونالدز - حي الوادي,الشمال,بلدية,بلدية الشمال,True,False,لا يوجد,,0,,,False,none,,10,True
Data 2025.xlsx,4081,2025-06-05,2025-06,2025-W23,2,3,raw-0159-r01,Raw-0159-R01,لحم حاشي يد بلدي,لحوم نيئة مبردة ومجمدة (Raw meat Cold or chilled ),Raw meat Cold or chilled,لحوم نيئة مبردة ومجمدة (Raw meat Cold or chilled ),raw_meat,ملحمة نهضة الياسمين للتجارة,ملحمة نهضة الياسمين للتجارة,,ملحمة نهضة الياسمين للتجارة,الشمال,بلدية,بلدية الشمال,True,False,لا يوجد,,0,,,False,none,,0,False
Data 2025.xlsx,4082,2025-06-05,2025-06,2025-W23,2,3,raw-0160-r01,Raw-0160-R01,لحم بطن غنم روماني مستورد,لحوم نيئة مبردة ومجمدة (Raw meat Cold or chilled ),Raw meat Cold or chilled,لحوم نيئة مبردة ومجمدة (Raw meat Cold or chilled ),raw_meat,ملحمة نهضة الياسمين للتجارة,ملحمة نهضة الياسمين للتجارة,,ملحمة نهضة الياسمين للتجارة,الشمال,بلدية,بلدية الشمال,False,True,العد الكلي للبكتيريا | السالمونيلا,العد الكلي للبكتيريا | السالمونيلا,2,السالمونيلا,العد الكلي للبكتيريا,True,pathogen,,1,False
Data 2025.xlsx,4083,2025-06-05,2025-06,2025-W23,2,3,raw-0161-r01,Raw-0161-R01,كلية غنم روماني مستورد,لحوم نيئة مبردة ومجمدة (Raw meat Cold or chilled ),Raw meat Cold or chilled,لحوم نيئة مبردة ومجمدة (Raw meat Cold or chilled ),raw_meat,ملحمة نهضة الياسمين للتجارة,ملحمة نهضة الياسمين للتجارة,,ملحمة نهضة الياسمين للتجارة,الشمال,بلدية,بلدية الشمال,False,True,العد الكلي للبكتيريا | السالمونيلا,العد الكلي للبكتيريا | السالمونيلا,2,السالمونيلا,العد الكلي للبكتيريا,True,pathogen,,2,True
Data 2025.xlsx,4118,2025-06-05,2025-06,2025-W23,2,3,raw-0162-r01,Raw-0162-R01,لحم (ني),لحوم نيئة مبردة ومجمدة (Raw meat Cold or chilled ),Raw meat Cold or chilled,لحوم نيئة مبردة ومجمدة (Raw meat Cold or chilled ),raw_meat,ماكدونالدز - حي المرسلات,ماكدونالدز,حي المرسلات,ماكدونالدز - حي المرسلات,العليا,بلدية,بلدية العليا,True,False,لا يوجد,,0,,,False,none,,7,True
Data 2025.xlsx,4084,2025-06-05,2025-06,2025-W23,2,3,sau-1618-r01,sau-1618-R01,صوص مايونيز,صوص (sauce),sauce,صوص (sauce),sauce_condiment,ماكدونالدز - حي الملك فهد,ماكدونالدز,حي الملك فهد,ماكدونالدز - حي الملك فهد,العليا,بلدية,بلدية العليا,True,False,لا يوجد,,0,,,False,none,,3,True
Data 2025.xlsx,4085,2025-06-05,2025-06,2025-W23,2,3,sau-1619-r01,sau-1619-R01,صوص بق ماك (دجاج + لحم),صوص (sauce),sauce,صوص (sauce),sauce_condiment,ماكدونالدز - حي الملك فهد,ماكدونالدز,حي الملك فهد,ماكدونالدز - حي الملك فهد,العليا,بلدية,بلدية العليا,True,False,لا يوجد,,0,,,False,none,,3,True
Data 2025.xlsx,4086,2025-06-05,2025-06,2025-W23,2,3,sau-1620-r01,sau-1620-R01,صوص مايونيز بالثوم (دجاج),صوص (sauce),sauce,صوص (sauce),sauce_condiment,ماكدونالدز - حي الملك فهد,ماكدونالدز,حي الملك فهد,ماكدونالدز - حي الملك فهد,العليا,بلدية,بلدية العليا,True,False,لا يوجد,,0,,,False,none,,3,True
Data 2025.xlsx,4087,2025-06-05,2025-06,2025-W23,2,3,sau-1621-r01,sau-1621-R01,صوص ماسترد مايو (دجاج),صوص (sauce),sauce,صوص (sauce),sauce_condiment,ماكدونالدز - حي الملك فهد,ماكدونالدز,حي الملك فهد,ماكدونالدز - حي الملك فهد,العليا,بلدية,بلدية العليا,True,False,لا يوجد,,0,,,False,none,,3,True
Data 2025.xlsx,4088,2025-06-05,2025-06,2025-W23,2,3,sau-1622-r01,sau-1622-R01,صوص ديجن (دجاج),صوص (sauce),sauce,صوص (sauce),sauce_condiment,ماكدونالدز - حي الملك فهد,ماكدونالدز,حي الملك فهد,ماكدونالدز - حي الملك فهد,العليا,بلدية,بلدية العليا,True,False,لا يوجد,,0,,,False,none,,3,True
Data 2025.xlsx,4089,2025-06-05,2025-06,2025-W23,2,3,sau-1623-r01,sau-1623-R01,صوص بري بري (لحم),صوص (sauce),sauce,صوص (sauce),sauce_condiment,ماكدونالدز - حي الملك فهد,ماكدونالدز,حي الملك فهد,ماكدونالدز - حي الملك فهد,العليا,بلدية,بلدية العليا,True,False,لا يوجد,,0,,,False,none,,3,True
Data 2025.xlsx,4090,2025-06-05,2025-06,2025-W23,2,3,sau-1624-r01,sau-1624-R01,صوص ماسترد (لحم),صوص (sauce),sauce,صوص (sauce),sauce_condiment,ماكدونالدز - حي الملك فهد,ماكدونالدز,حي الملك فهد,ماكدونالدز - حي الملك فهد,العليا,بلدية,بلدية العليا,False,True,الخمائر والاعفان,الخمائر والاعفان,1,,الخمائر والاعفان,False,indicator_only,,4,True
Data 2025.xlsx,4091,2025-06-05,2025-06,2025-W23,2,3,sau-1625-r01,sau-1625-R01,صوص كاتشب,صوص (sauce),sauce,صوص (sauce),sauce_condiment,ماكدونالدز - حي الملك فهد,ماكدونالدز,حي الملك فهد,ماكدونالدز - حي الملك فهد,العليا,بلدية,بلدية العليا,True,False,لا يوجد,,0,,,False,none,,4,True
Data 2025.xlsx,4097,2025-06-05,2025-06,2025-W23,2,3,sau-1626-r01,sau-1626-R01,صوص مايونيز,صوص (sauce),sauce,صوص (sauce),sauce_condiment,ماكدونالدز - حي الورود,ماكدونالدز,حي الورود,ماكدونالدز - حي الورود,العليا,بلدية,بلدية العليا,True,False,لا يوجد,,0,,,False,none,,4,True
Data 2025.xlsx,4098,2025-06-05,2025-06,2025-W23,2,3,sau-1627-r01,sau-1627-R01,صوص بق ماك,صوص (sauce),sauce,صوص (sauce),sauce_condiment,ماكدونالدز - حي الورود,ماكدونالدز,حي الورود,ماكدونالدز - حي الورود,العليا,بلدية,بلدية العليا,True,False,لا يوجد,,0,,,False,none,,4,True
Data 2025.xlsx,4099,2025-06-05,2025-06,2025-W23,2,3,sau-1628-r01,sau-1628-R01,صوص بق تيستي,صوص (sauce),sauce,صوص (sauce),sauce_condiment,ماكدونالدز - حي الورود,ماكدونالدز,حي الورود,ماكدونالدز - حي الورود,العليا,بلدية,بلدية العليا,True,False,لا يوجد,,0,,,False,none,,4,True
Data 2025.xlsx,4100,2025-06-05,2025-06,2025-W23,2,3,sau-1629-r01,sau-1629-R01,صوص مايونيز بالثوم,صوص (sauce),sauce,صوص (sauce),sauce_condiment,ماكدونالدز - حي الورود,ماكدونالدز,حي الورود,ماكدونالدز - حي الورود,العليا,بلدية,بلدية العليا,False,True,الخمائر والاعفان,الخمائر والاعفان,1,,الخمائر والاعفان,False,indicator_only,,5,True
Data 2025.xlsx,4101,2025-06-05,2025-06,2025-W23,2,3,sau-1630-r01,sau-1630-R01,صوص ديجون ماسترد,صوص (sauce),sauce,صوص (sauce),sauce_condiment,ماكدونالدز - حي الورود,ماكدونالدز,حي الورود,ماكدونالدز - حي الورود,العليا,بلدية,بلدية العليا,True,False,لا يوجد,,0,,,False,none,,5,True
Data 2025.xlsx,4102,2025-06-05,2025-06,2025-W23,2,3,sau-1631-r01,sau-1631-R01,صوص ماسترد مايو,صوص (sauce),sauce,صوص (sauce),sauce_condiment,ماكدونالدز - حي الورود,ماكدونالدز,حي الورود,ماكدونالدز - حي الورود,العليا,بلدية,بلدية العليا,True,False,لا يوجد,,0,,,False,none,,5,True
Data 2025.xlsx,4109,2025-06-05,2025-06,2025-W23,2,3,sau-1632-r01,sau-1632-R01,صوص شبيتلي مغلق,صوص (sauce),sauce,صوص (sauce),sauce_condiment,ماكدونالدز - حي المرسلات,ماكدونالدز,حي المرسلات,ماكدونالدز - حي المرسلات,العليا,بلدية,بلدية العليا,False,True,العد الكلي للبكتيريا,العد الكلي للبكتيريا,1,,العد الكلي للبكتيريا,False,indicator_only,,7,True
Data 2025.xlsx,4110,2025-06-05,2025-06,2025-W23,2,3,sau-1633-r01,sau-1633-R01,صوص ثوم مغلق,صوص (sauce),sauce,صوص (sauce),sauce_condiment,ماكدونالدز - حي المرسلات,ماكدونالدز,حي المرسلات,ماكدونالدز - حي المرسلات,العليا,بلدية,بلدية العليا,True,False,لا يوجد,,0,,,False,none,,7,True
Data 2025.xlsx,4111,2025-06-05,2025-06,2025-W23,2,3,sau-1634-r01,sau-1634-R01,صوص بري بري مغلق,صوص (sauce),sauce,صوص (sauce),sauce_condiment,ماكدونالدز - حي المرسلات,ماكدونالدز,حي المرسلات,ماكدونالدز - حي المرسلات,العليا,بلدية,بلدية العليا,True,False,لا يوجد,,0,,,False,none,,7,True
Data 2025.xlsx,4112,2025-06-05,2025-06,2025-W23,2,3,sau-1635-r01,sau-1635-R01,صوص باربكيو مغلق,صوص (sauce),sauce,صوص (sauce),sauce_condiment,ماكدونالدز - حي المرسلات,ماكدونالدز,حي المرسلات,ماكدونالدز - حي المرسلات,العليا,بلدية,بلدية العليا,True,False,لا يوجد,,0,,,False,none,,7,True
Data 2025.xlsx,4116,2025-06-05,2025-06,2025-W23,2,3,sau-1636-r01,sau-1636-R01,صوص مايونيز,صوص (sauce),sauce,صوص (sauce),sauce_condiment,ماكدونالدز - حي المرسلات,ماكدونالدز,حي المرسلات,ماكدونالدز - حي المرسلات,العليا,بلدية,بلدية العليا,True,False,لا يوجد,,0,,,False,none,,7,True
Data 2025.xlsx,4117,2025-06-05,2025-06,2025-W23,2,3,sau-1637-r01,sau-1637-R01,صوص بق ماك,صوص (sauce),sauce,صوص (sauce),sauce_condiment,ماكدونالدز - حي المرسلات,ماكدونالدز,حي المرسلات,ماكدونالدز - حي المرسلات,العليا,بلدية,بلدية العليا,True,False,لا يوجد,,0,,,False,none,,7,True
Data 2025.xlsx,4122,2025-06-05,2025-06,2025-W23,2,3,sau-1638-r01,sau-1638-R01,صوص ديجن ماسترد,صوص (sauce),sauce,صوص (sauce),sauce_condiment,ماكدونالدز - حي النزهة,ماكدونالدز,حي النزهة,ماكدونالدز - حي النزهة,العليا,بلدية,بلدية العليا,False,True,العد الكلي للبكتيريا,العد الكلي للبكتيريا,1,,العد الكلي للبكتيريا,False,indicator_only,,8,True
Data 2025.xlsx,4123,2025-06-05,2025-06,2025-W23,2,3,sau-1639-r01,sau-1639-R01,صوص ماسترد مايونيز,صوص (sauce),sauce,صوص (sauce),sauce_condiment,ماكدونالدز - حي النزهة,ماكدونالدز,حي النزهة,ماكدونالدز - حي النزهة,العليا,بلدية,بلدية العليا,True,False,لا يوجد,,0,,,False,none,,8,True
Data 2025.xlsx,4125,2025-06-05,2025-06,2025-W23,2,3,sau-1640-r01,sau-1640-R01,صوص ماسترد,صوص (sauce),sauce,صوص (sauce),sauce_condiment,ماكدونالدز - حي النزهة,ماكدونالدز,حي النزهة,ماكدونالدز - حي النزهة,العليا,بلدية,بلدية العليا,False,True,الخمائر والاعفان,الخمائر والاعفان,1,,الخمائر والاعفان,False,indicator_only,,9,True
Data 2025.xlsx,4126,2025-06-05,2025-06,2025-W23,2,3,sau-1641-r01,sau-1641-R01,صوص بق صوص,صوص (sauce),sauce,صوص (sauce),sauce_condiment,ماكدونالدز - حي النزهة,ماكدونالدز,حي النزهة,ماكدونالدز - حي النزهة,العليا,بلدية,بلدية العليا,True,False,لا يوجد,,0,,,False,none,,9,True
Data 2025.xlsx,4127,2025-06-05,2025-06,2025-W23,2,3,sau-1642-r01,sau-1642-R01,صوص بق تيستي,صوص (sauce),sauce,صوص (sauce),sauce_condiment,ماكدونالدز - حي النزهة,ماكدونالدز,حي النزهة,ماكدونالدز - حي النزهة,العليا,بلدية,بلدية العليا,True,False,لا يوجد,,0,,,False,none,,9,True
Data 2025.xlsx,4132,2025-06-05,2025-06,2025-W23,2,3,sau-1643-r01,sau-1643-R01,صوص باربكيو مغلق,صوص (sauce),sauce,صوص (sauce),sauce_condiment,ماكدونالدز - حي الوادي,ماكدونالدز,حي الوادي,ماكدونالدز - حي الوادي,الشمال,بلدية,بلدية الشمال,True,False,لا يوجد,,0,,,False,none,,9,True
Data 2025.xlsx,4133,2025-06-05,2025-06,2025-W23,2,3,sau-1644-r01,sau-1644-R01,صوص مايونيز,صوص (sauce),sauce,صوص (sauce),sauce_condiment,ماكدونالدز - حي الوادي,ماكدونالدز,حي الوادي,ماكدونالدز - حي الوادي,الشمال,بلدية,بلدية الشمال,True,False,لا يوجد,,0,,,False,none,,9,True
Data 2025.xlsx,4134,2025-06-05,2025-06,2025-W23,2,3,sau-1645-r01,sau-1645-R01,صوص ثوم مايونيز,صوص (sauce),sauce,صوص (sauce),sauce_condiment,ماكدونالدز - حي الوادي,ماكدونالدز,حي الوادي,ماكدونالدز - حي الوادي,الشمال,بلدية,بلدية الشمال,True,False,لا يوجد,,0,,,False,none,,9,True
Data 2025.xlsx,4135,2025-06-05,2025-06,2025-W23,2,3,sau-1646-r01,sau-1646-R01,صوص بق ماك,صوص (sauce),sauce,صوص (sauce),sauce_condiment,ماكدونالدز - حي الوادي,ماكدونالدز,حي الوادي,ماكدونالدز - حي الوادي,الشمال,بلدية,بلدية الشمال,True,False,لا يوجد,,0,,,False,none,,9,True
Data 2025.xlsx,4136,2025-06-05,2025-06,2025-W23,2,3,sau-1647-r01,sau-1647-R01,صوص ديجن,صوص (sauce),sauce,صوص (sauce),sauce_condiment,ماكدونالدز - حي الوادي,ماكدونالدز,حي الوادي,ماكدونالدز - حي الوادي,الشمال,بلدية,بلدية الشمال,False,True,العد الكلي للبكتيريا,العد الكلي للبكتيريا,1,,العد الكلي للبكتيريا,False,indicator_only,,10,True
Data 2025.xlsx,4137,2025-06-05,2025-06,2025-W23,2,3,sau-1648-r01,sau-1648-R01,صوص كاتشب,صوص (sauce),sauce,صوص (sauce),sauce_condiment,ماكدونالدز - حي الوادي,ماكدونالدز,حي الوادي,ماكدونالدز - حي الوادي,الشمال,بلدية,بلدية الشمال,True,False,لا يوجد,,0,,,False,none,,10,True
Data 2025.xlsx,4138,2025-06-05,2025-06,2025-W23,2,3,sau-1649-r01,sau-1649-R01,صوص بري بري,صوص (sauce),sauce,صوص (sauce),sauce_condiment,ماكدونالدز - حي الوادي,ماكدونالدز,حي الوادي,ماكدونالدز - حي الوادي,الشمال,بلدية,بلدية الشمال,True,False,لا يوجد,,0,,,False,none,,10,True
Data 2025.xlsx,4139,2025-06-05,2025-06,2025-W23,2,3,sau-1650-r01,sau-1650-R01,صوص ماسترد مايونيز,صوص (sauce),sauce,صوص (sauce),sauce_condiment,ماكدونالدز - حي الوادي,ماكدونالدز,حي الوادي,ماكدونالدز - حي الوادي,الشمال,بلدية,بلدية الشمال,True,False,لا يوجد,,0,,,False,none,,10,True
Data 2025.xlsx,4096,2025-06-05,2025-06,2025-W23,2,3,sw-3010-r01,sw-3010-R01,مسحة يد,(Swabs) المسحات,Swabs,(Swabs) المسحات,swab,ماكدونالدز - حي الورود,ماكدونالدز,حي الورود,ماكدونالدز - حي الورود,العليا,بلدية,بلدية العليا,True,False,لا يوجد,,0,,,False,none,,4,True
Data 2025.xlsx,4106,2025-06-05,2025-06,2025-W23,2,3,sw-3011-r01,sw-3011-R01,مسحة حافظة بطاطس,(Swabs) المسحات,Swabs,(Swabs) المسحات,swab,ماكدونالدز - حي الورود,ماكدونالدز,حي الورود,ماكدونالدز - حي الورود,العليا,بلدية,بلدية العليا,True,False,لا يوجد,,0,,,False,none,,5,True
Data 2025.xlsx,4108,2025-06-05,2025-06,2025-W23,2,3,sw-3012-r01,sw-3012-R01,مسحة يد,(Swabs) المسحات,Swabs,(Swabs) المسحات,swab,ماكدونالدز - حي المرسلات,ماكدونالدز,حي المرسلات,ماكدونالدز - حي المرسلات,العليا,بلدية,بلدية العليا,True,False,لا يوجد,,0,,,False,none,,6,True
Data 2025.xlsx,4130,2025-06-05,2025-06,2025-W23,2,3,sw-3013-r01,sw-3013-R01,مسحة صانعة ثلج,(Swabs) المسحات,Swabs,(Swabs) المسحات,swab,ماكدونالدز - حي النزهة,ماكدونالدز,حي النزهة,ماكدونالدز - حي النزهة,العليا,بلدية,بلدية العليا,True,False,لا يوجد,,0,,,False,none,,9,True
Data 2025.xlsx,4131,2025-06-05,2025-06,2025-W23,2,3,sw-3014-r01,sw-3014-R01,مسحة حافظة لطاطس,(Swabs) المسحات,Swabs,(Swabs) المسحات,swab,ماكدونالدز - حي النزهة,ماكدونالدز,حي النزهة,ماكدونالدز - حي النزهة,العليا,بلدية,بلدية العليا,True,False,لا يوجد,,0,,,False,none,,9,True
Data 2025.xlsx,4143,2025-06-05,2025-06,2025-W23,2,3,sw-3015-r01,sw-3015-R01,مسحة حماصة خبز,(Swabs) المسحات,Swabs,(Swabs) المسحات,swab,ماكدونالدز - حي الوادي,ماكدونالدز,حي الوادي,ماكدونالدز - حي الوادي,الشمال,بلدية,بلدية الشمال,True,False,لا يوجد,,0,,,False,none,,11,True
Data 2025.xlsx,4077,2025-06-05,2025-06,2025-W23,2,3,sweet-0999-r01,sweet-0999-R01,شوكولا,الحلا(sweetness),sweetness,الحلا(sweetness),sweets_bakery,( Private Sample) عينة خاصة,( Private Sample) عينة خاصة,,( Private Sample) عينة خاصة,عينة خاصة,خاص,( Private Sample) عينة خاصة,True,False,لا يوجد,,0,,,False,none,,6,True
Data 2025.xlsx,4078,2025-06-05,2025-06,2025-W23,2,3,sweet-1000-r01,sweet-1000-R01,شوكولا,الحلا(sweetness),sweetness,الحلا(sweetness),sweets_bakery,( Private Sample) عينة خاصة,( Private Sample) عينة خاصة,,( Private Sample) عينة خاصة,عينة خاصة,خاص,( Private Sample) عينة خاصة,True,False,لا يوجد,,0,,,False,none,,6,True
Data 2025.xlsx,4079,2025-06-05,2025-06,2025-W23,2,3,sweet-1001-r01,sweet-1001-R01,شوكولا,الحلا(sweetness),sweetness,الحلا(sweetness),sweets_bakery,( Private Sample) عينة خاصة,( Private Sample) عينة خاصة,,( Private Sample) عينة خاصة,عينة خاصة,خاص,( Private Sample) عينة خاصة,False,True,العد الكلي للبكتيريا,العد الكلي للبكتيريا,1,,العد الكلي للبكتيريا,False,indicator_only,,7,True
Data 2025.xlsx,4080,2025-06-05,2025-06,2025-W23,2,3,sweet-1002-r01,sweet-1002-R01,شوكولا,الحلا(sweetness),sweetness,الحلا(sweetness),sweets_bakery,( Private Sample) عينة خاصة,( Private Sample) عينة خاصة,,( Private Sample) عينة خاصة,عينة خاصة,خاص,( Private Sample) عينة خاصة,False,True,العد الكلي للبكتيريا,العد الكلي للبكتيريا,1,,العد الكلي للبكتيريا,False,indicator_only,,8,True
Data 2025.xlsx,4144,2025-06-05,2025-06,2025-W23,2,3,ubot-0964-r01,Ubot-0964-R01,مياه حنفية لغسيل الادوات,المياه الغير معبأة (Unbottled water),Unbottled water,المياه الغير معبأة (Unbottled water),water,ملحمة نهضة الياسمين للتجارة,ملحمة نهضة الياسمين للتجارة,,ملحمة نهضة الياسمين للتجارة,الشمال,بلدية,بلدية الشمال,True,False,لا يوجد,,0,,,False,none,,2,True
Data 2025.xlsx,6068,2025-06-07,2025-06,2025-W23,2,5,1-3182-R01,1-3182-R01,هلابينو,(jalapeno) هلابينو,jalapeno,(jalapeno) هلابينو,produce,شركة مخازن المملكة - حي المونسية,شركة مخازن المملكة,حي المونسية,شركة مخازن المملكة - حي المونسية,الروضة,بلدية,بلدية الروضة,True,False,لا يوجد,,0,,,False,none,,25,True
Data 2025.xlsx,6084,2025-06-07,2025-06,2025-W23,2,5,1-3183-R01,1-3183-R01,كروسان جبنة شيدر,كروسان (croissant),croissant,كروسان (croissant),sweets_bakery,شركة مخازن المملكة - حي المونسية,شركة مخازن المملكة,حي المونسية,شركة مخازن المملكة - حي المونسية,الروضة,بلدية,بلدية الروضة,True,False,لا يوجد,,0,,,False,none,,27,True
Data 2025.xlsx,6085,2025-06-07,2025-06,2025-W23,2,5,1-3184-R01,1-3184-R01,كروسان جبنة بيضاء,كروسان (croissant),croissant,كروسان (croissant),sweets_bakery,شركة مخازن المملكة - حي المونسية,شركة مخازن المملكة,حي المونسية,شركة مخازن المملكة - حي المونسية,الروضة,بلدية,بلدية الروضة,True,False,لا يوجد,,0,,,False,none,,27,True
Data 2025.xlsx,6086,2025-06-07,2025-06,2025-W23,2,5,1-3185-R01,1-3185-R01,كروسان جبنة سائلة,كروسان (croissant),croissant,كروسان (croissant),sweets_bakery,شركة مخازن المملكة - حي المونسية,شركة مخازن المملكة,حي المونسية,شركة مخازن المملكة - حي المونسية,الروضة,بلدية,بلدية الروضة,True,False,لا يوجد,,0,,,False,none,,27,True
Data 2025.xlsx,6087,2025-06-07,2025-06,2025-W23,2,5,1-3186-R01,1-3186-R01,كروسان زعتر,كروسان (croissant),croissant,كروسان (croissant),sweets_bakery,شركة مخازن المملكة - حي المونسية,شركة مخازن المملكة,حي المونسية,شركة مخازن المملكة - حي المونسية,الروضة,بلدية,بلدية الروضة,True,False,لا يوجد,,0,,,False,none,,27,True
Data 2025.xlsx,6045,2025-06-07,2025-06,2025-W23,2,5,appe-0515-r01,Appe-0515-R01,باذنجان بالطحينة,مقبلات (Appetizers),Appetizers,مقبلات (Appetizers),prepared_meal,شركة مخازن المملكة - حي المونسية,شركة مخازن المملكة,حي المونسية,شركة مخازن المملكة - حي المونسية,الروضة,بلدية,بلدية الروضة,True,False,لا يوجد,,0,,,False,none,,10,True
Data 2025.xlsx,6046,2025-06-07,2025-06,2025-W23,2,5,appe-0516-r01,Appe-0516-R01,فلفل بالطحينة حار,مقبلات (Appetizers),Appetizers,مقبلات (Appetizers),prepared_meal,شركة مخازن المملكة - حي المونسية,شركة مخازن المملكة,حي المونسية,شركة مخازن المملكة - حي المونسية,الروضة,بلدية,بلدية الروضة,True,False,لا يوجد,,0,,,False,none,,10,True
Data 2025.xlsx,6091,2025-06-07,2025-06,2025-W23,2,5,br-0099-r01,Br-0099-R01,خبز بر شامي,الخبـز (Bread),Bread,الخبـز (Bread),sweets_bakery,شركة مخازن المملكة - حي المونسية,شركة مخازن المملكة,حي المونسية,شركة مخازن المملكة - حي المونسية,الروضة,بلدية,بلدية الروضة,True,False,لا يوجد,,0,,,False,none,,27,True
Data 2025.xlsx,6092,2025-06-07,2025-06,2025-W23,2,5,br-0100-r01,Br-0100-R01,خبز ابيض شامي,الخبـز (Bread),Bread,الخبـز (Bread),sweets_bakery,شركة مخازن المملكة - حي المونسية,شركة مخازن المملكة,حي المونسية,شركة مخازن المملكة - حي المونسية,الروضة,بلدية,بلدية الروضة,True,False,لا يوجد,,0,,,False,none,,27,True
Data 2025.xlsx,6034,2025-06-07,2025-06,2025-W23,2,5,bri-0316-r01,bri-0316-R01,لبنة شمندر,لبنة ( brick),brick,لبنة ( brick),dairy,شركة مخازن المملكة - حي المونسية,شركة مخازن المملكة,حي المونسية,شركة مخازن المملكة - حي المونسية,الروضة,بلدية,بلدية الروضة,False,True,الخمائر والاعفان,الخمائر والاعفان,1,,الخمائر والاعفان,False,indicator_only,,2,True
Data 2025.xlsx,6035,2025-06-07,2025-06,2025-W23,2,5,bri-0317-r01,bri-0317-R01,لبنة بالنعناع,لبنة ( brick),brick,لبنة ( brick),dairy,شركة مخازن المملكة - حي المونسية,شركة مخازن المملكة,حي المونسية,شركة مخازن المملكة - حي المونسية,الروضة,بلدية,بلدية الروضة,False,True,الخمائر والاعفان,الخمائر والاعفان,1,,الخمائر والاعفان,False,indicator_only,,3,True
Data 2025.xlsx,6037,2025-06-07,2025-06,2025-W23,2,5,bri-0318-r01,bri-0318-R01,لبنة مشويات,لبنة ( brick),brick,لبنة ( brick),dairy,شركة مخازن المملكة - حي المونسية,شركة مخازن المملكة,حي المونسية,شركة مخازن المملكة - حي المونسية,الروضة,بلدية,بلدية الروضة,False,True,الخمائر والاعفان,الخمائر والاعفان,1,,الخمائر والاعفان,False,indicator_only,,4,True
Data 2025.xlsx,6038,2025-06-07,2025-06,2025-W23,2,5,bri-0319-r01,bri-0319-R01,لبنة سادة,لبنة ( brick),brick,لبنة ( brick),dairy,شركة مخازن المملكة - حي المونسية,شركة مخازن المملكة,حي المونسية,شركة مخازن المملكة - حي المونسية,الروضة,بلدية,بلدية الروضة,False,True,الخمائر والاعفان,الخمائر والاعفان,1,,الخمائر والاعفان,False,indicator_only,,5,True
Data 2025.xlsx,6039,2025-06-07,2025-06,2025-W23,2,5,bri-0320-r01,bri-0320-R01,لبنة زعتر,لبنة ( brick),brick,لبنة ( brick),dairy,شركة مخازن المملكة - حي المونسية,شركة مخازن المملكة,حي المونسية,شركة مخازن المملكة - حي المونسية,الروضة,بلدية,بلدية الروضة,False,True,انتيروباكتريسي,انتيروباكتريسي,1,,انتيروباكتريسي,False,indicator_only,,6,True
Data 2025.xlsx,6040,2025-06-07,2025-06,2025-W23,2,5,bri-0321-r01,bri-0321-R01,لبنة افوكادو,لبنة ( brick),brick,لبنة ( brick),dairy,شركة مخازن المملكة - حي المونسية,شركة مخازن المملكة,حي المونسية,شركة مخازن المملكة - حي المونسية,الروضة,بلدية,بلدية الروضة,True,False,لا يوجد,,0,,,False,none,,6,True
Data 2025.xlsx,6042,2025-06-07,2025-06,2025-W23,2,5,bri-0322-r01,bri-0322-R01,لبنة بالرمان,لبنة ( brick),brick,لبنة ( brick),dairy,شركة مخازن المملكة - حي المونسية,شركة مخازن المملكة,حي المونسية,شركة مخازن المملكة - حي المونسية,الروضة,بلدية,بلدية الروضة,False,True,الخمائر والاعفان,الخمائر والاعفان,1,,الخمائر والاعفان,False,indicator_only,,8,True
Data 2025.xlsx,6043,2025-06-07,2025-06,2025-W23,2,5,bri-0323-r01,bri-0323-R01,لبنة بيتزا,لبنة ( brick),brick,لبنة ( brick),dairy,شركة مخازن المملكة - حي المونسية,شركة مخازن المملكة,حي المونسية,شركة مخازن المملكة - حي المونسية,الروضة,بلدية,بلدية الروضة,False,True,انتيروباكتريسي,انتيروباكتريسي,1,,انتيروباكتريسي,False,indicator_only,,9,True
Data 2025.xlsx,6044,2025-06-07,2025-06,2025-W23,2,5,bri-0324-r01,bri-0324-R01,لبنة حارة,لبنة ( brick),brick,لبنة ( brick),dairy,شركة مخازن المملكة - حي المونسية,شركة مخازن المملكة,حي المونسية,شركة مخازن المملكة - حي المونسية,الروضة,بلدية,بلدية الروضة,False,True,استافيلوكوكس اورياس,استافيلوكوكس اورياس,1,استافيلوكوكس اورياس,,True,pathogen,,10,True
Data 2025.xlsx,6051,2025-06-07,2025-06,2025-W23,2,5,bri-0325-r01,bri-0325-R01,لبنة بالمكدوس,لبنة ( brick),brick,لبنة ( brick),dairy,شركة مخازن المملكة - حي المونسية,شركة مخازن المملكة,حي المونسية,شركة مخازن المملكة - حي المونسية,الروضة,بلدية,بلدية الروضة,False,True,استافيلوكوكس اورياس,استافيلوكوكس اورياس,1,استافيلوكوكس اورياس,,True,pathogen,,15,True
Data 2025.xlsx,6033,2025-06-07,2025-06,2025-W23,2,5,chee-0774-r01,Chee-0774-R01,جبنة مش,(cheese) جبنة,cheese,(cheese) جبنة,dairy,شركة مخازن المملكة - حي المونسية,شركة مخازن المملكة,حي المونسية,شركة مخازن المملكة - حي المونسية,الروضة,بلدية,بلدية الروضة,False,True,استافيلوكوكس اورياس,استافيلوكوكس اورياس,1,استافيلوكوكس اورياس,,True,pathogen,,1,False
Data 2025.xlsx,6036,2025-06-07,2025-06,2025-W23,2,5,chee-0775-r01,Chee-0775-R01,جبنة بالمكدوس,(cheese) جبنة,cheese,(cheese) جبنة,dairy,شركة مخازن المملكة - حي المونسية,شركة مخازن المملكة,حي المونسية,شركة مخازن المملكة - حي المونسية,الروضة,بلدية,بلدية الروضة,True,False,لا يوجد,,0,,,False,none,,3,True
Data 2025.xlsx,6041,2025-06-07,2025-06,2025-W23,2,5,chee-0776-r01,Chee-0776-R01,كيري بالشدر,(cheese) جبنة,cheese,(cheese) جبنة,dairy,شركة مخازن المملكة - حي المونسية,شركة مخازن المملكة,حي المونسية,شركة مخازن المملكة - حي المونسية,الروضة,بلدية,بلدية الروضة,False,True,انتيروباكتريسي | ايشيريشيا كولاي | استافيلوكوكس اورياس,انتيروباكتريسي | ايشيريشيا كولاي | استافيلوكوكس اورياس,3,ايشيريشيا كولاي | استافيلوكوكس اورياس,انتيروباكتريسي,True,multi_pathogen,,7,True
Data 2025.xlsx,6077,2025-06-07,2025-06,2025-W23,2,5,flswe-0068-r01,FlSwe-0068-R01,حلاوة طحينة,حلاوة طحينة( Flour Sweetness),Flour Sweetness,حلاوة طحينة( Flour Sweetness),sauce_condiment,شركة مخازن المملكة - حي المونسية,شركة مخازن المملكة,حي المونسية,شركة مخازن المملكة - حي المونسية,الروضة,بلدية,بلدية الروضة,False,True,استافيلوكوكس اورياس,استافيلوكوكس اورياس,1,استافيلوكوكس اورياس,,True,pathogen,,27,True
Data 2025.xlsx,6052,2025-06-07,2025-06,2025-W23,2,5,olv-0496-r01,olv-0496-R01,زيتون شرائح اخضر حار,الزيتون /Olive,Olive,الزيتون /Olive,produce,شركة مخازن المملكة - حي المونسية,شركة مخازن المملكة,حي المونسية,شركة مخازن المملكة - حي المونسية,الروضة,بلدية,بلدية الروضة,False,True,خمائر,الخمائر والاعفان,1,,الخمائر والاعفان,False,indicator_only,,16,True
Data 2025.xlsx,6055,2025-06-07,2025-06,2025-W23,2,5,olv-0497-r01,olv-0497-R01,زيتون مغربي,الزيتون /Olive,Olive,الزيتون /Olive,produce,شركة مخازن المملكة - حي المونسية,شركة مخازن المملكة,حي المونسية,شركة مخازن المملكة - حي المونسية,الروضة,بلدية,بلدية الروضة,False,True,خمائر,الخمائر والاعفان,1,,الخمائر والاعفان,False,indicator_only,,19,True
Data 2025.xlsx,6056,2025-06-07,2025-06,2025-W23,2,5,olv-0498-r01,olv-0498-R01,زيتون عطون,الزيتون /Olive,Olive,الزيتون /Olive,produce,شركة مخازن المملكة - حي المونسية,شركة مخازن المملكة,حي المونسية,شركة مخازن المملكة - حي المونسية,الروضة,بلدية,بلدية الروضة,True,False,لا يوجد,,0,,,False,none,,19,True
Data 2025.xlsx,6057,2025-06-07,2025-06,2025-W23,2,5,olv-0499-r01,olv-0499-R01,زيتون اسود شرائح,الزيتون /Olive,Olive,الزيتون /Olive,produce,شركة مخازن المملكة - حي المونسية,شركة مخازن المملكة,حي المونسية,شركة مخازن المملكة - حي المونسية,الروضة,بلدية,بلدية الروضة,True,False,لا يوجد,,0,,,False,none,,19,True
Data 2025.xlsx,6058,2025-06-07,2025-06,2025-W23,2,5,olv-0500-r01,olv-0500-R01,زيتون اخضر شرائح,الزيتون /Olive,Olive,الزيتون /Olive,produce,شركة مخازن المملكة - حي المونسية,شركة مخازن المملكة,حي المونسية,شركة مخازن المملكة - حي المونسية,الروضة,بلدية,بلدية الروضة,False,True,خمائر,الخمائر والاعفان,1,,الخمائر والاعفان,False,indicator_only,,20,True
Data 2025.xlsx,6059,2025-06-07,2025-06,2025-W23,2,5,olv-0501-r01,olv-0501-R01,زيتون محشي جزر,الزيتون /Olive,Olive,الزيتون /Olive,produce,شركة مخازن المملكة - حي المونسية,شركة مخازن المملكة,حي المونسية,شركة مخازن المملكة - حي المونسية,الروضة,بلدية,بلدية الروضة,False,True,خمائر,الخمائر والاعفان,1,,الخمائر والاعفان,False,indicator_only,,21,True
Data 2025.xlsx,6060,2025-06-07,2025-06,2025-W23,2,5,olv-0502-r01,olv-0502-R01,زيتون عين الجمل,الزيتون /Olive,Olive,الزيتون /Olive,produce,شركة مخازن المملكة - حي المونسية,شركة مخازن المملكة,حي المونسية,شركة مخازن المملكة - حي المونسية,الروضة,بلدية,بلدية الروضة,False,True,خمائر,الخمائر والاعفان,1,,الخمائر والاعفان,False,indicator_only,,22,True
Data 2025.xlsx,6061,2025-06-07,2025-06,2025-W23,2,5,olv-0503-r01,olv-0503-R01,زيتون اخضر جامبو,الزيتون /Olive,Olive,الزيتون /Olive,produce,شركة مخازن المملكة - حي المونسية,شركة مخازن المملكة,حي المونسية,شركة مخازن المملكة - حي المونسية,الروضة,بلدية,بلدية الروضة,False,True,خمائر,الخمائر والاعفان,1,,الخمائر والاعفان,False,indicator_only,,23,True
Data 2025.xlsx,6063,2025-06-07,2025-06,2025-W23,2,5,olv-0504-r01,olv-0504-R01,زيتون اخضر مشوي,الزيتون /Olive,Olive,الزيتون /Olive,produce,شركة مخازن المملكة - حي المونسية,شركة مخازن المملكة,حي المونسية,شركة مخازن المملكة - حي المونسية,الروضة,بلدية,بلدية الروضة,False,True,خمائر,الخمائر والاعفان,1,,الخمائر والاعفان,False,indicator_only,,24,True
Data 2025.xlsx,6062,2025-06-07,2025-06,2025-W23,2,5,pick-0452-r01,Pick-0452-R01,مخلل بصل,المخلل (Pickle),Pickle,المخلل (Pickle),sauce_condiment,شركة مخازن المملكة - حي المونسية,شركة مخازن المملكة,حي المونسية,شركة مخازن المملكة - حي المونسية,الروضة,بلدية,بلدية الروضة,True,False,لا يوجد,,0,,,False,none,,23,True
Data 2025.xlsx,6064,2025-06-07,2025-06,2025-W23,2,5,pick-0453-r01,Pick-0453-R01,مخلل ليمون,المخلل (Pickle),Pickle,المخلل (Pickle),sauce_condiment,شركة مخازن المملكة - حي المونسية,شركة مخازن المملكة,حي المونسية,شركة مخازن المملكة - حي المونسية,الروضة,بلدية,بلدية الروضة,True,False,لا يوجد,,0,,,False,none,,24,True
Data 2025.xlsx,6065,2025-06-07,2025-06,2025-W23,2,5,pick-0454-r01,Pick-0454-R01,مخلل خيار شرائح,المخلل (Pickle),Pickle,المخلل (Pickle),sauce_condiment,شركة مخازن المملكة - حي المونسية,شركة مخازن المملكة,حي المونسية,شركة مخازن المملكة - حي المونسية,الروضة,بلدية,بلدية الروضة,True,False,لا يوجد,,0,,,False,none,,24,True
Data 2025.xlsx,6066,2025-06-07,2025-06,2025-W23,2,5,pick-0455-r01,Pick-0455-R01,مخلل مشكل,المخلل (Pickle),Pickle,المخلل (Pickle),sauce_condiment,شركة مخازن المملكة - حي المونسية,شركة مخازن المملكة,حي المونسية,شركة مخازن المملكة - حي المونسية,الروضة,بلدية,بلدية الروضة,False,True,خمائر,الخمائر والاعفان,1,,الخمائر والاعفان,False,indicator_only,,25,True
Data 2025.xlsx,6067,2025-06-07,2025-06,2025-W23,2,5,pick-0456-r01,Pick-0456-R01,مخلل بوليف,المخلل (Pickle),Pickle,المخلل (Pickle),sauce_condiment,شركة مخازن المملكة - حي المونسية,شركة مخازن المملكة,حي المونسية,شركة مخازن المملكة - حي المونسية,الروضة,بلدية,بلدية الروضة,True,False,لا يوجد,,0,,,False,none,,25,True
Data 2025.xlsx,6069,2025-06-07,2025-06,2025-W23,2,5,pick-0457-r01,Pick-0457-R01,طرشي مشكل بارد,المخلل (Pickle),Pickle,المخلل (Pickle),sauce_condiment,شركة مخازن المملكة - حي المونسية,شركة مخازن المملكة,حي المونسية,شركة مخازن المملكة - حي المونسية,الروضة,بلدية,بلدية الروضة,False,True,خمائر,الخمائر والاعفان,1,,الخمائر والاعفان,False,indicator_only,,26,True
Data 2025.xlsx,6024,2025-06-07,2025-06,2025-W23,2,5,raw-0328-r01,Raw-0328-R01,لحم يد حاشي بلدي,لحوم نيئة مبردة ومجمدة (Raw meat Cold or chilled ),Raw meat Cold or chilled,لحوم نيئة مبردة ومجمدة (Raw meat Cold or chilled ),raw_meat,مؤسسة ربوع الحاشي,مؤسسة ربوع الحاشي,,مؤسسة ربوع الحاشي,الروضة,بلدية,بلدية الروضة,False,True,السالمونيلا,السالمونيلا,1,السالمونيلا,,True,pathogen,,1,False
Data 2025.xlsx,6025,2025-06-07,2025-06,2025-W23,2,5,raw-0329-r01,Raw-0329-R01,لحم بطن نعيمي بلدي,لحوم نيئة مبردة ومجمدة (Raw meat Cold or chilled ),Raw meat Cold or chilled,لحوم نيئة مبردة ومجمدة (Raw meat Cold or chilled ),raw_meat,شركة درة العقيق للتجاره,شركة درة العقيق للتجاره,,شركة درة العقيق للتجاره,الروضة,بلدية,بلدية الروضة,True,False,لا يوجد,,0,,,False,none,,0,False
Data 2025.xlsx,6026,2025-06-07,2025-06,2025-W23,2,5,raw-0330-r01,Raw-0330-R01,كلوة من نفس النعيمي,لحوم نيئة مبردة ومجمدة (Raw meat Cold or chilled ),Raw meat Cold or chilled,لحوم نيئة مبردة ومجمدة (Raw meat Cold or chilled ),raw_meat,شركة درة العقيق للتجاره,شركة درة العقيق للتجاره,,شركة درة العقيق للتجاره,الروضة,بلدية,بلدية الروضة,False,True,السالمونيلا,السالمونيلا,1,السالمونيلا,,True,pathogen,,1,False
Data 2025.xlsx,6027,2025-06-07,2025-06,2025-W23,2,5,raw-0331-r01,Raw-0331-R01,كبدة من نفس النعيمي,لحوم نيئة مبردة ومجمدة (Raw meat Cold or chilled ),Raw meat Cold or chilled,لحوم نيئة مبردة ومجمدة (Raw meat Cold or chilled ),raw_meat,شركة درة العقيق للتجاره,شركة درة العقيق للتجاره,,شركة درة العقيق للتجاره,الروضة,بلدية,بلدية الروضة,True,False,لا يوجد,,0,,,False,none,,1,False
Data 2025.xlsx,6028,2025-06-07,2025-06,2025-W23,2,5,raw-0332-r01,Raw-0332-R01,لحم جنب سواكني بلدي,لحوم نيئة مبردة ومجمدة (Raw meat Cold or chilled ),Raw meat Cold or chilled,لحوم نيئة مبردة ومجمدة (Raw meat Cold or chilled ),raw_meat,شركة درة العقيق للتجاره,شركة درة العقيق للتجاره,,شركة درة العقيق للتجاره,الروضة,بلدية,بلدية الروضة,False,True,السالمونيلا,السالمونيلا,1,السالمونيلا,,True,pathogen,,2,True
Data 2025.xlsx,6029,2025-06-07,2025-06,2025-W23,2,5,raw-0333-r01,Raw-0333-R01,كبدة من نفس السواكني,لحوم نيئة مبردة ومجمدة (Raw meat Cold or chilled ),Raw meat Cold or chilled,لحوم نيئة مبردة ومجمدة (Raw meat Cold or chilled ),raw_meat,شركة درة العقيق للتجاره,شركة درة العقيق للتجاره,,شركة درة العقيق للتجاره,الروضة,بلدية,بلدية الروضة,True,False,لا يوجد,,0,,,False,none,,2,True
Data 2025.xlsx,6030,2025-06-07,2025-06,2025-W23,2,5,raw-0334-r01,Raw-0334-R01,قلب من نفس السواكني,لحوم نيئة مبردة ومجمدة (Raw meat Cold or chilled ),Raw meat Cold or chilled,لحوم نيئة مبردة ومجمدة (Raw meat Cold or chilled ),raw_meat,شركة درة العقيق للتجاره,شركة درة العقيق للتجاره,,شركة درة العقيق للتجاره,الروضة,بلدية,بلدية الروضة,False,True,السالمونيلا,السالمونيلا,1,السالمونيلا,,True,pathogen,,3,True
Data 2025.xlsx,6031,2025-06-07,2025-06,2025-W23,2,5,raw-0335-r01,Raw-0335-R01,لحم يد حاشي مستورد تربية سعودية,لحوم نيئة مبردة ومجمدة (Raw meat Cold or chilled ),Raw meat Cold or chilled,لحوم نيئة مبردة ومجمدة (Raw meat Cold or chilled ),raw_meat,شركة درة العقيق للتجاره,شركة درة العقيق للتجاره,,شركة درة العقيق للتجاره,الروضة,بلدية,بلدية الروضة,False,True,السالمونيلا,السالمونيلا,1,السالمونيلا,,True,pathogen,,4,True
Data 2025.xlsx,6032,2025-06-07,2025-06,2025-W23,2,5,raw-0336-r01,Raw-0336-R01,كبدة نفس الحاشي,لحوم نيئة مبردة ومجمدة (Raw meat Cold or chilled ),Raw meat Cold or chilled,لحوم نيئة مبردة ومجمدة (Raw meat Cold or chilled ),raw_meat,شركة درة العقيق للتجاره,شركة درة العقيق للتجاره,,شركة درة العقيق للتجاره,الروضة,بلدية,بلدية الروضة,False,True,السالمونيلا,السالمونيلا,1,السالمونيلا,,True,pathogen,,5,True
Data 2025.xlsx,6047,2025-06-07,2025-06,2025-W23,2,5,sal-1436-r01,Sal-1436-R01,سلطة جبنة فيتا سعودي بالزعتر,السلطة(Salad),Salad,السلطة(Salad),produce,شركة مخازن المملكة - حي المونسية,شركة مخازن المملكة,حي المونسية,شركة مخازن المملكة - حي المونسية,الروضة,بلدية,بلدية الروضة,False,True,انتيروباكتريسي,انتيروباكتريسي,1,,انتيروباكتريسي,False,indicator_only,,11,True
Data 2025.xlsx,6048,2025-06-07,2025-06,2025-W23,2,5,sal-1437-r01,Sal-1437-R01,سلطة جبنة فيتا سعودي بالزعتر حار,السلطة(Salad),Salad,السلطة(Salad),produce,شركة مخازن المملكة - حي المونسية,شركة مخازن المملكة,حي المونسية,شركة مخازن المملكة - حي المونسية,الروضة,بلدية,بلدية الروضة,False,True,انتيروباكتريسي | استافيلوكوكس اورياس,انتيروباكتريسي | استافيلوكوكس اورياس,2,استافيلوكوكس اورياس,انتيروباكتريسي,True,pathogen,,12,True
Data 2025.xlsx,6049,2025-06-07,2025-06,2025-W23,2,5,sal-1438-r01,Sal-1438-R01,سلطة تونة,السلطة(Salad),Salad,السلطة(Salad),produce,شركة مخازن المملكة - حي المونسية,شركة مخازن المملكة,حي المونسية,شركة مخازن المملكة - حي المونسية,الروضة,بلدية,بلدية الروضة,False,True,العد الكلي للبكتيريا,العد الكلي للبكتيريا,1,,العد الكلي للبكتيريا,False,indicator_only,,13,True
Data 2025.xlsx,6050,2025-06-07,2025-06,2025-W23,2,5,sal-1439-r01,Sal-1439-R01,سلطة مرتديلا مكس,السلطة(Salad),Salad,السلطة(Salad),produce,شركة مخازن المملكة - حي المونسية,شركة مخازن المملكة,حي المونسية,شركة مخازن المملكة - حي المونسية,الروضة,بلدية,بلدية الروضة,False,True,العد الكلي للبكتيريا | استافيلوكوكس اورياس | باسيلس سيريس,العد الكلي للبكتيريا | استافيلوكوكس اورياس | باسيلس سيريس,3,استافيلوكوكس اورياس | باسيلس سيريس,العد الكلي للبكتيريا,True,multi_pathogen,,14,True
Data 2025.xlsx,6053,2025-06-07,2025-06,2025-W23,2,5,sal-1440-r01,Sal-1440-R01,سلطة حلومي بالزعتر,السلطة(Salad),Salad,السلطة(Salad),produce,شركة مخازن المملكة - حي المونسية,شركة مخازن المملكة,حي المونسية,شركة مخازن المملكة - حي المونسية,الروضة,بلدية,بلدية الروضة,False,True,انتيروباكتريسي | ايشيريشيا كولاي | استافيلوكوكس اورياس,انتيروباكتريسي | ايشيريشيا كولاي | استافيلوكوكس اورياس,3,ايشيريشيا كولاي | استافيلوكوكس اورياس,انتيروباكتريسي,True,multi_pathogen,,17,True
Data 2025.xlsx,6054,2025-06-07,2025-06,2025-W23,2,5,sal-1441-r01,Sal-1441-R01,سلطة مكدوس,السلطة(Salad),Salad,السلطة(Salad),produce,شركة مخازن المملكة - حي المونسية,شركة مخازن المملكة,حي المونسية,شركة مخازن المملكة - حي المونسية,الروضة,بلدية,بلدية الروضة,False,True,خمائر,الخمائر والاعفان,1,,الخمائر والاعفان,False,indicator_only,,18,True
Data 2025.xlsx,6070,2025-06-07,2025-06,2025-W23,2,5,sw-3284-r01,sw-3284-R01,مسحة ثلاجة,(Swabs) المسحات,Swabs,(Swabs) المسحات,swab,شركة مخازن المملكة - حي المونسية,شركة مخازن المملكة,حي المونسية,شركة مخازن المملكة - حي المونسية,الروضة,بلدية,بلدية الروضة,True,False,لا يوجد,,0,,,False,none,,26,True
Data 2025.xlsx,6071,2025-06-07,2025-06,2025-W23,2,5,sw-3285-r01,sw-3285-R01,مسحة ثلاجة,(Swabs) المسحات,Swabs,(Swabs) المسحات,swab,شركة مخازن المملكة - حي المونسية,شركة مخازن المملكة,حي المونسية,شركة مخازن المملكة - حي المونسية,الروضة,بلدية,بلدية الروضة,True,False,لا يوجد,,0,,,False,none,,26,True
Data 2025.xlsx,6072,2025-06-07,2025-06,2025-W23,2,5,sw-3286-r01,sw-3286-R01,مسحة ثلاجة,(Swabs) المسحات,Swabs,(Swabs) المسحات,swab,شركة مخازن المملكة - حي المونسية,شركة مخازن المملكة,حي المونسية,شركة مخازن المملكة - حي المونسية,الروضة,بلدية,بلدية الروضة,True,False,لا يوجد,,0,,,False,none,,26,True
Data 2025.xlsx,6073,2025-06-07,2025-06,2025-W23,2,5,sw-3287-r01,sw-3287-R01,مسحة ثلاجة,(Swabs) المسحات,Swabs,(Swabs) المسحات,swab,شركة مخازن المملكة - حي المونسية,شركة مخازن المملكة,حي المونسية,شركة مخازن المملكة - حي المونسية,الروضة,بلدية,بلدية الروضة,True,False,لا يوجد,,0,,,False,none,,26,True
Data 2025.xlsx,6074,2025-06-07,2025-06,2025-W23,2,5,sw-3288-r01,sw-3288-R01,مسحة ثلاجة,(Swabs) المسحات,Swabs,(Swabs) المسحات,swab,شركة مخازن المملكة - حي المونسية,شركة مخازن المملكة,حي المونسية,شركة مخازن المملكة - حي المونسية,الروضة,بلدية,بلدية الروضة,True,False,لا يوجد,,0,,,False,none,,26,True
Data 2025.xlsx,6075,2025-06-07,2025-06,2025-W23,2,5,sw-3289-r01,sw-3289-R01,مسحة ثلاجة,(Swabs) المسحات,Swabs,(Swabs) المسحات,swab,شركة مخازن المملكة - حي المونسية,شركة مخازن المملكة,حي المونسية,شركة مخازن المملكة - حي المونسية,الروضة,بلدية,بلدية الروضة,True,False,لا يوجد,,0,,,False,none,,26,True
Data 2025.xlsx,6076,2025-06-07,2025-06,2025-W23,2,5,sw-3290-r01,sw-3290-R01,مسحة ثلاجة,(Swabs) المسحات,Swabs,(Swabs) المسحات,swab,شركة مخازن المملكة - حي المونسية,شركة مخازن المملكة,حي المونسية,شركة مخازن المملكة - حي المونسية,الروضة,بلدية,بلدية الروضة,True,False,لا يوجد,,0,,,False,none,,26,True
Data 2025.xlsx,6089,2025-06-07,2025-06,2025-W23,2,5,sw-3291-r01,sw-3291-R01,مسحة حافظة مخبوزات,(Swabs) المسحات,Swabs,(Swabs) المسحات,swab,شركة مخازن المملكة - حي المونسية,شركة مخازن المملكة,حي المونسية,شركة مخازن المملكة - حي المونسية,الروضة,بلدية,بلدية الروضة,True,False,لا يوجد,,0,,,False,none,,27,True
Data 2025.xlsx,6090,2025-06-07,2025-06,2025-W23,2,5,sw-3292-r01,sw-3292-R01,مسحة حافظة مخبوزات,(Swabs) المسحات,Swabs,(Swabs) المسحات,swab,شركة مخازن المملكة - حي المونسية,شركة مخازن المملكة,حي المونسية,شركة مخازن المملكة - حي المونسية,الروضة,بلدية,بلدية الروضة,True,False,لا يوجد,,0,,,False,none,,27,True
Data 2025.xlsx,6078,2025-06-07,2025-06,2025-W23,2,5,sweet-1266-r01,sweet-1266-R01,بلح الشام,الحلا(sweetness),sweetness,الحلا(sweetness),sweets_bakery,شركة مخازن المملكة - حي المونسية,شركة مخازن المملكة,حي المونسية,شركة مخازن المملكة - حي المونسية,الروضة,بلدية,بلدية الروضة,True,False,لا يوجد,,0,,,False,none,,27,True
Data 2025.xlsx,6079,2025-06-07,2025-06,2025-W23,2,5,sweet-1267-r01,sweet-1267-R01,بسبوسة لوتس,الحلا(sweetness),sweetness,الحلا(sweetness),sweets_bakery,شركة مخازن المملكة - حي المونسية,شركة مخازن المملكة,حي المونسية,شركة مخازن المملكة - حي المونسية,الروضة,بلدية,بلدية الروضة,True,False,لا يوجد,,0,,,False,none,,27,True
Data 2025.xlsx,6080,2025-06-07,2025-06,2025-W23,2,5,sweet-1268-r01,sweet-1268-R01,كنافة بالمكسرات,الحلا(sweetness),sweetness,الحلا(sweetness),sweets_bakery,شركة مخازن المملكة - حي المونسية,شركة مخازن المملكة,حي المونسية,شركة مخازن المملكة - حي المونسية,الروضة,بلدية,بلدية الروضة,True,False,لا يوجد,,0,,,False,none,,27,True
Data 2025.xlsx,6081,2025-06-07,2025-06,2025-W23,2,5,sweet-1269-r01,sweet-1269-R01,بسبوسة بالشوكولاتة,الحلا(sweetness),sweetness,الحلا(sweetness),sweets_bakery,شركة مخازن المملكة - حي المونسية,شركة مخازن المملكة,حي المونسية,شركة مخازن المملكة - حي المونسية,الروضة,بلدية,بلدية الروضة,True,False,لا يوجد,,0,,,False,none,,27,True
Data 2025.xlsx,6082,2025-06-07,2025-06,2025-W23,2,5,sweet-1270-r01,sweet-1270-R01,بيتي فور,الحلا(sweetness),sweetness,الحلا(sweetness),sweets_bakery,شركة مخازن المملكة - حي المونسية,شركة مخازن المملكة,حي المونسية,شركة مخازن المملكة - حي المونسية,الروضة,بلدية,بلدية الروضة,True,False,لا يوجد,,0,,,False,none,,27,True
Data 2025.xlsx,6083,2025-06-07,2025-06,2025-W23,2,5,sweet-1271-r01,sweet-1271-R01,بسكوت برازق,الحلا(sweetness),sweetness,الحلا(sweetness),sweets_bakery,شركة مخازن المملكة - حي المونسية,شركة مخازن المملكة,حي المونسية,شركة مخازن المملكة - حي المونسية,الروضة,بلدية,بلدية الروضة,True,False,لا يوجد,,0,,,False,none,,27,True
Data 2025.xlsx,6088,2025-06-07,2025-06,2025-W23,2,5,sweet-1272-r01,sweet-1272-R01,معمول تمر وقشطة,الحلا(sweetness),sweetness,الحلا(sweetness),sweets_bakery,شركة مخازن المملكة - حي المونسية,شركة مخازن المملكة,حي المونسية,شركة مخازن المملكة - حي المونسية,الروضة,بلدية,بلدية الروضة,True,False,لا يوجد,,0,,,False,none,,27,True
Data 2025.xlsx,6093,2025-06-07,2025-06,2025-W23,2,5,ubot-1027-r01,Ubot-1027-R01,مياه حنفية لغسيل الادوات,المياه الغير معبأة (Unbottled water),Unbottled water,المياه الغير معبأة (Unbottled water),water,مؤسسة ربوع الحاشي,مؤسسة ربوع الحاشي,,مؤسسة ربوع الحاشي,الروضة,بلدية,بلدية الروضة,True,False,لا يوجد,,0,,,False,none,,1,False
Data 2025.xlsx,7262,2025-06-08,2025-06,2025-W23,2,6,raw-0436-r01,Raw-0436-R01,لحم تيس مبرد,لحوم نيئة مبردة ومجمدة (Raw meat Cold or chilled ),Raw meat Cold or chilled,لحوم نيئة مبردة ومجمدة (Raw meat Cold or chilled ),raw_meat,ملحمة مؤسسة جود القصيم,ملحمة مؤسسة جود القصيم,,ملحمة مؤسسة جود القصيم,الشمال,بلدية,بلدية الشمال,True,False,لا يوجد,,0,,,False,none,,0,False
Data 2025.xlsx,7263,2025-06-08,2025-06,2025-W23,2,6,raw-0437-r01,Raw-0437-R01,لحم عجل فخذ,لحوم نيئة مبردة ومجمدة (Raw meat Cold or chilled ),Raw meat Cold or chilled,لحوم نيئة مبردة ومجمدة (Raw meat Cold or chilled ),raw_meat,ملحمة مؤسسة جود القصيم,ملحمة مؤسسة جود القصيم,,ملحمة مؤسسة جود القصيم,الشمال,بلدية,بلدية الشمال,True,False,لا يوجد,,0,,,False,none,,0,False
Data 2025.xlsx,7264,2025-06-08,2025-06,2025-W23,2,6,raw-0438-r01,Raw-0438-R01,لحم حاشي كتف,لحوم نيئة مبردة ومجمدة (Raw meat Cold or chilled ),Raw meat Cold or chilled,لحوم نيئة مبردة ومجمدة (Raw meat Cold or chilled ),raw_meat,ملحمة مؤسسة جود القصيم,ملحمة مؤسسة جود القصيم,,ملحمة مؤسسة جود القصيم,الشمال,بلدية,بلدية الشمال,True,False,لا يوجد,,0,,,False,none,,0,False
Data 2025.xlsx,7265,2025-06-08,2025-06,2025-W23,2,6,raw-0439-r01,Raw-0439-R01,لحم فخذ عجل مستورد,لحوم نيئة مبردة ومجمدة (Raw meat Cold or chilled ),Raw meat Cold or chilled,لحوم نيئة مبردة ومجمدة (Raw meat Cold or chilled ),raw_meat,ملحمة عريت دمشق,ملحمة عريت دمشق,,ملحمة عريت دمشق,الشمال,بلدية,بلدية الشمال,True,False,لا يوجد,,0,,,False,none,,0,False
Data 2025.xlsx,7266,2025-06-08,2025-06,2025-W23,2,6,raw-0440-r01,Raw-0440-R01,لحم فخم غنم باكستاني مستورد,لحوم نيئة مبردة ومجمدة (Raw meat Cold or chilled ),Raw meat Cold or chilled,لحوم نيئة مبردة ومجمدة (Raw meat Cold or chilled ),raw_meat,ملحمة عريت دمشق,ملحمة عريت دمشق,,ملحمة عريت دمشق,الشمال,بلدية,بلدية الشمال,True,False,لا يوجد,,0,,,False,none,,0,False
Data 2025.xlsx,7267,2025-06-08,2025-06,2025-W23,2,6,raw-0441-r01,Raw-0441-R01,لحم فخذ تيس كيني,لحوم نيئة مبردة ومجمدة (Raw meat Cold or chilled ),Raw meat Cold or chilled,لحوم نيئة مبردة ومجمدة (Raw meat Cold or chilled ),raw_meat,ملحمة عريت دمشق,ملحمة عريت دمشق,,ملحمة عريت دمشق,الشمال,بلدية,بلدية الشمال,True,False,لا يوجد,,0,,,False,none,,0,False
Data 2025.xlsx,7268,2025-06-08,2025-06,2025-W23,2,6,raw-0442-r01,Raw-0442-R01,كبدة غنم,لحوم نيئة مبردة ومجمدة (Raw meat Cold or chilled ),Raw meat Cold or chilled,لحوم نيئة مبردة ومجمدة (Raw meat Cold or chilled ),raw_meat,ملحمة عريت دمشق,ملحمة عريت دمشق,,ملحمة عريت دمشق,الشمال,بلدية,بلدية الشمال,True,False,لا يوجد,,0,,,False,none,,0,False
Data 2025.xlsx,8299,2025-06-09,2025-06,2025-W24,2,0,1-3443-R01,1-3443-R01,فريكة (رز),الارز ( rice),rice,الارز ( rice),prepared_meal,برو فيت,برو فيت,,برو فيت,العليا,بلدية,بلدية العليا,True,False,لا يوجد,,0,,,False,none,,9,True
Data 2025.xlsx,8300,2025-06-09,2025-06,2025-W24,2,0,1-3444-R01,1-3444-R01,رز مكسيكي,الارز ( rice),rice,الارز ( rice),prepared_meal,برو فيت,برو فيت,,برو فيت,العليا,بلدية,بلدية العليا,True,False,لا يوجد,,0,,,False,none,,9,True
Data 2025.xlsx,8301,2025-06-09,2025-06,2025-W24,2,0,1-3445-R01,1-3445-R01,رز برياني,الارز ( rice),rice,الارز ( rice),prepared_meal,برو فيت,برو فيت,,برو فيت,العليا,بلدية,بلدية العليا,True,False,لا يوجد,,0,,,False,none,,9,True
Data 2025.xlsx,8302,2025-06-09,2025-06,2025-W24,2,0,1-3446-R01,1-3446-R01,رز ابيض,الارز ( rice),rice,الارز ( rice),prepared_meal,برو فيت,برو فيت,,برو فيت,العليا,بلدية,بلدية العليا,True,False,لا يوجد,,0,,,False,none,,9,True
Data 2025.xlsx,8303,2025-06-09,2025-06,2025-W24,2,0,1-3447-R01,1-3447-R01,رز بني,الارز ( rice),rice,الارز ( rice),prepared_meal,برو فيت,برو فيت,,برو فيت,العليا,بلدية,بلدية العليا,True,False,لا يوجد,,0,,,False,none,,9,True
Data 2025.xlsx,8261,2025-06-09,2025-06,2025-W24,2,0,O-O-ro-0198-R01,O-O-ro-0198-R01,جرجير,الجرجير (rocket),rocket,الجرجير (rocket),produce,مطعم ريم الرياض,مطعم ريم الرياض,,مطعم ريم الرياض,العليا,بلدية,بلدية العليا,False,True,استافيلوكوكس اورياس | ايشيريشيا كولاي,استافيلوكوكس اورياس | ايشيريشيا كولاي,2,استافيلوكوكس اورياس | ايشيريشيا كولاي,,True,multi_pathogen,,2,True
Data 2025.xlsx,8268,2025-06-09,2025-06,2025-W24,2,0,OO-OSS-po-0442-R01,OO-OSS-po-0442-R01,بطاطس مقلي,البطاطس (potatoes),potatoes,البطاطس (potatoes),produce,مطعم ريم الرياض,مطعم ريم الرياض,,مطعم ريم الرياض,العليا,بلدية,بلدية العليا,False,True,العد الكلي للبكتيريا,العد الكلي للبكتيريا,1,,العد الكلي للبكتيريا,False,indicator_only,,9,True
Data 2025.xlsx,8296,2025-06-09,2025-06,2025-W24,2,0,OO-OSS-po-0443-R01,OO-OSS-po-0443-R01,بطاطس مشوي,البطاطس (potatoes),potatoes,البطاطس (potatoes),produce,برو فيت,برو فيت,,برو فيت,العليا,بلدية,بلدية العليا,True,False,لا يوجد,,0,,,False,none,,9,True
Data 2025.xlsx,8297,2025-06-09,2025-06,2025-W24,2,0,OO-OSS-po-0444-R01,OO-OSS-po-0444-R01,بطاطس بالخردل,البطاطس (potatoes),potatoes,البطاطس (potatoes),produce,برو فيت,برو فيت,,برو فيت,العليا,بلدية,بلدية العليا,True,False,لا يوجد,,0,,,False,none,,9,True
Data 2025.xlsx,8269,2025-06-09,2025-06,2025-W24,2,0,OU-pa-0262-R01,OU-pa-0262-R01,بقدونس قطع,البقدونس (parsley),parsley,البقدونس (parsley),produce,مطعم ريم الرياض,مطعم ريم الرياض,,مطعم ريم الرياض,العليا,بلدية,بلدية العليا,True,False,لا يوجد,,0,,,False,none,,9,True
Data 2025.xlsx,8265,2025-06-09,2025-06,2025-W24,2,0,appe-0594-r01,Appe-0594-R01,متبل,مقبلات (Appetizers),Appetizers,مقبلات (Appetizers),prepared_meal,مطعم ريم الرياض,مطعم ريم الرياض,,مطعم ريم الرياض,العليا,بلدية,بلدية العليا,False,True,العد الكلي للبكتيريا,العد الكلي للبكتيريا,1,,العد الكلي للبكتيريا,False,indicator_only,,6,True
Data 2025.xlsx,8280,2025-06-09,2025-06,2025-W24,2,0,appe-0595-r01,Appe-0595-R01,تبولة,مقبلات (Appetizers),Appetizers,مقبلات (Appetizers),prepared_meal,برو فيت,برو فيت,,برو فيت,العليا,بلدية,بلدية العليا,True,False,لا يوجد,,0,,,False,none,,6,True
Data 2025.xlsx,8273,2025-06-09,2025-06,2025-W24,2,0,cm-0124-r01,Cm-0124-R01,لحم مسلوق,اللحوم المطبوخة (Cooked meat),Cooked meat,اللحوم المطبوخة (Cooked meat),cooked_meat_poultry,برو فيت,برو فيت,,برو فيت,العليا,بلدية,بلدية العليا,False,True,العد الكلي للبكتيريا,العد الكلي للبكتيريا,1,,العد الكلي للبكتيريا,False,indicator_only,,2,True
Data 2025.xlsx,8274,2025-06-09,2025-06,2025-W24,2,0,cm-0125-r01,Cm-0125-R01,لحم سبايسي,اللحوم المطبوخة (Cooked meat),Cooked meat,اللحوم المطبوخة (Cooked meat),cooked_meat_poultry,برو فيت,برو فيت,,برو فيت,العليا,بلدية,بلدية العليا,True,False,لا يوجد,,0,,,False,none,,2,True
Data 2025.xlsx,8291,2025-06-09,2025-06,2025-W24,2,0,cm-0126-r01,Cm-0126-R01,كفتة لحم,اللحوم المطبوخة (Cooked meat),Cooked meat,اللحوم المطبوخة (Cooked meat),cooked_meat_poultry,برو فيت,برو فيت,,برو فيت,العليا,بلدية,بلدية العليا,True,False,لا يوجد,,0,,,False,none,,9,True
Data 2025.xlsx,8272,2025-06-09,2025-06,2025-W24,2,0,co-0598-r01,co-0598-R01,دجاج كرسبي,الدجاج المطبوخ (Cooked chicken),Cooked chicken,الدجاج المطبوخ (Cooked chicken),cooked_meat_poultry,برو فيت,برو فيت,,برو فيت,العليا,بلدية,بلدية العليا,False,True,العد الكلي للبكتيريا,العد الكلي للبكتيريا,1,,العد الكلي للبكتيريا,False,indicator_only,,1,False
Data 2025.xlsx,8286,2025-06-09,2025-06,2025-W24,2,0,co-0599-r01,co-0599-R01,دجاج بالاعشاب,الدجاج المطبوخ (Cooked chicken),Cooked chicken,الدجاج المطبوخ (Cooked chicken),cooked_meat_poultry,برو فيت,برو فيت,,برو فيت,العليا,بلدية,بلدية العليا,True,False,لا يوجد,,0,,,False,none,,9,True
Data 2025.xlsx,8287,2025-06-09,2025-06,2025-W24,2,0,co-0600-r01,co-0600-R01,دجاج مكسيكي,الدجاج المطبوخ (Cooked chicken),Cooked chicken,الدجاج المطبوخ (Cooked chicken),cooked_meat_poultry,برو فيت,برو فيت,,برو فيت,العليا,بلدية,بلدية العليا,True,False,لا يوجد,,0,,,False,none,,9,True
Data 2025.xlsx,8288,2025-06-09,2025-06,2025-W24,2,0,co-0601-r01,co-0601-R01,دجاج كريمة,الدجاج المطبوخ (Cooked chicken),Cooked chicken,الدجاج المطبوخ (Cooked chicken),cooked_meat_poultry,برو فيت,برو فيت,,برو فيت,العليا,بلدية,بلدية العليا,True,False,لا يوجد,,0,,,False,none,,9,True
Data 2025.xlsx,8289,2025-06-09,2025-06,2025-W24,2,0,co-0602-r01,co-0602-R01,دجاج بالسمسم,الدجاج المطبوخ (Cooked chicken),Cooked chicken,الدجاج المطبوخ (Cooked chicken),cooked_meat_poultry,برو فيت,برو فيت,,برو فيت,العليا,بلدية,بلدية العليا,True,False,لا يوجد,,0,,,False,none,,9,True
Data 2025.xlsx,8290,2025-06-09,2025-06,2025-W24,2,0,co-0603-r01,co-0603-R01,دجاج باربكيو,الدجاج المطبوخ (Cooked chicken),Cooked chicken,الدجاج المطبوخ (Cooked chicken),cooked_meat_poultry,برو فيت,برو فيت,,برو فيت,العليا,بلدية,بلدية العليا,True,False,لا يوجد,,0,,,False,none,,9,True
Data 2025.xlsx,8295,2025-06-09,2025-06,2025-W24,2,0,co-0604-r01,co-0604-R01,دجاج من سوريا,الدجاج المطبوخ (Cooked chicken),Cooked chicken,الدجاج المطبوخ (Cooked chicken),cooked_meat_poultry,برو فيت,برو فيت,,برو فيت,العليا,بلدية,بلدية العليا,True,False,لا يوجد,,0,,,False,none,,9,True
Data 2025.xlsx,8293,2025-06-09,2025-06,2025-W24,2,0,fis-0012-r01,fis-0012-R01,سلمون مشوي بالفرن,سمك مطبوخ,,سمك مطبوخ,cooked_meat_poultry,برو فيت,برو فيت,,برو فيت,العليا,بلدية,بلدية العليا,True,False,لا يوجد,,0,,,False,none,,9,True
Data 2025.xlsx,8294,2025-06-09,2025-06,2025-W24,2,0,fis-0013-r01,fis-0013-R01,سمك فيليه,سمك مطبوخ,,سمك مطبوخ,cooked_meat_poultry,برو فيت,برو فيت,,برو فيت,العليا,بلدية,بلدية العليا,True,False,لا يوجد,,0,,,False,none,,9,True
Data 2025.xlsx,8292,2025-06-09,2025-06,2025-W24,2,0,gcv-0256-r01,GCV-0256-R01,ملوخية,الخضار المشوية و المطبوخة,,الخضار المشوية و المطبوخة,cooked_meat_poultry,برو فيت,برو فيت,,برو فيت,العليا,بلدية,بلدية العليا,True,False,لا يوجد,,0,,,False,none,,9,True
Data 2025.xlsx,8298,2025-06-09,2025-06,2025-W24,2,0,gcv-0257-r01,GCV-0257-R01,مشكل خضار مشوي,الخضار المشوية و المطبوخة,,الخضار المشوية و المطبوخة,cooked_meat_poultry,برو فيت,برو فيت,,برو فيت,العليا,بلدية,بلدية العليا,True,False,لا يوجد,,0,,,False,none,,9,True
Data 2025.xlsx,8264,2025-06-09,2025-06,2025-W24,2,0,homo-0483-r01,homo-0483-R01,حمص,"الحمص Homous , Tzatziki and other dips","Homous , Tzatziki and other dips","الحمص Homous , Tzatziki and other dips",prepared_meal,مطعم ريم الرياض,مطعم ريم الرياض,,مطعم ريم الرياض,العليا,بلدية,بلدية العليا,False,True,العد الكلي للبكتيريا,العد الكلي للبكتيريا,1,,العد الكلي للبكتيريا,False,indicator_only,,5,True
Data 2025.xlsx,8260,2025-06-09,2025-06,2025-W24,2,0,hs-0364-r01,HS-0364-R01,شطة حارة,الشطة (Hot sauce),Hot sauce,الشطة (Hot sauce),sauce_condiment,مطعم ريم الرياض,مطعم ريم الرياض,,مطعم ريم الرياض,العليا,بلدية,بلدية العليا,False,True,العد الكلي للبكتيريا,العد الكلي للبكتيريا,1,,العد الكلي للبكتيريا,False,indicator_only,,1,False
Data 2025.xlsx,8285,2025-06-09,2025-06,2025-W24,2,0,po-0137-r01,po-0137-R01,دجاج سبايسي,الدجاج (Poultry),Poultry,الدجاج (Poultry),cooked_meat_poultry,برو فيت,برو فيت,,برو فيت,العليا,بلدية,بلدية العليا,False,True,العد الكلي للبكتيريا,العد الكلي للبكتيريا,1,,العد الكلي للبكتيريا,False,indicator_only,,9,True
Data 2025.xlsx,8266,2025-06-09,2025-06,2025-W24,2,0,pomin-0001-r01,pomin-0001-R01,كباب دجاج ني,دجاج ني مفروم مبرد / مجمد Raw minced (meat and poultry);chilled/frozen,meat and poultry,دجاج ني مفروم مبرد / مجمد Raw minced (meat and poultry);chilled/frozen,raw_meat,مطعم ريم الرياض,مطعم ريم الرياض,,مطعم ريم الرياض,العليا,بلدية,بلدية العليا,False,True,العد الكلي للبكتيريا,العد الكلي للبكتيريا,1,,العد الكلي للبكتيريا,False,indicator_only,,7,True
Data 2025.xlsx,8267,2025-06-09,2025-06,2025-W24,2,0,raw-0508-r01,Raw-0508-R01,كباب لحم ني,لحوم نيئة مبردة ومجمدة (Raw meat Cold or chilled ),Raw meat Cold or chilled,لحوم نيئة مبردة ومجمدة (Raw meat Cold or chilled ),raw_meat,مطعم ريم الرياض,مطعم ريم الرياض,,مطعم ريم الرياض,العليا,بلدية,بلدية العليا,False,True,استافيلوكوكس اورياس,استافيلوكوكس اورياس,1,استافيلوكوكس اورياس,,True,pathogen,,8,True
Data 2025.xlsx,8262,2025-06-09,2025-06,2025-W24,2,0,sal-1608-r01,Sal-1608-R01,سلطة ملفوف,السلطة(Salad),Salad,السلطة(Salad),produce,مطعم ريم الرياض,مطعم ريم الرياض,,مطعم ريم الرياض,العليا,بلدية,بلدية العليا,False,True,استافيلوكوكس اورياس,استافيلوكوكس اورياس,1,استافيلوكوكس اورياس,,True,pathogen,,3,True
Data 2025.xlsx,8276,2025-06-09,2025-06,2025-W24,2,0,sal-1609-r01,Sal-1609-R01,سلطة شمندر,السلطة(Salad),Salad,السلطة(Salad),produce,برو فيت,برو فيت,,برو فيت,العليا,بلدية,بلدية العليا,False,True,استافيلوكوكس اورياس,استافيلوكوكس اورياس,1,استافيلوكوكس اورياس,,True,pathogen,,3,True
Data 2025.xlsx,8277,2025-06-09,2025-06,2025-W24,2,0,sal-1610-r01,Sal-1610-R01,سلطة خضراء,السلطة(Salad),Salad,السلطة(Salad),produce,برو فيت,برو فيت,,برو فيت,العليا,بلدية,بلدية العليا,False,True,استافيلوكوكس اورياس | ايشيريشيا كولاي,استافيلوكوكس اورياس | ايشيريشيا كولاي,2,استافيلوكوكس اورياس | ايشيريشيا كولاي,,True,multi_pathogen,,4,True
Data 2025.xlsx,8278,2025-06-09,2025-06,2025-W24,2,0,sal-1611-r01,Sal-1611-R01,سلطة جرجير,السلطة(Salad),Salad,السلطة(Salad),produce,برو فيت,برو فيت,,برو فيت,العليا,بلدية,بلدية العليا,False,True,استافيلوكوكس اورياس,استافيلوكوكس اورياس,1,استافيلوكوكس اورياس,,True,pathogen,,5,True
Data 2025.xlsx,8279,2025-06-09,2025-06,2025-W24,2,0,sal-1612-r01,Sal-1612-R01,سلطة تونة,السلطة(Salad),Salad,السلطة(Salad),produce,برو فيت,برو فيت,,برو فيت,العليا,بلدية,بلدية العليا,False,True,ايشيريشيا كولاي,ايشيريشيا كولاي,1,ايشيريشيا كولاي,,True,pathogen,,6,True
Data 2025.xlsx,8281,2025-06-09,2025-06,2025-W24,2,0,sal-1613-r01,Sal-1613-R01,سلطة فواكه كيتو,السلطة(Salad),Salad,السلطة(Salad),produce,برو فيت,برو فيت,,برو فيت,العليا,بلدية,بلدية العليا,True,False,لا يوجد,,0,,,False,none,,6,True
Data 2025.xlsx,8282,2025-06-09,2025-06,2025-W24,2,0,sal-1614-r01,Sal-1614-R01,سلطة خضراء,السلطة(Salad),Salad,السلطة(Salad),produce,برو فيت,برو فيت,,برو فيت,العليا,بلدية,بلدية العليا,True,False,لا يوجد,,0,,,False,none,,6,True
Data 2025.xlsx,8283,2025-06-09,2025-06,2025-W24,2,0,sal-1615-r01,Sal-1615-R01,سلطة كينوا,السلطة(Salad),Salad,السلطة(Salad),produce,برو فيت,برو فيت,,برو فيت,العليا,بلدية,بلدية العليا,False,True,استافيلوكوكس اورياس,استافيلوكوكس اورياس,1,استافيلوكوكس اورياس,,True,pathogen,,7,True
Data 2025.xlsx,8284,2025-06-09,2025-06,2025-W24,2,0,sal-1616-r01,Sal-1616-R01,سلطة خضراء كيتو,السلطة(Salad),Salad,السلطة(Salad),produce,برو فيت,برو فيت,,برو فيت,العليا,بلدية,بلدية العليا,False,True,استافيلوكوكس اورياس,استافيلوكوكس اورياس,1,استافيلوكوكس اورياس,,True,pathogen,,8,True
Data 2025.xlsx,8263,2025-06-09,2025-06,2025-W24,2,0,sau-2322-r01,sau-2322-R01,صوص ثوم,صوص (sauce),sauce,صوص (sauce),sauce_condiment,مطعم ريم الرياض,مطعم ريم الرياض,,مطعم ريم الرياض,العليا,بلدية,بلدية العليا,False,True,العد الكلي للبكتيريا,العد الكلي للبكتيريا,1,,العد الكلي للبكتيريا,False,indicator_only,,4,True
Data 2025.xlsx,8304,2025-06-09,2025-06,2025-W24,2,0,sau-2323-r01,sau-2323-R01,صوص رانش,صوص (sauce),sauce,صوص (sauce),sauce_condiment,برو فيت,برو فيت,,برو فيت,العليا,بلدية,بلدية العليا,False,True,العد الكلي للبكتيريا,العد الكلي للبكتيريا,1,,العد الكلي للبكتيريا,False,indicator_only,,10,True
Data 2025.xlsx,8305,2025-06-09,2025-06,2025-W24,2,0,sau-2324-r01,sau-2324-R01,دبس رمان,صوص (sauce),sauce,صوص (sauce),sauce_condiment,برو فيت,برو فيت,,برو فيت,العليا,بلدية,بلدية العليا,True,False,لا يوجد,,0,,,False,none,,10,True
Data 2025.xlsx,8306,2025-06-09,2025-06,2025-W24,2,0,sau-2325-r01,sau-2325-R01,صوص كوكتيل,صوص (sauce),sauce,صوص (sauce),sauce_condiment,برو فيت,برو فيت,,برو فيت,العليا,بلدية,بلدية العليا,True,False,لا يوجد,,0,,,False,none,,10,True
Data 2025.xlsx,8307,2025-06-09,2025-06,2025-W24,2,0,sau-2326-r01,sau-2326-R01,صوص ليمون,صوص (sauce),sauce,صوص (sauce),sauce_condiment,برو فيت,برو فيت,,برو فيت,العليا,بلدية,بلدية العليا,True,False,لا يوجد,,0,,,False,none,,10,True
Data 2025.xlsx,8308,2025-06-09,2025-06,2025-W24,2,0,sau-2327-r01,sau-2327-R01,صوص سبايسي,صوص (sauce),sauce,صوص (sauce),sauce_condiment,برو فيت,برو فيت,,برو فيت,العليا,بلدية,بلدية العليا,True,False,لا يوجد,,0,,,False,none,,10,True
Data 2025.xlsx,8309,2025-06-09,2025-06,2025-W24,2,0,sau-2328-r01,sau-2328-R01,صوص كينوا,صوص (sauce),sauce,صوص (sauce),sauce_condiment,برو فيت,برو فيت,,برو فيت,العليا,بلدية,بلدية العليا,True,False,لا يوجد,,0,,,False,none,,10,True
Data 2025.xlsx,8310,2025-06-09,2025-06,2025-W24,2,0,sau-2329-r01,sau-2329-R01,صوص سلطة كيتو,صوص (sauce),sauce,صوص (sauce),sauce_condiment,برو فيت,برو فيت,,برو فيت,العليا,بلدية,بلدية العليا,True,False,لا يوجد,,0,,,False,none,,10,True
Data 2025.xlsx,8311,2025-06-09,2025-06,2025-W24,2,0,sau-2330-r01,sau-2330-R01,صوص مكسيكي,صوص (sauce),sauce,صوص (sauce),sauce_condiment,برو فيت,برو فيت,,برو فيت,العليا,بلدية,بلدية العليا,False,True,العد الكلي للبكتيريا,العد الكلي للبكتيريا,1,,العد الكلي للبكتيريا,False,indicator_only,,11,True
Data 2025.xlsx,8312,2025-06-09,2025-06,2025-W24,2,0,sau-2331-r01,sau-2331-R01,صوص كاتشب,صوص (sauce),sauce,صوص (sauce),sauce_condiment,برو فيت,برو فيت,,برو فيت,العليا,بلدية,بلدية العليا,True,False,لا يوجد,,0,,,False,none,,11,True
Data 2025.xlsx,8313,2025-06-09,2025-06,2025-W24,2,0,sau-2332-r01,sau-2332-R01,صوص حار حلو,صوص (sauce),sauce,صوص (sauce),sauce_condiment,برو فيت,برو فيت,,برو فيت,العليا,بلدية,بلدية العليا,True,False,لا يوجد,,0,,,False,none,,11,True
Data 2025.xlsx,8314,2025-06-09,2025-06,2025-W24,2,0,sau-2333-r01,sau-2333-R01,صوص باربيكو,صوص (sauce),sauce,صوص (sauce),sauce_condiment,برو فيت,برو فيت,,برو فيت,العليا,بلدية,بلدية العليا,False,True,العد الكلي للبكتيريا,العد الكلي للبكتيريا,1,,العد الكلي للبكتيريا,False,indicator_only,,12,True
Data 2025.xlsx,8315,2025-06-09,2025-06,2025-W24,2,0,sau-2334-r01,sau-2334-R01,صوص كبسة,صوص (sauce),sauce,صوص (sauce),sauce_condiment,برو فيت,برو فيت,,برو فيت,العليا,بلدية,بلدية العليا,True,False,لا يوجد,,0,,,False,none,,12,True
Data 2025.xlsx,8270,2025-06-09,2025-06,2025-W24,2,0,sw-3506-r01,sw-3506-R01,مسحة ادوات تحضير الدجاج,(Swabs) المسحات,Swabs,(Swabs) المسحات,swab,مطعم ريم الرياض,مطعم ريم الرياض,,مطعم ريم الرياض,العليا,بلدية,بلدية العليا,True,False,لا يوجد,,0,,,False,none,,9,True
Data 2025.xlsx,8271,2025-06-09,2025-06,2025-W24,2,0,sw-3507-r01,sw-3507-R01,مسحة ثلاجة السلطات,(Swabs) المسحات,Swabs,(Swabs) المسحات,swab,مطعم ريم الرياض,مطعم ريم الرياض,,مطعم ريم الرياض,العليا,بلدية,بلدية العليا,True,False,لا يوجد,,0,,,False,none,,9,True
Data 2025.xlsx,8275,2025-06-09,2025-06,2025-W24,2,0,sweet-1425-r01,sweet-1425-R01,بان كيك,الحلا(sweetness),sweetness,الحلا(sweetness),sweets_bakery,برو فيت,برو فيت,,برو فيت,العليا,بلدية,بلدية العليا,True,False,لا يوجد,,0,,,False,none,,2,True
Data 2025.xlsx,8316,2025-06-09,2025-06,2025-W24,2,0,ubot-1080-r01,Ubot-1080-R01,مياه فلتر لغسيل الدجاج,المياه الغير معبأة (Unbottled water),Unbottled water,المياه الغير المعبأة (Unbottled water),water,مطعم ريم الرياض,مطعم ريم الرياض,,مطعم ريم الرياض,العليا,بلدية,بلدية العليا,True,False,لا يوجد,,0,,,False,none,category_merged_to_canonical,9,True
Data 2025.xlsx,5134,2025-06-14,2025-06,2025-W24,2,5,1-3074-R01,1-3074-R01,قطع شمندر,شمندر(beet),beet,شمندر(beet),produce,كرزة - حي الوادي,كرزة,حي الوادي,كرزة - حي الوادي,الشمال,بلدية,بلدية الشمال,False,True,استافيلوكوكس اورياس,استافيلوكوكس اورياس,1,استافيلوكوكس اورياس,,True,pathogen,date_parsed_from_text,2,True
Data 2025.xlsx,5147,2025-06-14,2025-06,2025-W24,2,5,1-3075-R01,1-3075-R01,صلصة دجاج,صلصه(salsa),salsa,صلصه(salsa),sauce_condiment,كرزة - حي الوادي,كرزة,حي الوادي,كرزة - حي الوادي,الشمال,بلدية,بلدية الشمال,True,False,لا يوجد,,0,,,False,none,date_parsed_from_text,7,True
Data 2025.xlsx,5120,2025-06-14,2025-06,2025-W24,2,5,O-U-to-0628-R01,O-U-to-0628-R01,شرائح طماطم,الطماطم (Tomatoes),Tomatoes,الطماطم (Tomatoes),produce,ونديز - حي الملك فهد,ونديز,حي الملك فهد,ونديز - حي الملك فهد,العليا,بلدية,بلدية العليا,True,False,لا يوجد,,0,,,False,none,date_parsed_from_text,4,True
Data 2025.xlsx,5133,2025-06-14,2025-06,2025-W24,2,5,O-U-to-0629-R01,O-U-to-0629-R01,شرائح طماطم,الطماطم (Tomatoes),Tomatoes,الطماطم (Tomatoes),produce,كرزة - حي الوادي,كرزة,حي الوادي,كرزة - حي الوادي,الشمال,بلدية,بلدية الشمال,True,False,لا يوجد,,0,,,False,none,date_parsed_from_text,1,False
Data 2025.xlsx,5140,2025-06-14,2025-06,2025-W24,2,5,OOSS-eg-0346-R01,OOSS-eg-0346-R01,قطع باذنجان,الباذنجان (eggplant),eggplant,الباذنجان (eggplant),dairy,كرزة - حي الوادي,كرزة,حي الوادي,كرزة - حي الوادي,الشمال,بلدية,بلدية الشمال,True,False,لا يوجد,,0,,,False,none,date_parsed_from_text,4,True
Data 2025.xlsx,5129,2025-06-14,2025-06,2025-W24,2,5,appe-0481-r01,Appe-0481-R01,حمص,مقبلات (Appetizers),Appetizers,مقبلات (Appetizers),prepared_meal,كرزة - حي الوادي,كرزة,حي الوادي,كرزة - حي الوادي,الشمال,بلدية,بلدية الشمال,False,True,العد الكلي للبكتيريا,العد الكلي للبكتيريا,1,,العد الكلي للبكتيريا,False,indicator_only,date_parsed_from_text,1,False
Data 2025.xlsx,5145,2025-06-14,2025-06,2025-W24,2,5,appe-0482-r01,Appe-0482-R01,حمص شمندر,مقبلات (Appetizers),Appetizers,مقبلات (Appetizers),prepared_meal,كرزة - حي الوادي,كرزة,حي الوادي,كرزة - حي الوادي,الشمال,بلدية,بلدية الشمال,True,False,لا يوجد,,0,,,False,none,date_parsed_from_text,7,True
Data 2025.xlsx,5146,2025-06-14,2025-06,2025-W24,2,5,appe-0483-r01,Appe-0483-R01,متبل,مقبلات (Appetizers),Appetizers,مقبلات (Appetizers),prepared_meal,كرزة - حي الوادي,كرزة,حي الوادي,كرزة - حي الوادي,الشمال,بلدية,بلدية الشمال,True,False,لا يوجد,,0,,,False,none,date_parsed_from_text,7,True
Data 2025.xlsx,5117,2025-06-14,2025-06,2025-W24,2,5,chee-0750-r01,Chee-0750-R01,جبن شيدر مبشور,(cheese) جبنة,cheese,(cheese) جبنة,dairy,ونديز - حي الملك فهد,ونديز,حي الملك فهد,ونديز - حي الملك فهد,العليا,بلدية,بلدية العليا,True,False,لا يوجد,,0,,,False,none,date_parsed_from_text,4,True
Data 2025.xlsx,5122,2025-06-14,2025-06,2025-W24,2,5,chee-0751-r01,Chee-0751-R01,جبن سائل كرافت,(cheese) جبنة,cheese,(cheese) جبنة,dairy,ونديز - حي الملك فهد,ونديز,حي الملك فهد,ونديز - حي الملك فهد,العليا,بلدية,بلدية العليا,True,False,لا يوجد,,0,,,False,none,date_parsed_from_text,4,True
Data 2025.xlsx,5121,2025-06-14,2025-06,2025-W24,2,5,cm-0111-r01,Cm-0111-R01,تشيلي لحم,اللحوم المطبوخة (Cooked meat),Cooked meat,اللحوم المطبوخة (Cooked meat),cooked_meat_poultry,ونديز - حي الملك فهد,ونديز,حي الملك فهد,ونديز - حي الملك فهد,العليا,بلدية,بلدية العليا,True,False,لا يوجد,,0,,,False,none,date_parsed_from_text,4,True
Data 2025.xlsx,5139,2025-06-14,2025-06,2025-W24,2,5,gcv-0229-r01,GCV-0229-R01,بامية مطبوخ,الخضار المشوية و المطبوخة,,الخضار المشوية و المطبوخة,cooked_meat_poultry,كرزة - حي الوادي,كرزة,حي الوادي,كرزة - حي الوادي,الشمال,بلدية,بلدية الشمال,True,False,لا يوجد,,0,,,False,none,date_parsed_from_text,4,True
Data 2025.xlsx,5131,2025-06-14,2025-06,2025-W24,2,5,gr-0172-r01,gr-0172-R01,فتة ورق عنب,ورق عنب (Grape leaves),Grape leaves,ورق عنب (Grape leaves),produce,كرزة - حي الوادي,كرزة,حي الوادي,كرزة - حي الوادي,الشمال,بلدية,بلدية الشمال,True,False,لا يوجد,,0,,,False,none,date_parsed_from_text,1,False
Data 2025.xlsx,5123,2025-06-14,2025-06,2025-W24,2,5,icecrea-0120-r01,icecrea-0120-R01,ايس كريم شوكولاتة,(ice cream) ايسكريم,ice cream,(ice cream) ايسكريم,dairy,ونديز - حي الملك فهد,ونديز,حي الملك فهد,ونديز - حي الملك فهد,العليا,بلدية,بلدية العليا,False,True,ايشيريشيا كولاي,ايشيريشيا كولاي,1,ايشيريشيا كولاي,,True,pathogen,date_parsed_from_text,5,True
Data 2025.xlsx,5124,2025-06-14,2025-06,2025-W24,2,5,icecrea-0121-r01,icecrea-0121-R01,ايس كريم فانيلا,(ice cream) ايسكريم,ice cream,(ice cream) ايسكريم,dairy,ونديز - حي الملك فهد,ونديز,حي الملك فهد,ونديز - حي الملك فهد,العليا,بلدية,بلدية العليا,False,True,انتيروباكتريسي,انتيروباكتريسي,1,,انتيروباكتريسي,False,indicator_only,date_parsed_from_text,6,True
Data 2025.xlsx,5141,2025-06-14,2025-06,2025-W24,2,5,mango-0048-r01,Mango-0048-R01,قطع مانجا,المانجو (Mango),Mango,المانجو (Mango),produce,كرزة - حي الوادي,كرزة,حي الوادي,كرزة - حي الوادي,الشمال,بلدية,بلدية الشمال,False,True,ايشيريشيا كولاي,ايشيريشيا كولاي,1,ايشيريشيا كولاي,,True,pathogen,date_parsed_from_text,5,True
Data 2025.xlsx,5149,2025-06-14,2025-06,2025-W24,2,5,mola-0047-r01,mola-0047-R01,دبس رمان,( Molasses) دبس,Molasses,( Molasses) دبس,sauce_condiment,كرزة - حي الوادي,كرزة,حي الوادي,كرزة - حي الوادي,الشمال,بلدية,بلدية الشمال,True,False,لا يوجد,,0,,,False,none,date_parsed_from_text,7,True
Data 2025.xlsx,5119,2025-06-14,2025-06,2025-W24,2,5,pick-0432-r01,Pick-0432-R01,مخلل خيار,المخلل (Pickle),Pickle,المخلل (Pickle),sauce_condiment,ونديز - حي الملك فهد,ونديز,حي الملك فهد,ونديز - حي الملك فهد,العليا,بلدية,بلدية العليا,True,False,لا يوجد,,0,,,False,none,date_parsed_from_text,4,True
Data 2025.xlsx,5156,2025-06-14,2025-06,2025-W24,2,5,po-0119-r01,po-0119-R01,كباب دجاج ني,الدجاج (Poultry),Poultry,الدجاج (Poultry),cooked_meat_poultry,كرزة - حي الوادي,كرزة,حي الوادي,كرزة - حي الوادي,الشمال,بلدية,بلدية الشمال,False,True,السالمونيلا,السالمونيلا,1,السالمونيلا,,True,pathogen,date_parsed_from_text,13,True
Data 2025.xlsx,5111,2025-06-14,2025-06,2025-W24,2,5,raw-0236-r01,Raw-0236-R01,كبدة غنم استرالي,لحوم نيئة مبردة ومجمدة (Raw meat Cold or chilled ),Raw meat Cold or chilled,لحوم نيئة مبردة ومجمدة (Raw meat Cold or chilled ),raw_meat,ملحمة ريم العنزي,ملحمة ريم العنزي,,ملحمة ريم العنزي,الروضة,بلدية,بلدية الروضة,True,False,لا يوجد,,0,,,False,none,date_parsed_from_text,0,False
Data 2025.xlsx,5112,2025-06-14,2025-06,2025-W24,2,5,raw-0237-r01,Raw-0237-R01,لحم بقري هندي,لحوم نيئة مبردة ومجمدة (Raw meat Cold or chilled ),Raw meat Cold or chilled,لحوم نيئة مبردة ومجمدة (Raw meat Cold or chilled ),raw_meat,ملحمة ريم العنزي,ملحمة ريم العنزي,,ملحمة ريم العنزي,الروضة,بلدية,بلدية الروضة,True,False,لا يوجد,,0,,,False,none,date_parsed_from_text,0,False
Data 2025.xlsx,5113,2025-06-14,2025-06,2025-W24,2,5,raw-0238-r01,Raw-0238-R01,لحم تيس باكستاني,لحوم نيئة مبردة ومجمدة (Raw meat Cold or chilled ),Raw meat Cold or chilled,لحوم نيئة مبردة ومجمدة (Raw meat Cold or chilled ),raw_meat,ملحمة ريم العنزي,ملحمة ريم العنزي,,ملحمة ريم العنزي,الروضة,بلدية,بلدية الروضة,True,False,لا يوجد,,0,,,False,none,date_parsed_from_text,0,False
Data 2025.xlsx,5114,2025-06-14,2025-06,2025-W24,2,5,raw-0239-r01,Raw-0239-R01,لحم خاروف باكستاني,لحوم نيئة مبردة ومجمدة (Raw meat Cold or chilled ),Raw meat Cold or chilled,لحوم نيئة مبردة ومجمدة (Raw meat Cold or chilled ),raw_meat,ملحمة ريم العنزي,ملحمة ريم العنزي,,ملحمة ريم العنزي,الروضة,بلدية,بلدية الروضة,True,False,لا يوجد,,0,,,False,none,date_parsed_from_text,0,False
Data 2025.xlsx,5155,2025-06-14,2025-06,2025-W24,2,5,raw-0240-r01,Raw-0240-R01,كباب لحم ني,لحوم نيئة مبردة ومجمدة (Raw meat Cold or chilled ),Raw meat Cold or chilled,لحوم نيئة مبردة ومجمدة (Raw meat Cold or chilled ),raw_meat,كرزة - حي الوادي,كرزة,حي الوادي,كرزة - حي الوادي,الشمال,بلدية,بلدية الشمال,False,True,العد الكلي للبكتيريا | السالمونيلا,العد الكلي للبكتيريا | السالمونيلا,2,السالمونيلا,العد الكلي للبكتيريا,True,pathogen,date_parsed_from_text,12,True
Data 2025.xlsx,5132,2025-06-14,2025-06,2025-W24,2,5,sal-1383-r01,Sal-1383-R01,سلطة مكدوس,السلطة(Salad),Salad,السلطة(Salad),produce,كرزة - حي الوادي,كرزة,حي الوادي,كرزة - حي الوادي,الشمال,بلدية,بلدية الشمال,True,False,لا يوجد,,0,,,False,none,date_parsed_from_text,1,False
Data 2025.xlsx,5135,2025-06-14,2025-06,2025-W24,2,5,sal-1384-r01,Sal-1384-R01,سلطة برغل,السلطة(Salad),Salad,السلطة(Salad),produce,كرزة - حي الوادي,كرزة,حي الوادي,كرزة - حي الوادي,الشمال,بلدية,بلدية الشمال,False,True,ايشيريشيا كولاي | استافيلوكوكس اورياس,ايشيريشيا كولاي | استافيلوكوكس اورياس,2,ايشيريشيا كولاي | استافيلوكوكس اورياس,,True,multi_pathogen,date_parsed_from_text,3,True
Data 2025.xlsx,5136,2025-06-14,2025-06,2025-W24,2,5,sal-1385-r01,Sal-1385-R01,سلطة حمص حب,السلطة(Salad),Salad,السلطة(Salad),produce,كرزة - حي الوادي,كرزة,حي الوادي,كرزة - حي الوادي,الشمال,بلدية,بلدية الشمال,True,False,لا يوجد,,0,,,False,none,date_parsed_from_text,3,True
Data 2025.xlsx,5137,2025-06-14,2025-06,2025-W24,2,5,sal-1386-r01,Sal-1386-R01,سلطة شمندر بالليمون,السلطة(Salad),Salad,السلطة(Salad),produce,كرزة - حي الوادي,كرزة,حي الوادي,كرزة - حي الوادي,الشمال,بلدية,بلدية الشمال,True,False,لا يوجد,,0,,,False,none,date_parsed_from_text,3,True
Data 2025.xlsx,5138,2025-06-14,2025-06,2025-W24,2,5,sal-1387-r01,Sal-1387-R01,سلطة طماطم بالقدونس و الباذنجان,السلطة(Salad),Salad,السلطة(Salad),produce,كرزة - حي الوادي,كرزة,حي الوادي,كرزة - حي الوادي,الشمال,بلدية,بلدية الشمال,False,True,ايشيريشيا كولاي | استافيلوكوكس اورياس,ايشيريشيا كولاي | استافيلوكوكس اورياس,2,ايشيريشيا كولاي | استافيلوكوكس اورياس,,True,multi_pathogen,date_parsed_from_text,4,True
Data 2025.xlsx,5142,2025-06-14,2025-06,2025-W24,2,5,sal-1388-r01,Sal-1388-R01,سلطة كينوا,السلطة(Salad),Salad,السلطة(Salad),produce,كرزة - حي الوادي,كرزة,حي الوادي,كرزة - حي الوادي,الشمال,بلدية,بلدية الشمال,False,True,ايشيريشيا كولاي | استافيلوكوكس اورياس,ايشيريشيا كولاي | استافيلوكوكس اورياس,2,ايشيريشيا كولاي | استافيلوكوكس اورياس,,True,multi_pathogen,date_parsed_from_text,6,True
Data 2025.xlsx,5143,2025-06-14,2025-06,2025-W24,2,5,sal-1389-r01,Sal-1389-R01,سلطة جبن فيتا,السلطة(Salad),Salad,السلطة(Salad),produce,كرزة - حي الوادي,كرزة,حي الوادي,كرزة - حي الوادي,الشمال,بلدية,بلدية الشمال,False,True,استافيلوكوكس اورياس,استافيلوكوكس اورياس,1,استافيلوكوكس اورياس,,True,pathogen,date_parsed_from_text,7,True
Data 2025.xlsx,5148,2025-06-14,2025-06,2025-W24,2,5,sal-1390-r01,Sal-1390-R01,سلطة اتش (برغل + طماطم),السلطة(Salad),Salad,السلطة(Salad),produce,كرزة - حي الوادي,كرزة,حي الوادي,كرزة - حي الوادي,الشمال,بلدية,بلدية الشمال,True,False,لا يوجد,,0,,,False,none,date_parsed_from_text,7,True
Data 2025.xlsx,5115,2025-06-14,2025-06,2025-W24,2,5,sau-1819-r01,sau-1819-R01,صوص مايونيز,صوص (sauce),sauce,صوص (sauce),sauce_condiment,ونديز - حي الملك فهد,ونديز,حي الملك فهد,ونديز - حي الملك فهد,العليا,بلدية,بلدية العليا,True,False,لا يوجد,,0,,,False,none,date_parsed_from_text,4,True
Data 2025.xlsx,5116,2025-06-14,2025-06,2025-W24,2,5,sau-1820-r01,sau-1820-R01,صوص كاتشب,صوص (sauce),sauce,صوص (sauce),sauce_condiment,ونديز - حي الملك فهد,ونديز,حي الملك فهد,ونديز - حي الملك فهد,العليا,بلدية,بلدية العليا,True,False,لا يوجد,,0,,,False,none,date_parsed_from_text,4,True
Data 2025.xlsx,5118,2025-06-14,2025-06,2025-W24,2,5,sau-1821-r01,sau-1821-R01,صوص باربكيو,صوص (sauce),sauce,صوص (sauce),sauce_condiment,ونديز - حي الملك فهد,ونديز,حي الملك فهد,ونديز - حي الملك فهد,العليا,بلدية,بلدية العليا,True,False,لا يوجد,,0,,,False,none,date_parsed_from_text,4,True
Data 2025.xlsx,5144,2025-06-14,2025-06,2025-W24,2,5,sau-1822-r01,sau-1822-R01,صوص كينوا,صوص (sauce),sauce,صوص (sauce),sauce_condiment,كرزة - حي الوادي,كرزة,حي الوادي,كرزة - حي الوادي,الشمال,بلدية,بلدية الشمال,True,False,لا يوجد,,0,,,False,none,date_parsed_from_text,7,True
Data 2025.xlsx,5157,2025-06-14,2025-06,2025-W24,2,5,sau-1823-r01,sau-1823-R01,صوص ثوم,صوص (sauce),sauce,صوص (sauce),sauce_condiment,كرزة - حي الوادي,كرزة,حي الوادي,كرزة - حي الوادي,الشمال,بلدية,بلدية الشمال,False,True,العد الكلي للبكتيريا,العد الكلي للبكتيريا,1,,العد الكلي للبكتيريا,False,indicator_only,date_parsed_from_text,14,True
Data 2025.xlsx,5158,2025-06-14,2025-06,2025-W24,2,5,sau-1824-r01,sau-1824-R01,صوص مربى ورد,صوص (sauce),sauce,صوص (sauce),sauce_condiment,كرزة - حي الوادي,كرزة,حي الوادي,كرزة - حي الوادي,الشمال,بلدية,بلدية الشمال,True,False,لا يوجد,,0,,,False,none,date_parsed_from_text,14,True
Data 2025.xlsx,5159,2025-06-14,2025-06,2025-W24,2,5,sau-1825-r01,sau-1825-R01,صوص شوكولاتة,صوص (sauce),sauce,صوص (sauce),sauce_condiment,كرزة - حي الوادي,كرزة,حي الوادي,كرزة - حي الوادي,الشمال,بلدية,بلدية الشمال,False,True,العد الكلي للبكتيريا,العد الكلي للبكتيريا,1,,العد الكلي للبكتيريا,False,indicator_only,date_parsed_from_text,15,True
Data 2025.xlsx,5160,2025-06-14,2025-06,2025-W24,2,5,sau-1826-r01,sau-1826-R01,صوص كراميل,صوص (sauce),sauce,صوص (sauce),sauce_condiment,كرزة - حي الوادي,كرزة,حي الوادي,كرزة - حي الوادي,الشمال,بلدية,بلدية الشمال,True,False,لا يوجد,,0,,,False,none,date_parsed_from_text,15,True
Data 2025.xlsx,5125,2025-06-14,2025-06,2025-W24,2,5,sw-3147-r01,sw-3147-R01,مسحة حافظة بطاطس,(Swabs) المسحات,Swabs,(Swabs) المسحات,swab,ونديز - حي الملك فهد,ونديز,حي الملك فهد,ونديز - حي الملك فهد,العليا,بلدية,بلدية العليا,True,False,لا يوجد,,0,,,False,none,date_parsed_from_text,6,True
Data 2025.xlsx,5126,2025-06-14,2025-06,2025-W24,2,5,sw-3148-r01,sw-3148-R01,مسحة حافظة بطاطس,(Swabs) المسحات,Swabs,(Swabs) المسحات,swab,ونديز - حي الملك فهد,ونديز,حي الملك فهد,ونديز - حي الملك فهد,العليا,بلدية,بلدية العليا,True,False,لا يوجد,,0,,,False,none,date_parsed_from_text,6,True
Data 2025.xlsx,5127,2025-06-14,2025-06,2025-W24,2,5,sw-3149-r01,sw-3149-R01,مسحة ثلاجة ثلج,(Swabs) المسحات,Swabs,(Swabs) المسحات,swab,ونديز - حي الملك فهد,ونديز,حي الملك فهد,ونديز - حي الملك فهد,العليا,بلدية,بلدية العليا,True,False,لا يوجد,,0,,,False,none,date_parsed_from_text,6,True
Data 2025.xlsx,5128,2025-06-14,2025-06,2025-W24,2,5,sw-3150-r01,sw-3150-R01,مسحة صانعة ثلج,(Swabs) المسحات,Swabs,(Swabs) المسحات,swab,ونديز - حي الملك فهد,ونديز,حي الملك فهد,ونديز - حي الملك فهد,العليا,بلدية,بلدية العليا,True,False,لا يوجد,,0,,,False,none,date_parsed_from_text,6,True
Data 2025.xlsx,5150,2025-06-14,2025-06,2025-W24,2,5,sw-3151-r01,sw-3151-R01,مسحة طاولة خضار,(Swabs) المسحات,Swabs,(Swabs) المسحات,swab,كرزة - حي الوادي,كرزة,حي الوادي,كرزة - حي الوادي,الشمال,بلدية,بلدية الشمال,False,True,العد الكلي للبكتيريا | استافيلوكوكس اورياس,العد الكلي للبكتيريا | استافيلوكوكس اورياس,2,استافيلوكوكس اورياس,العد الكلي للبكتيريا,True,pathogen,date_parsed_from_text,8,True
Data 2025.xlsx,5151,2025-06-14,2025-06,2025-W24,2,5,sw-3152-r01,sw-3152-R01,مسحة طاولة خضار,(Swabs) المسحات,Swabs,(Swabs) المسحات,swab,كرزة - حي الوادي,كرزة,حي الوادي,كرزة - حي الوادي,الشمال,بلدية,بلدية الشمال,False,True,استافيلوكوكس اورياس,استافيلوكوكس اورياس,1,استافيلوكوكس اورياس,,True,pathogen,date_parsed_from_text,9,True
Data 2025.xlsx,5152,2025-06-14,2025-06,2025-W24,2,5,sw-3153-r01,sw-3153-R01,مسحة طاولة خضار,(Swabs) المسحات,Swabs,(Swabs) المسحات,swab,كرزة - حي الوادي,كرزة,حي الوادي,كرزة - حي الوادي,الشمال,بلدية,بلدية الشمال,False,True,العد الكلي للبكتيريا | استافيلوكوكس اورياس,العد الكلي للبكتيريا | استافيلوكوكس اورياس,2,استافيلوكوكس اورياس,العد الكلي للبكتيريا,True,pathogen,date_parsed_from_text,10,True
Data 2025.xlsx,5153,2025-06-14,2025-06,2025-W24,2,5,sw-3154-r01,sw-3154-R01,مسحة قطاعة طماطم,(Swabs) المسحات,Swabs,(Swabs) المسحات,swab,كرزة - حي الوادي,كرزة,حي الوادي,كرزة - حي الوادي,الشمال,بلدية,بلدية الشمال,True,False,لا يوجد,,0,,,False,none,date_parsed_from_text,10,True
Data 2025.xlsx,5154,2025-06-14,2025-06,2025-W24,2,5,sw-3155-r01,sw-3155-R01,مسحة يد,(Swabs) المسحات,Swabs,(Swabs) المسحات,swab,كرزة - حي الوادي,كرزة,حي الوادي,كرزة - حي الوادي,الشمال,بلدية,بلدية الشمال,False,True,العد الكلي للبكتيريا | استافيلوكوكس اورياس,العد الكلي للبكتيريا | استافيلوكوكس اورياس,2,استافيلوكوكس اورياس,العد الكلي للبكتيريا,True,pathogen,date_parsed_from_text,11,True
Data 2025.xlsx,5161,2025-06-14,2025-06,2025-W24,2,5,sweet-1124-r01,sweet-1124-R01,كب كيك مكس,الحلا(sweetness),sweetness,الحلا(sweetness),sweets_bakery,كرزة - حي الوادي,كرزة,حي الوادي,كرزة - حي الوادي,الشمال,بلدية,بلدية الشمال,True,False,لا يوجد,,0,,,False,none,date_parsed_from_text,15,True
Data 2025.xlsx,5162,2025-06-14,2025-06,2025-W24,2,5,ubot-0988-r01,Ubot-0988-R01,مياه حنفية لغسيل الادوات,المياه الغير معبأة (Unbottled water),Unbottled water,المياه الغير معبأة (Unbottled water),water,ملحمة ريم العنزي,ملحمة ريم العنزي,,ملحمة ريم العنزي,الروضة,بلدية,بلدية الروضة,True,False,لا يوجد,,0,,,False,none,date_parsed_from_text,0,False
Data 2025.xlsx,5130,2025-06-14,2025-06,2025-W24,2,5,yog-0006-r01,yog-0006-R01,زبادي (طراطور),اللبان (yogurt),yogurt,اللبان (yogurt),dairy,كرزة - حي الوادي,كرزة,حي الوادي,كرزة - حي الوادي,الشمال,بلدية,بلدية الشمال,True,False,لا يوجد,,0,,,False,none,date_parsed_from_text,1,False
Data 2025.xlsx,5163,2025-06-15,2025-06,2025-W24,2,6,1-3080-R01,1-3080-R01,محشي بصل,المحاشي (almahashi),almahashi,المحاشي (almahashi),other,دولمة عنب,دولمة عنب,,دولمة عنب,الروضة,بلدية,بلدية الروضة,True,False,لا يوجد,,0,,,False,none,date_parsed_from_text|sample_type_unbucketed,0,False
Data 2025.xlsx,5167,2025-06-15,2025-06,2025-W24,2,6,O-U-po-0200-R01,O-U-po-0200-R01,حب رمان,الرمان (pomegranate),pomegranate,الرمان (pomegranate),produce,دولمة عنب,دولمة عنب,,دولمة عنب,الروضة,بلدية,بلدية الروضة,True,False,لا يوجد,,0,,,False,none,date_parsed_from_text,0,False
Data 2025.xlsx,5178,2025-06-15,2025-06,2025-W24,2,6,O3O-sp-0033-R01,O3O-sp-0033-R01,سبانخ,السبانخ (spinach),spinach,السبانخ (spinach),produce,فرن الضيعة اليرموك,فرن الضيعة اليرموك,,فرن الضيعة اليرموك,الروضة,بلدية,بلدية الروضة,True,False,لا يوجد,,0,,,False,none,date_parsed_from_text,2,True
Data 2025.xlsx,5200,2025-06-15,2025-06,2025-W24,2,6,O3O-sp-0034-R01,O3O-sp-0034-R01,سبانخ,السبانخ (spinach),spinach,السبانخ (spinach),produce,مطعم شيز,مطعم شيز,,مطعم شيز,الروضة,بلدية,بلدية الروضة,True,False,لا يوجد,,0,,,False,none,date_parsed_from_text,1,False
Data 2025.xlsx,5169,2025-06-15,2025-06,2025-W24,2,6,OOu-on-0488-R01,OOu-on-0488-R01,بصل مقلي,البصل (onions),onions,البصل (onions),produce,دولمة عنب,دولمة عنب,,دولمة عنب,الروضة,بلدية,بلدية الروضة,True,False,لا يوجد,,0,,,False,none,date_parsed_from_text,0,False
Data 2025.xlsx,5164,2025-06-15,2025-06,2025-W24,2,6,UU-ca-0112-R01,UU-ca-0112-R01,ملفوف,الملفوف (cabbage),cabbage,الملفوف (cabbage),produce,دولمة عنب,دولمة عنب,,دولمة عنب,الروضة,بلدية,بلدية الروضة,True,False,لا يوجد,,0,,,False,none,date_parsed_from_text,0,False
Data 2025.xlsx,5168,2025-06-15,2025-06,2025-W24,2,6,UU-le-0428-R01,UU-le-0428-R01,قطع ليمون,الليمون (Lemons),Lemons,الليمون (Lemons),produce,دولمة عنب,دولمة عنب,,دولمة عنب,الروضة,بلدية,بلدية الروضة,True,False,لا يوجد,,0,,,False,none,date_parsed_from_text,0,False
Data 2025.xlsx,5176,2025-06-15,2025-06,2025-W24,2,6,appe-0484-r01,Appe-0484-R01,محمرة,مقبلات (Appetizers),Appetizers,مقبلات (Appetizers),prepared_meal,فرن الضيعة اليرموك,فرن الضيعة اليرموك,,فرن الضيعة اليرموك,الروضة,بلدية,بلدية الروضة,True,False,لا يوجد,,0,,,False,none,date_parsed_from_text,1,False
Data 2025.xlsx,5177,2025-06-15,2025-06,2025-W24,2,6,bri-0310-r01,bri-0310-R01,لبنة,لبنة ( brick),brick,لبنة ( brick),dairy,فرن الضيعة اليرموك,فرن الضيعة اليرموك,,فرن الضيعة اليرموك,الروضة,بلدية,بلدية الروضة,False,True,الخمائر والاعفان,الخمائر والاعفان,1,,الخمائر والاعفان,False,indicator_only,date_parsed_from_text,2,True
Data 2025.xlsx,5199,2025-06-15,2025-06,2025-W24,2,6,bri-0311-r01,bri-0311-R01,لبنة,لبنة ( brick),brick,لبنة ( brick),dairy,مطعم شيز,مطعم شيز,,مطعم شيز,الروضة,بلدية,بلدية الروضة,False,True,انتيروباكتريسي,انتيروباكتريسي,1,,انتيروباكتريسي,False,indicator_only,date_parsed_from_text,1,False
Data 2025.xlsx,5175,2025-06-15,2025-06,2025-W24,2,6,chee-0752-r01,Chee-0752-R01,جبنة عكاوي,(cheese) جبنة,cheese,(cheese) جبنة,dairy,فرن الضيعة اليرموك,فرن الضيعة اليرموك,,فرن الضيعة اليرموك,الروضة,بلدية,بلدية الروضة,False,True,انتيروباكتريسي | ايشيريشيا كولاي | استافيلوكوكس اورياس,انتيروباكتريسي | ايشيريشيا كولاي | استافيلوكوكس اورياس,3,ايشيريشيا كولاي | استافيلوكوكس اورياس,انتيروباكتريسي,True,multi_pathogen,date_parsed_from_text,1,False
Data 2025.xlsx,5202,2025-06-15,2025-06,2025-W24,2,6,chee-0753-r01,Chee-0753-R01,جبن عكاوي,(cheese) جبنة,cheese,(cheese) جبنة,dairy,مطعم شيز,مطعم شيز,,مطعم شيز,الروضة,بلدية,بلدية الروضة,True,False,لا يوجد,,0,,,False,none,date_parsed_from_text,1,False
Data 2025.xlsx,5201,2025-06-15,2025-06,2025-W24,2,6,co-0528-r01,co-0528-R01,قطع دجاج مطبوخ,الدجاج المطبوخ (Cooked chicken),Cooked chicken,الدجاج المطبوخ (Cooked chicken),cooked_meat_poultry,مطعم شيز,مطعم شيز,,مطعم شيز,الروضة,بلدية,بلدية الروضة,True,False,لا يوجد,,0,,,False,none,date_parsed_from_text,1,False
Data 2025.xlsx,5165,2025-06-15,2025-06,2025-W24,2,6,gr-0173-r01,gr-0173-R01,ورق عنب سبايسي,ورق عنب (Grape leaves),Grape leaves,ورق عنب (Grape leaves),produce,دولمة عنب,دولمة عنب,,دولمة عنب,الروضة,بلدية,بلدية الروضة,True,False,لا يوجد,,0,,,False,none,date_parsed_from_text,0,False
Data 2025.xlsx,5166,2025-06-15,2025-06,2025-W24,2,6,gr-0174-r01,gr-0174-R01,ورف عنب عادي,ورق عنب (Grape leaves),Grape leaves,ورق عنب (Grape leaves),produce,دولمة عنب,دولمة عنب,,دولمة عنب,الروضة,بلدية,بلدية الروضة,True,False,لا يوجد,,0,,,False,none,date_parsed_from_text,0,False
Data 2025.xlsx,5203,2025-06-15,2025-06,2025-W24,2,6,gr-0175-r01,gr-0175-R01,ورق عنب,ورق عنب (Grape leaves),Grape leaves,ورق عنب (Grape leaves),produce,مطعم شيز,مطعم شيز,,مطعم شيز,الروضة,بلدية,بلدية الروضة,False,True,العد الكلي للبكتيريا,العد الكلي للبكتيريا,1,,العد الكلي للبكتيريا,False,indicator_only,date_parsed_from_text,2,True
Data 2025.xlsx,5209,2025-06-15,2025-06,2025-W24,2,6,gr-0176-r01,gr-0176-R01,ورق عنب عادي,ورق عنب (Grape leaves),Grape leaves,ورق عنب (Grape leaves),produce,حلويات تاوة اليرموك,حلويات تاوة اليرموك,,حلويات تاوة اليرموك,الروضة,بلدية,بلدية الروضة,True,False,لا يوجد,,0,,,False,none,date_parsed_from_text,0,False
Data 2025.xlsx,5170,2025-06-15,2025-06,2025-W24,2,6,ho-0232-r01,ho-0232-R01,عسل,(Honey) عسل النحل,Honey,(Honey) عسل النحل,sweets_bakery,دولمة عنب,دولمة عنب,,دولمة عنب,الروضة,بلدية,بلدية الروضة,True,False,لا يوجد,,0,,,False,none,date_parsed_from_text,0,False
Data 2025.xlsx,5184,2025-06-15,2025-06,2025-W24,2,6,ho-0233-r01,ho-0233-R01,عسل,(Honey) عسل النحل,Honey,(Honey) عسل النحل,sweets_bakery,فرن الضيعة اليرموك,فرن الضيعة اليرموك,,فرن الضيعة اليرموك,الروضة,بلدية,بلدية الروضة,True,False,لا يوجد,,0,,,False,none,date_parsed_from_text,4,True
Data 2025.xlsx,5197,2025-06-15,2025-06,2025-W24,2,6,ho-0234-r01,ho-0234-R01,عسل,(Honey) عسل النحل,Honey,(Honey) عسل النحل,sweets_bakery,مطعم شيز,مطعم شيز,,مطعم شيز,الروضة,بلدية,بلدية الروضة,True,False,لا يوجد,,0,,,False,none,date_parsed_from_text,0,False
Data 2025.xlsx,5174,2025-06-15,2025-06,2025-W24,2,6,olv-0475-r01,olv-0475-R01,زيتون اسود شرائح,الزيتون /Olive,Olive,الزيتون /Olive,produce,فرن الضيعة اليرموك,فرن الضيعة اليرموك,,فرن الضيعة اليرموك,الروضة,بلدية,بلدية الروضة,True,False,لا يوجد,,0,,,False,none,date_parsed_from_text,0,False
Data 2025.xlsx,5171,2025-06-15,2025-06,2025-W24,2,6,sau-1827-r01,sau-1827-R01,صوص كراميل,صوص (sauce),sauce,صوص (sauce),sauce_condiment,دولمة عنب,دولمة عنب,,دولمة عنب,الروضة,بلدية,بلدية الروضة,True,False,لا يوجد,,0,,,False,none,date_parsed_from_text,0,False
Data 2025.xlsx,5172,2025-06-15,2025-06,2025-W24,2,6,sau-1828-r01,sau-1828-R01,صوص نستلة,صوص (sauce),sauce,صوص (sauce),sauce_condiment,دولمة عنب,دولمة عنب,,دولمة عنب,الروضة,بلدية,بلدية الروضة,False,True,العد الكلي للبكتيريا,العد الكلي للبكتيريا,1,,العد الكلي للبكتيريا,False,indicator_only,date_parsed_from_text,1,False
Data 2025.xlsx,5173,2025-06-15,2025-06,2025-W24,2,6,sau-1829-r01,sau-1829-R01,صوص شيرة,صوص (sauce),sauce,صوص (sauce),sauce_condiment,دولمة عنب,دولمة عنب,,دولمة عنب,الروضة,بلدية,بلدية الروضة,True,False,لا يوجد,,0,,,False,none,date_parsed_from_text,1,False
Data 2025.xlsx,5179,2025-06-15,2025-06,2025-W24,2,6,sau-1830-r01,sau-1830-R01,صوص مكسيكن مايو,صوص (sauce),sauce,صوص (sauce),sauce_condiment,فرن الضيعة اليرموك,فرن الضيعة اليرموك,,فرن الضيعة اليرموك,الروضة,بلدية,بلدية الروضة,True,False,لا يوجد,,0,,,False,none,date_parsed_from_text,2,True
Data 2025.xlsx,5180,2025-06-15,2025-06,2025-W24,2,6,sau-1831-r01,sau-1831-R01,صوص ثوم حار,صوص (sauce),sauce,صوص (sauce),sauce_condiment,فرن الضيعة اليرموك,فرن الضيعة اليرموك,,فرن الضيعة اليرموك,الروضة,بلدية,بلدية الروضة,True,False,لا يوجد,,0,,,False,none,date_parsed_from_text,2,True
Data 2025.xlsx,5181,2025-06-15,2025-06,2025-W24,2,6,sau-1832-r01,sau-1832-R01,صوص رانش,صوص (sauce),sauce,صوص (sauce),sauce_condiment,فرن الضيعة اليرموك,فرن الضيعة اليرموك,,فرن الضيعة اليرموك,الروضة,بلدية,بلدية الروضة,False,True,العد الكلي للبكتيريا | الخمائر والاعفان,العد الكلي للبكتيريا | الخمائر والاعفان,2,,العد الكلي للبكتيريا | الخمائر والاعفان,False,indicator_only,date_parsed_from_text,3,True
Data 2025.xlsx,5182,2025-06-15,2025-06,2025-W24,2,6,sau-1833-r01,sau-1833-R01,صوص تشيلي,صوص (sauce),sauce,صوص (sauce),sauce_condiment,فرن الضيعة اليرموك,فرن الضيعة اليرموك,,فرن الضيعة اليرموك,الروضة,بلدية,بلدية الروضة,False,True,العد الكلي للبكتيريا,العد الكلي للبكتيريا,1,,العد الكلي للبكتيريا,False,indicator_only,date_parsed_from_text,4,True
Data 2025.xlsx,5183,2025-06-15,2025-06,2025-W24,2,6,sau-1834-r01,sau-1834-R01,صوص تشيلي مايو,صوص (sauce),sauce,صوص (sauce),sauce_condiment,فرن الضيعة اليرموك,فرن الضيعة اليرموك,,فرن الضيعة اليرموك,الروضة,بلدية,بلدية الروضة,True,False,لا يوجد,,0,,,False,none,date_parsed_from_text,4,True
Data 2025.xlsx,5194,2025-06-15,2025-06,2025-W24,2,6,sau-1835-r01,sau-1835-R01,صوص باربكيو,صوص (sauce),sauce,صوص (sauce),sauce_condiment,مطعم شيز,مطعم شيز,,مطعم شيز,الروضة,بلدية,بلدية الروضة,True,False,لا يوجد,,0,,,False,none,date_parsed_from_text,0,False
Data 2025.xlsx,5195,2025-06-15,2025-06,2025-W24,2,6,sau-1836-r01,sau-1836-R01,صوص دانش,صوص (sauce),sauce,صوص (sauce),sauce_condiment,مطعم شيز,مطعم شيز,,مطعم شيز,الروضة,بلدية,بلدية الروضة,True,False,لا يوجد,,0,,,False,none,date_parsed_from_text,0,False
Data 2025.xlsx,5196,2025-06-15,2025-06,2025-W24,2,6,sau-1837-r01,sau-1837-R01,صويا صوص,صوص (sauce),sauce,صوص (sauce),sauce_condiment,مطعم شيز,مطعم شيز,,مطعم شيز,الروضة,بلدية,بلدية الروضة,True,False,لا يوجد,,0,,,False,none,date_parsed_from_text,0,False
Data 2025.xlsx,5198,2025-06-15,2025-06,2025-W24,2,6,sau-1838-r01,sau-1838-R01,صوص سافري,صوص (sauce),sauce,صوص (sauce),sauce_condiment,مطعم شيز,مطعم شيز,,مطعم شيز,الروضة,بلدية,بلدية الروضة,True,False,لا يوجد,,0,,,False,none,date_parsed_from_text,0,False
Data 2025.xlsx,5185,2025-06-15,2025-06,2025-W24,2,6,sw-3156-r01,sw-3156-R01,مسحة ثلاجة اعداد,(Swabs) المسحات,Swabs,(Swabs) المسحات,swab,فرن الضيعة اليرموك,فرن الضيعة اليرموك,,فرن الضيعة اليرموك,الروضة,بلدية,بلدية الروضة,True,False,لا يوجد,,0,,,False,none,date_parsed_from_text,4,True
Data 2025.xlsx,5186,2025-06-15,2025-06,2025-W24,2,6,sw-3157-r01,sw-3157-R01,مسحة ثلاجة اعداد,(Swabs) المسحات,Swabs,(Swabs) المسحات,swab,فرن الضيعة اليرموك,فرن الضيعة اليرموك,,فرن الضيعة اليرموك,الروضة,بلدية,بلدية الروضة,True,False,لا يوجد,,0,,,False,none,date_parsed_from_text,4,True
Data 2025.xlsx,5192,2025-06-15,2025-06,2025-W24,2,6,sw-3158-r01,sw-3158-R01,مسحة ثلاجة,(Swabs) المسحات,Swabs,(Swabs) المسحات,swab,مخابز منش,مخابز منش,,مخابز منش,الروضة,بلدية,بلدية الروضة,True,False,لا يوجد,,0,,,False,none,date_parsed_from_text,0,False
Data 2025.xlsx,5193,2025-06-15,2025-06,2025-W24,2,6,sw-3159-r01,sw-3159-R01,مسحة ثلاجة,(Swabs) المسحات,Swabs,(Swabs) المسحات,swab,مخابز منش,مخابز منش,,مخابز منش,الروضة,بلدية,بلدية الروضة,True,False,لا يوجد,,0,,,False,none,date_parsed_from_text,0,False
Data 2025.xlsx,5204,2025-06-15,2025-06,2025-W24,2,6,sw-3160-r01,sw-3160-R01,مسحة ثلاجة اعداد,(Swabs) المسحات,Swabs,(Swabs) المسحات,swab,مطعم شيز,مطعم شيز,,مطعم شيز,الروضة,بلدية,بلدية الروضة,True,False,لا يوجد,,0,,,False,none,date_parsed_from_text,2,True
Data 2025.xlsx,5205,2025-06-15,2025-06,2025-W24,2,6,sw-3161-r01,sw-3161-R01,مسحة ثلاجة اعداد,(Swabs) المسحات,Swabs,(Swabs) المسحات,swab,مطعم شيز,مطعم شيز,,مطعم شيز,الروضة,بلدية,بلدية الروضة,True,False,لا يوجد,,0,,,False,none,date_parsed_from_text,2,True
Data 2025.xlsx,5210,2025-06-15,2025-06,2025-W24,2,6,sw-3162-r01,sw-3162-R01,مسحة ثلاجة كيك,(Swabs) المسحات,Swabs,(Swabs) المسحات,swab,حلويات تاوة اليرموك,حلويات تاوة اليرموك,,حلويات تاوة اليرموك,الروضة,بلدية,بلدية الروضة,True,False,لا يوجد,,0,,,False,none,date_parsed_from_text,0,False
Data 2025.xlsx,5211,2025-06-15,2025-06,2025-W24,2,6,sw-3163-r01,sw-3163-R01,مسحة ثلاجة كيك,(Swabs) المسحات,Swabs,(Swabs) المسحات,swab,حلويات تاوة اليرموك,حلويات تاوة اليرموك,,حلويات تاوة اليرموك,الروضة,بلدية,بلدية الروضة,True,False,لا يوجد,,0,,,False,none,date_parsed_from_text,0,False
Data 2025.xlsx,5212,2025-06-15,2025-06,2025-W24,2,6,sw-3164-r01,sw-3164-R01,مسحة ثلاجة كيك,(Swabs) المسحات,Swabs,(Swabs) المسحات,swab,حلويات تاوة اليرموك,حلويات تاوة اليرموك,,حلويات تاوة اليرموك,الروضة,بلدية,بلدية الروضة,True,False,لا يوجد,,0,,,False,none,date_parsed_from_text,0,False
Data 2025.xlsx,5187,2025-06-15,2025-06,2025-W24,2,6,sweet-1125-r01,sweet-1125-R01,شوكولاتة جار كيك,الحلا(sweetness),sweetness,الحلا(sweetness),sweets_bakery,مخابز منش,مخابز منش,,مخابز منش,الروضة,بلدية,بلدية الروضة,True,False,لا يوجد,,0,,,False,none,date_parsed_from_text,0,False
Data 2025.xlsx,5188,2025-06-15,2025-06,2025-W24,2,6,sweet-1126-r01,sweet-1126-R01,رد فلفت جار كيك,الحلا(sweetness),sweetness,الحلا(sweetness),sweets_bakery,مخابز منش,مخابز منش,,مخابز منش,الروضة,بلدية,بلدية الروضة,True,False,لا يوجد,,0,,,False,none,date_parsed_from_text,0,False
Data 2025.xlsx,5189,2025-06-15,2025-06,2025-W24,2,6,sweet-1127-r01,sweet-1127-R01,دريم بوش اب,الحلا(sweetness),sweetness,الحلا(sweetness),sweets_bakery,مخابز منش,مخابز منش,,مخابز منش,الروضة,بلدية,بلدية الروضة,True,False,لا يوجد,,0,,,False,none,date_parsed_from_text,0,False
Data 2025.xlsx,5190,2025-06-15,2025-06,2025-W24,2,6,sweet-1128-r01,sweet-1128-R01,بيريل فلفت كب كيك,الحلا(sweetness),sweetness,الحلا(sweetness),sweets_bakery,مخابز منش,مخابز منش,,مخابز منش,الروضة,بلدية,بلدية الروضة,True,False,لا يوجد,,0,,,False,none,date_parsed_from_text,0,False
Data 2025.xlsx,5191,2025-06-15,2025-06,2025-W24,2,6,sweet-1129-r01,sweet-1129-R01,ميني كب كيك فراولة,الحلا(sweetness),sweetness,الحلا(sweetness),sweets_bakery,مخابز منش,مخابز منش,,مخابز منش,الروضة,بلدية,بلدية الروضة,True,False,لا يوجد,,0,,,False,none,date_parsed_from_text,0,False
Data 2025.xlsx,5206,2025-06-15,2025-06,2025-W24,2,6,sweet-1130-r01,sweet-1130-R01,حلا كرانشي,الحلا(sweetness),sweetness,الحلا(sweetness),sweets_bakery,حلويات تاوة اليرموك,حلويات تاوة اليرموك,,حلويات تاوة اليرموك,الروضة,بلدية,بلدية الروضة,True,False,لا يوجد,,0,,,False,none,date_parsed_from_text,0,False
Data 2025.xlsx,5207,2025-06-15,2025-06,2025-W24,2,6,sweet-1131-r01,sweet-1131-R01,حلا شوكولاتة بسكوت,الحلا(sweetness),sweetness,الحلا(sweetness),sweets_bakery,حلويات تاوة اليرموك,حلويات تاوة اليرموك,,حلويات تاوة اليرموك,الروضة,بلدية,بلدية الروضة,True,False,لا يوجد,,0,,,False,none,date_parsed_from_text,0,False
Data 2025.xlsx,5208,2025-06-15,2025-06,2025-W24,2,6,sweet-1132-r01,sweet-1132-R01,حلا مشكل (حلاوة),الحلا(sweetness),sweetness,الحلا(sweetness),sweets_bakery,حلويات تاوة اليرموك,حلويات تاوة اليرموك,,حلويات تاوة اليرموك,الروضة,بلدية,بلدية الروضة,True,False,لا يوجد,,0,,,False,none,date_parsed_from_text,0,False
Data 2025.xlsx,5213,2025-06-15,2025-06,2025-W24,2,6,sweet-1133-r01,sweet-1133-R01,حلا شوكولاتة بالقهوة,الحلا(sweetness),sweetness,الحلا(sweetness),sweets_bakery,كارمية للحلويات,كارمية للحلويات,,كارمية للحلويات,الروضة,بلدية,بلدية الروضة,True,False,لا يوجد,,0,,,False,none,date_parsed_from_text,0,False
Data 2025.xlsx,5214,2025-06-15,2025-06,2025-W24,2,6,sweet-1134-r01,sweet-1134-R01,حلا جنروية,الحلا(sweetness),sweetness,الحلا(sweetness),sweets_bakery,كارمية للحلويات,كارمية للحلويات,,كارمية للحلويات,الروضة,بلدية,بلدية الروضة,True,False,لا يوجد,,0,,,False,none,date_parsed_from_text,0,False
Data 2025.xlsx,5215,2025-06-15,2025-06,2025-W24,2,6,sweet-1135-r01,sweet-1135-R01,حلا بستاشيو,الحلا(sweetness),sweetness,الحلا(sweetness),sweets_bakery,كارمية للحلويات,كارمية للحلويات,,كارمية للحلويات,الروضة,بلدية,بلدية الروضة,True,False,لا يوجد,,0,,,False,none,date_parsed_from_text,0,False
Data 2025.xlsx,5216,2025-06-15,2025-06,2025-W24,2,6,sweet-1136-r01,sweet-1136-R01,حلا شوكولاتة بسكوت,الحلا(sweetness),sweetness,الحلا(sweetness),sweets_bakery,كارمية للحلويات,كارمية للحلويات,,كارمية للحلويات,الروضة,بلدية,بلدية الروضة,True,False,لا يوجد,,0,,,False,none,date_parsed_from_text,0,False
Data 2025.xlsx,5217,2025-06-15,2025-06,2025-W24,2,6,sweet-1137-r01,sweet-1137-R01,حلا تشيز كيك,الحلا(sweetness),sweetness,الحلا(sweetness),sweets_bakery,كارمية للحلويات,كارمية للحلويات,,كارمية للحلويات,الروضة,بلدية,بلدية الروضة,True,False,لا يوجد,,0,,,False,none,date_parsed_from_text,0,False
Data 2025.xlsx,5218,2025-06-15,2025-06,2025-W24,2,6,sweet-1138-r01,sweet-1138-R01,حلا لوز بندق,الحلا(sweetness),sweetness,الحلا(sweetness),sweets_bakery,كارمية للحلويات,كارمية للحلويات,,كارمية للحلويات,الروضة,بلدية,بلدية الروضة,True,False,لا يوجد,,0,,,False,none,date_parsed_from_text,0,False
Data 2025.xlsx,5219,2025-06-15,2025-06,2025-W24,2,6,sweet-1139-r01,sweet-1139-R01,حلا نوتيلا,الحلا(sweetness),sweetness,الحلا(sweetness),sweets_bakery,كارمية للحلويات,كارمية للحلويات,,كارمية للحلويات,الروضة,بلدية,بلدية الروضة,True,False,لا يوجد,,0,,,False,none,date_parsed_from_text,0,False
Data 2025.xlsx,5220,2025-06-15,2025-06,2025-W24,2,6,ubot-0989-r01,Ubot-0989-R01,مياه فلتر غسيل ادوات,المياه الغير معبأة (Unbottled water),Unbottled water,المياه الغير معبأة (Unbottled water),water,دولمة عنب,دولمة عنب,,دولمة عنب,الروضة,بلدية,بلدية الروضة,True,False,لا يوجد,,0,,,False,none,date_parsed_from_text,1,False
Data 2025.xlsx,5221,2025-06-15,2025-06,2025-W24,2,6,ubot-0990-r01,Ubot-0990-R01,مياه حنفيل لغسيل الادوات,المياه الغير معبأة (Unbottled water),Unbottled water,المياه الغير معبأة (Unbottled water),water,فرن الضيعة اليرموك,فرن الضيعة اليرموك,,فرن الضيعة اليرموك,الروضة,بلدية,بلدية الروضة,True,False,لا يوجد,,0,,,False,none,date_parsed_from_text,4,True
Data 2025.xlsx,5236,2025-06-16,2025-06,2025-W25,2,0,1-3084-R01,1-3084-R01,قطع شمندر,شمندر(beet),beet,شمندر(beet),produce,مطعم ثريا عرفة (بـ بيروت) - حي الربيع,مطعم ثريا عرفة (بـ بيروت),حي الربيع,مطعم ثريا عرفة (بـ بيروت) - حي الربيع,الشمال,بلدية,بلدية الشمال,True,False,لا يوجد,,0,,,False,none,date_parsed_from_text,6,True
Data 2025.xlsx,5249,2025-06-16,2025-06,2025-W25,2,0,1-3085-R01,1-3085-R01,كروسان زعتر,كروسان (croissant),croissant,كروسان (croissant),sweets_bakery,وكف كافية - حي الربيع,وكف كافية,حي الربيع,وكف كافية - حي الربيع,الشمال,بلدية,بلدية الشمال,True,False,لا يوجد,,0,,,False,none,date_parsed_from_text,0,False
Data 2025.xlsx,5250,2025-06-16,2025-06,2025-W25,2,0,1-3086-R01,1-3086-R01,كروسان شوكولاتة,كروسان (croissant),croissant,كروسان (croissant),sweets_bakery,وكف كافية - حي الربيع,وكف كافية,حي الربيع,وكف كافية - حي الربيع,الشمال,بلدية,بلدية الشمال,True,False,لا يوجد,,0,,,False,none,date_parsed_from_text,0,False
Data 2025.xlsx,5251,2025-06-16,2025-06,2025-W25,2,0,1-3087-R01,1-3087-R01,كروسان جبن,كروسان (croissant),croissant,كروسان (croissant),sweets_bakery,وكف كافية - حي الربيع,وكف كافية,حي الربيع,وكف كافية - حي الربيع,الشمال,بلدية,بلدية الشمال,True,False,لا يوجد,,0,,,False,none,date_parsed_from_text,0,False
Data 2025.xlsx,5252,2025-06-16,2025-06,2025-W25,2,0,1-3088-R01,1-3088-R01,فطيرة سينبل,(Pie) فطيرة,Pie,(Pie) فطيرة,sweets_bakery,وكف كافية - حي الربيع,وكف كافية,حي الربيع,وكف كافية - حي الربيع,الشمال,بلدية,بلدية الشمال,True,False,لا يوجد,,0,,,False,none,date_parsed_from_text,0,False
Data 2025.xlsx,5255,2025-06-16,2025-06,2025-W25,2,0,1-3089-R01,1-3089-R01,نكهة سكر طبيعي,نكهات مركزة ( Syrup ),Syrup,نكهات مركزة ( Syrup ),sauce_condiment,وكف كافية - حي الربيع,وكف كافية,حي الربيع,وكف كافية - حي الربيع,الشمال,بلدية,بلدية الشمال,True,False,لا يوجد,,0,,,False,none,date_parsed_from_text,0,False
Data 2025.xlsx,5282,2025-06-16,2025-06,2025-W25,2,0,1-3090-R01,1-3090-R01,قطع شمندر,شمندر(beet),beet,شمندر(beet),produce,الوهج الغذائي (SALAD To Go)-حي الربيع,الوهج الغذائي (SALAD To Go)-حي الربيع,,الوهج الغذائي (SALAD To Go)-حي الربيع,الشمال,بلدية,بلدية الشمال,False,True,استافيلوكوكس اورياس,استافيلوكوكس اورياس,1,استافيلوكوكس اورياس,,True,pathogen,date_parsed_from_text,10,True
Data 2025.xlsx,5286,2025-06-16,2025-06,2025-W25,2,0,1-3091-R01,1-3091-R01,كرانش تو بوكس,(chips) شبس,chips,(chips) شبس,other,الوهج الغذائي (SALAD To Go)-حي الربيع,الوهج الغذائي (SALAD To Go)-حي الربيع,,الوهج الغذائي (SALAD To Go)-حي الربيع,الشمال,بلدية,بلدية الشمال,True,False,لا يوجد,,0,,,False,none,date_parsed_from_text|sample_type_unbucketed,13,True
Data 2025.xlsx,5284,2025-06-16,2025-06,2025-W25,2,0,O-O-ro-0181-R01,O-O-ro-0181-R01,جرجير,الجرجير (rocket),rocket,الجرجير (rocket),produce,الوهج الغذائي (SALAD To Go)-حي الربيع,الوهج الغذائي (SALAD To Go)-حي الربيع,,الوهج الغذائي (SALAD To Go)-حي الربيع,الشمال,بلدية,بلدية الشمال,False,True,ايشيريشيا كولاي | استافيلوكوكس اورياس,ايشيريشيا كولاي | استافيلوكوكس اورياس,2,ايشيريشيا كولاي | استافيلوكوكس اورياس,,True,multi_pathogen,date_parsed_from_text,12,True
Data 2025.xlsx,5283,2025-06-16,2025-06,2025-W25,2,0,O-O2-ca-0194-R01,O-O2-ca-0194-R01,جزر مبشور,الجزر (carrot),carrot,الجزر (carrot),produce,الوهج الغذائي (SALAD To Go)-حي الربيع,الوهج الغذائي (SALAD To Go)-حي الربيع,,الوهج الغذائي (SALAD To Go)-حي الربيع,الشمال,بلدية,بلدية الشمال,False,True,ايشيريشيا كولاي | استافيلوكوكس اورياس,ايشيريشيا كولاي | استافيلوكوكس اورياس,2,ايشيريشيا كولاي | استافيلوكوكس اورياس,,True,multi_pathogen,date_parsed_from_text,11,True
Data 2025.xlsx,5241,2025-06-16,2025-06,2025-W25,2,0,O-U-po-0201-R01,O-U-po-0201-R01,حب رمان,الرمان (pomegranate),pomegranate,الرمان (pomegranate),produce,مطعم ثريا عرفة (بـ بيروت) - حي الربيع,مطعم ثريا عرفة (بـ بيروت),حي الربيع,مطعم ثريا عرفة (بـ بيروت) - حي الربيع,الشمال,بلدية,بلدية الشمال,True,False,لا يوجد,,0,,,False,none,date_parsed_from_text,9,True
Data 2025.xlsx,5272,2025-06-16,2025-06,2025-W25,2,0,O-U-po-0202-R01,O-U-po-0202-R01,حب رمان,الرمان (pomegranate),pomegranate,الرمان (pomegranate),produce,الوهج الغذائي (SALAD To Go)-حي الربيع,الوهج الغذائي (SALAD To Go)-حي الربيع,,الوهج الغذائي (SALAD To Go)-حي الربيع,الشمال,بلدية,بلدية الشمال,True,False,لا يوجد,,0,,,False,none,date_parsed_from_text,3,True
Data 2025.xlsx,5224,2025-06-16,2025-06,2025-W25,2,0,O-U-to-0630-R01,O-U-to-0630-R01,قطع طماطم,الطماطم (Tomatoes),Tomatoes,الطماطم (Tomatoes),produce,مطعم ثريا عرفة (بـ بيروت) - حي الربيع,مطعم ثريا عرفة (بـ بيروت),حي الربيع,مطعم ثريا عرفة (بـ بيروت) - حي الربيع,الشمال,بلدية,بلدية الشمال,False,True,استافيلوكوكس اورياس,استافيلوكوكس اورياس,1,استافيلوكوكس اورياس,,True,pathogen,date_parsed_from_text,1,False
Data 2025.xlsx,5285,2025-06-16,2025-06,2025-W25,2,0,O-r-O3-le-0350-R01,O-r-O3-le-0350-R01,قطع خس عربي,الخس (Lettuce),Lettuce,الخس (Lettuce),produce,الوهج الغذائي (SALAD To Go)-حي الربيع,الوهج الغذائي (SALAD To Go)-حي الربيع,,الوهج الغذائي (SALAD To Go)-حي الربيع,الشمال,بلدية,بلدية الشمال,False,True,ايشيريشيا كولاي | استافيلوكوكس اورياس,ايشيريشيا كولاي | استافيلوكوكس اورياس,2,ايشيريشيا كولاي | استافيلوكوكس اورياس,,True,multi_pathogen,date_parsed_from_text,13,True
Data 2025.xlsx,5226,2025-06-16,2025-06,2025-W25,2,0,O-r-U-cu-0246-R01,O-r-U-cu-0246-R01,قطع خيار,الخيار (cucumbers),cucumbers,الخيار (cucumbers),produce,مطعم ثريا عرفة (بـ بيروت) - حي الربيع,مطعم ثريا عرفة (بـ بيروت),حي الربيع,مطعم ثريا عرفة (بـ بيروت) - حي الربيع,الشمال,بلدية,بلدية الشمال,True,False,لا يوجد,,0,,,False,none,date_parsed_from_text,2,True
Data 2025.xlsx,5223,2025-06-16,2025-06,2025-W25,2,0,OOu-on-0489-R01,OOu-on-0489-R01,بصل ابيض,البصل (onions),onions,البصل (onions),produce,مطعم ثريا عرفة (بـ بيروت) - حي الربيع,مطعم ثريا عرفة (بـ بيروت),حي الربيع,مطعم ثريا عرفة (بـ بيروت) - حي الربيع,الشمال,بلدية,بلدية الشمال,True,False,لا يوجد,,0,,,False,none,date_parsed_from_text,0,False
Data 2025.xlsx,5225,2025-06-16,2025-06,2025-W25,2,0,OU-pa-0236-R01,OU-pa-0236-R01,بقدونس,البقدونس (parsley),parsley,البقدونس (parsley),produce,مطعم ثريا عرفة (بـ بيروت) - حي الربيع,مطعم ثريا عرفة (بـ بيروت),حي الربيع,مطعم ثريا عرفة (بـ بيروت) - حي الربيع,الشمال,بلدية,بلدية الشمال,False,True,استافيلوكوكس اورياس,استافيلوكوكس اورياس,1,استافيلوكوكس اورياس,,True,pathogen,date_parsed_from_text,2,True
Data 2025.xlsx,5240,2025-06-16,2025-06,2025-W25,2,0,UU-ca-0113-R01,UU-ca-0113-R01,ملفوف,الملفوف (cabbage),cabbage,الملفوف (cabbage),produce,مطعم ثريا عرفة (بـ بيروت) - حي الربيع,مطعم ثريا عرفة (بـ بيروت),حي الربيع,مطعم ثريا عرفة (بـ بيروت) - حي الربيع,الشمال,بلدية,بلدية الشمال,True,False,لا يوجد,,0,,,False,none,date_parsed_from_text,9,True
Data 2025.xlsx,5277,2025-06-16,2025-06,2025-W25,2,0,UU-pe-1247-R01,UU-pe-1247-R01,مكس فلفل,الفلفل (peppers),peppers,الفلفل (peppers),produce,الوهج الغذائي (SALAD To Go)-حي الربيع,الوهج الغذائي (SALAD To Go)-حي الربيع,,الوهج الغذائي (SALAD To Go)-حي الربيع,الشمال,بلدية,بلدية الشمال,False,True,استافيلوكوكس اورياس,استافيلوكوكس اورياس,1,استافيلوكوكس اورياس,,True,pathogen,date_parsed_from_text,6,True
Data 2025.xlsx,5229,2025-06-16,2025-06,2025-W25,2,0,appe-0485-r01,Appe-0485-R01,حمص,مقبلات (Appetizers),Appetizers,مقبلات (Appetizers),prepared_meal,مطعم ثريا عرفة (بـ بيروت) - حي الربيع,مطعم ثريا عرفة (بـ بيروت),حي الربيع,مطعم ثريا عرفة (بـ بيروت) - حي الربيع,الشمال,بلدية,بلدية الشمال,True,False,لا يوجد,,0,,,False,none,date_parsed_from_text,3,True
Data 2025.xlsx,5230,2025-06-16,2025-06,2025-W25,2,0,appe-0486-r01,Appe-0486-R01,حمص حار,مقبلات (Appetizers),Appetizers,مقبلات (Appetizers),prepared_meal,مطعم ثريا عرفة (بـ بيروت) - حي الربيع,مطعم ثريا عرفة (بـ بيروت),حي الربيع,مطعم ثريا عرفة (بـ بيروت) - حي الربيع,الشمال,بلدية,بلدية الشمال,True,False,لا يوجد,,0,,,False,none,date_parsed_from_text,3,True
Data 2025.xlsx,5231,2025-06-16,2025-06,2025-W25,2,0,appe-0487-r01,Appe-0487-R01,حمص بيستو,مقبلات (Appetizers),Appetizers,مقبلات (Appetizers),prepared_meal,مطعم ثريا عرفة (بـ بيروت) - حي الربيع,مطعم ثريا عرفة (بـ بيروت),حي الربيع,مطعم ثريا عرفة (بـ بيروت) - حي الربيع,الشمال,بلدية,بلدية الشمال,True,False,لا يوجد,,0,,,False,none,date_parsed_from_text,3,True
Data 2025.xlsx,5232,2025-06-16,2025-06,2025-W25,2,0,appe-0488-r01,Appe-0488-R01,متبل,مقبلات (Appetizers),Appetizers,مقبلات (Appetizers),prepared_meal,مطعم ثريا عرفة (بـ بيروت) - حي الربيع,مطعم ثريا عرفة (بـ بيروت),حي الربيع,مطعم ثريا عرفة (بـ بيروت) - حي الربيع,الشمال,بلدية,بلدية الشمال,False,True,العد الكلي للبكتيريا,العد الكلي للبكتيريا,1,,العد الكلي للبكتيريا,False,indicator_only,date_parsed_from_text,4,True
Data 2025.xlsx,5233,2025-06-16,2025-06,2025-W25,2,0,appe-0489-r01,Appe-0489-R01,محمرة,مقبلات (Appetizers),Appetizers,مقبلات (Appetizers),prepared_meal,مطعم ثريا عرفة (بـ بيروت) - حي الربيع,مطعم ثريا عرفة (بـ بيروت),حي الربيع,مطعم ثريا عرفة (بـ بيروت) - حي الربيع,الشمال,بلدية,بلدية الشمال,False,True,اعفان,الخمائر والاعفان,1,,الخمائر والاعفان,False,indicator_only,date_parsed_from_text,5,True
Data 2025.xlsx,5234,2025-06-16,2025-06,2025-W25,2,0,appe-0490-r01,Appe-0490-R01,متبل شمندر,مقبلات (Appetizers),Appetizers,مقبلات (Appetizers),prepared_meal,مطعم ثريا عرفة (بـ بيروت) - حي الربيع,مطعم ثريا عرفة (بـ بيروت),حي الربيع,مطعم ثريا عرفة (بـ بيروت) - حي الربيع,الشمال,بلدية,بلدية الشمال,False,True,العد الكلي للبكتيريا,العد الكلي للبكتيريا,1,,العد الكلي للبكتيريا,False,indicator_only,date_parsed_from_text,6,True
Data 2025.xlsx,5238,2025-06-16,2025-06,2025-W25,2,0,appe-0491-r01,Appe-0491-R01,لبنة بثوم,مقبلات (Appetizers),Appetizers,مقبلات (Appetizers),prepared_meal,مطعم ثريا عرفة (بـ بيروت) - حي الربيع,مطعم ثريا عرفة (بـ بيروت),حي الربيع,مطعم ثريا عرفة (بـ بيروت) - حي الربيع,الشمال,بلدية,بلدية الشمال,False,True,العد الكلي للبكتيريا,العد الكلي للبكتيريا,1,,العد الكلي للبكتيريا,False,indicator_only,date_parsed_from_text,8,True
Data 2025.xlsx,5239,2025-06-16,2025-06,2025-W25,2,0,appe-0492-r01,Appe-0492-R01,بابا غنوج,مقبلات (Appetizers),Appetizers,مقبلات (Appetizers),prepared_meal,مطعم ثريا عرفة (بـ بيروت) - حي الربيع,مطعم ثريا عرفة (بـ بيروت),حي الربيع,مطعم ثريا عرفة (بـ بيروت) - حي الربيع,الشمال,بلدية,بلدية الشمال,False,True,العد الكلي للبكتيريا,العد الكلي للبكتيريا,1,,العد الكلي للبكتيريا,False,indicator_only,date_parsed_from_text,9,True
Data 2025.xlsx,5258,2025-06-16,2025-06,2025-W25,2,0,appe-0493-r01,Appe-0493-R01,متبل,مقبلات (Appetizers),Appetizers,مقبلات (Appetizers),prepared_meal,مطعم الذ تكة وكباب أمين - حي الربيع,مطعم الذ تكة وكباب أمين,حي الربيع,مطعم الذ تكة وكباب أمين - حي الربيع,الشمال,بلدية,بلدية الشمال,False,True,العد الكلي للبكتيريا,العد الكلي للبكتيريا,1,,العد الكلي للبكتيريا,False,indicator_only,date_parsed_from_text,1,False
Data 2025.xlsx,5222,2025-06-16,2025-06,2025-W25,2,0,bu-0018-r01,Bu-0018-R01,برغل,البرغل (Bulgur),Bulgur,البرغل (Bulgur),produce,مطعم ثريا عرفة (بـ بيروت) - حي الربيع,مطعم ثريا عرفة (بـ بيروت),حي الربيع,مطعم ثريا عرفة (بـ بيروت) - حي الربيع,الشمال,بلدية,بلدية الشمال,True,False,لا يوجد,,0,,,False,none,date_parsed_from_text,0,False
Data 2025.xlsx,5237,2025-06-16,2025-06,2025-W25,2,0,cer-0062-r01,cer-0062-R01,كينوا,الحبوب (Cereal grains),Cereal grains,الحبوب (Cereal grains),produce,مطعم ثريا عرفة (بـ بيروت) - حي الربيع,مطعم ثريا عرفة (بـ بيروت),حي الربيع,مطعم ثريا عرفة (بـ بيروت) - حي الربيع,الشمال,بلدية,بلدية الشمال,False,True,استافيلوكوكس اورياس,استافيلوكوكس اورياس,1,استافيلوكوكس اورياس,,True,pathogen,date_parsed_from_text,7,True
Data 2025.xlsx,5280,2025-06-16,2025-06,2025-W25,2,0,cer-0063-r01,cer-0063-R01,كينوا,الحبوب (Cereal grains),Cereal grains,الحبوب (Cereal grains),produce,الوهج الغذائي (SALAD To Go)-حي الربيع,الوهج الغذائي (SALAD To Go)-حي الربيع,,الوهج الغذائي (SALAD To Go)-حي الربيع,الشمال,بلدية,بلدية الشمال,False,True,ايشيريشيا كولاي | استافيلوكوكس اورياس,ايشيريشيا كولاي | استافيلوكوكس اورياس,2,ايشيريشيا كولاي | استافيلوكوكس اورياس,,True,multi_pathogen,date_parsed_from_text,9,True
Data 2025.xlsx,5276,2025-06-16,2025-06,2025-W25,2,0,chee-0754-r01,Chee-0754-R01,جبن فيتا مع ببريكا,(cheese) جبنة,cheese,(cheese) جبنة,dairy,الوهج الغذائي (SALAD To Go)-حي الربيع,الوهج الغذائي (SALAD To Go)-حي الربيع,,الوهج الغذائي (SALAD To Go)-حي الربيع,الشمال,بلدية,بلدية الشمال,True,False,لا يوجد,,0,,,False,none,date_parsed_from_text,5,True
Data 2025.xlsx,5278,2025-06-16,2025-06,2025-W25,2,0,chee-0755-r01,Chee-0755-R01,حلومي مشوي,(cheese) جبنة,cheese,(cheese) جبنة,dairy,الوهج الغذائي (SALAD To Go)-حي الربيع,الوهج الغذائي (SALAD To Go)-حي الربيع,,الوهج الغذائي (SALAD To Go)-حي الربيع,الشمال,بلدية,بلدية الشمال,False,True,انتيروباكتريسي,انتيروباكتريسي,1,,انتيروباكتريسي,False,indicator_only,date_parsed_from_text,7,True
Data 2025.xlsx,5273,2025-06-16,2025-06,2025-W25,2,0,co-0529-r01,co-0529-R01,دجاج مشوي,الدجاج المطبوخ (Cooked chicken),Cooked chicken,الدجاج المطبوخ (Cooked chicken),cooked_meat_poultry,الوهج الغذائي (SALAD To Go)-حي الربيع,الوهج الغذائي (SALAD To Go)-حي الربيع,,الوهج الغذائي (SALAD To Go)-حي الربيع,الشمال,بلدية,بلدية الشمال,False,True,العد الكلي للبكتيريا,العد الكلي للبكتيريا,1,,العد الكلي للبكتيريا,False,indicator_only,date_parsed_from_text,4,True
Data 2025.xlsx,5274,2025-06-16,2025-06,2025-W25,2,0,co-0530-r01,co-0530-R01,دجاج تكا,الدجاج المطبوخ (Cooked chicken),Cooked chicken,الدجاج المطبوخ (Cooked chicken),cooked_meat_poultry,الوهج الغذائي (SALAD To Go)-حي الربيع,الوهج الغذائي (SALAD To Go)-حي الربيع,,الوهج الغذائي (SALAD To Go)-حي الربيع,الشمال,بلدية,بلدية الشمال,False,True,العد الكلي للبكتيريا,العد الكلي للبكتيريا,1,,العد الكلي للبكتيريا,False,indicator_only,date_parsed_from_text,5,True
Data 2025.xlsx,5275,2025-06-16,2025-06,2025-W25,2,0,fish-0206-r01,fish-0206-R01,ربيان مطبوخ,Fish/fish product(الاسماك / منتجات الاسماك),fish product,Fish/fish product(الاسماك / منتجات الاسماك),cooked_meat_poultry,الوهج الغذائي (SALAD To Go)-حي الربيع,الوهج الغذائي (SALAD To Go)-حي الربيع,,الوهج الغذائي (SALAD To Go)-حي الربيع,الشمال,بلدية,بلدية الشمال,True,False,لا يوجد,,0,,,False,none,date_parsed_from_text,5,True
Data 2025.xlsx,5279,2025-06-16,2025-06,2025-W25,2,0,homo-0447-r01,homo-0447-R01,حمص حب,"الحمص Homous , Tzatziki and other dips","Homous , Tzatziki and other dips","الحمص Homous , Tzatziki and other dips",prepared_meal,الوهج الغذائي (SALAD To Go)-حي الربيع,الوهج الغذائي (SALAD To Go)-حي الربيع,,الوهج الغذائي (SALAD To Go)-حي الربيع,الشمال,بلدية,بلدية الشمال,False,True,العد الكلي للبكتيريا,العد الكلي للبكتيريا,1,,العد الكلي للبكتيريا,False,indicator_only,date_parsed_from_text,8,True
Data 2025.xlsx,5227,2025-06-16,2025-06,2025-W25,2,0,jui-0439-r01,jui-0439-R01,عصير ليمون (تبولة),العصائر الطازجة Un-pasteurized juices (fresh),fresh,العصائر الطازجة Un-pasteurized juices (fresh),beverage,مطعم ثريا عرفة (بـ بيروت) - حي الربيع,مطعم ثريا عرفة (بـ بيروت),حي الربيع,مطعم ثريا عرفة (بـ بيروت) - حي الربيع,الشمال,بلدية,بلدية الشمال,True,False,لا يوجد,,0,,,False,none,date_parsed_from_text,2,True
Data 2025.xlsx,5281,2025-06-16,2025-06,2025-W25,2,0,olv-0476-r01,olv-0476-R01,زيتون اخضر مشوي,الزيتون /Olive,Olive,الزيتون /Olive,produce,الوهج الغذائي (SALAD To Go)-حي الربيع,الوهج الغذائي (SALAD To Go)-حي الربيع,,الوهج الغذائي (SALAD To Go)-حي الربيع,الشمال,بلدية,بلدية الشمال,True,False,لا يوجد,,0,,,False,none,date_parsed_from_text,9,True
Data 2025.xlsx,5242,2025-06-16,2025-06,2025-W25,2,0,pick-0433-r01,Pick-0433-R01,مخلل خيار,المخلل (Pickle),Pickle,المخلل (Pickle),sauce_condiment,مطعم ثريا عرفة (بـ بيروت) - حي الربيع,مطعم ثريا عرفة (بـ بيروت),حي الربيع,مطعم ثريا عرفة (بـ بيروت) - حي الربيع,الشمال,بلدية,بلدية الشمال,False,True,الخمائر والاعفان,الخمائر والاعفان,1,,الخمائر والاعفان,False,indicator_only,date_parsed_from_text,10,True
Data 2025.xlsx,5244,2025-06-16,2025-06,2025-W25,2,0,po-0120-r01,po-0120-R01,كباب دجاج (ني),الدجاج (Poultry),Poultry,الدجاج (Poultry),cooked_meat_poultry,مطعم ثريا عرفة (بـ بيروت) - حي الربيع,مطعم ثريا عرفة (بـ بيروت),حي الربيع,مطعم ثريا عرفة (بـ بيروت) - حي الربيع,الشمال,بلدية,بلدية الشمال,False,True,العد الكلي للبكتيريا | السالمونيلا,العد الكلي للبكتيريا | السالمونيلا,2,السالمونيلا,العد الكلي للبكتيريا,True,pathogen,date_parsed_from_text,12,True
Data 2025.xlsx,5263,2025-06-16,2025-06,2025-W25,2,0,po-0121-r01,po-0121-R01,كباب دجاج (ني),الدجاج (Poultry),Poultry,الدجاج (Poultry),cooked_meat_poultry,مطعم الذ تكة وكباب أمين - حي الربيع,مطعم الذ تكة وكباب أمين,حي الربيع,مطعم الذ تكة وكباب أمين - حي الربيع,الشمال,بلدية,بلدية الشمال,True,False,لا يوجد,,0,,,False,none,date_parsed_from_text,3,True
Data 2025.xlsx,5243,2025-06-16,2025-06,2025-W25,2,0,raw-0241-r01,Raw-0241-R01,كباب لحم (ني),لحوم نيئة مبردة ومجمدة (Raw meat Cold or chilled ),Raw meat Cold or chilled,لحوم نيئة مبردة ومجمدة (Raw meat Cold or chilled ),raw_meat,مطعم ثريا عرفة (بـ بيروت) - حي الربيع,مطعم ثريا عرفة (بـ بيروت),حي الربيع,مطعم ثريا عرفة (بـ بيروت) - حي الربيع,الشمال,بلدية,بلدية الشمال,False,True,العد الكلي للبكتيريا | السالمونيلا,العد الكلي للبكتيريا | السالمونيلا,2,السالمونيلا,العد الكلي للبكتيريا,True,pathogen,date_parsed_from_text,11,True
Data 2025.xlsx,5264,2025-06-16,2025-06,2025-W25,2,0,raw-0242-r01,Raw-0242-R01,كباب لحم (ني),لحوم نيئة مبردة ومجمدة (Raw meat Cold or chilled ),Raw meat Cold or chilled,لحوم نيئة مبردة ومجمدة (Raw meat Cold or chilled ),raw_meat,مطعم الذ تكة وكباب أمين - حي الربيع,مطعم الذ تكة وكباب أمين,حي الربيع,مطعم الذ تكة وكباب أمين - حي الربيع,الشمال,بلدية,بلدية الشمال,False,True,العد الكلي للبكتيريا,العد الكلي للبكتيريا,1,,العد الكلي للبكتيريا,False,indicator_only,date_parsed_from_text,4,True
Data 2025.xlsx,5259,2025-06-16,2025-06,2025-W25,2,0,sal-1391-r01,Sal-1391-R01,سلطة زبادي وخيار,السلطة(Salad),Salad,السلطة(Salad),produce,مطعم الذ تكة وكباب أمين - حي الربيع,مطعم الذ تكة وكباب أمين,حي الربيع,مطعم الذ تكة وكباب أمين - حي الربيع,الشمال,بلدية,بلدية الشمال,False,True,استافيلوكوكس اورياس,استافيلوكوكس اورياس,1,استافيلوكوكس اورياس,,True,pathogen,date_parsed_from_text,2,True
Data 2025.xlsx,5260,2025-06-16,2025-06,2025-W25,2,0,sal-1392-r01,Sal-1392-R01,سلطة مشوي,السلطة(Salad),Salad,السلطة(Salad),produce,مطعم الذ تكة وكباب أمين - حي الربيع,مطعم الذ تكة وكباب أمين,حي الربيع,مطعم الذ تكة وكباب أمين - حي الربيع,الشمال,بلدية,بلدية الشمال,False,True,استافيلوكوكس اورياس,استافيلوكوكس اورياس,1,استافيلوكوكس اورياس,,True,pathogen,date_parsed_from_text,3,True
Data 2025.xlsx,5228,2025-06-16,2025-06,2025-W25,2,0,sau-1839-r01,sau-1839-R01,صوص سلط (دبس رمان +ليمون + زيت),صوص (sauce),sauce,صوص (sauce),sauce_condiment,مطعم ثريا عرفة (بـ بيروت) - حي الربيع,مطعم ثريا عرفة (بـ بيروت),حي الربيع,مطعم ثريا عرفة (بـ بيروت) - حي الربيع,الشمال,بلدية,بلدية الشمال,False,True,انتيروباكتريسي,انتيروباكتريسي,1,,انتيروباكتريسي,False,indicator_only,date_parsed_from_text,3,True
Data 2025.xlsx,5235,2025-06-16,2025-06,2025-W25,2,0,sau-1840-r01,sau-1840-R01,صوص هني ماستر,صوص (sauce),sauce,صوص (sauce),sauce_condiment,مطعم ثريا عرفة (بـ بيروت) - حي الربيع,مطعم ثريا عرفة (بـ بيروت),حي الربيع,مطعم ثريا عرفة (بـ بيروت) - حي الربيع,الشمال,بلدية,بلدية الشمال,True,False,لا يوجد,,0,,,False,none,date_parsed_from_text,6,True
Data 2025.xlsx,5253,2025-06-16,2025-06,2025-W25,2,0,sau-1841-r01,sau-1841-R01,صوص كراميل,صوص (sauce),sauce,صوص (sauce),sauce_condiment,وكف كافية - حي الربيع,وكف كافية,حي الربيع,وكف كافية - حي الربيع,الشمال,بلدية,بلدية الشمال,True,False,لا يوجد,,0,,,False,none,date_parsed_from_text,0,False
Data 2025.xlsx,5261,2025-06-16,2025-06,2025-W25,2,0,sau-1842-r01,sau-1842-R01,صوص حار,صوص (sauce),sauce,صوص (sauce),sauce_condiment,مطعم الذ تكة وكباب أمين - حي الربيع,مطعم الذ تكة وكباب أمين,حي الربيع,مطعم الذ تكة وكباب أمين - حي الربيع,الشمال,بلدية,بلدية الشمال,True,False,لا يوجد,,0,,,False,none,date_parsed_from_text,3,True
Data 2025.xlsx,5262,2025-06-16,2025-06,2025-W25,2,0,sau-1843-r01,sau-1843-R01,صوص كاتشب,صوص (sauce),sauce,صوص (sauce),sauce_condiment,مطعم الذ تكة وكباب أمين - حي الربيع,مطعم الذ تكة وكباب أمين,حي الربيع,مطعم الذ تكة وكباب أمين - حي الربيع,الشمال,بلدية,بلدية الشمال,True,False,لا يوجد,,0,,,False,none,date_parsed_from_text,3,True
Data 2025.xlsx,5265,2025-06-16,2025-06,2025-W25,2,0,sau-1844-r01,sau-1844-R01,صوص سبايسي,صوص (sauce),sauce,صوص (sauce),sauce_condiment,الوهج الغذائي (SALAD To Go)-حي الربيع,الوهج الغذائي (SALAD To Go)-حي الربيع,,الوهج الغذائي (SALAD To Go)-حي الربيع,الشمال,بلدية,بلدية الشمال,True,False,لا يوجد,,0,,,False,none,date_parsed_from_text,0,False
Data 2025.xlsx,5266,2025-06-16,2025-06,2025-W25,2,0,sau-1845-r01,sau-1845-R01,صوص روكا,صوص (sauce),sauce,صوص (sauce),sauce_condiment,الوهج الغذائي (SALAD To Go)-حي الربيع,الوهج الغذائي (SALAD To Go)-حي الربيع,,الوهج الغذائي (SALAD To Go)-حي الربيع,الشمال,بلدية,بلدية الشمال,True,False,لا يوجد,,0,,,False,none,date_parsed_from_text,0,False
Data 2025.xlsx,5267,2025-06-16,2025-06,2025-W25,2,0,sau-1846-r01,sau-1846-R01,صوص خلطة باستا,صوص (sauce),sauce,صوص (sauce),sauce_condiment,الوهج الغذائي (SALAD To Go)-حي الربيع,الوهج الغذائي (SALAD To Go)-حي الربيع,,الوهج الغذائي (SALAD To Go)-حي الربيع,الشمال,بلدية,بلدية الشمال,False,True,العد الكلي للبكتيريا,العد الكلي للبكتيريا,1,,العد الكلي للبكتيريا,False,indicator_only,date_parsed_from_text,1,False
Data 2025.xlsx,5268,2025-06-16,2025-06,2025-W25,2,0,sau-1847-r01,sau-1847-R01,صوص كينوا,صوص (sauce),sauce,صوص (sauce),sauce_condiment,الوهج الغذائي (SALAD To Go)-حي الربيع,الوهج الغذائي (SALAD To Go)-حي الربيع,,الوهج الغذائي (SALAD To Go)-حي الربيع,الشمال,بلدية,بلدية الشمال,True,False,لا يوجد,,0,,,False,none,date_parsed_from_text,1,False
Data 2025.xlsx,5269,2025-06-16,2025-06,2025-W25,2,0,sau-1848-r01,sau-1848-R01,صوص تكا,صوص (sauce),sauce,صوص (sauce),sauce_condiment,الوهج الغذائي (SALAD To Go)-حي الربيع,الوهج الغذائي (SALAD To Go)-حي الربيع,,الوهج الغذائي (SALAD To Go)-حي الربيع,الشمال,بلدية,بلدية الشمال,False,True,العد الكلي للبكتيريا,العد الكلي للبكتيريا,1,,العد الكلي للبكتيريا,False,indicator_only,date_parsed_from_text,2,True
Data 2025.xlsx,5270,2025-06-16,2025-06,2025-W25,2,0,sau-1849-r01,sau-1849-R01,صوص سيزر,صوص (sauce),sauce,صوص (sauce),sauce_condiment,الوهج الغذائي (SALAD To Go)-حي الربيع,الوهج الغذائي (SALAD To Go)-حي الربيع,,الوهج الغذائي (SALAD To Go)-حي الربيع,الشمال,بلدية,بلدية الشمال,False,True,العد الكلي للبكتيريا,العد الكلي للبكتيريا,1,,العد الكلي للبكتيريا,False,indicator_only,date_parsed_from_text,3,True
Data 2025.xlsx,5271,2025-06-16,2025-06,2025-W25,2,0,sau-1850-r01,sau-1850-R01,صوص جبن,صوص (sauce),sauce,صوص (sauce),sauce_condiment,الوهج الغذائي (SALAD To Go)-حي الربيع,الوهج الغذائي (SALAD To Go)-حي الربيع,,الوهج الغذائي (SALAD To Go)-حي الربيع,الشمال,بلدية,بلدية الشمال,True,False,لا يوجد,,0,,,False,none,date_parsed_from_text,3,True
Data 2025.xlsx,5245,2025-06-16,2025-06,2025-W25,2,0,sw-3165-r01,sw-3165-R01,مسحة ثلاجة مقبلات,(Swabs) المسحات,Swabs,(Swabs) المسحات,swab,مطعم ثريا عرفة (بـ بيروت) - حي الربيع,مطعم ثريا عرفة (بـ بيروت),حي الربيع,مطعم ثريا عرفة (بـ بيروت) - حي الربيع,الشمال,بلدية,بلدية الشمال,True,False,لا يوجد,,0,,,False,none,date_parsed_from_text,12,True
Data 2025.xlsx,5246,2025-06-16,2025-06,2025-W25,2,0,sw-3166-r01,sw-3166-R01,مسحة ثلاجة اعداد,(Swabs) المسحات,Swabs,(Swabs) المسحات,swab,مطعم ثريا عرفة (بـ بيروت) - حي الربيع,مطعم ثريا عرفة (بـ بيروت),حي الربيع,مطعم ثريا عرفة (بـ بيروت) - حي الربيع,الشمال,بلدية,بلدية الشمال,True,False,لا يوجد,,0,,,False,none,date_parsed_from_text,12,True
Data 2025.xlsx,5247,2025-06-16,2025-06,2025-W25,2,0,sw-3167-r01,sw-3167-R01,مسحة ثلاجة سلطات,(Swabs) المسحات,Swabs,(Swabs) المسحات,swab,مطعم ثريا عرفة (بـ بيروت) - حي الربيع,مطعم ثريا عرفة (بـ بيروت),حي الربيع,مطعم ثريا عرفة (بـ بيروت) - حي الربيع,الشمال,بلدية,بلدية الشمال,False,True,العد الكلي للبكتيريا,العد الكلي للبكتيريا,1,,العد الكلي للبكتيريا,False,indicator_only,date_parsed_from_text,13,True
Data 2025.xlsx,5248,2025-06-16,2025-06,2025-W25,2,0,sw-3168-r01,sw-3168-R01,مسحة طاولة تقطيع خبز,(Swabs) المسحات,Swabs,(Swabs) المسحات,swab,مطعم ثريا عرفة (بـ بيروت) - حي الربيع,مطعم ثريا عرفة (بـ بيروت),حي الربيع,مطعم ثريا عرفة (بـ بيروت) - حي الربيع,الشمال,بلدية,بلدية الشمال,True,False,لا يوجد,,0,,,False,none,date_parsed_from_text,13,True
Data 2025.xlsx,5256,2025-06-16,2025-06,2025-W25,2,0,sw-3169-r01,sw-3169-R01,مسحة طاولة تقطيع ساندويتش,(Swabs) المسحات,Swabs,(Swabs) المسحات,swab,وكف كافية - حي الربيع,وكف كافية,حي الربيع,وكف كافية - حي الربيع,الشمال,بلدية,بلدية الشمال,False,True,العد الكلي للبكتيريا,العد الكلي للبكتيريا,1,,العد الكلي للبكتيريا,False,indicator_only,date_parsed_from_text,1,False
Data 2025.xlsx,5257,2025-06-16,2025-06,2025-W25,2,0,sw-3170-r01,sw-3170-R01,مسحة صانعة ثلج,(Swabs) المسحات,Swabs,(Swabs) المسحات,swab,وكف كافية - حي الربيع,وكف كافية,حي الربيع,وكف كافية - حي الربيع,الشمال,بلدية,بلدية الشمال,False,True,العد الكلي للبكتيريا,العد الكلي للبكتيريا,1,,العد الكلي للبكتيريا,False,indicator_only,date_parsed_from_text,2,True
Data 2025.xlsx,5254,2025-06-16,2025-06,2025-W25,2,0,tea-0007-r01,tea-0007-R01,ايس تي خوخ,جميع أنواع الشاي (All types of tea),All types of tea,جميع أنواع الشاي (All types of tea),beverage,وكف كافية - حي الربيع,وكف كافية,حي الربيع,وكف كافية - حي الربيع,الشمال,بلدية,بلدية الشمال,True,False,لا يوجد,,0,,,False,none,date_parsed_from_text,0,False
Data 2025.xlsx,5287,2025-06-16,2025-06,2025-W25,2,0,ubot-0991-r01,Ubot-0991-R01,مياه فلتر للطبخ,المياه الغير معبأة (Unbottled water),Unbottled water,المياه الغير معبأة (Unbottled water),water,مطعم ثريا عرفة (بـ بيروت) - حي الربيع,مطعم ثريا عرفة (بـ بيروت),حي الربيع,مطعم ثريا عرفة (بـ بيروت) - حي الربيع,الشمال,بلدية,بلدية الشمال,True,False,لا يوجد,,0,,,False,none,date_parsed_from_text,13,True
Data 2025.xlsx,5301,2025-06-17,2025-06,2025-W25,2,1,1-3095-R01,1-3095-R01,نكهة توت احمر,نكهات مركزة ( Syrup ),Syrup,نكهات مركزة ( Syrup ),sauce_condiment,سيجنتشر - حي اليرموك,سيجنتشر,حي اليرموك,سيجنتشر - حي اليرموك,الروضة,بلدية,بلدية الروضة,True,False,لا يوجد,,0,,,False,none,date_parsed_from_text,2,True
Data 2025.xlsx,5302,2025-06-17,2025-06,2025-W25,2,1,1-3096-R01,1-3096-R01,نكهة باشن فروت,نكهات مركزة ( Syrup ),Syrup,نكهات مركزة ( Syrup ),sauce_condiment,سيجنتشر - حي اليرموك,سيجنتشر,حي اليرموك,سيجنتشر - حي اليرموك,الروضة,بلدية,بلدية الروضة,False,True,العد الكلي للبكتيريا,العد الكلي للبكتيريا,1,,العد الكلي للبكتيريا,False,indicator_only,date_parsed_from_text,3,True
Data 2025.xlsx,5337,2025-06-17,2025-06,2025-W25,2,1,co-0533-r01,co-0533-R01,شاورما دجاج,الدجاج المطبوخ (Cooked chicken),Cooked chicken,الدجاج المطبوخ (Cooked chicken),cooked_meat_poultry,بابا عنتر - حي اليرموك,بابا عنتر,حي اليرموك,بابا عنتر - حي اليرموك,الروضة,بلدية,بلدية الروضة,False,True,العد الكلي للبكتيريا,العد الكلي للبكتيريا,1,,العد الكلي للبكتيريا,False,indicator_only,date_parsed_from_text,1,False
Data 2025.xlsx,5347,2025-06-17,2025-06,2025-W25,2,1,co-0534-r01,co-0534-R01,شاورما دجاج,الدجاج المطبوخ (Cooked chicken),Cooked chicken,الدجاج المطبوخ (Cooked chicken),cooked_meat_poultry,مطعم شاورما البلد - حي اليرموك,مطعم شاورما البلد,حي اليرموك,مطعم شاورما البلد - حي اليرموك,الروضة,بلدية,بلدية الروضة,True,False,لا يوجد,,0,,,False,none,date_parsed_from_text,0,False
Data 2025.xlsx,5303,2025-06-17,2025-06,2025-W25,2,1,ho-0235-r01,ho-0235-R01,عسل سدر كشميري,(Honey) عسل النحل,Honey,(Honey) عسل النحل,sweets_bakery,سيجنتشر - حي اليرموك,سيجنتشر,حي اليرموك,سيجنتشر - حي اليرموك,الروضة,بلدية,بلدية الروضة,True,False,لا يوجد,,0,,,False,none,date_parsed_from_text,3,True
Data 2025.xlsx,5341,2025-06-17,2025-06,2025-W25,2,1,hs-0316-r01,HS-0316-R01,شطة,الشطة (Hot sauce),Hot sauce,الشطة (Hot sauce),sauce_condiment,بابا عنتر - حي اليرموك,بابا عنتر,حي اليرموك,بابا عنتر - حي اليرموك,الروضة,بلدية,بلدية الروضة,True,False,لا يوجد,,0,,,False,none,date_parsed_from_text,1,False
Data 2025.xlsx,5350,2025-06-17,2025-06,2025-W25,2,1,hs-0317-r01,HS-0317-R01,شطة,الشطة (Hot sauce),Hot sauce,الشطة (Hot sauce),sauce_condiment,مطعم شاورما البلد - حي اليرموك,مطعم شاورما البلد,حي اليرموك,مطعم شاورما البلد - حي اليرموك,الروضة,بلدية,بلدية الروضة,True,False,لا يوجد,,0,,,False,none,date_parsed_from_text,1,False
Data 2025.xlsx,5293,2025-06-17,2025-06,2025-W25,2,1,icecrea-0122-r01,icecrea-0122-R01,ايس كريم برادايز,(ice cream) ايسكريم,ice cream,(ice cream) ايسكريم,dairy,سيجنتشر - حي اليرموك,سيجنتشر,حي اليرموك,سيجنتشر - حي اليرموك,الروضة,بلدية,بلدية الروضة,True,False,لا يوجد,,0,,,False,none,date_parsed_from_text,0,False
Data 2025.xlsx,5294,2025-06-17,2025-06,2025-W25,2,1,icecrea-0123-r01,icecrea-0123-R01,ايس كريم توت (اساير),(ice cream) ايسكريم,ice cream,(ice cream) ايسكريم,dairy,سيجنتشر - حي اليرموك,سيجنتشر,حي اليرموك,سيجنتشر - حي اليرموك,الروضة,بلدية,بلدية الروضة,True,False,لا يوجد,,0,,,False,none,date_parsed_from_text,0,False
Data 2025.xlsx,5295,2025-06-17,2025-06,2025-W25,2,1,icecrea-0124-r01,icecrea-0124-R01,ايس كريم فراولة,(ice cream) ايسكريم,ice cream,(ice cream) ايسكريم,dairy,سيجنتشر - حي اليرموك,سيجنتشر,حي اليرموك,سيجنتشر - حي اليرموك,الروضة,بلدية,بلدية الروضة,True,False,لا يوجد,,0,,,False,none,date_parsed_from_text,0,False
Data 2025.xlsx,5296,2025-06-17,2025-06,2025-W25,2,1,icecrea-0125-r01,icecrea-0125-R01,ايس كريم روز,(ice cream) ايسكريم,ice cream,(ice cream) ايسكريم,dairy,سيجنتشر - حي اليرموك,سيجنتشر,حي اليرموك,سيجنتشر - حي اليرموك,الروضة,بلدية,بلدية الروضة,False,True,انتيروباكتريسي,انتيروباكتريسي,1,,انتيروباكتريسي,False,indicator_only,date_parsed_from_text,1,False
Data 2025.xlsx,5297,2025-06-17,2025-06,2025-W25,2,1,icecrea-0126-r01,icecrea-0126-R01,ايس كريم جمايكي,(ice cream) ايسكريم,ice cream,(ice cream) ايسكريم,dairy,سيجنتشر - حي اليرموك,سيجنتشر,حي اليرموك,سيجنتشر - حي اليرموك,الروضة,بلدية,بلدية الروضة,False,True,انتيروباكتريسي,انتيروباكتريسي,1,,انتيروباكتريسي,False,indicator_only,date_parsed_from_text,2,True
Data 2025.xlsx,5298,2025-06-17,2025-06,2025-W25,2,1,jui-0440-r01,jui-0440-R01,عصير مانجا,العصائر الطازجة Un-pasteurized juices (fresh),fresh,العصائر الطازجة Un-pasteurized juices (fresh),beverage,سيجنتشر - حي اليرموك,سيجنتشر,حي اليرموك,سيجنتشر - حي اليرموك,الروضة,بلدية,بلدية الروضة,True,False,لا يوجد,,0,,,False,none,date_parsed_from_text,2,True
Data 2025.xlsx,5299,2025-06-17,2025-06,2025-W25,2,1,jui-0441-r01,jui-0441-R01,عصير توت ريحان,العصائر الطازجة Un-pasteurized juices (fresh),fresh,العصائر الطازجة Un-pasteurized juices (fresh),beverage,سيجنتشر - حي اليرموك,سيجنتشر,حي اليرموك,سيجنتشر - حي اليرموك,الروضة,بلدية,بلدية الروضة,True,False,لا يوجد,,0,,,False,none,date_parsed_from_text,2,True
Data 2025.xlsx,5300,2025-06-17,2025-06,2025-W25,2,1,jui-0442-r01,jui-0442-R01,عصير فراولة,العصائر الطازجة Un-pasteurized juices (fresh),fresh,العصائر الطازجة Un-pasteurized juices (fresh),beverage,سيجنتشر - حي اليرموك,سيجنتشر,حي اليرموك,سيجنتشر - حي اليرموك,الروضة,بلدية,بلدية الروضة,True,False,لا يوجد,,0,,,False,none,date_parsed_from_text,2,True
Data 2025.xlsx,5304,2025-06-17,2025-06,2025-W25,2,1,jui-0443-r01,jui-0443-R01,عصير برتقال,العصائر الطازجة Un-pasteurized juices (fresh),fresh,العصائر الطازجة Un-pasteurized juices (fresh),beverage,سيجنتشر - حي اليرموك,سيجنتشر,حي اليرموك,سيجنتشر - حي اليرموك,الروضة,بلدية,بلدية الروضة,True,False,لا يوجد,,0,,,False,none,date_parsed_from_text,3,True
Data 2025.xlsx,5305,2025-06-17,2025-06,2025-W25,2,1,jui-0444-r01,jui-0444-R01,عصير ليمون بدون سكر,العصائر الطازجة Un-pasteurized juices (fresh),fresh,العصائر الطازجة Un-pasteurized juices (fresh),beverage,سيجنتشر - حي اليرموك,سيجنتشر,حي اليرموك,سيجنتشر - حي اليرموك,الروضة,بلدية,بلدية الروضة,True,False,لا يوجد,,0,,,False,none,date_parsed_from_text,3,True
Data 2025.xlsx,5306,2025-06-17,2025-06,2025-W25,2,1,jui-0445-r01,jui-0445-R01,عصير سبنش ملك,العصائر الطازجة Un-pasteurized juices (fresh),fresh,العصائر الطازجة Un-pasteurized juices (fresh),beverage,سيجنتشر - حي اليرموك,سيجنتشر,حي اليرموك,سيجنتشر - حي اليرموك,الروضة,بلدية,بلدية الروضة,True,False,لا يوجد,,0,,,False,none,date_parsed_from_text,3,True
Data 2025.xlsx,5338,2025-06-17,2025-06,2025-W25,2,1,pick-0434-r01,Pick-0434-R01,مخلل مشكل,المخلل (Pickle),Pickle,المخلل (Pickle),sauce_condiment,بابا عنتر - حي اليرموك,بابا عنتر,حي اليرموك,بابا عنتر - حي اليرموك,الروضة,بلدية,بلدية الروضة,True,False,لا يوجد,,0,,,False,none,date_parsed_from_text,1,False
Data 2025.xlsx,5288,2025-06-17,2025-06,2025-W25,2,1,raw-0243-r01,Raw-0243-R01,قلب خاروف نعيمي,لحوم نيئة مبردة ومجمدة (Raw meat Cold or chilled ),Raw meat Cold or chilled,لحوم نيئة مبردة ومجمدة (Raw meat Cold or chilled ),raw_meat,معرض الوطنيه,معرض الوطنيه,,معرض الوطنيه,الروضة,بلدية,بلدية الروضة,True,False,لا يوجد,,0,,,False,none,date_parsed_from_text,0,False
Data 2025.xlsx,5289,2025-06-17,2025-06,2025-W25,2,1,raw-0244-r01,Raw-0244-R01,كلاوي خاروف نعيمي نفس الخاروف,لحوم نيئة مبردة ومجمدة (Raw meat Cold or chilled ),Raw meat Cold or chilled,لحوم نيئة مبردة ومجمدة (Raw meat Cold or chilled ),raw_meat,معرض الوطنيه,معرض الوطنيه,,معرض الوطنيه,الروضة,بلدية,بلدية الروضة,True,False,لا يوجد,,0,,,False,none,date_parsed_from_text,0,False
Data 2025.xlsx,5290,2025-06-17,2025-06,2025-W25,2,1,raw-0245-r01,Raw-0245-R01,لحم بطن نعيمي بلدي,لحوم نيئة مبردة ومجمدة (Raw meat Cold or chilled ),Raw meat Cold or chilled,لحوم نيئة مبردة ومجمدة (Raw meat Cold or chilled ),raw_meat,معرض الوطنيه,معرض الوطنيه,,معرض الوطنيه,الروضة,بلدية,بلدية الروضة,True,False,لا يوجد,,0,,,False,none,date_parsed_from_text,0,False
Data 2025.xlsx,5291,2025-06-17,2025-06,2025-W25,2,1,raw-0246-r01,Raw-0246-R01,لحم كتف حاشي بلدي,لحوم نيئة مبردة ومجمدة (Raw meat Cold or chilled ),Raw meat Cold or chilled,لحوم نيئة مبردة ومجمدة (Raw meat Cold or chilled ),raw_meat,معرض الوطنيه,معرض الوطنيه,,معرض الوطنيه,الروضة,بلدية,بلدية الروضة,True,False,لا يوجد,,0,,,False,none,date_parsed_from_text,0,False
Data 2025.xlsx,5292,2025-06-17,2025-06,2025-W25,2,1,raw-0247-r01,Raw-0247-R01,كبدة حاشي بلدي,لحوم نيئة مبردة ومجمدة (Raw meat Cold or chilled ),Raw meat Cold or chilled,لحوم نيئة مبردة ومجمدة (Raw meat Cold or chilled ),raw_meat,معرض الوطنيه,معرض الوطنيه,,معرض الوطنيه,الروضة,بلدية,بلدية الروضة,True,False,لا يوجد,,0,,,False,none,date_parsed_from_text,0,False
Data 2025.xlsx,5307,2025-06-17,2025-06,2025-W25,2,1,sau-1858-r01,sau-1858-R01,صوص شوكولاتة,صوص (sauce),sauce,صوص (sauce),sauce_condiment,سيجنتشر - حي اليرموك,سيجنتشر,حي اليرموك,سيجنتشر - حي اليرموك,الروضة,بلدية,بلدية الروضة,True,False,لا يوجد,,0,,,False,none,date_parsed_from_text,3,True
Data 2025.xlsx,5339,2025-06-17,2025-06,2025-W25,2,1,sau-1859-r01,sau-1859-R01,صوص كوكتيل,صوص (sauce),sauce,صوص (sauce),sauce_condiment,بابا عنتر - حي اليرموك,بابا عنتر,حي اليرموك,بابا عنتر - حي اليرموك,الروضة,بلدية,بلدية الروضة,True,False,لا يوجد,,0,,,False,none,date_parsed_from_text,1,False
Data 2025.xlsx,5340,2025-06-17,2025-06,2025-W25,2,1,sau-1860-r01,sau-1860-R01,صوص ثوم,صوص (sauce),sauce,صوص (sauce),sauce_condiment,بابا عنتر - حي اليرموك,بابا عنتر,حي اليرموك,بابا عنتر - حي اليرموك,الروضة,بلدية,بلدية الروضة,True,False,لا يوجد,,0,,,False,none,date_parsed_from_text,1,False
Data 2025.xlsx,5342,2025-06-17,2025-06,2025-W25,2,1,sau-1861-r01,sau-1861-R01,صوص كاتشب,صوص (sauce),sauce,صوص (sauce),sauce_condiment,بابا عنتر - حي اليرموك,بابا عنتر,حي اليرموك,بابا عنتر - حي اليرموك,الروضة,بلدية,بلدية الروضة,True,False,لا يوجد,,0,,,False,none,date_parsed_from_text,1,False
Data 2025.xlsx,5348,2025-06-17,2025-06,2025-W25,2,1,sau-1862-r01,sau-1862-R01,صوص ثوم,صوص (sauce),sauce,صوص (sauce),sauce_condiment,مطعم شاورما البلد - حي اليرموك,مطعم شاورما البلد,حي اليرموك,مطعم شاورما البلد - حي اليرموك,الروضة,بلدية,بلدية الروضة,False,True,العد الكلي للبكتيريا,العد الكلي للبكتيريا,1,,العد الكلي للبكتيريا,False,indicator_only,date_parsed_from_text,1,False
Data 2025.xlsx,5349,2025-06-17,2025-06,2025-W25,2,1,sau-1863-r01,sau-1863-R01,صوص كاتشب,صوص (sauce),sauce,صوص (sauce),sauce_condiment,مطعم شاورما البلد - حي اليرموك,مطعم شاورما البلد,حي اليرموك,مطعم شاورما البلد - حي اليرموك,الروضة,بلدية,بلدية الروضة,True,False,لا يوجد,,0,,,False,none,date_parsed_from_text,1,False
Data 2025.xlsx,5351,2025-06-17,2025-06,2025-W25,2,1,sau-1864-r01,sau-1864-R01,صوص ثوم سبايسي,صوص (sauce),sauce,صوص (sauce),sauce_condiment,مطعم شاورما البلد - حي اليرموك,مطعم شاورما البلد,حي اليرموك,مطعم شاورما البلد - حي اليرموك,الروضة,بلدية,بلدية الروضة,False,True,العد الكلي للبكتيريا,العد الكلي للبكتيريا,1,,العد الكلي للبكتيريا,False,indicator_only,date_parsed_from_text,2,True
Data 2025.xlsx,5352,2025-06-17,2025-06,2025-W25,2,1,sau-1865-r01,sau-1865-R01,صوص سبيشل,صوص (sauce),sauce,صوص (sauce),sauce_condiment,مطعم شاورما البلد - حي اليرموك,مطعم شاورما البلد,حي اليرموك,مطعم شاورما البلد - حي اليرموك,الروضة,بلدية,بلدية الروضة,True,False,لا يوجد,,0,,,False,none,date_parsed_from_text,2,True
Data 2025.xlsx,5308,2025-06-17,2025-06,2025-W25,2,1,sw-3171-r01,sw-3171-R01,مسحة طاولة تقطيع فواكه,(Swabs) المسحات,Swabs,(Swabs) المسحات,swab,سيجنتشر - حي اليرموك,سيجنتشر,حي اليرموك,سيجنتشر - حي اليرموك,الروضة,بلدية,بلدية الروضة,False,True,العد الكلي للبكتيريا,العد الكلي للبكتيريا,1,,العد الكلي للبكتيريا,False,indicator_only,date_parsed_from_text,4,True
Data 2025.xlsx,5309,2025-06-17,2025-06,2025-W25,2,1,sw-3172-r01,sw-3172-R01,مسحة ثلاجة ايس كريم,(Swabs) المسحات,Swabs,(Swabs) المسحات,swab,سيجنتشر - حي اليرموك,سيجنتشر,حي اليرموك,سيجنتشر - حي اليرموك,الروضة,بلدية,بلدية الروضة,True,False,لا يوجد,,0,,,False,none,date_parsed_from_text,4,True
Data 2025.xlsx,5310,2025-06-17,2025-06,2025-W25,2,1,sw-3173-r01,sw-3173-R01,مسحة عصارة برتقال (كبس),(Swabs) المسحات,Swabs,(Swabs) المسحات,swab,سيجنتشر - حي اليرموك,سيجنتشر,حي اليرموك,سيجنتشر - حي اليرموك,الروضة,بلدية,بلدية الروضة,False,True,العد الكلي للبكتيريا,العد الكلي للبكتيريا,1,,العد الكلي للبكتيريا,False,indicator_only,date_parsed_from_text,5,True
Data 2025.xlsx,5324,2025-06-17,2025-06,2025-W25,2,1,sw-3174-r01,sw-3174-R01,مسحة حافظة حلا,(Swabs) المسحات,Swabs,(Swabs) المسحات,swab,أنوش - حي اليرموك,أنوش,حي اليرموك,أنوش - حي اليرموك,الروضة,بلدية,بلدية الروضة,True,False,لا يوجد,,0,,,False,none,date_parsed_from_text,0,False
Data 2025.xlsx,5336,2025-06-17,2025-06,2025-W25,2,1,sw-3175-r01,sw-3175-R01,مسحة ثلاجة حلا,(Swabs) المسحات,Swabs,(Swabs) المسحات,swab,حلويات جزيل العطاء - حي اليرموك,حلويات جزيل العطاء,حي اليرموك,حلويات جزيل العطاء - حي اليرموك,الروضة,بلدية,بلدية الروضة,True,False,لا يوجد,,0,,,False,none,date_parsed_from_text,0,False
Data 2025.xlsx,5343,2025-06-17,2025-06,2025-W25,2,1,sw-3176-r01,sw-3176-R01,مسحة قطاعة شاورما,(Swabs) المسحات,Swabs,(Swabs) المسحات,swab,بابا عنتر - حي اليرموك,بابا عنتر,حي اليرموك,بابا عنتر - حي اليرموك,الروضة,بلدية,بلدية الروضة,False,True,العد الكلي للبكتيريا,العد الكلي للبكتيريا,1,,العد الكلي للبكتيريا,False,indicator_only,date_parsed_from_text,2,True
Data 2025.xlsx,5344,2025-06-17,2025-06,2025-W25,2,1,sw-3177-r01,sw-3177-R01,مسحة طاولة اعداد,(Swabs) المسحات,Swabs,(Swabs) المسحات,swab,بابا عنتر - حي اليرموك,بابا عنتر,حي اليرموك,بابا عنتر - حي اليرموك,الروضة,بلدية,بلدية الروضة,True,False,لا يوجد,,0,,,False,none,date_parsed_from_text,2,True
Data 2025.xlsx,5345,2025-06-17,2025-06,2025-W25,2,1,sw-3178-r01,sw-3178-R01,مسحة حافظة بطاطس,(Swabs) المسحات,Swabs,(Swabs) المسحات,swab,بابا عنتر - حي اليرموك,بابا عنتر,حي اليرموك,بابا عنتر - حي اليرموك,الروضة,بلدية,بلدية الروضة,True,False,لا يوجد,,0,,,False,none,date_parsed_from_text,2,True
Data 2025.xlsx,5346,2025-06-17,2025-06,2025-W25,2,1,sw-3179-r01,sw-3179-R01,مسحة ثلاجة مقبلات شاورما,(Swabs) المسحات,Swabs,(Swabs) المسحات,swab,بابا عنتر - حي اليرموك,بابا عنتر,حي اليرموك,بابا عنتر - حي اليرموك,الروضة,بلدية,بلدية الروضة,True,False,لا يوجد,,0,,,False,none,date_parsed_from_text,2,True
Data 2025.xlsx,5353,2025-06-17,2025-06,2025-W25,2,1,sw-3180-r01,sw-3180-R01,مسحة قطاعة شاورما دجاج,(Swabs) المسحات,Swabs,(Swabs) المسحات,swab,مطعم شاورما البلد - حي اليرموك,مطعم شاورما البلد,حي اليرموك,مطعم شاورما البلد - حي اليرموك,الروضة,بلدية,بلدية الروضة,True,False,لا يوجد,,0,,,False,none,date_parsed_from_text,2,True
Data 2025.xlsx,5354,2025-06-17,2025-06,2025-W25,2,1,sw-3181-r01,sw-3181-R01,مسحة حافظة بطاطس,(Swabs) المسحات,Swabs,(Swabs) المسحات,swab,مطعم شاورما البلد - حي اليرموك,مطعم شاورما البلد,حي اليرموك,مطعم شاورما البلد - حي اليرموك,الروضة,بلدية,بلدية الروضة,True,False,لا يوجد,,0,,,False,none,date_parsed_from_text,2,True
Data 2025.xlsx,5355,2025-06-17,2025-06,2025-W25,2,1,sw-3182-r01,sw-3182-R01,مسحة صانعة ثلج,(Swabs) المسحات,Swabs,(Swabs) المسحات,swab,مطعم شاورما البلد - حي اليرموك,مطعم شاورما البلد,حي اليرموك,مطعم شاورما البلد - حي اليرموك,الروضة,بلدية,بلدية الروضة,True,False,لا يوجد,,0,,,False,none,date_parsed_from_text,2,True
Data 2025.xlsx,5311,2025-06-17,2025-06,2025-W25,2,1,sweet-1140-r01,sweet-1140-R01,حلا بسكوت كراميل,الحلا(sweetness),sweetness,الحلا(sweetness),sweets_bakery,أنوش - حي اليرموك,أنوش,حي اليرموك,أنوش - حي اليرموك,الروضة,بلدية,بلدية الروضة,True,False,لا يوجد,,0,,,False,none,date_parsed_from_text,0,False
Data 2025.xlsx,5312,2025-06-17,2025-06,2025-W25,2,1,sweet-1141-r01,sweet-1141-R01,حلا شوكولاتة ويفر,الحلا(sweetness),sweetness,الحلا(sweetness),sweets_bakery,أنوش - حي اليرموك,أنوش,حي اليرموك,أنوش - حي اليرموك,الروضة,بلدية,بلدية الروضة,True,False,لا يوجد,,0,,,False,none,date_parsed_from_text,0,False
Data 2025.xlsx,5313,2025-06-17,2025-06,2025-W25,2,1,sweet-1142-r01,sweet-1142-R01,حلا كورن فليكس,الحلا(sweetness),sweetness,الحلا(sweetness),sweets_bakery,أنوش - حي اليرموك,أنوش,حي اليرموك,أنوش - حي اليرموك,الروضة,بلدية,بلدية الروضة,True,False,لا يوجد,,0,,,False,none,date_parsed_from_text,0,False
Data 2025.xlsx,5314,2025-06-17,2025-06,2025-W25,2,1,sweet-1143-r01,sweet-1143-R01,حلا شوكولاتة روشية,الحلا(sweetness),sweetness,الحلا(sweetness),sweets_bakery,أنوش - حي اليرموك,أنوش,حي اليرموك,أنوش - حي اليرموك,الروضة,بلدية,بلدية الروضة,True,False,لا يوجد,,0,,,False,none,date_parsed_from_text,0,False
Data 2025.xlsx,5315,2025-06-17,2025-06,2025-W25,2,1,sweet-1144-r01,sweet-1144-R01,حلا كراميل,الحلا(sweetness),sweetness,الحلا(sweetness),sweets_bakery,أنوش - حي اليرموك,أنوش,حي اليرموك,أنوش - حي اليرموك,الروضة,بلدية,بلدية الروضة,True,False,لا يوجد,,0,,,False,none,date_parsed_from_text,0,False
Data 2025.xlsx,5316,2025-06-17,2025-06,2025-W25,2,1,sweet-1145-r01,sweet-1145-R01,حلا شوكولاتة سادة بالحليب,الحلا(sweetness),sweetness,الحلا(sweetness),sweets_bakery,أنوش - حي اليرموك,أنوش,حي اليرموك,أنوش - حي اليرموك,الروضة,بلدية,بلدية الروضة,True,False,لا يوجد,,0,,,False,none,date_parsed_from_text,0,False
Data 2025.xlsx,5317,2025-06-17,2025-06,2025-W25,2,1,sweet-1146-r01,sweet-1146-R01,حلا تشيز كيك,الحلا(sweetness),sweetness,الحلا(sweetness),sweets_bakery,أنوش - حي اليرموك,أنوش,حي اليرموك,أنوش - حي اليرموك,الروضة,بلدية,بلدية الروضة,True,False,لا يوجد,,0,,,False,none,date_parsed_from_text,0,False
Data 2025.xlsx,5318,2025-06-17,2025-06,2025-W25,2,1,sweet-1147-r01,sweet-1147-R01,حلا كرانشي,الحلا(sweetness),sweetness,الحلا(sweetness),sweets_bakery,أنوش - حي اليرموك,أنوش,حي اليرموك,أنوش - حي اليرموك,الروضة,بلدية,بلدية الروضة,True,False,لا يوجد,,0,,,False,none,date_parsed_from_text,0,False
Data 2025.xlsx,5319,2025-06-17,2025-06,2025-W25,2,1,sweet-1148-r01,sweet-1148-R01,كوكيز فانيلا,الحلا(sweetness),sweetness,الحلا(sweetness),sweets_bakery,أنوش - حي اليرموك,أنوش,حي اليرموك,أنوش - حي اليرموك,الروضة,بلدية,بلدية الروضة,True,False,لا يوجد,,0,,,False,none,date_parsed_from_text,0,False
Data 2025.xlsx,5320,2025-06-17,2025-06,2025-W25,2,1,sweet-1149-r01,sweet-1149-R01,كوكيز شوكولاتة,الحلا(sweetness),sweetness,الحلا(sweetness),sweets_bakery,أنوش - حي اليرموك,أنوش,حي اليرموك,أنوش - حي اليرموك,الروضة,بلدية,بلدية الروضة,True,False,لا يوجد,,0,,,False,none,date_parsed_from_text,0,False
Data 2025.xlsx,5321,2025-06-17,2025-06,2025-W25,2,1,sweet-1150-r01,sweet-1150-R01,معمول سمسم,الحلا(sweetness),sweetness,الحلا(sweetness),sweets_bakery,أنوش - حي اليرموك,أنوش,حي اليرموك,أنوش - حي اليرموك,الروضة,بلدية,بلدية الروضة,True,False,لا يوجد,,0,,,False,none,date_parsed_from_text,0,False
Data 2025.xlsx,5322,2025-06-17,2025-06,2025-W25,2,1,sweet-1151-r01,sweet-1151-R01,معمول بستاشو,الحلا(sweetness),sweetness,الحلا(sweetness),sweets_bakery,أنوش - حي اليرموك,أنوش,حي اليرموك,أنوش - حي اليرموك,الروضة,بلدية,بلدية الروضة,True,False,لا يوجد,,0,,,False,none,date_parsed_from_text,0,False
Data 2025.xlsx,5323,2025-06-17,2025-06,2025-W25,2,1,sweet-1152-r01,sweet-1152-R01,معمول بايتس,الحلا(sweetness),sweetness,الحلا(sweetness),sweets_bakery,أنوش - حي اليرموك,أنوش,حي اليرموك,أنوش - حي اليرموك,الروضة,بلدية,بلدية الروضة,True,False,لا يوجد,,0,,,False,none,date_parsed_from_text,0,False
Data 2025.xlsx,5325,2025-06-17,2025-06,2025-W25,2,1,sweet-1153-r01,sweet-1153-R01,حلا تمر محشي لوز,الحلا(sweetness),sweetness,الحلا(sweetness),sweets_bakery,حلويات جزيل العطاء - حي اليرموك,حلويات جزيل العطاء,حي اليرموك,حلويات جزيل العطاء - حي اليرموك,الروضة,بلدية,بلدية الروضة,True,False,لا يوجد,,0,,,False,none,date_parsed_from_text,0,False
Data 2025.xlsx,5326,2025-06-17,2025-06,2025-W25,2,1,sweet-1154-r01,sweet-1154-R01,حلا تمر محشي جوز الهند,الحلا(sweetness),sweetness,الحلا(sweetness),sweets_bakery,حلويات جزيل العطاء - حي اليرموك,حلويات جزيل العطاء,حي اليرموك,حلويات جزيل العطاء - حي اليرموك,الروضة,بلدية,بلدية الروضة,True,False,لا يوجد,,0,,,False,none,date_parsed_from_text,0,False
Data 2025.xlsx,5327,2025-06-17,2025-06,2025-W25,2,1,sweet-1155-r01,sweet-1155-R01,حلا تمر محشي سمسم,الحلا(sweetness),sweetness,الحلا(sweetness),sweets_bakery,حلويات جزيل العطاء - حي اليرموك,حلويات جزيل العطاء,حي اليرموك,حلويات جزيل العطاء - حي اليرموك,الروضة,بلدية,بلدية الروضة,True,False,لا يوجد,,0,,,False,none,date_parsed_from_text,0,False
Data 2025.xlsx,5328,2025-06-17,2025-06,2025-W25,2,1,sweet-1156-r01,sweet-1156-R01,حلا تمر محشي لوتس,الحلا(sweetness),sweetness,الحلا(sweetness),sweets_bakery,حلويات جزيل العطاء - حي اليرموك,حلويات جزيل العطاء,حي اليرموك,حلويات جزيل العطاء - حي اليرموك,الروضة,بلدية,بلدية الروضة,True,False,لا يوجد,,0,,,False,none,date_parsed_from_text,0,False
Data 2025.xlsx,5329,2025-06-17,2025-06,2025-W25,2,1,sweet-1157-r01,sweet-1157-R01,حلا تمر محشي شوكولاتة بيضاء,الحلا(sweetness),sweetness,الحلا(sweetness),sweets_bakery,حلويات جزيل العطاء - حي اليرموك,حلويات جزيل العطاء,حي اليرموك,حلويات جزيل العطاء - حي اليرموك,الروضة,بلدية,بلدية الروضة,True,False,لا يوجد,,0,,,False,none,date_parsed_from_text,0,False
Data 2025.xlsx,5330,2025-06-17,2025-06,2025-W25,2,1,sweet-1158-r01,sweet-1158-R01,حلا تمر محشي بستاشو,الحلا(sweetness),sweetness,الحلا(sweetness),sweets_bakery,حلويات جزيل العطاء - حي اليرموك,حلويات جزيل العطاء,حي اليرموك,حلويات جزيل العطاء - حي اليرموك,الروضة,بلدية,بلدية الروضة,True,False,لا يوجد,,0,,,False,none,date_parsed_from_text,0,False
Data 2025.xlsx,5331,2025-06-17,2025-06,2025-W25,2,1,sweet-1159-r01,sweet-1159-R01,حلا تمر محشي شوكولاتة بني,الحلا(sweetness),sweetness,الحلا(sweetness),sweets_bakery,حلويات جزيل العطاء - حي اليرموك,حلويات جزيل العطاء,حي اليرموك,حلويات جزيل العطاء - حي اليرموك,الروضة,بلدية,بلدية الروضة,True,False,لا يوجد,,0,,,False,none,date_parsed_from_text,0,False
Data 2025.xlsx,5332,2025-06-17,2025-06,2025-W25,2,1,sweet-1160-r01,sweet-1160-R01,تشيز كيك,الحلا(sweetness),sweetness,الحلا(sweetness),sweets_bakery,حلويات جزيل العطاء - حي اليرموك,حلويات جزيل العطاء,حي اليرموك,حلويات جزيل العطاء - حي اليرموك,الروضة,بلدية,بلدية الروضة,True,False,لا يوجد,,0,,,False,none,date_parsed_from_text,0,False
Data 2025.xlsx,5333,2025-06-17,2025-06,2025-W25,2,1,sweet-1161-r01,sweet-1161-R01,حلا ويفر مع بندق,الحلا(sweetness),sweetness,الحلا(sweetness),sweets_bakery,حلويات جزيل العطاء - حي اليرموك,حلويات جزيل العطاء,حي اليرموك,حلويات جزيل العطاء - حي اليرموك,الروضة,بلدية,بلدية الروضة,True,False,لا يوجد,,0,,,False,none,date_parsed_from_text,0,False
Data 2025.xlsx,5334,2025-06-17,2025-06,2025-W25,2,1,sweet-1162-r01,sweet-1162-R01,حلا كرسبي,الحلا(sweetness),sweetness,الحلا(sweetness),sweets_bakery,حلويات جزيل العطاء - حي اليرموك,حلويات جزيل العطاء,حي اليرموك,حلويات جزيل العطاء - حي اليرموك,الروضة,بلدية,بلدية الروضة,True,False,لا يوجد,,0,,,False,none,date_parsed_from_text,0,False
Data 2025.xlsx,5335,2025-06-17,2025-06,2025-W25,2,1,sweet-1163-r01,sweet-1163-R01,حلا بسكوت سادة,الحلا(sweetness),sweetness,الحلا(sweetness),sweets_bakery,حلويات جزيل العطاء - حي اليرموك,حلويات جزيل العطاء,حي اليرموك,حلويات جزيل العطاء - حي اليرموك,الروضة,بلدية,بلدية الروضة,True,False,لا يوجد,,0,,,False,none,date_parsed_from_text,0,False
Data 2025.xlsx,5356,2025-06-17,2025-06,2025-W25,2,1,ubot-0992-r01,Ubot-0992-R01,مياه حنفية لغسيل الادوات,المياه الغير معبأة (Unbottled water),Unbottled water,المياه الغير معبأة (Unbottled water),water,معرض الوطنيه,معرض الوطنيه,,معرض الوطنيه,الروضة,بلدية,بلدية الروضة,True,True,كوليفورم | سيدوموناس,كوليفورم | سيدوموناس,2,,كوليفورم | سيدوموناس,False,indicator_only,date_parsed_from_text|validity_says_valid_but_has_failures,1,False
Data 2025.xlsx,5357,2025-06-18,2025-06,2025-W25,2,2,raw-0248-r01,Raw-0248-R01,كبدة خاروف باكستاني نفس الخاروف,لحوم نيئة مبردة ومجمدة (Raw meat Cold or chilled ),Raw meat Cold or chilled,لحوم نيئة مبردة ومجمدة (Raw meat Cold or chilled ),raw_meat,نواف بن منصور بن منصور العنزي لبيع اللحوم المبردة,نواف بن منصور بن منصور العنزي لبيع اللحوم المبردة,,نواف بن منصور بن منصور العنزي لبيع اللحوم المبردة,الروضة,بلدية,بلدية الروضة,True,False,لا يوجد,,0,,,False,none,date_parsed_from_text,0,False
Data 2025.xlsx,5358,2025-06-18,2025-06,2025-W25,2,2,raw-0249-r01,Raw-0249-R01,لحم كتف خاروف باكستاني نفس الخاروف,لحوم نيئة مبردة ومجمدة (Raw meat Cold or chilled ),Raw meat Cold or chilled,لحوم نيئة مبردة ومجمدة (Raw meat Cold or chilled ),raw_meat,نواف بن منصور بن منصور العنزي لبيع اللحوم المبردة,نواف بن منصور بن منصور العنزي لبيع اللحوم المبردة,,نواف بن منصور بن منصور العنزي لبيع اللحوم المبردة,الروضة,بلدية,بلدية الروضة,True,False,لا يوجد,,0,,,False,none,date_parsed_from_text,0,False
Data 2025.xlsx,5359,2025-06-18,2025-06,2025-W25,2,2,raw-0250-r01,Raw-0250-R01,قلب عجل بلدي نفس العجل,لحوم نيئة مبردة ومجمدة (Raw meat Cold or chilled ),Raw meat Cold or chilled,لحوم نيئة مبردة ومجمدة (Raw meat Cold or chilled ),raw_meat,مؤسسة هبرة طرية للتجارة,مؤسسة هبرة طرية للتجارة,,مؤسسة هبرة طرية للتجارة,الروضة,بلدية,بلدية الروضة,True,False,لا يوجد,,0,,,False,none,date_parsed_from_text,0,False
Data 2025.xlsx,5360,2025-06-18,2025-06,2025-W25,2,2,raw-0251-r01,Raw-0251-R01,كلوة عجل بلدي نفس العجل,لحوم نيئة مبردة ومجمدة (Raw meat Cold or chilled ),Raw meat Cold or chilled,لحوم نيئة مبردة ومجمدة (Raw meat Cold or chilled ),raw_meat,مؤسسة هبرة طرية للتجارة,مؤسسة هبرة طرية للتجارة,,مؤسسة هبرة طرية للتجارة,الروضة,بلدية,بلدية الروضة,True,False,لا يوجد,,0,,,False,none,date_parsed_from_text,0,False
Data 2025.xlsx,5361,2025-06-18,2025-06,2025-W25,2,2,raw-0252-r01,Raw-0252-R01,كبدة عجل بلدي نفس العجل,لحوم نيئة مبردة ومجمدة (Raw meat Cold or chilled ),Raw meat Cold or chilled,لحوم نيئة مبردة ومجمدة (Raw meat Cold or chilled ),raw_meat,مؤسسة هبرة طرية للتجارة,مؤسسة هبرة طرية للتجارة,,مؤسسة هبرة طرية للتجارة,الروضة,بلدية,بلدية الروضة,True,False,لا يوجد,,0,,,False,none,date_parsed_from_text,0,False
Data 2025.xlsx,5362,2025-06-18,2025-06,2025-W25,2,2,raw-0253-r01,Raw-0253-R01,لحم عجل بلدي نفس العجل,لحوم نيئة مبردة ومجمدة (Raw meat Cold or chilled ),Raw meat Cold or chilled,لحوم نيئة مبردة ومجمدة (Raw meat Cold or chilled ),raw_meat,مؤسسة هبرة طرية للتجارة,مؤسسة هبرة طرية للتجارة,,مؤسسة هبرة طرية للتجارة,الروضة,بلدية,بلدية الروضة,True,False,لا يوجد,,0,,,False,none,date_parsed_from_text,0,False
Data 2025.xlsx,5363,2025-06-18,2025-06,2025-W25,2,2,ubot-0993-r01,Ubot-0993-R01,مياه حنفية لغسيل الادوات م/ك,المياه الغير معبأة (Unbottled water),Unbottled water,المياه الغير معبأة (Unbottled water),water,مؤسسة هبرة طرية للتجارة,مؤسسة هبرة طرية للتجارة,,مؤسسة هبرة طرية للتجارة,الروضة,بلدية,بلدية الروضة,True,False,لا يوجد,,0,,,False,none,date_parsed_from_text,0,False
Data 2025.xlsx,5383,2025-06-21,2025-06,2025-W25,2,5,1-3099-R01,1-3099-R01,صلصة بيتزا,صلصه(salsa),salsa,صلصه(salsa),sauce_condiment,شركة إيتوال - حي اليرموك,شركة إيتوال,حي اليرموك,شركة إيتوال - حي اليرموك,الروضة,بلدية,بلدية الروضة,True,False,لا يوجد,,0,,,False,none,date_parsed_from_text,9,True
Data 2025.xlsx,5387,2025-06-21,2025-06,2025-W25,2,5,1-3100-R01,1-3100-R01,نكهة فراولة,نكهات مركزة ( Syrup ),Syrup,نكهات مركزة ( Syrup ),sauce_condiment,شركة إيتوال - حي اليرموك,شركة إيتوال,حي اليرموك,شركة إيتوال - حي اليرموك,الروضة,بلدية,بلدية الروضة,True,False,لا يوجد,,0,,,False,none,date_parsed_from_text,9,True
Data 2025.xlsx,5388,2025-06-21,2025-06,2025-W25,2,5,1-3101-R01,1-3101-R01,نكهة كراميل,نكهات مركزة ( Syrup ),Syrup,نكهات مركزة ( Syrup ),sauce_condiment,شركة إيتوال - حي اليرموك,شركة إيتوال,حي اليرموك,شركة إيتوال - حي اليرموك,الروضة,بلدية,بلدية الروضة,True,False,لا يوجد,,0,,,False,none,date_parsed_from_text,9,True
Data 2025.xlsx,5389,2025-06-21,2025-06,2025-W25,2,5,1-3102-R01,1-3102-R01,نكهة جح,نكهات مركزة ( Syrup ),Syrup,نكهات مركزة ( Syrup ),sauce_condiment,شركة إيتوال - حي اليرموك,شركة إيتوال,حي اليرموك,شركة إيتوال - حي اليرموك,الروضة,بلدية,بلدية الروضة,True,False,لا يوجد,,0,,,False,none,date_parsed_from_text,9,True
Data 2025.xlsx,5418,2025-06-21,2025-06,2025-W25,2,5,O-r-O3-le-0354-R01,O-r-O3-le-0354-R01,قطع خس,الخس (Lettuce),Lettuce,الخس (Lettuce),produce,كافتيريا ابو جبارة - حي اليرموك,كافتيريا ابو جبارة,حي اليرموك,كافتيريا ابو جبارة - حي اليرموك,الروضة,بلدية,بلدية الروضة,True,False,لا يوجد,,0,,,False,none,date_parsed_from_text,1,False
Data 2025.xlsx,5420,2025-06-21,2025-06,2025-W25,2,5,OO-OSS-po-0401-R01,OO-OSS-po-0401-R01,بطاطس مقلي,البطاطس (potatoes),potatoes,البطاطس (potatoes),produce,كافتيريا ابو جبارة - حي اليرموك,كافتيريا ابو جبارة,حي اليرموك,كافتيريا ابو جبارة - حي اليرموك,الروضة,بلدية,بلدية الروضة,True,False,لا يوجد,,0,,,False,none,date_parsed_from_text,1,False
Data 2025.xlsx,5421,2025-06-21,2025-06,2025-W25,2,5,OOSS-eg-0349-R01,OOSS-eg-0349-R01,باذنجان مقلي,الباذنجان (eggplant),eggplant,الباذنجان (eggplant),dairy,كافتيريا ابو جبارة - حي اليرموك,كافتيريا ابو جبارة,حي اليرموك,كافتيريا ابو جبارة - حي اليرموك,الروضة,بلدية,بلدية الروضة,True,False,لا يوجد,,0,,,False,none,date_parsed_from_text,1,False
Data 2025.xlsx,5381,2025-06-21,2025-06,2025-W25,2,5,UU-pe-1268-R01,UU-pe-1268-R01,فلفل مشكل قطع,الفلفل (peppers),peppers,الفلفل (peppers),produce,شركة إيتوال - حي اليرموك,شركة إيتوال,حي اليرموك,شركة إيتوال - حي اليرموك,الروضة,بلدية,بلدية الروضة,False,True,استافيلوكوكس اورياس,استافيلوكوكس اورياس,1,استافيلوكوكس اورياس,,True,pathogen,date_parsed_from_text,9,True
Data 2025.xlsx,5416,2025-06-21,2025-06,2025-W25,2,5,appe-0498-r01,Appe-0498-R01,حمص,مقبلات (Appetizers),Appetizers,مقبلات (Appetizers),prepared_meal,كافتيريا ابو جبارة - حي اليرموك,كافتيريا ابو جبارة,حي اليرموك,كافتيريا ابو جبارة - حي اليرموك,الروضة,بلدية,بلدية الروضة,True,False,لا يوجد,,0,,,False,none,date_parsed_from_text,0,False
Data 2025.xlsx,5422,2025-06-21,2025-06,2025-W25,2,5,br-0096-r01,Br-0096-R01,خيز,الخبـز (Bread),Bread,الخبـز (Bread),sweets_bakery,كافتيريا ابو جبارة - حي اليرموك,كافتيريا ابو جبارة,حي اليرموك,كافتيريا ابو جبارة - حي اليرموك,الروضة,بلدية,بلدية الروضة,False,True,الخمائر والاعفان,الخمائر والاعفان,1,,الخمائر والاعفان,False,indicator_only,date_parsed_from_text,2,True
Data 2025.xlsx,5379,2025-06-21,2025-06,2025-W25,2,5,co-0535-r01,co-0535-R01,قطع دجاج,الدجاج المطبوخ (Cooked chicken),Cooked chicken,الدجاج المطبوخ (Cooked chicken),cooked_meat_poultry,شركة إيتوال - حي اليرموك,شركة إيتوال,حي اليرموك,شركة إيتوال - حي اليرموك,الروضة,بلدية,بلدية الروضة,False,True,العد الكلي للبكتيريا,العد الكلي للبكتيريا,1,,العد الكلي للبكتيريا,False,indicator_only,date_parsed_from_text,7,True
Data 2025.xlsx,5380,2025-06-21,2025-06,2025-W25,2,5,co-0536-r01,co-0536-R01,قطع دجاج كرسبي,الدجاج المطبوخ (Cooked chicken),Cooked chicken,الدجاج المطبوخ (Cooked chicken),cooked_meat_poultry,شركة إيتوال - حي اليرموك,شركة إيتوال,حي اليرموك,شركة إيتوال - حي اليرموك,الروضة,بلدية,بلدية الروضة,False,True,العد الكلي للبكتيريا,العد الكلي للبكتيريا,1,,العد الكلي للبكتيريا,False,indicator_only,date_parsed_from_text,8,True
Data 2025.xlsx,5429,2025-06-21,2025-06,2025-W25,2,5,fala-0065-r01,Fala-0065-R01,فلافل,فلافل( falafil),falafil,فلافل( falafil),sweets_bakery,كافتيريا ابو جبارة - حي اليرموك,كافتيريا ابو جبارة,حي اليرموك,كافتيريا ابو جبارة - حي اليرموك,الروضة,بلدية,بلدية الروضة,True,False,لا يوجد,,0,,,False,none,date_parsed_from_text,8,True
Data 2025.xlsx,5423,2025-06-21,2025-06,2025-W25,2,5,homo-0453-r01,homo-0453-R01,حمص حب,"الحمص Homous , Tzatziki and other dips","Homous , Tzatziki and other dips","الحمص Homous , Tzatziki and other dips",prepared_meal,كافتيريا ابو جبارة - حي اليرموك,كافتيريا ابو جبارة,حي اليرموك,كافتيريا ابو جبارة - حي اليرموك,الروضة,بلدية,بلدية الروضة,False,True,العد الكلي للبكتيريا,العد الكلي للبكتيريا,1,,العد الكلي للبكتيريا,False,indicator_only,date_parsed_from_text,3,True
Data 2025.xlsx,5417,2025-06-21,2025-06,2025-W25,2,5,hs-0318-r01,HS-0318-R01,شطة شامية,الشطة (Hot sauce),Hot sauce,الشطة (Hot sauce),sauce_condiment,كافتيريا ابو جبارة - حي اليرموك,كافتيريا ابو جبارة,حي اليرموك,كافتيريا ابو جبارة - حي اليرموك,الروضة,بلدية,بلدية الروضة,False,True,العد الكلي للبكتيريا | انتيروباكتريسي | الخمائر والاعفان,العد الكلي للبكتيريا | انتيروباكتريسي | الخمائر والاعفان,3,,العد الكلي للبكتيريا | انتيروباكتريسي | الخمائر والاعفان,False,indicator_only,date_parsed_from_text,1,False
Data 2025.xlsx,5371,2025-06-21,2025-06,2025-W25,2,5,icecrea-0127-r01,icecrea-0127-R01,ايس كريم فراولة,(ice cream) ايسكريم,ice cream,(ice cream) ايسكريم,dairy,شركة إيتوال - حي اليرموك,شركة إيتوال,حي اليرموك,شركة إيتوال - حي اليرموك,الروضة,بلدية,بلدية الروضة,True,False,لا يوجد,,0,,,False,none,date_parsed_from_text,0,False
Data 2025.xlsx,5372,2025-06-21,2025-06,2025-W25,2,5,icecrea-0128-r01,icecrea-0128-R01,ايس كريم جوز الهند,(ice cream) ايسكريم,ice cream,(ice cream) ايسكريم,dairy,شركة إيتوال - حي اليرموك,شركة إيتوال,حي اليرموك,شركة إيتوال - حي اليرموك,الروضة,بلدية,بلدية الروضة,False,True,استافيلوكوكس اورياس,استافيلوكوكس اورياس,1,استافيلوكوكس اورياس,,True,pathogen,date_parsed_from_text,1,False
Data 2025.xlsx,5373,2025-06-21,2025-06,2025-W25,2,5,icecrea-0129-r01,icecrea-0129-R01,ايس كريم مانجا,(ice cream) ايسكريم,ice cream,(ice cream) ايسكريم,dairy,شركة إيتوال - حي اليرموك,شركة إيتوال,حي اليرموك,شركة إيتوال - حي اليرموك,الروضة,بلدية,بلدية الروضة,True,False,لا يوجد,,0,,,False,none,date_parsed_from_text,1,False
Data 2025.xlsx,5374,2025-06-21,2025-06,2025-W25,2,5,icecrea-0130-r01,icecrea-0130-R01,ايس كريم كوكيز,(ice cream) ايسكريم,ice cream,(ice cream) ايسكريم,dairy,شركة إيتوال - حي اليرموك,شركة إيتوال,حي اليرموك,شركة إيتوال - حي اليرموك,الروضة,بلدية,بلدية الروضة,False,True,العد الكلي للبكتيريا,العد الكلي للبكتيريا,1,,العد الكلي للبكتيريا,False,indicator_only,date_parsed_from_text,2,True
Data 2025.xlsx,5375,2025-06-21,2025-06,2025-W25,2,5,icecrea-0131-r01,icecrea-0131-R01,ايس كريم بندق,(ice cream) ايسكريم,ice cream,(ice cream) ايسكريم,dairy,شركة إيتوال - حي اليرموك,شركة إيتوال,حي اليرموك,شركة إيتوال - حي اليرموك,الروضة,بلدية,بلدية الروضة,False,True,العد الكلي للبكتيريا,العد الكلي للبكتيريا,1,,العد الكلي للبكتيريا,False,indicator_only,date_parsed_from_text,3,True
Data 2025.xlsx,5376,2025-06-21,2025-06,2025-W25,2,5,icecrea-0132-r01,icecrea-0132-R01,ايس كريم بستاشو,(ice cream) ايسكريم,ice cream,(ice cream) ايسكريم,dairy,شركة إيتوال - حي اليرموك,شركة إيتوال,حي اليرموك,شركة إيتوال - حي اليرموك,الروضة,بلدية,بلدية الروضة,False,True,استافيلوكوكس اورياس,استافيلوكوكس اورياس,1,استافيلوكوكس اورياس,,True,pathogen,date_parsed_from_text,4,True
Data 2025.xlsx,5377,2025-06-21,2025-06,2025-W25,2,5,icecrea-0133-r01,icecrea-0133-R01,ايس كريم موز,(ice cream) ايسكريم,ice cream,(ice cream) ايسكريم,dairy,شركة إيتوال - حي اليرموك,شركة إيتوال,حي اليرموك,شركة إيتوال - حي اليرموك,الروضة,بلدية,بلدية الروضة,False,True,استافيلوكوكس اورياس,استافيلوكوكس اورياس,1,استافيلوكوكس اورياس,,True,pathogen,date_parsed_from_text,5,True
Data 2025.xlsx,5378,2025-06-21,2025-06,2025-W25,2,5,icecrea-0134-r01,icecrea-0134-R01,ايس كريم فانيلا,(ice cream) ايسكريم,ice cream,(ice cream) ايسكريم,dairy,شركة إيتوال - حي اليرموك,شركة إيتوال,حي اليرموك,شركة إيتوال - حي اليرموك,الروضة,بلدية,بلدية الروضة,False,True,العد الكلي للبكتيريا,العد الكلي للبكتيريا,1,,العد الكلي للبكتيريا,False,indicator_only,date_parsed_from_text,6,True
Data 2025.xlsx,5390,2025-06-21,2025-06,2025-W25,2,5,jui-0446-r01,jui-0446-R01,عصير فراولة,العصائر الطازجة Un-pasteurized juices (fresh),fresh,العصائر الطازجة Un-pasteurized juices (fresh),beverage,شركة إيتوال - حي اليرموك,شركة إيتوال,حي اليرموك,شركة إيتوال - حي اليرموك,الروضة,بلدية,بلدية الروضة,False,True,الخمائر والاعفان,الخمائر والاعفان,1,,الخمائر والاعفان,False,indicator_only,date_parsed_from_text,10,True
Data 2025.xlsx,5391,2025-06-21,2025-06,2025-W25,2,5,jui-0447-r01,jui-0447-R01,عصير جوافة,العصائر الطازجة Un-pasteurized juices (fresh),fresh,العصائر الطازجة Un-pasteurized juices (fresh),beverage,شركة إيتوال - حي اليرموك,شركة إيتوال,حي اليرموك,شركة إيتوال - حي اليرموك,الروضة,بلدية,بلدية الروضة,False,True,الخمائر والاعفان,الخمائر والاعفان,1,,الخمائر والاعفان,False,indicator_only,date_parsed_from_text,11,True
Data 2025.xlsx,5424,2025-06-21,2025-06,2025-W25,2,5,jui-0448-r01,jui-0448-R01,عصير مانجا,العصائر الطازجة Un-pasteurized juices (fresh),fresh,العصائر الطازجة Un-pasteurized juices (fresh),beverage,كافتيريا ابو جبارة - حي اليرموك,كافتيريا ابو جبارة,حي اليرموك,كافتيريا ابو جبارة - حي اليرموك,الروضة,بلدية,بلدية الروضة,False,True,الخمائر والاعفان,الخمائر والاعفان,1,,الخمائر والاعفان,False,indicator_only,date_parsed_from_text,4,True
Data 2025.xlsx,5425,2025-06-21,2025-06,2025-W25,2,5,jui-0449-r01,jui-0449-R01,عصير كوكتيل,العصائر الطازجة Un-pasteurized juices (fresh),fresh,العصائر الطازجة Un-pasteurized juices (fresh),beverage,كافتيريا ابو جبارة - حي اليرموك,كافتيريا ابو جبارة,حي اليرموك,كافتيريا ابو جبارة - حي اليرموك,الروضة,بلدية,بلدية الروضة,False,True,الخمائر والاعفان,الخمائر والاعفان,1,,الخمائر والاعفان,False,indicator_only,date_parsed_from_text,5,True
Data 2025.xlsx,5426,2025-06-21,2025-06,2025-W25,2,5,jui-0450-r01,jui-0450-R01,عصير برتقال بشمندر,العصائر الطازجة Un-pasteurized juices (fresh),fresh,العصائر الطازجة Un-pasteurized juices (fresh),beverage,كافتيريا ابو جبارة - حي اليرموك,كافتيريا ابو جبارة,حي اليرموك,كافتيريا ابو جبارة - حي اليرموك,الروضة,بلدية,بلدية الروضة,False,True,الخمائر والاعفان,الخمائر والاعفان,1,,الخمائر والاعفان,False,indicator_only,date_parsed_from_text,6,True
Data 2025.xlsx,5427,2025-06-21,2025-06,2025-W25,2,5,jui-0451-r01,jui-0451-R01,عصير برتقال جزر,العصائر الطازجة Un-pasteurized juices (fresh),fresh,العصائر الطازجة Un-pasteurized juices (fresh),beverage,كافتيريا ابو جبارة - حي اليرموك,كافتيريا ابو جبارة,حي اليرموك,كافتيريا ابو جبارة - حي اليرموك,الروضة,بلدية,بلدية الروضة,False,True,الخمائر والاعفان,الخمائر والاعفان,1,,الخمائر والاعفان,False,indicator_only,date_parsed_from_text,7,True
Data 2025.xlsx,5428,2025-06-21,2025-06,2025-W25,2,5,jui-0452-r01,jui-0452-R01,عصير برتقال,العصائر الطازجة Un-pasteurized juices (fresh),fresh,العصائر الطازجة Un-pasteurized juices (fresh),beverage,كافتيريا ابو جبارة - حي اليرموك,كافتيريا ابو جبارة,حي اليرموك,كافتيريا ابو جبارة - حي اليرموك,الروضة,بلدية,بلدية الروضة,False,True,الخمائر والاعفان,الخمائر والاعفان,1,,الخمائر والاعفان,False,indicator_only,date_parsed_from_text,8,True
Data 2025.xlsx,5382,2025-06-21,2025-06,2025-W25,2,5,olv-0478-r01,olv-0478-R01,زيتون اسود شرائح,الزيتون /Olive,Olive,الزيتون /Olive,produce,شركة إيتوال - حي اليرموك,شركة إيتوال,حي اليرموك,شركة إيتوال - حي اليرموك,الروضة,بلدية,بلدية الروضة,True,False,لا يوجد,,0,,,False,none,date_parsed_from_text,9,True
Data 2025.xlsx,5419,2025-06-21,2025-06,2025-W25,2,5,pick-0435-r01,Pick-0435-R01,مخلل خيار,المخلل (Pickle),Pickle,المخلل (Pickle),sauce_condiment,كافتيريا ابو جبارة - حي اليرموك,كافتيريا ابو جبارة,حي اليرموك,كافتيريا ابو جبارة - حي اليرموك,الروضة,بلدية,بلدية الروضة,True,False,لا يوجد,,0,,,False,none,date_parsed_from_text,1,False
Data 2025.xlsx,5364,2025-06-21,2025-06,2025-W25,2,5,raw-0254-r01,Raw-0254-R01,رجل عجل باكستاني مستورد,لحوم نيئة مبردة ومجمدة (Raw meat Cold or chilled ),Raw meat Cold or chilled,لحوم نيئة مبردة ومجمدة (Raw meat Cold or chilled ),raw_meat,ملحمة اطياب بلادي التجارية,ملحمة اطياب بلادي التجارية,,ملحمة اطياب بلادي التجارية,الروضة,بلدية,بلدية الروضة,True,False,لا يوجد,,0,,,False,none,date_parsed_from_text,0,False
Data 2025.xlsx,5365,2025-06-21,2025-06,2025-W25,2,5,raw-0256-r01,Raw-0256-R01,كبدة خروف استرالي,لحوم نيئة مبردة ومجمدة (Raw meat Cold or chilled ),Raw meat Cold or chilled,لحوم نيئة مبردة ومجمدة (Raw meat Cold or chilled ),raw_meat,ملحمة اطياب بلادي التجارية,ملحمة اطياب بلادي التجارية,,ملحمة اطياب بلادي التجارية,الروضة,بلدية,بلدية الروضة,True,False,لا يوجد,,0,,,False,none,date_parsed_from_text,0,False
Data 2025.xlsx,5366,2025-06-21,2025-06,2025-W25,2,5,raw-0257-r01,Raw-0257-R01,فخذ عجل باكستاني مستورد,لحوم نيئة مبردة ومجمدة (Raw meat Cold or chilled ),Raw meat Cold or chilled,لحوم نيئة مبردة ومجمدة (Raw meat Cold or chilled ),raw_meat,ملحمة فيصل سليمان تركي السديري للتجارة,ملحمة فيصل سليمان تركي السديري للتجارة,,ملحمة فيصل سليمان تركي السديري للتجارة,الروضة,بلدية,بلدية الروضة,True,False,لا يوجد,,0,,,False,none,date_parsed_from_text,0,False
Data 2025.xlsx,5367,2025-06-21,2025-06,2025-W25,2,5,raw-0258-r01,Raw-0258-R01,قلب خروف بلدي,لحوم نيئة مبردة ومجمدة (Raw meat Cold or chilled ),Raw meat Cold or chilled,لحوم نيئة مبردة ومجمدة (Raw meat Cold or chilled ),raw_meat,ملحمة فيصل سليمان تركي السديري للتجارة,ملحمة فيصل سليمان تركي السديري للتجارة,,ملحمة فيصل سليمان تركي السديري للتجارة,الروضة,بلدية,بلدية الروضة,True,False,لا يوجد,,0,,,False,none,date_parsed_from_text,0,False
Data 2025.xlsx,5368,2025-06-21,2025-06,2025-W25,2,5,raw-0259-r01,Raw-0259-R01,كبدة خروف بلدي,لحوم نيئة مبردة ومجمدة (Raw meat Cold or chilled ),Raw meat Cold or chilled,لحوم نيئة مبردة ومجمدة (Raw meat Cold or chilled ),raw_meat,ملحمة فيصل سليمان تركي السديري للتجارة,ملحمة فيصل سليمان تركي السديري للتجارة,,ملحمة فيصل سليمان تركي السديري للتجارة,الروضة,بلدية,بلدية الروضة,True,False,لا يوجد,,0,,,False,none,date_parsed_from_text,0,False
Data 2025.xlsx,5369,2025-06-21,2025-06,2025-W25,2,5,raw-0260-r01,Raw-0260-R01,كبدة غنم باكستاني مستورد,لحوم نيئة مبردة ومجمدة (Raw meat Cold or chilled ),Raw meat Cold or chilled,لحوم نيئة مبردة ومجمدة (Raw meat Cold or chilled ),raw_meat,ملحمة فيصل سليمان تركي السديري للتجارة,ملحمة فيصل سليمان تركي السديري للتجارة,,ملحمة فيصل سليمان تركي السديري للتجارة,الروضة,بلدية,بلدية الروضة,True,False,لا يوجد,,0,,,False,none,date_parsed_from_text,0,False
Data 2025.xlsx,5370,2025-06-21,2025-06,2025-W25,2,5,raw-0261-r01,Raw-0261-R01,بطن تيس كيني,لحوم نيئة مبردة ومجمدة (Raw meat Cold or chilled ),Raw meat Cold or chilled,لحوم نيئة مبردة ومجمدة (Raw meat Cold or chilled ),raw_meat,ملحمة فيصل سليمان تركي السديري للتجارة,ملحمة فيصل سليمان تركي السديري للتجارة,,ملحمة فيصل سليمان تركي السديري للتجارة,الروضة,بلدية,بلدية الروضة,True,False,لا يوجد,,0,,,False,none,date_parsed_from_text,0,False
Data 2025.xlsx,5384,2025-06-21,2025-06,2025-W25,2,5,sau-1866-r01,sau-1866-R01,صوص رانش,صوص (sauce),sauce,صوص (sauce),sauce_condiment,شركة إيتوال - حي اليرموك,شركة إيتوال,حي اليرموك,شركة إيتوال - حي اليرموك,الروضة,بلدية,بلدية الروضة,True,False,لا يوجد,,0,,,False,none,date_parsed_from_text,9,True
Data 2025.xlsx,5385,2025-06-21,2025-06,2025-W25,2,5,sau-1867-r01,sau-1867-R01,صوص باربكيو,صوص (sauce),sauce,صوص (sauce),sauce_condiment,شركة إيتوال - حي اليرموك,شركة إيتوال,حي اليرموك,شركة إيتوال - حي اليرموك,الروضة,بلدية,بلدية الروضة,True,False,لا يوجد,,0,,,False,none,date_parsed_from_text,9,True
Data 2025.xlsx,5386,2025-06-21,2025-06,2025-W25,2,5,sau-1868-r01,sau-1868-R01,صوص شوكولاتة بيضاء,صوص (sauce),sauce,صوص (sauce),sauce_condiment,شركة إيتوال - حي اليرموك,شركة إيتوال,حي اليرموك,شركة إيتوال - حي اليرموك,الروضة,بلدية,بلدية الروضة,True,False,لا يوجد,,0,,,False,none,date_parsed_from_text,9,True
Data 2025.xlsx,5406,2025-06-21,2025-06,2025-W25,2,5,sw-3188-r01,sw-3188-R01,مسحة منطقة حلويات,(Swabs) المسحات,Swabs,(Swabs) المسحات,swab,شركة إيتوال - حي اليرموك,شركة إيتوال,حي اليرموك,شركة إيتوال - حي اليرموك,الروضة,بلدية,بلدية الروضة,True,False,لا يوجد,,0,,,False,none,date_parsed_from_text,17,True
Data 2025.xlsx,5407,2025-06-21,2025-06,2025-W25,2,5,sw-3189-r01,sw-3189-R01,مسحة منطقة حلويات,(Swabs) المسحات,Swabs,(Swabs) المسحات,swab,شركة إيتوال - حي اليرموك,شركة إيتوال,حي اليرموك,شركة إيتوال - حي اليرموك,الروضة,بلدية,بلدية الروضة,True,False,لا يوجد,,0,,,False,none,date_parsed_from_text,17,True
Data 2025.xlsx,5408,2025-06-21,2025-06,2025-W25,2,5,sw-3190-r01,sw-3190-R01,مسحة ثلاجة حلويات,(Swabs) المسحات,Swabs,(Swabs) المسحات,swab,شركة إيتوال - حي اليرموك,شركة إيتوال,حي اليرموك,شركة إيتوال - حي اليرموك,الروضة,بلدية,بلدية الروضة,True,False,لا يوجد,,0,,,False,none,date_parsed_from_text,17,True
Data 2025.xlsx,5409,2025-06-21,2025-06,2025-W25,2,5,sw-3191-r01,sw-3191-R01,مسحة ثلاجة حلويات,(Swabs) المسحات,Swabs,(Swabs) المسحات,swab,شركة إيتوال - حي اليرموك,شركة إيتوال,حي اليرموك,شركة إيتوال - حي اليرموك,الروضة,بلدية,بلدية الروضة,True,False,لا يوجد,,0,,,False,none,date_parsed_from_text,17,True
Data 2025.xlsx,5410,2025-06-21,2025-06,2025-W25,2,5,sw-3192-r01,sw-3192-R01,مسحة ثلاجة حلويات,(Swabs) المسحات,Swabs,(Swabs) المسحات,swab,شركة إيتوال - حي اليرموك,شركة إيتوال,حي اليرموك,شركة إيتوال - حي اليرموك,الروضة,بلدية,بلدية الروضة,True,False,لا يوجد,,0,,,False,none,date_parsed_from_text,17,True
Data 2025.xlsx,5411,2025-06-21,2025-06,2025-W25,2,5,sw-3193-r01,sw-3193-R01,مسحة ثلاجة حلويات,(Swabs) المسحات,Swabs,(Swabs) المسحات,swab,شركة إيتوال - حي اليرموك,شركة إيتوال,حي اليرموك,شركة إيتوال - حي اليرموك,الروضة,بلدية,بلدية الروضة,True,False,لا يوجد,,0,,,False,none,date_parsed_from_text,17,True
Data 2025.xlsx,5415,2025-06-21,2025-06,2025-W25,2,5,sw-3194-r01,sw-3194-R01,مسحة ثلاجة حلى,(Swabs) المسحات,Swabs,(Swabs) المسحات,swab,كناف - حي اليرموك,كناف,حي اليرموك,كناف - حي اليرموك,الروضة,بلدية,بلدية الروضة,True,False,لا يوجد,,0,,,False,none,date_parsed_from_text,0,False
Data 2025.xlsx,5430,2025-06-21,2025-06,2025-W25,2,5,sw-3195-r01,sw-3195-R01,مسحة ثلاجة تحضير,(Swabs) المسحات,Swabs,(Swabs) المسحات,swab,كافتيريا ابو جبارة - حي اليرموك,كافتيريا ابو جبارة,حي اليرموك,كافتيريا ابو جبارة - حي اليرموك,الروضة,بلدية,بلدية الروضة,True,False,لا يوجد,,0,,,False,none,date_parsed_from_text,8,True
Data 2025.xlsx,5431,2025-06-21,2025-06,2025-W25,2,5,sw-3196-r01,sw-3196-R01,مسحة حافظة خبز,(Swabs) المسحات,Swabs,(Swabs) المسحات,swab,كافتيريا ابو جبارة - حي اليرموك,كافتيريا ابو جبارة,حي اليرموك,كافتيريا ابو جبارة - حي اليرموك,الروضة,بلدية,بلدية الروضة,True,False,لا يوجد,,0,,,False,none,date_parsed_from_text,8,True
Data 2025.xlsx,5432,2025-06-21,2025-06,2025-W25,2,5,sw-3197-r01,sw-3197-R01,مسحة طاولة تحضير,(Swabs) المسحات,Swabs,(Swabs) المسحات,swab,كافتيريا ابو جبارة - حي اليرموك,كافتيريا ابو جبارة,حي اليرموك,كافتيريا ابو جبارة - حي اليرموك,الروضة,بلدية,بلدية الروضة,True,False,لا يوجد,,0,,,False,none,date_parsed_from_text,8,True
Data 2025.xlsx,5392,2025-06-21,2025-06,2025-W25,2,5,sweet-1164-r01,sweet-1164-R01,جار كنافة فراولة,الحلا(sweetness),sweetness,الحلا(sweetness),sweets_bakery,شركة إيتوال - حي اليرموك,شركة إيتوال,حي اليرموك,شركة إيتوال - حي اليرموك,الروضة,بلدية,بلدية الروضة,False,True,كوليفورم | استافيلوكوكس اورياس,كوليفورم | استافيلوكوكس اورياس,2,استافيلوكوكس اورياس,كوليفورم,True,pathogen,date_parsed_from_text,12,True
Data 2025.xlsx,5393,2025-06-21,2025-06,2025-W25,2,5,sweet-1165-r01,sweet-1165-R01,جار كنافة نوتيلا,الحلا(sweetness),sweetness,الحلا(sweetness),sweets_bakery,شركة إيتوال - حي اليرموك,شركة إيتوال,حي اليرموك,شركة إيتوال - حي اليرموك,الروضة,بلدية,بلدية الروضة,False,True,كوليفورم,كوليفورم,1,,كوليفورم,False,indicator_only,date_parsed_from_text,13,True
Data 2025.xlsx,5394,2025-06-21,2025-06,2025-W25,2,5,sweet-1166-r01,sweet-1166-R01,جار كنافة مانجا,الحلا(sweetness),sweetness,الحلا(sweetness),sweets_bakery,شركة إيتوال - حي اليرموك,شركة إيتوال,حي اليرموك,شركة إيتوال - حي اليرموك,الروضة,بلدية,بلدية الروضة,False,True,كوليفورم | استافيلوكوكس اورياس,كوليفورم | استافيلوكوكس اورياس,2,استافيلوكوكس اورياس,كوليفورم,True,pathogen,date_parsed_from_text,14,True
Data 2025.xlsx,5395,2025-06-21,2025-06,2025-W25,2,5,sweet-1167-r01,sweet-1167-R01,ارز بالبن,الحلا(sweetness),sweetness,الحلا(sweetness),sweets_bakery,شركة إيتوال - حي اليرموك,شركة إيتوال,حي اليرموك,شركة إيتوال - حي اليرموك,الروضة,بلدية,بلدية الروضة,False,True,استافيلوكوكس اورياس,استافيلوكوكس اورياس,1,استافيلوكوكس اورياس,,True,pathogen,date_parsed_from_text,15,True
Data 2025.xlsx,5396,2025-06-21,2025-06,2025-W25,2,5,sweet-1168-r01,sweet-1168-R01,ترى ليتشي روشية,الحلا(sweetness),sweetness,الحلا(sweetness),sweets_bakery,شركة إيتوال - حي اليرموك,شركة إيتوال,حي اليرموك,شركة إيتوال - حي اليرموك,الروضة,بلدية,بلدية الروضة,False,True,العد الكلي للبكتيريا,العد الكلي للبكتيريا,1,,العد الكلي للبكتيريا,False,indicator_only,date_parsed_from_text,16,True
Data 2025.xlsx,5397,2025-06-21,2025-06,2025-W25,2,5,sweet-1169-r01,sweet-1169-R01,كرواسون لوتس,الحلا(sweetness),sweetness,الحلا(sweetness),sweets_bakery,شركة إيتوال - حي اليرموك,شركة إيتوال,حي اليرموك,شركة إيتوال - حي اليرموك,الروضة,بلدية,بلدية الروضة,True,False,لا يوجد,,0,,,False,none,date_parsed_from_text,16,True
Data 2025.xlsx,5398,2025-06-21,2025-06,2025-W25,2,5,sweet-1170-r01,sweet-1170-R01,سان سباستيان كيك,الحلا(sweetness),sweetness,الحلا(sweetness),sweets_bakery,شركة إيتوال - حي اليرموك,شركة إيتوال,حي اليرموك,شركة إيتوال - حي اليرموك,الروضة,بلدية,بلدية الروضة,True,False,لا يوجد,,0,,,False,none,date_parsed_from_text,16,True
Data 2025.xlsx,5399,2025-06-21,2025-06,2025-W25,2,5,sweet-1171-r01,sweet-1171-R01,جاتوة كراميل,الحلا(sweetness),sweetness,الحلا(sweetness),sweets_bakery,شركة إيتوال - حي اليرموك,شركة إيتوال,حي اليرموك,شركة إيتوال - حي اليرموك,الروضة,بلدية,بلدية الروضة,True,False,لا يوجد,,0,,,False,none,date_parsed_from_text,16,True
Data 2025.xlsx,5400,2025-06-21,2025-06,2025-W25,2,5,sweet-1172-r01,sweet-1172-R01,جاتوة شوكولاتة روشية,الحلا(sweetness),sweetness,الحلا(sweetness),sweets_bakery,شركة إيتوال - حي اليرموك,شركة إيتوال,حي اليرموك,شركة إيتوال - حي اليرموك,الروضة,بلدية,بلدية الروضة,True,False,لا يوجد,,0,,,False,none,date_parsed_from_text,16,True
Data 2025.xlsx,5401,2025-06-21,2025-06,2025-W25,2,5,sweet-1173-r01,sweet-1173-R01,كلير اوريو,الحلا(sweetness),sweetness,الحلا(sweetness),sweets_bakery,شركة إيتوال - حي اليرموك,شركة إيتوال,حي اليرموك,شركة إيتوال - حي اليرموك,الروضة,بلدية,بلدية الروضة,True,False,لا يوجد,,0,,,False,none,date_parsed_from_text,16,True
Data 2025.xlsx,5402,2025-06-21,2025-06,2025-W25,2,5,sweet-1174-r01,sweet-1174-R01,كنافة قشطة,الحلا(sweetness),sweetness,الحلا(sweetness),sweets_bakery,شركة إيتوال - حي اليرموك,شركة إيتوال,حي اليرموك,شركة إيتوال - حي اليرموك,الروضة,بلدية,بلدية الروضة,True,False,لا يوجد,,0,,,False,none,date_parsed_from_text,16,True
Data 2025.xlsx,5403,2025-06-21,2025-06,2025-W25,2,5,sweet-1175-r01,sweet-1175-R01,بلح الشام بالكريمة,الحلا(sweetness),sweetness,الحلا(sweetness),sweets_bakery,شركة إيتوال - حي اليرموك,شركة إيتوال,حي اليرموك,شركة إيتوال - حي اليرموك,الروضة,بلدية,بلدية الروضة,False,True,كوليفورم,كوليفورم,1,,كوليفورم,False,indicator_only,date_parsed_from_text,17,True
Data 2025.xlsx,5404,2025-06-21,2025-06,2025-W25,2,5,sweet-1176-r01,sweet-1176-R01,كنافة فستق,الحلا(sweetness),sweetness,الحلا(sweetness),sweets_bakery,شركة إيتوال - حي اليرموك,شركة إيتوال,حي اليرموك,شركة إيتوال - حي اليرموك,الروضة,بلدية,بلدية الروضة,True,False,لا يوجد,,0,,,False,none,date_parsed_from_text,17,True
Data 2025.xlsx,5405,2025-06-21,2025-06,2025-W25,2,5,sweet-1177-r01,sweet-1177-R01,بسبوسة سادة,الحلا(sweetness),sweetness,الحلا(sweetness),sweets_bakery,شركة إيتوال - حي اليرموك,شركة إيتوال,حي اليرموك,شركة إيتوال - حي اليرموك,الروضة,بلدية,بلدية الروضة,True,False,لا يوجد,,0,,,False,none,date_parsed_from_text,17,True
Data 2025.xlsx,5412,2025-06-21,2025-06,2025-W25,2,5,sweet-1178-r01,sweet-1178-R01,حلا حليب ماموس,الحلا(sweetness),sweetness,الحلا(sweetness),sweets_bakery,كناف - حي اليرموك,كناف,حي اليرموك,كناف - حي اليرموك,الروضة,بلدية,بلدية الروضة,True,False,لا يوجد,,0,,,False,none,date_parsed_from_text,0,False
Data 2025.xlsx,5413,2025-06-21,2025-06,2025-W25,2,5,sweet-1179-r01,sweet-1179-R01,حلا اصابع كيندر,الحلا(sweetness),sweetness,الحلا(sweetness),sweets_bakery,كناف - حي اليرموك,كناف,حي اليرموك,كناف - حي اليرموك,الروضة,بلدية,بلدية الروضة,True,False,لا يوجد,,0,,,False,none,date_parsed_from_text,0,False
Data 2025.xlsx,5414,2025-06-21,2025-06,2025-W25,2,5,sweet-1180-r01,sweet-1180-R01,حلا اصابع شوكولاتة,الحلا(sweetness),sweetness,الحلا(sweetness),sweets_bakery,كناف - حي اليرموك,كناف,حي اليرموك,كناف - حي اليرموك,الروضة,بلدية,بلدية الروضة,True,False,لا يوجد,,0,,,False,none,date_parsed_from_text,0,False
Data 2025.xlsx,5433,2025-06-21,2025-06,2025-W25,2,5,ubot-0994-r01,Ubot-0994-R01,مياه غسيل ادوات,المياه الغير معبأة (Unbottled water),Unbottled water,المياه الغير معبأة (Unbottled water),water,ملحمة اطياب بلادي التجارية,ملحمة اطياب بلادي التجارية,,ملحمة اطياب بلادي التجارية,الروضة,بلدية,بلدية الروضة,True,False,لا يوجد,,0,,,False,none,date_parsed_from_text,0,False
Data 2025.xlsx,5434,2025-06-21,2025-06,2025-W25,2,5,ubot-0995-r01,Ubot-0995-R01,مياه حنفية للغسيل الادوات,المياه الغير معبأة (Unbottled water),Unbottled water,المياه الغير معبأة (Unbottled water),water,كناف - حي اليرموك,كناف,حي اليرموك,كناف - حي اليرموك,الروضة,بلدية,بلدية الروضة,True,False,لا يوجد,,0,,,False,none,date_parsed_from_text,0,False
Data 2025.xlsx,5492,2025-06-22,2025-06,2025-W25,2,6,1-3105-R01,1-3105-R01,هلابينو,(jalapeno) هلابينو,jalapeno,(jalapeno) هلابينو,produce,صب واي - حي اليروموك,صب واي,حي اليروموك,صب واي - حي اليروموك,الروضة,بلدية,بلدية الروضة,True,False,لا يوجد,,0,,,False,none,date_parsed_from_text,2,True
Data 2025.xlsx,5499,2025-06-22,2025-06,2025-W25,2,6,1-3106-R01,1-3106-R01,تونة مايونيز,(tuna) تونة,tuna,(tuna) تونة,cooked_meat_poultry,صب واي - حي اليروموك,صب واي,حي اليروموك,صب واي - حي اليروموك,الروضة,بلدية,بلدية الروضة,True,False,لا يوجد,,0,,,False,none,date_parsed_from_text,3,True
Data 2025.xlsx,5497,2025-06-22,2025-06,2025-W25,2,6,O-U-to-0634-R01,O-U-to-0634-R01,شرائح طماطم,الطماطم (Tomatoes),Tomatoes,الطماطم (Tomatoes),produce,صب واي - حي اليروموك,صب واي,حي اليروموك,صب واي - حي اليروموك,الروضة,بلدية,بلدية الروضة,True,False,لا يوجد,,0,,,False,none,date_parsed_from_text,2,True
Data 2025.xlsx,5478,2025-06-22,2025-06,2025-W25,2,6,O-r-O3-le-0355-R01,O-r-O3-le-0355-R01,خس,الخس (Lettuce),Lettuce,الخس (Lettuce),produce,برجريشن - حي اليرموك,برجريشن,حي اليرموك,برجريشن - حي اليرموك,الروضة,بلدية,بلدية الروضة,True,False,لا يوجد,,0,,,False,none,date_parsed_from_text,1,False
Data 2025.xlsx,5498,2025-06-22,2025-06,2025-W25,2,6,O-r-U-cu-0251-R01,O-r-U-cu-0251-R01,قطع خيار,الخيار (cucumbers),cucumbers,الخيار (cucumbers),produce,صب واي - حي اليروموك,صب واي,حي اليروموك,صب واي - حي اليروموك,الروضة,بلدية,بلدية الروضة,False,True,استافيلوكوكس اورياس,استافيلوكوكس اورياس,1,استافيلوكوكس اورياس,,True,pathogen,date_parsed_from_text,3,True
Data 2025.xlsx,5494,2025-06-22,2025-06,2025-W25,2,6,UOSS-be-0380-R01,UOSS-be-0380-R01,فاصوليا حمراء مطبوخ,الفاصوليا (beans),beans,الفاصوليا (beans),produce,صب واي - حي اليروموك,صب واي,حي اليروموك,صب واي - حي اليروموك,الروضة,بلدية,بلدية الروضة,True,False,لا يوجد,,0,,,False,none,date_parsed_from_text,2,True
Data 2025.xlsx,5479,2025-06-22,2025-06,2025-W25,2,6,UU-ca-0114-R01,UU-ca-0114-R01,ملفوف,الملفوف (cabbage),cabbage,الملفوف (cabbage),produce,برجريشن - حي اليرموك,برجريشن,حي اليرموك,برجريشن - حي اليرموك,الروضة,بلدية,بلدية الروضة,True,False,لا يوجد,,0,,,False,none,date_parsed_from_text,1,False
Data 2025.xlsx,5503,2025-06-22,2025-06,2025-W25,2,6,cm-0112-r01,Cm-0112-R01,قطع ستيك,اللحوم المطبوخة (Cooked meat),Cooked meat,اللحوم المطبوخة (Cooked meat),cooked_meat_poultry,صب واي - حي اليروموك,صب واي,حي اليروموك,صب واي - حي اليروموك,الروضة,بلدية,بلدية الروضة,True,False,لا يوجد,,0,,,False,none,date_parsed_from_text,4,True
Data 2025.xlsx,5504,2025-06-22,2025-06,2025-W25,2,6,cm-0113-r01,Cm-0113-R01,قطع مكسيكو باربكيو ستيك,اللحوم المطبوخة (Cooked meat),Cooked meat,اللحوم المطبوخة (Cooked meat),cooked_meat_poultry,صب واي - حي اليروموك,صب واي,حي اليروموك,صب واي - حي اليروموك,الروضة,بلدية,بلدية الروضة,True,False,لا يوجد,,0,,,False,none,date_parsed_from_text,4,True
Data 2025.xlsx,5505,2025-06-22,2025-06,2025-W25,2,6,cm-0114-r01,Cm-0114-R01,قطع سارمي لحم بقري,اللحوم المطبوخة (Cooked meat),Cooked meat,اللحوم المطبوخة (Cooked meat),cooked_meat_poultry,صب واي - حي اليروموك,صب واي,حي اليروموك,صب واي - حي اليروموك,الروضة,بلدية,بلدية الروضة,True,False,لا يوجد,,0,,,False,none,date_parsed_from_text,4,True
Data 2025.xlsx,5500,2025-06-22,2025-06,2025-W25,2,6,co-0537-r01,co-0537-R01,دجاج فيرياكي,الدجاج المطبوخ (Cooked chicken),Cooked chicken,الدجاج المطبوخ (Cooked chicken),cooked_meat_poultry,صب واي - حي اليروموك,صب واي,حي اليروموك,صب واي - حي اليروموك,الروضة,بلدية,بلدية الروضة,True,False,لا يوجد,,0,,,False,none,date_parsed_from_text,3,True
Data 2025.xlsx,5501,2025-06-22,2025-06,2025-W25,2,6,co-0538-r01,co-0538-R01,دجاج فهيتا,الدجاج المطبوخ (Cooked chicken),Cooked chicken,الدجاج المطبوخ (Cooked chicken),cooked_meat_poultry,صب واي - حي اليروموك,صب واي,حي اليروموك,صب واي - حي اليروموك,الروضة,بلدية,بلدية الروضة,True,False,لا يوجد,,0,,,False,none,date_parsed_from_text,3,True
Data 2025.xlsx,5502,2025-06-22,2025-06,2025-W25,2,6,co-0539-r01,co-0539-R01,دجاج بيري بيري,الدجاج المطبوخ (Cooked chicken),Cooked chicken,الدجاج المطبوخ (Cooked chicken),cooked_meat_poultry,صب واي - حي اليروموك,صب واي,حي اليروموك,صب واي - حي اليروموك,الروضة,بلدية,بلدية الروضة,False,True,استافيلوكوكس اورياس,استافيلوكوكس اورياس,1,استافيلوكوكس اورياس,,True,pathogen,date_parsed_from_text,4,True
Data 2025.xlsx,5495,2025-06-22,2025-06,2025-W25,2,6,cor-0247-r01,Cor-0247-R01,ذرة,الذرة (Corn),Corn,الذرة (Corn),produce,صب واي - حي اليروموك,صب واي,حي اليروموك,صب واي - حي اليروموك,الروضة,بلدية,بلدية الروضة,True,False,لا يوجد,,0,,,False,none,date_parsed_from_text,2,True
Data 2025.xlsx,5465,2025-06-22,2025-06,2025-W25,2,6,gr-0178-r01,gr-0178-R01,ورق عنب,ورق عنب (Grape leaves),Grape leaves,ورق عنب (Grape leaves),produce,حلويات سعد الدين - حي اليرموك,حلويات سعد الدين,حي اليرموك,حلويات سعد الدين - حي اليرموك,الروضة,بلدية,بلدية الروضة,True,False,لا يوجد,,0,,,False,none,date_parsed_from_text,2,True
Data 2025.xlsx,5455,2025-06-22,2025-06,2025-W25,2,6,icecrea-0135-r01,icecrea-0135-R01,فريزو كوكيز اند كريم,(ice cream) ايسكريم,ice cream,(ice cream) ايسكريم,dairy,حلويات سعد الدين - حي اليرموك,حلويات سعد الدين,حي اليرموك,حلويات سعد الدين - حي اليرموك,الروضة,بلدية,بلدية الروضة,True,False,لا يوجد,,0,,,False,none,date_parsed_from_text,2,True
Data 2025.xlsx,5456,2025-06-22,2025-06,2025-W25,2,6,icecrea-0136-r01,icecrea-0136-R01,ايسي لوب فانيلا,(ice cream) ايسكريم,ice cream,(ice cream) ايسكريم,dairy,حلويات سعد الدين - حي اليرموك,حلويات سعد الدين,حي اليرموك,حلويات سعد الدين - حي اليرموك,الروضة,بلدية,بلدية الروضة,True,False,لا يوجد,,0,,,False,none,date_parsed_from_text,2,True
Data 2025.xlsx,5457,2025-06-22,2025-06,2025-W25,2,6,icecrea-0137-r01,icecrea-0137-R01,فريزو مانجو فراولة,(ice cream) ايسكريم,ice cream,(ice cream) ايسكريم,dairy,حلويات سعد الدين - حي اليرموك,حلويات سعد الدين,حي اليرموك,حلويات سعد الدين - حي اليرموك,الروضة,بلدية,بلدية الروضة,True,False,لا يوجد,,0,,,False,none,date_parsed_from_text,2,True
Data 2025.xlsx,5493,2025-06-22,2025-06,2025-W25,2,6,olv-0479-r01,olv-0479-R01,شرائح زيتون,الزيتون /Olive,Olive,الزيتون /Olive,produce,صب واي - حي اليروموك,صب واي,حي اليروموك,صب واي - حي اليروموك,الروضة,بلدية,بلدية الروضة,True,False,لا يوجد,,0,,,False,none,date_parsed_from_text,2,True
Data 2025.xlsx,5477,2025-06-22,2025-06,2025-W25,2,6,pick-0436-r01,Pick-0436-R01,مخلل خيار,المخلل (Pickle),Pickle,المخلل (Pickle),sauce_condiment,برجريشن - حي اليرموك,برجريشن,حي اليرموك,برجريشن - حي اليرموك,الروضة,بلدية,بلدية الروضة,True,False,لا يوجد,,0,,,False,none,date_parsed_from_text,1,False
Data 2025.xlsx,5496,2025-06-22,2025-06,2025-W25,2,6,pick-0437-r01,Pick-0437-R01,مخلل طماطم,المخلل (Pickle),Pickle,المخلل (Pickle),sauce_condiment,صب واي - حي اليروموك,صب واي,حي اليروموك,صب واي - حي اليروموك,الروضة,بلدية,بلدية الروضة,True,False,لا يوجد,,0,,,False,none,date_parsed_from_text,2,True
Data 2025.xlsx,5435,2025-06-22,2025-06,2025-W25,2,6,raw-0262-r01,Raw-0262-R01,لحم رجل عجل بلدي,لحوم نيئة مبردة ومجمدة (Raw meat Cold or chilled ),Raw meat Cold or chilled,لحوم نيئة مبردة ومجمدة (Raw meat Cold or chilled ),raw_meat,ملحمة سفر العديني للحوم الطازجة,ملحمة سفر العديني للحوم الطازجة,,ملحمة سفر العديني للحوم الطازجة,الروضة,بلدية,بلدية الروضة,True,False,لا يوجد,,0,,,False,none,date_parsed_from_text,0,False
Data 2025.xlsx,5436,2025-06-22,2025-06,2025-W25,2,6,raw-0263-r01,Raw-0263-R01,لحم يد حاشي بلدي,لحوم نيئة مبردة ومجمدة (Raw meat Cold or chilled ),Raw meat Cold or chilled,لحوم نيئة مبردة ومجمدة (Raw meat Cold or chilled ),raw_meat,ملحمة سفر العديني للحوم الطازجة,ملحمة سفر العديني للحوم الطازجة,,ملحمة سفر العديني للحوم الطازجة,الروضة,بلدية,بلدية الروضة,True,False,لا يوجد,,0,,,False,none,date_parsed_from_text,0,False
Data 2025.xlsx,5437,2025-06-22,2025-06,2025-W25,2,6,raw-0264-r01,Raw-0264-R01,لحم ظهر سواكني بلدي,لحوم نيئة مبردة ومجمدة (Raw meat Cold or chilled ),Raw meat Cold or chilled,لحوم نيئة مبردة ومجمدة (Raw meat Cold or chilled ),raw_meat,ملحمة سفر العديني للحوم الطازجة,ملحمة سفر العديني للحوم الطازجة,,ملحمة سفر العديني للحوم الطازجة,الروضة,بلدية,بلدية الروضة,True,False,لا يوجد,,0,,,False,none,date_parsed_from_text,0,False
Data 2025.xlsx,5438,2025-06-22,2025-06,2025-W25,2,6,raw-0265-r01,Raw-0265-R01,قلب سواكني بلدي خاروف اخر,لحوم نيئة مبردة ومجمدة (Raw meat Cold or chilled ),Raw meat Cold or chilled,لحوم نيئة مبردة ومجمدة (Raw meat Cold or chilled ),raw_meat,ملحمة سفر العديني للحوم الطازجة,ملحمة سفر العديني للحوم الطازجة,,ملحمة سفر العديني للحوم الطازجة,الروضة,بلدية,بلدية الروضة,True,False,لا يوجد,,0,,,False,none,date_parsed_from_text,0,False
Data 2025.xlsx,5439,2025-06-22,2025-06,2025-W25,2,6,raw-0266-r01,Raw-0266-R01,كبدة سواكني بلدي خاروف اخر,لحوم نيئة مبردة ومجمدة (Raw meat Cold or chilled ),Raw meat Cold or chilled,لحوم نيئة مبردة ومجمدة (Raw meat Cold or chilled ),raw_meat,ملحمة سفر العديني للحوم الطازجة,ملحمة سفر العديني للحوم الطازجة,,ملحمة سفر العديني للحوم الطازجة,الروضة,بلدية,بلدية الروضة,True,False,لا يوجد,,0,,,False,none,date_parsed_from_text,0,False
Data 2025.xlsx,5440,2025-06-22,2025-06,2025-W25,2,6,raw-0267-r01,Raw-0267-R01,كبدة حاشي من نفس الحاشي,لحوم نيئة مبردة ومجمدة (Raw meat Cold or chilled ),Raw meat Cold or chilled,لحوم نيئة مبردة ومجمدة (Raw meat Cold or chilled ),raw_meat,ملحمة سفر العديني للحوم الطازجة,ملحمة سفر العديني للحوم الطازجة,,ملحمة سفر العديني للحوم الطازجة,الروضة,بلدية,بلدية الروضة,True,False,لا يوجد,,0,,,False,none,date_parsed_from_text,0,False
Data 2025.xlsx,5441,2025-06-22,2025-06,2025-W25,2,6,raw-0268-r01,Raw-0268-R01,قلب حاشي من نفس الحاشي,لحوم نيئة مبردة ومجمدة (Raw meat Cold or chilled ),Raw meat Cold or chilled,لحوم نيئة مبردة ومجمدة (Raw meat Cold or chilled ),raw_meat,ملحمة سفر العديني للحوم الطازجة,ملحمة سفر العديني للحوم الطازجة,,ملحمة سفر العديني للحوم الطازجة,الروضة,بلدية,بلدية الروضة,True,False,لا يوجد,,0,,,False,none,date_parsed_from_text,0,False
Data 2025.xlsx,5491,2025-06-22,2025-06,2025-W25,2,6,sal-1396-r01,Sal-1396-R01,سلطة افوكادو,السلطة(Salad),Salad,السلطة(Salad),produce,صب واي - حي اليروموك,صب واي,حي اليروموك,صب واي - حي اليروموك,الروضة,بلدية,بلدية الروضة,True,False,لا يوجد,,0,,,False,none,date_parsed_from_text,2,True
Data 2025.xlsx,5473,2025-06-22,2025-06,2025-W25,2,6,sau-1869-r01,sau-1869-R01,صوص مفروم,صوص (sauce),sauce,صوص (sauce),sauce_condiment,برجريشن - حي اليرموك,برجريشن,حي اليرموك,برجريشن - حي اليرموك,الروضة,بلدية,بلدية الروضة,True,False,لا يوجد,,0,,,False,none,date_parsed_from_text,0,False
Data 2025.xlsx,5474,2025-06-22,2025-06,2025-W25,2,6,sau-1870-r01,sau-1870-R01,صوص سموك باربكيو,صوص (sauce),sauce,صوص (sauce),sauce_condiment,برجريشن - حي اليرموك,برجريشن,حي اليرموك,برجريشن - حي اليرموك,الروضة,بلدية,بلدية الروضة,False,True,العد الكلي للبكتيريا,العد الكلي للبكتيريا,1,,العد الكلي للبكتيريا,False,indicator_only,date_parsed_from_text,1,False
Data 2025.xlsx,5475,2025-06-22,2025-06,2025-W25,2,6,sau-1871-r01,sau-1871-R01,صوص ماسترد,صوص (sauce),sauce,صوص (sauce),sauce_condiment,برجريشن - حي اليرموك,برجريشن,حي اليرموك,برجريشن - حي اليرموك,الروضة,بلدية,بلدية الروضة,True,False,لا يوجد,,0,,,False,none,date_parsed_from_text,1,False
Data 2025.xlsx,5476,2025-06-22,2025-06,2025-W25,2,6,sau-1872-r01,sau-1872-R01,صوص كاتشب,صوص (sauce),sauce,صوص (sauce),sauce_condiment,برجريشن - حي اليرموك,برجريشن,حي اليرموك,برجريشن - حي اليرموك,الروضة,بلدية,بلدية الروضة,True,False,لا يوجد,,0,,,False,none,date_parsed_from_text,1,False
Data 2025.xlsx,5484,2025-06-22,2025-06,2025-W25,2,6,sau-1873-r01,sau-1873-R01,صوص مايونيز,صوص (sauce),sauce,صوص (sauce),sauce_condiment,صب واي - حي اليروموك,صب واي,حي اليروموك,صب واي - حي اليروموك,الروضة,بلدية,بلدية الروضة,False,True,العد الكلي للبكتيريا,العد الكلي للبكتيريا,1,,العد الكلي للبكتيريا,False,indicator_only,date_parsed_from_text,1,False
Data 2025.xlsx,5485,2025-06-22,2025-06,2025-W25,2,6,sau-1874-r01,sau-1874-R01,صوص ثاوز ايلند,صوص (sauce),sauce,صوص (sauce),sauce_condiment,صب واي - حي اليروموك,صب واي,حي اليروموك,صب واي - حي اليروموك,الروضة,بلدية,بلدية الروضة,True,False,لا يوجد,,0,,,False,none,date_parsed_from_text,1,False
Data 2025.xlsx,5486,2025-06-22,2025-06,2025-W25,2,6,sau-1875-r01,sau-1875-R01,صوص شبيوتلي,صوص (sauce),sauce,صوص (sauce),sauce_condiment,صب واي - حي اليروموك,صب واي,حي اليروموك,صب واي - حي اليروموك,الروضة,بلدية,بلدية الروضة,True,False,لا يوجد,,0,,,False,none,date_parsed_from_text,1,False
Data 2025.xlsx,5487,2025-06-22,2025-06,2025-W25,2,6,sau-1876-r01,sau-1876-R01,صوص كاتشب,صوص (sauce),sauce,صوص (sauce),sauce_condiment,صب واي - حي اليروموك,صب واي,حي اليروموك,صب واي - حي اليروموك,الروضة,بلدية,بلدية الروضة,True,False,لا يوجد,,0,,,False,none,date_parsed_from_text,1,False
Data 2025.xlsx,5488,2025-06-22,2025-06,2025-W25,2,6,sau-1877-r01,sau-1877-R01,صوص هاني ماستر,صوص (sauce),sauce,صوص (sauce),sauce_condiment,صب واي - حي اليروموك,صب واي,حي اليروموك,صب واي - حي اليروموك,الروضة,بلدية,بلدية الروضة,True,False,لا يوجد,,0,,,False,none,date_parsed_from_text,1,False
Data 2025.xlsx,5489,2025-06-22,2025-06,2025-W25,2,6,sau-1878-r01,sau-1878-R01,صوص جبن فرنسي,صوص (sauce),sauce,صوص (sauce),sauce_condiment,صب واي - حي اليروموك,صب واي,حي اليروموك,صب واي - حي اليروموك,الروضة,بلدية,بلدية الروضة,True,False,لا يوجد,,0,,,False,none,date_parsed_from_text,1,False
Data 2025.xlsx,5490,2025-06-22,2025-06,2025-W25,2,6,sau-1879-r01,sau-1879-R01,صوص باربيكو,صوص (sauce),sauce,صوص (sauce),sauce_condiment,صب واي - حي اليروموك,صب واي,حي اليروموك,صب واي - حي اليروموك,الروضة,بلدية,بلدية الروضة,False,True,العد الكلي للبكتيريا,العد الكلي للبكتيريا,1,,العد الكلي للبكتيريا,False,indicator_only,date_parsed_from_text,2,True
Data 2025.xlsx,5466,2025-06-22,2025-06,2025-W25,2,6,sw-3198-r01,sw-3198-R01,مسحة ثلاجة,(Swabs) المسحات,Swabs,(Swabs) المسحات,swab,حلويات سعد الدين - حي اليرموك,حلويات سعد الدين,حي اليرموك,حلويات سعد الدين - حي اليرموك,الروضة,بلدية,بلدية الروضة,True,False,لا يوجد,,0,,,False,none,date_parsed_from_text,2,True
Data 2025.xlsx,5467,2025-06-22,2025-06,2025-W25,2,6,sw-3199-r01,sw-3199-R01,مسحة ثلاجة,(Swabs) المسحات,Swabs,(Swabs) المسحات,swab,حلويات سعد الدين - حي اليرموك,حلويات سعد الدين,حي اليرموك,حلويات سعد الدين - حي اليرموك,الروضة,بلدية,بلدية الروضة,True,False,لا يوجد,,0,,,False,none,date_parsed_from_text,2,True
Data 2025.xlsx,5468,2025-06-22,2025-06,2025-W25,2,6,sw-3200-r01,sw-3200-R01,مسحة ثلاجة,(Swabs) المسحات,Swabs,(Swabs) المسحات,swab,حلويات سعد الدين - حي اليرموك,حلويات سعد الدين,حي اليرموك,حلويات سعد الدين - حي اليرموك,الروضة,بلدية,بلدية الروضة,True,False,لا يوجد,,0,,,False,none,date_parsed_from_text,2,True
Data 2025.xlsx,5469,2025-06-22,2025-06,2025-W25,2,6,sw-3201-r01,sw-3201-R01,مسحة ثلاجة,(Swabs) المسحات,Swabs,(Swabs) المسحات,swab,حلويات سعد الدين - حي اليرموك,حلويات سعد الدين,حي اليرموك,حلويات سعد الدين - حي اليرموك,الروضة,بلدية,بلدية الروضة,False,True,العد الكلي للبكتيريا,العد الكلي للبكتيريا,1,,العد الكلي للبكتيريا,False,indicator_only,date_parsed_from_text,3,True
Data 2025.xlsx,5470,2025-06-22,2025-06,2025-W25,2,6,sw-3202-r01,sw-3202-R01,مسحة ثلاجة,(Swabs) المسحات,Swabs,(Swabs) المسحات,swab,حلويات سعد الدين - حي اليرموك,حلويات سعد الدين,حي اليرموك,حلويات سعد الدين - حي اليرموك,الروضة,بلدية,بلدية الروضة,True,False,لا يوجد,,0,,,False,none,date_parsed_from_text,3,True
Data 2025.xlsx,5471,2025-06-22,2025-06,2025-W25,2,6,sw-3203-r01,sw-3203-R01,مسحة ثلاجة,(Swabs) المسحات,Swabs,(Swabs) المسحات,swab,حلويات سعد الدين - حي اليرموك,حلويات سعد الدين,حي اليرموك,حلويات سعد الدين - حي اليرموك,الروضة,بلدية,بلدية الروضة,True,False,لا يوجد,,0,,,False,none,date_parsed_from_text,3,True
Data 2025.xlsx,5472,2025-06-22,2025-06,2025-W25,2,6,sw-3204-r01,sw-3204-R01,مسحة حافظة بقلاوة,(Swabs) المسحات,Swabs,(Swabs) المسحات,swab,حلويات سعد الدين - حي اليرموك,حلويات سعد الدين,حي اليرموك,حلويات سعد الدين - حي اليرموك,الروضة,بلدية,بلدية الروضة,True,False,لا يوجد,,0,,,False,none,date_parsed_from_text,3,True
Data 2025.xlsx,5480,2025-06-22,2025-06,2025-W25,2,6,sw-3212-r01,sw-3212-R01,مسحة ثلاجة الصوصات,(Swabs) المسحات,Swabs,(Swabs) المسحات,swab,برجريشن - حي اليرموك,برجريشن,حي اليرموك,برجريشن - حي اليرموك,الروضة,بلدية,بلدية الروضة,True,False,لا يوجد,,0,,,False,none,date_parsed_from_text,1,False
Data 2025.xlsx,5481,2025-06-22,2025-06,2025-W25,2,6,sw-3213-r01,sw-3213-R01,مسحة ثلاجة سلطات,(Swabs) المسحات,Swabs,(Swabs) المسحات,swab,برجريشن - حي اليرموك,برجريشن,حي اليرموك,برجريشن - حي اليرموك,الروضة,بلدية,بلدية الروضة,True,False,لا يوجد,,0,,,False,none,date_parsed_from_text,1,False
Data 2025.xlsx,5482,2025-06-22,2025-06,2025-W25,2,6,sw-3214-r01,sw-3214-R01,مسحة ثلاجة,(Swabs) المسحات,Swabs,(Swabs) المسحات,swab,برجريشن - حي اليرموك,برجريشن,حي اليرموك,برجريشن - حي اليرموك,الروضة,بلدية,بلدية الروضة,True,False,لا يوجد,,0,,,False,none,date_parsed_from_text,1,False
Data 2025.xlsx,5483,2025-06-22,2025-06,2025-W25,2,6,sw-3215-r01,sw-3215-R01,مسحة حافظة بطاطس,(Swabs) المسحات,Swabs,(Swabs) المسحات,swab,برجريشن - حي اليرموك,برجريشن,حي اليرموك,برجريشن - حي اليرموك,الروضة,بلدية,بلدية الروضة,True,False,لا يوجد,,0,,,False,none,date_parsed_from_text,1,False
Data 2025.xlsx,5506,2025-06-22,2025-06,2025-W25,2,6,sw-3216-r01,sw-3216-R01,مسحة ثلاجة,(Swabs) المسحات,Swabs,(Swabs) المسحات,swab,صب واي - حي اليروموك,صب واي,حي اليروموك,صب واي - حي اليروموك,الروضة,بلدية,بلدية الروضة,True,False,لا يوجد,,0,,,False,none,date_parsed_from_text,4,True
Data 2025.xlsx,5507,2025-06-22,2025-06,2025-W25,2,6,sw-3217-r01,sw-3217-R01,مسحة ثلاجة,(Swabs) المسحات,Swabs,(Swabs) المسحات,swab,صب واي - حي اليروموك,صب واي,حي اليروموك,صب واي - حي اليروموك,الروضة,بلدية,بلدية الروضة,True,False,لا يوجد,,0,,,False,none,date_parsed_from_text,4,True
Data 2025.xlsx,5508,2025-06-22,2025-06,2025-W25,2,6,sw-3218-r01,sw-3218-R01,مسحة حافظة خبز,(Swabs) المسحات,Swabs,(Swabs) المسحات,swab,صب واي - حي اليروموك,صب واي,حي اليروموك,صب واي - حي اليروموك,الروضة,بلدية,بلدية الروضة,True,False,لا يوجد,,0,,,False,none,date_parsed_from_text,4,True
Data 2025.xlsx,5442,2025-06-22,2025-06,2025-W25,2,6,sweet-1181-r01,sweet-1181-R01,حلاوة جبنة,الحلا(sweetness),sweetness,الحلا(sweetness),sweets_bakery,حلويات سعد الدين - حي اليرموك,حلويات سعد الدين,حي اليرموك,حلويات سعد الدين - حي اليرموك,الروضة,بلدية,بلدية الروضة,False,True,استافيلوكوكس اورياس,استافيلوكوكس اورياس,1,استافيلوكوكس اورياس,,True,pathogen,date_parsed_from_text,1,False
Data 2025.xlsx,5443,2025-06-22,2025-06,2025-W25,2,6,sweet-1182-r01,sweet-1182-R01,عش البلبل راس بيري,الحلا(sweetness),sweetness,الحلا(sweetness),sweets_bakery,حلويات سعد الدين - حي اليرموك,حلويات سعد الدين,حي اليرموك,حلويات سعد الدين - حي اليرموك,الروضة,بلدية,بلدية الروضة,True,False,لا يوجد,,0,,,False,none,date_parsed_from_text,1,False
Data 2025.xlsx,5444,2025-06-22,2025-06,2025-W25,2,6,sweet-1183-r01,sweet-1183-R01,ورد الشام بالقشطة,الحلا(sweetness),sweetness,الحلا(sweetness),sweets_bakery,حلويات سعد الدين - حي اليرموك,حلويات سعد الدين,حي اليرموك,حلويات سعد الدين - حي اليرموك,الروضة,بلدية,بلدية الروضة,False,True,استافيلوكوكس اورياس,استافيلوكوكس اورياس,1,استافيلوكوكس اورياس,,True,pathogen,date_parsed_from_text,2,True
Data 2025.xlsx,5445,2025-06-22,2025-06,2025-W25,2,6,sweet-1184-r01,sweet-1184-R01,بقلاوة مشكل,الحلا(sweetness),sweetness,الحلا(sweetness),sweets_bakery,حلويات سعد الدين - حي اليرموك,حلويات سعد الدين,حي اليرموك,حلويات سعد الدين - حي اليرموك,الروضة,بلدية,بلدية الروضة,True,False,لا يوجد,,0,,,False,none,date_parsed_from_text,2,True
Data 2025.xlsx,5446,2025-06-22,2025-06,2025-W25,2,6,sweet-1185-r01,sweet-1185-R01,بقلاوة بالكاجو اصابع,الحلا(sweetness),sweetness,الحلا(sweetness),sweets_bakery,حلويات سعد الدين - حي اليرموك,حلويات سعد الدين,حي اليرموك,حلويات سعد الدين - حي اليرموك,الروضة,بلدية,بلدية الروضة,True,False,لا يوجد,,0,,,False,none,date_parsed_from_text,2,True
Data 2025.xlsx,5447,2025-06-22,2025-06,2025-W25,2,6,sweet-1186-r01,sweet-1186-R01,بقلاوة فستق فرش,الحلا(sweetness),sweetness,الحلا(sweetness),sweets_bakery,حلويات سعد الدين - حي اليرموك,حلويات سعد الدين,حي اليرموك,حلويات سعد الدين - حي اليرموك,الروضة,بلدية,بلدية الروضة,True,False,لا يوجد,,0,,,False,none,date_parsed_from_text,2,True
Data 2025.xlsx,5448,2025-06-22,2025-06,2025-W25,2,6,sweet-1187-r01,sweet-1187-R01,تمورة فرش,الحلا(sweetness),sweetness,الحلا(sweetness),sweets_bakery,حلويات سعد الدين - حي اليرموك,حلويات سعد الدين,حي اليرموك,حلويات سعد الدين - حي اليرموك,الروضة,بلدية,بلدية الروضة,True,False,لا يوجد,,0,,,False,none,date_parsed_from_text,2,True
Data 2025.xlsx,5449,2025-06-22,2025-06,2025-W25,2,6,sweet-1188-r01,sweet-1188-R01,معمول تمر بالسمسم,الحلا(sweetness),sweetness,الحلا(sweetness),sweets_bakery,حلويات سعد الدين - حي اليرموك,حلويات سعد الدين,حي اليرموك,حلويات سعد الدين - حي اليرموك,الروضة,بلدية,بلدية الروضة,True,False,لا يوجد,,0,,,False,none,date_parsed_from_text,2,True
Data 2025.xlsx,5450,2025-06-22,2025-06,2025-W25,2,6,sweet-1189-r01,sweet-1189-R01,معمول تمر مع فستق,الحلا(sweetness),sweetness,الحلا(sweetness),sweets_bakery,حلويات سعد الدين - حي اليرموك,حلويات سعد الدين,حي اليرموك,حلويات سعد الدين - حي اليرموك,الروضة,بلدية,بلدية الروضة,True,False,لا يوجد,,0,,,False,none,date_parsed_from_text,2,True
Data 2025.xlsx,5451,2025-06-22,2025-06,2025-W25,2,6,sweet-1190-r01,sweet-1190-R01,كعك ملبن,الحلا(sweetness),sweetness,الحلا(sweetness),sweets_bakery,حلويات سعد الدين - حي اليرموك,حلويات سعد الدين,حي اليرموك,حلويات سعد الدين - حي اليرموك,الروضة,بلدية,بلدية الروضة,True,False,لا يوجد,,0,,,False,none,date_parsed_from_text,2,True
Data 2025.xlsx,5452,2025-06-22,2025-06,2025-W25,2,6,sweet-1191-r01,sweet-1191-R01,شوكولاتة طحينة,الحلا(sweetness),sweetness,الحلا(sweetness),sweets_bakery,حلويات سعد الدين - حي اليرموك,حلويات سعد الدين,حي اليرموك,حلويات سعد الدين - حي اليرموك,الروضة,بلدية,بلدية الروضة,True,False,لا يوجد,,0,,,False,none,date_parsed_from_text,2,True
Data 2025.xlsx,5453,2025-06-22,2025-06,2025-W25,2,6,sweet-1192-r01,sweet-1192-R01,شوكولاتة بيضاء سادة,الحلا(sweetness),sweetness,الحلا(sweetness),sweets_bakery,حلويات سعد الدين - حي اليرموك,حلويات سعد الدين,حي اليرموك,حلويات سعد الدين - حي اليرموك,الروضة,بلدية,بلدية الروضة,True,False,لا يوجد,,0,,,False,none,date_parsed_from_text,2,True
Data 2025.xlsx,5454,2025-06-22,2025-06,2025-W25,2,6,sweet-1193-r01,sweet-1193-R01,شوكولاتة كرانشي,الحلا(sweetness),sweetness,الحلا(sweetness),sweets_bakery,حلويات سعد الدين - حي اليرموك,حلويات سعد الدين,حي اليرموك,حلويات سعد الدين - حي اليرموك,الروضة,بلدية,بلدية الروضة,True,False,لا يوجد,,0,,,False,none,date_parsed_from_text,2,True
Data 2025.xlsx,5458,2025-06-22,2025-06,2025-W25,2,6,sweet-1194-r01,sweet-1194-R01,كيك سنكزس,الحلا(sweetness),sweetness,الحلا(sweetness),sweets_bakery,حلويات سعد الدين - حي اليرموك,حلويات سعد الدين,حي اليرموك,حلويات سعد الدين - حي اليرموك,الروضة,بلدية,بلدية الروضة,True,False,لا يوجد,,0,,,False,none,date_parsed_from_text,2,True
Data 2025.xlsx,5459,2025-06-22,2025-06,2025-W25,2,6,sweet-1195-r01,sweet-1195-R01,قطعة كيك روشية,الحلا(sweetness),sweetness,الحلا(sweetness),sweets_bakery,حلويات سعد الدين - حي اليرموك,حلويات سعد الدين,حي اليرموك,حلويات سعد الدين - حي اليرموك,الروضة,بلدية,بلدية الروضة,True,False,لا يوجد,,0,,,False,none,date_parsed_from_text,2,True
Data 2025.xlsx,5460,2025-06-22,2025-06,2025-W25,2,6,sweet-1196-r01,sweet-1196-R01,قطعة كيك رافيلو,الحلا(sweetness),sweetness,الحلا(sweetness),sweets_bakery,حلويات سعد الدين - حي اليرموك,حلويات سعد الدين,حي اليرموك,حلويات سعد الدين - حي اليرموك,الروضة,بلدية,بلدية الروضة,True,False,لا يوجد,,0,,,False,none,date_parsed_from_text,2,True
Data 2025.xlsx,5461,2025-06-22,2025-06,2025-W25,2,6,sweet-1197-r01,sweet-1197-R01,تشيز كيك توت احمر,الحلا(sweetness),sweetness,الحلا(sweetness),sweets_bakery,حلويات سعد الدين - حي اليرموك,حلويات سعد الدين,حي اليرموك,حلويات سعد الدين - حي اليرموك,الروضة,بلدية,بلدية الروضة,True,False,لا يوجد,,0,,,False,none,date_parsed_from_text,2,True
Data 2025.xlsx,5462,2025-06-22,2025-06,2025-W25,2,6,sweet-1198-r01,sweet-1198-R01,كيك توكس,الحلا(sweetness),sweetness,الحلا(sweetness),sweets_bakery,حلويات سعد الدين - حي اليرموك,حلويات سعد الدين,حي اليرموك,حلويات سعد الدين - حي اليرموك,الروضة,بلدية,بلدية الروضة,True,False,لا يوجد,,0,,,False,none,date_parsed_from_text,2,True
Data 2025.xlsx,5463,2025-06-22,2025-06,2025-W25,2,6,sweet-1199-r01,sweet-1199-R01,كيك رد فلفت,الحلا(sweetness),sweetness,الحلا(sweetness),sweets_bakery,حلويات سعد الدين - حي اليرموك,حلويات سعد الدين,حي اليرموك,حلويات سعد الدين - حي اليرموك,الروضة,بلدية,بلدية الروضة,True,False,لا يوجد,,0,,,False,none,date_parsed_from_text,2,True
Data 2025.xlsx,5464,2025-06-22,2025-06,2025-W25,2,6,sweet-1200-r01,sweet-1200-R01,كيك كت كات,الحلا(sweetness),sweetness,الحلا(sweetness),sweets_bakery,حلويات سعد الدين - حي اليرموك,حلويات سعد الدين,حي اليرموك,حلويات سعد الدين - حي اليرموك,الروضة,بلدية,بلدية الروضة,True,False,لا يوجد,,0,,,False,none,date_parsed_from_text,2,True
Data 2025.xlsx,5509,2025-06-22,2025-06,2025-W25,2,6,ubot-0996-r01,Ubot-0996-R01,مياه حنفية لغسيل الادوات م-ك,المياه الغير معبأة (Unbottled water),Unbottled water,المياه الغير معبأة (Unbottled water),water,ملحمة سفر العديني للحوم الطازجة,ملحمة سفر العديني للحوم الطازجة,,ملحمة سفر العديني للحوم الطازجة,الروضة,بلدية,بلدية الروضة,True,False,لا يوجد,,0,,,False,none,date_parsed_from_text,0,False
Data 2025.xlsx,5510,2025-06-22,2025-06,2025-W25,2,6,ubot-0997-r01,Ubot-0997-R01,مياه فلتر غسيل ادوات,المياه الغير معبأة (Unbottled water),Unbottled water,المياه الغير معبأة (Unbottled water),water,صب واي - حي اليروموك,صب واي,حي اليروموك,صب واي - حي اليروموك,الروضة,بلدية,بلدية الروضة,True,False,لا يوجد,,0,,,False,none,date_parsed_from_text,4,True
Data 2025.xlsx,5575,2025-06-23,2025-06,2025-W26,2,0,1-3110-R01,1-3110-R01,نكهة ماتشا,نكهات مركزة ( Syrup ),Syrup,نكهات مركزة ( Syrup ),sauce_condiment,هاف مليون - حي اليرموك,هاف مليون,حي اليرموك,هاف مليون - حي اليرموك,الروضة,بلدية,بلدية الروضة,True,False,لا يوجد,,0,,,False,none,date_parsed_from_text,2,True
Data 2025.xlsx,5576,2025-06-23,2025-06,2025-W26,2,0,1-3111-R01,1-3111-R01,نكهة سيريل,نكهات مركزة ( Syrup ),Syrup,نكهات مركزة ( Syrup ),sauce_condiment,هاف مليون - حي اليرموك,هاف مليون,حي اليرموك,هاف مليون - حي اليرموك,الروضة,بلدية,بلدية الروضة,False,True,الخمائر والاعفان,الخمائر والاعفان,1,,الخمائر والاعفان,False,indicator_only,date_parsed_from_text,3,True
Data 2025.xlsx,5577,2025-06-23,2025-06,2025-W26,2,0,1-3112-R01,1-3112-R01,نكهة بستاشو,نكهات مركزة ( Syrup ),Syrup,نكهات مركزة ( Syrup ),sauce_condiment,هاف مليون - حي اليرموك,هاف مليون,حي اليرموك,هاف مليون - حي اليرموك,الروضة,بلدية,بلدية الروضة,False,True,الخمائر والاعفان,الخمائر والاعفان,1,,الخمائر والاعفان,False,indicator_only,date_parsed_from_text,4,True
Data 2025.xlsx,5578,2025-06-23,2025-06,2025-W26,2,0,1-3113-R01,1-3113-R01,نكهة سيجنتشر,نكهات مركزة ( Syrup ),Syrup,نكهات مركزة ( Syrup ),sauce_condiment,هاف مليون - حي اليرموك,هاف مليون,حي اليرموك,هاف مليون - حي اليرموك,الروضة,بلدية,بلدية الروضة,False,True,الخمائر والاعفان,الخمائر والاعفان,1,,الخمائر والاعفان,False,indicator_only,date_parsed_from_text,5,True
Data 2025.xlsx,5564,2025-06-23,2025-06,2025-W26,2,0,O-U-to-0635-R01,O-U-to-0635-R01,شرائح طماطم,الطماطم (Tomatoes),Tomatoes,الطماطم (Tomatoes),produce,مطاعم الافراح - حي اليرموك,مطاعم الافراح,حي اليرموك,مطاعم الافراح - حي اليرموك,الروضة,بلدية,بلدية الروضة,True,False,لا يوجد,,0,,,False,none,date_parsed_from_text,6,True
Data 2025.xlsx,5528,2025-06-23,2025-06,2025-W26,2,0,OO-OSS-po-0402-R01,OO-OSS-po-0402-R01,بطاطس مقلي,البطاطس (potatoes),potatoes,البطاطس (potatoes),produce,مطاعم ركن الرافدين - حي اليرموك,مطاعم ركن الرافدين,حي اليرموك,مطاعم ركن الرافدين - حي اليرموك,الروضة,بلدية,بلدية الروضة,True,False,لا يوجد,,0,,,False,none,date_parsed_from_text,6,True
Data 2025.xlsx,5560,2025-06-23,2025-06,2025-W26,2,0,OaU-da-1127-R01,OaU-da-1127-R01,معجون تمر,التمر / Dates,Dates,التمر / Dates,produce,مطاعم الافراح - حي اليرموك,مطاعم الافراح,حي اليرموك,مطاعم الافراح - حي اليرموك,الروضة,بلدية,بلدية الروضة,False,True,اعفان,الخمائر والاعفان,1,,الخمائر والاعفان,False,indicator_only,date_parsed_from_text,3,True
Data 2025.xlsx,5520,2025-06-23,2025-06,2025-W26,2,0,appe-0499-r01,Appe-0499-R01,حمص,مقبلات (Appetizers),Appetizers,مقبلات (Appetizers),prepared_meal,مطاعم ركن الرافدين - حي اليرموك,مطاعم ركن الرافدين,حي اليرموك,مطاعم ركن الرافدين - حي اليرموك,الروضة,بلدية,بلدية الروضة,False,True,العد الكلي للبكتيريا,العد الكلي للبكتيريا,1,,العد الكلي للبكتيريا,False,indicator_only,date_parsed_from_text,1,False
Data 2025.xlsx,5521,2025-06-23,2025-06,2025-W26,2,0,appe-0500-r01,Appe-0500-R01,متبل,مقبلات (Appetizers),Appetizers,مقبلات (Appetizers),prepared_meal,مطاعم ركن الرافدين - حي اليرموك,مطاعم ركن الرافدين,حي اليرموك,مطاعم ركن الرافدين - حي اليرموك,الروضة,بلدية,بلدية الروضة,False,True,العد الكلي للبكتيريا,العد الكلي للبكتيريا,1,,العد الكلي للبكتيريا,False,indicator_only,date_parsed_from_text,2,True
Data 2025.xlsx,5522,2025-06-23,2025-06,2025-W26,2,0,appe-0501-r01,Appe-0501-R01,بابا غنوج,مقبلات (Appetizers),Appetizers,مقبلات (Appetizers),prepared_meal,مطاعم ركن الرافدين - حي اليرموك,مطاعم ركن الرافدين,حي اليرموك,مطاعم ركن الرافدين - حي اليرموك,الروضة,بلدية,بلدية الروضة,False,True,العد الكلي للبكتيريا,العد الكلي للبكتيريا,1,,العد الكلي للبكتيريا,False,indicator_only,date_parsed_from_text,3,True
Data 2025.xlsx,5524,2025-06-23,2025-06,2025-W26,2,0,appe-0502-r01,Appe-0502-R01,تبولة,مقبلات (Appetizers),Appetizers,مقبلات (Appetizers),prepared_meal,مطاعم ركن الرافدين - حي اليرموك,مطاعم ركن الرافدين,حي اليرموك,مطاعم ركن الرافدين - حي اليرموك,الروضة,بلدية,بلدية الروضة,False,True,استافيلوكوكس اورياس,استافيلوكوكس اورياس,1,استافيلوكوكس اورياس,,True,pathogen,date_parsed_from_text,4,True
Data 2025.xlsx,5601,2025-06-23,2025-06,2025-W26,2,0,bot-0025-r01,bot-0025-R01,مياه معباة للعصائر,المياه الغير معبأة (Unbottled water),Unbottled water,المياه الغير معبأة (Unbottled water),water,مطاعم ركن الرافدين - حي اليرموك,مطاعم ركن الرافدين,حي اليرموك,مطاعم ركن الرافدين - حي اليرموك,الروضة,بلدية,بلدية الروضة,False,True,كوليفورم | ايشيريشيا كولاي,كوليفورم | ايشيريشيا كولاي,2,ايشيريشيا كولاي,كوليفورم,True,pathogen,date_parsed_from_text,10,True
Data 2025.xlsx,5529,2025-06-23,2025-06,2025-W26,2,0,br-0097-r01,Br-0097-R01,خبز صاج,الخبـز (Bread),Bread,الخبـز (Bread),sweets_bakery,مطاعم ركن الرافدين - حي اليرموك,مطاعم ركن الرافدين,حي اليرموك,مطاعم ركن الرافدين - حي اليرموك,الروضة,بلدية,بلدية الروضة,True,False,لا يوجد,,0,,,False,none,date_parsed_from_text,6,True
Data 2025.xlsx,5561,2025-06-23,2025-06,2025-W26,2,0,chee-0758-r01,Chee-0758-R01,جبن سائل,(cheese) جبنة,cheese,(cheese) جبنة,dairy,مطاعم الافراح - حي اليرموك,مطاعم الافراح,حي اليرموك,مطاعم الافراح - حي اليرموك,الروضة,بلدية,بلدية الروضة,False,True,انتيروباكتريسي,انتيروباكتريسي,1,,انتيروباكتريسي,False,indicator_only,date_parsed_from_text,4,True
Data 2025.xlsx,5562,2025-06-23,2025-06,2025-W26,2,0,chee-0759-r01,Chee-0759-R01,جبن شيدر,(cheese) جبنة,cheese,(cheese) جبنة,dairy,مطاعم الافراح - حي اليرموك,مطاعم الافراح,حي اليرموك,مطاعم الافراح - حي اليرموك,الروضة,بلدية,بلدية الروضة,False,True,انتيروباكتريسي,انتيروباكتريسي,1,,انتيروباكتريسي,False,indicator_only,date_parsed_from_text,5,True
Data 2025.xlsx,5537,2025-06-23,2025-06,2025-W26,2,0,co-0540-r01,co-0540-R01,دجاج نص استواء,الدجاج المطبوخ (Cooked chicken),Cooked chicken,الدجاج المطبوخ (Cooked chicken),cooked_meat_poultry,مطاعم ركن الرافدين - حي اليرموك,مطاعم ركن الرافدين,حي اليرموك,مطاعم ركن الرافدين - حي اليرموك,الروضة,بلدية,بلدية الروضة,True,False,لا يوجد,,0,,,False,none,date_parsed_from_text,9,True
Data 2025.xlsx,5552,2025-06-23,2025-06,2025-W26,2,0,co-0541-r01,co-0541-R01,قطع شاورما دجاج,الدجاج المطبوخ (Cooked chicken),Cooked chicken,الدجاج المطبوخ (Cooked chicken),cooked_meat_poultry,مطعم فريج نوير - حي اليرموك,مطعم فريج نوير,حي اليرموك,مطعم فريج نوير - حي اليرموك,الروضة,بلدية,بلدية الروضة,True,False,لا يوجد,,0,,,False,none,date_parsed_from_text,0,False
Data 2025.xlsx,5563,2025-06-23,2025-06,2025-W26,2,0,com-0023-r01,com-0023-R01,كورن فليكس,(corn chips) كورن فليكس,corn chips,(corn chips) كورن فليكس,produce,مطاعم الافراح - حي اليرموك,مطاعم الافراح,حي اليرموك,مطاعم الافراح - حي اليرموك,الروضة,بلدية,بلدية الروضة,False,True,العد الكلي للبكتيريا,العد الكلي للبكتيريا,1,,العد الكلي للبكتيريا,False,indicator_only,date_parsed_from_text,6,True
Data 2025.xlsx,5525,2025-06-23,2025-06,2025-W26,2,0,gr-0180-r01,gr-0180-R01,ورق عنب,ورق عنب (Grape leaves),Grape leaves,ورق عنب (Grape leaves),produce,مطاعم ركن الرافدين - حي اليرموك,مطاعم ركن الرافدين,حي اليرموك,مطاعم ركن الرافدين - حي اليرموك,الروضة,بلدية,بلدية الروضة,True,False,لا يوجد,,0,,,False,none,date_parsed_from_text,4,True
Data 2025.xlsx,5557,2025-06-23,2025-06,2025-W26,2,0,ho-0236-r01,ho-0236-R01,عسل,(Honey) عسل النحل,Honey,(Honey) عسل النحل,sweets_bakery,مطاعم الافراح - حي اليرموك,مطاعم الافراح,حي اليرموك,مطاعم الافراح - حي اليرموك,الروضة,بلدية,بلدية الروضة,True,False,لا يوجد,,0,,,False,none,date_parsed_from_text,1,False
Data 2025.xlsx,5531,2025-06-23,2025-06,2025-W26,2,0,hs-0319-r01,HS-0319-R01,شطة,الشطة (Hot sauce),Hot sauce,الشطة (Hot sauce),sauce_condiment,مطاعم ركن الرافدين - حي اليرموك,مطاعم ركن الرافدين,حي اليرموك,مطاعم ركن الرافدين - حي اليرموك,الروضة,بلدية,بلدية الروضة,True,False,لا يوجد,,0,,,False,none,date_parsed_from_text,6,True
Data 2025.xlsx,5581,2025-06-23,2025-06,2025-W26,2,0,icecrea-0141-r01,icecrea-0141-R01,ايس كريم شوكولاتة,(ice cream) ايسكريم,ice cream,(ice cream) ايسكريم,dairy,هاف مليون - حي اليرموك,هاف مليون,حي اليرموك,هاف مليون - حي اليرموك,الروضة,بلدية,بلدية الروضة,True,False,لا يوجد,,0,,,False,none,date_parsed_from_text,5,True
Data 2025.xlsx,5582,2025-06-23,2025-06,2025-W26,2,0,icecrea-0142-r01,icecrea-0142-R01,ايس كريم تشيز كيك,(ice cream) ايسكريم,ice cream,(ice cream) ايسكريم,dairy,هاف مليون - حي اليرموك,هاف مليون,حي اليرموك,هاف مليون - حي اليرموك,الروضة,بلدية,بلدية الروضة,True,False,لا يوجد,,0,,,False,none,date_parsed_from_text,5,True
Data 2025.xlsx,5585,2025-06-23,2025-06,2025-W26,2,0,icecrea-0143-r01,icecrea-0143-R01,ايس كريم جلاسية شوكولاتة,(ice cream) ايسكريم,ice cream,(ice cream) ايسكريم,dairy,حلويات جرير - حي اليرموك,حلويات جرير,حي اليرموك,حلويات جرير - حي اليرموك,الروضة,بلدية,بلدية الروضة,True,False,لا يوجد,,0,,,False,none,date_parsed_from_text,0,False
Data 2025.xlsx,5586,2025-06-23,2025-06,2025-W26,2,0,icecrea-0144-r01,icecrea-0144-R01,ايس كريم جلاسية بستاشو,(ice cream) ايسكريم,ice cream,(ice cream) ايسكريم,dairy,حلويات جرير - حي اليرموك,حلويات جرير,حي اليرموك,حلويات جرير - حي اليرموك,الروضة,بلدية,بلدية الروضة,False,True,استافيلوكوكس اورياس,استافيلوكوكس اورياس,1,استافيلوكوكس اورياس,,True,pathogen,date_parsed_from_text,1,False
Data 2025.xlsx,5587,2025-06-23,2025-06,2025-W26,2,0,icecrea-0145-r01,icecrea-0145-R01,ايس كريم ليمون,(ice cream) ايسكريم,ice cream,(ice cream) ايسكريم,dairy,حلويات جرير - حي اليرموك,حلويات جرير,حي اليرموك,حلويات جرير - حي اليرموك,الروضة,بلدية,بلدية الروضة,True,False,لا يوجد,,0,,,False,none,date_parsed_from_text,1,False
Data 2025.xlsx,5588,2025-06-23,2025-06,2025-W26,2,0,icecrea-0146-r01,icecrea-0146-R01,ايس كريم مانجا,(ice cream) ايسكريم,ice cream,(ice cream) ايسكريم,dairy,حلويات جرير - حي اليرموك,حلويات جرير,حي اليرموك,حلويات جرير - حي اليرموك,الروضة,بلدية,بلدية الروضة,True,False,لا يوجد,,0,,,False,none,date_parsed_from_text,1,False
Data 2025.xlsx,5539,2025-06-23,2025-06,2025-W26,2,0,jui-0453-r01,jui-0453-R01,عصير رمان,العصائر الطازجة Un-pasteurized juices (fresh),fresh,العصائر الطازجة Un-pasteurized juices (fresh),beverage,مطاعم ركن الرافدين - حي اليرموك,مطاعم ركن الرافدين,حي اليرموك,مطاعم ركن الرافدين - حي اليرموك,الروضة,بلدية,بلدية الروضة,True,False,لا يوجد,,0,,,False,none,date_parsed_from_text,9,True
Data 2025.xlsx,5579,2025-06-23,2025-06,2025-W26,2,0,jui-0454-r01,jui-0454-R01,مشروب كركدية,العصائر الطازجة Un-pasteurized juices (fresh),fresh,العصائر الطازجة Un-pasteurized juices (fresh),beverage,هاف مليون - حي اليرموك,هاف مليون,حي اليرموك,هاف مليون - حي اليرموك,الروضة,بلدية,بلدية الروضة,True,False,لا يوجد,,0,,,False,none,date_parsed_from_text,5,True
Data 2025.xlsx,5559,2025-06-23,2025-06,2025-W26,2,0,milk-0047-r01,Milk-0047-R01,حليب مكثف,الحليب (Milk),Milk,الحليب (Milk),dairy,مطاعم الافراح - حي اليرموك,مطاعم الافراح,حي اليرموك,مطاعم الافراح - حي اليرموك,الروضة,بلدية,بلدية الروضة,True,False,لا يوجد,,0,,,False,none,date_parsed_from_text,2,True
Data 2025.xlsx,5530,2025-06-23,2025-06,2025-W26,2,0,mola-0048-r01,mola-0048-R01,دبس رمان,( Molasses) دبس,Molasses,( Molasses) دبس,sauce_condiment,مطاعم ركن الرافدين - حي اليرموك,مطاعم ركن الرافدين,حي اليرموك,مطاعم ركن الرافدين - حي اليرموك,الروضة,بلدية,بلدية الروضة,True,False,لا يوجد,,0,,,False,none,date_parsed_from_text,6,True
Data 2025.xlsx,5535,2025-06-23,2025-06,2025-W26,2,0,po-0122-r01,po-0122-R01,كباب دجاج,الدجاج (Poultry),Poultry,الدجاج (Poultry),cooked_meat_poultry,مطاعم ركن الرافدين - حي اليرموك,مطاعم ركن الرافدين,حي اليرموك,مطاعم ركن الرافدين - حي اليرموك,الروضة,بلدية,بلدية الروضة,False,True,العد الكلي للبكتيريا,العد الكلي للبكتيريا,1,,العد الكلي للبكتيريا,False,indicator_only,date_parsed_from_text,8,True
Data 2025.xlsx,5511,2025-06-23,2025-06,2025-W26,2,0,raw-0269-r01,Raw-0269-R01,لحم موزة خروف روماني,لحوم نيئة مبردة ومجمدة (Raw meat Cold or chilled ),Raw meat Cold or chilled,لحوم نيئة مبردة ومجمدة (Raw meat Cold or chilled ),raw_meat,فرع مؤسسة ريق دمشق للتجاره,فرع مؤسسة ريق دمشق للتجاره,,فرع مؤسسة ريق دمشق للتجاره,الروضة,بلدية,بلدية الروضة,True,False,لا يوجد,,0,,,False,none,date_parsed_from_text,0,False
Data 2025.xlsx,5512,2025-06-23,2025-06,2025-W26,2,0,raw-0270-r01,Raw-0270-R01,كبدة خروف روماني من نفس الخروف,لحوم نيئة مبردة ومجمدة (Raw meat Cold or chilled ),Raw meat Cold or chilled,لحوم نيئة مبردة ومجمدة (Raw meat Cold or chilled ),raw_meat,فرع مؤسسة ريق دمشق للتجاره,فرع مؤسسة ريق دمشق للتجاره,,فرع مؤسسة ريق دمشق للتجاره,الروضة,بلدية,بلدية الروضة,True,False,لا يوجد,,0,,,False,none,date_parsed_from_text,0,False
Data 2025.xlsx,5513,2025-06-23,2025-06,2025-W26,2,0,raw-0271-r01,Raw-0271-R01,كلوة خروف روماني من نفس الخروف,لحوم نيئة مبردة ومجمدة (Raw meat Cold or chilled ),Raw meat Cold or chilled,لحوم نيئة مبردة ومجمدة (Raw meat Cold or chilled ),raw_meat,فرع مؤسسة ريق دمشق للتجاره,فرع مؤسسة ريق دمشق للتجاره,,فرع مؤسسة ريق دمشق للتجاره,الروضة,بلدية,بلدية الروضة,True,False,لا يوجد,,0,,,False,none,date_parsed_from_text,0,False
Data 2025.xlsx,5514,2025-06-23,2025-06,2025-W26,2,0,raw-0272-r01,Raw-0272-R01,قلب خروف روماني من نفس الخروف,لحوم نيئة مبردة ومجمدة (Raw meat Cold or chilled ),Raw meat Cold or chilled,لحوم نيئة مبردة ومجمدة (Raw meat Cold or chilled ),raw_meat,فرع مؤسسة ريق دمشق للتجاره,فرع مؤسسة ريق دمشق للتجاره,,فرع مؤسسة ريق دمشق للتجاره,الروضة,بلدية,بلدية الروضة,True,False,لا يوجد,,0,,,False,none,date_parsed_from_text,0,False
Data 2025.xlsx,5515,2025-06-23,2025-06,2025-W26,2,0,raw-0273-r01,Raw-0273-R01,لحم رجل عجل مستورد برازيلي,لحوم نيئة مبردة ومجمدة (Raw meat Cold or chilled ),Raw meat Cold or chilled,لحوم نيئة مبردة ومجمدة (Raw meat Cold or chilled ),raw_meat,فرع مؤسسة ريق دمشق للتجاره,فرع مؤسسة ريق دمشق للتجاره,,فرع مؤسسة ريق دمشق للتجاره,الروضة,بلدية,بلدية الروضة,True,False,لا يوجد,,0,,,False,none,date_parsed_from_text,0,False
Data 2025.xlsx,5516,2025-06-23,2025-06,2025-W26,2,0,raw-0274-r01,Raw-0274-R01,لحم رجل خروف بلدي,لحوم نيئة مبردة ومجمدة (Raw meat Cold or chilled ),Raw meat Cold or chilled,لحوم نيئة مبردة ومجمدة (Raw meat Cold or chilled ),raw_meat,مؤسسة العاصفة الاولى للحوم الطازجة,مؤسسة العاصفة الاولى للحوم الطازجة,,مؤسسة العاصفة الاولى للحوم الطازجة,الروضة,بلدية,بلدية الروضة,True,False,لا يوجد,,0,,,False,none,date_parsed_from_text,0,False
Data 2025.xlsx,5517,2025-06-23,2025-06,2025-W26,2,0,raw-0275-r01,Raw-0275-R01,لحم رجل تيس بلدي,لحوم نيئة مبردة ومجمدة (Raw meat Cold or chilled ),Raw meat Cold or chilled,لحوم نيئة مبردة ومجمدة (Raw meat Cold or chilled ),raw_meat,مؤسسة العاصفة الاولى للحوم الطازجة,مؤسسة العاصفة الاولى للحوم الطازجة,,مؤسسة العاصفة الاولى للحوم الطازجة,الروضة,بلدية,بلدية الروضة,True,False,لا يوجد,,0,,,False,none,date_parsed_from_text,0,False
Data 2025.xlsx,5518,2025-06-23,2025-06,2025-W26,2,0,raw-0276-r01,Raw-0276-R01,لحم يد بقر بلدي,لحوم نيئة مبردة ومجمدة (Raw meat Cold or chilled ),Raw meat Cold or chilled,لحوم نيئة مبردة ومجمدة (Raw meat Cold or chilled ),raw_meat,مؤسسة العاصفة الاولى للحوم الطازجة,مؤسسة العاصفة الاولى للحوم الطازجة,,مؤسسة العاصفة الاولى للحوم الطازجة,الروضة,بلدية,بلدية الروضة,True,False,لا يوجد,,0,,,False,none,date_parsed_from_text,0,False
Data 2025.xlsx,5519,2025-06-23,2025-06,2025-W26,2,0,raw-0277-r01,Raw-0277-R01,كبدة خروف بلدي من نفس الخروف,لحوم نيئة مبردة ومجمدة (Raw meat Cold or chilled ),Raw meat Cold or chilled,لحوم نيئة مبردة ومجمدة (Raw meat Cold or chilled ),raw_meat,مؤسسة العاصفة الاولى للحوم الطازجة,مؤسسة العاصفة الاولى للحوم الطازجة,,مؤسسة العاصفة الاولى للحوم الطازجة,الروضة,بلدية,بلدية الروضة,True,False,لا يوجد,,0,,,False,none,date_parsed_from_text,0,False
Data 2025.xlsx,5536,2025-06-23,2025-06,2025-W26,2,0,raw-0278-r01,Raw-0278-R01,كباب لحم,لحوم نيئة مبردة ومجمدة (Raw meat Cold or chilled ),Raw meat Cold or chilled,لحوم نيئة مبردة ومجمدة (Raw meat Cold or chilled ),raw_meat,مطاعم ركن الرافدين - حي اليرموك,مطاعم ركن الرافدين,حي اليرموك,مطاعم ركن الرافدين - حي اليرموك,الروضة,بلدية,بلدية الروضة,False,True,العد الكلي للبكتيريا,العد الكلي للبكتيريا,1,,العد الكلي للبكتيريا,False,indicator_only,date_parsed_from_text,9,True
Data 2025.xlsx,5523,2025-06-23,2025-06,2025-W26,2,0,sal-1397-r01,Sal-1397-R01,سلطة ملفوف,السلطة(Salad),Salad,السلطة(Salad),produce,مطاعم ركن الرافدين - حي اليرموك,مطاعم ركن الرافدين,حي اليرموك,مطاعم ركن الرافدين - حي اليرموك,الروضة,بلدية,بلدية الروضة,True,False,لا يوجد,,0,,,False,none,date_parsed_from_text,3,True
Data 2025.xlsx,5526,2025-06-23,2025-06,2025-W26,2,0,sal-1398-r01,Sal-1398-R01,فتوش,السلطة(Salad),Salad,السلطة(Salad),produce,مطاعم ركن الرافدين - حي اليرموك,مطاعم ركن الرافدين,حي اليرموك,مطاعم ركن الرافدين - حي اليرموك,الروضة,بلدية,بلدية الروضة,False,True,استافيلوكوكس اورياس,استافيلوكوكس اورياس,1,استافيلوكوكس اورياس,,True,pathogen,date_parsed_from_text,5,True
Data 2025.xlsx,5527,2025-06-23,2025-06,2025-W26,2,0,sal-1399-r01,Sal-1399-R01,سلطة مشوي,السلطة(Salad),Salad,السلطة(Salad),produce,مطاعم ركن الرافدين - حي اليرموك,مطاعم ركن الرافدين,حي اليرموك,مطاعم ركن الرافدين - حي اليرموك,الروضة,بلدية,بلدية الروضة,False,True,استافيلوكوكس اورياس,استافيلوكوكس اورياس,1,استافيلوكوكس اورياس,,True,pathogen,date_parsed_from_text,6,True
Data 2025.xlsx,5533,2025-06-23,2025-06,2025-W26,2,0,sal-1400-r01,Sal-1400-R01,سلطة خضراء,السلطة(Salad),Salad,السلطة(Salad),produce,مطاعم ركن الرافدين - حي اليرموك,مطاعم ركن الرافدين,حي اليرموك,مطاعم ركن الرافدين - حي اليرموك,الروضة,بلدية,بلدية الروضة,False,True,استافيلوكوكس اورياس,استافيلوكوكس اورياس,1,استافيلوكوكس اورياس,,True,pathogen,date_parsed_from_text,7,True
Data 2025.xlsx,5538,2025-06-23,2025-06,2025-W26,2,0,sal-1401-r01,Sal-1401-R01,قطع طماطم وفلفل رومي,السلطة(Salad),Salad,السلطة(Salad),produce,مطاعم ركن الرافدين - حي اليرموك,مطاعم ركن الرافدين,حي اليرموك,مطاعم ركن الرافدين - حي اليرموك,الروضة,بلدية,بلدية الروضة,True,False,لا يوجد,,0,,,False,none,date_parsed_from_text,9,True
Data 2025.xlsx,5556,2025-06-23,2025-06,2025-W26,2,0,sal-1402-r01,Sal-1402-R01,سلطة حارة,السلطة(Salad),Salad,السلطة(Salad),produce,مطاعم الافراح - حي اليرموك,مطاعم الافراح,حي اليرموك,مطاعم الافراح - حي اليرموك,الروضة,بلدية,بلدية الروضة,False,True,استافيلوكوكس اورياس,استافيلوكوكس اورياس,1,استافيلوكوكس اورياس,,True,pathogen,date_parsed_from_text,1,False
Data 2025.xlsx,5558,2025-06-23,2025-06,2025-W26,2,0,sal-1403-r01,Sal-1403-R01,سلطة حارة خضراء,السلطة(Salad),Salad,السلطة(Salad),produce,مطاعم الافراح - حي اليرموك,مطاعم الافراح,حي اليرموك,مطاعم الافراح - حي اليرموك,الروضة,بلدية,بلدية الروضة,False,True,استافيلوكوكس اورياس,استافيلوكوكس اورياس,1,استافيلوكوكس اورياس,,True,pathogen,date_parsed_from_text,2,True
Data 2025.xlsx,5532,2025-06-23,2025-06,2025-W26,2,0,sau-1880-r01,sau-1880-R01,صوص كاتشب,صوص (sauce),sauce,صوص (sauce),sauce_condiment,مطاعم ركن الرافدين - حي اليرموك,مطاعم ركن الرافدين,حي اليرموك,مطاعم ركن الرافدين - حي اليرموك,الروضة,بلدية,بلدية الروضة,True,False,لا يوجد,,0,,,False,none,date_parsed_from_text,6,True
Data 2025.xlsx,5534,2025-06-23,2025-06,2025-W26,2,0,sau-1881-r01,sau-1881-R01,صوص ثوم,صوص (sauce),sauce,صوص (sauce),sauce_condiment,مطاعم ركن الرافدين - حي اليرموك,مطاعم ركن الرافدين,حي اليرموك,مطاعم ركن الرافدين - حي اليرموك,الروضة,بلدية,بلدية الروضة,True,False,لا يوجد,,0,,,False,none,date_parsed_from_text,7,True
Data 2025.xlsx,5549,2025-06-23,2025-06,2025-W26,2,0,sau-1882-r01,sau-1882-R01,صوص مايونيز,صوص (sauce),sauce,صوص (sauce),sauce_condiment,مطعم فريج نوير - حي اليرموك,مطعم فريج نوير,حي اليرموك,مطعم فريج نوير - حي اليرموك,الروضة,بلدية,بلدية الروضة,True,False,لا يوجد,,0,,,False,none,date_parsed_from_text,0,False
Data 2025.xlsx,5550,2025-06-23,2025-06,2025-W26,2,0,sau-1883-r01,sau-1883-R01,صوص ثوم,صوص (sauce),sauce,صوص (sauce),sauce_condiment,مطعم فريج نوير - حي اليرموك,مطعم فريج نوير,حي اليرموك,مطعم فريج نوير - حي اليرموك,الروضة,بلدية,بلدية الروضة,True,False,لا يوجد,,0,,,False,none,date_parsed_from_text,0,False
Data 2025.xlsx,5551,2025-06-23,2025-06,2025-W26,2,0,sau-1884-r01,sau-1884-R01,صوص مكس كاتشب مع مايونيز,صوص (sauce),sauce,صوص (sauce),sauce_condiment,مطعم فريج نوير - حي اليرموك,مطعم فريج نوير,حي اليرموك,مطعم فريج نوير - حي اليرموك,الروضة,بلدية,بلدية الروضة,True,False,لا يوجد,,0,,,False,none,date_parsed_from_text,0,False
Data 2025.xlsx,5540,2025-06-23,2025-06,2025-W26,2,0,sw-3219-r01,sw-3219-R01,مسحة ثلاجة,(Swabs) المسحات,Swabs,(Swabs) المسحات,swab,مطاعم ركن الرافدين - حي اليرموك,مطاعم ركن الرافدين,حي اليرموك,مطاعم ركن الرافدين - حي اليرموك,الروضة,بلدية,بلدية الروضة,True,False,لا يوجد,,0,,,False,none,date_parsed_from_text,9,True
Data 2025.xlsx,5541,2025-06-23,2025-06,2025-W26,2,0,sw-3220-r01,sw-3220-R01,مسحة ثلاجة,(Swabs) المسحات,Swabs,(Swabs) المسحات,swab,مطاعم ركن الرافدين - حي اليرموك,مطاعم ركن الرافدين,حي اليرموك,مطاعم ركن الرافدين - حي اليرموك,الروضة,بلدية,بلدية الروضة,True,False,لا يوجد,,0,,,False,none,date_parsed_from_text,9,True
Data 2025.xlsx,5542,2025-06-23,2025-06,2025-W26,2,0,sw-3221-r01,sw-3221-R01,مسحة قطاعة فواكه,(Swabs) المسحات,Swabs,(Swabs) المسحات,swab,مطاعم ركن الرافدين - حي اليرموك,مطاعم ركن الرافدين,حي اليرموك,مطاعم ركن الرافدين - حي اليرموك,الروضة,بلدية,بلدية الروضة,True,False,لا يوجد,,0,,,False,none,date_parsed_from_text,9,True
Data 2025.xlsx,5543,2025-06-23,2025-06,2025-W26,2,0,sw-3222-r01,sw-3222-R01,مسحة ثلاجة المقبلات,(Swabs) المسحات,Swabs,(Swabs) المسحات,swab,مطاعم ركن الرافدين - حي اليرموك,مطاعم ركن الرافدين,حي اليرموك,مطاعم ركن الرافدين - حي اليرموك,الروضة,بلدية,بلدية الروضة,True,False,لا يوجد,,0,,,False,none,date_parsed_from_text,9,True
Data 2025.xlsx,5544,2025-06-23,2025-06,2025-W26,2,0,sw-3223-r01,sw-3223-R01,مسحة طاولة تقطيع خضار,(Swabs) المسحات,Swabs,(Swabs) المسحات,swab,مطاعم ركن الرافدين - حي اليرموك,مطاعم ركن الرافدين,حي اليرموك,مطاعم ركن الرافدين - حي اليرموك,الروضة,بلدية,بلدية الروضة,True,False,لا يوجد,,0,,,False,none,date_parsed_from_text,9,True
Data 2025.xlsx,5545,2025-06-23,2025-06,2025-W26,2,0,sw-3224-r01,sw-3224-R01,مسحة ثلاجة المشويات,(Swabs) المسحات,Swabs,(Swabs) المسحات,swab,مطاعم ركن الرافدين - حي اليرموك,مطاعم ركن الرافدين,حي اليرموك,مطاعم ركن الرافدين - حي اليرموك,الروضة,بلدية,بلدية الروضة,True,False,لا يوجد,,0,,,False,none,date_parsed_from_text,9,True
Data 2025.xlsx,5546,2025-06-23,2025-06,2025-W26,2,0,sw-3225-r01,sw-3225-R01,مسحة طاولة تحضير مشويات,(Swabs) المسحات,Swabs,(Swabs) المسحات,swab,مطاعم ركن الرافدين - حي اليرموك,مطاعم ركن الرافدين,حي اليرموك,مطاعم ركن الرافدين - حي اليرموك,الروضة,بلدية,بلدية الروضة,True,False,لا يوجد,,0,,,False,none,date_parsed_from_text,9,True
Data 2025.xlsx,5547,2025-06-23,2025-06,2025-W26,2,0,sw-3226-r01,sw-3226-R01,مسحة حافظة دجاج نص استواء,(Swabs) المسحات,Swabs,(Swabs) المسحات,swab,مطاعم ركن الرافدين - حي اليرموك,مطاعم ركن الرافدين,حي اليرموك,مطاعم ركن الرافدين - حي اليرموك,الروضة,بلدية,بلدية الروضة,True,False,لا يوجد,,0,,,False,none,date_parsed_from_text,9,True
Data 2025.xlsx,5548,2025-06-23,2025-06,2025-W26,2,0,sw-3227-r01,sw-3227-R01,مسحة طاولة تقطيع عرائسي,(Swabs) المسحات,Swabs,(Swabs) المسحات,swab,مطاعم ركن الرافدين - حي اليرموك,مطاعم ركن الرافدين,حي اليرموك,مطاعم ركن الرافدين - حي اليرموك,الروضة,بلدية,بلدية الروضة,True,False,لا يوجد,,0,,,False,none,date_parsed_from_text,9,True
Data 2025.xlsx,5553,2025-06-23,2025-06,2025-W26,2,0,sw-3228-r01,sw-3228-R01,مسحة قطاعة شاورما,(Swabs) المسحات,Swabs,(Swabs) المسحات,swab,مطعم فريج نوير - حي اليرموك,مطعم فريج نوير,حي اليرموك,مطعم فريج نوير - حي اليرموك,الروضة,بلدية,بلدية الروضة,True,False,لا يوجد,,0,,,False,none,date_parsed_from_text,0,False
Data 2025.xlsx,5554,2025-06-23,2025-06,2025-W26,2,0,sw-3229-r01,sw-3229-R01,مسحة قطاعة خبز,(Swabs) المسحات,Swabs,(Swabs) المسحات,swab,مطعم فريج نوير - حي اليرموك,مطعم فريج نوير,حي اليرموك,مطعم فريج نوير - حي اليرموك,الروضة,بلدية,بلدية الروضة,False,True,العد الكلي للبكتيريا,العد الكلي للبكتيريا,1,,العد الكلي للبكتيريا,False,indicator_only,date_parsed_from_text,1,False
Data 2025.xlsx,5555,2025-06-23,2025-06,2025-W26,2,0,sw-3230-r01,sw-3230-R01,مسحة حافظة البطاطس,(Swabs) المسحات,Swabs,(Swabs) المسحات,swab,مطعم فريج نوير - حي اليرموك,مطعم فريج نوير,حي اليرموك,مطعم فريج نوير - حي اليرموك,الروضة,بلدية,بلدية الروضة,True,False,لا يوجد,,0,,,False,none,date_parsed_from_text,1,False
Data 2025.xlsx,5565,2025-06-23,2025-06,2025-W26,2,0,sw-3231-r01,sw-3231-R01,مسحة فرامة معصوب,(Swabs) المسحات,Swabs,(Swabs) المسحات,swab,مطاعم الافراح - حي اليرموك,مطاعم الافراح,حي اليرموك,مطاعم الافراح - حي اليرموك,الروضة,بلدية,بلدية الروضة,False,True,العد الكلي للبكتيريا,العد الكلي للبكتيريا,1,,العد الكلي للبكتيريا,False,indicator_only,date_parsed_from_text,7,True
Data 2025.xlsx,5566,2025-06-23,2025-06,2025-W26,2,0,sw-3232-r01,sw-3232-R01,مسحة فرامة معصوب,(Swabs) المسحات,Swabs,(Swabs) المسحات,swab,مطاعم الافراح - حي اليرموك,مطاعم الافراح,حي اليرموك,مطاعم الافراح - حي اليرموك,الروضة,بلدية,بلدية الروضة,True,False,لا يوجد,,0,,,False,none,date_parsed_from_text,7,True
Data 2025.xlsx,5567,2025-06-23,2025-06,2025-W26,2,0,sw-3233-r01,sw-3233-R01,مسحة طاولة تقطيع خضار,(Swabs) المسحات,Swabs,(Swabs) المسحات,swab,مطاعم الافراح - حي اليرموك,مطاعم الافراح,حي اليرموك,مطاعم الافراح - حي اليرموك,الروضة,بلدية,بلدية الروضة,False,True,العد الكلي للبكتيريا,العد الكلي للبكتيريا,1,,العد الكلي للبكتيريا,False,indicator_only,date_parsed_from_text,8,True
Data 2025.xlsx,5568,2025-06-23,2025-06,2025-W26,2,0,sw-3234-r01,sw-3234-R01,مسحة طاولة تقطيع خضار,(Swabs) المسحات,Swabs,(Swabs) المسحات,swab,مطاعم الافراح - حي اليرموك,مطاعم الافراح,حي اليرموك,مطاعم الافراح - حي اليرموك,الروضة,بلدية,بلدية الروضة,True,False,لا يوجد,,0,,,False,none,date_parsed_from_text,8,True
Data 2025.xlsx,5569,2025-06-23,2025-06,2025-W26,2,0,sw-3235-r01,sw-3235-R01,مسحة طاولة تحضير مطبق,(Swabs) المسحات,Swabs,(Swabs) المسحات,swab,مطاعم الافراح - حي اليرموك,مطاعم الافراح,حي اليرموك,مطاعم الافراح - حي اليرموك,الروضة,بلدية,بلدية الروضة,True,False,لا يوجد,,0,,,False,none,date_parsed_from_text,8,True
Data 2025.xlsx,5583,2025-06-23,2025-06,2025-W26,2,0,sw-3236-r01,sw-3236-R01,مسحة حافظة ثلج,(Swabs) المسحات,Swabs,(Swabs) المسحات,swab,هاف مليون - حي اليرموك,هاف مليون,حي اليرموك,هاف مليون - حي اليرموك,الروضة,بلدية,بلدية الروضة,True,False,لا يوجد,,0,,,False,none,date_parsed_from_text,5,True
Data 2025.xlsx,5584,2025-06-23,2025-06,2025-W26,2,0,sw-3237-r01,sw-3237-R01,مسحة صانعة ثلج,(Swabs) المسحات,Swabs,(Swabs) المسحات,swab,هاف مليون - حي اليرموك,هاف مليون,حي اليرموك,هاف مليون - حي اليرموك,الروضة,بلدية,بلدية الروضة,True,False,لا يوجد,,0,,,False,none,date_parsed_from_text,5,True
Data 2025.xlsx,5570,2025-06-23,2025-06,2025-W26,2,0,sweet-1221-r01,sweet-1221-R01,شوكولاتة بايت,الحلا(sweetness),sweetness,الحلا(sweetness),sweets_bakery,هاف مليون - حي اليرموك,هاف مليون,حي اليرموك,هاف مليون - حي اليرموك,الروضة,بلدية,بلدية الروضة,False,True,العد الكلي للبكتيريا,العد الكلي للبكتيريا,1,,العد الكلي للبكتيريا,False,indicator_only,date_parsed_from_text,1,False
Data 2025.xlsx,5571,2025-06-23,2025-06,2025-W26,2,0,sweet-1222-r01,sweet-1222-R01,كراميل بايت,الحلا(sweetness),sweetness,الحلا(sweetness),sweets_bakery,هاف مليون - حي اليرموك,هاف مليون,حي اليرموك,هاف مليون - حي اليرموك,الروضة,بلدية,بلدية الروضة,False,True,انتيروباكتريسي,انتيروباكتريسي,1,,انتيروباكتريسي,False,indicator_only,date_parsed_from_text,2,True
Data 2025.xlsx,5572,2025-06-23,2025-06,2025-W26,2,0,sweet-1223-r01,sweet-1223-R01,براونيز,الحلا(sweetness),sweetness,الحلا(sweetness),sweets_bakery,هاف مليون - حي اليرموك,هاف مليون,حي اليرموك,هاف مليون - حي اليرموك,الروضة,بلدية,بلدية الروضة,True,False,لا يوجد,,0,,,False,none,date_parsed_from_text,2,True
Data 2025.xlsx,5573,2025-06-23,2025-06,2025-W26,2,0,sweet-1224-r01,sweet-1224-R01,كوكيز,الحلا(sweetness),sweetness,الحلا(sweetness),sweets_bakery,هاف مليون - حي اليرموك,هاف مليون,حي اليرموك,هاف مليون - حي اليرموك,الروضة,بلدية,بلدية الروضة,True,False,لا يوجد,,0,,,False,none,date_parsed_from_text,2,True
Data 2025.xlsx,5574,2025-06-23,2025-06,2025-W26,2,0,sweet-1225-r01,sweet-1225-R01,تمر بايت,الحلا(sweetness),sweetness,الحلا(sweetness),sweets_bakery,هاف مليون - حي اليرموك,هاف مليون,حي اليرموك,هاف مليون - حي اليرموك,الروضة,بلدية,بلدية الروضة,True,False,لا يوجد,,0,,,False,none,date_parsed_from_text,2,True
Data 2025.xlsx,5589,2025-06-23,2025-06,2025-W26,2,0,sweet-1226-r01,sweet-1226-R01,كلير شوكولاتة,الحلا(sweetness),sweetness,الحلا(sweetness),sweets_bakery,حلويات جرير - حي اليرموك,حلويات جرير,حي اليرموك,حلويات جرير - حي اليرموك,الروضة,بلدية,بلدية الروضة,True,False,لا يوجد,,0,,,False,none,date_parsed_from_text,1,False
Data 2025.xlsx,5590,2025-06-23,2025-06,2025-W26,2,0,sweet-1227-r01,sweet-1227-R01,تارت فواكه,الحلا(sweetness),sweetness,الحلا(sweetness),sweets_bakery,حلويات جرير - حي اليرموك,حلويات جرير,حي اليرموك,حلويات جرير - حي اليرموك,الروضة,بلدية,بلدية الروضة,False,True,باسيلس سيريس,باسيلس سيريس,1,باسيلس سيريس,,True,pathogen,date_parsed_from_text,2,True
Data 2025.xlsx,5591,2025-06-23,2025-06,2025-W26,2,0,sweet-1228-r01,sweet-1228-R01,تارت فراولة,الحلا(sweetness),sweetness,الحلا(sweetness),sweets_bakery,حلويات جرير - حي اليرموك,حلويات جرير,حي اليرموك,حلويات جرير - حي اليرموك,الروضة,بلدية,بلدية الروضة,False,True,باسيلس سيريس,باسيلس سيريس,1,باسيلس سيريس,,True,pathogen,date_parsed_from_text,3,True
Data 2025.xlsx,5592,2025-06-23,2025-06,2025-W26,2,0,sweet-1229-r01,sweet-1229-R01,كيك شوكولاتة بلاك فورست,الحلا(sweetness),sweetness,الحلا(sweetness),sweets_bakery,حلويات جرير - حي اليرموك,حلويات جرير,حي اليرموك,حلويات جرير - حي اليرموك,الروضة,بلدية,بلدية الروضة,True,False,لا يوجد,,0,,,False,none,date_parsed_from_text,3,True
Data 2025.xlsx,5593,2025-06-23,2025-06,2025-W26,2,0,sweet-1230-r01,sweet-1230-R01,شوكولاتة مكشوفة,الحلا(sweetness),sweetness,الحلا(sweetness),sweets_bakery,حلويات جرير - حي اليرموك,حلويات جرير,حي اليرموك,حلويات جرير - حي اليرموك,الروضة,بلدية,بلدية الروضة,True,False,لا يوجد,,0,,,False,none,date_parsed_from_text,3,True
Data 2025.xlsx,5594,2025-06-23,2025-06,2025-W26,2,0,sweet-1231-r01,sweet-1231-R01,شوكولاتة سادة,الحلا(sweetness),sweetness,الحلا(sweetness),sweets_bakery,حلويات جرير - حي اليرموك,حلويات جرير,حي اليرموك,حلويات جرير - حي اليرموك,الروضة,بلدية,بلدية الروضة,True,False,لا يوجد,,0,,,False,none,date_parsed_from_text,3,True
Data 2025.xlsx,5595,2025-06-23,2025-06,2025-W26,2,0,sweet-1232-r01,sweet-1232-R01,شوكولاتة بالفستق,الحلا(sweetness),sweetness,الحلا(sweetness),sweets_bakery,حلويات جرير - حي اليرموك,حلويات جرير,حي اليرموك,حلويات جرير - حي اليرموك,الروضة,بلدية,بلدية الروضة,True,False,لا يوجد,,0,,,False,none,date_parsed_from_text,3,True
Data 2025.xlsx,5596,2025-06-23,2025-06,2025-W26,2,0,sweet-1233-r01,sweet-1233-R01,شوكولاتة بالكراميل,الحلا(sweetness),sweetness,الحلا(sweetness),sweets_bakery,حلويات جرير - حي اليرموك,حلويات جرير,حي اليرموك,حلويات جرير - حي اليرموك,الروضة,بلدية,بلدية الروضة,True,False,لا يوجد,,0,,,False,none,date_parsed_from_text,3,True
Data 2025.xlsx,5597,2025-06-23,2025-06,2025-W26,2,0,sweet-1234-r01,sweet-1234-R01,شوكولاتة بسكوت ويفر,الحلا(sweetness),sweetness,الحلا(sweetness),sweets_bakery,حلويات جرير - حي اليرموك,حلويات جرير,حي اليرموك,حلويات جرير - حي اليرموك,الروضة,بلدية,بلدية الروضة,True,False,لا يوجد,,0,,,False,none,date_parsed_from_text,3,True
Data 2025.xlsx,5598,2025-06-23,2025-06,2025-W26,2,0,sweet-1235-r01,sweet-1235-R01,اصابع صنوبر,الحلا(sweetness),sweetness,الحلا(sweetness),sweets_bakery,حلويات جرير - حي اليرموك,حلويات جرير,حي اليرموك,حلويات جرير - حي اليرموك,الروضة,بلدية,بلدية الروضة,True,False,لا يوجد,,0,,,False,none,date_parsed_from_text,3,True
Data 2025.xlsx,5599,2025-06-23,2025-06,2025-W26,2,0,sweet-1236-r01,sweet-1236-R01,بقلاوة بالوز,الحلا(sweetness),sweetness,الحلا(sweetness),sweets_bakery,حلويات جرير - حي اليرموك,حلويات جرير,حي اليرموك,حلويات جرير - حي اليرموك,الروضة,بلدية,بلدية الروضة,True,False,لا يوجد,,0,,,False,none,date_parsed_from_text,3,True
Data 2025.xlsx,5580,2025-06-23,2025-06,2025-W26,2,0,tea-0008-r01,tea-0008-R01,ايس تي,جميع أنواع الشاي (All types of tea),All types of tea,جميع أنواع الشاي (All types of tea),beverage,هاف مليون - حي اليرموك,هاف مليون,حي اليرموك,هاف مليون - حي اليرموك,الروضة,بلدية,بلدية الروضة,True,False,لا يوجد,,0,,,False,none,date_parsed_from_text,5,True
Data 2025.xlsx,5600,2025-06-23,2025-06,2025-W26,2,0,ubot-0998-r01,Ubot-0998-R01,مياه غسيل ادوات,المياه الغير معبأة (Unbottled water),Unbottled water,المياه الغير معبأة (Unbottled water),water,فرع مؤسسة ريق دمشق للتجاره,فرع مؤسسة ريق دمشق للتجاره,,فرع مؤسسة ريق دمشق للتجاره,الروضة,بلدية,بلدية الروضة,True,False,لا يوجد,,0,,,False,none,date_parsed_from_text,0,False
Data 2025.xlsx,5618,2025-06-24,2025-06,2025-W26,2,1,1-3116-R01,1-3116-R01,قطع شمندر,شمندر(beet),beet,شمندر(beet),produce,في قلبك (الشيف هشام باعشن) - حي المحمدية,في قلبك (الشيف هشام باعشن),حي المحمدية,في قلبك (الشيف هشام باعشن) - حي المحمدية,المعذر,بلدية,بلدية المعذر,True,False,لا يوجد,,0,,,False,none,date_parsed_from_text,1,False
Data 2025.xlsx,5635,2025-06-24,2025-06,2025-W26,2,1,1-3117-R01,1-3117-R01,كشنة,(kashana) كشنة,kashana,(kashana) كشنة,prepared_meal,في قلبك (الشيف هشام باعشن) - حي المحمدية,في قلبك (الشيف هشام باعشن),حي المحمدية,في قلبك (الشيف هشام باعشن) - حي المحمدية,المعذر,بلدية,بلدية المعذر,True,False,لا يوجد,,0,,,False,none,date_parsed_from_text,7,True
Data 2025.xlsx,5639,2025-06-24,2025-06,2025-W26,2,1,1-3118-R01,1-3118-R01,رز,الارز ( rice),rice,الارز ( rice),prepared_meal,في قلبك (الشيف هشام باعشن) - حي المحمدية,في قلبك (الشيف هشام باعشن),حي المحمدية,في قلبك (الشيف هشام باعشن) - حي المحمدية,المعذر,بلدية,بلدية المعذر,True,False,لا يوجد,,0,,,False,none,date_parsed_from_text,7,True
Data 2025.xlsx,5623,2025-06-24,2025-06,2025-W26,2,1,O-U-po-0204-R01,O-U-po-0204-R01,رمان مع دبس,الرمان (pomegranate),pomegranate,الرمان (pomegranate),produce,في قلبك (الشيف هشام باعشن) - حي المحمدية,في قلبك (الشيف هشام باعشن),حي المحمدية,في قلبك (الشيف هشام باعشن) - حي المحمدية,المعذر,بلدية,بلدية المعذر,True,False,لا يوجد,,0,,,False,none,date_parsed_from_text,4,True
Data 2025.xlsx,5620,2025-06-24,2025-06,2025-W26,2,1,O-U-to-0636-R01,O-U-to-0636-R01,طماطم صغير,الطماطم (Tomatoes),Tomatoes,الطماطم (Tomatoes),produce,في قلبك (الشيف هشام باعشن) - حي المحمدية,في قلبك (الشيف هشام باعشن),حي المحمدية,في قلبك (الشيف هشام باعشن) - حي المحمدية,المعذر,بلدية,بلدية المعذر,True,False,لا يوجد,,0,,,False,none,date_parsed_from_text,2,True
Data 2025.xlsx,5628,2025-06-24,2025-06,2025-W26,2,1,O-U-to-0637-R01,O-U-to-0637-R01,طماطم مجفف,الطماطم (Tomatoes),Tomatoes,الطماطم (Tomatoes),produce,في قلبك (الشيف هشام باعشن) - حي المحمدية,في قلبك (الشيف هشام باعشن),حي المحمدية,في قلبك (الشيف هشام باعشن) - حي المحمدية,المعذر,بلدية,بلدية المعذر,True,False,لا يوجد,,0,,,False,none,date_parsed_from_text,6,True
Data 2025.xlsx,5627,2025-06-24,2025-06,2025-W26,2,1,O-r-O3-le-0356-R01,O-r-O3-le-0356-R01,قطع خس,الخس (Lettuce),Lettuce,الخس (Lettuce),produce,في قلبك (الشيف هشام باعشن) - حي المحمدية,في قلبك (الشيف هشام باعشن),حي المحمدية,في قلبك (الشيف هشام باعشن) - حي المحمدية,المعذر,بلدية,بلدية المعذر,False,True,استافيلوكوكس اورياس,استافيلوكوكس اورياس,1,استافيلوكوكس اورياس,,True,pathogen,date_parsed_from_text,6,True
Data 2025.xlsx,5621,2025-06-24,2025-06,2025-W26,2,1,O-r-U-cu-0252-R01,O-r-U-cu-0252-R01,قطع خيار,الخيار (cucumbers),cucumbers,الخيار (cucumbers),produce,في قلبك (الشيف هشام باعشن) - حي المحمدية,في قلبك (الشيف هشام باعشن),حي المحمدية,في قلبك (الشيف هشام باعشن) - حي المحمدية,المعذر,بلدية,بلدية المعذر,False,True,استافيلوكوكس اورياس,استافيلوكوكس اورياس,1,استافيلوكوكس اورياس,,True,pathogen,date_parsed_from_text,3,True
Data 2025.xlsx,5622,2025-06-24,2025-06,2025-W26,2,1,OU-pa-0239-R01,OU-pa-0239-R01,قطع بقدونس,البقدونس (parsley),parsley,البقدونس (parsley),produce,في قلبك (الشيف هشام باعشن) - حي المحمدية,في قلبك (الشيف هشام باعشن),حي المحمدية,في قلبك (الشيف هشام باعشن) - حي المحمدية,المعذر,بلدية,بلدية المعذر,False,True,استافيلوكوكس اورياس,استافيلوكوكس اورياس,1,استافيلوكوكس اورياس,,True,pathogen,date_parsed_from_text,4,True
Data 2025.xlsx,5619,2025-06-24,2025-06,2025-W26,2,1,UO-ra-0103-R01,UO-ra-0103-R01,فجل احمر,الفجل (radishes),radishes,الفجل (radishes),produce,في قلبك (الشيف هشام باعشن) - حي المحمدية,في قلبك (الشيف هشام باعشن),حي المحمدية,في قلبك (الشيف هشام باعشن) - حي المحمدية,المعذر,بلدية,بلدية المعذر,False,True,استافيلوكوكس اورياس,استافيلوكوكس اورياس,1,استافيلوكوكس اورياس,,True,pathogen,date_parsed_from_text,2,True
Data 2025.xlsx,5612,2025-06-24,2025-06,2025-W26,2,1,appe-0503-r01,Appe-0503-R01,حمص,مقبلات (Appetizers),Appetizers,مقبلات (Appetizers),prepared_meal,في قلبك (الشيف هشام باعشن) - حي المحمدية,في قلبك (الشيف هشام باعشن),حي المحمدية,في قلبك (الشيف هشام باعشن) - حي المحمدية,المعذر,بلدية,بلدية المعذر,True,False,لا يوجد,,0,,,False,none,date_parsed_from_text,0,False
Data 2025.xlsx,5614,2025-06-24,2025-06,2025-W26,2,1,appe-0504-r01,Appe-0504-R01,متبل,مقبلات (Appetizers),Appetizers,مقبلات (Appetizers),prepared_meal,في قلبك (الشيف هشام باعشن) - حي المحمدية,في قلبك (الشيف هشام باعشن),حي المحمدية,في قلبك (الشيف هشام باعشن) - حي المحمدية,المعذر,بلدية,بلدية المعذر,True,False,لا يوجد,,0,,,False,none,date_parsed_from_text,1,False
Data 2025.xlsx,5637,2025-06-24,2025-06,2025-W26,2,1,cm-0115-r01,Cm-0115-R01,لحمة المنزلة,اللحوم المطبوخة (Cooked meat),Cooked meat,اللحوم المطبوخة (Cooked meat),cooked_meat_poultry,في قلبك (الشيف هشام باعشن) - حي المحمدية,في قلبك (الشيف هشام باعشن),حي المحمدية,في قلبك (الشيف هشام باعشن) - حي المحمدية,المعذر,بلدية,بلدية المعذر,True,False,لا يوجد,,0,,,False,none,date_parsed_from_text,7,True
Data 2025.xlsx,5636,2025-06-24,2025-06,2025-W26,2,1,fish-0209-r01,fish-0209-R01,ربيان للشوربة,Fish/fish product(الاسماك / منتجات الاسماك),fish product,Fish/fish product(الاسماك / منتجات الاسماك),cooked_meat_poultry,في قلبك (الشيف هشام باعشن) - حي المحمدية,في قلبك (الشيف هشام باعشن),حي المحمدية,في قلبك (الشيف هشام باعشن) - حي المحمدية,المعذر,بلدية,بلدية المعذر,True,False,لا يوجد,,0,,,False,none,date_parsed_from_text,7,True
Data 2025.xlsx,5616,2025-06-24,2025-06,2025-W26,2,1,gcv-0231-r01,GCV-0231-R01,باذنجان مقلي,الخضار المشوية و المطبوخة,,الخضار المشوية و المطبوخة,cooked_meat_poultry,في قلبك (الشيف هشام باعشن) - حي المحمدية,في قلبك (الشيف هشام باعشن),حي المحمدية,في قلبك (الشيف هشام باعشن) - حي المحمدية,المعذر,بلدية,بلدية المعذر,True,False,لا يوجد,,0,,,False,none,date_parsed_from_text,1,False
Data 2025.xlsx,5617,2025-06-24,2025-06,2025-W26,2,1,gcv-0232-r01,GCV-0232-R01,زهرى مقلي مع بقدونس,الخضار المشوية و المطبوخة,,الخضار المشوية و المطبوخة,cooked_meat_poultry,في قلبك (الشيف هشام باعشن) - حي المحمدية,في قلبك (الشيف هشام باعشن),حي المحمدية,في قلبك (الشيف هشام باعشن) - حي المحمدية,المعذر,بلدية,بلدية المعذر,True,False,لا يوجد,,0,,,False,none,date_parsed_from_text,1,False
Data 2025.xlsx,5634,2025-06-24,2025-06,2025-W26,2,1,gcv-0233-r01,GCV-0233-R01,ايدام بامية,الخضار المشوية و المطبوخة,,الخضار المشوية و المطبوخة,cooked_meat_poultry,في قلبك (الشيف هشام باعشن) - حي المحمدية,في قلبك (الشيف هشام باعشن),حي المحمدية,في قلبك (الشيف هشام باعشن) - حي المحمدية,المعذر,بلدية,بلدية المعذر,True,False,لا يوجد,,0,,,False,none,date_parsed_from_text,7,True
Data 2025.xlsx,5638,2025-06-24,2025-06,2025-W26,2,1,gcv-0234-r01,GCV-0234-R01,ايدام رجلة,الخضار المشوية و المطبوخة,,الخضار المشوية و المطبوخة,cooked_meat_poultry,في قلبك (الشيف هشام باعشن) - حي المحمدية,في قلبك (الشيف هشام باعشن),حي المحمدية,في قلبك (الشيف هشام باعشن) - حي المحمدية,المعذر,بلدية,بلدية المعذر,True,False,لا يوجد,,0,,,False,none,date_parsed_from_text,7,True
Data 2025.xlsx,5615,2025-06-24,2025-06,2025-W26,2,1,gr-0181-r01,gr-0181-R01,ورق عنب,ورق عنب (Grape leaves),Grape leaves,ورق عنب (Grape leaves),produce,في قلبك (الشيف هشام باعشن) - حي المحمدية,في قلبك (الشيف هشام باعشن),حي المحمدية,في قلبك (الشيف هشام باعشن) - حي المحمدية,المعذر,بلدية,بلدية المعذر,True,False,لا يوجد,,0,,,False,none,date_parsed_from_text,1,False
Data 2025.xlsx,5633,2025-06-24,2025-06,2025-W26,2,1,ho-0237-r01,ho-0237-R01,عسل,(Honey) عسل النحل,Honey,(Honey) عسل النحل,sweets_bakery,في قلبك (الشيف هشام باعشن) - حي المحمدية,في قلبك (الشيف هشام باعشن),حي المحمدية,في قلبك (الشيف هشام باعشن) - حي المحمدية,المعذر,بلدية,بلدية المعذر,True,False,لا يوجد,,0,,,False,none,date_parsed_from_text,7,True
Data 2025.xlsx,5626,2025-06-24,2025-06,2025-W26,2,1,mola-0049-r01,mola-0049-R01,دبس رمان,( Molasses) دبس,Molasses,( Molasses) دبس,sauce_condiment,في قلبك (الشيف هشام باعشن) - حي المحمدية,في قلبك (الشيف هشام باعشن),حي المحمدية,في قلبك (الشيف هشام باعشن) - حي المحمدية,المعذر,بلدية,بلدية المعذر,True,False,لا يوجد,,0,,,False,none,date_parsed_from_text,5,True
Data 2025.xlsx,5632,2025-06-24,2025-06,2025-W26,2,1,pick-0438-r01,Pick-0438-R01,مخلل حار,المخلل (Pickle),Pickle,المخلل (Pickle),sauce_condiment,في قلبك (الشيف هشام باعشن) - حي المحمدية,في قلبك (الشيف هشام باعشن),حي المحمدية,في قلبك (الشيف هشام باعشن) - حي المحمدية,المعذر,بلدية,بلدية المعذر,True,False,لا يوجد,,0,,,False,none,date_parsed_from_text,7,True
Data 2025.xlsx,5602,2025-06-24,2025-06,2025-W26,2,1,raw-0279-r01,Raw-0279-R01,كبدة نعيمي بلدي,لحوم نيئة مبردة ومجمدة (Raw meat Cold or chilled ),Raw meat Cold or chilled,لحوم نيئة مبردة ومجمدة (Raw meat Cold or chilled ),raw_meat,ملحمة بيت السعادة,ملحمة بيت السعادة,,ملحمة بيت السعادة,الروضة,بلدية,بلدية الروضة,True,False,لا يوجد,,0,,,False,none,date_parsed_from_text,0,False
Data 2025.xlsx,5603,2025-06-24,2025-06,2025-W26,2,1,raw-0280-r01,Raw-0280-R01,كلوة حاشي حاشي,لحوم نيئة مبردة ومجمدة (Raw meat Cold or chilled ),Raw meat Cold or chilled,لحوم نيئة مبردة ومجمدة (Raw meat Cold or chilled ),raw_meat,ملحمة بيت السعادة,ملحمة بيت السعادة,,ملحمة بيت السعادة,الروضة,بلدية,بلدية الروضة,True,False,لا يوجد,,0,,,False,none,date_parsed_from_text,0,False
Data 2025.xlsx,5604,2025-06-24,2025-06,2025-W26,2,1,raw-0281-r01,Raw-0281-R01,لحم يد حاشي بلدي,لحوم نيئة مبردة ومجمدة (Raw meat Cold or chilled ),Raw meat Cold or chilled,لحوم نيئة مبردة ومجمدة (Raw meat Cold or chilled ),raw_meat,ملحمة بيت السعادة,ملحمة بيت السعادة,,ملحمة بيت السعادة,الروضة,بلدية,بلدية الروضة,True,False,لا يوجد,,0,,,False,none,date_parsed_from_text,0,False
Data 2025.xlsx,5605,2025-06-24,2025-06,2025-W26,2,1,raw-0282-r01,Raw-0282-R01,لحم يد عجل بلدي,لحوم نيئة مبردة ومجمدة (Raw meat Cold or chilled ),Raw meat Cold or chilled,لحوم نيئة مبردة ومجمدة (Raw meat Cold or chilled ),raw_meat,ملحمة بيت السعادة,ملحمة بيت السعادة,,ملحمة بيت السعادة,الروضة,بلدية,بلدية الروضة,True,False,لا يوجد,,0,,,False,none,date_parsed_from_text,0,False
Data 2025.xlsx,5606,2025-06-24,2025-06,2025-W26,2,1,raw-0283-r01,Raw-0283-R01,كلوة نعيمي بلدي,لحوم نيئة مبردة ومجمدة (Raw meat Cold or chilled ),Raw meat Cold or chilled,لحوم نيئة مبردة ومجمدة (Raw meat Cold or chilled ),raw_meat,ملحمة بيت السعادة,ملحمة بيت السعادة,,ملحمة بيت السعادة,الروضة,بلدية,بلدية الروضة,True,False,لا يوجد,,0,,,False,none,date_parsed_from_text,0,False
Data 2025.xlsx,5607,2025-06-24,2025-06,2025-W26,2,1,raw-0284-r01,Raw-0284-R01,لحم كتف نعيمي من نفس كلوة النعيمي,لحوم نيئة مبردة ومجمدة (Raw meat Cold or chilled ),Raw meat Cold or chilled,لحوم نيئة مبردة ومجمدة (Raw meat Cold or chilled ),raw_meat,ملحمة بيت السعادة,ملحمة بيت السعادة,,ملحمة بيت السعادة,الروضة,بلدية,بلدية الروضة,True,False,لا يوجد,,0,,,False,none,date_parsed_from_text,0,False
Data 2025.xlsx,5608,2025-06-24,2025-06,2025-W26,2,1,raw-0285-r01,Raw-0285-R01,كبدة حاشي من نفس الحاشي,لحوم نيئة مبردة ومجمدة (Raw meat Cold or chilled ),Raw meat Cold or chilled,لحوم نيئة مبردة ومجمدة (Raw meat Cold or chilled ),raw_meat,ملحمة بيت السعادة,ملحمة بيت السعادة,,ملحمة بيت السعادة,الروضة,بلدية,بلدية الروضة,True,False,لا يوجد,,0,,,False,none,date_parsed_from_text,0,False
Data 2025.xlsx,5609,2025-06-24,2025-06,2025-W26,2,1,raw-0286-r01,Raw-0286-R01,قلب حاشي من نفس الحاشي,لحوم نيئة مبردة ومجمدة (Raw meat Cold or chilled ),Raw meat Cold or chilled,لحوم نيئة مبردة ومجمدة (Raw meat Cold or chilled ),raw_meat,ملحمة بيت السعادة,ملحمة بيت السعادة,,ملحمة بيت السعادة,الروضة,بلدية,بلدية الروضة,True,False,لا يوجد,,0,,,False,none,date_parsed_from_text,0,False
Data 2025.xlsx,5610,2025-06-24,2025-06,2025-W26,2,1,raw-0287-r01,Raw-0287-R01,كلوة حري بلدي,لحوم نيئة مبردة ومجمدة (Raw meat Cold or chilled ),Raw meat Cold or chilled,لحوم نيئة مبردة ومجمدة (Raw meat Cold or chilled ),raw_meat,ملحمة بيت السعادة,ملحمة بيت السعادة,,ملحمة بيت السعادة,الروضة,بلدية,بلدية الروضة,True,False,لا يوجد,,0,,,False,none,date_parsed_from_text,0,False
Data 2025.xlsx,5611,2025-06-24,2025-06,2025-W26,2,1,raw-0288-r01,Raw-0288-R01,لحم بطن حري بلدي من نفس كلوة الحري,لحوم نيئة مبردة ومجمدة (Raw meat Cold or chilled ),Raw meat Cold or chilled,لحوم نيئة مبردة ومجمدة (Raw meat Cold or chilled ),raw_meat,ملحمة بيت السعادة,ملحمة بيت السعادة,,ملحمة بيت السعادة,الروضة,بلدية,بلدية الروضة,True,False,لا يوجد,,0,,,False,none,date_parsed_from_text,0,False
Data 2025.xlsx,5648,2025-06-24,2025-06,2025-W26,2,1,raw-0291-r01,Raw-0291-R01,قلب حاشي بلدي من نفس الحاشي,لحوم نيئة مبردة ومجمدة (Raw meat Cold or chilled ),Raw meat Cold or chilled,لحوم نيئة مبردة ومجمدة (Raw meat Cold or chilled ),raw_meat,الهلال اللحوم الطازجة,الهلال اللحوم الطازجة,,الهلال اللحوم الطازجة,الروضة,بلدية,بلدية الروضة,True,False,لا يوجد,,0,,,False,none,date_parsed_from_text,0,False
Data 2025.xlsx,5630,2025-06-24,2025-06,2025-W26,2,1,sal-1404-r01,Sal-1404-R01,سلطة حجازية,السلطة(Salad),Salad,السلطة(Salad),produce,في قلبك (الشيف هشام باعشن) - حي المحمدية,في قلبك (الشيف هشام باعشن),حي المحمدية,في قلبك (الشيف هشام باعشن) - حي المحمدية,المعذر,بلدية,بلدية المعذر,True,False,لا يوجد,,0,,,False,none,date_parsed_from_text,7,True
Data 2025.xlsx,5631,2025-06-24,2025-06,2025-W26,2,1,sal-1405-r01,Sal-1405-R01,سلطة زبادي وخيار,السلطة(Salad),Salad,السلطة(Salad),produce,في قلبك (الشيف هشام باعشن) - حي المحمدية,في قلبك (الشيف هشام باعشن),حي المحمدية,في قلبك (الشيف هشام باعشن) - حي المحمدية,المعذر,بلدية,بلدية المعذر,True,False,لا يوجد,,0,,,False,none,date_parsed_from_text,7,True
Data 2025.xlsx,5640,2025-06-24,2025-06,2025-W26,2,1,sal-1406-r01,Sal-1406-R01,سلطة طماطم بارد,السلطة(Salad),Salad,السلطة(Salad),produce,في قلبك (الشيف هشام باعشن) - حي المحمدية,في قلبك (الشيف هشام باعشن),حي المحمدية,في قلبك (الشيف هشام باعشن) - حي المحمدية,المعذر,بلدية,بلدية المعذر,True,False,لا يوجد,,0,,,False,none,date_parsed_from_text,7,True
Data 2025.xlsx,5613,2025-06-24,2025-06,2025-W26,2,1,sau-1885-r01,sau-1885-R01,صوص اعشاب,صوص (sauce),sauce,صوص (sauce),sauce_condiment,في قلبك (الشيف هشام باعشن) - حي المحمدية,في قلبك (الشيف هشام باعشن),حي المحمدية,في قلبك (الشيف هشام باعشن) - حي المحمدية,المعذر,بلدية,بلدية المعذر,False,True,العد الكلي للبكتيريا,العد الكلي للبكتيريا,1,,العد الكلي للبكتيريا,False,indicator_only,date_parsed_from_text,1,False
Data 2025.xlsx,5624,2025-06-24,2025-06,2025-W26,2,1,sau-1886-r01,sau-1886-R01,صوص فتة (زبادي),صوص (sauce),sauce,صوص (sauce),sauce_condiment,في قلبك (الشيف هشام باعشن) - حي المحمدية,في قلبك (الشيف هشام باعشن),حي المحمدية,في قلبك (الشيف هشام باعشن) - حي المحمدية,المعذر,بلدية,بلدية المعذر,False,True,العد الكلي للبكتيريا,العد الكلي للبكتيريا,1,,العد الكلي للبكتيريا,False,indicator_only,date_parsed_from_text,5,True
Data 2025.xlsx,5625,2025-06-24,2025-06,2025-W26,2,1,sau-1887-r01,sau-1887-R01,صوص تبولة,صوص (sauce),sauce,صوص (sauce),sauce_condiment,في قلبك (الشيف هشام باعشن) - حي المحمدية,في قلبك (الشيف هشام باعشن),حي المحمدية,في قلبك (الشيف هشام باعشن) - حي المحمدية,المعذر,بلدية,بلدية المعذر,True,False,لا يوجد,,0,,,False,none,date_parsed_from_text,5,True
Data 2025.xlsx,5629,2025-06-24,2025-06,2025-W26,2,1,sau-1888-r01,sau-1888-R01,صوص سلطة اللوتس,صوص (sauce),sauce,صوص (sauce),sauce_condiment,في قلبك (الشيف هشام باعشن) - حي المحمدية,في قلبك (الشيف هشام باعشن),حي المحمدية,في قلبك (الشيف هشام باعشن) - حي المحمدية,المعذر,بلدية,بلدية المعذر,False,True,العد الكلي للبكتيريا,العد الكلي للبكتيريا,1,,العد الكلي للبكتيريا,False,indicator_only,date_parsed_from_text,7,True
Data 2025.xlsx,5641,2025-06-24,2025-06,2025-W26,2,1,sau-1889-r01,sau-1889-R01,صوص مايونيز كراث,صوص (sauce),sauce,صوص (sauce),sauce_condiment,في قلبك (الشيف هشام باعشن) - حي المحمدية,في قلبك (الشيف هشام باعشن),حي المحمدية,في قلبك (الشيف هشام باعشن) - حي المحمدية,المعذر,بلدية,بلدية المعذر,True,False,لا يوجد,,0,,,False,none,date_parsed_from_text,7,True
Data 2025.xlsx,5642,2025-06-24,2025-06,2025-W26,2,1,sw-3238-r01,sw-3238-R01,مسحة ثلاجة مقبلات,(Swabs) المسحات,Swabs,(Swabs) المسحات,swab,في قلبك (الشيف هشام باعشن) - حي المحمدية,في قلبك (الشيف هشام باعشن),حي المحمدية,في قلبك (الشيف هشام باعشن) - حي المحمدية,المعذر,بلدية,بلدية المعذر,True,False,لا يوجد,,0,,,False,none,date_parsed_from_text,7,True
Data 2025.xlsx,5643,2025-06-24,2025-06,2025-W26,2,1,sw-3239-r01,sw-3239-R01,مسحة ثلاجة سلطات,(Swabs) المسحات,Swabs,(Swabs) المسحات,swab,في قلبك (الشيف هشام باعشن) - حي المحمدية,في قلبك (الشيف هشام باعشن),حي المحمدية,في قلبك (الشيف هشام باعشن) - حي المحمدية,المعذر,بلدية,بلدية المعذر,True,False,لا يوجد,,0,,,False,none,date_parsed_from_text,7,True
Data 2025.xlsx,5644,2025-06-24,2025-06,2025-W26,2,1,sw-3240-r01,sw-3240-R01,مسحة طاولة خضار,(Swabs) المسحات,Swabs,(Swabs) المسحات,swab,في قلبك (الشيف هشام باعشن) - حي المحمدية,في قلبك (الشيف هشام باعشن),حي المحمدية,في قلبك (الشيف هشام باعشن) - حي المحمدية,المعذر,بلدية,بلدية المعذر,False,True,العد الكلي للبكتيريا,العد الكلي للبكتيريا,1,,العد الكلي للبكتيريا,False,indicator_only,date_parsed_from_text,8,True
Data 2025.xlsx,5645,2025-06-24,2025-06,2025-W26,2,1,ubot-0999-r01,Ubot-0999-R01,مياه حنفية لغسيل الادوات م-ك,المياه الغير معبأة (Unbottled water),Unbottled water,المياه الغير معبأة (Unbottled water),water,ملحمة بيت السعادة,ملحمة بيت السعادة,,ملحمة بيت السعادة,الروضة,بلدية,بلدية الروضة,True,False,لا يوجد,,0,,,False,none,date_parsed_from_text,0,False
Data 2025.xlsx,5649,2025-06-24,2025-06,2025-W26,2,1,ubot-1000-r01,Ubot-1000-R01,مياه حنفية لغسيل الادوات,المياه الغير معبأة (Unbottled water),Unbottled water,المياه الغير معبأة (Unbottled water),water,الهلال اللحوم الطازجة,الهلال اللحوم الطازجة,,الهلال اللحوم الطازجة,الروضة,بلدية,بلدية الروضة,True,False,لا يوجد,,0,,,False,none,date_parsed_from_text,0,False
Data 2025.xlsx,5646,2025-06-25,2025-06,2025-W26,2,2,raw-0289-r01,Raw-0289-R01,لحم رجل حاشي بلدي من نفس الخروف,لحوم نيئة مبردة ومجمدة (Raw meat Cold or chilled ),Raw meat Cold or chilled,لحوم نيئة مبردة ومجمدة (Raw meat Cold or chilled ),raw_meat,الهلال اللحوم الطازجة,الهلال اللحوم الطازجة,,الهلال اللحوم الطازجة,الروضة,بلدية,بلدية الروضة,True,False,لا يوجد,,0,,,False,none,date_parsed_from_text,0,False
Data 2025.xlsx,5647,2025-06-25,2025-06,2025-W26,2,2,raw-0290-r01,Raw-0290-R01,كلوة حاشي بلدي من نفس الحاشي,لحوم نيئة مبردة ومجمدة (Raw meat Cold or chilled ),Raw meat Cold or chilled,لحوم نيئة مبردة ومجمدة (Raw meat Cold or chilled ),raw_meat,الهلال اللحوم الطازجة,الهلال اللحوم الطازجة,,الهلال اللحوم الطازجة,الروضة,بلدية,بلدية الروضة,True,False,لا يوجد,,0,,,False,none,date_parsed_from_text,0,False
Data 2025.xlsx,5666,2025-06-28,2025-06,2025-W26,2,5,1-3123-R01,1-3123-R01,كشنة (جزر مع زبيب),(kashana) كشنة,kashana,(kashana) كشنة,prepared_meal,مطعم سمر قندي - حي الملقا,مطعم سمر قندي,حي الملقا,مطعم سمر قندي - حي الملقا,الشمال,بلدية,بلدية الشمال,False,True,ايشيريشيا كولاي | استافيلوكوكس اورياس,ايشيريشيا كولاي | استافيلوكوكس اورياس,2,ايشيريشيا كولاي | استافيلوكوكس اورياس,,True,multi_pathogen,date_parsed_from_text,16,True
Data 2025.xlsx,5689,2025-06-28,2025-06,2025-W26,2,5,1-3124-R01,1-3124-R01,رز ابيض مطبوخ (ثلاجة),الارز ( rice),rice,الارز ( rice),prepared_meal,شركة تبولة ودجاج (فروج ابو العبد) - حي الملقا,شركة تبولة ودجاج (فروج ابو العبد),حي الملقا,شركة تبولة ودجاج (فروج ابو العبد) - حي الملقا,الشمال,بلدية,بلدية الشمال,False,True,العد الكلي للبكتيريا,العد الكلي للبكتيريا,1,,العد الكلي للبكتيريا,False,indicator_only,date_parsed_from_text,8,True
Data 2025.xlsx,5678,2025-06-28,2025-06,2025-W26,2,5,OO-OSS-po-0403-R01,OO-OSS-po-0403-R01,بطاطس مقلي مبهر,البطاطس (potatoes),potatoes,البطاطس (potatoes),produce,شركة تبولة ودجاج (فروج ابو العبد) - حي الملقا,شركة تبولة ودجاج (فروج ابو العبد),حي الملقا,شركة تبولة ودجاج (فروج ابو العبد) - حي الملقا,الشمال,بلدية,بلدية الشمال,True,False,لا يوجد,,0,,,False,none,date_parsed_from_text,2,True
Data 2025.xlsx,5659,2025-06-28,2025-06,2025-W26,2,5,appe-0505-r01,Appe-0505-R01,حمص,مقبلات (Appetizers),Appetizers,مقبلات (Appetizers),prepared_meal,مطعم سمر قندي - حي الملقا,مطعم سمر قندي,حي الملقا,مطعم سمر قندي - حي الملقا,الشمال,بلدية,بلدية الشمال,False,True,العد الكلي للبكتيريا,العد الكلي للبكتيريا,1,,العد الكلي للبكتيريا,False,indicator_only,date_parsed_from_text,11,True
Data 2025.xlsx,5660,2025-06-28,2025-06,2025-W26,2,5,appe-0506-r01,Appe-0506-R01,متبل,مقبلات (Appetizers),Appetizers,مقبلات (Appetizers),prepared_meal,مطعم سمر قندي - حي الملقا,مطعم سمر قندي,حي الملقا,مطعم سمر قندي - حي الملقا,الشمال,بلدية,بلدية الشمال,False,True,العد الكلي للبكتيريا,العد الكلي للبكتيريا,1,,العد الكلي للبكتيريا,False,indicator_only,date_parsed_from_text,12,True
Data 2025.xlsx,5661,2025-06-28,2025-06,2025-W26,2,5,appe-0507-r01,Appe-0507-R01,تبولة,مقبلات (Appetizers),Appetizers,مقبلات (Appetizers),prepared_meal,مطعم سمر قندي - حي الملقا,مطعم سمر قندي,حي الملقا,مطعم سمر قندي - حي الملقا,الشمال,بلدية,بلدية الشمال,False,True,استافيلوكوكس اورياس,استافيلوكوكس اورياس,1,استافيلوكوكس اورياس,,True,pathogen,date_parsed_from_text,13,True
Data 2025.xlsx,5662,2025-06-28,2025-06,2025-W26,2,5,appe-0508-r01,Appe-0508-R01,بابا غنوج,مقبلات (Appetizers),Appetizers,مقبلات (Appetizers),prepared_meal,مطعم سمر قندي - حي الملقا,مطعم سمر قندي,حي الملقا,مطعم سمر قندي - حي الملقا,الشمال,بلدية,بلدية الشمال,False,True,العد الكلي للبكتيريا,العد الكلي للبكتيريا,1,,العد الكلي للبكتيريا,False,indicator_only,date_parsed_from_text,14,True
Data 2025.xlsx,5671,2025-06-28,2025-06,2025-W26,2,5,br-0098-r01,Br-0098-R01,خبز,الخبـز (Bread),Bread,الخبـز (Bread),sweets_bakery,مطعم سمر قندي - حي الملقا,مطعم سمر قندي,حي الملقا,مطعم سمر قندي - حي الملقا,الشمال,بلدية,بلدية الشمال,True,False,لا يوجد,,0,,,False,none,date_parsed_from_text,19,True
Data 2025.xlsx,5724,2025-06-28,2025-06,2025-W26,2,5,bri-0312-r01,bri-0312-R01,كرات لبنة حارة,لبنة ( brick),brick,لبنة ( brick),dairy,أسواق التميمي - حي الملقا,أسواق التميمي,حي الملقا,أسواق التميمي - حي الملقا,الشمال,بلدية,بلدية الشمال,False,True,الخمائر والاعفان,الخمائر والاعفان,1,,الخمائر والاعفان,False,indicator_only,date_parsed_from_text,7,True
Data 2025.xlsx,5725,2025-06-28,2025-06,2025-W26,2,5,bri-0313-r01,bri-0313-R01,لبنة هنغاري,لبنة ( brick),brick,لبنة ( brick),dairy,أسواق التميمي - حي الملقا,أسواق التميمي,حي الملقا,أسواق التميمي - حي الملقا,الشمال,بلدية,بلدية الشمال,False,True,الخمائر والاعفان,الخمائر والاعفان,1,,الخمائر والاعفان,False,indicator_only,date_parsed_from_text,8,True
Data 2025.xlsx,5706,2025-06-28,2025-06,2025-W26,2,5,chee-0760-r01,Chee-0760-R01,جبنة هنجاري,(cheese) جبنة,cheese,(cheese) جبنة,dairy,أسواق التميمي - حي الملقا,أسواق التميمي,حي الملقا,أسواق التميمي - حي الملقا,الشمال,بلدية,بلدية الشمال,True,False,لا يوجد,,0,,,False,none,date_parsed_from_text,1,False
Data 2025.xlsx,5707,2025-06-28,2025-06,2025-W26,2,5,chee-0761-r01,Chee-0761-R01,جبنة شلال سوري,(cheese) جبنة,cheese,(cheese) جبنة,dairy,أسواق التميمي - حي الملقا,أسواق التميمي,حي الملقا,أسواق التميمي - حي الملقا,الشمال,بلدية,بلدية الشمال,False,True,استافيلوكوكس اورياس,استافيلوكوكس اورياس,1,استافيلوكوكس اورياس,,True,pathogen,date_parsed_from_text,2,True
Data 2025.xlsx,5708,2025-06-28,2025-06,2025-W26,2,5,chee-0762-r01,Chee-0762-R01,جبنة حلام سعودي,(cheese) جبنة,cheese,(cheese) جبنة,dairy,أسواق التميمي - حي الملقا,أسواق التميمي,حي الملقا,أسواق التميمي - حي الملقا,الشمال,بلدية,بلدية الشمال,True,False,لا يوجد,,0,,,False,none,date_parsed_from_text,2,True
Data 2025.xlsx,5709,2025-06-28,2025-06,2025-W26,2,5,chee-0763-r01,Chee-0763-R01,جبنة قريش,(cheese) جبنة,cheese,(cheese) جبنة,dairy,أسواق التميمي - حي الملقا,أسواق التميمي,حي الملقا,أسواق التميمي - حي الملقا,الشمال,بلدية,بلدية الشمال,True,False,لا يوجد,,0,,,False,none,date_parsed_from_text,2,True
Data 2025.xlsx,5723,2025-06-28,2025-06,2025-W26,2,5,chee-0764-r01,Chee-0764-R01,مش جبن,(cheese) جبنة,cheese,(cheese) جبنة,dairy,أسواق التميمي - حي الملقا,أسواق التميمي,حي الملقا,أسواق التميمي - حي الملقا,الشمال,بلدية,بلدية الشمال,False,True,استافيلوكوكس اورياس,استافيلوكوكس اورياس,1,استافيلوكوكس اورياس,,True,pathogen,date_parsed_from_text,6,True
Data 2025.xlsx,5667,2025-06-28,2025-06,2025-W26,2,5,co-0542-r01,co-0542-R01,دجاج على الفحم,الدجاج المطبوخ (Cooked chicken),Cooked chicken,الدجاج المطبوخ (Cooked chicken),cooked_meat_poultry,مطعم سمر قندي - حي الملقا,مطعم سمر قندي,حي الملقا,مطعم سمر قندي - حي الملقا,الشمال,بلدية,بلدية الشمال,True,False,لا يوجد,,0,,,False,none,date_parsed_from_text,16,True
Data 2025.xlsx,5677,2025-06-28,2025-06,2025-W26,2,5,co-0543-r01,co-0543-R01,دجاج مسحب,الدجاج المطبوخ (Cooked chicken),Cooked chicken,الدجاج المطبوخ (Cooked chicken),cooked_meat_poultry,شركة تبولة ودجاج (فروج ابو العبد) - حي الملقا,شركة تبولة ودجاج (فروج ابو العبد),حي الملقا,شركة تبولة ودجاج (فروج ابو العبد) - حي الملقا,الشمال,بلدية,بلدية الشمال,True,False,لا يوجد,,0,,,False,none,date_parsed_from_text,2,True
Data 2025.xlsx,5665,2025-06-28,2025-06,2025-W26,2,5,gcv-0235-r01,GCV-0235-R01,ايدام بامية,الخضار المشوية و المطبوخة,,الخضار المشوية و المطبوخة,cooked_meat_poultry,مطعم سمر قندي - حي الملقا,مطعم سمر قندي,حي الملقا,مطعم سمر قندي - حي الملقا,الشمال,بلدية,بلدية الشمال,True,False,لا يوجد,,0,,,False,none,date_parsed_from_text,15,True
Data 2025.xlsx,5718,2025-06-28,2025-06,2025-W26,2,5,hs-0321-r01,HS-0321-R01,شطة حارة,الشطة (Hot sauce),Hot sauce,الشطة (Hot sauce),sauce_condiment,أسواق التميمي - حي الملقا,أسواق التميمي,حي الملقا,أسواق التميمي - حي الملقا,الشمال,بلدية,بلدية الشمال,False,True,العد الكلي للبكتيريا,العد الكلي للبكتيريا,1,,العد الكلي للبكتيريا,False,indicator_only,date_parsed_from_text,4,True
Data 2025.xlsx,5719,2025-06-28,2025-06,2025-W26,2,5,lup-0180-r01,Lup-0180-R01,ترمس,ترمس (Lupin Bean),Lupin Bean,ترمس (Lupin Bean),produce,أسواق التميمي - حي الملقا,أسواق التميمي,حي الملقا,أسواق التميمي - حي الملقا,الشمال,بلدية,بلدية الشمال,True,False,لا يوجد,,0,,,False,none,date_parsed_from_text,4,True
Data 2025.xlsx,5686,2025-06-28,2025-06,2025-W26,2,5,mola-0050-r01,mola-0050-R01,دبس رمان,( Molasses) دبس,Molasses,( Molasses) دبس,sauce_condiment,شركة تبولة ودجاج (فروج ابو العبد) - حي الملقا,شركة تبولة ودجاج (فروج ابو العبد),حي الملقا,شركة تبولة ودجاج (فروج ابو العبد) - حي الملقا,الشمال,بلدية,بلدية الشمال,True,False,لا يوجد,,0,,,False,none,date_parsed_from_text,5,True
Data 2025.xlsx,5710,2025-06-28,2025-06,2025-W26,2,5,olv-0480-r01,olv-0480-R01,زيتون اخضر يوناني,الزيتون /Olive,Olive,الزيتون /Olive,produce,أسواق التميمي - حي الملقا,أسواق التميمي,حي الملقا,أسواق التميمي - حي الملقا,الشمال,بلدية,بلدية الشمال,True,False,لا يوجد,,0,,,False,none,date_parsed_from_text,2,True
Data 2025.xlsx,5711,2025-06-28,2025-06,2025-W26,2,5,olv-0481-r01,olv-0481-R01,زيتون كالاماتا يوناني,الزيتون /Olive,Olive,الزيتون /Olive,produce,أسواق التميمي - حي الملقا,أسواق التميمي,حي الملقا,أسواق التميمي - حي الملقا,الشمال,بلدية,بلدية الشمال,True,False,لا يوجد,,0,,,False,none,date_parsed_from_text,2,True
Data 2025.xlsx,5712,2025-06-28,2025-06,2025-W26,2,5,olv-0482-r01,olv-0482-R01,زيتون اخضر مغربي مع فلفل,الزيتون /Olive,Olive,الزيتون /Olive,produce,أسواق التميمي - حي الملقا,أسواق التميمي,حي الملقا,أسواق التميمي - حي الملقا,الشمال,بلدية,بلدية الشمال,True,False,لا يوجد,,0,,,False,none,date_parsed_from_text,2,True
Data 2025.xlsx,5713,2025-06-28,2025-06,2025-W26,2,5,olv-0483-r01,olv-0483-R01,زيتون اسود جامبو,الزيتون /Olive,Olive,الزيتون /Olive,produce,أسواق التميمي - حي الملقا,أسواق التميمي,حي الملقا,أسواق التميمي - حي الملقا,الشمال,بلدية,بلدية الشمال,True,False,لا يوجد,,0,,,False,none,date_parsed_from_text,2,True
Data 2025.xlsx,5714,2025-06-28,2025-06,2025-W26,2,5,olv-0484-r01,olv-0484-R01,زيتون اخضر مشوي,الزيتون /Olive,Olive,الزيتون /Olive,produce,أسواق التميمي - حي الملقا,أسواق التميمي,حي الملقا,أسواق التميمي - حي الملقا,الشمال,بلدية,بلدية الشمال,True,False,لا يوجد,,0,,,False,none,date_parsed_from_text,2,True
Data 2025.xlsx,5715,2025-06-28,2025-06,2025-W26,2,5,olv-0485-r01,olv-0485-R01,زيتون احمر كالاماتا,الزيتون /Olive,Olive,الزيتون /Olive,produce,أسواق التميمي - حي الملقا,أسواق التميمي,حي الملقا,أسواق التميمي - حي الملقا,الشمال,بلدية,بلدية الشمال,True,False,لا يوجد,,0,,,False,none,date_parsed_from_text,2,True
Data 2025.xlsx,5716,2025-06-28,2025-06,2025-W26,2,5,olv-0486-r01,olv-0486-R01,زيتون اخضر محشي جزر,الزيتون /Olive,Olive,الزيتون /Olive,produce,أسواق التميمي - حي الملقا,أسواق التميمي,حي الملقا,أسواق التميمي - حي الملقا,الشمال,بلدية,بلدية الشمال,False,True,خمائر,الخمائر والاعفان,1,,الخمائر والاعفان,False,indicator_only,date_parsed_from_text,3,True
Data 2025.xlsx,5675,2025-06-28,2025-06,2025-W26,2,5,pick-0439-r01,Pick-0439-R01,مخلل مشكل,المخلل (Pickle),Pickle,المخلل (Pickle),sauce_condiment,شركة تبولة ودجاج (فروج ابو العبد) - حي الملقا,شركة تبولة ودجاج (فروج ابو العبد),حي الملقا,شركة تبولة ودجاج (فروج ابو العبد) - حي الملقا,الشمال,بلدية,بلدية الشمال,False,True,خمائر,الخمائر والاعفان,1,,الخمائر والاعفان,False,indicator_only,date_parsed_from_text,1,False
Data 2025.xlsx,5679,2025-06-28,2025-06,2025-W26,2,5,pick-0440-r01,Pick-0440-R01,مخلل خيار,المخلل (Pickle),Pickle,المخلل (Pickle),sauce_condiment,شركة تبولة ودجاج (فروج ابو العبد) - حي الملقا,شركة تبولة ودجاج (فروج ابو العبد),حي الملقا,شركة تبولة ودجاج (فروج ابو العبد) - حي الملقا,الشمال,بلدية,بلدية الشمال,False,True,خمائر,الخمائر والاعفان,1,,الخمائر والاعفان,False,indicator_only,date_parsed_from_text,3,True
Data 2025.xlsx,5717,2025-06-28,2025-06,2025-W26,2,5,pick-0441-r01,Pick-0441-R01,مخلل لفت,المخلل (Pickle),Pickle,المخلل (Pickle),sauce_condiment,أسواق التميمي - حي الملقا,أسواق التميمي,حي الملقا,أسواق التميمي - حي الملقا,الشمال,بلدية,بلدية الشمال,True,False,لا يوجد,,0,,,False,none,date_parsed_from_text,3,True
Data 2025.xlsx,5668,2025-06-28,2025-06,2025-W26,2,5,po-0123-r01,po-0123-R01,كباب دجاج ني,الدجاج (Poultry),Poultry,الدجاج (Poultry),cooked_meat_poultry,مطعم سمر قندي - حي الملقا,مطعم سمر قندي,حي الملقا,مطعم سمر قندي - حي الملقا,الشمال,بلدية,بلدية الشمال,False,True,العد الكلي للبكتيريا,العد الكلي للبكتيريا,1,,العد الكلي للبكتيريا,False,indicator_only,date_parsed_from_text,17,True
Data 2025.xlsx,5688,2025-06-28,2025-06,2025-W26,2,5,po-0124-r01,po-0124-R01,كباب دجاج ني,الدجاج (Poultry),Poultry,الدجاج (Poultry),cooked_meat_poultry,شركة تبولة ودجاج (فروج ابو العبد) - حي الملقا,شركة تبولة ودجاج (فروج ابو العبد),حي الملقا,شركة تبولة ودجاج (فروج ابو العبد) - حي الملقا,الشمال,بلدية,بلدية الشمال,False,True,العد الكلي للبكتيريا | السالمونيلا,العد الكلي للبكتيريا | السالمونيلا,2,السالمونيلا,العد الكلي للبكتيريا,True,pathogen,date_parsed_from_text,7,True
Data 2025.xlsx,5650,2025-06-28,2025-06,2025-W26,2,5,raw-0292-r01,Raw-0292-R01,كبدة عجل بلدي,لحوم نيئة مبردة ومجمدة (Raw meat Cold or chilled ),Raw meat Cold or chilled,لحوم نيئة مبردة ومجمدة (Raw meat Cold or chilled ),raw_meat,شركة حصاد الابداع للمواد الغذائية شركة شخص واحد,شركة حصاد الابداع للمواد الغذائية شركة شخص واحد,,شركة حصاد الابداع للمواد الغذائية شركة شخص واحد,الروضة,بلدية,بلدية الروضة,True,False,لا يوجد,,0,,,False,none,date_parsed_from_text,0,False
Data 2025.xlsx,5651,2025-06-28,2025-06,2025-W26,2,5,raw-0293-r01,Raw-0293-R01,قلب حاشي بلدي,لحوم نيئة مبردة ومجمدة (Raw meat Cold or chilled ),Raw meat Cold or chilled,لحوم نيئة مبردة ومجمدة (Raw meat Cold or chilled ),raw_meat,شركة حصاد الابداع للمواد الغذائية شركة شخص واحد,شركة حصاد الابداع للمواد الغذائية شركة شخص واحد,,شركة حصاد الابداع للمواد الغذائية شركة شخص واحد,الروضة,بلدية,بلدية الروضة,True,False,لا يوجد,,0,,,False,none,date_parsed_from_text,0,False
Data 2025.xlsx,5652,2025-06-28,2025-06,2025-W26,2,5,raw-0294-r01,Raw-0294-R01,قلب عجل من نفس كبدة العجل,لحوم نيئة مبردة ومجمدة (Raw meat Cold or chilled ),Raw meat Cold or chilled,لحوم نيئة مبردة ومجمدة (Raw meat Cold or chilled ),raw_meat,شركة حصاد الابداع للمواد الغذائية شركة شخص واحد,شركة حصاد الابداع للمواد الغذائية شركة شخص واحد,,شركة حصاد الابداع للمواد الغذائية شركة شخص واحد,الروضة,بلدية,بلدية الروضة,True,False,لا يوجد,,0,,,False,none,date_parsed_from_text,0,False
Data 2025.xlsx,5653,2025-06-28,2025-06,2025-W26,2,5,raw-0295-r01,Raw-0295-R01,كبدة حاشي من نفس قلب الحاشي,لحوم نيئة مبردة ومجمدة (Raw meat Cold or chilled ),Raw meat Cold or chilled,لحوم نيئة مبردة ومجمدة (Raw meat Cold or chilled ),raw_meat,شركة حصاد الابداع للمواد الغذائية شركة شخص واحد,شركة حصاد الابداع للمواد الغذائية شركة شخص واحد,,شركة حصاد الابداع للمواد الغذائية شركة شخص واحد,الروضة,بلدية,بلدية الروضة,True,False,لا يوجد,,0,,,False,none,date_parsed_from_text,0,False
Data 2025.xlsx,5654,2025-06-28,2025-06,2025-W26,2,5,raw-0296-r01,Raw-0296-R01,كلوة عجل من نفس قلب العجل,لحوم نيئة مبردة ومجمدة (Raw meat Cold or chilled ),Raw meat Cold or chilled,لحوم نيئة مبردة ومجمدة (Raw meat Cold or chilled ),raw_meat,شركة حصاد الابداع للمواد الغذائية شركة شخص واحد,شركة حصاد الابداع للمواد الغذائية شركة شخص واحد,,شركة حصاد الابداع للمواد الغذائية شركة شخص واحد,الروضة,بلدية,بلدية الروضة,True,False,لا يوجد,,0,,,False,none,date_parsed_from_text,0,False
Data 2025.xlsx,5655,2025-06-28,2025-06,2025-W26,2,5,raw-0297-r01,Raw-0297-R01,لحم حاشي رقبة وكتف من نفس احشاء الحاشي,لحوم نيئة مبردة ومجمدة (Raw meat Cold or chilled ),Raw meat Cold or chilled,لحوم نيئة مبردة ومجمدة (Raw meat Cold or chilled ),raw_meat,شركة حصاد الابداع للمواد الغذائية شركة شخص واحد,شركة حصاد الابداع للمواد الغذائية شركة شخص واحد,,شركة حصاد الابداع للمواد الغذائية شركة شخص واحد,الروضة,بلدية,بلدية الروضة,True,False,لا يوجد,,0,,,False,none,date_parsed_from_text,0,False
Data 2025.xlsx,5656,2025-06-28,2025-06,2025-W26,2,5,raw-0298-r01,Raw-0298-R01,لحم كتف عجل بلدي اخر,لحوم نيئة مبردة ومجمدة (Raw meat Cold or chilled ),Raw meat Cold or chilled,لحوم نيئة مبردة ومجمدة (Raw meat Cold or chilled ),raw_meat,شركة حصاد الابداع للمواد الغذائية شركة شخص واحد,شركة حصاد الابداع للمواد الغذائية شركة شخص واحد,,شركة حصاد الابداع للمواد الغذائية شركة شخص واحد,الروضة,بلدية,بلدية الروضة,True,False,لا يوجد,,0,,,False,none,date_parsed_from_text,0,False
Data 2025.xlsx,5657,2025-06-28,2025-06,2025-W26,2,5,raw-0299-r01,Raw-0299-R01,فلب غنم حري بلدي,لحوم نيئة مبردة ومجمدة (Raw meat Cold or chilled ),Raw meat Cold or chilled,لحوم نيئة مبردة ومجمدة (Raw meat Cold or chilled ),raw_meat,شركة حصاد الابداع للمواد الغذائية شركة شخص واحد,شركة حصاد الابداع للمواد الغذائية شركة شخص واحد,,شركة حصاد الابداع للمواد الغذائية شركة شخص واحد,الروضة,بلدية,بلدية الروضة,True,False,لا يوجد,,0,,,False,none,date_parsed_from_text,0,False
Data 2025.xlsx,5658,2025-06-28,2025-06,2025-W26,2,5,raw-0300-r01,Raw-0300-R01,كبدة من نفس قلب الحري,لحوم نيئة مبردة ومجمدة (Raw meat Cold or chilled ),Raw meat Cold or chilled,لحوم نيئة مبردة ومجمدة (Raw meat Cold or chilled ),raw_meat,شركة حصاد الابداع للمواد الغذائية شركة شخص واحد,شركة حصاد الابداع للمواد الغذائية شركة شخص واحد,,شركة حصاد الابداع للمواد الغذائية شركة شخص واحد,الروضة,بلدية,بلدية الروضة,True,False,لا يوجد,,0,,,False,none,date_parsed_from_text,0,False
Data 2025.xlsx,5669,2025-06-28,2025-06,2025-W26,2,5,raw-0301-r01,Raw-0301-R01,كباب لحم ني,لحوم نيئة مبردة ومجمدة (Raw meat Cold or chilled ),Raw meat Cold or chilled,لحوم نيئة مبردة ومجمدة (Raw meat Cold or chilled ),raw_meat,مطعم سمر قندي - حي الملقا,مطعم سمر قندي,حي الملقا,مطعم سمر قندي - حي الملقا,الشمال,بلدية,بلدية الشمال,False,True,العد الكلي للبكتيريا,العد الكلي للبكتيريا,1,,العد الكلي للبكتيريا,False,indicator_only,date_parsed_from_text,18,True
Data 2025.xlsx,5687,2025-06-28,2025-06,2025-W26,2,5,raw-0302-r01,Raw-0302-R01,كباب لحم ني,لحوم نيئة مبردة ومجمدة (Raw meat Cold or chilled ),Raw meat Cold or chilled,لحوم نيئة مبردة ومجمدة (Raw meat Cold or chilled ),raw_meat,شركة تبولة ودجاج (فروج ابو العبد) - حي الملقا,شركة تبولة ودجاج (فروج ابو العبد),حي الملقا,شركة تبولة ودجاج (فروج ابو العبد) - حي الملقا,الشمال,بلدية,بلدية الشمال,False,True,العد الكلي للبكتيريا | استافيلوكوكس اورياس | السالمونيلا,العد الكلي للبكتيريا | استافيلوكوكس اورياس | السالمونيلا,3,استافيلوكوكس اورياس | السالمونيلا,العد الكلي للبكتيريا,True,multi_pathogen,date_parsed_from_text,6,True
Data 2025.xlsx,5663,2025-06-28,2025-06,2025-W26,2,5,sal-1407-r01,Sal-1407-R01,سلطة لبن خيار,السلطة(Salad),Salad,السلطة(Salad),produce,مطعم سمر قندي - حي الملقا,مطعم سمر قندي,حي الملقا,مطعم سمر قندي - حي الملقا,الشمال,بلدية,بلدية الشمال,True,False,لا يوجد,,0,,,False,none,date_parsed_from_text,14,True
Data 2025.xlsx,5664,2025-06-28,2025-06,2025-W26,2,5,sal-1408-r01,Sal-1408-R01,سلطة خضراء,السلطة(Salad),Salad,السلطة(Salad),produce,مطعم سمر قندي - حي الملقا,مطعم سمر قندي,حي الملقا,مطعم سمر قندي - حي الملقا,الشمال,بلدية,بلدية الشمال,False,True,استافيلوكوكس اورياس,استافيلوكوكس اورياس,1,استافيلوكوكس اورياس,,True,pathogen,date_parsed_from_text,15,True
Data 2025.xlsx,5670,2025-06-28,2025-06,2025-W26,2,5,sal-1409-r01,Sal-1409-R01,سلطة مشاوي,السلطة(Salad),Salad,السلطة(Salad),produce,مطعم سمر قندي - حي الملقا,مطعم سمر قندي,حي الملقا,مطعم سمر قندي - حي الملقا,الشمال,بلدية,بلدية الشمال,False,True,ايشيريشيا كولاي,ايشيريشيا كولاي,1,ايشيريشيا كولاي,,True,pathogen,date_parsed_from_text,19,True
Data 2025.xlsx,5676,2025-06-28,2025-06,2025-W26,2,5,sal-1410-r01,Sal-1410-R01,سلطة مشاوي,السلطة(Salad),Salad,السلطة(Salad),produce,شركة تبولة ودجاج (فروج ابو العبد) - حي الملقا,شركة تبولة ودجاج (فروج ابو العبد),حي الملقا,شركة تبولة ودجاج (فروج ابو العبد) - حي الملقا,الشمال,بلدية,بلدية الشمال,False,True,استافيلوكوكس اورياس,استافيلوكوكس اورياس,1,استافيلوكوكس اورياس,,True,pathogen,date_parsed_from_text,2,True
Data 2025.xlsx,5680,2025-06-28,2025-06,2025-W26,2,5,sal-1411-r01,Sal-1411-R01,سلطة ملفوف,السلطة(Salad),Salad,السلطة(Salad),produce,شركة تبولة ودجاج (فروج ابو العبد) - حي الملقا,شركة تبولة ودجاج (فروج ابو العبد),حي الملقا,شركة تبولة ودجاج (فروج ابو العبد) - حي الملقا,الشمال,بلدية,بلدية الشمال,True,False,لا يوجد,,0,,,False,none,date_parsed_from_text,3,True
Data 2025.xlsx,5720,2025-06-28,2025-06,2025-W26,2,5,sal-1412-r01,Sal-1412-R01,سلطة تونة,السلطة(Salad),Salad,السلطة(Salad),produce,أسواق التميمي - حي الملقا,أسواق التميمي,حي الملقا,أسواق التميمي - حي الملقا,الشمال,بلدية,بلدية الشمال,True,False,لا يوجد,,0,,,False,none,date_parsed_from_text,4,True
Data 2025.xlsx,5721,2025-06-28,2025-06,2025-W26,2,5,sal-1413-r01,Sal-1413-R01,سلطة جبن بالزعتر,السلطة(Salad),Salad,السلطة(Salad),produce,أسواق التميمي - حي الملقا,أسواق التميمي,حي الملقا,أسواق التميمي - حي الملقا,الشمال,بلدية,بلدية الشمال,False,True,استافيلوكوكس اورياس,استافيلوكوكس اورياس,1,استافيلوكوكس اورياس,,True,pathogen,date_parsed_from_text,5,True
Data 2025.xlsx,5722,2025-06-28,2025-06,2025-W26,2,5,sal-1414-r01,Sal-1414-R01,سلطة جبن حارة,السلطة(Salad),Salad,السلطة(Salad),produce,أسواق التميمي - حي الملقا,أسواق التميمي,حي الملقا,أسواق التميمي - حي الملقا,الشمال,بلدية,بلدية الشمال,True,False,لا يوجد,,0,,,False,none,date_parsed_from_text,5,True
Data 2025.xlsx,5726,2025-06-28,2025-06,2025-W26,2,5,sal-1415-r01,Sal-1415-R01,سلطة مرتديلا مكس (دجاج + لحم),السلطة(Salad),Salad,السلطة(Salad),produce,أسواق التميمي - حي الملقا,أسواق التميمي,حي الملقا,أسواق التميمي - حي الملقا,الشمال,بلدية,بلدية الشمال,False,True,العد الكلي للبكتيريا,العد الكلي للبكتيريا,1,,العد الكلي للبكتيريا,False,indicator_only,date_parsed_from_text,9,True
Data 2025.xlsx,5672,2025-06-28,2025-06,2025-W26,2,5,sau-1890-r01,sau-1890-R01,صوص ثوم,صوص (sauce),sauce,صوص (sauce),sauce_condiment,شركة تبولة ودجاج (فروج ابو العبد) - حي الملقا,شركة تبولة ودجاج (فروج ابو العبد),حي الملقا,شركة تبولة ودجاج (فروج ابو العبد) - حي الملقا,الشمال,بلدية,بلدية الشمال,True,False,لا يوجد,,0,,,False,none,date_parsed_from_text,0,False
Data 2025.xlsx,5673,2025-06-28,2025-06,2025-W26,2,5,sau-1891-r01,sau-1891-R01,صوص حار,صوص (sauce),sauce,صوص (sauce),sauce_condiment,شركة تبولة ودجاج (فروج ابو العبد) - حي الملقا,شركة تبولة ودجاج (فروج ابو العبد),حي الملقا,شركة تبولة ودجاج (فروج ابو العبد) - حي الملقا,الشمال,بلدية,بلدية الشمال,True,False,لا يوجد,,0,,,False,none,date_parsed_from_text,0,False
Data 2025.xlsx,5674,2025-06-28,2025-06,2025-W26,2,5,sau-1892-r01,sau-1892-R01,صوص وردي,صوص (sauce),sauce,صوص (sauce),sauce_condiment,شركة تبولة ودجاج (فروج ابو العبد) - حي الملقا,شركة تبولة ودجاج (فروج ابو العبد),حي الملقا,شركة تبولة ودجاج (فروج ابو العبد) - حي الملقا,الشمال,بلدية,بلدية الشمال,True,False,لا يوجد,,0,,,False,none,date_parsed_from_text,0,False
Data 2025.xlsx,5681,2025-06-28,2025-06,2025-W26,2,5,sau-1893-r01,sau-1893-R01,صوص حار,صوص (sauce),sauce,صوص (sauce),sauce_condiment,شركة تبولة ودجاج (فروج ابو العبد) - حي الملقا,شركة تبولة ودجاج (فروج ابو العبد),حي الملقا,شركة تبولة ودجاج (فروج ابو العبد) - حي الملقا,الشمال,بلدية,بلدية الشمال,True,False,لا يوجد,,0,,,False,none,date_parsed_from_text,3,True
Data 2025.xlsx,5682,2025-06-28,2025-06,2025-W26,2,5,sau-1894-r01,sau-1894-R01,صوص وردي,صوص (sauce),sauce,صوص (sauce),sauce_condiment,شركة تبولة ودجاج (فروج ابو العبد) - حي الملقا,شركة تبولة ودجاج (فروج ابو العبد),حي الملقا,شركة تبولة ودجاج (فروج ابو العبد) - حي الملقا,الشمال,بلدية,بلدية الشمال,False,True,العد الكلي للبكتيريا,العد الكلي للبكتيريا,1,,العد الكلي للبكتيريا,False,indicator_only,date_parsed_from_text,4,True
Data 2025.xlsx,5683,2025-06-28,2025-06,2025-W26,2,5,sau-1895-r01,sau-1895-R01,صوص ثوم,صوص (sauce),sauce,صوص (sauce),sauce_condiment,شركة تبولة ودجاج (فروج ابو العبد) - حي الملقا,شركة تبولة ودجاج (فروج ابو العبد),حي الملقا,شركة تبولة ودجاج (فروج ابو العبد) - حي الملقا,الشمال,بلدية,بلدية الشمال,False,True,العد الكلي للبكتيريا,العد الكلي للبكتيريا,1,,العد الكلي للبكتيريا,False,indicator_only,date_parsed_from_text,5,True
Data 2025.xlsx,5684,2025-06-28,2025-06,2025-W26,2,5,sau-1896-r01,sau-1896-R01,صوص كاتشب,صوص (sauce),sauce,صوص (sauce),sauce_condiment,شركة تبولة ودجاج (فروج ابو العبد) - حي الملقا,شركة تبولة ودجاج (فروج ابو العبد),حي الملقا,شركة تبولة ودجاج (فروج ابو العبد) - حي الملقا,الشمال,بلدية,بلدية الشمال,True,False,لا يوجد,,0,,,False,none,date_parsed_from_text,5,True
Data 2025.xlsx,5685,2025-06-28,2025-06,2025-W26,2,5,sau-1897-r01,sau-1897-R01,صوص باربكيو,صوص (sauce),sauce,صوص (sauce),sauce_condiment,شركة تبولة ودجاج (فروج ابو العبد) - حي الملقا,شركة تبولة ودجاج (فروج ابو العبد),حي الملقا,شركة تبولة ودجاج (فروج ابو العبد) - حي الملقا,الشمال,بلدية,بلدية الشمال,True,False,لا يوجد,,0,,,False,none,date_parsed_from_text,5,True
Data 2025.xlsx,5690,2025-06-28,2025-06,2025-W26,2,5,sw-3241-r01,sw-3241-R01,مسحة حافظة بطاطس,(Swabs) المسحات,Swabs,(Swabs) المسحات,swab,شركة تبولة ودجاج (فروج ابو العبد) - حي الملقا,شركة تبولة ودجاج (فروج ابو العبد),حي الملقا,شركة تبولة ودجاج (فروج ابو العبد) - حي الملقا,الشمال,بلدية,بلدية الشمال,True,False,لا يوجد,,0,,,False,none,date_parsed_from_text,8,True
Data 2025.xlsx,5691,2025-06-28,2025-06,2025-W26,2,5,sw-3242-r01,sw-3242-R01,مسحة ثلاجة مقبلات,(Swabs) المسحات,Swabs,(Swabs) المسحات,swab,شركة تبولة ودجاج (فروج ابو العبد) - حي الملقا,شركة تبولة ودجاج (فروج ابو العبد),حي الملقا,شركة تبولة ودجاج (فروج ابو العبد) - حي الملقا,الشمال,بلدية,بلدية الشمال,True,False,لا يوجد,,0,,,False,none,date_parsed_from_text,8,True
Data 2025.xlsx,5692,2025-06-28,2025-06,2025-W26,2,5,sw-3243-r01,sw-3243-R01,مسحة ثلاجة سلطات,(Swabs) المسحات,Swabs,(Swabs) المسحات,swab,شركة تبولة ودجاج (فروج ابو العبد) - حي الملقا,شركة تبولة ودجاج (فروج ابو العبد),حي الملقا,شركة تبولة ودجاج (فروج ابو العبد) - حي الملقا,الشمال,بلدية,بلدية الشمال,True,False,لا يوجد,,0,,,False,none,date_parsed_from_text,8,True
Data 2025.xlsx,5701,2025-06-28,2025-06,2025-W26,2,5,sw-3244-r01,sw-3244-R01,مسحة ثلاجة,(Swabs) المسحات,Swabs,(Swabs) المسحات,swab,أسواق التميمي - حي الملقا,أسواق التميمي,حي الملقا,أسواق التميمي - حي الملقا,الشمال,بلدية,بلدية الشمال,True,False,لا يوجد,,0,,,False,none,date_parsed_from_text,1,False
Data 2025.xlsx,5702,2025-06-28,2025-06,2025-W26,2,5,sw-3245-r01,sw-3245-R01,مسحة ثلاجة,(Swabs) المسحات,Swabs,(Swabs) المسحات,swab,أسواق التميمي - حي الملقا,أسواق التميمي,حي الملقا,أسواق التميمي - حي الملقا,الشمال,بلدية,بلدية الشمال,True,False,لا يوجد,,0,,,False,none,date_parsed_from_text,1,False
Data 2025.xlsx,5703,2025-06-28,2025-06,2025-W26,2,5,sw-3246-r01,sw-3246-R01,مسحة ثلاجة,(Swabs) المسحات,Swabs,(Swabs) المسحات,swab,أسواق التميمي - حي الملقا,أسواق التميمي,حي الملقا,أسواق التميمي - حي الملقا,الشمال,بلدية,بلدية الشمال,True,False,لا يوجد,,0,,,False,none,date_parsed_from_text,1,False
Data 2025.xlsx,5704,2025-06-28,2025-06,2025-W26,2,5,sw-3247-r01,sw-3247-R01,مسحة ثلاجة,(Swabs) المسحات,Swabs,(Swabs) المسحات,swab,أسواق التميمي - حي الملقا,أسواق التميمي,حي الملقا,أسواق التميمي - حي الملقا,الشمال,بلدية,بلدية الشمال,True,False,لا يوجد,,0,,,False,none,date_parsed_from_text,1,False
Data 2025.xlsx,5705,2025-06-28,2025-06,2025-W26,2,5,sw-3248-r01,sw-3248-R01,مسحة ثلاجة,(Swabs) المسحات,Swabs,(Swabs) المسحات,swab,أسواق التميمي - حي الملقا,أسواق التميمي,حي الملقا,أسواق التميمي - حي الملقا,الشمال,بلدية,بلدية الشمال,True,False,لا يوجد,,0,,,False,none,date_parsed_from_text,1,False
Data 2025.xlsx,5727,2025-06-28,2025-06,2025-W26,2,5,sw-3249-r01,sw-3249-R01,مسحة ثلاجة,(Swabs) المسحات,Swabs,(Swabs) المسحات,swab,أسواق التميمي - حي الملقا,أسواق التميمي,حي الملقا,أسواق التميمي - حي الملقا,الشمال,بلدية,بلدية الشمال,True,False,لا يوجد,,0,,,False,none,date_parsed_from_text,9,True
Data 2025.xlsx,5728,2025-06-28,2025-06,2025-W26,2,5,sw-3250-r01,sw-3250-R01,مسحة ثلاجة,(Swabs) المسحات,Swabs,(Swabs) المسحات,swab,أسواق التميمي - حي الملقا,أسواق التميمي,حي الملقا,أسواق التميمي - حي الملقا,الشمال,بلدية,بلدية الشمال,True,False,لا يوجد,,0,,,False,none,date_parsed_from_text,9,True
Data 2025.xlsx,5729,2025-06-28,2025-06,2025-W26,2,5,sw-3251-r01,sw-3251-R01,مسحة ثلاجة,(Swabs) المسحات,Swabs,(Swabs) المسحات,swab,أسواق التميمي - حي الملقا,أسواق التميمي,حي الملقا,أسواق التميمي - حي الملقا,الشمال,بلدية,بلدية الشمال,True,False,لا يوجد,,0,,,False,none,date_parsed_from_text,9,True
Data 2025.xlsx,5730,2025-06-28,2025-06,2025-W26,2,5,sw-3252-r01,sw-3252-R01,مسحة ثلاجة,(Swabs) المسحات,Swabs,(Swabs) المسحات,swab,أسواق التميمي - حي الملقا,أسواق التميمي,حي الملقا,أسواق التميمي - حي الملقا,الشمال,بلدية,بلدية الشمال,True,False,لا يوجد,,0,,,False,none,date_parsed_from_text,9,True
Data 2025.xlsx,5731,2025-06-28,2025-06,2025-W26,2,5,sw-3253-r01,sw-3253-R01,مسحة ثلاجة,(Swabs) المسحات,Swabs,(Swabs) المسحات,swab,أسواق التميمي - حي الملقا,أسواق التميمي,حي الملقا,أسواق التميمي - حي الملقا,الشمال,بلدية,بلدية الشمال,True,False,لا يوجد,,0,,,False,none,date_parsed_from_text,9,True
Data 2025.xlsx,5693,2025-06-28,2025-06,2025-W26,2,5,sweet-1237-r01,sweet-1237-R01,معمول بالفستق,الحلا(sweetness),sweetness,الحلا(sweetness),sweets_bakery,أسواق التميمي - حي الملقا,أسواق التميمي,حي الملقا,أسواق التميمي - حي الملقا,الشمال,بلدية,بلدية الشمال,True,False,لا يوجد,,0,,,False,none,date_parsed_from_text,0,False
Data 2025.xlsx,5694,2025-06-28,2025-06,2025-W26,2,5,sweet-1238-r01,sweet-1238-R01,معمول بجوز عين الجمل,الحلا(sweetness),sweetness,الحلا(sweetness),sweets_bakery,أسواق التميمي - حي الملقا,أسواق التميمي,حي الملقا,أسواق التميمي - حي الملقا,الشمال,بلدية,بلدية الشمال,True,False,لا يوجد,,0,,,False,none,date_parsed_from_text,0,False
Data 2025.xlsx,5695,2025-06-28,2025-06,2025-W26,2,5,sweet-1239-r01,sweet-1239-R01,فروزن كيك بالتمر و اليانسون,الحلا(sweetness),sweetness,الحلا(sweetness),sweets_bakery,أسواق التميمي - حي الملقا,أسواق التميمي,حي الملقا,أسواق التميمي - حي الملقا,الشمال,بلدية,بلدية الشمال,False,True,العد الكلي للبكتيريا | باسيلس سيريس,العد الكلي للبكتيريا | باسيلس سيريس,2,باسيلس سيريس,العد الكلي للبكتيريا,True,pathogen,date_parsed_from_text,1,False
Data 2025.xlsx,5696,2025-06-28,2025-06,2025-W26,2,5,sweet-1240-r01,sweet-1240-R01,معمول بالتمر,الحلا(sweetness),sweetness,الحلا(sweetness),sweets_bakery,أسواق التميمي - حي الملقا,أسواق التميمي,حي الملقا,أسواق التميمي - حي الملقا,الشمال,بلدية,بلدية الشمال,True,False,لا يوجد,,0,,,False,none,date_parsed_from_text,1,False
Data 2025.xlsx,5697,2025-06-28,2025-06,2025-W26,2,5,sweet-1241-r01,sweet-1241-R01,مافن بالتمر مع عين الجمل,الحلا(sweetness),sweetness,الحلا(sweetness),sweets_bakery,أسواق التميمي - حي الملقا,أسواق التميمي,حي الملقا,أسواق التميمي - حي الملقا,الشمال,بلدية,بلدية الشمال,True,False,لا يوجد,,0,,,False,none,date_parsed_from_text,1,False
Data 2025.xlsx,5698,2025-06-28,2025-06,2025-W26,2,5,sweet-1242-r01,sweet-1242-R01,مافن بالشوفان و العسل,الحلا(sweetness),sweetness,الحلا(sweetness),sweets_bakery,أسواق التميمي - حي الملقا,أسواق التميمي,حي الملقا,أسواق التميمي - حي الملقا,الشمال,بلدية,بلدية الشمال,True,False,لا يوجد,,0,,,False,none,date_parsed_from_text,1,False
Data 2025.xlsx,5699,2025-06-28,2025-06,2025-W26,2,5,sweet-1243-r01,sweet-1243-R01,تورتة جوز البقان,الحلا(sweetness),sweetness,الحلا(sweetness),sweets_bakery,أسواق التميمي - حي الملقا,أسواق التميمي,حي الملقا,أسواق التميمي - حي الملقا,الشمال,بلدية,بلدية الشمال,True,False,لا يوجد,,0,,,False,none,date_parsed_from_text,1,False
Data 2025.xlsx,5700,2025-06-28,2025-06,2025-W26,2,5,sweet-1244-r01,sweet-1244-R01,تورتة تفاح,الحلا(sweetness),sweetness,الحلا(sweetness),sweets_bakery,أسواق التميمي - حي الملقا,أسواق التميمي,حي الملقا,أسواق التميمي - حي الملقا,الشمال,بلدية,بلدية الشمال,True,False,لا يوجد,,0,,,False,none,date_parsed_from_text,1,False
Data 2025.xlsx,5732,2025-06-28,2025-06,2025-W26,2,5,ubot-1001-r01,Ubot-1001-R01,مياه حنفية لغسيل الادوات,المياه الغير معبأة (Unbottled water),Unbottled water,المياه الغير معبأة (Unbottled water),water,شركة حصاد الابداع للمواد الغذائية شركة شخص واحد,شركة حصاد الابداع للمواد الغذائية شركة شخص واحد,,شركة حصاد الابداع للمواد الغذائية شركة شخص واحد,الشمال,بلدية,بلدية الشمال,True,False,لا يوجد,,0,,,False,none,date_parsed_from_text,0,False
Data 2025.xlsx,5733,2025-06-28,2025-06,2025-W26,2,5,ubot-1002-r01,Ubot-1002-R01,مياه فلتر لغسيل الارز,المياه الغير معبأة (Unbottled water),Unbottled water,المياه الغير معبأة (Unbottled water),water,مطعم سمر قندي - حي الملقا,مطعم سمر قندي,حي الملقا,مطعم سمر قندي - حي الملقا,الروضة,بلدية,بلدية الروضة,True,False,لا يوجد,,0,,,False,none,date_parsed_from_text,19,True
Data 2025.xlsx,5782,2025-06-29,2025-06,2025-W26,2,6,1-3126-R01,1-3126-R01,نكهة كركدية,نكهات مركزة ( Syrup ),Syrup,نكهات مركزة ( Syrup ),sauce_condiment,عصائر عنوان بيت العصير - حي اليرموك,عصائر عنوان بيت العصير,حي اليرموك,عصائر عنوان بيت العصير - حي اليرموك,الروضة,بلدية,بلدية الروضة,True,False,لا يوجد,,0,,,False,none,date_parsed_from_text,0,False
Data 2025.xlsx,5783,2025-06-29,2025-06,2025-W26,2,6,1-3127-R01,1-3127-R01,نكهة توت احمر,نكهات مركزة ( Syrup ),Syrup,نكهات مركزة ( Syrup ),sauce_condiment,عصائر عنوان بيت العصير - حي اليرموك,عصائر عنوان بيت العصير,حي اليرموك,عصائر عنوان بيت العصير - حي اليرموك,الروضة,بلدية,بلدية الروضة,True,False,لا يوجد,,0,,,False,none,date_parsed_from_text,0,False
Data 2025.xlsx,5784,2025-06-29,2025-06,2025-W26,2,6,1-3128-R01,1-3128-R01,نكهة كيوي,نكهات مركزة ( Syrup ),Syrup,نكهات مركزة ( Syrup ),sauce_condiment,عصائر عنوان بيت العصير - حي اليرموك,عصائر عنوان بيت العصير,حي اليرموك,عصائر عنوان بيت العصير - حي اليرموك,الروضة,بلدية,بلدية الروضة,True,False,لا يوجد,,0,,,False,none,date_parsed_from_text,0,False
Data 2025.xlsx,5785,2025-06-29,2025-06,2025-W26,2,6,1-3129-R01,1-3129-R01,نكهة رمان,نكهات مركزة ( Syrup ),Syrup,نكهات مركزة ( Syrup ),sauce_condiment,عصائر عنوان بيت العصير - حي اليرموك,عصائر عنوان بيت العصير,حي اليرموك,عصائر عنوان بيت العصير - حي اليرموك,الروضة,بلدية,بلدية الروضة,True,False,لا يوجد,,0,,,False,none,date_parsed_from_text,0,False
Data 2025.xlsx,5786,2025-06-29,2025-06,2025-W26,2,6,1-3130-R01,1-3130-R01,نكهة باشن فروت,نكهات مركزة ( Syrup ),Syrup,نكهات مركزة ( Syrup ),sauce_condiment,عصائر عنوان بيت العصير - حي اليرموك,عصائر عنوان بيت العصير,حي اليرموك,عصائر عنوان بيت العصير - حي اليرموك,الروضة,بلدية,بلدية الروضة,True,False,لا يوجد,,0,,,False,none,date_parsed_from_text,0,False
Data 2025.xlsx,5787,2025-06-29,2025-06,2025-W26,2,6,1-3131-R01,1-3131-R01,نكهة باشن برتقال,نكهات مركزة ( Syrup ),Syrup,نكهات مركزة ( Syrup ),sauce_condiment,عصائر عنوان بيت العصير - حي اليرموك,عصائر عنوان بيت العصير,حي اليرموك,عصائر عنوان بيت العصير - حي اليرموك,الروضة,بلدية,بلدية الروضة,True,False,لا يوجد,,0,,,False,none,date_parsed_from_text,0,False
Data 2025.xlsx,5788,2025-06-29,2025-06,2025-W26,2,6,1-3132-R01,1-3132-R01,نكهة كرز,نكهات مركزة ( Syrup ),Syrup,نكهات مركزة ( Syrup ),sauce_condiment,عصائر عنوان بيت العصير - حي اليرموك,عصائر عنوان بيت العصير,حي اليرموك,عصائر عنوان بيت العصير - حي اليرموك,الروضة,بلدية,بلدية الروضة,True,False,لا يوجد,,0,,,False,none,date_parsed_from_text,0,False
Data 2025.xlsx,5790,2025-06-29,2025-06,2025-W26,2,6,1-3133-R01,1-3133-R01,قطع شمندر,شمندر(beet),beet,شمندر(beet),produce,عصائر عنوان بيت العصير - حي اليرموك,عصائر عنوان بيت العصير,حي اليرموك,عصائر عنوان بيت العصير - حي اليرموك,الروضة,بلدية,بلدية الروضة,False,True,استافيلوكوكس اورياس,استافيلوكوكس اورياس,1,استافيلوكوكس اورياس,,True,pathogen,date_parsed_from_text,2,True
Data 2025.xlsx,5798,2025-06-29,2025-06,2025-W26,2,6,300-0006-R01,300-0006-R01,بيكان,المكسرات (Nuts),Nuts,المكسرات (Nuts),produce,لبكة للحلويات - حي اليرموك,لبكة للحلويات,حي اليرموك,لبكة للحلويات - حي اليرموك,الروضة,بلدية,بلدية الروضة,True,False,لا يوجد,,0,,,False,none,date_parsed_from_text,0,False
Data 2025.xlsx,5773,2025-06-29,2025-06,2025-W26,2,6,O-U-po-0205-R01,O-U-po-0205-R01,حب رمان,الرمان (pomegranate),pomegranate,الرمان (pomegranate),produce,عصائر عنوان بيت العصير - حي اليرموك,عصائر عنوان بيت العصير,حي اليرموك,عصائر عنوان بيت العصير - حي اليرموك,الروضة,بلدية,بلدية الروضة,True,False,لا يوجد,,0,,,False,none,date_parsed_from_text,0,False
Data 2025.xlsx,5746,2025-06-29,2025-06,2025-W26,2,6,O-U-to-0640-R01,O-U-to-0640-R01,قطع طماطم,الطماطم (Tomatoes),Tomatoes,الطماطم (Tomatoes),produce,شزيز - حي اليرموك,شزيز,حي اليرموك,شزيز - حي اليرموك,الروضة,بلدية,بلدية الروضة,False,True,استافيلوكوكس اورياس,استافيلوكوكس اورياس,1,استافيلوكوكس اورياس,,True,pathogen,date_parsed_from_text,6,True
Data 2025.xlsx,5750,2025-06-29,2025-06,2025-W26,2,6,O-r-O3-le-0358-R01,O-r-O3-le-0358-R01,خس,الخس (Lettuce),Lettuce,الخس (Lettuce),produce,شزيز - حي اليرموك,شزيز,حي اليرموك,شزيز - حي اليرموك,الروضة,بلدية,بلدية الروضة,False,True,استافيلوكوكس اورياس,استافيلوكوكس اورياس,1,استافيلوكوكس اورياس,,True,pathogen,date_parsed_from_text,9,True
Data 2025.xlsx,5753,2025-06-29,2025-06,2025-W26,2,6,OO-OSS-po-0405-R01,OO-OSS-po-0405-R01,بطاطس مقلي,البطاطس (potatoes),potatoes,البطاطس (potatoes),produce,شزيز - حي اليرموك,شزيز,حي اليرموك,شزيز - حي اليرموك,الروضة,بلدية,بلدية الروضة,False,True,العد الكلي للبكتيريا,العد الكلي للبكتيريا,1,,العد الكلي للبكتيريا,False,indicator_only,date_parsed_from_text,11,True
Data 2025.xlsx,5779,2025-06-29,2025-06,2025-W26,2,6,OO-wm-0037-R01,OO-wm-0037-R01,قطع جح,البطيخ (watermelons),watermelons,البطيخ (watermelons),water,عصائر عنوان بيت العصير - حي اليرموك,عصائر عنوان بيت العصير,حي اليرموك,عصائر عنوان بيت العصير - حي اليرموك,الروضة,بلدية,بلدية الروضة,True,False,لا يوجد,,0,,,False,none,date_parsed_from_text,0,False
Data 2025.xlsx,5777,2025-06-29,2025-06,2025-W26,2,6,OSSUOSS-pin-0008-R01,OSSUOSS-pin-0008-R01,قطع اناناس,اناناس (pineapple),pineapple,اناناس (pineapple),produce,عصائر عنوان بيت العصير - حي اليرموك,عصائر عنوان بيت العصير,حي اليرموك,عصائر عنوان بيت العصير - حي اليرموك,الروضة,بلدية,بلدية الروضة,True,False,لا يوجد,,0,,,False,none,date_parsed_from_text,0,False
Data 2025.xlsx,5778,2025-06-29,2025-06,2025-W26,2,6,OU-me-0031-R01,OU-me-0031-R01,قطع شمام,الشمام (melons),melons,الشمام (melons),produce,عصائر عنوان بيت العصير - حي اليرموك,عصائر عنوان بيت العصير,حي اليرموك,عصائر عنوان بيت العصير - حي اليرموك,الروضة,بلدية,بلدية الروضة,True,False,لا يوجد,,0,,,False,none,date_parsed_from_text,0,False
Data 2025.xlsx,5774,2025-06-29,2025-06,2025-W26,2,6,OaU-be-0047-R01,OaU-be-0047-R01,توت ازرق,التوت (berries),berries,التوت (berries),other,عصائر عنوان بيت العصير - حي اليرموك,عصائر عنوان بيت العصير,حي اليرموك,عصائر عنوان بيت العصير - حي اليرموك,الروضة,بلدية,بلدية الروضة,True,False,لا يوجد,,0,,,False,none,date_parsed_from_text|sample_type_unbucketed,0,False
Data 2025.xlsx,5780,2025-06-29,2025-06,2025-W26,2,6,UO-st-0064-R01,UO-st-0064-R01,قطع فراولة,الفراولة (strawberries),strawberries,الفراولة (strawberries),raw_meat,عصائر عنوان بيت العصير - حي اليرموك,عصائر عنوان بيت العصير,حي اليرموك,عصائر عنوان بيت العصير - حي اليرموك,الروضة,بلدية,بلدية الروضة,True,False,لا يوجد,,0,,,False,none,date_parsed_from_text,0,False
Data 2025.xlsx,5775,2025-06-29,2025-06,2025-W26,2,6,UU-ki-0140-R01,UU-ki-0140-R01,قطع كيوي,الكيوي (Kiwi),Kiwi,الكيوي (Kiwi),produce,عصائر عنوان بيت العصير - حي اليرموك,عصائر عنوان بيت العصير,حي اليرموك,عصائر عنوان بيت العصير - حي اليرموك,الروضة,بلدية,بلدية الروضة,True,False,لا يوجد,,0,,,False,none,date_parsed_from_text,0,False
Data 2025.xlsx,5738,2025-06-29,2025-06,2025-W26,2,6,appe-0509-r01,Appe-0509-R01,حمص,مقبلات (Appetizers),Appetizers,مقبلات (Appetizers),prepared_meal,شزيز - حي اليرموك,شزيز,حي اليرموك,شزيز - حي اليرموك,الروضة,بلدية,بلدية الروضة,False,True,العد الكلي للبكتيريا,العد الكلي للبكتيريا,1,,العد الكلي للبكتيريا,False,indicator_only,date_parsed_from_text,1,False
Data 2025.xlsx,5751,2025-06-29,2025-06,2025-W26,2,6,cm-0116-r01,Cm-0116-R01,شاورما لحم,اللحوم المطبوخة (Cooked meat),Cooked meat,اللحوم المطبوخة (Cooked meat),cooked_meat_poultry,شزيز - حي اليرموك,شزيز,حي اليرموك,شزيز - حي اليرموك,الروضة,بلدية,بلدية الروضة,True,False,لا يوجد,,0,,,False,none,date_parsed_from_text,9,True
Data 2025.xlsx,5752,2025-06-29,2025-06,2025-W26,2,6,co-0544-r01,co-0544-R01,شاورما دجاج,الدجاج المطبوخ (Cooked chicken),Cooked chicken,الدجاج المطبوخ (Cooked chicken),cooked_meat_poultry,شزيز - حي اليرموك,شزيز,حي اليرموك,شزيز - حي اليرموك,الروضة,بلدية,بلدية الروضة,False,True,العد الكلي للبكتيريا,العد الكلي للبكتيريا,1,,العد الكلي للبكتيريا,False,indicator_only,date_parsed_from_text,10,True
Data 2025.xlsx,5745,2025-06-29,2025-06,2025-W26,2,6,gcv-0236-r01,GCV-0236-R01,باذنجان مقلي,الخضار المشوية و المطبوخة,,الخضار المشوية و المطبوخة,cooked_meat_poultry,شزيز - حي اليرموك,شزيز,حي اليرموك,شزيز - حي اليرموك,الروضة,بلدية,بلدية الروضة,True,False,لا يوجد,,0,,,False,none,date_parsed_from_text,5,True
Data 2025.xlsx,5781,2025-06-29,2025-06,2025-W26,2,6,ho-0238-r01,ho-0238-R01,عسل,(Honey) عسل النحل,Honey,(Honey) عسل النحل,sweets_bakery,عصائر عنوان بيت العصير - حي اليرموك,عصائر عنوان بيت العصير,حي اليرموك,عصائر عنوان بيت العصير - حي اليرموك,الروضة,بلدية,بلدية الروضة,True,False,لا يوجد,,0,,,False,none,date_parsed_from_text,0,False
Data 2025.xlsx,5743,2025-06-29,2025-06,2025-W26,2,6,hs-0322-r01,HS-0322-R01,شطة شامية,الشطة (Hot sauce),Hot sauce,الشطة (Hot sauce),sauce_condiment,شزيز - حي اليرموك,شزيز,حي اليرموك,شزيز - حي اليرموك,الروضة,بلدية,بلدية الروضة,False,True,العد الكلي للبكتيريا,العد الكلي للبكتيريا,1,,العد الكلي للبكتيريا,False,indicator_only,date_parsed_from_text,4,True
Data 2025.xlsx,5744,2025-06-29,2025-06,2025-W26,2,6,hs-0323-r01,HS-0323-R01,شطة عادية,الشطة (Hot sauce),Hot sauce,الشطة (Hot sauce),sauce_condiment,شزيز - حي اليرموك,شزيز,حي اليرموك,شزيز - حي اليرموك,الروضة,بلدية,بلدية الروضة,False,True,العد الكلي للبكتيريا,العد الكلي للبكتيريا,1,,العد الكلي للبكتيريا,False,indicator_only,date_parsed_from_text,5,True
Data 2025.xlsx,5795,2025-06-29,2025-06,2025-W26,2,6,icecrea-0147-r01,icecrea-0147-R01,ايس كريم فانيلا,(ice cream) ايسكريم,ice cream,(ice cream) ايسكريم,dairy,عصائر عنوان بيت العصير - حي اليرموك,عصائر عنوان بيت العصير,حي اليرموك,عصائر عنوان بيت العصير - حي اليرموك,الروضة,بلدية,بلدية الروضة,False,True,العد الكلي للبكتيريا,العد الكلي للبكتيريا,1,,العد الكلي للبكتيريا,False,indicator_only,date_parsed_from_text,4,True
Data 2025.xlsx,5757,2025-06-29,2025-06,2025-W26,2,6,jui-0455-r01,jui-0455-R01,عصير برتقال كبس,العصائر الطازجة Un-pasteurized juices (fresh),fresh,العصائر الطازجة Un-pasteurized juices (fresh),beverage,شزيز - حي اليرموك,شزيز,حي اليرموك,شزيز - حي اليرموك,الروضة,بلدية,بلدية الروضة,True,False,لا يوجد,,0,,,False,none,date_parsed_from_text,14,True
Data 2025.xlsx,5758,2025-06-29,2025-06,2025-W26,2,6,jui-0456-r01,jui-0456-R01,عصير شمندر,العصائر الطازجة Un-pasteurized juices (fresh),fresh,العصائر الطازجة Un-pasteurized juices (fresh),beverage,شزيز - حي اليرموك,شزيز,حي اليرموك,شزيز - حي اليرموك,الروضة,بلدية,بلدية الروضة,True,False,لا يوجد,,0,,,False,none,date_parsed_from_text,14,True
Data 2025.xlsx,5766,2025-06-29,2025-06,2025-W26,2,6,jui-0457-r01,jui-0457-R01,عصير برتقال كبس,العصائر الطازجة Un-pasteurized juices (fresh),fresh,العصائر الطازجة Un-pasteurized juices (fresh),beverage,عصائر عنوان بيت العصير - حي اليرموك,عصائر عنوان بيت العصير,حي اليرموك,عصائر عنوان بيت العصير - حي اليرموك,الروضة,بلدية,بلدية الروضة,True,False,لا يوجد,,0,,,False,none,date_parsed_from_text,0,False
Data 2025.xlsx,5767,2025-06-29,2025-06,2025-W26,2,6,jui-0458-r01,jui-0458-R01,عصير مانجا,العصائر الطازجة Un-pasteurized juices (fresh),fresh,العصائر الطازجة Un-pasteurized juices (fresh),beverage,عصائر عنوان بيت العصير - حي اليرموك,عصائر عنوان بيت العصير,حي اليرموك,عصائر عنوان بيت العصير - حي اليرموك,الروضة,بلدية,بلدية الروضة,True,False,لا يوجد,,0,,,False,none,date_parsed_from_text,0,False
Data 2025.xlsx,5768,2025-06-29,2025-06,2025-W26,2,6,jui-0459-r01,jui-0459-R01,عصير جوافة,العصائر الطازجة Un-pasteurized juices (fresh),fresh,العصائر الطازجة Un-pasteurized juices (fresh),beverage,عصائر عنوان بيت العصير - حي اليرموك,عصائر عنوان بيت العصير,حي اليرموك,عصائر عنوان بيت العصير - حي اليرموك,الروضة,بلدية,بلدية الروضة,True,False,لا يوجد,,0,,,False,none,date_parsed_from_text,0,False
Data 2025.xlsx,5769,2025-06-29,2025-06,2025-W26,2,6,jui-0460-r01,jui-0460-R01,عصير افوكادو,العصائر الطازجة Un-pasteurized juices (fresh),fresh,العصائر الطازجة Un-pasteurized juices (fresh),beverage,عصائر عنوان بيت العصير - حي اليرموك,عصائر عنوان بيت العصير,حي اليرموك,عصائر عنوان بيت العصير - حي اليرموك,الروضة,بلدية,بلدية الروضة,True,False,لا يوجد,,0,,,False,none,date_parsed_from_text,0,False
Data 2025.xlsx,5770,2025-06-29,2025-06,2025-W26,2,6,jui-0461-r01,jui-0461-R01,عصير رمان,العصائر الطازجة Un-pasteurized juices (fresh),fresh,العصائر الطازجة Un-pasteurized juices (fresh),beverage,عصائر عنوان بيت العصير - حي اليرموك,عصائر عنوان بيت العصير,حي اليرموك,عصائر عنوان بيت العصير - حي اليرموك,الروضة,بلدية,بلدية الروضة,True,False,لا يوجد,,0,,,False,none,date_parsed_from_text,0,False
Data 2025.xlsx,5771,2025-06-29,2025-06,2025-W26,2,6,jui-0462-r01,jui-0462-R01,عصير شمنر,العصائر الطازجة Un-pasteurized juices (fresh),fresh,العصائر الطازجة Un-pasteurized juices (fresh),beverage,عصائر عنوان بيت العصير - حي اليرموك,عصائر عنوان بيت العصير,حي اليرموك,عصائر عنوان بيت العصير - حي اليرموك,الروضة,بلدية,بلدية الروضة,True,False,لا يوجد,,0,,,False,none,date_parsed_from_text,0,False
Data 2025.xlsx,5772,2025-06-29,2025-06,2025-W26,2,6,jui-0463-r01,jui-0463-R01,عصير فراولة,العصائر الطازجة Un-pasteurized juices (fresh),fresh,العصائر الطازجة Un-pasteurized juices (fresh),beverage,عصائر عنوان بيت العصير - حي اليرموك,عصائر عنوان بيت العصير,حي اليرموك,عصائر عنوان بيت العصير - حي اليرموك,الروضة,بلدية,بلدية الروضة,True,False,لا يوجد,,0,,,False,none,date_parsed_from_text,0,False
Data 2025.xlsx,5776,2025-06-29,2025-06,2025-W26,2,6,mango-0049-r01,Mango-0049-R01,قطع مانجا,المانجو (Mango),Mango,المانجو (Mango),produce,عصائر عنوان بيت العصير - حي اليرموك,عصائر عنوان بيت العصير,حي اليرموك,عصائر عنوان بيت العصير - حي اليرموك,الروضة,بلدية,بلدية الروضة,True,False,لا يوجد,,0,,,False,none,date_parsed_from_text,0,False
Data 2025.xlsx,5742,2025-06-29,2025-06,2025-W26,2,6,mola-0051-r01,mola-0051-R01,دبس رمان,( Molasses) دبس,Molasses,( Molasses) دبس,sauce_condiment,شزيز - حي اليرموك,شزيز,حي اليرموك,شزيز - حي اليرموك,الروضة,بلدية,بلدية الروضة,True,False,لا يوجد,,0,,,False,none,date_parsed_from_text,3,True
Data 2025.xlsx,5748,2025-06-29,2025-06,2025-W26,2,6,pick-0442-r01,Pick-0442-R01,مخلل خيار,المخلل (Pickle),Pickle,المخلل (Pickle),sauce_condiment,شزيز - حي اليرموك,شزيز,حي اليرموك,شزيز - حي اليرموك,الروضة,بلدية,بلدية الروضة,False,True,خمائر,الخمائر والاعفان,1,,الخمائر والاعفان,False,indicator_only,date_parsed_from_text,8,True
Data 2025.xlsx,5749,2025-06-29,2025-06,2025-W26,2,6,pick-0443-r01,Pick-0443-R01,مخلل لفت,المخلل (Pickle),Pickle,المخلل (Pickle),sauce_condiment,شزيز - حي اليرموك,شزيز,حي اليرموك,شزيز - حي اليرموك,الروضة,بلدية,بلدية الروضة,True,False,لا يوجد,,0,,,False,none,date_parsed_from_text,8,True
Data 2025.xlsx,5734,2025-06-29,2025-06,2025-W26,2,6,raw-0303-r01,Raw-0303-R01,كبدة خاروف باكستاني خاروف اخر,لحوم نيئة مبردة ومجمدة (Raw meat Cold or chilled ),Raw meat Cold or chilled,لحوم نيئة مبردة ومجمدة (Raw meat Cold or chilled ),raw_meat,ملحمة حلاوة البراري للحوم الطازجة,ملحمة حلاوة البراري للحوم الطازجة,,ملحمة حلاوة البراري للحوم الطازجة,الروضة,بلدية,بلدية الروضة,True,False,لا يوجد,,0,,,False,none,date_parsed_from_text,0,False
Data 2025.xlsx,5735,2025-06-29,2025-06,2025-W26,2,6,raw-0304-r01,Raw-0304-R01,لحم فخذ عجل هندي,لحوم نيئة مبردة ومجمدة (Raw meat Cold or chilled ),Raw meat Cold or chilled,لحوم نيئة مبردة ومجمدة (Raw meat Cold or chilled ),raw_meat,ملحمة حلاوة البراري للحوم الطازجة,ملحمة حلاوة البراري للحوم الطازجة,,ملحمة حلاوة البراري للحوم الطازجة,الروضة,بلدية,بلدية الروضة,True,False,لا يوجد,,0,,,False,none,date_parsed_from_text,0,False
Data 2025.xlsx,5736,2025-06-29,2025-06,2025-W26,2,6,raw-0305-r01,Raw-0305-R01,لحم فخذ عجل باكستاني,لحوم نيئة مبردة ومجمدة (Raw meat Cold or chilled ),Raw meat Cold or chilled,لحوم نيئة مبردة ومجمدة (Raw meat Cold or chilled ),raw_meat,ملحمة حلاوة البراري للحوم الطازجة,ملحمة حلاوة البراري للحوم الطازجة,,ملحمة حلاوة البراري للحوم الطازجة,الروضة,بلدية,بلدية الروضة,True,False,لا يوجد,,0,,,False,none,date_parsed_from_text,0,False
Data 2025.xlsx,5737,2025-06-29,2025-06,2025-W26,2,6,raw-0306-r01,Raw-0306-R01,لحم جنب خاروف استرالي,لحوم نيئة مبردة ومجمدة (Raw meat Cold or chilled ),Raw meat Cold or chilled,لحوم نيئة مبردة ومجمدة (Raw meat Cold or chilled ),raw_meat,ملحمة حلاوة البراري للحوم الطازجة,ملحمة حلاوة البراري للحوم الطازجة,,ملحمة حلاوة البراري للحوم الطازجة,الروضة,بلدية,بلدية الروضة,True,False,لا يوجد,,0,,,False,none,date_parsed_from_text,0,False
Data 2025.xlsx,5747,2025-06-29,2025-06,2025-W26,2,6,sal-1416-r01,Sal-1416-R01,سلطة مشاوي,السلطة(Salad),Salad,السلطة(Salad),produce,شزيز - حي اليرموك,شزيز,حي اليرموك,شزيز - حي اليرموك,الروضة,بلدية,بلدية الروضة,False,True,استافيلوكوكس اورياس,استافيلوكوكس اورياس,1,استافيلوكوكس اورياس,,True,pathogen,date_parsed_from_text,7,True
Data 2025.xlsx,5755,2025-06-29,2025-06,2025-W26,2,6,sal-1417-r01,Sal-1417-R01,سلطة جرجير,السلطة(Salad),Salad,السلطة(Salad),produce,شزيز - حي اليرموك,شزيز,حي اليرموك,شزيز - حي اليرموك,الروضة,بلدية,بلدية الروضة,False,True,ايشيريشيا كولاي | استافيلوكوكس اورياس,ايشيريشيا كولاي | استافيلوكوكس اورياس,2,ايشيريشيا كولاي | استافيلوكوكس اورياس,,True,multi_pathogen,date_parsed_from_text,13,True
Data 2025.xlsx,5756,2025-06-29,2025-06,2025-W26,2,6,sal-1418-r01,Sal-1418-R01,سلطة زبادي,السلطة(Salad),Salad,السلطة(Salad),produce,شزيز - حي اليرموك,شزيز,حي اليرموك,شزيز - حي اليرموك,الروضة,بلدية,بلدية الروضة,False,True,استافيلوكوكس اورياس,استافيلوكوكس اورياس,1,استافيلوكوكس اورياس,,True,pathogen,date_parsed_from_text,14,True
Data 2025.xlsx,5739,2025-06-29,2025-06,2025-W26,2,6,sau-1898-r01,sau-1898-R01,صوص ثوم,صوص (sauce),sauce,صوص (sauce),sauce_condiment,شزيز - حي اليرموك,شزيز,حي اليرموك,شزيز - حي اليرموك,الروضة,بلدية,بلدية الروضة,False,True,العد الكلي للبكتيريا,العد الكلي للبكتيريا,1,,العد الكلي للبكتيريا,False,indicator_only,date_parsed_from_text,2,True
Data 2025.xlsx,5740,2025-06-29,2025-06,2025-W26,2,6,sau-1899-r01,sau-1899-R01,صوص ثوم سبايسي,صوص (sauce),sauce,صوص (sauce),sauce_condiment,شزيز - حي اليرموك,شزيز,حي اليرموك,شزيز - حي اليرموك,الروضة,بلدية,بلدية الروضة,False,True,العد الكلي للبكتيريا,العد الكلي للبكتيريا,1,,العد الكلي للبكتيريا,False,indicator_only,date_parsed_from_text,3,True
Data 2025.xlsx,5741,2025-06-29,2025-06,2025-W26,2,6,sau-1900-r01,sau-1900-R01,صوص كاتشب,صوص (sauce),sauce,صوص (sauce),sauce_condiment,شزيز - حي اليرموك,شزيز,حي اليرموك,شزيز - حي اليرموك,الروضة,بلدية,بلدية الروضة,True,False,لا يوجد,,0,,,False,none,date_parsed_from_text,3,True
Data 2025.xlsx,5754,2025-06-29,2025-06,2025-W26,2,6,sau-1901-r01,sau-1901-R01,صو ثوم,صوص (sauce),sauce,صوص (sauce),sauce_condiment,شزيز - حي اليرموك,شزيز,حي اليرموك,شزيز - حي اليرموك,الروضة,بلدية,بلدية الروضة,False,True,العد الكلي للبكتيريا,العد الكلي للبكتيريا,1,,العد الكلي للبكتيريا,False,indicator_only,date_parsed_from_text,12,True
Data 2025.xlsx,5797,2025-06-29,2025-06,2025-W26,2,6,sau-1902-r01,sau-1902-R01,صوص كراميل,صوص (sauce),sauce,صوص (sauce),sauce_condiment,لبكة للحلويات - حي اليرموك,لبكة للحلويات,حي اليرموك,لبكة للحلويات - حي اليرموك,الروضة,بلدية,بلدية الروضة,True,False,لا يوجد,,0,,,False,none,date_parsed_from_text,0,False
Data 2025.xlsx,5759,2025-06-29,2025-06,2025-W26,2,6,sw-3254-r01,sw-3254-R01,مسحة صانعة ثلج,(Swabs) المسحات,Swabs,(Swabs) المسحات,swab,شزيز - حي اليرموك,شزيز,حي اليرموك,شزيز - حي اليرموك,الروضة,بلدية,بلدية الروضة,True,False,لا يوجد,,0,,,False,none,date_parsed_from_text,14,True
Data 2025.xlsx,5760,2025-06-29,2025-06,2025-W26,2,6,sw-3255-r01,sw-3255-R01,مسحة عصارة شمندر ورمان,(Swabs) المسحات,Swabs,(Swabs) المسحات,swab,شزيز - حي اليرموك,شزيز,حي اليرموك,شزيز - حي اليرموك,الروضة,بلدية,بلدية الروضة,True,False,لا يوجد,,0,,,False,none,date_parsed_from_text,14,True
Data 2025.xlsx,5761,2025-06-29,2025-06,2025-W26,2,6,sw-3256-r01,sw-3256-R01,مسحة حافظة بطاطس,(Swabs) المسحات,Swabs,(Swabs) المسحات,swab,شزيز - حي اليرموك,شزيز,حي اليرموك,شزيز - حي اليرموك,الروضة,بلدية,بلدية الروضة,True,False,لا يوجد,,0,,,False,none,date_parsed_from_text,14,True
Data 2025.xlsx,5762,2025-06-29,2025-06,2025-W26,2,6,sw-3257-r01,sw-3257-R01,مسحة حافظة بطاطس,(Swabs) المسحات,Swabs,(Swabs) المسحات,swab,شزيز - حي اليرموك,شزيز,حي اليرموك,شزيز - حي اليرموك,الروضة,بلدية,بلدية الروضة,True,False,لا يوجد,,0,,,False,none,date_parsed_from_text,14,True
Data 2025.xlsx,5763,2025-06-29,2025-06,2025-W26,2,6,sw-3258-r01,sw-3258-R01,مسحة حافظة بطاطس,(Swabs) المسحات,Swabs,(Swabs) المسحات,swab,شزيز - حي اليرموك,شزيز,حي اليرموك,شزيز - حي اليرموك,الروضة,بلدية,بلدية الروضة,True,False,لا يوجد,,0,,,False,none,date_parsed_from_text,14,True
Data 2025.xlsx,5764,2025-06-29,2025-06,2025-W26,2,6,sw-3259-r01,sw-3259-R01,مسحة قطاعة شاورما دجاج,(Swabs) المسحات,Swabs,(Swabs) المسحات,swab,شزيز - حي اليرموك,شزيز,حي اليرموك,شزيز - حي اليرموك,الروضة,بلدية,بلدية الروضة,True,False,لا يوجد,,0,,,False,none,date_parsed_from_text,14,True
Data 2025.xlsx,5765,2025-06-29,2025-06,2025-W26,2,6,sw-3260-r01,sw-3260-R01,مسحة طاولة تقطيع عربي,(Swabs) المسحات,Swabs,(Swabs) المسحات,swab,شزيز - حي اليرموك,شزيز,حي اليرموك,شزيز - حي اليرموك,الروضة,بلدية,بلدية الروضة,True,False,لا يوجد,,0,,,False,none,date_parsed_from_text,14,True
Data 2025.xlsx,5791,2025-06-29,2025-06,2025-W26,2,6,sw-3261-r01,sw-3261-R01,مسحة طاولة تقطيع فواكه,(Swabs) المسحات,Swabs,(Swabs) المسحات,swab,عصائر عنوان بيت العصير - حي اليرموك,عصائر عنوان بيت العصير,حي اليرموك,عصائر عنوان بيت العصير - حي اليرموك,الروضة,بلدية,بلدية الروضة,True,False,لا يوجد,,0,,,False,none,date_parsed_from_text,2,True
Data 2025.xlsx,5792,2025-06-29,2025-06,2025-W26,2,6,sw-3262-r01,sw-3262-R01,مسحة صانعة ثلج,(Swabs) المسحات,Swabs,(Swabs) المسحات,swab,عصائر عنوان بيت العصير - حي اليرموك,عصائر عنوان بيت العصير,حي اليرموك,عصائر عنوان بيت العصير - حي اليرموك,الروضة,بلدية,بلدية الروضة,True,False,لا يوجد,,0,,,False,none,date_parsed_from_text,2,True
Data 2025.xlsx,5793,2025-06-29,2025-06,2025-W26,2,6,sw-3263-r01,sw-3263-R01,مسحة كبس جزر و شمندر,(Swabs) المسحات,Swabs,(Swabs) المسحات,swab,عصائر عنوان بيت العصير - حي اليرموك,عصائر عنوان بيت العصير,حي اليرموك,عصائر عنوان بيت العصير - حي اليرموك,الروضة,بلدية,بلدية الروضة,True,False,لا يوجد,,0,,,False,none,date_parsed_from_text,2,True
Data 2025.xlsx,5794,2025-06-29,2025-06,2025-W26,2,6,sw-3264-r01,sw-3264-R01,محة طاولة تقطيع فواكه,(Swabs) المسحات,Swabs,(Swabs) المسحات,swab,عصائر عنوان بيت العصير - حي اليرموك,عصائر عنوان بيت العصير,حي اليرموك,عصائر عنوان بيت العصير - حي اليرموك,الروضة,بلدية,بلدية الروضة,False,True,العد الكلي للبكتيريا,العد الكلي للبكتيريا,1,,العد الكلي للبكتيريا,False,indicator_only,date_parsed_from_text,3,True
Data 2025.xlsx,5789,2025-06-29,2025-06,2025-W26,2,6,sweet-1245-r01,sweet-1245-R01,حلا قشطوطة,الحلا(sweetness),sweetness,الحلا(sweetness),sweets_bakery,عصائر عنوان بيت العصير - حي اليرموك,عصائر عنوان بيت العصير,حي اليرموك,عصائر عنوان بيت العصير - حي اليرموك,الروضة,بلدية,بلدية الروضة,False,True,استافيلوكوكس اورياس,استافيلوكوكس اورياس,1,استافيلوكوكس اورياس,,True,pathogen,date_parsed_from_text,1,False
Data 2025.xlsx,5796,2025-06-29,2025-06,2025-W26,2,6,sweet-1246-r01,sweet-1246-R01,لبكة بالجبن,الحلا(sweetness),sweetness,الحلا(sweetness),sweets_bakery,لبكة للحلويات - حي اليرموك,لبكة للحلويات,حي اليرموك,لبكة للحلويات - حي اليرموك,الروضة,بلدية,بلدية الروضة,True,False,لا يوجد,,0,,,False,none,date_parsed_from_text,0,False
Data 2025.xlsx,5799,2025-06-29,2025-06,2025-W26,2,6,ubot-1003-r01,Ubot-1003-R01,مياه حنفية لغسيل الادوات,المياه الغير معبأة (Unbottled water),Unbottled water,المياه الغير معبأة (Unbottled water),water,ملحمة حلاوة البراري للحوم الطازجة,ملحمة حلاوة البراري للحوم الطازجة,,ملحمة حلاوة البراري للحوم الطازجة,الروضة,بلدية,بلدية الروضة,True,False,لا يوجد,,0,,,False,none,date_parsed_from_text,0,False
Data 2025.xlsx,5825,2025-06-30,2025-06,2025-W27,2,0,1-3136-R01,1-3136-R01,رز حنيذ,الارز ( rice),rice,الارز ( rice),prepared_meal,مطعم وحنبذ ومندي الجنوب - حي اليرموك,مطعم وحنبذ ومندي الجنوب,حي اليرموك,مطعم وحنبذ ومندي الجنوب - حي اليرموك,الروضة,بلدية,بلدية الروضة,True,False,لا يوجد,,0,,,False,none,date_parsed_from_text,0,False
Data 2025.xlsx,5844,2025-06-30,2025-06,2025-W27,2,0,O-U-po-0207-R01,O-U-po-0207-R01,حب رمان,الرمان (pomegranate),pomegranate,الرمان (pomegranate),produce,دار رمان - حي اليرموك,دار رمان,حي اليرموك,دار رمان - حي اليرموك,الروضة,بلدية,بلدية الروضة,True,False,لا يوجد,,0,,,False,none,date_parsed_from_text,0,False
Data 2025.xlsx,5838,2025-06-30,2025-06,2025-W27,2,0,OO-OSS-po-0406-R01,OO-OSS-po-0406-R01,بطاطس مقلي,البطاطس (potatoes),potatoes,البطاطس (potatoes),produce,مطعم ديز - حي اليرموك,مطعم ديز,حي اليرموك,مطعم ديز - حي اليرموك,الروضة,بلدية,بلدية الروضة,True,False,لا يوجد,,0,,,False,none,date_parsed_from_text,0,False
Data 2025.xlsx,5846,2025-06-30,2025-06,2025-W27,2,0,OOu-on-0496-R01,OOu-on-0496-R01,بصل اخضر,البصل (onions),onions,البصل (onions),produce,دار رمان - حي اليرموك,دار رمان,حي اليرموك,دار رمان - حي اليرموك,الروضة,بلدية,بلدية الروضة,True,False,لا يوجد,,0,,,False,none,date_parsed_from_text,0,False
Data 2025.xlsx,5845,2025-06-30,2025-06,2025-W27,2,0,UO2-co-0169-R01,UO2-co-0169-R01,كزبرة,الكزبرة (coriander),coriander,الكزبرة (coriander),produce,دار رمان - حي اليرموك,دار رمان,حي اليرموك,دار رمان - حي اليرموك,الروضة,بلدية,بلدية الروضة,True,False,لا يوجد,,0,,,False,none,date_parsed_from_text,0,False
Data 2025.xlsx,5811,2025-06-30,2025-06,2025-W27,2,0,appe-0510-r01,Appe-0510-R01,حمص,مقبلات (Appetizers),Appetizers,مقبلات (Appetizers),prepared_meal,مطعم وحنبذ ومندي الجنوب - حي اليرموك,مطعم وحنبذ ومندي الجنوب,حي اليرموك,مطعم وحنبذ ومندي الجنوب - حي اليرموك,الروضة,بلدية,بلدية الروضة,True,False,لا يوجد,,0,,,False,none,date_parsed_from_text,0,False
Data 2025.xlsx,5812,2025-06-30,2025-06,2025-W27,2,0,appe-0511-r01,Appe-0511-R01,متبل,مقبلات (Appetizers),Appetizers,مقبلات (Appetizers),prepared_meal,مطعم وحنبذ ومندي الجنوب - حي اليرموك,مطعم وحنبذ ومندي الجنوب,حي اليرموك,مطعم وحنبذ ومندي الجنوب - حي اليرموك,الروضة,بلدية,بلدية الروضة,True,False,لا يوجد,,0,,,False,none,date_parsed_from_text,0,False
Data 2025.xlsx,5813,2025-06-30,2025-06,2025-W27,2,0,appe-0512-r01,Appe-0512-R01,شمندر,مقبلات (Appetizers),Appetizers,مقبلات (Appetizers),prepared_meal,مطعم وحنبذ ومندي الجنوب - حي اليرموك,مطعم وحنبذ ومندي الجنوب,حي اليرموك,مطعم وحنبذ ومندي الجنوب - حي اليرموك,الروضة,بلدية,بلدية الروضة,True,False,لا يوجد,,0,,,False,none,date_parsed_from_text,0,False
Data 2025.xlsx,5814,2025-06-30,2025-06,2025-W27,2,0,appe-0513-r01,Appe-0513-R01,بابا غنوج,مقبلات (Appetizers),Appetizers,مقبلات (Appetizers),prepared_meal,مطعم وحنبذ ومندي الجنوب - حي اليرموك,مطعم وحنبذ ومندي الجنوب,حي اليرموك,مطعم وحنبذ ومندي الجنوب - حي اليرموك,الروضة,بلدية,بلدية الروضة,True,False,لا يوجد,,0,,,False,none,date_parsed_from_text,0,False
Data 2025.xlsx,5849,2025-06-30,2025-06,2025-W27,2,0,appe-0514-r01,Appe-0514-R01,متبل باذنجان,مقبلات (Appetizers),Appetizers,مقبلات (Appetizers),prepared_meal,دار رمان - حي اليرموك,دار رمان,حي اليرموك,دار رمان - حي اليرموك,الروضة,بلدية,بلدية الروضة,True,False,لا يوجد,,0,,,False,none,date_parsed_from_text,0,False
Data 2025.xlsx,5858,2025-06-30,2025-06,2025-W27,2,0,be-0060-r01,be-0060-R01,مشروب كركدية,المشروبات الغازية (الغير كحولية) (Carbonated beverages) (non - alcoholic ),non - alcoholic,المشروبات الغازية (الغير كحولية) (Carbonated beverages) (non - alcoholic ),beverage,ريشيو - حي اليرموك,ريشيو,حي اليرموك,ريشيو - حي اليرموك,الروضة,بلدية,بلدية الروضة,True,False,لا يوجد,,0,,,False,none,date_parsed_from_text,0,False
Data 2025.xlsx,5859,2025-06-30,2025-06,2025-W27,2,0,be-0061-r01,be-0061-R01,مشروب سبميش,المشروبات الغازية (الغير كحولية) (Carbonated beverages) (non - alcoholic ),non - alcoholic,المشروبات الغازية (الغير كحولية) (Carbonated beverages) (non - alcoholic ),beverage,ريشيو - حي اليرموك,ريشيو,حي اليرموك,ريشيو - حي اليرموك,الروضة,بلدية,بلدية الروضة,True,False,لا يوجد,,0,,,False,none,date_parsed_from_text,0,False
Data 2025.xlsx,5860,2025-06-30,2025-06,2025-W27,2,0,be-0062-r01,be-0062-R01,مشروب بلو سمر,المشروبات الغازية (الغير كحولية) (Carbonated beverages) (non - alcoholic ),non - alcoholic,المشروبات الغازية (الغير كحولية) (Carbonated beverages) (non - alcoholic ),beverage,ريشيو - حي اليرموك,ريشيو,حي اليرموك,ريشيو - حي اليرموك,الروضة,بلدية,بلدية الروضة,True,False,لا يوجد,,0,,,False,none,date_parsed_from_text,0,False
Data 2025.xlsx,5808,2025-06-30,2025-06,2025-W27,2,0,cm-0117-r01,Cm-0117-R01,لحم كوارع مرق,اللحوم المطبوخة (Cooked meat),Cooked meat,اللحوم المطبوخة (Cooked meat),cooked_meat_poultry,مطعم وحنبذ ومندي الجنوب - حي اليرموك,مطعم وحنبذ ومندي الجنوب,حي اليرموك,مطعم وحنبذ ومندي الجنوب - حي اليرموك,الروضة,بلدية,بلدية الروضة,True,False,لا يوجد,,0,,,False,none,date_parsed_from_text,0,False
Data 2025.xlsx,5824,2025-06-30,2025-06,2025-W27,2,0,cm-0118-r01,Cm-0118-R01,لحم حنيذ,اللحوم المطبوخة (Cooked meat),Cooked meat,اللحوم المطبوخة (Cooked meat),cooked_meat_poultry,مطعم وحنبذ ومندي الجنوب - حي اليرموك,مطعم وحنبذ ومندي الجنوب,حي اليرموك,مطعم وحنبذ ومندي الجنوب - حي اليرموك,الروضة,بلدية,بلدية الروضة,True,False,لا يوجد,,0,,,False,none,date_parsed_from_text,0,False
Data 2025.xlsx,5836,2025-06-30,2025-06,2025-W27,2,0,co-0545-r01,co-0545-R01,دجاج كرسبي,الدجاج المطبوخ (Cooked chicken),Cooked chicken,الدجاج المطبوخ (Cooked chicken),cooked_meat_poultry,مطعم ديز - حي اليرموك,مطعم ديز,حي اليرموك,مطعم ديز - حي اليرموك,الروضة,بلدية,بلدية الروضة,True,False,لا يوجد,,0,,,False,none,date_parsed_from_text,0,False
Data 2025.xlsx,5837,2025-06-30,2025-06,2025-W27,2,0,co-0546-r01,co-0546-R01,قطع دجاج,الدجاج المطبوخ (Cooked chicken),Cooked chicken,الدجاج المطبوخ (Cooked chicken),cooked_meat_poultry,مطعم ديز - حي اليرموك,مطعم ديز,حي اليرموك,مطعم ديز - حي اليرموك,الروضة,بلدية,بلدية الروضة,True,False,لا يوجد,,0,,,False,none,date_parsed_from_text,0,False
Data 2025.xlsx,5805,2025-06-30,2025-06,2025-W27,2,0,gcv-0237-r01,GCV-0237-R01,ايدام مشكل فرن,الخضار المشوية و المطبوخة,,الخضار المشوية و المطبوخة,cooked_meat_poultry,مطعم وحنبذ ومندي الجنوب - حي اليرموك,مطعم وحنبذ ومندي الجنوب,حي اليرموك,مطعم وحنبذ ومندي الجنوب - حي اليرموك,الروضة,بلدية,بلدية الروضة,True,False,لا يوجد,,0,,,False,none,date_parsed_from_text,0,False
Data 2025.xlsx,5806,2025-06-30,2025-06,2025-W27,2,0,gcv-0238-r01,GCV-0238-R01,مصقع,الخضار المشوية و المطبوخة,,الخضار المشوية و المطبوخة,cooked_meat_poultry,مطعم وحنبذ ومندي الجنوب - حي اليرموك,مطعم وحنبذ ومندي الجنوب,حي اليرموك,مطعم وحنبذ ومندي الجنوب - حي اليرموك,الروضة,بلدية,بلدية الروضة,True,False,لا يوجد,,0,,,False,none,date_parsed_from_text,0,False
Data 2025.xlsx,5807,2025-06-30,2025-06,2025-W27,2,0,gcv-0239-r01,GCV-0239-R01,ايدام مشكل خضار,الخضار المشوية و المطبوخة,,الخضار المشوية و المطبوخة,cooked_meat_poultry,مطعم وحنبذ ومندي الجنوب - حي اليرموك,مطعم وحنبذ ومندي الجنوب,حي اليرموك,مطعم وحنبذ ومندي الجنوب - حي اليرموك,الروضة,بلدية,بلدية الروضة,True,False,لا يوجد,,0,,,False,none,date_parsed_from_text,0,False
Data 2025.xlsx,5809,2025-06-30,2025-06,2025-W27,2,0,gcv-0240-r01,GCV-0240-R01,ايدام بامية,الخضار المشوية و المطبوخة,,الخضار المشوية و المطبوخة,cooked_meat_poultry,مطعم وحنبذ ومندي الجنوب - حي اليرموك,مطعم وحنبذ ومندي الجنوب,حي اليرموك,مطعم وحنبذ ومندي الجنوب - حي اليرموك,الروضة,بلدية,بلدية الروضة,True,False,لا يوجد,,0,,,False,none,date_parsed_from_text,0,False
Data 2025.xlsx,5810,2025-06-30,2025-06,2025-W27,2,0,gcv-0241-r01,GCV-0241-R01,ايدام ملوخية,الخضار المشوية و المطبوخة,,الخضار المشوية و المطبوخة,cooked_meat_poultry,مطعم وحنبذ ومندي الجنوب - حي اليرموك,مطعم وحنبذ ومندي الجنوب,حي اليرموك,مطعم وحنبذ ومندي الجنوب - حي اليرموك,الروضة,بلدية,بلدية الروضة,True,False,لا يوجد,,0,,,False,none,date_parsed_from_text,0,False
Data 2025.xlsx,5853,2025-06-30,2025-06,2025-W27,2,0,gr-0182-r01,gr-0182-R01,ورق عنب,ورق عنب (Grape leaves),Grape leaves,ورق عنب (Grape leaves),produce,دار رمان - حي اليرموك,دار رمان,حي اليرموك,دار رمان - حي اليرموك,الروضة,بلدية,بلدية الروضة,True,False,لا يوجد,,0,,,False,none,date_parsed_from_text,0,False
Data 2025.xlsx,5848,2025-06-30,2025-06,2025-W27,2,0,hs-0324-r01,HS-0324-R01,شطة,الشطة (Hot sauce),Hot sauce,الشطة (Hot sauce),sauce_condiment,دار رمان - حي اليرموك,دار رمان,حي اليرموك,دار رمان - حي اليرموك,الروضة,بلدية,بلدية الروضة,True,False,لا يوجد,,0,,,False,none,date_parsed_from_text,0,False
Data 2025.xlsx,5852,2025-06-30,2025-06,2025-W27,2,0,len-0511-r01,Len-0511-R01,عدس مطبوخ,العدس (Lentil),Lentil,العدس (Lentil),produce,دار رمان - حي اليرموك,دار رمان,حي اليرموك,دار رمان - حي اليرموك,الروضة,بلدية,بلدية الروضة,True,False,لا يوجد,,0,,,False,none,date_parsed_from_text,0,False
Data 2025.xlsx,5847,2025-06-30,2025-06,2025-W27,2,0,mola-0052-r01,mola-0052-R01,دبس رمان,( Molasses) دبس,Molasses,( Molasses) دبس,sauce_condiment,دار رمان - حي اليرموك,دار رمان,حي اليرموك,دار رمان - حي اليرموك,الروضة,بلدية,بلدية الروضة,True,False,لا يوجد,,0,,,False,none,date_parsed_from_text,0,False
Data 2025.xlsx,5800,2025-06-30,2025-06,2025-W27,2,0,raw-0307-r01,Raw-0307-R01,لحم فخذ عجل مستورد,لحوم نيئة مبردة ومجمدة (Raw meat Cold or chilled ),Raw meat Cold or chilled,لحوم نيئة مبردة ومجمدة (Raw meat Cold or chilled ),raw_meat,درر نور الشام لبيع لحوم,درر نور الشام لبيع لحوم,,درر نور الشام لبيع لحوم,الروضة,بلدية,بلدية الروضة,True,False,لا يوجد,,0,,,False,none,date_parsed_from_text,0,False
Data 2025.xlsx,5801,2025-06-30,2025-06,2025-W27,2,0,raw-0308-r01,Raw-0308-R01,لحم بطن نعيمي بلدي,لحوم نيئة مبردة ومجمدة (Raw meat Cold or chilled ),Raw meat Cold or chilled,لحوم نيئة مبردة ومجمدة (Raw meat Cold or chilled ),raw_meat,درر نور الشام لبيع لحوم,درر نور الشام لبيع لحوم,,درر نور الشام لبيع لحوم,الروضة,بلدية,بلدية الروضة,True,False,لا يوجد,,0,,,False,none,date_parsed_from_text,0,False
Data 2025.xlsx,5802,2025-06-30,2025-06,2025-W27,2,0,raw-0309-r01,Raw-0309-R01,كلوة نعيمي بلدي نفس الخاروف,لحوم نيئة مبردة ومجمدة (Raw meat Cold or chilled ),Raw meat Cold or chilled,لحوم نيئة مبردة ومجمدة (Raw meat Cold or chilled ),raw_meat,درر نور الشام لبيع لحوم,درر نور الشام لبيع لحوم,,درر نور الشام لبيع لحوم,الروضة,بلدية,بلدية الروضة,True,False,لا يوجد,,0,,,False,none,date_parsed_from_text,0,False
Data 2025.xlsx,5803,2025-06-30,2025-06,2025-W27,2,0,raw-0310-r01,Raw-0310-R01,كرش نعيمي خاروف اخر,لحوم نيئة مبردة ومجمدة (Raw meat Cold or chilled ),Raw meat Cold or chilled,لحوم نيئة مبردة ومجمدة (Raw meat Cold or chilled ),raw_meat,درر نور الشام لبيع لحوم,درر نور الشام لبيع لحوم,,درر نور الشام لبيع لحوم,الروضة,بلدية,بلدية الروضة,True,False,لا يوجد,,0,,,False,none,date_parsed_from_text,0,False
Data 2025.xlsx,5804,2025-06-30,2025-06,2025-W27,2,0,raw-0311-r01,Raw-0311-R01,مصارين نعيمي خاروف اخر,لحوم نيئة مبردة ومجمدة (Raw meat Cold or chilled ),Raw meat Cold or chilled,لحوم نيئة مبردة ومجمدة (Raw meat Cold or chilled ),raw_meat,درر نور الشام لبيع لحوم,درر نور الشام لبيع لحوم,,درر نور الشام لبيع لحوم,الروضة,بلدية,بلدية الروضة,True,False,لا يوجد,,0,,,False,none,date_parsed_from_text,0,False
Data 2025.xlsx,5815,2025-06-30,2025-06,2025-W27,2,0,sal-1419-r01,Sal-1419-R01,سلطة زيتون,السلطة(Salad),Salad,السلطة(Salad),produce,مطعم وحنبذ ومندي الجنوب - حي اليرموك,مطعم وحنبذ ومندي الجنوب,حي اليرموك,مطعم وحنبذ ومندي الجنوب - حي اليرموك,الروضة,بلدية,بلدية الروضة,True,False,لا يوجد,,0,,,False,none,date_parsed_from_text,0,False
Data 2025.xlsx,5816,2025-06-30,2025-06,2025-W27,2,0,sal-1420-r01,Sal-1420-R01,سلطة خضراء,السلطة(Salad),Salad,السلطة(Salad),produce,مطعم وحنبذ ومندي الجنوب - حي اليرموك,مطعم وحنبذ ومندي الجنوب,حي اليرموك,مطعم وحنبذ ومندي الجنوب - حي اليرموك,الروضة,بلدية,بلدية الروضة,True,False,لا يوجد,,0,,,False,none,date_parsed_from_text,0,False
Data 2025.xlsx,5817,2025-06-30,2025-06,2025-W27,2,0,sal-1421-r01,Sal-1421-R01,سلطة خيار لبن,السلطة(Salad),Salad,السلطة(Salad),produce,مطعم وحنبذ ومندي الجنوب - حي اليرموك,مطعم وحنبذ ومندي الجنوب,حي اليرموك,مطعم وحنبذ ومندي الجنوب - حي اليرموك,الروضة,بلدية,بلدية الروضة,True,False,لا يوجد,,0,,,False,none,date_parsed_from_text,0,False
Data 2025.xlsx,5818,2025-06-30,2025-06,2025-W27,2,0,sal-1422-r01,Sal-1422-R01,سلطة حمراء حارة,السلطة(Salad),Salad,السلطة(Salad),produce,مطعم وحنبذ ومندي الجنوب - حي اليرموك,مطعم وحنبذ ومندي الجنوب,حي اليرموك,مطعم وحنبذ ومندي الجنوب - حي اليرموك,الروضة,بلدية,بلدية الروضة,True,False,لا يوجد,,0,,,False,none,date_parsed_from_text,0,False
Data 2025.xlsx,5819,2025-06-30,2025-06,2025-W27,2,0,sal-1423-r01,Sal-1423-R01,سلطة خضراء حارة,السلطة(Salad),Salad,السلطة(Salad),produce,مطعم وحنبذ ومندي الجنوب - حي اليرموك,مطعم وحنبذ ومندي الجنوب,حي اليرموك,مطعم وحنبذ ومندي الجنوب - حي اليرموك,الروضة,بلدية,بلدية الروضة,True,False,لا يوجد,,0,,,False,none,date_parsed_from_text,0,False
Data 2025.xlsx,5850,2025-06-30,2025-06,2025-W27,2,0,sal-1424-r01,Sal-1424-R01,سلطة زبادي و خيار,السلطة(Salad),Salad,السلطة(Salad),produce,دار رمان - حي اليرموك,دار رمان,حي اليرموك,دار رمان - حي اليرموك,الروضة,بلدية,بلدية الروضة,True,False,لا يوجد,,0,,,False,none,date_parsed_from_text,0,False
Data 2025.xlsx,5855,2025-06-30,2025-06,2025-W27,2,0,sal-1425-r01,Sal-1425-R01,سلطة بيتنا,السلطة(Salad),Salad,السلطة(Salad),produce,مضغوط بيتا - حي اليرموك,مضغوط بيتا,حي اليرموك,مضغوط بيتا - حي اليرموك,الروضة,بلدية,بلدية الروضة,True,False,لا يوجد,,0,,,False,none,date_parsed_from_text,0,False
Data 2025.xlsx,5856,2025-06-30,2025-06,2025-W27,2,0,sal-1426-r01,Sal-1426-R01,سلطة زبادي,السلطة(Salad),Salad,السلطة(Salad),produce,مضغوط بيتا - حي اليرموك,مضغوط بيتا,حي اليرموك,مضغوط بيتا - حي اليرموك,الروضة,بلدية,بلدية الروضة,True,False,لا يوجد,,0,,,False,none,date_parsed_from_text,0,False
Data 2025.xlsx,5827,2025-06-30,2025-06,2025-W27,2,0,sau-1903-r01,sau-1903-R01,صوص جبن,صوص (sauce),sauce,صوص (sauce),sauce_condiment,مطعم ديز - حي اليرموك,مطعم ديز,حي اليرموك,مطعم ديز - حي اليرموك,الروضة,بلدية,بلدية الروضة,True,False,لا يوجد,,0,,,False,none,date_parsed_from_text,0,False
Data 2025.xlsx,5828,2025-06-30,2025-06,2025-W27,2,0,sau-1904-r01,sau-1904-R01,صوص فقع,صوص (sauce),sauce,صوص (sauce),sauce_condiment,مطعم ديز - حي اليرموك,مطعم ديز,حي اليرموك,مطعم ديز - حي اليرموك,الروضة,بلدية,بلدية الروضة,True,False,لا يوجد,,0,,,False,none,date_parsed_from_text,0,False
Data 2025.xlsx,5829,2025-06-30,2025-06,2025-W27,2,0,sau-1905-r01,sau-1905-R01,صوص كوراي,صوص (sauce),sauce,صوص (sauce),sauce_condiment,مطعم ديز - حي اليرموك,مطعم ديز,حي اليرموك,مطعم ديز - حي اليرموك,الروضة,بلدية,بلدية الروضة,True,False,لا يوجد,,0,,,False,none,date_parsed_from_text,0,False
Data 2025.xlsx,5830,2025-06-30,2025-06,2025-W27,2,0,sau-1906-r01,sau-1906-R01,صوص سبايسي,صوص (sauce),sauce,صوص (sauce),sauce_condiment,مطعم ديز - حي اليرموك,مطعم ديز,حي اليرموك,مطعم ديز - حي اليرموك,الروضة,بلدية,بلدية الروضة,True,False,لا يوجد,,0,,,False,none,date_parsed_from_text,0,False
Data 2025.xlsx,5831,2025-06-30,2025-06,2025-W27,2,0,sau-1907-r01,sau-1907-R01,صوص ديبد,صوص (sauce),sauce,صوص (sauce),sauce_condiment,مطعم ديز - حي اليرموك,مطعم ديز,حي اليرموك,مطعم ديز - حي اليرموك,الروضة,بلدية,بلدية الروضة,True,False,لا يوجد,,0,,,False,none,date_parsed_from_text,0,False
Data 2025.xlsx,5832,2025-06-30,2025-06,2025-W27,2,0,sau-1908-r01,sau-1908-R01,صوص دايس,صوص (sauce),sauce,صوص (sauce),sauce_condiment,مطعم ديز - حي اليرموك,مطعم ديز,حي اليرموك,مطعم ديز - حي اليرموك,الروضة,بلدية,بلدية الروضة,True,False,لا يوجد,,0,,,False,none,date_parsed_from_text,0,False
Data 2025.xlsx,5833,2025-06-30,2025-06,2025-W27,2,0,sau-1909-r01,sau-1909-R01,صوص جبن,صوص (sauce),sauce,صوص (sauce),sauce_condiment,مطعم ديز - حي اليرموك,مطعم ديز,حي اليرموك,مطعم ديز - حي اليرموك,الروضة,بلدية,بلدية الروضة,True,False,لا يوجد,,0,,,False,none,date_parsed_from_text,0,False
Data 2025.xlsx,5834,2025-06-30,2025-06,2025-W27,2,0,sau-1910-r01,sau-1910-R01,صوص بافلو,صوص (sauce),sauce,صوص (sauce),sauce_condiment,مطعم ديز - حي اليرموك,مطعم ديز,حي اليرموك,مطعم ديز - حي اليرموك,الروضة,بلدية,بلدية الروضة,True,False,لا يوجد,,0,,,False,none,date_parsed_from_text,0,False
Data 2025.xlsx,5835,2025-06-30,2025-06,2025-W27,2,0,sau-1911-r01,sau-1911-R01,صوص باربكيو,صوص (sauce),sauce,صوص (sauce),sauce_condiment,مطعم ديز - حي اليرموك,مطعم ديز,حي اليرموك,مطعم ديز - حي اليرموك,الروضة,بلدية,بلدية الروضة,True,False,لا يوجد,,0,,,False,none,date_parsed_from_text,0,False
Data 2025.xlsx,5851,2025-06-30,2025-06,2025-W27,2,0,sau-1912-r01,sau-1912-R01,صوص شمندر,صوص (sauce),sauce,صوص (sauce),sauce_condiment,دار رمان - حي اليرموك,دار رمان,حي اليرموك,دار رمان - حي اليرموك,الروضة,بلدية,بلدية الروضة,True,False,لا يوجد,,0,,,False,none,date_parsed_from_text,0,False
Data 2025.xlsx,5826,2025-06-30,2025-06,2025-W27,2,0,sw-3265-r01,sw-3265-R01,مسحة طاولة تقطيع (لحم + دجاج),(Swabs) المسحات,Swabs,(Swabs) المسحات,swab,مطعم وحنبذ ومندي الجنوب - حي اليرموك,مطعم وحنبذ ومندي الجنوب,حي اليرموك,مطعم وحنبذ ومندي الجنوب - حي اليرموك,الروضة,بلدية,بلدية الروضة,True,False,لا يوجد,,0,,,False,none,date_parsed_from_text,0,False
Data 2025.xlsx,5839,2025-06-30,2025-06,2025-W27,2,0,sw-3266-r01,sw-3266-R01,مسحة حماصة خبز,(Swabs) المسحات,Swabs,(Swabs) المسحات,swab,مطعم ديز - حي اليرموك,مطعم ديز,حي اليرموك,مطعم ديز - حي اليرموك,الروضة,بلدية,بلدية الروضة,True,False,لا يوجد,,0,,,False,none,date_parsed_from_text,0,False
Data 2025.xlsx,5840,2025-06-30,2025-06,2025-W27,2,0,sw-3267-r01,sw-3267-R01,مسحة طاولة تحضير,(Swabs) المسحات,Swabs,(Swabs) المسحات,swab,مطعم ديز - حي اليرموك,مطعم ديز,حي اليرموك,مطعم ديز - حي اليرموك,الروضة,بلدية,بلدية الروضة,True,False,لا يوجد,,0,,,False,none,date_parsed_from_text,0,False
Data 2025.xlsx,5841,2025-06-30,2025-06,2025-W27,2,0,sw-3268-r01,sw-3268-R01,مسحة طاولة تقطيع,(Swabs) المسحات,Swabs,(Swabs) المسحات,swab,مطعم ديز - حي اليرموك,مطعم ديز,حي اليرموك,مطعم ديز - حي اليرموك,الروضة,بلدية,بلدية الروضة,True,False,لا يوجد,,0,,,False,none,date_parsed_from_text,0,False
Data 2025.xlsx,5842,2025-06-30,2025-06,2025-W27,2,0,sw-3269-r01,sw-3269-R01,مسحة حافظة بطاطس,(Swabs) المسحات,Swabs,(Swabs) المسحات,swab,مطعم ديز - حي اليرموك,مطعم ديز,حي اليرموك,مطعم ديز - حي اليرموك,الروضة,بلدية,بلدية الروضة,True,False,لا يوجد,,0,,,False,none,date_parsed_from_text,0,False
Data 2025.xlsx,5843,2025-06-30,2025-06,2025-W27,2,0,sw-3270-r01,sw-3270-R01,مسحة يد,(Swabs) المسحات,Swabs,(Swabs) المسحات,swab,مطعم ديز - حي اليرموك,مطعم ديز,حي اليرموك,مطعم ديز - حي اليرموك,الروضة,بلدية,بلدية الروضة,True,False,لا يوجد,,0,,,False,none,date_parsed_from_text,0,False
Data 2025.xlsx,5854,2025-06-30,2025-06,2025-W27,2,0,sw-3271-r01,sw-3271-R01,مسحة ثلاجة تحضير,(Swabs) المسحات,Swabs,(Swabs) المسحات,swab,دار رمان - حي اليرموك,دار رمان,حي اليرموك,دار رمان - حي اليرموك,الروضة,بلدية,بلدية الروضة,True,False,لا يوجد,,0,,,False,none,date_parsed_from_text,0,False
Data 2025.xlsx,5820,2025-06-30,2025-06,2025-W27,2,0,sweet-1247-r01,sweet-1247-R01,كريم كراميل,الحلا(sweetness),sweetness,الحلا(sweetness),sweets_bakery,مطعم وحنبذ ومندي الجنوب - حي اليرموك,مطعم وحنبذ ومندي الجنوب,حي اليرموك,مطعم وحنبذ ومندي الجنوب - حي اليرموك,الروضة,بلدية,بلدية الروضة,True,False,لا يوجد,,0,,,False,none,date_parsed_from_text,0,False
Data 2025.xlsx,5821,2025-06-30,2025-06,2025-W27,2,0,sweet-1248-r01,sweet-1248-R01,جلي احمر,الحلا(sweetness),sweetness,الحلا(sweetness),sweets_bakery,مطعم وحنبذ ومندي الجنوب - حي اليرموك,مطعم وحنبذ ومندي الجنوب,حي اليرموك,مطعم وحنبذ ومندي الجنوب - حي اليرموك,الروضة,بلدية,بلدية الروضة,True,False,لا يوجد,,0,,,False,none,date_parsed_from_text,0,False
Data 2025.xlsx,5822,2025-06-30,2025-06,2025-W27,2,0,sweet-1249-r01,sweet-1249-R01,ام علي,الحلا(sweetness),sweetness,الحلا(sweetness),sweets_bakery,مطعم وحنبذ ومندي الجنوب - حي اليرموك,مطعم وحنبذ ومندي الجنوب,حي اليرموك,مطعم وحنبذ ومندي الجنوب - حي اليرموك,الروضة,بلدية,بلدية الروضة,True,False,لا يوجد,,0,,,False,none,date_parsed_from_text,0,False
Data 2025.xlsx,5823,2025-06-30,2025-06,2025-W27,2,0,sweet-1250-r01,sweet-1250-R01,بلح الشام,الحلا(sweetness),sweetness,الحلا(sweetness),sweets_bakery,مطعم وحنبذ ومندي الجنوب - حي اليرموك,مطعم وحنبذ ومندي الجنوب,حي اليرموك,مطعم وحنبذ ومندي الجنوب - حي اليرموك,الروضة,بلدية,بلدية الروضة,True,False,لا يوجد,,0,,,False,none,date_parsed_from_text,0,False
Data 2025.xlsx,5857,2025-06-30,2025-06,2025-W27,2,0,sweet-1251-r01,sweet-1251-R01,كريمة كراميل,الحلا(sweetness),sweetness,الحلا(sweetness),sweets_bakery,مضغوط بيتا - حي اليرموك,مضغوط بيتا,حي اليرموك,مضغوط بيتا - حي اليرموك,الروضة,بلدية,بلدية الروضة,True,False,لا يوجد,,0,,,False,none,date_parsed_from_text,0,False
Data 2025.xlsx,5861,2025-06-30,2025-06,2025-W27,2,0,sweet-1252-r01,sweet-1252-R01,هني كيك,الحلا(sweetness),sweetness,الحلا(sweetness),sweets_bakery,ريشيو - حي اليرموك,ريشيو,حي اليرموك,ريشيو - حي اليرموك,الروضة,بلدية,بلدية الروضة,True,False,لا يوجد,,0,,,False,none,date_parsed_from_text,0,False
Data 2025.xlsx,5862,2025-06-30,2025-06,2025-W27,2,0,sweet-1253-r01,sweet-1253-R01,كيك بونابيست,الحلا(sweetness),sweetness,الحلا(sweetness),sweets_bakery,ريشيو - حي اليرموك,ريشيو,حي اليرموك,ريشيو - حي اليرموك,الروضة,بلدية,بلدية الروضة,True,False,لا يوجد,,0,,,False,none,date_parsed_from_text,0,False
Data 2025.xlsx,5863,2025-06-30,2025-06,2025-W27,2,0,sweet-1254-r01,sweet-1254-R01,زبادي بالفول السوداني,الحلا(sweetness),sweetness,الحلا(sweetness),sweets_bakery,ريشيو - حي اليرموك,ريشيو,حي اليرموك,ريشيو - حي اليرموك,الروضة,بلدية,بلدية الروضة,True,False,لا يوجد,,0,,,False,none,date_parsed_from_text,0,False
Data 2025.xlsx,5864,2025-06-30,2025-06,2025-W27,2,0,ubot-1004-r01,Ubot-1004-R01,مياه حنفية لغسيل الادوات,المياه الغير معبأة (Unbottled water),Unbottled water,المياه الغير معبأة (Unbottled water),water,درر نور الشام لبيع لحوم,درر نور الشام لبيع لحوم,,درر نور الشام لبيع لحوم,الروضة,بلدية,بلدية الروضة,True,False,لا يوجد,,0,,,False,none,date_parsed_from_text,0,False
