source_file,row_excel,sampling_date,year_month,iso_year_week,quarter,day_of_week,sample_id,sample_id_raw,sample_name,category_canonical,category_en,category_raw,sample_type,facility_name,facility_chain,facility_branch,facility_name_raw,municipality,municipality_type,municipality_raw,is_valid,is_failure,invalid_tests_raw,invalid_tests,n_failed_tests,failed_pathogens,failed_indicators,has_pathogen_failure,severity_tier,data_quality_flags,chain_invalid_count_90d,is_repeat_offender_90d
Data 2025.xlsx,4148,2025-07-05,2025-07,2025-W27,3,5,raw-0163-r01,Raw-0163-R01,لحم حاشي كتف بلدي,لحوم نيئة مبردة ومجمدة (Raw meat Cold or chilled ),Raw meat Cold or chilled,لحوم نيئة مبردة ومجمدة (Raw meat Cold or chilled ),raw_meat,جزار البراري,جزار البراري,,جزار البراري,العليا,بلدية,بلدية العليا,True,False,لا يوجد,,0,,,False,none,,0,False
Data 2025.xlsx,4147,2025-07-05,2025-07,2025-W27,3,5,raw-0164-r01,Raw-0164-R01,لحم ظهر حاشي بلدي,لحوم نيئة مبردة ومجمدة (Raw meat Cold or chilled ),Raw meat Cold or chilled,لحوم نيئة مبردة ومجمدة (Raw meat Cold or chilled ),raw_meat,جزار البراري,جزار البراري,,جزار البراري,العليا,بلدية,بلدية العليا,True,False,لا يوجد,,0,,,False,none,,0,False
Data 2025.xlsx,4146,2025-07-05,2025-07,2025-W27,3,5,raw-0165-r01,Raw-0165-R01,كبدة حاشي بلدي,لحوم نيئة مبردة ومجمدة (Raw meat Cold or chilled ),Raw meat Cold or chilled,لحوم نيئة مبردة ومجمدة (Raw meat Cold or chilled ),raw_meat,جزار البراري,جزار البراري,,جزار البراري,العليا,بلدية,بلدية العليا,True,False,لا يوجد,,0,,,False,none,,0,False
Data 2025.xlsx,4145,2025-07-05,2025-07,2025-W27,3,5,raw-0166-r01,Raw-0166-R01,كلية حاشي يلدي,لحوم نيئة مبردة ومجمدة (Raw meat Cold or chilled ),Raw meat Cold or chilled,لحوم نيئة مبردة ومجمدة (Raw meat Cold or chilled ),raw_meat,جزار البراري,جزار البراري,,جزار البراري,العليا,بلدية,بلدية العليا,True,False,لا يوجد,,0,,,False,none,,0,False
Data 2025.xlsx,4149,2025-07-05,2025-07,2025-W27,3,5,ubot-0965-r01,Ubot-0965-R01,مياه حنفية لغسيل الادوات,المياه الغير معبأة (Unbottled water),Unbottled water,المياه الغير معبأة (Unbottled water),water,جزار البراري,جزار البراري,,جزار البراري,العليا,بلدية,بلدية العليا,True,False,لا يوجد,,0,,,False,none,,0,False
Data 2025.xlsx,6105,2025-07-07,2025-07,2025-W28,3,0,1-3190-R01,1-3190-R01,رز ياباني,الارز ( rice),rice,الارز ( rice),prepared_meal,سوشي لا يبراري - الرياض بارك - حي العقيق,سوشي لا يبراري,الرياض بارك - حي العقيق,سوشي لا يبراري - الرياض بارك - حي العقيق,الشمال,بلدية,بلدية الشمال,True,False,لا يوجد,,0,,,False,none,,0,False
Data 2025.xlsx,6118,2025-07-07,2025-07,2025-W28,3,0,1-3191-R01,1-3191-R01,نكهة يوزو,نكهات مركزة ( Syrup ),Syrup,نكهات مركزة ( Syrup ),sauce_condiment,سوشي لا يبراري - الرياض بارك - حي العقيق,سوشي لا يبراري,الرياض بارك - حي العقيق,سوشي لا يبراري - الرياض بارك - حي العقيق,الشمال,بلدية,بلدية الشمال,True,False,لا يوجد,,0,,,False,none,,4,True
Data 2025.xlsx,6121,2025-07-07,2025-07,2025-W28,3,0,1-3192-R01,1-3192-R01,نكهة قشر البرتقال ازرق,نكهات مركزة ( Syrup ),Syrup,نكهات مركزة ( Syrup ),sauce_condiment,سوشي لا يبراري - الرياض بارك - حي العقيق,سوشي لا يبراري,الرياض بارك - حي العقيق,سوشي لا يبراري - الرياض بارك - حي العقيق,الشمال,بلدية,بلدية الشمال,True,False,لا يوجد,,0,,,False,none,,5,True
Data 2025.xlsx,6122,2025-07-07,2025-07,2025-W28,3,0,1-3193-R01,1-3193-R01,نكهة باشن فروت,نكهات مركزة ( Syrup ),Syrup,نكهات مركزة ( Syrup ),sauce_condiment,سوشي لا يبراري - الرياض بارك - حي العقيق,سوشي لا يبراري,الرياض بارك - حي العقيق,سوشي لا يبراري - الرياض بارك - حي العقيق,الشمال,بلدية,بلدية الشمال,False,True,العد الكلي للبكتيريا,العد الكلي للبكتيريا,1,,العد الكلي للبكتيريا,False,indicator_only,,6,True
Data 2025.xlsx,6123,2025-07-07,2025-07,2025-W28,3,0,1-3194-R01,1-3194-R01,نكهة مانجا,نكهات مركزة ( Syrup ),Syrup,نكهات مركزة ( Syrup ),sauce_condiment,سوشي لا يبراري - الرياض بارك - حي العقيق,سوشي لا يبراري,الرياض بارك - حي العقيق,سوشي لا يبراري - الرياض بارك - حي العقيق,الشمال,بلدية,بلدية الشمال,True,False,لا يوجد,,0,,,False,none,,6,True
Data 2025.xlsx,6124,2025-07-07,2025-07,2025-W28,3,0,1-3195-R01,1-3195-R01,نكهة رمان,نكهات مركزة ( Syrup ),Syrup,نكهات مركزة ( Syrup ),sauce_condiment,سوشي لا يبراري - الرياض بارك - حي العقيق,سوشي لا يبراري,الرياض بارك - حي العقيق,سوشي لا يبراري - الرياض بارك - حي العقيق,الشمال,بلدية,بلدية الشمال,False,True,العد الكلي للبكتيريا,العد الكلي للبكتيريا,1,,العد الكلي للبكتيريا,False,indicator_only,,7,True
Data 2025.xlsx,6125,2025-07-07,2025-07,2025-W28,3,0,1-3196-R01,1-3196-R01,نكهة فراولة,نكهات مركزة ( Syrup ),Syrup,نكهات مركزة ( Syrup ),sauce_condiment,سوشي لا يبراري - الرياض بارك - حي العقيق,سوشي لا يبراري,الرياض بارك - حي العقيق,سوشي لا يبراري - الرياض بارك - حي العقيق,الشمال,بلدية,بلدية الشمال,False,True,العد الكلي للبكتيريا,العد الكلي للبكتيريا,1,,العد الكلي للبكتيريا,False,indicator_only,,8,True
Data 2025.xlsx,6145,2025-07-07,2025-07,2025-W28,3,0,1-3197-R01,1-3197-R01,رز ابيض,الارز ( rice),rice,الارز ( rice),prepared_meal,اسيان هب بيتوتي ماكي - الرياض بارك - حي العقيق,اسيان هب بيتوتي ماكي,الرياض بارك - حي العقيق,اسيان هب بيتوتي ماكي - الرياض بارك - حي العقيق,الشمال,بلدية,بلدية الشمال,True,False,لا يوجد,,0,,,False,none,,2,True
Data 2025.xlsx,6146,2025-07-07,2025-07,2025-W28,3,0,1-3198-R01,1-3198-R01,افوكادو,افوكادو(avocado),avocado,افوكادو(avocado),other,اسيان هب بيتوتي ماكي - الرياض بارك - حي العقيق,اسيان هب بيتوتي ماكي,الرياض بارك - حي العقيق,اسيان هب بيتوتي ماكي - الرياض بارك - حي العقيق,الشمال,بلدية,بلدية الشمال,True,False,لا يوجد,,0,,,False,none,sample_type_unbucketed,2,True
Data 2025.xlsx,6149,2025-07-07,2025-07,2025-W28,3,0,1-3199-R01,1-3199-R01,نكهة فراولة,نكهات مركزة ( Syrup ),Syrup,نكهات مركزة ( Syrup ),sauce_condiment,اسيان هب بيتوتي ماكي - الرياض بارك - حي العقيق,اسيان هب بيتوتي ماكي,الرياض بارك - حي العقيق,اسيان هب بيتوتي ماكي - الرياض بارك - حي العقيق,الشمال,بلدية,بلدية الشمال,True,False,لا يوجد,,0,,,False,none,,2,True
Data 2025.xlsx,6150,2025-07-07,2025-07,2025-W28,3,0,1-3200-R01,1-3200-R01,نكهة توت,نكهات مركزة ( Syrup ),Syrup,نكهات مركزة ( Syrup ),sauce_condiment,اسيان هب بيتوتي ماكي - الرياض بارك - حي العقيق,اسيان هب بيتوتي ماكي,الرياض بارك - حي العقيق,اسيان هب بيتوتي ماكي - الرياض بارك - حي العقيق,الشمال,بلدية,بلدية الشمال,True,False,لا يوجد,,0,,,False,none,,2,True
Data 2025.xlsx,6151,2025-07-07,2025-07,2025-W28,3,0,1-3201-R01,1-3201-R01,نكهة فانيلا,نكهات مركزة ( Syrup ),Syrup,نكهات مركزة ( Syrup ),sauce_condiment,اسيان هب بيتوتي ماكي - الرياض بارك - حي العقيق,اسيان هب بيتوتي ماكي,الرياض بارك - حي العقيق,اسيان هب بيتوتي ماكي - الرياض بارك - حي العقيق,الشمال,بلدية,بلدية الشمال,True,False,لا يوجد,,0,,,False,none,,2,True
Data 2025.xlsx,6114,2025-07-07,2025-07,2025-W28,3,0,O-O2-ca-0206-R01,O-O2-ca-0206-R01,جزر مبشور,الجزر (carrot),carrot,الجزر (carrot),produce,سوشي لا يبراري - الرياض بارك - حي العقيق,سوشي لا يبراري,الرياض بارك - حي العقيق,سوشي لا يبراري - الرياض بارك - حي العقيق,الشمال,بلدية,بلدية الشمال,True,False,لا يوجد,,0,,,False,none,,2,True
Data 2025.xlsx,6113,2025-07-07,2025-07,2025-W28,3,0,O-r-U-cu-0260-R01,O-r-U-cu-0260-R01,خيار مفطع,الخيار (cucumbers),cucumbers,الخيار (cucumbers),produce,سوشي لا يبراري - الرياض بارك - حي العقيق,سوشي لا يبراري,الرياض بارك - حي العقيق,سوشي لا يبراري - الرياض بارك - حي العقيق,الشمال,بلدية,بلدية الشمال,False,True,ايشيريشيا كولاي | استافيلوكوكس اورياس,ايشيريشيا كولاي | استافيلوكوكس اورياس,2,ايشيريشيا كولاي | استافيلوكوكس اورياس,,True,multi_pathogen,,2,True
Data 2025.xlsx,6143,2025-07-07,2025-07,2025-W28,3,0,O-r-U-cu-0261-R01,O-r-U-cu-0261-R01,خيار مقطع,الخيار (cucumbers),cucumbers,الخيار (cucumbers),produce,اسيان هب بيتوتي ماكي - الرياض بارك - حي العقيق,اسيان هب بيتوتي ماكي,الرياض بارك - حي العقيق,اسيان هب بيتوتي ماكي - الرياض بارك - حي العقيق,الشمال,بلدية,بلدية الشمال,False,True,استافيلوكوكس اورياس,استافيلوكوكس اورياس,1,استافيلوكوكس اورياس,,True,pathogen,,2,True
Data 2025.xlsx,6144,2025-07-07,2025-07,2025-W28,3,0,OSSUOSS-pin-0009-R01,OSSUOSS-pin-0009-R01,قطع اناناس,اناناس (pineapple),pineapple,اناناس (pineapple),produce,اسيان هب بيتوتي ماكي - الرياض بارك - حي العقيق,اسيان هب بيتوتي ماكي,الرياض بارك - حي العقيق,اسيان هب بيتوتي ماكي - الرياض بارك - حي العقيق,الشمال,بلدية,بلدية الشمال,True,False,لا يوجد,,0,,,False,none,,2,True
Data 2025.xlsx,6107,2025-07-07,2025-07,2025-W28,3,0,appe-0517-r01,Appe-0517-R01,تمبورة كرفز,مقبلات (Appetizers),Appetizers,مقبلات (Appetizers),prepared_meal,سوشي لا يبراري - الرياض بارك - حي العقيق,سوشي لا يبراري,الرياض بارك - حي العقيق,سوشي لا يبراري - الرياض بارك - حي العقيق,الشمال,بلدية,بلدية الشمال,True,False,لا يوجد,,0,,,False,none,,0,False
Data 2025.xlsx,6115,2025-07-07,2025-07,2025-W28,3,0,appe-0518-r01,Appe-0518-R01,طحالب,مقبلات (Appetizers),Appetizers,مقبلات (Appetizers),prepared_meal,سوشي لا يبراري - الرياض بارك - حي العقيق,سوشي لا يبراري,الرياض بارك - حي العقيق,سوشي لا يبراري - الرياض بارك - حي العقيق,الشمال,بلدية,بلدية الشمال,False,True,العد الكلي للبكتيريا,العد الكلي للبكتيريا,1,,العد الكلي للبكتيريا,False,indicator_only,,3,True
Data 2025.xlsx,6116,2025-07-07,2025-07,2025-W28,3,0,appe-0519-r01,Appe-0519-R01,كرانش كريم,مقبلات (Appetizers),Appetizers,مقبلات (Appetizers),prepared_meal,سوشي لا يبراري - الرياض بارك - حي العقيق,سوشي لا يبراري,الرياض بارك - حي العقيق,سوشي لا يبراري - الرياض بارك - حي العقيق,الشمال,بلدية,بلدية الشمال,False,True,استافيلوكوكس اورياس,استافيلوكوكس اورياس,1,استافيلوكوكس اورياس,,True,pathogen,,4,True
Data 2025.xlsx,6142,2025-07-07,2025-07,2025-W28,3,0,cor-0253-r01,Cor-0253-R01,ذرة,الذرة (Corn),Corn,الذرة (Corn),produce,اسيان هب بيتوتي ماكي - الرياض بارك - حي العقيق,اسيان هب بيتوتي ماكي,الرياض بارك - حي العقيق,اسيان هب بيتوتي ماكي - الرياض بارك - حي العقيق,الشمال,بلدية,بلدية الشمال,True,False,لا يوجد,,0,,,False,none,,1,False
Data 2025.xlsx,6108,2025-07-07,2025-07,2025-W28,3,0,fish-0210-r01,fish-0210-R01,كفيار,Fish/fish product(الاسماك / منتجات الاسماك),fish product,Fish/fish product(الاسماك / منتجات الاسماك),cooked_meat_poultry,سوشي لا يبراري - الرياض بارك - حي العقيق,سوشي لا يبراري,الرياض بارك - حي العقيق,سوشي لا يبراري - الرياض بارك - حي العقيق,الشمال,بلدية,بلدية الشمال,True,False,لا يوجد,,0,,,False,none,,0,False
Data 2025.xlsx,6111,2025-07-07,2025-07,2025-W28,3,0,fish-0211-r01,fish-0211-R01,ربيان مقلي,Fish/fish product(الاسماك / منتجات الاسماك),fish product,Fish/fish product(الاسماك / منتجات الاسماك),cooked_meat_poultry,سوشي لا يبراري - الرياض بارك - حي العقيق,سوشي لا يبراري,الرياض بارك - حي العقيق,سوشي لا يبراري - الرياض بارك - حي العقيق,الشمال,بلدية,بلدية الشمال,True,False,لا يوجد,,0,,,False,none,,1,False
Data 2025.xlsx,6112,2025-07-07,2025-07,2025-W28,3,0,fish-0212-r01,fish-0212-R01,سلمون مطبوخ,Fish/fish product(الاسماك / منتجات الاسماك),fish product,Fish/fish product(الاسماك / منتجات الاسماك),cooked_meat_poultry,سوشي لا يبراري - الرياض بارك - حي العقيق,سوشي لا يبراري,الرياض بارك - حي العقيق,سوشي لا يبراري - الرياض بارك - حي العقيق,الشمال,بلدية,بلدية الشمال,True,False,لا يوجد,,0,,,False,none,,1,False
Data 2025.xlsx,6140,2025-07-07,2025-07,2025-W28,3,0,fish-0213-r01,fish-0213-R01,كفيار,Fish/fish product(الاسماك / منتجات الاسماك),fish product,Fish/fish product(الاسماك / منتجات الاسماك),cooked_meat_poultry,اسيان هب بيتوتي ماكي - الرياض بارك - حي العقيق,اسيان هب بيتوتي ماكي,الرياض بارك - حي العقيق,اسيان هب بيتوتي ماكي - الرياض بارك - حي العقيق,الشمال,بلدية,بلدية الشمال,True,False,لا يوجد,,0,,,False,none,,1,False
Data 2025.xlsx,6141,2025-07-07,2025-07,2025-W28,3,0,fish-0214-r01,fish-0214-R01,كابي مكس,Fish/fish product(الاسماك / منتجات الاسماك),fish product,Fish/fish product(الاسماك / منتجات الاسماك),cooked_meat_poultry,اسيان هب بيتوتي ماكي - الرياض بارك - حي العقيق,اسيان هب بيتوتي ماكي,الرياض بارك - حي العقيق,اسيان هب بيتوتي ماكي - الرياض بارك - حي العقيق,الشمال,بلدية,بلدية الشمال,True,False,لا يوجد,,0,,,False,none,,1,False
Data 2025.xlsx,6117,2025-07-07,2025-07,2025-W28,3,0,jui-0466-r01,jui-0466-R01,عصير ليمون,العصائر الطازجة Un-pasteurized juices (fresh),fresh,العصائر الطازجة Un-pasteurized juices (fresh),beverage,سوشي لا يبراري - الرياض بارك - حي العقيق,سوشي لا يبراري,الرياض بارك - حي العقيق,سوشي لا يبراري - الرياض بارك - حي العقيق,الشمال,بلدية,بلدية الشمال,True,False,لا يوجد,,0,,,False,none,,4,True
Data 2025.xlsx,6120,2025-07-07,2025-07,2025-W28,3,0,jui-0467-r01,jui-0467-R01,عصير جح,العصائر الطازجة Un-pasteurized juices (fresh),fresh,العصائر الطازجة Un-pasteurized juices (fresh),beverage,سوشي لا يبراري - الرياض بارك - حي العقيق,سوشي لا يبراري,الرياض بارك - حي العقيق,سوشي لا يبراري - الرياض بارك - حي العقيق,الشمال,بلدية,بلدية الشمال,False,True,الخمائر والاعفان,الخمائر والاعفان,1,,الخمائر والاعفان,False,indicator_only,,5,True
Data 2025.xlsx,6152,2025-07-07,2025-07,2025-W28,3,0,jui-0468-r01,jui-0468-R01,عصير ليمون,العصائر الطازجة Un-pasteurized juices (fresh),fresh,العصائر الطازجة Un-pasteurized juices (fresh),beverage,اسيان هب بيتوتي ماكي - الرياض بارك - حي العقيق,اسيان هب بيتوتي ماكي,الرياض بارك - حي العقيق,اسيان هب بيتوتي ماكي - الرياض بارك - حي العقيق,الشمال,بلدية,بلدية الشمال,True,False,لا يوجد,,0,,,False,none,,2,True
Data 2025.xlsx,6147,2025-07-07,2025-07,2025-W28,3,0,pick-0458-r01,Pick-0458-R01,مخلل زنجبيل,المخلل (Pickle),Pickle,المخلل (Pickle),sauce_condiment,اسيان هب بيتوتي ماكي - الرياض بارك - حي العقيق,اسيان هب بيتوتي ماكي,الرياض بارك - حي العقيق,اسيان هب بيتوتي ماكي - الرياض بارك - حي العقيق,الشمال,بلدية,بلدية الشمال,True,False,لا يوجد,,0,,,False,none,,2,True
Data 2025.xlsx,6094,2025-07-07,2025-07,2025-W28,3,0,raw-0337-r01,Raw-0337-R01,لحم يد حاشي بلدي,لحوم نيئة مبردة ومجمدة (Raw meat Cold or chilled ),Raw meat Cold or chilled,لحوم نيئة مبردة ومجمدة (Raw meat Cold or chilled ),raw_meat,ملحمة مثال الشمال للحوم الطازجة,ملحمة مثال الشمال للحوم الطازجة,,ملحمة مثال الشمال للحوم الطازجة,الروضة,بلدية,بلدية الروضة,False,True,السالمونيلا,السالمونيلا,1,السالمونيلا,,True,pathogen,,1,False
Data 2025.xlsx,6095,2025-07-07,2025-07,2025-W28,3,0,raw-0338-r01,Raw-0338-R01,لحم رجل عجل بلدي,لحوم نيئة مبردة ومجمدة (Raw meat Cold or chilled ),Raw meat Cold or chilled,لحوم نيئة مبردة ومجمدة (Raw meat Cold or chilled ),raw_meat,ملحمة مثال الشمال للحوم الطازجة,ملحمة مثال الشمال للحوم الطازجة,,ملحمة مثال الشمال للحوم الطازجة,الروضة,بلدية,بلدية الروضة,True,False,لا يوجد,,0,,,False,none,,1,False
Data 2025.xlsx,6096,2025-07-07,2025-07,2025-W28,3,0,raw-0339-r01,Raw-0339-R01,لحم بطن نعيمي بلدي,لحوم نيئة مبردة ومجمدة (Raw meat Cold or chilled ),Raw meat Cold or chilled,لحوم نيئة مبردة ومجمدة (Raw meat Cold or chilled ),raw_meat,ملحمة مثال الشمال للحوم الطازجة,ملحمة مثال الشمال للحوم الطازجة,,ملحمة مثال الشمال للحوم الطازجة,الروضة,بلدية,بلدية الروضة,True,False,لا يوجد,,0,,,False,none,,1,False
Data 2025.xlsx,6097,2025-07-07,2025-07,2025-W28,3,0,raw-0340-r01,Raw-0340-R01,كلوة من نفس النعيمي بلدي,لحوم نيئة مبردة ومجمدة (Raw meat Cold or chilled ),Raw meat Cold or chilled,لحوم نيئة مبردة ومجمدة (Raw meat Cold or chilled ),raw_meat,ملحمة مثال الشمال للحوم الطازجة,ملحمة مثال الشمال للحوم الطازجة,,ملحمة مثال الشمال للحوم الطازجة,الروضة,بلدية,بلدية الروضة,True,False,لا يوجد,,0,,,False,none,,1,False
Data 2025.xlsx,6098,2025-07-07,2025-07,2025-W28,3,0,raw-0341-r01,Raw-0341-R01,كبدة من نفس النعيمي بلدي,لحوم نيئة مبردة ومجمدة (Raw meat Cold or chilled ),Raw meat Cold or chilled,لحوم نيئة مبردة ومجمدة (Raw meat Cold or chilled ),raw_meat,ملحمة مثال الشمال للحوم الطازجة,ملحمة مثال الشمال للحوم الطازجة,,ملحمة مثال الشمال للحوم الطازجة,الروضة,بلدية,بلدية الروضة,True,False,لا يوجد,,0,,,False,none,,1,False
Data 2025.xlsx,6099,2025-07-07,2025-07,2025-W28,3,0,raw-0342-r01,Raw-0342-R01,قلب من نفس النعيمي بلدي,لحوم نيئة مبردة ومجمدة (Raw meat Cold or chilled ),Raw meat Cold or chilled,لحوم نيئة مبردة ومجمدة (Raw meat Cold or chilled ),raw_meat,ملحمة مثال الشمال للحوم الطازجة,ملحمة مثال الشمال للحوم الطازجة,,ملحمة مثال الشمال للحوم الطازجة,الروضة,بلدية,بلدية الروضة,True,False,لا يوجد,,0,,,False,none,,1,False
Data 2025.xlsx,6100,2025-07-07,2025-07,2025-W28,3,0,sau-1929-r01,sau-1929-R01,صوص سبايسي مايو,صوص (sauce),sauce,صوص (sauce),sauce_condiment,سوشي لا يبراري - الرياض بارك - حي العقيق,سوشي لا يبراري,الرياض بارك - حي العقيق,سوشي لا يبراري - الرياض بارك - حي العقيق,الشمال,بلدية,بلدية الشمال,True,False,لا يوجد,,0,,,False,none,,0,False
Data 2025.xlsx,6101,2025-07-07,2025-07,2025-W28,3,0,sau-1930-r01,sau-1930-R01,صوص بوركين,صوص (sauce),sauce,صوص (sauce),sauce_condiment,سوشي لا يبراري - الرياض بارك - حي العقيق,سوشي لا يبراري,الرياض بارك - حي العقيق,سوشي لا يبراري - الرياض بارك - حي العقيق,الشمال,بلدية,بلدية الشمال,True,False,لا يوجد,,0,,,False,none,,0,False
Data 2025.xlsx,6102,2025-07-07,2025-07,2025-W28,3,0,sau-1931-r01,sau-1931-R01,صوص مايونيز جباني,صوص (sauce),sauce,صوص (sauce),sauce_condiment,سوشي لا يبراري - الرياض بارك - حي العقيق,سوشي لا يبراري,الرياض بارك - حي العقيق,سوشي لا يبراري - الرياض بارك - حي العقيق,الشمال,بلدية,بلدية الشمال,True,False,لا يوجد,,0,,,False,none,,0,False
Data 2025.xlsx,6103,2025-07-07,2025-07,2025-W28,3,0,sau-1932-r01,sau-1932-R01,صوص سويت تشيلي,صوص (sauce),sauce,صوص (sauce),sauce_condiment,سوشي لا يبراري - الرياض بارك - حي العقيق,سوشي لا يبراري,الرياض بارك - حي العقيق,سوشي لا يبراري - الرياض بارك - حي العقيق,الشمال,بلدية,بلدية الشمال,True,False,لا يوجد,,0,,,False,none,,0,False
Data 2025.xlsx,6104,2025-07-07,2025-07,2025-W28,3,0,sau-1933-r01,sau-1933-R01,صوص كرياكي,صوص (sauce),sauce,صوص (sauce),sauce_condiment,سوشي لا يبراري - الرياض بارك - حي العقيق,سوشي لا يبراري,الرياض بارك - حي العقيق,سوشي لا يبراري - الرياض بارك - حي العقيق,الشمال,بلدية,بلدية الشمال,True,False,لا يوجد,,0,,,False,none,,0,False
Data 2025.xlsx,6106,2025-07-07,2025-07,2025-W28,3,0,sau-1934-r01,sau-1934-R01,صوص تاري,صوص (sauce),sauce,صوص (sauce),sauce_condiment,سوشي لا يبراري - الرياض بارك - حي العقيق,سوشي لا يبراري,الرياض بارك - حي العقيق,سوشي لا يبراري - الرياض بارك - حي العقيق,الشمال,بلدية,بلدية الشمال,True,False,لا يوجد,,0,,,False,none,,0,False
Data 2025.xlsx,6109,2025-07-07,2025-07,2025-W28,3,0,sau-1935-r01,sau-1935-R01,صوص كريم شيز,صوص (sauce),sauce,صوص (sauce),sauce_condiment,سوشي لا يبراري - الرياض بارك - حي العقيق,سوشي لا يبراري,الرياض بارك - حي العقيق,سوشي لا يبراري - الرياض بارك - حي العقيق,الشمال,بلدية,بلدية الشمال,True,False,لا يوجد,,0,,,False,none,,0,False
Data 2025.xlsx,6110,2025-07-07,2025-07,2025-W28,3,0,sau-1936-r01,sau-1936-R01,صوص واسابي,صوص (sauce),sauce,صوص (sauce),sauce_condiment,سوشي لا يبراري - الرياض بارك - حي العقيق,سوشي لا يبراري,الرياض بارك - حي العقيق,سوشي لا يبراري - الرياض بارك - حي العقيق,الشمال,بلدية,بلدية الشمال,False,True,العد الكلي للبكتيريا,العد الكلي للبكتيريا,1,,العد الكلي للبكتيريا,False,indicator_only,,1,False
Data 2025.xlsx,6132,2025-07-07,2025-07,2025-W28,3,0,sau-1937-r01,sau-1937-R01,صوص ديناميت,صوص (sauce),sauce,صوص (sauce),sauce_condiment,اسيان هب بيتوتي ماكي - الرياض بارك - حي العقيق,اسيان هب بيتوتي ماكي,الرياض بارك - حي العقيق,اسيان هب بيتوتي ماكي - الرياض بارك - حي العقيق,الشمال,بلدية,بلدية الشمال,True,False,لا يوجد,,0,,,False,none,,0,False
Data 2025.xlsx,6133,2025-07-07,2025-07,2025-W28,3,0,sau-1938-r01,sau-1938-R01,صوص سوشي بنقارا,صوص (sauce),sauce,صوص (sauce),sauce_condiment,اسيان هب بيتوتي ماكي - الرياض بارك - حي العقيق,اسيان هب بيتوتي ماكي,الرياض بارك - حي العقيق,اسيان هب بيتوتي ماكي - الرياض بارك - حي العقيق,الشمال,بلدية,بلدية الشمال,True,False,لا يوجد,,0,,,False,none,,0,False
Data 2025.xlsx,6134,2025-07-07,2025-07,2025-W28,3,0,sau-1939-r01,sau-1939-R01,صوص ليمون نعناع,صوص (sauce),sauce,صوص (sauce),sauce_condiment,اسيان هب بيتوتي ماكي - الرياض بارك - حي العقيق,اسيان هب بيتوتي ماكي,الرياض بارك - حي العقيق,اسيان هب بيتوتي ماكي - الرياض بارك - حي العقيق,الشمال,بلدية,بلدية الشمال,True,False,لا يوجد,,0,,,False,none,,0,False
Data 2025.xlsx,6135,2025-07-07,2025-07,2025-W28,3,0,sau-1940-r01,sau-1940-R01,صوص واسابي,صوص (sauce),sauce,صوص (sauce),sauce_condiment,اسيان هب بيتوتي ماكي - الرياض بارك - حي العقيق,اسيان هب بيتوتي ماكي,الرياض بارك - حي العقيق,اسيان هب بيتوتي ماكي - الرياض بارك - حي العقيق,الشمال,بلدية,بلدية الشمال,True,False,لا يوجد,,0,,,False,none,,0,False
Data 2025.xlsx,6136,2025-07-07,2025-07,2025-W28,3,0,sau-1941-r01,sau-1941-R01,صوص سويت ديناميت,صوص (sauce),sauce,صوص (sauce),sauce_condiment,اسيان هب بيتوتي ماكي - الرياض بارك - حي العقيق,اسيان هب بيتوتي ماكي,الرياض بارك - حي العقيق,اسيان هب بيتوتي ماكي - الرياض بارك - حي العقيق,الشمال,بلدية,بلدية الشمال,True,False,لا يوجد,,0,,,False,none,,0,False
Data 2025.xlsx,6137,2025-07-07,2025-07,2025-W28,3,0,sau-1942-r01,sau-1942-R01,صوص يوزو,صوص (sauce),sauce,صوص (sauce),sauce_condiment,اسيان هب بيتوتي ماكي - الرياض بارك - حي العقيق,اسيان هب بيتوتي ماكي,الرياض بارك - حي العقيق,اسيان هب بيتوتي ماكي - الرياض بارك - حي العقيق,الشمال,بلدية,بلدية الشمال,True,False,لا يوجد,,0,,,False,none,,0,False
Data 2025.xlsx,6138,2025-07-07,2025-07,2025-W28,3,0,sau-1943-r01,sau-1943-R01,صوص قوما,صوص (sauce),sauce,صوص (sauce),sauce_condiment,اسيان هب بيتوتي ماكي - الرياض بارك - حي العقيق,اسيان هب بيتوتي ماكي,الرياض بارك - حي العقيق,اسيان هب بيتوتي ماكي - الرياض بارك - حي العقيق,الشمال,بلدية,بلدية الشمال,False,True,العد الكلي للبكتيريا,العد الكلي للبكتيريا,1,,العد الكلي للبكتيريا,False,indicator_only,,1,False
Data 2025.xlsx,6139,2025-07-07,2025-07,2025-W28,3,0,sau-1944-r01,sau-1944-R01,صوص شيراتا,صوص (sauce),sauce,صوص (sauce),sauce_condiment,اسيان هب بيتوتي ماكي - الرياض بارك - حي العقيق,اسيان هب بيتوتي ماكي,الرياض بارك - حي العقيق,اسيان هب بيتوتي ماكي - الرياض بارك - حي العقيق,الشمال,بلدية,بلدية الشمال,True,False,لا يوجد,,0,,,False,none,,1,False
Data 2025.xlsx,6148,2025-07-07,2025-07,2025-W28,3,0,sau-1945-r01,sau-1945-R01,صوص خوخ,صوص (sauce),sauce,صوص (sauce),sauce_condiment,اسيان هب بيتوتي ماكي - الرياض بارك - حي العقيق,اسيان هب بيتوتي ماكي,الرياض بارك - حي العقيق,اسيان هب بيتوتي ماكي - الرياض بارك - حي العقيق,الشمال,بلدية,بلدية الشمال,True,False,لا يوجد,,0,,,False,none,,2,True
Data 2025.xlsx,6126,2025-07-07,2025-07,2025-W28,3,0,sw-3293-r01,sw-3293-R01,مسحة طاولة تقطيع سوشي,(Swabs) المسحات,Swabs,(Swabs) المسحات,swab,سوشي لا يبراري - الرياض بارك - حي العقيق,سوشي لا يبراري,الرياض بارك - حي العقيق,سوشي لا يبراري - الرياض بارك - حي العقيق,الشمال,بلدية,بلدية الشمال,True,False,لا يوجد,,0,,,False,none,,8,True
Data 2025.xlsx,6127,2025-07-07,2025-07,2025-W28,3,0,sw-3294-r01,sw-3294-R01,مسحة طاولة تقطيع سوشي,(Swabs) المسحات,Swabs,(Swabs) المسحات,swab,سوشي لا يبراري - الرياض بارك - حي العقيق,سوشي لا يبراري,الرياض بارك - حي العقيق,سوشي لا يبراري - الرياض بارك - حي العقيق,الشمال,بلدية,بلدية الشمال,False,True,العد الكلي للبكتيريا,العد الكلي للبكتيريا,1,,العد الكلي للبكتيريا,False,indicator_only,,9,True
Data 2025.xlsx,6128,2025-07-07,2025-07,2025-W28,3,0,sw-3295-r01,sw-3295-R01,مسحة طاولة تقطيع الخضار,(Swabs) المسحات,Swabs,(Swabs) المسحات,swab,سوشي لا يبراري - الرياض بارك - حي العقيق,سوشي لا يبراري,الرياض بارك - حي العقيق,سوشي لا يبراري - الرياض بارك - حي العقيق,الشمال,بلدية,بلدية الشمال,False,True,العد الكلي للبكتيريا,العد الكلي للبكتيريا,1,,العد الكلي للبكتيريا,False,indicator_only,,10,True
Data 2025.xlsx,6129,2025-07-07,2025-07,2025-W28,3,0,sw-3296-r01,sw-3296-R01,مسحة طاولة تقطيع فواكه,(Swabs) المسحات,Swabs,(Swabs) المسحات,swab,سوشي لا يبراري - الرياض بارك - حي العقيق,سوشي لا يبراري,الرياض بارك - حي العقيق,سوشي لا يبراري - الرياض بارك - حي العقيق,الشمال,بلدية,بلدية الشمال,True,False,لا يوجد,,0,,,False,none,,10,True
Data 2025.xlsx,6130,2025-07-07,2025-07,2025-W28,3,0,sw-3297-r01,sw-3297-R01,مسحة ثلاجة اسماك,(Swabs) المسحات,Swabs,(Swabs) المسحات,swab,سوشي لا يبراري - الرياض بارك - حي العقيق,سوشي لا يبراري,الرياض بارك - حي العقيق,سوشي لا يبراري - الرياض بارك - حي العقيق,الشمال,بلدية,بلدية الشمال,True,False,لا يوجد,,0,,,False,none,,10,True
Data 2025.xlsx,6131,2025-07-07,2025-07,2025-W28,3,0,sw-3298-r01,sw-3298-R01,مسحة ثلاجة اسماك,(Swabs) المسحات,Swabs,(Swabs) المسحات,swab,سوشي لا يبراري - الرياض بارك - حي العقيق,سوشي لا يبراري,الرياض بارك - حي العقيق,سوشي لا يبراري - الرياض بارك - حي العقيق,الشمال,بلدية,بلدية الشمال,True,False,لا يوجد,,0,,,False,none,,10,True
Data 2025.xlsx,6153,2025-07-07,2025-07,2025-W28,3,0,sw-3299-r01,sw-3299-R01,مسحة طاولة تحضير سوشي,(Swabs) المسحات,Swabs,(Swabs) المسحات,swab,اسيان هب بيتوتي ماكي - الرياض بارك - حي العقيق,اسيان هب بيتوتي ماكي,الرياض بارك - حي العقيق,اسيان هب بيتوتي ماكي - الرياض بارك - حي العقيق,الشمال,بلدية,بلدية الشمال,False,True,العد الكلي للبكتيريا,العد الكلي للبكتيريا,1,,العد الكلي للبكتيريا,False,indicator_only,,3,True
Data 2025.xlsx,6154,2025-07-07,2025-07,2025-W28,3,0,sw-3300-r01,sw-3300-R01,مسحة طاولة تحضير سوشي,(Swabs) المسحات,Swabs,(Swabs) المسحات,swab,اسيان هب بيتوتي ماكي - الرياض بارك - حي العقيق,اسيان هب بيتوتي ماكي,الرياض بارك - حي العقيق,اسيان هب بيتوتي ماكي - الرياض بارك - حي العقيق,الشمال,بلدية,بلدية الشمال,True,False,لا يوجد,,0,,,False,none,,3,True
Data 2025.xlsx,6155,2025-07-07,2025-07,2025-W28,3,0,sw-3301-r01,sw-3301-R01,مسحة ثلاجة اعداد سوشي,(Swabs) المسحات,Swabs,(Swabs) المسحات,swab,اسيان هب بيتوتي ماكي - الرياض بارك - حي العقيق,اسيان هب بيتوتي ماكي,الرياض بارك - حي العقيق,اسيان هب بيتوتي ماكي - الرياض بارك - حي العقيق,الشمال,بلدية,بلدية الشمال,True,False,لا يوجد,,0,,,False,none,,3,True
Data 2025.xlsx,6156,2025-07-07,2025-07,2025-W28,3,0,sw-3302-r01,sw-3302-R01,مسحة عصارة برتقال,(Swabs) المسحات,Swabs,(Swabs) المسحات,swab,اسيان هب بيتوتي ماكي - الرياض بارك - حي العقيق,اسيان هب بيتوتي ماكي,الرياض بارك - حي العقيق,اسيان هب بيتوتي ماكي - الرياض بارك - حي العقيق,الشمال,بلدية,بلدية الشمال,True,False,لا يوجد,,0,,,False,none,,3,True
Data 2025.xlsx,6157,2025-07-07,2025-07,2025-W28,3,0,sw-3303-r01,sw-3303-R01,مسحة طاولة تقطيع فواكه,(Swabs) المسحات,Swabs,(Swabs) المسحات,swab,اسيان هب بيتوتي ماكي - الرياض بارك - حي العقيق,اسيان هب بيتوتي ماكي,الرياض بارك - حي العقيق,اسيان هب بيتوتي ماكي - الرياض بارك - حي العقيق,الشمال,بلدية,بلدية الشمال,True,False,لا يوجد,,0,,,False,none,,3,True
Data 2025.xlsx,6158,2025-07-07,2025-07,2025-W28,3,0,sw-3304-r01,sw-3304-R01,مسحة صانعة ثلج,(Swabs) المسحات,Swabs,(Swabs) المسحات,swab,اسيان هب بيتوتي ماكي - الرياض بارك - حي العقيق,اسيان هب بيتوتي ماكي,الرياض بارك - حي العقيق,اسيان هب بيتوتي ماكي - الرياض بارك - حي العقيق,الشمال,بلدية,بلدية الشمال,True,False,لا يوجد,,0,,,False,none,,3,True
Data 2025.xlsx,6119,2025-07-07,2025-07,2025-W28,3,0,tea-0009-r01,tea-0009-R01,ايس تي,جميع أنواع الشاي (All types of tea),All types of tea,جميع أنواع الشاي (All types of tea),beverage,سوشي لا يبراري - الرياض بارك - حي العقيق,سوشي لا يبراري,الرياض بارك - حي العقيق,سوشي لا يبراري - الرياض بارك - حي العقيق,الشمال,بلدية,بلدية الشمال,True,False,لا يوجد,,0,,,False,none,,4,True
Data 2025.xlsx,6159,2025-07-07,2025-07,2025-W28,3,0,ubot-1028-r01,Ubot-1028-R01,مياه حنفية لغسيل الادوات,المياه الغير معبأة (Unbottled water),Unbottled water,المياه الغير معبأة (Unbottled water),water,ملحمة مثال الشمال للحوم الطازجة,ملحمة مثال الشمال للحوم الطازجة,,ملحمة مثال الشمال للحوم الطازجة,الروضة,بلدية,بلدية الروضة,True,False,لا يوجد,,0,,,False,none,,1,False
Data 2025.xlsx,6160,2025-07-07,2025-07,2025-W28,3,0,ubot-1029-r01,Ubot-1029-R01,مياه فلتر لغسيل الخضروات,المياه الغير معبأة (Unbottled water),Unbottled water,المياه الغير معبأة (Unbottled water),water,سوشي لا يبراري - الرياض بارك - حي العقيق,سوشي لا يبراري,الرياض بارك - حي العقيق,سوشي لا يبراري - الرياض بارك - حي العقيق,الشمال,بلدية,بلدية الشمال,True,False,لا يوجد,,0,,,False,none,,10,True
Data 2025.xlsx,8348,2025-07-09,2025-07,2025-W28,3,2,O-U-to-0689-R01,O-U-to-0689-R01,شرائح طماطم,الطماطم (Tomatoes),Tomatoes,الطماطم (Tomatoes),produce,مطاعم الصاج الذهبي للتقديم الوجبات حي الملك فهد,مطاعم الصاج الذهبي للتقديم الوجبات حي الملك فهد,,مطاعم الصاج الذهبي للتقديم الوجبات حي الملك فهد,العليا,بلدية,بلدية العليا,True,False,لا يوجد,,0,,,False,none,,11,True
Data 2025.xlsx,8345,2025-07-09,2025-07,2025-W28,3,2,OO-OSS-po-0445-R01,OO-OSS-po-0445-R01,بطاطس مقلي,البطاطس (potatoes),potatoes,البطاطس (potatoes),produce,مطاعم الصاج الذهبي للتقديم الوجبات حي الملك فهد,مطاعم الصاج الذهبي للتقديم الوجبات حي الملك فهد,,مطاعم الصاج الذهبي للتقديم الوجبات حي الملك فهد,العليا,بلدية,بلدية العليا,True,False,لا يوجد,,0,,,False,none,,9,True
Data 2025.xlsx,8325,2025-07-09,2025-07,2025-W28,3,2,OO-wm-0041-R01,OO-wm-0041-R01,قطع جح,البطيخ (watermelons),watermelons,البطيخ (watermelons),water,مطاعم الصاج الذهبي للتقديم الوجبات حي الملك فهد,مطاعم الصاج الذهبي للتقديم الوجبات حي الملك فهد,,مطاعم الصاج الذهبي للتقديم الوجبات حي الملك فهد,العليا,بلدية,بلدية العليا,True,False,لا يوجد,,0,,,False,none,,0,False
Data 2025.xlsx,8349,2025-07-09,2025-07,2025-W28,3,2,OOSS-eg-0375-R01,OOSS-eg-0375-R01,باذنجان مقلي,الباذنجان (eggplant),eggplant,الباذنجان (eggplant),dairy,مطاعم الصاج الذهبي للتقديم الوجبات حي الملك فهد,مطاعم الصاج الذهبي للتقديم الوجبات حي الملك فهد,,مطاعم الصاج الذهبي للتقديم الوجبات حي الملك فهد,العليا,بلدية,بلدية العليا,True,False,لا يوجد,,0,,,False,none,,11,True
Data 2025.xlsx,8326,2025-07-09,2025-07,2025-W28,3,2,OU-me-0034-R01,OU-me-0034-R01,قطع شمام,الشمام (melons),melons,الشمام (melons),produce,مطاعم الصاج الذهبي للتقديم الوجبات حي الملك فهد,مطاعم الصاج الذهبي للتقديم الوجبات حي الملك فهد,,مطاعم الصاج الذهبي للتقديم الوجبات حي الملك فهد,العليا,بلدية,بلدية العليا,True,False,لا يوجد,,0,,,False,none,,0,False
Data 2025.xlsx,8330,2025-07-09,2025-07,2025-W28,3,2,appe-0596-r01,Appe-0596-R01,متبل,مقبلات (Appetizers),Appetizers,مقبلات (Appetizers),prepared_meal,مطاعم الصاج الذهبي للتقديم الوجبات حي الملك فهد,مطاعم الصاج الذهبي للتقديم الوجبات حي الملك فهد,,مطاعم الصاج الذهبي للتقديم الوجبات حي الملك فهد,العليا,بلدية,بلدية العليا,True,False,لا يوجد,,0,,,False,none,,2,True
Data 2025.xlsx,8331,2025-07-09,2025-07,2025-W28,3,2,appe-0597-r01,Appe-0597-R01,بابا غنوج,مقبلات (Appetizers),Appetizers,مقبلات (Appetizers),prepared_meal,مطاعم الصاج الذهبي للتقديم الوجبات حي الملك فهد,مطاعم الصاج الذهبي للتقديم الوجبات حي الملك فهد,,مطاعم الصاج الذهبي للتقديم الوجبات حي الملك فهد,العليا,بلدية,بلدية العليا,True,False,لا يوجد,,0,,,False,none,,2,True
Data 2025.xlsx,8336,2025-07-09,2025-07,2025-W28,3,2,appe-0598-r01,Appe-0598-R01,تبولة,مقبلات (Appetizers),Appetizers,مقبلات (Appetizers),prepared_meal,مطاعم الصاج الذهبي للتقديم الوجبات حي الملك فهد,مطاعم الصاج الذهبي للتقديم الوجبات حي الملك فهد,,مطاعم الصاج الذهبي للتقديم الوجبات حي الملك فهد,العليا,بلدية,بلدية العليا,False,True,استافيلوكوكس اورياس,استافيلوكوكس اورياس,1,استافيلوكوكس اورياس,,True,pathogen,,6,True
Data 2025.xlsx,8343,2025-07-09,2025-07,2025-W28,3,2,cm-0127-r01,Cm-0127-R01,شاورما لحم,اللحوم المطبوخة (Cooked meat),Cooked meat,اللحوم المطبوخة (Cooked meat),cooked_meat_poultry,مطاعم الصاج الذهبي للتقديم الوجبات حي الملك فهد,مطاعم الصاج الذهبي للتقديم الوجبات حي الملك فهد,,مطاعم الصاج الذهبي للتقديم الوجبات حي الملك فهد,العليا,بلدية,بلدية العليا,True,False,لا يوجد,,0,,,False,none,,8,True
Data 2025.xlsx,8344,2025-07-09,2025-07,2025-W28,3,2,co-0605-r01,co-0605-R01,شاورما دجاج,الدجاج المطبوخ (Cooked chicken),Cooked chicken,الدجاج المطبوخ (Cooked chicken),cooked_meat_poultry,مطاعم الصاج الذهبي للتقديم الوجبات حي الملك فهد,مطاعم الصاج الذهبي للتقديم الوجبات حي الملك فهد,,مطاعم الصاج الذهبي للتقديم الوجبات حي الملك فهد,العليا,بلدية,بلدية العليا,False,True,العد الكلي للبكتيريا,العد الكلي للبكتيريا,1,,العد الكلي للبكتيريا,False,indicator_only,,9,True
Data 2025.xlsx,8327,2025-07-09,2025-07,2025-W28,3,2,en-0001-r01,en-0001-R01,حمص,مقبلات (شوربة) تحتوي على الارز او انواع اخرى من الحبوب Entrees (soup) containing rice or Other cereals,containing rice or Other cereals,مقبلات (شوربة) تحتوي على الارز او انواع اخرى من الحبوب Entrees (soup) containing rice or Other cereals,produce,مطاعم الصاج الذهبي للتقديم الوجبات حي الملك فهد,مطاعم الصاج الذهبي للتقديم الوجبات حي الملك فهد,,مطاعم الصاج الذهبي للتقديم الوجبات حي الملك فهد,العليا,بلدية,بلدية العليا,False,True,العد الكلي للبكتيريا,العد الكلي للبكتيريا,1,,العد الكلي للبكتيريا,False,indicator_only,,1,False
Data 2025.xlsx,8350,2025-07-09,2025-07,2025-W28,3,2,fala-0067-r01,Fala-0067-R01,فلافل بالسمسم,فلافل( falafil),falafil,فلافل( falafil),sweets_bakery,مطاعم الصاج الذهبي للتقديم الوجبات حي الملك فهد,مطاعم الصاج الذهبي للتقديم الوجبات حي الملك فهد,,مطاعم الصاج الذهبي للتقديم الوجبات حي الملك فهد,العليا,بلدية,بلدية العليا,True,False,لا يوجد,,0,,,False,none,,11,True
Data 2025.xlsx,8328,2025-07-09,2025-07,2025-W28,3,2,gr-0205-r01,gr-0205-R01,ورق عنب,ورق عنب (Grape leaves),Grape leaves,ورق عنب (Grape leaves),produce,مطاعم الصاج الذهبي للتقديم الوجبات حي الملك فهد,مطاعم الصاج الذهبي للتقديم الوجبات حي الملك فهد,,مطاعم الصاج الذهبي للتقديم الوجبات حي الملك فهد,العليا,بلدية,بلدية العليا,True,False,لا يوجد,,0,,,False,none,,1,False
Data 2025.xlsx,8321,2025-07-09,2025-07,2025-W28,3,2,ho-0247-r01,ho-0247-R01,عسل م- ك,(Honey) عسل النحل,Honey,(Honey) عسل النحل,sweets_bakery,مطاعم الصاج الذهبي للتقديم الوجبات حي الملك فهد,مطاعم الصاج الذهبي للتقديم الوجبات حي الملك فهد,,مطاعم الصاج الذهبي للتقديم الوجبات حي الملك فهد,العليا,بلدية,بلدية العليا,True,False,لا يوجد,,0,,,False,none,,0,False
Data 2025.xlsx,8317,2025-07-09,2025-07,2025-W28,3,2,jui-0520-r01,jui-0520-R01,عصير جمايكا,العصائر الطازجة Un-pasteurized juices (fresh),fresh,العصائر الطازجة Un-pasteurized juices (fresh),beverage,مطاعم الصاج الذهبي للتقديم الوجبات حي الملك فهد,مطاعم الصاج الذهبي للتقديم الوجبات حي الملك فهد,,مطاعم الصاج الذهبي للتقديم الوجبات حي الملك فهد,العليا,بلدية,بلدية العليا,True,False,لا يوجد,,0,,,False,none,,0,False
Data 2025.xlsx,8318,2025-07-09,2025-07,2025-W28,3,2,jui-0521-r01,jui-0521-R01,عصير رمان,العصائر الطازجة Un-pasteurized juices (fresh),fresh,العصائر الطازجة Un-pasteurized juices (fresh),beverage,مطاعم الصاج الذهبي للتقديم الوجبات حي الملك فهد,مطاعم الصاج الذهبي للتقديم الوجبات حي الملك فهد,,مطاعم الصاج الذهبي للتقديم الوجبات حي الملك فهد,العليا,بلدية,بلدية العليا,True,False,لا يوجد,,0,,,False,none,,0,False
Data 2025.xlsx,8319,2025-07-09,2025-07,2025-W28,3,2,jui-0522-r01,jui-0522-R01,عصير ليمون,العصائر الطازجة Un-pasteurized juices (fresh),fresh,العصائر الطازجة Un-pasteurized juices (fresh),beverage,مطاعم الصاج الذهبي للتقديم الوجبات حي الملك فهد,مطاعم الصاج الذهبي للتقديم الوجبات حي الملك فهد,,مطاعم الصاج الذهبي للتقديم الوجبات حي الملك فهد,العليا,بلدية,بلدية العليا,True,False,لا يوجد,,0,,,False,none,,0,False
Data 2025.xlsx,8320,2025-07-09,2025-07,2025-W28,3,2,jui-0523-r01,jui-0523-R01,عصير كوكتيل,العصائر الطازجة Un-pasteurized juices (fresh),fresh,العصائر الطازجة Un-pasteurized juices (fresh),beverage,مطاعم الصاج الذهبي للتقديم الوجبات حي الملك فهد,مطاعم الصاج الذهبي للتقديم الوجبات حي الملك فهد,,مطاعم الصاج الذهبي للتقديم الوجبات حي الملك فهد,العليا,بلدية,بلدية العليا,True,False,لا يوجد,,0,,,False,none,,0,False
Data 2025.xlsx,8332,2025-07-09,2025-07,2025-W28,3,2,mola-0071-r01,mola-0071-R01,دبس رمان,( Molasses) دبس,Molasses,( Molasses) دبس,sauce_condiment,مطاعم الصاج الذهبي للتقديم الوجبات حي الملك فهد,مطاعم الصاج الذهبي للتقديم الوجبات حي الملك فهد,,مطاعم الصاج الذهبي للتقديم الوجبات حي الملك فهد,العليا,بلدية,بلدية العليا,True,False,لا يوجد,,0,,,False,none,,2,True
Data 2025.xlsx,8333,2025-07-09,2025-07,2025-W28,3,2,pick-0526-r01,Pick-0526-R01,زيتون مخلل حلبي,المخلل (Pickle),Pickle,المخلل (Pickle),sauce_condiment,مطاعم الصاج الذهبي للتقديم الوجبات حي الملك فهد,مطاعم الصاج الذهبي للتقديم الوجبات حي الملك فهد,,مطاعم الصاج الذهبي للتقديم الوجبات حي الملك فهد,العليا,بلدية,بلدية العليا,False,True,خمائر,الخمائر والاعفان,1,,الخمائر والاعفان,False,indicator_only,,3,True
Data 2025.xlsx,8334,2025-07-09,2025-07,2025-W28,3,2,pick-0527-r01,Pick-0527-R01,مخلل مشكل,المخلل (Pickle),Pickle,المخلل (Pickle),sauce_condiment,مطاعم الصاج الذهبي للتقديم الوجبات حي الملك فهد,مطاعم الصاج الذهبي للتقديم الوجبات حي الملك فهد,,مطاعم الصاج الذهبي للتقديم الوجبات حي الملك فهد,العليا,بلدية,بلدية العليا,False,True,خمائر,الخمائر والاعفان,1,,الخمائر والاعفان,False,indicator_only,,4,True
Data 2025.xlsx,8340,2025-07-09,2025-07,2025-W28,3,2,pick-0528-r01,Pick-0528-R01,مخلل لفت,المخلل (Pickle),Pickle,المخلل (Pickle),sauce_condiment,مطاعم الصاج الذهبي للتقديم الوجبات حي الملك فهد,مطاعم الصاج الذهبي للتقديم الوجبات حي الملك فهد,,مطاعم الصاج الذهبي للتقديم الوجبات حي الملك فهد,العليا,بلدية,بلدية العليا,True,False,لا يوجد,,0,,,False,none,,8,True
Data 2025.xlsx,8347,2025-07-09,2025-07,2025-W28,3,2,po-0138-r01,po-0138-R01,كباب دجاج ني,الدجاج (Poultry),Poultry,الدجاج (Poultry),cooked_meat_poultry,مطاعم الصاج الذهبي للتقديم الوجبات حي الملك فهد,مطاعم الصاج الذهبي للتقديم الوجبات حي الملك فهد,,مطاعم الصاج الذهبي للتقديم الوجبات حي الملك فهد,العليا,بلدية,بلدية العليا,False,True,استافيلوكوكس اورياس,استافيلوكوكس اورياس,1,استافيلوكوكس اورياس,,True,pathogen,,11,True
Data 2025.xlsx,8346,2025-07-09,2025-07,2025-W28,3,2,raw-0509-r01,Raw-0509-R01,كباب لحم ني,لحوم مجمدة/ مبردة (Frozen/Chilled Raw meat ),Frozen/Chilled Raw meat,لحوم مجمدة/ مبردة (Frozen/Chilled Raw meat ),raw_meat,مطاعم الصاج الذهبي للتقديم الوجبات حي الملك فهد,مطاعم الصاج الذهبي للتقديم الوجبات حي الملك فهد,,مطاعم الصاج الذهبي للتقديم الوجبات حي الملك فهد,العليا,بلدية,بلدية العليا,False,True,العد الكلي للبكتيريا,العد الكلي للبكتيريا,1,,العد الكلي للبكتيريا,False,indicator_only,,10,True
Data 2025.xlsx,8339,2025-07-09,2025-07,2025-W28,3,2,sa-0903-r01,sa-0903-R01,طحينة سائلة,طحينة,,طحينة,sauce_condiment,مطاعم الصاج الذهبي للتقديم الوجبات حي الملك فهد,مطاعم الصاج الذهبي للتقديم الوجبات حي الملك فهد,,مطاعم الصاج الذهبي للتقديم الوجبات حي الملك فهد,العليا,بلدية,بلدية العليا,True,False,لا يوجد,,0,,,False,none,,8,True
Data 2025.xlsx,8329,2025-07-09,2025-07,2025-W28,3,2,sal-1617-r01,Sal-1617-R01,سلطة مشاوي,السلطة(Salad),Salad,السلطة(Salad),produce,مطاعم الصاج الذهبي للتقديم الوجبات حي الملك فهد,مطاعم الصاج الذهبي للتقديم الوجبات حي الملك فهد,,مطاعم الصاج الذهبي للتقديم الوجبات حي الملك فهد,العليا,بلدية,بلدية العليا,False,True,استافيلوكوكس اورياس | ايشيريشيا كولاي,استافيلوكوكس اورياس | ايشيريشيا كولاي,2,استافيلوكوكس اورياس | ايشيريشيا كولاي,,True,multi_pathogen,,2,True
Data 2025.xlsx,8335,2025-07-09,2025-07,2025-W28,3,2,sal-1618-r01,Sal-1618-R01,سلطة خضراء,السلطة(Salad),Salad,السلطة(Salad),produce,مطاعم الصاج الذهبي للتقديم الوجبات حي الملك فهد,مطاعم الصاج الذهبي للتقديم الوجبات حي الملك فهد,,مطاعم الصاج الذهبي للتقديم الوجبات حي الملك فهد,العليا,بلدية,بلدية العليا,False,True,استافيلوكوكس اورياس | ايشيريشيا كولاي,استافيلوكوكس اورياس | ايشيريشيا كولاي,2,استافيلوكوكس اورياس | ايشيريشيا كولاي,,True,multi_pathogen,,5,True
Data 2025.xlsx,8337,2025-07-09,2025-07,2025-W28,3,2,sau-2335-r01,sau-2335-R01,صوص ثوم معلب,صوص (sauce),sauce,صوص (sauce),sauce_condiment,مطاعم الصاج الذهبي للتقديم الوجبات حي الملك فهد,مطاعم الصاج الذهبي للتقديم الوجبات حي الملك فهد,,مطاعم الصاج الذهبي للتقديم الوجبات حي الملك فهد,العليا,بلدية,بلدية العليا,False,True,العد الكلي للبكتيريا,العد الكلي للبكتيريا,1,,العد الكلي للبكتيريا,False,indicator_only,,7,True
Data 2025.xlsx,8338,2025-07-09,2025-07,2025-W28,3,2,sau-2336-r01,sau-2336-R01,ثوم حار معلب,صوص (sauce),sauce,صوص (sauce),sauce_condiment,مطاعم الصاج الذهبي للتقديم الوجبات حي الملك فهد,مطاعم الصاج الذهبي للتقديم الوجبات حي الملك فهد,,مطاعم الصاج الذهبي للتقديم الوجبات حي الملك فهد,العليا,بلدية,بلدية العليا,False,True,انتيروباكتريسي,انتيروباكتريسي,1,,انتيروباكتريسي,False,indicator_only,,8,True
Data 2025.xlsx,8341,2025-07-09,2025-07,2025-W28,3,2,sau-2337-r01,sau-2337-R01,صوص ثوم مع مايونيز,صوص (sauce),sauce,صوص (sauce),sauce_condiment,مطاعم الصاج الذهبي للتقديم الوجبات حي الملك فهد,مطاعم الصاج الذهبي للتقديم الوجبات حي الملك فهد,,مطاعم الصاج الذهبي للتقديم الوجبات حي الملك فهد,العليا,بلدية,بلدية العليا,True,False,لا يوجد,,0,,,False,none,,8,True
Data 2025.xlsx,8342,2025-07-09,2025-07,2025-W28,3,2,sau-2338-r01,sau-2338-R01,صوص كاتشب,صوص (sauce),sauce,صوص (sauce),sauce_condiment,مطاعم الصاج الذهبي للتقديم الوجبات حي الملك فهد,مطاعم الصاج الذهبي للتقديم الوجبات حي الملك فهد,,مطاعم الصاج الذهبي للتقديم الوجبات حي الملك فهد,العليا,بلدية,بلدية العليا,True,False,لا يوجد,,0,,,False,none,,8,True
Data 2025.xlsx,8322,2025-07-09,2025-07,2025-W28,3,2,sw-3508-r01,sw-3508-R01,مسحة عصارة برتقال كبس,(Swabs) المسحات,Swabs,(Swabs) المسحات,swab,مطاعم الصاج الذهبي للتقديم الوجبات حي الملك فهد,مطاعم الصاج الذهبي للتقديم الوجبات حي الملك فهد,,مطاعم الصاج الذهبي للتقديم الوجبات حي الملك فهد,العليا,بلدية,بلدية العليا,True,False,لا يوجد,,0,,,False,none,,0,False
Data 2025.xlsx,8323,2025-07-09,2025-07,2025-W28,3,2,sw-3509-r01,sw-3509-R01,مسحة صانعة ثلج,(Swabs) المسحات,Swabs,(Swabs) المسحات,swab,مطاعم الصاج الذهبي للتقديم الوجبات حي الملك فهد,مطاعم الصاج الذهبي للتقديم الوجبات حي الملك فهد,,مطاعم الصاج الذهبي للتقديم الوجبات حي الملك فهد,العليا,بلدية,بلدية العليا,True,False,لا يوجد,,0,,,False,none,,0,False
Data 2025.xlsx,8324,2025-07-09,2025-07,2025-W28,3,2,sw-3510-r01,sw-3510-R01,مسحة حافظة ثلج,(Swabs) المسحات,Swabs,(Swabs) المسحات,swab,مطاعم الصاج الذهبي للتقديم الوجبات حي الملك فهد,مطاعم الصاج الذهبي للتقديم الوجبات حي الملك فهد,,مطاعم الصاج الذهبي للتقديم الوجبات حي الملك فهد,العليا,بلدية,بلدية العليا,True,False,لا يوجد,,0,,,False,none,,0,False
Data 2025.xlsx,8351,2025-07-09,2025-07,2025-W28,3,2,sw-3511-r01,sw-3511-R01,مسحة ثلاجة اعداد الفلافل,(Swabs) المسحات,Swabs,(Swabs) المسحات,swab,مطاعم الصاج الذهبي للتقديم الوجبات حي الملك فهد,مطاعم الصاج الذهبي للتقديم الوجبات حي الملك فهد,,مطاعم الصاج الذهبي للتقديم الوجبات حي الملك فهد,العليا,بلدية,بلدية العليا,False,True,العد الكلي للبكتيريا,العد الكلي للبكتيريا,1,,العد الكلي للبكتيريا,False,indicator_only,,12,True
Data 2025.xlsx,8352,2025-07-09,2025-07,2025-W28,3,2,sw-3512-r01,sw-3512-R01,مسحة حافظة ايدامات,(Swabs) المسحات,Swabs,(Swabs) المسحات,swab,مطاعم الصاج الذهبي للتقديم الوجبات حي الملك فهد,مطاعم الصاج الذهبي للتقديم الوجبات حي الملك فهد,,مطاعم الصاج الذهبي للتقديم الوجبات حي الملك فهد,العليا,بلدية,بلدية العليا,True,False,لا يوجد,,0,,,False,none,,12,True
Data 2025.xlsx,8353,2025-07-09,2025-07,2025-W28,3,2,sw-3513-r01,sw-3513-R01,مسحة ثلاجة مقبلات,(Swabs) المسحات,Swabs,(Swabs) المسحات,swab,مطاعم الصاج الذهبي للتقديم الوجبات حي الملك فهد,مطاعم الصاج الذهبي للتقديم الوجبات حي الملك فهد,,مطاعم الصاج الذهبي للتقديم الوجبات حي الملك فهد,العليا,بلدية,بلدية العليا,True,False,لا يوجد,,0,,,False,none,,12,True
Data 2025.xlsx,8354,2025-07-09,2025-07,2025-W28,3,2,sw-3514-r01,sw-3514-R01,مسحة قطاعة شاورما لحم,(Swabs) المسحات,Swabs,(Swabs) المسحات,swab,مطاعم الصاج الذهبي للتقديم الوجبات حي الملك فهد,مطاعم الصاج الذهبي للتقديم الوجبات حي الملك فهد,,مطاعم الصاج الذهبي للتقديم الوجبات حي الملك فهد,العليا,بلدية,بلدية العليا,True,False,لا يوجد,,0,,,False,none,,12,True
Data 2025.xlsx,8355,2025-07-09,2025-07,2025-W28,3,2,sw-3515-r01,sw-3515-R01,مسحة قطاعة شاورما دجاج,(Swabs) المسحات,Swabs,(Swabs) المسحات,swab,مطاعم الصاج الذهبي للتقديم الوجبات حي الملك فهد,مطاعم الصاج الذهبي للتقديم الوجبات حي الملك فهد,,مطاعم الصاج الذهبي للتقديم الوجبات حي الملك فهد,العليا,بلدية,بلدية العليا,True,False,لا يوجد,,0,,,False,none,,12,True
Data 2025.xlsx,8356,2025-07-09,2025-07,2025-W28,3,2,ubot-1081-r01,Ubot-1081-R01,مياه فلتر لغسيل الادوات م- ك,المياه الغير معبأة (Unbottled water),Unbottled water,المياه الغير المعبأة (Unbottled water),water,مطاعم الصاج الذهبي للتقديم الوجبات حي الملك فهد,مطاعم الصاج الذهبي للتقديم الوجبات حي الملك فهد,,مطاعم الصاج الذهبي للتقديم الوجبات حي الملك فهد,العليا,بلدية,بلدية العليا,True,False,لا يوجد,,0,,,False,none,category_merged_to_canonical,12,True
Data 2025.xlsx,6279,2025-07-13,2025-07,2025-W28,3,6,O-U-to-0651-R01,O-U-to-0651-R01,قطع طماطم,الطماطم (Tomatoes),Tomatoes,الطماطم (Tomatoes),produce,مطعم مشويات دار الزمرد,مطعم مشويات دار الزمرد,,مطعم مشويات دار الزمرد,الروضة,بلدية,بلدية الروضة,True,False,لا يوجد,,0,,,False,none,date_parsed_from_text,5,True
Data 2025.xlsx,6280,2025-07-13,2025-07,2025-W28,3,6,O-r-U-cu-0266-R01,O-r-U-cu-0266-R01,قطع خيار,الخيار (cucumbers),cucumbers,الخيار (cucumbers),produce,مطعم مشويات دار الزمرد,مطعم مشويات دار الزمرد,,مطعم مشويات دار الزمرد,الروضة,بلدية,بلدية الروضة,False,True,ايشيريشيا كولاي | استافيلوكوكس اورياس,ايشيريشيا كولاي | استافيلوكوكس اورياس,2,ايشيريشيا كولاي | استافيلوكوكس اورياس,,True,multi_pathogen,date_parsed_from_text,6,True
Data 2025.xlsx,6312,2025-07-13,2025-07,2025-W28,3,6,OO-OSS-po-0413-R01,OO-OSS-po-0413-R01,بطاطس مقلي,البطاطس (potatoes),potatoes,البطاطس (potatoes),produce,شاورما ناهس,شاورما ناهس,,شاورما ناهس,الروضة,بلدية,بلدية الروضة,False,True,العد الكلي للبكتيريا,العد الكلي للبكتيريا,1,,العد الكلي للبكتيريا,False,indicator_only,date_parsed_from_text,1,False
Data 2025.xlsx,6281,2025-07-13,2025-07,2025-W28,3,6,OU-pa-0246-R01,OU-pa-0246-R01,قطع بقدونس,البقدونس (parsley),parsley,البقدونس (parsley),produce,مطعم مشويات دار الزمرد,مطعم مشويات دار الزمرد,,مطعم مشويات دار الزمرد,الروضة,بلدية,بلدية الروضة,False,True,ايشيريشيا كولاي | استافيلوكوكس اورياس,ايشيريشيا كولاي | استافيلوكوكس اورياس,2,ايشيريشيا كولاي | استافيلوكوكس اورياس,,True,multi_pathogen,date_parsed_from_text,7,True
Data 2025.xlsx,6274,2025-07-13,2025-07,2025-W28,3,6,appe-0521-r01,Appe-0521-R01,حمص,مقبلات (Appetizers),Appetizers,مقبلات (Appetizers),prepared_meal,مطعم مشويات دار الزمرد,مطعم مشويات دار الزمرد,,مطعم مشويات دار الزمرد,الروضة,بلدية,بلدية الروضة,False,True,العد الكلي للبكتيريا,العد الكلي للبكتيريا,1,,العد الكلي للبكتيريا,False,indicator_only,date_parsed_from_text,1,False
Data 2025.xlsx,6275,2025-07-13,2025-07,2025-W28,3,6,appe-0522-r01,Appe-0522-R01,متبل,مقبلات (Appetizers),Appetizers,مقبلات (Appetizers),prepared_meal,مطعم مشويات دار الزمرد,مطعم مشويات دار الزمرد,,مطعم مشويات دار الزمرد,الروضة,بلدية,بلدية الروضة,False,True,العد الكلي للبكتيريا,العد الكلي للبكتيريا,1,,العد الكلي للبكتيريا,False,indicator_only,date_parsed_from_text,2,True
Data 2025.xlsx,6276,2025-07-13,2025-07,2025-W28,3,6,appe-0523-r01,Appe-0523-R01,بابا غنوج,مقبلات (Appetizers),Appetizers,مقبلات (Appetizers),prepared_meal,مطعم مشويات دار الزمرد,مطعم مشويات دار الزمرد,,مطعم مشويات دار الزمرد,الروضة,بلدية,بلدية الروضة,False,True,العد الكلي للبكتيريا,العد الكلي للبكتيريا,1,,العد الكلي للبكتيريا,False,indicator_only,date_parsed_from_text,3,True
Data 2025.xlsx,6287,2025-07-13,2025-07,2025-W28,3,6,appe-0524-r01,Appe-0524-R01,حمص معلب,مقبلات (Appetizers),Appetizers,مقبلات (Appetizers),prepared_meal,مطعم مشويات دار الزمرد,مطعم مشويات دار الزمرد,,مطعم مشويات دار الزمرد,الروضة,بلدية,بلدية الروضة,False,True,العد الكلي للبكتيريا,العد الكلي للبكتيريا,1,,العد الكلي للبكتيريا,False,indicator_only,date_parsed_from_text,10,True
Data 2025.xlsx,6288,2025-07-13,2025-07,2025-W28,3,6,appe-0525-r01,Appe-0525-R01,متبل شمندر,مقبلات (Appetizers),Appetizers,مقبلات (Appetizers),prepared_meal,مطعم مشويات دار الزمرد,مطعم مشويات دار الزمرد,,مطعم مشويات دار الزمرد,الروضة,بلدية,بلدية الروضة,False,True,العد الكلي للبكتيريا,العد الكلي للبكتيريا,1,,العد الكلي للبكتيريا,False,indicator_only,date_parsed_from_text,11,True
Data 2025.xlsx,6297,2025-07-13,2025-07,2025-W28,3,6,appe-0526-r01,Appe-0526-R01,محمرة (فطائر),مقبلات (Appetizers),Appetizers,مقبلات (Appetizers),prepared_meal,مطعم مشويات دار الزمرد,مطعم مشويات دار الزمرد,,مطعم مشويات دار الزمرد,الروضة,بلدية,بلدية الروضة,True,False,لا يوجد,,0,,,False,none,date_parsed_from_text,15,True
Data 2025.xlsx,6300,2025-07-13,2025-07,2025-W28,3,6,chee-0779-r01,Chee-0779-R01,جبن سائل,(cheese) جبنة,cheese,(cheese) جبنة,dairy,مطعم مشويات دار الزمرد,مطعم مشويات دار الزمرد,,مطعم مشويات دار الزمرد,الروضة,بلدية,بلدية الروضة,False,True,انتيروباكتريسي,انتيروباكتريسي,1,,انتيروباكتريسي,False,indicator_only,date_parsed_from_text,16,True
Data 2025.xlsx,6291,2025-07-13,2025-07,2025-W28,3,6,co-0551-r01,co-0551-R01,قطع شاورما,الدجاج المطبوخ (Cooked chicken),Cooked chicken,الدجاج المطبوخ (Cooked chicken),cooked_meat_poultry,مطعم مشويات دار الزمرد,مطعم مشويات دار الزمرد,,مطعم مشويات دار الزمرد,الروضة,بلدية,بلدية الروضة,False,True,العد الكلي للبكتيريا,العد الكلي للبكتيريا,1,,العد الكلي للبكتيريا,False,indicator_only,date_parsed_from_text,12,True
Data 2025.xlsx,6296,2025-07-13,2025-07,2025-W28,3,6,co-0552-r01,co-0552-R01,قطع دجاج مطبوخ,الدجاج المطبوخ (Cooked chicken),Cooked chicken,الدجاج المطبوخ (Cooked chicken),cooked_meat_poultry,مطعم مشويات دار الزمرد,مطعم مشويات دار الزمرد,,مطعم مشويات دار الزمرد,الروضة,بلدية,بلدية الروضة,True,False,لا يوجد,,0,,,False,none,date_parsed_from_text,15,True
Data 2025.xlsx,6298,2025-07-13,2025-07,2025-W28,3,6,co-0553-r01,co-0553-R01,قطع دجاج مفروم,الدجاج المطبوخ (Cooked chicken),Cooked chicken,الدجاج المطبوخ (Cooked chicken),cooked_meat_poultry,مطعم مشويات دار الزمرد,مطعم مشويات دار الزمرد,,مطعم مشويات دار الزمرد,الروضة,بلدية,بلدية الروضة,True,False,لا يوجد,,0,,,False,none,date_parsed_from_text,15,True
Data 2025.xlsx,6315,2025-07-13,2025-07,2025-W28,3,6,co-0554-r01,co-0554-R01,قطع شاورما دجاج,الدجاج المطبوخ (Cooked chicken),Cooked chicken,الدجاج المطبوخ (Cooked chicken),cooked_meat_poultry,شاورما ناهس,شاورما ناهس,,شاورما ناهس,الروضة,بلدية,بلدية الروضة,True,False,لا يوجد,,0,,,False,none,date_parsed_from_text,1,False
Data 2025.xlsx,6270,2025-07-13,2025-07,2025-W28,3,6,fish-0215-r01,"fish-0215-R01
",ربيان مجهول المصدر,Fish/fish product(الاسماك / منتجات الاسماك),fish product,Fish/fish product(الاسماك / منتجات الاسماك),cooked_meat_poultry,مطعم تشاد لتقديم الوجبات,مطعم تشاد لتقديم الوجبات,,مطعم تشاد لتقديم الوجبات,الروضة,بلدية,بلدية الروضة,True,False,لا يوجد,,0,,,False,none,date_parsed_from_text,0,False
Data 2025.xlsx,6271,2025-07-13,2025-07,2025-W28,3,6,fish-0216-r01,"fish-0216-R01
",سمك سول,Fish/fish product(الاسماك / منتجات الاسماك),fish product,Fish/fish product(الاسماك / منتجات الاسماك),cooked_meat_poultry,مطعم تشاد لتقديم الوجبات,مطعم تشاد لتقديم الوجبات,,مطعم تشاد لتقديم الوجبات,الروضة,بلدية,بلدية الروضة,False,True,العد الكلي للبكتيريا,العد الكلي للبكتيريا,1,,العد الكلي للبكتيريا,False,indicator_only,date_parsed_from_text,1,False
Data 2025.xlsx,6272,2025-07-13,2025-07,2025-W28,3,6,fish-0217-r01,"fish-0217-R01
",سمك روهو,Fish/fish product(الاسماك / منتجات الاسماك),fish product,Fish/fish product(الاسماك / منتجات الاسماك),cooked_meat_poultry,مطعم تشاد لتقديم الوجبات,مطعم تشاد لتقديم الوجبات,,مطعم تشاد لتقديم الوجبات,الروضة,بلدية,بلدية الروضة,False,True,العد الكلي للبكتيريا,العد الكلي للبكتيريا,1,,العد الكلي للبكتيريا,False,indicator_only,date_parsed_from_text,2,True
Data 2025.xlsx,6273,2025-07-13,2025-07,2025-W28,3,6,fish-0218-r01,"fish-0218-R01
",سمك شابيلا,Fish/fish product(الاسماك / منتجات الاسماك),fish product,Fish/fish product(الاسماك / منتجات الاسماك),cooked_meat_poultry,مطعم تشاد لتقديم الوجبات,مطعم تشاد لتقديم الوجبات,,مطعم تشاد لتقديم الوجبات,الروضة,بلدية,بلدية الروضة,True,False,لا يوجد,,0,,,False,none,date_parsed_from_text,2,True
Data 2025.xlsx,6290,2025-07-13,2025-07,2025-W28,3,6,gr-0183-r01,gr-0183-R01,ورق عنب,ورق عنب (Grape leaves),Grape leaves,ورق عنب (Grape leaves),produce,مطعم مشويات دار الزمرد,مطعم مشويات دار الزمرد,,مطعم مشويات دار الزمرد,الروضة,بلدية,بلدية الروضة,True,False,لا يوجد,,0,,,False,none,date_parsed_from_text,11,True
Data 2025.xlsx,6301,2025-07-13,2025-07,2025-W28,3,6,ho-0240-r01,ho-0240-R01,عسل,(Honey) عسل النحل,Honey,(Honey) عسل النحل,sweets_bakery,مطعم مشويات دار الزمرد,مطعم مشويات دار الزمرد,,مطعم مشويات دار الزمرد,الروضة,بلدية,بلدية الروضة,True,False,لا يوجد,,0,,,False,none,date_parsed_from_text,16,True
Data 2025.xlsx,6293,2025-07-13,2025-07,2025-W28,3,6,po-0125-r01,po-0125-R01,كباب دجاج ني,الدجاج (Poultry),Poultry,الدجاج (Poultry),cooked_meat_poultry,مطعم مشويات دار الزمرد,مطعم مشويات دار الزمرد,,مطعم مشويات دار الزمرد,الروضة,بلدية,بلدية الروضة,False,True,العد الكلي للبكتيريا,العد الكلي للبكتيريا,1,,العد الكلي للبكتيريا,False,indicator_only,date_parsed_from_text,14,True
Data 2025.xlsx,6292,2025-07-13,2025-07,2025-W28,3,6,raw-0351-r01,Raw-0351-R01,كباب لحم ني,لحوم نيئة مبردة ومجمدة (Raw meat Cold or chilled ),Raw meat Cold or chilled,لحوم نيئة مبردة ومجمدة (Raw meat Cold or chilled ),raw_meat,مطعم مشويات دار الزمرد,مطعم مشويات دار الزمرد,,مطعم مشويات دار الزمرد,الروضة,بلدية,بلدية الروضة,False,True,العد الكلي للبكتيريا,العد الكلي للبكتيريا,1,,العد الكلي للبكتيريا,False,indicator_only,date_parsed_from_text,13,True
Data 2025.xlsx,6277,2025-07-13,2025-07,2025-W28,3,6,sal-1446-r01,Sal-1446-R01,سلطة ذرة مع خيار,السلطة(Salad),Salad,السلطة(Salad),produce,مطعم مشويات دار الزمرد,مطعم مشويات دار الزمرد,,مطعم مشويات دار الزمرد,الروضة,بلدية,بلدية الروضة,False,True,استافيلوكوكس اورياس,استافيلوكوكس اورياس,1,استافيلوكوكس اورياس,,True,pathogen,date_parsed_from_text,4,True
Data 2025.xlsx,6278,2025-07-13,2025-07,2025-W28,3,6,sal-1447-r01,Sal-1447-R01,سلطة زيتون,السلطة(Salad),Salad,السلطة(Salad),produce,مطعم مشويات دار الزمرد,مطعم مشويات دار الزمرد,,مطعم مشويات دار الزمرد,الروضة,بلدية,بلدية الروضة,False,True,خمائر,الخمائر والاعفان,1,,الخمائر والاعفان,False,indicator_only,date_parsed_from_text,5,True
Data 2025.xlsx,6299,2025-07-13,2025-07,2025-W28,3,6,sal-1448-r01,Sal-1448-R01,سبانخ بالرمان,السلطة(Salad),Salad,السلطة(Salad),produce,مطعم مشويات دار الزمرد,مطعم مشويات دار الزمرد,,مطعم مشويات دار الزمرد,الروضة,بلدية,بلدية الروضة,True,False,لا يوجد,,0,,,False,none,date_parsed_from_text,15,True
Data 2025.xlsx,6309,2025-07-13,2025-07,2025-W28,3,6,sal-1449-r01,Sal-1449-R01,سلطة خضراء,السلطة(Salad),Salad,السلطة(Salad),produce,شاورما ناهس,شاورما ناهس,,شاورما ناهس,الروضة,بلدية,بلدية الروضة,True,False,لا يوجد,,0,,,False,none,date_parsed_from_text,0,False
Data 2025.xlsx,6311,2025-07-13,2025-07,2025-W28,3,6,sal-1450-r01,Sal-1450-R01,سلطة بقدونس ويصل,السلطة(Salad),Salad,السلطة(Salad),produce,شاورما ناهس,شاورما ناهس,,شاورما ناهس,الروضة,بلدية,بلدية الروضة,True,False,لا يوجد,,0,,,False,none,date_parsed_from_text,0,False
Data 2025.xlsx,6282,2025-07-13,2025-07,2025-W28,3,6,sau-1983-r01,sau-1983-R01,صوص ثوم,صوص (sauce),sauce,صوص (sauce),sauce_condiment,مطعم مشويات دار الزمرد,مطعم مشويات دار الزمرد,,مطعم مشويات دار الزمرد,الروضة,بلدية,بلدية الروضة,False,True,العد الكلي للبكتيريا,العد الكلي للبكتيريا,1,,العد الكلي للبكتيريا,False,indicator_only,date_parsed_from_text,8,True
Data 2025.xlsx,6283,2025-07-13,2025-07,2025-W28,3,6,sau-1984-r01,sau-1984-R01,صوص كاتشب,صوص (sauce),sauce,صوص (sauce),sauce_condiment,مطعم مشويات دار الزمرد,مطعم مشويات دار الزمرد,,مطعم مشويات دار الزمرد,الروضة,بلدية,بلدية الروضة,True,False,لا يوجد,,0,,,False,none,date_parsed_from_text,8,True
Data 2025.xlsx,6284,2025-07-13,2025-07,2025-W28,3,6,sau-1985-r01,sau-1985-R01,صوص ثوم,صوص (sauce),sauce,صوص (sauce),sauce_condiment,مطعم مشويات دار الزمرد,مطعم مشويات دار الزمرد,,مطعم مشويات دار الزمرد,الروضة,بلدية,بلدية الروضة,True,False,لا يوجد,,0,,,False,none,date_parsed_from_text,8,True
Data 2025.xlsx,6285,2025-07-13,2025-07,2025-W28,3,6,sau-1986-r01,sau-1986-R01,صوص ثوم معلب,صوص (sauce),sauce,صوص (sauce),sauce_condiment,مطعم مشويات دار الزمرد,مطعم مشويات دار الزمرد,,مطعم مشويات دار الزمرد,الروضة,بلدية,بلدية الروضة,True,False,لا يوجد,,0,,,False,none,date_parsed_from_text,8,True
Data 2025.xlsx,6286,2025-07-13,2025-07,2025-W28,3,6,sau-1987-r01,sau-1987-R01,صوص ثوم حار,صوص (sauce),sauce,صوص (sauce),sauce_condiment,مطعم مشويات دار الزمرد,مطعم مشويات دار الزمرد,,مطعم مشويات دار الزمرد,الروضة,بلدية,بلدية الروضة,False,True,العد الكلي للبكتيريا,العد الكلي للبكتيريا,1,,العد الكلي للبكتيريا,False,indicator_only,date_parsed_from_text,9,True
Data 2025.xlsx,6289,2025-07-13,2025-07,2025-W28,3,6,sau-1988-r01,sau-1988-R01,صوص فتة,صوص (sauce),sauce,صوص (sauce),sauce_condiment,مطعم مشويات دار الزمرد,مطعم مشويات دار الزمرد,,مطعم مشويات دار الزمرد,الروضة,بلدية,بلدية الروضة,True,False,لا يوجد,,0,,,False,none,date_parsed_from_text,11,True
Data 2025.xlsx,6294,2025-07-13,2025-07,2025-W28,3,6,sau-1989-r01,sau-1989-R01,صوص بيتزا,صوص (sauce),sauce,صوص (sauce),sauce_condiment,مطعم مشويات دار الزمرد,مطعم مشويات دار الزمرد,,مطعم مشويات دار الزمرد,الروضة,بلدية,بلدية الروضة,True,False,لا يوجد,,0,,,False,none,date_parsed_from_text,14,True
Data 2025.xlsx,6295,2025-07-13,2025-07,2025-W28,3,6,sau-1990-r01,sau-1990-R01,صوص رانش,صوص (sauce),sauce,صوص (sauce),sauce_condiment,مطعم مشويات دار الزمرد,مطعم مشويات دار الزمرد,,مطعم مشويات دار الزمرد,الروضة,بلدية,بلدية الروضة,False,True,العد الكلي للبكتيريا,العد الكلي للبكتيريا,1,,العد الكلي للبكتيريا,False,indicator_only,date_parsed_from_text,15,True
Data 2025.xlsx,6305,2025-07-13,2025-07,2025-W28,3,6,sau-1991-r01,sau-1991-R01,صوص كاتشب,صوص (sauce),sauce,صوص (sauce),sauce_condiment,شاورما ناهس,شاورما ناهس,,شاورما ناهس,الروضة,بلدية,بلدية الروضة,True,False,لا يوجد,,0,,,False,none,date_parsed_from_text,0,False
Data 2025.xlsx,6306,2025-07-13,2025-07,2025-W28,3,6,sau-1992-r01,sau-1992-R01,صوص شطة,صوص (sauce),sauce,صوص (sauce),sauce_condiment,شاورما ناهس,شاورما ناهس,,شاورما ناهس,الروضة,بلدية,بلدية الروضة,True,False,لا يوجد,,0,,,False,none,date_parsed_from_text,0,False
Data 2025.xlsx,6307,2025-07-13,2025-07,2025-W28,3,6,sau-1993-r01,sau-1993-R01,صوص ثوم سومطرا,صوص (sauce),sauce,صوص (sauce),sauce_condiment,شاورما ناهس,شاورما ناهس,,شاورما ناهس,الروضة,بلدية,بلدية الروضة,True,False,لا يوجد,,0,,,False,none,date_parsed_from_text,0,False
Data 2025.xlsx,6308,2025-07-13,2025-07,2025-W28,3,6,sau-1994-r01,sau-1994-R01,صوص مايونيز,صوص (sauce),sauce,صوص (sauce),sauce_condiment,شاورما ناهس,شاورما ناهس,,شاورما ناهس,الروضة,بلدية,بلدية الروضة,True,False,لا يوجد,,0,,,False,none,date_parsed_from_text,0,False
Data 2025.xlsx,6310,2025-07-13,2025-07,2025-W28,3,6,sau-1995-r01,sau-1995-R01,صوص ثوم,صوص (sauce),sauce,صوص (sauce),sauce_condiment,شاورما ناهس,شاورما ناهس,,شاورما ناهس,الروضة,بلدية,بلدية الروضة,True,False,لا يوجد,,0,,,False,none,date_parsed_from_text,0,False
Data 2025.xlsx,6302,2025-07-13,2025-07,2025-W28,3,6,sw-3324-r01,sw-3324-R01,مسحة ثلاجة الفطائر,(Swabs) المسحات,Swabs,(Swabs) المسحات,swab,مطعم مشويات دار الزمرد,مطعم مشويات دار الزمرد,,مطعم مشويات دار الزمرد,الروضة,بلدية,بلدية الروضة,False,True,العد الكلي للبكتيريا,العد الكلي للبكتيريا,1,,العد الكلي للبكتيريا,False,indicator_only,date_parsed_from_text,17,True
Data 2025.xlsx,6303,2025-07-13,2025-07,2025-W28,3,6,sw-3325-r01,sw-3325-R01,مسحة طاولة تحضير شاورما,(Swabs) المسحات,Swabs,(Swabs) المسحات,swab,مطعم مشويات دار الزمرد,مطعم مشويات دار الزمرد,,مطعم مشويات دار الزمرد,الروضة,بلدية,بلدية الروضة,False,True,العد الكلي للبكتيريا,العد الكلي للبكتيريا,1,,العد الكلي للبكتيريا,False,indicator_only,date_parsed_from_text,18,True
Data 2025.xlsx,6304,2025-07-13,2025-07,2025-W28,3,6,sw-3326-r01,sw-3326-R01,مسحة ثلاجة مقبلات,(Swabs) المسحات,Swabs,(Swabs) المسحات,swab,مطعم مشويات دار الزمرد,مطعم مشويات دار الزمرد,,مطعم مشويات دار الزمرد,الروضة,بلدية,بلدية الروضة,False,True,العد الكلي للبكتيريا,العد الكلي للبكتيريا,1,,العد الكلي للبكتيريا,False,indicator_only,date_parsed_from_text,19,True
Data 2025.xlsx,6313,2025-07-13,2025-07,2025-W28,3,6,sw-3327-r01,sw-3327-R01,مسحة قطاعة شاورما دجاج,(Swabs) المسحات,Swabs,(Swabs) المسحات,swab,شاورما ناهس,شاورما ناهس,,شاورما ناهس,الروضة,بلدية,بلدية الروضة,True,False,لا يوجد,,0,,,False,none,date_parsed_from_text,1,False
Data 2025.xlsx,6314,2025-07-13,2025-07,2025-W28,3,6,sw-3328-r01,sw-3328-R01,مسحة حافظة بطاطس,(Swabs) المسحات,Swabs,(Swabs) المسحات,swab,شاورما ناهس,شاورما ناهس,,شاورما ناهس,الروضة,بلدية,بلدية الروضة,True,False,لا يوجد,,0,,,False,none,date_parsed_from_text,1,False
Data 2025.xlsx,6316,2025-07-13,2025-07,2025-W28,3,6,ubot-1037-r02,"Ubot-1037-R02
",مياه حنفية لغسيل الادوات,المياه الغير معبأة (Unbottled water),Unbottled water,المياه الغير معبأة (Unbottled water),water,مطعم تشاد لتقديم الوجبات,مطعم تشاد لتقديم الوجبات,,مطعم تشاد لتقديم الوجبات,الروضة,بلدية,بلدية الروضة,True,False,لا يوجد,,0,,,False,none,date_parsed_from_text,2,True
Data 2025.xlsx,6361,2025-07-14,2025-07,2025-W29,3,0,1-3226-R01,1-3226-R01,بيتزا,(Pizza)بيتزا,Pizza,(Pizza)بيتزا,prepared_meal,اسواق السلطان,اسواق السلطان,,اسواق السلطان,الروضة,بلدية,بلدية الروضة,True,False,لا يوجد,,0,,,False,none,date_parsed_from_text,18,True
Data 2025.xlsx,6357,2025-07-14,2025-07,2025-W29,3,0,bakgoo-0467-r01,bakgoo-0467-R01,كروسان جبن سائل,(baked goods) المخبوزات,baked goods,(baked goods) المخبوزات,sweets_bakery,اسواق السلطان,اسواق السلطان,,اسواق السلطان,الروضة,بلدية,بلدية الروضة,True,False,لا يوجد,,0,,,False,none,date_parsed_from_text,18,True
Data 2025.xlsx,6358,2025-07-14,2025-07,2025-W29,3,0,bakgoo-0468-r01,bakgoo-0468-R01,كروسان زعتر,(baked goods) المخبوزات,baked goods,(baked goods) المخبوزات,sweets_bakery,اسواق السلطان,اسواق السلطان,,اسواق السلطان,الروضة,بلدية,بلدية الروضة,True,False,لا يوجد,,0,,,False,none,date_parsed_from_text,18,True
Data 2025.xlsx,6359,2025-07-14,2025-07,2025-W29,3,0,bakgoo-0469-r01,bakgoo-0469-R01,كروسان صغير جبن كيري,(baked goods) المخبوزات,baked goods,(baked goods) المخبوزات,sweets_bakery,اسواق السلطان,اسواق السلطان,,اسواق السلطان,الروضة,بلدية,بلدية الروضة,True,False,لا يوجد,,0,,,False,none,date_parsed_from_text,18,True
Data 2025.xlsx,6360,2025-07-14,2025-07,2025-W29,3,0,bakgoo-0470-r01,bakgoo-0470-R01,فطيرة نقانق,(baked goods) المخبوزات,baked goods,(baked goods) المخبوزات,sweets_bakery,اسواق السلطان,اسواق السلطان,,اسواق السلطان,الروضة,بلدية,بلدية الروضة,True,False,لا يوجد,,0,,,False,none,date_parsed_from_text,18,True
Data 2025.xlsx,6345,2025-07-14,2025-07,2025-W29,3,0,bri-0326-r01,bri-0326-R01,لبنة شمندر,لبنة ( brick),brick,لبنة ( brick),dairy,اسواق السلطان,اسواق السلطان,,اسواق السلطان,الروضة,بلدية,بلدية الروضة,False,True,انتيروباكتريسي,انتيروباكتريسي,1,,انتيروباكتريسي,False,indicator_only,date_parsed_from_text,15,True
Data 2025.xlsx,6346,2025-07-14,2025-07,2025-W29,3,0,bri-0327-r01,bri-0327-R01,لبنة سادة,لبنة ( brick),brick,لبنة ( brick),dairy,اسواق السلطان,اسواق السلطان,,اسواق السلطان,الروضة,بلدية,بلدية الروضة,False,True,انتيروباكتريسي,انتيروباكتريسي,1,,انتيروباكتريسي,False,indicator_only,date_parsed_from_text,16,True
Data 2025.xlsx,6341,2025-07-14,2025-07,2025-W29,3,0,ch-0108-r01,ch-0108-R01,جبنة مشوي,الاجبان (cheeses),cheeses,الاجبان (cheeses),dairy,اسواق السلطان,اسواق السلطان,,اسواق السلطان,الروضة,بلدية,بلدية الروضة,True,False,لا يوجد,,0,,,False,none,date_parsed_from_text,13,True
Data 2025.xlsx,6343,2025-07-14,2025-07,2025-W29,3,0,ch-0109-r01,ch-0109-R01,جبنة بيتزا,الاجبان (cheeses),cheeses,الاجبان (cheeses),dairy,اسواق السلطان,اسواق السلطان,,اسواق السلطان,الروضة,بلدية,بلدية الروضة,True,False,لا يوجد,,0,,,False,none,date_parsed_from_text,14,True
Data 2025.xlsx,6344,2025-07-14,2025-07,2025-W29,3,0,ch-0110-r01,ch-0110-R01,جبنة مفروكة حارة,الاجبان (cheeses),cheeses,الاجبان (cheeses),dairy,اسواق السلطان,اسواق السلطان,,اسواق السلطان,الروضة,بلدية,بلدية الروضة,True,False,لا يوجد,,0,,,False,none,date_parsed_from_text,14,True
Data 2025.xlsx,6347,2025-07-14,2025-07,2025-W29,3,0,ch-0111-r01,ch-0111-R01,جبنة بالاعشاب,الاجبان (cheeses),cheeses,الاجبان (cheeses),dairy,اسواق السلطان,اسواق السلطان,,اسواق السلطان,الروضة,بلدية,بلدية الروضة,False,True,انتيروباكتريسي | ايشيريشيا كولاي,انتيروباكتريسي | ايشيريشيا كولاي,2,ايشيريشيا كولاي,انتيروباكتريسي,True,pathogen,date_parsed_from_text,17,True
Data 2025.xlsx,6348,2025-07-14,2025-07,2025-W29,3,0,ch-0112-r01,ch-0112-R01,مش مصري,الاجبان (cheeses),cheeses,الاجبان (cheeses),dairy,اسواق السلطان,اسواق السلطان,,اسواق السلطان,الروضة,بلدية,بلدية الروضة,True,False,لا يوجد,,0,,,False,none,date_parsed_from_text,17,True
Data 2025.xlsx,6350,2025-07-14,2025-07,2025-W29,3,0,ch-0113-r01,ch-0113-R01,جبنة مالحة,الاجبان (cheeses),cheeses,الاجبان (cheeses),dairy,اسواق السلطان,اسواق السلطان,,اسواق السلطان,الروضة,بلدية,بلدية الروضة,True,False,لا يوجد,,0,,,False,none,date_parsed_from_text,18,True
Data 2025.xlsx,6351,2025-07-14,2025-07,2025-W29,3,0,ch-0114-r01,ch-0114-R01,جبنة قريش (الوادي),الاجبان (cheeses),cheeses,الاجبان (cheeses),dairy,اسواق السلطان,اسواق السلطان,,اسواق السلطان,الروضة,بلدية,بلدية الروضة,True,False,لا يوجد,,0,,,False,none,date_parsed_from_text,18,True
Data 2025.xlsx,6352,2025-07-14,2025-07,2025-W29,3,0,flswe-0069-r01,FlSwe-0069-R01,حلاوة طحينة,حلاوة طحينة( Flour Sweetness),Flour Sweetness,حلاوة طحينة( Flour Sweetness),sauce_condiment,اسواق السلطان,اسواق السلطان,,اسواق السلطان,الروضة,بلدية,بلدية الروضة,True,False,لا يوجد,,0,,,False,none,date_parsed_from_text,18,True
Data 2025.xlsx,6353,2025-07-14,2025-07,2025-W29,3,0,flswe-0070-r01,FlSwe-0070-R01,حلاوة طحينة بالفستق,حلاوة طحينة( Flour Sweetness),Flour Sweetness,حلاوة طحينة( Flour Sweetness),sauce_condiment,اسواق السلطان,اسواق السلطان,,اسواق السلطان,الروضة,بلدية,بلدية الروضة,True,False,لا يوجد,,0,,,False,none,date_parsed_from_text,18,True
Data 2025.xlsx,6340,2025-07-14,2025-07,2025-W29,3,0,gr-0184-r01,gr-0184-R01,ورق عنب,ورق عنب (Grape leaves),Grape leaves,ورق عنب (Grape leaves),produce,اسواق السلطان,اسواق السلطان,,اسواق السلطان,الروضة,بلدية,بلدية الروضة,True,False,لا يوجد,,0,,,False,none,date_parsed_from_text,13,True
Data 2025.xlsx,6322,2025-07-14,2025-07,2025-W29,3,0,olv-0505-r01,olv-0505-R01,زيتون اسود بدون نوة,الزيتون /Olive,Olive,الزيتون /Olive,produce,اسواق السلطان,اسواق السلطان,,اسواق السلطان,الروضة,بلدية,بلدية الروضة,False,True,خمائر,الخمائر والاعفان,1,,الخمائر والاعفان,False,indicator_only,date_parsed_from_text,1,False
Data 2025.xlsx,6323,2025-07-14,2025-07,2025-W29,3,0,olv-0506-r01,olv-0506-R01,زيتون اسود,الزيتون /Olive,Olive,الزيتون /Olive,produce,اسواق السلطان,اسواق السلطان,,اسواق السلطان,الروضة,بلدية,بلدية الروضة,False,True,خمائر,الخمائر والاعفان,1,,الخمائر والاعفان,False,indicator_only,date_parsed_from_text,2,True
Data 2025.xlsx,6324,2025-07-14,2025-07,2025-W29,3,0,olv-0507-r01,olv-0507-R01,زيتون عين الجمل,الزيتون /Olive,Olive,الزيتون /Olive,produce,اسواق السلطان,اسواق السلطان,,اسواق السلطان,الروضة,بلدية,بلدية الروضة,False,True,خمائر,الخمائر والاعفان,1,,الخمائر والاعفان,False,indicator_only,date_parsed_from_text,3,True
Data 2025.xlsx,6325,2025-07-14,2025-07,2025-W29,3,0,olv-0508-r01,olv-0508-R01,زيتون كامالاتا,الزيتون /Olive,Olive,الزيتون /Olive,produce,اسواق السلطان,اسواق السلطان,,اسواق السلطان,الروضة,بلدية,بلدية الروضة,False,True,خمائر,الخمائر والاعفان,1,,الخمائر والاعفان,False,indicator_only,date_parsed_from_text,4,True
Data 2025.xlsx,6326,2025-07-14,2025-07,2025-W29,3,0,olv-0509-r01,olv-0509-R01,زيتون اخضر مشوي,الزيتون /Olive,Olive,الزيتون /Olive,produce,اسواق السلطان,اسواق السلطان,,اسواق السلطان,الروضة,بلدية,بلدية الروضة,False,True,خمائر,الخمائر والاعفان,1,,الخمائر والاعفان,False,indicator_only,date_parsed_from_text,5,True
Data 2025.xlsx,6327,2025-07-14,2025-07,2025-W29,3,0,olv-0510-r01,olv-0510-R01,زيتون اخضر اردني,الزيتون /Olive,Olive,الزيتون /Olive,produce,اسواق السلطان,اسواق السلطان,,اسواق السلطان,الروضة,بلدية,بلدية الروضة,False,True,خمائر,الخمائر والاعفان,1,,الخمائر والاعفان,False,indicator_only,date_parsed_from_text,6,True
Data 2025.xlsx,6328,2025-07-14,2025-07,2025-W29,3,0,olv-0511-r01,olv-0511-R01,زيتون محشي زعتر,الزيتون /Olive,Olive,الزيتون /Olive,produce,اسواق السلطان,اسواق السلطان,,اسواق السلطان,الروضة,بلدية,بلدية الروضة,False,True,خمائر,الخمائر والاعفان,1,,الخمائر والاعفان,False,indicator_only,date_parsed_from_text,7,True
Data 2025.xlsx,6329,2025-07-14,2025-07,2025-W29,3,0,olv-0512-r01,olv-0512-R01,زيتون اخضر محشي مشكل,الزيتون /Olive,Olive,الزيتون /Olive,produce,اسواق السلطان,اسواق السلطان,,اسواق السلطان,الروضة,بلدية,بلدية الروضة,False,True,خمائر,الخمائر والاعفان,1,,الخمائر والاعفان,False,indicator_only,date_parsed_from_text,8,True
Data 2025.xlsx,6330,2025-07-14,2025-07,2025-W29,3,0,pick-0461-r01,Pick-0461-R01,مخلل خيار صغير,المخلل (Pickle),Pickle,المخلل (Pickle),sauce_condiment,اسواق السلطان,اسواق السلطان,,اسواق السلطان,الروضة,بلدية,بلدية الروضة,True,False,لا يوجد,,0,,,False,none,date_parsed_from_text,8,True
Data 2025.xlsx,6331,2025-07-14,2025-07,2025-W29,3,0,pick-0462-r01,Pick-0462-R01,مخلل ليمون,المخلل (Pickle),Pickle,المخلل (Pickle),sauce_condiment,اسواق السلطان,اسواق السلطان,,اسواق السلطان,الروضة,بلدية,بلدية الروضة,True,False,لا يوجد,,0,,,False,none,date_parsed_from_text,8,True
Data 2025.xlsx,6332,2025-07-14,2025-07,2025-W29,3,0,pick-0463-r01,Pick-0463-R01,مخلل ثوم,المخلل (Pickle),Pickle,المخلل (Pickle),sauce_condiment,اسواق السلطان,اسواق السلطان,,اسواق السلطان,الروضة,بلدية,بلدية الروضة,False,True,خمائر,الخمائر والاعفان,1,,الخمائر والاعفان,False,indicator_only,date_parsed_from_text,9,True
Data 2025.xlsx,6333,2025-07-14,2025-07,2025-W29,3,0,pick-0464-r01,Pick-0464-R01,طرشي مشكل,المخلل (Pickle),Pickle,المخلل (Pickle),sauce_condiment,اسواق السلطان,اسواق السلطان,,اسواق السلطان,الروضة,بلدية,بلدية الروضة,True,False,لا يوجد,,0,,,False,none,date_parsed_from_text,9,True
Data 2025.xlsx,6317,2025-07-14,2025-07,2025-W29,3,0,raw-0352-r01,Raw-0352-R01,لحم رجل حاشي بلدي,لحوم نيئة مبردة ومجمدة (Raw meat Cold or chilled ),Raw meat Cold or chilled,لحوم نيئة مبردة ومجمدة (Raw meat Cold or chilled ),raw_meat,مؤسسة وسم وعطاء للحوم الطازجة,مؤسسة وسم وعطاء للحوم الطازجة,,مؤسسة وسم وعطاء للحوم الطازجة,الروضة,بلدية,بلدية الروضة,True,False,لا يوجد,,0,,,False,none,date_parsed_from_text,0,False
Data 2025.xlsx,6318,2025-07-14,2025-07,2025-W29,3,0,raw-0353-r01,Raw-0353-R01,كبدة من حاشي اخر,لحوم نيئة مبردة ومجمدة (Raw meat Cold or chilled ),Raw meat Cold or chilled,لحوم نيئة مبردة ومجمدة (Raw meat Cold or chilled ),raw_meat,مؤسسة وسم وعطاء للحوم الطازجة,مؤسسة وسم وعطاء للحوم الطازجة,,مؤسسة وسم وعطاء للحوم الطازجة,الروضة,بلدية,بلدية الروضة,True,False,لا يوجد,,0,,,False,none,date_parsed_from_text,0,False
Data 2025.xlsx,6319,2025-07-14,2025-07,2025-W29,3,0,raw-0354-r01,Raw-0354-R01,قلب من حاشي اخر,لحوم نيئة مبردة ومجمدة (Raw meat Cold or chilled ),Raw meat Cold or chilled,لحوم نيئة مبردة ومجمدة (Raw meat Cold or chilled ),raw_meat,مؤسسة وسم وعطاء للحوم الطازجة,مؤسسة وسم وعطاء للحوم الطازجة,,مؤسسة وسم وعطاء للحوم الطازجة,الروضة,بلدية,بلدية الروضة,True,False,لا يوجد,,0,,,False,none,date_parsed_from_text,0,False
Data 2025.xlsx,6320,2025-07-14,2025-07,2025-W29,3,0,raw-0355-r01,Raw-0355-R01,لحم رجل نعيمي بلدي,لحوم نيئة مبردة ومجمدة (Raw meat Cold or chilled ),Raw meat Cold or chilled,لحوم نيئة مبردة ومجمدة (Raw meat Cold or chilled ),raw_meat,مؤسسة وسم وعطاء للحوم الطازجة,مؤسسة وسم وعطاء للحوم الطازجة,,مؤسسة وسم وعطاء للحوم الطازجة,الروضة,بلدية,بلدية الروضة,True,False,لا يوجد,,0,,,False,none,date_parsed_from_text,0,False
Data 2025.xlsx,6321,2025-07-14,2025-07,2025-W29,3,0,raw-0356-r01,Raw-0356-R01,تقاطيع نعيمي بلدي (كبدة ، قلب ، كلاوي),لحوم نيئة مبردة ومجمدة (Raw meat Cold or chilled ),Raw meat Cold or chilled,لحوم نيئة مبردة ومجمدة (Raw meat Cold or chilled ),raw_meat,مؤسسة وسم وعطاء للحوم الطازجة,مؤسسة وسم وعطاء للحوم الطازجة,,مؤسسة وسم وعطاء للحوم الطازجة,الروضة,بلدية,بلدية الروضة,True,False,لا يوجد,,0,,,False,none,date_parsed_from_text,0,False
Data 2025.xlsx,6334,2025-07-14,2025-07,2025-W29,3,0,sal-1451-r01,Sal-1451-R01,سلطة مكدوس,السلطة(Salad),Salad,السلطة(Salad),produce,اسواق السلطان,اسواق السلطان,,اسواق السلطان,الروضة,بلدية,بلدية الروضة,True,False,لا يوجد,,0,,,False,none,date_parsed_from_text,9,True
Data 2025.xlsx,6335,2025-07-14,2025-07,2025-W29,3,0,sal-1452-r01,Sal-1452-R01,سلطة جبن فيتا و شيدر,السلطة(Salad),Salad,السلطة(Salad),produce,اسواق السلطان,اسواق السلطان,,اسواق السلطان,الروضة,بلدية,بلدية الروضة,False,True,انتيروباكتريسي,انتيروباكتريسي,1,,انتيروباكتريسي,False,indicator_only,date_parsed_from_text,10,True
Data 2025.xlsx,6336,2025-07-14,2025-07,2025-W29,3,0,sal-1453-r01,Sal-1453-R01,سلطة جبن فيتا,السلطة(Salad),Salad,السلطة(Salad),produce,اسواق السلطان,اسواق السلطان,,اسواق السلطان,الروضة,بلدية,بلدية الروضة,False,True,انتيروباكتريسي | ايشيريشيا كولاي,انتيروباكتريسي | ايشيريشيا كولاي,2,ايشيريشيا كولاي,انتيروباكتريسي,True,pathogen,date_parsed_from_text,11,True
Data 2025.xlsx,6337,2025-07-14,2025-07,2025-W29,3,0,sal-1454-r01,Sal-1454-R01,مكدوس,السلطة(Salad),Salad,السلطة(Salad),produce,اسواق السلطان,اسواق السلطان,,اسواق السلطان,الروضة,بلدية,بلدية الروضة,True,False,لا يوجد,,0,,,False,none,date_parsed_from_text,11,True
Data 2025.xlsx,6338,2025-07-14,2025-07,2025-W29,3,0,sal-1455-r01,Sal-1455-R01,سلطة حلومي,السلطة(Salad),Salad,السلطة(Salad),produce,اسواق السلطان,اسواق السلطان,,اسواق السلطان,الروضة,بلدية,بلدية الروضة,False,True,انتيروباكتريسي,انتيروباكتريسي,1,,انتيروباكتريسي,False,indicator_only,date_parsed_from_text,12,True
Data 2025.xlsx,6339,2025-07-14,2025-07,2025-W29,3,0,sal-1456-r01,Sal-1456-R01,سلطة جبن فيتا حار,السلطة(Salad),Salad,السلطة(Salad),produce,اسواق السلطان,اسواق السلطان,,اسواق السلطان,الروضة,بلدية,بلدية الروضة,False,True,انتيروباكتريسي,انتيروباكتريسي,1,,انتيروباكتريسي,False,indicator_only,date_parsed_from_text,13,True
Data 2025.xlsx,6342,2025-07-14,2025-07,2025-W29,3,0,sal-1457-r01,Sal-1457-R01,سلطة مرتديلا مكس,السلطة(Salad),Salad,السلطة(Salad),produce,اسواق السلطان,اسواق السلطان,,اسواق السلطان,الروضة,بلدية,بلدية الروضة,False,True,العد الكلي للبكتيريا,العد الكلي للبكتيريا,1,,العد الكلي للبكتيريا,False,indicator_only,date_parsed_from_text,14,True
Data 2025.xlsx,6349,2025-07-14,2025-07,2025-W29,3,0,sal-1458-r01,Sal-1458-R01,سلطة مفروكة بالزعتر (جبن),السلطة(Salad),Salad,السلطة(Salad),produce,اسواق السلطان,اسواق السلطان,,اسواق السلطان,الروضة,بلدية,بلدية الروضة,False,True,انتيروباكتريسي,انتيروباكتريسي,1,,انتيروباكتريسي,False,indicator_only,date_parsed_from_text,18,True
Data 2025.xlsx,6354,2025-07-14,2025-07,2025-W29,3,0,sw-3329-r01,sw-3329-R01,مسحة قطاعة مرتديلا,(Swabs) المسحات,Swabs,(Swabs) المسحات,swab,اسواق السلطان,اسواق السلطان,,اسواق السلطان,الروضة,بلدية,بلدية الروضة,True,False,لا يوجد,,0,,,False,none,date_parsed_from_text,18,True
Data 2025.xlsx,6355,2025-07-14,2025-07,2025-W29,3,0,sw-3330-r01,sw-3330-R01,مسحة حافظة حلاوة طحينة,(Swabs) المسحات,Swabs,(Swabs) المسحات,swab,اسواق السلطان,اسواق السلطان,,اسواق السلطان,الروضة,بلدية,بلدية الروضة,True,False,لا يوجد,,0,,,False,none,date_parsed_from_text,18,True
Data 2025.xlsx,6356,2025-07-14,2025-07,2025-W29,3,0,sw-3331-r01,sw-3331-R01,مسحة ثلاجة الزيتون,(Swabs) المسحات,Swabs,(Swabs) المسحات,swab,اسواق السلطان,اسواق السلطان,,اسواق السلطان,الروضة,بلدية,بلدية الروضة,True,False,لا يوجد,,0,,,False,none,date_parsed_from_text,18,True
Data 2025.xlsx,6362,2025-07-14,2025-07,2025-W29,3,0,ubot-1038-r01,Ubot-1038-R01,مياه حنفية لغسيل الادوات,المياه الغير معبأة (Unbottled water),Unbottled water,المياه الغير معبأة (Unbottled water),water,مؤسسة وسم وعطاء للحوم الطازجة,مؤسسة وسم وعطاء للحوم الطازجة,,مؤسسة وسم وعطاء للحوم الطازجة,الروضة,بلدية,بلدية الروضة,True,False,لا يوجد,,0,,,False,none,date_parsed_from_text,0,False
Data 2025.xlsx,6377,2025-07-15,2025-07,2025-W29,3,1,1-3229-R01,1-3229-R01,هلابينو,(jalapeno) هلابينو,jalapeno,(jalapeno) هلابينو,produce,اسواق ثمرة قوت,اسواق ثمرة قوت,,اسواق ثمرة قوت,الروضة,بلدية,بلدية الروضة,True,False,لا يوجد,,0,,,False,none,date_parsed_from_text,0,False
Data 2025.xlsx,6393,2025-07-15,2025-07,2025-W29,3,1,1-3230-R01,1-3230-R01,مربى فراولة,(jam) مربى,jam,(jam) مربى,sauce_condiment,اسواق ثمرة قوت,اسواق ثمرة قوت,,اسواق ثمرة قوت,الروضة,بلدية,بلدية الروضة,True,False,لا يوجد,,0,,,False,none,date_parsed_from_text,7,True
Data 2025.xlsx,6398,2025-07-15,2025-07,2025-W29,3,1,1-3234-R01,1-3234-R01,كروسان بالتمر,كروسان (croissant),croissant,كروسان (croissant),sweets_bakery,اسواق ثمرة قوت,اسواق ثمرة قوت,,اسواق ثمرة قوت,الروضة,بلدية,بلدية الروضة,True,False,لا يوجد,,0,,,False,none,date_parsed_from_text,7,True
Data 2025.xlsx,6401,2025-07-15,2025-07,2025-W29,3,1,1-3235-R01,1-3235-R01,بسكوت بالتمر,البسكويت (Biscuits),Biscuits,(Biscuits) بسكوت,sweets_bakery,اسواق ثمرة قوت,اسواق ثمرة قوت,,اسواق ثمرة قوت,الروضة,بلدية,بلدية الروضة,True,False,لا يوجد,,0,,,False,none,category_merged_to_canonical|date_parsed_from_text,7,True
Data 2025.xlsx,6410,2025-07-15,2025-07,2025-W29,3,1,1-3236-R01,1-3236-R01,خبز بالتمر,كروسان (croissant),croissant,كروسان (croissant),sweets_bakery,اسواق ثمرة قوت,اسواق ثمرة قوت,,اسواق ثمرة قوت,الروضة,بلدية,بلدية الروضة,True,False,لا يوجد,,0,,,False,none,date_parsed_from_text,7,True
Data 2025.xlsx,6411,2025-07-15,2025-07,2025-W29,3,1,1-3237-R01,1-3237-R01,كروسان جبن ابيض,كروسان (croissant),croissant,كروسان (croissant),sweets_bakery,اسواق ثمرة قوت,اسواق ثمرة قوت,,اسواق ثمرة قوت,الروضة,بلدية,بلدية الروضة,True,False,لا يوجد,,0,,,False,none,date_parsed_from_text,7,True
Data 2025.xlsx,6417,2025-07-15,2025-07,2025-W29,3,1,O-U-gu-0035-R01,O-U-gu-0035-R01,قطع جوافة مثلجة,صوص (sauce),sauce,صوص (sauce),sauce_condiment,عصائر نجم الفاكهة,عصائر نجم الفاكهة,,عصائر نجم الفاكهة,الروضة,بلدية,بلدية الروضة,True,False,لا يوجد,,0,,,False,none,date_parsed_from_text,0,False
Data 2025.xlsx,6414,2025-07-15,2025-07,2025-W29,3,1,O-U-po-0211-R01,O-U-po-0211-R01,رمان حب,(Swabs) المسحات,Swabs,(Swabs) المسحات,swab,عصائر نجم الفاكهة,عصائر نجم الفاكهة,,عصائر نجم الفاكهة,الروضة,بلدية,بلدية الروضة,True,False,لا يوجد,,0,,,False,none,date_parsed_from_text,0,False
Data 2025.xlsx,6420,2025-07-15,2025-07,2025-W29,3,1,OO-wm-0038-R01,OO-wm-0038-R01,قطع جح,البطيخ (watermelons),watermelons,البطيخ (watermelons),water,عصائر نجم الفاكهة,عصائر نجم الفاكهة,,عصائر نجم الفاكهة,الروضة,بلدية,بلدية الروضة,True,False,لا يوجد,,0,,,False,none,date_parsed_from_text,0,False
Data 2025.xlsx,6415,2025-07-15,2025-07,2025-W29,3,1,UO-st-0067-R01,UO-st-0067-R01,فراولة مثلجة,(Swabs) المسحات,Swabs,(Swabs) المسحات,swab,عصائر نجم الفاكهة,عصائر نجم الفاكهة,,عصائر نجم الفاكهة,الروضة,بلدية,بلدية الروضة,True,False,لا يوجد,,0,,,False,none,date_parsed_from_text,0,False
Data 2025.xlsx,6402,2025-07-15,2025-07,2025-W29,3,1,bakgoo-0473-r01,bakgoo-0473-R01,غربية لوز,(baked goods) المخبوزات,baked goods,(baked goods) المخبوزات,sweets_bakery,اسواق ثمرة قوت,اسواق ثمرة قوت,,اسواق ثمرة قوت,الروضة,بلدية,بلدية الروضة,True,False,لا يوجد,,0,,,False,none,date_parsed_from_text,7,True
Data 2025.xlsx,6407,2025-07-15,2025-07,2025-W29,3,1,bakgoo-0474-r01,bakgoo-0474-R01,بيتفور مشكل,(baked goods) المخبوزات,baked goods,(baked goods) المخبوزات,sweets_bakery,اسواق ثمرة قوت,اسواق ثمرة قوت,,اسواق ثمرة قوت,الروضة,بلدية,بلدية الروضة,True,False,لا يوجد,,0,,,False,none,date_parsed_from_text,7,True
Data 2025.xlsx,6408,2025-07-15,2025-07,2025-W29,3,1,bakgoo-0475-r01,bakgoo-0475-R01,فطيرة جبن مالح,(baked goods) المخبوزات,baked goods,(baked goods) المخبوزات,sweets_bakery,اسواق ثمرة قوت,اسواق ثمرة قوت,,اسواق ثمرة قوت,الروضة,بلدية,بلدية الروضة,True,False,لا يوجد,,0,,,False,none,date_parsed_from_text,7,True
Data 2025.xlsx,6403,2025-07-15,2025-07,2025-W29,3,1,bi-0014-r01,BI-0014-R01,برازق (مخبوزات),البسكويت (Biscuits),Biscuits,البسكويت (Biscuits),sweets_bakery,اسواق ثمرة قوت,اسواق ثمرة قوت,,اسواق ثمرة قوت,الروضة,بلدية,بلدية الروضة,True,False,لا يوجد,,0,,,False,none,date_parsed_from_text,7,True
Data 2025.xlsx,6406,2025-07-15,2025-07,2025-W29,3,1,bi-0015-r01,BI-0015-R01,كعك مصري,البسكويت (Biscuits),Biscuits,البسكويت (Biscuits),sweets_bakery,اسواق ثمرة قوت,اسواق ثمرة قوت,,اسواق ثمرة قوت,الروضة,بلدية,بلدية الروضة,True,False,لا يوجد,,0,,,False,none,date_parsed_from_text,7,True
Data 2025.xlsx,6413,2025-07-15,2025-07,2025-W29,3,1,bi-0016-r01,BI-0016-R01,مسحة حافظة الشابورة,البسكويت (Biscuits),Biscuits,البسكويت (Biscuits),sweets_bakery,اسواق ثمرة قوت,اسواق ثمرة قوت,,اسواق ثمرة قوت,الروضة,بلدية,بلدية الروضة,True,False,لا يوجد,,0,,,False,none,date_parsed_from_text,7,True
Data 2025.xlsx,6409,2025-07-15,2025-07,2025-W29,3,1,br-0102-r01,Br-0102-R01,فطيرة جبن سائل,الخبـز (Bread),Bread,الخبـز (Bread),sweets_bakery,اسواق ثمرة قوت,اسواق ثمرة قوت,,اسواق ثمرة قوت,الروضة,بلدية,بلدية الروضة,True,False,لا يوجد,,0,,,False,none,date_parsed_from_text,7,True
Data 2025.xlsx,6381,2025-07-15,2025-07,2025-W29,3,1,bri-0328-r01,bri-0328-R01,لبنة زعتر,لبنة ( brick),brick,لبنة ( brick),dairy,اسواق ثمرة قوت,اسواق ثمرة قوت,,اسواق ثمرة قوت,الروضة,بلدية,بلدية الروضة,False,True,الخمائر والاعفان,الخمائر والاعفان,1,,الخمائر والاعفان,False,indicator_only,date_parsed_from_text,2,True
Data 2025.xlsx,6382,2025-07-15,2025-07,2025-W29,3,1,bri-0329-r01,bri-0329-R01,لبنة مكدوس,لبنة ( brick),brick,لبنة ( brick),dairy,اسواق ثمرة قوت,اسواق ثمرة قوت,,اسواق ثمرة قوت,الروضة,بلدية,بلدية الروضة,True,False,لا يوجد,,0,,,False,none,date_parsed_from_text,2,True
Data 2025.xlsx,6383,2025-07-15,2025-07,2025-W29,3,1,bri-0330-r01,bri-0330-R01,لبنة مشاوي,لبنة ( brick),brick,لبنة ( brick),dairy,اسواق ثمرة قوت,اسواق ثمرة قوت,,اسواق ثمرة قوت,الروضة,بلدية,بلدية الروضة,True,False,لا يوجد,,0,,,False,none,date_parsed_from_text,2,True
Data 2025.xlsx,6384,2025-07-15,2025-07,2025-W29,3,1,bri-0331-r01,bri-0331-R01,لبنة بيتزا,لبنة ( brick),brick,لبنة ( brick),dairy,اسواق ثمرة قوت,اسواق ثمرة قوت,,اسواق ثمرة قوت,الروضة,بلدية,بلدية الروضة,False,True,الخمائر والاعفان,الخمائر والاعفان,1,,الخمائر والاعفان,False,indicator_only,date_parsed_from_text,3,True
Data 2025.xlsx,6385,2025-07-15,2025-07,2025-W29,3,1,bri-0332-r01,bri-0332-R01,لبنة شمندر,لبنة ( brick),brick,لبنة ( brick),dairy,اسواق ثمرة قوت,اسواق ثمرة قوت,,اسواق ثمرة قوت,الروضة,بلدية,بلدية الروضة,False,True,الخمائر والاعفان,الخمائر والاعفان,1,,الخمائر والاعفان,False,indicator_only,date_parsed_from_text,4,True
Data 2025.xlsx,6380,2025-07-15,2025-07,2025-W29,3,1,ch-0115-r01,ch-0115-R01,جبن شرائح شيدر,الاجبان (cheeses),cheeses,الاجبان (cheeses),dairy,اسواق ثمرة قوت,اسواق ثمرة قوت,,اسواق ثمرة قوت,الروضة,بلدية,بلدية الروضة,True,False,لا يوجد,,0,,,False,none,date_parsed_from_text,1,False
Data 2025.xlsx,6386,2025-07-15,2025-07,2025-W29,3,1,ch-0116-r01,ch-0116-R01,جبنة حارة,الاجبان (cheeses),cheeses,الاجبان (cheeses),dairy,اسواق ثمرة قوت,اسواق ثمرة قوت,,اسواق ثمرة قوت,الروضة,بلدية,بلدية الروضة,True,False,لا يوجد,,0,,,False,none,date_parsed_from_text,4,True
Data 2025.xlsx,6405,2025-07-15,2025-07,2025-W29,3,1,ck-0134-r01,ck-0134-R01,كوكيز شوكولاتة,كيك (cake),cake,كيك (cake),sweets_bakery,اسواق ثمرة قوت,اسواق ثمرة قوت,,اسواق ثمرة قوت,الروضة,بلدية,بلدية الروضة,True,False,لا يوجد,,0,,,False,none,date_parsed_from_text,7,True
Data 2025.xlsx,6392,2025-07-15,2025-07,2025-W29,3,1,flswe-0071-r01,FlSwe-0071-R01,حلاوة طحينة,حلاوة طحينة( Flour Sweetness),Flour Sweetness,حلاوة طحينة( Flour Sweetness),sauce_condiment,اسواق ثمرة قوت,اسواق ثمرة قوت,,اسواق ثمرة قوت,الروضة,بلدية,بلدية الروضة,True,False,لا يوجد,,0,,,False,none,date_parsed_from_text,7,True
Data 2025.xlsx,6397,2025-07-15,2025-07,2025-W29,3,1,gr-0186-r01,gr-0186-R01,ورق عنب,ورق عنب (Grape leaves),Grape leaves,ورق عنب (Grape leaves),produce,اسواق ثمرة قوت,اسواق ثمرة قوت,,اسواق ثمرة قوت,الروضة,بلدية,بلدية الروضة,True,False,لا يوجد,,0,,,False,none,date_parsed_from_text,7,True
Data 2025.xlsx,6391,2025-07-15,2025-07,2025-W29,3,1,hs-0329-r01,HS-0329-R01,شطة شامية,الشطة (Hot sauce),Hot sauce,الشطة (Hot sauce),sauce_condiment,اسواق ثمرة قوت,اسواق ثمرة قوت,,اسواق ثمرة قوت,الروضة,بلدية,بلدية الروضة,True,False,لا يوجد,,0,,,False,none,date_parsed_from_text,7,True
Data 2025.xlsx,6418,2025-07-15,2025-07,2025-W29,3,1,icecrea-0148-r01,icecrea-0148-R01,ايس كريم فانيلا,صوص (sauce),sauce,صوص (sauce),sauce_condiment,عصائر نجم الفاكهة,عصائر نجم الفاكهة,,عصائر نجم الفاكهة,الروضة,بلدية,بلدية الروضة,True,False,لا يوجد,,0,,,False,none,date_parsed_from_text,0,False
Data 2025.xlsx,6419,2025-07-15,2025-07,2025-W29,3,1,jui-0470-r01,jui-0470-R01,عصير افوكادو مع مانجا,العصائر الطازجة Un-pasteurized juices (fresh),fresh,العصائر الطازجة Un-pasteurized juices (fresh),beverage,عصائر نجم الفاكهة,عصائر نجم الفاكهة,,عصائر نجم الفاكهة,الروضة,بلدية,بلدية الروضة,True,False,لا يوجد,,0,,,False,none,date_parsed_from_text,0,False
Data 2025.xlsx,6421,2025-07-15,2025-07,2025-W29,3,1,jui-0471-r01,jui-0471-R01,عصير رمان,العصائر الطازجة Un-pasteurized juices (fresh),fresh,العصائر الطازجة Un-pasteurized juices (fresh),beverage,عصائر نجم الفاكهة,عصائر نجم الفاكهة,,عصائر نجم الفاكهة,الروضة,بلدية,بلدية الروضة,True,False,لا يوجد,,0,,,False,none,date_parsed_from_text,0,False
Data 2025.xlsx,6399,2025-07-15,2025-07,2025-W29,3,1,maam-0025-r01,maam-0025-R01,معمول بالمكسرات و التمر,معمول (maamoul),maamoul,معمول (maamoul),sweets_bakery,اسواق ثمرة قوت,اسواق ثمرة قوت,,اسواق ثمرة قوت,الروضة,بلدية,بلدية الروضة,True,False,لا يوجد,,0,,,False,none,date_parsed_from_text,7,True
Data 2025.xlsx,6400,2025-07-15,2025-07,2025-W29,3,1,maam-0026-r01,maam-0026-R01,معمول بالسمسم و التمر,معمول (maamoul),maamoul,معمول (maamoul),sweets_bakery,اسواق ثمرة قوت,اسواق ثمرة قوت,,اسواق ثمرة قوت,الروضة,بلدية,بلدية الروضة,True,False,لا يوجد,,0,,,False,none,date_parsed_from_text,7,True
Data 2025.xlsx,6416,2025-07-15,2025-07,2025-W29,3,1,mango-0050-r01,Mango-0050-R01,قطع مانجا مثلجة,صوص (sauce),sauce,صوص (sauce),sauce_condiment,عصائر نجم الفاكهة,عصائر نجم الفاكهة,,عصائر نجم الفاكهة,الروضة,بلدية,بلدية الروضة,True,False,لا يوجد,,0,,,False,none,date_parsed_from_text,0,False
Data 2025.xlsx,6365,2025-07-15,2025-07,2025-W29,3,1,olv-0513-r01,olv-0513-R01,زيتون اخضر محشي جزر,الزيتون /Olive,Olive,الزيتون /Olive,produce,اسواق ثمرة قوت,اسواق ثمرة قوت,,اسواق ثمرة قوت,الروضة,بلدية,بلدية الروضة,True,False,لا يوجد,,0,,,False,none,date_parsed_from_text,0,False
Data 2025.xlsx,6366,2025-07-15,2025-07,2025-W29,3,1,olv-0514-r01,olv-0514-R01,زيتون اخضر اردني,الزيتون /Olive,Olive,الزيتون /Olive,produce,اسواق ثمرة قوت,اسواق ثمرة قوت,,اسواق ثمرة قوت,الروضة,بلدية,بلدية الروضة,True,False,لا يوجد,,0,,,False,none,date_parsed_from_text,0,False
Data 2025.xlsx,6367,2025-07-15,2025-07,2025-W29,3,1,olv-0515-r01,olv-0515-R01,زيتون اسود بدون نوة,الزيتون /Olive,Olive,الزيتون /Olive,produce,اسواق ثمرة قوت,اسواق ثمرة قوت,,اسواق ثمرة قوت,الروضة,بلدية,بلدية الروضة,True,False,لا يوجد,,0,,,False,none,date_parsed_from_text,0,False
Data 2025.xlsx,6368,2025-07-15,2025-07,2025-W29,3,1,olv-0516-r01,olv-0516-R01,زيتون مشكل,الزيتون /Olive,Olive,الزيتون /Olive,produce,اسواق ثمرة قوت,اسواق ثمرة قوت,,اسواق ثمرة قوت,الروضة,بلدية,بلدية الروضة,True,False,لا يوجد,,0,,,False,none,date_parsed_from_text,0,False
Data 2025.xlsx,6369,2025-07-15,2025-07,2025-W29,3,1,olv-0517-r01,olv-0517-R01,زيتون عين الجمل,الزيتون /Olive,Olive,الزيتون /Olive,produce,اسواق ثمرة قوت,اسواق ثمرة قوت,,اسواق ثمرة قوت,الروضة,بلدية,بلدية الروضة,True,False,لا يوجد,,0,,,False,none,date_parsed_from_text,0,False
Data 2025.xlsx,6370,2025-07-15,2025-07,2025-W29,3,1,olv-0518-r01,olv-0518-R01,زيتون كالاماتا,الزيتون /Olive,Olive,الزيتون /Olive,produce,اسواق ثمرة قوت,اسواق ثمرة قوت,,اسواق ثمرة قوت,الروضة,بلدية,بلدية الروضة,True,False,لا يوجد,,0,,,False,none,date_parsed_from_text,0,False
Data 2025.xlsx,6371,2025-07-15,2025-07,2025-W29,3,1,olv-0519-r01,olv-0519-R01,زيتون مشوي,الزيتون /Olive,Olive,الزيتون /Olive,produce,اسواق ثمرة قوت,اسواق ثمرة قوت,,اسواق ثمرة قوت,الروضة,بلدية,بلدية الروضة,True,False,لا يوجد,,0,,,False,none,date_parsed_from_text,0,False
Data 2025.xlsx,6372,2025-07-15,2025-07,2025-W29,3,1,olv-0520-r01,olv-0520-R01,زيتون اسود شرائح,الزيتون /Olive,Olive,الزيتون /Olive,produce,اسواق ثمرة قوت,اسواق ثمرة قوت,,اسواق ثمرة قوت,الروضة,بلدية,بلدية الروضة,True,False,لا يوجد,,0,,,False,none,date_parsed_from_text,0,False
Data 2025.xlsx,6373,2025-07-15,2025-07,2025-W29,3,1,pick-0465-r01,Pick-0465-R01,مشكل طرشي,المخلل (Pickle),Pickle,المخلل (Pickle),sauce_condiment,اسواق ثمرة قوت,اسواق ثمرة قوت,,اسواق ثمرة قوت,الروضة,بلدية,بلدية الروضة,True,False,لا يوجد,,0,,,False,none,date_parsed_from_text,0,False
Data 2025.xlsx,6374,2025-07-15,2025-07,2025-W29,3,1,pick-0466-r01,Pick-0466-R01,مخلل خيار صغير,المخلل (Pickle),Pickle,المخلل (Pickle),sauce_condiment,اسواق ثمرة قوت,اسواق ثمرة قوت,,اسواق ثمرة قوت,الروضة,بلدية,بلدية الروضة,True,False,لا يوجد,,0,,,False,none,date_parsed_from_text,0,False
Data 2025.xlsx,6375,2025-07-15,2025-07,2025-W29,3,1,pick-0467-r01,Pick-0467-R01,مخلل ليمون,المخلل (Pickle),Pickle,المخلل (Pickle),sauce_condiment,اسواق ثمرة قوت,اسواق ثمرة قوت,,اسواق ثمرة قوت,الروضة,بلدية,بلدية الروضة,True,False,لا يوجد,,0,,,False,none,date_parsed_from_text,0,False
Data 2025.xlsx,6376,2025-07-15,2025-07,2025-W29,3,1,pick-0468-r01,Pick-0468-R01,طرشي حار,المخلل (Pickle),Pickle,المخلل (Pickle),sauce_condiment,اسواق ثمرة قوت,اسواق ثمرة قوت,,اسواق ثمرة قوت,الروضة,بلدية,بلدية الروضة,True,False,لا يوجد,,0,,,False,none,date_parsed_from_text,0,False
Data 2025.xlsx,6378,2025-07-15,2025-07,2025-W29,3,1,pick-0469-r01,Pick-0469-R01,مكدوس,المخلل (Pickle),Pickle,المخلل (Pickle),sauce_condiment,اسواق ثمرة قوت,اسواق ثمرة قوت,,اسواق ثمرة قوت,الروضة,بلدية,بلدية الروضة,False,True,خمائر,الخمائر والاعفان,1,,الخمائر والاعفان,False,indicator_only,date_parsed_from_text,1,False
Data 2025.xlsx,6363,2025-07-15,2025-07,2025-W29,3,1,raw-0357-r01,"Raw-0357-R01
",لحم رجل نعيمي بلدي,لحوم نيئة مبردة ومجمدة (Raw meat Cold or chilled ),Raw meat Cold or chilled,لحوم نيئة مبردة ومجمدة (Raw meat Cold or chilled ),raw_meat,مؤسسة فيظه ضاري بن فنخير الظفيري للحوم الطازجة,مؤسسة فيظه ضاري بن فنخير الظفيري للحوم الطازجة,,مؤسسة فيظه ضاري بن فنخير الظفيري للحوم الطازجة,الروضة,بلدية,بلدية الروضة,True,False,لا يوجد,,0,,,False,none,date_parsed_from_text,0,False
Data 2025.xlsx,6364,2025-07-15,2025-07,2025-W29,3,1,raw-0358-r01,"Raw-0358-R01
",لحم فخذ حاشي بلدي,لحوم نيئة مبردة ومجمدة (Raw meat Cold or chilled ),Raw meat Cold or chilled,لحوم نيئة مبردة ومجمدة (Raw meat Cold or chilled ),raw_meat,مؤسسة فيظه ضاري بن فنخير الظفيري للحوم الطازجة,مؤسسة فيظه ضاري بن فنخير الظفيري للحوم الطازجة,,مؤسسة فيظه ضاري بن فنخير الظفيري للحوم الطازجة,الروضة,بلدية,بلدية الروضة,True,False,لا يوجد,,0,,,False,none,date_parsed_from_text,0,False
Data 2025.xlsx,6379,2025-07-15,2025-07,2025-W29,3,1,sal-1459-r01,Sal-1459-R01,سلطة مكدوس,السلطة(Salad),Salad,السلطة(Salad),produce,اسواق ثمرة قوت,اسواق ثمرة قوت,,اسواق ثمرة قوت,الروضة,بلدية,بلدية الروضة,True,False,لا يوجد,,0,,,False,none,date_parsed_from_text,1,False
Data 2025.xlsx,6387,2025-07-15,2025-07,2025-W29,3,1,sal-1460-r01,Sal-1460-R01,سلطة جبن فيتا حارة,السلطة(Salad),Salad,السلطة(Salad),produce,اسواق ثمرة قوت,اسواق ثمرة قوت,,اسواق ثمرة قوت,الروضة,بلدية,بلدية الروضة,False,True,انتيروباكتريسي,انتيروباكتريسي,1,,انتيروباكتريسي,False,indicator_only,date_parsed_from_text,5,True
Data 2025.xlsx,6388,2025-07-15,2025-07,2025-W29,3,1,sal-1461-r01,Sal-1461-R01,سلطة جبن فيتا زعتر,السلطة(Salad),Salad,السلطة(Salad),produce,اسواق ثمرة قوت,اسواق ثمرة قوت,,اسواق ثمرة قوت,الروضة,بلدية,بلدية الروضة,False,True,استافيلوكوكس اورياس,استافيلوكوكس اورياس,1,استافيلوكوكس اورياس,,True,pathogen,date_parsed_from_text,6,True
Data 2025.xlsx,6389,2025-07-15,2025-07,2025-W29,3,1,sal-1462-r01,Sal-1462-R01,سلطة جبن فيتا حبة البركة,السلطة(Salad),Salad,السلطة(Salad),produce,اسواق ثمرة قوت,اسواق ثمرة قوت,,اسواق ثمرة قوت,الروضة,بلدية,بلدية الروضة,False,True,انتيروباكتريسي,انتيروباكتريسي,1,,انتيروباكتريسي,False,indicator_only,date_parsed_from_text,7,True
Data 2025.xlsx,6390,2025-07-15,2025-07,2025-W29,3,1,sal-1463-r01,Sal-1463-R01,سلطة جبن فيتا مكدوس,السلطة(Salad),Salad,السلطة(Salad),produce,اسواق ثمرة قوت,اسواق ثمرة قوت,,اسواق ثمرة قوت,الروضة,بلدية,بلدية الروضة,True,False,لا يوجد,,0,,,False,none,date_parsed_from_text,7,True
Data 2025.xlsx,6422,2025-07-15,2025-07,2025-W29,3,1,sau-1996-r01,sau-1996-R01,صوص لوتس,(ice cream) ايسكريم,ice cream,(ice cream) ايسكريم,dairy,عصائر نجم الفاكهة,عصائر نجم الفاكهة,,عصائر نجم الفاكهة,الروضة,بلدية,بلدية الروضة,True,False,لا يوجد,,0,,,False,none,date_parsed_from_text,0,False
Data 2025.xlsx,6423,2025-07-15,2025-07,2025-W29,3,1,sau-1997-r01,sau-1997-R01,صوص بستاشو,الجوافة (Guava),Guava,الجوافة (Guava),other,عصائر نجم الفاكهة,عصائر نجم الفاكهة,,عصائر نجم الفاكهة,الروضة,بلدية,بلدية الروضة,True,False,لا يوجد,,0,,,False,none,date_parsed_from_text|sample_type_unbucketed,0,False
Data 2025.xlsx,6424,2025-07-15,2025-07,2025-W29,3,1,sau-1998-r01,sau-1998-R01,صوص كيندر,المانجو (Mango),Mango,المانجو (Mango),produce,عصائر نجم الفاكهة,عصائر نجم الفاكهة,,عصائر نجم الفاكهة,الروضة,بلدية,بلدية الروضة,True,False,لا يوجد,,0,,,False,none,date_parsed_from_text,0,False
Data 2025.xlsx,6394,2025-07-15,2025-07,2025-W29,3,1,sw-3332-r01,sw-3332-R01,مسحة ثلاجة الاجبان,(Swabs) المسحات,Swabs,(Swabs) المسحات,swab,اسواق ثمرة قوت,اسواق ثمرة قوت,,اسواق ثمرة قوت,الروضة,بلدية,بلدية الروضة,True,False,لا يوجد,,0,,,False,none,date_parsed_from_text,7,True
Data 2025.xlsx,6395,2025-07-15,2025-07,2025-W29,3,1,sw-3333-r01,sw-3333-R01,مسحة ثلاجة الزيتون,(Swabs) المسحات,Swabs,(Swabs) المسحات,swab,اسواق ثمرة قوت,اسواق ثمرة قوت,,اسواق ثمرة قوت,الروضة,بلدية,بلدية الروضة,True,False,لا يوجد,,0,,,False,none,date_parsed_from_text,7,True
Data 2025.xlsx,6396,2025-07-15,2025-07,2025-W29,3,1,sw-3334-r01,sw-3334-R01,مسحة ثلاجة حفظ النواشف,(Swabs) المسحات,Swabs,(Swabs) المسحات,swab,اسواق ثمرة قوت,اسواق ثمرة قوت,,اسواق ثمرة قوت,الروضة,بلدية,بلدية الروضة,True,False,لا يوجد,,0,,,False,none,date_parsed_from_text,7,True
Data 2025.xlsx,6412,2025-07-15,2025-07,2025-W29,3,1,sw-3336-r01,sw-3336-R01,كرواسان زعتر,(Swabs) المسحات,Swabs,(Swabs) المسحات,swab,اسواق ثمرة قوت,اسواق ثمرة قوت,,اسواق ثمرة قوت,الروضة,بلدية,بلدية الروضة,True,False,لا يوجد,,0,,,False,none,date_parsed_from_text,7,True
Data 2025.xlsx,6425,2025-07-15,2025-07,2025-W29,3,1,sw-3337-r01,sw-3337-R01,مسحة طاولة تقطيع بن كيك,الفراولة (strawberries),strawberries,الفراولة (strawberries),raw_meat,عصائر نجم الفاكهة,عصائر نجم الفاكهة,,عصائر نجم الفاكهة,الروضة,بلدية,بلدية الروضة,True,False,لا يوجد,,0,,,False,none,date_parsed_from_text,0,False
Data 2025.xlsx,6426,2025-07-15,2025-07,2025-W29,3,1,sw-3338-r01,sw-3338-R01,مسحة طاولة تقطيع فواكه,الرمان (pomegranate),pomegranate,الرمان (pomegranate),produce,عصائر نجم الفاكهة,عصائر نجم الفاكهة,,عصائر نجم الفاكهة,الروضة,بلدية,بلدية الروضة,True,False,لا يوجد,,0,,,False,none,date_parsed_from_text,0,False
Data 2025.xlsx,6404,2025-07-15,2025-07,2025-W29,3,1,sweet-1276-r01,sweet-1276-R01,بسكوت فانيلا,الحلا(sweetness),sweetness,الحلا(sweetness),sweets_bakery,اسواق ثمرة قوت,اسواق ثمرة قوت,,اسواق ثمرة قوت,الروضة,بلدية,بلدية الروضة,True,False,لا يوجد,,0,,,False,none,date_parsed_from_text,7,True
Data 2025.xlsx,6427,2025-07-15,2025-07,2025-W29,3,1,ubot-1039-r01,"Ubot-1039-R01
",مياه حنفية لغسيل الادوات,المياه الغير معبأة (Unbottled water),Unbottled water,المياه الغير معبأة (Unbottled water),water,مؤسسة فيظه ضاري بن فنخير الظفيري للحوم الطازجة,مؤسسة فيظه ضاري بن فنخير الظفيري للحوم الطازجة,,مؤسسة فيظه ضاري بن فنخير الظفيري للحوم الطازجة,الروضة,بلدية,بلدية الروضة,True,False,لا يوجد,,0,,,False,none,date_parsed_from_text,0,False
Data 2025.xlsx,6428,2025-07-15,2025-07,2025-W29,3,1,ubot-1040-r01,Ubot-1040-R01,مياه فلتر للعجانة م-ك,المياه الغير معبأة (Unbottled water),Unbottled water,المياه الغير معبأة (Unbottled water),water,اسواق ثمرة قوت,اسواق ثمرة قوت,,اسواق ثمرة قوت,الروضة,بلدية,بلدية الروضة,True,False,لا يوجد,,0,,,False,none,date_parsed_from_text,7,True
Data 2025.xlsx,6429,2025-07-16,2025-07,2025-W29,3,2,raw-0371-r02,"Raw-0371-R02
",لحم فخذ حاشي بلدي,لحوم نيئة مبردة ومجمدة (Raw meat Cold or chilled ),Raw meat Cold or chilled,لحوم نيئة مبردة ومجمدة (Raw meat Cold or chilled ),raw_meat,ملحمة خبير الحاشي للحوم الطازجة,ملحمة خبير الحاشي للحوم الطازجة,,ملحمة خبير الحاشي للحوم الطازجة,الروضة,بلدية,بلدية الروضة,False,True,السالمونيلا,السالمونيلا,1,السالمونيلا,,True,pathogen,date_parsed_from_text,1,False
Data 2025.xlsx,6430,2025-07-16,2025-07,2025-W29,3,2,raw-0372-r02,"Raw-0372-R02
",كبدة من نفس الحاشي,لحوم نيئة مبردة ومجمدة (Raw meat Cold or chilled ),Raw meat Cold or chilled,لحوم نيئة مبردة ومجمدة (Raw meat Cold or chilled ),raw_meat,ملحمة خبير الحاشي للحوم الطازجة,ملحمة خبير الحاشي للحوم الطازجة,,ملحمة خبير الحاشي للحوم الطازجة,الروضة,بلدية,بلدية الروضة,False,True,السالمونيلا,السالمونيلا,1,السالمونيلا,,True,pathogen,date_parsed_from_text,2,True
Data 2025.xlsx,6431,2025-07-16,2025-07,2025-W29,3,2,raw-0373-r02,"Raw-0373-R02
",لحم فخذ نعيمي بلدي,لحوم نيئة مبردة ومجمدة (Raw meat Cold or chilled ),Raw meat Cold or chilled,لحوم نيئة مبردة ومجمدة (Raw meat Cold or chilled ),raw_meat,ملحمة خبير الحاشي للحوم الطازجة,ملحمة خبير الحاشي للحوم الطازجة,,ملحمة خبير الحاشي للحوم الطازجة,الروضة,بلدية,بلدية الروضة,False,True,السالمونيلا,السالمونيلا,1,السالمونيلا,,True,pathogen,date_parsed_from_text,3,True
Data 2025.xlsx,6432,2025-07-16,2025-07,2025-W29,3,2,ubot-1041-r02,"Ubot-1041-R02
",مياه حنفية لغسيل الادوات,مياه فلتر للعجانة,,مياه فلتر للعجانة,water,ملحمة خبير الحاشي للحوم الطازجة,ملحمة خبير الحاشي للحوم الطازجة,,ملحمة خبير الحاشي للحوم الطازجة,الروضة,بلدية,بلدية الروضة,True,False,لا يوجد,,0,,,False,none,date_parsed_from_text,3,True
Data 2025.xlsx,6477,2025-07-19,2025-07,2025-W29,3,5,1-3241-R01,1-3241-R01,مشروب كركدية,(roselle)كركدية,roselle,(roselle)كركدية,beverage,مطعم كبسة وسليق - حي المونسية,مطعم كبسة وسليق,حي المونسية,مطعم كبسة وسليق - حي المونسية,الروضة,بلدية,بلدية الروضة,True,False,لا يوجد,,0,,,False,none,date_parsed_from_text,4,True
Data 2025.xlsx,6478,2025-07-19,2025-07,2025-W29,3,5,1-3242-R01,1-3242-R01,جريش,الجريش,,الجريش,sweets_bakery,مطعم كبسة وسليق - حي المونسية,مطعم كبسة وسليق,حي المونسية,مطعم كبسة وسليق - حي المونسية,الروضة,بلدية,بلدية الروضة,True,False,لا يوجد,,0,,,False,none,date_parsed_from_text,4,True
Data 2025.xlsx,6521,2025-07-19,2025-07,2025-W29,3,5,1-3243-R01,1-3243-R01,فطيرة جبن,(Pie) فطيرة,Pie,(Pie) فطيرة,sweets_bakery,اسواق ومخابز واحة الرياض - حي قرطبة,اسواق ومخابز واحة الرياض,حي قرطبة,اسواق ومخابز واحة الرياض - حي قرطبة,الروضة,بلدية,بلدية الروضة,True,False,لا يوجد,,0,,,False,none,date_parsed_from_text,15,True
Data 2025.xlsx,6522,2025-07-19,2025-07,2025-W29,3,5,1-3244-R01,1-3244-R01,فطيرة بيتزا,(Pie) فطيرة,Pie,(Pie) فطيرة,sweets_bakery,اسواق ومخابز واحة الرياض - حي قرطبة,اسواق ومخابز واحة الرياض,حي قرطبة,اسواق ومخابز واحة الرياض - حي قرطبة,الروضة,بلدية,بلدية الروضة,True,False,لا يوجد,,0,,,False,none,date_parsed_from_text,15,True
Data 2025.xlsx,6523,2025-07-19,2025-07,2025-W29,3,5,1-3245-R01,1-3245-R01,فطيرة لبنة,(Pie) فطيرة,Pie,(Pie) فطيرة,sweets_bakery,اسواق ومخابز واحة الرياض - حي قرطبة,اسواق ومخابز واحة الرياض,حي قرطبة,اسواق ومخابز واحة الرياض - حي قرطبة,الروضة,بلدية,بلدية الروضة,True,False,لا يوجد,,0,,,False,none,date_parsed_from_text,15,True
Data 2025.xlsx,6451,2025-07-19,2025-07,2025-W29,3,5,O-r-O3-le-0364-R01,O-r-O3-le-0364-R01,قطع خس,الخس (Lettuce),Lettuce,الخس (Lettuce),produce,مطاعم بيتي لتقديم الوجيات - حي المونسية,مطاعم بيتي لتقديم الوجيات,حي المونسية,مطاعم بيتي لتقديم الوجيات - حي المونسية,الروضة,بلدية,بلدية الروضة,False,True,ايشيريشيا كولاي | استافيلوكوكس اورياس,ايشيريشيا كولاي | استافيلوكوكس اورياس,2,ايشيريشيا كولاي | استافيلوكوكس اورياس,,True,multi_pathogen,date_parsed_from_text,3,True
Data 2025.xlsx,6456,2025-07-19,2025-07,2025-W29,3,5,OO-OSS-po-0416-R01,OO-OSS-po-0416-R01,بطاطس مقلي,البطاطس (potatoes),potatoes,البطاطس (potatoes),produce,مطاعم بيتي لتقديم الوجيات - حي المونسية,مطاعم بيتي لتقديم الوجيات,حي المونسية,مطاعم بيتي لتقديم الوجيات - حي المونسية,الروضة,بلدية,بلدية الروضة,True,False,لا يوجد,,0,,,False,none,date_parsed_from_text,6,True
Data 2025.xlsx,6489,2025-07-19,2025-07,2025-W29,3,5,OOSS-eg-0358-R01,OOSS-eg-0358-R01,مكدوس,الباذنجان (eggplant),eggplant,الباذنجان (eggplant),dairy,اسواق ومخابز واحة الرياض - حي قرطبة,اسواق ومخابز واحة الرياض,حي قرطبة,اسواق ومخابز واحة الرياض - حي قرطبة,الروضة,بلدية,بلدية الروضة,False,True,خمائر,الخمائر والاعفان,1,,الخمائر والاعفان,False,indicator_only,date_parsed_from_text,2,True
Data 2025.xlsx,6458,2025-07-19,2025-07,2025-W29,3,5,appe-0527-r01,Appe-0527-R01,حمص معلب,مقبلات (Appetizers),Appetizers,مقبلات (Appetizers),prepared_meal,مطاعم بيتي لتقديم الوجيات - حي المونسية,مطاعم بيتي لتقديم الوجيات,حي المونسية,مطاعم بيتي لتقديم الوجيات - حي المونسية,الروضة,بلدية,بلدية الروضة,False,True,العد الكلي للبكتيريا,العد الكلي للبكتيريا,1,,العد الكلي للبكتيريا,False,indicator_only,date_parsed_from_text,7,True
Data 2025.xlsx,6459,2025-07-19,2025-07,2025-W29,3,5,appe-0528-r01,Appe-0528-R01,تبولة,مقبلات (Appetizers),Appetizers,مقبلات (Appetizers),prepared_meal,مطاعم بيتي لتقديم الوجيات - حي المونسية,مطاعم بيتي لتقديم الوجيات,حي المونسية,مطاعم بيتي لتقديم الوجيات - حي المونسية,الروضة,بلدية,بلدية الروضة,False,True,ايشيريشيا كولاي | استافيلوكوكس اورياس,ايشيريشيا كولاي | استافيلوكوكس اورياس,2,ايشيريشيا كولاي | استافيلوكوكس اورياس,,True,multi_pathogen,date_parsed_from_text,8,True
Data 2025.xlsx,6460,2025-07-19,2025-07,2025-W29,3,5,appe-0529-r01,Appe-0529-R01,متبل,مقبلات (Appetizers),Appetizers,مقبلات (Appetizers),prepared_meal,مطاعم بيتي لتقديم الوجيات - حي المونسية,مطاعم بيتي لتقديم الوجيات,حي المونسية,مطاعم بيتي لتقديم الوجيات - حي المونسية,الروضة,بلدية,بلدية الروضة,False,True,العد الكلي للبكتيريا,العد الكلي للبكتيريا,1,,العد الكلي للبكتيريا,False,indicator_only,date_parsed_from_text,9,True
Data 2025.xlsx,6461,2025-07-19,2025-07,2025-W29,3,5,appe-0530-r01,Appe-0530-R01,حمص,مقبلات (Appetizers),Appetizers,مقبلات (Appetizers),prepared_meal,مطاعم بيتي لتقديم الوجيات - حي المونسية,مطاعم بيتي لتقديم الوجيات,حي المونسية,مطاعم بيتي لتقديم الوجيات - حي المونسية,الروضة,بلدية,بلدية الروضة,True,False,لا يوجد,,0,,,False,none,date_parsed_from_text,9,True
Data 2025.xlsx,6462,2025-07-19,2025-07,2025-W29,3,5,appe-0531-r01,Appe-0531-R01,بابا غنوج,مقبلات (Appetizers),Appetizers,مقبلات (Appetizers),prepared_meal,مطاعم بيتي لتقديم الوجيات - حي المونسية,مطاعم بيتي لتقديم الوجيات,حي المونسية,مطاعم بيتي لتقديم الوجيات - حي المونسية,الروضة,بلدية,بلدية الروضة,True,False,لا يوجد,,0,,,False,none,date_parsed_from_text,9,True
Data 2025.xlsx,6525,2025-07-19,2025-07,2025-W29,3,5,bot-0026-r02,"bot-0026-R02
",مياه حنفية لغسيل الادوات م-ك,المياه الغير معبأة (Unbottled water),Unbottled water,المياه الغير معبأة (Unbottled water),water,مؤسسة المنتج الشهي لتجارة,مؤسسة المنتج الشهي لتجارة,,مؤسسة المنتج الشهي لتجارة,الروضة,بلدية,بلدية الروضة,True,False,لا يوجد,,0,,,False,none,date_parsed_from_text,4,True
Data 2025.xlsx,6457,2025-07-19,2025-07,2025-W29,3,5,br-0103-r01,Br-0103-R01,خبز تركي,الخبـز (Bread),Bread,الخبـز (Bread),sweets_bakery,مطاعم بيتي لتقديم الوجيات - حي المونسية,مطاعم بيتي لتقديم الوجيات,حي المونسية,مطاعم بيتي لتقديم الوجيات - حي المونسية,الروضة,بلدية,بلدية الروضة,True,False,لا يوجد,,0,,,False,none,date_parsed_from_text,6,True
Data 2025.xlsx,6510,2025-07-19,2025-07,2025-W29,3,5,bri-0333-r01,bri-0333-R01,لبنة مكدوس,لبنة ( brick),brick,لبنة ( brick),dairy,اسواق ومخابز واحة الرياض - حي قرطبة,اسواق ومخابز واحة الرياض,حي قرطبة,اسواق ومخابز واحة الرياض - حي قرطبة,الروضة,بلدية,بلدية الروضة,False,True,الخمائر والاعفان,الخمائر والاعفان,1,,الخمائر والاعفان,False,indicator_only,date_parsed_from_text,12,True
Data 2025.xlsx,6511,2025-07-19,2025-07,2025-W29,3,5,bri-0334-r01,bri-0334-R01,لبنة مشوي,لبنة ( brick),brick,لبنة ( brick),dairy,اسواق ومخابز واحة الرياض - حي قرطبة,اسواق ومخابز واحة الرياض,حي قرطبة,اسواق ومخابز واحة الرياض - حي قرطبة,الروضة,بلدية,بلدية الروضة,False,True,الخمائر والاعفان,الخمائر والاعفان,1,,الخمائر والاعفان,False,indicator_only,date_parsed_from_text,13,True
Data 2025.xlsx,6512,2025-07-19,2025-07,2025-W29,3,5,bri-0335-r01,bri-0335-R01,لبنة بيتزا,لبنة ( brick),brick,لبنة ( brick),dairy,اسواق ومخابز واحة الرياض - حي قرطبة,اسواق ومخابز واحة الرياض,حي قرطبة,اسواق ومخابز واحة الرياض - حي قرطبة,الروضة,بلدية,بلدية الروضة,False,True,الخمائر والاعفان,الخمائر والاعفان,1,,الخمائر والاعفان,False,indicator_only,date_parsed_from_text,14,True
Data 2025.xlsx,6513,2025-07-19,2025-07,2025-W29,3,5,bri-0336-r01,bri-0336-R01,لبنة سادة,لبنة ( brick),brick,لبنة ( brick),dairy,اسواق ومخابز واحة الرياض - حي قرطبة,اسواق ومخابز واحة الرياض,حي قرطبة,اسواق ومخابز واحة الرياض - حي قرطبة,الروضة,بلدية,بلدية الروضة,True,False,لا يوجد,,0,,,False,none,date_parsed_from_text,14,True
Data 2025.xlsx,6514,2025-07-19,2025-07,2025-W29,3,5,bri-0337-r01,bri-0337-R01,لبنة زعتر,لبنة ( brick),brick,لبنة ( brick),dairy,اسواق ومخابز واحة الرياض - حي قرطبة,اسواق ومخابز واحة الرياض,حي قرطبة,اسواق ومخابز واحة الرياض - حي قرطبة,الروضة,بلدية,بلدية الروضة,True,False,لا يوجد,,0,,,False,none,date_parsed_from_text,14,True
Data 2025.xlsx,6500,2025-07-19,2025-07,2025-W29,3,5,chee-0780-r01,Chee-0780-R01,جبن ابيض مالح,(cheese) جبنة,cheese,(cheese) جبنة,dairy,اسواق ومخابز واحة الرياض - حي قرطبة,اسواق ومخابز واحة الرياض,حي قرطبة,اسواق ومخابز واحة الرياض - حي قرطبة,الروضة,بلدية,بلدية الروضة,True,False,لا يوجد,,0,,,False,none,date_parsed_from_text,6,True
Data 2025.xlsx,6501,2025-07-19,2025-07,2025-W29,3,5,chee-0781-r01,Chee-0781-R01,جبن قريش,(cheese) جبنة,cheese,(cheese) جبنة,dairy,اسواق ومخابز واحة الرياض - حي قرطبة,اسواق ومخابز واحة الرياض,حي قرطبة,اسواق ومخابز واحة الرياض - حي قرطبة,الروضة,بلدية,بلدية الروضة,True,False,لا يوجد,,0,,,False,none,date_parsed_from_text,6,True
Data 2025.xlsx,6509,2025-07-19,2025-07,2025-W29,3,5,chee-0782-r01,Chee-0782-R01,مش مصري,(cheese) جبنة,cheese,(cheese) جبنة,dairy,اسواق ومخابز واحة الرياض - حي قرطبة,اسواق ومخابز واحة الرياض,حي قرطبة,اسواق ومخابز واحة الرياض - حي قرطبة,الروضة,بلدية,بلدية الروضة,True,False,لا يوجد,,0,,,False,none,date_parsed_from_text,11,True
Data 2025.xlsx,6450,2025-07-19,2025-07,2025-W29,3,5,co-0555-r01,co-0555-R01,قطع دجاج شاورما,الدجاج المطبوخ (Cooked chicken),Cooked chicken,الدجاج المطبوخ (Cooked chicken),cooked_meat_poultry,مطاعم بيتي لتقديم الوجيات - حي المونسية,مطاعم بيتي لتقديم الوجيات,حي المونسية,مطاعم بيتي لتقديم الوجيات - حي المونسية,الروضة,بلدية,بلدية الروضة,True,False,لا يوجد,,0,,,False,none,date_parsed_from_text,2,True
Data 2025.xlsx,6515,2025-07-19,2025-07,2025-W29,3,5,flswe-0072-r01,FlSwe-0072-R01,حلاوة طحينة,حلاوة طحينة( Flour Sweetness),Flour Sweetness,حلاوة طحينة( Flour Sweetness),sauce_condiment,اسواق ومخابز واحة الرياض - حي قرطبة,اسواق ومخابز واحة الرياض,حي قرطبة,اسواق ومخابز واحة الرياض - حي قرطبة,الروضة,بلدية,بلدية الروضة,True,False,لا يوجد,,0,,,False,none,date_parsed_from_text,14,True
Data 2025.xlsx,6479,2025-07-19,2025-07,2025-W29,3,5,gcv-0242-r01,GCV-0242-R01,ملوخية,الخضار المشوية و المطبوخة,,الخضار المشوية و المطبوخة,cooked_meat_poultry,مطعم كبسة وسليق - حي المونسية,مطعم كبسة وسليق,حي المونسية,مطعم كبسة وسليق - حي المونسية,الروضة,بلدية,بلدية الروضة,False,True,العد الكلي للبكتيريا,العد الكلي للبكتيريا,1,,العد الكلي للبكتيريا,False,indicator_only,date_parsed_from_text,5,True
Data 2025.xlsx,6480,2025-07-19,2025-07,2025-W29,3,5,gcv-0243-r01,GCV-0243-R01,ايدام بامية,الخضار المشوية و المطبوخة,,الخضار المشوية و المطبوخة,cooked_meat_poultry,مطعم كبسة وسليق - حي المونسية,مطعم كبسة وسليق,حي المونسية,مطعم كبسة وسليق - حي المونسية,الروضة,بلدية,بلدية الروضة,True,False,لا يوجد,,0,,,False,none,date_parsed_from_text,5,True
Data 2025.xlsx,6481,2025-07-19,2025-07,2025-W29,3,5,gcv-0244-r01,GCV-0244-R01,مشكل فرن,الخضار المشوية و المطبوخة,,الخضار المشوية و المطبوخة,cooked_meat_poultry,مطعم كبسة وسليق - حي المونسية,مطعم كبسة وسليق,حي المونسية,مطعم كبسة وسليق - حي المونسية,الروضة,بلدية,بلدية الروضة,True,False,لا يوجد,,0,,,False,none,date_parsed_from_text,5,True
Data 2025.xlsx,6482,2025-07-19,2025-07,2025-W29,3,5,gcv-0245-r01,GCV-0245-R01,مصقع,الخضار المشوية و المطبوخة,,الخضار المشوية و المطبوخة,cooked_meat_poultry,مطعم كبسة وسليق - حي المونسية,مطعم كبسة وسليق,حي المونسية,مطعم كبسة وسليق - حي المونسية,الروضة,بلدية,بلدية الروضة,True,False,لا يوجد,,0,,,False,none,date_parsed_from_text,5,True
Data 2025.xlsx,6463,2025-07-19,2025-07,2025-W29,3,5,gr-0187-r01,gr-0187-R01,ورق عنب,ورق عنب (Grape leaves),Grape leaves,ورق عنب (Grape leaves),produce,مطاعم بيتي لتقديم الوجيات - حي المونسية,مطاعم بيتي لتقديم الوجيات,حي المونسية,مطاعم بيتي لتقديم الوجيات - حي المونسية,الروضة,بلدية,بلدية الروضة,True,False,لا يوجد,,0,,,False,none,date_parsed_from_text,9,True
Data 2025.xlsx,6475,2025-07-19,2025-07,2025-W29,3,5,hs-0330-r01,HS-0330-R01,شطة خضراء حارة,الشطة (Hot sauce),Hot sauce,الشطة (Hot sauce),sauce_condiment,مطعم كبسة وسليق - حي المونسية,مطعم كبسة وسليق,حي المونسية,مطعم كبسة وسليق - حي المونسية,الروضة,بلدية,بلدية الروضة,False,True,العد الكلي للبكتيريا,العد الكلي للبكتيريا,1,,العد الكلي للبكتيريا,False,indicator_only,date_parsed_from_text,3,True
Data 2025.xlsx,6476,2025-07-19,2025-07,2025-W29,3,5,hs-0331-r01,HS-0331-R01,شطة حمراء حار,الشطة (Hot sauce),Hot sauce,الشطة (Hot sauce),sauce_condiment,مطعم كبسة وسليق - حي المونسية,مطعم كبسة وسليق,حي المونسية,مطعم كبسة وسليق - حي المونسية,الروضة,بلدية,بلدية الروضة,False,True,العد الكلي للبكتيريا,العد الكلي للبكتيريا,1,,العد الكلي للبكتيريا,False,indicator_only,date_parsed_from_text,4,True
Data 2025.xlsx,6488,2025-07-19,2025-07,2025-W29,3,5,hs-0332-r01,HS-0332-R01,شطة حارة,الشطة (Hot sauce),Hot sauce,الشطة (Hot sauce),sauce_condiment,اسواق ومخابز واحة الرياض - حي قرطبة,اسواق ومخابز واحة الرياض,حي قرطبة,اسواق ومخابز واحة الرياض - حي قرطبة,الروضة,بلدية,بلدية الروضة,True,False,لا يوجد,,0,,,False,none,date_parsed_from_text,1,False
Data 2025.xlsx,6469,2025-07-19,2025-07,2025-W29,3,5,jui-0472-r01,jui-0472-R01,عصير كوكتيل,العصائر الطازجة Un-pasteurized juices (fresh),fresh,العصائر الطازجة Un-pasteurized juices (fresh),beverage,مطاعم بيتي لتقديم الوجيات - حي المونسية,مطاعم بيتي لتقديم الوجيات,حي المونسية,مطاعم بيتي لتقديم الوجيات - حي المونسية,الروضة,بلدية,بلدية الروضة,False,True,الخمائر والاعفان,الخمائر والاعفان,1,,الخمائر والاعفان,False,indicator_only,date_parsed_from_text,11,True
Data 2025.xlsx,6470,2025-07-19,2025-07,2025-W29,3,5,jui-0473-r01,jui-0473-R01,عصير رمان,العصائر الطازجة Un-pasteurized juices (fresh),fresh,العصائر الطازجة Un-pasteurized juices (fresh),beverage,مطاعم بيتي لتقديم الوجيات - حي المونسية,مطاعم بيتي لتقديم الوجيات,حي المونسية,مطاعم بيتي لتقديم الوجيات - حي المونسية,الروضة,بلدية,بلدية الروضة,False,True,الخمائر والاعفان,الخمائر والاعفان,1,,الخمائر والاعفان,False,indicator_only,date_parsed_from_text,12,True
Data 2025.xlsx,6490,2025-07-19,2025-07,2025-W29,3,5,olv-0521-r01,olv-0521-R01,زيتون عين الجمل,الزيتون /Olive,Olive,الزيتون /Olive,produce,اسواق ومخابز واحة الرياض - حي قرطبة,اسواق ومخابز واحة الرياض,حي قرطبة,اسواق ومخابز واحة الرياض - حي قرطبة,الروضة,بلدية,بلدية الروضة,False,True,خمائر,الخمائر والاعفان,1,,الخمائر والاعفان,False,indicator_only,date_parsed_from_text,3,True
Data 2025.xlsx,6491,2025-07-19,2025-07,2025-W29,3,5,olv-0522-r01,olv-0522-R01,زيتون كالاماتا,الزيتون /Olive,Olive,الزيتون /Olive,produce,اسواق ومخابز واحة الرياض - حي قرطبة,اسواق ومخابز واحة الرياض,حي قرطبة,اسواق ومخابز واحة الرياض - حي قرطبة,الروضة,بلدية,بلدية الروضة,True,False,لا يوجد,,0,,,False,none,date_parsed_from_text,3,True
Data 2025.xlsx,6492,2025-07-19,2025-07,2025-W29,3,5,olv-0523-r01,olv-0523-R01,زيتون مشكل,الزيتون /Olive,Olive,الزيتون /Olive,produce,اسواق ومخابز واحة الرياض - حي قرطبة,اسواق ومخابز واحة الرياض,حي قرطبة,اسواق ومخابز واحة الرياض - حي قرطبة,الروضة,بلدية,بلدية الروضة,False,True,خمائر,الخمائر والاعفان,1,,الخمائر والاعفان,False,indicator_only,date_parsed_from_text,4,True
Data 2025.xlsx,6493,2025-07-19,2025-07,2025-W29,3,5,olv-0524-r01,olv-0524-R01,زيتون اسود بدون نوة,الزيتون /Olive,Olive,الزيتون /Olive,produce,اسواق ومخابز واحة الرياض - حي قرطبة,اسواق ومخابز واحة الرياض,حي قرطبة,اسواق ومخابز واحة الرياض - حي قرطبة,الروضة,بلدية,بلدية الروضة,False,True,خمائر,الخمائر والاعفان,1,,الخمائر والاعفان,False,indicator_only,date_parsed_from_text,5,True
Data 2025.xlsx,6494,2025-07-19,2025-07,2025-W29,3,5,olv-0525-r01,olv-0525-R01,زيتون اسود,الزيتون /Olive,Olive,الزيتون /Olive,produce,اسواق ومخابز واحة الرياض - حي قرطبة,اسواق ومخابز واحة الرياض,حي قرطبة,اسواق ومخابز واحة الرياض - حي قرطبة,الروضة,بلدية,بلدية الروضة,False,True,خمائر,الخمائر والاعفان,1,,الخمائر والاعفان,False,indicator_only,date_parsed_from_text,6,True
Data 2025.xlsx,6495,2025-07-19,2025-07,2025-W29,3,5,olv-0526-r01,olv-0526-R01,زيتون مغربي,الزيتون /Olive,Olive,الزيتون /Olive,produce,اسواق ومخابز واحة الرياض - حي قرطبة,اسواق ومخابز واحة الرياض,حي قرطبة,اسواق ومخابز واحة الرياض - حي قرطبة,الروضة,بلدية,بلدية الروضة,True,False,لا يوجد,,0,,,False,none,date_parsed_from_text,6,True
Data 2025.xlsx,6496,2025-07-19,2025-07,2025-W29,3,5,olv-0527-r01,olv-0527-R01,زيتون اسباني بالليمون,الزيتون /Olive,Olive,الزيتون /Olive,produce,اسواق ومخابز واحة الرياض - حي قرطبة,اسواق ومخابز واحة الرياض,حي قرطبة,اسواق ومخابز واحة الرياض - حي قرطبة,الروضة,بلدية,بلدية الروضة,True,False,لا يوجد,,0,,,False,none,date_parsed_from_text,6,True
Data 2025.xlsx,6497,2025-07-19,2025-07,2025-W29,3,5,olv-0528-r01,olv-0528-R01,زيتون اخضر مشوي,الزيتون /Olive,Olive,الزيتون /Olive,produce,اسواق ومخابز واحة الرياض - حي قرطبة,اسواق ومخابز واحة الرياض,حي قرطبة,اسواق ومخابز واحة الرياض - حي قرطبة,الروضة,بلدية,بلدية الروضة,True,False,لا يوجد,,0,,,False,none,date_parsed_from_text,6,True
Data 2025.xlsx,6498,2025-07-19,2025-07,2025-W29,3,5,olv-0529-r01,olv-0529-R01,زيتون اخضر محشي جزر,الزيتون /Olive,Olive,الزيتون /Olive,produce,اسواق ومخابز واحة الرياض - حي قرطبة,اسواق ومخابز واحة الرياض,حي قرطبة,اسواق ومخابز واحة الرياض - حي قرطبة,الروضة,بلدية,بلدية الروضة,True,False,لا يوجد,,0,,,False,none,date_parsed_from_text,6,True
Data 2025.xlsx,6499,2025-07-19,2025-07,2025-W29,3,5,olv-0530-r01,olv-0530-R01,زيتون اخضر شرائح,الزيتون /Olive,Olive,الزيتون /Olive,produce,اسواق ومخابز واحة الرياض - حي قرطبة,اسواق ومخابز واحة الرياض,حي قرطبة,اسواق ومخابز واحة الرياض - حي قرطبة,الروضة,بلدية,بلدية الروضة,True,False,لا يوجد,,0,,,False,none,date_parsed_from_text,6,True
Data 2025.xlsx,6452,2025-07-19,2025-07,2025-W29,3,5,pick-0470-r01,Pick-0470-R01,مخلل خيار,المخلل (Pickle),Pickle,المخلل (Pickle),sauce_condiment,مطاعم بيتي لتقديم الوجيات - حي المونسية,مطاعم بيتي لتقديم الوجيات,حي المونسية,مطاعم بيتي لتقديم الوجيات - حي المونسية,الروضة,بلدية,بلدية الروضة,True,False,لا يوجد,,0,,,False,none,date_parsed_from_text,3,True
Data 2025.xlsx,6483,2025-07-19,2025-07,2025-W29,3,5,pick-0471-r01,Pick-0471-R01,مخلل ثوم,المخلل (Pickle),Pickle,المخلل (Pickle),sauce_condiment,اسواق ومخابز واحة الرياض - حي قرطبة,اسواق ومخابز واحة الرياض,حي قرطبة,اسواق ومخابز واحة الرياض - حي قرطبة,الروضة,بلدية,بلدية الروضة,False,True,خمائر,الخمائر والاعفان,1,,الخمائر والاعفان,False,indicator_only,date_parsed_from_text,1,False
Data 2025.xlsx,6484,2025-07-19,2025-07,2025-W29,3,5,pick-0472-r01,Pick-0472-R01,مخلل خيار صغير,المخلل (Pickle),Pickle,المخلل (Pickle),sauce_condiment,اسواق ومخابز واحة الرياض - حي قرطبة,اسواق ومخابز واحة الرياض,حي قرطبة,اسواق ومخابز واحة الرياض - حي قرطبة,الروضة,بلدية,بلدية الروضة,True,False,لا يوجد,,0,,,False,none,date_parsed_from_text,1,False
Data 2025.xlsx,6485,2025-07-19,2025-07,2025-W29,3,5,pick-0473-r01,Pick-0473-R01,مخلل ليمون حار,المخلل (Pickle),Pickle,المخلل (Pickle),sauce_condiment,اسواق ومخابز واحة الرياض - حي قرطبة,اسواق ومخابز واحة الرياض,حي قرطبة,اسواق ومخابز واحة الرياض - حي قرطبة,الروضة,بلدية,بلدية الروضة,True,False,لا يوجد,,0,,,False,none,date_parsed_from_text,1,False
Data 2025.xlsx,6486,2025-07-19,2025-07,2025-W29,3,5,pick-0474-r01,Pick-0474-R01,مشكل طرشي بارد,المخلل (Pickle),Pickle,المخلل (Pickle),sauce_condiment,اسواق ومخابز واحة الرياض - حي قرطبة,اسواق ومخابز واحة الرياض,حي قرطبة,اسواق ومخابز واحة الرياض - حي قرطبة,الروضة,بلدية,بلدية الروضة,True,False,لا يوجد,,0,,,False,none,date_parsed_from_text,1,False
Data 2025.xlsx,6487,2025-07-19,2025-07,2025-W29,3,5,pick-0475-r01,Pick-0475-R01,مشكل طرشي حار,المخلل (Pickle),Pickle,المخلل (Pickle),sauce_condiment,اسواق ومخابز واحة الرياض - حي قرطبة,اسواق ومخابز واحة الرياض,حي قرطبة,اسواق ومخابز واحة الرياض - حي قرطبة,الروضة,بلدية,بلدية الروضة,True,False,لا يوجد,,0,,,False,none,date_parsed_from_text,1,False
Data 2025.xlsx,6433,2025-07-19,2025-07,2025-W29,3,5,raw-0359-r01,Raw-0359-R01,لحم بطن بربري بلدي,لحوم نيئة مبردة ومجمدة (Raw meat Cold or chilled ),Raw meat Cold or chilled,لحوم نيئة مبردة ومجمدة (Raw meat Cold or chilled ),raw_meat,مؤسسة المنتج الشهي لتجارة,مؤسسة المنتج الشهي لتجارة,,مؤسسة المنتج الشهي لتجارة,الروضة,بلدية,بلدية الروضة,True,False,لا يوجد,,0,,,False,none,date_parsed_from_text,0,False
Data 2025.xlsx,6434,2025-07-19,2025-07,2025-W29,3,5,raw-0360-r01,Raw-0360-R01,قلب من نفس البربري,لحوم نيئة مبردة ومجمدة (Raw meat Cold or chilled ),Raw meat Cold or chilled,لحوم نيئة مبردة ومجمدة (Raw meat Cold or chilled ),raw_meat,مؤسسة المنتج الشهي لتجارة,مؤسسة المنتج الشهي لتجارة,,مؤسسة المنتج الشهي لتجارة,الروضة,بلدية,بلدية الروضة,True,False,لا يوجد,,0,,,False,none,date_parsed_from_text,0,False
Data 2025.xlsx,6435,2025-07-19,2025-07,2025-W29,3,5,raw-0361-r01,Raw-0361-R01,كبدة من نفس البربري,لحوم نيئة مبردة ومجمدة (Raw meat Cold or chilled ),Raw meat Cold or chilled,لحوم نيئة مبردة ومجمدة (Raw meat Cold or chilled ),raw_meat,مؤسسة المنتج الشهي لتجارة,مؤسسة المنتج الشهي لتجارة,,مؤسسة المنتج الشهي لتجارة,الروضة,بلدية,بلدية الروضة,True,False,لا يوجد,,0,,,False,none,date_parsed_from_text,0,False
Data 2025.xlsx,6436,2025-07-19,2025-07,2025-W29,3,5,raw-0362-r01,Raw-0362-R01,لحم كتف حاشي بلدي,لحوم نيئة مبردة ومجمدة (Raw meat Cold or chilled ),Raw meat Cold or chilled,لحوم نيئة مبردة ومجمدة (Raw meat Cold or chilled ),raw_meat,مؤسسة المنتج الشهي لتجارة,مؤسسة المنتج الشهي لتجارة,,مؤسسة المنتج الشهي لتجارة,الروضة,بلدية,بلدية الروضة,True,False,لا يوجد,,0,,,False,none,date_parsed_from_text,0,False
Data 2025.xlsx,6437,2025-07-19,2025-07,2025-W29,3,5,raw-0363-r01,Raw-0363-R01,كبدة حاشي من حاشي اخر,لحوم نيئة مبردة ومجمدة (Raw meat Cold or chilled ),Raw meat Cold or chilled,لحوم نيئة مبردة ومجمدة (Raw meat Cold or chilled ),raw_meat,مؤسسة المنتج الشهي لتجارة,مؤسسة المنتج الشهي لتجارة,,مؤسسة المنتج الشهي لتجارة,الروضة,بلدية,بلدية الروضة,False,True,السالمونيلا,السالمونيلا,1,السالمونيلا,,True,pathogen,date_parsed_from_text,1,False
Data 2025.xlsx,6438,2025-07-19,2025-07,2025-W29,3,5,raw-0364-r01,Raw-0364-R01,قلب حاشي من حاشي اخر,لحوم نيئة مبردة ومجمدة (Raw meat Cold or chilled ),Raw meat Cold or chilled,لحوم نيئة مبردة ومجمدة (Raw meat Cold or chilled ),raw_meat,مؤسسة المنتج الشهي لتجارة,مؤسسة المنتج الشهي لتجارة,,مؤسسة المنتج الشهي لتجارة,الروضة,بلدية,بلدية الروضة,False,True,السالمونيلا,السالمونيلا,1,السالمونيلا,,True,pathogen,date_parsed_from_text,2,True
Data 2025.xlsx,6439,2025-07-19,2025-07,2025-W29,3,5,raw-0365-r01,Raw-0365-R01,لحم فخذ سواكني,لحوم نيئة مبردة ومجمدة (Raw meat Cold or chilled ),Raw meat Cold or chilled,لحوم نيئة مبردة ومجمدة (Raw meat Cold or chilled ),raw_meat,مؤسسة المنتج الشهي لتجارة,مؤسسة المنتج الشهي لتجارة,,مؤسسة المنتج الشهي لتجارة,الروضة,بلدية,بلدية الروضة,True,False,لا يوجد,,0,,,False,none,date_parsed_from_text,2,True
Data 2025.xlsx,6440,2025-07-19,2025-07,2025-W29,3,5,raw-0366-r01,Raw-0366-R01,كبدة نعيمي بلدي من خاروف اخر,لحوم نيئة مبردة ومجمدة (Raw meat Cold or chilled ),Raw meat Cold or chilled,لحوم نيئة مبردة ومجمدة (Raw meat Cold or chilled ),raw_meat,مؤسسة المنتج الشهي لتجارة,مؤسسة المنتج الشهي لتجارة,,مؤسسة المنتج الشهي لتجارة,الروضة,بلدية,بلدية الروضة,True,False,لا يوجد,,0,,,False,none,date_parsed_from_text,2,True
Data 2025.xlsx,6441,2025-07-19,2025-07,2025-W29,3,5,raw-0367-r01,Raw-0367-R01,قلب نعيمي بلدي من خاروف اخر,لحوم نيئة مبردة ومجمدة (Raw meat Cold or chilled ),Raw meat Cold or chilled,لحوم نيئة مبردة ومجمدة (Raw meat Cold or chilled ),raw_meat,مؤسسة المنتج الشهي لتجارة,مؤسسة المنتج الشهي لتجارة,,مؤسسة المنتج الشهي لتجارة,الروضة,بلدية,بلدية الروضة,True,False,لا يوجد,,0,,,False,none,date_parsed_from_text,2,True
Data 2025.xlsx,6442,2025-07-19,2025-07,2025-W29,3,5,raw-0368-r01,Raw-0368-R01,كرش من نفس البربري,لحوم نيئة مبردة ومجمدة (Raw meat Cold or chilled ),Raw meat Cold or chilled,لحوم نيئة مبردة ومجمدة (Raw meat Cold or chilled ),raw_meat,مؤسسة المنتج الشهي لتجارة,مؤسسة المنتج الشهي لتجارة,,مؤسسة المنتج الشهي لتجارة,الروضة,بلدية,بلدية الروضة,False,True,السالمونيلا,السالمونيلا,1,السالمونيلا,,True,pathogen,date_parsed_from_text,3,True
Data 2025.xlsx,6443,2025-07-19,2025-07,2025-W29,3,5,raw-0369-r01,Raw-0369-R01,كرش من نفس السواكني,لحوم نيئة مبردة ومجمدة (Raw meat Cold or chilled ),Raw meat Cold or chilled,لحوم نيئة مبردة ومجمدة (Raw meat Cold or chilled ),raw_meat,مؤسسة المنتج الشهي لتجارة,مؤسسة المنتج الشهي لتجارة,,مؤسسة المنتج الشهي لتجارة,الروضة,بلدية,بلدية الروضة,False,True,السالمونيلا,السالمونيلا,1,السالمونيلا,,True,pathogen,date_parsed_from_text,4,True
Data 2025.xlsx,6444,2025-07-19,2025-07,2025-W29,3,5,raw-0370-r01,Raw-0370-R01,مصارين من نفس السواكني,لحوم نيئة مبردة ومجمدة (Raw meat Cold or chilled ),Raw meat Cold or chilled,لحوم نيئة مبردة ومجمدة (Raw meat Cold or chilled ),raw_meat,مؤسسة المنتج الشهي لتجارة,مؤسسة المنتج الشهي لتجارة,,مؤسسة المنتج الشهي لتجارة,الروضة,بلدية,بلدية الروضة,True,False,لا يوجد,,0,,,False,none,date_parsed_from_text,4,True
Data 2025.xlsx,6455,2025-07-19,2025-07,2025-W29,3,5,sal-1464-r01,Sal-1464-R01,سلطة بقدونس مع بصل,السلطة(Salad),Salad,السلطة(Salad),produce,مطاعم بيتي لتقديم الوجيات - حي المونسية,مطاعم بيتي لتقديم الوجيات,حي المونسية,مطاعم بيتي لتقديم الوجيات - حي المونسية,الروضة,بلدية,بلدية الروضة,False,True,ايشيريشيا كولاي | استافيلوكوكس اورياس,ايشيريشيا كولاي | استافيلوكوكس اورياس,2,ايشيريشيا كولاي | استافيلوكوكس اورياس,,True,multi_pathogen,date_parsed_from_text,6,True
Data 2025.xlsx,6471,2025-07-19,2025-07,2025-W29,3,5,sal-1465-r01,Sal-1465-R01,سلطة حمراء حارة,السلطة(Salad),Salad,السلطة(Salad),produce,مطعم كبسة وسليق - حي المونسية,مطعم كبسة وسليق,حي المونسية,مطعم كبسة وسليق - حي المونسية,الروضة,بلدية,بلدية الروضة,False,True,العد الكلي للبكتيريا,العد الكلي للبكتيريا,1,,العد الكلي للبكتيريا,False,indicator_only,date_parsed_from_text,1,False
Data 2025.xlsx,6472,2025-07-19,2025-07,2025-W29,3,5,sal-1466-r01,Sal-1466-R01,سلطة خضراء,السلطة(Salad),Salad,السلطة(Salad),produce,مطعم كبسة وسليق - حي المونسية,مطعم كبسة وسليق,حي المونسية,مطعم كبسة وسليق - حي المونسية,الروضة,بلدية,بلدية الروضة,False,True,ايشيريشيا كولاي | استافيلوكوكس اورياس,ايشيريشيا كولاي | استافيلوكوكس اورياس,2,ايشيريشيا كولاي | استافيلوكوكس اورياس,,True,multi_pathogen,date_parsed_from_text,2,True
Data 2025.xlsx,6473,2025-07-19,2025-07,2025-W29,3,5,sal-1467-r01,Sal-1467-R01,سلطة خيار لبن,السلطة(Salad),Salad,السلطة(Salad),produce,مطعم كبسة وسليق - حي المونسية,مطعم كبسة وسليق,حي المونسية,مطعم كبسة وسليق - حي المونسية,الروضة,بلدية,بلدية الروضة,True,False,لا يوجد,,0,,,False,none,date_parsed_from_text,2,True
Data 2025.xlsx,6474,2025-07-19,2025-07,2025-W29,3,5,sal-1468-r01,Sal-1468-R01,سلطة بصل و ليمون,السلطة(Salad),Salad,السلطة(Salad),produce,مطعم كبسة وسليق - حي المونسية,مطعم كبسة وسليق,حي المونسية,مطعم كبسة وسليق - حي المونسية,الروضة,بلدية,بلدية الروضة,True,False,لا يوجد,,0,,,False,none,date_parsed_from_text,2,True
Data 2025.xlsx,6502,2025-07-19,2025-07,2025-W29,3,5,sal-1469-r01,Sal-1469-R01,سلطة جبنة بدر بحبة البركة,السلطة(Salad),Salad,السلطة(Salad),produce,اسواق ومخابز واحة الرياض - حي قرطبة,اسواق ومخابز واحة الرياض,حي قرطبة,اسواق ومخابز واحة الرياض - حي قرطبة,الروضة,بلدية,بلدية الروضة,True,False,لا يوجد,,0,,,False,none,date_parsed_from_text,6,True
Data 2025.xlsx,6503,2025-07-19,2025-07,2025-W29,3,5,sal-1470-r01,Sal-1470-R01,سلطة مرتديلا مكس,السلطة(Salad),Salad,السلطة(Salad),produce,اسواق ومخابز واحة الرياض - حي قرطبة,اسواق ومخابز واحة الرياض,حي قرطبة,اسواق ومخابز واحة الرياض - حي قرطبة,الروضة,بلدية,بلدية الروضة,False,True,العد الكلي للبكتيريا,العد الكلي للبكتيريا,1,,العد الكلي للبكتيريا,False,indicator_only,date_parsed_from_text,7,True
Data 2025.xlsx,6504,2025-07-19,2025-07,2025-W29,3,5,sal-1471-r01,Sal-1471-R01,سلطة جبنة بدر بالشبت,السلطة(Salad),Salad,السلطة(Salad),produce,اسواق ومخابز واحة الرياض - حي قرطبة,اسواق ومخابز واحة الرياض,حي قرطبة,اسواق ومخابز واحة الرياض - حي قرطبة,الروضة,بلدية,بلدية الروضة,False,True,انتيروباكتريسي,انتيروباكتريسي,1,,انتيروباكتريسي,False,indicator_only,date_parsed_from_text,8,True
Data 2025.xlsx,6505,2025-07-19,2025-07,2025-W29,3,5,sal-1472-r01,Sal-1472-R01,سلطة جبنة بدر بالزعتر,السلطة(Salad),Salad,السلطة(Salad),produce,اسواق ومخابز واحة الرياض - حي قرطبة,اسواق ومخابز واحة الرياض,حي قرطبة,اسواق ومخابز واحة الرياض - حي قرطبة,الروضة,بلدية,بلدية الروضة,True,False,لا يوجد,,0,,,False,none,date_parsed_from_text,8,True
Data 2025.xlsx,6506,2025-07-19,2025-07,2025-W29,3,5,sal-1473-r01,Sal-1473-R01,سلطة تونة,السلطة(Salad),Salad,السلطة(Salad),produce,اسواق ومخابز واحة الرياض - حي قرطبة,اسواق ومخابز واحة الرياض,حي قرطبة,اسواق ومخابز واحة الرياض - حي قرطبة,الروضة,بلدية,بلدية الروضة,False,True,العد الكلي للبكتيريا,العد الكلي للبكتيريا,1,,العد الكلي للبكتيريا,False,indicator_only,date_parsed_from_text,9,True
Data 2025.xlsx,6507,2025-07-19,2025-07,2025-W29,3,5,sal-1474-r01,Sal-1474-R01,سلطة مكدوس,السلطة(Salad),Salad,السلطة(Salad),produce,اسواق ومخابز واحة الرياض - حي قرطبة,اسواق ومخابز واحة الرياض,حي قرطبة,اسواق ومخابز واحة الرياض - حي قرطبة,الروضة,بلدية,بلدية الروضة,False,True,خمائر,الخمائر والاعفان,1,,الخمائر والاعفان,False,indicator_only,date_parsed_from_text,10,True
Data 2025.xlsx,6508,2025-07-19,2025-07,2025-W29,3,5,sal-1475-r01,Sal-1475-R01,سلطة مهروس حار,السلطة(Salad),Salad,السلطة(Salad),produce,اسواق ومخابز واحة الرياض - حي قرطبة,اسواق ومخابز واحة الرياض,حي قرطبة,اسواق ومخابز واحة الرياض - حي قرطبة,الروضة,بلدية,بلدية الروضة,False,True,خمائر,الخمائر والاعفان,1,,الخمائر والاعفان,False,indicator_only,date_parsed_from_text,11,True
Data 2025.xlsx,6445,2025-07-19,2025-07,2025-W29,3,5,sau-1999-r01,sau-1999-R01,صوص كاتشب,صوص (sauce),sauce,صوص (sauce),sauce_condiment,مطاعم بيتي لتقديم الوجيات - حي المونسية,مطاعم بيتي لتقديم الوجيات,حي المونسية,مطاعم بيتي لتقديم الوجيات - حي المونسية,الروضة,بلدية,بلدية الروضة,True,False,لا يوجد,,0,,,False,none,date_parsed_from_text,0,False
Data 2025.xlsx,6446,2025-07-19,2025-07,2025-W29,3,5,sau-2000-r01,sau-2000-R01,صوص حار,صوص (sauce),sauce,صوص (sauce),sauce_condiment,مطاعم بيتي لتقديم الوجيات - حي المونسية,مطاعم بيتي لتقديم الوجيات,حي المونسية,مطاعم بيتي لتقديم الوجيات - حي المونسية,الروضة,بلدية,بلدية الروضة,False,True,العد الكلي للبكتيريا,العد الكلي للبكتيريا,1,,العد الكلي للبكتيريا,False,indicator_only,date_parsed_from_text,1,False
Data 2025.xlsx,6447,2025-07-19,2025-07,2025-W29,3,5,sau-2001-r01,sau-2001-R01,صوص ثوم,صوص (sauce),sauce,صوص (sauce),sauce_condiment,مطاعم بيتي لتقديم الوجيات - حي المونسية,مطاعم بيتي لتقديم الوجيات,حي المونسية,مطاعم بيتي لتقديم الوجيات - حي المونسية,الروضة,بلدية,بلدية الروضة,False,True,العد الكلي للبكتيريا,العد الكلي للبكتيريا,1,,العد الكلي للبكتيريا,False,indicator_only,date_parsed_from_text,2,True
Data 2025.xlsx,6448,2025-07-19,2025-07,2025-W29,3,5,sau-2002-r01,sau-2002-R01,صوص مكس (شطة +كاتشب),صوص (sauce),sauce,صوص (sauce),sauce_condiment,مطاعم بيتي لتقديم الوجيات - حي المونسية,مطاعم بيتي لتقديم الوجيات,حي المونسية,مطاعم بيتي لتقديم الوجيات - حي المونسية,الروضة,بلدية,بلدية الروضة,True,False,لا يوجد,,0,,,False,none,date_parsed_from_text,2,True
Data 2025.xlsx,6449,2025-07-19,2025-07,2025-W29,3,5,sau-2003-r01,sau-2003-R01,صوص شطة,صوص (sauce),sauce,صوص (sauce),sauce_condiment,مطاعم بيتي لتقديم الوجيات - حي المونسية,مطاعم بيتي لتقديم الوجيات,حي المونسية,مطاعم بيتي لتقديم الوجيات - حي المونسية,الروضة,بلدية,بلدية الروضة,True,False,لا يوجد,,0,,,False,none,date_parsed_from_text,2,True
Data 2025.xlsx,6453,2025-07-19,2025-07,2025-W29,3,5,sau-2004-r01,sau-2004-R01,صوص حار معلب,صوص (sauce),sauce,صوص (sauce),sauce_condiment,مطاعم بيتي لتقديم الوجيات - حي المونسية,مطاعم بيتي لتقديم الوجيات,حي المونسية,مطاعم بيتي لتقديم الوجيات - حي المونسية,الروضة,بلدية,بلدية الروضة,False,True,العد الكلي للبكتيريا,العد الكلي للبكتيريا,1,,العد الكلي للبكتيريا,False,indicator_only,date_parsed_from_text,4,True
Data 2025.xlsx,6454,2025-07-19,2025-07,2025-W29,3,5,sau-2005-r01,sau-2005-R01,صوص ثوم معلب,صوص (sauce),sauce,صوص (sauce),sauce_condiment,مطاعم بيتي لتقديم الوجيات - حي المونسية,مطاعم بيتي لتقديم الوجيات,حي المونسية,مطاعم بيتي لتقديم الوجيات - حي المونسية,الروضة,بلدية,بلدية الروضة,False,True,العد الكلي للبكتيريا,العد الكلي للبكتيريا,1,,العد الكلي للبكتيريا,False,indicator_only,date_parsed_from_text,5,True
Data 2025.xlsx,6464,2025-07-19,2025-07,2025-W29,3,5,sw-3339-r01,sw-3339-R01,مسحة صانعة ثلج,(Swabs) المسحات,Swabs,(Swabs) المسحات,swab,مطاعم بيتي لتقديم الوجيات - حي المونسية,مطاعم بيتي لتقديم الوجيات,حي المونسية,مطاعم بيتي لتقديم الوجيات - حي المونسية,الروضة,بلدية,بلدية الروضة,True,False,لا يوجد,,0,,,False,none,date_parsed_from_text,9,True
Data 2025.xlsx,6465,2025-07-19,2025-07,2025-W29,3,5,sw-3340-r01,sw-3340-R01,مسحة عصارة برتقال,(Swabs) المسحات,Swabs,(Swabs) المسحات,swab,مطاعم بيتي لتقديم الوجيات - حي المونسية,مطاعم بيتي لتقديم الوجيات,حي المونسية,مطاعم بيتي لتقديم الوجيات - حي المونسية,الروضة,بلدية,بلدية الروضة,True,False,لا يوجد,,0,,,False,none,date_parsed_from_text,9,True
Data 2025.xlsx,6466,2025-07-19,2025-07,2025-W29,3,5,sw-3341-r01,sw-3341-R01,مسحة طاولة تقطيع برتقال,(Swabs) المسحات,Swabs,(Swabs) المسحات,swab,مطاعم بيتي لتقديم الوجيات - حي المونسية,مطاعم بيتي لتقديم الوجيات,حي المونسية,مطاعم بيتي لتقديم الوجيات - حي المونسية,الروضة,بلدية,بلدية الروضة,False,True,العد الكلي للبكتيريا,العد الكلي للبكتيريا,1,,العد الكلي للبكتيريا,False,indicator_only,date_parsed_from_text,10,True
Data 2025.xlsx,6467,2025-07-19,2025-07,2025-W29,3,5,sw-3342-r01,sw-3342-R01,مسحة حافظة بطاطس,(Swabs) المسحات,Swabs,(Swabs) المسحات,swab,مطاعم بيتي لتقديم الوجيات - حي المونسية,مطاعم بيتي لتقديم الوجيات,حي المونسية,مطاعم بيتي لتقديم الوجيات - حي المونسية,الروضة,بلدية,بلدية الروضة,True,False,لا يوجد,,0,,,False,none,date_parsed_from_text,10,True
Data 2025.xlsx,6468,2025-07-19,2025-07,2025-W29,3,5,sw-3343-r01,sw-3343-R01,مسحة قطاعة شاورما دجاج,(Swabs) المسحات,Swabs,(Swabs) المسحات,swab,مطاعم بيتي لتقديم الوجيات - حي المونسية,مطاعم بيتي لتقديم الوجيات,حي المونسية,مطاعم بيتي لتقديم الوجيات - حي المونسية,الروضة,بلدية,بلدية الروضة,True,False,لا يوجد,,0,,,False,none,date_parsed_from_text,10,True
Data 2025.xlsx,6516,2025-07-19,2025-07,2025-W29,3,5,sw-3344-r01,sw-3344-R01,مسحة حافظة حلاوة طحينة,(Swabs) المسحات,Swabs,(Swabs) المسحات,swab,اسواق ومخابز واحة الرياض - حي قرطبة,اسواق ومخابز واحة الرياض,حي قرطبة,اسواق ومخابز واحة الرياض - حي قرطبة,الروضة,بلدية,بلدية الروضة,True,False,لا يوجد,,0,,,False,none,date_parsed_from_text,14,True
Data 2025.xlsx,6517,2025-07-19,2025-07,2025-W29,3,5,sw-3345-r01,sw-3345-R01,مسحة قطاعة مرتديلا,(Swabs) المسحات,Swabs,(Swabs) المسحات,swab,اسواق ومخابز واحة الرياض - حي قرطبة,اسواق ومخابز واحة الرياض,حي قرطبة,اسواق ومخابز واحة الرياض - حي قرطبة,الروضة,بلدية,بلدية الروضة,False,True,العد الكلي للبكتيريا,العد الكلي للبكتيريا,1,,العد الكلي للبكتيريا,False,indicator_only,date_parsed_from_text,15,True
Data 2025.xlsx,6518,2025-07-19,2025-07,2025-W29,3,5,sw-3346-r01,sw-3346-R01,مسحة ثلاجة الزيتون,(Swabs) المسحات,Swabs,(Swabs) المسحات,swab,اسواق ومخابز واحة الرياض - حي قرطبة,اسواق ومخابز واحة الرياض,حي قرطبة,اسواق ومخابز واحة الرياض - حي قرطبة,الروضة,بلدية,بلدية الروضة,True,False,لا يوجد,,0,,,False,none,date_parsed_from_text,15,True
Data 2025.xlsx,6519,2025-07-19,2025-07,2025-W29,3,5,sweet-1277-r01,sweet-1277-R01,بسبوسة,الحلا(sweetness),sweetness,الحلا(sweetness),sweets_bakery,اسواق ومخابز واحة الرياض - حي قرطبة,اسواق ومخابز واحة الرياض,حي قرطبة,اسواق ومخابز واحة الرياض - حي قرطبة,الروضة,بلدية,بلدية الروضة,True,False,لا يوجد,,0,,,False,none,date_parsed_from_text,15,True
Data 2025.xlsx,6520,2025-07-19,2025-07,2025-W29,3,5,sweet-1278-r01,sweet-1278-R01,خلية جبن,الحلا(sweetness),sweetness,الحلا(sweetness),sweets_bakery,اسواق ومخابز واحة الرياض - حي قرطبة,اسواق ومخابز واحة الرياض,حي قرطبة,اسواق ومخابز واحة الرياض - حي قرطبة,الروضة,بلدية,بلدية الروضة,True,False,لا يوجد,,0,,,False,none,date_parsed_from_text,15,True
Data 2025.xlsx,6524,2025-07-19,2025-07,2025-W29,3,5,sweet-1279-r01,sweet-1279-R01,معمول قشطة و تمر,الحلا(sweetness),sweetness,الحلا(sweetness),sweets_bakery,اسواق ومخابز واحة الرياض - حي قرطبة,اسواق ومخابز واحة الرياض,حي قرطبة,اسواق ومخابز واحة الرياض - حي قرطبة,الروضة,بلدية,بلدية الروضة,True,False,لا يوجد,,0,,,False,none,date_parsed_from_text,15,True
Data 2025.xlsx,6542,2025-07-20,2025-07,2025-W29,3,6,1-3252-R01,1-3252-R01,نكهة خوخ,نكهات مركزة ( Syrup ),Syrup,نكهات مركزة ( Syrup ),sauce_condiment,صمدو ثمرة الفراولة - حي المونسية,صمدو ثمرة الفراولة,حي المونسية,صمدو ثمرة الفراولة - حي المونسية,الروضة,بلدية,بلدية الروضة,False,True,العد الكلي للبكتيريا,العد الكلي للبكتيريا,1,,العد الكلي للبكتيريا,False,indicator_only,date_parsed_from_text,5,True
Data 2025.xlsx,6543,2025-07-20,2025-07,2025-W29,3,6,1-3253-R01,1-3253-R01,نكهة التوت الاحمر,نكهات مركزة ( Syrup ),Syrup,نكهات مركزة ( Syrup ),sauce_condiment,صمدو ثمرة الفراولة - حي المونسية,صمدو ثمرة الفراولة,حي المونسية,صمدو ثمرة الفراولة - حي المونسية,الروضة,بلدية,بلدية الروضة,True,False,لا يوجد,,0,,,False,none,date_parsed_from_text,5,True
Data 2025.xlsx,6544,2025-07-20,2025-07,2025-W29,3,6,1-3254-R01,1-3254-R01,نكهة التوت الازرق,نكهات مركزة ( Syrup ),Syrup,نكهات مركزة ( Syrup ),sauce_condiment,صمدو ثمرة الفراولة - حي المونسية,صمدو ثمرة الفراولة,حي المونسية,صمدو ثمرة الفراولة - حي المونسية,الروضة,بلدية,بلدية الروضة,True,False,لا يوجد,,0,,,False,none,date_parsed_from_text,5,True
Data 2025.xlsx,6545,2025-07-20,2025-07,2025-W29,3,6,1-3255-R01,1-3255-R01,نكهة البطيخ,نكهات مركزة ( Syrup ),Syrup,نكهات مركزة ( Syrup ),sauce_condiment,صمدو ثمرة الفراولة - حي المونسية,صمدو ثمرة الفراولة,حي المونسية,صمدو ثمرة الفراولة - حي المونسية,الروضة,بلدية,بلدية الروضة,False,True,العد الكلي للبكتيريا,العد الكلي للبكتيريا,1,,العد الكلي للبكتيريا,False,indicator_only,date_parsed_from_text,6,True
Data 2025.xlsx,6546,2025-07-20,2025-07,2025-W29,3,6,1-3256-R01,1-3256-R01,نكهة الباشن فروت,نكهات مركزة ( Syrup ),Syrup,نكهات مركزة ( Syrup ),sauce_condiment,صمدو ثمرة الفراولة - حي المونسية,صمدو ثمرة الفراولة,حي المونسية,صمدو ثمرة الفراولة - حي المونسية,الروضة,بلدية,بلدية الروضة,False,True,العد الكلي للبكتيريا,العد الكلي للبكتيريا,1,,العد الكلي للبكتيريا,False,indicator_only,date_parsed_from_text,7,True
Data 2025.xlsx,6547,2025-07-20,2025-07,2025-W29,3,6,1-3257-R01,1-3257-R01,نكهة الرمان,نكهات مركزة ( Syrup ),Syrup,نكهات مركزة ( Syrup ),sauce_condiment,صمدو ثمرة الفراولة - حي المونسية,صمدو ثمرة الفراولة,حي المونسية,صمدو ثمرة الفراولة - حي المونسية,الروضة,بلدية,بلدية الروضة,True,False,لا يوجد,,0,,,False,none,date_parsed_from_text,7,True
Data 2025.xlsx,6548,2025-07-20,2025-07,2025-W29,3,6,1-3258-R01,1-3258-R01,نكهة فراولة,نكهات مركزة ( Syrup ),Syrup,نكهات مركزة ( Syrup ),sauce_condiment,صمدو ثمرة الفراولة - حي المونسية,صمدو ثمرة الفراولة,حي المونسية,صمدو ثمرة الفراولة - حي المونسية,الروضة,بلدية,بلدية الروضة,False,True,العد الكلي للبكتيريا,العد الكلي للبكتيريا,1,,العد الكلي للبكتيريا,False,indicator_only,date_parsed_from_text,8,True
Data 2025.xlsx,6549,2025-07-20,2025-07,2025-W29,3,6,1-3259-R01,1-3259-R01,نكهة توت اسود,نكهات مركزة ( Syrup ),Syrup,نكهات مركزة ( Syrup ),sauce_condiment,صمدو ثمرة الفراولة - حي المونسية,صمدو ثمرة الفراولة,حي المونسية,صمدو ثمرة الفراولة - حي المونسية,الروضة,بلدية,بلدية الروضة,True,False,لا يوجد,,0,,,False,none,date_parsed_from_text,8,True
Data 2025.xlsx,6563,2025-07-20,2025-07,2025-W29,3,6,1-3260-R01,1-3260-R01,فطيرة جبنة مكدوس,(Pie) فطيرة,Pie,(Pie) فطيرة,sweets_bakery,الحلى الازرق - حي المونسية,الحلى الازرق,حي المونسية,الحلى الازرق - حي المونسية,الروضة,بلدية,بلدية الروضة,True,False,لا يوجد,,0,,,False,none,date_parsed_from_text,0,False
Data 2025.xlsx,6564,2025-07-20,2025-07,2025-W29,3,6,1-3261-R01,1-3261-R01,فطيرة جبن بقدونس,(Pie) فطيرة,Pie,(Pie) فطيرة,sweets_bakery,الحلى الازرق - حي المونسية,الحلى الازرق,حي المونسية,الحلى الازرق - حي المونسية,الروضة,بلدية,بلدية الروضة,True,False,لا يوجد,,0,,,False,none,date_parsed_from_text,0,False
Data 2025.xlsx,6565,2025-07-20,2025-07,2025-W29,3,6,1-3262-R01,1-3262-R01,فطيرة لبنة حارة,(Pie) فطيرة,Pie,(Pie) فطيرة,sweets_bakery,الحلى الازرق - حي المونسية,الحلى الازرق,حي المونسية,الحلى الازرق - حي المونسية,الروضة,بلدية,بلدية الروضة,True,False,لا يوجد,,0,,,False,none,date_parsed_from_text,0,False
Data 2025.xlsx,6566,2025-07-20,2025-07,2025-W29,3,6,1-3263-R01,1-3263-R01,فطيرة جبنة زيتون,(Pie) فطيرة,Pie,(Pie) فطيرة,sweets_bakery,الحلى الازرق - حي المونسية,الحلى الازرق,حي المونسية,الحلى الازرق - حي المونسية,الروضة,بلدية,بلدية الروضة,True,False,لا يوجد,,0,,,False,none,date_parsed_from_text,0,False
Data 2025.xlsx,6567,2025-07-20,2025-07,2025-W29,3,6,1-3264-R01,1-3264-R01,فطيرة عكاوي,(Pie) فطيرة,Pie,(Pie) فطيرة,sweets_bakery,الحلى الازرق - حي المونسية,الحلى الازرق,حي المونسية,الحلى الازرق - حي المونسية,الروضة,بلدية,بلدية الروضة,True,False,لا يوجد,,0,,,False,none,date_parsed_from_text,0,False
Data 2025.xlsx,6568,2025-07-20,2025-07,2025-W29,3,6,1-3265-R01,1-3265-R01,فطيرة باذنجان,(Pie) فطيرة,Pie,(Pie) فطيرة,sweets_bakery,الحلى الازرق - حي المونسية,الحلى الازرق,حي المونسية,الحلى الازرق - حي المونسية,الروضة,بلدية,بلدية الروضة,True,False,لا يوجد,,0,,,False,none,date_parsed_from_text,0,False
Data 2025.xlsx,6569,2025-07-20,2025-07,2025-W29,3,6,1-3266-R01,1-3266-R01,فطيرة سبانخ بالجبن,(Pie) فطيرة,Pie,(Pie) فطيرة,sweets_bakery,الحلى الازرق - حي المونسية,الحلى الازرق,حي المونسية,الحلى الازرق - حي المونسية,الروضة,بلدية,بلدية الروضة,True,False,لا يوجد,,0,,,False,none,date_parsed_from_text,0,False
Data 2025.xlsx,6578,2025-07-20,2025-07,2025-W29,3,6,1-3267-R01,1-3267-R01,شيرة,(Shira) شيرة,Shira,(Shira) شيرة,other,الحلى الازرق - حي المونسية,الحلى الازرق,حي المونسية,الحلى الازرق - حي المونسية,الروضة,بلدية,بلدية الروضة,True,False,لا يوجد,,0,,,False,none,date_parsed_from_text|sample_type_unbucketed,4,True
Data 2025.xlsx,6538,2025-07-20,2025-07,2025-W29,3,6,OO-wm-0039-R01,OO-wm-0039-R01,قطع جح,البطيخ (watermelons),watermelons,البطيخ (watermelons),water,صمدو ثمرة الفراولة - حي المونسية,صمدو ثمرة الفراولة,حي المونسية,صمدو ثمرة الفراولة - حي المونسية,الروضة,بلدية,بلدية الروضة,True,False,لا يوجد,,0,,,False,none,date_parsed_from_text,3,True
Data 2025.xlsx,6537,2025-07-20,2025-07,2025-W29,3,6,OU-me-0032-R01,OU-me-0032-R01,قطع شمام,الشمام (melons),melons,الشمام (melons),produce,صمدو ثمرة الفراولة - حي المونسية,صمدو ثمرة الفراولة,حي المونسية,صمدو ثمرة الفراولة - حي المونسية,الروضة,بلدية,بلدية الروضة,True,False,لا يوجد,,0,,,False,none,date_parsed_from_text,3,True
Data 2025.xlsx,6560,2025-07-20,2025-07,2025-W29,3,6,gr-0188-r01,gr-0188-R01,ورق عنب بالرمان,ورق عنب (Grape leaves),Grape leaves,ورق عنب (Grape leaves),produce,ليف لوف لتقديم الوجبات - حي المونسية,ليف لوف لتقديم الوجبات,حي المونسية,ليف لوف لتقديم الوجبات - حي المونسية,الروضة,بلدية,بلدية الروضة,True,False,لا يوجد,,0,,,False,none,date_parsed_from_text,4,True
Data 2025.xlsx,6561,2025-07-20,2025-07,2025-W29,3,6,gr-0189-r01,gr-0189-R01,ورق عنب بالليمون,ورق عنب (Grape leaves),Grape leaves,ورق عنب (Grape leaves),produce,ليف لوف لتقديم الوجبات - حي المونسية,ليف لوف لتقديم الوجبات,حي المونسية,ليف لوف لتقديم الوجبات - حي المونسية,الروضة,بلدية,بلدية الروضة,True,False,لا يوجد,,0,,,False,none,date_parsed_from_text,4,True
Data 2025.xlsx,6562,2025-07-20,2025-07,2025-W29,3,6,gr-0190-r01,gr-0190-R01,ورق عنب سبايسي,ورق عنب (Grape leaves),Grape leaves,ورق عنب (Grape leaves),produce,ليف لوف لتقديم الوجبات - حي المونسية,ليف لوف لتقديم الوجبات,حي المونسية,ليف لوف لتقديم الوجبات - حي المونسية,الروضة,بلدية,بلدية الروضة,True,False,لا يوجد,,0,,,False,none,date_parsed_from_text,4,True
Data 2025.xlsx,6528,2025-07-20,2025-07,2025-W29,3,6,ho-0241-r01,ho-0241-R01,عسل,(Honey) عسل النحل,Honey,(Honey) عسل النحل,sweets_bakery,صمدو ثمرة الفراولة - حي المونسية,صمدو ثمرة الفراولة,حي المونسية,صمدو ثمرة الفراولة - حي المونسية,الروضة,بلدية,بلدية الروضة,True,False,لا يوجد,,0,,,False,none,date_parsed_from_text,0,False
Data 2025.xlsx,6532,2025-07-20,2025-07,2025-W29,3,6,jui-0474-r01,jui-0474-R01,عصير عوار قلب,العصائر الطازجة Un-pasteurized juices (fresh),fresh,العصائر الطازجة Un-pasteurized juices (fresh),beverage,صمدو ثمرة الفراولة - حي المونسية,صمدو ثمرة الفراولة,حي المونسية,صمدو ثمرة الفراولة - حي المونسية,الروضة,بلدية,بلدية الروضة,True,False,لا يوجد,,0,,,False,none,date_parsed_from_text,1,False
Data 2025.xlsx,6533,2025-07-20,2025-07,2025-W29,3,6,jui-0475-r01,jui-0475-R01,عصير افوكادو مع مانجا,العصائر الطازجة Un-pasteurized juices (fresh),fresh,العصائر الطازجة Un-pasteurized juices (fresh),beverage,صمدو ثمرة الفراولة - حي المونسية,صمدو ثمرة الفراولة,حي المونسية,صمدو ثمرة الفراولة - حي المونسية,الروضة,بلدية,بلدية الروضة,True,False,لا يوجد,,0,,,False,none,date_parsed_from_text,1,False
Data 2025.xlsx,6534,2025-07-20,2025-07,2025-W29,3,6,jui-0476-r01,jui-0476-R01,عصير عرائسي,العصائر الطازجة Un-pasteurized juices (fresh),fresh,العصائر الطازجة Un-pasteurized juices (fresh),beverage,صمدو ثمرة الفراولة - حي المونسية,صمدو ثمرة الفراولة,حي المونسية,صمدو ثمرة الفراولة - حي المونسية,الروضة,بلدية,بلدية الروضة,True,False,لا يوجد,,0,,,False,none,date_parsed_from_text,1,False
Data 2025.xlsx,6535,2025-07-20,2025-07,2025-W29,3,6,jui-0477-r01,jui-0477-R01,عصير جوافة,العصائر الطازجة Un-pasteurized juices (fresh),fresh,العصائر الطازجة Un-pasteurized juices (fresh),beverage,صمدو ثمرة الفراولة - حي المونسية,صمدو ثمرة الفراولة,حي المونسية,صمدو ثمرة الفراولة - حي المونسية,الروضة,بلدية,بلدية الروضة,False,True,الخمائر والاعفان,الخمائر والاعفان,1,,الخمائر والاعفان,False,indicator_only,date_parsed_from_text,2,True
Data 2025.xlsx,6541,2025-07-20,2025-07,2025-W29,3,6,jui-0478-r01,jui-0478-R01,عصير شمندر,العصائر الطازجة Un-pasteurized juices (fresh),fresh,العصائر الطازجة Un-pasteurized juices (fresh),beverage,صمدو ثمرة الفراولة - حي المونسية,صمدو ثمرة الفراولة,حي المونسية,صمدو ثمرة الفراولة - حي المونسية,الروضة,بلدية,بلدية الروضة,False,True,الخمائر والاعفان,الخمائر والاعفان,1,,الخمائر والاعفان,False,indicator_only,date_parsed_from_text,4,True
Data 2025.xlsx,6540,2025-07-20,2025-07,2025-W29,3,6,mango-0051-r01,Mango-0051-R01,قطع مانجا,المانجو (Mango),Mango,المانجو (Mango),produce,صمدو ثمرة الفراولة - حي المونسية,صمدو ثمرة الفراولة,حي المونسية,صمدو ثمرة الفراولة - حي المونسية,الروضة,بلدية,بلدية الروضة,True,False,لا يوجد,,0,,,False,none,date_parsed_from_text,3,True
Data 2025.xlsx,6559,2025-07-20,2025-07,2025-W29,3,6,mola-0055-r01,mola-0055-R01,دبس رمان,( Molasses) دبس,Molasses,( Molasses) دبس,sauce_condiment,ليف لوف لتقديم الوجبات - حي المونسية,ليف لوف لتقديم الوجبات,حي المونسية,ليف لوف لتقديم الوجبات - حي المونسية,الروضة,بلدية,بلدية الروضة,True,False,لا يوجد,,0,,,False,none,date_parsed_from_text,4,True
Data 2025.xlsx,6526,2025-07-20,2025-07,2025-W29,3,6,raw-0374-r01,Raw-0374-R01,لحم رجل حري بلدي,لحوم نيئة مبردة ومجمدة (Raw meat Cold or chilled ),Raw meat Cold or chilled,لحوم نيئة مبردة ومجمدة (Raw meat Cold or chilled ),raw_meat,ملحمة ركن حشو اليوم,ملحمة ركن حشو اليوم,,ملحمة ركن حشو اليوم,الروضة,بلدية,بلدية الروضة,True,False,لا يوجد,,0,,,False,none,date_parsed_from_text,0,False
Data 2025.xlsx,6527,2025-07-20,2025-07,2025-W29,3,6,raw-0375-r01,Raw-0375-R01,لحم كتف حاشي بلدي,لحوم نيئة مبردة ومجمدة (Raw meat Cold or chilled ),Raw meat Cold or chilled,لحوم نيئة مبردة ومجمدة (Raw meat Cold or chilled ),raw_meat,ملحمة ركن حشو اليوم,ملحمة ركن حشو اليوم,,ملحمة ركن حشو اليوم,الروضة,بلدية,بلدية الروضة,True,False,لا يوجد,,0,,,False,none,date_parsed_from_text,0,False
Data 2025.xlsx,6539,2025-07-20,2025-07,2025-W29,3,6,sal-1476-r01,Sal-1476-R01,سلطة فواكه,السلطة(Salad),Salad,السلطة(Salad),produce,صمدو ثمرة الفراولة - حي المونسية,صمدو ثمرة الفراولة,حي المونسية,صمدو ثمرة الفراولة - حي المونسية,الروضة,بلدية,بلدية الروضة,True,False,لا يوجد,,0,,,False,none,date_parsed_from_text,3,True
Data 2025.xlsx,6529,2025-07-20,2025-07,2025-W29,3,6,sau-2006-r01,sau-2006-R01,صوص توت,صوص (sauce),sauce,صوص (sauce),sauce_condiment,صمدو ثمرة الفراولة - حي المونسية,صمدو ثمرة الفراولة,حي المونسية,صمدو ثمرة الفراولة - حي المونسية,الروضة,بلدية,بلدية الروضة,True,False,لا يوجد,,0,,,False,none,date_parsed_from_text,0,False
Data 2025.xlsx,6530,2025-07-20,2025-07,2025-W29,3,6,sau-2007-r01,sau-2007-R01,صوص ايس كريم توت احمر,صوص (sauce),sauce,صوص (sauce),sauce_condiment,صمدو ثمرة الفراولة - حي المونسية,صمدو ثمرة الفراولة,حي المونسية,صمدو ثمرة الفراولة - حي المونسية,الروضة,بلدية,بلدية الروضة,False,True,الخمائر والاعفان,الخمائر والاعفان,1,,الخمائر والاعفان,False,indicator_only,date_parsed_from_text,1,False
Data 2025.xlsx,6531,2025-07-20,2025-07,2025-W29,3,6,sau-2008-r01,sau-2008-R01,صوص ايس كريم توت ازرق,صوص (sauce),sauce,صوص (sauce),sauce_condiment,صمدو ثمرة الفراولة - حي المونسية,صمدو ثمرة الفراولة,حي المونسية,صمدو ثمرة الفراولة - حي المونسية,الروضة,بلدية,بلدية الروضة,True,False,لا يوجد,,0,,,False,none,date_parsed_from_text,1,False
Data 2025.xlsx,6553,2025-07-20,2025-07,2025-W29,3,6,sau-2009-r01,sau-2009-R01,صوص ليمون,صوص (sauce),sauce,صوص (sauce),sauce_condiment,ليف لوف لتقديم الوجبات - حي المونسية,ليف لوف لتقديم الوجبات,حي المونسية,ليف لوف لتقديم الوجبات - حي المونسية,الروضة,بلدية,بلدية الروضة,False,True,الخمائر والاعفان,الخمائر والاعفان,1,,الخمائر والاعفان,False,indicator_only,date_parsed_from_text,1,False
Data 2025.xlsx,6554,2025-07-20,2025-07,2025-W29,3,6,sau-2010-r01,sau-2010-R01,صوص باربكيوم (ورق العنب),صوص (sauce),sauce,صوص (sauce),sauce_condiment,ليف لوف لتقديم الوجبات - حي المونسية,ليف لوف لتقديم الوجبات,حي المونسية,ليف لوف لتقديم الوجبات - حي المونسية,الروضة,بلدية,بلدية الروضة,False,True,العد الكلي للبكتيريا,العد الكلي للبكتيريا,1,,العد الكلي للبكتيريا,False,indicator_only,date_parsed_from_text,2,True
Data 2025.xlsx,6555,2025-07-20,2025-07,2025-W29,3,6,sau-2011-r01,sau-2011-R01,صوص مسخن,صوص (sauce),sauce,صوص (sauce),sauce_condiment,ليف لوف لتقديم الوجبات - حي المونسية,ليف لوف لتقديم الوجبات,حي المونسية,ليف لوف لتقديم الوجبات - حي المونسية,الروضة,بلدية,بلدية الروضة,False,True,الخمائر والاعفان,الخمائر والاعفان,1,,الخمائر والاعفان,False,indicator_only,date_parsed_from_text,3,True
Data 2025.xlsx,6556,2025-07-20,2025-07,2025-W29,3,6,sau-2012-r01,sau-2012-R01,صوص الملفوف,صوص (sauce),sauce,صوص (sauce),sauce_condiment,ليف لوف لتقديم الوجبات - حي المونسية,ليف لوف لتقديم الوجبات,حي المونسية,ليف لوف لتقديم الوجبات - حي المونسية,الروضة,بلدية,بلدية الروضة,True,False,لا يوجد,,0,,,False,none,date_parsed_from_text,3,True
Data 2025.xlsx,6557,2025-07-20,2025-07,2025-W29,3,6,sau-2013-r01,sau-2013-R01,صوص سبايسي,صوص (sauce),sauce,صوص (sauce),sauce_condiment,ليف لوف لتقديم الوجبات - حي المونسية,ليف لوف لتقديم الوجبات,حي المونسية,ليف لوف لتقديم الوجبات - حي المونسية,الروضة,بلدية,بلدية الروضة,True,False,لا يوجد,,0,,,False,none,date_parsed_from_text,3,True
Data 2025.xlsx,6558,2025-07-20,2025-07,2025-W29,3,6,sau-2014-r01,sau-2014-R01,صوص فتة,صوص (sauce),sauce,صوص (sauce),sauce_condiment,ليف لوف لتقديم الوجبات - حي المونسية,ليف لوف لتقديم الوجبات,حي المونسية,ليف لوف لتقديم الوجبات - حي المونسية,الروضة,بلدية,بلدية الروضة,False,True,الخمائر والاعفان,الخمائر والاعفان,1,,الخمائر والاعفان,False,indicator_only,date_parsed_from_text,4,True
Data 2025.xlsx,6576,2025-07-20,2025-07,2025-W29,3,6,sau-2015-r01,sau-2015-R01,صوص نستلة,صوص (sauce),sauce,صوص (sauce),sauce_condiment,الحلى الازرق - حي المونسية,الحلى الازرق,حي المونسية,الحلى الازرق - حي المونسية,الروضة,بلدية,بلدية الروضة,False,True,العد الكلي للبكتيريا,العد الكلي للبكتيريا,1,,العد الكلي للبكتيريا,False,indicator_only,date_parsed_from_text,4,True
Data 2025.xlsx,6577,2025-07-20,2025-07,2025-W29,3,6,sau-2016-r01,sau-2016-R01,صوص توفي,صوص (sauce),sauce,صوص (sauce),sauce_condiment,الحلى الازرق - حي المونسية,الحلى الازرق,حي المونسية,الحلى الازرق - حي المونسية,الروضة,بلدية,بلدية الروضة,True,False,لا يوجد,,0,,,False,none,date_parsed_from_text,4,True
Data 2025.xlsx,6550,2025-07-20,2025-07,2025-W29,3,6,sw-3347-r01,sw-3347-R01,مسحة عصارة برتقال,(Swabs) المسحات,Swabs,(Swabs) المسحات,swab,صمدو ثمرة الفراولة - حي المونسية,صمدو ثمرة الفراولة,حي المونسية,صمدو ثمرة الفراولة - حي المونسية,الروضة,بلدية,بلدية الروضة,False,True,العد الكلي للبكتيريا,العد الكلي للبكتيريا,1,,العد الكلي للبكتيريا,False,indicator_only,date_parsed_from_text,9,True
Data 2025.xlsx,6551,2025-07-20,2025-07,2025-W29,3,6,sw-3348-r01,sw-3348-R01,مسحة حافظة الثلج,(Swabs) المسحات,Swabs,(Swabs) المسحات,swab,صمدو ثمرة الفراولة - حي المونسية,صمدو ثمرة الفراولة,حي المونسية,صمدو ثمرة الفراولة - حي المونسية,الروضة,بلدية,بلدية الروضة,True,False,لا يوجد,,0,,,False,none,date_parsed_from_text,9,True
Data 2025.xlsx,6552,2025-07-20,2025-07,2025-W29,3,6,sw-3349-r01,sw-3349-R01,مسحة ثلاجة عصائر,(Swabs) المسحات,Swabs,(Swabs) المسحات,swab,صمدو ثمرة الفراولة - حي المونسية,صمدو ثمرة الفراولة,حي المونسية,صمدو ثمرة الفراولة - حي المونسية,الروضة,بلدية,بلدية الروضة,True,False,لا يوجد,,0,,,False,none,date_parsed_from_text,9,True
Data 2025.xlsx,6570,2025-07-20,2025-07,2025-W29,3,6,sweet-1280-r01,sweet-1280-R01,سينابون,الحلا(sweetness),sweetness,الحلا(sweetness),sweets_bakery,الحلى الازرق - حي المونسية,الحلى الازرق,حي المونسية,الحلى الازرق - حي المونسية,الروضة,بلدية,بلدية الروضة,True,False,لا يوجد,,0,,,False,none,date_parsed_from_text,0,False
Data 2025.xlsx,6571,2025-07-20,2025-07,2025-W29,3,6,sweet-1281-r01,sweet-1281-R01,بوف باستري,الحلا(sweetness),sweetness,الحلا(sweetness),sweets_bakery,الحلى الازرق - حي المونسية,الحلى الازرق,حي المونسية,الحلى الازرق - حي المونسية,الروضة,بلدية,بلدية الروضة,True,False,لا يوجد,,0,,,False,none,date_parsed_from_text,0,False
Data 2025.xlsx,6572,2025-07-20,2025-07,2025-W29,3,6,sweet-1282-r01,sweet-1282-R01,كلير لوتس,الحلا(sweetness),sweetness,الحلا(sweetness),sweets_bakery,الحلى الازرق - حي المونسية,الحلى الازرق,حي المونسية,الحلى الازرق - حي المونسية,الروضة,بلدية,بلدية الروضة,False,True,انتيروباكتريسي,انتيروباكتريسي,1,,انتيروباكتريسي,False,indicator_only,date_parsed_from_text,1,False
Data 2025.xlsx,6573,2025-07-20,2025-07,2025-W29,3,6,sweet-1283-r01,sweet-1283-R01,كلير شوكولاتة,الحلا(sweetness),sweetness,الحلا(sweetness),sweets_bakery,الحلى الازرق - حي المونسية,الحلى الازرق,حي المونسية,الحلى الازرق - حي المونسية,الروضة,بلدية,بلدية الروضة,False,True,العد الكلي للبكتيريا,العد الكلي للبكتيريا,1,,العد الكلي للبكتيريا,False,indicator_only,date_parsed_from_text,2,True
Data 2025.xlsx,6574,2025-07-20,2025-07,2025-W29,3,6,sweet-1284-r01,sweet-1284-R01,براونيس,الحلا(sweetness),sweetness,الحلا(sweetness),sweets_bakery,الحلى الازرق - حي المونسية,الحلى الازرق,حي المونسية,الحلى الازرق - حي المونسية,الروضة,بلدية,بلدية الروضة,True,False,لا يوجد,,0,,,False,none,date_parsed_from_text,2,True
Data 2025.xlsx,6575,2025-07-20,2025-07,2025-W29,3,6,sweet-1285-r01,sweet-1285-R01,سافلية,الحلا(sweetness),sweetness,الحلا(sweetness),sweets_bakery,الحلى الازرق - حي المونسية,الحلى الازرق,حي المونسية,الحلى الازرق - حي المونسية,الروضة,بلدية,بلدية الروضة,False,True,العد الكلي للبكتيريا | ايشيريشيا كولاي | استافيلوكوكس اورياس,العد الكلي للبكتيريا | ايشيريشيا كولاي | استافيلوكوكس اورياس,3,ايشيريشيا كولاي | استافيلوكوكس اورياس,العد الكلي للبكتيريا,True,multi_pathogen,date_parsed_from_text,3,True
Data 2025.xlsx,6579,2025-07-20,2025-07,2025-W29,3,6,ubot-1043-r01,Ubot-1043-R01,مياه حنفية لغسيل الادوات,المياه الغير معبأة (Unbottled water),Unbottled water,المياه الغير معبأة (Unbottled water),water,ملحمة ركن حشو اليوم,ملحمة ركن حشو اليوم,,ملحمة ركن حشو اليوم,الروضة,بلدية,بلدية الروضة,True,False,لا يوجد,,0,,,False,none,date_parsed_from_text,0,False
Data 2025.xlsx,6536,2025-07-20,2025-07,2025-W29,3,6,vefr-0110-r01,VeFr-0110-R01,قطع بابايا,الخضروات/الفواكه-(Vegetables/Fruits),Vegetables/Fruits,الخضروات/الفواكه-(Vegetables/Fruits),produce,صمدو ثمرة الفراولة - حي المونسية,صمدو ثمرة الفراولة,حي المونسية,صمدو ثمرة الفراولة - حي المونسية,الروضة,بلدية,بلدية الروضة,False,True,استافيلوكوكس اورياس,استافيلوكوكس اورياس,1,استافيلوكوكس اورياس,,True,pathogen,date_parsed_from_text,3,True
Data 2025.xlsx,6615,2025-07-21,2025-07,2025-W30,3,0,1-3270-R01,1-3270-R01 ,نكهة فراولة,نكهات مركزة ( Syrup ),Syrup,نكهات مركزة ( Syrup ),sauce_condiment,ياني لاونج - حي المونسية,ياني لاونج,حي المونسية,ياني لاونج - حي المونسية,الروضة,بلدية,بلدية الروضة,True,False,لا يوجد,,0,,,False,none,date_parsed_from_text,0,False
Data 2025.xlsx,6616,2025-07-21,2025-07,2025-W30,3,0,1-3271-R01,1-3271-R01 ,نكهة رمان,نكهات مركزة ( Syrup ),Syrup,نكهات مركزة ( Syrup ),sauce_condiment,ياني لاونج - حي المونسية,ياني لاونج,حي المونسية,ياني لاونج - حي المونسية,الروضة,بلدية,بلدية الروضة,True,False,لا يوجد,,0,,,False,none,date_parsed_from_text,0,False
Data 2025.xlsx,6617,2025-07-21,2025-07,2025-W30,3,0,1-3272-R01,1-3272-R01 ,نكهة جح,نكهات مركزة ( Syrup ),Syrup,نكهات مركزة ( Syrup ),sauce_condiment,ياني لاونج - حي المونسية,ياني لاونج,حي المونسية,ياني لاونج - حي المونسية,الروضة,بلدية,بلدية الروضة,True,False,لا يوجد,,0,,,False,none,date_parsed_from_text,0,False
Data 2025.xlsx,6618,2025-07-21,2025-07,2025-W30,3,0,1-3273-R01,1-3273-R01 ,نكهة نعناع البري,نكهات مركزة ( Syrup ),Syrup,نكهات مركزة ( Syrup ),sauce_condiment,ياني لاونج - حي المونسية,ياني لاونج,حي المونسية,ياني لاونج - حي المونسية,الروضة,بلدية,بلدية الروضة,False,True,العد الكلي للبكتيريا,العد الكلي للبكتيريا,1,,العد الكلي للبكتيريا,False,indicator_only,date_parsed_from_text,1,False
Data 2025.xlsx,6619,2025-07-21,2025-07,2025-W30,3,0,1-3274-R01,1-3274-R01 ,نكهة الباشن فروت,نكهات مركزة ( Syrup ),Syrup,نكهات مركزة ( Syrup ),sauce_condiment,ياني لاونج - حي المونسية,ياني لاونج,حي المونسية,ياني لاونج - حي المونسية,الروضة,بلدية,بلدية الروضة,True,False,لا يوجد,,0,,,False,none,date_parsed_from_text,1,False
Data 2025.xlsx,6620,2025-07-21,2025-07,2025-W30,3,0,1-3275-R01,1-3275-R01 ,نكهة توت البري,نكهات مركزة ( Syrup ),Syrup,نكهات مركزة ( Syrup ),sauce_condiment,ياني لاونج - حي المونسية,ياني لاونج,حي المونسية,ياني لاونج - حي المونسية,الروضة,بلدية,بلدية الروضة,True,False,لا يوجد,,0,,,False,none,date_parsed_from_text,1,False
Data 2025.xlsx,6621,2025-07-21,2025-07,2025-W30,3,0,1-3276-R01,1-3276-R01 ,نكهة قشر البرتقال,نكهات مركزة ( Syrup ),Syrup,نكهات مركزة ( Syrup ),sauce_condiment,ياني لاونج - حي المونسية,ياني لاونج,حي المونسية,ياني لاونج - حي المونسية,الروضة,بلدية,بلدية الروضة,True,False,لا يوجد,,0,,,False,none,date_parsed_from_text,1,False
Data 2025.xlsx,6612,2025-07-21,2025-07,2025-W30,3,0,OSSUOSS-pin-0010-R01,OSSUOSS-pin-0010-R01 ,قطع اناناس,اناناس (pineapple),pineapple,اناناس (pineapple),produce,مطعم وائل جلال (Anti fat) -حي المونسية,مطعم وائل جلال (Anti fat),حي المونسية,مطعم وائل جلال (Anti fat) -حي المونسية,الروضة,بلدية,بلدية الروضة,True,False,لا يوجد,,0,,,False,none,date_parsed_from_text,4,True
Data 2025.xlsx,6611,2025-07-21,2025-07,2025-W30,3,0,appe-0532-r01,Appe-0532-R01 ,تبولة,مقبلات (Appetizers),Appetizers,مقبلات (Appetizers),prepared_meal,مطعم وائل جلال (Anti fat) -حي المونسية,مطعم وائل جلال (Anti fat),حي المونسية,مطعم وائل جلال (Anti fat) -حي المونسية,الروضة,بلدية,بلدية الروضة,False,True,ايشيريشيا كولاي | استافيلوكوكس اورياس,ايشيريشيا كولاي | استافيلوكوكس اورياس,2,ايشيريشيا كولاي | استافيلوكوكس اورياس,,True,multi_pathogen,date_parsed_from_text,4,True
Data 2025.xlsx,6606,2025-07-21,2025-07,2025-W30,3,0,cm-0119-r01,Cm-0119-R01 ,برجر لحم سجنيتشر,اللحوم المطبوخة (Cooked meat),Cooked meat,اللحوم المطبوخة (Cooked meat),cooked_meat_poultry,مطعم وائل جلال (Anti fat) -حي المونسية,مطعم وائل جلال (Anti fat),حي المونسية,مطعم وائل جلال (Anti fat) -حي المونسية,الروضة,بلدية,بلدية الروضة,True,False,لا يوجد,,0,,,False,none,date_parsed_from_text,2,True
Data 2025.xlsx,6588,2025-07-21,2025-07,2025-W30,3,0,co-0556-r01,co-0556-R01 ,دجاج نص استواء,الدجاج المطبوخ (Cooked chicken),Cooked chicken,الدجاج المطبوخ (Cooked chicken),cooked_meat_poultry,مطعم شواية الكمون - حي المونسية,مطعم شواية الكمون,حي المونسية,مطعم شواية الكمون - حي المونسية,الروضة,بلدية,بلدية الروضة,True,False,لا يوجد,,0,,,False,none,date_parsed_from_text,3,True
Data 2025.xlsx,6589,2025-07-21,2025-07,2025-W30,3,0,co-0557-r01,co-0557-R01 ,دجاج شواية,الدجاج المطبوخ (Cooked chicken),Cooked chicken,الدجاج المطبوخ (Cooked chicken),cooked_meat_poultry,مطعم شواية الكمون - حي المونسية,مطعم شواية الكمون,حي المونسية,مطعم شواية الكمون - حي المونسية,الروضة,بلدية,بلدية الروضة,True,False,لا يوجد,,0,,,False,none,date_parsed_from_text,3,True
Data 2025.xlsx,6601,2025-07-21,2025-07,2025-W30,3,0,co-0558-r01,co-0558-R01 ,قطع دجاج مندي,الدجاج المطبوخ (Cooked chicken),Cooked chicken,الدجاج المطبوخ (Cooked chicken),cooked_meat_poultry,مطعم وائل جلال (Anti fat) -حي المونسية,مطعم وائل جلال (Anti fat),حي المونسية,مطعم وائل جلال (Anti fat) -حي المونسية,الروضة,بلدية,بلدية الروضة,True,False,لا يوجد,,0,,,False,none,date_parsed_from_text,0,False
Data 2025.xlsx,6602,2025-07-21,2025-07,2025-W30,3,0,co-0559-r01,co-0559-R01 ,دجاج مسحب,الدجاج المطبوخ (Cooked chicken),Cooked chicken,الدجاج المطبوخ (Cooked chicken),cooked_meat_poultry,مطعم وائل جلال (Anti fat) -حي المونسية,مطعم وائل جلال (Anti fat),حي المونسية,مطعم وائل جلال (Anti fat) -حي المونسية,الروضة,بلدية,بلدية الروضة,False,True,العد الكلي للبكتيريا,العد الكلي للبكتيريا,1,,العد الكلي للبكتيريا,False,indicator_only,date_parsed_from_text,1,False
Data 2025.xlsx,6603,2025-07-21,2025-07,2025-W30,3,0,co-0560-r01,co-0560-R01 ,دجاج تيندر,الدجاج المطبوخ (Cooked chicken),Cooked chicken,الدجاج المطبوخ (Cooked chicken),cooked_meat_poultry,مطعم وائل جلال (Anti fat) -حي المونسية,مطعم وائل جلال (Anti fat),حي المونسية,مطعم وائل جلال (Anti fat) -حي المونسية,الروضة,بلدية,بلدية الروضة,True,False,لا يوجد,,0,,,False,none,date_parsed_from_text,1,False
Data 2025.xlsx,6604,2025-07-21,2025-07,2025-W30,3,0,co-0561-r01,co-0561-R01 ,دجاج على الفحم,الدجاج المطبوخ (Cooked chicken),Cooked chicken,الدجاج المطبوخ (Cooked chicken),cooked_meat_poultry,مطعم وائل جلال (Anti fat) -حي المونسية,مطعم وائل جلال (Anti fat),حي المونسية,مطعم وائل جلال (Anti fat) -حي المونسية,الروضة,بلدية,بلدية الروضة,False,True,العد الكلي للبكتيريا,العد الكلي للبكتيريا,1,,العد الكلي للبكتيريا,False,indicator_only,date_parsed_from_text,2,True
Data 2025.xlsx,6605,2025-07-21,2025-07,2025-W30,3,0,fish-0219-r01,fish-0219-R01 ,قطع سلمون,Fish/fish product(الاسماك / منتجات الاسماك),fish product,Fish/fish product(الاسماك / منتجات الاسماك),cooked_meat_poultry,مطعم وائل جلال (Anti fat) -حي المونسية,مطعم وائل جلال (Anti fat),حي المونسية,مطعم وائل جلال (Anti fat) -حي المونسية,الروضة,بلدية,بلدية الروضة,True,False,لا يوجد,,0,,,False,none,date_parsed_from_text,2,True
Data 2025.xlsx,6582,2025-07-21,2025-07,2025-W30,3,0,hs-0333-r01,HS-0333-R01 ,شطة حارة,الشطة (Hot sauce),Hot sauce,الشطة (Hot sauce),sauce_condiment,مطعم شواية الكمون - حي المونسية,مطعم شواية الكمون,حي المونسية,مطعم شواية الكمون - حي المونسية,الروضة,بلدية,بلدية الروضة,False,True,العد الكلي للبكتيريا,العد الكلي للبكتيريا,1,,العد الكلي للبكتيريا,False,indicator_only,date_parsed_from_text,1,False
Data 2025.xlsx,6580,2025-07-21,2025-07,2025-W30,3,0,raw-0376-r01,Raw-0376-R01 ,لحم يد حاشي بلدي,لحوم نيئة مبردة ومجمدة (Raw meat Cold or chilled ),Raw meat Cold or chilled,لحوم نيئة مبردة ومجمدة (Raw meat Cold or chilled ),raw_meat,مؤسسة بيت السعادة للتجارة,مؤسسة بيت السعادة للتجارة,,مؤسسة بيت السعادة للتجارة,الروضة,بلدية,بلدية الروضة,True,False,لا يوجد,,0,,,False,none,date_parsed_from_text,0,False
Data 2025.xlsx,6581,2025-07-21,2025-07,2025-W30,3,0,raw-0377-r01,Raw-0377-R01 ,لحم بطن نعيمي بلدي,لحوم نيئة مبردة ومجمدة (Raw meat Cold or chilled ),Raw meat Cold or chilled,لحوم نيئة مبردة ومجمدة (Raw meat Cold or chilled ),raw_meat,مؤسسة بيت السعادة للتجارة,مؤسسة بيت السعادة للتجارة,,مؤسسة بيت السعادة للتجارة,الروضة,بلدية,بلدية الروضة,True,False,لا يوجد,,0,,,False,none,date_parsed_from_text,0,False
Data 2025.xlsx,6583,2025-07-21,2025-07,2025-W30,3,0,sal-1477-r01,Sal-1477-R01 ,سلطة خضراء,السلطة(Salad),Salad,السلطة(Salad),produce,مطعم شواية الكمون - حي المونسية,مطعم شواية الكمون,حي المونسية,مطعم شواية الكمون - حي المونسية,الروضة,بلدية,بلدية الروضة,False,True,ايشيريشيا كولاي | استافيلوكوكس اورياس,ايشيريشيا كولاي | استافيلوكوكس اورياس,2,ايشيريشيا كولاي | استافيلوكوكس اورياس,,True,multi_pathogen,date_parsed_from_text,2,True
Data 2025.xlsx,6584,2025-07-21,2025-07,2025-W30,3,0,sal-1478-r01,Sal-1478-R01 ,سلطة لبن خيار,السلطة(Salad),Salad,السلطة(Salad),produce,مطعم شواية الكمون - حي المونسية,مطعم شواية الكمون,حي المونسية,مطعم شواية الكمون - حي المونسية,الروضة,بلدية,بلدية الروضة,True,False,لا يوجد,,0,,,False,none,date_parsed_from_text,2,True
Data 2025.xlsx,6586,2025-07-21,2025-07,2025-W30,3,0,sal-1479-r01,Sal-1479-R01,سلطة حارة حمراء,السلطة(Salad),Salad,السلطة(Salad),produce,مطعم شواية الكمون - حي المونسية,مطعم شواية الكمون,حي المونسية,مطعم شواية الكمون - حي المونسية,الروضة,بلدية,بلدية الروضة,True,False,لا يوجد,,0,,,False,none,date_parsed_from_text,2,True
Data 2025.xlsx,6587,2025-07-21,2025-07,2025-W30,3,0,sal-1480-r01,Sal-1480-R01 ,سلطة ملفوف مع خيار,السلطة(Salad),Salad,السلطة(Salad),produce,مطعم شواية الكمون - حي المونسية,مطعم شواية الكمون,حي المونسية,مطعم شواية الكمون - حي المونسية,الروضة,بلدية,بلدية الروضة,False,True,استافيلوكوكس اورياس,استافيلوكوكس اورياس,1,استافيلوكوكس اورياس,,True,pathogen,date_parsed_from_text,3,True
Data 2025.xlsx,6590,2025-07-21,2025-07,2025-W30,3,0,sal-1481-r01,Sal-1481-R01 ,سلطة جرجير مع بصل,السلطة(Salad),Salad,السلطة(Salad),produce,مطعم شواية الكمون - حي المونسية,مطعم شواية الكمون,حي المونسية,مطعم شواية الكمون - حي المونسية,الروضة,بلدية,بلدية الروضة,False,True,ايشيريشيا كولاي | استافيلوكوكس اورياس,ايشيريشيا كولاي | استافيلوكوكس اورياس,2,ايشيريشيا كولاي | استافيلوكوكس اورياس,,True,multi_pathogen,date_parsed_from_text,4,True
Data 2025.xlsx,6607,2025-07-21,2025-07,2025-W30,3,0,sal-1482-r01,Sal-1482-R01 ,سلطة ملفوف احمر,السلطة(Salad),Salad,السلطة(Salad),produce,مطعم وائل جلال (Anti fat) -حي المونسية,مطعم وائل جلال (Anti fat),حي المونسية,مطعم وائل جلال (Anti fat) -حي المونسية,الروضة,بلدية,بلدية الروضة,True,False,لا يوجد,,0,,,False,none,date_parsed_from_text,2,True
Data 2025.xlsx,6608,2025-07-21,2025-07,2025-W30,3,0,sal-1483-r01,Sal-1483-R01 ,سلطة تونة,السلطة(Salad),Salad,السلطة(Salad),produce,مطعم وائل جلال (Anti fat) -حي المونسية,مطعم وائل جلال (Anti fat),حي المونسية,مطعم وائل جلال (Anti fat) -حي المونسية,الروضة,بلدية,بلدية الروضة,False,True,العد الكلي للبكتيريا,العد الكلي للبكتيريا,1,,العد الكلي للبكتيريا,False,indicator_only,date_parsed_from_text,3,True
Data 2025.xlsx,6609,2025-07-21,2025-07,2025-W30,3,0,sal-1484-r01,Sal-1484-R01 ,سلطة فاصوليا حمراء,السلطة(Salad),Salad,السلطة(Salad),produce,مطعم وائل جلال (Anti fat) -حي المونسية,مطعم وائل جلال (Anti fat),حي المونسية,مطعم وائل جلال (Anti fat) -حي المونسية,الروضة,بلدية,بلدية الروضة,True,False,لا يوجد,,0,,,False,none,date_parsed_from_text,3,True
Data 2025.xlsx,6610,2025-07-21,2025-07,2025-W30,3,0,sal-1485-r01,Sal-1485-R01 ,سلطة كولسلو,السلطة(Salad),Salad,السلطة(Salad),produce,مطعم وائل جلال (Anti fat) -حي المونسية,مطعم وائل جلال (Anti fat),حي المونسية,مطعم وائل جلال (Anti fat) -حي المونسية,الروضة,بلدية,بلدية الروضة,True,False,لا يوجد,,0,,,False,none,date_parsed_from_text,3,True
Data 2025.xlsx,6600,2025-07-21,2025-07,2025-W30,3,0,sau-2017-r01,sau-2017-R01 ,صوص رانش,صوص (sauce),sauce,صوص (sauce),sauce_condiment,مطعم وائل جلال (Anti fat) -حي المونسية,مطعم وائل جلال (Anti fat),حي المونسية,مطعم وائل جلال (Anti fat) -حي المونسية,الروضة,بلدية,بلدية الروضة,True,False,لا يوجد,,0,,,False,none,date_parsed_from_text,0,False
Data 2025.xlsx,6622,2025-07-21,2025-07,2025-W30,3,0,sau-2018-r01,sau-2018-R01 ,صوص شوكولاتة,صوص (sauce),sauce,صوص (sauce),sauce_condiment,ياني لاونج - حي المونسية,ياني لاونج,حي المونسية,ياني لاونج - حي المونسية,الروضة,بلدية,بلدية الروضة,True,False,لا يوجد,,0,,,False,none,date_parsed_from_text,1,False
Data 2025.xlsx,6623,2025-07-21,2025-07,2025-W30,3,0,sau-2019-r01,sau-2019-R01 ,صوص باشون فروت,صوص (sauce),sauce,صوص (sauce),sauce_condiment,ياني لاونج - حي المونسية,ياني لاونج,حي المونسية,ياني لاونج - حي المونسية,الروضة,بلدية,بلدية الروضة,True,False,لا يوجد,,0,,,False,none,date_parsed_from_text,1,False
Data 2025.xlsx,6624,2025-07-21,2025-07,2025-W30,3,0,sau-2020-r01,sau-2020-R01 ,صوص مانجا,صوص (sauce),sauce,صوص (sauce),sauce_condiment,ياني لاونج - حي المونسية,ياني لاونج,حي المونسية,ياني لاونج - حي المونسية,الروضة,بلدية,بلدية الروضة,True,False,لا يوجد,,0,,,False,none,date_parsed_from_text,1,False
Data 2025.xlsx,6625,2025-07-21,2025-07,2025-W30,3,0,sau-2021-r01,sau-2021-R01 ,صوص فراولة,صوص (sauce),sauce,صوص (sauce),sauce_condiment,ياني لاونج - حي المونسية,ياني لاونج,حي المونسية,ياني لاونج - حي المونسية,الروضة,بلدية,بلدية الروضة,True,False,لا يوجد,,0,,,False,none,date_parsed_from_text,1,False
Data 2025.xlsx,6591,2025-07-21,2025-07,2025-W30,3,0,sw-3350-r01,sw-3350-R01 ,مسحة سخان الايدامات,(Swabs) المسحات,Swabs,(Swabs) المسحات,swab,مطعم شواية الكمون - حي المونسية,مطعم شواية الكمون,حي المونسية,مطعم شواية الكمون - حي المونسية,الروضة,بلدية,بلدية الروضة,True,False,لا يوجد,,0,,,False,none,date_parsed_from_text,4,True
Data 2025.xlsx,6592,2025-07-21,2025-07,2025-W30,3,0,sw-3351-r01,sw-3351-R01 ,مسحة ثلاجة سلطات,(Swabs) المسحات,Swabs,(Swabs) المسحات,swab,مطعم شواية الكمون - حي المونسية,مطعم شواية الكمون,حي المونسية,مطعم شواية الكمون - حي المونسية,الروضة,بلدية,بلدية الروضة,True,False,لا يوجد,,0,,,False,none,date_parsed_from_text,4,True
Data 2025.xlsx,6593,2025-07-21,2025-07,2025-W30,3,0,sw-3352-r01,sw-3352-R01 ,مسحة فرامة طماطم,(Swabs) المسحات,Swabs,(Swabs) المسحات,swab,مطعم شواية الكمون - حي المونسية,مطعم شواية الكمون,حي المونسية,مطعم شواية الكمون - حي المونسية,الروضة,بلدية,بلدية الروضة,False,True,العد الكلي للبكتيريا,العد الكلي للبكتيريا,1,,العد الكلي للبكتيريا,False,indicator_only,date_parsed_from_text,5,True
Data 2025.xlsx,6594,2025-07-21,2025-07,2025-W30,3,0,sw-3353-r01,sw-3353-R01 ,مسحة حافظة دجاج الشواية,(Swabs) المسحات,Swabs,(Swabs) المسحات,swab,مطعم شواية الكمون - حي المونسية,مطعم شواية الكمون,حي المونسية,مطعم شواية الكمون - حي المونسية,الروضة,بلدية,بلدية الروضة,True,False,لا يوجد,,0,,,False,none,date_parsed_from_text,5,True
Data 2025.xlsx,6595,2025-07-21,2025-07,2025-W30,3,0,sw-3354-r01,sw-3354-R01 ,مسحة حافظة دجاج على الفحم,(Swabs) المسحات,Swabs,(Swabs) المسحات,swab,مطعم شواية الكمون - حي المونسية,مطعم شواية الكمون,حي المونسية,مطعم شواية الكمون - حي المونسية,الروضة,بلدية,بلدية الروضة,True,False,لا يوجد,,0,,,False,none,date_parsed_from_text,5,True
Data 2025.xlsx,6596,2025-07-21,2025-07,2025-W30,3,0,sw-3355-r01,sw-3355-R01 ,مسحة ادوات تحضير,(Swabs) المسحات,Swabs,(Swabs) المسحات,swab,مطعم شواية الكمون - حي المونسية,مطعم شواية الكمون,حي المونسية,مطعم شواية الكمون - حي المونسية,الروضة,بلدية,بلدية الروضة,True,False,لا يوجد,,0,,,False,none,date_parsed_from_text,5,True
Data 2025.xlsx,6613,2025-07-21,2025-07,2025-W30,3,0,sw-3356-r01,sw-3356-R01 ,مسحة حافظة الاكل,(Swabs) المسحات,Swabs,(Swabs) المسحات,swab,مطعم وائل جلال (Anti fat) -حي المونسية,مطعم وائل جلال (Anti fat),حي المونسية,مطعم وائل جلال (Anti fat) -حي المونسية,الروضة,بلدية,بلدية الروضة,True,False,لا يوجد,,0,,,False,none,date_parsed_from_text,4,True
Data 2025.xlsx,6614,2025-07-21,2025-07,2025-W30,3,0,sw-3357-r01,sw-3357-R01 ,مسحة ثلاجة سلطات,(Swabs) المسحات,Swabs,(Swabs) المسحات,swab,مطعم وائل جلال (Anti fat) -حي المونسية,مطعم وائل جلال (Anti fat),حي المونسية,مطعم وائل جلال (Anti fat) -حي المونسية,الروضة,بلدية,بلدية الروضة,True,False,لا يوجد,,0,,,False,none,date_parsed_from_text,4,True
Data 2025.xlsx,6630,2025-07-21,2025-07,2025-W30,3,0,sw-3358-r01,sw-3358-R01 ,مسحة صانعة ثلج,(Swabs) المسحات,Swabs,(Swabs) المسحات,swab,ياني لاونج - حي المونسية,ياني لاونج,حي المونسية,ياني لاونج - حي المونسية,الروضة,بلدية,بلدية الروضة,True,False,لا يوجد,,0,,,False,none,date_parsed_from_text,1,False
Data 2025.xlsx,6631,2025-07-21,2025-07,2025-W30,3,0,sw-3359-r01,sw-3359-R01 ,مسحة طاولة تقطيع فواكه,(Swabs) المسحات,Swabs,(Swabs) المسحات,swab,ياني لاونج - حي المونسية,ياني لاونج,حي المونسية,ياني لاونج - حي المونسية,الروضة,بلدية,بلدية الروضة,True,False,لا يوجد,,0,,,False,none,date_parsed_from_text,1,False
Data 2025.xlsx,6585,2025-07-21,2025-07,2025-W30,3,0,sweet-1286-r01,sweet-1286-R01 ,حلا جلي فراولة,الحلا(sweetness),sweetness,الحلا(sweetness),sweets_bakery,مطعم شواية الكمون - حي المونسية,مطعم شواية الكمون,حي المونسية,مطعم شواية الكمون - حي المونسية,الروضة,بلدية,بلدية الروضة,True,False,لا يوجد,,0,,,False,none,date_parsed_from_text,2,True
Data 2025.xlsx,6597,2025-07-21,2025-07,2025-W30,3,0,sweet-1287-r01,sweet-1287-R01 ,كيك بالمانجا,الحلا(sweetness),sweetness,الحلا(sweetness),sweets_bakery,مطعم وائل جلال (Anti fat) -حي المونسية,مطعم وائل جلال (Anti fat),حي المونسية,مطعم وائل جلال (Anti fat) -حي المونسية,الروضة,بلدية,بلدية الروضة,True,False,لا يوجد,,0,,,False,none,date_parsed_from_text,0,False
Data 2025.xlsx,6598,2025-07-21,2025-07,2025-W30,3,0,sweet-1288-r01,sweet-1288-R01 ,كيك بالتمر,الحلا(sweetness),sweetness,الحلا(sweetness),sweets_bakery,مطعم وائل جلال (Anti fat) -حي المونسية,مطعم وائل جلال (Anti fat),حي المونسية,مطعم وائل جلال (Anti fat) -حي المونسية,الروضة,بلدية,بلدية الروضة,True,False,لا يوجد,,0,,,False,none,date_parsed_from_text,0,False
Data 2025.xlsx,6599,2025-07-21,2025-07,2025-W30,3,0,sweet-1289-r01,sweet-1289-R01 ,كيك بالعسل,الحلا(sweetness),sweetness,الحلا(sweetness),sweets_bakery,مطعم وائل جلال (Anti fat) -حي المونسية,مطعم وائل جلال (Anti fat),حي المونسية,مطعم وائل جلال (Anti fat) -حي المونسية,الروضة,بلدية,بلدية الروضة,True,False,لا يوجد,,0,,,False,none,date_parsed_from_text,0,False
Data 2025.xlsx,6626,2025-07-21,2025-07,2025-W30,3,0,sweet-1290-r01,sweet-1290-R01 ,كيك فراولة,الحلا(sweetness),sweetness,الحلا(sweetness),sweets_bakery,ياني لاونج - حي المونسية,ياني لاونج,حي المونسية,ياني لاونج - حي المونسية,الروضة,بلدية,بلدية الروضة,True,False,لا يوجد,,0,,,False,none,date_parsed_from_text,1,False
Data 2025.xlsx,6627,2025-07-21,2025-07,2025-W30,3,0,sweet-1291-r01,sweet-1291-R01 ,تشيز كيك كنافة,الحلا(sweetness),sweetness,الحلا(sweetness),sweets_bakery,ياني لاونج - حي المونسية,ياني لاونج,حي المونسية,ياني لاونج - حي المونسية,الروضة,بلدية,بلدية الروضة,True,False,لا يوجد,,0,,,False,none,date_parsed_from_text,1,False
Data 2025.xlsx,6628,2025-07-21,2025-07,2025-W30,3,0,sweet-1292-r01,sweet-1292-R01 ,تراميسو,الحلا(sweetness),sweetness,الحلا(sweetness),sweets_bakery,ياني لاونج - حي المونسية,ياني لاونج,حي المونسية,ياني لاونج - حي المونسية,الروضة,بلدية,بلدية الروضة,True,False,لا يوجد,,0,,,False,none,date_parsed_from_text,1,False
Data 2025.xlsx,6629,2025-07-21,2025-07,2025-W30,3,0,sweet-1293-r01,sweet-1293-R01 ,كيك زعفران,الحلا(sweetness),sweetness,الحلا(sweetness),sweets_bakery,ياني لاونج - حي المونسية,ياني لاونج,حي المونسية,ياني لاونج - حي المونسية,الروضة,بلدية,بلدية الروضة,True,False,لا يوجد,,0,,,False,none,date_parsed_from_text,1,False
Data 2025.xlsx,6632,2025-07-21,2025-07,2025-W30,3,0,ubot-1044-r01,Ubot-1044-R01 ,مياه حنفية لغسيل الادوات,المياه الغير معبأة (Unbottled water),Unbottled water,المياه الغير معبأة (Unbottled water),water,مؤسسة بيت السعادة للتجارة,مؤسسة بيت السعادة للتجارة,,مؤسسة بيت السعادة للتجارة,الروضة,بلدية,بلدية الروضة,True,False,لا يوجد,,0,,,False,none,date_parsed_from_text,0,False
Data 2025.xlsx,6642,2025-07-22,2025-07,2025-W30,3,1,1-3281-R01,1-3281-R01,رز ابيض,الارز ( rice),rice,الارز ( rice),prepared_meal,بيت الحطب - حي المونسية,بيت الحطب,حي المونسية,بيت الحطب - حي المونسية,الروضة,بلدية,بلدية الروضة,True,False,لا يوجد,,0,,,False,none,date_parsed_from_text,1,False
Data 2025.xlsx,6657,2025-07-22,2025-07,2025-W30,3,1,1-3282-R01,1-3282-R01,كشنة بصل مكرمل,(kashana) كشنة,kashana,(kashana) كشنة,prepared_meal,حنيذ مرخ - حي المونسية,حنيذ مرخ,حي المونسية,حنيذ مرخ - حي المونسية,الروضة,بلدية,بلدية الروضة,True,False,لا يوجد,,0,,,False,none,date_parsed_from_text,4,True
Data 2025.xlsx,6665,2025-07-22,2025-07,2025-W30,3,1,1-3283-R01,1-3283-R01,رز صيادية,الارز ( rice),rice,الارز ( rice),prepared_meal,كابتن شيف - حي المونسية,كابتن شيف,حي المونسية,كابتن شيف - حي المونسية,الروضة,بلدية,بلدية الروضة,False,True,ايشيريشيا كولاي,ايشيريشيا كولاي,1,ايشيريشيا كولاي,,True,pathogen,date_parsed_from_text,5,True
Data 2025.xlsx,6666,2025-07-22,2025-07,2025-W30,3,1,1-3284-R01,1-3284-R01,رز مندي,الارز ( rice),rice,الارز ( rice),prepared_meal,كابتن شيف - حي المونسية,كابتن شيف,حي المونسية,كابتن شيف - حي المونسية,الروضة,بلدية,بلدية الروضة,False,True,ايشيريشيا كولاي,ايشيريشيا كولاي,1,ايشيريشيا كولاي,,True,pathogen,date_parsed_from_text,6,True
Data 2025.xlsx,6667,2025-07-22,2025-07,2025-W30,3,1,1-3285-R01,1-3285-R01,رز كبسة,الارز ( rice),rice,الارز ( rice),prepared_meal,كابتن شيف - حي المونسية,كابتن شيف,حي المونسية,كابتن شيف - حي المونسية,الروضة,بلدية,بلدية الروضة,True,False,لا يوجد,,0,,,False,none,date_parsed_from_text,6,True
Data 2025.xlsx,6683,2025-07-22,2025-07,2025-W30,3,1,1-3286-R01,1-3286-R01,ساندويتش تونة,(tuna) تونة,tuna,(tuna) تونة,cooked_meat_poultry,كابتن شيف - حي المونسية,كابتن شيف,حي المونسية,كابتن شيف - حي المونسية,الروضة,بلدية,بلدية الروضة,True,False,لا يوجد,,0,,,False,none,date_parsed_from_text,12,True
Data 2025.xlsx,6685,2025-07-22,2025-07,2025-W30,3,1,O3U-sa-0022-R01,O3U-sa-0022-R01,سمبوسة بالبطاطس,السمبوسة (Samposa),Samposa,السمبوسة (Samposa),sweets_bakery,كابتن شيف - حي المونسية,كابتن شيف,حي المونسية,كابتن شيف - حي المونسية,الروضة,بلدية,بلدية الروضة,True,False,لا يوجد,,0,,,False,none,date_parsed_from_text,12,True
Data 2025.xlsx,6669,2025-07-22,2025-07,2025-W30,3,1,OO-OSS-po-0419-R01,OO-OSS-po-0419-R01,بطاطس مشوي,البطاطس (potatoes),potatoes,البطاطس (potatoes),produce,كابتن شيف - حي المونسية,كابتن شيف,حي المونسية,كابتن شيف - حي المونسية,الروضة,بلدية,بلدية الروضة,False,True,العد الكلي للبكتيريا,العد الكلي للبكتيريا,1,,العد الكلي للبكتيريا,False,indicator_only,date_parsed_from_text,8,True
Data 2025.xlsx,6654,2025-07-22,2025-07,2025-W30,3,1,OOSS-eg-0360-R01,OOSS-eg-0360-R01,باذنجان مقلي,الباذنجان (eggplant),eggplant,الباذنجان (eggplant),dairy,حنيذ مرخ - حي المونسية,حنيذ مرخ,حي المونسية,حنيذ مرخ - حي المونسية,الروضة,بلدية,بلدية الروضة,True,False,لا يوجد,,0,,,False,none,date_parsed_from_text,4,True
Data 2025.xlsx,6692,2025-07-22,2025-07,2025-W30,3,1,OSSO1UOSSU-0028-R01,OSSO1UOSSU-0028-R01,مكعب وافي,اعلاف,,اعلاف,animal_feed,حظيرة البندري ناصر بن زيد,حظيرة البندري ناصر بن زيد,,حظيرة البندري ناصر بن زيد,العزيزية,بلدية,بلدية العزيزية,True,False,لا يوجد,,0,,,False,none,date_parsed_from_text,1,False
Data 2025.xlsx,6693,2025-07-22,2025-07,2025-W30,3,1,OSSO1UOSSU-0029-R01,OSSO1UOSSU-0029-R01,رودس,اعلاف,,اعلاف,animal_feed,حظيرة نايف عبدالله سلطان العتيبي,حظيرة نايف عبدالله سلطان العتيبي,,حظيرة نايف عبدالله سلطان العتيبي,العزيزية,بلدية,بلدية العزيزية,True,False,لا يوجد,,0,,,False,none,date_parsed_from_text,1,False
Data 2025.xlsx,6694,2025-07-22,2025-07,2025-W30,3,1,OSSO1UOSSU-0030-R01,OSSO1UOSSU-0030-R01,برسيم,اعلاف,,اعلاف,animal_feed,حظيرة نايف عبدالله سلطان العتيبي,حظيرة نايف عبدالله سلطان العتيبي,,حظيرة نايف عبدالله سلطان العتيبي,العزيزية,بلدية,بلدية العزيزية,True,False,لا يوجد,,0,,,False,none,date_parsed_from_text,1,False
Data 2025.xlsx,6695,2025-07-22,2025-07,2025-W30,3,1,OSSO1UOSSU-0031-R01,OSSO1UOSSU-0031-R01,تبن,اعلاف,,اعلاف,animal_feed,حظيرة نايف عبدالله سلطان العتيبي,حظيرة نايف عبدالله سلطان العتيبي,,حظيرة نايف عبدالله سلطان العتيبي,العزيزية,بلدية,بلدية العزيزية,True,False,لا يوجد,,0,,,False,none,date_parsed_from_text,1,False
Data 2025.xlsx,6696,2025-07-22,2025-07,2025-W30,3,1,OSSO1UOSSU-0032-R01,OSSO1UOSSU-0032-R01,مكعب,اعلاف,,اعلاف,animal_feed,حظيرة منيره عبدالرحمن الشبرمي,حظيرة منيره عبدالرحمن الشبرمي,,حظيرة منيره عبدالرحمن الشبرمي,العزيزية,بلدية,بلدية العزيزية,True,False,لا يوجد,,0,,,False,none,date_parsed_from_text,0,False
Data 2025.xlsx,6697,2025-07-22,2025-07,2025-W30,3,1,OSSO1UOSSU-0033-R01,OSSO1UOSSU-0033-R01,رودس,اعلاف,,اعلاف,animal_feed,حظيرة منيره عبدالرحمن الشبرمي,حظيرة منيره عبدالرحمن الشبرمي,,حظيرة منيره عبدالرحمن الشبرمي,العزيزية,بلدية,بلدية العزيزية,True,False,لا يوجد,,0,,,False,none,date_parsed_from_text,0,False
Data 2025.xlsx,6698,2025-07-22,2025-07,2025-W30,3,1,OSSO1UOSSU-0034-R01,OSSO1UOSSU-0034-R01,مكعب,اعلاف,,اعلاف,animal_feed,حظيرة منيره عبدالرحمن الشبرمي,حظيرة منيره عبدالرحمن الشبرمي,,حظيرة منيره عبدالرحمن الشبرمي,العزيزية,بلدية,بلدية العزيزية,True,False,لا يوجد,,0,,,False,none,date_parsed_from_text,0,False
Data 2025.xlsx,6699,2025-07-22,2025-07,2025-W30,3,1,OSSO1UOSSU-0035-R01,OSSO1UOSSU-0035-R01,برسيم,اعلاف,,اعلاف,animal_feed,مؤسسة انوار الدرب,مؤسسة انوار الدرب,,مؤسسة انوار الدرب,العزيزية,بلدية,بلدية العزيزية,True,False,لا يوجد,,0,,,False,none,date_parsed_from_text,0,False
Data 2025.xlsx,6701,2025-07-22,2025-07,2025-W30,3,1,OSSO1UOSSU-0036-R01,OSSO1UOSSU-0036-R01,رودس,اعلاف,,اعلاف,animal_feed,مؤسسة انوار الدرب,مؤسسة انوار الدرب,,مؤسسة انوار الدرب,العزيزية,بلدية,بلدية العزيزية,True,False,لا يوجد,,0,,,False,none,date_parsed_from_text,0,False
Data 2025.xlsx,6702,2025-07-22,2025-07,2025-W30,3,1,OSSO1UOSSU-0037-R01,OSSO1UOSSU-0037-R01,يرسيم,اعلاف,,اعلاف,animal_feed,حظيرة سعد عبدالله سعد الربيعان,حظيرة سعد عبدالله سعد الربيعان,,حظيرة سعد عبدالله سعد الربيعان,العزيزية,بلدية,بلدية العزيزية,True,False,لا يوجد,,0,,,False,none,date_parsed_from_text,0,False
Data 2025.xlsx,6703,2025-07-22,2025-07,2025-W30,3,1,OSSO1UOSSU-0038-R01,OSSO1UOSSU-0038-R01,تبن,اعلاف,,اعلاف,animal_feed,حظيرة سعد عبدالله سعد الربيعان,حظيرة سعد عبدالله سعد الربيعان,,حظيرة سعد عبدالله سعد الربيعان,العزيزية,بلدية,بلدية العزيزية,True,False,لا يوجد,,0,,,False,none,date_parsed_from_text,0,False
Data 2025.xlsx,6704,2025-07-22,2025-07,2025-W30,3,1,OSSO1UOSSU-0039-R01,OSSO1UOSSU-0039-R01,مكعب حملان بلس,اعلاف,,اعلاف,animal_feed,حظيرة سعد عبدالله سعد الربيعان,حظيرة سعد عبدالله سعد الربيعان,,حظيرة سعد عبدالله سعد الربيعان,العزيزية,بلدية,بلدية العزيزية,True,False,لا يوجد,,0,,,False,none,date_parsed_from_text,0,False
Data 2025.xlsx,6705,2025-07-22,2025-07,2025-W30,3,1,OSSO1UOSSU-0040-R01,OSSO1UOSSU-0040-R01,مكعب فكتو,اعلاف,,اعلاف,animal_feed,حظيرة طلال شباب ماطر العتيبي,حظيرة طلال شباب ماطر العتيبي,,حظيرة طلال شباب ماطر العتيبي,العزيزية,بلدية,بلدية العزيزية,True,False,لا يوجد,,0,,,False,none,date_parsed_from_text,0,False
Data 2025.xlsx,6706,2025-07-22,2025-07,2025-W30,3,1,OSSO1UOSSU-0041-R01,OSSO1UOSSU-0041-R01,رودس,اعلاف,,اعلاف,animal_feed,حظيرة طلال شباب ماطر العتيبي,حظيرة طلال شباب ماطر العتيبي,,حظيرة طلال شباب ماطر العتيبي,العزيزية,بلدية,بلدية العزيزية,True,False,لا يوجد,,0,,,False,none,date_parsed_from_text,0,False
Data 2025.xlsx,6707,2025-07-22,2025-07,2025-W30,3,1,OSSO1UOSSU-0042-R01,OSSO1UOSSU-0042-R01,مكعب فيدكو,اعلاف,,اعلاف,animal_feed,شركة كاش لتجارة المواشي,شركة كاش لتجارة المواشي,,شركة كاش لتجارة المواشي,العزيزية,بلدية,بلدية العزيزية,True,False,لا يوجد,,0,,,False,none,date_parsed_from_text,0,False
Data 2025.xlsx,6708,2025-07-22,2025-07,2025-W30,3,1,OSSO1UOSSU-0043-R01,OSSO1UOSSU-0043-R01,برسيم,اعلاف,,اعلاف,animal_feed,شركة كاش لتجارة المواشي,شركة كاش لتجارة المواشي,,شركة كاش لتجارة المواشي,العزيزية,بلدية,بلدية العزيزية,True,False,لا يوجد,,0,,,False,none,date_parsed_from_text,0,False
Data 2025.xlsx,6709,2025-07-22,2025-07,2025-W30,3,1,OSSO1UOSSU-0044-R01,OSSO1UOSSU-0044-R01,تبن,اعلاف,,اعلاف,animal_feed,شركة كاش لتجارة المواشي,شركة كاش لتجارة المواشي,,شركة كاش لتجارة المواشي,العزيزية,بلدية,بلدية العزيزية,True,False,لا يوجد,,0,,,False,none,date_parsed_from_text,0,False
Data 2025.xlsx,6710,2025-07-22,2025-07,2025-W30,3,1,OSSO1UOSSU-0045-R01,OSSO1UOSSU-0045-R01,شعير,اعلاف,,اعلاف,animal_feed,شركة كاش لتجارة المواشي,شركة كاش لتجارة المواشي,,شركة كاش لتجارة المواشي,العزيزية,بلدية,بلدية العزيزية,True,False,لا يوجد,,0,,,False,none,date_parsed_from_text,0,False
Data 2025.xlsx,6711,2025-07-22,2025-07,2025-W30,3,1,OSSO1UOSSU-0046-R01,OSSO1UOSSU-0046-R01,تبن,اعلاف,,اعلاف,animal_feed,شركة سدار للتجارة,شركة سدار للتجارة,,شركة سدار للتجارة,العزيزية,بلدية,بلدية العزيزية,True,False,لا يوجد,,0,,,False,none,date_parsed_from_text,1,False
Data 2025.xlsx,6713,2025-07-22,2025-07,2025-W30,3,1,OSSO1UOSSU-0047-R01,OSSO1UOSSU-0047-R01,مكعب,اعلاف,,اعلاف,animal_feed,شركة سدار للتجارة,شركة سدار للتجارة,,شركة سدار للتجارة,العزيزية,بلدية,بلدية العزيزية,True,False,لا يوجد,,0,,,False,none,date_parsed_from_text,1,False
Data 2025.xlsx,6655,2025-07-22,2025-07,2025-W30,3,1,UU-pe-1377-R01,UU-pe-1377-R01,فلفل احمر حار مطبوخ,الفلفل (peppers),peppers,الفلفل (peppers),produce,حنيذ مرخ - حي المونسية,حنيذ مرخ,حي المونسية,حنيذ مرخ - حي المونسية,الروضة,بلدية,بلدية الروضة,True,False,لا يوجد,,0,,,False,none,date_parsed_from_text,4,True
Data 2025.xlsx,6672,2025-07-22,2025-07,2025-W30,3,1,appe-0533-r01,Appe-0533-R01,تبولة,مقبلات (Appetizers),Appetizers,مقبلات (Appetizers),prepared_meal,كابتن شيف - حي المونسية,كابتن شيف,حي المونسية,كابتن شيف - حي المونسية,الروضة,بلدية,بلدية الروضة,False,True,ايشيريشيا كولاي,ايشيريشيا كولاي,1,ايشيريشيا كولاي,,True,pathogen,date_parsed_from_text,9,True
Data 2025.xlsx,6658,2025-07-22,2025-07,2025-W30,3,1,co-0562-r01,co-0562-R01,دجاج كاري,الدجاج المطبوخ (Cooked chicken),Cooked chicken,الدجاج المطبوخ (Cooked chicken),cooked_meat_poultry,كابتن شيف - حي المونسية,كابتن شيف,حي المونسية,كابتن شيف - حي المونسية,الروضة,بلدية,بلدية الروضة,False,True,العد الكلي للبكتيريا,العد الكلي للبكتيريا,1,,العد الكلي للبكتيريا,False,indicator_only,date_parsed_from_text,1,False
Data 2025.xlsx,6659,2025-07-22,2025-07,2025-W30,3,1,co-0563-r01,co-0563-R01,دجاج بالكريمة,الدجاج المطبوخ (Cooked chicken),Cooked chicken,الدجاج المطبوخ (Cooked chicken),cooked_meat_poultry,كابتن شيف - حي المونسية,كابتن شيف,حي المونسية,كابتن شيف - حي المونسية,الروضة,بلدية,بلدية الروضة,True,False,لا يوجد,,0,,,False,none,date_parsed_from_text,1,False
Data 2025.xlsx,6660,2025-07-22,2025-07,2025-W30,3,1,co-0564-r01,co-0564-R01,فهيتا دجاج,الدجاج المطبوخ (Cooked chicken),Cooked chicken,الدجاج المطبوخ (Cooked chicken),cooked_meat_poultry,كابتن شيف - حي المونسية,كابتن شيف,حي المونسية,كابتن شيف - حي المونسية,الروضة,بلدية,بلدية الروضة,False,True,العد الكلي للبكتيريا,العد الكلي للبكتيريا,1,,العد الكلي للبكتيريا,False,indicator_only,date_parsed_from_text,2,True
Data 2025.xlsx,6661,2025-07-22,2025-07,2025-W30,3,1,co-0565-r01,co-0565-R01,دجاج ترياكي,الدجاج المطبوخ (Cooked chicken),Cooked chicken,الدجاج المطبوخ (Cooked chicken),cooked_meat_poultry,كابتن شيف - حي المونسية,كابتن شيف,حي المونسية,كابتن شيف - حي المونسية,الروضة,بلدية,بلدية الروضة,True,False,لا يوجد,,0,,,False,none,date_parsed_from_text,2,True
Data 2025.xlsx,6662,2025-07-22,2025-07,2025-W30,3,1,co-0566-r01,co-0566-R01,دجاج بالعسل,الدجاج المطبوخ (Cooked chicken),Cooked chicken,الدجاج المطبوخ (Cooked chicken),cooked_meat_poultry,كابتن شيف - حي المونسية,كابتن شيف,حي المونسية,كابتن شيف - حي المونسية,الروضة,بلدية,بلدية الروضة,False,True,استافيلوكوكس اورياس,استافيلوكوكس اورياس,1,استافيلوكوكس اورياس,,True,pathogen,date_parsed_from_text,3,True
Data 2025.xlsx,6663,2025-07-22,2025-07,2025-W30,3,1,co-0567-r01,co-0567-R01,دجاج باربكيو,الدجاج المطبوخ (Cooked chicken),Cooked chicken,الدجاج المطبوخ (Cooked chicken),cooked_meat_poultry,كابتن شيف - حي المونسية,كابتن شيف,حي المونسية,كابتن شيف - حي المونسية,الروضة,بلدية,بلدية الروضة,True,False,لا يوجد,,0,,,False,none,date_parsed_from_text,3,True
Data 2025.xlsx,6664,2025-07-22,2025-07,2025-W30,3,1,co-0568-r01,co-0568-R01,دجاج بالفول السوداني,الدجاج المطبوخ (Cooked chicken),Cooked chicken,الدجاج المطبوخ (Cooked chicken),cooked_meat_poultry,كابتن شيف - حي المونسية,كابتن شيف,حي المونسية,كابتن شيف - حي المونسية,الروضة,بلدية,بلدية الروضة,False,True,العد الكلي للبكتيريا,العد الكلي للبكتيريا,1,,العد الكلي للبكتيريا,False,indicator_only,date_parsed_from_text,4,True
Data 2025.xlsx,6670,2025-07-22,2025-07,2025-W30,3,1,co-0569-r01,co-0569-R01,دجاج بالزبدة,الدجاج المطبوخ (Cooked chicken),Cooked chicken,الدجاج المطبوخ (Cooked chicken),cooked_meat_poultry,كابتن شيف - حي المونسية,كابتن شيف,حي المونسية,كابتن شيف - حي المونسية,الروضة,بلدية,بلدية الروضة,True,False,لا يوجد,,0,,,False,none,date_parsed_from_text,8,True
Data 2025.xlsx,6682,2025-07-22,2025-07,2025-W30,3,1,co-0570-r01,co-0570-R01,ساندويتش دجاج بيستو,الدجاج المطبوخ (Cooked chicken),Cooked chicken,الدجاج المطبوخ (Cooked chicken),cooked_meat_poultry,كابتن شيف - حي المونسية,كابتن شيف,حي المونسية,كابتن شيف - حي المونسية,الروضة,بلدية,بلدية الروضة,True,False,لا يوجد,,0,,,False,none,date_parsed_from_text,12,True
Data 2025.xlsx,6684,2025-07-22,2025-07,2025-W30,3,1,fish-0220-r01,fish-0220-R01,ربيان مطبوخ,Fish/fish product(الاسماك / منتجات الاسماك),fish product,Fish/fish product(الاسماك / منتجات الاسماك),cooked_meat_poultry,كابتن شيف - حي المونسية,كابتن شيف,حي المونسية,كابتن شيف - حي المونسية,الروضة,بلدية,بلدية الروضة,True,False,لا يوجد,,0,,,False,none,date_parsed_from_text,12,True
Data 2025.xlsx,6653,2025-07-22,2025-07,2025-W30,3,1,gcv-0246-r01,GCV-0246-R01,كوشة وجزر مطبوخ,لخضار المشوية و المطبوخة,,لخضار المشوية و المطبوخة,cooked_meat_poultry,حنيذ مرخ - حي المونسية,حنيذ مرخ,حي المونسية,حنيذ مرخ - حي المونسية,الروضة,بلدية,بلدية الروضة,False,True,ايشيريشيا كولاي | استافيلوكوكس اورياس,ايشيريشيا كولاي | استافيلوكوكس اورياس,2,ايشيريشيا كولاي | استافيلوكوكس اورياس,,True,multi_pathogen,date_parsed_from_text,4,True
Data 2025.xlsx,6668,2025-07-22,2025-07,2025-W30,3,1,gcv-0247-r01,GCV-0247-R01,مشكل خضار,الخضار المشوية و المطبوخة,,الخضار المشوية و المطبوخة,cooked_meat_poultry,كابتن شيف - حي المونسية,كابتن شيف,حي المونسية,كابتن شيف - حي المونسية,الروضة,بلدية,بلدية الروضة,False,True,ايشيريشيا كولاي,ايشيريشيا كولاي,1,ايشيريشيا كولاي,,True,pathogen,date_parsed_from_text,7,True
Data 2025.xlsx,6640,2025-07-22,2025-07,2025-W30,3,1,hs-0335-r01,HS-0335-R01,شطة حارة (معلبة),الشطة (Hot sauce),Hot sauce,الشطة (Hot sauce),sauce_condiment,بيت الحطب - حي المونسية,بيت الحطب,حي المونسية,بيت الحطب - حي المونسية,الروضة,بلدية,بلدية الروضة,False,True,العد الكلي للبكتيريا,العد الكلي للبكتيريا,1,,العد الكلي للبكتيريا,False,indicator_only,date_parsed_from_text,1,False
Data 2025.xlsx,6649,2025-07-22,2025-07,2025-W30,3,1,hs-0336-r01,HS-0336-R01,دقوس احمر حار,الشطة (Hot sauce),Hot sauce,الشطة (Hot sauce),sauce_condiment,حنيذ مرخ - حي المونسية,حنيذ مرخ,حي المونسية,حنيذ مرخ - حي المونسية,الروضة,بلدية,بلدية الروضة,True,False,لا يوجد,,0,,,False,none,date_parsed_from_text,2,True
Data 2025.xlsx,6650,2025-07-22,2025-07,2025-W30,3,1,hs-0337-r01,HS-0337-R01,دقوس اخضر حار,الشطة (Hot sauce),Hot sauce,الشطة (Hot sauce),sauce_condiment,حنيذ مرخ - حي المونسية,حنيذ مرخ,حي المونسية,حنيذ مرخ - حي المونسية,الروضة,بلدية,بلدية الروضة,False,True,العد الكلي للبكتيريا | ايشيريشيا كولاي | استافيلوكوكس اورياس,العد الكلي للبكتيريا | ايشيريشيا كولاي | استافيلوكوكس اورياس,3,ايشيريشيا كولاي | استافيلوكوكس اورياس,العد الكلي للبكتيريا,True,multi_pathogen,date_parsed_from_text,3,True
Data 2025.xlsx,6691,2025-07-22,2025-07,2025-W30,3,1,ma-0121-r01,ma-0121-R01,شعير,"الشعير ,مشتقات الشعير (Malt , malt derivatives )","Malt , malt derivatives","الشعير ,مشتقات الشعير (Malt , malt derivatives )",produce,حظيرة البندري ناصر بن زيد,حظيرة البندري ناصر بن زيد,,حظيرة البندري ناصر بن زيد,العزيزية,بلدية,بلدية العزيزية,True,False,لا يوجد,,0,,,False,none,date_parsed_from_text,1,False
Data 2025.xlsx,6700,2025-07-22,2025-07,2025-W30,3,1,ma-0122-r01,ma-0122-R01,شعير,"الشعير ,مشتقات الشعير (Malt , malt derivatives )","Malt , malt derivatives","الشعير ,مشتقات الشعير (Malt , malt derivatives )",produce,مؤسسة انوار الدرب,مؤسسة انوار الدرب,,مؤسسة انوار الدرب,العزيزية,بلدية,بلدية العزيزية,True,False,لا يوجد,,0,,,False,none,date_parsed_from_text,0,False
Data 2025.xlsx,6712,2025-07-22,2025-07,2025-W30,3,1,ma-0123-r01,ma-0123-R01,شعير,اعلاف,,اعلاف,animal_feed,شركة سدار للتجارة,شركة سدار للتجارة,,شركة سدار للتجارة,العزيزية,بلدية,بلدية العزيزية,True,False,لا يوجد,,0,,,False,none,date_parsed_from_text,1,False
Data 2025.xlsx,6656,2025-07-22,2025-07,2025-W30,3,1,pa-0012-r01,pa-0012-R01,مكرونة,المكرونة - الشعيرية كل الانواع الجافة (Pasta / macaroni &Noodles all the dry types ),Pasta / macaroni &Noodles all the dry types,المكرونة - الشعيرية كل الانواع الجافة (Pasta / macaroni &Noodles all the dry types ),produce,حنيذ مرخ - حي المونسية,حنيذ مرخ,حي المونسية,حنيذ مرخ - حي المونسية,الروضة,بلدية,بلدية الروضة,True,False,لا يوجد,,0,,,False,none,date_parsed_from_text,4,True
Data 2025.xlsx,6633,2025-07-22,2025-07,2025-W30,3,1,raw-0378-r01,Raw-0378-R01,لحم فخذ عجل بلدي,لحوم نيئة مبردة ومجمدة (Raw meat Cold or chilled ),Raw meat Cold or chilled,لحوم نيئة مبردة ومجمدة (Raw meat Cold or chilled ),raw_meat,ملحمة عبدالله احمد القحطاني للحوم الطازجة,ملحمة عبدالله احمد القحطاني للحوم الطازجة,,ملحمة عبدالله احمد القحطاني للحوم الطازجة,الروضة,بلدية,بلدية الروضة,True,False,لا يوجد,,0,,,False,none,date_parsed_from_text,0,False
Data 2025.xlsx,6634,2025-07-22,2025-07,2025-W30,3,1,raw-0379-r01,Raw-0379-R01,كبدة حاشي بلدي من نفس الحاشي,لحوم نيئة مبردة ومجمدة (Raw meat Cold or chilled ),Raw meat Cold or chilled,لحوم نيئة مبردة ومجمدة (Raw meat Cold or chilled ),raw_meat,ملحمة عبدالله احمد القحطاني للحوم الطازجة,ملحمة عبدالله احمد القحطاني للحوم الطازجة,,ملحمة عبدالله احمد القحطاني للحوم الطازجة,الروضة,بلدية,بلدية الروضة,True,False,لا يوجد,,0,,,False,none,date_parsed_from_text,0,False
Data 2025.xlsx,6635,2025-07-22,2025-07,2025-W30,3,1,raw-0380-r01,Raw-0380-R01,لحم جنب حاشي بلدي,لحوم نيئة مبردة ومجمدة (Raw meat Cold or chilled ),Raw meat Cold or chilled,لحوم نيئة مبردة ومجمدة (Raw meat Cold or chilled ),raw_meat,ملحمة عبدالله احمد القحطاني للحوم الطازجة,ملحمة عبدالله احمد القحطاني للحوم الطازجة,,ملحمة عبدالله احمد القحطاني للحوم الطازجة,الروضة,بلدية,بلدية الروضة,True,False,لا يوجد,,0,,,False,none,date_parsed_from_text,0,False
Data 2025.xlsx,6636,2025-07-22,2025-07,2025-W30,3,1,raw-0381-r01,Raw-0381-R01,كبدة من نفس النعيمي,لحوم نيئة مبردة ومجمدة (Raw meat Cold or chilled ),Raw meat Cold or chilled,لحوم نيئة مبردة ومجمدة (Raw meat Cold or chilled ),raw_meat,ملحمة عبدالله احمد القحطاني للحوم الطازجة,ملحمة عبدالله احمد القحطاني للحوم الطازجة,,ملحمة عبدالله احمد القحطاني للحوم الطازجة,الروضة,بلدية,بلدية الروضة,False,True,السالمونيلا,السالمونيلا,1,السالمونيلا,,True,pathogen,date_parsed_from_text,1,False
Data 2025.xlsx,6637,2025-07-22,2025-07,2025-W30,3,1,raw-0382-r01,Raw-0382-R01,لحم جنب نعيمي بلدي,لحوم نيئة مبردة ومجمدة (Raw meat Cold or chilled ),Raw meat Cold or chilled,لحوم نيئة مبردة ومجمدة (Raw meat Cold or chilled ),raw_meat,ملحمة عبدالله احمد القحطاني للحوم الطازجة,ملحمة عبدالله احمد القحطاني للحوم الطازجة,,ملحمة عبدالله احمد القحطاني للحوم الطازجة,الروضة,بلدية,بلدية الروضة,False,True,السالمونيلا,السالمونيلا,1,السالمونيلا,,True,pathogen,date_parsed_from_text,2,True
Data 2025.xlsx,6638,2025-07-22,2025-07,2025-W30,3,1,raw-0383-r01,Raw-0383-R01,قلب من نفس النعيمي,لحوم نيئة مبردة ومجمدة (Raw meat Cold or chilled ),Raw meat Cold or chilled,لحوم نيئة مبردة ومجمدة (Raw meat Cold or chilled ),raw_meat,ملحمة عبدالله احمد القحطاني للحوم الطازجة,ملحمة عبدالله احمد القحطاني للحوم الطازجة,,ملحمة عبدالله احمد القحطاني للحوم الطازجة,الروضة,بلدية,بلدية الروضة,False,True,السالمونيلا,السالمونيلا,1,السالمونيلا,,True,pathogen,date_parsed_from_text,3,True
Data 2025.xlsx,6641,2025-07-22,2025-07,2025-W30,3,1,sal-1486-r01,Sal-1486-R01,سلطة بصل مع ليمون,السلطة(Salad),Salad,السلطة(Salad),produce,بيت الحطب - حي المونسية,بيت الحطب,حي المونسية,بيت الحطب - حي المونسية,الروضة,بلدية,بلدية الروضة,True,False,لا يوجد,,0,,,False,none,date_parsed_from_text,1,False
Data 2025.xlsx,6644,2025-07-22,2025-07,2025-W30,3,1,sal-1487-r01,Sal-1487-R01,سلطة خضراء,السلطة(Salad),Salad,السلطة(Salad),produce,بيت الحطب - حي المونسية,بيت الحطب,حي المونسية,بيت الحطب - حي المونسية,الروضة,بلدية,بلدية الروضة,True,False,لا يوجد,,0,,,False,none,date_parsed_from_text,1,False
Data 2025.xlsx,6645,2025-07-22,2025-07,2025-W30,3,1,sal-1488-r01,Sal-1488-R01,سلطة لبن خيار,السلطة(Salad),Salad,السلطة(Salad),produce,بيت الحطب - حي المونسية,بيت الحطب,حي المونسية,بيت الحطب - حي المونسية,الروضة,بلدية,بلدية الروضة,True,False,لا يوجد,,0,,,False,none,date_parsed_from_text,1,False
Data 2025.xlsx,6646,2025-07-22,2025-07,2025-W30,3,1,sal-1489-r01,Sal-1489-R01,سلطة خضراء مع دبس الرمان,السلطة(Salad),Salad,السلطة(Salad),produce,حنيذ مرخ - حي المونسية,حنيذ مرخ,حي المونسية,حنيذ مرخ - حي المونسية,الروضة,بلدية,بلدية الروضة,False,True,ايشيريشيا كولاي | استافيلوكوكس اورياس,ايشيريشيا كولاي | استافيلوكوكس اورياس,2,ايشيريشيا كولاي | استافيلوكوكس اورياس,,True,multi_pathogen,date_parsed_from_text,1,False
Data 2025.xlsx,6647,2025-07-22,2025-07,2025-W30,3,1,sal-1490-r01,Sal-1490-R01,سلطة لبن مع خيار,السلطة(Salad),Salad,السلطة(Salad),produce,حنيذ مرخ - حي المونسية,حنيذ مرخ,حي المونسية,حنيذ مرخ - حي المونسية,الروضة,بلدية,بلدية الروضة,True,False,لا يوجد,,0,,,False,none,date_parsed_from_text,1,False
Data 2025.xlsx,6648,2025-07-22,2025-07,2025-W30,3,1,sal-1491-r01,Sal-1491-R01,سلطة جرجير وبصل,السلطة(Salad),Salad,السلطة(Salad),produce,حنيذ مرخ - حي المونسية,حنيذ مرخ,حي المونسية,حنيذ مرخ - حي المونسية,الروضة,بلدية,بلدية الروضة,False,True,استافيلوكوكس اورياس,استافيلوكوكس اورياس,1,استافيلوكوكس اورياس,,True,pathogen,date_parsed_from_text,2,True
Data 2025.xlsx,6671,2025-07-22,2025-07,2025-W30,3,1,sal-1492-r01,Sal-1492-R01,سلطة سيزر,السلطة(Salad),Salad,السلطة(Salad),produce,كابتن شيف - حي المونسية,كابتن شيف,حي المونسية,كابتن شيف - حي المونسية,الروضة,بلدية,بلدية الروضة,True,False,لا يوجد,,0,,,False,none,date_parsed_from_text,8,True
Data 2025.xlsx,6639,2025-07-22,2025-07,2025-W30,3,1,sau-2022-r01,sau-2022-R01,صوص ديناميت,صوص (sauce),sauce,صوص (sauce),sauce_condiment,بيت الحطب - حي المونسية,بيت الحطب,حي المونسية,بيت الحطب - حي المونسية,الروضة,بلدية,بلدية الروضة,True,False,لا يوجد,,0,,,False,none,date_parsed_from_text,0,False
Data 2025.xlsx,6673,2025-07-22,2025-07,2025-W30,3,1,sau-2023-r01,sau-2023-R01,صوص تبولة,صوص (sauce),sauce,صوص (sauce),sauce_condiment,كابتن شيف - حي المونسية,كابتن شيف,حي المونسية,كابتن شيف - حي المونسية,الروضة,بلدية,بلدية الروضة,False,True,العد الكلي للبكتيريا,العد الكلي للبكتيريا,1,,العد الكلي للبكتيريا,False,indicator_only,date_parsed_from_text,10,True
Data 2025.xlsx,6674,2025-07-22,2025-07,2025-W30,3,1,sau-2024-r01,sau-2024-R01,صوص تبولة,صوص (sauce),sauce,صوص (sauce),sauce_condiment,كابتن شيف - حي المونسية,كابتن شيف,حي المونسية,كابتن شيف - حي المونسية,الروضة,بلدية,بلدية الروضة,True,False,لا يوجد,,0,,,False,none,date_parsed_from_text,10,True
Data 2025.xlsx,6686,2025-07-22,2025-07,2025-W30,3,1,sau-2025-r01,sau-2025-R01,صوص سيرية,صوص (sauce),sauce,صوص (sauce),sauce_condiment,كابتن شيف - حي المونسية,كابتن شيف,حي المونسية,كابتن شيف - حي المونسية,الروضة,بلدية,بلدية الروضة,True,False,لا يوجد,,0,,,False,none,date_parsed_from_text,12,True
Data 2025.xlsx,6687,2025-07-22,2025-07,2025-W30,3,1,sau-2026-r01,sau-2026-R01,صوص مكس ياربكيو +كاتشب,صوص (sauce),sauce,صوص (sauce),sauce_condiment,كابتن شيف - حي المونسية,كابتن شيف,حي المونسية,كابتن شيف - حي المونسية,الروضة,بلدية,بلدية الروضة,True,False,لا يوجد,,0,,,False,none,date_parsed_from_text,12,True
Data 2025.xlsx,6688,2025-07-22,2025-07,2025-W30,3,1,sau-2027-r01,sau-2027-R01,صوص دجاج موسكان,صوص (sauce),sauce,صوص (sauce),sauce_condiment,كابتن شيف - حي المونسية,كابتن شيف,حي المونسية,كابتن شيف - حي المونسية,الروضة,بلدية,بلدية الروضة,True,False,لا يوجد,,0,,,False,none,date_parsed_from_text,12,True
Data 2025.xlsx,6689,2025-07-22,2025-07,2025-W30,3,1,sau-2028-r01,sau-2028-R01,صوص سمك بالليمون,صوص (sauce),sauce,صوص (sauce),sauce_condiment,كابتن شيف - حي المونسية,كابتن شيف,حي المونسية,كابتن شيف - حي المونسية,الروضة,بلدية,بلدية الروضة,True,False,لا يوجد,,0,,,False,none,date_parsed_from_text,12,True
Data 2025.xlsx,6643,2025-07-22,2025-07,2025-W30,3,1,sw-3360-r01,sw-3360-R01,مسحة ادوات تحضير,(Swabs) المسحات,Swabs,(Swabs) المسحات,swab,بيت الحطب - حي المونسية,بيت الحطب,حي المونسية,بيت الحطب - حي المونسية,الروضة,بلدية,بلدية الروضة,True,False,لا يوجد,,0,,,False,none,date_parsed_from_text,1,False
Data 2025.xlsx,6651,2025-07-22,2025-07,2025-W30,3,1,sweet-1294-r01,sweet-1294-R01,كريمة كراميل,الحلا(sweetness),sweetness,الحلا(sweetness),sweets_bakery,حنيذ مرخ - حي المونسية,حنيذ مرخ,حي المونسية,حنيذ مرخ - حي المونسية,الروضة,بلدية,بلدية الروضة,True,False,لا يوجد,,0,,,False,none,date_parsed_from_text,3,True
Data 2025.xlsx,6652,2025-07-22,2025-07,2025-W30,3,1,sweet-1295-r01,sweet-1295-R01,مهلبية,الحلا(sweetness),sweetness,الحلا(sweetness),sweets_bakery,حنيذ مرخ - حي المونسية,حنيذ مرخ,حي المونسية,حنيذ مرخ - حي المونسية,الروضة,بلدية,بلدية الروضة,True,False,لا يوجد,,0,,,False,none,date_parsed_from_text,3,True
Data 2025.xlsx,6675,2025-07-22,2025-07,2025-W30,3,1,sweet-1296-r01,sweet-1296-R01,تراميسو,الحلا(sweetness),sweetness,الحلا(sweetness),sweets_bakery,كابتن شيف - حي المونسية,كابتن شيف,حي المونسية,كابتن شيف - حي المونسية,الروضة,بلدية,بلدية الروضة,True,False,لا يوجد,,0,,,False,none,date_parsed_from_text,10,True
Data 2025.xlsx,6676,2025-07-22,2025-07,2025-W30,3,1,sweet-1297-r01,sweet-1297-R01,بلاك فورست,الحلا(sweetness),sweetness,الحلا(sweetness),sweets_bakery,كابتن شيف - حي المونسية,كابتن شيف,حي المونسية,كابتن شيف - حي المونسية,الروضة,بلدية,بلدية الروضة,False,True,انتيروباكتريسي,انتيروباكتريسي,1,,انتيروباكتريسي,False,indicator_only,date_parsed_from_text,11,True
Data 2025.xlsx,6677,2025-07-22,2025-07,2025-W30,3,1,sweet-1298-r01,sweet-1298-R01,كرات التمر بالفول السوداني,الحلا(sweetness),sweetness,الحلا(sweetness),sweets_bakery,كابتن شيف - حي المونسية,كابتن شيف,حي المونسية,كابتن شيف - حي المونسية,الروضة,بلدية,بلدية الروضة,True,False,لا يوجد,,0,,,False,none,date_parsed_from_text,11,True
Data 2025.xlsx,6678,2025-07-22,2025-07,2025-W30,3,1,sweet-1299-r01,sweet-1299-R01,كيكة كابتشينو,الحلا(sweetness),sweetness,الحلا(sweetness),sweets_bakery,كابتن شيف - حي المونسية,كابتن شيف,حي المونسية,كابتن شيف - حي المونسية,الروضة,بلدية,بلدية الروضة,False,True,العد الكلي للبكتيريا | انتيروباكتريسي | ايشيريشيا كولاي | استافيلوكوكس اورياس,العد الكلي للبكتيريا | انتيروباكتريسي | ايشيريشيا كولاي | استافيلوكوكس اورياس,4,ايشيريشيا كولاي | استافيلوكوكس اورياس,العد الكلي للبكتيريا | انتيروباكتريسي,True,multi_pathogen,date_parsed_from_text,12,True
Data 2025.xlsx,6679,2025-07-22,2025-07,2025-W30,3,1,sweet-1300-r01,sweet-1300-R01,كيكة زعفران,الحلا(sweetness),sweetness,الحلا(sweetness),sweets_bakery,كابتن شيف - حي المونسية,كابتن شيف,حي المونسية,كابتن شيف - حي المونسية,الروضة,بلدية,بلدية الروضة,True,False,لا يوجد,,0,,,False,none,date_parsed_from_text,12,True
Data 2025.xlsx,6680,2025-07-22,2025-07,2025-W30,3,1,sweet-1301-r01,sweet-1301-R01,براونيز,الحلا(sweetness),sweetness,الحلا(sweetness),sweets_bakery,كابتن شيف - حي المونسية,كابتن شيف,حي المونسية,كابتن شيف - حي المونسية,الروضة,بلدية,بلدية الروضة,True,False,لا يوجد,,0,,,False,none,date_parsed_from_text,12,True
Data 2025.xlsx,6681,2025-07-22,2025-07,2025-W30,3,1,sweet-1302-r01,sweet-1302-R01,بسبوسة,الحلا(sweetness),sweetness,الحلا(sweetness),sweets_bakery,كابتن شيف - حي المونسية,كابتن شيف,حي المونسية,كابتن شيف - حي المونسية,الروضة,بلدية,بلدية الروضة,True,False,لا يوجد,,0,,,False,none,date_parsed_from_text,12,True
Data 2025.xlsx,6690,2025-07-22,2025-07,2025-W30,3,1,ubot-1045-r01,Ubot-1045-R01,مياه حنفية لغسيل الادوات م.ك,المياه الغير معبأة (Unbottled water),Unbottled water,"""المياه الغير معبأة (Unbottled water)",water,ملحمة عبدالله احمد القحطاني للحوم الطازجة,ملحمة عبدالله احمد القحطاني للحوم الطازجة,,ملحمة عبدالله احمد القحطاني للحوم الطازجة,الروضة,بلدية,بلدية الروضة,True,False,لا يوجد,,0,,,False,none,category_merged_to_canonical|date_parsed_from_text,3,True
Data 2025.xlsx,6714,2025-07-23,2025-07,2025-W30,3,2,raw-0384-r01,Raw-0384-R01,لحم كتف عجل هندي,لحوم نيئة مبردة ومجمدة (Raw meat Cold or chilled ),Raw meat Cold or chilled,لحوم نيئة مبردة ومجمدة (Raw meat Cold or chilled ),raw_meat,مؤسسة عالم سدرة للحوم,مؤسسة عالم سدرة للحوم,,مؤسسة عالم سدرة للحوم,النسيم,بلدية,بلدية النسيم,True,False,لا يوجد,,0,,,False,none,date_parsed_from_text,0,False
Data 2025.xlsx,6715,2025-07-23,2025-07,2025-W30,3,2,raw-0385-r01,Raw-0385-R01,لحم بطن تيس حبشي,لحوم نيئة مبردة ومجمدة (Raw meat Cold or chilled ),Raw meat Cold or chilled,لحوم نيئة مبردة ومجمدة (Raw meat Cold or chilled ),raw_meat,مؤسسة عالم سدرة للحوم,مؤسسة عالم سدرة للحوم,,مؤسسة عالم سدرة للحوم,النسيم,بلدية,بلدية النسيم,True,False,لا يوجد,,0,,,False,none,date_parsed_from_text,0,False
Data 2025.xlsx,6716,2025-07-23,2025-07,2025-W30,3,2,raw-0386-r01,Raw-0386-R01,لحم رجل خاروف كيني,لحوم نيئة مبردة ومجمدة (Raw meat Cold or chilled ),Raw meat Cold or chilled,لحوم نيئة مبردة ومجمدة (Raw meat Cold or chilled ),raw_meat,مؤسسة عالم سدرة للحوم,مؤسسة عالم سدرة للحوم,,مؤسسة عالم سدرة للحوم,النسيم,بلدية,بلدية النسيم,True,False,لا يوجد,,0,,,False,none,date_parsed_from_text,0,False
Data 2025.xlsx,6717,2025-07-23,2025-07,2025-W30,3,2,raw-0387-r01,Raw-0387-R01,كبدة خاروف غير معروفة,لحوم نيئة مبردة ومجمدة (Raw meat Cold or chilled ),Raw meat Cold or chilled,لحوم نيئة مبردة ومجمدة (Raw meat Cold or chilled ),raw_meat,مؤسسة عالم سدرة للحوم,مؤسسة عالم سدرة للحوم,,مؤسسة عالم سدرة للحوم,النسيم,بلدية,بلدية النسيم,True,False,لا يوجد,,0,,,False,none,date_parsed_from_text,0,False
Data 2025.xlsx,6718,2025-07-23,2025-07,2025-W30,3,2,ubot-1046-r01,Ubot-1046-R01,مياه حنفية لغسيل الادوات,لحوم نيئة مبردة ومجمدة (Raw meat Cold or chilled ),Raw meat Cold or chilled,لحوم نيئة مبردة ومجمدة (Raw meat Cold or chilled ),raw_meat,مؤسسة عالم سدرة للحوم,مؤسسة عالم سدرة للحوم,,مؤسسة عالم سدرة للحوم,النسيم,بلدية,بلدية النسيم,True,False,لا يوجد,,0,,,False,none,date_parsed_from_text,0,False
Data 2025.xlsx,6755,2025-07-26,2025-07,2025-W30,3,5,1-3293-R01,1-3293-R01,هلابينو,(jalapeno) هلابينو,jalapeno,(jalapeno) هلابينو,produce,اسواق المزرعة - حي قرطبة,اسواق المزرعة,حي قرطبة,اسواق المزرعة - حي قرطبة,الروضة,بلدية,بلدية الروضة,True,False,لا يوجد,,0,,,False,none,date_parsed_from_text,0,False
Data 2025.xlsx,6798,2025-07-26,2025-07,2025-W30,3,5,1-3294-R01,1-3294-R01,بيتزا,معجنات (pastries),pastries,معجنات (pastries),sweets_bakery,اسواق المزرعة - حي قرطبة,اسواق المزرعة,حي قرطبة,اسواق المزرعة - حي قرطبة,الروضة,بلدية,بلدية الروضة,True,False,لا يوجد,,0,,,False,none,date_parsed_from_text,3,True
Data 2025.xlsx,6808,2025-07-26,2025-07,2025-W30,3,5,1-3295-R01,1-3295-R01,هلابينو,(jalapeno) هلابينو,jalapeno,(jalapeno) هلابينو,produce,ديترو برجر هاوس - حي قرطبة,ديترو برجر هاوس,حي قرطبة,ديترو برجر هاوس - حي قرطبة,الروضة,بلدية,بلدية الروضة,True,False,لا يوجد,,0,,,False,none,date_parsed_from_text,0,False
Data 2025.xlsx,6816,2025-07-26,2025-07,2025-W30,3,5,1-3296-R01,1-3296-R01,شمندر مبشور,شمندر مبشور,,شمندر مبشور,produce,مؤسسة ال فاء - حي قرطبة,مؤسسة ال فاء,حي قرطبة,مؤسسة ال فاء - حي قرطبة,الروضة,بلدية,بلدية الروضة,False,True,استافيلوكوكس اورياس,استافيلوكوكس اورياس,1,استافيلوكوكس اورياس,,True,pathogen,date_parsed_from_text,4,True
Data 2025.xlsx,6819,2025-07-26,2025-07,2025-W30,3,5,1-3297-R01,1-3297-R01,فطر مشوي,فطر مشوي,,فطر مشوي,cooked_meat_poultry,مؤسسة ال فاء - حي قرطبة,مؤسسة ال فاء,حي قرطبة,مؤسسة ال فاء - حي قرطبة,الروضة,بلدية,بلدية الروضة,True,False,لا يوجد,,0,,,False,none,date_parsed_from_text,4,True
Data 2025.xlsx,6826,2025-07-26,2025-07,2025-W30,3,5,1-3298-R01,1-3298-R01,افوكادو,افوكادو,,افوكادو,other,مؤسسة ال فاء - حي قرطبة,مؤسسة ال فاء,حي قرطبة,مؤسسة ال فاء - حي قرطبة,الروضة,بلدية,بلدية الروضة,True,False,لا يوجد,,0,,,False,none,date_parsed_from_text|sample_type_unbucketed,5,True
Data 2025.xlsx,6832,2025-07-26,2025-07,2025-W30,3,5,1-3299-R01,1-3299-R01,رز كينوا,رز كينوا,,رز كينوا,prepared_meal,مؤسسة ال فاء - حي قرطبة,مؤسسة ال فاء,حي قرطبة,مؤسسة ال فاء - حي قرطبة,الروضة,بلدية,بلدية الروضة,False,True,العد الكلي للبكتيريا,العد الكلي للبكتيريا,1,,العد الكلي للبكتيريا,False,indicator_only,date_parsed_from_text,6,True
Data 2025.xlsx,6814,2025-07-26,2025-07,2025-W30,3,5,O-O2-ca-0215-R01,O-O2-ca-0215-R01,جزر مبشور,جزر مبشور,,جزر مبشور,produce,مؤسسة ال فاء - حي قرطبة,مؤسسة ال فاء,حي قرطبة,مؤسسة ال فاء - حي قرطبة,الروضة,بلدية,بلدية الروضة,False,True,استافيلوكوكس اورياس,استافيلوكوكس اورياس,1,استافيلوكوكس اورياس,,True,pathogen,date_parsed_from_text,2,True
Data 2025.xlsx,6823,2025-07-26,2025-07,2025-W30,3,5,O-U-po-0213-R01,O-U-po-0213-R01,حب رمان,حب رمان,,حب رمان,produce,مؤسسة ال فاء - حي قرطبة,مؤسسة ال فاء,حي قرطبة,مؤسسة ال فاء - حي قرطبة,الروضة,بلدية,بلدية الروضة,True,False,لا يوجد,,0,,,False,none,date_parsed_from_text,5,True
Data 2025.xlsx,6759,2025-07-26,2025-07,2025-W30,3,5,O-U-to-0657-R01,O-U-to-0657-R01,طماطم مجفف,الطماطم (Tomatoes),Tomatoes,الطماطم (Tomatoes),produce,اسواق المزرعة - حي قرطبة,اسواق المزرعة,حي قرطبة,اسواق المزرعة - حي قرطبة,الروضة,بلدية,بلدية الروضة,True,False,لا يوجد,,0,,,False,none,date_parsed_from_text,0,False
Data 2025.xlsx,6813,2025-07-26,2025-07,2025-W30,3,5,O-r-U-cu-0274-R01,O-r-U-cu-0274-R01,قطع خيار,قطع خيار,,قطع خيار,produce,مؤسسة ال فاء - حي قرطبة,مؤسسة ال فاء,حي قرطبة,مؤسسة ال فاء - حي قرطبة,الروضة,بلدية,بلدية الروضة,False,True,استافيلوكوكس اورياس | السالمونيلا,استافيلوكوكس اورياس | السالمونيلا,2,استافيلوكوكس اورياس | السالمونيلا,,True,multi_pathogen,date_parsed_from_text,1,False
Data 2025.xlsx,6822,2025-07-26,2025-07,2025-W30,3,5,OO-OSS-sp-0061-R01,OO-OSS-sp-0061-R01,بطاطا حلوة مشوي,بطاطا حلوة مشوية,,بطاطا حلوة مشوية,cooked_meat_poultry,مؤسسة ال فاء - حي قرطبة,مؤسسة ال فاء,حي قرطبة,مؤسسة ال فاء - حي قرطبة,الروضة,بلدية,بلدية الروضة,True,False,لا يوجد,,0,,,False,none,date_parsed_from_text,5,True
Data 2025.xlsx,6751,2025-07-26,2025-07,2025-W30,3,5,OOSS-eg-0362-R01,OOSS-eg-0362-R01,مكدوس,الباذنجان (eggplant),eggplant,الباذنجان (eggplant),dairy,اسواق المزرعة - حي قرطبة,اسواق المزرعة,حي قرطبة,اسواق المزرعة - حي قرطبة,الروضة,بلدية,بلدية الروضة,True,False,لا يوجد,,0,,,False,none,date_parsed_from_text,0,False
Data 2025.xlsx,6840,2025-07-26,2025-07,2025-W30,3,5,OSSO1UOSSU-0049-R01,OSSO1UOSSU-0049-R01,برسيم طبرجل,اعلاف,,اعلاف,animal_feed,حوش 124 – إبل,حوش 124,إبل,حوش 124 – إبل,العريجاء,بلدية,بلدية العريجاء,True,False,لا يوجد,,0,,,False,none,date_parsed_from_text,0,False
Data 2025.xlsx,6842,2025-07-26,2025-07,2025-W30,3,5,OSSO1UOSSU-0050-R01,OSSO1UOSSU-0050-R01,برسيم,اعلاف,,اعلاف,animal_feed,هادي الحميدي السبيعي – رقم النشاط 163 – غنم,هادي الحميدي السبيعي,رقم النشاط 163 – غنم,هادي الحميدي السبيعي – رقم النشاط 163 – غنم,العريجاء,بلدية,بلدية العريجاء,True,False,لا يوجد,,0,,,False,none,date_parsed_from_text,0,False
Data 2025.xlsx,6843,2025-07-26,2025-07,2025-W30,3,5,OSSO1UOSSU-0051-R01,OSSO1UOSSU-0051-R01,رودس,اعلاف,,اعلاف,animal_feed,هادي الحميدي السبيعي – رقم النشاط 163 – غنم,هادي الحميدي السبيعي,رقم النشاط 163 – غنم,هادي الحميدي السبيعي – رقم النشاط 163 – غنم,العريجاء,بلدية,بلدية العريجاء,True,False,لا يوجد,,0,,,False,none,date_parsed_from_text,0,False
Data 2025.xlsx,6844,2025-07-26,2025-07,2025-W30,3,5,OSSO1UOSSU-0052-R01,OSSO1UOSSU-0052-R01,تبن,اعلاف,,اعلاف,animal_feed,هادي الحميدي السبيعي – رقم النشاط 163 – غنم,هادي الحميدي السبيعي,رقم النشاط 163 – غنم,هادي الحميدي السبيعي – رقم النشاط 163 – غنم,العريجاء,بلدية,بلدية العريجاء,True,False,لا يوجد,,0,,,False,none,date_parsed_from_text,0,False
Data 2025.xlsx,6845,2025-07-26,2025-07,2025-W30,3,5,OSSO1UOSSU-0053-R01,OSSO1UOSSU-0053-R01,بروتين حملان بلس للتسمين,اعلاف,,اعلاف,animal_feed,هادي الحميدي السبيعي – رقم النشاط 163 – غنم,هادي الحميدي السبيعي,رقم النشاط 163 – غنم,هادي الحميدي السبيعي – رقم النشاط 163 – غنم,العريجاء,بلدية,بلدية العريجاء,True,False,لا يوجد,,0,,,False,none,date_parsed_from_text,0,False
Data 2025.xlsx,6847,2025-07-26,2025-07,2025-W30,3,5,OSSO1UOSSU-0054-R01,OSSO1UOSSU-0054-R01,برسيم,اعلاف,,اعلاف,animal_feed,عايد عباد المطيري – رقم المبسط 160,عايد عباد المطيري,رقم المبسط 160,عايد عباد المطيري – رقم المبسط 160,العريجاء,بلدية,بلدية العريجاء,True,False,لا يوجد,,0,,,False,none,date_parsed_from_text,0,False
Data 2025.xlsx,6848,2025-07-26,2025-07,2025-W30,3,5,OSSO1UOSSU-0055-R01,OSSO1UOSSU-0055-R01,تبن,اعلاف,,اعلاف,animal_feed,عايد عباد المطيري – رقم المبسط 160,عايد عباد المطيري,رقم المبسط 160,عايد عباد المطيري – رقم المبسط 160,العريجاء,بلدية,بلدية العريجاء,True,False,لا يوجد,,0,,,False,none,date_parsed_from_text,0,False
Data 2025.xlsx,6852,2025-07-26,2025-07,2025-W30,3,5,OSSO1UOSSU-0056-R01,OSSO1UOSSU-0056-R01,برسيم,اعلاف,,اعلاف,animal_feed,تركي ناصر القحطاني – رقم المبسط 132,تركي ناصر القحطاني,رقم المبسط 132,تركي ناصر القحطاني – رقم المبسط 132,العريجاء,بلدية,بلدية العريجاء,True,False,لا يوجد,,0,,,False,none,date_parsed_from_text,0,False
Data 2025.xlsx,6853,2025-07-26,2025-07,2025-W30,3,5,OSSO1UOSSU-0057-R01,OSSO1UOSSU-0057-R01,مكعب حملان ٪,اعلاف,,اعلاف,animal_feed,مؤسسة إنعام الكرامة للتجارة (أبو مشعل الغامدي) – رقم المبسط 131,مؤسسة إنعام الكرامة للتجارة (أبو مشعل الغامدي),رقم المبسط 131,مؤسسة إنعام الكرامة للتجارة (أبو مشعل الغامدي) – رقم المبسط 131,العريجاء,بلدية,بلدية العريجاء,True,False,لا يوجد,,0,,,False,none,date_parsed_from_text,0,False
Data 2025.xlsx,6855,2025-07-26,2025-07,2025-W30,3,5,OSSO1UOSSU-0058-R01,OSSO1UOSSU-0058-R01,برسيم,اعلاف,,اعلاف,animal_feed,مؤسسة إنعام الكرامة للتجارة (أبو مشعل الغامدي) – رقم المبسط 131,مؤسسة إنعام الكرامة للتجارة (أبو مشعل الغامدي),رقم المبسط 131,مؤسسة إنعام الكرامة للتجارة (أبو مشعل الغامدي) – رقم المبسط 131,العريجاء,بلدية,بلدية العريجاء,True,False,لا يوجد,,0,,,False,none,date_parsed_from_text,0,False
Data 2025.xlsx,6856,2025-07-26,2025-07,2025-W30,3,5,OSSO1UOSSU-0059-R01,OSSO1UOSSU-0059-R01,تبن,اعلاف,,اعلاف,animal_feed,مؤسسة إنعام الكرامة للتجارة (أبو مشعل الغامدي) – رقم المبسط 131,مؤسسة إنعام الكرامة للتجارة (أبو مشعل الغامدي),رقم المبسط 131,مؤسسة إنعام الكرامة للتجارة (أبو مشعل الغامدي) – رقم المبسط 131,العريجاء,بلدية,بلدية العريجاء,True,False,لا يوجد,,0,,,False,none,date_parsed_from_text,0,False
Data 2025.xlsx,6858,2025-07-26,2025-07,2025-W30,3,5,OSSO1UOSSU-0060-R01,OSSO1UOSSU-0060-R01,برسيم,اعلاف,,اعلاف,animal_feed,نواف عبدالله الشهري – رقم المبسط 124,نواف عبدالله الشهري,رقم المبسط 124,نواف عبدالله الشهري – رقم المبسط 124,العريجاء,بلدية,بلدية العريجاء,True,False,لا يوجد,,0,,,False,none,date_parsed_from_text,0,False
Data 2025.xlsx,6859,2025-07-26,2025-07,2025-W30,3,5,OSSO1UOSSU-0061-R01,OSSO1UOSSU-0061-R01,تبن,اعلاف,,اعلاف,animal_feed,نواف عبدالله الشهري – رقم المبسط 124,نواف عبدالله الشهري,رقم المبسط 124,نواف عبدالله الشهري – رقم المبسط 124,العريجاء,بلدية,بلدية العريجاء,True,False,لا يوجد,,0,,,False,none,date_parsed_from_text,0,False
Data 2025.xlsx,6860,2025-07-26,2025-07,2025-W30,3,5,OSSO1UOSSU-0062-R01,OSSO1UOSSU-0062-R01,مكعب وافي,اعلاف,,اعلاف,animal_feed,حاكم ظافر الحارثي – رقم المبسط 41,حاكم ظافر الحارثي,رقم المبسط 41,حاكم ظافر الحارثي – رقم المبسط 41,العريجاء,بلدية,بلدية العريجاء,True,False,لا يوجد,,0,,,False,none,date_parsed_from_text,0,False
Data 2025.xlsx,6861,2025-07-26,2025-07,2025-W30,3,5,OSSO1UOSSU-0063-R01,OSSO1UOSSU-0063-R01,فيدكو,اعلاف,,اعلاف,animal_feed,حاكم ظافر الحارثي – رقم المبسط 41,حاكم ظافر الحارثي,رقم المبسط 41,حاكم ظافر الحارثي – رقم المبسط 41,العريجاء,بلدية,بلدية العريجاء,True,False,لا يوجد,,0,,,False,none,date_parsed_from_text,0,False
Data 2025.xlsx,6864,2025-07-26,2025-07,2025-W30,3,5,OSSO1UOSSU-0064-R01,OSSO1UOSSU-0064-R01,رودس,اعلاف,,اعلاف,animal_feed,حاكم ظافر الحارثي – رقم المبسط 41,حاكم ظافر الحارثي,رقم المبسط 41,حاكم ظافر الحارثي – رقم المبسط 41,العريجاء,بلدية,بلدية العريجاء,True,False,لا يوجد,,0,,,False,none,date_parsed_from_text,0,False
Data 2025.xlsx,6865,2025-07-26,2025-07,2025-W30,3,5,OSSO1UOSSU-0065-R01,OSSO1UOSSU-0065-R01,برسيم,اعلاف,,اعلاف,animal_feed,حاكم ظافر الحارثي – رقم المبسط 41,حاكم ظافر الحارثي,رقم المبسط 41,حاكم ظافر الحارثي – رقم المبسط 41,العريجاء,بلدية,بلدية العريجاء,True,False,لا يوجد,,0,,,False,none,date_parsed_from_text,0,False
Data 2025.xlsx,6821,2025-07-26,2025-07,2025-W30,3,5,UO-pu-0124-R01,UO-pu-0124-R01,قرع مشوي,قرع مشوي,,قرع مشوي,cooked_meat_poultry,مؤسسة ال فاء - حي قرطبة,مؤسسة ال فاء,حي قرطبة,مؤسسة ال فاء - حي قرطبة,الروضة,بلدية,بلدية الروضة,True,False,لا يوجد,,0,,,False,none,date_parsed_from_text,5,True
Data 2025.xlsx,6815,2025-07-26,2025-07,2025-W30,3,5,UO-ra-0104-R01,UO-ra-0104-R01,فجل مبشور,فجل مبشور,,فجل مبشور,other,مؤسسة ال فاء - حي قرطبة,مؤسسة ال فاء,حي قرطبة,مؤسسة ال فاء - حي قرطبة,الروضة,بلدية,بلدية الروضة,False,True,استافيلوكوكس اورياس,استافيلوكوكس اورياس,1,استافيلوكوكس اورياس,,True,pathogen,date_parsed_from_text|sample_type_unbucketed,3,True
Data 2025.xlsx,6824,2025-07-26,2025-07,2025-W30,3,5,UOSS-be-0405-R01,UOSS-be-0405-R01,فاصوليا حمراء,فاصوليا حمراء,,فاصوليا حمراء,produce,مؤسسة ال فاء - حي قرطبة,مؤسسة ال فاء,حي قرطبة,مؤسسة ال فاء - حي قرطبة,الروضة,بلدية,بلدية الروضة,True,False,لا يوجد,,0,,,False,none,date_parsed_from_text,5,True
Data 2025.xlsx,6774,2025-07-26,2025-07,2025-W30,3,5,appe-0534-r01,Appe-0534-R01,متبل,مقبلات (Appetizers),Appetizers,مقبلات (Appetizers),prepared_meal,اسواق المزرعة - حي قرطبة,اسواق المزرعة,حي قرطبة,اسواق المزرعة - حي قرطبة,الروضة,بلدية,بلدية الروضة,True,False,لا يوجد,,0,,,False,none,date_parsed_from_text,2,True
Data 2025.xlsx,6765,2025-07-26,2025-07,2025-W30,3,5,bri-0338-r01,bri-0338-R01,كرات لبنة بزيت الزيتون,لبنة ( brick),brick,لبنة ( brick),dairy,اسواق المزرعة - حي قرطبة,اسواق المزرعة,حي قرطبة,اسواق المزرعة - حي قرطبة,الروضة,بلدية,بلدية الروضة,True,False,لا يوجد,,0,,,False,none,date_parsed_from_text,0,False
Data 2025.xlsx,6773,2025-07-26,2025-07,2025-W30,3,5,bri-0339-r01,bri-0339-R01,لبنة بالشمندر,لبنة ( brick),brick,لبنة ( brick),dairy,اسواق المزرعة - حي قرطبة,اسواق المزرعة,حي قرطبة,اسواق المزرعة - حي قرطبة,الروضة,بلدية,بلدية الروضة,True,False,لا يوجد,,0,,,False,none,date_parsed_from_text,2,True
Data 2025.xlsx,6775,2025-07-26,2025-07,2025-W30,3,5,bri-0340-r01,bri-0340-R01,لبنة مكدوس,لبنة ( brick),brick,لبنة ( brick),dairy,اسواق المزرعة - حي قرطبة,اسواق المزرعة,حي قرطبة,اسواق المزرعة - حي قرطبة,الروضة,بلدية,بلدية الروضة,True,False,لا يوجد,,0,,,False,none,date_parsed_from_text,2,True
Data 2025.xlsx,6777,2025-07-26,2025-07,2025-W30,3,5,bri-0341-r01,bri-0341-R01,لبنة تركي,لبنة ( brick),brick,لبنة ( brick),dairy,اسواق المزرعة - حي قرطبة,اسواق المزرعة,حي قرطبة,اسواق المزرعة - حي قرطبة,الروضة,بلدية,بلدية الروضة,False,True,انتيروباكتريسي,انتيروباكتريسي,1,,انتيروباكتريسي,False,indicator_only,date_parsed_from_text,3,True
Data 2025.xlsx,6778,2025-07-26,2025-07,2025-W30,3,5,bri-0342-r01,bri-0342-R01,لبنة بالنعناع,لبنة ( brick),brick,لبنة ( brick),dairy,اسواق المزرعة - حي قرطبة,اسواق المزرعة,حي قرطبة,اسواق المزرعة - حي قرطبة,الروضة,بلدية,بلدية الروضة,True,False,لا يوجد,,0,,,False,none,date_parsed_from_text,3,True
Data 2025.xlsx,6779,2025-07-26,2025-07,2025-W30,3,5,bri-0343-r01,bri-0343-R01,لبنة بالزعتر,لبنة ( brick),brick,لبنة ( brick),dairy,اسواق المزرعة - حي قرطبة,اسواق المزرعة,حي قرطبة,اسواق المزرعة - حي قرطبة,الروضة,بلدية,بلدية الروضة,True,False,لا يوجد,,0,,,False,none,date_parsed_from_text,3,True
Data 2025.xlsx,6780,2025-07-26,2025-07,2025-W30,3,5,bri-0344-r01,bri-0344-R01,لبنة جرشية,لبنة ( brick),brick,لبنة ( brick),dairy,اسواق المزرعة - حي قرطبة,اسواق المزرعة,حي قرطبة,اسواق المزرعة - حي قرطبة,الروضة,بلدية,بلدية الروضة,True,False,لا يوجد,,0,,,False,none,date_parsed_from_text,3,True
Data 2025.xlsx,6781,2025-07-26,2025-07,2025-W30,3,5,bri-0345-r01,bri-0345-R01,لبنة بينار,لبنة ( brick),brick,لبنة ( brick),dairy,اسواق المزرعة - حي قرطبة,اسواق المزرعة,حي قرطبة,اسواق المزرعة - حي قرطبة,الروضة,بلدية,بلدية الروضة,True,False,لا يوجد,,0,,,False,none,date_parsed_from_text,3,True
Data 2025.xlsx,6767,2025-07-26,2025-07,2025-W30,3,5,chee-0783-r01,Chee-0783-R01,شيدر سائل,(cheese) جبنة,cheese,(cheese) جبنة,dairy,اسواق المزرعة - حي قرطبة,اسواق المزرعة,حي قرطبة,اسواق المزرعة - حي قرطبة,الروضة,بلدية,بلدية الروضة,True,False,لا يوجد,,0,,,False,none,date_parsed_from_text,0,False
Data 2025.xlsx,6769,2025-07-26,2025-07,2025-W30,3,5,chee-0784-r01,Chee-0784-R01,جبنة حلومي بالزعتر,(cheese) جبنة,cheese,(cheese) جبنة,dairy,اسواق المزرعة - حي قرطبة,اسواق المزرعة,حي قرطبة,اسواق المزرعة - حي قرطبة,الروضة,بلدية,بلدية الروضة,False,True,استافيلوكوكس اورياس,استافيلوكوكس اورياس,1,استافيلوكوكس اورياس,,True,pathogen,date_parsed_from_text,1,False
Data 2025.xlsx,6770,2025-07-26,2025-07,2025-W30,3,5,chee-0785-r01,Chee-0785-R01,مش مصري,(cheese) جبنة,cheese,(cheese) جبنة,dairy,اسواق المزرعة - حي قرطبة,اسواق المزرعة,حي قرطبة,اسواق المزرعة - حي قرطبة,الروضة,بلدية,بلدية الروضة,False,True,استافيلوكوكس اورياس,استافيلوكوكس اورياس,1,استافيلوكوكس اورياس,,True,pathogen,date_parsed_from_text,2,True
Data 2025.xlsx,6776,2025-07-26,2025-07,2025-W30,3,5,chee-0786-r01,Chee-0786-R01,جبنة قريش (بدر),(cheese) جبنة,cheese,(cheese) جبنة,dairy,اسواق المزرعة - حي قرطبة,اسواق المزرعة,حي قرطبة,اسواق المزرعة - حي قرطبة,الروضة,بلدية,بلدية الروضة,True,False,لا يوجد,,0,,,False,none,date_parsed_from_text,2,True
Data 2025.xlsx,6782,2025-07-26,2025-07,2025-W30,3,5,chee-0787-r01,Chee-0787-R01,جبنة قريش مصرية,(cheese) جبنة,cheese,(cheese) جبنة,dairy,اسواق المزرعة - حي قرطبة,اسواق المزرعة,حي قرطبة,اسواق المزرعة - حي قرطبة,الروضة,بلدية,بلدية الروضة,True,False,لا يوجد,,0,,,False,none,date_parsed_from_text,3,True
Data 2025.xlsx,6783,2025-07-26,2025-07,2025-W30,3,5,chee-0788-r01,Chee-0788-R01,جبنة اسطنبولي,(cheese) جبنة,cheese,(cheese) جبنة,dairy,اسواق المزرعة - حي قرطبة,اسواق المزرعة,حي قرطبة,اسواق المزرعة - حي قرطبة,الروضة,بلدية,بلدية الروضة,True,False,لا يوجد,,0,,,False,none,date_parsed_from_text,3,True
Data 2025.xlsx,6784,2025-07-26,2025-07,2025-W30,3,5,chee-0789-r01,Chee-0789-R01,جبنة فيتا,(cheese) جبنة,cheese,(cheese) جبنة,dairy,اسواق المزرعة - حي قرطبة,اسواق المزرعة,حي قرطبة,اسواق المزرعة - حي قرطبة,الروضة,بلدية,بلدية الروضة,True,False,لا يوجد,,0,,,False,none,date_parsed_from_text,3,True
Data 2025.xlsx,6785,2025-07-26,2025-07,2025-W30,3,5,chee-0790-r01,Chee-0790-R01,جبنة مشلل,(cheese) جبنة,cheese,(cheese) جبنة,dairy,اسواق المزرعة - حي قرطبة,اسواق المزرعة,حي قرطبة,اسواق المزرعة - حي قرطبة,الروضة,بلدية,بلدية الروضة,True,False,لا يوجد,,0,,,False,none,date_parsed_from_text,3,True
Data 2025.xlsx,6786,2025-07-26,2025-07,2025-W30,3,5,chee-0791-r01,Chee-0791-R01,جبنة السعودية فيتا,(cheese) جبنة,cheese,(cheese) جبنة,dairy,اسواق المزرعة - حي قرطبة,اسواق المزرعة,حي قرطبة,اسواق المزرعة - حي قرطبة,الروضة,بلدية,بلدية الروضة,True,False,لا يوجد,,0,,,False,none,date_parsed_from_text,3,True
Data 2025.xlsx,6787,2025-07-26,2025-07,2025-W30,3,5,chee-0792-r01,Chee-0792-R01,استرا جبنة نابلسية,(cheese) جبنة,cheese,(cheese) جبنة,dairy,اسواق المزرعة - حي قرطبة,اسواق المزرعة,حي قرطبة,اسواق المزرعة - حي قرطبة,الروضة,بلدية,بلدية الروضة,True,False,لا يوجد,,0,,,False,none,date_parsed_from_text,3,True
Data 2025.xlsx,6788,2025-07-26,2025-07,2025-W30,3,5,chee-0793-r01,Chee-0793-R01,حلوم دائري,(cheese) جبنة,cheese,(cheese) جبنة,dairy,اسواق المزرعة - حي قرطبة,اسواق المزرعة,حي قرطبة,اسواق المزرعة - حي قرطبة,الروضة,بلدية,بلدية الروضة,True,False,لا يوجد,,0,,,False,none,date_parsed_from_text,3,True
Data 2025.xlsx,6829,2025-07-26,2025-07,2025-W30,3,5,chee-0794-r01,Chee-0794-R01,حلوم مشوي,حلوم مشوي,,حلوم مشوي,cooked_meat_poultry,مؤسسة ال فاء - حي قرطبة,مؤسسة ال فاء,حي قرطبة,مؤسسة ال فاء - حي قرطبة,الروضة,بلدية,بلدية الروضة,True,False,لا يوجد,,0,,,False,none,date_parsed_from_text,5,True
Data 2025.xlsx,6833,2025-07-26,2025-07,2025-W30,3,5,chee-0795-r01,Chee-0795-R01,جبنة فيتا,جبنة فيتا,,جبنة فيتا,dairy,مؤسسة ال فاء - حي قرطبة,مؤسسة ال فاء,حي قرطبة,مؤسسة ال فاء - حي قرطبة,الروضة,بلدية,بلدية الروضة,True,False,لا يوجد,,0,,,False,none,date_parsed_from_text,6,True
Data 2025.xlsx,6827,2025-07-26,2025-07,2025-W30,3,5,co-0571-r01,co-0571-R01,دجاج مشوي,دجاج مشوي,,دجاج مشوي,cooked_meat_poultry,مؤسسة ال فاء - حي قرطبة,مؤسسة ال فاء,حي قرطبة,مؤسسة ال فاء - حي قرطبة,الروضة,بلدية,بلدية الروضة,True,False,لا يوجد,,0,,,False,none,date_parsed_from_text,5,True
Data 2025.xlsx,6830,2025-07-26,2025-07,2025-W30,3,5,co-0572-r01,co-0572-R01,بوب كور دجاج,بوب كور دجاج,,بوب كور دجاج,cooked_meat_poultry,مؤسسة ال فاء - حي قرطبة,مؤسسة ال فاء,حي قرطبة,مؤسسة ال فاء - حي قرطبة,الروضة,بلدية,بلدية الروضة,True,False,لا يوجد,,0,,,False,none,date_parsed_from_text,5,True
Data 2025.xlsx,6851,2025-07-26,2025-07,2025-W30,3,5,cor-0259-r01,Cor-0259-R01,ذرة,اعلاف,,اعلاف,animal_feed,تركي ناصر القحطاني – رقم المبسط 132,تركي ناصر القحطاني,رقم المبسط 132,تركي ناصر القحطاني – رقم المبسط 132,العريجاء,بلدية,بلدية العريجاء,True,False,لا يوجد,,0,,,False,none,date_parsed_from_text,0,False
Data 2025.xlsx,6854,2025-07-26,2025-07,2025-W30,3,5,cor-0260-r01,Cor-0260-R01,ذرة صفراء مجروش,الذرة (Corn),Corn,الذرة (Corn),produce,مؤسسة إنعام الكرامة للتجارة (أبو مشعل الغامدي) – رقم المبسط 131,مؤسسة إنعام الكرامة للتجارة (أبو مشعل الغامدي),رقم المبسط 131,مؤسسة إنعام الكرامة للتجارة (أبو مشعل الغامدي) – رقم المبسط 131,العريجاء,بلدية,بلدية العريجاء,True,False,لا يوجد,,0,,,False,none,date_parsed_from_text,0,False
Data 2025.xlsx,6857,2025-07-26,2025-07,2025-W30,3,5,cor-0261-r01,Cor-0261-R01,ذرة,الذرة (Corn),Corn,الذرة (Corn),produce,نواف عبدالله الشهري – رقم المبسط 124,نواف عبدالله الشهري,رقم المبسط 124,نواف عبدالله الشهري – رقم المبسط 124,العريجاء,بلدية,بلدية العريجاء,True,False,لا يوجد,,0,,,False,none,date_parsed_from_text,0,False
Data 2025.xlsx,6863,2025-07-26,2025-07,2025-W30,3,5,cor-0262-r01,Cor-0262-R01,ذرة,الذرة (Corn),Corn,الذرة (Corn),produce,حاكم ظافر الحارثي – رقم المبسط 41,حاكم ظافر الحارثي,رقم المبسط 41,حاكم ظافر الحارثي – رقم المبسط 41,العريجاء,بلدية,بلدية العريجاء,True,False,لا يوجد,,0,,,False,none,date_parsed_from_text,0,False
Data 2025.xlsx,6818,2025-07-26,2025-07,2025-W30,3,5,cor-0263-r01,Cor-0263-R01,ذرة,ذرة,,ذرة,produce,مؤسسة ال فاء - حي قرطبة,مؤسسة ال فاء,حي قرطبة,مؤسسة ال فاء - حي قرطبة,الروضة,بلدية,بلدية الروضة,True,False,لا يوجد,,0,,,False,none,date_parsed_from_text,4,True
Data 2025.xlsx,6790,2025-07-26,2025-07,2025-W30,3,5,flswe-0073-r01,FlSwe-0073-R01,حلاوة طحينة,حلاوة طحينة( Flour Sweetness),Flour Sweetness,حلاوة طحينة( Flour Sweetness),sauce_condiment,اسواق المزرعة - حي قرطبة,اسواق المزرعة,حي قرطبة,اسواق المزرعة - حي قرطبة,الروضة,بلدية,بلدية الروضة,True,False,لا يوجد,,0,,,False,none,date_parsed_from_text,3,True
Data 2025.xlsx,6732,2025-07-26,2025-07,2025-W30,3,5,gcv-0248-r01,GCV-0248-R01,ايدام خضار,الخضار المشوية و المطبوخة,,الخضار المشوية و المطبوخة,cooked_meat_poultry,مطعم قدر كبسة - حي قرطبة,مطعم قدر كبسة,حي قرطبة,مطعم قدر كبسة - حي قرطبة,الروضة,بلدية,بلدية الروضة,True,False,لا يوجد,,0,,,False,none,date_parsed_from_text,1,False
Data 2025.xlsx,6733,2025-07-26,2025-07,2025-W30,3,5,gcv-0249-r01,GCV-0249-R01,ايدام بامية,الخضار المشوية و المطبوخة,,الخضار المشوية و المطبوخة,cooked_meat_poultry,مطعم قدر كبسة - حي قرطبة,مطعم قدر كبسة,حي قرطبة,مطعم قدر كبسة - حي قرطبة,الروضة,بلدية,بلدية الروضة,True,False,لا يوجد,,0,,,False,none,date_parsed_from_text,1,False
Data 2025.xlsx,6817,2025-07-26,2025-07,2025-W30,3,5,gcv-0250-r01,GCV-0250-R01,زهرة مشوي,زهرة مشوية,,زهرة مشوية,cooked_meat_poultry,مؤسسة ال فاء - حي قرطبة,مؤسسة ال فاء,حي قرطبة,مؤسسة ال فاء - حي قرطبة,الروضة,بلدية,بلدية الروضة,True,False,لا يوجد,,0,,,False,none,date_parsed_from_text,4,True
Data 2025.xlsx,6831,2025-07-26,2025-07,2025-W30,3,5,gcv-0251-r01,GCV-0251-R01,زهرة مقلي,زهرة مقلية,,زهرة مقلية,other,مؤسسة ال فاء - حي قرطبة,مؤسسة ال فاء,حي قرطبة,مؤسسة ال فاء - حي قرطبة,الروضة,بلدية,بلدية الروضة,True,False,لا يوجد,,0,,,False,none,date_parsed_from_text|sample_type_unbucketed,5,True
Data 2025.xlsx,6768,2025-07-26,2025-07,2025-W30,3,5,gr-0191-r01,gr-0191-R01,ورق عنب,ورق عنب (Grape leaves),Grape leaves,ورق عنب (Grape leaves),produce,اسواق المزرعة - حي قرطبة,اسواق المزرعة,حي قرطبة,اسواق المزرعة - حي قرطبة,الروضة,بلدية,بلدية الروضة,True,False,لا يوجد,,0,,,False,none,date_parsed_from_text,0,False
Data 2025.xlsx,6828,2025-07-26,2025-07,2025-W30,3,5,gr-0192-r01,gr-0192-R01,فتة ورق عنب,فتة ورق عنب,,فتة ورق عنب,produce,مؤسسة ال فاء - حي قرطبة,مؤسسة ال فاء,حي قرطبة,مؤسسة ال فاء - حي قرطبة,الروضة,بلدية,بلدية الروضة,True,False,لا يوجد,,0,,,False,none,date_parsed_from_text,5,True
Data 2025.xlsx,6820,2025-07-26,2025-07,2025-W30,3,5,homo-0471-r01,homo-0471-R01,حمص مشوي,حمص مشوي,,حمص مشوي,cooked_meat_poultry,مؤسسة ال فاء - حي قرطبة,مؤسسة ال فاء,حي قرطبة,مؤسسة ال فاء - حي قرطبة,الروضة,بلدية,بلدية الروضة,False,True,العد الكلي للبكتيريا,العد الكلي للبكتيريا,1,,العد الكلي للبكتيريا,False,indicator_only,date_parsed_from_text,5,True
Data 2025.xlsx,6729,2025-07-26,2025-07,2025-W30,3,5,hs-0338-r01,HS-0338-R01,شطة حمراء حارة,الشطة (Hot sauce),Hot sauce,الشطة (Hot sauce),sauce_condiment,مطعم قدر كبسة - حي قرطبة,مطعم قدر كبسة,حي قرطبة,مطعم قدر كبسة - حي قرطبة,الروضة,بلدية,بلدية الروضة,False,True,العد الكلي للبكتيريا,العد الكلي للبكتيريا,1,,العد الكلي للبكتيريا,False,indicator_only,date_parsed_from_text,1,False
Data 2025.xlsx,6766,2025-07-26,2025-07,2025-W30,3,5,hs-0339-r01,HS-0339-R01,شطة,الشطة (Hot sauce),Hot sauce,الشطة (Hot sauce),sauce_condiment,اسواق المزرعة - حي قرطبة,اسواق المزرعة,حي قرطبة,اسواق المزرعة - حي قرطبة,الروضة,بلدية,بلدية الروضة,True,False,لا يوجد,,0,,,False,none,date_parsed_from_text,0,False
Data 2025.xlsx,6760,2025-07-26,2025-07,2025-W30,3,5,lup-0194-r01,Lup-0194-R01,ترمس,ترمس (Lupin Bean),Lupin Bean,ترمس (Lupin Bean),produce,اسواق المزرعة - حي قرطبة,اسواق المزرعة,حي قرطبة,اسواق المزرعة - حي قرطبة,الروضة,بلدية,بلدية الروضة,True,False,لا يوجد,,0,,,False,none,date_parsed_from_text,0,False
Data 2025.xlsx,6841,2025-07-26,2025-07,2025-W30,3,5,ma-0130-r01,ma-0130-R01,شعير فيدكو,"الشعير ,مشتقات الشعير (Malt , malt derivatives )","Malt , malt derivatives","الشعير ,مشتقات الشعير (Malt , malt derivatives )",produce,هادي الحميدي السبيعي – رقم النشاط 163 – غنم,هادي الحميدي السبيعي,رقم النشاط 163 – غنم,هادي الحميدي السبيعي – رقم النشاط 163 – غنم,العريجاء,بلدية,بلدية العريجاء,True,False,لا يوجد,,0,,,False,none,date_parsed_from_text,0,False
Data 2025.xlsx,6846,2025-07-26,2025-07,2025-W30,3,5,ma-0131-r01,ma-0131-R01,شعير,اعلاف,,اعلاف,animal_feed,عايد عباد المطيري – رقم المبسط 160,عايد عباد المطيري,رقم المبسط 160,عايد عباد المطيري – رقم المبسط 160,العريجاء,بلدية,بلدية العريجاء,True,False,لا يوجد,,0,,,False,none,date_parsed_from_text,0,False
Data 2025.xlsx,6849,2025-07-26,2025-07,2025-W30,3,5,ma-0132-r01,ma-0132-R01,شعير حب,"الشعير ,مشتقات الشعير (Malt , malt derivatives )","Malt , malt derivatives","الشعير ,مشتقات الشعير (Malt , malt derivatives )",produce,تركي ناصر القحطاني – رقم المبسط 132,تركي ناصر القحطاني,رقم المبسط 132,تركي ناصر القحطاني – رقم المبسط 132,العريجاء,بلدية,بلدية العريجاء,True,False,لا يوجد,,0,,,False,none,date_parsed_from_text,0,False
Data 2025.xlsx,6850,2025-07-26,2025-07,2025-W30,3,5,ma-0133-r01,ma-0133-R01,شعير مضغوط,"الشعير ,مشتقات الشعير (Malt , malt derivatives )","Malt , malt derivatives","الشعير ,مشتقات الشعير (Malt , malt derivatives )",produce,تركي ناصر القحطاني – رقم المبسط 132,تركي ناصر القحطاني,رقم المبسط 132,تركي ناصر القحطاني – رقم المبسط 132,العريجاء,بلدية,بلدية العريجاء,True,False,لا يوجد,,0,,,False,none,date_parsed_from_text,0,False
Data 2025.xlsx,6862,2025-07-26,2025-07,2025-W30,3,5,ma-0134-r01,ma-0134-R01,شعير حب,"الشعير ,مشتقات الشعير (Malt , malt derivatives )","Malt , malt derivatives","الشعير ,مشتقات الشعير (Malt , malt derivatives )",produce,حاكم ظافر الحارثي – رقم المبسط 41,حاكم ظافر الحارثي,رقم المبسط 41,حاكم ظافر الحارثي – رقم المبسط 41,العريجاء,بلدية,بلدية العريجاء,True,False,لا يوجد,,0,,,False,none,date_parsed_from_text,0,False
Data 2025.xlsx,6825,2025-07-26,2025-07,2025-W30,3,5,mango-0052-r01,Mango-0052-R01,قطع مانجا,قطع مانجا,,قطع مانجا,other,مؤسسة ال فاء - حي قرطبة,مؤسسة ال فاء,حي قرطبة,مؤسسة ال فاء - حي قرطبة,الروضة,بلدية,بلدية الروضة,True,False,لا يوجد,,0,,,False,none,date_parsed_from_text|sample_type_unbucketed,5,True
Data 2025.xlsx,6837,2025-07-26,2025-07,2025-W30,3,5,mola-0056-r01,mola-0056-R01,دبس رمان مع ليمون,دبس رمان مع ليمون,,دبس رمان مع ليمون,produce,مؤسسة ال فاء - حي قرطبة,مؤسسة ال فاء,حي قرطبة,مؤسسة ال فاء - حي قرطبة,الروضة,بلدية,بلدية الروضة,True,False,لا يوجد,,0,,,False,none,date_parsed_from_text,6,True
Data 2025.xlsx,6734,2025-07-26,2025-07,2025-W30,3,5,olv-0531-r01,olv-0531-R01,زيتون اسود,الزيتون /Olive,Olive,الزيتون /Olive,produce,اسواق المزرعة - حي قرطبة,اسواق المزرعة,حي قرطبة,اسواق المزرعة - حي قرطبة,الروضة,بلدية,بلدية الروضة,True,False,لا يوجد,,0,,,False,none,date_parsed_from_text,0,False
Data 2025.xlsx,6735,2025-07-26,2025-07,2025-W30,3,5,olv-0532-r01,olv-0532-R01,زيتون اخضر مغربي,الزيتون /Olive,Olive,الزيتون /Olive,produce,اسواق المزرعة - حي قرطبة,اسواق المزرعة,حي قرطبة,اسواق المزرعة - حي قرطبة,الروضة,بلدية,بلدية الروضة,True,False,لا يوجد,,0,,,False,none,date_parsed_from_text,0,False
Data 2025.xlsx,6736,2025-07-26,2025-07,2025-W30,3,5,olv-0533-r01,olv-0533-R01,زيتون اخضر اسباني,الزيتون /Olive,Olive,الزيتون /Olive,produce,اسواق المزرعة - حي قرطبة,اسواق المزرعة,حي قرطبة,اسواق المزرعة - حي قرطبة,الروضة,بلدية,بلدية الروضة,True,False,لا يوجد,,0,,,False,none,date_parsed_from_text,0,False
Data 2025.xlsx,6737,2025-07-26,2025-07,2025-W30,3,5,olv-0534-r01,olv-0534-R01,زيتون تركي مشوي,الزيتون /Olive,Olive,الزيتون /Olive,produce,اسواق المزرعة - حي قرطبة,اسواق المزرعة,حي قرطبة,اسواق المزرعة - حي قرطبة,الروضة,بلدية,بلدية الروضة,True,False,لا يوجد,,0,,,False,none,date_parsed_from_text,0,False
Data 2025.xlsx,6738,2025-07-26,2025-07,2025-W30,3,5,olv-0535-r01,olv-0535-R01,زيتون سوري سلقيني,الزيتون /Olive,Olive,الزيتون /Olive,produce,اسواق المزرعة - حي قرطبة,اسواق المزرعة,حي قرطبة,اسواق المزرعة - حي قرطبة,الروضة,بلدية,بلدية الروضة,True,False,لا يوجد,,0,,,False,none,date_parsed_from_text,0,False
Data 2025.xlsx,6739,2025-07-26,2025-07,2025-W30,3,5,olv-0536-r01,olv-0536-R01,زيتون اخضر سلقيني,الزيتون /Olive,Olive,الزيتون /Olive,produce,اسواق المزرعة - حي قرطبة,اسواق المزرعة,حي قرطبة,اسواق المزرعة - حي قرطبة,الروضة,بلدية,بلدية الروضة,True,False,لا يوجد,,0,,,False,none,date_parsed_from_text,0,False
Data 2025.xlsx,6740,2025-07-26,2025-07,2025-W30,3,5,olv-0537-r01,olv-0537-R01,زيتون كالاماتا احمر,الزيتون /Olive,Olive,الزيتون /Olive,produce,اسواق المزرعة - حي قرطبة,اسواق المزرعة,حي قرطبة,اسواق المزرعة - حي قرطبة,الروضة,بلدية,بلدية الروضة,True,False,لا يوجد,,0,,,False,none,date_parsed_from_text,0,False
Data 2025.xlsx,6741,2025-07-26,2025-07,2025-W30,3,5,olv-0538-r01,olv-0538-R01,زيتون اخضر اردني,الزيتون /Olive,Olive,الزيتون /Olive,produce,اسواق المزرعة - حي قرطبة,اسواق المزرعة,حي قرطبة,اسواق المزرعة - حي قرطبة,الروضة,بلدية,بلدية الروضة,True,False,لا يوجد,,0,,,False,none,date_parsed_from_text,0,False
Data 2025.xlsx,6742,2025-07-26,2025-07,2025-W30,3,5,olv-0539-r01,olv-0539-R01,زيتون مجفف,الزيتون /Olive,Olive,الزيتون /Olive,produce,اسواق المزرعة - حي قرطبة,اسواق المزرعة,حي قرطبة,اسواق المزرعة - حي قرطبة,الروضة,بلدية,بلدية الروضة,True,False,لا يوجد,,0,,,False,none,date_parsed_from_text,0,False
Data 2025.xlsx,6743,2025-07-26,2025-07,2025-W30,3,5,olv-0540-r01,olv-0540-R01,زيتون مكس,الزيتون /Olive,Olive,الزيتون /Olive,produce,اسواق المزرعة - حي قرطبة,اسواق المزرعة,حي قرطبة,اسواق المزرعة - حي قرطبة,الروضة,بلدية,بلدية الروضة,True,False,لا يوجد,,0,,,False,none,date_parsed_from_text,0,False
Data 2025.xlsx,6744,2025-07-26,2025-07,2025-W30,3,5,olv-0541-r01,olv-0541-R01,زيتون محشي فليفلة سوري,الزيتون /Olive,Olive,الزيتون /Olive,produce,اسواق المزرعة - حي قرطبة,اسواق المزرعة,حي قرطبة,اسواق المزرعة - حي قرطبة,الروضة,بلدية,بلدية الروضة,True,False,لا يوجد,,0,,,False,none,date_parsed_from_text,0,False
Data 2025.xlsx,6745,2025-07-26,2025-07,2025-W30,3,5,olv-0542-r01,olv-0542-R01,زيتون محشي جزر سوري,الزيتون /Olive,Olive,الزيتون /Olive,produce,اسواق المزرعة - حي قرطبة,اسواق المزرعة,حي قرطبة,اسواق المزرعة - حي قرطبة,الروضة,بلدية,بلدية الروضة,True,False,لا يوجد,,0,,,False,none,date_parsed_from_text,0,False
Data 2025.xlsx,6746,2025-07-26,2025-07,2025-W30,3,5,olv-0543-r01,olv-0543-R01,زيتون محشي ليمون,الزيتون /Olive,Olive,الزيتون /Olive,produce,اسواق المزرعة - حي قرطبة,اسواق المزرعة,حي قرطبة,اسواق المزرعة - حي قرطبة,الروضة,بلدية,بلدية الروضة,True,False,لا يوجد,,0,,,False,none,date_parsed_from_text,0,False
Data 2025.xlsx,6747,2025-07-26,2025-07,2025-W30,3,5,olv-0544-r01,olv-0544-R01,زيتون محشي زعتر,الزيتون /Olive,Olive,الزيتون /Olive,produce,اسواق المزرعة - حي قرطبة,اسواق المزرعة,حي قرطبة,اسواق المزرعة - حي قرطبة,الروضة,بلدية,بلدية الروضة,True,False,لا يوجد,,0,,,False,none,date_parsed_from_text,0,False
Data 2025.xlsx,6748,2025-07-26,2025-07,2025-W30,3,5,olv-0545-r01,olv-0545-R01,زيتون اخضر مصري,الزيتون /Olive,Olive,الزيتون /Olive,produce,اسواق المزرعة - حي قرطبة,اسواق المزرعة,حي قرطبة,اسواق المزرعة - حي قرطبة,الروضة,بلدية,بلدية الروضة,True,False,لا يوجد,,0,,,False,none,date_parsed_from_text,0,False
Data 2025.xlsx,6749,2025-07-26,2025-07,2025-W30,3,5,olv-0546-r01,olv-0546-R01,زيتون ايطالي مشكل,الزيتون /Olive,Olive,الزيتون /Olive,produce,اسواق المزرعة - حي قرطبة,اسواق المزرعة,حي قرطبة,اسواق المزرعة - حي قرطبة,الروضة,بلدية,بلدية الروضة,True,False,لا يوجد,,0,,,False,none,date_parsed_from_text,0,False
Data 2025.xlsx,6750,2025-07-26,2025-07,2025-W30,3,5,olv-0547-r01,olv-0547-R01,زيتون ايطالي,الزيتون /Olive,Olive,الزيتون /Olive,produce,اسواق المزرعة - حي قرطبة,اسواق المزرعة,حي قرطبة,اسواق المزرعة - حي قرطبة,الروضة,بلدية,بلدية الروضة,True,False,لا يوجد,,0,,,False,none,date_parsed_from_text,0,False
Data 2025.xlsx,6756,2025-07-26,2025-07,2025-W30,3,5,olv-0548-r01,olv-0548-R01,زيتون اسود مطحون,الزيتون /Olive,Olive,الزيتون /Olive,produce,اسواق المزرعة - حي قرطبة,اسواق المزرعة,حي قرطبة,اسواق المزرعة - حي قرطبة,الروضة,بلدية,بلدية الروضة,True,False,لا يوجد,,0,,,False,none,date_parsed_from_text,0,False
Data 2025.xlsx,6757,2025-07-26,2025-07,2025-W30,3,5,olv-0549-r01,olv-0549-R01,زيتون اسود شرائح,الزيتون /Olive,Olive,الزيتون /Olive,produce,اسواق المزرعة - حي قرطبة,اسواق المزرعة,حي قرطبة,اسواق المزرعة - حي قرطبة,الروضة,بلدية,بلدية الروضة,True,False,لا يوجد,,0,,,False,none,date_parsed_from_text,0,False
Data 2025.xlsx,6758,2025-07-26,2025-07,2025-W30,3,5,olv-0550-r01,olv-0550-R01,زيتون اخضر مطحون,الزيتون /Olive,Olive,الزيتون /Olive,produce,اسواق المزرعة - حي قرطبة,اسواق المزرعة,حي قرطبة,اسواق المزرعة - حي قرطبة,الروضة,بلدية,بلدية الروضة,True,False,لا يوجد,,0,,,False,none,date_parsed_from_text,0,False
Data 2025.xlsx,6752,2025-07-26,2025-07,2025-W30,3,5,pick-0478-r01,Pick-0478-R01,مخلل ليمون حار,المخلل (Pickle),Pickle,المخلل (Pickle),sauce_condiment,اسواق المزرعة - حي قرطبة,اسواق المزرعة,حي قرطبة,اسواق المزرعة - حي قرطبة,الروضة,بلدية,بلدية الروضة,True,False,لا يوجد,,0,,,False,none,date_parsed_from_text,0,False
Data 2025.xlsx,6753,2025-07-26,2025-07,2025-W30,3,5,pick-0479-r01,Pick-0479-R01,طرشي مشكل,المخلل (Pickle),Pickle,المخلل (Pickle),sauce_condiment,اسواق المزرعة - حي قرطبة,اسواق المزرعة,حي قرطبة,اسواق المزرعة - حي قرطبة,الروضة,بلدية,بلدية الروضة,True,False,لا يوجد,,0,,,False,none,date_parsed_from_text,0,False
Data 2025.xlsx,6754,2025-07-26,2025-07,2025-W30,3,5,pick-0480-r01,Pick-0480-R01,طرشي مشكل مصري,المخلل (Pickle),Pickle,المخلل (Pickle),sauce_condiment,اسواق المزرعة - حي قرطبة,اسواق المزرعة,حي قرطبة,اسواق المزرعة - حي قرطبة,الروضة,بلدية,بلدية الروضة,True,False,لا يوجد,,0,,,False,none,date_parsed_from_text,0,False
Data 2025.xlsx,6807,2025-07-26,2025-07,2025-W30,3,5,pick-0481-r01,Pick-0481-R01,مخلل خيار,المخلل (Pickle),Pickle,المخلل (Pickle),sauce_condiment,ديترو برجر هاوس - حي قرطبة,ديترو برجر هاوس,حي قرطبة,ديترو برجر هاوس - حي قرطبة,الروضة,بلدية,بلدية الروضة,True,False,لا يوجد,,0,,,False,none,date_parsed_from_text,0,False
Data 2025.xlsx,6719,2025-07-26,2025-07,2025-W30,3,5,raw-0388-r01,Raw-0388-R01,لحم فخذ عجل هندي مبرد,لحوم نيئة مبردة ومجمدة (Raw meat Cold or chilled ),Raw meat Cold or chilled,لحوم نيئة مبردة ومجمدة (Raw meat Cold or chilled ),raw_meat,الجوهرة للحوم,الجوهرة للحوم,,الجوهرة للحوم,النسيم,بلدية,بلدية النسيم,True,False,لا يوجد,,0,,,False,none,date_parsed_from_text,0,False
Data 2025.xlsx,6720,2025-07-26,2025-07,2025-W30,3,5,raw-0389-r01,Raw-0389-R01,لحم موزة كتف تيس كيني مبرد,لحوم نيئة مبردة ومجمدة (Raw meat Cold or chilled ),Raw meat Cold or chilled,لحوم نيئة مبردة ومجمدة (Raw meat Cold or chilled ),raw_meat,الجوهرة للحوم,الجوهرة للحوم,,الجوهرة للحوم,النسيم,بلدية,بلدية النسيم,True,False,لا يوجد,,0,,,False,none,date_parsed_from_text,0,False
Data 2025.xlsx,6721,2025-07-26,2025-07,2025-W30,3,5,raw-0390-r01,Raw-0390-R01,لحم خاصرة تيس باكستاني مبرد,لحوم نيئة مبردة ومجمدة (Raw meat Cold or chilled ),Raw meat Cold or chilled,لحوم نيئة مبردة ومجمدة (Raw meat Cold or chilled ),raw_meat,الجوهرة للحوم,الجوهرة للحوم,,الجوهرة للحوم,النسيم,بلدية,بلدية النسيم,True,False,لا يوجد,,0,,,False,none,date_parsed_from_text,0,False
Data 2025.xlsx,6722,2025-07-26,2025-07,2025-W30,3,5,raw-0391-r01,Raw-0391-R01,لحم فخذ عجل هندي مبرد,لحوم نيئة مبردة ومجمدة (Raw meat Cold or chilled ),Raw meat Cold or chilled,لحوم نيئة مبردة ومجمدة (Raw meat Cold or chilled ),raw_meat,مؤسسه درة كواكب التجارية,مؤسسه درة كواكب التجارية,,مؤسسه درة كواكب التجارية,النسيم,بلدية,بلدية النسيم,True,False,لا يوجد,,0,,,False,none,date_parsed_from_text,0,False
Data 2025.xlsx,6723,2025-07-26,2025-07,2025-W30,3,5,raw-0392-r01,Raw-0392-R01,لحم فخذ عجل باكستاني مبرد,لحوم نيئة مبردة ومجمدة (Raw meat Cold or chilled ),Raw meat Cold or chilled,لحوم نيئة مبردة ومجمدة (Raw meat Cold or chilled ),raw_meat,مؤسسه درة كواكب التجارية,مؤسسه درة كواكب التجارية,,مؤسسه درة كواكب التجارية,النسيم,بلدية,بلدية النسيم,True,False,لا يوجد,,0,,,False,none,date_parsed_from_text,0,False
Data 2025.xlsx,6724,2025-07-26,2025-07,2025-W30,3,5,raw-0393-r01,Raw-0393-R01,لحم فخذ تيس كيني مبرد,لحوم نيئة مبردة ومجمدة (Raw meat Cold or chilled ),Raw meat Cold or chilled,لحوم نيئة مبردة ومجمدة (Raw meat Cold or chilled ),raw_meat,مؤسسه درة كواكب التجارية,مؤسسه درة كواكب التجارية,,مؤسسه درة كواكب التجارية,النسيم,بلدية,بلدية النسيم,True,False,لا يوجد,,0,,,False,none,date_parsed_from_text,0,False
Data 2025.xlsx,6725,2025-07-26,2025-07,2025-W30,3,5,raw-0394-r01,Raw-0394-R01,لحم فخذ خاروف استرالي مبرد,لحوم نيئة مبردة ومجمدة (Raw meat Cold or chilled ),Raw meat Cold or chilled,لحوم نيئة مبردة ومجمدة (Raw meat Cold or chilled ),raw_meat,مؤسسه درة كواكب التجارية,مؤسسه درة كواكب التجارية,,مؤسسه درة كواكب التجارية,النسيم,بلدية,بلدية النسيم,True,False,لا يوجد,,0,,,False,none,date_parsed_from_text,0,False
Data 2025.xlsx,6726,2025-07-26,2025-07,2025-W30,3,5,sal-1493-r01,Sal-1493-R01,سلطة خضراء,السلطة(Salad),Salad,السلطة(Salad),produce,مطعم قدر كبسة - حي قرطبة,مطعم قدر كبسة,حي قرطبة,مطعم قدر كبسة - حي قرطبة,الروضة,بلدية,بلدية الروضة,True,False,لا يوجد,,0,,,False,none,date_parsed_from_text,0,False
Data 2025.xlsx,6727,2025-07-26,2025-07,2025-W30,3,5,sal-1494-r01,Sal-1494-R01,سلطة طماطم بصل,السلطة(Salad),Salad,السلطة(Salad),produce,مطعم قدر كبسة - حي قرطبة,مطعم قدر كبسة,حي قرطبة,مطعم قدر كبسة - حي قرطبة,الروضة,بلدية,بلدية الروضة,True,False,لا يوجد,,0,,,False,none,date_parsed_from_text,0,False
Data 2025.xlsx,6730,2025-07-26,2025-07,2025-W30,3,5,sal-1495-r01,Sal-1495-R01,سلطة زبادي خيار,السلطة(Salad),Salad,السلطة(Salad),produce,مطعم قدر كبسة - حي قرطبة,مطعم قدر كبسة,حي قرطبة,مطعم قدر كبسة - حي قرطبة,الروضة,بلدية,بلدية الروضة,True,False,لا يوجد,,0,,,False,none,date_parsed_from_text,1,False
Data 2025.xlsx,6761,2025-07-26,2025-07,2025-W30,3,5,sal-1496-r01,Sal-1496-R01,سلطة زيتون حار,السلطة(Salad),Salad,السلطة(Salad),produce,اسواق المزرعة - حي قرطبة,اسواق المزرعة,حي قرطبة,اسواق المزرعة - حي قرطبة,الروضة,بلدية,بلدية الروضة,True,False,لا يوجد,,0,,,False,none,date_parsed_from_text,0,False
Data 2025.xlsx,6762,2025-07-26,2025-07,2025-W30,3,5,sal-1497-r01,Sal-1497-R01,سلطة جبنة بالزعتر,السلطة(Salad),Salad,السلطة(Salad),produce,اسواق المزرعة - حي قرطبة,اسواق المزرعة,حي قرطبة,اسواق المزرعة - حي قرطبة,الروضة,بلدية,بلدية الروضة,True,False,لا يوجد,,0,,,False,none,date_parsed_from_text,0,False
Data 2025.xlsx,6763,2025-07-26,2025-07,2025-W30,3,5,sal-1498-r01,Sal-1498-R01,سلطة جبن بالمكدوس,السلطة(Salad),Salad,السلطة(Salad),produce,اسواق المزرعة - حي قرطبة,اسواق المزرعة,حي قرطبة,اسواق المزرعة - حي قرطبة,الروضة,بلدية,بلدية الروضة,True,False,لا يوجد,,0,,,False,none,date_parsed_from_text,0,False
Data 2025.xlsx,6764,2025-07-26,2025-07,2025-W30,3,5,sal-1499-r01,Sal-1499-R01,سلطة جبن مع الفلفل الحار,السلطة(Salad),Salad,السلطة(Salad),produce,اسواق المزرعة - حي قرطبة,اسواق المزرعة,حي قرطبة,اسواق المزرعة - حي قرطبة,الروضة,بلدية,بلدية الروضة,True,False,لا يوجد,,0,,,False,none,date_parsed_from_text,0,False
Data 2025.xlsx,6771,2025-07-26,2025-07,2025-W30,3,5,sal-1500-r01,Sal-1500-R01,سلطة جبنة بالنعاع,السلطة(Salad),Salad,السلطة(Salad),produce,اسواق المزرعة - حي قرطبة,اسواق المزرعة,حي قرطبة,اسواق المزرعة - حي قرطبة,الروضة,بلدية,بلدية الروضة,True,False,لا يوجد,,0,,,False,none,date_parsed_from_text,2,True
Data 2025.xlsx,6772,2025-07-26,2025-07,2025-W30,3,5,sal-1501-r01,Sal-1501-R01,سلطة بالمكدوس,السلطة(Salad),Salad,السلطة(Salad),produce,اسواق المزرعة - حي قرطبة,اسواق المزرعة,حي قرطبة,اسواق المزرعة - حي قرطبة,الروضة,بلدية,بلدية الروضة,True,False,لا يوجد,,0,,,False,none,date_parsed_from_text,2,True
Data 2025.xlsx,6728,2025-07-26,2025-07,2025-W30,3,5,sau-2029-r01,sau-2029-R01,صوص سومطرا مع زبادي,صوص (sauce),sauce,صوص (sauce),sauce_condiment,مطعم قدر كبسة - حي قرطبة,مطعم قدر كبسة,حي قرطبة,مطعم قدر كبسة - حي قرطبة,الروضة,بلدية,بلدية الروضة,True,False,لا يوجد,,0,,,False,none,date_parsed_from_text,0,False
Data 2025.xlsx,6789,2025-07-26,2025-07,2025-W30,3,5,sau-2030-r01,sau-2030-R01,صوص طحينة,صوص (sauce),sauce,صوص (sauce),sauce_condiment,اسواق المزرعة - حي قرطبة,اسواق المزرعة,حي قرطبة,اسواق المزرعة - حي قرطبة,الروضة,بلدية,بلدية الروضة,True,False,لا يوجد,,0,,,False,none,date_parsed_from_text,3,True
Data 2025.xlsx,6805,2025-07-26,2025-07,2025-W30,3,5,sau-2031-r01,sau-2031-R01,صوص تشيكر,صوص (sauce),sauce,صوص (sauce),sauce_condiment,ديترو برجر هاوس - حي قرطبة,ديترو برجر هاوس,حي قرطبة,ديترو برجر هاوس - حي قرطبة,الروضة,بلدية,بلدية الروضة,True,False,لا يوجد,,0,,,False,none,date_parsed_from_text,0,False
Data 2025.xlsx,6806,2025-07-26,2025-07,2025-W30,3,5,sau-2032-r01,sau-2032-R01,صوص مكسيكن,صوص (sauce),sauce,صوص (sauce),sauce_condiment,ديترو برجر هاوس - حي قرطبة,ديترو برجر هاوس,حي قرطبة,ديترو برجر هاوس - حي قرطبة,الروضة,بلدية,بلدية الروضة,True,False,لا يوجد,,0,,,False,none,date_parsed_from_text,0,False
Data 2025.xlsx,6809,2025-07-26,2025-07,2025-W30,3,5,sau-2033-r01,sau-2033-R01,صوص شوكولاتة بودينق,صوص (sauce),sauce,صوص (sauce),sauce_condiment,ديترو برجر هاوس - حي قرطبة,ديترو برجر هاوس,حي قرطبة,ديترو برجر هاوس - حي قرطبة,الروضة,بلدية,بلدية الروضة,True,False,لا يوجد,,0,,,False,none,date_parsed_from_text,0,False
Data 2025.xlsx,6810,2025-07-26,2025-07,2025-W30,3,5,sau-2034-r01,sau-2034-R01,صوص جبن,صوص (sauce),sauce,صوص (sauce),sauce_condiment,ديترو برجر هاوس - حي قرطبة,ديترو برجر هاوس,حي قرطبة,ديترو برجر هاوس - حي قرطبة,الروضة,بلدية,بلدية الروضة,True,False,لا يوجد,,0,,,False,none,date_parsed_from_text,0,False
Data 2025.xlsx,6834,2025-07-26,2025-07,2025-W30,3,5,sau-2035-r01,sau-2035-R01,صوص فرنسي,صوص فرنسي,,صوص فرنسي,sauce_condiment,مؤسسة ال فاء - حي قرطبة,مؤسسة ال فاء,حي قرطبة,مؤسسة ال فاء - حي قرطبة,الروضة,بلدية,بلدية الروضة,True,False,لا يوجد,,0,,,False,none,date_parsed_from_text,6,True
Data 2025.xlsx,6835,2025-07-26,2025-07,2025-W30,3,5,sau-2036-r01,sau-2036-R01,صوص ساور,صوص ساور,,صوص ساور,sauce_condiment,مؤسسة ال فاء - حي قرطبة,مؤسسة ال فاء,حي قرطبة,مؤسسة ال فاء - حي قرطبة,الروضة,بلدية,بلدية الروضة,True,False,لا يوجد,,0,,,False,none,date_parsed_from_text,6,True
Data 2025.xlsx,6836,2025-07-26,2025-07,2025-W30,3,5,sau-2037-r01,sau-2037-R01,صوص رانش,صوص رانش,,صوص رانش,sauce_condiment,مؤسسة ال فاء - حي قرطبة,مؤسسة ال فاء,حي قرطبة,مؤسسة ال فاء - حي قرطبة,الروضة,بلدية,بلدية الروضة,True,False,لا يوجد,,0,,,False,none,date_parsed_from_text,6,True
Data 2025.xlsx,6791,2025-07-26,2025-07,2025-W30,3,5,sw-3361-r01,sw-3361-R01,مسحة ثلاجة,(Swabs) المسحات,Swabs,(Swabs) المسحات,swab,اسواق المزرعة - حي قرطبة,اسواق المزرعة,حي قرطبة,اسواق المزرعة - حي قرطبة,الروضة,بلدية,بلدية الروضة,True,False,لا يوجد,,0,,,False,none,date_parsed_from_text,3,True
Data 2025.xlsx,6792,2025-07-26,2025-07,2025-W30,3,5,sw-3362-r01,sw-3362-R01,مسحة ثلاجة,(Swabs) المسحات,Swabs,(Swabs) المسحات,swab,اسواق المزرعة - حي قرطبة,اسواق المزرعة,حي قرطبة,اسواق المزرعة - حي قرطبة,الروضة,بلدية,بلدية الروضة,True,False,لا يوجد,,0,,,False,none,date_parsed_from_text,3,True
Data 2025.xlsx,6793,2025-07-26,2025-07,2025-W30,3,5,sw-3363-r01,sw-3363-R01,مسحة ثلاجة,(Swabs) المسحات,Swabs,(Swabs) المسحات,swab,اسواق المزرعة - حي قرطبة,اسواق المزرعة,حي قرطبة,اسواق المزرعة - حي قرطبة,الروضة,بلدية,بلدية الروضة,True,False,لا يوجد,,0,,,False,none,date_parsed_from_text,3,True
Data 2025.xlsx,6794,2025-07-26,2025-07,2025-W30,3,5,sw-3364-r01,sw-3364-R01,مسحة ثلاجة,(Swabs) المسحات,Swabs,(Swabs) المسحات,swab,اسواق المزرعة - حي قرطبة,اسواق المزرعة,حي قرطبة,اسواق المزرعة - حي قرطبة,الروضة,بلدية,بلدية الروضة,True,False,لا يوجد,,0,,,False,none,date_parsed_from_text,3,True
Data 2025.xlsx,6795,2025-07-26,2025-07,2025-W30,3,5,sw-3365-r01,sw-3365-R01,مسحة قطاعة مرتديلا,(Swabs) المسحات,Swabs,(Swabs) المسحات,swab,اسواق المزرعة - حي قرطبة,اسواق المزرعة,حي قرطبة,اسواق المزرعة - حي قرطبة,الروضة,بلدية,بلدية الروضة,True,False,لا يوجد,,0,,,False,none,date_parsed_from_text,3,True
Data 2025.xlsx,6796,2025-07-26,2025-07,2025-W30,3,5,sw-3366-r01,sw-3366-R01,مسحة باشارة جبن,(Swabs) المسحات,Swabs,(Swabs) المسحات,swab,اسواق المزرعة - حي قرطبة,اسواق المزرعة,حي قرطبة,اسواق المزرعة - حي قرطبة,الروضة,بلدية,بلدية الروضة,True,False,لا يوجد,,0,,,False,none,date_parsed_from_text,3,True
Data 2025.xlsx,6800,2025-07-26,2025-07,2025-W30,3,5,sw-3367-r01,sw-3367-R01,مسحة حافظة بيتفور,(Swabs) المسحات,Swabs,(Swabs) المسحات,swab,اسواق المزرعة - حي قرطبة,اسواق المزرعة,حي قرطبة,اسواق المزرعة - حي قرطبة,الروضة,بلدية,بلدية الروضة,True,False,لا يوجد,,0,,,False,none,date_parsed_from_text,3,True
Data 2025.xlsx,6801,2025-07-26,2025-07,2025-W30,3,5,sw-3368-r01,sw-3368-R01,مسحة ثلاجة كيك,(Swabs) المسحات,Swabs,(Swabs) المسحات,swab,اسواق المزرعة - حي قرطبة,اسواق المزرعة,حي قرطبة,اسواق المزرعة - حي قرطبة,الروضة,بلدية,بلدية الروضة,True,False,لا يوجد,,0,,,False,none,date_parsed_from_text,3,True
Data 2025.xlsx,6802,2025-07-26,2025-07,2025-W30,3,5,sw-3369-r01,sw-3369-R01,مسحة حافظة المعمول,(Swabs) المسحات,Swabs,(Swabs) المسحات,swab,اسواق المزرعة - حي قرطبة,اسواق المزرعة,حي قرطبة,اسواق المزرعة - حي قرطبة,الروضة,بلدية,بلدية الروضة,True,False,لا يوجد,,0,,,False,none,date_parsed_from_text,3,True
Data 2025.xlsx,6803,2025-07-26,2025-07,2025-W30,3,5,sw-3370-r01,sw-3370-R01,مسحة حافظة شابورا,(Swabs) المسحات,Swabs,(Swabs) المسحات,swab,اسواق المزرعة - حي قرطبة,اسواق المزرعة,حي قرطبة,اسواق المزرعة - حي قرطبة,الروضة,بلدية,بلدية الروضة,True,False,لا يوجد,,0,,,False,none,date_parsed_from_text,3,True
Data 2025.xlsx,6804,2025-07-26,2025-07,2025-W30,3,5,sw-3371-r01,sw-3371-R01,مسحة حافظة شابورا,(Swabs) المسحات,Swabs,(Swabs) المسحات,swab,اسواق المزرعة - حي قرطبة,اسواق المزرعة,حي قرطبة,اسواق المزرعة - حي قرطبة,الروضة,بلدية,بلدية الروضة,True,False,لا يوجد,,0,,,False,none,date_parsed_from_text,3,True
Data 2025.xlsx,6811,2025-07-26,2025-07,2025-W30,3,5,sw-3372-r01,sw-3372-R01,مسحة حماصة خبز,(Swabs) المسحات,Swabs,(Swabs) المسحات,swab,ديترو برجر هاوس - حي قرطبة,ديترو برجر هاوس,حي قرطبة,ديترو برجر هاوس - حي قرطبة,الروضة,بلدية,بلدية الروضة,True,False,لا يوجد,,0,,,False,none,date_parsed_from_text,0,False
Data 2025.xlsx,6812,2025-07-26,2025-07,2025-W30,3,5,sw-3373-r01,sw-3373-R01,مسحة طاولة تقطيع خبز,(Swabs) المسحات,Swabs,(Swabs) المسحات,swab,ديترو برجر هاوس - حي قرطبة,ديترو برجر هاوس,حي قرطبة,ديترو برجر هاوس - حي قرطبة,الروضة,بلدية,بلدية الروضة,True,False,لا يوجد,,0,,,False,none,date_parsed_from_text,0,False
Data 2025.xlsx,6731,2025-07-26,2025-07,2025-W30,3,5,sweet-1303-r01,sweet-1303-R01,كريمة كراميل,الحلا(sweetness),sweetness,الحلا(sweetness),sweets_bakery,مطعم قدر كبسة - حي قرطبة,مطعم قدر كبسة,حي قرطبة,مطعم قدر كبسة - حي قرطبة,الروضة,بلدية,بلدية الروضة,True,False,لا يوجد,,0,,,False,none,date_parsed_from_text,1,False
Data 2025.xlsx,6797,2025-07-26,2025-07,2025-W30,3,5,sweet-1304-r01,sweet-1304-R01,معمول بالتمر,الحلا(sweetness),sweetness,الحلا(sweetness),sweets_bakery,اسواق المزرعة - حي قرطبة,اسواق المزرعة,حي قرطبة,اسواق المزرعة - حي قرطبة,الروضة,بلدية,بلدية الروضة,True,False,لا يوجد,,0,,,False,none,date_parsed_from_text,3,True
Data 2025.xlsx,6799,2025-07-26,2025-07,2025-W30,3,5,sweet-1305-r01,sweet-1305-R01,كيك الشوكولاتة,الحلا(sweetness),sweetness,الحلا(sweetness),sweets_bakery,اسواق المزرعة - حي قرطبة,اسواق المزرعة,حي قرطبة,اسواق المزرعة - حي قرطبة,الروضة,بلدية,بلدية الروضة,True,False,لا يوجد,,0,,,False,none,date_parsed_from_text,3,True
Data 2025.xlsx,6866,2025-07-26,2025-07,2025-W30,3,5,ubot-1047-r01,Ubot-1047-R01,موية حوض,المياه الغير معبأة (Unbottled water),Unbottled water,المياه الغير معبأة (Unbottled water),water,حوش 124 – إبل,حوش 124,إبل,حوش 124 – إبل,العريجاء,بلدية,بلدية العريجاء,False,True,ايشيريشيا كولاي,ايشيريشيا كولاي,1,ايشيريشيا كولاي,,True,pathogen,date_parsed_from_text,1,False
Data 2025.xlsx,6867,2025-07-26,2025-07,2025-W30,3,5,ubot-1048-r01,Ubot-1048-R01,موية حوض,المياه الغير معبأة (Unbottled water),Unbottled water,المياه الغير معبأة (Unbottled water),water,هادي الحميدي السبيعي – رقم النشاط 163 – غنم,هادي الحميدي السبيعي,رقم النشاط 163 – غنم,هادي الحميدي السبيعي – رقم النشاط 163 – غنم,العريجاء,بلدية,بلدية العريجاء,False,True,ايشيريشيا كولاي,ايشيريشيا كولاي,1,ايشيريشيا كولاي,,True,pathogen,date_parsed_from_text,1,False
Data 2025.xlsx,6868,2025-07-26,2025-07,2025-W30,3,5,ubot-1049-r01,Ubot-1049-R01,موية اضافة فيتامين,المياه الغير معبأة (Unbottled water),Unbottled water,المياه الغير معبأة (Unbottled water),water,عايد عباد المطيري – رقم المبسط 160,عايد عباد المطيري,رقم المبسط 160,عايد عباد المطيري – رقم المبسط 160,العريجاء,بلدية,بلدية العريجاء,False,True,ايشيريشيا كولاي,ايشيريشيا كولاي,1,ايشيريشيا كولاي,,True,pathogen,date_parsed_from_text,1,False
Data 2025.xlsx,6869,2025-07-26,2025-07,2025-W30,3,5,ubot-1050-r01,Ubot-1050-R01,موية حوض,المياه الغير معبأة (Unbottled water),Unbottled water,المياه الغير معبأة (Unbottled water),water,تركي ناصر القحطاني – رقم المبسط 132,تركي ناصر القحطاني,رقم المبسط 132,تركي ناصر القحطاني – رقم المبسط 132,العريجاء,بلدية,بلدية العريجاء,False,True,ايشيريشيا كولاي,ايشيريشيا كولاي,1,ايشيريشيا كولاي,,True,pathogen,date_parsed_from_text,1,False
Data 2025.xlsx,6870,2025-07-26,2025-07,2025-W30,3,5,ubot-1051-r01,Ubot-1051-R01,موية,المياه الغير معبأة (Unbottled water),Unbottled water,المياه الغير معبأة (Unbottled water),water,مؤسسة إنعام الكرامة للتجارة (أبو مشعل الغامدي) – رقم المبسط 131,مؤسسة إنعام الكرامة للتجارة (أبو مشعل الغامدي),رقم المبسط 131,مؤسسة إنعام الكرامة للتجارة (أبو مشعل الغامدي) – رقم المبسط 131,العريجاء,بلدية,بلدية العريجاء,False,True,ايشيريشيا كولاي,ايشيريشيا كولاي,1,ايشيريشيا كولاي,,True,pathogen,date_parsed_from_text,1,False
Data 2025.xlsx,6871,2025-07-26,2025-07,2025-W30,3,5,ubot-1052-r01,Ubot-1052-R01,موية حوض,المياه الغير معبأة (Unbottled water),Unbottled water,المياه الغير معبأة (Unbottled water),water,نواف عبدالله الشهري – رقم المبسط 124,نواف عبدالله الشهري,رقم المبسط 124,نواف عبدالله الشهري – رقم المبسط 124,العريجاء,بلدية,بلدية العريجاء,False,True,ايشيريشيا كولاي,ايشيريشيا كولاي,1,ايشيريشيا كولاي,,True,pathogen,date_parsed_from_text,1,False
Data 2025.xlsx,6872,2025-07-26,2025-07,2025-W30,3,5,ubot-1053-r01,Ubot-1053-R01,موية حوض,المياه الغير معبأة (Unbottled water),Unbottled water,المياه الغير معبأة (Unbottled water),water,حاكم ظافر الحارثي – رقم المبسط 41,حاكم ظافر الحارثي,رقم المبسط 41,حاكم ظافر الحارثي – رقم المبسط 41,العريجاء,بلدية,بلدية العريجاء,False,True,ايشيريشيا كولاي,ايشيريشيا كولاي,1,ايشيريشيا كولاي,,True,pathogen,date_parsed_from_text,1,False
Data 2025.xlsx,6838,2025-07-26,2025-07,2025-W30,3,5,ubot-1054-r01,Ubot-1054-R01,مياه حنفية لغسيل الادوات,المياه الغير معبأة (Unbottled water),Unbottled water,المياه الغير معبأة (Unbottled water),water,الجوهرة للحوم,الجوهرة للحوم,,الجوهرة للحوم,العزيزية,بلدية,بلدية العزيزية,True,False,لا يوجد,,0,,,False,none,date_parsed_from_text,0,False
Data 2025.xlsx,6839,2025-07-26,2025-07,2025-W30,3,5,ubot-1055-r01,Ubot-1055-R01,مياه حنفية لغسيل الادوات,المياه الغير معبأة (Unbottled water),Unbottled water,المياه الغير معبأة (Unbottled water),water,مؤسسه درة كواكب التجارية,مؤسسه درة كواكب التجارية,,مؤسسه درة كواكب التجارية,العزيزية,بلدية,بلدية العزيزية,True,False,لا يوجد,,0,,,False,none,date_parsed_from_text,0,False
Data 2025.xlsx,6890,2025-07-27,2025-07,2025-W30,3,6,1-3300-R01,1-3300-R01,قشطة مصرية,(cream) قشطة,cream,(cream) قشطة,dairy,لولو هايبر ماركت - حي الملك فهد,لولو هايبر ماركت,حي الملك فهد,لولو هايبر ماركت - حي الملك فهد,العليا,بلدية,بلدية العليا,False,True,العد الكلي للبكتيريا,العد الكلي للبكتيريا,1,,العد الكلي للبكتيريا,False,indicator_only,date_parsed_from_text,2,True
Data 2025.xlsx,6899,2025-07-27,2025-07,2025-W30,3,6,1-3301-R01,1-3301-R01,صدر ديك رومي,(turkey) ديك رومي,turkey,(turkey) ديك رومي,other,لولو هايبر ماركت - حي الملك فهد,لولو هايبر ماركت,حي الملك فهد,لولو هايبر ماركت - حي الملك فهد,العليا,بلدية,بلدية العليا,False,True,العد الكلي للبكتيريا,العد الكلي للبكتيريا,1,,العد الكلي للبكتيريا,False,indicator_only,date_parsed_from_text|sample_type_unbucketed,6,True
Data 2025.xlsx,6900,2025-07-27,2025-07,2025-W30,3,6,1-3302-R01,1-3302-R01,مرتديلا دجاج,(Mortadella) مرتديلا,Mortadella,(Mortadella) مرتديلا,cooked_meat_poultry,لولو هايبر ماركت - حي الملك فهد,لولو هايبر ماركت,حي الملك فهد,لولو هايبر ماركت - حي الملك فهد,العليا,بلدية,بلدية العليا,False,True,العد الكلي للبكتيريا,العد الكلي للبكتيريا,1,,العد الكلي للبكتيريا,False,indicator_only,date_parsed_from_text,7,True
Data 2025.xlsx,6901,2025-07-27,2025-07,2025-W30,3,6,1-3303-R01,1-3303-R01,مرتديلا لحم,(Mortadella) مرتديلا,Mortadella,(Mortadella) مرتديلا,cooked_meat_poultry,لولو هايبر ماركت - حي الملك فهد,لولو هايبر ماركت,حي الملك فهد,لولو هايبر ماركت - حي الملك فهد,العليا,بلدية,بلدية العليا,True,False,لا يوجد,,0,,,False,none,date_parsed_from_text,7,True
Data 2025.xlsx,6907,2025-07-27,2025-07,2025-W30,3,6,1-3304-R01,1-3304-R01,فطيرة دجاج تك,(Pie) فطيرة,Pie,(Pie) فطيرة,sweets_bakery,لولو هايبر ماركت - حي الملك فهد,لولو هايبر ماركت,حي الملك فهد,لولو هايبر ماركت - حي الملك فهد,العليا,بلدية,بلدية العليا,True,False,لا يوجد,,0,,,False,none,date_parsed_from_text,7,True
Data 2025.xlsx,6908,2025-07-27,2025-07,2025-W30,3,6,1-3305-R01,1-3305-R01,فطيرة دجاج بيرازو,(Pie) فطيرة,Pie,(Pie) فطيرة,sweets_bakery,لولو هايبر ماركت - حي الملك فهد,لولو هايبر ماركت,حي الملك فهد,لولو هايبر ماركت - حي الملك فهد,العليا,بلدية,بلدية العليا,True,False,لا يوجد,,0,,,False,none,date_parsed_from_text,7,True
Data 2025.xlsx,6915,2025-07-27,2025-07,2025-W30,3,6,1-3306-R01,1-3306-R01,رز مكبوس,الارز ( rice),rice,الارز ( rice),prepared_meal,لولو هايبر ماركت - حي الملك فهد,لولو هايبر ماركت,حي الملك فهد,لولو هايبر ماركت - حي الملك فهد,العليا,بلدية,بلدية العليا,False,True,استافيلوكوكس اورياس,استافيلوكوكس اورياس,1,استافيلوكوكس اورياس,,True,pathogen,date_parsed_from_text,10,True
Data 2025.xlsx,6916,2025-07-27,2025-07,2025-W30,3,6,1-3307-R01,1-3307-R01,رز بالخضار,الارز ( rice),rice,الارز ( rice),prepared_meal,لولو هايبر ماركت - حي الملك فهد,لولو هايبر ماركت,حي الملك فهد,لولو هايبر ماركت - حي الملك فهد,العليا,بلدية,بلدية العليا,True,False,لا يوجد,,0,,,False,none,date_parsed_from_text,10,True
Data 2025.xlsx,6945,2025-07-27,2025-07,2025-W30,3,6,1-3308-R01,1-3308-R01,لبن عيران,الالبان (Dairy),Dairy,الالبان (Dairy),other,الو بيروت - حي الملك فهد,الو بيروت,حي الملك فهد,الو بيروت - حي الملك فهد,العليا,بلدية,بلدية العليا,False,True,الخمائر والاعفان,الخمائر والاعفان,1,,الخمائر والاعفان,False,indicator_only,date_parsed_from_text|sample_type_unbucketed,1,False
Data 2025.xlsx,6962,2025-07-27,2025-07,2025-W30,3,6,O-U-to-0658-R01,O-U-to-0658-R01,قطع طماطم,الطماطم (Tomatoes),Tomatoes,الطماطم (Tomatoes),produce,الو بيروت - حي الملك فهد,الو بيروت,حي الملك فهد,الو بيروت - حي الملك فهد,العليا,بلدية,بلدية العليا,False,True,ايشيريشيا كولاي,ايشيريشيا كولاي,1,ايشيريشيا كولاي,,True,pathogen,date_parsed_from_text,4,True
Data 2025.xlsx,6906,2025-07-27,2025-07,2025-W30,3,6,O3U-sa-0023-R01,O3U-sa-0023-R01,سمبوسة بالجبن,السمبوسة (Samposa),Samposa,السمبوسة (Samposa),sweets_bakery,لولو هايبر ماركت - حي الملك فهد,لولو هايبر ماركت,حي الملك فهد,لولو هايبر ماركت - حي الملك فهد,العليا,بلدية,بلدية العليا,True,False,لا يوجد,,0,,,False,none,date_parsed_from_text,7,True
Data 2025.xlsx,6912,2025-07-27,2025-07,2025-W30,3,6,OO-OSS-po-0420-R01,OO-OSS-po-0420-R01,بطاطس مع جبن,البطاطس (potatoes),potatoes,البطاطس (potatoes),produce,لولو هايبر ماركت - حي الملك فهد,لولو هايبر ماركت,حي الملك فهد,لولو هايبر ماركت - حي الملك فهد,العليا,بلدية,بلدية العليا,True,False,لا يوجد,,0,,,False,none,date_parsed_from_text,8,True
Data 2025.xlsx,6939,2025-07-27,2025-07,2025-W30,3,6,OO-OSS-po-0421-R01,OO-OSS-po-0421-R01,بطاطس مشوي,البطاطس (potatoes),potatoes,البطاطس (potatoes),produce,الو بيروت - حي الملك فهد,الو بيروت,حي الملك فهد,الو بيروت - حي الملك فهد,العليا,بلدية,بلدية العليا,True,False,لا يوجد,,0,,,False,none,date_parsed_from_text,0,False
Data 2025.xlsx,6956,2025-07-27,2025-07,2025-W30,3,6,OO-OSS-po-0422-R01,OO-OSS-po-0422-R01,بطاطس مقلي,البطاطس (potatoes),potatoes,البطاطس (potatoes),produce,الو بيروت - حي الملك فهد,الو بيروت,حي الملك فهد,الو بيروت - حي الملك فهد,العليا,بلدية,بلدية العليا,True,False,لا يوجد,,0,,,False,none,date_parsed_from_text,3,True
Data 2025.xlsx,6965,2025-07-27,2025-07,2025-W30,3,6,OU-pa-0252-R01,OU-pa-0252-R01,بقدونس قطع,البقدونس (parsley),parsley,البقدونس (parsley),produce,الو بيروت - حي الملك فهد,الو بيروت,حي الملك فهد,الو بيروت - حي الملك فهد,العليا,بلدية,بلدية العليا,False,True,ايشيريشيا كولاي | استافيلوكوكس اورياس,ايشيريشيا كولاي | استافيلوكوكس اورياس,2,ايشيريشيا كولاي | استافيلوكوكس اورياس,,True,multi_pathogen,date_parsed_from_text,6,True
Data 2025.xlsx,6935,2025-07-27,2025-07,2025-W30,3,6,UO-ce-0006-R01,UO-ce-0006-R01,كرفس,الكرفس (Celery),Celery,الكرفس (Celery),other,شركة مهاب الغذائية (شرمبشاك) - حي الملك فهد,شركة مهاب الغذائية (شرمبشاك),حي الملك فهد,شركة مهاب الغذائية (شرمبشاك) - حي الملك فهد,العليا,بلدية,بلدية العليا,True,False,لا يوجد,,0,,,False,none,date_parsed_from_text|sample_type_unbucketed,4,True
Data 2025.xlsx,6964,2025-07-27,2025-07,2025-W30,3,6,UO-ra-0105-R01,UO-ra-0105-R01,فجل قطع,الفجل (radishes),radishes,الفجل (radishes),produce,الو بيروت - حي الملك فهد,الو بيروت,حي الملك فهد,الو بيروت - حي الملك فهد,العليا,بلدية,بلدية العليا,False,True,ايشيريشيا كولاي | استافيلوكوكس اورياس,ايشيريشيا كولاي | استافيلوكوكس اورياس,2,ايشيريشيا كولاي | استافيلوكوكس اورياس,,True,multi_pathogen,date_parsed_from_text,5,True
Data 2025.xlsx,6966,2025-07-27,2025-07,2025-W30,3,6,UO1-mi-0123-R01,UO1-mi-0123-R01,نعناع,النعناع (mint),mint,النعناع (mint),produce,الو بيروت - حي الملك فهد,الو بيروت,حي الملك فهد,الو بيروت - حي الملك فهد,العليا,بلدية,بلدية العليا,False,True,استافيلوكوكس اورياس,استافيلوكوكس اورياس,1,استافيلوكوكس اورياس,,True,pathogen,date_parsed_from_text,7,True
Data 2025.xlsx,6933,2025-07-27,2025-07,2025-W30,3,6,UU-le-0443-R01,UU-le-0443-R01,قطع ليمون,الليمون (Lemons),Lemons,الليمون (Lemons),produce,شركة مهاب الغذائية (شرمبشاك) - حي الملك فهد,شركة مهاب الغذائية (شرمبشاك),حي الملك فهد,شركة مهاب الغذائية (شرمبشاك) - حي الملك فهد,العليا,بلدية,بلدية العليا,True,False,لا يوجد,,0,,,False,none,date_parsed_from_text,4,True
Data 2025.xlsx,6960,2025-07-27,2025-07,2025-W30,3,6,UU-le-0444-R01,UU-le-0444-R01,قطع ليمون,الليمون (Lemons),Lemons,الليمون (Lemons),produce,الو بيروت - حي الملك فهد,الو بيروت,حي الملك فهد,الو بيروت - حي الملك فهد,العليا,بلدية,بلدية العليا,True,False,لا يوجد,,0,,,False,none,date_parsed_from_text,3,True
Data 2025.xlsx,6940,2025-07-27,2025-07,2025-W30,3,6,appe-0535-r01,Appe-0535-R01,تبولة,مقبلات (Appetizers),Appetizers,مقبلات (Appetizers),prepared_meal,الو بيروت - حي الملك فهد,الو بيروت,حي الملك فهد,الو بيروت - حي الملك فهد,العليا,بلدية,بلدية العليا,True,False,لا يوجد,,0,,,False,none,date_parsed_from_text,0,False
Data 2025.xlsx,6941,2025-07-27,2025-07,2025-W30,3,6,appe-0536-r01,Appe-0536-R01,تبولة كينوا,مقبلات (Appetizers),Appetizers,مقبلات (Appetizers),prepared_meal,الو بيروت - حي الملك فهد,الو بيروت,حي الملك فهد,الو بيروت - حي الملك فهد,العليا,بلدية,بلدية العليا,True,False,لا يوجد,,0,,,False,none,date_parsed_from_text,0,False
Data 2025.xlsx,6953,2025-07-27,2025-07,2025-W30,3,6,appe-0537-r01,Appe-0537-R01,حمص,مقبلات (Appetizers),Appetizers,مقبلات (Appetizers),prepared_meal,الو بيروت - حي الملك فهد,الو بيروت,حي الملك فهد,الو بيروت - حي الملك فهد,العليا,بلدية,بلدية العليا,True,False,لا يوجد,,0,,,False,none,date_parsed_from_text,2,True
Data 2025.xlsx,6954,2025-07-27,2025-07,2025-W30,3,6,br-0104-r01,Br-0104-R01,خبز شطة,الخبـز (Bread),Bread,الخبـز (Bread),sweets_bakery,الو بيروت - حي الملك فهد,الو بيروت,حي الملك فهد,الو بيروت - حي الملك فهد,العليا,بلدية,بلدية العليا,True,False,لا يوجد,,0,,,False,none,date_parsed_from_text,2,True
Data 2025.xlsx,6889,2025-07-27,2025-07,2025-W30,3,6,bri-0346-r01,bri-0346-R01,لبنة تركية,لبنة ( brick),brick,لبنة ( brick),dairy,لولو هايبر ماركت - حي الملك فهد,لولو هايبر ماركت,حي الملك فهد,لولو هايبر ماركت - حي الملك فهد,العليا,بلدية,بلدية العليا,True,False,لا يوجد,,0,,,False,none,date_parsed_from_text,1,False
Data 2025.xlsx,6885,2025-07-27,2025-07,2025-W30,3,6,chee-0796-r01,Chee-0796-R01,جبنة قريش مصرية,(cheese) جبنة,cheese,(cheese) جبنة,dairy,لولو هايبر ماركت - حي الملك فهد,لولو هايبر ماركت,حي الملك فهد,لولو هايبر ماركت - حي الملك فهد,العليا,بلدية,بلدية العليا,True,False,لا يوجد,,0,,,False,none,date_parsed_from_text,1,False
Data 2025.xlsx,6886,2025-07-27,2025-07,2025-W30,3,6,chee-0797-r01,Chee-0797-R01,شبيه جبنة فيتا سعودي,(cheese) جبنة,cheese,(cheese) جبنة,dairy,لولو هايبر ماركت - حي الملك فهد,لولو هايبر ماركت,حي الملك فهد,لولو هايبر ماركت - حي الملك فهد,العليا,بلدية,بلدية العليا,True,False,لا يوجد,,0,,,False,none,date_parsed_from_text,1,False
Data 2025.xlsx,6887,2025-07-27,2025-07,2025-W30,3,6,chee-0798-r01,Chee-0798-R01,جبنة ملح قليل الطيب,(cheese) جبنة,cheese,(cheese) جبنة,dairy,لولو هايبر ماركت - حي الملك فهد,لولو هايبر ماركت,حي الملك فهد,لولو هايبر ماركت - حي الملك فهد,العليا,بلدية,بلدية العليا,True,False,لا يوجد,,0,,,False,none,date_parsed_from_text,1,False
Data 2025.xlsx,6888,2025-07-27,2025-07,2025-W30,3,6,chee-0799-r01,Chee-0799-R01,جبنة ماعز,(cheese) جبنة,cheese,(cheese) جبنة,dairy,لولو هايبر ماركت - حي الملك فهد,لولو هايبر ماركت,حي الملك فهد,لولو هايبر ماركت - حي الملك فهد,العليا,بلدية,بلدية العليا,True,False,لا يوجد,,0,,,False,none,date_parsed_from_text,1,False
Data 2025.xlsx,6891,2025-07-27,2025-07,2025-W30,3,6,chee-0800-r01,Chee-0800-R01,جبنة نابلسي قليلة الدسم,(cheese) جبنة,cheese,(cheese) جبنة,dairy,لولو هايبر ماركت - حي الملك فهد,لولو هايبر ماركت,حي الملك فهد,لولو هايبر ماركت - حي الملك فهد,العليا,بلدية,بلدية العليا,True,False,لا يوجد,,0,,,False,none,date_parsed_from_text,2,True
Data 2025.xlsx,6892,2025-07-27,2025-07,2025-W30,3,6,chee-0801-r01,Chee-0801-R01,جبنة تركية ميوراتبي توبي,(cheese) جبنة,cheese,(cheese) جبنة,dairy,لولو هايبر ماركت - حي الملك فهد,لولو هايبر ماركت,حي الملك فهد,لولو هايبر ماركت - حي الملك فهد,العليا,بلدية,بلدية العليا,True,False,لا يوجد,,0,,,False,none,date_parsed_from_text,2,True
Data 2025.xlsx,6897,2025-07-27,2025-07,2025-W30,3,6,chee-0802-r01,Chee-0802-R01,جبنة رومي معلب,(cheese) جبنة,cheese,(cheese) جبنة,dairy,لولو هايبر ماركت - حي الملك فهد,لولو هايبر ماركت,حي الملك فهد,لولو هايبر ماركت - حي الملك فهد,العليا,بلدية,بلدية العليا,False,True,انتيروباكتريسي | ايشيريشيا كولاي | استافيلوكوكس اورياس,انتيروباكتريسي | ايشيريشيا كولاي | استافيلوكوكس اورياس,3,ايشيريشيا كولاي | استافيلوكوكس اورياس,انتيروباكتريسي,True,multi_pathogen,date_parsed_from_text,5,True
Data 2025.xlsx,6898,2025-07-27,2025-07,2025-W30,3,6,chee-0803-r01,Chee-0803-R01,جبنة اسكندراني معلب,(cheese) جبنة,cheese,(cheese) جبنة,dairy,لولو هايبر ماركت - حي الملك فهد,لولو هايبر ماركت,حي الملك فهد,لولو هايبر ماركت - حي الملك فهد,العليا,بلدية,بلدية العليا,True,False,لا يوجد,,0,,,False,none,date_parsed_from_text,5,True
Data 2025.xlsx,6934,2025-07-27,2025-07,2025-W30,3,6,chee-0804-r01,Chee-0804-R01,جبنة بارمينزان,(cheese) جبنة,cheese,(cheese) جبنة,dairy,شركة مهاب الغذائية (شرمبشاك) - حي الملك فهد,شركة مهاب الغذائية (شرمبشاك),حي الملك فهد,شركة مهاب الغذائية (شرمبشاك) - حي الملك فهد,العليا,بلدية,بلدية العليا,True,False,لا يوجد,,0,,,False,none,date_parsed_from_text,4,True
Data 2025.xlsx,6911,2025-07-27,2025-07,2025-W30,3,6,cm-0120-r01,Cm-0120-R01,لحم البقر الازانيا,اللحوم المطبوخة (Cooked meat),Cooked meat,اللحوم المطبوخة (Cooked meat),cooked_meat_poultry,لولو هايبر ماركت - حي الملك فهد,لولو هايبر ماركت,حي الملك فهد,لولو هايبر ماركت - حي الملك فهد,العليا,بلدية,بلدية العليا,True,False,لا يوجد,,0,,,False,none,date_parsed_from_text,8,True
Data 2025.xlsx,6976,2025-07-27,2025-07,2025-W30,3,6,cm-0121-r01,Cm-0121-R01,ريش لحم,اللحوم المطبوخة (Cooked meat),Cooked meat,اللحوم المطبوخة (Cooked meat),cooked_meat_poultry,الو بيروت - حي الملك فهد,الو بيروت,حي الملك فهد,الو بيروت - حي الملك فهد,العليا,بلدية,بلدية العليا,False,True,العد الكلي للبكتيريا,العد الكلي للبكتيريا,1,,العد الكلي للبكتيريا,False,indicator_only,date_parsed_from_text,10,True
Data 2025.xlsx,6913,2025-07-27,2025-07,2025-W30,3,6,co-0573-r01,co-0573-R01,دجاج تيكا,الدجاج المطبوخ (Cooked chicken),Cooked chicken,الدجاج المطبوخ (Cooked chicken),cooked_meat_poultry,لولو هايبر ماركت - حي الملك فهد,لولو هايبر ماركت,حي الملك فهد,لولو هايبر ماركت - حي الملك فهد,العليا,بلدية,بلدية العليا,True,False,لا يوجد,,0,,,False,none,date_parsed_from_text,8,True
Data 2025.xlsx,6961,2025-07-27,2025-07,2025-W30,3,6,co-0574-r01,co-0574-R01,قطع شاورما دجاج,الدجاج المطبوخ (Cooked chicken),Cooked chicken,الدجاج المطبوخ (Cooked chicken),cooked_meat_poultry,الو بيروت - حي الملك فهد,الو بيروت,حي الملك فهد,الو بيروت - حي الملك فهد,العليا,بلدية,بلدية العليا,True,False,لا يوجد,,0,,,False,none,date_parsed_from_text,3,True
Data 2025.xlsx,6910,2025-07-27,2025-07,2025-W30,3,6,eggs-0106-r01,eggs-0106-R01,بف البيض,البيض ومنتجاته ( eggs and products),eggs and products,البيض ومنتجاته ( eggs and products),dairy,لولو هايبر ماركت - حي الملك فهد,لولو هايبر ماركت,حي الملك فهد,لولو هايبر ماركت - حي الملك فهد,العليا,بلدية,بلدية العليا,True,False,لا يوجد,,0,,,False,none,date_parsed_from_text,8,True
Data 2025.xlsx,6917,2025-07-27,2025-07,2025-W30,3,6,fish-0221-r01,fish-0221-R01,اصابع سمك,Fish/fish product(الاسماك / منتجات الاسماك),fish product,Fish/fish product(الاسماك / منتجات الاسماك),cooked_meat_poultry,لولو هايبر ماركت - حي الملك فهد,لولو هايبر ماركت,حي الملك فهد,لولو هايبر ماركت - حي الملك فهد,العليا,بلدية,بلدية العليا,True,False,لا يوجد,,0,,,False,none,date_parsed_from_text,10,True
Data 2025.xlsx,6902,2025-07-27,2025-07,2025-W30,3,6,flswe-0074-r01,FlSwe-0074-R01,حلاوة طحينية شعر,حلاوة طحينة( Flour Sweetness),Flour Sweetness,حلاوة طحينة( Flour Sweetness),sauce_condiment,لولو هايبر ماركت - حي الملك فهد,لولو هايبر ماركت,حي الملك فهد,لولو هايبر ماركت - حي الملك فهد,العليا,بلدية,بلدية العليا,True,False,لا يوجد,,0,,,False,none,date_parsed_from_text,7,True
Data 2025.xlsx,6975,2025-07-27,2025-07,2025-W30,3,6,gcv-0252-r01,GCV-0252-R01,محاشي ورق عنب و كوسة,الخضار المشوية و المطبوخة,,الخضار المشوية و المطبوخة,cooked_meat_poultry,الو بيروت - حي الملك فهد,الو بيروت,حي الملك فهد,الو بيروت - حي الملك فهد,العليا,بلدية,بلدية العليا,True,False,لا يوجد,,0,,,False,none,date_parsed_from_text,9,True
Data 2025.xlsx,6977,2025-07-27,2025-07,2025-W30,3,6,gcv-0253-r01,GCV-0253-R01,ملفوف محشي رز,الخضار المشوية و المطبوخة,,الخضار المشوية و المطبوخة,cooked_meat_poultry,الو بيروت - حي الملك فهد,الو بيروت,حي الملك فهد,الو بيروت - حي الملك فهد,العليا,بلدية,بلدية العليا,True,False,لا يوجد,,0,,,False,none,date_parsed_from_text,10,True
Data 2025.xlsx,6949,2025-07-27,2025-07,2025-W30,3,6,hs-0340-r01,HS-0340-R01,شطة عربي,الشطة (Hot sauce),Hot sauce,الشطة (Hot sauce),sauce_condiment,الو بيروت - حي الملك فهد,الو بيروت,حي الملك فهد,الو بيروت - حي الملك فهد,العليا,بلدية,بلدية العليا,False,True,العد الكلي للبكتيريا,العد الكلي للبكتيريا,1,,العد الكلي للبكتيريا,False,indicator_only,date_parsed_from_text,2,True
Data 2025.xlsx,6979,2025-07-27,2025-07,2025-W30,3,6,jui-0479-r01,jui-0479-R01,عصير كوكتيل,العصائر الطازجة Un-pasteurized juices (fresh),fresh,العصائر الطازجة Un-pasteurized juices (fresh),beverage,الو بيروت - حي الملك فهد,الو بيروت,حي الملك فهد,الو بيروت - حي الملك فهد,العليا,بلدية,بلدية العليا,True,False,لا يوجد,,0,,,False,none,date_parsed_from_text,11,True
Data 2025.xlsx,6980,2025-07-27,2025-07,2025-W30,3,6,jui-0480-r01,jui-0480-R01,عصير رمان,العصائر الطازجة Un-pasteurized juices (fresh),fresh,العصائر الطازجة Un-pasteurized juices (fresh),beverage,الو بيروت - حي الملك فهد,الو بيروت,حي الملك فهد,الو بيروت - حي الملك فهد,العليا,بلدية,بلدية العليا,True,False,لا يوجد,,0,,,False,none,date_parsed_from_text,11,True
Data 2025.xlsx,6981,2025-07-27,2025-07,2025-W30,3,6,jui-0481-r01,jui-0481-R01,عصير ليمون,العصائر الطازجة Un-pasteurized juices (fresh),fresh,العصائر الطازجة Un-pasteurized juices (fresh),beverage,الو بيروت - حي الملك فهد,الو بيروت,حي الملك فهد,الو بيروت - حي الملك فهد,العليا,بلدية,بلدية العليا,True,False,لا يوجد,,0,,,False,none,date_parsed_from_text,11,True
Data 2025.xlsx,6982,2025-07-27,2025-07,2025-W30,3,6,jui-0482-r01,jui-0482-R01,عصير برتقال,العصائر الطازجة Un-pasteurized juices (fresh),fresh,العصائر الطازجة Un-pasteurized juices (fresh),beverage,الو بيروت - حي الملك فهد,الو بيروت,حي الملك فهد,الو بيروت - حي الملك فهد,العليا,بلدية,بلدية العليا,True,False,لا يوجد,,0,,,False,none,date_parsed_from_text,11,True
Data 2025.xlsx,6909,2025-07-27,2025-07,2025-W30,3,6,kib-0026-r01,Kib-0026-R01,كبة دجاج,(Kibbeh) كبه,Kibbeh,(Kibbeh) كبه,prepared_meal,لولو هايبر ماركت - حي الملك فهد,لولو هايبر ماركت,حي الملك فهد,لولو هايبر ماركت - حي الملك فهد,العليا,بلدية,بلدية العليا,False,True,العد الكلي للبكتيريا,العد الكلي للبكتيريا,1,,العد الكلي للبكتيريا,False,indicator_only,date_parsed_from_text,8,True
Data 2025.xlsx,6879,2025-07-27,2025-07,2025-W30,3,6,olv-0551-r01,olv-0551-R01,زيتون اسود اسباني,الزيتون /Olive,Olive,الزيتون /Olive,produce,لولو هايبر ماركت - حي الملك فهد,لولو هايبر ماركت,حي الملك فهد,لولو هايبر ماركت - حي الملك فهد,العليا,بلدية,بلدية العليا,True,False,لا يوجد,,0,,,False,none,date_parsed_from_text,0,False
Data 2025.xlsx,6903,2025-07-27,2025-07,2025-W30,3,6,olv-0552-r01,olv-0552-R01,زيتون اخضر مشوي تركي طماطم,الزيتون /Olive,Olive,الزيتون /Olive,produce,لولو هايبر ماركت - حي الملك فهد,لولو هايبر ماركت,حي الملك فهد,لولو هايبر ماركت - حي الملك فهد,العليا,بلدية,بلدية العليا,True,False,لا يوجد,,0,,,False,none,date_parsed_from_text,7,True
Data 2025.xlsx,6904,2025-07-27,2025-07,2025-W30,3,6,olv-0553-r01,olv-0553-R01,زيتون اسود بدون نواة,الزيتون /Olive,Olive,الزيتون /Olive,produce,لولو هايبر ماركت - حي الملك فهد,لولو هايبر ماركت,حي الملك فهد,لولو هايبر ماركت - حي الملك فهد,العليا,بلدية,بلدية العليا,True,False,لا يوجد,,0,,,False,none,date_parsed_from_text,7,True
Data 2025.xlsx,6905,2025-07-27,2025-07,2025-W30,3,6,olv-0554-r01,olv-0554-R01,زيتون اخضر بيمنتو,الزيتون /Olive,Olive,الزيتون /Olive,produce,لولو هايبر ماركت - حي الملك فهد,لولو هايبر ماركت,حي الملك فهد,لولو هايبر ماركت - حي الملك فهد,العليا,بلدية,بلدية العليا,True,False,لا يوجد,,0,,,False,none,date_parsed_from_text,7,True
Data 2025.xlsx,6914,2025-07-27,2025-07,2025-W30,3,6,pa-0013-r01,pa-0013-R01,مكرونة بصوص الدجاج,المكرونة - الشعيرية كل الانواع الجافة (Pasta / macaroni &Noodles all the dry types ),Pasta / macaroni &Noodles all the dry types,المكرونة - الشعيرية كل الانواع الجافة (Pasta / macaroni &Noodles all the dry types ),produce,لولو هايبر ماركت - حي الملك فهد,لولو هايبر ماركت,حي الملك فهد,لولو هايبر ماركت - حي الملك فهد,العليا,بلدية,بلدية العليا,False,True,استافيلوكوكس اورياس,استافيلوكوكس اورياس,1,استافيلوكوكس اورياس,,True,pathogen,date_parsed_from_text,9,True
Data 2025.xlsx,6880,2025-07-27,2025-07,2025-W30,3,6,pick-0482-r01,Pick-0482-R01,مخلل مشكل ممتاز حار,المخلل (Pickle),Pickle,المخلل (Pickle),sauce_condiment,لولو هايبر ماركت - حي الملك فهد,لولو هايبر ماركت,حي الملك فهد,لولو هايبر ماركت - حي الملك فهد,العليا,بلدية,بلدية العليا,False,True,خمائر,الخمائر والاعفان,1,,الخمائر والاعفان,False,indicator_only,date_parsed_from_text,1,False
Data 2025.xlsx,6881,2025-07-27,2025-07,2025-W30,3,6,pick-0483-r01,Pick-0483-R01,مخلل مشكل,المخلل (Pickle),Pickle,المخلل (Pickle),sauce_condiment,لولو هايبر ماركت - حي الملك فهد,لولو هايبر ماركت,حي الملك فهد,لولو هايبر ماركت - حي الملك فهد,العليا,بلدية,بلدية العليا,True,False,لا يوجد,,0,,,False,none,date_parsed_from_text,1,False
Data 2025.xlsx,6882,2025-07-27,2025-07,2025-W30,3,6,pick-0484-r01,Pick-0484-R01,مخلل ليمون مع حبة البركة,المخلل (Pickle),Pickle,المخلل (Pickle),sauce_condiment,لولو هايبر ماركت - حي الملك فهد,لولو هايبر ماركت,حي الملك فهد,لولو هايبر ماركت - حي الملك فهد,العليا,بلدية,بلدية العليا,True,False,لا يوجد,,0,,,False,none,date_parsed_from_text,1,False
Data 2025.xlsx,6883,2025-07-27,2025-07,2025-W30,3,6,pick-0485-r01,Pick-0485-R01,مخلل خضار مشكلة تركي,المخلل (Pickle),Pickle,المخلل (Pickle),sauce_condiment,لولو هايبر ماركت - حي الملك فهد,لولو هايبر ماركت,حي الملك فهد,لولو هايبر ماركت - حي الملك فهد,العليا,بلدية,بلدية العليا,True,False,لا يوجد,,0,,,False,none,date_parsed_from_text,1,False
Data 2025.xlsx,6884,2025-07-27,2025-07,2025-W30,3,6,pick-0486-r01,Pick-0486-R01,مخلل مكسيكي,المخلل (Pickle),Pickle,المخلل (Pickle),sauce_condiment,لولو هايبر ماركت - حي الملك فهد,لولو هايبر ماركت,حي الملك فهد,لولو هايبر ماركت - حي الملك فهد,العليا,بلدية,بلدية العليا,True,False,لا يوجد,,0,,,False,none,date_parsed_from_text,1,False
Data 2025.xlsx,6948,2025-07-27,2025-07,2025-W30,3,6,pick-0487-r01,Pick-0487-R01,مخلل خيار معلب,المخلل (Pickle),Pickle,المخلل (Pickle),sauce_condiment,الو بيروت - حي الملك فهد,الو بيروت,حي الملك فهد,الو بيروت - حي الملك فهد,العليا,بلدية,بلدية العليا,True,False,لا يوجد,,0,,,False,none,date_parsed_from_text,1,False
Data 2025.xlsx,6950,2025-07-27,2025-07,2025-W30,3,6,pick-0488-r01,Pick-0488-R01,مخلل خيار,المخلل (Pickle),Pickle,المخلل (Pickle),sauce_condiment,الو بيروت - حي الملك فهد,الو بيروت,حي الملك فهد,الو بيروت - حي الملك فهد,العليا,بلدية,بلدية العليا,True,False,لا يوجد,,0,,,False,none,date_parsed_from_text,2,True
Data 2025.xlsx,6963,2025-07-27,2025-07,2025-W30,3,6,pick-0489-r01,Pick-0489-R01,مخلل لفت,المخلل (Pickle),Pickle,المخلل (Pickle),sauce_condiment,الو بيروت - حي الملك فهد,الو بيروت,حي الملك فهد,الو بيروت - حي الملك فهد,العليا,بلدية,بلدية العليا,True,False,لا يوجد,,0,,,False,none,date_parsed_from_text,4,True
Data 2025.xlsx,6978,2025-07-27,2025-07,2025-W30,3,6,po-0126-r01,po-0126-R01,كباب دجاج ني,الدجاج (Poultry),Poultry,الدجاج (Poultry),cooked_meat_poultry,الو بيروت - حي الملك فهد,الو بيروت,حي الملك فهد,الو بيروت - حي الملك فهد,العليا,بلدية,بلدية العليا,False,True,استافيلوكوكس اورياس,استافيلوكوكس اورياس,1,استافيلوكوكس اورياس,,True,pathogen,date_parsed_from_text,11,True
Data 2025.xlsx,6873,2025-07-27,2025-07,2025-W30,3,6,raw-0395-r01,Raw-0395-R01,لحم فخذ هندي,لحوم نيئة مبردة ومجمدة (Raw meat Cold or chilled ),Raw meat Cold or chilled,لحوم نيئة مبردة ومجمدة (Raw meat Cold or chilled ),raw_meat,شركة عهود قصر اللحوم التجارية,شركة عهود قصر اللحوم التجارية,,شركة عهود قصر اللحوم التجارية,النسيم,بلدية,بلدية النسيم,False,True,السالمونيلا,السالمونيلا,1,السالمونيلا,,True,pathogen,date_parsed_from_text,1,False
Data 2025.xlsx,6874,2025-07-27,2025-07,2025-W30,3,6,raw-0396-r01,Raw-0396-R01,تيس باكستاني فخذ,لحوم نيئة مبردة ومجمدة (Raw meat Cold or chilled ),Raw meat Cold or chilled,لحوم نيئة مبردة ومجمدة (Raw meat Cold or chilled ),raw_meat,شركة عهود قصر اللحوم التجارية,شركة عهود قصر اللحوم التجارية,,شركة عهود قصر اللحوم التجارية,النسيم,بلدية,بلدية النسيم,True,False,لا يوجد,,0,,,False,none,date_parsed_from_text,1,False
Data 2025.xlsx,6875,2025-07-27,2025-07,2025-W30,3,6,raw-0397-r01,Raw-0397-R01,كتف حاشي بلدي,لحوم نيئة مبردة ومجمدة (Raw meat Cold or chilled ),Raw meat Cold or chilled,لحوم نيئة مبردة ومجمدة (Raw meat Cold or chilled ),raw_meat,شركة عهود قصر اللحوم التجارية,شركة عهود قصر اللحوم التجارية,,شركة عهود قصر اللحوم التجارية,النسيم,بلدية,بلدية النسيم,False,True,السالمونيلا,السالمونيلا,1,السالمونيلا,,True,pathogen,date_parsed_from_text,2,True
Data 2025.xlsx,6876,2025-07-27,2025-07,2025-W30,3,6,raw-0398-r01,Raw-0398-R01,كبدة خروف بلدي نعيمي,لحوم نيئة مبردة ومجمدة (Raw meat Cold or chilled ),Raw meat Cold or chilled,لحوم نيئة مبردة ومجمدة (Raw meat Cold or chilled ),raw_meat,شركة عهود قصر اللحوم التجارية,شركة عهود قصر اللحوم التجارية,,شركة عهود قصر اللحوم التجارية,النسيم,بلدية,بلدية النسيم,True,False,لا يوجد,,0,,,False,none,date_parsed_from_text,2,True
Data 2025.xlsx,6877,2025-07-27,2025-07,2025-W30,3,6,raw-0399-r01,Raw-0399-R01,قلب خروف بلدي نعيمي,لحوم نيئة مبردة ومجمدة (Raw meat Cold or chilled ),Raw meat Cold or chilled,لحوم نيئة مبردة ومجمدة (Raw meat Cold or chilled ),raw_meat,شركة عهود قصر اللحوم التجارية,شركة عهود قصر اللحوم التجارية,,شركة عهود قصر اللحوم التجارية,النسيم,بلدية,بلدية النسيم,True,False,لا يوجد,,0,,,False,none,date_parsed_from_text,2,True
Data 2025.xlsx,6878,2025-07-27,2025-07,2025-W30,3,6,raw-0400-r01,Raw-0400-R01,فخذ تيس كيني,لحوم نيئة مبردة ومجمدة (Raw meat Cold or chilled ),Raw meat Cold or chilled,لحوم نيئة مبردة ومجمدة (Raw meat Cold or chilled ),raw_meat,شركة عهود قصر اللحوم التجارية,شركة عهود قصر اللحوم التجارية,,شركة عهود قصر اللحوم التجارية,النسيم,بلدية,بلدية النسيم,True,False,لا يوجد,,0,,,False,none,date_parsed_from_text,2,True
Data 2025.xlsx,6955,2025-07-27,2025-07,2025-W30,3,6,raw-0401-r01,Raw-0401-R01,كباب لحم,لحوم نيئة مبردة ومجمدة (Raw meat Cold or chilled ),Raw meat Cold or chilled,لحوم نيئة مبردة ومجمدة (Raw meat Cold or chilled ),raw_meat,الو بيروت - حي الملك فهد,الو بيروت,حي الملك فهد,الو بيروت - حي الملك فهد,العليا,بلدية,بلدية العليا,False,True,العد الكلي للبكتيريا,العد الكلي للبكتيريا,1,,العد الكلي للبكتيريا,False,indicator_only,date_parsed_from_text,3,True
Data 2025.xlsx,6942,2025-07-27,2025-07,2025-W30,3,6,sal-1502-r01,Sal-1502-R01,سلطة خضراء,السلطة(Salad),Salad,السلطة(Salad),produce,الو بيروت - حي الملك فهد,الو بيروت,حي الملك فهد,الو بيروت - حي الملك فهد,العليا,بلدية,بلدية العليا,True,False,لا يوجد,,0,,,False,none,date_parsed_from_text,0,False
Data 2025.xlsx,6943,2025-07-27,2025-07,2025-W30,3,6,sal-1503-r01,Sal-1503-R01,فتوش,السلطة(Salad),Salad,السلطة(Salad),produce,الو بيروت - حي الملك فهد,الو بيروت,حي الملك فهد,الو بيروت - حي الملك فهد,العليا,بلدية,بلدية العليا,True,False,لا يوجد,,0,,,False,none,date_parsed_from_text,0,False
Data 2025.xlsx,6952,2025-07-27,2025-07,2025-W30,3,6,sal-1504-r01,Sal-1504-R01,سلطة مشاوي,السلطة(Salad),Salad,السلطة(Salad),produce,الو بيروت - حي الملك فهد,الو بيروت,حي الملك فهد,الو بيروت - حي الملك فهد,العليا,بلدية,بلدية العليا,True,False,لا يوجد,,0,,,False,none,date_parsed_from_text,2,True
Data 2025.xlsx,6922,2025-07-27,2025-07,2025-W30,3,6,sau-2038-r01,sau-2038-R01,صوص تارتار,صوص (sauce),sauce,صوص (sauce),sauce_condiment,شركة مهاب الغذائية (شرمبشاك) - حي الملك فهد,شركة مهاب الغذائية (شرمبشاك),حي الملك فهد,شركة مهاب الغذائية (شرمبشاك) - حي الملك فهد,العليا,بلدية,بلدية العليا,False,True,انتيروباكتريسي,انتيروباكتريسي,1,,انتيروباكتريسي,False,indicator_only,date_parsed_from_text,1,False
Data 2025.xlsx,6923,2025-07-27,2025-07,2025-W30,3,6,sau-2039-r01,sau-2039-R01,صوص سبيشل,صوص (sauce),sauce,صوص (sauce),sauce_condiment,شركة مهاب الغذائية (شرمبشاك) - حي الملك فهد,شركة مهاب الغذائية (شرمبشاك),حي الملك فهد,شركة مهاب الغذائية (شرمبشاك) - حي الملك فهد,العليا,بلدية,بلدية العليا,True,False,لا يوجد,,0,,,False,none,date_parsed_from_text,1,False
Data 2025.xlsx,6924,2025-07-27,2025-07,2025-W30,3,6,sau-2040-r01,sau-2040-R01,صوص شريم,صوص (sauce),sauce,صوص (sauce),sauce_condiment,شركة مهاب الغذائية (شرمبشاك) - حي الملك فهد,شركة مهاب الغذائية (شرمبشاك),حي الملك فهد,شركة مهاب الغذائية (شرمبشاك) - حي الملك فهد,العليا,بلدية,بلدية العليا,True,False,لا يوجد,,0,,,False,none,date_parsed_from_text,1,False
Data 2025.xlsx,6925,2025-07-27,2025-07,2025-W30,3,6,sau-2041-r01,sau-2041-R01,صوص سيجنتشر,صوص (sauce),sauce,صوص (sauce),sauce_condiment,شركة مهاب الغذائية (شرمبشاك) - حي الملك فهد,شركة مهاب الغذائية (شرمبشاك),حي الملك فهد,شركة مهاب الغذائية (شرمبشاك) - حي الملك فهد,العليا,بلدية,بلدية العليا,True,False,لا يوجد,,0,,,False,none,date_parsed_from_text,1,False
Data 2025.xlsx,6926,2025-07-27,2025-07,2025-W30,3,6,sau-2042-r01,sau-2042-R01,صوص بافلو,صوص (sauce),sauce,صوص (sauce),sauce_condiment,شركة مهاب الغذائية (شرمبشاك) - حي الملك فهد,شركة مهاب الغذائية (شرمبشاك),حي الملك فهد,شركة مهاب الغذائية (شرمبشاك) - حي الملك فهد,العليا,بلدية,بلدية العليا,True,False,لا يوجد,,0,,,False,none,date_parsed_from_text,1,False
Data 2025.xlsx,6927,2025-07-27,2025-07,2025-W30,3,6,sau-2043-r01,sau-2043-R01,صوص رانش,صوص (sauce),sauce,صوص (sauce),sauce_condiment,شركة مهاب الغذائية (شرمبشاك) - حي الملك فهد,شركة مهاب الغذائية (شرمبشاك),حي الملك فهد,شركة مهاب الغذائية (شرمبشاك) - حي الملك فهد,العليا,بلدية,بلدية العليا,False,True,انتيروباكتريسي,انتيروباكتريسي,1,,انتيروباكتريسي,False,indicator_only,date_parsed_from_text,2,True
Data 2025.xlsx,6928,2025-07-27,2025-07,2025-W30,3,6,sau-2044-r01,sau-2044-R01,صوص ديناميت,صوص (sauce),sauce,صوص (sauce),sauce_condiment,شركة مهاب الغذائية (شرمبشاك) - حي الملك فهد,شركة مهاب الغذائية (شرمبشاك),حي الملك فهد,شركة مهاب الغذائية (شرمبشاك) - حي الملك فهد,العليا,بلدية,بلدية العليا,True,False,لا يوجد,,0,,,False,none,date_parsed_from_text,2,True
Data 2025.xlsx,6929,2025-07-27,2025-07,2025-W30,3,6,sau-2045-r01,sau-2045-R01,صوص ديناميت معلب,صوص (sauce),sauce,صوص (sauce),sauce_condiment,شركة مهاب الغذائية (شرمبشاك) - حي الملك فهد,شركة مهاب الغذائية (شرمبشاك),حي الملك فهد,شركة مهاب الغذائية (شرمبشاك) - حي الملك فهد,العليا,بلدية,بلدية العليا,False,True,العد الكلي للبكتيريا,العد الكلي للبكتيريا,1,,العد الكلي للبكتيريا,False,indicator_only,date_parsed_from_text,3,True
Data 2025.xlsx,6930,2025-07-27,2025-07,2025-W30,3,6,sau-2046-r01,sau-2046-R01,صوص فول السوداني بالعسل معلب,صوص (sauce),sauce,صوص (sauce),sauce_condiment,شركة مهاب الغذائية (شرمبشاك) - حي الملك فهد,شركة مهاب الغذائية (شرمبشاك),حي الملك فهد,شركة مهاب الغذائية (شرمبشاك) - حي الملك فهد,العليا,بلدية,بلدية العليا,False,True,انتيروباكتريسي,انتيروباكتريسي,1,,انتيروباكتريسي,False,indicator_only,date_parsed_from_text,4,True
Data 2025.xlsx,6931,2025-07-27,2025-07,2025-W30,3,6,sau-2047-r01,sau-2047-R01,صوص سبيشل معلب,صوص (sauce),sauce,صوص (sauce),sauce_condiment,شركة مهاب الغذائية (شرمبشاك) - حي الملك فهد,شركة مهاب الغذائية (شرمبشاك),حي الملك فهد,شركة مهاب الغذائية (شرمبشاك) - حي الملك فهد,العليا,بلدية,بلدية العليا,True,False,لا يوجد,,0,,,False,none,date_parsed_from_text,4,True
Data 2025.xlsx,6932,2025-07-27,2025-07,2025-W30,3,6,sau-2048-r01,sau-2048-R01,صوص تارتار معلب,صوص (sauce),sauce,صوص (sauce),sauce_condiment,شركة مهاب الغذائية (شرمبشاك) - حي الملك فهد,شركة مهاب الغذائية (شرمبشاك),حي الملك فهد,شركة مهاب الغذائية (شرمبشاك) - حي الملك فهد,العليا,بلدية,بلدية العليا,True,False,لا يوجد,,0,,,False,none,date_parsed_from_text,4,True
Data 2025.xlsx,6944,2025-07-27,2025-07,2025-W30,3,6,sau-2049-r01,sau-2049-R01,صوص فتوش,صوص (sauce),sauce,صوص (sauce),sauce_condiment,الو بيروت - حي الملك فهد,الو بيروت,حي الملك فهد,الو بيروت - حي الملك فهد,العليا,بلدية,بلدية العليا,True,False,لا يوجد,,0,,,False,none,date_parsed_from_text,0,False
Data 2025.xlsx,6951,2025-07-27,2025-07,2025-W30,3,6,sau-2050-r01,sau-2050-R01,صوص ثوم,صوص (sauce),sauce,صوص (sauce),sauce_condiment,الو بيروت - حي الملك فهد,الو بيروت,حي الملك فهد,الو بيروت - حي الملك فهد,العليا,بلدية,بلدية العليا,True,False,لا يوجد,,0,,,False,none,date_parsed_from_text,2,True
Data 2025.xlsx,6967,2025-07-27,2025-07,2025-W30,3,6,sau-2051-r01,sau-2051-R01,صوص كاتشب,صوص (sauce),sauce,صوص (sauce),sauce_condiment,الو بيروت - حي الملك فهد,الو بيروت,حي الملك فهد,الو بيروت - حي الملك فهد,العليا,بلدية,بلدية العليا,True,False,لا يوجد,,0,,,False,none,date_parsed_from_text,7,True
Data 2025.xlsx,6968,2025-07-27,2025-07,2025-W30,3,6,sau-2052-r01,sau-2052-R01,صوص خردل,صوص (sauce),sauce,صوص (sauce),sauce_condiment,الو بيروت - حي الملك فهد,الو بيروت,حي الملك فهد,الو بيروت - حي الملك فهد,العليا,بلدية,بلدية العليا,False,True,العد الكلي للبكتيريا,العد الكلي للبكتيريا,1,,العد الكلي للبكتيريا,False,indicator_only,date_parsed_from_text,8,True
Data 2025.xlsx,6969,2025-07-27,2025-07,2025-W30,3,6,sau-2053-r01,sau-2053-R01,صوص باربكيو,صوص (sauce),sauce,صوص (sauce),sauce_condiment,الو بيروت - حي الملك فهد,الو بيروت,حي الملك فهد,الو بيروت - حي الملك فهد,العليا,بلدية,بلدية العليا,True,False,لا يوجد,,0,,,False,none,date_parsed_from_text,8,True
Data 2025.xlsx,6970,2025-07-27,2025-07,2025-W30,3,6,sau-2054-r01,sau-2054-R01,صوص ديناميت,صوص (sauce),sauce,صوص (sauce),sauce_condiment,الو بيروت - حي الملك فهد,الو بيروت,حي الملك فهد,الو بيروت - حي الملك فهد,العليا,بلدية,بلدية العليا,False,True,العد الكلي للبكتيريا,العد الكلي للبكتيريا,1,,العد الكلي للبكتيريا,False,indicator_only,date_parsed_from_text,9,True
Data 2025.xlsx,6983,2025-07-27,2025-07,2025-W30,3,6,sau-2055-r01,sau-2055-R01,صوص تبولة,صوص (sauce),sauce,صوص (sauce),sauce_condiment,الو بيروت - حي الملك فهد,الو بيروت,حي الملك فهد,الو بيروت - حي الملك فهد,العليا,بلدية,بلدية العليا,True,False,لا يوجد,,0,,,False,none,date_parsed_from_text,11,True
Data 2025.xlsx,6893,2025-07-27,2025-07,2025-W30,3,6,sw-3374-r01,sw-3374-R01,مسحة قطاعة مرتديلا مع جبن,(Swabs) المسحات,Swabs,(Swabs) المسحات,swab,لولو هايبر ماركت - حي الملك فهد,لولو هايبر ماركت,حي الملك فهد,لولو هايبر ماركت - حي الملك فهد,العليا,بلدية,بلدية العليا,False,True,العد الكلي للبكتيريا,العد الكلي للبكتيريا,1,,العد الكلي للبكتيريا,False,indicator_only,date_parsed_from_text,3,True
Data 2025.xlsx,6894,2025-07-27,2025-07,2025-W30,3,6,sw-3375-r01,sw-3375-R01,مسحة طاولة تقطيع مرتديلا مع جبن,(Swabs) المسحات,Swabs,(Swabs) المسحات,swab,لولو هايبر ماركت - حي الملك فهد,لولو هايبر ماركت,حي الملك فهد,لولو هايبر ماركت - حي الملك فهد,العليا,بلدية,بلدية العليا,False,True,العد الكلي للبكتيريا,العد الكلي للبكتيريا,1,,العد الكلي للبكتيريا,False,indicator_only,date_parsed_from_text,4,True
Data 2025.xlsx,6895,2025-07-27,2025-07,2025-W30,3,6,sw-3376-r01,sw-3376-R01,مسحة بشارة جبن,(Swabs) المسحات,Swabs,(Swabs) المسحات,swab,لولو هايبر ماركت - حي الملك فهد,لولو هايبر ماركت,حي الملك فهد,لولو هايبر ماركت - حي الملك فهد,العليا,بلدية,بلدية العليا,True,False,لا يوجد,,0,,,False,none,date_parsed_from_text,4,True
Data 2025.xlsx,6896,2025-07-27,2025-07,2025-W30,3,6,sw-3377-r01,sw-3377-R01,مسحة ثلاجة,(Swabs) المسحات,Swabs,(Swabs) المسحات,swab,لولو هايبر ماركت - حي الملك فهد,لولو هايبر ماركت,حي الملك فهد,لولو هايبر ماركت - حي الملك فهد,العليا,بلدية,بلدية العليا,True,False,لا يوجد,,0,,,False,none,date_parsed_from_text,4,True
Data 2025.xlsx,6918,2025-07-27,2025-07,2025-W30,3,6,sw-3378-r01,sw-3378-R01,مسحة ثلاجة,(Swabs) المسحات,Swabs,(Swabs) المسحات,swab,لولو هايبر ماركت - حي الملك فهد,لولو هايبر ماركت,حي الملك فهد,لولو هايبر ماركت - حي الملك فهد,العليا,بلدية,بلدية العليا,True,False,لا يوجد,,0,,,False,none,date_parsed_from_text,10,True
Data 2025.xlsx,6919,2025-07-27,2025-07,2025-W30,3,6,sw-3379-r01,sw-3379-R01,مسحة سخان,(Swabs) المسحات,Swabs,(Swabs) المسحات,swab,لولو هايبر ماركت - حي الملك فهد,لولو هايبر ماركت,حي الملك فهد,لولو هايبر ماركت - حي الملك فهد,العليا,بلدية,بلدية العليا,True,False,لا يوجد,,0,,,False,none,date_parsed_from_text,10,True
Data 2025.xlsx,6920,2025-07-27,2025-07,2025-W30,3,6,sw-3380-r01,sw-3380-R01,مسحة سخان,(Swabs) المسحات,Swabs,(Swabs) المسحات,swab,لولو هايبر ماركت - حي الملك فهد,لولو هايبر ماركت,حي الملك فهد,لولو هايبر ماركت - حي الملك فهد,العليا,بلدية,بلدية العليا,True,False,لا يوجد,,0,,,False,none,date_parsed_from_text,10,True
Data 2025.xlsx,6921,2025-07-27,2025-07,2025-W30,3,6,sw-3381-r01,sw-3381-R01,مسحة سخان,(Swabs) المسحات,Swabs,(Swabs) المسحات,swab,لولو هايبر ماركت - حي الملك فهد,لولو هايبر ماركت,حي الملك فهد,لولو هايبر ماركت - حي الملك فهد,العليا,بلدية,بلدية العليا,True,False,لا يوجد,,0,,,False,none,date_parsed_from_text,10,True
Data 2025.xlsx,6936,2025-07-27,2025-07,2025-W30,3,6,sw-3382-r01,sw-3382-R01,مسحة صانعة ثلج,(Swabs) المسحات,Swabs,(Swabs) المسحات,swab,شركة مهاب الغذائية (شرمبشاك) - حي الملك فهد,شركة مهاب الغذائية (شرمبشاك),حي الملك فهد,شركة مهاب الغذائية (شرمبشاك) - حي الملك فهد,العليا,بلدية,بلدية العليا,True,False,لا يوجد,,0,,,False,none,date_parsed_from_text,4,True
Data 2025.xlsx,6937,2025-07-27,2025-07,2025-W30,3,6,sw-3383-r01,sw-3383-R01,مسحة حافظة بطاطس,(Swabs) المسحات,Swabs,(Swabs) المسحات,swab,شركة مهاب الغذائية (شرمبشاك) - حي الملك فهد,شركة مهاب الغذائية (شرمبشاك),حي الملك فهد,شركة مهاب الغذائية (شرمبشاك) - حي الملك فهد,العليا,بلدية,بلدية العليا,True,False,لا يوجد,,0,,,False,none,date_parsed_from_text,4,True
Data 2025.xlsx,6938,2025-07-27,2025-07,2025-W30,3,6,sw-3384-r01,sw-3384-R01,مسحة ثلاجة تحضير,(Swabs) المسحات,Swabs,(Swabs) المسحات,swab,شركة مهاب الغذائية (شرمبشاك) - حي الملك فهد,شركة مهاب الغذائية (شرمبشاك),حي الملك فهد,شركة مهاب الغذائية (شرمبشاك) - حي الملك فهد,العليا,بلدية,بلدية العليا,True,False,لا يوجد,,0,,,False,none,date_parsed_from_text,4,True
Data 2025.xlsx,6957,2025-07-27,2025-07,2025-W30,3,6,sw-3385-r01,sw-3385-R01,مسحة طاولة تقطيع مشاوي,(Swabs) المسحات,Swabs,(Swabs) المسحات,swab,الو بيروت - حي الملك فهد,الو بيروت,حي الملك فهد,الو بيروت - حي الملك فهد,العليا,بلدية,بلدية العليا,True,False,لا يوجد,,0,,,False,none,date_parsed_from_text,3,True
Data 2025.xlsx,6958,2025-07-27,2025-07,2025-W30,3,6,sw-3386-r01,sw-3386-R01,مسحة ثلاجة تحضير مقبلات,(Swabs) المسحات,Swabs,(Swabs) المسحات,swab,الو بيروت - حي الملك فهد,الو بيروت,حي الملك فهد,الو بيروت - حي الملك فهد,العليا,بلدية,بلدية العليا,True,False,لا يوجد,,0,,,False,none,date_parsed_from_text,3,True
Data 2025.xlsx,6959,2025-07-27,2025-07,2025-W30,3,6,sw-3387-r01,sw-3387-R01,مسحة حافظة بطاطس,(Swabs) المسحات,Swabs,(Swabs) المسحات,swab,الو بيروت - حي الملك فهد,الو بيروت,حي الملك فهد,الو بيروت - حي الملك فهد,العليا,بلدية,بلدية العليا,True,False,لا يوجد,,0,,,False,none,date_parsed_from_text,3,True
Data 2025.xlsx,6971,2025-07-27,2025-07,2025-W30,3,6,sw-3388-r01,sw-3388-R01,مسحة طاولة تقطيع شاورما,(Swabs) المسحات,Swabs,(Swabs) المسحات,swab,الو بيروت - حي الملك فهد,الو بيروت,حي الملك فهد,الو بيروت - حي الملك فهد,العليا,بلدية,بلدية العليا,True,False,لا يوجد,,0,,,False,none,date_parsed_from_text,9,True
Data 2025.xlsx,6972,2025-07-27,2025-07,2025-W30,3,6,sw-3389-r01,sw-3389-R01,مسحة طاولة تقطيع خضار,(Swabs) المسحات,Swabs,(Swabs) المسحات,swab,الو بيروت - حي الملك فهد,الو بيروت,حي الملك فهد,الو بيروت - حي الملك فهد,العليا,بلدية,بلدية العليا,True,False,لا يوجد,,0,,,False,none,date_parsed_from_text,9,True
Data 2025.xlsx,6973,2025-07-27,2025-07,2025-W30,3,6,sw-3390-r01,sw-3390-R01,مسحة طاولة تقطيع,(Swabs) المسحات,Swabs,(Swabs) المسحات,swab,الو بيروت - حي الملك فهد,الو بيروت,حي الملك فهد,الو بيروت - حي الملك فهد,العليا,بلدية,بلدية العليا,True,False,لا يوجد,,0,,,False,none,date_parsed_from_text,9,True
Data 2025.xlsx,6974,2025-07-27,2025-07,2025-W30,3,6,sw-3391-r01,sw-3391-R01,مسحة حافظة فلافل,(Swabs) المسحات,Swabs,(Swabs) المسحات,swab,الو بيروت - حي الملك فهد,الو بيروت,حي الملك فهد,الو بيروت - حي الملك فهد,العليا,بلدية,بلدية العليا,True,False,لا يوجد,,0,,,False,none,date_parsed_from_text,9,True
Data 2025.xlsx,6946,2025-07-27,2025-07,2025-W30,3,6,sweet-1306-r01,sweet-1306-R01,رز بالحليب,الحلا(sweetness),sweetness,الحلا(sweetness),sweets_bakery,الو بيروت - حي الملك فهد,الو بيروت,حي الملك فهد,الو بيروت - حي الملك فهد,العليا,بلدية,بلدية العليا,True,False,لا يوجد,,0,,,False,none,date_parsed_from_text,1,False
Data 2025.xlsx,6947,2025-07-27,2025-07,2025-W30,3,6,sweet-1307-r01,sweet-1307-R01,كاسترد,الحلا(sweetness),sweetness,الحلا(sweetness),sweets_bakery,الو بيروت - حي الملك فهد,الو بيروت,حي الملك فهد,الو بيروت - حي الملك فهد,العليا,بلدية,بلدية العليا,True,False,لا يوجد,,0,,,False,none,date_parsed_from_text,1,False
Data 2025.xlsx,6984,2025-07-27,2025-07,2025-W30,3,6,ubot-1056-r01,Ubot-1056-R01,مياه غسيل الادوات,المياه الغير معبأة (Unbottled water),Unbottled water,المياه الغير معبأة (Unbottled water),water,شركة عهود قصر اللحوم التجارية,شركة عهود قصر اللحوم التجارية,,شركة عهود قصر اللحوم التجارية,النسيم,بلدية,بلدية النسيم,True,False,لا يوجد,,0,,,False,none,date_parsed_from_text,2,True
