source_file,row_excel,sampling_date,year_month,iso_year_week,quarter,day_of_week,sample_id,sample_id_raw,sample_name,category_canonical,category_en,category_raw,sample_type,facility_name,facility_chain,facility_branch,facility_name_raw,municipality,municipality_type,municipality_raw,is_valid,is_failure,invalid_tests_raw,invalid_tests,n_failed_tests,failed_pathogens,failed_indicators,has_pathogen_failure,severity_tier,data_quality_flags,chain_invalid_count_90d,is_repeat_offender_90d
Data 2025.xlsx,6169,2025-08-07,2025-08,2025-W32,3,3,1-3204-R01,1-3204-R01,صلصة فرنسية,صلصه(salsa),salsa,صلصه(salsa),sauce_condiment,برجر 777 - حي المصيف,برجر 777,حي المصيف,برجر 777 - حي المصيف,العليا,بلدية,بلدية العليا,True,False,لا يوجد,,0,,,False,none,,0,False
Data 2025.xlsx,6207,2025-08-07,2025-08,2025-W32,3,3,O-U-po-0208-R01,O-U-po-0208-R01,حب رمان,الرمان (pomegranate),pomegranate,الرمان (pomegranate),produce,مطعم ايمان البجادي - حي النخيل,مطعم ايمان البجادي,حي النخيل,مطعم ايمان البجادي - حي النخيل,العليا,بلدية,بلدية العليا,True,False,لا يوجد,,0,,,False,none,,3,True
Data 2025.xlsx,6177,2025-08-07,2025-08,2025-W32,3,3,O-U-to-0647-R01,O-U-to-0647-R01,شرائح طماطم,الطماطم (Tomatoes),Tomatoes,الطماطم (Tomatoes),produce,برجر 777 - حي المصيف,برجر 777,حي المصيف,برجر 777 - حي المصيف,العليا,بلدية,بلدية العليا,True,False,لا يوجد,,0,,,False,none,,2,True
Data 2025.xlsx,6176,2025-08-07,2025-08,2025-W32,3,3,O-r-O3-le-0360-R01,O-r-O3-le-0360-R01,شرائح خس امريكي,الخس (Lettuce),Lettuce,الخس (Lettuce),produce,برجر 777 - حي المصيف,برجر 777,حي المصيف,برجر 777 - حي المصيف,العليا,بلدية,بلدية العليا,True,False,لا يوجد,,0,,,False,none,,2,True
Data 2025.xlsx,6192,2025-08-07,2025-08,2025-W32,3,3,OO-OSS-po-0411-R01,OO-OSS-po-0411-R01,بطاطس مقلي,البطاطس (potatoes),potatoes,البطاطس (potatoes),produce,لفة الشيف - حي النخيل,لفة الشيف,حي النخيل,لفة الشيف - حي النخيل,العليا,بلدية,بلدية العليا,True,False,لا يوجد,,0,,,False,none,,7,True
Data 2025.xlsx,6191,2025-08-07,2025-08,2025-W32,3,3,OOu-on-0498-R01,OOu-on-0498-R01,بصل مكرمل,البصل (onions),onions,البصل (onions),produce,لفة الشيف - حي النخيل,لفة الشيف,حي النخيل,لفة الشيف - حي النخيل,العليا,بلدية,بلدية العليا,True,False,لا يوجد,,0,,,False,none,,7,True
Data 2025.xlsx,6208,2025-08-07,2025-08,2025-W32,3,3,OOu-on-0499-R01,OOu-on-0499-R01,بصل اخضر,البصل (onions),onions,البصل (onions),produce,مطعم ايمان البجادي - حي النخيل,مطعم ايمان البجادي,حي النخيل,مطعم ايمان البجادي - حي النخيل,العليا,بلدية,بلدية العليا,False,True,استافيلوكوكس اورياس,استافيلوكوكس اورياس,1,استافيلوكوكس اورياس,,True,pathogen,,4,True
Data 2025.xlsx,6174,2025-08-07,2025-08,2025-W32,3,3,chee-0777-r01,Chee-0777-R01,شرائح جبن شيدر,(cheese) جبنة,cheese,(cheese) جبنة,dairy,برجر 777 - حي المصيف,برجر 777,حي المصيف,برجر 777 - حي المصيف,العليا,بلدية,بلدية العليا,True,False,لا يوجد,,0,,,False,none,,2,True
Data 2025.xlsx,6175,2025-08-07,2025-08,2025-W32,3,3,chee-0778-r01,Chee-0778-R01,شرائح جبن ابيض,(cheese) جبنة,cheese,(cheese) جبنة,dairy,برجر 777 - حي المصيف,برجر 777,حي المصيف,برجر 777 - حي المصيف,العليا,بلدية,بلدية العليا,True,False,لا يوجد,,0,,,False,none,,2,True
Data 2025.xlsx,6193,2025-08-07,2025-08,2025-W32,3,3,co-0550-r01,co-0550-R01,قطع شاورما,الدجاج المطبوخ (Cooked chicken),Cooked chicken,الدجاج المطبوخ (Cooked chicken),cooked_meat_poultry,لفة الشيف - حي النخيل,لفة الشيف,حي النخيل,لفة الشيف - حي النخيل,العليا,بلدية,بلدية العليا,True,False,لا يوجد,,0,,,False,none,,7,True
Data 2025.xlsx,6183,2025-08-07,2025-08,2025-W32,3,3,hs-0326-r01,HS-0326-R01,شطة,الشطة (Hot sauce),Hot sauce,الشطة (Hot sauce),sauce_condiment,لفة الشيف - حي النخيل,لفة الشيف,حي النخيل,لفة الشيف - حي النخيل,العليا,بلدية,بلدية العليا,False,True,العد الكلي للبكتيريا,العد الكلي للبكتيريا,1,,العد الكلي للبكتيريا,False,indicator_only,,2,True
Data 2025.xlsx,6201,2025-08-07,2025-08,2025-W32,3,3,hs-0327-r01,HS-0327-R01,دقوس حار اخضر,الشطة (Hot sauce),Hot sauce,الشطة (Hot sauce),sauce_condiment,مطعم ايمان البجادي - حي النخيل,مطعم ايمان البجادي,حي النخيل,مطعم ايمان البجادي - حي النخيل,العليا,بلدية,بلدية العليا,True,False,لا يوجد,,0,,,False,none,,1,False
Data 2025.xlsx,6190,2025-08-07,2025-08,2025-W32,3,3,pick-0459-r01,Pick-0459-R01,مخلل خيار,المخلل (Pickle),Pickle,المخلل (Pickle),sauce_condiment,لفة الشيف - حي النخيل,لفة الشيف,حي النخيل,لفة الشيف - حي النخيل,العليا,بلدية,بلدية العليا,False,True,خمائر,الخمائر والاعفان,1,,الخمائر والاعفان,False,indicator_only,,7,True
Data 2025.xlsx,6204,2025-08-07,2025-08,2025-W32,3,3,pick-0460-r01,Pick-0460-R01,مخلل خيار,المخلل (Pickle),Pickle,المخلل (Pickle),sauce_condiment,مطعم ايمان البجادي - حي النخيل,مطعم ايمان البجادي,حي النخيل,مطعم ايمان البجادي - حي النخيل,العليا,بلدية,بلدية العليا,False,True,خمائر,الخمائر والاعفان,1,,الخمائر والاعفان,False,indicator_only,,3,True
Data 2025.xlsx,6161,2025-08-07,2025-08,2025-W32,3,3,raw-0343-r01,Raw-0343-R01,لحم رجل عجل هندي,لحوم نيئة مبردة ومجمدة (Raw meat Cold or chilled ),Raw meat Cold or chilled,لحوم نيئة مبردة ومجمدة (Raw meat Cold or chilled ),raw_meat,مؤسسة معالي حمود حواس العنزي للحوم,مؤسسة معالي حمود حواس العنزي للحوم,,مؤسسة معالي حمود حواس العنزي للحوم,الروضة,بلدية,بلدية الروضة,True,False,لا يوجد,,0,,,False,none,,0,False
Data 2025.xlsx,6162,2025-08-07,2025-08,2025-W32,3,3,raw-0344-r01,Raw-0344-R01,لحم رجل تيس باكستاني,لحوم نيئة مبردة ومجمدة (Raw meat Cold or chilled ),Raw meat Cold or chilled,لحوم نيئة مبردة ومجمدة (Raw meat Cold or chilled ),raw_meat,مؤسسة معالي حمود حواس العنزي للحوم,مؤسسة معالي حمود حواس العنزي للحوم,,مؤسسة معالي حمود حواس العنزي للحوم,الروضة,بلدية,بلدية الروضة,True,False,لا يوجد,,0,,,False,none,,0,False
Data 2025.xlsx,6199,2025-08-07,2025-08,2025-W32,3,3,sal-1442-r01,Sal-1442-R01,سلطة ملفوف,السلطة(Salad),Salad,السلطة(Salad),produce,مطعم ايمان البجادي - حي النخيل,مطعم ايمان البجادي,حي النخيل,مطعم ايمان البجادي - حي النخيل,العليا,بلدية,بلدية العليا,True,False,لا يوجد,,0,,,False,none,,0,False
Data 2025.xlsx,6163,2025-08-07,2025-08,2025-W32,3,3,sau-1946-r01,sau-1946-R01,صوص ونقز,صوص (sauce),sauce,صوص (sauce),sauce_condiment,برجر 777 - حي المصيف,برجر 777,حي المصيف,برجر 777 - حي المصيف,العليا,بلدية,بلدية العليا,True,False,لا يوجد,,0,,,False,none,,0,False
Data 2025.xlsx,6164,2025-08-07,2025-08,2025-W32,3,3,sau-1947-r01,sau-1947-R01,صوص ثوم,صوص (sauce),sauce,صوص (sauce),sauce_condiment,برجر 777 - حي المصيف,برجر 777,حي المصيف,برجر 777 - حي المصيف,العليا,بلدية,بلدية العليا,True,False,لا يوجد,,0,,,False,none,,0,False
Data 2025.xlsx,6165,2025-08-07,2025-08,2025-W32,3,3,sau-1948-r01,sau-1948-R01,صوص مايونيز,صوص (sauce),sauce,صوص (sauce),sauce_condiment,برجر 777 - حي المصيف,برجر 777,حي المصيف,برجر 777 - حي المصيف,العليا,بلدية,بلدية العليا,True,False,لا يوجد,,0,,,False,none,,0,False
Data 2025.xlsx,6166,2025-08-07,2025-08,2025-W32,3,3,sau-1949-r01,sau-1949-R01,صوص سبيشل,صوص (sauce),sauce,صوص (sauce),sauce_condiment,برجر 777 - حي المصيف,برجر 777,حي المصيف,برجر 777 - حي المصيف,العليا,بلدية,بلدية العليا,True,False,لا يوجد,,0,,,False,none,,0,False
Data 2025.xlsx,6167,2025-08-07,2025-08,2025-W32,3,3,sau-1950-r01,sau-1950-R01,صوص فلمز,صوص (sauce),sauce,صوص (sauce),sauce_condiment,برجر 777 - حي المصيف,برجر 777,حي المصيف,برجر 777 - حي المصيف,العليا,بلدية,بلدية العليا,True,False,لا يوجد,,0,,,False,none,,0,False
Data 2025.xlsx,6168,2025-08-07,2025-08,2025-W32,3,3,sau-1951-r01,sau-1951-R01,صوص رانش,صوص (sauce),sauce,صوص (sauce),sauce_condiment,برجر 777 - حي المصيف,برجر 777,حي المصيف,برجر 777 - حي المصيف,العليا,بلدية,بلدية العليا,True,False,لا يوجد,,0,,,False,none,,0,False
Data 2025.xlsx,6170,2025-08-07,2025-08,2025-W32,3,3,sau-1952-r01,sau-1952-R01,صوص برجر,صوص (sauce),sauce,صوص (sauce),sauce_condiment,برجر 777 - حي المصيف,برجر 777,حي المصيف,برجر 777 - حي المصيف,العليا,بلدية,بلدية العليا,True,False,لا يوجد,,0,,,False,none,,0,False
Data 2025.xlsx,6171,2025-08-07,2025-08,2025-W32,3,3,sau-1953-r01,sau-1953-R01,صوص ماسترد,صوص (sauce),sauce,صوص (sauce),sauce_condiment,برجر 777 - حي المصيف,برجر 777,حي المصيف,برجر 777 - حي المصيف,العليا,بلدية,بلدية العليا,False,True,انتيروباكتريسي,انتيروباكتريسي,1,,انتيروباكتريسي,False,indicator_only,,1,False
Data 2025.xlsx,6172,2025-08-07,2025-08,2025-W32,3,3,sau-1954-r01,sau-1954-R01,صوص تشيز,صوص (sauce),sauce,صوص (sauce),sauce_condiment,برجر 777 - حي المصيف,برجر 777,حي المصيف,برجر 777 - حي المصيف,العليا,بلدية,بلدية العليا,False,True,انتيروباكتريسي,انتيروباكتريسي,1,,انتيروباكتريسي,False,indicator_only,,2,True
Data 2025.xlsx,6173,2025-08-07,2025-08,2025-W32,3,3,sau-1955-r01,sau-1955-R01,صوص كاتشب,صوص (sauce),sauce,صوص (sauce),sauce_condiment,برجر 777 - حي المصيف,برجر 777,حي المصيف,برجر 777 - حي المصيف,العليا,بلدية,بلدية العليا,True,False,لا يوجد,,0,,,False,none,,2,True
Data 2025.xlsx,6182,2025-08-07,2025-08,2025-W32,3,3,sau-1956-r01,sau-1956-R01,صوص ثوم,صوص (sauce),sauce,صوص (sauce),sauce_condiment,لفة الشيف - حي النخيل,لفة الشيف,حي النخيل,لفة الشيف - حي النخيل,العليا,بلدية,بلدية العليا,False,True,استافيلوكوكس اورياس,استافيلوكوكس اورياس,1,استافيلوكوكس اورياس,,True,pathogen,,1,False
Data 2025.xlsx,6184,2025-08-07,2025-08,2025-W32,3,3,sau-1957-r01,sau-1957-R01,صوص مكس شطة +كاتشب,صوص (sauce),sauce,صوص (sauce),sauce_condiment,لفة الشيف - حي النخيل,لفة الشيف,حي النخيل,لفة الشيف - حي النخيل,العليا,بلدية,بلدية العليا,False,True,العد الكلي للبكتيريا,العد الكلي للبكتيريا,1,,العد الكلي للبكتيريا,False,indicator_only,,3,True
Data 2025.xlsx,6185,2025-08-07,2025-08,2025-W32,3,3,sau-1958-r01,sau-1958-R01,صوص كاتشب,صوص (sauce),sauce,صوص (sauce),sauce_condiment,لفة الشيف - حي النخيل,لفة الشيف,حي النخيل,لفة الشيف - حي النخيل,العليا,بلدية,بلدية العليا,True,False,لا يوجد,,0,,,False,none,,3,True
Data 2025.xlsx,6186,2025-08-07,2025-08,2025-W32,3,3,sau-1959-r01,sau-1959-R01,صوص شب,صوص (sauce),sauce,صوص (sauce),sauce_condiment,لفة الشيف - حي النخيل,لفة الشيف,حي النخيل,لفة الشيف - حي النخيل,العليا,بلدية,بلدية العليا,False,True,العد الكلي للبكتيريا,العد الكلي للبكتيريا,1,,العد الكلي للبكتيريا,False,indicator_only,,4,True
Data 2025.xlsx,6187,2025-08-07,2025-08,2025-W32,3,3,sau-1960-r01,sau-1960-R01,صوص ثومية حار,صوص (sauce),sauce,صوص (sauce),sauce_condiment,لفة الشيف - حي النخيل,لفة الشيف,حي النخيل,لفة الشيف - حي النخيل,العليا,بلدية,بلدية العليا,False,True,العد الكلي للبكتيريا,العد الكلي للبكتيريا,1,,العد الكلي للبكتيريا,False,indicator_only,,5,True
Data 2025.xlsx,6188,2025-08-07,2025-08,2025-W32,3,3,sau-1961-r01,sau-1961-R01,صوص ثومية حار معلب,صوص (sauce),sauce,صوص (sauce),sauce_condiment,لفة الشيف - حي النخيل,لفة الشيف,حي النخيل,لفة الشيف - حي النخيل,العليا,بلدية,بلدية العليا,False,True,العد الكلي للبكتيريا,العد الكلي للبكتيريا,1,,العد الكلي للبكتيريا,False,indicator_only,,6,True
Data 2025.xlsx,6189,2025-08-07,2025-08,2025-W32,3,3,sau-1962-r01,sau-1962-R01,صوص ثوم معلب,صوص (sauce),sauce,صوص (sauce),sauce_condiment,لفة الشيف - حي النخيل,لفة الشيف,حي النخيل,لفة الشيف - حي النخيل,العليا,بلدية,بلدية العليا,True,False,لا يوجد,,0,,,False,none,,6,True
Data 2025.xlsx,6200,2025-08-07,2025-08,2025-W32,3,3,sau-1963-r01,sau-1963-R01,صوص ذرة,صوص (sauce),sauce,صوص (sauce),sauce_condiment,مطعم ايمان البجادي - حي النخيل,مطعم ايمان البجادي,حي النخيل,مطعم ايمان البجادي - حي النخيل,العليا,بلدية,بلدية العليا,False,True,العد الكلي للبكتيريا,العد الكلي للبكتيريا,1,,العد الكلي للبكتيريا,False,indicator_only,,1,False
Data 2025.xlsx,6202,2025-08-07,2025-08,2025-W32,3,3,sau-1964-r01,sau-1964-R01,صوص ثوم,صوص (sauce),sauce,صوص (sauce),sauce_condiment,مطعم ايمان البجادي - حي النخيل,مطعم ايمان البجادي,حي النخيل,مطعم ايمان البجادي - حي النخيل,العليا,بلدية,بلدية العليا,False,True,العد الكلي للبكتيريا,العد الكلي للبكتيريا,1,,العد الكلي للبكتيريا,False,indicator_only,,2,True
Data 2025.xlsx,6203,2025-08-07,2025-08,2025-W32,3,3,sau-1965-r01,sau-1965-R01,صوص بروستد,صوص (sauce),sauce,صوص (sauce),sauce_condiment,مطعم ايمان البجادي - حي النخيل,مطعم ايمان البجادي,حي النخيل,مطعم ايمان البجادي - حي النخيل,العليا,بلدية,بلدية العليا,True,False,لا يوجد,,0,,,False,none,,2,True
Data 2025.xlsx,6205,2025-08-07,2025-08,2025-W32,3,3,sau-1966-r01,sau-1966-R01,صوص كوريان,صوص (sauce),sauce,صوص (sauce),sauce_condiment,مطعم ايمان البجادي - حي النخيل,مطعم ايمان البجادي,حي النخيل,مطعم ايمان البجادي - حي النخيل,العليا,بلدية,بلدية العليا,True,False,لا يوجد,,0,,,False,none,,3,True
Data 2025.xlsx,6206,2025-08-07,2025-08,2025-W32,3,3,sau-1967-r01,sau-1967-R01,صوص بلات,صوص (sauce),sauce,صوص (sauce),sauce_condiment,مطعم ايمان البجادي - حي النخيل,مطعم ايمان البجادي,حي النخيل,مطعم ايمان البجادي - حي النخيل,العليا,بلدية,بلدية العليا,True,False,لا يوجد,,0,,,False,none,,3,True
Data 2025.xlsx,6178,2025-08-07,2025-08,2025-W32,3,3,sw-3305-r01,sw-3305-R01,مسحة ثلاجة تحضير,(Swabs) المسحات,Swabs,(Swabs) المسحات,swab,برجر 777 - حي المصيف,برجر 777,حي المصيف,برجر 777 - حي المصيف,العليا,بلدية,بلدية العليا,True,False,لا يوجد,,0,,,False,none,,2,True
Data 2025.xlsx,6179,2025-08-07,2025-08,2025-W32,3,3,sw-3306-r01,sw-3306-R01,مسحة ثلاجة تحضير,(Swabs) المسحات,Swabs,(Swabs) المسحات,swab,برجر 777 - حي المصيف,برجر 777,حي المصيف,برجر 777 - حي المصيف,العليا,بلدية,بلدية العليا,True,False,لا يوجد,,0,,,False,none,,2,True
Data 2025.xlsx,6180,2025-08-07,2025-08,2025-W32,3,3,sw-3307-r01,sw-3307-R01,مسحة طاولة خاصة بالحماصة,(Swabs) المسحات,Swabs,(Swabs) المسحات,swab,برجر 777 - حي المصيف,برجر 777,حي المصيف,برجر 777 - حي المصيف,العليا,بلدية,بلدية العليا,True,False,لا يوجد,,0,,,False,none,,2,True
Data 2025.xlsx,6181,2025-08-07,2025-08,2025-W32,3,3,sw-3308-r01,sw-3308-R01,مسحة حافظة بطاطس,(Swabs) المسحات,Swabs,(Swabs) المسحات,swab,برجر 777 - حي المصيف,برجر 777,حي المصيف,برجر 777 - حي المصيف,العليا,بلدية,بلدية العليا,True,False,لا يوجد,,0,,,False,none,,2,True
Data 2025.xlsx,6194,2025-08-07,2025-08,2025-W32,3,3,sw-3309-r01,sw-3309-R01,مسحة قطاعة شاورما دجاج,(Swabs) المسحات,Swabs,(Swabs) المسحات,swab,لفة الشيف - حي النخيل,لفة الشيف,حي النخيل,لفة الشيف - حي النخيل,العليا,بلدية,بلدية العليا,True,False,لا يوجد,,0,,,False,none,,7,True
Data 2025.xlsx,6195,2025-08-07,2025-08,2025-W32,3,3,sw-3310-r01,sw-3310-R01,مسحة طاولة تقطيع شاورما,(Swabs) المسحات,Swabs,(Swabs) المسحات,swab,لفة الشيف - حي النخيل,لفة الشيف,حي النخيل,لفة الشيف - حي النخيل,العليا,بلدية,بلدية العليا,True,False,لا يوجد,,0,,,False,none,,7,True
Data 2025.xlsx,6196,2025-08-07,2025-08,2025-W32,3,3,sw-3311-r01,sw-3311-R01,مسحة حافظة بطاطس,(Swabs) المسحات,Swabs,(Swabs) المسحات,swab,لفة الشيف - حي النخيل,لفة الشيف,حي النخيل,لفة الشيف - حي النخيل,العليا,بلدية,بلدية العليا,True,False,لا يوجد,,0,,,False,none,,7,True
Data 2025.xlsx,6197,2025-08-07,2025-08,2025-W32,3,3,sw-3312-r01,sw-3312-R01,مسحة صانعة ثلج,(Swabs) المسحات,Swabs,(Swabs) المسحات,swab,لفة الشيف - حي النخيل,لفة الشيف,حي النخيل,لفة الشيف - حي النخيل,العليا,بلدية,بلدية العليا,True,False,لا يوجد,,0,,,False,none,,7,True
Data 2025.xlsx,6198,2025-08-07,2025-08,2025-W32,3,3,sw-3313-r01,sw-3313-R01,مسحة صاج شاورما دجاج,(Swabs) المسحات,Swabs,(Swabs) المسحات,swab,لفة الشيف - حي النخيل,لفة الشيف,حي النخيل,لفة الشيف - حي النخيل,العليا,بلدية,بلدية العليا,True,False,لا يوجد,,0,,,False,none,,7,True
Data 2025.xlsx,6209,2025-08-07,2025-08,2025-W32,3,3,sw-3314-r01,sw-3314-R01,مسحة حافظة بروستد,(Swabs) المسحات,Swabs,(Swabs) المسحات,swab,مطعم ايمان البجادي - حي النخيل,مطعم ايمان البجادي,حي النخيل,مطعم ايمان البجادي - حي النخيل,العليا,بلدية,بلدية العليا,False,True,العد الكلي للبكتيريا,العد الكلي للبكتيريا,1,,العد الكلي للبكتيريا,False,indicator_only,,5,True
Data 2025.xlsx,6210,2025-08-07,2025-08,2025-W32,3,3,sw-3315-r01,sw-3315-R01,مسحة حافظة بروستد,(Swabs) المسحات,Swabs,(Swabs) المسحات,swab,مطعم ايمان البجادي - حي النخيل,مطعم ايمان البجادي,حي النخيل,مطعم ايمان البجادي - حي النخيل,العليا,بلدية,بلدية العليا,True,False,لا يوجد,,0,,,False,none,,5,True
Data 2025.xlsx,6211,2025-08-07,2025-08,2025-W32,3,3,sw-3316-r01,sw-3316-R01,مسحة حافظة بطاطس,(Swabs) المسحات,Swabs,(Swabs) المسحات,swab,مطعم ايمان البجادي - حي النخيل,مطعم ايمان البجادي,حي النخيل,مطعم ايمان البجادي - حي النخيل,العليا,بلدية,بلدية العليا,True,False,لا يوجد,,0,,,False,none,,5,True
Data 2025.xlsx,6212,2025-08-07,2025-08,2025-W32,3,3,sw-3317-r01,sw-3317-R01,مسحة حافظة ثلج,(Swabs) المسحات,Swabs,(Swabs) المسحات,swab,مطعم ايمان البجادي - حي النخيل,مطعم ايمان البجادي,حي النخيل,مطعم ايمان البجادي - حي النخيل,العليا,بلدية,بلدية العليا,True,False,لا يوجد,,0,,,False,none,,5,True
Data 2025.xlsx,6213,2025-08-07,2025-08,2025-W32,3,3,sw-3318-r01,sw-3318-R01,مسحة حافظة ثلج,(Swabs) المسحات,Swabs,(Swabs) المسحات,swab,مطعم ايمان البجادي - حي النخيل,مطعم ايمان البجادي,حي النخيل,مطعم ايمان البجادي - حي النخيل,العليا,بلدية,بلدية العليا,True,False,لا يوجد,,0,,,False,none,,5,True
Data 2025.xlsx,6215,2025-08-07,2025-08,2025-W32,3,3,ubot-1031-r01,Ubot-1031-R01,مياه حنفية لغسيل الادوات,المياه الغير معبأة (Unbottled water),Unbottled water,المياه الغير معبأة (Unbottled water),water,برجر 777 - حي المصيف,برجر 777,حي المصيف,برجر 777 - حي المصيف,العليا,بلدية,بلدية العليا,False,True,كوليفورم | ايشيريشيا كولاي,كوليفورم | ايشيريشيا كولاي,2,ايشيريشيا كولاي,كوليفورم,True,pathogen,,3,True
Data 2025.xlsx,6216,2025-08-07,2025-08,2025-W32,3,3,ubot-1032-r01,Ubot-1032-R01,مياه فلتر لغسيل الادوات,المياه الغير معبأة (Unbottled water),Unbottled water,المياه الغير معبأة (Unbottled water),water,لفة الشيف - حي النخيل,لفة الشيف,حي النخيل,لفة الشيف - حي النخيل,العليا,بلدية,بلدية العليا,True,False,لا يوجد,,0,,,False,none,,7,True
Data 2025.xlsx,8386,2025-08-09,2025-08,2025-W32,3,5,UOSS-be-0424-R01,UOSS-be-0424-R01,فاصوليا مطبوخ,الفاصوليا (beans),beans,الفاصوليا (beans),produce,فاير جريل - حي الملك فهد,فاير جريل,حي الملك فهد,فاير جريل - حي الملك فهد,العليا,بلدية,بلدية العليا,True,False,لا يوجد,,0,,,False,none,,8,True
Data 2025.xlsx,8368,2025-08-09,2025-08,2025-W32,3,5,UU-le-0468-R01,UU-le-0468-R01,قطع ليمون,الليمون (Lemons),Lemons,الليمون (Lemons),produce,القنديل الذهبي,القنديل الذهبي,,القنديل الذهبي,العليا,بلدية,بلدية العليا,True,False,لا يوجد,,0,,,False,none,,1,False
Data 2025.xlsx,8364,2025-08-09,2025-08,2025-W32,3,5,appe-0599-r01,Appe-0599-R01,حمص شمندر,مقبلات (Appetizers),Appetizers,مقبلات (Appetizers),prepared_meal,القنديل الذهبي,القنديل الذهبي,,القنديل الذهبي,العليا,بلدية,بلدية العليا,True,False,لا يوجد,,0,,,False,none,,1,False
Data 2025.xlsx,8366,2025-08-09,2025-08,2025-W32,3,5,appe-0600-r01,Appe-0600-R01,حمص,مقبلات (Appetizers),Appetizers,مقبلات (Appetizers),prepared_meal,القنديل الذهبي,القنديل الذهبي,,القنديل الذهبي,العليا,بلدية,بلدية العليا,True,False,لا يوجد,,0,,,False,none,,1,False
Data 2025.xlsx,8375,2025-08-09,2025-08,2025-W32,3,5,appe-0601-r01,Appe-0601-R01,تبولة,مقبلات (Appetizers),Appetizers,مقبلات (Appetizers),prepared_meal,فاير جريل - حي الملك فهد,فاير جريل,حي الملك فهد,فاير جريل - حي الملك فهد,العليا,بلدية,بلدية العليا,True,False,لا يوجد,,0,,,False,none,,2,True
Data 2025.xlsx,8385,2025-08-09,2025-08,2025-W32,3,5,co-0606-r01,co-0606-R01,قطع دجاج مشوي,الدجاج المطبوخ (Cooked chicken),Cooked chicken,الدجاج المطبوخ (Cooked chicken),cooked_meat_poultry,فاير جريل - حي الملك فهد,فاير جريل,حي الملك فهد,فاير جريل - حي الملك فهد,العليا,بلدية,بلدية العليا,False,True,العد الكلي للبكتيريا,العد الكلي للبكتيريا,1,,العد الكلي للبكتيريا,False,indicator_only,,8,True
Data 2025.xlsx,8378,2025-08-09,2025-08,2025-W32,3,5,gcv-0258-r01,GCV-0258-R01,زهرة بالطحينة,الخضار المشوية و المطبوخة,,الخضار المشوية و المطبوخة,cooked_meat_poultry,فاير جريل - حي الملك فهد,فاير جريل,حي الملك فهد,فاير جريل - حي الملك فهد,العليا,بلدية,بلدية العليا,True,False,لا يوجد,,0,,,False,none,,3,True
Data 2025.xlsx,8369,2025-08-09,2025-08,2025-W32,3,5,pick-0529-r01,Pick-0529-R01,مشكل مخلل,المخلل (Pickle),Pickle,المخلل (Pickle),sauce_condiment,القنديل الذهبي,القنديل الذهبي,,القنديل الذهبي,العليا,بلدية,بلدية العليا,False,True,خمائر,الخمائر والاعفان,1,,الخمائر والاعفان,False,indicator_only,,2,True
Data 2025.xlsx,8374,2025-08-09,2025-08,2025-W32,3,5,pick-0530-r01,Pick-0530-R01,سويت مخلل خيار,المخلل (Pickle),Pickle,المخلل (Pickle),sauce_condiment,فاير جريل - حي الملك فهد,فاير جريل,حي الملك فهد,فاير جريل - حي الملك فهد,العليا,بلدية,بلدية العليا,True,False,لا يوجد,,0,,,False,none,,2,True
Data 2025.xlsx,8377,2025-08-09,2025-08,2025-W32,3,5,pick-0531-r01,Pick-0531-R01,مخلل خيار مع بصل,المخلل (Pickle),Pickle,المخلل (Pickle),sauce_condiment,فاير جريل - حي الملك فهد,فاير جريل,حي الملك فهد,فاير جريل - حي الملك فهد,العليا,بلدية,بلدية العليا,True,False,لا يوجد,,0,,,False,none,,3,True
Data 2025.xlsx,8367,2025-08-09,2025-08,2025-W32,3,5,sal-1619-r01,Sal-1619-R01,سلطة ملفوف,السلطة(Salad),Salad,السلطة(Salad),produce,القنديل الذهبي,القنديل الذهبي,,القنديل الذهبي,العليا,بلدية,بلدية العليا,True,False,لا يوجد,,0,,,False,none,,1,False
Data 2025.xlsx,8376,2025-08-09,2025-08,2025-W32,3,5,sal-1620-r01,Sal-1620-R01,سلطة مانجا,السلطة(Salad),Salad,السلطة(Salad),produce,فاير جريل - حي الملك فهد,فاير جريل,حي الملك فهد,فاير جريل - حي الملك فهد,العليا,بلدية,بلدية العليا,False,True,استافيلوكوكس اورياس,استافيلوكوكس اورياس,1,استافيلوكوكس اورياس,,True,pathogen,,3,True
Data 2025.xlsx,8379,2025-08-09,2025-08,2025-W32,3,5,sal-1621-r01,Sal-1621-R01,سلطة كازوكي,السلطة(Salad),Salad,السلطة(Salad),produce,فاير جريل - حي الملك فهد,فاير جريل,حي الملك فهد,فاير جريل - حي الملك فهد,العليا,بلدية,بلدية العليا,False,True,استافيلوكوكس اورياس,استافيلوكوكس اورياس,1,استافيلوكوكس اورياس,,True,pathogen,,4,True
Data 2025.xlsx,8382,2025-08-09,2025-08,2025-W32,3,5,sal-1622-r01,Sal-1622-R01,سلطة بيكو,السلطة(Salad),Salad,السلطة(Salad),produce,فاير جريل - حي الملك فهد,فاير جريل,حي الملك فهد,فاير جريل - حي الملك فهد,العليا,بلدية,بلدية العليا,True,False,لا يوجد,,0,,,False,none,,6,True
Data 2025.xlsx,8383,2025-08-09,2025-08,2025-W32,3,5,sal-1623-r01,Sal-1623-R01,سلطة ذرة,السلطة(Salad),Salad,السلطة(Salad),produce,فاير جريل - حي الملك فهد,فاير جريل,حي الملك فهد,فاير جريل - حي الملك فهد,العليا,بلدية,بلدية العليا,True,False,لا يوجد,,0,,,False,none,,6,True
Data 2025.xlsx,8384,2025-08-09,2025-08,2025-W32,3,5,sal-1624-r01,Sal-1624-R01,سلطة مكس ملفوف,السلطة(Salad),Salad,السلطة(Salad),produce,فاير جريل - حي الملك فهد,فاير جريل,حي الملك فهد,فاير جريل - حي الملك فهد,العليا,بلدية,بلدية العليا,False,True,استافيلوكوكس اورياس | ايشيريشيا كولاي,استافيلوكوكس اورياس | ايشيريشيا كولاي,2,استافيلوكوكس اورياس | ايشيريشيا كولاي,,True,multi_pathogen,,7,True
Data 2025.xlsx,8357,2025-08-09,2025-08,2025-W32,3,5,sau-2339-r01,sau-2339-R01,تويستر صوص,صوص (sauce),sauce,صوص (sauce),sauce_condiment,القنديل الذهبي,القنديل الذهبي,,القنديل الذهبي,العليا,بلدية,بلدية العليا,True,False,لا يوجد,,0,,,False,none,,0,False
Data 2025.xlsx,8358,2025-08-09,2025-08,2025-W32,3,5,sau-2340-r01,sau-2340-R01,صوص سمك,صوص (sauce),sauce,صوص (sauce),sauce_condiment,القنديل الذهبي,القنديل الذهبي,,القنديل الذهبي,العليا,بلدية,بلدية العليا,True,False,لا يوجد,,0,,,False,none,,0,False
Data 2025.xlsx,8359,2025-08-09,2025-08,2025-W32,3,5,sau-2341-r01,sau-2341-R01,صوص شيدر,صوص (sauce),sauce,صوص (sauce),sauce_condiment,القنديل الذهبي,القنديل الذهبي,,القنديل الذهبي,العليا,بلدية,بلدية العليا,True,False,لا يوجد,,0,,,False,none,,0,False
Data 2025.xlsx,8360,2025-08-09,2025-08,2025-W32,3,5,sau-2342-r01,sau-2342-R01,سبيشل صوص,صوص (sauce),sauce,صوص (sauce),sauce_condiment,القنديل الذهبي,القنديل الذهبي,,القنديل الذهبي,العليا,بلدية,بلدية العليا,True,False,لا يوجد,,0,,,False,none,,0,False
Data 2025.xlsx,8361,2025-08-09,2025-08,2025-W32,3,5,sau-2343-r01,sau-2343-R01,باربكيو صوص,صوص (sauce),sauce,صوص (sauce),sauce_condiment,القنديل الذهبي,القنديل الذهبي,,القنديل الذهبي,العليا,بلدية,بلدية العليا,True,False,لا يوجد,,0,,,False,none,,0,False
Data 2025.xlsx,8362,2025-08-09,2025-08,2025-W32,3,5,sau-2344-r01,sau-2344-R01,صوص ثوم سبايسي,صوص (sauce),sauce,صوص (sauce),sauce_condiment,القنديل الذهبي,القنديل الذهبي,,القنديل الذهبي,العليا,بلدية,بلدية العليا,False,True,العد الكلي للبكتيريا,العد الكلي للبكتيريا,1,,العد الكلي للبكتيريا,False,indicator_only,,1,False
Data 2025.xlsx,8363,2025-08-09,2025-08,2025-W32,3,5,sau-2345-r01,sau-2345-R01,صوص مكس,صوص (sauce),sauce,صوص (sauce),sauce_condiment,القنديل الذهبي,القنديل الذهبي,,القنديل الذهبي,العليا,بلدية,بلدية العليا,True,False,لا يوجد,,0,,,False,none,,1,False
Data 2025.xlsx,8365,2025-08-09,2025-08,2025-W32,3,5,sau-2346-r01,sau-2346-R01,صوص ثوم,صوص (sauce),sauce,صوص (sauce),sauce_condiment,القنديل الذهبي,القنديل الذهبي,,القنديل الذهبي,العليا,بلدية,بلدية العليا,True,False,لا يوجد,,0,,,False,none,,1,False
Data 2025.xlsx,8370,2025-08-09,2025-08,2025-W32,3,5,sau-2347-r01,sau-2347-R01,صوص زبادي,صوص (sauce),sauce,صوص (sauce),sauce_condiment,فاير جريل - حي الملك فهد,فاير جريل,حي الملك فهد,فاير جريل - حي الملك فهد,العليا,بلدية,بلدية العليا,False,True,العد الكلي للبكتيريا,العد الكلي للبكتيريا,1,,العد الكلي للبكتيريا,False,indicator_only,,1,False
Data 2025.xlsx,8371,2025-08-09,2025-08,2025-W32,3,5,sau-2348-r01,sau-2348-R01,صوص جوك,صوص (sauce),sauce,صوص (sauce),sauce_condiment,فاير جريل - حي الملك فهد,فاير جريل,حي الملك فهد,فاير جريل - حي الملك فهد,العليا,بلدية,بلدية العليا,True,False,لا يوجد,,0,,,False,none,,1,False
Data 2025.xlsx,8372,2025-08-09,2025-08,2025-W32,3,5,sau-2349-r01,sau-2349-R01,صوص اسيان,صوص (sauce),sauce,صوص (sauce),sauce_condiment,فاير جريل - حي الملك فهد,فاير جريل,حي الملك فهد,فاير جريل - حي الملك فهد,العليا,بلدية,بلدية العليا,False,True,العد الكلي للبكتيريا,العد الكلي للبكتيريا,1,,العد الكلي للبكتيريا,False,indicator_only,,2,True
Data 2025.xlsx,8373,2025-08-09,2025-08,2025-W32,3,5,sau-2350-r01,sau-2350-R01,صوص نوتيلا,صوص (sauce),sauce,صوص (sauce),sauce_condiment,فاير جريل - حي الملك فهد,فاير جريل,حي الملك فهد,فاير جريل - حي الملك فهد,العليا,بلدية,بلدية العليا,True,False,لا يوجد,,0,,,False,none,,2,True
Data 2025.xlsx,8380,2025-08-09,2025-08,2025-W32,3,5,sau-2351-r01,sau-2351-R01,صوص شيبوتلي رانش,صوص (sauce),sauce,صوص (sauce),sauce_condiment,فاير جريل - حي الملك فهد,فاير جريل,حي الملك فهد,فاير جريل - حي الملك فهد,العليا,بلدية,بلدية العليا,False,True,العد الكلي للبكتيريا | استافيلوكوكس اورياس | الخمائر والاعفان,العد الكلي للبكتيريا | استافيلوكوكس اورياس | الخمائر والاعفان,3,استافيلوكوكس اورياس,العد الكلي للبكتيريا | الخمائر والاعفان,True,pathogen,,5,True
Data 2025.xlsx,8381,2025-08-09,2025-08,2025-W32,3,5,sau-2352-r01,sau-2352-R01,صوص قواك مولي,صوص (sauce),sauce,صوص (sauce),sauce_condiment,فاير جريل - حي الملك فهد,فاير جريل,حي الملك فهد,فاير جريل - حي الملك فهد,العليا,بلدية,بلدية العليا,False,True,انتيروباكتريسي,انتيروباكتريسي,1,,انتيروباكتريسي,False,indicator_only,,6,True
Data 2025.xlsx,8387,2025-08-09,2025-08,2025-W32,3,5,ubot-1082-r01,Ubot-1082-R01,مياه لغسيل الادوات م-ك,المياه الغير معبأة (Unbottled water),Unbottled water,المياه الغير المعبأة (Unbottled water),water,القنديل الذهبي,القنديل الذهبي,,القنديل الذهبي,العليا,بلدية,بلدية العليا,True,False,لا يوجد,,0,,,False,none,category_merged_to_canonical,2,True
Data 2025.xlsx,7570,2025-08-13,2025-08,2025-W33,3,2,raw-0470-r01,Raw-0470-R01,لحم تيس بلدي بطن,لحوم نيئة مبردة ومجمدة (Raw meat Cold or chilled ),Raw meat Cold or chilled,لحوم نيئة مبردة ومجمدة (Raw meat Cold or chilled ),raw_meat,شركة براري حاشي القصيم للتجارة,شركة براري حاشي القصيم للتجارة,,شركة براري حاشي القصيم للتجارة,العليا,بلدية,بلدية العليا,True,False,لا يوجد,,0,,,False,none,date_parsed_from_text,0,False
Data 2025.xlsx,7571,2025-08-13,2025-08,2025-W33,3,2,raw-0471-r01,Raw-0471-R01,كلية نعيمي بلدي,لحوم نيئة مبردة ومجمدة (Raw meat Cold or chilled ),Raw meat Cold or chilled,لحوم نيئة مبردة ومجمدة (Raw meat Cold or chilled ),raw_meat,شركة براري حاشي القصيم للتجارة,شركة براري حاشي القصيم للتجارة,,شركة براري حاشي القصيم للتجارة,العليا,بلدية,بلدية العليا,True,False,لا يوجد,,0,,,False,none,date_parsed_from_text,0,False
Data 2025.xlsx,7572,2025-08-13,2025-08,2025-W33,3,2,raw-0472-r01,Raw-0472-R01,لحم فخذ نعيمي بلدي,لحوم نيئة مبردة ومجمدة (Raw meat Cold or chilled ),Raw meat Cold or chilled,لحوم نيئة مبردة ومجمدة (Raw meat Cold or chilled ),raw_meat,شركة براري حاشي القصيم للتجارة,شركة براري حاشي القصيم للتجارة,,شركة براري حاشي القصيم للتجارة,العليا,بلدية,بلدية العليا,True,False,لا يوجد,,0,,,False,none,date_parsed_from_text,0,False
Data 2025.xlsx,7573,2025-08-13,2025-08,2025-W33,3,2,raw-0473-r01,Raw-0473-R01,كبدة حري,لحوم نيئة مبردة ومجمدة (Raw meat Cold or chilled ),Raw meat Cold or chilled,لحوم نيئة مبردة ومجمدة (Raw meat Cold or chilled ),raw_meat,شركة براري حاشي القصيم للتجارة,شركة براري حاشي القصيم للتجارة,,شركة براري حاشي القصيم للتجارة,العليا,بلدية,بلدية العليا,True,False,لا يوجد,,0,,,False,none,date_parsed_from_text,0,False
Data 2025.xlsx,7574,2025-08-13,2025-08,2025-W33,3,2,raw-0474-r01,Raw-0474-R01,لحم كتف حاشي,لحوم نيئة مبردة ومجمدة (Raw meat Cold or chilled ),Raw meat Cold or chilled,لحوم نيئة مبردة ومجمدة (Raw meat Cold or chilled ),raw_meat,شركة براري حاشي القصيم للتجارة,شركة براري حاشي القصيم للتجارة,,شركة براري حاشي القصيم للتجارة,العليا,بلدية,بلدية العليا,True,False,لا يوجد,,0,,,False,none,date_parsed_from_text,0,False
Data 2025.xlsx,7575,2025-08-13,2025-08,2025-W33,3,2,ubot-1065-r01,Ubot-1065-R01,مياه حنفية لغسيل المواشي,المياه الغير معبأة (Unbottled water),Unbottled water,المياه الغير معبأة (Unbottled water),water,شركة براري حاشي القصيم للتجارة,شركة براري حاشي القصيم للتجارة,,شركة براري حاشي القصيم للتجارة,العليا,بلدية,بلدية العليا,True,False,لا يوجد,,0,,,False,none,date_parsed_from_text,0,False
Data 2025.xlsx,7581,2025-08-16,2025-08,2025-W33,3,5,1-3367-R01,1-3367-R01,رز بشاور,الارز ( rice),rice,الارز ( rice),prepared_meal,مطعم تهامية - حي قرطبة,مطعم تهامية,حي قرطبة,مطعم تهامية - حي قرطبة,الروضة,بلدية,بلدية الروضة,False,True,العد الكلي للبكتيريا,العد الكلي للبكتيريا,1,,العد الكلي للبكتيريا,False,indicator_only,date_parsed_from_text,2,True
Data 2025.xlsx,7582,2025-08-16,2025-08,2025-W33,3,5,1-3368-R01,1-3368-R01,رز شعبي,الارز ( rice),rice,الارز ( rice),prepared_meal,مطعم تهامية - حي قرطبة,مطعم تهامية,حي قرطبة,مطعم تهامية - حي قرطبة,الروضة,بلدية,بلدية الروضة,True,False,لا يوجد,,0,,,False,none,date_parsed_from_text,2,True
Data 2025.xlsx,7583,2025-08-16,2025-08,2025-W33,3,5,1-3369-R01,1-3369-R01,كشنة,(kashana) كشنة,kashana,(kashana) كشنة,prepared_meal,مطعم تهامية - حي قرطبة,مطعم تهامية,حي قرطبة,مطعم تهامية - حي قرطبة,الروضة,بلدية,بلدية الروضة,True,False,لا يوجد,,0,,,False,none,date_parsed_from_text,2,True
Data 2025.xlsx,7607,2025-08-16,2025-08,2025-W33,3,5,1-3370-R01,1-3370-R01,شمندر,شمندر(beet),beet,شمندر(beet),produce,مطعم بابا بو خوخة - حي قرطبة,مطعم بابا بو خوخة,حي قرطبة,مطعم بابا بو خوخة - حي قرطبة,الروضة,بلدية,بلدية الروضة,True,False,لا يوجد,,0,,,False,none,date_parsed_from_text,6,True
Data 2025.xlsx,7628,2025-08-16,2025-08,2025-W33,3,5,1-3371-R01,1-3371-R01,فطيرة دجاج,(Pie) فطيرة,Pie,(Pie) فطيرة,sweets_bakery,كريم للحلويات والشوكولاتة - حي قرطبة,كريم للحلويات والشوكولاتة,حي قرطبة,كريم للحلويات والشوكولاتة - حي قرطبة,الروضة,بلدية,بلدية الروضة,False,True,ايشيريشيا كولاي,ايشيريشيا كولاي,1,ايشيريشيا كولاي,,True,pathogen,date_parsed_from_text,1,False
Data 2025.xlsx,7629,2025-08-16,2025-08,2025-W33,3,5,1-3372-R01,1-3372-R01,كروسان زعتر,كروسان (croissant),croissant,كروسان (croissant),sweets_bakery,كريم للحلويات والشوكولاتة - حي قرطبة,كريم للحلويات والشوكولاتة,حي قرطبة,كريم للحلويات والشوكولاتة - حي قرطبة,الروضة,بلدية,بلدية الروضة,True,False,لا يوجد,,0,,,False,none,date_parsed_from_text,1,False
Data 2025.xlsx,7602,2025-08-16,2025-08,2025-W33,3,5,O-O-ro-0196-R01,O-O-ro-0196-R01,قطع جرجير,الجرجير (rocket),rocket,الجرجير (rocket),produce,مطعم بابا بو خوخة - حي قرطبة,مطعم بابا بو خوخة,حي قرطبة,مطعم بابا بو خوخة - حي قرطبة,الروضة,بلدية,بلدية الروضة,False,True,ايشيريشيا كولاي | استافيلوكوكس اورياس,ايشيريشيا كولاي | استافيلوكوكس اورياس,2,ايشيريشيا كولاي | استافيلوكوكس اورياس,,True,multi_pathogen,date_parsed_from_text,4,True
Data 2025.xlsx,7609,2025-08-16,2025-08,2025-W33,3,5,O-U-po-0219-R01,O-U-po-0219-R01,حب رمان,الرمان (pomegranate),pomegranate,الرمان (pomegranate),produce,مطعم بابا بو خوخة - حي قرطبة,مطعم بابا بو خوخة,حي قرطبة,مطعم بابا بو خوخة - حي قرطبة,الروضة,بلدية,بلدية الروضة,True,False,لا يوجد,,0,,,False,none,date_parsed_from_text,6,True
Data 2025.xlsx,7598,2025-08-16,2025-08,2025-W33,3,5,O-U-to-0669-R01,O-U-to-0669-R01,طماطم مقطع,الطماطم (Tomatoes),Tomatoes,الطماطم (Tomatoes),produce,مطعم بابا بو خوخة - حي قرطبة,مطعم بابا بو خوخة,حي قرطبة,مطعم بابا بو خوخة - حي قرطبة,الروضة,بلدية,بلدية الروضة,True,False,لا يوجد,,0,,,False,none,date_parsed_from_text,1,False
Data 2025.xlsx,7626,2025-08-16,2025-08,2025-W33,3,5,O3U-sa-0024-R01,O3U-sa-0024-R01,سمبوسة خضار,السمبوسة (Samposa),Samposa,السمبوسة (Samposa),sweets_bakery,كريم للحلويات والشوكولاتة - حي قرطبة,كريم للحلويات والشوكولاتة,حي قرطبة,كريم للحلويات والشوكولاتة - حي قرطبة,الروضة,بلدية,بلدية الروضة,True,False,لا يوجد,,0,,,False,none,date_parsed_from_text,0,False
Data 2025.xlsx,7627,2025-08-16,2025-08,2025-W33,3,5,O3U-sa-0025-R01,O3U-sa-0025-R01,سمبوسة جبن,السمبوسة (Samposa),Samposa,السمبوسة (Samposa),sweets_bakery,كريم للحلويات والشوكولاتة - حي قرطبة,كريم للحلويات والشوكولاتة,حي قرطبة,كريم للحلويات والشوكولاتة - حي قرطبة,الروضة,بلدية,بلدية الروضة,True,False,لا يوجد,,0,,,False,none,date_parsed_from_text,0,False
Data 2025.xlsx,7584,2025-08-16,2025-08,2025-W33,3,5,OOu-on-0522-R01,OOu-on-0522-R01,شرائح بصل,البصل (onions),onions,البصل (onions),produce,مطعم تهامية - حي قرطبة,مطعم تهامية,حي قرطبة,مطعم تهامية - حي قرطبة,الروضة,بلدية,بلدية الروضة,True,False,لا يوجد,,0,,,False,none,date_parsed_from_text,2,True
Data 2025.xlsx,7600,2025-08-16,2025-08,2025-W33,3,5,OOu-on-0523-R01,OOu-on-0523-R01,شرائح بصل,البصل (onions),onions,البصل (onions),produce,مطعم بابا بو خوخة - حي قرطبة,مطعم بابا بو خوخة,حي قرطبة,مطعم بابا بو خوخة - حي قرطبة,الروضة,بلدية,بلدية الروضة,True,False,لا يوجد,,0,,,False,none,date_parsed_from_text,2,True
Data 2025.xlsx,7585,2025-08-16,2025-08,2025-W33,3,5,UU-le-0452-R01,UU-le-0452-R01,قطع ليمون,الليمون (Lemons),Lemons,الليمون (Lemons),produce,مطعم تهامية - حي قرطبة,مطعم تهامية,حي قرطبة,مطعم تهامية - حي قرطبة,الروضة,بلدية,بلدية الروضة,True,False,لا يوجد,,0,,,False,none,date_parsed_from_text,2,True
Data 2025.xlsx,7610,2025-08-16,2025-08,2025-W33,3,5,UU-le-0453-R01,UU-le-0453-R01,قطع ليمون,الليمون (Lemons),Lemons,الليمون (Lemons),produce,مطعم بابا بو خوخة - حي قرطبة,مطعم بابا بو خوخة,حي قرطبة,مطعم بابا بو خوخة - حي قرطبة,الروضة,بلدية,بلدية الروضة,True,False,لا يوجد,,0,,,False,none,date_parsed_from_text,6,True
Data 2025.xlsx,7590,2025-08-16,2025-08,2025-W33,3,5,appe-0562-r01,Appe-0562-R01,حمص,مقبلات (Appetizers),Appetizers,مقبلات (Appetizers),prepared_meal,مطعم خلطة الشايب - حي قرطبة,مطعم خلطة الشايب,حي قرطبة,مطعم خلطة الشايب - حي قرطبة,الروضة,بلدية,بلدية الروضة,False,True,العد الكلي للبكتيريا,العد الكلي للبكتيريا,1,,العد الكلي للبكتيريا,False,indicator_only,date_parsed_from_text,1,False
Data 2025.xlsx,7599,2025-08-16,2025-08,2025-W33,3,5,appe-0563-r01,Appe-0563-R01,تبولة,مقبلات (Appetizers),Appetizers,مقبلات (Appetizers),prepared_meal,مطعم بابا بو خوخة - حي قرطبة,مطعم بابا بو خوخة,حي قرطبة,مطعم بابا بو خوخة - حي قرطبة,الروضة,بلدية,بلدية الروضة,False,True,ايشيريشيا كولاي | استافيلوكوكس اورياس,ايشيريشيا كولاي | استافيلوكوكس اورياس,2,ايشيريشيا كولاي | استافيلوكوكس اورياس,,True,multi_pathogen,date_parsed_from_text,2,True
Data 2025.xlsx,7603,2025-08-16,2025-08,2025-W33,3,5,appe-0564-r01,Appe-0564-R01,حمص,مقبلات (Appetizers),Appetizers,مقبلات (Appetizers),prepared_meal,مطعم بابا بو خوخة - حي قرطبة,مطعم بابا بو خوخة,حي قرطبة,مطعم بابا بو خوخة - حي قرطبة,الروضة,بلدية,بلدية الروضة,False,True,العد الكلي للبكتيريا,العد الكلي للبكتيريا,1,,العد الكلي للبكتيريا,False,indicator_only,date_parsed_from_text,5,True
Data 2025.xlsx,7604,2025-08-16,2025-08,2025-W33,3,5,appe-0565-r01,Appe-0565-R01,متبل,مقبلات (Appetizers),Appetizers,مقبلات (Appetizers),prepared_meal,مطعم بابا بو خوخة - حي قرطبة,مطعم بابا بو خوخة,حي قرطبة,مطعم بابا بو خوخة - حي قرطبة,الروضة,بلدية,بلدية الروضة,False,True,العد الكلي للبكتيريا,العد الكلي للبكتيريا,1,,العد الكلي للبكتيريا,False,indicator_only,date_parsed_from_text,6,True
Data 2025.xlsx,7605,2025-08-16,2025-08,2025-W33,3,5,appe-0566-r01,Appe-0566-R01,محمرة,مقبلات (Appetizers),Appetizers,مقبلات (Appetizers),prepared_meal,مطعم بابا بو خوخة - حي قرطبة,مطعم بابا بو خوخة,حي قرطبة,مطعم بابا بو خوخة - حي قرطبة,الروضة,بلدية,بلدية الروضة,True,False,لا يوجد,,0,,,False,none,date_parsed_from_text,6,True
Data 2025.xlsx,7606,2025-08-16,2025-08,2025-W33,3,5,appe-0567-r01,Appe-0567-R01,بابا غنوج,مقبلات (Appetizers),Appetizers,مقبلات (Appetizers),prepared_meal,مطعم بابا بو خوخة - حي قرطبة,مطعم بابا بو خوخة,حي قرطبة,مطعم بابا بو خوخة - حي قرطبة,الروضة,بلدية,بلدية الروضة,True,False,لا يوجد,,0,,,False,none,date_parsed_from_text,6,True
Data 2025.xlsx,7586,2025-08-16,2025-08,2025-W33,3,5,co-0588-r01,co-0588-R01,دجاج مدخن,الدجاج المطبوخ (Cooked chicken),Cooked chicken,الدجاج المطبوخ (Cooked chicken),cooked_meat_poultry,مطعم تهامية - حي قرطبة,مطعم تهامية,حي قرطبة,مطعم تهامية - حي قرطبة,الروضة,بلدية,بلدية الروضة,True,False,لا يوجد,,0,,,False,none,date_parsed_from_text,2,True
Data 2025.xlsx,7641,2025-08-16,2025-08,2025-W33,3,5,gr-0197-r01,gr-0197-R01,ورق عنب,ورق عنب (Grape leaves),Grape leaves,ورق عنب (Grape leaves),produce,كريم للحلويات والشوكولاتة - حي قرطبة,كريم للحلويات والشوكولاتة,حي قرطبة,كريم للحلويات والشوكولاتة - حي قرطبة,الروضة,بلدية,بلدية الروضة,True,False,لا يوجد,,0,,,False,none,date_parsed_from_text,5,True
Data 2025.xlsx,7617,2025-08-16,2025-08,2025-W33,3,5,hs-0355-r01,HS-0355-R01,معبوج حار,الشطة (Hot sauce),Hot sauce,الشطة (Hot sauce),sauce_condiment,مطعم بابا بو خوخة - حي قرطبة,مطعم بابا بو خوخة,حي قرطبة,مطعم بابا بو خوخة - حي قرطبة,الروضة,بلدية,بلدية الروضة,True,False,لا يوجد,,0,,,False,none,date_parsed_from_text,8,True
Data 2025.xlsx,7621,2025-08-16,2025-08,2025-W33,3,5,maam-0027-r01,maam-0027-R01,معمول فستق,معمول (maamoul),maamoul,معمول (maamoul),sweets_bakery,كريم للحلويات والشوكولاتة - حي قرطبة,كريم للحلويات والشوكولاتة,حي قرطبة,كريم للحلويات والشوكولاتة - حي قرطبة,الروضة,بلدية,بلدية الروضة,True,False,لا يوجد,,0,,,False,none,date_parsed_from_text,0,False
Data 2025.xlsx,7622,2025-08-16,2025-08,2025-W33,3,5,maam-0028-r01,maam-0028-R01,معمول لوز,معمول (maamoul),maamoul,معمول (maamoul),sweets_bakery,كريم للحلويات والشوكولاتة - حي قرطبة,كريم للحلويات والشوكولاتة,حي قرطبة,كريم للحلويات والشوكولاتة - حي قرطبة,الروضة,بلدية,بلدية الروضة,True,False,لا يوجد,,0,,,False,none,date_parsed_from_text,0,False
Data 2025.xlsx,7623,2025-08-16,2025-08,2025-W33,3,5,maam-0029-r01,maam-0029-R01,معمول تمر,معمول (maamoul),maamoul,معمول (maamoul),sweets_bakery,كريم للحلويات والشوكولاتة - حي قرطبة,كريم للحلويات والشوكولاتة,حي قرطبة,كريم للحلويات والشوكولاتة - حي قرطبة,الروضة,بلدية,بلدية الروضة,True,False,لا يوجد,,0,,,False,none,date_parsed_from_text,0,False
Data 2025.xlsx,7612,2025-08-16,2025-08,2025-W33,3,5,mola-0064-r01,mola-0064-R01,دبس رمان,( Molasses) دبس,Molasses,( Molasses) دبس,sauce_condiment,مطعم بابا بو خوخة - حي قرطبة,مطعم بابا بو خوخة,حي قرطبة,مطعم بابا بو خوخة - حي قرطبة,الروضة,بلدية,بلدية الروضة,True,False,لا يوجد,,0,,,False,none,date_parsed_from_text,6,True
Data 2025.xlsx,7615,2025-08-16,2025-08,2025-W33,3,5,pick-0502-r01,Pick-0502-R01,مخلل شمندر,المخلل (Pickle),Pickle,المخلل (Pickle),sauce_condiment,مطعم بابا بو خوخة - حي قرطبة,مطعم بابا بو خوخة,حي قرطبة,مطعم بابا بو خوخة - حي قرطبة,الروضة,بلدية,بلدية الروضة,False,True,خمائر,الخمائر والاعفان,1,,الخمائر والاعفان,False,indicator_only,date_parsed_from_text,8,True
Data 2025.xlsx,7616,2025-08-16,2025-08,2025-W33,3,5,pick-0503-r01,Pick-0503-R01,مخلل مشكل,المخلل (Pickle),Pickle,المخلل (Pickle),sauce_condiment,مطعم بابا بو خوخة - حي قرطبة,مطعم بابا بو خوخة,حي قرطبة,مطعم بابا بو خوخة - حي قرطبة,الروضة,بلدية,بلدية الروضة,True,False,لا يوجد,,0,,,False,none,date_parsed_from_text,8,True
Data 2025.xlsx,7614,2025-08-16,2025-08,2025-W33,3,5,po-0131-r01,po-0131-R01,كباب دجاج ني,الدجاج (Poultry),Poultry,الدجاج (Poultry),cooked_meat_poultry,مطعم بابا بو خوخة - حي قرطبة,مطعم بابا بو خوخة,حي قرطبة,مطعم بابا بو خوخة - حي قرطبة,الروضة,بلدية,بلدية الروضة,True,False,لا يوجد,,0,,,False,none,date_parsed_from_text,7,True
Data 2025.xlsx,7613,2025-08-16,2025-08,2025-W33,3,5,raw-0475-r01,Raw-0475-R01,كباب لحم ني,لحوم نيئة مبردة ومجمدة (Raw meat Cold or chilled ),Raw meat Cold or chilled,لحوم نيئة مبردة ومجمدة (Raw meat Cold or chilled ),raw_meat,مطعم بابا بو خوخة - حي قرطبة,مطعم بابا بو خوخة,حي قرطبة,مطعم بابا بو خوخة - حي قرطبة,الروضة,بلدية,بلدية الروضة,False,True,العد الكلي للبكتيريا,العد الكلي للبكتيريا,1,,العد الكلي للبكتيريا,False,indicator_only,date_parsed_from_text,7,True
Data 2025.xlsx,7576,2025-08-16,2025-08,2025-W33,3,5,sal-1552-r01,Sal-1552-R01,سلطة سومطرا,السلطة(Salad),Salad,السلطة(Salad),produce,مطعم تهامية - حي قرطبة,مطعم تهامية,حي قرطبة,مطعم تهامية - حي قرطبة,الروضة,بلدية,بلدية الروضة,True,False,لا يوجد,,0,,,False,none,date_parsed_from_text,0,False
Data 2025.xlsx,7577,2025-08-16,2025-08,2025-W33,3,5,sal-1553-r01,Sal-1553-R01,سلطة خضراء تهامية,السلطة(Salad),Salad,السلطة(Salad),produce,مطعم تهامية - حي قرطبة,مطعم تهامية,حي قرطبة,مطعم تهامية - حي قرطبة,الروضة,بلدية,بلدية الروضة,True,False,لا يوجد,,0,,,False,none,date_parsed_from_text,0,False
Data 2025.xlsx,7578,2025-08-16,2025-08,2025-W33,3,5,sal-1554-r01,Sal-1554-R01,سلطة خيار لبن,السلطة(Salad),Salad,السلطة(Salad),produce,مطعم تهامية - حي قرطبة,مطعم تهامية,حي قرطبة,مطعم تهامية - حي قرطبة,الروضة,بلدية,بلدية الروضة,True,False,لا يوجد,,0,,,False,none,date_parsed_from_text,0,False
Data 2025.xlsx,7579,2025-08-16,2025-08,2025-W33,3,5,sal-1555-r01,Sal-1555-R01,سلطة حارة,السلطة(Salad),Salad,السلطة(Salad),produce,مطعم تهامية - حي قرطبة,مطعم تهامية,حي قرطبة,مطعم تهامية - حي قرطبة,الروضة,بلدية,بلدية الروضة,False,True,العد الكلي للبكتيريا,العد الكلي للبكتيريا,1,,العد الكلي للبكتيريا,False,indicator_only,date_parsed_from_text,1,False
Data 2025.xlsx,7591,2025-08-16,2025-08,2025-W33,3,5,sal-1556-r01,Sal-1556-R01,سلطة ملفوف,السلطة(Salad),Salad,السلطة(Salad),produce,مطعم خلطة الشايب - حي قرطبة,مطعم خلطة الشايب,حي قرطبة,مطعم خلطة الشايب - حي قرطبة,الروضة,بلدية,بلدية الروضة,True,False,لا يوجد,,0,,,False,none,date_parsed_from_text,1,False
Data 2025.xlsx,7597,2025-08-16,2025-08,2025-W33,3,5,sal-1557-r01,Sal-1557-R01,سلطة خيار زبادي,السلطة(Salad),Salad,السلطة(Salad),produce,مطعم بابا بو خوخة - حي قرطبة,مطعم بابا بو خوخة,حي قرطبة,مطعم بابا بو خوخة - حي قرطبة,الروضة,بلدية,بلدية الروضة,False,True,استافيلوكوكس اورياس,استافيلوكوكس اورياس,1,استافيلوكوكس اورياس,,True,pathogen,date_parsed_from_text,1,False
Data 2025.xlsx,7601,2025-08-16,2025-08,2025-W33,3,5,sal-1558-r01,Sal-1558-R01,سلطة خضراء,السلطة(Salad),Salad,السلطة(Salad),produce,مطعم بابا بو خوخة - حي قرطبة,مطعم بابا بو خوخة,حي قرطبة,مطعم بابا بو خوخة - حي قرطبة,الروضة,بلدية,بلدية الروضة,False,True,ايشيريشيا كولاي | استافيلوكوكس اورياس,ايشيريشيا كولاي | استافيلوكوكس اورياس,2,ايشيريشيا كولاي | استافيلوكوكس اورياس,,True,multi_pathogen,date_parsed_from_text,3,True
Data 2025.xlsx,7592,2025-08-16,2025-08,2025-W33,3,5,sau-2198-r01,sau-2198-R01,صوص ثوم سبايسي,صوص (sauce),sauce,صوص (sauce),sauce_condiment,مطعم خلطة الشايب - حي قرطبة,مطعم خلطة الشايب,حي قرطبة,مطعم خلطة الشايب - حي قرطبة,الروضة,بلدية,بلدية الروضة,True,False,لا يوجد,,0,,,False,none,date_parsed_from_text,1,False
Data 2025.xlsx,7593,2025-08-16,2025-08,2025-W33,3,5,sau-2199-r01,sau-2199-R01,صوص ثوم,صوص (sauce),sauce,صوص (sauce),sauce_condiment,مطعم خلطة الشايب - حي قرطبة,مطعم خلطة الشايب,حي قرطبة,مطعم خلطة الشايب - حي قرطبة,الروضة,بلدية,بلدية الروضة,True,False,لا يوجد,,0,,,False,none,date_parsed_from_text,1,False
Data 2025.xlsx,7594,2025-08-16,2025-08,2025-W33,3,5,sau-2200-r01,sau-2200-R01,صوص جمبري,صوص (sauce),sauce,صوص (sauce),sauce_condiment,مطعم خلطة الشايب - حي قرطبة,مطعم خلطة الشايب,حي قرطبة,مطعم خلطة الشايب - حي قرطبة,الروضة,بلدية,بلدية الروضة,True,False,لا يوجد,,0,,,False,none,date_parsed_from_text,1,False
Data 2025.xlsx,7608,2025-08-16,2025-08,2025-W33,3,5,sau-2201-r01,sau-2201-R01,صوص ثوم,صوص (sauce),sauce,صوص (sauce),sauce_condiment,مطعم بابا بو خوخة - حي قرطبة,مطعم بابا بو خوخة,حي قرطبة,مطعم بابا بو خوخة - حي قرطبة,الروضة,بلدية,بلدية الروضة,True,False,لا يوجد,,0,,,False,none,date_parsed_from_text,6,True
Data 2025.xlsx,7611,2025-08-16,2025-08,2025-W33,3,5,sau-2202-r01,sau-2202-R01,صوص سلط,صوص (sauce),sauce,صوص (sauce),sauce_condiment,مطعم بابا بو خوخة - حي قرطبة,مطعم بابا بو خوخة,حي قرطبة,مطعم بابا بو خوخة - حي قرطبة,الروضة,بلدية,بلدية الروضة,True,False,لا يوجد,,0,,,False,none,date_parsed_from_text,6,True
Data 2025.xlsx,7587,2025-08-16,2025-08,2025-W33,3,5,sw-3445-r01,sw-3445-R01,مسحة يد,(Swabs) المسحات,Swabs,(Swabs) المسحات,swab,مطعم تهامية - حي قرطبة,مطعم تهامية,حي قرطبة,مطعم تهامية - حي قرطبة,الروضة,بلدية,بلدية الروضة,True,False,لا يوجد,,0,,,False,none,date_parsed_from_text,2,True
Data 2025.xlsx,7588,2025-08-16,2025-08,2025-W33,3,5,sw-3446-r01,sw-3446-R01,مسحة يد,(Swabs) المسحات,Swabs,(Swabs) المسحات,swab,مطعم تهامية - حي قرطبة,مطعم تهامية,حي قرطبة,مطعم تهامية - حي قرطبة,الروضة,بلدية,بلدية الروضة,True,False,لا يوجد,,0,,,False,none,date_parsed_from_text,2,True
Data 2025.xlsx,7589,2025-08-16,2025-08,2025-W33,3,5,sw-3447-r01,sw-3447-R01,مسحة طاولة تقطيع لحم مطبوخ,(Swabs) المسحات,Swabs,(Swabs) المسحات,swab,مطعم تهامية - حي قرطبة,مطعم تهامية,حي قرطبة,مطعم تهامية - حي قرطبة,الروضة,بلدية,بلدية الروضة,False,True,العد الكلي للبكتيريا,العد الكلي للبكتيريا,1,,العد الكلي للبكتيريا,False,indicator_only,date_parsed_from_text,3,True
Data 2025.xlsx,7595,2025-08-16,2025-08,2025-W33,3,5,sw-3448-r01,sw-3448-R01,مسحة حافظة دجاج,(Swabs) المسحات,Swabs,(Swabs) المسحات,swab,مطعم خلطة الشايب - حي قرطبة,مطعم خلطة الشايب,حي قرطبة,مطعم خلطة الشايب - حي قرطبة,الروضة,بلدية,بلدية الروضة,True,False,لا يوجد,,0,,,False,none,date_parsed_from_text,1,False
Data 2025.xlsx,7596,2025-08-16,2025-08,2025-W33,3,5,sw-3449-r01,sw-3449-R01,مسحة حافظة بطاطس,(Swabs) المسحات,Swabs,(Swabs) المسحات,swab,مطعم خلطة الشايب - حي قرطبة,مطعم خلطة الشايب,حي قرطبة,مطعم خلطة الشايب - حي قرطبة,الروضة,بلدية,بلدية الروضة,True,False,لا يوجد,,0,,,False,none,date_parsed_from_text,1,False
Data 2025.xlsx,7642,2025-08-16,2025-08,2025-W33,3,5,sw-3450-r01,sw-3450-R01,مسحة ثلاجة شوكولاتة,(Swabs) المسحات,Swabs,(Swabs) المسحات,swab,كريم للحلويات والشوكولاتة - حي قرطبة,كريم للحلويات والشوكولاتة,حي قرطبة,كريم للحلويات والشوكولاتة - حي قرطبة,الروضة,بلدية,بلدية الروضة,True,False,لا يوجد,,0,,,False,none,date_parsed_from_text,5,True
Data 2025.xlsx,7643,2025-08-16,2025-08,2025-W33,3,5,sw-3451-r01,sw-3451-R01,مسحة ثلاجة كيك,(Swabs) المسحات,Swabs,(Swabs) المسحات,swab,كريم للحلويات والشوكولاتة - حي قرطبة,كريم للحلويات والشوكولاتة,حي قرطبة,كريم للحلويات والشوكولاتة - حي قرطبة,الروضة,بلدية,بلدية الروضة,True,False,لا يوجد,,0,,,False,none,date_parsed_from_text,5,True
Data 2025.xlsx,7644,2025-08-16,2025-08,2025-W33,3,5,sw-3452-r01,sw-3452-R01,مسحة ثلاجة شوكولاتة,(Swabs) المسحات,Swabs,(Swabs) المسحات,swab,كريم للحلويات والشوكولاتة - حي قرطبة,كريم للحلويات والشوكولاتة,حي قرطبة,كريم للحلويات والشوكولاتة - حي قرطبة,الروضة,بلدية,بلدية الروضة,True,False,لا يوجد,,0,,,False,none,date_parsed_from_text,5,True
Data 2025.xlsx,7645,2025-08-16,2025-08,2025-W33,3,5,sw-3453-r01,sw-3453-R01,مسحة ثلاجة كيك,(Swabs) المسحات,Swabs,(Swabs) المسحات,swab,كريم للحلويات والشوكولاتة - حي قرطبة,كريم للحلويات والشوكولاتة,حي قرطبة,كريم للحلويات والشوكولاتة - حي قرطبة,الروضة,بلدية,بلدية الروضة,True,False,لا يوجد,,0,,,False,none,date_parsed_from_text,5,True
Data 2025.xlsx,7646,2025-08-16,2025-08,2025-W33,3,5,sw-3454-r01,sw-3454-R01,مسحة ثلاجة شوكولاتة,(Swabs) المسحات,Swabs,(Swabs) المسحات,swab,كريم للحلويات والشوكولاتة - حي قرطبة,كريم للحلويات والشوكولاتة,حي قرطبة,كريم للحلويات والشوكولاتة - حي قرطبة,الروضة,بلدية,بلدية الروضة,True,False,لا يوجد,,0,,,False,none,date_parsed_from_text,5,True
Data 2025.xlsx,7580,2025-08-16,2025-08,2025-W33,3,5,sweet-1348-r01,sweet-1348-R01,كريم كراميل,الحلا(sweetness),sweetness,الحلا(sweetness),sweets_bakery,مطعم تهامية - حي قرطبة,مطعم تهامية,حي قرطبة,مطعم تهامية - حي قرطبة,الروضة,بلدية,بلدية الروضة,True,False,لا يوجد,,0,,,False,none,date_parsed_from_text,1,False
Data 2025.xlsx,7619,2025-08-16,2025-08,2025-W33,3,5,sweet-1349-r01,sweet-1349-R01,بة,الحلا(sweetness),sweetness,الحلا(sweetness),sweets_bakery,مطعم بابا بو خوخة - حي قرطبة,مطعم بابا بو خوخة,حي قرطبة,مطعم بابا بو خوخة - حي قرطبة,الروضة,بلدية,بلدية الروضة,True,False,لا يوجد,,0,,,False,none,date_parsed_from_text,9,True
Data 2025.xlsx,7620,2025-08-16,2025-08,2025-W33,3,5,sweet-1350-r01,sweet-1350-R01,ام علي,الحلا(sweetness),sweetness,الحلا(sweetness),sweets_bakery,مطعم بابا بو خوخة - حي قرطبة,مطعم بابا بو خوخة,حي قرطبة,مطعم بابا بو خوخة - حي قرطبة,الروضة,بلدية,بلدية الروضة,True,False,لا يوجد,,0,,,False,none,date_parsed_from_text,9,True
Data 2025.xlsx,7624,2025-08-16,2025-08,2025-W33,3,5,sweet-1351-r01,sweet-1351-R01,بقلاوة فستق,الحلا(sweetness),sweetness,الحلا(sweetness),sweets_bakery,كريم للحلويات والشوكولاتة - حي قرطبة,كريم للحلويات والشوكولاتة,حي قرطبة,كريم للحلويات والشوكولاتة - حي قرطبة,الروضة,بلدية,بلدية الروضة,True,False,لا يوجد,,0,,,False,none,date_parsed_from_text,0,False
Data 2025.xlsx,7625,2025-08-16,2025-08,2025-W33,3,5,sweet-1352-r01,sweet-1352-R01,بقلاوة كاجو,الحلا(sweetness),sweetness,الحلا(sweetness),sweets_bakery,كريم للحلويات والشوكولاتة - حي قرطبة,كريم للحلويات والشوكولاتة,حي قرطبة,كريم للحلويات والشوكولاتة - حي قرطبة,الروضة,بلدية,بلدية الروضة,True,False,لا يوجد,,0,,,False,none,date_parsed_from_text,0,False
Data 2025.xlsx,7630,2025-08-16,2025-08,2025-W33,3,5,sweet-1353-r01,sweet-1353-R01,بلح الشام قشطة,الحلا(sweetness),sweetness,الحلا(sweetness),sweets_bakery,كريم للحلويات والشوكولاتة - حي قرطبة,كريم للحلويات والشوكولاتة,حي قرطبة,كريم للحلويات والشوكولاتة - حي قرطبة,الروضة,بلدية,بلدية الروضة,False,True,كوليفورم | استافيلوكوكس اورياس,كوليفورم | استافيلوكوكس اورياس,2,استافيلوكوكس اورياس,كوليفورم,True,pathogen,date_parsed_from_text,2,True
Data 2025.xlsx,7631,2025-08-16,2025-08,2025-W33,3,5,sweet-1354-r01,sweet-1354-R01,عيون المها,الحلا(sweetness),sweetness,الحلا(sweetness),sweets_bakery,كريم للحلويات والشوكولاتة - حي قرطبة,كريم للحلويات والشوكولاتة,حي قرطبة,كريم للحلويات والشوكولاتة - حي قرطبة,الروضة,بلدية,بلدية الروضة,True,False,لا يوجد,,0,,,False,none,date_parsed_from_text,2,True
Data 2025.xlsx,7632,2025-08-16,2025-08,2025-W33,3,5,sweet-1355-r01,sweet-1355-R01,بسبوسة قشطة,الحلا(sweetness),sweetness,الحلا(sweetness),sweets_bakery,كريم للحلويات والشوكولاتة - حي قرطبة,كريم للحلويات والشوكولاتة,حي قرطبة,كريم للحلويات والشوكولاتة - حي قرطبة,الروضة,بلدية,بلدية الروضة,True,False,لا يوجد,,0,,,False,none,date_parsed_from_text,2,True
Data 2025.xlsx,7633,2025-08-16,2025-08,2025-W33,3,5,sweet-1356-r01,sweet-1356-R01,كنافة قشطة,الحلا(sweetness),sweetness,الحلا(sweetness),sweets_bakery,كريم للحلويات والشوكولاتة - حي قرطبة,كريم للحلويات والشوكولاتة,حي قرطبة,كريم للحلويات والشوكولاتة - حي قرطبة,الروضة,بلدية,بلدية الروضة,False,True,كوليفورم,كوليفورم,1,,كوليفورم,False,indicator_only,date_parsed_from_text,3,True
Data 2025.xlsx,7634,2025-08-16,2025-08,2025-W33,3,5,sweet-1357-r01,sweet-1357-R01,بسبوسة جبن,الحلا(sweetness),sweetness,الحلا(sweetness),sweets_bakery,كريم للحلويات والشوكولاتة - حي قرطبة,كريم للحلويات والشوكولاتة,حي قرطبة,كريم للحلويات والشوكولاتة - حي قرطبة,الروضة,بلدية,بلدية الروضة,True,False,لا يوجد,,0,,,False,none,date_parsed_from_text,3,True
Data 2025.xlsx,7635,2025-08-16,2025-08,2025-W33,3,5,sweet-1358-r01,sweet-1358-R01,بسبوسة فستق,الحلا(sweetness),sweetness,الحلا(sweetness),sweets_bakery,كريم للحلويات والشوكولاتة - حي قرطبة,كريم للحلويات والشوكولاتة,حي قرطبة,كريم للحلويات والشوكولاتة - حي قرطبة,الروضة,بلدية,بلدية الروضة,True,False,لا يوجد,,0,,,False,none,date_parsed_from_text,3,True
Data 2025.xlsx,7636,2025-08-16,2025-08,2025-W33,3,5,sweet-1359-r01,sweet-1359-R01,كاب كيك ليمون,الحلا(sweetness),sweetness,الحلا(sweetness),sweets_bakery,كريم للحلويات والشوكولاتة - حي قرطبة,كريم للحلويات والشوكولاتة,حي قرطبة,كريم للحلويات والشوكولاتة - حي قرطبة,الروضة,بلدية,بلدية الروضة,False,True,استافيلوكوكس اورياس,استافيلوكوكس اورياس,1,استافيلوكوكس اورياس,,True,pathogen,date_parsed_from_text,4,True
Data 2025.xlsx,7637,2025-08-16,2025-08,2025-W33,3,5,sweet-1360-r01,sweet-1360-R01,رد فلفت,الحلا(sweetness),sweetness,الحلا(sweetness),sweets_bakery,كريم للحلويات والشوكولاتة - حي قرطبة,كريم للحلويات والشوكولاتة,حي قرطبة,كريم للحلويات والشوكولاتة - حي قرطبة,الروضة,بلدية,بلدية الروضة,False,True,استافيلوكوكس اورياس,استافيلوكوكس اورياس,1,استافيلوكوكس اورياس,,True,pathogen,date_parsed_from_text,5,True
Data 2025.xlsx,7638,2025-08-16,2025-08,2025-W33,3,5,sweet-1361-r01,sweet-1361-R01,تارت,الحلا(sweetness),sweetness,الحلا(sweetness),sweets_bakery,كريم للحلويات والشوكولاتة - حي قرطبة,كريم للحلويات والشوكولاتة,حي قرطبة,كريم للحلويات والشوكولاتة - حي قرطبة,الروضة,بلدية,بلدية الروضة,True,False,لا يوجد,,0,,,False,none,date_parsed_from_text,5,True
Data 2025.xlsx,7639,2025-08-16,2025-08,2025-W33,3,5,sweet-1362-r01,sweet-1362-R01,كيك سنكرز,الحلا(sweetness),sweetness,الحلا(sweetness),sweets_bakery,كريم للحلويات والشوكولاتة - حي قرطبة,كريم للحلويات والشوكولاتة,حي قرطبة,كريم للحلويات والشوكولاتة - حي قرطبة,الروضة,بلدية,بلدية الروضة,True,False,لا يوجد,,0,,,False,none,date_parsed_from_text,5,True
Data 2025.xlsx,7640,2025-08-16,2025-08,2025-W33,3,5,sweet-1363-r01,sweet-1363-R01,تشيز جوز الهند,الحلا(sweetness),sweetness,الحلا(sweetness),sweets_bakery,كريم للحلويات والشوكولاتة - حي قرطبة,كريم للحلويات والشوكولاتة,حي قرطبة,كريم للحلويات والشوكولاتة - حي قرطبة,الروضة,بلدية,بلدية الروضة,True,False,لا يوجد,,0,,,False,none,date_parsed_from_text,5,True
Data 2025.xlsx,7618,2025-08-16,2025-08,2025-W33,3,5,yog-0007-r01,yog-0007-R01,لبن عيران,اللبان (yogurt),yogurt,اللبان (yogurt),dairy,مطعم بابا بو خوخة - حي قرطبة,مطعم بابا بو خوخة,حي قرطبة,مطعم بابا بو خوخة - حي قرطبة,الروضة,بلدية,بلدية الروضة,False,True,ايشيريشيا كولاي | الخمائر والاعفان,ايشيريشيا كولاي | الخمائر والاعفان,2,ايشيريشيا كولاي,الخمائر والاعفان,True,pathogen,date_parsed_from_text,9,True
Data 2025.xlsx,7659,2025-08-17,2025-08,2025-W33,3,6,1-3373-R01,1-3373-R01,رز بني,الارز ( rice),rice,الارز ( rice),prepared_meal,كالو ريت - حي التعاون,كالو ريت,حي التعاون,كالو ريت - حي التعاون,العليا,بلدية,بلدية العليا,True,False,لا يوجد,,0,,,False,none,date_parsed_from_text,0,False
Data 2025.xlsx,7660,2025-08-17,2025-08,2025-W33,3,6,1-3374-R01,1-3374-R01,رز شعيرة,الارز ( rice),rice,الارز ( rice),prepared_meal,كالو ريت - حي التعاون,كالو ريت,حي التعاون,كالو ريت - حي التعاون,العليا,بلدية,بلدية العليا,True,False,لا يوجد,,0,,,False,none,date_parsed_from_text,0,False
Data 2025.xlsx,7661,2025-08-17,2025-08,2025-W33,3,6,1-3375-R01,1-3375-R01,رز مكسيكي,الارز ( rice),rice,الارز ( rice),prepared_meal,كالو ريت - حي التعاون,كالو ريت,حي التعاون,كالو ريت - حي التعاون,العليا,بلدية,بلدية العليا,True,False,لا يوجد,,0,,,False,none,date_parsed_from_text,0,False
Data 2025.xlsx,7662,2025-08-17,2025-08,2025-W33,3,6,1-3376-R01,1-3376-R01,رز اصفر,الارز ( rice),rice,الارز ( rice),prepared_meal,كالو ريت - حي التعاون,كالو ريت,حي التعاون,كالو ريت - حي التعاون,العليا,بلدية,بلدية العليا,False,True,استافيلوكوكس اورياس | باسيلس سيريس,استافيلوكوكس اورياس | باسيلس سيريس,2,استافيلوكوكس اورياس | باسيلس سيريس,,True,multi_pathogen,date_parsed_from_text,1,False
Data 2025.xlsx,7693,2025-08-17,2025-08,2025-W33,3,6,1-3377-R01,1-3377-R01,كروسون لوز صغير,كروسان (croissant),croissant,كروسان (croissant),sweets_bakery,مقهي قهوة غريب - حي التعاون,مقهي قهوة غريب,حي التعاون,مقهي قهوة غريب - حي التعاون,العليا,بلدية,بلدية العليا,True,False,لا يوجد,,0,,,False,none,date_parsed_from_text,0,False
Data 2025.xlsx,7694,2025-08-17,2025-08,2025-W33,3,6,1-3378-R01,1-3378-R01,كروسون بيكان صغير,كروسان (croissant),croissant,كروسان (croissant),sweets_bakery,مقهي قهوة غريب - حي التعاون,مقهي قهوة غريب,حي التعاون,مقهي قهوة غريب - حي التعاون,العليا,بلدية,بلدية العليا,True,False,لا يوجد,,0,,,False,none,date_parsed_from_text,0,False
Data 2025.xlsx,7696,2025-08-17,2025-08,2025-W33,3,6,1-3379-R01,1-3379-R01,نكهة خوخ,نكهات مركزة ( Syrup ),Syrup,نكهات مركزة ( Syrup ),sauce_condiment,مقهي قهوة غريب - حي التعاون,مقهي قهوة غريب,حي التعاون,مقهي قهوة غريب - حي التعاون,العليا,بلدية,بلدية العليا,True,False,لا يوجد,,0,,,False,none,date_parsed_from_text,0,False
Data 2025.xlsx,7697,2025-08-17,2025-08,2025-W33,3,6,1-3380-R01,1-3380-R01,نكهة باشن فروت,نكهات مركزة ( Syrup ),Syrup,نكهات مركزة ( Syrup ),sauce_condiment,مقهي قهوة غريب - حي التعاون,مقهي قهوة غريب,حي التعاون,مقهي قهوة غريب - حي التعاون,العليا,بلدية,بلدية العليا,True,False,لا يوجد,,0,,,False,none,date_parsed_from_text,0,False
Data 2025.xlsx,7665,2025-08-17,2025-08,2025-W33,3,6,O-r-O3-le-0374-R01,O-r-O3-le-0374-R01,خس,الخس (Lettuce),Lettuce,الخس (Lettuce),produce,كالو ريت - حي التعاون,كالو ريت,حي التعاون,كالو ريت - حي التعاون,العليا,بلدية,بلدية العليا,True,False,لا يوجد,,0,,,False,none,date_parsed_from_text,2,True
Data 2025.xlsx,7658,2025-08-17,2025-08,2025-W33,3,6,OO-OSS-po-0431-R01,OO-OSS-po-0431-R01,بطاطس مشوي,البطاطس (potatoes),potatoes,البطاطس (potatoes),produce,كالو ريت - حي التعاون,كالو ريت,حي التعاون,كالو ريت - حي التعاون,العليا,بلدية,بلدية العليا,True,False,لا يوجد,,0,,,False,none,date_parsed_from_text,0,False
Data 2025.xlsx,7657,2025-08-17,2025-08,2025-W33,3,6,OO-OSS-sp-0062-R01,OO-OSS-sp-0062-R01,بطاطا حلو,البطاطا (sweet potatoes),sweet potatoes,البطاطا (sweet potatoes),produce,كالو ريت - حي التعاون,كالو ريت,حي التعاون,كالو ريت - حي التعاون,العليا,بلدية,بلدية العليا,True,False,لا يوجد,,0,,,False,none,date_parsed_from_text,0,False
Data 2025.xlsx,7667,2025-08-17,2025-08,2025-W33,3,6,UOSS-be-0412-R01,UOSS-be-0412-R01,فاصوليا حمراء,الفاصوليا (beans),beans,الفاصوليا (beans),produce,كالو ريت - حي التعاون,كالو ريت,حي التعاون,كالو ريت - حي التعاون,العليا,بلدية,بلدية العليا,True,False,لا يوجد,,0,,,False,none,date_parsed_from_text,2,True
Data 2025.xlsx,7675,2025-08-17,2025-08,2025-W33,3,6,UU-ca-0120-R01,UU-ca-0120-R01,ملفوف محشي مجمد,الملفوف (cabbage),cabbage,الملفوف (cabbage),produce,ألذ طعم - حي التعاون,ألذ طعم,حي التعاون,ألذ طعم - حي التعاون,العليا,بلدية,بلدية العليا,True,False,لا يوجد,,0,,,False,none,date_parsed_from_text,0,False
Data 2025.xlsx,7666,2025-08-17,2025-08,2025-W33,3,6,UU-le-0454-R01,UU-le-0454-R01,قطع ليمون,الليمون (Lemons),Lemons,الليمون (Lemons),produce,كالو ريت - حي التعاون,كالو ريت,حي التعاون,كالو ريت - حي التعاون,العليا,بلدية,بلدية العليا,True,False,لا يوجد,,0,,,False,none,date_parsed_from_text,2,True
Data 2025.xlsx,7655,2025-08-17,2025-08,2025-W33,3,6,cm-0122-r01,Cm-0122-R01,لحم بقري,اللحوم المطبوخة (Cooked meat),Cooked meat,اللحوم المطبوخة (Cooked meat),cooked_meat_poultry,كالو ريت - حي التعاون,كالو ريت,حي التعاون,كالو ريت - حي التعاون,العليا,بلدية,بلدية العليا,True,False,لا يوجد,,0,,,False,none,date_parsed_from_text,0,False
Data 2025.xlsx,7649,2025-08-17,2025-08,2025-W33,3,6,co-0589-r01,co-0589-R01,دجاج ليمون,الدجاج المطبوخ (Cooked chicken),Cooked chicken,الدجاج المطبوخ (Cooked chicken),cooked_meat_poultry,كالو ريت - حي التعاون,كالو ريت,حي التعاون,كالو ريت - حي التعاون,العليا,بلدية,بلدية العليا,True,False,لا يوجد,,0,,,False,none,date_parsed_from_text,0,False
Data 2025.xlsx,7650,2025-08-17,2025-08,2025-W33,3,6,co-0590-r01,co-0590-R01,دجاج مشوي,الدجاج المطبوخ (Cooked chicken),Cooked chicken,الدجاج المطبوخ (Cooked chicken),cooked_meat_poultry,كالو ريت - حي التعاون,كالو ريت,حي التعاون,كالو ريت - حي التعاون,العليا,بلدية,بلدية العليا,True,False,لا يوجد,,0,,,False,none,date_parsed_from_text,0,False
Data 2025.xlsx,7651,2025-08-17,2025-08,2025-W33,3,6,co-0591-r01,co-0591-R01,دجاج الزبدة,الدجاج المطبوخ (Cooked chicken),Cooked chicken,الدجاج المطبوخ (Cooked chicken),cooked_meat_poultry,كالو ريت - حي التعاون,كالو ريت,حي التعاون,كالو ريت - حي التعاون,العليا,بلدية,بلدية العليا,True,False,لا يوجد,,0,,,False,none,date_parsed_from_text,0,False
Data 2025.xlsx,7652,2025-08-17,2025-08,2025-W33,3,6,co-0592-r01,co-0592-R01,دجاج مسالة,الدجاج المطبوخ (Cooked chicken),Cooked chicken,الدجاج المطبوخ (Cooked chicken),cooked_meat_poultry,كالو ريت - حي التعاون,كالو ريت,حي التعاون,كالو ريت - حي التعاون,العليا,بلدية,بلدية العليا,True,False,لا يوجد,,0,,,False,none,date_parsed_from_text,0,False
Data 2025.xlsx,7653,2025-08-17,2025-08,2025-W33,3,6,co-0593-r01,co-0593-R01,دجاج بامية,الدجاج المطبوخ (Cooked chicken),Cooked chicken,الدجاج المطبوخ (Cooked chicken),cooked_meat_poultry,كالو ريت - حي التعاون,كالو ريت,حي التعاون,كالو ريت - حي التعاون,العليا,بلدية,بلدية العليا,True,False,لا يوجد,,0,,,False,none,date_parsed_from_text,0,False
Data 2025.xlsx,7654,2025-08-17,2025-08,2025-W33,3,6,co-0594-r01,co-0594-R01,دجاج باربكيو,الدجاج المطبوخ (Cooked chicken),Cooked chicken,الدجاج المطبوخ (Cooked chicken),cooked_meat_poultry,كالو ريت - حي التعاون,كالو ريت,حي التعاون,كالو ريت - حي التعاون,العليا,بلدية,بلدية العليا,True,False,لا يوجد,,0,,,False,none,date_parsed_from_text,0,False
Data 2025.xlsx,7656,2025-08-17,2025-08,2025-W33,3,6,fish-0223-r01,fish-0223-R01,سلمون مشوي,Fish/fish product(الاسماك / منتجات الاسماك),fish product,Fish/fish product(الاسماك / منتجات الاسماك),cooked_meat_poultry,كالو ريت - حي التعاون,كالو ريت,حي التعاون,كالو ريت - حي التعاون,العليا,بلدية,بلدية العليا,True,False,لا يوجد,,0,,,False,none,date_parsed_from_text,0,False
Data 2025.xlsx,7681,2025-08-17,2025-08,2025-W33,3,6,gcv-0255-r01,GCV-0255-R01,مصقع باذنجان,الخضار المشوية و المطبوخة,,الخضار المشوية و المطبوخة,cooked_meat_poultry,ألذ طعم - حي التعاون,ألذ طعم,حي التعاون,ألذ طعم - حي التعاون,العليا,بلدية,بلدية العليا,True,False,لا يوجد,,0,,,False,none,date_parsed_from_text,2,True
Data 2025.xlsx,7674,2025-08-17,2025-08,2025-W33,3,6,gr-0198-r01,gr-0198-R01,ورق عنب مجمد,ورق عنب (Grape leaves),Grape leaves,ورق عنب (Grape leaves),produce,ألذ طعم - حي التعاون,ألذ طعم,حي التعاون,ألذ طعم - حي التعاون,العليا,بلدية,بلدية العليا,True,False,لا يوجد,,0,,,False,none,date_parsed_from_text,0,False
Data 2025.xlsx,7669,2025-08-17,2025-08,2025-W33,3,6,hs-0356-r01,HS-0356-R01,شطة,الشطة (Hot sauce),Hot sauce,الشطة (Hot sauce),sauce_condiment,كالو ريت - حي التعاون,كالو ريت,حي التعاون,كالو ريت - حي التعاون,العليا,بلدية,بلدية العليا,True,False,لا يوجد,,0,,,False,none,date_parsed_from_text,2,True
Data 2025.xlsx,7677,2025-08-17,2025-08,2025-W33,3,6,hs-0357-r01,HS-0357-R01,شطة حارة,الشطة (Hot sauce),Hot sauce,الشطة (Hot sauce),sauce_condiment,ألذ طعم - حي التعاون,ألذ طعم,حي التعاون,ألذ طعم - حي التعاون,العليا,بلدية,بلدية العليا,False,True,الخمائر والاعفان,الخمائر والاعفان,1,,الخمائر والاعفان,False,indicator_only,date_parsed_from_text,1,False
Data 2025.xlsx,7663,2025-08-17,2025-08,2025-W33,3,6,jui-0496-r01,jui-0496-R01,عصير جزر,العصائر الطازجة Un-pasteurized juices (fresh),fresh,العصائر الطازجة Un-pasteurized juices (fresh),beverage,كالو ريت - حي التعاون,كالو ريت,حي التعاون,كالو ريت - حي التعاون,العليا,بلدية,بلدية العليا,False,True,الخمائر والاعفان,الخمائر والاعفان,1,,الخمائر والاعفان,False,indicator_only,date_parsed_from_text,2,True
Data 2025.xlsx,7664,2025-08-17,2025-08,2025-W33,3,6,jui-0497-r01,jui-0497-R01,عصير برتقال,العصائر الطازجة Un-pasteurized juices (fresh),fresh,العصائر الطازجة Un-pasteurized juices (fresh),beverage,كالو ريت - حي التعاون,كالو ريت,حي التعاون,كالو ريت - حي التعاون,العليا,بلدية,بلدية العليا,True,False,لا يوجد,,0,,,False,none,date_parsed_from_text,2,True
Data 2025.xlsx,7668,2025-08-17,2025-08,2025-W33,3,6,pick-0504-r01,Pick-0504-R01,مخلل خيار,المخلل (Pickle),Pickle,المخلل (Pickle),sauce_condiment,كالو ريت - حي التعاون,كالو ريت,حي التعاون,كالو ريت - حي التعاون,العليا,بلدية,بلدية العليا,True,False,لا يوجد,,0,,,False,none,date_parsed_from_text,2,True
Data 2025.xlsx,7680,2025-08-17,2025-08,2025-W33,3,6,pick-0505-r01,Pick-0505-R01,مخلل مشكل,المخلل (Pickle),Pickle,المخلل (Pickle),sauce_condiment,ألذ طعم - حي التعاون,ألذ طعم,حي التعاون,ألذ طعم - حي التعاون,العليا,بلدية,بلدية العليا,True,False,لا يوجد,,0,,,False,none,date_parsed_from_text,2,True
Data 2025.xlsx,7647,2025-08-17,2025-08,2025-W33,3,6,raw-0476-r01,Raw-0476-R01,لحم بطن نعيمي بلدي,لحوم نيئة مبردة ومجمدة (Raw meat Cold or chilled ),Raw meat Cold or chilled,لحوم نيئة مبردة ومجمدة (Raw meat Cold or chilled ),raw_meat,ملحمة فيافي البلاد التجارية,ملحمة فيافي البلاد التجارية,,ملحمة فيافي البلاد التجارية,العليا,بلدية,بلدية العليا,True,False,لا يوجد,,0,,,False,none,date_parsed_from_text,0,False
Data 2025.xlsx,7648,2025-08-17,2025-08,2025-W33,3,6,raw-0477-r01,Raw-0477-R01,لحم بطن عجل بلدي,لحوم نيئة مبردة ومجمدة (Raw meat Cold or chilled ),Raw meat Cold or chilled,لحوم نيئة مبردة ومجمدة (Raw meat Cold or chilled ),raw_meat,ملحمة فيافي البلاد التجارية,ملحمة فيافي البلاد التجارية,,ملحمة فيافي البلاد التجارية,العليا,بلدية,بلدية العليا,True,False,لا يوجد,,0,,,False,none,date_parsed_from_text,0,False
Data 2025.xlsx,7676,2025-08-17,2025-08,2025-W33,3,6,sal-1559-r01,Sal-1559-R01,سلطة خضراء,السلطة(Salad),Salad,السلطة(Salad),produce,ألذ طعم - حي التعاون,ألذ طعم,حي التعاون,ألذ طعم - حي التعاون,العليا,بلدية,بلدية العليا,True,False,لا يوجد,,0,,,False,none,date_parsed_from_text,0,False
Data 2025.xlsx,7670,2025-08-17,2025-08,2025-W33,3,6,sau-2203-r01,sau-2203-R01,صوص ثوم + مايونيز,صوص (sauce),sauce,صوص (sauce),sauce_condiment,كالو ريت - حي التعاون,كالو ريت,حي التعاون,كالو ريت - حي التعاون,العليا,بلدية,بلدية العليا,True,False,لا يوجد,,0,,,False,none,date_parsed_from_text,2,True
Data 2025.xlsx,7671,2025-08-17,2025-08,2025-W33,3,6,sau-2204-r01,sau-2204-R01,صوص مايونيز (قودي),صوص (sauce),sauce,صوص (sauce),sauce_condiment,كالو ريت - حي التعاون,كالو ريت,حي التعاون,كالو ريت - حي التعاون,العليا,بلدية,بلدية العليا,True,False,لا يوجد,,0,,,False,none,date_parsed_from_text,2,True
Data 2025.xlsx,7678,2025-08-17,2025-08,2025-W33,3,6,sau-2205-r01,sau-2205-R01,صوص كشري,صوص (sauce),sauce,صوص (sauce),sauce_condiment,ألذ طعم - حي التعاون,ألذ طعم,حي التعاون,ألذ طعم - حي التعاون,العليا,بلدية,بلدية العليا,False,True,الخمائر والاعفان,الخمائر والاعفان,1,,الخمائر والاعفان,False,indicator_only,date_parsed_from_text,2,True
Data 2025.xlsx,7679,2025-08-17,2025-08,2025-W33,3,6,sau-2206-r01,sau-2206-R01,صوص مايونيز,صوص (sauce),sauce,صوص (sauce),sauce_condiment,ألذ طعم - حي التعاون,ألذ طعم,حي التعاون,ألذ طعم - حي التعاون,العليا,بلدية,بلدية العليا,True,False,لا يوجد,,0,,,False,none,date_parsed_from_text,2,True
Data 2025.xlsx,7672,2025-08-17,2025-08,2025-W33,3,6,sw-3455-r01,sw-3455-R01,مسحة ثلاجة سلطات,(Swabs) المسحات,Swabs,(Swabs) المسحات,swab,كالو ريت - حي التعاون,كالو ريت,حي التعاون,كالو ريت - حي التعاون,العليا,بلدية,بلدية العليا,True,False,لا يوجد,,0,,,False,none,date_parsed_from_text,2,True
Data 2025.xlsx,7673,2025-08-17,2025-08,2025-W33,3,6,sw-3456-r01,sw-3456-R01,مسحة طاولة تقطيع خضار,(Swabs) المسحات,Swabs,(Swabs) المسحات,swab,كالو ريت - حي التعاون,كالو ريت,حي التعاون,كالو ريت - حي التعاون,العليا,بلدية,بلدية العليا,True,False,لا يوجد,,0,,,False,none,date_parsed_from_text,2,True
Data 2025.xlsx,7682,2025-08-17,2025-08,2025-W33,3,6,sw-3457-r01,sw-3457-R01,مسحة طاولة تقطيع لحم ني,(Swabs) المسحات,Swabs,(Swabs) المسحات,swab,ألذ طعم - حي التعاون,ألذ طعم,حي التعاون,ألذ طعم - حي التعاون,العليا,بلدية,بلدية العليا,False,True,العد الكلي للبكتيريا,العد الكلي للبكتيريا,1,,العد الكلي للبكتيريا,False,indicator_only,date_parsed_from_text,3,True
Data 2025.xlsx,7683,2025-08-17,2025-08,2025-W33,3,6,sw-3458-r01,sw-3458-R01,مسحة طاولة تقطيع خضار,(Swabs) المسحات,Swabs,(Swabs) المسحات,swab,ألذ طعم - حي التعاون,ألذ طعم,حي التعاون,ألذ طعم - حي التعاون,العليا,بلدية,بلدية العليا,False,True,العد الكلي للبكتيريا,العد الكلي للبكتيريا,1,,العد الكلي للبكتيريا,False,indicator_only,date_parsed_from_text,4,True
Data 2025.xlsx,7684,2025-08-17,2025-08,2025-W33,3,6,sw-3459-r01,sw-3459-R01,مسحة صانعة ثلج,(Swabs) المسحات,Swabs,(Swabs) المسحات,swab,ألذ طعم - حي التعاون,ألذ طعم,حي التعاون,ألذ طعم - حي التعاون,العليا,بلدية,بلدية العليا,False,True,العد الكلي للبكتيريا,العد الكلي للبكتيريا,1,,العد الكلي للبكتيريا,False,indicator_only,date_parsed_from_text,5,True
Data 2025.xlsx,7685,2025-08-17,2025-08,2025-W33,3,6,sw-3460-r01,sw-3460-R01,مسحة عصارة برتقال,(Swabs) المسحات,Swabs,(Swabs) المسحات,swab,ألذ طعم - حي التعاون,ألذ طعم,حي التعاون,ألذ طعم - حي التعاون,العليا,بلدية,بلدية العليا,True,False,لا يوجد,,0,,,False,none,date_parsed_from_text,5,True
Data 2025.xlsx,7698,2025-08-17,2025-08,2025-W33,3,6,sw-3461-r01,sw-3461-R01,مسحة حافظة كروسان,(Swabs) المسحات,Swabs,(Swabs) المسحات,swab,مقهي قهوة غريب - حي التعاون,مقهي قهوة غريب,حي التعاون,مقهي قهوة غريب - حي التعاون,العليا,بلدية,بلدية العليا,True,False,لا يوجد,,0,,,False,none,date_parsed_from_text,0,False
Data 2025.xlsx,7699,2025-08-17,2025-08,2025-W33,3,6,sw-3462-r01,sw-3462-R01,مسحة ثلاجة الكيك,(Swabs) المسحات,Swabs,(Swabs) المسحات,swab,مقهي قهوة غريب - حي التعاون,مقهي قهوة غريب,حي التعاون,مقهي قهوة غريب - حي التعاون,العليا,بلدية,بلدية العليا,True,False,لا يوجد,,0,,,False,none,date_parsed_from_text,0,False
Data 2025.xlsx,7686,2025-08-17,2025-08,2025-W33,3,6,sweet-1364-r01,sweet-1364-R01,سبيشل اوريو جار,الحلا(sweetness),sweetness,الحلا(sweetness),sweets_bakery,مقهي قهوة غريب - حي التعاون,مقهي قهوة غريب,حي التعاون,مقهي قهوة غريب - حي التعاون,العليا,بلدية,بلدية العليا,True,False,لا يوجد,,0,,,False,none,date_parsed_from_text,0,False
Data 2025.xlsx,7687,2025-08-17,2025-08,2025-W33,3,6,sweet-1365-r01,sweet-1365-R01,لاتية كيك,الحلا(sweetness),sweetness,الحلا(sweetness),sweets_bakery,مقهي قهوة غريب - حي التعاون,مقهي قهوة غريب,حي التعاون,مقهي قهوة غريب - حي التعاون,العليا,بلدية,بلدية العليا,True,False,لا يوجد,,0,,,False,none,date_parsed_from_text,0,False
Data 2025.xlsx,7688,2025-08-17,2025-08,2025-W33,3,6,sweet-1366-r01,sweet-1366-R01,كيك فراولة,الحلا(sweetness),sweetness,الحلا(sweetness),sweets_bakery,مقهي قهوة غريب - حي التعاون,مقهي قهوة غريب,حي التعاون,مقهي قهوة غريب - حي التعاون,العليا,بلدية,بلدية العليا,True,False,لا يوجد,,0,,,False,none,date_parsed_from_text,0,False
Data 2025.xlsx,7689,2025-08-17,2025-08,2025-W33,3,6,sweet-1367-r01,sweet-1367-R01,كيندر بايتس,الحلا(sweetness),sweetness,الحلا(sweetness),sweets_bakery,مقهي قهوة غريب - حي التعاون,مقهي قهوة غريب,حي التعاون,مقهي قهوة غريب - حي التعاون,العليا,بلدية,بلدية العليا,True,False,لا يوجد,,0,,,False,none,date_parsed_from_text,0,False
Data 2025.xlsx,7690,2025-08-17,2025-08,2025-W33,3,6,sweet-1368-r01,sweet-1368-R01,فستق بايتس,الحلا(sweetness),sweetness,الحلا(sweetness),sweets_bakery,مقهي قهوة غريب - حي التعاون,مقهي قهوة غريب,حي التعاون,مقهي قهوة غريب - حي التعاون,العليا,بلدية,بلدية العليا,True,False,لا يوجد,,0,,,False,none,date_parsed_from_text,0,False
Data 2025.xlsx,7691,2025-08-17,2025-08,2025-W33,3,6,sweet-1369-r01,sweet-1369-R01,شوكولاتة بايتس,الحلا(sweetness),sweetness,الحلا(sweetness),sweets_bakery,مقهي قهوة غريب - حي التعاون,مقهي قهوة غريب,حي التعاون,مقهي قهوة غريب - حي التعاون,العليا,بلدية,بلدية العليا,True,False,لا يوجد,,0,,,False,none,date_parsed_from_text,0,False
Data 2025.xlsx,7692,2025-08-17,2025-08,2025-W33,3,6,sweet-1370-r01,sweet-1370-R01,بيكان,الحلا(sweetness),sweetness,الحلا(sweetness),sweets_bakery,مقهي قهوة غريب - حي التعاون,مقهي قهوة غريب,حي التعاون,مقهي قهوة غريب - حي التعاون,العليا,بلدية,بلدية العليا,True,False,لا يوجد,,0,,,False,none,date_parsed_from_text,0,False
Data 2025.xlsx,7695,2025-08-17,2025-08,2025-W33,3,6,sweet-1371-r01,sweet-1371-R01,اكلير بالفستق,الحلا(sweetness),sweetness,الحلا(sweetness),sweets_bakery,مقهي قهوة غريب - حي التعاون,مقهي قهوة غريب,حي التعاون,مقهي قهوة غريب - حي التعاون,العليا,بلدية,بلدية العليا,True,False,لا يوجد,,0,,,False,none,date_parsed_from_text,0,False
Data 2025.xlsx,7704,2025-08-18,2025-08,2025-W34,3,0,O-U-to-0671-R01,O-U-to-0671-R01,طماطم مقطع,الطماطم (Tomatoes),Tomatoes,الطماطم (Tomatoes),produce,مشويات باب توما حي السليمانية,مشويات باب توما حي السليمانية,,مشويات باب توما حي السليمانية,العليا,بلدية,بلدية العليا,False,True,ايشيريشيا كولاي | استافيلوكوكس اورياس,ايشيريشيا كولاي | استافيلوكوكس اورياس,2,ايشيريشيا كولاي | استافيلوكوكس اورياس,,True,multi_pathogen,date_parsed_from_text,2,True
Data 2025.xlsx,7705,2025-08-18,2025-08,2025-W34,3,0,OOu-on-0525-R01,OOu-on-0525-R01,بصل مقطع,البصل (onions),onions,البصل (onions),produce,مشويات باب توما حي السليمانية,مشويات باب توما حي السليمانية,,مشويات باب توما حي السليمانية,العليا,بلدية,بلدية العليا,False,True,استافيلوكوكس اورياس,استافيلوكوكس اورياس,1,استافيلوكوكس اورياس,,True,pathogen,date_parsed_from_text,3,True
Data 2025.xlsx,7709,2025-08-18,2025-08,2025-W34,3,0,appe-0568-r01,Appe-0568-R01,متبل,مقبلات (Appetizers),Appetizers,مقبلات (Appetizers),prepared_meal,مشويات باب توما حي السليمانية,مشويات باب توما حي السليمانية,,مشويات باب توما حي السليمانية,العليا,بلدية,بلدية العليا,False,True,العد الكلي للبكتيريا,العد الكلي للبكتيريا,1,,العد الكلي للبكتيريا,False,indicator_only,date_parsed_from_text,7,True
Data 2025.xlsx,7710,2025-08-18,2025-08,2025-W34,3,0,appe-0569-r01,Appe-0569-R01,حمص,مقبلات (Appetizers),Appetizers,مقبلات (Appetizers),prepared_meal,مشويات باب توما حي السليمانية,مشويات باب توما حي السليمانية,,مشويات باب توما حي السليمانية,العليا,بلدية,بلدية العليا,True,False,لا يوجد,,0,,,False,none,date_parsed_from_text,7,True
Data 2025.xlsx,7711,2025-08-18,2025-08,2025-W34,3,0,appe-0570-r01,Appe-0570-R01,بابا غنوج,مقبلات (Appetizers),Appetizers,مقبلات (Appetizers),prepared_meal,مشويات باب توما حي السليمانية,مشويات باب توما حي السليمانية,,مشويات باب توما حي السليمانية,العليا,بلدية,بلدية العليا,True,False,لا يوجد,,0,,,False,none,date_parsed_from_text,7,True
Data 2025.xlsx,7712,2025-08-18,2025-08,2025-W34,3,0,appe-0571-r01,Appe-0571-R01,متبل شمندر,مقبلات (Appetizers),Appetizers,مقبلات (Appetizers),prepared_meal,مشويات باب توما حي السليمانية,مشويات باب توما حي السليمانية,,مشويات باب توما حي السليمانية,العليا,بلدية,بلدية العليا,False,True,العد الكلي للبكتيريا,العد الكلي للبكتيريا,1,,العد الكلي للبكتيريا,False,indicator_only,date_parsed_from_text,8,True
Data 2025.xlsx,7714,2025-08-18,2025-08,2025-W34,3,0,appe-0572-r01,Appe-0572-R01,محمرة,مقبلات (Appetizers),Appetizers,مقبلات (Appetizers),prepared_meal,مشويات باب توما حي السليمانية,مشويات باب توما حي السليمانية,,مشويات باب توما حي السليمانية,العليا,بلدية,بلدية العليا,True,False,لا يوجد,,0,,,False,none,date_parsed_from_text,9,True
Data 2025.xlsx,7725,2025-08-18,2025-08,2025-W34,3,0,appe-0573-r01,Appe-0573-R01,حمص,مقبلات (Appetizers),Appetizers,مقبلات (Appetizers),prepared_meal,مطاعم ساروجة مشويات معجنات - حي السليمانية,مطاعم ساروجة مشويات معجنات,حي السليمانية,مطاعم ساروجة مشويات معجنات - حي السليمانية,العليا,بلدية,بلدية العليا,True,False,لا يوجد,,0,,,False,none,date_parsed_from_text,0,False
Data 2025.xlsx,7726,2025-08-18,2025-08,2025-W34,3,0,appe-0574-r01,Appe-0574-R01,متبل,مقبلات (Appetizers),Appetizers,مقبلات (Appetizers),prepared_meal,مطاعم ساروجة مشويات معجنات - حي السليمانية,مطاعم ساروجة مشويات معجنات,حي السليمانية,مطاعم ساروجة مشويات معجنات - حي السليمانية,العليا,بلدية,بلدية العليا,True,False,لا يوجد,,0,,,False,none,date_parsed_from_text,0,False
Data 2025.xlsx,7727,2025-08-18,2025-08,2025-W34,3,0,appe-0575-r01,Appe-0575-R01,بابا غنوج,مقبلات (Appetizers),Appetizers,مقبلات (Appetizers),prepared_meal,مطاعم ساروجة مشويات معجنات - حي السليمانية,مطاعم ساروجة مشويات معجنات,حي السليمانية,مطاعم ساروجة مشويات معجنات - حي السليمانية,العليا,بلدية,بلدية العليا,True,False,لا يوجد,,0,,,False,none,date_parsed_from_text,0,False
Data 2025.xlsx,7729,2025-08-18,2025-08,2025-W34,3,0,appe-0576-r01,Appe-0576-R01,محمرة,مقبلات (Appetizers),Appetizers,مقبلات (Appetizers),prepared_meal,مطاعم ساروجة مشويات معجنات - حي السليمانية,مطاعم ساروجة مشويات معجنات,حي السليمانية,مطاعم ساروجة مشويات معجنات - حي السليمانية,العليا,بلدية,بلدية العليا,True,False,لا يوجد,,0,,,False,none,date_parsed_from_text,0,False
Data 2025.xlsx,7734,2025-08-18,2025-08,2025-W34,3,0,appe-0577-r01,Appe-0577-R01,تبولة,مقبلات (Appetizers),Appetizers,مقبلات (Appetizers),prepared_meal,مطاعم ساروجة مشويات معجنات - حي السليمانية,مطاعم ساروجة مشويات معجنات,حي السليمانية,مطاعم ساروجة مشويات معجنات - حي السليمانية,العليا,بلدية,بلدية العليا,False,True,ايشيريشيا كولاي | استافيلوكوكس اورياس,ايشيريشيا كولاي | استافيلوكوكس اورياس,2,ايشيريشيا كولاي | استافيلوكوكس اورياس,,True,multi_pathogen,date_parsed_from_text,2,True
Data 2025.xlsx,7715,2025-08-18,2025-08,2025-W34,3,0,bri-0348-r01,bri-0348-R01,كشكة لبنة (سلطة لبنة),لبنة ( brick),brick,لبنة ( brick),dairy,مشويات باب توما حي السليمانية,مشويات باب توما حي السليمانية,,مشويات باب توما حي السليمانية,العليا,بلدية,بلدية العليا,False,True,انتيروباكتريسي,انتيروباكتريسي,1,,انتيروباكتريسي,False,indicator_only,date_parsed_from_text,10,True
Data 2025.xlsx,7716,2025-08-18,2025-08,2025-W34,3,0,gr-0199-r01,gr-0199-R01,ورق عنب,ورق عنب (Grape leaves),Grape leaves,ورق عنب (Grape leaves),produce,مشويات باب توما حي السليمانية,مشويات باب توما حي السليمانية,,مشويات باب توما حي السليمانية,العليا,بلدية,بلدية العليا,True,False,لا يوجد,,0,,,False,none,date_parsed_from_text,10,True
Data 2025.xlsx,7731,2025-08-18,2025-08,2025-W34,3,0,gr-0200-r01,gr-0200-R01,ورق عنب,ورق عنب (Grape leaves),Grape leaves,ورق عنب (Grape leaves),produce,مطاعم ساروجة مشويات معجنات - حي السليمانية,مطاعم ساروجة مشويات معجنات,حي السليمانية,مطاعم ساروجة مشويات معجنات - حي السليمانية,العليا,بلدية,بلدية العليا,True,False,لا يوجد,,0,,,False,none,date_parsed_from_text,0,False
Data 2025.xlsx,7723,2025-08-18,2025-08,2025-W34,3,0,hs-0358-r01,HS-0358-R01,شطة حارة,الشطة (Hot sauce),Hot sauce,الشطة (Hot sauce),sauce_condiment,مشويات باب توما حي السليمانية,مشويات باب توما حي السليمانية,,مشويات باب توما حي السليمانية,العليا,بلدية,بلدية العليا,False,True,العد الكلي للبكتيريا,العد الكلي للبكتيريا,1,,العد الكلي للبكتيريا,False,indicator_only,date_parsed_from_text,11,True
Data 2025.xlsx,7720,2025-08-18,2025-08,2025-W34,3,0,jui-0498-r01,jui-0498-R01,عصير برتقال,العصائر الطازجة Un-pasteurized juices (fresh),fresh,العصائر الطازجة Un-pasteurized juices (fresh),beverage,مشويات باب توما حي السليمانية,مشويات باب توما حي السليمانية,,مشويات باب توما حي السليمانية,العليا,بلدية,بلدية العليا,True,False,لا يوجد,,0,,,False,none,date_parsed_from_text,10,True
Data 2025.xlsx,7721,2025-08-18,2025-08,2025-W34,3,0,jui-0499-r01,jui-0499-R01,عصير رمان,العصائر الطازجة Un-pasteurized juices (fresh),fresh,العصائر الطازجة Un-pasteurized juices (fresh),beverage,مشويات باب توما حي السليمانية,مشويات باب توما حي السليمانية,,مشويات باب توما حي السليمانية,العليا,بلدية,بلدية العليا,True,False,لا يوجد,,0,,,False,none,date_parsed_from_text,10,True
Data 2025.xlsx,7722,2025-08-18,2025-08,2025-W34,3,0,jui-0500-r01,jui-0500-R01,عصير كوكتيل,العصائر الطازجة Un-pasteurized juices (fresh),fresh,العصائر الطازجة Un-pasteurized juices (fresh),beverage,مشويات باب توما حي السليمانية,مشويات باب توما حي السليمانية,,مشويات باب توما حي السليمانية,العليا,بلدية,بلدية العليا,True,False,لا يوجد,,0,,,False,none,date_parsed_from_text,10,True
Data 2025.xlsx,7735,2025-08-18,2025-08,2025-W34,3,0,kib-0027-r01,Kib-0027-R01,كبة لحم,(Kibbeh) كبه,Kibbeh,(Kibbeh) كبه,prepared_meal,مطاعم ساروجة مشويات معجنات - حي السليمانية,مطاعم ساروجة مشويات معجنات,حي السليمانية,مطاعم ساروجة مشويات معجنات - حي السليمانية,العليا,بلدية,بلدية العليا,True,False,لا يوجد,,0,,,False,none,date_parsed_from_text,2,True
Data 2025.xlsx,7702,2025-08-18,2025-08,2025-W34,3,0,mola-0065-r01,mola-0065-R01,دبس رمان,( Molasses) دبس,Molasses,( Molasses) دبس,sauce_condiment,مشويات باب توما حي السليمانية,مشويات باب توما حي السليمانية,,مشويات باب توما حي السليمانية,العليا,بلدية,بلدية العليا,True,False,لا يوجد,,0,,,False,none,date_parsed_from_text,0,False
Data 2025.xlsx,7732,2025-08-18,2025-08,2025-W34,3,0,mola-0066-r01,mola-0066-R01,دبس رمان,( Molasses) دبس,Molasses,( Molasses) دبس,sauce_condiment,مطاعم ساروجة مشويات معجنات - حي السليمانية,مطاعم ساروجة مشويات معجنات,حي السليمانية,مطاعم ساروجة مشويات معجنات - حي السليمانية,العليا,بلدية,بلدية العليا,True,False,لا يوجد,,0,,,False,none,date_parsed_from_text,0,False
Data 2025.xlsx,7706,2025-08-18,2025-08,2025-W34,3,0,olv-0558-r01,olv-0558-R01,زيتون اسود شرائح,الزيتون /Olive,Olive,الزيتون /Olive,produce,مشويات باب توما حي السليمانية,مشويات باب توما حي السليمانية,,مشويات باب توما حي السليمانية,العليا,بلدية,بلدية العليا,False,True,خمائر,الخمائر والاعفان,1,,الخمائر والاعفان,False,indicator_only,date_parsed_from_text,4,True
Data 2025.xlsx,7713,2025-08-18,2025-08,2025-W34,3,0,olv-0559-r01,olv-0559-R01,زيتون اخضر,الزيتون /Olive,Olive,الزيتون /Olive,produce,مشويات باب توما حي السليمانية,مشويات باب توما حي السليمانية,,مشويات باب توما حي السليمانية,العليا,بلدية,بلدية العليا,False,True,خمائر,الخمائر والاعفان,1,,الخمائر والاعفان,False,indicator_only,date_parsed_from_text,9,True
Data 2025.xlsx,7737,2025-08-18,2025-08,2025-W34,3,0,po-0132-r01,po-0132-R01,كباب دجاج ني,الدجاج (Poultry),Poultry,الدجاج (Poultry),cooked_meat_poultry,مطاعم ساروجة مشويات معجنات - حي السليمانية,مطاعم ساروجة مشويات معجنات,حي السليمانية,مطاعم ساروجة مشويات معجنات - حي السليمانية,العليا,بلدية,بلدية العليا,True,False,لا يوجد,,0,,,False,none,date_parsed_from_text,3,True
Data 2025.xlsx,7700,2025-08-18,2025-08,2025-W34,3,0,raw-0478-r01,Raw-0478-R01,لحم كتف تيس باكستاني مبرد,لحوم نيئة مبردة ومجمدة (Raw meat Cold or chilled ),Raw meat Cold or chilled,لحوم نيئة مبردة ومجمدة (Raw meat Cold or chilled ),raw_meat,ملحمة امينة بنت سعد العنزي,ملحمة امينة بنت سعد العنزي,,ملحمة امينة بنت سعد العنزي,النسيم,بلدية,بلدية النسيم,True,False,لا يوجد,,0,,,False,none,date_parsed_from_text,0,False
Data 2025.xlsx,7736,2025-08-18,2025-08,2025-W34,3,0,raw-0479-r01,Raw-0479-R01,كباب لحم ني,لحوم نيئة مبردة ومجمدة (Raw meat Cold or chilled ),Raw meat Cold or chilled,لحوم نيئة مبردة ومجمدة (Raw meat Cold or chilled ),raw_meat,مطاعم ساروجة مشويات معجنات - حي السليمانية,مطاعم ساروجة مشويات معجنات,حي السليمانية,مطاعم ساروجة مشويات معجنات - حي السليمانية,العليا,بلدية,بلدية العليا,False,True,العد الكلي للبكتيريا,العد الكلي للبكتيريا,1,,العد الكلي للبكتيريا,False,indicator_only,date_parsed_from_text,3,True
Data 2025.xlsx,7707,2025-08-18,2025-08,2025-W34,3,0,sal-1560-r01,Sal-1560-R01,سلطة خص وملفوف,السلطة(Salad),Salad,السلطة(Salad),produce,مشويات باب توما حي السليمانية,مشويات باب توما حي السليمانية,,مشويات باب توما حي السليمانية,العليا,بلدية,بلدية العليا,False,True,ايشيريشيا كولاي | استافيلوكوكس اورياس,ايشيريشيا كولاي | استافيلوكوكس اورياس,2,ايشيريشيا كولاي | استافيلوكوكس اورياس,,True,multi_pathogen,date_parsed_from_text,5,True
Data 2025.xlsx,7708,2025-08-18,2025-08,2025-W34,3,0,sal-1561-r01,Sal-1561-R01,سلطة خضراء,السلطة(Salad),Salad,السلطة(Salad),produce,مشويات باب توما حي السليمانية,مشويات باب توما حي السليمانية,,مشويات باب توما حي السليمانية,العليا,بلدية,بلدية العليا,False,True,ايشيريشيا كولاي | استافيلوكوكس اورياس,ايشيريشيا كولاي | استافيلوكوكس اورياس,2,ايشيريشيا كولاي | استافيلوكوكس اورياس,,True,multi_pathogen,date_parsed_from_text,6,True
Data 2025.xlsx,7728,2025-08-18,2025-08,2025-W34,3,0,sal-1562-r01,Sal-1562-R01,سلطة زيتون,السلطة(Salad),Salad,السلطة(Salad),produce,مطاعم ساروجة مشويات معجنات - حي السليمانية,مطاعم ساروجة مشويات معجنات,حي السليمانية,مطاعم ساروجة مشويات معجنات - حي السليمانية,العليا,بلدية,بلدية العليا,True,False,لا يوجد,,0,,,False,none,date_parsed_from_text,0,False
Data 2025.xlsx,7733,2025-08-18,2025-08,2025-W34,3,0,sal-1563-r01,Sal-1563-R01,سلطة فتوش,السلطة(Salad),Salad,السلطة(Salad),produce,مطاعم ساروجة مشويات معجنات - حي السليمانية,مطاعم ساروجة مشويات معجنات,حي السليمانية,مطاعم ساروجة مشويات معجنات - حي السليمانية,العليا,بلدية,بلدية العليا,False,True,ايشيريشيا كولاي | استافيلوكوكس اورياس,ايشيريشيا كولاي | استافيلوكوكس اورياس,2,ايشيريشيا كولاي | استافيلوكوكس اورياس,,True,multi_pathogen,date_parsed_from_text,1,False
Data 2025.xlsx,7701,2025-08-18,2025-08,2025-W34,3,0,sau-2207-r01,sau-2207-R01,صوص فتوش,صوص (sauce),sauce,صوص (sauce),sauce_condiment,مشويات باب توما حي السليمانية,مشويات باب توما حي السليمانية,,مشويات باب توما حي السليمانية,العليا,بلدية,بلدية العليا,True,False,لا يوجد,,0,,,False,none,date_parsed_from_text,0,False
Data 2025.xlsx,7703,2025-08-18,2025-08,2025-W34,3,0,sau-2208-r01,sau-2208-R01,صوص تبولة,صوص (sauce),sauce,صوص (sauce),sauce_condiment,مشويات باب توما حي السليمانية,مشويات باب توما حي السليمانية,,مشويات باب توما حي السليمانية,العليا,بلدية,بلدية العليا,False,True,الخمائر والاعفان,الخمائر والاعفان,1,,الخمائر والاعفان,False,indicator_only,date_parsed_from_text,1,False
Data 2025.xlsx,7730,2025-08-18,2025-08,2025-W34,3,0,sau-2209-r01,sau-2209-R01,صوص ثوم,صوص (sauce),sauce,صوص (sauce),sauce_condiment,مطاعم ساروجة مشويات معجنات - حي السليمانية,مطاعم ساروجة مشويات معجنات,حي السليمانية,مطاعم ساروجة مشويات معجنات - حي السليمانية,العليا,بلدية,بلدية العليا,True,False,لا يوجد,,0,,,False,none,date_parsed_from_text,0,False
Data 2025.xlsx,7717,2025-08-18,2025-08,2025-W34,3,0,sw-3463-r01,sw-3463-R01,مسحة طاولة تقطيع فواكه,(Swabs) المسحات,Swabs,(Swabs) المسحات,swab,مشويات باب توما حي السليمانية,مشويات باب توما حي السليمانية,,مشويات باب توما حي السليمانية,العليا,بلدية,بلدية العليا,True,False,لا يوجد,,0,,,False,none,date_parsed_from_text,10,True
Data 2025.xlsx,7718,2025-08-18,2025-08,2025-W34,3,0,sw-3464-r01,sw-3464-R01,مسحة برادة مقبلات,(Swabs) المسحات,Swabs,(Swabs) المسحات,swab,مشويات باب توما حي السليمانية,مشويات باب توما حي السليمانية,,مشويات باب توما حي السليمانية,العليا,بلدية,بلدية العليا,True,False,لا يوجد,,0,,,False,none,date_parsed_from_text,10,True
Data 2025.xlsx,7719,2025-08-18,2025-08,2025-W34,3,0,sw-3465-r01,sw-3465-R01,مسحة ثلاجة مقبلات,(Swabs) المسحات,Swabs,(Swabs) المسحات,swab,مشويات باب توما حي السليمانية,مشويات باب توما حي السليمانية,,مشويات باب توما حي السليمانية,العليا,بلدية,بلدية العليا,True,False,لا يوجد,,0,,,False,none,date_parsed_from_text,10,True
Data 2025.xlsx,7724,2025-08-18,2025-08,2025-W34,3,0,yog-0008-r01,yog-0008-R01,لبن عيران,اللبان (yogurt),yogurt,اللبان (yogurt),dairy,مشويات باب توما حي السليمانية,مشويات باب توما حي السليمانية,,مشويات باب توما حي السليمانية,العليا,بلدية,بلدية العليا,True,False,لا يوجد,,0,,,False,none,date_parsed_from_text,11,True
Data 2025.xlsx,7775,2025-08-19,2025-08,2025-W34,3,1,1-3382-R01,1-3382-R01,نكهة رمان,نكهات مركزة ( Syrup ),Syrup,نكهات مركزة ( Syrup ),sauce_condiment,مطعم حزاية - حي التعاون,مطعم حزاية,حي التعاون,مطعم حزاية - حي التعاون,العليا,بلدية,بلدية العليا,True,False,لا يوجد,,0,,,False,none,date_parsed_from_text,7,True
Data 2025.xlsx,7776,2025-08-19,2025-08,2025-W34,3,1,1-3383-R01,1-3383-R01,نكهة توت بري,نكهات مركزة ( Syrup ),Syrup,نكهات مركزة ( Syrup ),sauce_condiment,مطعم حزاية - حي التعاون,مطعم حزاية,حي التعاون,مطعم حزاية - حي التعاون,العليا,بلدية,بلدية العليا,True,False,لا يوجد,,0,,,False,none,date_parsed_from_text,7,True
Data 2025.xlsx,7777,2025-08-19,2025-08,2025-W34,3,1,1-3384-R01,1-3384-R01,نكهة فراولة,نكهات مركزة ( Syrup ),Syrup,نكهات مركزة ( Syrup ),sauce_condiment,مطعم حزاية - حي التعاون,مطعم حزاية,حي التعاون,مطعم حزاية - حي التعاون,العليا,بلدية,بلدية العليا,True,False,لا يوجد,,0,,,False,none,date_parsed_from_text,7,True
Data 2025.xlsx,7788,2025-08-19,2025-08,2025-W34,3,1,1-3385-R01,1-3385-R01,مشروب كركدية,(roselle)كركدية,roselle,(roselle)كركدية,beverage,مقهى مادة القهوة - حي التعاون,مقهى مادة القهوة,حي التعاون,مقهى مادة القهوة - حي التعاون,العليا,بلدية,بلدية العليا,True,False,لا يوجد,,0,,,False,none,date_parsed_from_text,0,False
Data 2025.xlsx,7751,2025-08-19,2025-08,2025-W34,3,1,O-U-to-0672-R01,O-U-to-0672-R01,شرائح طماطم,الطماطم (Tomatoes),Tomatoes,الطماطم (Tomatoes),produce,جالي برجر - حي التعاون,جالي برجر,حي التعاون,جالي برجر - حي التعاون,العليا,بلدية,بلدية العليا,True,False,لا يوجد,,0,,,False,none,date_parsed_from_text,3,True
Data 2025.xlsx,7747,2025-08-19,2025-08,2025-W34,3,1,O-r-O3-le-0375-R01,O-r-O3-le-0375-R01,خس,الخس (Lettuce),Lettuce,الخس (Lettuce),produce,جالي برجر - حي التعاون,جالي برجر,حي التعاون,جالي برجر - حي التعاون,العليا,بلدية,بلدية العليا,True,False,لا يوجد,,0,,,False,none,date_parsed_from_text,3,True
Data 2025.xlsx,7761,2025-08-19,2025-08,2025-W34,3,1,OOSS-eg-0367-R01,OOSS-eg-0367-R01,باذنجان مقلي,الباذنجان (eggplant),eggplant,الباذنجان (eggplant),dairy,مطعم حزاية - حي التعاون,مطعم حزاية,حي التعاون,مطعم حزاية - حي التعاون,العليا,بلدية,بلدية العليا,True,False,لا يوجد,,0,,,False,none,date_parsed_from_text,3,True
Data 2025.xlsx,7748,2025-08-19,2025-08,2025-W34,3,1,UU-le-0456-R01,UU-le-0456-R01,قطع ليمون,الليمون (Lemons),Lemons,الليمون (Lemons),produce,جالي برجر - حي التعاون,جالي برجر,حي التعاون,جالي برجر - حي التعاون,العليا,بلدية,بلدية العليا,True,False,لا يوجد,,0,,,False,none,date_parsed_from_text,3,True
Data 2025.xlsx,7764,2025-08-19,2025-08,2025-W34,3,1,UU-le-0457-R01,UU-le-0457-R01,شرائح ليمون,الليمون (Lemons),Lemons,الليمون (Lemons),produce,مطعم حزاية - حي التعاون,مطعم حزاية,حي التعاون,مطعم حزاية - حي التعاون,العليا,بلدية,بلدية العليا,True,False,لا يوجد,,0,,,False,none,date_parsed_from_text,4,True
Data 2025.xlsx,7756,2025-08-19,2025-08,2025-W34,3,1,appe-0578-r01,Appe-0578-R01,تبولة,مقبلات (Appetizers),Appetizers,مقبلات (Appetizers),prepared_meal,مطعم حزاية - حي التعاون,مطعم حزاية,حي التعاون,مطعم حزاية - حي التعاون,العليا,بلدية,بلدية العليا,False,True,ايشيريشيا كولاي | استافيلوكوكس اورياس,ايشيريشيا كولاي | استافيلوكوكس اورياس,2,ايشيريشيا كولاي | استافيلوكوكس اورياس,,True,multi_pathogen,date_parsed_from_text,2,True
Data 2025.xlsx,7758,2025-08-19,2025-08,2025-W34,3,1,appe-0579-r01,Appe-0579-R01,متبل,مقبلات (Appetizers),Appetizers,مقبلات (Appetizers),prepared_meal,مطعم حزاية - حي التعاون,مطعم حزاية,حي التعاون,مطعم حزاية - حي التعاون,العليا,بلدية,بلدية العليا,True,False,لا يوجد,,0,,,False,none,date_parsed_from_text,3,True
Data 2025.xlsx,7759,2025-08-19,2025-08,2025-W34,3,1,appe-0580-r01,Appe-0580-R01,حمص,مقبلات (Appetizers),Appetizers,مقبلات (Appetizers),prepared_meal,مطعم حزاية - حي التعاون,مطعم حزاية,حي التعاون,مطعم حزاية - حي التعاون,العليا,بلدية,بلدية العليا,True,False,لا يوجد,,0,,,False,none,date_parsed_from_text,3,True
Data 2025.xlsx,7750,2025-08-19,2025-08,2025-W34,3,1,chee-0823-r01,Chee-0823-R01,شرائح جبن,(cheese) جبنة,cheese,(cheese) جبنة,dairy,جالي برجر - حي التعاون,جالي برجر,حي التعاون,جالي برجر - حي التعاون,العليا,بلدية,بلدية العليا,True,False,لا يوجد,,0,,,False,none,date_parsed_from_text,3,True
Data 2025.xlsx,7763,2025-08-19,2025-08,2025-W34,3,1,gr-0201-r01,gr-0201-R01,ورق عنب,ورق عنب (Grape leaves),Grape leaves,ورق عنب (Grape leaves),produce,مطعم حزاية - حي التعاون,مطعم حزاية,حي التعاون,مطعم حزاية - حي التعاون,العليا,بلدية,بلدية العليا,True,False,لا يوجد,,0,,,False,none,date_parsed_from_text,4,True
Data 2025.xlsx,7770,2025-08-19,2025-08,2025-W34,3,1,hs-0359-r01,HS-0359-R01,شطة,الشطة (Hot sauce),Hot sauce,الشطة (Hot sauce),sauce_condiment,مطعم حزاية - حي التعاون,مطعم حزاية,حي التعاون,مطعم حزاية - حي التعاون,العليا,بلدية,بلدية العليا,True,False,لا يوجد,,0,,,False,none,date_parsed_from_text,5,True
Data 2025.xlsx,7771,2025-08-19,2025-08,2025-W34,3,1,hs-0360-r01,HS-0360-R01,معبوج,الشطة (Hot sauce),Hot sauce,الشطة (Hot sauce),sauce_condiment,مطعم حزاية - حي التعاون,مطعم حزاية,حي التعاون,مطعم حزاية - حي التعاون,العليا,بلدية,بلدية العليا,False,True,العد الكلي للبكتيريا,العد الكلي للبكتيريا,1,,العد الكلي للبكتيريا,False,indicator_only,date_parsed_from_text,6,True
Data 2025.xlsx,7739,2025-08-19,2025-08,2025-W34,3,1,mola-0067-r01,mola-0067-R01,دبس رمان,( Molasses) دبس,Molasses,( Molasses) دبس,sauce_condiment,جالي برجر - حي التعاون,جالي برجر,حي التعاون,جالي برجر - حي التعاون,العليا,بلدية,بلدية العليا,True,False,لا يوجد,,0,,,False,none,date_parsed_from_text,0,False
Data 2025.xlsx,7765,2025-08-19,2025-08,2025-W34,3,1,mola-0068-r01,mola-0068-R01,دبس رمان,( Molasses) دبس,Molasses,( Molasses) دبس,sauce_condiment,مطعم حزاية - حي التعاون,مطعم حزاية,حي التعاون,مطعم حزاية - حي التعاون,العليا,بلدية,بلدية العليا,True,False,لا يوجد,,0,,,False,none,date_parsed_from_text,4,True
Data 2025.xlsx,7749,2025-08-19,2025-08,2025-W34,3,1,pick-0506-r01,Pick-0506-R01,مخلل خيار,المخلل (Pickle),Pickle,المخلل (Pickle),sauce_condiment,جالي برجر - حي التعاون,جالي برجر,حي التعاون,جالي برجر - حي التعاون,العليا,بلدية,بلدية العليا,True,False,لا يوجد,,0,,,False,none,date_parsed_from_text,3,True
Data 2025.xlsx,7772,2025-08-19,2025-08,2025-W34,3,1,pick-0507-r01,Pick-0507-R01,مخلل مشكل,المخلل (Pickle),Pickle,المخلل (Pickle),sauce_condiment,مطعم حزاية - حي التعاون,مطعم حزاية,حي التعاون,مطعم حزاية - حي التعاون,العليا,بلدية,بلدية العليا,True,False,لا يوجد,,0,,,False,none,date_parsed_from_text,6,True
Data 2025.xlsx,7774,2025-08-19,2025-08,2025-W34,3,1,po-0133-r01,po-0133-R01,كباب دجاج ني,الدجاج (Poultry),Poultry,الدجاج (Poultry),cooked_meat_poultry,مطعم حزاية - حي التعاون,مطعم حزاية,حي التعاون,مطعم حزاية - حي التعاون,العليا,بلدية,بلدية العليا,True,False,لا يوجد,,0,,,False,none,date_parsed_from_text,7,True
Data 2025.xlsx,7738,2025-08-19,2025-08,2025-W34,3,1,raw-0480-r01,Raw-0480-R01,لحم عجل كتف,لحوم نيئة مبردة ومجمدة (Raw meat Cold or chilled ),Raw meat Cold or chilled,لحوم نيئة مبردة ومجمدة (Raw meat Cold or chilled ),raw_meat,اسواق ومخابز اغصان البساتين,اسواق ومخابز اغصان البساتين,,اسواق ومخابز اغصان البساتين,العليا,بلدية,بلدية العليا,False,True,السالمونيلا,السالمونيلا,1,السالمونيلا,,True,pathogen,date_parsed_from_text,1,False
Data 2025.xlsx,7773,2025-08-19,2025-08,2025-W34,3,1,raw-0481-r01,Raw-0481-R01,كباب لحم ني,لحوم نيئة مبردة ومجمدة (Raw meat Cold or chilled ),Raw meat Cold or chilled,لحوم نيئة مبردة ومجمدة (Raw meat Cold or chilled ),raw_meat,مطعم حزاية - حي التعاون,مطعم حزاية,حي التعاون,مطعم حزاية - حي التعاون,العليا,بلدية,بلدية العليا,False,True,استافيلوكوكس اورياس,استافيلوكوكس اورياس,1,استافيلوكوكس اورياس,,True,pathogen,date_parsed_from_text,7,True
Data 2025.xlsx,7752,2025-08-19,2025-08,2025-W34,3,1,sal-1564-r01,Sal-1564-R01,سلطة ملفوف كولسلو,السلطة(Salad),Salad,السلطة(Salad),produce,جالي برجر - حي التعاون,جالي برجر,حي التعاون,جالي برجر - حي التعاون,العليا,بلدية,بلدية العليا,True,False,لا يوجد,,0,,,False,none,date_parsed_from_text,3,True
Data 2025.xlsx,7755,2025-08-19,2025-08,2025-W34,3,1,sal-1565-r01,Sal-1565-R01,سلطة فتوش,السلطة(Salad),Salad,السلطة(Salad),produce,مطعم حزاية - حي التعاون,مطعم حزاية,حي التعاون,مطعم حزاية - حي التعاون,العليا,بلدية,بلدية العليا,False,True,ايشيريشيا كولاي | استافيلوكوكس اورياس,ايشيريشيا كولاي | استافيلوكوكس اورياس,2,ايشيريشيا كولاي | استافيلوكوكس اورياس,,True,multi_pathogen,date_parsed_from_text,1,False
Data 2025.xlsx,7757,2025-08-19,2025-08,2025-W34,3,1,sal-1566-r01,Sal-1566-R01,سلطة لبن خيار,السلطة(Salad),Salad,السلطة(Salad),produce,مطعم حزاية - حي التعاون,مطعم حزاية,حي التعاون,مطعم حزاية - حي التعاون,العليا,بلدية,بلدية العليا,False,True,ايشيريشيا كولاي,ايشيريشيا كولاي,1,ايشيريشيا كولاي,,True,pathogen,date_parsed_from_text,3,True
Data 2025.xlsx,7762,2025-08-19,2025-08,2025-W34,3,1,sal-1567-r01,Sal-1567-R01,سلطة امي,السلطة(Salad),Salad,السلطة(Salad),produce,مطعم حزاية - حي التعاون,مطعم حزاية,حي التعاون,مطعم حزاية - حي التعاون,العليا,بلدية,بلدية العليا,False,True,ايشيريشيا كولاي | استافيلوكوكس اورياس,ايشيريشيا كولاي | استافيلوكوكس اورياس,2,ايشيريشيا كولاي | استافيلوكوكس اورياس,,True,multi_pathogen,date_parsed_from_text,4,True
Data 2025.xlsx,7740,2025-08-19,2025-08,2025-W34,3,1,sau-2210-r01,sau-2210-R01,صوص مايونيز,صوص (sauce),sauce,صوص (sauce),sauce_condiment,جالي برجر - حي التعاون,جالي برجر,حي التعاون,جالي برجر - حي التعاون,العليا,بلدية,بلدية العليا,True,False,لا يوجد,,0,,,False,none,date_parsed_from_text,0,False
Data 2025.xlsx,7741,2025-08-19,2025-08,2025-W34,3,1,sau-2211-r01,sau-2211-R01,صوص ميبل,صوص (sauce),sauce,صوص (sauce),sauce_condiment,جالي برجر - حي التعاون,جالي برجر,حي التعاون,جالي برجر - حي التعاون,العليا,بلدية,بلدية العليا,True,False,لا يوجد,,0,,,False,none,date_parsed_from_text,0,False
Data 2025.xlsx,7742,2025-08-19,2025-08,2025-W34,3,1,sau-2212-r01,sau-2212-R01,صوص رانش,صوص (sauce),sauce,صوص (sauce),sauce_condiment,جالي برجر - حي التعاون,جالي برجر,حي التعاون,جالي برجر - حي التعاون,العليا,بلدية,بلدية العليا,True,False,لا يوجد,,0,,,False,none,date_parsed_from_text,0,False
Data 2025.xlsx,7743,2025-08-19,2025-08,2025-W34,3,1,sau-2213-r01,sau-2213-R01,صوص ترافل,صوص (sauce),sauce,صوص (sauce),sauce_condiment,جالي برجر - حي التعاون,جالي برجر,حي التعاون,جالي برجر - حي التعاون,العليا,بلدية,بلدية العليا,False,True,العد الكلي للبكتيريا,العد الكلي للبكتيريا,1,,العد الكلي للبكتيريا,False,indicator_only,date_parsed_from_text,1,False
Data 2025.xlsx,7744,2025-08-19,2025-08,2025-W34,3,1,sau-2214-r01,sau-2214-R01,صوص اس ماس,صوص (sauce),sauce,صوص (sauce),sauce_condiment,جالي برجر - حي التعاون,جالي برجر,حي التعاون,جالي برجر - حي التعاون,العليا,بلدية,بلدية العليا,False,True,العد الكلي للبكتيريا,العد الكلي للبكتيريا,1,,العد الكلي للبكتيريا,False,indicator_only,date_parsed_from_text,2,True
Data 2025.xlsx,7745,2025-08-19,2025-08,2025-W34,3,1,sau-2215-r01,sau-2215-R01,صوص سلط,صوص (sauce),sauce,صوص (sauce),sauce_condiment,جالي برجر - حي التعاون,جالي برجر,حي التعاون,جالي برجر - حي التعاون,العليا,بلدية,بلدية العليا,False,True,العد الكلي للبكتيريا,العد الكلي للبكتيريا,1,,العد الكلي للبكتيريا,False,indicator_only,date_parsed_from_text,3,True
Data 2025.xlsx,7746,2025-08-19,2025-08,2025-W34,3,1,sau-2216-r01,sau-2216-R01,صوص جالي,صوص (sauce),sauce,صوص (sauce),sauce_condiment,جالي برجر - حي التعاون,جالي برجر,حي التعاون,جالي برجر - حي التعاون,العليا,بلدية,بلدية العليا,True,False,لا يوجد,,0,,,False,none,date_parsed_from_text,3,True
Data 2025.xlsx,7753,2025-08-19,2025-08,2025-W34,3,1,sau-2217-r01,sau-2217-R01,صوص كاتشب,صوص (sauce),sauce,صوص (sauce),sauce_condiment,جالي برجر - حي التعاون,جالي برجر,حي التعاون,جالي برجر - حي التعاون,العليا,بلدية,بلدية العليا,True,False,لا يوجد,,0,,,False,none,date_parsed_from_text,3,True
Data 2025.xlsx,7760,2025-08-19,2025-08,2025-W34,3,1,sau-2218-r01,sau-2218-R01,صوص فتة,صوص (sauce),sauce,صوص (sauce),sauce_condiment,مطعم حزاية - حي التعاون,مطعم حزاية,حي التعاون,مطعم حزاية - حي التعاون,العليا,بلدية,بلدية العليا,True,False,لا يوجد,,0,,,False,none,date_parsed_from_text,3,True
Data 2025.xlsx,7766,2025-08-19,2025-08,2025-W34,3,1,sau-2219-r01,sau-2219-R01,صوص سلط,صوص (sauce),sauce,صوص (sauce),sauce_condiment,مطعم حزاية - حي التعاون,مطعم حزاية,حي التعاون,مطعم حزاية - حي التعاون,العليا,بلدية,بلدية العليا,False,True,الخمائر والاعفان,الخمائر والاعفان,1,,الخمائر والاعفان,False,indicator_only,date_parsed_from_text,5,True
Data 2025.xlsx,7767,2025-08-19,2025-08,2025-W34,3,1,sau-2220-r01,sau-2220-R01,صوص قرص عقيلي,صوص (sauce),sauce,صوص (sauce),sauce_condiment,مطعم حزاية - حي التعاون,مطعم حزاية,حي التعاون,مطعم حزاية - حي التعاون,العليا,بلدية,بلدية العليا,True,False,لا يوجد,,0,,,False,none,date_parsed_from_text,5,True
Data 2025.xlsx,7768,2025-08-19,2025-08,2025-W34,3,1,sau-2221-r01,sau-2221-R01,صوص درابيل,صوص (sauce),sauce,صوص (sauce),sauce_condiment,مطعم حزاية - حي التعاون,مطعم حزاية,حي التعاون,مطعم حزاية - حي التعاون,العليا,بلدية,بلدية العليا,True,False,لا يوجد,,0,,,False,none,date_parsed_from_text,5,True
Data 2025.xlsx,7769,2025-08-19,2025-08,2025-W34,3,1,sau-2222-r01,sau-2222-R01,صوص كاتشب,صوص (sauce),sauce,صوص (sauce),sauce_condiment,مطعم حزاية - حي التعاون,مطعم حزاية,حي التعاون,مطعم حزاية - حي التعاون,العليا,بلدية,بلدية العليا,True,False,لا يوجد,,0,,,False,none,date_parsed_from_text,5,True
Data 2025.xlsx,7784,2025-08-19,2025-08,2025-W34,3,1,sau-2223-r01,sau-2223-R01,صوص كوفي,صوص (sauce),sauce,صوص (sauce),sauce_condiment,مقهى مادة القهوة - حي التعاون,مقهى مادة القهوة,حي التعاون,مقهى مادة القهوة - حي التعاون,العليا,بلدية,بلدية العليا,True,False,لا يوجد,,0,,,False,none,date_parsed_from_text,0,False
Data 2025.xlsx,7785,2025-08-19,2025-08,2025-W34,3,1,sau-2224-r01,sau-2224-R01,صوص تشيز,صوص (sauce),sauce,صوص (sauce),sauce_condiment,مقهى مادة القهوة - حي التعاون,مقهى مادة القهوة,حي التعاون,مقهى مادة القهوة - حي التعاون,العليا,بلدية,بلدية العليا,True,False,لا يوجد,,0,,,False,none,date_parsed_from_text,0,False
Data 2025.xlsx,7786,2025-08-19,2025-08,2025-W34,3,1,sau-2225-r01,sau-2225-R01,صوص فراولة,صوص (sauce),sauce,صوص (sauce),sauce_condiment,مقهى مادة القهوة - حي التعاون,مقهى مادة القهوة,حي التعاون,مقهى مادة القهوة - حي التعاون,العليا,بلدية,بلدية العليا,True,False,لا يوجد,,0,,,False,none,date_parsed_from_text,0,False
Data 2025.xlsx,7754,2025-08-19,2025-08,2025-W34,3,1,sw-3466-r01,sw-3466-R01,مسحة حافظة بطاطس,(Swabs) المسحات,Swabs,(Swabs) المسحات,swab,جالي برجر - حي التعاون,جالي برجر,حي التعاون,جالي برجر - حي التعاون,العليا,بلدية,بلدية العليا,True,False,لا يوجد,,0,,,False,none,date_parsed_from_text,3,True
Data 2025.xlsx,7778,2025-08-19,2025-08,2025-W34,3,1,sw-3467-r01,sw-3467-R01,مسحة صانعة ثلج,(Swabs) المسحات,Swabs,(Swabs) المسحات,swab,مطعم حزاية - حي التعاون,مطعم حزاية,حي التعاون,مطعم حزاية - حي التعاون,العليا,بلدية,بلدية العليا,True,False,لا يوجد,,0,,,False,none,date_parsed_from_text,7,True
Data 2025.xlsx,7779,2025-08-19,2025-08,2025-W34,3,1,sw-3468-r01,sw-3468-R01,مسحة طاولة تقطيع مشاوي,(Swabs) المسحات,Swabs,(Swabs) المسحات,swab,مطعم حزاية - حي التعاون,مطعم حزاية,حي التعاون,مطعم حزاية - حي التعاون,العليا,بلدية,بلدية العليا,True,False,لا يوجد,,0,,,False,none,date_parsed_from_text,7,True
Data 2025.xlsx,7787,2025-08-19,2025-08,2025-W34,3,1,sw-3469-r01,sw-3469-R01,مسحة صانعة ثلج,(Swabs) المسحات,Swabs,(Swabs) المسحات,swab,مقهى مادة القهوة - حي التعاون,مقهى مادة القهوة,حي التعاون,مقهى مادة القهوة - حي التعاون,العليا,بلدية,بلدية العليا,True,False,لا يوجد,,0,,,False,none,date_parsed_from_text,0,False
Data 2025.xlsx,7780,2025-08-19,2025-08,2025-W34,3,1,sweet-1372-r01,sweet-1372-R01,وايت كوكيز,الحلا(sweetness),sweetness,الحلا(sweetness),sweets_bakery,مقهى مادة القهوة - حي التعاون,مقهى مادة القهوة,حي التعاون,مقهى مادة القهوة - حي التعاون,العليا,بلدية,بلدية العليا,True,False,لا يوجد,,0,,,False,none,date_parsed_from_text,0,False
Data 2025.xlsx,7781,2025-08-19,2025-08,2025-W34,3,1,sweet-1373-r01,sweet-1373-R01,كوكيز براوني,الحلا(sweetness),sweetness,الحلا(sweetness),sweets_bakery,مقهى مادة القهوة - حي التعاون,مقهى مادة القهوة,حي التعاون,مقهى مادة القهوة - حي التعاون,العليا,بلدية,بلدية العليا,True,False,لا يوجد,,0,,,False,none,date_parsed_from_text,0,False
Data 2025.xlsx,7782,2025-08-19,2025-08,2025-W34,3,1,sweet-1374-r01,sweet-1374-R01,راكي رو,الحلا(sweetness),sweetness,الحلا(sweetness),sweets_bakery,مقهى مادة القهوة - حي التعاون,مقهى مادة القهوة,حي التعاون,مقهى مادة القهوة - حي التعاون,العليا,بلدية,بلدية العليا,True,False,لا يوجد,,0,,,False,none,date_parsed_from_text,0,False
Data 2025.xlsx,7783,2025-08-19,2025-08,2025-W34,3,1,sweet-1375-r01,sweet-1375-R01,سينابون تشيز كيك,الحلا(sweetness),sweetness,الحلا(sweetness),sweets_bakery,مقهى مادة القهوة - حي التعاون,مقهى مادة القهوة,حي التعاون,مقهى مادة القهوة - حي التعاون,العليا,بلدية,بلدية العليا,True,False,لا يوجد,,0,,,False,none,date_parsed_from_text,0,False
Data 2025.xlsx,7789,2025-08-20,2025-08,2025-W34,3,2,raw-0482-r01,Raw-0482-R01,لحم عجل باكستاني فخذ,لحوم نيئة مبردة ومجمدة (Raw meat Cold or chilled ),Raw meat Cold or chilled,لحوم نيئة مبردة ومجمدة (Raw meat Cold or chilled ),raw_meat,انعام المربع للحوم,انعام المربع للحوم,,انعام المربع للحوم,الملز,بلدية,بلدية الملز,True,False,لا يوجد,,0,,,False,none,date_parsed_from_text,0,False
Data 2025.xlsx,7790,2025-08-20,2025-08,2025-W34,3,2,raw-0483-r01,Raw-0483-R01,لحم غنم استرالي ظهر,لحوم نيئة مبردة ومجمدة (Raw meat Cold or chilled ),Raw meat Cold or chilled,لحوم نيئة مبردة ومجمدة (Raw meat Cold or chilled ),raw_meat,انعام المربع للحوم,انعام المربع للحوم,,انعام المربع للحوم,الملز,بلدية,بلدية الملز,True,False,لا يوجد,,0,,,False,none,date_parsed_from_text,0,False
Data 2025.xlsx,7791,2025-08-20,2025-08,2025-W34,3,2,raw-0484-r01,Raw-0484-R01,قلب غنم,لحوم نيئة مبردة ومجمدة (Raw meat Cold or chilled ),Raw meat Cold or chilled,لحوم نيئة مبردة ومجمدة (Raw meat Cold or chilled ),raw_meat,انعام المربع للحوم,انعام المربع للحوم,,انعام المربع للحوم,الملز,بلدية,بلدية الملز,True,False,لا يوجد,,0,,,False,none,date_parsed_from_text,0,False
Data 2025.xlsx,7792,2025-08-20,2025-08,2025-W34,3,2,raw-0485-r01,Raw-0485-R01,كلاوي غنم,لحوم نيئة مبردة ومجمدة (Raw meat Cold or chilled ),Raw meat Cold or chilled,لحوم نيئة مبردة ومجمدة (Raw meat Cold or chilled ),raw_meat,انعام المربع للحوم,انعام المربع للحوم,,انعام المربع للحوم,الملز,بلدية,بلدية الملز,True,False,لا يوجد,,0,,,False,none,date_parsed_from_text,0,False
Data 2025.xlsx,7793,2025-08-20,2025-08,2025-W34,3,2,ubot-1068-r01,Ubot-1068-R01,مياه بدون فلتر لغسيل الادوات م ك,المياه الغير معبأة (Unbottled water),Unbottled water,المياه الغير المعبأة (Unbottled water),water,انعام المربع للحوم,انعام المربع للحوم,,انعام المربع للحوم,الملز,بلدية,بلدية الملز,True,False,لا يوجد,,0,,,False,none,category_merged_to_canonical|date_parsed_from_text,0,False
Data 2025.xlsx,7801,2025-08-23,2025-08,2025-W34,3,5,1-3386-R01,1-3386-R01,هلابينو,(jalapeno) هلابينو,jalapeno,(jalapeno) هلابينو,produce,السدحان,السدحان,,السدحان,العليا,بلدية,بلدية العليا,True,False,لا يوجد,,0,,,False,none,date_parsed_from_text,1,False
Data 2025.xlsx,7825,2025-08-23,2025-08,2025-W34,3,5,1-3387-R01,1-3387-R01,مربى مشمش,(jam) مربى,jam,(jam) مربى,sauce_condiment,السدحان,السدحان,,السدحان,العليا,بلدية,بلدية العليا,True,False,لا يوجد,,0,,,False,none,date_parsed_from_text,7,True
Data 2025.xlsx,7838,2025-08-23,2025-08,2025-W34,3,5,1-3388-R01,1-3388-R01,كروسان حلومي,كروسان (croissant),croissant,كروسان (croissant),sweets_bakery,السدحان,السدحان,,السدحان,العليا,بلدية,بلدية العليا,False,True,استافيلوكوكس اورياس,استافيلوكوكس اورياس,1,استافيلوكوكس اورياس,,True,pathogen,date_parsed_from_text,18,True
Data 2025.xlsx,7839,2025-08-23,2025-08,2025-W34,3,5,1-3389-R01,1-3389-R01,كروسان شباتا تونة,كروسان (croissant),croissant,كروسان (croissant),sweets_bakery,السدحان,السدحان,,السدحان,العليا,بلدية,بلدية العليا,True,False,لا يوجد,,0,,,False,none,date_parsed_from_text,18,True
Data 2025.xlsx,7840,2025-08-23,2025-08,2025-W34,3,5,1-3390-R01,1-3390-R01,كروسان صدور دجاج مدخن,كروسان (croissant),croissant,كروسان (croissant),sweets_bakery,السدحان,السدحان,,السدحان,العليا,بلدية,بلدية العليا,False,True,استافيلوكوكس اورياس,استافيلوكوكس اورياس,1,استافيلوكوكس اورياس,,True,pathogen,date_parsed_from_text,19,True
Data 2025.xlsx,7841,2025-08-23,2025-08,2025-W34,3,5,1-3391-R01,1-3391-R01,فطيرة بتزا,(Pie) فطيرة,Pie,(Pie) فطيرة,sweets_bakery,السدحان,السدحان,,السدحان,العليا,بلدية,بلدية العليا,True,False,لا يوجد,,0,,,False,none,date_parsed_from_text,19,True
Data 2025.xlsx,7842,2025-08-23,2025-08,2025-W34,3,5,1-3392-R01,1-3392-R01,فطيرة دجاج,(Pie) فطيرة,Pie,(Pie) فطيرة,sweets_bakery,السدحان,السدحان,,السدحان,العليا,بلدية,بلدية العليا,True,False,لا يوجد,,0,,,False,none,date_parsed_from_text,19,True
Data 2025.xlsx,7843,2025-08-23,2025-08,2025-W34,3,5,1-3393-R01,1-3393-R01,فطيرة نقانق,(Pie) فطيرة,Pie,(Pie) فطيرة,sweets_bakery,السدحان,السدحان,,السدحان,العليا,بلدية,بلدية العليا,False,True,استافيلوكوكس اورياس,استافيلوكوكس اورياس,1,استافيلوكوكس اورياس,,True,pathogen,date_parsed_from_text,20,True
Data 2025.xlsx,7844,2025-08-23,2025-08,2025-W34,3,5,1-3394-R01,1-3394-R01,فطيرة جبنة بيضاء,(Pie) فطيرة,Pie,(Pie) فطيرة,sweets_bakery,السدحان,السدحان,,السدحان,العليا,بلدية,بلدية العليا,True,False,لا يوجد,,0,,,False,none,date_parsed_from_text,20,True
Data 2025.xlsx,7845,2025-08-23,2025-08,2025-W34,3,5,1-3395-R01,1-3395-R01,فطيرة لبنة زيتون,(Pie) فطيرة,Pie,(Pie) فطيرة,sweets_bakery,السدحان,السدحان,,السدحان,العليا,بلدية,بلدية العليا,True,False,لا يوجد,,0,,,False,none,date_parsed_from_text,20,True
Data 2025.xlsx,7805,2025-08-23,2025-08,2025-W34,3,5,OOSS-eg-0368-R01,OOSS-eg-0368-R01,مكدوس,الباذنجان (eggplant),eggplant,الباذنجان (eggplant),dairy,السدحان,السدحان,,السدحان,العليا,بلدية,بلدية العليا,False,True,خمائر,الخمائر والاعفان,1,,الخمائر والاعفان,False,indicator_only,date_parsed_from_text,3,True
Data 2025.xlsx,7824,2025-08-23,2025-08,2025-W34,3,5,bri-0349-r01,bri-0349-R01,لبنة الهنا قليلة الدسم,لبنة ( brick),brick,لبنة ( brick),dairy,السدحان,السدحان,,السدحان,العليا,بلدية,بلدية العليا,True,False,لا يوجد,,0,,,False,none,date_parsed_from_text,7,True
Data 2025.xlsx,7817,2025-08-23,2025-08,2025-W34,3,5,chee-0824-r01,Chee-0824-R01,جبنة هاي لاند دبل كريمة,(cheese) جبنة,cheese,(cheese) جبنة,dairy,السدحان,السدحان,,السدحان,العليا,بلدية,بلدية العليا,True,False,لا يوجد,,0,,,False,none,date_parsed_from_text,5,True
Data 2025.xlsx,7818,2025-08-23,2025-08,2025-W34,3,5,chee-0825-r01,Chee-0825-R01,جبنة دمياطي,(cheese) جبنة,cheese,(cheese) جبنة,dairy,السدحان,السدحان,,السدحان,العليا,بلدية,بلدية العليا,True,False,لا يوجد,,0,,,False,none,date_parsed_from_text,5,True
Data 2025.xlsx,7819,2025-08-23,2025-08,2025-W34,3,5,chee-0826-r01,Chee-0826-R01,جبنة اسطنبولي اصفر,(cheese) جبنة,cheese,(cheese) جبنة,dairy,السدحان,السدحان,,السدحان,العليا,بلدية,بلدية العليا,True,False,لا يوجد,,0,,,False,none,date_parsed_from_text,5,True
Data 2025.xlsx,7820,2025-08-23,2025-08,2025-W34,3,5,chee-0827-r01,Chee-0827-R01,تشيز لاند اسكندراني بالفلفل,(cheese) جبنة,cheese,(cheese) جبنة,dairy,السدحان,السدحان,,السدحان,العليا,بلدية,بلدية العليا,True,False,لا يوجد,,0,,,False,none,date_parsed_from_text,5,True
Data 2025.xlsx,7821,2025-08-23,2025-08,2025-W34,3,5,chee-0828-r01,Chee-0828-R01,جبنة فيتا,(cheese) جبنة,cheese,(cheese) جبنة,dairy,السدحان,السدحان,,السدحان,العليا,بلدية,بلدية العليا,True,False,لا يوجد,,0,,,False,none,date_parsed_from_text,5,True
Data 2025.xlsx,7822,2025-08-23,2025-08,2025-W34,3,5,chee-0829-r01,Chee-0829-R01,تشيز الاند حلومي,(cheese) جبنة,cheese,(cheese) جبنة,dairy,السدحان,السدحان,,السدحان,العليا,بلدية,بلدية العليا,False,True,استافيلوكوكس اورياس,استافيلوكوكس اورياس,1,استافيلوكوكس اورياس,,True,pathogen,date_parsed_from_text,6,True
Data 2025.xlsx,7823,2025-08-23,2025-08,2025-W34,3,5,chee-0830-r01,Chee-0830-R01,تشيز الاند نابلسية,(cheese) جبنة,cheese,(cheese) جبنة,dairy,السدحان,السدحان,,السدحان,العليا,بلدية,بلدية العليا,False,True,استافيلوكوكس اورياس,استافيلوكوكس اورياس,1,استافيلوكوكس اورياس,,True,pathogen,date_parsed_from_text,7,True
Data 2025.xlsx,7831,2025-08-23,2025-08,2025-W34,3,5,chee-0831-r01,Chee-0831-R01,جبنة مش,(cheese) جبنة,cheese,(cheese) جبنة,dairy,السدحان,السدحان,,السدحان,العليا,بلدية,بلدية العليا,False,True,استافيلوكوكس اورياس,استافيلوكوكس اورياس,1,استافيلوكوكس اورياس,,True,pathogen,date_parsed_from_text,11,True
Data 2025.xlsx,7836,2025-08-23,2025-08,2025-W34,3,5,flswe-0076-r01,FlSwe-0076-R01,حلاوة طحينة,حلاوة طحينة( Flour Sweetness),Flour Sweetness,حلاوة طحينة( Flour Sweetness),sauce_condiment,السدحان,السدحان,,السدحان,العليا,بلدية,بلدية العليا,False,True,ايشيريشيا كولاي,ايشيريشيا كولاي,1,ايشيريشيا كولاي,,True,pathogen,date_parsed_from_text,16,True
Data 2025.xlsx,7798,2025-08-23,2025-08,2025-W34,3,5,hs-0361-r01,HS-0361-R01,شطة شامية,الشطة (Hot sauce),Hot sauce,الشطة (Hot sauce),sauce_condiment,السدحان,السدحان,,السدحان,العليا,بلدية,بلدية العليا,False,True,العد الكلي للبكتيريا,العد الكلي للبكتيريا,1,,العد الكلي للبكتيريا,False,indicator_only,date_parsed_from_text,1,False
Data 2025.xlsx,7808,2025-08-23,2025-08,2025-W34,3,5,olv-0560-r01,olv-0560-R01,زيتون اردني اخضر,الزيتون /Olive,Olive,الزيتون /Olive,produce,السدحان,السدحان,,السدحان,العليا,بلدية,بلدية العليا,True,False,لا يوجد,,0,,,False,none,date_parsed_from_text,3,True
Data 2025.xlsx,7809,2025-08-23,2025-08,2025-W34,3,5,olv-0561-r01,olv-0561-R01,زيتون مشوي,الزيتون /Olive,Olive,الزيتون /Olive,produce,السدحان,السدحان,,السدحان,العليا,بلدية,بلدية العليا,True,False,لا يوجد,,0,,,False,none,date_parsed_from_text,3,True
Data 2025.xlsx,7810,2025-08-23,2025-08,2025-W34,3,5,olv-0562-r01,olv-0562-R01,زيتون مغربي باليمون,الزيتون /Olive,Olive,الزيتون /Olive,produce,السدحان,السدحان,,السدحان,العليا,بلدية,بلدية العليا,True,False,لا يوجد,,0,,,False,none,date_parsed_from_text,3,True
Data 2025.xlsx,7811,2025-08-23,2025-08,2025-W34,3,5,olv-0563-r01,olv-0563-R01,زيتون مغربي بالشطة,الزيتون /Olive,Olive,الزيتون /Olive,produce,السدحان,السدحان,,السدحان,العليا,بلدية,بلدية العليا,True,False,لا يوجد,,0,,,False,none,date_parsed_from_text,3,True
Data 2025.xlsx,7812,2025-08-23,2025-08,2025-W34,3,5,olv-0564-r01,olv-0564-R01,زيتون فلسطيني,الزيتون /Olive,Olive,الزيتون /Olive,produce,السدحان,السدحان,,السدحان,العليا,بلدية,بلدية العليا,True,False,لا يوجد,,0,,,False,none,date_parsed_from_text,3,True
Data 2025.xlsx,7813,2025-08-23,2025-08,2025-W34,3,5,olv-0565-r01,olv-0565-R01,زيتون شرائح اخضر,الزيتون /Olive,Olive,الزيتون /Olive,produce,السدحان,السدحان,,السدحان,العليا,بلدية,بلدية العليا,False,True,خمائر,الخمائر والاعفان,1,,الخمائر والاعفان,False,indicator_only,date_parsed_from_text,4,True
Data 2025.xlsx,7814,2025-08-23,2025-08,2025-W34,3,5,olv-0566-r01,olv-0566-R01,زيتون كالماتا يوناني,الزيتون /Olive,Olive,الزيتون /Olive,produce,السدحان,السدحان,,السدحان,العليا,بلدية,بلدية العليا,False,True,خمائر,الخمائر والاعفان,1,,الخمائر والاعفان,False,indicator_only,date_parsed_from_text,5,True
Data 2025.xlsx,7815,2025-08-23,2025-08,2025-W34,3,5,olv-0567-r01,olv-0567-R01,زيتون اسود قليل ملح,الزيتون /Olive,Olive,الزيتون /Olive,produce,السدحان,السدحان,,السدحان,العليا,بلدية,بلدية العليا,True,False,لا يوجد,,0,,,False,none,date_parsed_from_text,5,True
Data 2025.xlsx,7816,2025-08-23,2025-08,2025-W34,3,5,olv-0568-r01,olv-0568-R01,زيتون اسود بدون نواة,الزيتون /Olive,Olive,الزيتون /Olive,produce,السدحان,السدحان,,السدحان,العليا,بلدية,بلدية العليا,True,False,لا يوجد,,0,,,False,none,date_parsed_from_text,5,True
Data 2025.xlsx,7799,2025-08-23,2025-08,2025-W34,3,5,pick-0508-r01,Pick-0508-R01,مخلل بصل,المخلل (Pickle),Pickle,المخلل (Pickle),sauce_condiment,السدحان,السدحان,,السدحان,العليا,بلدية,بلدية العليا,True,False,لا يوجد,,0,,,False,none,date_parsed_from_text,1,False
Data 2025.xlsx,7800,2025-08-23,2025-08,2025-W34,3,5,pick-0509-r01,Pick-0509-R01,مخلل خيار صغير,المخلل (Pickle),Pickle,المخلل (Pickle),sauce_condiment,السدحان,السدحان,,السدحان,العليا,بلدية,بلدية العليا,True,False,لا يوجد,,0,,,False,none,date_parsed_from_text,1,False
Data 2025.xlsx,7802,2025-08-23,2025-08,2025-W34,3,5,pick-0510-r01,Pick-0510-R01,طرشي حار,المخلل (Pickle),Pickle,المخلل (Pickle),sauce_condiment,السدحان,السدحان,,السدحان,العليا,بلدية,بلدية العليا,True,False,لا يوجد,,0,,,False,none,date_parsed_from_text,1,False
Data 2025.xlsx,7803,2025-08-23,2025-08,2025-W34,3,5,pick-0511-r01,Pick-0511-R01,فلفل لبناني مخلل,المخلل (Pickle),Pickle,المخلل (Pickle),sauce_condiment,السدحان,السدحان,,السدحان,العليا,بلدية,بلدية العليا,True,False,لا يوجد,,0,,,False,none,date_parsed_from_text,1,False
Data 2025.xlsx,7804,2025-08-23,2025-08,2025-W34,3,5,pick-0512-r01,Pick-0512-R01,مخلل مشكل,المخلل (Pickle),Pickle,المخلل (Pickle),sauce_condiment,السدحان,السدحان,,السدحان,العليا,بلدية,بلدية العليا,False,True,خمائر,الخمائر والاعفان,1,,الخمائر والاعفان,False,indicator_only,date_parsed_from_text,2,True
Data 2025.xlsx,7806,2025-08-23,2025-08,2025-W34,3,5,pick-0513-r01,Pick-0513-R01,مخلل ليمون,المخلل (Pickle),Pickle,المخلل (Pickle),sauce_condiment,السدحان,السدحان,,السدحان,العليا,بلدية,بلدية العليا,True,False,لا يوجد,,0,,,False,none,date_parsed_from_text,3,True
Data 2025.xlsx,7807,2025-08-23,2025-08,2025-W34,3,5,pick-0514-r01,Pick-0514-R01,مخلل زيتون بالشطة,المخلل (Pickle),Pickle,المخلل (Pickle),sauce_condiment,السدحان,السدحان,,السدحان,العليا,بلدية,بلدية العليا,True,False,لا يوجد,,0,,,False,none,date_parsed_from_text,3,True
Data 2025.xlsx,7794,2025-08-23,2025-08,2025-W34,3,5,raw-0486-r01,Raw-0486-R01,لحم فخذ عجل هندي,لحوم نيئة مبردة ومجمدة (Raw meat Cold or chilled ),Raw meat Cold or chilled,لحوم نيئة مبردة ومجمدة (Raw meat Cold or chilled ),raw_meat,محل علي بن غريب بن عبدالله الشلوي للحوم الطازجة,محل علي بن غريب بن عبدالله الشلوي للحوم الطازجة,,محل علي بن غريب بن عبدالله الشلوي للحوم الطازجة,العليا,بلدية,بلدية العليا,True,False,لا يوجد,,0,,,False,none,date_parsed_from_text,0,False
Data 2025.xlsx,7795,2025-08-23,2025-08,2025-W34,3,5,raw-0487-r01,Raw-0487-R01,لحم بطن تيس هندي,لحوم نيئة مبردة ومجمدة (Raw meat Cold or chilled ),Raw meat Cold or chilled,لحوم نيئة مبردة ومجمدة (Raw meat Cold or chilled ),raw_meat,محل علي بن غريب بن عبدالله الشلوي للحوم الطازجة,محل علي بن غريب بن عبدالله الشلوي للحوم الطازجة,,محل علي بن غريب بن عبدالله الشلوي للحوم الطازجة,العليا,بلدية,بلدية العليا,True,False,لا يوجد,,0,,,False,none,date_parsed_from_text,0,False
Data 2025.xlsx,7796,2025-08-23,2025-08,2025-W34,3,5,raw-0488-r01,Raw-0488-R01,لحم بطن خروف باكستاني,لحوم نيئة مبردة ومجمدة (Raw meat Cold or chilled ),Raw meat Cold or chilled,لحوم نيئة مبردة ومجمدة (Raw meat Cold or chilled ),raw_meat,محل علي بن غريب بن عبدالله الشلوي للحوم الطازجة,محل علي بن غريب بن عبدالله الشلوي للحوم الطازجة,,محل علي بن غريب بن عبدالله الشلوي للحوم الطازجة,العليا,بلدية,بلدية العليا,True,False,لا يوجد,,0,,,False,none,date_parsed_from_text,0,False
Data 2025.xlsx,7797,2025-08-23,2025-08,2025-W34,3,5,raw-0489-r01,Raw-0489-R01,كبدة خروف استرالي,لحوم نيئة مبردة ومجمدة (Raw meat Cold or chilled ),Raw meat Cold or chilled,لحوم نيئة مبردة ومجمدة (Raw meat Cold or chilled ),raw_meat,محل علي بن غريب بن عبدالله الشلوي للحوم الطازجة,محل علي بن غريب بن عبدالله الشلوي للحوم الطازجة,,محل علي بن غريب بن عبدالله الشلوي للحوم الطازجة,العليا,بلدية,بلدية العليا,True,False,لا يوجد,,0,,,False,none,date_parsed_from_text,0,False
Data 2025.xlsx,7826,2025-08-23,2025-08,2025-W34,3,5,sal-1568-r01,Sal-1568-R01,سلطة اجبان خضار حارة,السلطة(Salad),Salad,السلطة(Salad),produce,السدحان,السدحان,,السدحان,العليا,بلدية,بلدية العليا,True,False,لا يوجد,,0,,,False,none,date_parsed_from_text,7,True
Data 2025.xlsx,7827,2025-08-23,2025-08,2025-W34,3,5,sal-1569-r01,Sal-1569-R01,سلطة مفروكة حارة,السلطة(Salad),Salad,السلطة(Salad),produce,السدحان,السدحان,,السدحان,العليا,بلدية,بلدية العليا,False,True,استافيلوكوكس اورياس,استافيلوكوكس اورياس,1,استافيلوكوكس اورياس,,True,pathogen,date_parsed_from_text,8,True
Data 2025.xlsx,7828,2025-08-23,2025-08,2025-W34,3,5,sal-1570-r01,Sal-1570-R01,سلطة اجبان خضار فلفل,السلطة(Salad),Salad,السلطة(Salad),produce,السدحان,السدحان,,السدحان,العليا,بلدية,بلدية العليا,False,True,استافيلوكوكس اورياس,استافيلوكوكس اورياس,1,استافيلوكوكس اورياس,,True,pathogen,date_parsed_from_text,9,True
Data 2025.xlsx,7829,2025-08-23,2025-08,2025-W34,3,5,sal-1571-r01,Sal-1571-R01,سلطة اجبان خضار زعتر,السلطة(Salad),Salad,السلطة(Salad),produce,السدحان,السدحان,,السدحان,العليا,بلدية,بلدية العليا,False,True,ايشيريشيا كولاي,ايشيريشيا كولاي,1,ايشيريشيا كولاي,,True,pathogen,date_parsed_from_text,10,True
Data 2025.xlsx,7830,2025-08-23,2025-08,2025-W34,3,5,sal-1572-r01,Sal-1572-R01,سلطة مكدوس,السلطة(Salad),Salad,السلطة(Salad),produce,السدحان,السدحان,,السدحان,العليا,بلدية,بلدية العليا,True,False,لا يوجد,,0,,,False,none,date_parsed_from_text,10,True
Data 2025.xlsx,7832,2025-08-23,2025-08,2025-W34,3,5,sal-1573-r01,Sal-1573-R01,سلطة مرتديلا دجاج + لحم,السلطة(Salad),Salad,السلطة(Salad),produce,السدحان,السدحان,,السدحان,العليا,بلدية,بلدية العليا,False,True,العد الكلي للبكتيريا,العد الكلي للبكتيريا,1,,العد الكلي للبكتيريا,False,indicator_only,date_parsed_from_text,12,True
Data 2025.xlsx,7837,2025-08-23,2025-08,2025-W34,3,5,sal-1574-r01,Sal-1574-R01,سلطة سيزر,السلطة(Salad),Salad,السلطة(Salad),produce,السدحان,السدحان,,السدحان,العليا,بلدية,بلدية العليا,False,True,استافيلوكوكس اورياس,استافيلوكوكس اورياس,1,استافيلوكوكس اورياس,,True,pathogen,date_parsed_from_text,17,True
Data 2025.xlsx,7833,2025-08-23,2025-08,2025-W34,3,5,sw-3470-r01,sw-3470-R01,مسحة ثلاجة,(Swabs) المسحات,Swabs,(Swabs) المسحات,swab,السدحان,السدحان,,السدحان,العليا,بلدية,بلدية العليا,False,True,العد الكلي للبكتيريا,العد الكلي للبكتيريا,1,,العد الكلي للبكتيريا,False,indicator_only,date_parsed_from_text,13,True
Data 2025.xlsx,7834,2025-08-23,2025-08,2025-W34,3,5,sw-3471-r01,sw-3471-R01,مسحة ثلاجة,(Swabs) المسحات,Swabs,(Swabs) المسحات,swab,السدحان,السدحان,,السدحان,العليا,بلدية,بلدية العليا,False,True,العد الكلي للبكتيريا,العد الكلي للبكتيريا,1,,العد الكلي للبكتيريا,False,indicator_only,date_parsed_from_text,14,True
Data 2025.xlsx,7835,2025-08-23,2025-08,2025-W34,3,5,sw-3472-r01,sw-3472-R01,مسحة ثلاجة,(Swabs) المسحات,Swabs,(Swabs) المسحات,swab,السدحان,السدحان,,السدحان,العليا,بلدية,بلدية العليا,False,True,العد الكلي للبكتيريا,العد الكلي للبكتيريا,1,,العد الكلي للبكتيريا,False,indicator_only,date_parsed_from_text,15,True
Data 2025.xlsx,7856,2025-08-24,2025-08,2025-W34,3,6,1-3396-R01,1-3396-R01,هلابينو,(jalapeno) هلابينو,jalapeno,(jalapeno) هلابينو,produce,العثيم - حي المروج,العثيم,حي المروج,العثيم - حي المروج,العليا,بلدية,بلدية العليا,True,False,لا يوجد,,0,,,False,none,date_parsed_from_text,2,True
Data 2025.xlsx,7902,2025-08-24,2025-08,2025-W34,3,6,1-3397-R01,1-3397-R01,كروسان بالجبن,كروسان (croissant),croissant,كروسان (croissant),sweets_bakery,العثيم - حي المروج,العثيم,حي المروج,العثيم - حي المروج,العليا,بلدية,بلدية العليا,True,False,لا يوجد,,0,,,False,none,date_parsed_from_text,19,True
Data 2025.xlsx,7850,2025-08-24,2025-08,2025-W34,3,6,OOSS-eg-0369-R01,OOSS-eg-0369-R01,مكدوس محشي,الباذنجان (eggplant),eggplant,الباذنجان (eggplant),dairy,العثيم - حي المروج,العثيم,حي المروج,العثيم - حي المروج,العليا,بلدية,بلدية العليا,False,True,خمائر,الخمائر والاعفان,1,,الخمائر والاعفان,False,indicator_only,date_parsed_from_text,1,False
Data 2025.xlsx,7881,2025-08-24,2025-08,2025-W34,3,6,bri-0350-r01,bri-0350-R01,لبنة بريدن,لبنة ( brick),brick,لبنة ( brick),dairy,العثيم - حي المروج,العثيم,حي المروج,العثيم - حي المروج,العليا,بلدية,بلدية العليا,False,True,الخمائر والاعفان,الخمائر والاعفان,1,,الخمائر والاعفان,False,indicator_only,date_parsed_from_text,16,True
Data 2025.xlsx,7870,2025-08-24,2025-08,2025-W34,3,6,chee-0832-r01,Chee-0832-R01,شبية جبن جرين لاند بالقشطة,(cheese) جبنة,cheese,(cheese) جبنة,dairy,العثيم - حي المروج,العثيم,حي المروج,العثيم - حي المروج,العليا,بلدية,بلدية العليا,True,False,لا يوجد,,0,,,False,none,date_parsed_from_text,12,True
Data 2025.xlsx,7871,2025-08-24,2025-08,2025-W34,3,6,chee-0833-r01,Chee-0833-R01,شبية جبنة اسطبولي صفراء,(cheese) جبنة,cheese,(cheese) جبنة,dairy,العثيم - حي المروج,العثيم,حي المروج,العثيم - حي المروج,العليا,بلدية,بلدية العليا,True,False,لا يوجد,,0,,,False,none,date_parsed_from_text,12,True
Data 2025.xlsx,7872,2025-08-24,2025-08,2025-W34,3,6,chee-0834-r01,Chee-0834-R01,شبيه جبن فيتا بالزيتون,(cheese) جبنة,cheese,(cheese) جبنة,dairy,العثيم - حي المروج,العثيم,حي المروج,العثيم - حي المروج,العليا,بلدية,بلدية العليا,True,False,لا يوجد,,0,,,False,none,date_parsed_from_text,12,True
Data 2025.xlsx,7873,2025-08-24,2025-08,2025-W34,3,6,chee-0835-r01,Chee-0835-R01,شبية جبن دمياطي مصري,(cheese) جبنة,cheese,(cheese) جبنة,dairy,العثيم - حي المروج,العثيم,حي المروج,العثيم - حي المروج,العليا,بلدية,بلدية العليا,True,False,لا يوجد,,0,,,False,none,date_parsed_from_text,12,True
Data 2025.xlsx,7874,2025-08-24,2025-08,2025-W34,3,6,chee-0836-r01,Chee-0836-R01,شبيه جبن ريم فيتا,(cheese) جبنة,cheese,(cheese) جبنة,dairy,العثيم - حي المروج,العثيم,حي المروج,العثيم - حي المروج,العليا,بلدية,بلدية العليا,True,False,لا يوجد,,0,,,False,none,date_parsed_from_text,12,True
Data 2025.xlsx,7875,2025-08-24,2025-08,2025-W34,3,6,chee-0837-r01,Chee-0837-R01,شبية جبن اسكندراني بالفلفل,(cheese) جبنة,cheese,(cheese) جبنة,dairy,العثيم - حي المروج,العثيم,حي المروج,العثيم - حي المروج,العليا,بلدية,بلدية العليا,True,False,لا يوجد,,0,,,False,none,date_parsed_from_text,12,True
Data 2025.xlsx,7876,2025-08-24,2025-08,2025-W34,3,6,chee-0838-r01,Chee-0838-R01,جبن تشيز لاند براميلي,(cheese) جبنة,cheese,(cheese) جبنة,dairy,العثيم - حي المروج,العثيم,حي المروج,العثيم - حي المروج,العليا,بلدية,بلدية العليا,False,True,استافيلوكوكس اورياس,استافيلوكوكس اورياس,1,استافيلوكوكس اورياس,,True,pathogen,date_parsed_from_text,13,True
Data 2025.xlsx,7877,2025-08-24,2025-08,2025-W34,3,6,chee-0839-r01,Chee-0839-R01,جبن فرنسي غنم,(cheese) جبنة,cheese,(cheese) جبنة,dairy,العثيم - حي المروج,العثيم,حي المروج,العثيم - حي المروج,العليا,بلدية,بلدية العليا,True,False,لا يوجد,,0,,,False,none,date_parsed_from_text,13,True
Data 2025.xlsx,7878,2025-08-24,2025-08,2025-W34,3,6,chee-0840-r01,Chee-0840-R01,جبن عكاوي استرا,(cheese) جبنة,cheese,(cheese) جبنة,dairy,العثيم - حي المروج,العثيم,حي المروج,العثيم - حي المروج,العليا,بلدية,بلدية العليا,False,True,استافيلوكوكس اورياس,استافيلوكوكس اورياس,1,استافيلوكوكس اورياس,,True,pathogen,date_parsed_from_text,14,True
Data 2025.xlsx,7879,2025-08-24,2025-08,2025-W34,3,6,chee-0841-r01,Chee-0841-R01,جبن استرا حلومي,(cheese) جبنة,cheese,(cheese) جبنة,dairy,العثيم - حي المروج,العثيم,حي المروج,العثيم - حي المروج,العليا,بلدية,بلدية العليا,False,True,استافيلوكوكس اورياس,استافيلوكوكس اورياس,1,استافيلوكوكس اورياس,,True,pathogen,date_parsed_from_text,15,True
Data 2025.xlsx,7880,2025-08-24,2025-08,2025-W34,3,6,chee-0842-r01,Chee-0842-R01,جبن نابولسي,(cheese) جبنة,cheese,(cheese) جبنة,dairy,العثيم - حي المروج,العثيم,حي المروج,العثيم - حي المروج,العليا,بلدية,بلدية العليا,True,False,لا يوجد,,0,,,False,none,date_parsed_from_text,15,True
Data 2025.xlsx,7882,2025-08-24,2025-08,2025-W34,3,6,cre-0038-r01,Cre-0038-R01,شبية قشطة الطيب,(cream) قشطة,cream,القشطة (cream),dairy,العثيم - حي المروج,العثيم,حي المروج,العثيم - حي المروج,العليا,بلدية,بلدية العليا,True,False,لا يوجد,,0,,,False,none,category_merged_to_canonical|date_parsed_from_text,16,True
Data 2025.xlsx,7886,2025-08-24,2025-08,2025-W34,3,6,flswe-0077-r01,FlSwe-0077-R01,حلاوة طحينة,حلاوة طحينة( Flour Sweetness),Flour Sweetness,حلاوة طحينة( Flour Sweetness),sauce_condiment,العثيم - حي المروج,العثيم,حي المروج,العثيم - حي المروج,العليا,بلدية,بلدية العليا,True,False,لا يوجد,,0,,,False,none,date_parsed_from_text,18,True
Data 2025.xlsx,7855,2025-08-24,2025-08,2025-W34,3,6,hs-0362-r01,HS-0362-R01,شطة شامية,الشطة (Hot sauce),Hot sauce,الشطة (Hot sauce),sauce_condiment,العثيم - حي المروج,العثيم,حي المروج,العثيم - حي المروج,العليا,بلدية,بلدية العليا,True,False,لا يوجد,,0,,,False,none,date_parsed_from_text,2,True
Data 2025.xlsx,7852,2025-08-24,2025-08,2025-W34,3,6,olv-0569-r01,olv-0569-R01,زيتون جولدن بليت اخضر حلبي,الزيتون /Olive,Olive,الزيتون /Olive,produce,العثيم - حي المروج,العثيم,حي المروج,العثيم - حي المروج,العليا,بلدية,بلدية العليا,True,False,لا يوجد,,0,,,False,none,date_parsed_from_text,1,False
Data 2025.xlsx,7854,2025-08-24,2025-08,2025-W34,3,6,olv-0570-r01,olv-0570-R01,زيتون اخضر مشوي,الزيتون /Olive,Olive,الزيتون /Olive,produce,العثيم - حي المروج,العثيم,حي المروج,العثيم - حي المروج,العليا,بلدية,بلدية العليا,True,False,لا يوجد,,0,,,False,none,date_parsed_from_text,2,True
Data 2025.xlsx,7859,2025-08-24,2025-08,2025-W34,3,6,olv-0571-r01,olv-0571-R01,زيتون كوبوليفا,الزيتون /Olive,Olive,الزيتون /Olive,produce,العثيم - حي المروج,العثيم,حي المروج,العثيم - حي المروج,العليا,بلدية,بلدية العليا,False,True,خمائر,الخمائر والاعفان,1,,الخمائر والاعفان,False,indicator_only,date_parsed_from_text,3,True
Data 2025.xlsx,7860,2025-08-24,2025-08,2025-W34,3,6,olv-0572-r01,olv-0572-R01,زيتون مصري اخضر,الزيتون /Olive,Olive,الزيتون /Olive,produce,العثيم - حي المروج,العثيم,حي المروج,العثيم - حي المروج,العليا,بلدية,بلدية العليا,False,True,خمائر,الخمائر والاعفان,1,,الخمائر والاعفان,False,indicator_only,date_parsed_from_text,4,True
Data 2025.xlsx,7861,2025-08-24,2025-08,2025-W34,3,6,olv-0573-r01,olv-0573-R01,زيتون محشي جزر,الزيتون /Olive,Olive,الزيتون /Olive,produce,العثيم - حي المروج,العثيم,حي المروج,العثيم - حي المروج,العليا,بلدية,بلدية العليا,False,True,خمائر,الخمائر والاعفان,1,,الخمائر والاعفان,False,indicator_only,date_parsed_from_text,5,True
Data 2025.xlsx,7862,2025-08-24,2025-08,2025-W34,3,6,olv-0574-r01,olv-0574-R01,زيتون مغربي بالشطة,الزيتون /Olive,Olive,الزيتون /Olive,produce,العثيم - حي المروج,العثيم,حي المروج,العثيم - حي المروج,العليا,بلدية,بلدية العليا,True,False,لا يوجد,,0,,,False,none,date_parsed_from_text,5,True
Data 2025.xlsx,7863,2025-08-24,2025-08,2025-W34,3,6,olv-0575-r01,olv-0575-R01,زيتون اندلسي بالشطة و الليمون,الزيتون /Olive,Olive,الزيتون /Olive,produce,العثيم - حي المروج,العثيم,حي المروج,العثيم - حي المروج,العليا,بلدية,بلدية العليا,False,True,خمائر,الخمائر والاعفان,1,,الخمائر والاعفان,False,indicator_only,date_parsed_from_text,6,True
Data 2025.xlsx,7864,2025-08-24,2025-08,2025-W34,3,6,olv-0576-r01,olv-0576-R01,زيتون بكتات اخضر شرائح,الزيتون /Olive,Olive,الزيتون /Olive,produce,العثيم - حي المروج,العثيم,حي المروج,العثيم - حي المروج,العليا,بلدية,بلدية العليا,False,True,خمائر,الخمائر والاعفان,1,,الخمائر والاعفان,False,indicator_only,date_parsed_from_text,7,True
Data 2025.xlsx,7865,2025-08-24,2025-08,2025-W34,3,6,olv-0577-r01,olv-0577-R01,زيتون اسود بالتتبيلة,الزيتون /Olive,Olive,الزيتون /Olive,produce,العثيم - حي المروج,العثيم,حي المروج,العثيم - حي المروج,العليا,بلدية,بلدية العليا,False,True,خمائر,الخمائر والاعفان,1,,الخمائر والاعفان,False,indicator_only,date_parsed_from_text,8,True
Data 2025.xlsx,7866,2025-08-24,2025-08,2025-W34,3,6,olv-0578-r01,olv-0578-R01,زيتون اسود اسباني,الزيتون /Olive,Olive,الزيتون /Olive,produce,العثيم - حي المروج,العثيم,حي المروج,العثيم - حي المروج,العليا,بلدية,بلدية العليا,False,True,خمائر,الخمائر والاعفان,1,,الخمائر والاعفان,False,indicator_only,date_parsed_from_text,9,True
Data 2025.xlsx,7867,2025-08-24,2025-08,2025-W34,3,6,olv-0579-r01,olv-0579-R01,زيتون كوبوليفا اسود شرائح,الزيتون /Olive,Olive,الزيتون /Olive,produce,العثيم - حي المروج,العثيم,حي المروج,العثيم - حي المروج,العليا,بلدية,بلدية العليا,False,True,خمائر,الخمائر والاعفان,1,,الخمائر والاعفان,False,indicator_only,date_parsed_from_text,10,True
Data 2025.xlsx,7868,2025-08-24,2025-08,2025-W34,3,6,olv-0580-r01,olv-0580-R01,زيتون مارتيا كالاماتا جامبو,الزيتون /Olive,Olive,الزيتون /Olive,produce,العثيم - حي المروج,العثيم,حي المروج,العثيم - حي المروج,العليا,بلدية,بلدية العليا,False,True,خمائر,الخمائر والاعفان,1,,الخمائر والاعفان,False,indicator_only,date_parsed_from_text,11,True
Data 2025.xlsx,7869,2025-08-24,2025-08,2025-W34,3,6,olv-0581-r01,olv-0581-R01,زيتون الريف اليوناني,الزيتون /Olive,Olive,الزيتون /Olive,produce,العثيم - حي المروج,العثيم,حي المروج,العثيم - حي المروج,العليا,بلدية,بلدية العليا,False,True,خمائر,الخمائر والاعفان,1,,الخمائر والاعفان,False,indicator_only,date_parsed_from_text,12,True
Data 2025.xlsx,7848,2025-08-24,2025-08,2025-W34,3,6,pick-0515-r01,Pick-0515-R01,طرشي بوليف هالي,المخلل (Pickle),Pickle,المخلل (Pickle),sauce_condiment,العثيم - حي المروج,العثيم,حي المروج,العثيم - حي المروج,العليا,بلدية,بلدية العليا,True,False,لا يوجد,,0,,,False,none,date_parsed_from_text,0,False
Data 2025.xlsx,7849,2025-08-24,2025-08,2025-W34,3,6,pick-0516-r01,Pick-0516-R01,طرشي هالي يوناني مشكل,المخلل (Pickle),Pickle,المخلل (Pickle),sauce_condiment,العثيم - حي المروج,العثيم,حي المروج,العثيم - حي المروج,العليا,بلدية,بلدية العليا,True,False,لا يوجد,,0,,,False,none,date_parsed_from_text,0,False
Data 2025.xlsx,7851,2025-08-24,2025-08,2025-W34,3,6,pick-0517-r01,Pick-0517-R01,مخلل ليمون,المخلل (Pickle),Pickle,المخلل (Pickle),sauce_condiment,العثيم - حي المروج,العثيم,حي المروج,العثيم - حي المروج,العليا,بلدية,بلدية العليا,True,False,لا يوجد,,0,,,False,none,date_parsed_from_text,1,False
Data 2025.xlsx,7857,2025-08-24,2025-08,2025-W34,3,6,pick-0518-r01,Pick-0518-R01,مخل خيار صغير,المخلل (Pickle),Pickle,المخلل (Pickle),sauce_condiment,العثيم - حي المروج,العثيم,حي المروج,العثيم - حي المروج,العليا,بلدية,بلدية العليا,True,False,لا يوجد,,0,,,False,none,date_parsed_from_text,2,True
Data 2025.xlsx,7858,2025-08-24,2025-08,2025-W34,3,6,pick-0519-r01,Pick-0519-R01,مخلل لفت,المخلل (Pickle),Pickle,المخلل (Pickle),sauce_condiment,العثيم - حي المروج,العثيم,حي المروج,العثيم - حي المروج,العليا,بلدية,بلدية العليا,True,False,لا يوجد,,0,,,False,none,date_parsed_from_text,2,True
Data 2025.xlsx,7846,2025-08-24,2025-08,2025-W34,3,6,raw-0490-r01,Raw-0490-R01,لحم فخذ عجل باكستاني,لحوم نيئة مبردة ومجمدة (Raw meat Cold or chilled ),Raw meat Cold or chilled,لحوم نيئة مبردة ومجمدة (Raw meat Cold or chilled ),raw_meat,جواد القصيم للتجارة,جواد القصيم للتجارة,,جواد القصيم للتجارة,الشمال,بلدية,بلدية الشمال,True,False,لا يوجد,,0,,,False,none,date_parsed_from_text,0,False
Data 2025.xlsx,7847,2025-08-24,2025-08,2025-W34,3,6,raw-0491-r01,Raw-0491-R01,لحم بطن تيس باكستاني,لحوم نيئة مبردة ومجمدة (Raw meat Cold or chilled ),Raw meat Cold or chilled,لحوم نيئة مبردة ومجمدة (Raw meat Cold or chilled ),raw_meat,جواد القصيم للتجارة,جواد القصيم للتجارة,,جواد القصيم للتجارة,الشمال,بلدية,بلدية الشمال,True,False,لا يوجد,,0,,,False,none,date_parsed_from_text,0,False
Data 2025.xlsx,7853,2025-08-24,2025-08,2025-W34,3,6,sal-1575-r01,Sal-1575-R01,سلطة هالي زيتون اخضر,السلطة(Salad),Salad,السلطة(Salad),produce,العثيم - حي المروج,العثيم,حي المروج,العثيم - حي المروج,العليا,بلدية,بلدية العليا,False,True,خمائر,الخمائر والاعفان,1,,الخمائر والاعفان,False,indicator_only,date_parsed_from_text,2,True
Data 2025.xlsx,7883,2025-08-24,2025-08,2025-W34,3,6,sal-1576-r01,Sal-1576-R01,سلطة جبن مرتديلا دجاج,السلطة(Salad),Salad,السلطة(Salad),produce,العثيم - حي المروج,العثيم,حي المروج,العثيم - حي المروج,العليا,بلدية,بلدية العليا,True,False,لا يوجد,,0,,,False,none,date_parsed_from_text,16,True
Data 2025.xlsx,7884,2025-08-24,2025-08,2025-W34,3,6,sal-1577-r01,Sal-1577-R01,سلطة جبن,السلطة(Salad),Salad,السلطة(Salad),produce,العثيم - حي المروج,العثيم,حي المروج,العثيم - حي المروج,العليا,بلدية,بلدية العليا,False,True,استافيلوكوكس اورياس,استافيلوكوكس اورياس,1,استافيلوكوكس اورياس,,True,pathogen,date_parsed_from_text,17,True
Data 2025.xlsx,7885,2025-08-24,2025-08,2025-W34,3,6,sal-1578-r01,Sal-1578-R01,سلطة لبنة بالمكدوس,السلطة(Salad),Salad,السلطة(Salad),produce,العثيم - حي المروج,العثيم,حي المروج,العثيم - حي المروج,العليا,بلدية,بلدية العليا,False,True,انتيروباكتريسي,انتيروباكتريسي,1,,انتيروباكتريسي,False,indicator_only,date_parsed_from_text,18,True
Data 2025.xlsx,7887,2025-08-24,2025-08,2025-W34,3,6,sw-3473-r01,sw-3473-R01,مسحة ثلاجة,(Swabs) المسحات,Swabs,(Swabs) المسحات,swab,العثيم - حي المروج,العثيم,حي المروج,العثيم - حي المروج,العليا,بلدية,بلدية العليا,True,False,لا يوجد,,0,,,False,none,date_parsed_from_text,18,True
Data 2025.xlsx,7888,2025-08-24,2025-08,2025-W34,3,6,sw-3474-r01,sw-3474-R01,مسحة ثلاجة,(Swabs) المسحات,Swabs,(Swabs) المسحات,swab,العثيم - حي المروج,العثيم,حي المروج,العثيم - حي المروج,العليا,بلدية,بلدية العليا,True,False,لا يوجد,,0,,,False,none,date_parsed_from_text,18,True
Data 2025.xlsx,7889,2025-08-24,2025-08,2025-W34,3,6,sw-3475-r01,sw-3475-R01,مسحة ثلاجة,(Swabs) المسحات,Swabs,(Swabs) المسحات,swab,العثيم - حي المروج,العثيم,حي المروج,العثيم - حي المروج,العليا,بلدية,بلدية العليا,True,False,لا يوجد,,0,,,False,none,date_parsed_from_text,18,True
Data 2025.xlsx,7890,2025-08-24,2025-08,2025-W34,3,6,sw-3476-r01,sw-3476-R01,مسحة ثلاجة,(Swabs) المسحات,Swabs,(Swabs) المسحات,swab,العثيم - حي المروج,العثيم,حي المروج,العثيم - حي المروج,العليا,بلدية,بلدية العليا,True,False,لا يوجد,,0,,,False,none,date_parsed_from_text,18,True
Data 2025.xlsx,7891,2025-08-24,2025-08,2025-W34,3,6,sw-3477-r01,sw-3477-R01,مسحة قطاعة جبن,(Swabs) المسحات,Swabs,(Swabs) المسحات,swab,العثيم - حي المروج,العثيم,حي المروج,العثيم - حي المروج,العليا,بلدية,بلدية العليا,True,False,لا يوجد,,0,,,False,none,date_parsed_from_text,18,True
Data 2025.xlsx,7909,2025-08-24,2025-08,2025-W34,3,6,sw-3478-r01,sw-3478-R01,مسحة حافظة حلا,(Swabs) المسحات,Swabs,(Swabs) المسحات,swab,العثيم - حي المروج,العثيم,حي المروج,العثيم - حي المروج,العليا,بلدية,بلدية العليا,True,False,لا يوجد,,0,,,False,none,date_parsed_from_text,23,True
Data 2025.xlsx,7910,2025-08-24,2025-08,2025-W34,3,6,sw-3479-r01,sw-3479-R01,مسحة حافظة حلا,(Swabs) المسحات,Swabs,(Swabs) المسحات,swab,العثيم - حي المروج,العثيم,حي المروج,العثيم - حي المروج,العليا,بلدية,بلدية العليا,True,False,لا يوجد,,0,,,False,none,date_parsed_from_text,23,True
Data 2025.xlsx,7911,2025-08-24,2025-08,2025-W34,3,6,sw-3480-r01,sw-3480-R01,مسحة حافظة حلا,(Swabs) المسحات,Swabs,(Swabs) المسحات,swab,العثيم - حي المروج,العثيم,حي المروج,العثيم - حي المروج,العليا,بلدية,بلدية العليا,True,False,لا يوجد,,0,,,False,none,date_parsed_from_text,23,True
Data 2025.xlsx,7912,2025-08-24,2025-08,2025-W34,3,6,sw-3481-r01,sw-3481-R01,مسحة حافظة حلا,(Swabs) المسحات,Swabs,(Swabs) المسحات,swab,العثيم - حي المروج,العثيم,حي المروج,العثيم - حي المروج,العليا,بلدية,بلدية العليا,True,False,لا يوجد,,0,,,False,none,date_parsed_from_text,23,True
Data 2025.xlsx,7892,2025-08-24,2025-08,2025-W34,3,6,sweet-1376-r01,sweet-1376-R01,بسبوسة بالبندق,الحلا(sweetness),sweetness,الحلا(sweetness),sweets_bakery,العثيم - حي المروج,العثيم,حي المروج,العثيم - حي المروج,العليا,بلدية,بلدية العليا,True,False,لا يوجد,,0,,,False,none,date_parsed_from_text,18,True
Data 2025.xlsx,7893,2025-08-24,2025-08,2025-W34,3,6,sweet-1377-r01,sweet-1377-R01,بسبوسة بالفول السوداني,الحلا(sweetness),sweetness,الحلا(sweetness),sweets_bakery,العثيم - حي المروج,العثيم,حي المروج,العثيم - حي المروج,العليا,بلدية,بلدية العليا,True,False,لا يوجد,,0,,,False,none,date_parsed_from_text,18,True
Data 2025.xlsx,7894,2025-08-24,2025-08,2025-W34,3,6,sweet-1378-r01,sweet-1378-R01,بلح الشام,الحلا(sweetness),sweetness,الحلا(sweetness),sweets_bakery,العثيم - حي المروج,العثيم,حي المروج,العثيم - حي المروج,العليا,بلدية,بلدية العليا,True,False,لا يوجد,,0,,,False,none,date_parsed_from_text,18,True
Data 2025.xlsx,7895,2025-08-24,2025-08,2025-W34,3,6,sweet-1379-r01,sweet-1379-R01,مشبك,الحلا(sweetness),sweetness,الحلا(sweetness),sweets_bakery,العثيم - حي المروج,العثيم,حي المروج,العثيم - حي المروج,العليا,بلدية,بلدية العليا,True,False,لا يوجد,,0,,,False,none,date_parsed_from_text,18,True
Data 2025.xlsx,7896,2025-08-24,2025-08,2025-W34,3,6,sweet-1380-r01,sweet-1380-R01,لقيمات,الحلا(sweetness),sweetness,الحلا(sweetness),sweets_bakery,العثيم - حي المروج,العثيم,حي المروج,العثيم - حي المروج,العليا,بلدية,بلدية العليا,True,False,لا يوجد,,0,,,False,none,date_parsed_from_text,18,True
Data 2025.xlsx,7897,2025-08-24,2025-08,2025-W34,3,6,sweet-1381-r01,sweet-1381-R01,اصابع زينب,الحلا(sweetness),sweetness,الحلا(sweetness),sweets_bakery,العثيم - حي المروج,العثيم,حي المروج,العثيم - حي المروج,العليا,بلدية,بلدية العليا,True,False,لا يوجد,,0,,,False,none,date_parsed_from_text,18,True
Data 2025.xlsx,7898,2025-08-24,2025-08,2025-W34,3,6,sweet-1382-r01,sweet-1382-R01,رموش الست,الحلا(sweetness),sweetness,الحلا(sweetness),sweets_bakery,العثيم - حي المروج,العثيم,حي المروج,العثيم - حي المروج,العليا,بلدية,بلدية العليا,False,True,كوليفورم,كوليفورم,1,,كوليفورم,False,indicator_only,date_parsed_from_text,19,True
Data 2025.xlsx,7899,2025-08-24,2025-08,2025-W34,3,6,sweet-1383-r01,sweet-1383-R01,كنافة اصابع,الحلا(sweetness),sweetness,الحلا(sweetness),sweets_bakery,العثيم - حي المروج,العثيم,حي المروج,العثيم - حي المروج,العليا,بلدية,بلدية العليا,True,False,لا يوجد,,0,,,False,none,date_parsed_from_text,19,True
Data 2025.xlsx,7900,2025-08-24,2025-08,2025-W34,3,6,sweet-1384-r01,sweet-1384-R01,كنافة جيرسي عسل و جوز الهند,الحلا(sweetness),sweetness,الحلا(sweetness),sweets_bakery,العثيم - حي المروج,العثيم,حي المروج,العثيم - حي المروج,العليا,بلدية,بلدية العليا,True,False,لا يوجد,,0,,,False,none,date_parsed_from_text,19,True
Data 2025.xlsx,7901,2025-08-24,2025-08,2025-W34,3,6,sweet-1385-r01,sweet-1385-R01,بقلاوة بجوز الهندو فول سوداني,الحلا(sweetness),sweetness,الحلا(sweetness),sweets_bakery,العثيم - حي المروج,العثيم,حي المروج,العثيم - حي المروج,العليا,بلدية,بلدية العليا,True,False,لا يوجد,,0,,,False,none,date_parsed_from_text,19,True
Data 2025.xlsx,7903,2025-08-24,2025-08,2025-W34,3,6,sweet-1386-r01,sweet-1386-R01,مهلبية لوتس,الحلا(sweetness),sweetness,الحلا(sweetness),sweets_bakery,العثيم - حي المروج,العثيم,حي المروج,العثيم - حي المروج,العليا,بلدية,بلدية العليا,True,False,لا يوجد,,0,,,False,none,date_parsed_from_text,19,True
Data 2025.xlsx,7904,2025-08-24,2025-08,2025-W34,3,6,sweet-1387-r01,sweet-1387-R01,رز بالحليب,الحلا(sweetness),sweetness,الحلا(sweetness),sweets_bakery,العثيم - حي المروج,العثيم,حي المروج,العثيم - حي المروج,العليا,بلدية,بلدية العليا,False,True,كوليفورم | استافيلوكوكس اورياس,كوليفورم | استافيلوكوكس اورياس,2,استافيلوكوكس اورياس,كوليفورم,True,pathogen,date_parsed_from_text,20,True
Data 2025.xlsx,7905,2025-08-24,2025-08,2025-W34,3,6,sweet-1388-r01,sweet-1388-R01,ميلفي شوكولاتة,الحلا(sweetness),sweetness,الحلا(sweetness),sweets_bakery,العثيم - حي المروج,العثيم,حي المروج,العثيم - حي المروج,العليا,بلدية,بلدية العليا,False,True,انتيروباكتريسي,انتيروباكتريسي,1,,انتيروباكتريسي,False,indicator_only,date_parsed_from_text,21,True
Data 2025.xlsx,7906,2025-08-24,2025-08,2025-W34,3,6,sweet-1389-r01,sweet-1389-R01,ميلفي مربى,الحلا(sweetness),sweetness,الحلا(sweetness),sweets_bakery,العثيم - حي المروج,العثيم,حي المروج,العثيم - حي المروج,العليا,بلدية,بلدية العليا,False,True,انتيروباكتريسي,انتيروباكتريسي,1,,انتيروباكتريسي,False,indicator_only,date_parsed_from_text,22,True
Data 2025.xlsx,7907,2025-08-24,2025-08,2025-W34,3,6,sweet-1390-r01,sweet-1390-R01,كاتو فرنسي,الحلا(sweetness),sweetness,الحلا(sweetness),sweets_bakery,العثيم - حي المروج,العثيم,حي المروج,العثيم - حي المروج,العليا,بلدية,بلدية العليا,False,True,ايشيريشيا كولاي,ايشيريشيا كولاي,1,ايشيريشيا كولاي,,True,pathogen,date_parsed_from_text,23,True
Data 2025.xlsx,7908,2025-08-24,2025-08,2025-W34,3,6,sweet-1391-r01,sweet-1391-R01,رد فلفت,الحلا(sweetness),sweetness,الحلا(sweetness),sweets_bakery,العثيم - حي المروج,العثيم,حي المروج,العثيم - حي المروج,العليا,بلدية,بلدية العليا,True,False,لا يوجد,,0,,,False,none,date_parsed_from_text,23,True
Data 2025.xlsx,7913,2025-08-24,2025-08,2025-W34,3,6,ubot-1069-r01,Ubot-1069-R01,مياه حنفية لغسيل الادوات,المياه الغير معبأة (Unbottled water),Unbottled water,المياه الغير معبأة (Unbottled water),water,جواد القصيم للتجارة,جواد القصيم للتجارة,,جواد القصيم للتجارة,العليا,بلدية,بلدية العليا,True,False,لا يوجد,,0,,,False,none,date_parsed_from_text,0,False
Data 2025.xlsx,7931,2025-08-25,2025-08,2025-W35,3,0,1-3399-R01,1-3399-R01,هلابينو,(jalapeno) هلابينو,jalapeno,(jalapeno) هلابينو,produce,شركه الفا لخدمات التشغيل المحدودة (بياتو) - حي المصيف,شركه الفا لخدمات التشغيل المحدودة (بياتو),حي المصيف,شركه الفا لخدمات التشغيل المحدودة (بياتو) - حي المصيف,العليا,بلدية,بلدية العليا,True,False,لا يوجد,,0,,,False,none,date_parsed_from_text,9,True
Data 2025.xlsx,7963,2025-08-25,2025-08,2025-W35,3,0,1-3400-R01,1-3400-R01,نكهة فراولة,نكهات مركزة ( Syrup ),Syrup,نكهات مركزة ( Syrup ),sauce_condiment,شركه الفا لخدمات والتشغيل المحدودة (ستيك هاوس) - حي المصيف,شركه الفا لخدمات والتشغيل المحدودة (ستيك هاوس),حي المصيف,شركه الفا لخدمات والتشغيل المحدودة (ستيك هاوس) - حي المصيف,العليا,بلدية,بلدية العليا,True,False,لا يوجد,,0,,,False,none,date_parsed_from_text,6,True
Data 2025.xlsx,7964,2025-08-25,2025-08,2025-W35,3,0,1-3401-R01,1-3401-R01,نكهة باشن فروت,نكهات مركزة ( Syrup ),Syrup,نكهات مركزة ( Syrup ),sauce_condiment,شركه الفا لخدمات والتشغيل المحدودة (ستيك هاوس) - حي المصيف,شركه الفا لخدمات والتشغيل المحدودة (ستيك هاوس),حي المصيف,شركه الفا لخدمات والتشغيل المحدودة (ستيك هاوس) - حي المصيف,العليا,بلدية,بلدية العليا,True,False,لا يوجد,,0,,,False,none,date_parsed_from_text,6,True
Data 2025.xlsx,7965,2025-08-25,2025-08,2025-W35,3,0,1-3402-R01,1-3402-R01,نكهة توت اسود,نكهات مركزة ( Syrup ),Syrup,نكهات مركزة ( Syrup ),sauce_condiment,شركه الفا لخدمات والتشغيل المحدودة (ستيك هاوس) - حي المصيف,شركه الفا لخدمات والتشغيل المحدودة (ستيك هاوس),حي المصيف,شركه الفا لخدمات والتشغيل المحدودة (ستيك هاوس) - حي المصيف,العليا,بلدية,بلدية العليا,True,False,لا يوجد,,0,,,False,none,date_parsed_from_text,6,True
Data 2025.xlsx,7929,2025-08-25,2025-08,2025-W35,3,0,OO-OSS-po-0435-R01,OO-OSS-po-0435-R01,بطاطس مقلي,البطاطس (potatoes),potatoes,البطاطس (potatoes),produce,شركه الفا لخدمات التشغيل المحدودة (بياتو) - حي المصيف,شركه الفا لخدمات التشغيل المحدودة (بياتو),حي المصيف,شركه الفا لخدمات التشغيل المحدودة (بياتو) - حي المصيف,العليا,بلدية,بلدية العليا,True,False,لا يوجد,,0,,,False,none,date_parsed_from_text,9,True
Data 2025.xlsx,7959,2025-08-25,2025-08,2025-W35,3,0,OO-OSS-po-0436-R01,OO-OSS-po-0436-R01,بطاطس مقلي,البطاطس (potatoes),potatoes,البطاطس (potatoes),produce,شركه الفا لخدمات والتشغيل المحدودة (ستيك هاوس) - حي المصيف,شركه الفا لخدمات والتشغيل المحدودة (ستيك هاوس),حي المصيف,شركه الفا لخدمات والتشغيل المحدودة (ستيك هاوس) - حي المصيف,العليا,بلدية,بلدية العليا,True,False,لا يوجد,,0,,,False,none,date_parsed_from_text,5,True
Data 2025.xlsx,7949,2025-08-25,2025-08,2025-W35,3,0,chee-0843-r01,Chee-0843-R01,جبن فيتا,(cheese) جبنة,cheese,(cheese) جبنة,dairy,شركه الفا لخدمات والتشغيل المحدودة (ستيك هاوس) - حي المصيف,شركه الفا لخدمات والتشغيل المحدودة (ستيك هاوس),حي المصيف,شركه الفا لخدمات والتشغيل المحدودة (ستيك هاوس) - حي المصيف,العليا,بلدية,بلدية العليا,True,False,لا يوجد,,0,,,False,none,date_parsed_from_text,3,True
Data 2025.xlsx,7930,2025-08-25,2025-08,2025-W35,3,0,co-0595-r01,co-0595-R01,دجاج استريبس,الدجاج المطبوخ (Cooked chicken),Cooked chicken,الدجاج المطبوخ (Cooked chicken),cooked_meat_poultry,شركه الفا لخدمات التشغيل المحدودة (بياتو) - حي المصيف,شركه الفا لخدمات التشغيل المحدودة (بياتو),حي المصيف,شركه الفا لخدمات التشغيل المحدودة (بياتو) - حي المصيف,العليا,بلدية,بلدية العليا,True,False,لا يوجد,,0,,,False,none,date_parsed_from_text,9,True
Data 2025.xlsx,7961,2025-08-25,2025-08,2025-W35,3,0,jui-0501-r01,jui-0501-R01,عصير ليمون,العصائر الطازجة Un-pasteurized juices (fresh),fresh,العصائر الطازجة Un-pasteurized juices (fresh),beverage,شركه الفا لخدمات والتشغيل المحدودة (ستيك هاوس) - حي المصيف,شركه الفا لخدمات والتشغيل المحدودة (ستيك هاوس),حي المصيف,شركه الفا لخدمات والتشغيل المحدودة (ستيك هاوس) - حي المصيف,العليا,بلدية,بلدية العليا,True,False,لا يوجد,,0,,,False,none,date_parsed_from_text,6,True
Data 2025.xlsx,7962,2025-08-25,2025-08,2025-W35,3,0,jui-0502-r01,jui-0502-R01,عصير برتقال,العصائر الطازجة Un-pasteurized juices (fresh),fresh,العصائر الطازجة Un-pasteurized juices (fresh),beverage,شركه الفا لخدمات والتشغيل المحدودة (ستيك هاوس) - حي المصيف,شركه الفا لخدمات والتشغيل المحدودة (ستيك هاوس),حي المصيف,شركه الفا لخدمات والتشغيل المحدودة (ستيك هاوس) - حي المصيف,العليا,بلدية,بلدية العليا,True,False,لا يوجد,,0,,,False,none,date_parsed_from_text,6,True
Data 2025.xlsx,7914,2025-08-25,2025-08,2025-W35,3,0,raw-0492-r01,Raw-0492-R01,لحم حاشي ظهر,لحوم نيئة مبردة ومجمدة (Raw meat Cold or chilled ),Raw meat Cold or chilled,لحوم نيئة مبردة ومجمدة (Raw meat Cold or chilled ),raw_meat,متاجر الروشن,متاجر الروشن,,متاجر الروشن,العليا,بلدية,بلدية العليا,True,False,لا يوجد,,0,,,False,none,date_parsed_from_text,0,False
Data 2025.xlsx,7932,2025-08-25,2025-08,2025-W35,3,0,sal-1579-r01,Sal-1579-R01,سلطة باذنجان,السلطة(Salad),Salad,السلطة(Salad),produce,شركه الفا لخدمات التشغيل المحدودة (بياتو) - حي المصيف,شركه الفا لخدمات التشغيل المحدودة (بياتو),حي المصيف,شركه الفا لخدمات التشغيل المحدودة (بياتو) - حي المصيف,العليا,بلدية,بلدية العليا,True,False,لا يوجد,,0,,,False,none,date_parsed_from_text,9,True
Data 2025.xlsx,7933,2025-08-25,2025-08,2025-W35,3,0,sal-1580-r01,Sal-1580-R01,سلطة دجاج,السلطة(Salad),Salad,السلطة(Salad),produce,شركه الفا لخدمات التشغيل المحدودة (بياتو) - حي المصيف,شركه الفا لخدمات التشغيل المحدودة (بياتو),حي المصيف,شركه الفا لخدمات التشغيل المحدودة (بياتو) - حي المصيف,العليا,بلدية,بلدية العليا,True,False,لا يوجد,,0,,,False,none,date_parsed_from_text,9,True
Data 2025.xlsx,7934,2025-08-25,2025-08,2025-W35,3,0,sal-1581-r01,Sal-1581-R01,سلطة حمص حب,السلطة(Salad),Salad,السلطة(Salad),produce,شركه الفا لخدمات التشغيل المحدودة (بياتو) - حي المصيف,شركه الفا لخدمات التشغيل المحدودة (بياتو),حي المصيف,شركه الفا لخدمات التشغيل المحدودة (بياتو) - حي المصيف,العليا,بلدية,بلدية العليا,False,True,العد الكلي للبكتيريا,العد الكلي للبكتيريا,1,,العد الكلي للبكتيريا,False,indicator_only,date_parsed_from_text,10,True
Data 2025.xlsx,7935,2025-08-25,2025-08,2025-W35,3,0,sal-1582-r01,Sal-1582-R01,سلطة كيل,السلطة(Salad),Salad,السلطة(Salad),produce,شركه الفا لخدمات التشغيل المحدودة (بياتو) - حي المصيف,شركه الفا لخدمات التشغيل المحدودة (بياتو),حي المصيف,شركه الفا لخدمات التشغيل المحدودة (بياتو) - حي المصيف,العليا,بلدية,بلدية العليا,True,False,لا يوجد,,0,,,False,none,date_parsed_from_text,10,True
Data 2025.xlsx,7936,2025-08-25,2025-08,2025-W35,3,0,sal-1583-r01,Sal-1583-R01,سلطة باستا ايطالية,السلطة(Salad),Salad,السلطة(Salad),produce,شركه الفا لخدمات التشغيل المحدودة (بياتو) - حي المصيف,شركه الفا لخدمات التشغيل المحدودة (بياتو),حي المصيف,شركه الفا لخدمات التشغيل المحدودة (بياتو) - حي المصيف,العليا,بلدية,بلدية العليا,False,True,استافيلوكوكس اورياس,استافيلوكوكس اورياس,1,استافيلوكوكس اورياس,,True,pathogen,date_parsed_from_text,11,True
Data 2025.xlsx,7937,2025-08-25,2025-08,2025-W35,3,0,sal-1584-r01,Sal-1584-R01,سلطة دجاج,السلطة(Salad),Salad,السلطة(Salad),produce,شركه الفا لخدمات والتشغيل المحدودة (ستيك هاوس) - حي المصيف,شركه الفا لخدمات والتشغيل المحدودة (ستيك هاوس),حي المصيف,شركه الفا لخدمات والتشغيل المحدودة (ستيك هاوس) - حي المصيف,العليا,بلدية,بلدية العليا,False,True,استافيلوكوكس اورياس,استافيلوكوكس اورياس,1,استافيلوكوكس اورياس,,True,pathogen,date_parsed_from_text,1,False
Data 2025.xlsx,7938,2025-08-25,2025-08,2025-W35,3,0,sal-1585-r01,Sal-1585-R01,سلطة بروكلي,السلطة(Salad),Salad,السلطة(Salad),produce,شركه الفا لخدمات والتشغيل المحدودة (ستيك هاوس) - حي المصيف,شركه الفا لخدمات والتشغيل المحدودة (ستيك هاوس),حي المصيف,شركه الفا لخدمات والتشغيل المحدودة (ستيك هاوس) - حي المصيف,العليا,بلدية,بلدية العليا,True,False,لا يوجد,,0,,,False,none,date_parsed_from_text,1,False
Data 2025.xlsx,7939,2025-08-25,2025-08,2025-W35,3,0,sal-1586-r01,Sal-1586-R01,سلطة بطاطس,السلطة(Salad),Salad,السلطة(Salad),produce,شركه الفا لخدمات والتشغيل المحدودة (ستيك هاوس) - حي المصيف,شركه الفا لخدمات والتشغيل المحدودة (ستيك هاوس),حي المصيف,شركه الفا لخدمات والتشغيل المحدودة (ستيك هاوس) - حي المصيف,العليا,بلدية,بلدية العليا,True,False,لا يوجد,,0,,,False,none,date_parsed_from_text,1,False
Data 2025.xlsx,7940,2025-08-25,2025-08,2025-W35,3,0,sal-1587-r01,Sal-1587-R01,سلطة تونة,السلطة(Salad),Salad,السلطة(Salad),produce,شركه الفا لخدمات والتشغيل المحدودة (ستيك هاوس) - حي المصيف,شركه الفا لخدمات والتشغيل المحدودة (ستيك هاوس),حي المصيف,شركه الفا لخدمات والتشغيل المحدودة (ستيك هاوس) - حي المصيف,العليا,بلدية,بلدية العليا,True,False,لا يوجد,,0,,,False,none,date_parsed_from_text,1,False
Data 2025.xlsx,7941,2025-08-25,2025-08,2025-W35,3,0,sal-1589-r01,Sal-1589-R01,سلطة كيل,السلطة(Salad),Salad,السلطة(Salad),produce,شركه الفا لخدمات والتشغيل المحدودة (ستيك هاوس) - حي المصيف,شركه الفا لخدمات والتشغيل المحدودة (ستيك هاوس),حي المصيف,شركه الفا لخدمات والتشغيل المحدودة (ستيك هاوس) - حي المصيف,العليا,بلدية,بلدية العليا,True,False,لا يوجد,,0,,,False,none,date_parsed_from_text,1,False
Data 2025.xlsx,7942,2025-08-25,2025-08,2025-W35,3,0,sal-1590-r01,Sal-1590-R01,سلطة تفاح,السلطة(Salad),Salad,السلطة(Salad),produce,شركه الفا لخدمات والتشغيل المحدودة (ستيك هاوس) - حي المصيف,شركه الفا لخدمات والتشغيل المحدودة (ستيك هاوس),حي المصيف,شركه الفا لخدمات والتشغيل المحدودة (ستيك هاوس) - حي المصيف,العليا,بلدية,بلدية العليا,True,False,لا يوجد,,0,,,False,none,date_parsed_from_text,1,False
Data 2025.xlsx,7915,2025-08-25,2025-08,2025-W35,3,0,sau-2226-r01,sau-2226-R01,صوص سلطة دجاج,صوص (sauce),sauce,صوص (sauce),sauce_condiment,شركه الفا لخدمات التشغيل المحدودة (بياتو) - حي المصيف,شركه الفا لخدمات التشغيل المحدودة (بياتو),حي المصيف,شركه الفا لخدمات التشغيل المحدودة (بياتو) - حي المصيف,العليا,بلدية,بلدية العليا,False,True,انتيروباكتريسي,انتيروباكتريسي,1,,انتيروباكتريسي,False,indicator_only,date_parsed_from_text,1,False
Data 2025.xlsx,7916,2025-08-25,2025-08,2025-W35,3,0,sau-2227-r01,sau-2227-R01,صوص خل ماسترد,صوص (sauce),sauce,صوص (sauce),sauce_condiment,شركه الفا لخدمات التشغيل المحدودة (بياتو) - حي المصيف,شركه الفا لخدمات التشغيل المحدودة (بياتو),حي المصيف,شركه الفا لخدمات التشغيل المحدودة (بياتو) - حي المصيف,العليا,بلدية,بلدية العليا,False,True,انتيروباكتريسي,انتيروباكتريسي,1,,انتيروباكتريسي,False,indicator_only,date_parsed_from_text,2,True
Data 2025.xlsx,7917,2025-08-25,2025-08,2025-W35,3,0,sau-2228-r01,sau-2228-R01,صوص سلطة التونة,صوص (sauce),sauce,صوص (sauce),sauce_condiment,شركه الفا لخدمات التشغيل المحدودة (بياتو) - حي المصيف,شركه الفا لخدمات التشغيل المحدودة (بياتو),حي المصيف,شركه الفا لخدمات التشغيل المحدودة (بياتو) - حي المصيف,العليا,بلدية,بلدية العليا,False,True,العد الكلي للبكتيريا,العد الكلي للبكتيريا,1,,العد الكلي للبكتيريا,False,indicator_only,date_parsed_from_text,3,True
Data 2025.xlsx,7918,2025-08-25,2025-08,2025-W35,3,0,sau-2229-r01,sau-2229-R01,صوص كريم زبادي,صوص (sauce),sauce,صوص (sauce),sauce_condiment,شركه الفا لخدمات التشغيل المحدودة (بياتو) - حي المصيف,شركه الفا لخدمات التشغيل المحدودة (بياتو),حي المصيف,شركه الفا لخدمات التشغيل المحدودة (بياتو) - حي المصيف,العليا,بلدية,بلدية العليا,True,False,لا يوجد,,0,,,False,none,date_parsed_from_text,3,True
Data 2025.xlsx,7919,2025-08-25,2025-08,2025-W35,3,0,sau-2230-r01,sau-2230-R01,صوص خل الليمون,صوص (sauce),sauce,صوص (sauce),sauce_condiment,شركه الفا لخدمات التشغيل المحدودة (بياتو) - حي المصيف,شركه الفا لخدمات التشغيل المحدودة (بياتو),حي المصيف,شركه الفا لخدمات التشغيل المحدودة (بياتو) - حي المصيف,العليا,بلدية,بلدية العليا,True,False,لا يوجد,,0,,,False,none,date_parsed_from_text,3,True
Data 2025.xlsx,7920,2025-08-25,2025-08,2025-W35,3,0,sau-2231-r01,sau-2231-R01,صوص كاتشب,صوص (sauce),sauce,صوص (sauce),sauce_condiment,شركه الفا لخدمات التشغيل المحدودة (بياتو) - حي المصيف,شركه الفا لخدمات التشغيل المحدودة (بياتو),حي المصيف,شركه الفا لخدمات التشغيل المحدودة (بياتو) - حي المصيف,العليا,بلدية,بلدية العليا,True,False,لا يوجد,,0,,,False,none,date_parsed_from_text,3,True
Data 2025.xlsx,7921,2025-08-25,2025-08,2025-W35,3,0,sau-2232-r01,sau-2232-R01,صوص عسل بالفلفل,صوص (sauce),sauce,صوص (sauce),sauce_condiment,شركه الفا لخدمات التشغيل المحدودة (بياتو) - حي المصيف,شركه الفا لخدمات التشغيل المحدودة (بياتو),حي المصيف,شركه الفا لخدمات التشغيل المحدودة (بياتو) - حي المصيف,العليا,بلدية,بلدية العليا,True,False,لا يوجد,,0,,,False,none,date_parsed_from_text,3,True
Data 2025.xlsx,7922,2025-08-25,2025-08,2025-W35,3,0,sau-2233-r01,sau-2233-R01,صوص رانش,صوص (sauce),sauce,صوص (sauce),sauce_condiment,شركه الفا لخدمات التشغيل المحدودة (بياتو) - حي المصيف,شركه الفا لخدمات التشغيل المحدودة (بياتو),حي المصيف,شركه الفا لخدمات التشغيل المحدودة (بياتو) - حي المصيف,العليا,بلدية,بلدية العليا,False,True,العد الكلي للبكتيريا | استافيلوكوكس اورياس | الخمائر والاعفان,العد الكلي للبكتيريا | استافيلوكوكس اورياس | الخمائر والاعفان,3,استافيلوكوكس اورياس,العد الكلي للبكتيريا | الخمائر والاعفان,True,pathogen,date_parsed_from_text,4,True
Data 2025.xlsx,7923,2025-08-25,2025-08,2025-W35,3,0,sau-2234-r01,sau-2234-R01,صوص باربكيو رانش,صوص (sauce),sauce,صوص (sauce),sauce_condiment,شركه الفا لخدمات التشغيل المحدودة (بياتو) - حي المصيف,شركه الفا لخدمات التشغيل المحدودة (بياتو),حي المصيف,شركه الفا لخدمات التشغيل المحدودة (بياتو) - حي المصيف,العليا,بلدية,بلدية العليا,False,True,العد الكلي للبكتيريا | استافيلوكوكس اورياس,العد الكلي للبكتيريا | استافيلوكوكس اورياس,2,استافيلوكوكس اورياس,العد الكلي للبكتيريا,True,pathogen,date_parsed_from_text,5,True
Data 2025.xlsx,7924,2025-08-25,2025-08,2025-W35,3,0,sau-2235-r01,sau-2235-R01,صوص هني ماسترد,صوص (sauce),sauce,صوص (sauce),sauce_condiment,شركه الفا لخدمات التشغيل المحدودة (بياتو) - حي المصيف,شركه الفا لخدمات التشغيل المحدودة (بياتو),حي المصيف,شركه الفا لخدمات التشغيل المحدودة (بياتو) - حي المصيف,العليا,بلدية,بلدية العليا,True,False,لا يوجد,,0,,,False,none,date_parsed_from_text,5,True
Data 2025.xlsx,7925,2025-08-25,2025-08,2025-W35,3,0,sau-2236-r01,sau-2236-R01,صوص بيري بيري,صوص (sauce),sauce,صوص (sauce),sauce_condiment,شركه الفا لخدمات التشغيل المحدودة (بياتو) - حي المصيف,شركه الفا لخدمات التشغيل المحدودة (بياتو),حي المصيف,شركه الفا لخدمات التشغيل المحدودة (بياتو) - حي المصيف,العليا,بلدية,بلدية العليا,False,True,العد الكلي للبكتيريا,العد الكلي للبكتيريا,1,,العد الكلي للبكتيريا,False,indicator_only,date_parsed_from_text,6,True
Data 2025.xlsx,7926,2025-08-25,2025-08,2025-W35,3,0,sau-2237-r01,sau-2237-R01,صوص ثوم حار,صوص (sauce),sauce,صوص (sauce),sauce_condiment,شركه الفا لخدمات التشغيل المحدودة (بياتو) - حي المصيف,شركه الفا لخدمات التشغيل المحدودة (بياتو),حي المصيف,شركه الفا لخدمات التشغيل المحدودة (بياتو) - حي المصيف,العليا,بلدية,بلدية العليا,False,True,العد الكلي للبكتيريا | انتيروباكتريسي,العد الكلي للبكتيريا | انتيروباكتريسي,2,,العد الكلي للبكتيريا | انتيروباكتريسي,False,indicator_only,date_parsed_from_text,7,True
Data 2025.xlsx,7927,2025-08-25,2025-08,2025-W35,3,0,sau-2238-r01,sau-2238-R01,صوص دنياميت حار,صوص (sauce),sauce,صوص (sauce),sauce_condiment,شركه الفا لخدمات التشغيل المحدودة (بياتو) - حي المصيف,شركه الفا لخدمات التشغيل المحدودة (بياتو),حي المصيف,شركه الفا لخدمات التشغيل المحدودة (بياتو) - حي المصيف,العليا,بلدية,بلدية العليا,False,True,العد الكلي للبكتيريا,العد الكلي للبكتيريا,1,,العد الكلي للبكتيريا,False,indicator_only,date_parsed_from_text,8,True
Data 2025.xlsx,7928,2025-08-25,2025-08,2025-W35,3,0,sau-2239-r01,sau-2239-R01,صوص ثوم خل,صوص (sauce),sauce,صوص (sauce),sauce_condiment,شركه الفا لخدمات التشغيل المحدودة (بياتو) - حي المصيف,شركه الفا لخدمات التشغيل المحدودة (بياتو),حي المصيف,شركه الفا لخدمات التشغيل المحدودة (بياتو) - حي المصيف,العليا,بلدية,بلدية العليا,False,True,العد الكلي للبكتيريا | استافيلوكوكس اورياس | الخمائر والاعفان,العد الكلي للبكتيريا | استافيلوكوكس اورياس | الخمائر والاعفان,3,استافيلوكوكس اورياس,العد الكلي للبكتيريا | الخمائر والاعفان,True,pathogen,date_parsed_from_text,9,True
Data 2025.xlsx,7943,2025-08-25,2025-08,2025-W35,3,0,sau-2240-r01,sau-2240-R01,صوص مايونيز,صوص (sauce),sauce,صوص (sauce),sauce_condiment,شركه الفا لخدمات والتشغيل المحدودة (ستيك هاوس) - حي المصيف,شركه الفا لخدمات والتشغيل المحدودة (ستيك هاوس),حي المصيف,شركه الفا لخدمات والتشغيل المحدودة (ستيك هاوس) - حي المصيف,العليا,بلدية,بلدية العليا,True,False,لا يوجد,,0,,,False,none,date_parsed_from_text,1,False
Data 2025.xlsx,7950,2025-08-25,2025-08,2025-W35,3,0,sau-2241-r01,sau-2241-R01,صوص بستاشو,صوص (sauce),sauce,صوص (sauce),sauce_condiment,شركه الفا لخدمات والتشغيل المحدودة (ستيك هاوس) - حي المصيف,شركه الفا لخدمات والتشغيل المحدودة (ستيك هاوس),حي المصيف,شركه الفا لخدمات والتشغيل المحدودة (ستيك هاوس) - حي المصيف,العليا,بلدية,بلدية العليا,True,False,لا يوجد,,0,,,False,none,date_parsed_from_text,3,True
Data 2025.xlsx,7951,2025-08-25,2025-08,2025-W35,3,0,sau-2242-r01,sau-2242-R01,قطع ليمون,الليمون (Lemons),Lemons,الليمون (Lemons),produce,شركه الفا لخدمات والتشغيل المحدودة (ستيك هاوس) - حي المصيف,شركه الفا لخدمات والتشغيل المحدودة (ستيك هاوس),حي المصيف,شركه الفا لخدمات والتشغيل المحدودة (ستيك هاوس) - حي المصيف,العليا,بلدية,بلدية العليا,True,False,لا يوجد,,0,,,False,none,date_parsed_from_text,3,True
Data 2025.xlsx,7952,2025-08-25,2025-08,2025-W35,3,0,sau-2243-r01,sau-2243-R01,صوص ديناميت,صوص (sauce),sauce,صوص (sauce),sauce_condiment,شركه الفا لخدمات والتشغيل المحدودة (ستيك هاوس) - حي المصيف,شركه الفا لخدمات والتشغيل المحدودة (ستيك هاوس),حي المصيف,شركه الفا لخدمات والتشغيل المحدودة (ستيك هاوس) - حي المصيف,العليا,بلدية,بلدية العليا,True,False,لا يوجد,,0,,,False,none,date_parsed_from_text,3,True
Data 2025.xlsx,7953,2025-08-25,2025-08,2025-W35,3,0,sau-2244-r01,sau-2244-R01,صوص هني ماسترد,صوص (sauce),sauce,صوص (sauce),sauce_condiment,شركه الفا لخدمات والتشغيل المحدودة (ستيك هاوس) - حي المصيف,شركه الفا لخدمات والتشغيل المحدودة (ستيك هاوس),حي المصيف,شركه الفا لخدمات والتشغيل المحدودة (ستيك هاوس) - حي المصيف,العليا,بلدية,بلدية العليا,True,False,لا يوجد,,0,,,False,none,date_parsed_from_text,3,True
Data 2025.xlsx,7954,2025-08-25,2025-08,2025-W35,3,0,sau-2245-r01,sau-2245-R01,صوص شبتلي,صوص (sauce),sauce,صوص (sauce),sauce_condiment,شركه الفا لخدمات والتشغيل المحدودة (ستيك هاوس) - حي المصيف,شركه الفا لخدمات والتشغيل المحدودة (ستيك هاوس),حي المصيف,شركه الفا لخدمات والتشغيل المحدودة (ستيك هاوس) - حي المصيف,العليا,بلدية,بلدية العليا,False,True,العد الكلي للبكتيريا | استافيلوكوكس اورياس,العد الكلي للبكتيريا | استافيلوكوكس اورياس,2,استافيلوكوكس اورياس,العد الكلي للبكتيريا,True,pathogen,date_parsed_from_text,4,True
Data 2025.xlsx,7955,2025-08-25,2025-08,2025-W35,3,0,sau-2246-r01,sau-2246-R01,صوص بافلو,صوص (sauce),sauce,صوص (sauce),sauce_condiment,شركه الفا لخدمات والتشغيل المحدودة (ستيك هاوس) - حي المصيف,شركه الفا لخدمات والتشغيل المحدودة (ستيك هاوس),حي المصيف,شركه الفا لخدمات والتشغيل المحدودة (ستيك هاوس) - حي المصيف,العليا,بلدية,بلدية العليا,False,True,العد الكلي للبكتيريا | الخمائر والاعفان,العد الكلي للبكتيريا | الخمائر والاعفان,2,,العد الكلي للبكتيريا | الخمائر والاعفان,False,indicator_only,date_parsed_from_text,5,True
Data 2025.xlsx,7956,2025-08-25,2025-08,2025-W35,3,0,sau-2247-r01,sau-2247-R01,صوص كاتشب,صوص (sauce),sauce,صوص (sauce),sauce_condiment,شركه الفا لخدمات والتشغيل المحدودة (ستيك هاوس) - حي المصيف,شركه الفا لخدمات والتشغيل المحدودة (ستيك هاوس),حي المصيف,شركه الفا لخدمات والتشغيل المحدودة (ستيك هاوس) - حي المصيف,العليا,بلدية,بلدية العليا,True,False,لا يوجد,,0,,,False,none,date_parsed_from_text,5,True
Data 2025.xlsx,7957,2025-08-25,2025-08,2025-W35,3,0,sau-2248-r01,sau-2248-R01,صوص ترياكي,صوص (sauce),sauce,صوص (sauce),sauce_condiment,شركه الفا لخدمات والتشغيل المحدودة (ستيك هاوس) - حي المصيف,شركه الفا لخدمات والتشغيل المحدودة (ستيك هاوس),حي المصيف,شركه الفا لخدمات والتشغيل المحدودة (ستيك هاوس) - حي المصيف,العليا,بلدية,بلدية العليا,True,False,لا يوجد,,0,,,False,none,date_parsed_from_text,5,True
Data 2025.xlsx,7958,2025-08-25,2025-08,2025-W35,3,0,sau-2249-r01,sau-2249-R01,صوص باربكيو,صوص (sauce),sauce,صوص (sauce),sauce_condiment,شركه الفا لخدمات والتشغيل المحدودة (ستيك هاوس) - حي المصيف,شركه الفا لخدمات والتشغيل المحدودة (ستيك هاوس),حي المصيف,شركه الفا لخدمات والتشغيل المحدودة (ستيك هاوس) - حي المصيف,العليا,بلدية,بلدية العليا,True,False,لا يوجد,,0,,,False,none,date_parsed_from_text,5,True
Data 2025.xlsx,7960,2025-08-25,2025-08,2025-W35,3,0,sw-3482-r01,sw-3482-R01,مسحة حافظة بطاطس,(Swabs) المسحات,Swabs,(Swabs) المسحات,swab,شركه الفا لخدمات والتشغيل المحدودة (ستيك هاوس) - حي المصيف,شركه الفا لخدمات والتشغيل المحدودة (ستيك هاوس),حي المصيف,شركه الفا لخدمات والتشغيل المحدودة (ستيك هاوس) - حي المصيف,العليا,بلدية,بلدية العليا,False,True,العد الكلي للبكتيريا,العد الكلي للبكتيريا,1,,العد الكلي للبكتيريا,False,indicator_only,date_parsed_from_text,6,True
Data 2025.xlsx,7966,2025-08-25,2025-08,2025-W35,3,0,sw-3483-r01,sw-3483-R01,مسحة حافظة ثلج,(Swabs) المسحات,Swabs,(Swabs) المسحات,swab,شركه الفا لخدمات والتشغيل المحدودة (ستيك هاوس) - حي المصيف,شركه الفا لخدمات والتشغيل المحدودة (ستيك هاوس),حي المصيف,شركه الفا لخدمات والتشغيل المحدودة (ستيك هاوس) - حي المصيف,العليا,بلدية,بلدية العليا,True,False,لا يوجد,,0,,,False,none,date_parsed_from_text,6,True
Data 2025.xlsx,7944,2025-08-25,2025-08,2025-W35,3,0,sweet-1392-r01,sweet-1392-R01,تشز كيك,الحلا(sweetness),sweetness,الحلا(sweetness),sweets_bakery,شركه الفا لخدمات والتشغيل المحدودة (ستيك هاوس) - حي المصيف,شركه الفا لخدمات والتشغيل المحدودة (ستيك هاوس),حي المصيف,شركه الفا لخدمات والتشغيل المحدودة (ستيك هاوس) - حي المصيف,العليا,بلدية,بلدية العليا,True,False,لا يوجد,,0,,,False,none,date_parsed_from_text,1,False
Data 2025.xlsx,7945,2025-08-25,2025-08,2025-W35,3,0,sweet-1393-r01,sweet-1393-R01,كيك تمر,الحلا(sweetness),sweetness,الحلا(sweetness),sweets_bakery,شركه الفا لخدمات والتشغيل المحدودة (ستيك هاوس) - حي المصيف,شركه الفا لخدمات والتشغيل المحدودة (ستيك هاوس),حي المصيف,شركه الفا لخدمات والتشغيل المحدودة (ستيك هاوس) - حي المصيف,العليا,بلدية,بلدية العليا,True,False,لا يوجد,,0,,,False,none,date_parsed_from_text,1,False
Data 2025.xlsx,7946,2025-08-25,2025-08,2025-W35,3,0,sweet-1394-r01,sweet-1394-R01,كيك نوتيلا شوكولاتة,الحلا(sweetness),sweetness,الحلا(sweetness),sweets_bakery,شركه الفا لخدمات والتشغيل المحدودة (ستيك هاوس) - حي المصيف,شركه الفا لخدمات والتشغيل المحدودة (ستيك هاوس),حي المصيف,شركه الفا لخدمات والتشغيل المحدودة (ستيك هاوس) - حي المصيف,العليا,بلدية,بلدية العليا,False,True,العد الكلي للبكتيريا | استافيلوكوكس اورياس,العد الكلي للبكتيريا | استافيلوكوكس اورياس,2,استافيلوكوكس اورياس,العد الكلي للبكتيريا,True,pathogen,date_parsed_from_text,2,True
Data 2025.xlsx,7947,2025-08-25,2025-08,2025-W35,3,0,sweet-1395-r01,sweet-1395-R01,كيك ميكانو شوكولاتة,الحلا(sweetness),sweetness,الحلا(sweetness),sweets_bakery,شركه الفا لخدمات والتشغيل المحدودة (ستيك هاوس) - حي المصيف,شركه الفا لخدمات والتشغيل المحدودة (ستيك هاوس),حي المصيف,شركه الفا لخدمات والتشغيل المحدودة (ستيك هاوس) - حي المصيف,العليا,بلدية,بلدية العليا,True,False,لا يوجد,,0,,,False,none,date_parsed_from_text,2,True
Data 2025.xlsx,7948,2025-08-25,2025-08,2025-W35,3,0,sweet-1396-r01,sweet-1396-R01,كيك تراميسو,الحلا(sweetness),sweetness,الحلا(sweetness),sweets_bakery,شركه الفا لخدمات والتشغيل المحدودة (ستيك هاوس) - حي المصيف,شركه الفا لخدمات والتشغيل المحدودة (ستيك هاوس),حي المصيف,شركه الفا لخدمات والتشغيل المحدودة (ستيك هاوس) - حي المصيف,العليا,بلدية,بلدية العليا,False,True,انتيروباكتريسي,انتيروباكتريسي,1,,انتيروباكتريسي,False,indicator_only,date_parsed_from_text,3,True
Data 2025.xlsx,7967,2025-08-25,2025-08,2025-W35,3,0,ubot-1070-r01,Ubot-1070-R01,مياه حنفية لغسيل الادوات م.ك,المياه الغير معبأة (Unbottled water),Unbottled water,المياه الغير معبأة (Unbottled water),water,متاجر الروشن,متاجر الروشن,,متاجر الروشن,العليا,بلدية,بلدية العليا,True,False,لا يوجد,,0,,,False,none,date_parsed_from_text,0,False
Data 2025.xlsx,7968,2025-08-25,2025-08,2025-W35,3,0,ubot-1071-r01,Ubot-1071-R01,مياه حنفية لغسيل الادوات م.ك (المخبز),المياه الغير معبأة (Unbottled water),Unbottled water,المياه الغير معبأة (Unbottled water),water,متاجر الروشن,متاجر الروشن,,متاجر الروشن,العليا,بلدية,بلدية العليا,True,False,لا يوجد,,0,,,False,none,date_parsed_from_text,0,False
Data 2025.xlsx,7969,2025-08-25,2025-08,2025-W35,3,0,ubot-1072-r01,Ubot-1072-R01,مياه مجهولة المصدر,المياه الغير معبأة (Unbottled water),Unbottled water,المياه الغير معبأة (Unbottled water),water,عينة خاصة,عينة خاصة,,عينة خاصة,عينة خاصة,خاص,عينة خاصة,False,True,كوليفورم,كوليفورم,1,,كوليفورم,False,indicator_only,date_parsed_from_text,1,False
Data 2025.xlsx,8007,2025-08-26,2025-08,2025-W35,3,1,1-3404-R01,1-3404-R01,قشطة سادة,(cream) قشطة,cream,(cream) قشطة,dairy,كرم بيروت - المحمدية,كرم بيروت,المحمدية,كرم بيروت - المحمدية,المعذر,بلدية,بلدية المعذر,False,True,العد الكلي للبكتيريا,العد الكلي للبكتيريا,1,,العد الكلي للبكتيريا,False,indicator_only,date_parsed_from_text,15,True
Data 2025.xlsx,8008,2025-08-26,2025-08,2025-W35,3,1,1-3405-R01,1-3405-R01,نكهة جوز الهند,نكهات مركزة ( Syrup ),Syrup,نكهات مركزة ( Syrup ),sauce_condiment,كرم بيروت - المحمدية,كرم بيروت,المحمدية,كرم بيروت - المحمدية,المعذر,بلدية,بلدية المعذر,True,False,لا يوجد,,0,,,False,none,date_parsed_from_text,15,True
Data 2025.xlsx,7980,2025-08-26,2025-08,2025-W35,3,1,O-U-po-0220-R01,O-U-po-0220-R01,حب رمان,الرمان (pomegranate),pomegranate,الرمان (pomegranate),produce,كرم بيروت - المحمدية,كرم بيروت,المحمدية,كرم بيروت - المحمدية,المعذر,بلدية,بلدية المعذر,True,False,لا يوجد,,0,,,False,none,date_parsed_from_text,0,False
Data 2025.xlsx,7978,2025-08-26,2025-08,2025-W35,3,1,O-U-to-0675-R01,O-U-to-0675-R01,طماطم كرز,الطماطم (Tomatoes),Tomatoes,الطماطم (Tomatoes),produce,كرم بيروت - المحمدية,كرم بيروت,المحمدية,كرم بيروت - المحمدية,المعذر,بلدية,بلدية المعذر,True,False,لا يوجد,,0,,,False,none,date_parsed_from_text,0,False
Data 2025.xlsx,7985,2025-08-26,2025-08,2025-W35,3,1,O-U-to-0676-R01,O-U-to-0676-R01,طماطم مفروم,الطماطم (Tomatoes),Tomatoes,الطماطم (Tomatoes),produce,كرم بيروت - المحمدية,كرم بيروت,المحمدية,كرم بيروت - المحمدية,المعذر,بلدية,بلدية المعذر,True,False,لا يوجد,,0,,,False,none,date_parsed_from_text,3,True
Data 2025.xlsx,7983,2025-08-26,2025-08,2025-W35,3,1,O-r-O3-le-0376-R01,O-r-O3-le-0376-R01,خس,الخس (Lettuce),Lettuce,الخس (Lettuce),produce,كرم بيروت - المحمدية,كرم بيروت,المحمدية,كرم بيروت - المحمدية,المعذر,بلدية,بلدية المعذر,False,True,ايشيريشيا كولاي | استافيلوكوكس اورياس,ايشيريشيا كولاي | استافيلوكوكس اورياس,2,ايشيريشيا كولاي | استافيلوكوكس اورياس,,True,multi_pathogen,date_parsed_from_text,2,True
Data 2025.xlsx,8022,2025-08-26,2025-08,2025-W35,3,1,OO-OSS-po-0437-R01,OO-OSS-po-0437-R01,بطاطس مقلي,البطاطس (potatoes),potatoes,البطاطس (potatoes),produce,شيفز - حي المحمدية,شيفز,حي المحمدية,شيفز - حي المحمدية,المعذر,بلدية,بلدية المعذر,True,False,لا يوجد,,0,,,False,none,date_parsed_from_text,3,True
Data 2025.xlsx,7986,2025-08-26,2025-08,2025-W35,3,1,OOu-on-0530-R01,OOu-on-0530-R01,بصل مفروم مع بهارات,البصل (onions),onions,البصل (onions),produce,كرم بيروت - المحمدية,كرم بيروت,المحمدية,كرم بيروت - المحمدية,المعذر,بلدية,بلدية المعذر,False,True,ايشيريشيا كولاي | استافيلوكوكس اورياس,ايشيريشيا كولاي | استافيلوكوكس اورياس,2,ايشيريشيا كولاي | استافيلوكوكس اورياس,,True,multi_pathogen,date_parsed_from_text,4,True
Data 2025.xlsx,8020,2025-08-26,2025-08,2025-W35,3,1,OOu-on-0531-R01,OOu-on-0531-R01,قطع بصل,البصل (onions),onions,البصل (onions),produce,شيفز - حي المحمدية,شيفز,حي المحمدية,شيفز - حي المحمدية,المعذر,بلدية,بلدية المعذر,False,True,استافيلوكوكس اورياس,استافيلوكوكس اورياس,1,استافيلوكوكس اورياس,,True,pathogen,date_parsed_from_text,3,True
Data 2025.xlsx,7984,2025-08-26,2025-08,2025-W35,3,1,OU-pa-0259-R01,OU-pa-0259-R01,بقدونس مع رجلة,البقدونس (parsley),parsley,البقدونس (parsley),produce,كرم بيروت - المحمدية,كرم بيروت,المحمدية,كرم بيروت - المحمدية,المعذر,بلدية,بلدية المعذر,False,True,ايشيريشيا كولاي | استافيلوكوكس اورياس,ايشيريشيا كولاي | استافيلوكوكس اورياس,2,ايشيريشيا كولاي | استافيلوكوكس اورياس,,True,multi_pathogen,date_parsed_from_text,3,True
Data 2025.xlsx,7987,2025-08-26,2025-08,2025-W35,3,1,OU-pa-0260-R01,OU-pa-0260-R01,قطع بقدونس,البقدونس (parsley),parsley,البقدونس (parsley),produce,كرم بيروت - المحمدية,كرم بيروت,المحمدية,كرم بيروت - المحمدية,المعذر,بلدية,بلدية المعذر,False,True,ايشيريشيا كولاي,ايشيريشيا كولاي,1,ايشيريشيا كولاي,,True,pathogen,date_parsed_from_text,5,True
Data 2025.xlsx,7979,2025-08-26,2025-08,2025-W35,3,1,UO-ra-0106-R01,UO-ra-0106-R01,فجل,الفجل (radishes),radishes,الفجل (radishes),produce,كرم بيروت - المحمدية,كرم بيروت,المحمدية,كرم بيروت - المحمدية,المعذر,بلدية,بلدية المعذر,True,False,لا يوجد,,0,,,False,none,date_parsed_from_text,0,False
Data 2025.xlsx,7981,2025-08-26,2025-08,2025-W35,3,1,UU-ca-0121-R01,UU-ca-0121-R01,ملفوف فرانجي,الملفوف (cabbage),cabbage,الملفوف (cabbage),produce,كرم بيروت - المحمدية,كرم بيروت,المحمدية,كرم بيروت - المحمدية,المعذر,بلدية,بلدية المعذر,True,False,لا يوجد,,0,,,False,none,date_parsed_from_text,0,False
Data 2025.xlsx,8000,2025-08-26,2025-08,2025-W35,3,1,UU-le-0462-R01,UU-le-0462-R01,قطع ليمون,الليمون (Lemons),Lemons,الليمون (Lemons),produce,كرم بيروت - المحمدية,كرم بيروت,المحمدية,كرم بيروت - المحمدية,المعذر,بلدية,بلدية المعذر,True,False,لا يوجد,,0,,,False,none,date_parsed_from_text,13,True
Data 2025.xlsx,7974,2025-08-26,2025-08,2025-W35,3,1,appe-0581-r01,Appe-0581-R01,حمص,مقبلات (Appetizers),Appetizers,مقبلات (Appetizers),prepared_meal,كرم بيروت - المحمدية,كرم بيروت,المحمدية,كرم بيروت - المحمدية,المعذر,بلدية,بلدية المعذر,True,False,لا يوجد,,0,,,False,none,date_parsed_from_text,0,False
Data 2025.xlsx,7975,2025-08-26,2025-08,2025-W35,3,1,appe-0582-r01,Appe-0582-R01,متبل,مقبلات (Appetizers),Appetizers,مقبلات (Appetizers),prepared_meal,كرم بيروت - المحمدية,كرم بيروت,المحمدية,كرم بيروت - المحمدية,المعذر,بلدية,بلدية المعذر,True,False,لا يوجد,,0,,,False,none,date_parsed_from_text,0,False
Data 2025.xlsx,7977,2025-08-26,2025-08,2025-W35,3,1,bea-0210-r01,Bea-0210-R01,فول,الفول(Bean),Bean,الفول(Bean),produce,كرم بيروت - المحمدية,كرم بيروت,المحمدية,كرم بيروت - المحمدية,المعذر,بلدية,بلدية المعذر,True,False,لا يوجد,,0,,,False,none,date_parsed_from_text,0,False
Data 2025.xlsx,7976,2025-08-26,2025-08,2025-W35,3,1,homo-0476-r01,homo-0476-R01,حمص حب,"الحمص Homous , Tzatziki and other dips","Homous , Tzatziki and other dips","الحمص Homous , Tzatziki and other dips",prepared_meal,كرم بيروت - المحمدية,كرم بيروت,المحمدية,كرم بيروت - المحمدية,المعذر,بلدية,بلدية المعذر,True,False,لا يوجد,,0,,,False,none,date_parsed_from_text,0,False
Data 2025.xlsx,8004,2025-08-26,2025-08,2025-W35,3,1,jui-0503-r01,jui-0503-R01,عصير رمان,العصائر الطازجة Un-pasteurized juices (fresh),fresh,العصائر الطازجة Un-pasteurized juices (fresh),beverage,كرم بيروت - المحمدية,كرم بيروت,المحمدية,كرم بيروت - المحمدية,المعذر,بلدية,بلدية المعذر,False,True,الخمائر والاعفان,الخمائر والاعفان,1,,الخمائر والاعفان,False,indicator_only,date_parsed_from_text,14,True
Data 2025.xlsx,8005,2025-08-26,2025-08,2025-W35,3,1,jui-0504-r01,jui-0504-R01,عصير برتقال,العصائر الطازجة Un-pasteurized juices (fresh),fresh,العصائر الطازجة Un-pasteurized juices (fresh),beverage,كرم بيروت - المحمدية,كرم بيروت,المحمدية,كرم بيروت - المحمدية,المعذر,بلدية,بلدية المعذر,True,False,لا يوجد,,0,,,False,none,date_parsed_from_text,14,True
Data 2025.xlsx,7988,2025-08-26,2025-08,2025-W35,3,1,mola-0069-r01,mola-0069-R01,دبس رمان,( Molasses) دبس,Molasses,( Molasses) دبس,sauce_condiment,كرم بيروت - المحمدية,كرم بيروت,المحمدية,كرم بيروت - المحمدية,المعذر,بلدية,بلدية المعذر,True,False,لا يوجد,,0,,,False,none,date_parsed_from_text,5,True
Data 2025.xlsx,7991,2025-08-26,2025-08,2025-W35,3,1,pick-0520-r01,Pick-0520-R01,مخلل خيار,المخلل (Pickle),Pickle,المخلل (Pickle),sauce_condiment,كرم بيروت - المحمدية,كرم بيروت,المحمدية,كرم بيروت - المحمدية,المعذر,بلدية,بلدية المعذر,False,True,خمائر,الخمائر والاعفان,1,,الخمائر والاعفان,False,indicator_only,date_parsed_from_text,8,True
Data 2025.xlsx,8021,2025-08-26,2025-08,2025-W35,3,1,pick-0521-r01,Pick-0521-R01,مخلل خيار,المخلل (Pickle),Pickle,المخلل (Pickle),sauce_condiment,شيفز - حي المحمدية,شيفز,حي المحمدية,شيفز - حي المحمدية,المعذر,بلدية,بلدية المعذر,True,False,لا يوجد,,0,,,False,none,date_parsed_from_text,3,True
Data 2025.xlsx,7993,2025-08-26,2025-08,2025-W35,3,1,po-0134-r01,po-0134-R01,كبابا دجاج ني,الدجاج (Poultry),Poultry,الدجاج (Poultry),cooked_meat_poultry,كرم بيروت - المحمدية,كرم بيروت,المحمدية,كرم بيروت - المحمدية,المعذر,بلدية,بلدية المعذر,False,True,العد الكلي للبكتيريا | استافيلوكوكس اورياس | السالمونيلا,العد الكلي للبكتيريا | استافيلوكوكس اورياس | السالمونيلا,3,استافيلوكوكس اورياس | السالمونيلا,العد الكلي للبكتيريا,True,multi_pathogen,date_parsed_from_text,10,True
Data 2025.xlsx,7970,2025-08-26,2025-08,2025-W35,3,1,raw-0493-r01,Raw-0493-R01,لحم عجل بلدي فخذ,لحوم نيئة مبردة ومجمدة (Raw meat Cold or chilled ),Raw meat Cold or chilled,لحوم نيئة مبردة ومجمدة (Raw meat Cold or chilled ),raw_meat,مؤسسة لحوم المدينة التجارية,مؤسسة لحوم المدينة التجارية,,مؤسسة لحوم المدينة التجارية,الشمال,بلدية,بلدية الشمال,True,False,لا يوجد,,0,,,False,none,date_parsed_from_text,0,False
Data 2025.xlsx,7971,2025-08-26,2025-08,2025-W35,3,1,raw-0494-r01,Raw-0494-R01,لحم حاشي بلدي يد,لحوم نيئة مبردة ومجمدة (Raw meat Cold or chilled ),Raw meat Cold or chilled,لحوم نيئة مبردة ومجمدة (Raw meat Cold or chilled ),raw_meat,مؤسسة لحوم المدينة التجارية,مؤسسة لحوم المدينة التجارية,,مؤسسة لحوم المدينة التجارية,الشمال,بلدية,بلدية الشمال,True,False,لا يوجد,,0,,,False,none,date_parsed_from_text,0,False
Data 2025.xlsx,7972,2025-08-26,2025-08,2025-W35,3,1,raw-0495-r01,Raw-0495-R01,لحم تيس فخذ,لحوم نيئة مبردة ومجمدة (Raw meat Cold or chilled ),Raw meat Cold or chilled,لحوم نيئة مبردة ومجمدة (Raw meat Cold or chilled ),raw_meat,مؤسسة لحوم المدينة التجارية,مؤسسة لحوم المدينة التجارية,,مؤسسة لحوم المدينة التجارية,الشمال,بلدية,بلدية الشمال,True,False,لا يوجد,,0,,,False,none,date_parsed_from_text,0,False
Data 2025.xlsx,7973,2025-08-26,2025-08,2025-W35,3,1,raw-0496-r01,Raw-0496-R01,كبدة حاشي طازج,لحوم نيئة مبردة ومجمدة (Raw meat Cold or chilled ),Raw meat Cold or chilled,لحوم نيئة مبردة ومجمدة (Raw meat Cold or chilled ),raw_meat,مؤسسة لحوم المدينة التجارية,مؤسسة لحوم المدينة التجارية,,مؤسسة لحوم المدينة التجارية,الشمال,بلدية,بلدية الشمال,True,False,لا يوجد,,0,,,False,none,date_parsed_from_text,0,False
Data 2025.xlsx,7992,2025-08-26,2025-08,2025-W35,3,1,raw-0497-r01,Raw-0497-R01,كبابا لحم ني,لحوم نيئة مبردة ومجمدة (Raw meat Cold or chilled ),Raw meat Cold or chilled,لحوم نيئة مبردة ومجمدة (Raw meat Cold or chilled ),raw_meat,كرم بيروت - المحمدية,كرم بيروت,المحمدية,كرم بيروت - المحمدية,المعذر,بلدية,بلدية المعذر,False,True,العد الكلي للبكتيريا | استافيلوكوكس اورياس | السالمونيلا,العد الكلي للبكتيريا | استافيلوكوكس اورياس | السالمونيلا,3,استافيلوكوكس اورياس | السالمونيلا,العد الكلي للبكتيريا,True,multi_pathogen,date_parsed_from_text,9,True
Data 2025.xlsx,7982,2025-08-26,2025-08,2025-W35,3,1,sal-1591-r01,Sal-1591-R01,سلطة فجل مع خيار,السلطة(Salad),Salad,السلطة(Salad),produce,كرم بيروت - المحمدية,كرم بيروت,المحمدية,كرم بيروت - المحمدية,المعذر,بلدية,بلدية المعذر,False,True,استافيلوكوكس اورياس,استافيلوكوكس اورياس,1,استافيلوكوكس اورياس,,True,pathogen,date_parsed_from_text,1,False
Data 2025.xlsx,7990,2025-08-26,2025-08,2025-W35,3,1,sal-1592-r01,Sal-1592-R01,سلطة مشاوي,السلطة(Salad),Salad,السلطة(Salad),produce,كرم بيروت - المحمدية,كرم بيروت,المحمدية,كرم بيروت - المحمدية,المعذر,بلدية,بلدية المعذر,False,True,ايشيريشيا كولاي | استافيلوكوكس اورياس,ايشيريشيا كولاي | استافيلوكوكس اورياس,2,ايشيريشيا كولاي | استافيلوكوكس اورياس,,True,multi_pathogen,date_parsed_from_text,7,True
Data 2025.xlsx,8019,2025-08-26,2025-08,2025-W35,3,1,sal-1593-r01,Sal-1593-R01,سلطة كولسلو,السلطة(Salad),Salad,السلطة(Salad),produce,شيفز - حي المحمدية,شيفز,حي المحمدية,شيفز - حي المحمدية,المعذر,بلدية,بلدية المعذر,False,True,استافيلوكوكس اورياس | ايشيريشيا كولاي,استافيلوكوكس اورياس | ايشيريشيا كولاي,2,استافيلوكوكس اورياس | ايشيريشيا كولاي,,True,multi_pathogen,date_parsed_from_text,2,True
Data 2025.xlsx,7989,2025-08-26,2025-08,2025-W35,3,1,sau-2250-r01,sau-2250-R01,صوص ليمون تبولة,صوص (sauce),sauce,صوص (sauce),sauce_condiment,كرم بيروت - المحمدية,كرم بيروت,المحمدية,كرم بيروت - المحمدية,المعذر,بلدية,بلدية المعذر,False,True,الخمائر والاعفان,الخمائر والاعفان,1,,الخمائر والاعفان,False,indicator_only,date_parsed_from_text,6,True
Data 2025.xlsx,7997,2025-08-26,2025-08,2025-W35,3,1,sau-2251-r01,sau-2251-R01,صوص سبايسي,صوص (sauce),sauce,صوص (sauce),sauce_condiment,كرم بيروت - المحمدية,كرم بيروت,المحمدية,كرم بيروت - المحمدية,المعذر,بلدية,بلدية المعذر,False,True,العد الكلي للبكتيريا,العد الكلي للبكتيريا,1,,العد الكلي للبكتيريا,False,indicator_only,date_parsed_from_text,13,True
Data 2025.xlsx,7998,2025-08-26,2025-08,2025-W35,3,1,sau-2252-r01,sau-2252-R01,صوص بيستو,صوص (sauce),sauce,صوص (sauce),sauce_condiment,كرم بيروت - المحمدية,كرم بيروت,المحمدية,كرم بيروت - المحمدية,المعذر,بلدية,بلدية المعذر,True,False,لا يوجد,,0,,,False,none,date_parsed_from_text,13,True
Data 2025.xlsx,7999,2025-08-26,2025-08,2025-W35,3,1,sau-2253-r01,sau-2253-R01,صوص ثوم,صوص (sauce),sauce,صوص (sauce),sauce_condiment,كرم بيروت - المحمدية,كرم بيروت,المحمدية,كرم بيروت - المحمدية,المعذر,بلدية,بلدية المعذر,True,False,لا يوجد,,0,,,False,none,date_parsed_from_text,13,True
Data 2025.xlsx,8001,2025-08-26,2025-08,2025-W35,3,1,sau-2254-r01,sau-2254-R01,صوص كاتشب,صوص (sauce),sauce,صوص (sauce),sauce_condiment,كرم بيروت - المحمدية,كرم بيروت,المحمدية,كرم بيروت - المحمدية,المعذر,بلدية,بلدية المعذر,True,False,لا يوجد,,0,,,False,none,date_parsed_from_text,13,True
Data 2025.xlsx,8002,2025-08-26,2025-08,2025-W35,3,1,sau-2255-r01,sau-2255-R01,صوص مايونيز,صوص (sauce),sauce,صوص (sauce),sauce_condiment,كرم بيروت - المحمدية,كرم بيروت,المحمدية,كرم بيروت - المحمدية,المعذر,بلدية,بلدية المعذر,True,False,لا يوجد,,0,,,False,none,date_parsed_from_text,13,True
Data 2025.xlsx,8003,2025-08-26,2025-08,2025-W35,3,1,sau-2256-r01,sau-2256-R01,صوص باربكيو,صوص (sauce),sauce,صوص (sauce),sauce_condiment,كرم بيروت - المحمدية,كرم بيروت,المحمدية,كرم بيروت - المحمدية,المعذر,بلدية,بلدية المعذر,True,False,لا يوجد,,0,,,False,none,date_parsed_from_text,13,True
Data 2025.xlsx,8012,2025-08-26,2025-08,2025-W35,3,1,sau-2257-r01,sau-2257-R01,صوص تشيز,صوص (sauce),sauce,صوص (sauce),sauce_condiment,شيفز - حي المحمدية,شيفز,حي المحمدية,شيفز - حي المحمدية,المعذر,بلدية,بلدية المعذر,False,True,انتيروباكتريسي | ايشيريشيا كولاي,انتيروباكتريسي | ايشيريشيا كولاي,2,ايشيريشيا كولاي,انتيروباكتريسي,True,pathogen,date_parsed_from_text,1,False
Data 2025.xlsx,8013,2025-08-26,2025-08,2025-W35,3,1,sau-2258-r01,sau-2258-R01,صوص شيفز,صوص (sauce),sauce,صوص (sauce),sauce_condiment,شيفز - حي المحمدية,شيفز,حي المحمدية,شيفز - حي المحمدية,المعذر,بلدية,بلدية المعذر,True,False,لا يوجد,,0,,,False,none,date_parsed_from_text,1,False
Data 2025.xlsx,8014,2025-08-26,2025-08,2025-W35,3,1,sau-2259-r01,sau-2259-R01,صوص كاتشب,صوص (sauce),sauce,صوص (sauce),sauce_condiment,شيفز - حي المحمدية,شيفز,حي المحمدية,شيفز - حي المحمدية,المعذر,بلدية,بلدية المعذر,True,False,لا يوجد,,0,,,False,none,date_parsed_from_text,1,False
Data 2025.xlsx,8015,2025-08-26,2025-08,2025-W35,3,1,sau-2260-r01,sau-2260-R01,صوص ميبول,صوص (sauce),sauce,صوص (sauce),sauce_condiment,شيفز - حي المحمدية,شيفز,حي المحمدية,شيفز - حي المحمدية,المعذر,بلدية,بلدية المعذر,True,False,لا يوجد,,0,,,False,none,date_parsed_from_text,1,False
Data 2025.xlsx,8016,2025-08-26,2025-08,2025-W35,3,1,sau-2261-r01,sau-2261-R01,صوص باربكيو,صوص (sauce),sauce,صوص (sauce),sauce_condiment,شيفز - حي المحمدية,شيفز,حي المحمدية,شيفز - حي المحمدية,المعذر,بلدية,بلدية المعذر,True,False,لا يوجد,,0,,,False,none,date_parsed_from_text,1,False
Data 2025.xlsx,8017,2025-08-26,2025-08,2025-W35,3,1,sau-2262-r01,sau-2262-R01,صوص مايونيز,صوص (sauce),sauce,صوص (sauce),sauce_condiment,شيفز - حي المحمدية,شيفز,حي المحمدية,شيفز - حي المحمدية,المعذر,بلدية,بلدية المعذر,True,False,لا يوجد,,0,,,False,none,date_parsed_from_text,1,False
Data 2025.xlsx,8018,2025-08-26,2025-08,2025-W35,3,1,sau-2263-r01,sau-2263-R01,صوص بريسكت,صوص (sauce),sauce,صوص (sauce),sauce_condiment,شيفز - حي المحمدية,شيفز,حي المحمدية,شيفز - حي المحمدية,المعذر,بلدية,بلدية المعذر,True,False,لا يوجد,,0,,,False,none,date_parsed_from_text,1,False
Data 2025.xlsx,7994,2025-08-26,2025-08,2025-W35,3,1,sw-3484-r01,sw-3484-R01,مسحة طاولة تقطيع مشاوي,(Swabs) المسحات,Swabs,(Swabs) المسحات,swab,كرم بيروت - المحمدية,كرم بيروت,المحمدية,كرم بيروت - المحمدية,المعذر,بلدية,بلدية المعذر,False,True,العد الكلي للبكتيريا,العد الكلي للبكتيريا,1,,العد الكلي للبكتيريا,False,indicator_only,date_parsed_from_text,11,True
Data 2025.xlsx,7995,2025-08-26,2025-08,2025-W35,3,1,sw-3485-r01,sw-3485-R01,مسحة طاولة تقطيع خضار,(Swabs) المسحات,Swabs,(Swabs) المسحات,swab,كرم بيروت - المحمدية,كرم بيروت,المحمدية,كرم بيروت - المحمدية,المعذر,بلدية,بلدية المعذر,True,False,لا يوجد,,0,,,False,none,date_parsed_from_text,11,True
Data 2025.xlsx,7996,2025-08-26,2025-08,2025-W35,3,1,sw-3486-r01,sw-3486-R01,مسحة صانعة ثلج,(Swabs) المسحات,Swabs,(Swabs) المسحات,swab,كرم بيروت - المحمدية,كرم بيروت,المحمدية,كرم بيروت - المحمدية,المعذر,بلدية,بلدية المعذر,False,True,العد الكلي للبكتيريا,العد الكلي للبكتيريا,1,,العد الكلي للبكتيريا,False,indicator_only,date_parsed_from_text,12,True
Data 2025.xlsx,8009,2025-08-26,2025-08,2025-W35,3,1,sw-3487-r01,sw-3487-R01,مسحة طاولة تقطيع فواكه,(Swabs) المسحات,Swabs,(Swabs) المسحات,swab,كرم بيروت - المحمدية,كرم بيروت,المحمدية,كرم بيروت - المحمدية,المعذر,بلدية,بلدية المعذر,True,False,لا يوجد,,0,,,False,none,date_parsed_from_text,15,True
Data 2025.xlsx,8010,2025-08-26,2025-08,2025-W35,3,1,sw-3488-r01,sw-3488-R01,مسحة خلاط فواكه,(Swabs) المسحات,Swabs,(Swabs) المسحات,swab,كرم بيروت - المحمدية,كرم بيروت,المحمدية,كرم بيروت - المحمدية,المعذر,بلدية,بلدية المعذر,False,True,العد الكلي للبكتيريا,العد الكلي للبكتيريا,1,,العد الكلي للبكتيريا,False,indicator_only,date_parsed_from_text,16,True
Data 2025.xlsx,8011,2025-08-26,2025-08,2025-W35,3,1,sw-3489-r01,sw-3489-R01,مسحة عصارة جزر,(Swabs) المسحات,Swabs,(Swabs) المسحات,swab,كرم بيروت - المحمدية,كرم بيروت,المحمدية,كرم بيروت - المحمدية,المعذر,بلدية,بلدية المعذر,True,False,لا يوجد,,0,,,False,none,date_parsed_from_text,16,True
Data 2025.xlsx,8023,2025-08-26,2025-08,2025-W35,3,1,sw-3490-r01,sw-3490-R01,مسحة حافظة بطاطس,(Swabs) المسحات,Swabs,(Swabs) المسحات,swab,شيفز - حي المحمدية,شيفز,حي المحمدية,شيفز - حي المحمدية,المعذر,بلدية,بلدية المعذر,True,False,لا يوجد,,0,,,False,none,date_parsed_from_text,3,True
Data 2025.xlsx,8006,2025-08-26,2025-08,2025-W35,3,1,sweet-1397-r01,sweet-1397-R01,مهلبية,الحلا(sweetness),sweetness,الحلا(sweetness),sweets_bakery,كرم بيروت - المحمدية,كرم بيروت,المحمدية,كرم بيروت - المحمدية,المعذر,بلدية,بلدية المعذر,True,False,لا يوجد,,0,,,False,none,date_parsed_from_text,14,True
Data 2025.xlsx,8024,2025-08-26,2025-08,2025-W35,3,1,ubot-1073-r01,Ubot-1073-R01,مياه غسل اللحم م-ك,المياه الغير معبأة (Unbottled water),Unbottled water,المياه الغير معبأة (Unbottled water),water,مؤسسة لحوم المدينة التجارية,مؤسسة لحوم المدينة التجارية,,مؤسسة لحوم المدينة التجارية,الشمال,بلدية,بلدية الشمال,True,False,لا يوجد,,0,,,False,none,date_parsed_from_text,0,False
Data 2025.xlsx,8025,2025-08-26,2025-08,2025-W35,3,1,ubot-1074-r01,Ubot-1074-R01,مياه حنفية لغسيل الادوات م-ك,المياه الغير معبأة (Unbottled water),Unbottled water,المياه الغير معبأة (Unbottled water),water,مؤسسة لحوم المدينة التجارية,مؤسسة لحوم المدينة التجارية,,مؤسسة لحوم المدينة التجارية,الشمال,بلدية,بلدية الشمال,True,False,لا يوجد,,0,,,False,none,date_parsed_from_text,0,False
Data 2025.xlsx,8026,2025-08-27,2025-08,2025-W35,3,2,raw-0498-r01,Raw-0498-R01,لحم عجل هولندي من الرقبة,لحوم نيئة مبردة ومجمدة (Raw meat Cold or chilled ),Raw meat Cold or chilled,لحوم نيئة مبردة ومجمدة (Raw meat Cold or chilled ),raw_meat,ملحمة عجول مزارعنا للحوم,ملحمة عجول مزارعنا للحوم,,ملحمة عجول مزارعنا للحوم,الملز,بلدية,بلدية الملز,False,True,السالمونيلا,السالمونيلا,1,السالمونيلا,,True,pathogen,date_parsed_from_text,1,False
Data 2025.xlsx,8027,2025-08-27,2025-08,2025-W35,3,2,raw-0499-r01,Raw-0499-R01,لحم عجل انقوس,لحوم نيئة مبردة ومجمدة (Raw meat Cold or chilled ),Raw meat Cold or chilled,لحوم نيئة مبردة ومجمدة (Raw meat Cold or chilled ),raw_meat,ملحمة عجول مزارعنا للحوم,ملحمة عجول مزارعنا للحوم,,ملحمة عجول مزارعنا للحوم,الملز,بلدية,بلدية الملز,False,True,السالمونيلا,السالمونيلا,1,السالمونيلا,,True,pathogen,date_parsed_from_text,2,True
Data 2025.xlsx,8028,2025-08-27,2025-08,2025-W35,3,2,raw-0500-r01,Raw-0500-R01,كبدة عجل,لحوم نيئة مبردة ومجمدة (Raw meat Cold or chilled ),Raw meat Cold or chilled,لحوم نيئة مبردة ومجمدة (Raw meat Cold or chilled ),raw_meat,ملحمة عجول مزارعنا للحوم,ملحمة عجول مزارعنا للحوم,,ملحمة عجول مزارعنا للحوم,الملز,بلدية,بلدية الملز,False,True,السالمونيلا,السالمونيلا,1,السالمونيلا,,True,pathogen,date_parsed_from_text,3,True
Data 2025.xlsx,8029,2025-08-27,2025-08,2025-W35,3,2,raw-0501-r01,Raw-0501-R01,كلاوي عجل,لحوم نيئة مبردة ومجمدة (Raw meat Cold or chilled ),Raw meat Cold or chilled,لحوم نيئة مبردة ومجمدة (Raw meat Cold or chilled ),raw_meat,ملحمة عجول مزارعنا للحوم,ملحمة عجول مزارعنا للحوم,,ملحمة عجول مزارعنا للحوم,الملز,بلدية,بلدية الملز,False,True,السالمونيلا,السالمونيلا,1,السالمونيلا,,True,pathogen,date_parsed_from_text,4,True
Data 2025.xlsx,8030,2025-08-27,2025-08,2025-W35,3,2,raw-0502-r01,Raw-0502-R01,قلب عجل,لحوم نيئة مبردة ومجمدة (Raw meat Cold or chilled ),Raw meat Cold or chilled,لحوم نيئة مبردة ومجمدة (Raw meat Cold or chilled ),raw_meat,ملحمة عجول مزارعنا للحوم,ملحمة عجول مزارعنا للحوم,,ملحمة عجول مزارعنا للحوم,الملز,بلدية,بلدية الملز,False,True,السالمونيلا,السالمونيلا,1,السالمونيلا,,True,pathogen,date_parsed_from_text,5,True
Data 2025.xlsx,8031,2025-08-27,2025-08,2025-W35,3,2,ubot-1075-r01,Ubot-1075-R01,مياه حنفية لغسيل الادوات,المياه الغير معبأة (Unbottled water),Unbottled water,المياه الغير معبأة (Unbottled water),water,ملحمة عجول مزارعنا للحوم,ملحمة عجول مزارعنا للحوم,,ملحمة عجول مزارعنا للحوم,الملز,بلدية,بلدية الملز,True,False,لا يوجد,,0,,,False,none,date_parsed_from_text,5,True
Data 2025.xlsx,8032,2025-08-30,2025-08,2025-W35,3,5,1-3406-R01,1-3406-R01,كشنة زبيب,(kashana) كشنة,kashana,(kashana) كشنة,prepared_meal,مطابخ ومطاعم التخصصي - حي النخيل,مطابخ ومطاعم التخصصي,حي النخيل,مطابخ ومطاعم التخصصي - حي النخيل,المعذر,بلدية,بلدية المعذر,True,False,لا يوجد,,0,,,False,none,date_parsed_from_text,0,False
Data 2025.xlsx,8073,2025-08-30,2025-08,2025-W35,3,5,1-3407-R01,1-3407-R01,هلابينو,(jalapeno) هلابينو,jalapeno,(jalapeno) هلابينو,produce,مطعم اوباك ايترى - حي النخيل,مطعم اوباك ايترى,حي النخيل,مطعم اوباك ايترى - حي النخيل,المعذر,بلدية,بلدية المعذر,False,True,خمائر,الخمائر والاعفان,1,,الخمائر والاعفان,False,indicator_only,date_parsed_from_text,2,True
Data 2025.xlsx,8087,2025-08-30,2025-08,2025-W35,3,5,1-3408-R01,1-3408-R01,كالمن كيك,( Luqaimat) لقيمات,Luqaimat,( Luqaimat) لقيمات,sauce_condiment,ايزوري حلويات - حي النخيل,ايزوري حلويات,حي النخيل,ايزوري حلويات - حي النخيل,المعذر,بلدية,بلدية المعذر,True,False,لا يوجد,,0,,,False,none,date_parsed_from_text,2,True
Data 2025.xlsx,8090,2025-08-30,2025-08,2025-W35,3,5,1-3409-R01,1-3409-R01,فطيرة لبنة زعتز,(Pie) فطيرة,Pie,(Pie) فطيرة,sweets_bakery,ايزوري حلويات - حي النخيل,ايزوري حلويات,حي النخيل,ايزوري حلويات - حي النخيل,المعذر,بلدية,بلدية المعذر,True,False,لا يوجد,,0,,,False,none,date_parsed_from_text,2,True
Data 2025.xlsx,8091,2025-08-30,2025-08,2025-W35,3,5,1-3410-R01,1-3410-R01,كروسان سادة,كروسان (croissant),croissant,كروسان (croissant),sweets_bakery,ايزوري حلويات - حي النخيل,ايزوري حلويات,حي النخيل,ايزوري حلويات - حي النخيل,المعذر,بلدية,بلدية المعذر,False,True,العد الكلي للبكتيريا,العد الكلي للبكتيريا,1,,العد الكلي للبكتيريا,False,indicator_only,date_parsed_from_text,3,True
Data 2025.xlsx,8092,2025-08-30,2025-08,2025-W35,3,5,1-3411-R01,1-3411-R01,فطيرة كاستر مع توت,(Pie) فطيرة,Pie,(Pie) فطيرة,sweets_bakery,ايزوري حلويات - حي النخيل,ايزوري حلويات,حي النخيل,ايزوري حلويات - حي النخيل,المعذر,بلدية,بلدية المعذر,True,False,لا يوجد,,0,,,False,none,date_parsed_from_text,3,True
Data 2025.xlsx,8093,2025-08-30,2025-08,2025-W35,3,5,1-3412-R01,1-3412-R01,نكهة توت احمر م - ك,نكهات مركزة ( Syrup ),Syrup,نكهات مركزة ( Syrup ),sauce_condiment,ايزوري حلويات - حي النخيل,ايزوري حلويات,حي النخيل,ايزوري حلويات - حي النخيل,المعذر,بلدية,بلدية المعذر,False,True,العد الكلي للبكتيريا,العد الكلي للبكتيريا,1,,العد الكلي للبكتيريا,False,indicator_only,date_parsed_from_text,4,True
Data 2025.xlsx,8076,2025-08-30,2025-08,2025-W35,3,5,O-r-O3-le-0377-R01,O-r-O3-le-0377-R01,خس,الخس (Lettuce),Lettuce,الخس (Lettuce),produce,مطعم اوباك ايترى - حي النخيل,مطعم اوباك ايترى,حي النخيل,مطعم اوباك ايترى - حي النخيل,المعذر,بلدية,بلدية المعذر,True,False,لا يوجد,,0,,,False,none,date_parsed_from_text,2,True
Data 2025.xlsx,8071,2025-08-30,2025-08,2025-W35,3,5,OO-OSS-po-0438-R01,OO-OSS-po-0438-R01,بطاطس مقلي,البطاطس (potatoes),potatoes,البطاطس (potatoes),produce,مطعم اوباك ايترى - حي النخيل,مطعم اوباك ايترى,حي النخيل,مطعم اوباك ايترى - حي النخيل,المعذر,بلدية,بلدية المعذر,True,False,لا يوجد,,0,,,False,none,date_parsed_from_text,1,False
Data 2025.xlsx,8056,2025-08-30,2025-08,2025-W35,3,5,OO-wm-0040-R01,OO-wm-0040-R01,قطع جح,البطيخ (watermelons),watermelons,البطيخ (watermelons),water,مطابخ ومطاعم التخصصي - حي النخيل,مطابخ ومطاعم التخصصي,حي النخيل,مطابخ ومطاعم التخصصي - حي النخيل,المعذر,بلدية,بلدية المعذر,True,False,لا يوجد,,0,,,False,none,date_parsed_from_text,7,True
Data 2025.xlsx,8074,2025-08-30,2025-08,2025-W35,3,5,UU-ca-0122-R01,UU-ca-0122-R01,ملفوف,الملفوف (cabbage),cabbage,الملفوف (cabbage),produce,مطعم اوباك ايترى - حي النخيل,مطعم اوباك ايترى,حي النخيل,مطعم اوباك ايترى - حي النخيل,المعذر,بلدية,بلدية المعذر,True,False,لا يوجد,,0,,,False,none,date_parsed_from_text,2,True
Data 2025.xlsx,8053,2025-08-30,2025-08,2025-W35,3,5,appe-0583-r01,Appe-0583-R01,متبل,مقبلات (Appetizers),Appetizers,مقبلات (Appetizers),prepared_meal,مطابخ ومطاعم التخصصي - حي النخيل,مطابخ ومطاعم التخصصي,حي النخيل,مطابخ ومطاعم التخصصي - حي النخيل,المعذر,بلدية,بلدية المعذر,True,False,لا يوجد,,0,,,False,none,date_parsed_from_text,7,True
Data 2025.xlsx,8054,2025-08-30,2025-08,2025-W35,3,5,appe-0584-r01,Appe-0584-R01,تبولة,مقبلات (Appetizers),Appetizers,مقبلات (Appetizers),prepared_meal,مطابخ ومطاعم التخصصي - حي النخيل,مطابخ ومطاعم التخصصي,حي النخيل,مطابخ ومطاعم التخصصي - حي النخيل,المعذر,بلدية,بلدية المعذر,True,False,لا يوجد,,0,,,False,none,date_parsed_from_text,7,True
Data 2025.xlsx,8077,2025-08-30,2025-08,2025-W35,3,5,chee-0844-r01,Chee-0844-R01,شرائح جبن شيدر,(cheese) جبنة,cheese,(cheese) جبنة,dairy,مطعم اوباك ايترى - حي النخيل,مطعم اوباك ايترى,حي النخيل,مطعم اوباك ايترى - حي النخيل,المعذر,بلدية,بلدية المعذر,True,False,لا يوجد,,0,,,False,none,date_parsed_from_text,2,True
Data 2025.xlsx,8057,2025-08-30,2025-08,2025-W35,3,5,gr-0202-r01,gr-0202-R01,ورق عنب,ورق عنب (Grape leaves),Grape leaves,ورق عنب (Grape leaves),produce,مطابخ ومطاعم التخصصي - حي النخيل,مطابخ ومطاعم التخصصي,حي النخيل,مطابخ ومطاعم التخصصي - حي النخيل,المعذر,بلدية,بلدية المعذر,True,False,لا يوجد,,0,,,False,none,date_parsed_from_text,7,True
Data 2025.xlsx,8034,2025-08-30,2025-08,2025-W35,3,5,jui-0505-r01,jui-0505-R01,عصير شمندر,العصائر الطازجة Un-pasteurized juices (fresh),fresh,العصائر الطازجة Un-pasteurized juices (fresh),beverage,مطابخ ومطاعم التخصصي - حي النخيل,مطابخ ومطاعم التخصصي,حي النخيل,مطابخ ومطاعم التخصصي - حي النخيل,المعذر,بلدية,بلدية المعذر,True,False,لا يوجد,,0,,,False,none,date_parsed_from_text,0,False
Data 2025.xlsx,8035,2025-08-30,2025-08,2025-W35,3,5,jui-0506-r01,jui-0506-R01,عصير كوكتيل,العصائر الطازجة Un-pasteurized juices (fresh),fresh,العصائر الطازجة Un-pasteurized juices (fresh),beverage,مطابخ ومطاعم التخصصي - حي النخيل,مطابخ ومطاعم التخصصي,حي النخيل,مطابخ ومطاعم التخصصي - حي النخيل,المعذر,بلدية,بلدية المعذر,True,False,لا يوجد,,0,,,False,none,date_parsed_from_text,0,False
Data 2025.xlsx,8036,2025-08-30,2025-08,2025-W35,3,5,jui-0507-r01,jui-0507-R01,عصير اصفهاني,العصائر الطازجة Un-pasteurized juices (fresh),fresh,العصائر الطازجة Un-pasteurized juices (fresh),beverage,مطابخ ومطاعم التخصصي - حي النخيل,مطابخ ومطاعم التخصصي,حي النخيل,مطابخ ومطاعم التخصصي - حي النخيل,المعذر,بلدية,بلدية المعذر,True,False,لا يوجد,,0,,,False,none,date_parsed_from_text,0,False
Data 2025.xlsx,8037,2025-08-30,2025-08,2025-W35,3,5,jui-0508-r01,jui-0508-R01,عصير مانجو,العصائر الطازجة Un-pasteurized juices (fresh),fresh,العصائر الطازجة Un-pasteurized juices (fresh),beverage,مطابخ ومطاعم التخصصي - حي النخيل,مطابخ ومطاعم التخصصي,حي النخيل,مطابخ ومطاعم التخصصي - حي النخيل,المعذر,بلدية,بلدية المعذر,True,False,لا يوجد,,0,,,False,none,date_parsed_from_text,0,False
Data 2025.xlsx,8038,2025-08-30,2025-08,2025-W35,3,5,jui-0509-r01,jui-0509-R01,عصير افوكادو,العصائر الطازجة Un-pasteurized juices (fresh),fresh,العصائر الطازجة Un-pasteurized juices (fresh),beverage,مطابخ ومطاعم التخصصي - حي النخيل,مطابخ ومطاعم التخصصي,حي النخيل,مطابخ ومطاعم التخصصي - حي النخيل,المعذر,بلدية,بلدية المعذر,True,False,لا يوجد,,0,,,False,none,date_parsed_from_text,0,False
Data 2025.xlsx,8075,2025-08-30,2025-08,2025-W35,3,5,pick-0522-r01,Pick-0522-R01,مخلل خيار,المخلل (Pickle),Pickle,المخلل (Pickle),sauce_condiment,مطعم اوباك ايترى - حي النخيل,مطعم اوباك ايترى,حي النخيل,مطعم اوباك ايترى - حي النخيل,المعذر,بلدية,بلدية المعذر,True,False,لا يوجد,,0,,,False,none,date_parsed_from_text,2,True
Data 2025.xlsx,8033,2025-08-30,2025-08,2025-W35,3,5,sal-1594-r01,Sal-1594-R01,سلطة بصل مع فلفل,السلطة(Salad),Salad,السلطة(Salad),produce,مطابخ ومطاعم التخصصي - حي النخيل,مطابخ ومطاعم التخصصي,حي النخيل,مطابخ ومطاعم التخصصي - حي النخيل,المعذر,بلدية,بلدية المعذر,True,False,لا يوجد,,0,,,False,none,date_parsed_from_text,0,False
Data 2025.xlsx,8046,2025-08-30,2025-08,2025-W35,3,5,sal-1595-r01,Sal-1595-R01,سلطة حارة,السلطة(Salad),Salad,السلطة(Salad),produce,مطابخ ومطاعم التخصصي - حي النخيل,مطابخ ومطاعم التخصصي,حي النخيل,مطابخ ومطاعم التخصصي - حي النخيل,المعذر,بلدية,بلدية المعذر,True,False,لا يوجد,,0,,,False,none,date_parsed_from_text,5,True
Data 2025.xlsx,8048,2025-08-30,2025-08,2025-W35,3,5,sal-1596-r01,Sal-1596-R01,سلطة جبن حارة,السلطة(Salad),Salad,السلطة(Salad),produce,مطابخ ومطاعم التخصصي - حي النخيل,مطابخ ومطاعم التخصصي,حي النخيل,مطابخ ومطاعم التخصصي - حي النخيل,المعذر,بلدية,بلدية المعذر,True,False,لا يوجد,,0,,,False,none,date_parsed_from_text,5,True
Data 2025.xlsx,8049,2025-08-30,2025-08,2025-W35,3,5,sal-1597-r01,Sal-1597-R01,سلطة خيار لبن,السلطة(Salad),Salad,السلطة(Salad),produce,مطابخ ومطاعم التخصصي - حي النخيل,مطابخ ومطاعم التخصصي,حي النخيل,مطابخ ومطاعم التخصصي - حي النخيل,المعذر,بلدية,بلدية المعذر,True,False,لا يوجد,,0,,,False,none,date_parsed_from_text,5,True
Data 2025.xlsx,8051,2025-08-30,2025-08,2025-W35,3,5,sal-1598-r01,Sal-1598-R01,سلطة خضراء حارة,السلطة(Salad),Salad,السلطة(Salad),produce,مطابخ ومطاعم التخصصي - حي النخيل,مطابخ ومطاعم التخصصي,حي النخيل,مطابخ ومطاعم التخصصي - حي النخيل,المعذر,بلدية,بلدية المعذر,False,True,استافيلوكوكس اورياس,استافيلوكوكس اورياس,1,استافيلوكوكس اورياس,,True,pathogen,date_parsed_from_text,7,True
Data 2025.xlsx,8052,2025-08-30,2025-08,2025-W35,3,5,sal-1599-r01,Sal-1599-R01,سلطة خضراء,السلطة(Salad),Salad,السلطة(Salad),produce,مطابخ ومطاعم التخصصي - حي النخيل,مطابخ ومطاعم التخصصي,حي النخيل,مطابخ ومطاعم التخصصي - حي النخيل,المعذر,بلدية,بلدية المعذر,True,False,لا يوجد,,0,,,False,none,date_parsed_from_text,7,True
Data 2025.xlsx,8055,2025-08-30,2025-08,2025-W35,3,5,sal-1600-r01,Sal-1600-R01,سلطة فواكه,السلطة(Salad),Salad,السلطة(Salad),produce,مطابخ ومطاعم التخصصي - حي النخيل,مطابخ ومطاعم التخصصي,حي النخيل,مطابخ ومطاعم التخصصي - حي النخيل,المعذر,بلدية,بلدية المعذر,True,False,لا يوجد,,0,,,False,none,date_parsed_from_text,7,True
Data 2025.xlsx,8072,2025-08-30,2025-08,2025-W35,3,5,sal-1601-r01,Sal-1601-R01,سلطة كولسلو,السلطة(Salad),Salad,السلطة(Salad),produce,مطعم اوباك ايترى - حي النخيل,مطعم اوباك ايترى,حي النخيل,مطعم اوباك ايترى - حي النخيل,المعذر,بلدية,بلدية المعذر,True,False,لا يوجد,,0,,,False,none,date_parsed_from_text,1,False
Data 2025.xlsx,8050,2025-08-30,2025-08,2025-W35,3,5,sau-2264-r01,sau-2264-R01,فلفل حار صوص,صوص (sauce),sauce,صوص (sauce),sauce_condiment,مطابخ ومطاعم التخصصي - حي النخيل,مطابخ ومطاعم التخصصي,حي النخيل,مطابخ ومطاعم التخصصي - حي النخيل,المعذر,بلدية,بلدية المعذر,False,True,العد الكلي للبكتيريا | استافيلوكوكس اورياس | الخمائر والاعفان,العد الكلي للبكتيريا | استافيلوكوكس اورياس | الخمائر والاعفان,3,استافيلوكوكس اورياس,العد الكلي للبكتيريا | الخمائر والاعفان,True,pathogen,date_parsed_from_text,6,True
Data 2025.xlsx,8062,2025-08-30,2025-08,2025-W35,3,5,sau-2265-r01,sau-2265-R01,صوص ترافل,صوص (sauce),sauce,صوص (sauce),sauce_condiment,مطعم اوباك ايترى - حي النخيل,مطعم اوباك ايترى,حي النخيل,مطعم اوباك ايترى - حي النخيل,المعذر,بلدية,بلدية المعذر,False,True,العد الكلي للبكتيريا,العد الكلي للبكتيريا,1,,العد الكلي للبكتيريا,False,indicator_only,date_parsed_from_text,1,False
Data 2025.xlsx,8063,2025-08-30,2025-08,2025-W35,3,5,sau-2266-r01,sau-2266-R01,صوص اوباك,صوص (sauce),sauce,صوص (sauce),sauce_condiment,مطعم اوباك ايترى - حي النخيل,مطعم اوباك ايترى,حي النخيل,مطعم اوباك ايترى - حي النخيل,المعذر,بلدية,بلدية المعذر,True,False,لا يوجد,,0,,,False,none,date_parsed_from_text,1,False
Data 2025.xlsx,8064,2025-08-30,2025-08,2025-W35,3,5,sau-2267-r01,sau-2267-R01,صوص سبايسي,صوص (sauce),sauce,صوص (sauce),sauce_condiment,مطعم اوباك ايترى - حي النخيل,مطعم اوباك ايترى,حي النخيل,مطعم اوباك ايترى - حي النخيل,المعذر,بلدية,بلدية المعذر,True,False,لا يوجد,,0,,,False,none,date_parsed_from_text,1,False
Data 2025.xlsx,8065,2025-08-30,2025-08,2025-W35,3,5,sau-2268-r01,sau-2268-R01,صوص ميبول,صوص (sauce),sauce,صوص (sauce),sauce_condiment,مطعم اوباك ايترى - حي النخيل,مطعم اوباك ايترى,حي النخيل,مطعم اوباك ايترى - حي النخيل,المعذر,بلدية,بلدية المعذر,True,False,لا يوجد,,0,,,False,none,date_parsed_from_text,1,False
Data 2025.xlsx,8066,2025-08-30,2025-08,2025-W35,3,5,sau-2269-r01,sau-2269-R01,صوص مايونيز,صوص (sauce),sauce,صوص (sauce),sauce_condiment,مطعم اوباك ايترى - حي النخيل,مطعم اوباك ايترى,حي النخيل,مطعم اوباك ايترى - حي النخيل,المعذر,بلدية,بلدية المعذر,True,False,لا يوجد,,0,,,False,none,date_parsed_from_text,1,False
Data 2025.xlsx,8067,2025-08-30,2025-08,2025-W35,3,5,sau-2270-r01,sau-2270-R01,صوص باربكيو,صوص (sauce),sauce,صوص (sauce),sauce_condiment,مطعم اوباك ايترى - حي النخيل,مطعم اوباك ايترى,حي النخيل,مطعم اوباك ايترى - حي النخيل,المعذر,بلدية,بلدية المعذر,True,False,لا يوجد,,0,,,False,none,date_parsed_from_text,1,False
Data 2025.xlsx,8068,2025-08-30,2025-08,2025-W35,3,5,sau-2271-r01,sau-2271-R01,صوص ثوم,صوص (sauce),sauce,صوص (sauce),sauce_condiment,مطعم اوباك ايترى - حي النخيل,مطعم اوباك ايترى,حي النخيل,مطعم اوباك ايترى - حي النخيل,المعذر,بلدية,بلدية المعذر,True,False,لا يوجد,,0,,,False,none,date_parsed_from_text,1,False
Data 2025.xlsx,8069,2025-08-30,2025-08,2025-W35,3,5,sau-2272-r01,sau-2272-R01,صوص كوريل,صوص (sauce),sauce,صوص (sauce),sauce_condiment,مطعم اوباك ايترى - حي النخيل,مطعم اوباك ايترى,حي النخيل,مطعم اوباك ايترى - حي النخيل,المعذر,بلدية,بلدية المعذر,True,False,لا يوجد,,0,,,False,none,date_parsed_from_text,1,False
Data 2025.xlsx,8070,2025-08-30,2025-08,2025-W35,3,5,sau-2273-r01,sau-2273-R01,صوص بوفلو,صوص (sauce),sauce,صوص (sauce),sauce_condiment,مطعم اوباك ايترى - حي النخيل,مطعم اوباك ايترى,حي النخيل,مطعم اوباك ايترى - حي النخيل,المعذر,بلدية,بلدية المعذر,True,False,لا يوجد,,0,,,False,none,date_parsed_from_text,1,False
Data 2025.xlsx,8080,2025-08-30,2025-08,2025-W35,3,5,sau-2274-r01,sau-2274-R01,صوص استرسل,صوص (sauce),sauce,صوص (sauce),sauce_condiment,ايزوري حلويات - حي النخيل,ايزوري حلويات,حي النخيل,ايزوري حلويات - حي النخيل,المعذر,بلدية,بلدية المعذر,False,True,العد الكلي للبكتيريا,العد الكلي للبكتيريا,1,,العد الكلي للبكتيريا,False,indicator_only,date_parsed_from_text,1,False
Data 2025.xlsx,8081,2025-08-30,2025-08,2025-W35,3,5,sau-2275-r01,sau-2275-R01,صوص تونة,صوص (sauce),sauce,صوص (sauce),sauce_condiment,ايزوري حلويات - حي النخيل,ايزوري حلويات,حي النخيل,ايزوري حلويات - حي النخيل,المعذر,بلدية,بلدية المعذر,True,False,لا يوجد,,0,,,False,none,date_parsed_from_text,1,False
Data 2025.xlsx,8082,2025-08-30,2025-08,2025-W35,3,5,sau-2276-r01,sau-2276-R01,صوص تركي مدخن,صوص (sauce),sauce,صوص (sauce),sauce_condiment,ايزوري حلويات - حي النخيل,ايزوري حلويات,حي النخيل,ايزوري حلويات - حي النخيل,المعذر,بلدية,بلدية المعذر,True,False,لا يوجد,,0,,,False,none,date_parsed_from_text,1,False
Data 2025.xlsx,8083,2025-08-30,2025-08,2025-W35,3,5,sau-2277-r01,sau-2277-R01,صوص لوتس,صوص (sauce),sauce,صوص (sauce),sauce_condiment,ايزوري حلويات - حي النخيل,ايزوري حلويات,حي النخيل,ايزوري حلويات - حي النخيل,المعذر,بلدية,بلدية المعذر,True,False,لا يوجد,,0,,,False,none,date_parsed_from_text,1,False
Data 2025.xlsx,8078,2025-08-30,2025-08,2025-W35,3,5,sw-3491-r01,sw-3491-R01,مسحة حافظة بطاطس,(Swabs) المسحات,Swabs,(Swabs) المسحات,swab,مطعم اوباك ايترى - حي النخيل,مطعم اوباك ايترى,حي النخيل,مطعم اوباك ايترى - حي النخيل,المعذر,بلدية,بلدية المعذر,True,False,لا يوجد,,0,,,False,none,date_parsed_from_text,2,True
Data 2025.xlsx,8079,2025-08-30,2025-08,2025-W35,3,5,sw-3492-r01,sw-3492-R01,مسحة صانعة ثلج,(Swabs) المسحات,Swabs,(Swabs) المسحات,swab,مطعم اوباك ايترى - حي النخيل,مطعم اوباك ايترى,حي النخيل,مطعم اوباك ايترى - حي النخيل,المعذر,بلدية,بلدية المعذر,True,False,لا يوجد,,0,,,False,none,date_parsed_from_text,2,True
Data 2025.xlsx,8039,2025-08-30,2025-08,2025-W35,3,5,sweet-1398-r01,sweet-1398-R01,ايس كريم تشيز كيك حلا,الحلا(sweetness),sweetness,الحلا(sweetness),sweets_bakery,مطابخ ومطاعم التخصصي - حي النخيل,مطابخ ومطاعم التخصصي,حي النخيل,مطابخ ومطاعم التخصصي - حي النخيل,المعذر,بلدية,بلدية المعذر,False,True,العد الكلي للبكتيريا,العد الكلي للبكتيريا,1,,العد الكلي للبكتيريا,False,indicator_only,date_parsed_from_text,1,False
Data 2025.xlsx,8040,2025-08-30,2025-08,2025-W35,3,5,sweet-1399-r01,sweet-1399-R01,اوريو حلا,الحلا(sweetness),sweetness,الحلا(sweetness),sweets_bakery,مطابخ ومطاعم التخصصي - حي النخيل,مطابخ ومطاعم التخصصي,حي النخيل,مطابخ ومطاعم التخصصي - حي النخيل,المعذر,بلدية,بلدية المعذر,False,True,العد الكلي للبكتيريا,العد الكلي للبكتيريا,1,,العد الكلي للبكتيريا,False,indicator_only,date_parsed_from_text,2,True
Data 2025.xlsx,8041,2025-08-30,2025-08,2025-W35,3,5,sweet-1400-r01,sweet-1400-R01,مانجو بيري حلا,الحلا(sweetness),sweetness,الحلا(sweetness),sweets_bakery,مطابخ ومطاعم التخصصي - حي النخيل,مطابخ ومطاعم التخصصي,حي النخيل,مطابخ ومطاعم التخصصي - حي النخيل,المعذر,بلدية,بلدية المعذر,False,True,العد الكلي للبكتيريا,العد الكلي للبكتيريا,1,,العد الكلي للبكتيريا,False,indicator_only,date_parsed_from_text,3,True
Data 2025.xlsx,8042,2025-08-30,2025-08,2025-W35,3,5,sweet-1401-r01,sweet-1401-R01,سنكرز حلا,الحلا(sweetness),sweetness,الحلا(sweetness),sweets_bakery,مطابخ ومطاعم التخصصي - حي النخيل,مطابخ ومطاعم التخصصي,حي النخيل,مطابخ ومطاعم التخصصي - حي النخيل,المعذر,بلدية,بلدية المعذر,False,True,استافيلوكوكس اورياس,استافيلوكوكس اورياس,1,استافيلوكوكس اورياس,,True,pathogen,date_parsed_from_text,4,True
Data 2025.xlsx,8043,2025-08-30,2025-08,2025-W35,3,5,sweet-1402-r01,sweet-1402-R01,جالكسي حلا,الحلا(sweetness),sweetness,الحلا(sweetness),sweets_bakery,مطابخ ومطاعم التخصصي - حي النخيل,مطابخ ومطاعم التخصصي,حي النخيل,مطابخ ومطاعم التخصصي - حي النخيل,المعذر,بلدية,بلدية المعذر,False,True,العد الكلي للبكتيريا,العد الكلي للبكتيريا,1,,العد الكلي للبكتيريا,False,indicator_only,date_parsed_from_text,5,True
Data 2025.xlsx,8044,2025-08-30,2025-08,2025-W35,3,5,sweet-1403-r01,sweet-1403-R01,مهلبية حلا,الحلا(sweetness),sweetness,الحلا(sweetness),sweets_bakery,مطابخ ومطاعم التخصصي - حي النخيل,مطابخ ومطاعم التخصصي,حي النخيل,مطابخ ومطاعم التخصصي - حي النخيل,المعذر,بلدية,بلدية المعذر,True,False,لا يوجد,,0,,,False,none,date_parsed_from_text,5,True
Data 2025.xlsx,8045,2025-08-30,2025-08,2025-W35,3,5,sweet-1404-r01,sweet-1404-R01,كاستر حلا,الحلا(sweetness),sweetness,الحلا(sweetness),sweets_bakery,مطابخ ومطاعم التخصصي - حي النخيل,مطابخ ومطاعم التخصصي,حي النخيل,مطابخ ومطاعم التخصصي - حي النخيل,المعذر,بلدية,بلدية المعذر,True,False,لا يوجد,,0,,,False,none,date_parsed_from_text,5,True
Data 2025.xlsx,8047,2025-08-30,2025-08,2025-W35,3,5,sweet-1405-r01,sweet-1405-R01,كريم كراميل حلا,الحلا(sweetness),sweetness,الحلا(sweetness),sweets_bakery,مطابخ ومطاعم التخصصي - حي النخيل,مطابخ ومطاعم التخصصي,حي النخيل,مطابخ ومطاعم التخصصي - حي النخيل,المعذر,بلدية,بلدية المعذر,True,False,لا يوجد,,0,,,False,none,date_parsed_from_text,5,True
Data 2025.xlsx,8058,2025-08-30,2025-08,2025-W35,3,5,sweet-1406-r01,sweet-1406-R01,جيلي احمر,الحلا(sweetness),sweetness,الحلا(sweetness),sweets_bakery,مطابخ ومطاعم التخصصي - حي النخيل,مطابخ ومطاعم التخصصي,حي النخيل,مطابخ ومطاعم التخصصي - حي النخيل,المعذر,بلدية,بلدية المعذر,True,False,لا يوجد,,0,,,False,none,date_parsed_from_text,7,True
Data 2025.xlsx,8059,2025-08-30,2025-08,2025-W35,3,5,sweet-1407-r01,sweet-1407-R01,هريس بالفستق حلا,الحلا(sweetness),sweetness,الحلا(sweetness),sweets_bakery,مطابخ ومطاعم التخصصي - حي النخيل,مطابخ ومطاعم التخصصي,حي النخيل,مطابخ ومطاعم التخصصي - حي النخيل,المعذر,بلدية,بلدية المعذر,True,False,لا يوجد,,0,,,False,none,date_parsed_from_text,7,True
Data 2025.xlsx,8060,2025-08-30,2025-08,2025-W35,3,5,sweet-1408-r01,sweet-1408-R01,حلاوة ملكية حلا,الحلا(sweetness),sweetness,الحلا(sweetness),sweets_bakery,مطابخ ومطاعم التخصصي - حي النخيل,مطابخ ومطاعم التخصصي,حي النخيل,مطابخ ومطاعم التخصصي - حي النخيل,المعذر,بلدية,بلدية المعذر,True,False,لا يوجد,,0,,,False,none,date_parsed_from_text,7,True
Data 2025.xlsx,8061,2025-08-30,2025-08,2025-W35,3,5,sweet-1409-r01,sweet-1409-R01,حلاوة خلطة هريس لوز حلا,الحلا(sweetness),sweetness,الحلا(sweetness),sweets_bakery,مطابخ ومطاعم التخصصي - حي النخيل,مطابخ ومطاعم التخصصي,حي النخيل,مطابخ ومطاعم التخصصي - حي النخيل,المعذر,بلدية,بلدية المعذر,True,False,لا يوجد,,0,,,False,none,date_parsed_from_text,7,True
Data 2025.xlsx,8084,2025-08-30,2025-08,2025-W35,3,5,sweet-1410-r01,sweet-1410-R01,كيكة عسل,الحلا(sweetness),sweetness,الحلا(sweetness),sweets_bakery,ايزوري حلويات - حي النخيل,ايزوري حلويات,حي النخيل,ايزوري حلويات - حي النخيل,المعذر,بلدية,بلدية المعذر,False,True,العد الكلي للبكتيريا,العد الكلي للبكتيريا,1,,العد الكلي للبكتيريا,False,indicator_only,date_parsed_from_text,2,True
Data 2025.xlsx,8085,2025-08-30,2025-08,2025-W35,3,5,sweet-1411-r01,sweet-1411-R01,كيكة بستاشو نوتيلا,الحلا(sweetness),sweetness,الحلا(sweetness),sweets_bakery,ايزوري حلويات - حي النخيل,ايزوري حلويات,حي النخيل,ايزوري حلويات - حي النخيل,المعذر,بلدية,بلدية المعذر,True,False,لا يوجد,,0,,,False,none,date_parsed_from_text,2,True
Data 2025.xlsx,8086,2025-08-30,2025-08,2025-W35,3,5,sweet-1412-r01,sweet-1412-R01,كيكة لايس فيجاس,الحلا(sweetness),sweetness,الحلا(sweetness),sweets_bakery,ايزوري حلويات - حي النخيل,ايزوري حلويات,حي النخيل,ايزوري حلويات - حي النخيل,المعذر,بلدية,بلدية المعذر,True,False,لا يوجد,,0,,,False,none,date_parsed_from_text,2,True
Data 2025.xlsx,8088,2025-08-30,2025-08,2025-W35,3,5,sweet-1413-r01,sweet-1413-R01,كيك سان سبستيان,الحلا(sweetness),sweetness,الحلا(sweetness),sweets_bakery,ايزوري حلويات - حي النخيل,ايزوري حلويات,حي النخيل,ايزوري حلويات - حي النخيل,المعذر,بلدية,بلدية المعذر,True,False,لا يوجد,,0,,,False,none,date_parsed_from_text,2,True
Data 2025.xlsx,8089,2025-08-30,2025-08,2025-W35,3,5,sweet-1414-r01,sweet-1414-R01,كيكة مانجا,الحلا(sweetness),sweetness,الحلا(sweetness),sweets_bakery,ايزوري حلويات - حي النخيل,ايزوري حلويات,حي النخيل,ايزوري حلويات - حي النخيل,المعذر,بلدية,بلدية المعذر,True,False,لا يوجد,,0,,,False,none,date_parsed_from_text,2,True
Data 2025.xlsx,8113,2025-08-31,2025-08,2025-W35,3,6,1-3415-R01,1-3415-R01,نكهة مانجو,نكهات مركزة ( Syrup ),Syrup,نكهات مركزة ( Syrup ),sauce_condiment,بيت ورد,بيت ورد,,بيت ورد,المعذر,بلدية,بلدية المعذر,True,False,لا يوجد,,0,,,False,none,date_parsed_from_text,5,True
Data 2025.xlsx,8114,2025-08-31,2025-08,2025-W35,3,6,1-3416-R01,1-3416-R01,نكهة فراولة,نكهات مركزة ( Syrup ),Syrup,نكهات مركزة ( Syrup ),sauce_condiment,بيت ورد,بيت ورد,,بيت ورد,المعذر,بلدية,بلدية المعذر,True,False,لا يوجد,,0,,,False,none,date_parsed_from_text,5,True
Data 2025.xlsx,8115,2025-08-31,2025-08,2025-W35,3,6,1-3417-R01,1-3417-R01,نكهة خوخ,نكهات مركزة ( Syrup ),Syrup,نكهات مركزة ( Syrup ),sauce_condiment,بيت ورد,بيت ورد,,بيت ورد,المعذر,بلدية,بلدية المعذر,True,False,لا يوجد,,0,,,False,none,date_parsed_from_text,5,True
Data 2025.xlsx,8116,2025-08-31,2025-08,2025-W35,3,6,1-3418-R01,1-3418-R01,نكهة توت ازرق,نكهات مركزة ( Syrup ),Syrup,نكهات مركزة ( Syrup ),sauce_condiment,بيت ورد,بيت ورد,,بيت ورد,المعذر,بلدية,بلدية المعذر,True,False,لا يوجد,,0,,,False,none,date_parsed_from_text,5,True
Data 2025.xlsx,8117,2025-08-31,2025-08,2025-W35,3,6,1-3419-R01,1-3419-R01,نكهة باشن فروت,نكهات مركزة ( Syrup ),Syrup,نكهات مركزة ( Syrup ),sauce_condiment,بيت ورد,بيت ورد,,بيت ورد,المعذر,بلدية,بلدية المعذر,True,False,لا يوجد,,0,,,False,none,date_parsed_from_text,5,True
Data 2025.xlsx,8128,2025-08-31,2025-08,2025-W35,3,6,1-3420-R01,1-3420-R01,نكهة خوخ,نكهات مركزة ( Syrup ),Syrup,نكهات مركزة ( Syrup ),sauce_condiment,ليتل ماما - حي جامعة الملك سعود,ليتل ماما,حي جامعة الملك سعود,ليتل ماما - حي جامعة الملك سعود,المعذر,بلدية,بلدية المعذر,False,True,العد الكلي للبكتيريا,العد الكلي للبكتيريا,1,,العد الكلي للبكتيريا,False,indicator_only,date_parsed_from_text,2,True
Data 2025.xlsx,8129,2025-08-31,2025-08,2025-W35,3,6,1-3421-R01,1-3421-R01,نكهة بطيخ,نكهات مركزة ( Syrup ),Syrup,نكهات مركزة ( Syrup ),sauce_condiment,ليتل ماما - حي جامعة الملك سعود,ليتل ماما,حي جامعة الملك سعود,ليتل ماما - حي جامعة الملك سعود,المعذر,بلدية,بلدية المعذر,False,True,العد الكلي للبكتيريا,العد الكلي للبكتيريا,1,,العد الكلي للبكتيريا,False,indicator_only,date_parsed_from_text,3,True
Data 2025.xlsx,8130,2025-08-31,2025-08,2025-W35,3,6,1-3422-R01,1-3422-R01,نكهة توت ازرق,نكهات مركزة ( Syrup ),Syrup,نكهات مركزة ( Syrup ),sauce_condiment,ليتل ماما - حي جامعة الملك سعود,ليتل ماما,حي جامعة الملك سعود,ليتل ماما - حي جامعة الملك سعود,المعذر,بلدية,بلدية المعذر,True,False,لا يوجد,,0,,,False,none,date_parsed_from_text,3,True
Data 2025.xlsx,8131,2025-08-31,2025-08,2025-W35,3,6,1-3423-R01,1-3423-R01,نكهة باشن فروت,نكهات مركزة ( Syrup ),Syrup,نكهات مركزة ( Syrup ),sauce_condiment,ليتل ماما - حي جامعة الملك سعود,ليتل ماما,حي جامعة الملك سعود,ليتل ماما - حي جامعة الملك سعود,المعذر,بلدية,بلدية المعذر,True,False,لا يوجد,,0,,,False,none,date_parsed_from_text,3,True
Data 2025.xlsx,8124,2025-08-31,2025-08,2025-W35,3,6,O-U-po-0221-R01,O-U-po-0221-R01,رمان حب,الرمان (pomegranate),pomegranate,الرمان (pomegranate),produce,ليتل ماما - حي جامعة الملك سعود,ليتل ماما,حي جامعة الملك سعود,ليتل ماما - حي جامعة الملك سعود,المعذر,بلدية,بلدية المعذر,True,False,لا يوجد,,0,,,False,none,date_parsed_from_text,0,False
Data 2025.xlsx,8101,2025-08-31,2025-08,2025-W35,3,6,O-U-to-0679-R01,O-U-to-0679-R01,طماطم مقطع,الطماطم (Tomatoes),Tomatoes,الطماطم (Tomatoes),produce,بيت ورد,بيت ورد,,بيت ورد,المعذر,بلدية,بلدية المعذر,False,True,استافيلوكوكس اورياس,استافيلوكوكس اورياس,1,استافيلوكوكس اورياس,,True,pathogen,date_parsed_from_text,2,True
Data 2025.xlsx,8122,2025-08-31,2025-08,2025-W35,3,6,O-U-to-0680-R01,O-U-to-0680-R01,طماطم مشوي بالفرن,الطماطم (Tomatoes),Tomatoes,الطماطم (Tomatoes),produce,ليتل ماما - حي جامعة الملك سعود,ليتل ماما,حي جامعة الملك سعود,ليتل ماما - حي جامعة الملك سعود,المعذر,بلدية,بلدية المعذر,True,False,لا يوجد,,0,,,False,none,date_parsed_from_text,0,False
Data 2025.xlsx,8123,2025-08-31,2025-08,2025-W35,3,6,O-U-to-0681-R01,O-U-to-0681-R01,طماطم مجفف,الطماطم (Tomatoes),Tomatoes,الطماطم (Tomatoes),produce,ليتل ماما - حي جامعة الملك سعود,ليتل ماما,حي جامعة الملك سعود,ليتل ماما - حي جامعة الملك سعود,المعذر,بلدية,بلدية المعذر,True,False,لا يوجد,,0,,,False,none,date_parsed_from_text,0,False
Data 2025.xlsx,8127,2025-08-31,2025-08,2025-W35,3,6,O-r-O3-le-0378-R01,O-r-O3-le-0378-R01,خس,الخس (Lettuce),Lettuce,الخس (Lettuce),produce,ليتل ماما - حي جامعة الملك سعود,ليتل ماما,حي جامعة الملك سعود,ليتل ماما - حي جامعة الملك سعود,المعذر,بلدية,بلدية المعذر,False,True,استافيلوكوكس اورياس | ايشيريشيا كولاي,استافيلوكوكس اورياس | ايشيريشيا كولاي,2,استافيلوكوكس اورياس | ايشيريشيا كولاي,,True,multi_pathogen,date_parsed_from_text,1,False
Data 2025.xlsx,8125,2025-08-31,2025-08,2025-W35,3,6,OO-OSS-sp-0065-R01,OO-OSS-sp-0065-R01,بطاطا حلوة مشوي,البطاطا (sweet potatoes),sweet potatoes,البطاطا (sweet potatoes),produce,ليتل ماما - حي جامعة الملك سعود,ليتل ماما,حي جامعة الملك سعود,ليتل ماما - حي جامعة الملك سعود,المعذر,بلدية,بلدية المعذر,True,False,لا يوجد,,0,,,False,none,date_parsed_from_text,0,False
Data 2025.xlsx,8102,2025-08-31,2025-08,2025-W35,3,6,OU-pa-0261-R01,OU-pa-0261-R01,بقدونس,البقدونس (parsley),parsley,البقدونس (parsley),produce,بيت ورد,بيت ورد,,بيت ورد,المعذر,بلدية,بلدية المعذر,False,True,استافيلوكوكس اورياس | ايشيريشيا كولاي,استافيلوكوكس اورياس | ايشيريشيا كولاي,2,استافيلوكوكس اورياس | ايشيريشيا كولاي,,True,multi_pathogen,date_parsed_from_text,3,True
Data 2025.xlsx,8104,2025-08-31,2025-08,2025-W35,3,6,UO-ra-0107-R01,UO-ra-0107-R01,فجل احمر مقطع,الفجل (radishes),radishes,الفجل (radishes),produce,بيت ورد,بيت ورد,,بيت ورد,المعذر,بلدية,بلدية المعذر,True,False,لا يوجد,,0,,,False,none,date_parsed_from_text,3,True
Data 2025.xlsx,8094,2025-08-31,2025-08,2025-W35,3,6,appe-0585-r01,Appe-0585-R01,متبل شمندر,مقبلات (Appetizers),Appetizers,مقبلات (Appetizers),prepared_meal,بيت ورد,بيت ورد,,بيت ورد,المعذر,بلدية,بلدية المعذر,True,False,لا يوجد,,0,,,False,none,date_parsed_from_text,0,False
Data 2025.xlsx,8095,2025-08-31,2025-08,2025-W35,3,6,appe-0586-r01,Appe-0586-R01,حمص بيت ورد,مقبلات (Appetizers),Appetizers,مقبلات (Appetizers),prepared_meal,بيت ورد,بيت ورد,,بيت ورد,المعذر,بلدية,بلدية المعذر,True,False,لا يوجد,,0,,,False,none,date_parsed_from_text,0,False
Data 2025.xlsx,8096,2025-08-31,2025-08,2025-W35,3,6,appe-0587-r01,Appe-0587-R01,حمص,مقبلات (Appetizers),Appetizers,مقبلات (Appetizers),prepared_meal,بيت ورد,بيت ورد,,بيت ورد,المعذر,بلدية,بلدية المعذر,True,False,لا يوجد,,0,,,False,none,date_parsed_from_text,0,False
Data 2025.xlsx,8097,2025-08-31,2025-08,2025-W35,3,6,appe-0588-r01,Appe-0588-R01,متبل,مقبلات (Appetizers),Appetizers,مقبلات (Appetizers),prepared_meal,بيت ورد,بيت ورد,,بيت ورد,المعذر,بلدية,بلدية المعذر,True,False,لا يوجد,,0,,,False,none,date_parsed_from_text,0,False
Data 2025.xlsx,8098,2025-08-31,2025-08,2025-W35,3,6,appe-0589-r01,Appe-0589-R01,محمرة,مقبلات (Appetizers),Appetizers,مقبلات (Appetizers),prepared_meal,بيت ورد,بيت ورد,,بيت ورد,المعذر,بلدية,بلدية المعذر,False,True,اعفان,الخمائر والاعفان,1,,الخمائر والاعفان,False,indicator_only,date_parsed_from_text,1,False
Data 2025.xlsx,8132,2025-08-31,2025-08,2025-W35,3,6,br-0110-r01,Br-0110-R01,خبز محمص,الخبـز (Bread),Bread,الخبـز (Bread),sweets_bakery,ليتل ماما - حي جامعة الملك سعود,ليتل ماما,حي جامعة الملك سعود,ليتل ماما - حي جامعة الملك سعود,المعذر,بلدية,بلدية المعذر,True,False,لا يوجد,,0,,,False,none,date_parsed_from_text,3,True
Data 2025.xlsx,8133,2025-08-31,2025-08,2025-W35,3,6,br-0111-r01,Br-0111-R01,خبز افوكاشيا,الخبـز (Bread),Bread,الخبـز (Bread),sweets_bakery,ليتل ماما - حي جامعة الملك سعود,ليتل ماما,حي جامعة الملك سعود,ليتل ماما - حي جامعة الملك سعود,المعذر,بلدية,بلدية المعذر,True,False,لا يوجد,,0,,,False,none,date_parsed_from_text,3,True
Data 2025.xlsx,8134,2025-08-31,2025-08,2025-W35,3,6,bri-0351-r01,bri-0351-R01,لبنة,لبنة ( brick),brick,لبنة ( brick),dairy,سارة بث - حي جامعة الملك سعود,سارة بث,حي جامعة الملك سعود,سارة بث - حي جامعة الملك سعود,المعذر,بلدية,بلدية المعذر,True,False,لا يوجد,,0,,,False,none,date_parsed_from_text,0,False
Data 2025.xlsx,8136,2025-08-31,2025-08,2025-W35,3,6,bri-0352-r01,bri-0352-R01,سور كريم,لبنة ( brick),brick,لبنة ( brick),dairy,سارة بث - حي جامعة الملك سعود,سارة بث,حي جامعة الملك سعود,سارة بث - حي جامعة الملك سعود,المعذر,بلدية,بلدية المعذر,False,True,استافيلوكوكس اورياس,استافيلوكوكس اورياس,1,استافيلوكوكس اورياس,,True,pathogen,date_parsed_from_text,1,False
Data 2025.xlsx,8107,2025-08-31,2025-08,2025-W35,3,6,bu-0019-r01,Bu-0019-R01,برغل,البرغل (Bulgur),Bulgur,البرغل (Bulgur),produce,بيت ورد,بيت ورد,,بيت ورد,المعذر,بلدية,بلدية المعذر,True,False,لا يوجد,,0,,,False,none,date_parsed_from_text,3,True
Data 2025.xlsx,8126,2025-08-31,2025-08,2025-W35,3,6,cer-0074-r01,cer-0074-R01,كينوا,الحبوب (Cereal grains),Cereal grains,الحبوب (Cereal grains),produce,ليتل ماما - حي جامعة الملك سعود,ليتل ماما,حي جامعة الملك سعود,ليتل ماما - حي جامعة الملك سعود,المعذر,بلدية,بلدية المعذر,True,False,لا يوجد,,0,,,False,none,date_parsed_from_text,0,False
Data 2025.xlsx,8135,2025-08-31,2025-08,2025-W35,3,6,chee-0845-r01,Chee-0845-R01,جبن,(cheese) جبنة,cheese,(cheese) جبنة,dairy,سارة بث - حي جامعة الملك سعود,سارة بث,حي جامعة الملك سعود,سارة بث - حي جامعة الملك سعود,المعذر,بلدية,بلدية المعذر,True,False,لا يوجد,,0,,,False,none,date_parsed_from_text,0,False
Data 2025.xlsx,8139,2025-08-31,2025-08,2025-W35,3,6,fish-0224-r01,fish-0224-R01,سلمون مدخن,Fish/fish product(الاسماك / منتجات الاسماك),fish product,Fish/fish product(الاسماك / منتجات الاسماك),cooked_meat_poultry,سارة بث - حي جامعة الملك سعود,سارة بث,حي جامعة الملك سعود,سارة بث - حي جامعة الملك سعود,المعذر,بلدية,بلدية المعذر,True,False,لا يوجد,,0,,,False,none,date_parsed_from_text,3,True
Data 2025.xlsx,8119,2025-08-31,2025-08,2025-W35,3,6,fl-0015-r01,fl-0015-R01,شراب الورد,شراب بنكهة و مركزاتها ( flavoured drink & its concentrates ),flavoured drink & its concentrates,شراب بنكهة و مركزاتها ( flavoured drink & its concentrates ),sauce_condiment,بيت ورد,بيت ورد,,بيت ورد,المعذر,بلدية,بلدية المعذر,False,True,العد الكلي للبكتيريا,العد الكلي للبكتيريا,1,,العد الكلي للبكتيريا,False,indicator_only,date_parsed_from_text,7,True
Data 2025.xlsx,8103,2025-08-31,2025-08,2025-W35,3,6,gr-0203-r01,gr-0203-R01,ورق عنب,ورق عنب (Grape leaves),Grape leaves,ورق عنب (Grape leaves),produce,بيت ورد,بيت ورد,,بيت ورد,المعذر,بلدية,بلدية المعذر,True,False,لا يوجد,,0,,,False,none,date_parsed_from_text,3,True
Data 2025.xlsx,8099,2025-08-31,2025-08,2025-W35,3,6,homo-0477-r01,homo-0477-R01,حمص حب,مقبلات (Appetizers),Appetizers,مقبلات (Appetizers),prepared_meal,بيت ورد,بيت ورد,,بيت ورد,المعذر,بلدية,بلدية المعذر,True,False,لا يوجد,,0,,,False,none,date_parsed_from_text,1,False
Data 2025.xlsx,8106,2025-08-31,2025-08,2025-W35,3,6,jui-0510-r01,jui-0510-R01,عصير ليمون,العصائر الطازجة Un-pasteurized juices (fresh),fresh,العصائر الطازجة Un-pasteurized juices (fresh),beverage,بيت ورد,بيت ورد,,بيت ورد,المعذر,بلدية,بلدية المعذر,True,False,لا يوجد,,0,,,False,none,date_parsed_from_text,3,True
Data 2025.xlsx,8118,2025-08-31,2025-08,2025-W35,3,6,jui-0511-r01,jui-0511-R01,عصير برتقال,العصائر الطازجة Un-pasteurized juices (fresh),fresh,العصائر الطازجة Un-pasteurized juices (fresh),beverage,بيت ورد,بيت ورد,,بيت ورد,المعذر,بلدية,بلدية المعذر,False,True,الخمائر والاعفان,الخمائر والاعفان,1,,الخمائر والاعفان,False,indicator_only,date_parsed_from_text,6,True
Data 2025.xlsx,8120,2025-08-31,2025-08,2025-W35,3,6,jui-0512-r01,jui-0512-R01,عصير رمان,العصائر الطازجة Un-pasteurized juices (fresh),fresh,العصائر الطازجة Un-pasteurized juices (fresh),beverage,بيت ورد,بيت ورد,,بيت ورد,المعذر,بلدية,بلدية المعذر,True,False,لا يوجد,,0,,,False,none,date_parsed_from_text,7,True
Data 2025.xlsx,8100,2025-08-31,2025-08,2025-W35,3,6,mola-0070-r01,mola-0070-R01,دبس رمان,( Molasses) دبس,Molasses,( Molasses) دبس,sauce_condiment,بيت ورد,بيت ورد,,بيت ورد,المعذر,بلدية,بلدية المعذر,True,False,لا يوجد,,0,,,False,none,date_parsed_from_text,1,False
Data 2025.xlsx,8109,2025-08-31,2025-08,2025-W35,3,6,po-0135-r01,po-0135-R01,كباب دجاج ني,الدجاج (Poultry),Poultry,الدجاج (Poultry),cooked_meat_poultry,بيت ورد,بيت ورد,,بيت ورد,المعذر,بلدية,بلدية المعذر,False,True,العد الكلي للبكتيريا,العد الكلي للبكتيريا,1,,العد الكلي للبكتيريا,False,indicator_only,date_parsed_from_text,5,True
Data 2025.xlsx,8108,2025-08-31,2025-08,2025-W35,3,6,raw-0506-r01,Raw-0506-R01,كباب لحم ني,لحوم مجمدة/ مبردة (Frozen/Chilled Raw meat ),Frozen/Chilled Raw meat,لحوم مجمدة/ مبردة (Frozen/Chilled Raw meat ),raw_meat,بيت ورد,بيت ورد,,بيت ورد,المعذر,بلدية,بلدية المعذر,False,True,العد الكلي للبكتيريا,العد الكلي للبكتيريا,1,,العد الكلي للبكتيريا,False,indicator_only,date_parsed_from_text,4,True
Data 2025.xlsx,8140,2025-08-31,2025-08,2025-W35,3,6,sal-1602-r01,Sal-1602-R01,سلطة وكامولي,السلطة(Salad),Salad,السلطة(Salad),produce,سارة بث - حي جامعة الملك سعود,سارة بث,حي جامعة الملك سعود,سارة بث - حي جامعة الملك سعود,المعذر,بلدية,بلدية المعذر,False,True,انتيروباكتريسي,انتيروباكتريسي,1,,انتيروباكتريسي,False,indicator_only,date_parsed_from_text,4,True
Data 2025.xlsx,8147,2025-08-31,2025-08,2025-W35,3,6,sal-1603-r01,Sal-1603-R01,سلطة كلوسلو,السلطة(Salad),Salad,السلطة(Salad),produce,سارة بث - حي جامعة الملك سعود,سارة بث,حي جامعة الملك سعود,سارة بث - حي جامعة الملك سعود,المعذر,بلدية,بلدية المعذر,True,False,لا يوجد,,0,,,False,none,date_parsed_from_text,9,True
Data 2025.xlsx,8105,2025-08-31,2025-08,2025-W35,3,6,sau-2278-r01,sau-2278-R01,صوص فتوش,صوص (sauce),sauce,صوص (sauce),sauce_condiment,بيت ورد,بيت ورد,,بيت ورد,المعذر,بلدية,بلدية المعذر,True,False,لا يوجد,,0,,,False,none,date_parsed_from_text,3,True
Data 2025.xlsx,8137,2025-08-31,2025-08,2025-W35,3,6,sau-2279-r01,sau-2279-R01,صوص هولندا,صوص (sauce),sauce,صوص (sauce),sauce_condiment,سارة بث - حي جامعة الملك سعود,سارة بث,حي جامعة الملك سعود,سارة بث - حي جامعة الملك سعود,المعذر,بلدية,بلدية المعذر,False,True,العد الكلي للبكتيريا,العد الكلي للبكتيريا,1,,العد الكلي للبكتيريا,False,indicator_only,date_parsed_from_text,2,True
Data 2025.xlsx,8138,2025-08-31,2025-08,2025-W35,3,6,sau-2280-r01,sau-2280-R01,صوص ليمون,صوص (sauce),sauce,صوص (sauce),sauce_condiment,سارة بث - حي جامعة الملك سعود,سارة بث,حي جامعة الملك سعود,سارة بث - حي جامعة الملك سعود,المعذر,بلدية,بلدية المعذر,False,True,العد الكلي للبكتيريا,العد الكلي للبكتيريا,1,,العد الكلي للبكتيريا,False,indicator_only,date_parsed_from_text,3,True
Data 2025.xlsx,8141,2025-08-31,2025-08,2025-W35,3,6,sau-2281-r01,sau-2281-R01,صوص بتر ملك,صوص (sauce),sauce,صوص (sauce),sauce_condiment,سارة بث - حي جامعة الملك سعود,سارة بث,حي جامعة الملك سعود,سارة بث - حي جامعة الملك سعود,المعذر,بلدية,بلدية المعذر,False,True,العد الكلي للبكتيريا,العد الكلي للبكتيريا,1,,العد الكلي للبكتيريا,False,indicator_only,date_parsed_from_text,5,True
Data 2025.xlsx,8142,2025-08-31,2025-08,2025-W35,3,6,sau-2282-r01,sau-2282-R01,صوص ديناميت,صوص (sauce),sauce,صوص (sauce),sauce_condiment,سارة بث - حي جامعة الملك سعود,سارة بث,حي جامعة الملك سعود,سارة بث - حي جامعة الملك سعود,المعذر,بلدية,بلدية المعذر,True,False,لا يوجد,,0,,,False,none,date_parsed_from_text,5,True
Data 2025.xlsx,8143,2025-08-31,2025-08,2025-W35,3,6,sau-2283-r01,sau-2283-R01,صوص اعشاب,صوص (sauce),sauce,صوص (sauce),sauce_condiment,سارة بث - حي جامعة الملك سعود,سارة بث,حي جامعة الملك سعود,سارة بث - حي جامعة الملك سعود,المعذر,بلدية,بلدية المعذر,False,True,العد الكلي للبكتيريا,العد الكلي للبكتيريا,1,,العد الكلي للبكتيريا,False,indicator_only,date_parsed_from_text,6,True
Data 2025.xlsx,8144,2025-08-31,2025-08,2025-W35,3,6,sau-2284-r01,sau-2284-R01,صوص ويبنق,صوص (sauce),sauce,صوص (sauce),sauce_condiment,سارة بث - حي جامعة الملك سعود,سارة بث,حي جامعة الملك سعود,سارة بث - حي جامعة الملك سعود,المعذر,بلدية,بلدية المعذر,False,True,العد الكلي للبكتيريا,العد الكلي للبكتيريا,1,,العد الكلي للبكتيريا,False,indicator_only,date_parsed_from_text,7,True
Data 2025.xlsx,8145,2025-08-31,2025-08,2025-W35,3,6,sau-2285-r01,sau-2285-R01,صوص كوكتيل,صوص (sauce),sauce,صوص (sauce),sauce_condiment,سارة بث - حي جامعة الملك سعود,سارة بث,حي جامعة الملك سعود,سارة بث - حي جامعة الملك سعود,المعذر,بلدية,بلدية المعذر,False,True,العد الكلي للبكتيريا,العد الكلي للبكتيريا,1,,العد الكلي للبكتيريا,False,indicator_only,date_parsed_from_text,8,True
Data 2025.xlsx,8146,2025-08-31,2025-08,2025-W35,3,6,sau-2286-r01,sau-2286-R01,صوص تريبل,صوص (sauce),sauce,صوص (sauce),sauce_condiment,سارة بث - حي جامعة الملك سعود,سارة بث,حي جامعة الملك سعود,سارة بث - حي جامعة الملك سعود,المعذر,بلدية,بلدية المعذر,False,True,العد الكلي للبكتيريا,العد الكلي للبكتيريا,1,,العد الكلي للبكتيريا,False,indicator_only,date_parsed_from_text,9,True
Data 2025.xlsx,8110,2025-08-31,2025-08,2025-W35,3,6,sw-3493-r01,sw-3493-R01,مسحة ثلاجة سلطات,(Swabs) المسحات,Swabs,(Swabs) المسحات,swab,بيت ورد,بيت ورد,,بيت ورد,المعذر,بلدية,بلدية المعذر,True,False,لا يوجد,,0,,,False,none,date_parsed_from_text,5,True
Data 2025.xlsx,8111,2025-08-31,2025-08,2025-W35,3,6,sw-3494-r01,sw-3494-R01,م س 2حة ثلاجة سلطات,(Swabs) المسحات,Swabs,(Swabs) المسحات,swab,بيت ورد,بيت ورد,,بيت ورد,المعذر,بلدية,بلدية المعذر,True,False,لا يوجد,,0,,,False,none,date_parsed_from_text,5,True
Data 2025.xlsx,8112,2025-08-31,2025-08,2025-W35,3,6,sw-3495-r01,sw-3495-R01,مسحة ثلاجة مقبلات,(Swabs) المسحات,Swabs,(Swabs) المسحات,swab,بيت ورد,بيت ورد,,بيت ورد,المعذر,بلدية,بلدية المعذر,True,False,لا يوجد,,0,,,False,none,date_parsed_from_text,5,True
Data 2025.xlsx,8121,2025-08-31,2025-08,2025-W35,3,6,sw-3496-r01,sw-3496-R01,مسحة صانعة ثلج,(Swabs) المسحات,Swabs,(Swabs) المسحات,swab,بيت ورد,بيت ورد,,بيت ورد,المعذر,بلدية,بلدية المعذر,True,False,لا يوجد,,0,,,False,none,date_parsed_from_text,7,True
Data 2025.xlsx,8148,2025-08-31,2025-08,2025-W35,3,6,sweet-1415-r01,sweet-1415-R01,ترفل شوكولات,الحلا(sweetness),sweetness,الحلا(sweetness),sweets_bakery,سارة بث - حي جامعة الملك سعود,سارة بث,حي جامعة الملك سعود,سارة بث - حي جامعة الملك سعود,المعذر,بلدية,بلدية المعذر,True,False,لا يوجد,,0,,,False,none,date_parsed_from_text,9,True
Data 2025.xlsx,8149,2025-08-31,2025-08,2025-W35,3,6,sweet-1416-r01,sweet-1416-R01,تراميسو,الحلا(sweetness),sweetness,الحلا(sweetness),sweets_bakery,سارة بث - حي جامعة الملك سعود,سارة بث,حي جامعة الملك سعود,سارة بث - حي جامعة الملك سعود,المعذر,بلدية,بلدية المعذر,True,False,لا يوجد,,0,,,False,none,date_parsed_from_text,9,True
Data 2025.xlsx,8150,2025-08-31,2025-08,2025-W35,3,6,sweet-1417-r01,sweet-1417-R01,رد فلفت,الحلا(sweetness),sweetness,الحلا(sweetness),sweets_bakery,سارة بث - حي جامعة الملك سعود,سارة بث,حي جامعة الملك سعود,سارة بث - حي جامعة الملك سعود,المعذر,بلدية,بلدية المعذر,True,False,لا يوجد,,0,,,False,none,date_parsed_from_text,9,True
Data 2025.xlsx,8151,2025-08-31,2025-08,2025-W35,3,6,sweet-1418-r01,sweet-1418-R01,سان سباستيان,الحلا(sweetness),sweetness,الحلا(sweetness),sweets_bakery,سارة بث - حي جامعة الملك سعود,سارة بث,حي جامعة الملك سعود,سارة بث - حي جامعة الملك سعود,المعذر,بلدية,بلدية المعذر,True,False,لا يوجد,,0,,,False,none,date_parsed_from_text,9,True
