source_file,row_excel,sampling_date,year_month,iso_year_week,quarter,day_of_week,sample_id,sample_id_raw,sample_name,category_canonical,category_en,category_raw,sample_type,facility_name,facility_chain,facility_branch,facility_name_raw,municipality,municipality_type,municipality_raw,is_valid,is_failure,invalid_tests_raw,invalid_tests,n_failed_tests,failed_pathogens,failed_indicators,has_pathogen_failure,severity_tier,data_quality_flags,chain_invalid_count_90d,is_repeat_offender_90d
Data 2025.xlsx,2796,2025-09-04,2025-09,2025-W36,3,3,raw-0076-r01,Raw-0076-R01,لحم بقر هندي مستورد رجل,لحوم نيئة مبردة ومجمدة (Raw meat Cold or chilled ),Raw meat Cold or chilled,لحوم نيئة مبردة ومجمدة (Raw meat Cold or chilled ),raw_meat,لطيفه ناصر محمد الهديق بيع لحوم مبردة,لطيفه ناصر محمد الهديق بيع لحوم مبردة,,لطيفه ناصر محمد الهديق بيع لحوم مبردة,المعذر,بلدية,بلدية المعذر,True,False,لا يوجد,,0,,,False,none,,0,False
Data 2025.xlsx,2797,2025-09-04,2025-09,2025-W36,3,3,raw-0077-r01,Raw-0077-R01,لحم تيس حبشي مستورد فخذ,لحوم نيئة مبردة ومجمدة (Raw meat Cold or chilled ),Raw meat Cold or chilled,لحوم نيئة مبردة ومجمدة (Raw meat Cold or chilled ),raw_meat,لطيفه ناصر محمد الهديق بيع لحوم مبردة,لطيفه ناصر محمد الهديق بيع لحوم مبردة,,لطيفه ناصر محمد الهديق بيع لحوم مبردة,المعذر,بلدية,بلدية المعذر,True,False,لا يوجد,,0,,,False,none,,0,False
Data 2025.xlsx,2798,2025-09-04,2025-09,2025-W36,3,3,ubot-0929-r01,Ubot-0929-R01,مياه حنفية غسيل الادوات,المياه الغير معبأة (Unbottled water),Unbottled water,المياه الغير معبأة (Unbottled water),water,لطيفه ناصر محمد الهديق بيع لحوم مبردة,لطيفه ناصر محمد الهديق بيع لحوم مبردة,,لطيفه ناصر محمد الهديق بيع لحوم مبردة,المعذر,بلدية,بلدية المعذر,True,False,لا يوجد,,0,,,False,none,,0,False
Data 2025.xlsx,6217,2025-09-07,2025-09,2025-W36,3,6,raw-0345-r01,Raw-0345-R01,لحم فخذ عجل باكستاني,لحوم نيئة مبردة ومجمدة (Raw meat Cold or chilled ),Raw meat Cold or chilled,لحوم نيئة مبردة ومجمدة (Raw meat Cold or chilled ),raw_meat,مؤسسة بدور محمد عوض العمزي للحوم الطازجة,مؤسسة بدور محمد عوض العمزي للحوم الطازجة,,مؤسسة بدور محمد عوض العمزي للحوم الطازجة,الروضة,بلدية,بلدية الروضة,True,False,لا يوجد,,0,,,False,none,,0,False
Data 2025.xlsx,6218,2025-09-07,2025-09,2025-W36,3,6,raw-0346-r01,Raw-0346-R01,كبدة نعيمي بلدي خاروف اخر,لحوم نيئة مبردة ومجمدة (Raw meat Cold or chilled ),Raw meat Cold or chilled,لحوم نيئة مبردة ومجمدة (Raw meat Cold or chilled ),raw_meat,مؤسسة بدور محمد عوض العمزي للحوم الطازجة,مؤسسة بدور محمد عوض العمزي للحوم الطازجة,,مؤسسة بدور محمد عوض العمزي للحوم الطازجة,الروضة,بلدية,بلدية الروضة,True,False,لا يوجد,,0,,,False,none,,0,False
Data 2025.xlsx,6219,2025-09-07,2025-09,2025-W36,3,6,raw-0347-r01,Raw-0347-R01,لحم بطن خاروف باكستاني,لحوم نيئة مبردة ومجمدة (Raw meat Cold or chilled ),Raw meat Cold or chilled,لحوم نيئة مبردة ومجمدة (Raw meat Cold or chilled ),raw_meat,مؤسسة بدور محمد عوض العمزي للحوم الطازجة,مؤسسة بدور محمد عوض العمزي للحوم الطازجة,,مؤسسة بدور محمد عوض العمزي للحوم الطازجة,الروضة,بلدية,بلدية الروضة,True,False,لا يوجد,,0,,,False,none,,0,False
Data 2025.xlsx,6214,2025-09-07,2025-09,2025-W36,3,6,ubot-1030-r01,Ubot-1030-R01,مياه حنفية لغسيل الادوات,المياه الغير معبأة (Unbottled water),Unbottled water,المياه الغير معبأة (Unbottled water),water,مؤسسة معالي حمود حواس العنزي للحوم,مؤسسة معالي حمود حواس العنزي للحوم,,مؤسسة معالي حمود حواس العنزي للحوم,الروضة,بلدية,بلدية الروضة,True,False,لا يوجد,,0,,,False,none,,0,False
Data 2025.xlsx,6220,2025-09-07,2025-09,2025-W36,3,6,ubot-1033-r01,Ubot-1033-R01,مياه فلتر لغسيل الادوات,المياه الغير معبأة (Unbottled water),Unbottled water,المياه الغير معبأة (Unbottled water),water,مؤسسة بدور محمد عوض العمزي للحوم الطازجة,مؤسسة بدور محمد عوض العمزي للحوم الطازجة,,مؤسسة بدور محمد عوض العمزي للحوم الطازجة,الروضة,بلدية,بلدية الروضة,True,False,لا يوجد,,0,,,False,none,,0,False
Data 2025.xlsx,7285,2025-09-08,2025-09,2025-W37,3,0,1-3346-R01,1-3346-R01 ,معكرونة,(macaroni) مكرونة,macaroni,(macaroni) مكرونة,prepared_meal,مشاغيث - حي قرطبة,مشاغيث,حي قرطبة,مشاغيث - حي قرطبة,الروضة,بلدية,بلدية الروضة,False,True,ايشيريشيا كولاي | استافيلوكوكس اورياس | باسيلس سيريس,ايشيريشيا كولاي | استافيلوكوكس اورياس | باسيلس سيريس,3,ايشيريشيا كولاي | استافيلوكوكس اورياس | باسيلس سيريس,,True,multi_pathogen,,4,True
Data 2025.xlsx,7286,2025-09-08,2025-09,2025-W37,3,0,1-3347-R01,1-3347-R01 ,لقيمات,( Luqaimat) لقيمات,Luqaimat,( Luqaimat) لقيمات,sauce_condiment,مشاغيث - حي قرطبة,مشاغيث,حي قرطبة,مشاغيث - حي قرطبة,الروضة,بلدية,بلدية الروضة,True,True,كوليفورم,كوليفورم,1,,كوليفورم,False,indicator_only,validity_says_valid_but_has_failures,5,True
Data 2025.xlsx,7316,2025-09-08,2025-09,2025-W37,3,0,O-U-to-0664-R01,O-U-to-0664-R01 ,شرائح طاماطم,الطماطم (Tomatoes),Tomatoes,الطماطم (Tomatoes),produce,باكيت - حي قرطبة,باكيت,حي قرطبة,باكيت - حي قرطبة,الروضة,بلدية,بلدية الروضة,True,False,لا يوجد,,0,,,False,none,,3,True
Data 2025.xlsx,7325,2025-09-08,2025-09,2025-W37,3,0,O-U-to-0665-R01,O-U-to-0665-R01 ,شرائح طماطم,الطماطم (Tomatoes),Tomatoes,الطماطم (Tomatoes),produce,زعتر زيت حي قرطبة,زعتر زيت حي قرطبة,,زعتر زيت حي قرطبة,الروضة,بلدية,بلدية الروضة,True,False,لا يوجد,,0,,,False,none,,0,False
Data 2025.xlsx,7318,2025-09-08,2025-09,2025-W37,3,0,O-r-O3-le-0369-R01,O-r-O3-le-0369-R01 ,خس امريكي,الخس (Lettuce),Lettuce,الخس (Lettuce),produce,باكيت - حي قرطبة,باكيت,حي قرطبة,باكيت - حي قرطبة,الروضة,بلدية,بلدية الروضة,True,False,لا يوجد,,0,,,False,none,,3,True
Data 2025.xlsx,7326,2025-09-08,2025-09,2025-W37,3,0,O-r-O3-le-0370-R01,O-r-O3-le-0370-R01 ,خس,الخس (Lettuce),Lettuce,الخس (Lettuce),produce,زعتر زيت حي قرطبة,زعتر زيت حي قرطبة,,زعتر زيت حي قرطبة,الروضة,بلدية,بلدية الروضة,False,True,استافيلوكوكس اورياس,استافيلوكوكس اورياس,1,استافيلوكوكس اورياس,,True,pathogen,,1,False
Data 2025.xlsx,7328,2025-09-08,2025-09,2025-W37,3,0,O-r-U-cu-0275-R01,O-r-U-cu-0275-R01 ,خيار,الخيار (cucumbers),cucumbers,الخيار (cucumbers),produce,زعتر زيت حي قرطبة,زعتر زيت حي قرطبة,,زعتر زيت حي قرطبة,الروضة,بلدية,بلدية الروضة,True,False,لا يوجد,,0,,,False,none,,1,False
Data 2025.xlsx,7317,2025-09-08,2025-09,2025-W37,3,0,OOu-on-0514-R01,OOu-on-0514-R01 ,شرائح بصل,البصل (onions),onions,البصل (onions),produce,باكيت - حي قرطبة,باكيت,حي قرطبة,باكيت - حي قرطبة,الروضة,بلدية,بلدية الروضة,True,False,لا يوجد,,0,,,False,none,,3,True
Data 2025.xlsx,7320,2025-09-08,2025-09,2025-W37,3,0,OOu-on-0515-R01,OOu-on-0515-R01 ,بصل مقلي,البصل (onions),onions,البصل (onions),produce,باكيت - حي قرطبة,باكيت,حي قرطبة,باكيت - حي قرطبة,الروضة,بلدية,بلدية الروضة,True,False,لا يوجد,,0,,,False,none,,3,True
Data 2025.xlsx,7319,2025-09-08,2025-09,2025-W37,3,0,UU-ca-0118-R01,UU-ca-0118-R01 ,ملفوف,الملفوف (cabbage),cabbage,الملفوف (cabbage),produce,باكيت - حي قرطبة,باكيت,حي قرطبة,باكيت - حي قرطبة,الروضة,بلدية,بلدية الروضة,True,False,لا يوجد,,0,,,False,none,,3,True
Data 2025.xlsx,7314,2025-09-08,2025-09,2025-W37,3,0,chee-0815-r01,Chee-0815-R01 ,شرائح جبنة سويسرية,(cheese) جبنة,cheese,(cheese) جبنة,dairy,باكيت - حي قرطبة,باكيت,حي قرطبة,باكيت - حي قرطبة,الروضة,بلدية,بلدية الروضة,True,False,لا يوجد,,0,,,False,none,,3,True
Data 2025.xlsx,7315,2025-09-08,2025-09,2025-W37,3,0,chee-0816-r01,Chee-0816-R01 ,شرائح شيدر,(cheese) جبنة,cheese,(cheese) جبنة,dairy,باكيت - حي قرطبة,باكيت,حي قرطبة,باكيت - حي قرطبة,الروضة,بلدية,بلدية الروضة,True,False,لا يوجد,,0,,,False,none,,3,True
Data 2025.xlsx,7283,2025-09-08,2025-09,2025-W37,3,0,co-0583-r01,co-0583-R01 ,دجاج على الفحم نص استواء,الدجاج المطبوخ (Cooked chicken),Cooked chicken,الدجاج المطبوخ (Cooked chicken),cooked_meat_poultry,مشاغيث - حي قرطبة,مشاغيث,حي قرطبة,مشاغيث - حي قرطبة,الروضة,بلدية,بلدية الروضة,True,False,لا يوجد,,0,,,False,none,,2,True
Data 2025.xlsx,7321,2025-09-08,2025-09,2025-W37,3,0,co-0584-r01,co-0584-R01 ,دجاج بروستد,الدجاج المطبوخ (Cooked chicken),Cooked chicken,الدجاج المطبوخ (Cooked chicken),cooked_meat_poultry,باكيت - حي قرطبة,باكيت,حي قرطبة,باكيت - حي قرطبة,الروضة,بلدية,بلدية الروضة,True,False,لا يوجد,,0,,,False,none,,3,True
Data 2025.xlsx,7280,2025-09-08,2025-09,2025-W37,3,0,ho-0245-r01,ho-0245-R01 ,عسل,(Honey) عسل النحل,Honey,(Honey) عسل النحل,sweets_bakery,مشاغيث - حي قرطبة,مشاغيث,حي قرطبة,مشاغيث - حي قرطبة,الروضة,بلدية,بلدية الروضة,True,False,لا يوجد,,0,,,False,none,,2,True
Data 2025.xlsx,7338,2025-09-08,2025-09,2025-W37,3,0,olv-0557-r01,olv-0557-R01 ,بيسو الزيتون معجون,الزيتون /Olive,Olive,الزيتون /Olive,produce,زعتر زيت حي قرطبة,زعتر زيت حي قرطبة,,زعتر زيت حي قرطبة,الروضة,بلدية,بلدية الروضة,True,False,لا يوجد,,0,,,False,none,,3,True
Data 2025.xlsx,7327,2025-09-08,2025-09,2025-W37,3,0,pick-0495-r01,Pick-0495-R01 ,مخلل خيار,المخلل (Pickle),Pickle,المخلل (Pickle),sauce_condiment,زعتر زيت حي قرطبة,زعتر زيت حي قرطبة,,زعتر زيت حي قرطبة,الروضة,بلدية,بلدية الروضة,True,False,لا يوجد,,0,,,False,none,,1,False
Data 2025.xlsx,7269,2025-09-08,2025-09,2025-W37,3,0,raw-0443-r01,Raw-0443-R01 ,فخذ عجل بلدي,لحوم نيئة مبردة ومجمدة (Raw meat Cold or chilled ),Raw meat Cold or chilled,لحوم نيئة مبردة ومجمدة (Raw meat Cold or chilled ),raw_meat,ملحمة وادي رماح,ملحمة وادي رماح,,ملحمة وادي رماح,العليا,بلدية,بلدية العليا,True,False,لا يوجد,,0,,,False,none,,0,False
Data 2025.xlsx,7270,2025-09-08,2025-09,2025-W37,3,0,raw-0444-r01,Raw-0444-R01 ,ظهر حاشي بلدي,لحوم نيئة مبردة ومجمدة (Raw meat Cold or chilled ),Raw meat Cold or chilled,لحوم نيئة مبردة ومجمدة (Raw meat Cold or chilled ),raw_meat,ملحمة وادي رماح,ملحمة وادي رماح,,ملحمة وادي رماح,العليا,بلدية,بلدية العليا,True,False,لا يوجد,,0,,,False,none,,0,False
Data 2025.xlsx,7271,2025-09-08,2025-09,2025-W37,3,0,raw-0445-r01,Raw-0445-R01 ,ظهر خروف بلدي,لحوم نيئة مبردة ومجمدة (Raw meat Cold or chilled ),Raw meat Cold or chilled,لحوم نيئة مبردة ومجمدة (Raw meat Cold or chilled ),raw_meat,ملحمة وادي رماح,ملحمة وادي رماح,,ملحمة وادي رماح,العليا,بلدية,بلدية العليا,True,False,لا يوجد,,0,,,False,none,,0,False
Data 2025.xlsx,7272,2025-09-08,2025-09,2025-W37,3,0,raw-0446-r01,Raw-0446-R01 ,قلب خاروف بلدي,لحوم نيئة مبردة ومجمدة (Raw meat Cold or chilled ),Raw meat Cold or chilled,لحوم نيئة مبردة ومجمدة (Raw meat Cold or chilled ),raw_meat,ملحمة وادي رماح,ملحمة وادي رماح,,ملحمة وادي رماح,العليا,بلدية,بلدية العليا,True,False,لا يوجد,,0,,,False,none,,0,False
Data 2025.xlsx,7273,2025-09-08,2025-09,2025-W37,3,0,raw-0447-r01,Raw-0447-R01 ,كبدة غنم بلدي,لحوم نيئة مبردة ومجمدة (Raw meat Cold or chilled ),Raw meat Cold or chilled,لحوم نيئة مبردة ومجمدة (Raw meat Cold or chilled ),raw_meat,ملحمة وادي رماح,ملحمة وادي رماح,,ملحمة وادي رماح,العليا,بلدية,بلدية العليا,True,False,لا يوجد,,0,,,False,none,,0,False
Data 2025.xlsx,7274,2025-09-08,2025-09,2025-W37,3,0,raw-0448-r01,Raw-0448-R01 ,فخذ لحم عجل بلدي,لحوم نيئة مبردة ومجمدة (Raw meat Cold or chilled ),Raw meat Cold or chilled,لحوم نيئة مبردة ومجمدة (Raw meat Cold or chilled ),raw_meat,مؤسسة راشد عبدالعزيز ناصر الشومر للتجارة,مؤسسة راشد عبدالعزيز ناصر الشومر للتجارة,,مؤسسة راشد عبدالعزيز ناصر الشومر للتجارة,العليا,بلدية,بلدية العليا,False,True,السالمونيلا,السالمونيلا,1,السالمونيلا,,True,pathogen,,1,False
Data 2025.xlsx,7275,2025-09-08,2025-09,2025-W37,3,0,raw-0449-r01,Raw-0449-R01 ,لحم ظهر تيس,لحوم نيئة مبردة ومجمدة (Raw meat Cold or chilled ),Raw meat Cold or chilled,لحوم نيئة مبردة ومجمدة (Raw meat Cold or chilled ),raw_meat,مؤسسة راشد عبدالعزيز ناصر الشومر للتجارة,مؤسسة راشد عبدالعزيز ناصر الشومر للتجارة,,مؤسسة راشد عبدالعزيز ناصر الشومر للتجارة,العليا,بلدية,بلدية العليا,True,False,لا يوجد,,0,,,False,none,,1,False
Data 2025.xlsx,7276,2025-09-08,2025-09,2025-W37,3,0,sal-1525-r01,Sal-1525-R01 ,سلطة خضراء,السلطة(Salad),Salad,السلطة(Salad),produce,مشاغيث - حي قرطبة,مشاغيث,حي قرطبة,مشاغيث - حي قرطبة,الروضة,بلدية,بلدية الروضة,False,True,استافيلوكوكس اورياس,استافيلوكوكس اورياس,1,استافيلوكوكس اورياس,,True,pathogen,,1,False
Data 2025.xlsx,7277,2025-09-08,2025-09,2025-W37,3,0,sal-1526-r01,Sal-1526-R01 ,سلطة ليمون,السلطة(Salad),Salad,السلطة(Salad),produce,مشاغيث - حي قرطبة,مشاغيث,حي قرطبة,مشاغيث - حي قرطبة,الروضة,بلدية,بلدية الروضة,True,False,لا يوجد,,0,,,False,none,,1,False
Data 2025.xlsx,7278,2025-09-08,2025-09,2025-W37,3,0,sal-1527-r01,Sal-1527-R01 ,سلطة حمراء,السلطة(Salad),Salad,السلطة(Salad),produce,مشاغيث - حي قرطبة,مشاغيث,حي قرطبة,مشاغيث - حي قرطبة,الروضة,بلدية,بلدية الروضة,False,True,استافيلوكوكس اورياس,استافيلوكوكس اورياس,1,استافيلوكوكس اورياس,,True,pathogen,,2,True
Data 2025.xlsx,7279,2025-09-08,2025-09,2025-W37,3,0,sal-1528-r01,Sal-1528-R01 ,سلطة لبن خيار,السلطة(Salad),Salad,السلطة(Salad),produce,مشاغيث - حي قرطبة,مشاغيث,حي قرطبة,مشاغيث - حي قرطبة,الروضة,بلدية,بلدية الروضة,True,False,لا يوجد,,0,,,False,none,,2,True
Data 2025.xlsx,7313,2025-09-08,2025-09,2025-W37,3,0,sal-1529-r01,Sal-1529-R01 ,سلطة كولسلو,السلطة(Salad),Salad,السلطة(Salad),produce,باكيت - حي قرطبة,باكيت,حي قرطبة,باكيت - حي قرطبة,الروضة,بلدية,بلدية الروضة,False,True,العد الكلي للبكتيريا,العد الكلي للبكتيريا,1,,العد الكلي للبكتيريا,False,indicator_only,,3,True
Data 2025.xlsx,7329,2025-09-08,2025-09,2025-W37,3,0,sal-1530-r01,Sal-1530-R01 ,سلطة كولسلو,السلطة(Salad),Salad,السلطة(Salad),produce,زعتر زيت حي قرطبة,زعتر زيت حي قرطبة,,زعتر زيت حي قرطبة,الروضة,بلدية,بلدية الروضة,False,True,استافيلوكوكس اورياس,استافيلوكوكس اورياس,1,استافيلوكوكس اورياس,,True,pathogen,,2,True
Data 2025.xlsx,7289,2025-09-08,2025-09,2025-W37,3,0,sau-2115-r01,sau-2115-R01 ,صوص شيرة,صوص (sauce),sauce,صوص (sauce),sauce_condiment,مشاغيث - حي قرطبة,مشاغيث,حي قرطبة,مشاغيث - حي قرطبة,الروضة,بلدية,بلدية الروضة,True,False,لا يوجد,,0,,,False,none,,6,True
Data 2025.xlsx,7290,2025-09-08,2025-09,2025-W37,3,0,sau-2116-r01,sau-2116-R01 ,صوص بيتزا معلب,صوص (sauce),sauce,صوص (sauce),sauce_condiment,ليتل سيزر - حي قرطبة,ليتل سيزر,حي قرطبة,ليتل سيزر - حي قرطبة,الروضة,بلدية,بلدية الروضة,True,False,لا يوجد,,0,,,False,none,,0,False
Data 2025.xlsx,7291,2025-09-08,2025-09,2025-W37,3,0,sau-2117-r01,sau-2117-R01 ,صوص بوكلو حار معلب,صوص (sauce),sauce,صوص (sauce),sauce_condiment,ليتل سيزر - حي قرطبة,ليتل سيزر,حي قرطبة,ليتل سيزر - حي قرطبة,الروضة,بلدية,بلدية الروضة,True,False,لا يوجد,,0,,,False,none,,0,False
Data 2025.xlsx,7292,2025-09-08,2025-09,2025-W37,3,0,sau-2118-r01,sau-2118-R01 ,صوص ديناميت معلب,صوص (sauce),sauce,صوص (sauce),sauce_condiment,ليتل سيزر - حي قرطبة,ليتل سيزر,حي قرطبة,ليتل سيزر - حي قرطبة,الروضة,بلدية,بلدية الروضة,True,False,لا يوجد,,0,,,False,none,,0,False
Data 2025.xlsx,7293,2025-09-08,2025-09,2025-W37,3,0,sau-2119-r01,sau-2119-R01 ,صوص رانش معلب,صوص (sauce),sauce,صوص (sauce),sauce_condiment,ليتل سيزر - حي قرطبة,ليتل سيزر,حي قرطبة,ليتل سيزر - حي قرطبة,الروضة,بلدية,بلدية الروضة,True,False,لا يوجد,,0,,,False,none,,0,False
Data 2025.xlsx,7294,2025-09-08,2025-09,2025-W37,3,0,sau-2120-r01,sau-2120-R01 ,صوص باربكيو معلب,صوص (sauce),sauce,صوص (sauce),sauce_condiment,ليتل سيزر - حي قرطبة,ليتل سيزر,حي قرطبة,ليتل سيزر - حي قرطبة,الروضة,بلدية,بلدية الروضة,True,False,لا يوجد,,0,,,False,none,,0,False
Data 2025.xlsx,7295,2025-09-08,2025-09,2025-W37,3,0,sau-2121-r01,sau-2121-R01 ,صوص شيبوتلي معلب,صوص (sauce),sauce,صوص (sauce),sauce_condiment,ليتل سيزر - حي قرطبة,ليتل سيزر,حي قرطبة,ليتل سيزر - حي قرطبة,الروضة,بلدية,بلدية الروضة,True,False,لا يوجد,,0,,,False,none,,0,False
Data 2025.xlsx,7296,2025-09-08,2025-09,2025-W37,3,0,sau-2122-r01,sau-2122-R01 ,صوص ديناميت,صوص (sauce),sauce,صوص (sauce),sauce_condiment,ليتل سيزر - حي قرطبة,ليتل سيزر,حي قرطبة,ليتل سيزر - حي قرطبة,الروضة,بلدية,بلدية الروضة,True,False,لا يوجد,,0,,,False,none,,0,False
Data 2025.xlsx,7297,2025-09-08,2025-09,2025-W37,3,0,sau-2123-r01,sau-2123-R01 ,صوص رانش,صوص (sauce),sauce,صوص (sauce),sauce_condiment,ليتل سيزر - حي قرطبة,ليتل سيزر,حي قرطبة,ليتل سيزر - حي قرطبة,الروضة,بلدية,بلدية الروضة,True,False,لا يوجد,,0,,,False,none,,0,False
Data 2025.xlsx,7298,2025-09-08,2025-09,2025-W37,3,0,sau-2124-r01,sau-2124-R01 ,صوص شيبوتلي,صوص (sauce),sauce,صوص (sauce),sauce_condiment,ليتل سيزر - حي قرطبة,ليتل سيزر,حي قرطبة,ليتل سيزر - حي قرطبة,الروضة,بلدية,بلدية الروضة,False,True,العد الكلي للبكتيريا,العد الكلي للبكتيريا,1,,العد الكلي للبكتيريا,False,indicator_only,,1,False
Data 2025.xlsx,7299,2025-09-08,2025-09,2025-W37,3,0,sau-2125-r01,sau-2125-R01 ,صوص باربكيو,صوص (sauce),sauce,صوص (sauce),sauce_condiment,ليتل سيزر - حي قرطبة,ليتل سيزر,حي قرطبة,ليتل سيزر - حي قرطبة,الروضة,بلدية,بلدية الروضة,True,False,لا يوجد,,0,,,False,none,,1,False
Data 2025.xlsx,7300,2025-09-08,2025-09,2025-W37,3,0,sau-2126-r01,sau-2126-R01 ,صوص ثوم,صوص (sauce),sauce,صوص (sauce),sauce_condiment,ليتل سيزر - حي قرطبة,ليتل سيزر,حي قرطبة,ليتل سيزر - حي قرطبة,الروضة,بلدية,بلدية الروضة,True,False,لا يوجد,,0,,,False,none,,1,False
Data 2025.xlsx,7302,2025-09-08,2025-09,2025-W37,3,0,sau-2127-r01,sau-2127-R01 ,صوص ميبل,صوص (sauce),sauce,صوص (sauce),sauce_condiment,باكيت - حي قرطبة,باكيت,حي قرطبة,باكيت - حي قرطبة,الروضة,بلدية,بلدية الروضة,True,False,لا يوجد,,0,,,False,none,,0,False
Data 2025.xlsx,7303,2025-09-08,2025-09,2025-W37,3,0,sau-2128-r01,sau-2128-R01 ,صوص كلاسيك,صوص (sauce),sauce,صوص (sauce),sauce_condiment,باكيت - حي قرطبة,باكيت,حي قرطبة,باكيت - حي قرطبة,الروضة,بلدية,بلدية الروضة,True,False,لا يوجد,,0,,,False,none,,0,False
Data 2025.xlsx,7304,2025-09-08,2025-09,2025-W37,3,0,sau-2129-r01,sau-2129-R01 ,صوص راب كامبو,صوص (sauce),sauce,صوص (sauce),sauce_condiment,باكيت - حي قرطبة,باكيت,حي قرطبة,باكيت - حي قرطبة,الروضة,بلدية,بلدية الروضة,False,True,العد الكلي للبكتيريا,العد الكلي للبكتيريا,1,,العد الكلي للبكتيريا,False,indicator_only,,1,False
Data 2025.xlsx,7305,2025-09-08,2025-09,2025-W37,3,0,sau-2130-r01,sau-2130-R01 ,صوص سيجنتشر,صوص (sauce),sauce,صوص (sauce),sauce_condiment,باكيت - حي قرطبة,باكيت,حي قرطبة,باكيت - حي قرطبة,الروضة,بلدية,بلدية الروضة,True,False,لا يوجد,,0,,,False,none,,1,False
Data 2025.xlsx,7306,2025-09-08,2025-09,2025-W37,3,0,sau-2131-r01,sau-2131-R01 ,صوص سبايسي راب,صوص (sauce),sauce,صوص (sauce),sauce_condiment,باكيت - حي قرطبة,باكيت,حي قرطبة,باكيت - حي قرطبة,الروضة,بلدية,بلدية الروضة,False,True,العد الكلي للبكتيريا,العد الكلي للبكتيريا,1,,العد الكلي للبكتيريا,False,indicator_only,,2,True
Data 2025.xlsx,7307,2025-09-08,2025-09,2025-W37,3,0,sau-2132-r01,sau-2132-R01 ,صوص باكيت,صوص (sauce),sauce,صوص (sauce),sauce_condiment,باكيت - حي قرطبة,باكيت,حي قرطبة,باكيت - حي قرطبة,الروضة,بلدية,بلدية الروضة,True,False,لا يوجد,,0,,,False,none,,2,True
Data 2025.xlsx,7308,2025-09-08,2025-09,2025-W37,3,0,sau-2133-r01,sau-2133-R01 ,صوص كاتشب,صوص (sauce),sauce,صوص (sauce),sauce_condiment,باكيت - حي قرطبة,باكيت,حي قرطبة,باكيت - حي قرطبة,الروضة,بلدية,بلدية الروضة,True,False,لا يوجد,,0,,,False,none,,2,True
Data 2025.xlsx,7309,2025-09-08,2025-09,2025-W37,3,0,sau-2134-r01,sau-2134-R01 ,صوص مايونيز,صوص (sauce),sauce,صوص (sauce),sauce_condiment,باكيت - حي قرطبة,باكيت,حي قرطبة,باكيت - حي قرطبة,الروضة,بلدية,بلدية الروضة,True,False,لا يوجد,,0,,,False,none,,2,True
Data 2025.xlsx,7310,2025-09-08,2025-09,2025-W37,3,0,sau-2135-r01,sau-2135-R01 ,صوص سويت سبايسي,صوص (sauce),sauce,صوص (sauce),sauce_condiment,باكيت - حي قرطبة,باكيت,حي قرطبة,باكيت - حي قرطبة,الروضة,بلدية,بلدية الروضة,True,False,لا يوجد,,0,,,False,none,,2,True
Data 2025.xlsx,7311,2025-09-08,2025-09,2025-W37,3,0,sau-2136-r01,sau-2136-R01 ,صوص سبايسي,صوص (sauce),sauce,صوص (sauce),sauce_condiment,باكيت - حي قرطبة,باكيت,حي قرطبة,باكيت - حي قرطبة,الروضة,بلدية,بلدية الروضة,True,False,لا يوجد,,0,,,False,none,,2,True
Data 2025.xlsx,7312,2025-09-08,2025-09,2025-W37,3,0,sau-2137-r01,sau-2137-R01 ,صوص خردل,صوص (sauce),sauce,صوص (sauce),sauce_condiment,باكيت - حي قرطبة,باكيت,حي قرطبة,باكيت - حي قرطبة,الروضة,بلدية,بلدية الروضة,True,False,لا يوجد,,0,,,False,none,,2,True
Data 2025.xlsx,7322,2025-09-08,2025-09,2025-W37,3,0,sau-2138-r01,sau-2138-R01 ,صوص جبنة,صوص (sauce),sauce,صوص (sauce),sauce_condiment,باكيت - حي قرطبة,باكيت,حي قرطبة,باكيت - حي قرطبة,الروضة,بلدية,بلدية الروضة,True,False,لا يوجد,,0,,,False,none,,3,True
Data 2025.xlsx,7330,2025-09-08,2025-09,2025-W37,3,0,sau-2139-r01,sau-2139-R01 ,صوص لايت مايونيز,صوص (sauce),sauce,صوص (sauce),sauce_condiment,زعتر زيت حي قرطبة,زعتر زيت حي قرطبة,,زعتر زيت حي قرطبة,الروضة,بلدية,بلدية الروضة,True,False,لا يوجد,,0,,,False,none,,2,True
Data 2025.xlsx,7331,2025-09-08,2025-09,2025-W37,3,0,sau-2140-r01,sau-2140-R01 ,صوص لايت ميقا ماسترد,صوص (sauce),sauce,صوص (sauce),sauce_condiment,زعتر زيت حي قرطبة,زعتر زيت حي قرطبة,,زعتر زيت حي قرطبة,الروضة,بلدية,بلدية الروضة,True,False,لا يوجد,,0,,,False,none,,2,True
Data 2025.xlsx,7332,2025-09-08,2025-09,2025-W37,3,0,sau-2141-r01,sau-2141-R01 ,صوص ماسترد,صوص (sauce),sauce,صوص (sauce),sauce_condiment,زعتر زيت حي قرطبة,زعتر زيت حي قرطبة,,زعتر زيت حي قرطبة,الروضة,بلدية,بلدية الروضة,True,False,لا يوجد,,0,,,False,none,,2,True
Data 2025.xlsx,7333,2025-09-08,2025-09,2025-W37,3,0,sau-2142-r01,sau-2142-R01 ,صوص مايونيز,صوص (sauce),sauce,صوص (sauce),sauce_condiment,زعتر زيت حي قرطبة,زعتر زيت حي قرطبة,,زعتر زيت حي قرطبة,الروضة,بلدية,بلدية الروضة,True,False,لا يوجد,,0,,,False,none,,2,True
Data 2025.xlsx,7334,2025-09-08,2025-09,2025-W37,3,0,sau-2143-r01,sau-2143-R01 ,صوص ثوم,صوص (sauce),sauce,صوص (sauce),sauce_condiment,زعتر زيت حي قرطبة,زعتر زيت حي قرطبة,,زعتر زيت حي قرطبة,الروضة,بلدية,بلدية الروضة,True,False,لا يوجد,,0,,,False,none,,2,True
Data 2025.xlsx,7335,2025-09-08,2025-09,2025-W37,3,0,sau-2144-r01,sau-2144-R01 ,صوص سبايسي,صوص (sauce),sauce,صوص (sauce),sauce_condiment,زعتر زيت حي قرطبة,زعتر زيت حي قرطبة,,زعتر زيت حي قرطبة,الروضة,بلدية,بلدية الروضة,True,False,لا يوجد,,0,,,False,none,,2,True
Data 2025.xlsx,7336,2025-09-08,2025-09,2025-W37,3,0,sau-2145-r01,sau-2145-R01 ,صوص لايت ثوم,صوص (sauce),sauce,صوص (sauce),sauce_condiment,زعتر زيت حي قرطبة,زعتر زيت حي قرطبة,,زعتر زيت حي قرطبة,الروضة,بلدية,بلدية الروضة,False,True,العد الكلي للبكتيريا,العد الكلي للبكتيريا,1,,العد الكلي للبكتيريا,False,indicator_only,,3,True
Data 2025.xlsx,7337,2025-09-08,2025-09,2025-W37,3,0,sau-2146-r01,sau-2146-R01 ,صوص باربكيو + مايو,صوص (sauce),sauce,صوص (sauce),sauce_condiment,زعتر زيت حي قرطبة,زعتر زيت حي قرطبة,,زعتر زيت حي قرطبة,الروضة,بلدية,بلدية الروضة,True,False,لا يوجد,,0,,,False,none,,3,True
Data 2025.xlsx,7339,2025-09-08,2025-09,2025-W37,3,0,sau-2147-r01,sau-2147-R01 ,صوص كاتشب,صوص (sauce),sauce,صوص (sauce),sauce_condiment,زعتر زيت حي قرطبة,زعتر زيت حي قرطبة,,زعتر زيت حي قرطبة,الروضة,بلدية,بلدية الروضة,True,False,لا يوجد,,0,,,False,none,,3,True
Data 2025.xlsx,7340,2025-09-08,2025-09,2025-W37,3,0,sau-2148-r01,sau-2148-R01 ,صوص مايو ماسترد,صوص (sauce),sauce,صوص (sauce),sauce_condiment,زعتر زيت حي قرطبة,زعتر زيت حي قرطبة,,زعتر زيت حي قرطبة,الروضة,بلدية,بلدية الروضة,True,False,لا يوجد,,0,,,False,none,,3,True
Data 2025.xlsx,7341,2025-09-08,2025-09,2025-W37,3,0,sau-2149-r01,sau-2149-R01 ,صوص باربكيو,صوص (sauce),sauce,صوص (sauce),sauce_condiment,زعتر زيت حي قرطبة,زعتر زيت حي قرطبة,,زعتر زيت حي قرطبة,الروضة,بلدية,بلدية الروضة,True,False,لا يوجد,,0,,,False,none,,3,True
Data 2025.xlsx,7281,2025-09-08,2025-09,2025-W37,3,0,sw-3414-r01,sw-3414-R01 ,مسحة طاولة,(Swabs) المسحات,Swabs,(Swabs) المسحات,swab,مشاغيث - حي قرطبة,مشاغيث,حي قرطبة,مشاغيث - حي قرطبة,الروضة,بلدية,بلدية الروضة,True,False,لا يوجد,,0,,,False,none,,2,True
Data 2025.xlsx,7282,2025-09-08,2025-09,2025-W37,3,0,sw-3415-r01,sw-3415-R01 ,مسحة سخان سمن,(Swabs) المسحات,Swabs,(Swabs) المسحات,swab,مشاغيث - حي قرطبة,مشاغيث,حي قرطبة,مشاغيث - حي قرطبة,الروضة,بلدية,بلدية الروضة,True,False,لا يوجد,,0,,,False,none,,2,True
Data 2025.xlsx,7284,2025-09-08,2025-09,2025-W37,3,0,sw-3416-r01,sw-3416-R01 ,مسحة طاولة تقطيع لحم مطبوخ,(Swabs) المسحات,Swabs,(Swabs) المسحات,swab,مشاغيث - حي قرطبة,مشاغيث,حي قرطبة,مشاغيث - حي قرطبة,الروضة,بلدية,بلدية الروضة,False,True,العد الكلي للبكتيريا,العد الكلي للبكتيريا,1,,العد الكلي للبكتيريا,False,indicator_only,,3,True
Data 2025.xlsx,7301,2025-09-08,2025-09,2025-W37,3,0,sw-3417-r01,sw-3417-R01 ,مسحة قطاعة بيتزا,(Swabs) المسحات,Swabs,(Swabs) المسحات,swab,ليتل سيزر - حي قرطبة,ليتل سيزر,حي قرطبة,ليتل سيزر - حي قرطبة,الروضة,بلدية,بلدية الروضة,True,False,لا يوجد,,0,,,False,none,,1,False
Data 2025.xlsx,7323,2025-09-08,2025-09,2025-W37,3,0,sw-3418-r01,sw-3418-R01 ,مسحة حافظة البطاطس,(Swabs) المسحات,Swabs,(Swabs) المسحات,swab,باكيت - حي قرطبة,باكيت,حي قرطبة,باكيت - حي قرطبة,الروضة,بلدية,بلدية الروضة,True,False,لا يوجد,,0,,,False,none,,3,True
Data 2025.xlsx,7324,2025-09-08,2025-09,2025-W37,3,0,sw-3419-r01,sw-3419-R01 ,مسحة سخان بروستد,(Swabs) المسحات,Swabs,(Swabs) المسحات,swab,باكيت - حي قرطبة,باكيت,حي قرطبة,باكيت - حي قرطبة,الروضة,بلدية,بلدية الروضة,True,False,لا يوجد,,0,,,False,none,,3,True
Data 2025.xlsx,7287,2025-09-08,2025-09,2025-W37,3,0,sweet-1329-r01,sweet-1329-R01 ,كنافة بالقشطة لوتس,الحلا(sweetness),sweetness,الحلا(sweetness),sweets_bakery,مشاغيث - حي قرطبة,مشاغيث,حي قرطبة,مشاغيث - حي قرطبة,الروضة,بلدية,بلدية الروضة,True,False,لا يوجد,,0,,,False,none,,5,True
Data 2025.xlsx,7288,2025-09-08,2025-09,2025-W37,3,0,sweet-1330-r01,sweet-1330-R01 ,كنافة بالبستاشو و القشطة,الحلا(sweetness),sweetness,الحلا(sweetness),sweets_bakery,مشاغيث - حي قرطبة,مشاغيث,حي قرطبة,مشاغيث - حي قرطبة,الروضة,بلدية,بلدية الروضة,False,True,السالمونيلا,السالمونيلا,1,السالمونيلا,,True,pathogen,,6,True
Data 2025.xlsx,7342,2025-09-08,2025-09,2025-W37,3,0,sweet-1331-r01,sweet-1331-R01 ,شوكولاتة موس كيك,الحلا(sweetness),sweetness,الحلا(sweetness),sweets_bakery,زعتر زيت حي قرطبة,زعتر زيت حي قرطبة,,زعتر زيت حي قرطبة,الروضة,بلدية,بلدية الروضة,True,False,لا يوجد,,0,,,False,none,,3,True
Data 2025.xlsx,7343,2025-09-08,2025-09,2025-W37,3,0,sweet-1332-r01,sweet-1332-R01 ,جلي فراولة,الحلا(sweetness),sweetness,الحلا(sweetness),sweets_bakery,زعتر زيت حي قرطبة,زعتر زيت حي قرطبة,,زعتر زيت حي قرطبة,الروضة,بلدية,بلدية الروضة,True,False,لا يوجد,,0,,,False,none,,3,True
Data 2025.xlsx,7344,2025-09-08,2025-09,2025-W37,3,0,sweet-1333-r01,sweet-1333-R01 ,براوني,الحلا(sweetness),sweetness,الحلا(sweetness),sweets_bakery,زعتر زيت حي قرطبة,زعتر زيت حي قرطبة,,زعتر زيت حي قرطبة,الروضة,بلدية,بلدية الروضة,True,False,لا يوجد,,0,,,False,none,,3,True
Data 2025.xlsx,7345,2025-09-08,2025-09,2025-W37,3,0,sweet-1334-r01,sweet-1334-R01 ,تشيز كيك,الحلا(sweetness),sweetness,الحلا(sweetness),sweets_bakery,زعتر زيت حي قرطبة,زعتر زيت حي قرطبة,,زعتر زيت حي قرطبة,الروضة,بلدية,بلدية الروضة,True,False,لا يوجد,,0,,,False,none,,3,True
Data 2025.xlsx,7346,2025-09-08,2025-09,2025-W37,3,0,sweet-1335-r01,sweet-1335-R01 ,اوريو تشيزكيك,الحلا(sweetness),sweetness,الحلا(sweetness),sweets_bakery,زعتر زيت حي قرطبة,زعتر زيت حي قرطبة,,زعتر زيت حي قرطبة,الروضة,بلدية,بلدية الروضة,True,False,لا يوجد,,0,,,False,none,,3,True
Data 2025.xlsx,8415,2025-09-09,2025-09,2025-W37,3,1,1-3451-R01,1-3451-R01,رز سيجنتشر,الارز ( rice),rice,الارز ( rice),prepared_meal,فروج بنت الديك - حي الملك فهد,فروج بنت الديك,حي الملك فهد,فروج بنت الديك - حي الملك فهد,العليا,بلدية,بلدية العليا,True,False,لا يوجد,,0,,,False,none,,4,True
Data 2025.xlsx,8422,2025-09-09,2025-09,2025-W37,3,1,1-3452-R01,1-3452-R01,دانيش فروت فطيرة,(Pie) فطيرة,Pie,(Pie) فطيرة,sweets_bakery,مؤسسة الكوب الامثل لتقديم المشروبات - حي الملك فهد,مؤسسة الكوب الامثل لتقديم المشروبات,حي الملك فهد,مؤسسة الكوب الامثل لتقديم المشروبات - حي الملك فهد,العليا,بلدية,بلدية العليا,True,False,لا يوجد,,0,,,False,none,,0,False
Data 2025.xlsx,8423,2025-09-09,2025-09,2025-W37,3,1,1-3453-R01,1-3453-R01,دانيش تشيز فطيرة,(Pie) فطيرة,Pie,(Pie) فطيرة,sweets_bakery,مؤسسة الكوب الامثل لتقديم المشروبات - حي الملك فهد,مؤسسة الكوب الامثل لتقديم المشروبات,حي الملك فهد,مؤسسة الكوب الامثل لتقديم المشروبات - حي الملك فهد,العليا,بلدية,بلدية العليا,True,False,لا يوجد,,0,,,False,none,,0,False
Data 2025.xlsx,8424,2025-09-09,2025-09,2025-W37,3,1,1-3454-R01,1-3454-R01,كروسان جبن,كروسان (croissant),croissant,كروسان (croissant),sweets_bakery,مؤسسة الكوب الامثل لتقديم المشروبات - حي الملك فهد,مؤسسة الكوب الامثل لتقديم المشروبات,حي الملك فهد,مؤسسة الكوب الامثل لتقديم المشروبات - حي الملك فهد,العليا,بلدية,بلدية العليا,True,False,لا يوجد,,0,,,False,none,,0,False
Data 2025.xlsx,8425,2025-09-09,2025-09,2025-W37,3,1,1-3455-R01,1-3455-R01,كروسان شوكولاتة,كروسان (croissant),croissant,كروسان (croissant),sweets_bakery,مؤسسة الكوب الامثل لتقديم المشروبات - حي الملك فهد,مؤسسة الكوب الامثل لتقديم المشروبات,حي الملك فهد,مؤسسة الكوب الامثل لتقديم المشروبات - حي الملك فهد,العليا,بلدية,بلدية العليا,True,False,لا يوجد,,0,,,False,none,,0,False
Data 2025.xlsx,8426,2025-09-09,2025-09,2025-W37,3,1,1-3456-R01,1-3456-R01,كروسان سادة,كروسان (croissant),croissant,كروسان (croissant),sweets_bakery,مؤسسة الكوب الامثل لتقديم المشروبات - حي الملك فهد,مؤسسة الكوب الامثل لتقديم المشروبات,حي الملك فهد,مؤسسة الكوب الامثل لتقديم المشروبات - حي الملك فهد,العليا,بلدية,بلدية العليا,True,False,لا يوجد,,0,,,False,none,,0,False
Data 2025.xlsx,8397,2025-09-09,2025-09,2025-W37,3,1,O-U-po-0223-R01,O-U-po-0223-R01,حب رمان,الرمان (pomegranate),pomegranate,الرمان (pomegranate),produce,عنب ليان - حي الملك فهد,عنب ليان,حي الملك فهد,عنب ليان - حي الملك فهد,العليا,بلدية,بلدية العليا,True,False,لا يوجد,,0,,,False,none,,7,True
Data 2025.xlsx,8396,2025-09-09,2025-09,2025-W37,3,1,OO-OSS-po-0446-R01,OO-OSS-po-0446-R01,بطاطس محشي,البطاطس (potatoes),potatoes,البطاطس (potatoes),produce,عنب ليان - حي الملك فهد,عنب ليان,حي الملك فهد,عنب ليان - حي الملك فهد,العليا,بلدية,بلدية العليا,True,False,لا يوجد,,0,,,False,none,,7,True
Data 2025.xlsx,8411,2025-09-09,2025-09,2025-W37,3,1,OO-OSS-po-0447-R01,OO-OSS-po-0447-R01,بطاطس مقلي,البطاطس (potatoes),potatoes,البطاطس (potatoes),produce,فروج بنت الديك - حي الملك فهد,فروج بنت الديك,حي الملك فهد,فروج بنت الديك - حي الملك فهد,العليا,بلدية,بلدية العليا,True,False,لا يوجد,,0,,,False,none,,2,True
Data 2025.xlsx,8395,2025-09-09,2025-09,2025-W37,3,1,OOu-on-0540-R01,OOu-on-0540-R01,بصل محشي,البصل (onions),onions,البصل (onions),produce,عنب ليان - حي الملك فهد,عنب ليان,حي الملك فهد,عنب ليان - حي الملك فهد,العليا,بلدية,بلدية العليا,True,False,لا يوجد,,0,,,False,none,,7,True
Data 2025.xlsx,8400,2025-09-09,2025-09,2025-W37,3,1,OOu-on-0541-R01,OOu-on-0541-R01,بصل مكرمل,البصل (onions),onions,البصل (onions),produce,عنب ليان - حي الملك فهد,عنب ليان,حي الملك فهد,عنب ليان - حي الملك فهد,العليا,بلدية,بلدية العليا,True,False,لا يوجد,,0,,,False,none,,8,True
Data 2025.xlsx,8398,2025-09-09,2025-09,2025-W37,3,1,OU-pa-0264-R01,OU-pa-0264-R01,قطع بقدونس,البقدونس (parsley),parsley,البقدونس (parsley),produce,عنب ليان - حي الملك فهد,عنب ليان,حي الملك فهد,عنب ليان - حي الملك فهد,العليا,بلدية,بلدية العليا,False,True,استافيلوكوكس اورياس | ايشيريشيا كولاي,استافيلوكوكس اورياس | ايشيريشيا كولاي,2,استافيلوكوكس اورياس | ايشيريشيا كولاي,,True,multi_pathogen,,8,True
Data 2025.xlsx,8391,2025-09-09,2025-09,2025-W37,3,1,UU-ca-0123-R01,UU-ca-0123-R01,ملفوف محشي,الملفوف (cabbage),cabbage,الملفوف (cabbage),produce,عنب ليان - حي الملك فهد,عنب ليان,حي الملك فهد,عنب ليان - حي الملك فهد,العليا,بلدية,بلدية العليا,False,True,العد الكلي للبكتيريا,العد الكلي للبكتيريا,1,,العد الكلي للبكتيريا,False,indicator_only,,4,True
Data 2025.xlsx,8392,2025-09-09,2025-09,2025-W37,3,1,UU-ca-0124-R01,UU-ca-0124-R01,ملفوف محشي سبايسي,الملفوف (cabbage),cabbage,الملفوف (cabbage),produce,عنب ليان - حي الملك فهد,عنب ليان,حي الملك فهد,عنب ليان - حي الملك فهد,العليا,بلدية,بلدية العليا,False,True,العد الكلي للبكتيريا,العد الكلي للبكتيريا,1,,العد الكلي للبكتيريا,False,indicator_only,,5,True
Data 2025.xlsx,8399,2025-09-09,2025-09,2025-W37,3,1,UU-le-0469-R01,UU-le-0469-R01,قطع ليمون,الليمون (Lemons),Lemons,الليمون (Lemons),produce,عنب ليان - حي الملك فهد,عنب ليان,حي الملك فهد,عنب ليان - حي الملك فهد,العليا,بلدية,بلدية العليا,True,False,لا يوجد,,0,,,False,none,,8,True
Data 2025.xlsx,8408,2025-09-09,2025-09,2025-W37,3,1,appe-0602-r01,Appe-0602-R01,حمص,مقبلات (Appetizers),Appetizers,مقبلات (Appetizers),prepared_meal,فروج بنت الديك - حي الملك فهد,فروج بنت الديك,حي الملك فهد,فروج بنت الديك - حي الملك فهد,العليا,بلدية,بلدية العليا,True,False,لا يوجد,,0,,,False,none,,2,True
Data 2025.xlsx,8409,2025-09-09,2025-09,2025-W37,3,1,appe-0603-r01,Appe-0603-R01,متبل,مقبلات (Appetizers),Appetizers,مقبلات (Appetizers),prepared_meal,فروج بنت الديك - حي الملك فهد,فروج بنت الديك,حي الملك فهد,فروج بنت الديك - حي الملك فهد,العليا,بلدية,بلدية العليا,True,False,لا يوجد,,0,,,False,none,,2,True
Data 2025.xlsx,8413,2025-09-09,2025-09,2025-W37,3,1,appe-0604-r01,Appe-0604-R01,تبولة,مقبلات (Appetizers),Appetizers,مقبلات (Appetizers),prepared_meal,فروج بنت الديك - حي الملك فهد,فروج بنت الديك,حي الملك فهد,فروج بنت الديك - حي الملك فهد,العليا,بلدية,بلدية العليا,True,False,لا يوجد,,0,,,False,none,,3,True
Data 2025.xlsx,8390,2025-09-09,2025-09,2025-W37,3,1,gr-0206-r01,gr-0206-R01,ورق عنب,ورق عنب (Grape leaves),Grape leaves,ورق عنب (Grape leaves),produce,عنب ليان - حي الملك فهد,عنب ليان,حي الملك فهد,عنب ليان - حي الملك فهد,العليا,بلدية,بلدية العليا,False,True,العد الكلي للبكتيريا,العد الكلي للبكتيريا,1,,العد الكلي للبكتيريا,False,indicator_only,,3,True
Data 2025.xlsx,8393,2025-09-09,2025-09,2025-W37,3,1,gr-0207-r01,gr-0207-R01,ورق عنب حراق,ورق عنب (Grape leaves),Grape leaves,ورق عنب (Grape leaves),produce,عنب ليان - حي الملك فهد,عنب ليان,حي الملك فهد,عنب ليان - حي الملك فهد,العليا,بلدية,بلدية العليا,False,True,العد الكلي للبكتيريا,العد الكلي للبكتيريا,1,,العد الكلي للبكتيريا,False,indicator_only,,6,True
Data 2025.xlsx,8406,2025-09-09,2025-09,2025-W37,3,1,pick-0532-r01,Pick-0532-R01,مخلل خيار,المخلل (Pickle),Pickle,المخلل (Pickle),sauce_condiment,فروج بنت الديك - حي الملك فهد,فروج بنت الديك,حي الملك فهد,فروج بنت الديك - حي الملك فهد,العليا,بلدية,بلدية العليا,False,True,خمائر,الخمائر والاعفان,1,,الخمائر والاعفان,False,indicator_only,,2,True
Data 2025.xlsx,8410,2025-09-09,2025-09,2025-W37,3,1,sal-1625-r01,Sal-1625-R01,سلطة كولسلو,السلطة(Salad),Salad,السلطة(Salad),produce,فروج بنت الديك - حي الملك فهد,فروج بنت الديك,حي الملك فهد,فروج بنت الديك - حي الملك فهد,العليا,بلدية,بلدية العليا,True,False,لا يوجد,,0,,,False,none,,2,True
Data 2025.xlsx,8414,2025-09-09,2025-09,2025-W37,3,1,sal-1626-r01,Sal-1626-R01,فتوش,السلطة(Salad),Salad,السلطة(Salad),produce,فروج بنت الديك - حي الملك فهد,فروج بنت الديك,حي الملك فهد,فروج بنت الديك - حي الملك فهد,العليا,بلدية,بلدية العليا,False,True,استافيلوكوكس اورياس,استافيلوكوكس اورياس,1,استافيلوكوكس اورياس,,True,pathogen,,4,True
Data 2025.xlsx,8388,2025-09-09,2025-09,2025-W37,3,1,sau-2353-r01,sau-2353-R01,صوص حراق,صوص (sauce),sauce,صوص (sauce),sauce_condiment,عنب ليان - حي الملك فهد,عنب ليان,حي الملك فهد,عنب ليان - حي الملك فهد,العليا,بلدية,بلدية العليا,False,True,العد الكلي للبكتيريا,العد الكلي للبكتيريا,1,,العد الكلي للبكتيريا,False,indicator_only,,1,False
Data 2025.xlsx,8389,2025-09-09,2025-09,2025-W37,3,1,sau-2354-r01,sau-2354-R01,صوص زبادي,صوص (sauce),sauce,صوص (sauce),sauce_condiment,عنب ليان - حي الملك فهد,عنب ليان,حي الملك فهد,عنب ليان - حي الملك فهد,العليا,بلدية,بلدية العليا,False,True,العد الكلي للبكتيريا,العد الكلي للبكتيريا,1,,العد الكلي للبكتيريا,False,indicator_only,,2,True
Data 2025.xlsx,8402,2025-09-09,2025-09,2025-W37,3,1,sau-2355-r01,sau-2355-R01,صوص ثوم,صوص (sauce),sauce,صوص (sauce),sauce_condiment,فروج بنت الديك - حي الملك فهد,فروج بنت الديك,حي الملك فهد,فروج بنت الديك - حي الملك فهد,العليا,بلدية,بلدية العليا,True,False,لا يوجد,,0,,,False,none,,0,False
Data 2025.xlsx,8403,2025-09-09,2025-09,2025-W37,3,1,sau-2356-r01,sau-2356-R01,صوص سبيشل,صوص (sauce),sauce,صوص (sauce),sauce_condiment,فروج بنت الديك - حي الملك فهد,فروج بنت الديك,حي الملك فهد,فروج بنت الديك - حي الملك فهد,العليا,بلدية,بلدية العليا,True,False,لا يوجد,,0,,,False,none,,0,False
Data 2025.xlsx,8404,2025-09-09,2025-09,2025-W37,3,1,sau-2357-r01,sau-2357-R01,صوص سبايسي,صوص (sauce),sauce,صوص (sauce),sauce_condiment,فروج بنت الديك - حي الملك فهد,فروج بنت الديك,حي الملك فهد,فروج بنت الديك - حي الملك فهد,العليا,بلدية,بلدية العليا,False,True,العد الكلي للبكتيريا | الخمائر والاعفان,العد الكلي للبكتيريا | الخمائر والاعفان,2,,العد الكلي للبكتيريا | الخمائر والاعفان,False,indicator_only,,1,False
Data 2025.xlsx,8405,2025-09-09,2025-09,2025-W37,3,1,sau-2358-r01,sau-2358-R01,صوص كاتشب,صوص (sauce),sauce,صوص (sauce),sauce_condiment,فروج بنت الديك - حي الملك فهد,فروج بنت الديك,حي الملك فهد,فروج بنت الديك - حي الملك فهد,العليا,بلدية,بلدية العليا,True,False,لا يوجد,,0,,,False,none,,1,False
Data 2025.xlsx,8407,2025-09-09,2025-09,2025-W37,3,1,sau-2359-r01,sau-2359-R01,صوص طحينة,صوص (sauce),sauce,صوص (sauce),sauce_condiment,فروج بنت الديك - حي الملك فهد,فروج بنت الديك,حي الملك فهد,فروج بنت الديك - حي الملك فهد,العليا,بلدية,بلدية العليا,True,False,لا يوجد,,0,,,False,none,,2,True
Data 2025.xlsx,8412,2025-09-09,2025-09,2025-W37,3,1,sau-2360-r01,sau-2360-R01,صوص رز,صوص (sauce),sauce,صوص (sauce),sauce_condiment,فروج بنت الديك - حي الملك فهد,فروج بنت الديك,حي الملك فهد,فروج بنت الديك - حي الملك فهد,العليا,بلدية,بلدية العليا,False,True,العد الكلي للبكتيريا,العد الكلي للبكتيريا,1,,العد الكلي للبكتيريا,False,indicator_only,,3,True
Data 2025.xlsx,8416,2025-09-09,2025-09,2025-W37,3,1,sau-2361-r01,sau-2361-R01,صوص خردل,صوص (sauce),sauce,صوص (sauce),sauce_condiment,فروج بنت الديك - حي الملك فهد,فروج بنت الديك,حي الملك فهد,فروج بنت الديك - حي الملك فهد,العليا,بلدية,بلدية العليا,True,False,لا يوجد,,0,,,False,none,,4,True
Data 2025.xlsx,8433,2025-09-09,2025-09,2025-W37,3,1,sau-2362-r01,sau-2362-R01,صوص كراميل,صوص (sauce),sauce,صوص (sauce),sauce_condiment,مؤسسة الكوب الامثل لتقديم المشروبات - حي الملك فهد,مؤسسة الكوب الامثل لتقديم المشروبات,حي الملك فهد,مؤسسة الكوب الامثل لتقديم المشروبات - حي الملك فهد,العليا,بلدية,بلدية العليا,True,False,لا يوجد,,0,,,False,none,,3,True
Data 2025.xlsx,8434,2025-09-09,2025-09,2025-W37,3,1,sau-2363-r01,sau-2363-R01,صوص شوكولاتة,صوص (sauce),sauce,صوص (sauce),sauce_condiment,مؤسسة الكوب الامثل لتقديم المشروبات - حي الملك فهد,مؤسسة الكوب الامثل لتقديم المشروبات,حي الملك فهد,مؤسسة الكوب الامثل لتقديم المشروبات - حي الملك فهد,العليا,بلدية,بلدية العليا,True,False,لا يوجد,,0,,,False,none,,3,True
Data 2025.xlsx,8401,2025-09-09,2025-09,2025-W37,3,1,sw-3516-r01,sw-3516-R01,مسحة سخان مقالي,(Swabs) المسحات,Swabs,(Swabs) المسحات,swab,عنب ليان - حي الملك فهد,عنب ليان,حي الملك فهد,عنب ليان - حي الملك فهد,العليا,بلدية,بلدية العليا,True,False,لا يوجد,,0,,,False,none,,8,True
Data 2025.xlsx,8417,2025-09-09,2025-09,2025-W37,3,1,sw-3517-r01,sw-3517-R01,مسحة حافظة بطاطس,(Swabs) المسحات,Swabs,(Swabs) المسحات,swab,فروج بنت الديك - حي الملك فهد,فروج بنت الديك,حي الملك فهد,فروج بنت الديك - حي الملك فهد,العليا,بلدية,بلدية العليا,True,False,لا يوجد,,0,,,False,none,,4,True
Data 2025.xlsx,8418,2025-09-09,2025-09,2025-W37,3,1,sw-3518-r01,sw-3518-R01,مسحة طاولة تقطيع دجاج,(Swabs) المسحات,Swabs,(Swabs) المسحات,swab,فروج بنت الديك - حي الملك فهد,فروج بنت الديك,حي الملك فهد,فروج بنت الديك - حي الملك فهد,العليا,بلدية,بلدية العليا,False,True,العد الكلي للبكتيريا,العد الكلي للبكتيريا,1,,العد الكلي للبكتيريا,False,indicator_only,,5,True
Data 2025.xlsx,8419,2025-09-09,2025-09,2025-W37,3,1,sw-3519-r01,sw-3519-R01,مسحة طاولة تقطيع ساندويتش,(Swabs) المسحات,Swabs,(Swabs) المسحات,swab,فروج بنت الديك - حي الملك فهد,فروج بنت الديك,حي الملك فهد,فروج بنت الديك - حي الملك فهد,العليا,بلدية,بلدية العليا,True,False,لا يوجد,,0,,,False,none,,5,True
Data 2025.xlsx,8420,2025-09-09,2025-09,2025-W37,3,1,sw-3520-r01,sw-3520-R01,مسحة ثلاجة صوصات,(Swabs) المسحات,Swabs,(Swabs) المسحات,swab,فروج بنت الديك - حي الملك فهد,فروج بنت الديك,حي الملك فهد,فروج بنت الديك - حي الملك فهد,العليا,بلدية,بلدية العليا,True,False,لا يوجد,,0,,,False,none,,5,True
Data 2025.xlsx,8435,2025-09-09,2025-09,2025-W37,3,1,sw-3521-r01,sw-3521-R01,مسحة صانعة ثلج,(Swabs) المسحات,Swabs,(Swabs) المسحات,swab,مؤسسة الكوب الامثل لتقديم المشروبات - حي الملك فهد,مؤسسة الكوب الامثل لتقديم المشروبات,حي الملك فهد,مؤسسة الكوب الامثل لتقديم المشروبات - حي الملك فهد,العليا,بلدية,بلدية العليا,False,True,العد الكلي للبكتيريا,العد الكلي للبكتيريا,1,,العد الكلي للبكتيريا,False,indicator_only,,4,True
Data 2025.xlsx,8436,2025-09-09,2025-09,2025-W37,3,1,sw-3522-r01,sw-3522-R01,مسحة صانعة ثلج,(Swabs) المسحات,Swabs,(Swabs) المسحات,swab,مؤسسة الكوب الامثل لتقديم المشروبات - حي الملك فهد,مؤسسة الكوب الامثل لتقديم المشروبات,حي الملك فهد,مؤسسة الكوب الامثل لتقديم المشروبات - حي الملك فهد,العليا,بلدية,بلدية العليا,True,False,لا يوجد,,0,,,False,none,,4,True
Data 2025.xlsx,8421,2025-09-09,2025-09,2025-W37,3,1,sweet-1426-r01,sweet-1426-R01,سينابو حلا,الحلا(sweetness),sweetness,الحلا(sweetness),sweets_bakery,مؤسسة الكوب الامثل لتقديم المشروبات - حي الملك فهد,مؤسسة الكوب الامثل لتقديم المشروبات,حي الملك فهد,مؤسسة الكوب الامثل لتقديم المشروبات - حي الملك فهد,العليا,بلدية,بلدية العليا,True,False,لا يوجد,,0,,,False,none,,0,False
Data 2025.xlsx,8427,2025-09-09,2025-09,2025-W37,3,1,sweet-1427-r01,sweet-1427-R01,لوتس جور حلا,الحلا(sweetness),sweetness,الحلا(sweetness),sweets_bakery,مؤسسة الكوب الامثل لتقديم المشروبات - حي الملك فهد,مؤسسة الكوب الامثل لتقديم المشروبات,حي الملك فهد,مؤسسة الكوب الامثل لتقديم المشروبات - حي الملك فهد,العليا,بلدية,بلدية العليا,False,True,العد الكلي للبكتيريا,العد الكلي للبكتيريا,1,,العد الكلي للبكتيريا,False,indicator_only,,1,False
Data 2025.xlsx,8428,2025-09-09,2025-09,2025-W37,3,1,sweet-1428-r01,sweet-1428-R01,لوتس حلا,الحلا(sweetness),sweetness,الحلا(sweetness),sweets_bakery,مؤسسة الكوب الامثل لتقديم المشروبات - حي الملك فهد,مؤسسة الكوب الامثل لتقديم المشروبات,حي الملك فهد,مؤسسة الكوب الامثل لتقديم المشروبات - حي الملك فهد,العليا,بلدية,بلدية العليا,True,False,لا يوجد,,0,,,False,none,,1,False
Data 2025.xlsx,8429,2025-09-09,2025-09,2025-W37,3,1,sweet-1429-r01,sweet-1429-R01,كوكن ترول حلا,الحلا(sweetness),sweetness,الحلا(sweetness),sweets_bakery,مؤسسة الكوب الامثل لتقديم المشروبات - حي الملك فهد,مؤسسة الكوب الامثل لتقديم المشروبات,حي الملك فهد,مؤسسة الكوب الامثل لتقديم المشروبات - حي الملك فهد,العليا,بلدية,بلدية العليا,True,False,لا يوجد,,0,,,False,none,,1,False
Data 2025.xlsx,8430,2025-09-09,2025-09,2025-W37,3,1,sweet-1430-r01,sweet-1430-R01,بيكان ترول حلا,الحلا(sweetness),sweetness,الحلا(sweetness),sweets_bakery,مؤسسة الكوب الامثل لتقديم المشروبات - حي الملك فهد,مؤسسة الكوب الامثل لتقديم المشروبات,حي الملك فهد,مؤسسة الكوب الامثل لتقديم المشروبات - حي الملك فهد,العليا,بلدية,بلدية العليا,False,True,العد الكلي للبكتيريا,العد الكلي للبكتيريا,1,,العد الكلي للبكتيريا,False,indicator_only,,2,True
Data 2025.xlsx,8431,2025-09-09,2025-09,2025-W37,3,1,sweet-1431-r01,sweet-1431-R01,لمنكتون حلا,الحلا(sweetness),sweetness,الحلا(sweetness),sweets_bakery,مؤسسة الكوب الامثل لتقديم المشروبات - حي الملك فهد,مؤسسة الكوب الامثل لتقديم المشروبات,حي الملك فهد,مؤسسة الكوب الامثل لتقديم المشروبات - حي الملك فهد,العليا,بلدية,بلدية العليا,True,False,لا يوجد,,0,,,False,none,,2,True
Data 2025.xlsx,8432,2025-09-09,2025-09,2025-W37,3,1,sweet-1432-r01,sweet-1432-R01,بيكان تارت,الحلا(sweetness),sweetness,الحلا(sweetness),sweets_bakery,مؤسسة الكوب الامثل لتقديم المشروبات - حي الملك فهد,مؤسسة الكوب الامثل لتقديم المشروبات,حي الملك فهد,مؤسسة الكوب الامثل لتقديم المشروبات - حي الملك فهد,العليا,بلدية,بلدية العليا,False,True,العد الكلي للبكتيريا,العد الكلي للبكتيريا,1,,العد الكلي للبكتيريا,False,indicator_only,,3,True
Data 2025.xlsx,8394,2025-09-09,2025-09,2025-W37,3,1,zucc-0086-r01,zucc-0086-R01,كوسة محشي,Zucchini ( الكوسة ),Zucchini,Zucchini ( الكوسة ),produce,عنب ليان - حي الملك فهد,عنب ليان,حي الملك فهد,عنب ليان - حي الملك فهد,العليا,بلدية,بلدية العليا,False,True,العد الكلي للبكتيريا,العد الكلي للبكتيريا,1,,العد الكلي للبكتيريا,False,indicator_only,,7,True
Data 2025.xlsx,8442,2025-09-13,2025-09,2025-W37,3,5,1-3466-R01,1-3466-R01,هلابينو,هلابينو,,هلابينو,produce,موفي - حي جامعة الملك سعود,موفي,حي جامعة الملك سعود,موفي - حي جامعة الملك سعود,المعذر,بلدية,بلدية المعذر,True,False,لا يوجد,,0,,,False,none,date_parsed_from_text,0,False
Data 2025.xlsx,8449,2025-09-13,2025-09,2025-W37,3,5,1-3467-R01,1-3467-R01,نكهة فانيلا,نكهة فانيلا,,نكهة فانيلا,sauce_condiment,موفي - حي جامعة الملك سعود,موفي,حي جامعة الملك سعود,موفي - حي جامعة الملك سعود,المعذر,بلدية,بلدية المعذر,True,False,لا يوجد,,0,,,False,none,date_parsed_from_text,2,True
Data 2025.xlsx,8450,2025-09-13,2025-09,2025-W37,3,5,1-3468-R01,1-3468-R01,نكهة فراولة,نكهة فراولة,,نكهة فراولة,sauce_condiment,موفي - حي جامعة الملك سعود,موفي,حي جامعة الملك سعود,موفي - حي جامعة الملك سعود,المعذر,بلدية,بلدية المعذر,True,False,لا يوجد,,0,,,False,none,date_parsed_from_text,2,True
Data 2025.xlsx,8451,2025-09-13,2025-09,2025-W37,3,5,1-3469-R01,1-3469-R01,نكهة قشر برتقال,نكهة قشر برتقال,,نكهة قشر برتقال,produce,موفي - حي جامعة الملك سعود,موفي,حي جامعة الملك سعود,موفي - حي جامعة الملك سعود,المعذر,بلدية,بلدية المعذر,True,False,لا يوجد,,0,,,False,none,date_parsed_from_text,2,True
Data 2025.xlsx,8452,2025-09-13,2025-09,2025-W37,3,5,1-3470-R01,1-3470-R01,نكهة نعناع,نكهة نعناع,,نكهة نعناع,produce,موفي - حي جامعة الملك سعود,موفي,حي جامعة الملك سعود,موفي - حي جامعة الملك سعود,المعذر,بلدية,بلدية المعذر,True,False,لا يوجد,,0,,,False,none,date_parsed_from_text,2,True
Data 2025.xlsx,8490,2025-09-13,2025-09,2025-W37,3,5,1-3471-R01,1-3471-R01,نكهة نعناع,نكهات مركزة ( Syrup ),Syrup,نكهات مركزة ( Syrup ),sauce_condiment,سولت - حي جامعة الملك سعود,سولت,حي جامعة الملك سعود,سولت - حي جامعة الملك سعود,المعذر,بلدية,بلدية المعذر,True,False,لا يوجد,,0,,,False,none,date_parsed_from_text,3,True
Data 2025.xlsx,8491,2025-09-13,2025-09,2025-W37,3,5,1-3472-R01,1-3472-R01,نكهة باشن فروت,نكهات مركزة ( Syrup ),Syrup,نكهات مركزة ( Syrup ),sauce_condiment,سولت - حي جامعة الملك سعود,سولت,حي جامعة الملك سعود,سولت - حي جامعة الملك سعود,المعذر,بلدية,بلدية المعذر,True,False,لا يوجد,,0,,,False,none,date_parsed_from_text,3,True
Data 2025.xlsx,8492,2025-09-13,2025-09,2025-W37,3,5,1-3473-R01,1-3473-R01,نكهة توت ازرق,نكهات مركزة ( Syrup ),Syrup,نكهات مركزة ( Syrup ),sauce_condiment,سولت - حي جامعة الملك سعود,سولت,حي جامعة الملك سعود,سولت - حي جامعة الملك سعود,المعذر,بلدية,بلدية المعذر,True,False,لا يوجد,,0,,,False,none,date_parsed_from_text,3,True
Data 2025.xlsx,8493,2025-09-13,2025-09,2025-W37,3,5,1-3474-R01,1-3474-R01,نكهة فراولة,نكهات مركزة ( Syrup ),Syrup,نكهات مركزة ( Syrup ),sauce_condiment,سولت - حي جامعة الملك سعود,سولت,حي جامعة الملك سعود,سولت - حي جامعة الملك سعود,المعذر,بلدية,بلدية المعذر,False,True,العد الكلي للبكتيريا,العد الكلي للبكتيريا,1,,العد الكلي للبكتيريا,False,indicator_only,date_parsed_from_text,4,True
Data 2025.xlsx,8494,2025-09-13,2025-09,2025-W37,3,5,1-3475-R01,1-3475-R01,نكهة سكر,نكهات مركزة ( Syrup ),Syrup,نكهات مركزة ( Syrup ),sauce_condiment,سولت - حي جامعة الملك سعود,سولت,حي جامعة الملك سعود,سولت - حي جامعة الملك سعود,المعذر,بلدية,بلدية المعذر,True,False,لا يوجد,,0,,,False,none,date_parsed_from_text,4,True
Data 2025.xlsx,8498,2025-09-13,2025-09,2025-W37,3,5,1-3476-R01,1-3476-R01,نكهة فانيلا,نكهات مركزة ( Syrup ),Syrup,نكهات مركزة ( Syrup ),sauce_condiment,سولت - حي جامعة الملك سعود,سولت,حي جامعة الملك سعود,سولت - حي جامعة الملك سعود,المعذر,بلدية,بلدية المعذر,True,False,لا يوجد,,0,,,False,none,date_parsed_from_text,4,True
Data 2025.xlsx,8463,2025-09-13,2025-09,2025-W37,3,5,O-O2-ca-0226-R01,O-O2-ca-0226-R01,جزر مبشور,جزر مبشور,,جزر مبشور,produce,موفي - حي جامعة الملك سعود,موفي,حي جامعة الملك سعود,موفي - حي جامعة الملك سعود,المعذر,بلدية,بلدية المعذر,True,False,لا يوجد,,0,,,False,none,date_parsed_from_text,2,True
Data 2025.xlsx,8464,2025-09-13,2025-09,2025-W37,3,5,O-U-to-0691-R01,O-U-to-0691-R01,تشيلي طماطم,تشيلي طماطم,,تشيلي طماطم,produce,موفي - حي جامعة الملك سعود,موفي,حي جامعة الملك سعود,موفي - حي جامعة الملك سعود,المعذر,بلدية,بلدية المعذر,True,False,لا يوجد,,0,,,False,none,date_parsed_from_text,2,True
Data 2025.xlsx,8465,2025-09-13,2025-09,2025-W37,3,5,O-r-O3-le-0381-R01,O-r-O3-le-0381-R01,خس,خس,,خس,produce,موفي - حي جامعة الملك سعود,موفي,حي جامعة الملك سعود,موفي - حي جامعة الملك سعود,المعذر,بلدية,بلدية المعذر,True,False,لا يوجد,,0,,,False,none,date_parsed_from_text,2,True
Data 2025.xlsx,8487,2025-09-13,2025-09,2025-W37,3,5,O-r-O3-le-0382-R01,O-r-O3-le-0382-R01,خس,الخس (Lettuce),Lettuce,الخس (Lettuce),produce,سولت - حي جامعة الملك سعود,سولت,حي جامعة الملك سعود,سولت - حي جامعة الملك سعود,المعذر,بلدية,بلدية المعذر,False,True,ايشيريشيا كولاي,ايشيريشيا كولاي,1,ايشيريشيا كولاي,,True,pathogen,date_parsed_from_text,2,True
Data 2025.xlsx,8497,2025-09-13,2025-09,2025-W37,3,5,O-r-U-pe-0064-R01,O-r-U-pe-0064-R01,قطع خوخ,الخوخ (Peaches),Peaches,الخوخ (Peaches),other,سولت - حي جامعة الملك سعود,سولت,حي جامعة الملك سعود,سولت - حي جامعة الملك سعود,المعذر,بلدية,بلدية المعذر,True,False,لا يوجد,,0,,,False,none,date_parsed_from_text|sample_type_unbucketed,4,True
Data 2025.xlsx,8443,2025-09-13,2025-09,2025-W37,3,5,OO-OSS-po-0449-R01,OO-OSS-po-0449-R01,بطاطس ناتشوز,بطاطس ناتشوز,,بطاطس ناتشوز,produce,موفي - حي جامعة الملك سعود,موفي,حي جامعة الملك سعود,موفي - حي جامعة الملك سعود,المعذر,بلدية,بلدية المعذر,True,False,لا يوجد,,0,,,False,none,date_parsed_from_text,0,False
Data 2025.xlsx,8444,2025-09-13,2025-09,2025-W37,3,5,OO-OSS-po-0450-R01,OO-OSS-po-0450-R01,عيدان البطاطس,عيدان البطاطس,,عيدان البطاطس,produce,موفي - حي جامعة الملك سعود,موفي,حي جامعة الملك سعود,موفي - حي جامعة الملك سعود,المعذر,بلدية,بلدية المعذر,True,False,لا يوجد,,0,,,False,none,date_parsed_from_text,0,False
Data 2025.xlsx,8489,2025-09-13,2025-09,2025-W37,3,5,OOu-on-0543-R01,OOu-on-0543-R01,شرائح بصل,البصل (onions),onions,البصل (onions),produce,سولت - حي جامعة الملك سعود,سولت,حي جامعة الملك سعود,سولت - حي جامعة الملك سعود,المعذر,بلدية,بلدية المعذر,False,True,ايشيريشيا كولاي,ايشيريشيا كولاي,1,ايشيريشيا كولاي,,True,pathogen,date_parsed_from_text,3,True
Data 2025.xlsx,8462,2025-09-13,2025-09,2025-W37,3,5,UU-ca-0125-R01,UU-ca-0125-R01,ملفوف,ملفوف,,ملفوف,produce,موفي - حي جامعة الملك سعود,موفي,حي جامعة الملك سعود,موفي - حي جامعة الملك سعود,المعذر,بلدية,بلدية المعذر,True,False,لا يوجد,,0,,,False,none,date_parsed_from_text,2,True
Data 2025.xlsx,8496,2025-09-13,2025-09,2025-W37,3,5,UU-le-0472-R01,UU-le-0472-R01,قطع ليمون اخضر,الليمون (Lemons),Lemons,الليمون (Lemons),produce,سولت - حي جامعة الملك سعود,سولت,حي جامعة الملك سعود,سولت - حي جامعة الملك سعود,المعذر,بلدية,بلدية المعذر,True,False,لا يوجد,,0,,,False,none,date_parsed_from_text,4,True
Data 2025.xlsx,8466,2025-09-13,2025-09,2025-W37,3,5,chee-0851-r01,Chee-0851-R01,شيدر تشيز وايت,شيدر تشيز وايت,,شيدر تشيز وايت,other,موفي - حي جامعة الملك سعود,موفي,حي جامعة الملك سعود,موفي - حي جامعة الملك سعود,المعذر,بلدية,بلدية المعذر,True,False,لا يوجد,,0,,,False,none,date_parsed_from_text|sample_type_unbucketed,2,True
Data 2025.xlsx,8467,2025-09-13,2025-09,2025-W37,3,5,chee-0852-r01,Chee-0852-R01,شيدر تشيز يلو,شيدر تشيز يلو,,شيدر تشيز يلو,other,موفي - حي جامعة الملك سعود,موفي,حي جامعة الملك سعود,موفي - حي جامعة الملك سعود,المعذر,بلدية,بلدية المعذر,True,False,لا يوجد,,0,,,False,none,date_parsed_from_text|sample_type_unbucketed,2,True
Data 2025.xlsx,8495,2025-09-13,2025-09,2025-W37,3,5,jui-0524-r01,jui-0524-R01,عصير ليمون,العصائر الطازجة Un-pasteurized juices (fresh),fresh,العصائر الطازجة Un-pasteurized juices (fresh),beverage,سولت - حي جامعة الملك سعود,سولت,حي جامعة الملك سعود,سولت - حي جامعة الملك سعود,المعذر,بلدية,بلدية المعذر,True,False,لا يوجد,,0,,,False,none,date_parsed_from_text,4,True
Data 2025.xlsx,8488,2025-09-13,2025-09,2025-W37,3,5,pick-0533-r01,Pick-0533-R01,مخلل خيار,المخلل (Pickle),Pickle,المخلل (Pickle),sauce_condiment,سولت - حي جامعة الملك سعود,سولت,حي جامعة الملك سعود,سولت - حي جامعة الملك سعود,المعذر,بلدية,بلدية المعذر,True,False,لا يوجد,,0,,,False,none,date_parsed_from_text,2,True
Data 2025.xlsx,8453,2025-09-13,2025-09,2025-W37,3,5,pop-0004-r01,POP-0004-R01,فشار مالح,فشار مالح,,فشار مالح,other,موفي - حي جامعة الملك سعود,موفي,حي جامعة الملك سعود,موفي - حي جامعة الملك سعود,المعذر,بلدية,بلدية المعذر,True,False,لا يوجد,,0,,,False,none,date_parsed_from_text|sample_type_unbucketed,2,True
Data 2025.xlsx,8454,2025-09-13,2025-09,2025-W37,3,5,pop-0005-r01,POP-0005-R01,فشار كراميل,فشار كراميل,,فشار كراميل,other,موفي - حي جامعة الملك سعود,موفي,حي جامعة الملك سعود,موفي - حي جامعة الملك سعود,المعذر,بلدية,بلدية المعذر,True,False,لا يوجد,,0,,,False,none,date_parsed_from_text|sample_type_unbucketed,2,True
Data 2025.xlsx,8455,2025-09-13,2025-09,2025-W37,3,5,pop-0006-r01,POP-0006-R01,فشار سبايسي,فشار سبايسي,,فشار سبايسي,other,موفي - حي جامعة الملك سعود,موفي,حي جامعة الملك سعود,موفي - حي جامعة الملك سعود,المعذر,بلدية,بلدية المعذر,True,False,لا يوجد,,0,,,False,none,date_parsed_from_text|sample_type_unbucketed,2,True
Data 2025.xlsx,8456,2025-09-13,2025-09,2025-W37,3,5,pop-0007-r01,POP-0007-R01,فشار مالح مكس ناتشوز,فشار مالح مكس ناتشوز,,فشار مالح مكس ناتشوز,other,موفي - حي جامعة الملك سعود,موفي,حي جامعة الملك سعود,موفي - حي جامعة الملك سعود,المعذر,بلدية,بلدية المعذر,True,False,لا يوجد,,0,,,False,none,date_parsed_from_text|sample_type_unbucketed,2,True
Data 2025.xlsx,8457,2025-09-13,2025-09,2025-W37,3,5,pop-0008-r01,POP-0008-R01,فشار بيتزا,فشار بيتزا,,فشار بيتزا,prepared_meal,موفي - حي جامعة الملك سعود,موفي,حي جامعة الملك سعود,موفي - حي جامعة الملك سعود,المعذر,بلدية,بلدية المعذر,True,False,لا يوجد,,0,,,False,none,date_parsed_from_text,2,True
Data 2025.xlsx,8458,2025-09-13,2025-09,2025-W37,3,5,pop-0009-r01,POP-0009-R01,فشار جبن,فشار جبن,,فشار جبن,dairy,موفي - حي جامعة الملك سعود,موفي,حي جامعة الملك سعود,موفي - حي جامعة الملك سعود,المعذر,بلدية,بلدية المعذر,True,False,لا يوجد,,0,,,False,none,date_parsed_from_text,2,True
Data 2025.xlsx,8437,2025-09-13,2025-09,2025-W37,3,5,sau-2364-r01,sau-2364-R01,صوص مايونيز,صوص مايونيز,,صوص مايونيز,sauce_condiment,موفي - حي جامعة الملك سعود,موفي,حي جامعة الملك سعود,موفي - حي جامعة الملك سعود,المعذر,بلدية,بلدية المعذر,True,False,لا يوجد,,0,,,False,none,date_parsed_from_text,0,False
Data 2025.xlsx,8438,2025-09-13,2025-09,2025-W37,3,5,sau-2365-r01,sau-2365-R01,صوص كاتشب,صوص كاتشب,,صوص كاتشب,sauce_condiment,موفي - حي جامعة الملك سعود,موفي,حي جامعة الملك سعود,موفي - حي جامعة الملك سعود,المعذر,بلدية,بلدية المعذر,True,False,لا يوجد,,0,,,False,none,date_parsed_from_text,0,False
Data 2025.xlsx,8439,2025-09-13,2025-09,2025-W37,3,5,sau-2366-r01,sau-2366-R01,صوص ماسترد,صوص ماسترد,,صوص ماسترد,sauce_condiment,موفي - حي جامعة الملك سعود,موفي,حي جامعة الملك سعود,موفي - حي جامعة الملك سعود,المعذر,بلدية,بلدية المعذر,True,False,لا يوجد,,0,,,False,none,date_parsed_from_text,0,False
Data 2025.xlsx,8440,2025-09-13,2025-09,2025-W37,3,5,sau-2367-r01,sau-2367-R01,صوص كوكتيل,صوص كوكتيل,,صوص كوكتيل,sauce_condiment,موفي - حي جامعة الملك سعود,موفي,حي جامعة الملك سعود,موفي - حي جامعة الملك سعود,المعذر,بلدية,بلدية المعذر,True,False,لا يوجد,,0,,,False,none,date_parsed_from_text,0,False
Data 2025.xlsx,8441,2025-09-13,2025-09,2025-W37,3,5,sau-2368-r01,sau-2368-R01,صوص تشيلي,صوص تشيلي,,صوص تشيلي,sauce_condiment,موفي - حي جامعة الملك سعود,موفي,حي جامعة الملك سعود,موفي - حي جامعة الملك سعود,المعذر,بلدية,بلدية المعذر,True,False,لا يوجد,,0,,,False,none,date_parsed_from_text,0,False
Data 2025.xlsx,8445,2025-09-13,2025-09,2025-W37,3,5,sau-2369-r01,sau-2369-R01,صوص سبايسي,صوص سبايسي,,صوص سبايسي,sauce_condiment,موفي - حي جامعة الملك سعود,موفي,حي جامعة الملك سعود,موفي - حي جامعة الملك سعود,المعذر,بلدية,بلدية المعذر,False,True,العد الكلي للبكتيريا,العد الكلي للبكتيريا,1,,العد الكلي للبكتيريا,False,indicator_only,date_parsed_from_text,1,False
Data 2025.xlsx,8446,2025-09-13,2025-09,2025-W37,3,5,sau-2370-r01,sau-2370-R01,صوص وايت شوكولاتة,صوص وايت شوكولاته,,صوص وايت شوكولاته,sauce_condiment,موفي - حي جامعة الملك سعود,موفي,حي جامعة الملك سعود,موفي - حي جامعة الملك سعود,المعذر,بلدية,بلدية المعذر,True,False,لا يوجد,,0,,,False,none,date_parsed_from_text,1,False
Data 2025.xlsx,8447,2025-09-13,2025-09,2025-W37,3,5,sau-2371-r01,sau-2371-R01,صوص دارك شوكولاتة,صوص دارك شوكولاته,,صوص دارك شوكولاته,sauce_condiment,موفي - حي جامعة الملك سعود,موفي,حي جامعة الملك سعود,موفي - حي جامعة الملك سعود,المعذر,بلدية,بلدية المعذر,False,True,العد الكلي للبكتيريا,العد الكلي للبكتيريا,1,,العد الكلي للبكتيريا,False,indicator_only,date_parsed_from_text,2,True
Data 2025.xlsx,8448,2025-09-13,2025-09,2025-W37,3,5,sau-2372-r01,sau-2372-R01,صوص كراميل,صوص كراميل,,صوص كراميل,sauce_condiment,موفي - حي جامعة الملك سعود,موفي,حي جامعة الملك سعود,موفي - حي جامعة الملك سعود,المعذر,بلدية,بلدية المعذر,True,False,لا يوجد,,0,,,False,none,date_parsed_from_text,2,True
Data 2025.xlsx,8468,2025-09-13,2025-09,2025-W37,3,5,sau-2373-r01,sau-2373-R01,صوص مايو ماسترد,صوص مايو ماسترد,,صوص مايو ماسترد,sauce_condiment,موفي - حي جامعة الملك سعود,موفي,حي جامعة الملك سعود,موفي - حي جامعة الملك سعود,المعذر,بلدية,بلدية المعذر,True,False,لا يوجد,,0,,,False,none,date_parsed_from_text,2,True
Data 2025.xlsx,8469,2025-09-13,2025-09,2025-W37,3,5,sau-2374-r01,sau-2374-R01,صوص هلابينو تشيز,صوص هلابينو تشيز,,صوص هلابينو تشيز,produce,موفي - حي جامعة الملك سعود,موفي,حي جامعة الملك سعود,موفي - حي جامعة الملك سعود,المعذر,بلدية,بلدية المعذر,True,False,لا يوجد,,0,,,False,none,date_parsed_from_text,2,True
Data 2025.xlsx,8470,2025-09-13,2025-09,2025-W37,3,5,sau-2375-r01,sau-2375-R01,صوص بافلو,صوص بافلو,,صوص بافلو,sauce_condiment,موفي - حي جامعة الملك سعود,موفي,حي جامعة الملك سعود,موفي - حي جامعة الملك سعود,المعذر,بلدية,بلدية المعذر,True,False,لا يوجد,,0,,,False,none,date_parsed_from_text,2,True
Data 2025.xlsx,8471,2025-09-13,2025-09,2025-W37,3,5,sau-2376-r01,sau-2376-R01,صوص باربكيو رانش,صوص باربكيو رانش,,صوص باربكيو رانش,sauce_condiment,موفي - حي جامعة الملك سعود,موفي,حي جامعة الملك سعود,موفي - حي جامعة الملك سعود,المعذر,بلدية,بلدية المعذر,True,False,لا يوجد,,0,,,False,none,date_parsed_from_text,2,True
Data 2025.xlsx,8472,2025-09-13,2025-09,2025-W37,3,5,sau-2377-r01,sau-2377-R01,صوص ديناميت,صوص ديناميت,,صوص ديناميت,sauce_condiment,موفي - حي جامعة الملك سعود,موفي,حي جامعة الملك سعود,موفي - حي جامعة الملك سعود,المعذر,بلدية,بلدية المعذر,True,False,لا يوجد,,0,,,False,none,date_parsed_from_text,2,True
Data 2025.xlsx,8473,2025-09-13,2025-09,2025-W37,3,5,sau-2378-r01,sau-2378-R01,صوص كولا باربكيو,صوص كولا باربكيو,,صوص كولا باربكيو,sauce_condiment,موفي - حي جامعة الملك سعود,موفي,حي جامعة الملك سعود,موفي - حي جامعة الملك سعود,المعذر,بلدية,بلدية المعذر,True,False,لا يوجد,,0,,,False,none,date_parsed_from_text,2,True
Data 2025.xlsx,8474,2025-09-13,2025-09,2025-W37,3,5,sau-2379-r01,sau-2379-R01,صوص رانش,صوص رانش,,صوص رانش,sauce_condiment,موفي - حي جامعة الملك سعود,موفي,حي جامعة الملك سعود,موفي - حي جامعة الملك سعود,المعذر,بلدية,بلدية المعذر,True,False,لا يوجد,,0,,,False,none,date_parsed_from_text,2,True
Data 2025.xlsx,8475,2025-09-13,2025-09,2025-W37,3,5,sau-2380-r01,sau-2380-R01,باربكيو,باربكيو,,باربكيو,other,موفي - حي جامعة الملك سعود,موفي,حي جامعة الملك سعود,موفي - حي جامعة الملك سعود,المعذر,بلدية,بلدية المعذر,True,False,لا يوجد,,0,,,False,none,date_parsed_from_text|sample_type_unbucketed,2,True
Data 2025.xlsx,8476,2025-09-13,2025-09,2025-W37,3,5,sau-2381-r01,sau-2381-R01,صوص سبايسي مايو,صوص سبايسي مايو,,صوص سبايسي مايو,sauce_condiment,موفي - حي جامعة الملك سعود,موفي,حي جامعة الملك سعود,موفي - حي جامعة الملك سعود,المعذر,بلدية,بلدية المعذر,True,False,لا يوجد,,0,,,False,none,date_parsed_from_text,2,True
Data 2025.xlsx,8477,2025-09-13,2025-09,2025-W37,3,5,sau-2382-r01,sau-2382-R01,صوص اورجينال,صوص اورجينال,,صوص اورجينال,sauce_condiment,موفي - حي جامعة الملك سعود,موفي,حي جامعة الملك سعود,موفي - حي جامعة الملك سعود,المعذر,بلدية,بلدية المعذر,True,False,لا يوجد,,0,,,False,none,date_parsed_from_text,2,True
Data 2025.xlsx,8478,2025-09-13,2025-09,2025-W37,3,5,sau-2383-r01,sau-2383-R01,صوص ساور كريم,صوص ساور كريم,,صوص ساور كريم,sauce_condiment,موفي - حي جامعة الملك سعود,موفي,حي جامعة الملك سعود,موفي - حي جامعة الملك سعود,المعذر,بلدية,بلدية المعذر,False,True,الخمائر والاعفان,الخمائر والاعفان,1,,الخمائر والاعفان,False,indicator_only,date_parsed_from_text,3,True
Data 2025.xlsx,8479,2025-09-13,2025-09,2025-W37,3,5,sau-2384-r01,sau-2384-R01,صوص اورجينال,صوص (sauce),sauce,صوص (sauce),sauce_condiment,سولت - حي جامعة الملك سعود,سولت,حي جامعة الملك سعود,سولت - حي جامعة الملك سعود,المعذر,بلدية,بلدية المعذر,True,False,لا يوجد,,0,,,False,none,date_parsed_from_text,0,False
Data 2025.xlsx,8480,2025-09-13,2025-09,2025-W37,3,5,sau-2385-r01,sau-2385-R01,صوص سيكويت,صوص (sauce),sauce,صوص (sauce),sauce_condiment,سولت - حي جامعة الملك سعود,سولت,حي جامعة الملك سعود,سولت - حي جامعة الملك سعود,المعذر,بلدية,بلدية المعذر,True,False,لا يوجد,,0,,,False,none,date_parsed_from_text,0,False
Data 2025.xlsx,8481,2025-09-13,2025-09,2025-W37,3,5,sau-2386-r01,sau-2386-R01,صوص جابينز مايو,صوص (sauce),sauce,صوص (sauce),sauce_condiment,سولت - حي جامعة الملك سعود,سولت,حي جامعة الملك سعود,سولت - حي جامعة الملك سعود,المعذر,بلدية,بلدية المعذر,True,False,لا يوجد,,0,,,False,none,date_parsed_from_text,0,False
Data 2025.xlsx,8482,2025-09-13,2025-09,2025-W37,3,5,sau-2387-r01,sau-2387-R01,صوص تيشتوز,صوص (sauce),sauce,صوص (sauce),sauce_condiment,سولت - حي جامعة الملك سعود,سولت,حي جامعة الملك سعود,سولت - حي جامعة الملك سعود,المعذر,بلدية,بلدية المعذر,True,False,لا يوجد,,0,,,False,none,date_parsed_from_text,0,False
Data 2025.xlsx,8483,2025-09-13,2025-09,2025-W37,3,5,sau-2388-r01,sau-2388-R01,صوص تشيكز,صوص (sauce),sauce,صوص (sauce),sauce_condiment,سولت - حي جامعة الملك سعود,سولت,حي جامعة الملك سعود,سولت - حي جامعة الملك سعود,المعذر,بلدية,بلدية المعذر,True,False,لا يوجد,,0,,,False,none,date_parsed_from_text,0,False
Data 2025.xlsx,8484,2025-09-13,2025-09,2025-W37,3,5,sau-2389-r01,sau-2389-R01,صوص تربل ايولي,صوص (sauce),sauce,صوص (sauce),sauce_condiment,سولت - حي جامعة الملك سعود,سولت,حي جامعة الملك سعود,سولت - حي جامعة الملك سعود,المعذر,بلدية,بلدية المعذر,True,False,لا يوجد,,0,,,False,none,date_parsed_from_text,0,False
Data 2025.xlsx,8485,2025-09-13,2025-09,2025-W37,3,5,sau-2390-r01,sau-2390-R01,صوص سولد ان نيقر,صوص (sauce),sauce,صوص (sauce),sauce_condiment,سولت - حي جامعة الملك سعود,سولت,حي جامعة الملك سعود,سولت - حي جامعة الملك سعود,المعذر,بلدية,بلدية المعذر,False,True,العد الكلي للبكتيريا,العد الكلي للبكتيريا,1,,العد الكلي للبكتيريا,False,indicator_only,date_parsed_from_text,1,False
Data 2025.xlsx,8486,2025-09-13,2025-09,2025-W37,3,5,sau-2391-r01,sau-2391-R01,صوص تشيز,صوص (sauce),sauce,صوص (sauce),sauce_condiment,سولت - حي جامعة الملك سعود,سولت,حي جامعة الملك سعود,سولت - حي جامعة الملك سعود,المعذر,بلدية,بلدية المعذر,True,False,لا يوجد,,0,,,False,none,date_parsed_from_text,1,False
Data 2025.xlsx,8459,2025-09-13,2025-09,2025-W37,3,5,sw-3523-r01,sw-3523-R01,مسحة طاولة تقطيع ساندويتش,مسحة طاولة تقطيع ساندويتش,,مسحة طاولة تقطيع ساندويتش,swab,موفي - حي جامعة الملك سعود,موفي,حي جامعة الملك سعود,موفي - حي جامعة الملك سعود,المعذر,بلدية,بلدية المعذر,True,False,لا يوجد,,0,,,False,none,date_parsed_from_text,2,True
Data 2025.xlsx,8460,2025-09-13,2025-09,2025-W37,3,5,sw-3524-r01,sw-3524-R01,مسحة حافظة اكل,مسحة حافظة اكل,,مسحة حافظة اكل,swab,موفي - حي جامعة الملك سعود,موفي,حي جامعة الملك سعود,موفي - حي جامعة الملك سعود,المعذر,بلدية,بلدية المعذر,True,False,لا يوجد,,0,,,False,none,date_parsed_from_text,2,True
Data 2025.xlsx,8461,2025-09-13,2025-09,2025-W37,3,5,sw-3525-r01,sw-3525-R01,مسحة صانعة ثلج,مسحة صانعة ثلج,,مسحة صانعة ثلج,swab,موفي - حي جامعة الملك سعود,موفي,حي جامعة الملك سعود,موفي - حي جامعة الملك سعود,المعذر,بلدية,بلدية المعذر,True,False,لا يوجد,,0,,,False,none,date_parsed_from_text,2,True
Data 2025.xlsx,8499,2025-09-13,2025-09,2025-W37,3,5,sw-3526-r01,sw-3526-R01,مسحة حماصة خبز,(Swabs) المسحات,Swabs,(Swabs) المسحات,swab,سولت - حي جامعة الملك سعود,سولت,حي جامعة الملك سعود,سولت - حي جامعة الملك سعود,المعذر,بلدية,بلدية المعذر,True,False,لا يوجد,,0,,,False,none,date_parsed_from_text,4,True
Data 2025.xlsx,8500,2025-09-13,2025-09,2025-W37,3,5,sw-3527-r01,sw-3527-R01,مسحة طاولة تقطيع دجاج,(Swabs) المسحات,Swabs,(Swabs) المسحات,swab,سولت - حي جامعة الملك سعود,سولت,حي جامعة الملك سعود,سولت - حي جامعة الملك سعود,المعذر,بلدية,بلدية المعذر,True,False,لا يوجد,,0,,,False,none,date_parsed_from_text,4,True
Data 2025.xlsx,8501,2025-09-13,2025-09,2025-W37,3,5,sw-3528-r01,sw-3528-R01,مسحة طاولة تقطيع خضار,(Swabs) المسحات,Swabs,(Swabs) المسحات,swab,سولت - حي جامعة الملك سعود,سولت,حي جامعة الملك سعود,سولت - حي جامعة الملك سعود,المعذر,بلدية,بلدية المعذر,True,False,لا يوجد,,0,,,False,none,date_parsed_from_text,4,True
Data 2025.xlsx,8502,2025-09-13,2025-09,2025-W37,3,5,sw-3529-r01,sw-3529-R01,مسحة صانعة ثلج,(Swabs) المسحات,Swabs,(Swabs) المسحات,swab,سولت - حي جامعة الملك سعود,سولت,حي جامعة الملك سعود,سولت - حي جامعة الملك سعود,المعذر,بلدية,بلدية المعذر,True,False,لا يوجد,,0,,,False,none,date_parsed_from_text,4,True
Data 2025.xlsx,8503,2025-09-13,2025-09,2025-W37,3,5,ubot-1083-r01,Ubot-1083-R01,مياه لغسيل الادوات فلتر,المياه الغير معبأة (Unbottled water),Unbottled water,المياه الغير المعبأة (Unbottled water),water,موفي - حي جامعة الملك سعود,موفي,حي جامعة الملك سعود,موفي - حي جامعة الملك سعود,المعذر,بلدية,بلدية المعذر,True,False,لا يوجد,,0,,,False,none,category_merged_to_canonical|date_parsed_from_text,3,True
Data 2025.xlsx,8504,2025-09-13,2025-09,2025-W37,3,5,ubot-1084-r01,Ubot-1084-R01,مياه فلتر لغسيل الادوات م- ك,المياه الغير معبأة (Unbottled water),Unbottled water,المياه الغير المعبأة (Unbottled water),water,سولت - حي جامعة الملك سعود,سولت,حي جامعة الملك سعود,سولت - حي جامعة الملك سعود,المعذر,بلدية,بلدية المعذر,True,False,لا يوجد,,0,,,False,none,category_merged_to_canonical|date_parsed_from_text,4,True
Data 2025.xlsx,8520,2025-09-14,2025-09,2025-W37,3,6,1-3480-R01,1-3480-R01,نكهة مكس فراولة مع توت ازرق,نكهة مكس فراولة مع توت ازرق,,نكهة مكس فراولة مع توت ازرق,sauce_condiment,كيو Q لاونج,كيو Q لاونج,,كيو Q لاونج,الشمال,بلدية,بلدية الشمال,True,False,لا يوجد,,0,,,False,none,date_parsed_from_text,0,False
Data 2025.xlsx,8521,2025-09-14,2025-09,2025-W37,3,6,1-3481-R01,1-3481-R01,نكهة باشن فروت,نكهة باشن فروت,,نكهة باشن فروت,sauce_condiment,كيو Q لاونج,كيو Q لاونج,,كيو Q لاونج,الشمال,بلدية,بلدية الشمال,True,False,لا يوجد,,0,,,False,none,date_parsed_from_text,0,False
Data 2025.xlsx,8522,2025-09-14,2025-09,2025-W37,3,6,1-3482-R01,1-3482-R01,نكهة نعناع,نكهة نعناع,,نكهة نعناع,produce,كيو Q لاونج,كيو Q لاونج,,كيو Q لاونج,الشمال,بلدية,بلدية الشمال,False,True,العد الكلي للبكتيريا,العد الكلي للبكتيريا,1,,العد الكلي للبكتيريا,False,indicator_only,date_parsed_from_text,1,False
Data 2025.xlsx,8523,2025-09-14,2025-09,2025-W37,3,6,1-3483-R01,1-3483-R01,نكهة رمان,نكهة رمان,,نكهة رمان,produce,كيو Q لاونج,كيو Q لاونج,,كيو Q لاونج,الشمال,بلدية,بلدية الشمال,True,False,لا يوجد,,0,,,False,none,date_parsed_from_text,1,False
Data 2025.xlsx,8524,2025-09-14,2025-09,2025-W37,3,6,1-3484-R01,1-3484-R01,نكهة بطيخ,نكهة بطيخ,,نكهة بطيخ,sauce_condiment,كيو Q لاونج,كيو Q لاونج,,كيو Q لاونج,الشمال,بلدية,بلدية الشمال,True,False,لا يوجد,,0,,,False,none,date_parsed_from_text,1,False
Data 2025.xlsx,8525,2025-09-14,2025-09,2025-W37,3,6,1-3485-R01,1-3485-R01,نكهة فانيلا,نكهة فانيلا,,نكهة فانيلا,sauce_condiment,كيو Q لاونج,كيو Q لاونج,,كيو Q لاونج,الشمال,بلدية,بلدية الشمال,True,False,لا يوجد,,0,,,False,none,date_parsed_from_text,1,False
Data 2025.xlsx,8550,2025-09-14,2025-09,2025-W37,3,6,1-3486-R01,1-3486-R01,رز برياني,الارز ( rice),rice,الارز ( rice),prepared_meal,مطعم نمط صحي,مطعم نمط صحي,,مطعم نمط صحي,الشمال,بلدية,بلدية الشمال,False,True,العد الكلي للبكتيريا | استافيلوكوكس اورياس | ايشيريشيا كولاي,العد الكلي للبكتيريا | استافيلوكوكس اورياس | ايشيريشيا كولاي,3,استافيلوكوكس اورياس | ايشيريشيا كولاي,العد الكلي للبكتيريا,True,multi_pathogen,date_parsed_from_text,8,True
Data 2025.xlsx,8551,2025-09-14,2025-09,2025-W37,3,6,1-3487-R01,1-3487-R01,ريزوتو,الارز ( rice),rice,الارز ( rice),prepared_meal,مطعم نمط صحي,مطعم نمط صحي,,مطعم نمط صحي,الشمال,بلدية,بلدية الشمال,True,False,لا يوجد,,0,,,False,none,date_parsed_from_text,8,True
Data 2025.xlsx,8555,2025-09-14,2025-09,2025-W37,3,6,1-3488-R01,1-3488-R01,باستا بالجبن,(macaroni) مكرونة,macaroni,(macaroni) مكرونة,prepared_meal,مطعم نمط صحي,مطعم نمط صحي,,مطعم نمط صحي,الشمال,بلدية,بلدية الشمال,True,False,لا يوجد,,0,,,False,none,date_parsed_from_text,9,True
Data 2025.xlsx,8560,2025-09-14,2025-09,2025-W37,3,6,1-3489-R01,1-3489-R01,قطع اناناس,قطع اناناس(Pineapple pieces),Pineapple pieces,قطع اناناس(Pineapple pieces),produce,مطعم نمط صحي,مطعم نمط صحي,,مطعم نمط صحي,الشمال,بلدية,بلدية الشمال,True,False,لا يوجد,,0,,,False,none,date_parsed_from_text,9,True
Data 2025.xlsx,8559,2025-09-14,2025-09,2025-W37,3,6,O-U-po-0225-R01,O-U-po-0225-R01,حب رمان,الرمان (pomegranate),pomegranate,الرمان (pomegranate),produce,مطعم نمط صحي,مطعم نمط صحي,,مطعم نمط صحي,الشمال,بلدية,بلدية الشمال,True,False,لا يوجد,,0,,,False,none,date_parsed_from_text,9,True
Data 2025.xlsx,8514,2025-09-14,2025-09,2025-W37,3,6,O-U-to-0692-R01,O-U-to-0692-R01,طماطم مخلل علبة صغيرة,الطماطم (Tomatoes),Tomatoes,الطماطم (Tomatoes),produce,كوفتا,كوفتا,,كوفتا,الشمال,بلدية,بلدية الشمال,True,False,لا يوجد,,0,,,False,none,date_parsed_from_text,3,True
Data 2025.xlsx,8536,2025-09-14,2025-09,2025-W37,3,6,O-r-O3-le-0383-R01,O-r-O3-le-0383-R01,قطع خس,قطع خس,,قطع خس,produce,كيو Q لاونج,كيو Q لاونج,,كيو Q لاونج,الشمال,بلدية,بلدية الشمال,True,False,لا يوجد,,0,,,False,none,date_parsed_from_text,4,True
Data 2025.xlsx,8552,2025-09-14,2025-09,2025-W37,3,6,OO-OSS-po-0451-R01,OO-OSS-po-0451-R01,بطاطس مهورس,البطاطس (potatoes),potatoes,البطاطس (potatoes),produce,مطعم نمط صحي,مطعم نمط صحي,,مطعم نمط صحي,الشمال,بلدية,بلدية الشمال,False,True,العد الكلي للبكتيريا,العد الكلي للبكتيريا,1,,العد الكلي للبكتيريا,False,indicator_only,date_parsed_from_text,9,True
Data 2025.xlsx,8553,2025-09-14,2025-09,2025-W37,3,6,OO-OSS-po-0452-R01,OO-OSS-po-0452-R01,بطاطس ويجز,البطاطس (potatoes),potatoes,البطاطس (potatoes),produce,مطعم نمط صحي,مطعم نمط صحي,,مطعم نمط صحي,الشمال,بلدية,بلدية الشمال,True,False,لا يوجد,,0,,,False,none,date_parsed_from_text,9,True
Data 2025.xlsx,8554,2025-09-14,2025-09,2025-W37,3,6,OO-OSS-po-0453-R01,OO-OSS-po-0453-R01,بطاطس مشوي,البطاطس (potatoes),potatoes,البطاطس (potatoes),produce,مطعم نمط صحي,مطعم نمط صحي,,مطعم نمط صحي,الشمال,بلدية,بلدية الشمال,True,False,لا يوجد,,0,,,False,none,date_parsed_from_text,9,True
Data 2025.xlsx,8557,2025-09-14,2025-09,2025-W37,3,6,OO-wm-0042-R01,OO-wm-0042-R01,قطع جح,البطيخ (watermelons),watermelons,البطيخ (watermelons),water,مطعم نمط صحي,مطعم نمط صحي,,مطعم نمط صحي,الشمال,بلدية,بلدية الشمال,True,False,لا يوجد,,0,,,False,none,date_parsed_from_text,9,True
Data 2025.xlsx,8562,2025-09-14,2025-09,2025-W37,3,6,OU-me-0035-R01,OU-me-0035-R01,قطع شمام,الشمام (melons),melons,الشمام (melons),produce,مطعم نمط صحي,مطعم نمط صحي,,مطعم نمط صحي,الشمال,بلدية,بلدية الشمال,True,False,لا يوجد,,0,,,False,none,date_parsed_from_text,9,True
Data 2025.xlsx,8558,2025-09-14,2025-09,2025-W37,3,6,UU-ki-0154-R01,UU-ki-0154-R01,قطع كيوي,الكيوي (Kiwi),Kiwi,الكيوي (Kiwi),produce,مطعم نمط صحي,مطعم نمط صحي,,مطعم نمط صحي,الشمال,بلدية,بلدية الشمال,True,False,لا يوجد,,0,,,False,none,date_parsed_from_text,9,True
Data 2025.xlsx,8544,2025-09-14,2025-09,2025-W37,3,6,cm-0128-r01,Cm-0128-R01,كباب لحم بالطحينة,اللحوم المطبوخة (Cooked meat),Cooked meat,اللحوم المطبوخة (Cooked meat),cooked_meat_poultry,مطعم نمط صحي,مطعم نمط صحي,,مطعم نمط صحي,الشمال,بلدية,بلدية الشمال,True,False,لا يوجد,,0,,,False,none,date_parsed_from_text,4,True
Data 2025.xlsx,8545,2025-09-14,2025-09,2025-W37,3,6,cm-0129-r01,Cm-0129-R01,ستيك لحم باربكيو,اللحوم المطبوخة (Cooked meat),Cooked meat,اللحوم المطبوخة (Cooked meat),cooked_meat_poultry,مطعم نمط صحي,مطعم نمط صحي,,مطعم نمط صحي,الشمال,بلدية,بلدية الشمال,True,False,لا يوجد,,0,,,False,none,date_parsed_from_text,4,True
Data 2025.xlsx,8538,2025-09-14,2025-09,2025-W37,3,6,co-0607-r01,co-0607-R01,دجاج مسالا,الدجاج المطبوخ (Cooked chicken),Cooked chicken,الدجاج المطبوخ (Cooked chicken),cooked_meat_poultry,مطعم نمط صحي,مطعم نمط صحي,,مطعم نمط صحي,الشمال,بلدية,بلدية الشمال,True,False,لا يوجد,,0,,,False,none,date_parsed_from_text,0,False
Data 2025.xlsx,8539,2025-09-14,2025-09,2025-W37,3,6,co-0608-r01,co-0608-R01,دجاج برياني,الدجاج المطبوخ (Cooked chicken),Cooked chicken,الدجاج المطبوخ (Cooked chicken),cooked_meat_poultry,مطعم نمط صحي,مطعم نمط صحي,,مطعم نمط صحي,الشمال,بلدية,بلدية الشمال,True,False,لا يوجد,,0,,,False,none,date_parsed_from_text,0,False
Data 2025.xlsx,8540,2025-09-14,2025-09,2025-W37,3,6,co-0609-r01,co-0609-R01,دجاج ليمون,الدجاج المطبوخ (Cooked chicken),Cooked chicken,الدجاج المطبوخ (Cooked chicken),cooked_meat_poultry,مطعم نمط صحي,مطعم نمط صحي,,مطعم نمط صحي,الشمال,بلدية,بلدية الشمال,False,True,العد الكلي للبكتيريا,العد الكلي للبكتيريا,1,,العد الكلي للبكتيريا,False,indicator_only,date_parsed_from_text,1,False
Data 2025.xlsx,8541,2025-09-14,2025-09,2025-W37,3,6,co-0610-r01,co-0610-R01,دجاج طحينة,الدجاج المطبوخ (Cooked chicken),Cooked chicken,الدجاج المطبوخ (Cooked chicken),cooked_meat_poultry,مطعم نمط صحي,مطعم نمط صحي,,مطعم نمط صحي,الشمال,بلدية,بلدية الشمال,False,True,العد الكلي للبكتيريا,العد الكلي للبكتيريا,1,,العد الكلي للبكتيريا,False,indicator_only,date_parsed_from_text,2,True
Data 2025.xlsx,8542,2025-09-14,2025-09,2025-W37,3,6,co-0611-r01,co-0611-R01,دجاج ايطالي,الدجاج المطبوخ (Cooked chicken),Cooked chicken,الدجاج المطبوخ (Cooked chicken),cooked_meat_poultry,مطعم نمط صحي,مطعم نمط صحي,,مطعم نمط صحي,الشمال,بلدية,بلدية الشمال,False,True,العد الكلي للبكتيريا,العد الكلي للبكتيريا,1,,العد الكلي للبكتيريا,False,indicator_only,date_parsed_from_text,3,True
Data 2025.xlsx,8543,2025-09-14,2025-09,2025-W37,3,6,co-0612-r01,co-0612-R01,دجاج مندي,الدجاج المطبوخ (Cooked chicken),Cooked chicken,الدجاج المطبوخ (Cooked chicken),cooked_meat_poultry,مطعم نمط صحي,مطعم نمط صحي,,مطعم نمط صحي,الشمال,بلدية,بلدية الشمال,False,True,العد الكلي للبكتيريا,العد الكلي للبكتيريا,1,,العد الكلي للبكتيريا,False,indicator_only,date_parsed_from_text,4,True
Data 2025.xlsx,8546,2025-09-14,2025-09,2025-W37,3,6,co-0613-r01,co-0613-R01,دجاج تندوري,الدجاج المطبوخ (Cooked chicken),Cooked chicken,الدجاج المطبوخ (Cooked chicken),cooked_meat_poultry,مطعم نمط صحي,مطعم نمط صحي,,مطعم نمط صحي,الشمال,بلدية,بلدية الشمال,False,True,العد الكلي للبكتيريا,العد الكلي للبكتيريا,1,,العد الكلي للبكتيريا,False,indicator_only,date_parsed_from_text,5,True
Data 2025.xlsx,8547,2025-09-14,2025-09,2025-W37,3,6,co-0614-r01,co-0614-R01,دجاج كاري,الدجاج المطبوخ (Cooked chicken),Cooked chicken,الدجاج المطبوخ (Cooked chicken),cooked_meat_poultry,مطعم نمط صحي,مطعم نمط صحي,,مطعم نمط صحي,الشمال,بلدية,بلدية الشمال,False,True,العد الكلي للبكتيريا,العد الكلي للبكتيريا,1,,العد الكلي للبكتيريا,False,indicator_only,date_parsed_from_text,6,True
Data 2025.xlsx,8564,2025-09-14,2025-09,2025-W37,3,6,eggs-0109-r01,eggs-0109-R01,بيض مسلوق مقشر,البيض ومنتجاته ( eggs and products),eggs and products,البيض ومنتجاته ( eggs and products),dairy,مطعم نمط صحي,مطعم نمط صحي,,مطعم نمط صحي,الشمال,بلدية,بلدية الشمال,False,True,انتيروباكتريسي,انتيروباكتريسي,1,,انتيروباكتريسي,False,indicator_only,date_parsed_from_text,10,True
Data 2025.xlsx,8548,2025-09-14,2025-09,2025-W37,3,6,fis-0014-r01,fis-0014-R01,روبيان,سمك مطبوخ,,سمك مطبوخ,cooked_meat_poultry,مطعم نمط صحي,مطعم نمط صحي,,مطعم نمط صحي,الشمال,بلدية,بلدية الشمال,True,False,لا يوجد,,0,,,False,none,date_parsed_from_text,6,True
Data 2025.xlsx,8549,2025-09-14,2025-09,2025-W37,3,6,fis-0015-r01,fis-0015-R01,سمك فيليه بالليمون,سمك مطبوخ,,سمك مطبوخ,cooked_meat_poultry,مطعم نمط صحي,مطعم نمط صحي,,مطعم نمط صحي,الشمال,بلدية,بلدية الشمال,False,True,استافيلوكوكس اورياس,استافيلوكوكس اورياس,1,استافيلوكوكس اورياس,,True,pathogen,date_parsed_from_text,7,True
Data 2025.xlsx,8556,2025-09-14,2025-09,2025-W37,3,6,gcv-0259-r01,GCV-0259-R01,خضار مسلوق,الخضار المشوية و المطبوخة,,الخضار المشوية و المطبوخة,cooked_meat_poultry,مطعم نمط صحي,مطعم نمط صحي,,مطعم نمط صحي,الشمال,بلدية,بلدية الشمال,True,False,لا يوجد,,0,,,False,none,date_parsed_from_text,9,True
Data 2025.xlsx,8509,2025-09-14,2025-09,2025-W37,3,6,jui-0525-r01,jui-0525-R01,عصير توت ليمون,العصائر الطازجة Un-pasteurized juices (fresh),fresh,العصائر الطازجة Un-pasteurized juices (fresh),beverage,كوفتا,كوفتا,,كوفتا,الشمال,بلدية,بلدية الشمال,True,False,لا يوجد,,0,,,False,none,date_parsed_from_text,1,False
Data 2025.xlsx,8510,2025-09-14,2025-09,2025-W37,3,6,jui-0526-r01,jui-0526-R01,عصير عوار قلب,العصائر الطازجة Un-pasteurized juices (fresh),fresh,العصائر الطازجة Un-pasteurized juices (fresh),beverage,كوفتا,كوفتا,,كوفتا,الشمال,بلدية,بلدية الشمال,True,False,لا يوجد,,0,,,False,none,date_parsed_from_text,1,False
Data 2025.xlsx,8511,2025-09-14,2025-09,2025-W37,3,6,jui-0527-r01,jui-0527-R01,عصير رمان,العصائر الطازجة Un-pasteurized juices (fresh),fresh,العصائر الطازجة Un-pasteurized juices (fresh),beverage,كوفتا,كوفتا,,كوفتا,الشمال,بلدية,بلدية الشمال,True,False,لا يوجد,,0,,,False,none,date_parsed_from_text,1,False
Data 2025.xlsx,8512,2025-09-14,2025-09,2025-W37,3,6,jui-0528-r01,jui-0528-R01,عصير بطيخ بلبن,العصائر الطازجة Un-pasteurized juices (fresh),fresh,العصائر الطازجة Un-pasteurized juices (fresh),beverage,كوفتا,كوفتا,,كوفتا,الشمال,بلدية,بلدية الشمال,False,True,الخمائر والاعفان,الخمائر والاعفان,1,,الخمائر والاعفان,False,indicator_only,date_parsed_from_text,2,True
Data 2025.xlsx,8533,2025-09-14,2025-09,2025-W37,3,6,jui-0529-r01,jui-0529-R01,مشروب كركدية,مشروب كركدية,,مشروب كركدية,beverage,كيو Q لاونج,كيو Q لاونج,,كيو Q لاونج,الشمال,بلدية,بلدية الشمال,False,True,الخمائر والاعفان,الخمائر والاعفان,1,,الخمائر والاعفان,False,indicator_only,date_parsed_from_text,4,True
Data 2025.xlsx,8561,2025-09-14,2025-09,2025-W37,3,6,mango-0056-r01,Mango-0056-R01,قطع مانجا,المانجو (Mango),Mango,المانجو (Mango),produce,مطعم نمط صحي,مطعم نمط صحي,,مطعم نمط صحي,الشمال,بلدية,بلدية الشمال,True,False,لا يوجد,,0,,,False,none,date_parsed_from_text,9,True
Data 2025.xlsx,8505,2025-09-14,2025-09,2025-W37,3,6,pick-0534-r01,Pick-0534-R01,مخلل طماطم,المخلل (Pickle),Pickle,المخلل (Pickle),sauce_condiment,كوفتا,كوفتا,,كوفتا,الشمال,بلدية,بلدية الشمال,True,False,لا يوجد,,0,,,False,none,date_parsed_from_text,0,False
Data 2025.xlsx,8506,2025-09-14,2025-09,2025-W37,3,6,pick-0535-r01,Pick-0535-R01,مخلل حار,المخلل (Pickle),Pickle,المخلل (Pickle),sauce_condiment,كوفتا,كوفتا,,كوفتا,الشمال,بلدية,بلدية الشمال,False,True,خمائر,الخمائر والاعفان,1,,الخمائر والاعفان,False,indicator_only,date_parsed_from_text,1,False
Data 2025.xlsx,8507,2025-09-14,2025-09,2025-W37,3,6,pick-0536-r01,Pick-0536-R01,مخلل خيار,المخلل (Pickle),Pickle,المخلل (Pickle),sauce_condiment,كوفتا,كوفتا,,كوفتا,الشمال,بلدية,بلدية الشمال,True,False,لا يوجد,,0,,,False,none,date_parsed_from_text,1,False
Data 2025.xlsx,8515,2025-09-14,2025-09,2025-W37,3,6,raw-0510-r01,Raw-0510-R01,كباب لحم ني,لحوم نيئة مبردة ومجمدة (Raw meat Cold or chilled ),Raw meat Cold or chilled,لحوم نيئة مبردة ومجمدة (Raw meat Cold or chilled ),raw_meat,كوفتا,كوفتا,,كوفتا,الشمال,بلدية,بلدية الشمال,False,True,السالمونيلا,السالمونيلا,1,السالمونيلا,,True,pathogen,date_parsed_from_text,4,True
Data 2025.xlsx,8508,2025-09-14,2025-09,2025-W37,3,6,sal-1627-r01,Sal-1627-R01,سلطة بلدي,السلطة(Salad),Salad,السلطة(Salad),produce,كوفتا,كوفتا,,كوفتا,الشمال,بلدية,بلدية الشمال,True,False,لا يوجد,,0,,,False,none,date_parsed_from_text,1,False
Data 2025.xlsx,8513,2025-09-14,2025-09,2025-W37,3,6,sal-1628-r01,Sal-1628-R01,سلطة مشاوي,السلطة(Salad),Salad,السلطة(Salad),produce,كوفتا,كوفتا,,كوفتا,الشمال,بلدية,بلدية الشمال,False,True,استافيلوكوكس اورياس,استافيلوكوكس اورياس,1,استافيلوكوكس اورياس,,True,pathogen,date_parsed_from_text,3,True
Data 2025.xlsx,8519,2025-09-14,2025-09,2025-W37,3,6,sal-1629-r01,Sal-1629-R01,سلطة بلدي,السلطة(Salad),Salad,السلطة(Salad),produce,كوفتا,كوفتا,,كوفتا,الشمال,بلدية,بلدية الشمال,True,False,لا يوجد,,0,,,False,none,date_parsed_from_text,4,True
Data 2025.xlsx,8563,2025-09-14,2025-09,2025-W37,3,6,sal-1630-r01,Sal-1630-R01,سلطة تونة,السلطة(Salad),Salad,السلطة(Salad),produce,مطعم نمط صحي,مطعم نمط صحي,,مطعم نمط صحي,الشمال,بلدية,بلدية الشمال,True,False,لا يوجد,,0,,,False,none,date_parsed_from_text,9,True
Data 2025.xlsx,8526,2025-09-14,2025-09,2025-W37,3,6,sau-2392-r01,sau-2392-R01,صوص شوكولاتة,صوص شوكولاته,,صوص شوكولاته,sauce_condiment,كيو Q لاونج,كيو Q لاونج,,كيو Q لاونج,الشمال,بلدية,بلدية الشمال,True,False,لا يوجد,,0,,,False,none,date_parsed_from_text,1,False
Data 2025.xlsx,8527,2025-09-14,2025-09,2025-W37,3,6,sau-2393-r01,sau-2393-R01,صوص نستلة,صوص نستلة,,صوص نستلة,sauce_condiment,كيو Q لاونج,كيو Q لاونج,,كيو Q لاونج,الشمال,بلدية,بلدية الشمال,False,True,العد الكلي للبكتيريا,العد الكلي للبكتيريا,1,,العد الكلي للبكتيريا,False,indicator_only,date_parsed_from_text,2,True
Data 2025.xlsx,8534,2025-09-14,2025-09,2025-W37,3,6,sau-2394-r01,sau-2394-R01,صوص مايونيز,صوص مايونيز,,صوص مايونيز,sauce_condiment,كيو Q لاونج,كيو Q لاونج,,كيو Q لاونج,الشمال,بلدية,بلدية الشمال,True,False,لا يوجد,,0,,,False,none,date_parsed_from_text,4,True
Data 2025.xlsx,8535,2025-09-14,2025-09,2025-W37,3,6,sau-2395-r01,sau-2395-R01,صوص برجر,صوص برجر,,صوص برجر,sauce_condiment,كيو Q لاونج,كيو Q لاونج,,كيو Q لاونج,الشمال,بلدية,بلدية الشمال,True,False,لا يوجد,,0,,,False,none,date_parsed_from_text,4,True
Data 2025.xlsx,8530,2025-09-14,2025-09,2025-W37,3,6,sw-3530-r01,sw-3530-R01,مسحة ثلاجة الكيك,مسحة ثلاجة الكيك,,مسحة ثلاجة الكيك,swab,كيو Q لاونج,كيو Q لاونج,,كيو Q لاونج,الشمال,بلدية,بلدية الشمال,True,False,لا يوجد,,0,,,False,none,date_parsed_from_text,3,True
Data 2025.xlsx,8531,2025-09-14,2025-09,2025-W37,3,6,sw-3531-r01,sw-3531-R01,مسحة طاولة تقطيع فواكه,مسحة طاولة تقطيع فواكة,,مسحة طاولة تقطيع فواكة,swab,كيو Q لاونج,كيو Q لاونج,,كيو Q لاونج,الشمال,بلدية,بلدية الشمال,True,False,لا يوجد,,0,,,False,none,date_parsed_from_text,3,True
Data 2025.xlsx,8532,2025-09-14,2025-09,2025-W37,3,6,sw-3532-r01,sw-3532-R01,مسحة صانعة ثلج,مسحة صانعة ثلج,,مسحة صانعة ثلج,swab,كيو Q لاونج,كيو Q لاونج,,كيو Q لاونج,الشمال,بلدية,بلدية الشمال,True,False,لا يوجد,,0,,,False,none,date_parsed_from_text,3,True
Data 2025.xlsx,8537,2025-09-14,2025-09,2025-W37,3,6,sw-3533-r01,sw-3533-R01,مسحة طاولة تقطيع خضار,مسحة طاولة تقطيع خضار,,مسحة طاولة تقطيع خضار,swab,كيو Q لاونج,كيو Q لاونج,,كيو Q لاونج,الشمال,بلدية,بلدية الشمال,True,False,لا يوجد,,0,,,False,none,date_parsed_from_text,4,True
Data 2025.xlsx,8516,2025-09-14,2025-09,2025-W37,3,6,sw-3534-r01,sw-3534-R01,مسحة يد,(Swabs) المسحات,Swabs,(Swabs) المسحات,swab,كوفتا,كوفتا,,كوفتا,الشمال,بلدية,بلدية الشمال,True,False,لا يوجد,,0,,,False,none,date_parsed_from_text,4,True
Data 2025.xlsx,8517,2025-09-14,2025-09,2025-W37,3,6,sw-3535-r01,sw-3535-R01,مسحة حافظة بطاطس,(Swabs) المسحات,Swabs,(Swabs) المسحات,swab,كوفتا,كوفتا,,كوفتا,الشمال,بلدية,بلدية الشمال,True,False,لا يوجد,,0,,,False,none,date_parsed_from_text,4,True
Data 2025.xlsx,8518,2025-09-14,2025-09,2025-W37,3,6,sw-3536-r01,sw-3536-R01,مسحة صانعة ثلج,(Swabs) المسحات,Swabs,(Swabs) المسحات,swab,كوفتا,كوفتا,,كوفتا,الشمال,بلدية,بلدية الشمال,True,False,لا يوجد,,0,,,False,none,date_parsed_from_text,4,True
Data 2025.xlsx,8528,2025-09-14,2025-09,2025-W37,3,6,sweet-1433-r01,sweet-1433-R01,بسبوسة تمر حلا,بسبوسة تمر حلا,,بسبوسة تمر حلا,produce,كيو Q لاونج,كيو Q لاونج,,كيو Q لاونج,الشمال,بلدية,بلدية الشمال,True,False,لا يوجد,,0,,,False,none,date_parsed_from_text,2,True
Data 2025.xlsx,8529,2025-09-14,2025-09,2025-W37,3,6,sweet-1434-r01,sweet-1434-R01,تشيز كيك بستاشو حلا,تشيز كيك بستاشو حلا,,تشيز كيك بستاشو حلا,sweets_bakery,كيو Q لاونج,كيو Q لاونج,,كيو Q لاونج,الشمال,بلدية,بلدية الشمال,False,True,انتيروباكتريسي,انتيروباكتريسي,1,,انتيروباكتريسي,False,indicator_only,date_parsed_from_text,3,True
Data 2025.xlsx,8607,2025-09-15,2025-09,2025-W38,3,0,1-3491-R01,1-3491-R01,نكهة كركدية,نكهات مركزة ( Syrup ),Syrup,نكهات مركزة ( Syrup ),sauce_condiment,كودو - حي القيروان,كودو,حي القيروان,كودو - حي القيروان,الشمال,بلدية,بلدية الشمال,True,False,لا يوجد,,0,,,False,none,date_parsed_from_text,1,False
Data 2025.xlsx,8608,2025-09-15,2025-09,2025-W38,3,0,1-3492-R01,1-3492-R01,نكهة باشن فروت,نكهات مركزة ( Syrup ),Syrup,نكهات مركزة ( Syrup ),sauce_condiment,كودو - حي القيروان,كودو,حي القيروان,كودو - حي القيروان,الشمال,بلدية,بلدية الشمال,True,False,لا يوجد,,0,,,False,none,date_parsed_from_text,1,False
Data 2025.xlsx,8587,2025-09-15,2025-09,2025-W38,3,0,O-U-po-0226-R01,O-U-po-0226-R01,حب رمان عنبة,الرمان (pomegranate),pomegranate,الرمان (pomegranate),produce,شركة معمولة للحلويات - حي القيروان,شركة معمولة للحلويات,حي القيروان,شركة معمولة للحلويات - حي القيروان,الشمال,بلدية,بلدية الشمال,True,False,لا يوجد,,0,,,False,none,date_parsed_from_text,6,True
Data 2025.xlsx,8571,2025-09-15,2025-09,2025-W38,3,0,OOu-on-0544-R01,OOu-on-0544-R01,بصل محشي عنبة,البصل (onions),onions,البصل (onions),produce,شركة معمولة للحلويات - حي القيروان,شركة معمولة للحلويات,حي القيروان,شركة معمولة للحلويات - حي القيروان,الشمال,بلدية,بلدية الشمال,True,False,لا يوجد,,0,,,False,none,date_parsed_from_text,0,False
Data 2025.xlsx,8570,2025-09-15,2025-09,2025-W38,3,0,UU-ca-0126-R01,UU-ca-0126-R01,ملفوف عنبة,الملفوف (cabbage),cabbage,الملفوف (cabbage),produce,شركة معمولة للحلويات - حي القيروان,شركة معمولة للحلويات,حي القيروان,شركة معمولة للحلويات - حي القيروان,الشمال,بلدية,بلدية الشمال,True,False,لا يوجد,,0,,,False,none,date_parsed_from_text,0,False
Data 2025.xlsx,8572,2025-09-15,2025-09,2025-W38,3,0,UU-ca-0127-R01,UU-ca-0127-R01,ملفوف سبايسي عنبة,الملفوف (cabbage),cabbage,الملفوف (cabbage),produce,شركة معمولة للحلويات - حي القيروان,شركة معمولة للحلويات,حي القيروان,شركة معمولة للحلويات - حي القيروان,الشمال,بلدية,بلدية الشمال,True,False,لا يوجد,,0,,,False,none,date_parsed_from_text,0,False
Data 2025.xlsx,8567,2025-09-15,2025-09,2025-W38,3,0,gr-0208-r01,gr-0208-R01,ورق عنب دبس رمان عنبة,ورق عنب (Grape leaves),Grape leaves,ورق عنب (Grape leaves),produce,شركة معمولة للحلويات - حي القيروان,شركة معمولة للحلويات,حي القيروان,شركة معمولة للحلويات - حي القيروان,الشمال,بلدية,بلدية الشمال,True,False,لا يوجد,,0,,,False,none,date_parsed_from_text,0,False
Data 2025.xlsx,8568,2025-09-15,2025-09,2025-W38,3,0,gr-0209-r01,gr-0209-R01,ورق عنب كلاسيك عنبة,ورق عنب (Grape leaves),Grape leaves,ورق عنب (Grape leaves),produce,شركة معمولة للحلويات - حي القيروان,شركة معمولة للحلويات,حي القيروان,شركة معمولة للحلويات - حي القيروان,الشمال,بلدية,بلدية الشمال,True,False,لا يوجد,,0,,,False,none,date_parsed_from_text,0,False
Data 2025.xlsx,8569,2025-09-15,2025-09,2025-W38,3,0,gr-0210-r01,gr-0210-R01,ورق عنب سبايسي عنبة,ورق عنب (Grape leaves),Grape leaves,ورق عنب (Grape leaves),produce,شركة معمولة للحلويات - حي القيروان,شركة معمولة للحلويات,حي القيروان,شركة معمولة للحلويات - حي القيروان,الشمال,بلدية,بلدية الشمال,True,False,لا يوجد,,0,,,False,none,date_parsed_from_text,0,False
Data 2025.xlsx,8604,2025-09-15,2025-09,2025-W38,3,0,ho-0248-r01,ho-0248-R01,عسل مامولا,(Honey) عسل النحل,Honey,(Honey) عسل النحل,sweets_bakery,شركة معمولة للحلويات - حي القيروان,شركة معمولة للحلويات,حي القيروان,شركة معمولة للحلويات - حي القيروان,الشمال,بلدية,بلدية الشمال,True,False,لا يوجد,,0,,,False,none,date_parsed_from_text,6,True
Data 2025.xlsx,8579,2025-09-15,2025-09,2025-W38,3,0,hs-0365-r01,HS-0365-R01,دقوس حار عنبة,الشطة (Hot sauce),Hot sauce,الشطة (Hot sauce),sauce_condiment,شركة معمولة للحلويات - حي القيروان,شركة معمولة للحلويات,حي القيروان,شركة معمولة للحلويات - حي القيروان,الشمال,بلدية,بلدية الشمال,True,False,لا يوجد,,0,,,False,none,date_parsed_from_text,2,True
Data 2025.xlsx,8605,2025-09-15,2025-09,2025-W38,3,0,icecrea-0149-r01,icecrea-0149-R01,ايس كريم فانيلا,(ice cream) ايسكريم,ice cream,(ice cream) ايسكريم,dairy,كودو - حي القيروان,كودو,حي القيروان,كودو - حي القيروان,الشمال,بلدية,بلدية الشمال,False,True,العد الكلي للبكتيريا,العد الكلي للبكتيريا,1,,العد الكلي للبكتيريا,False,indicator_only,date_parsed_from_text,1,False
Data 2025.xlsx,8609,2025-09-15,2025-09,2025-W38,3,0,jui-0530-r01,jui-0530-R01,عصير تفاح,العصائر الطازجة Un-pasteurized juices (fresh),fresh,العصائر الطازجة Un-pasteurized juices (fresh),beverage,كودو - حي القيروان,كودو,حي القيروان,كودو - حي القيروان,الشمال,بلدية,بلدية الشمال,False,True,الخمائر والاعفان,الخمائر والاعفان,1,,الخمائر والاعفان,False,indicator_only,date_parsed_from_text,2,True
Data 2025.xlsx,8610,2025-09-15,2025-09,2025-W38,3,0,jui-0531-r01,jui-0531-R01,عصير برتقال,العصائر الطازجة Un-pasteurized juices (fresh),fresh,العصائر الطازجة Un-pasteurized juices (fresh),beverage,كودو - حي القيروان,كودو,حي القيروان,كودو - حي القيروان,الشمال,بلدية,بلدية الشمال,False,True,الخمائر والاعفان,الخمائر والاعفان,1,,الخمائر والاعفان,False,indicator_only,date_parsed_from_text,3,True
Data 2025.xlsx,8620,2025-09-15,2025-09,2025-W38,3,0,pick-0537-r01,Pick-0537-R01,مخلل خيار,المخلل (Pickle),Pickle,المخلل (Pickle),sauce_condiment,كودو - حي القيروان,كودو,حي القيروان,كودو - حي القيروان,الشمال,بلدية,بلدية الشمال,True,False,لا يوجد,,0,,,False,none,date_parsed_from_text,5,True
Data 2025.xlsx,8566,2025-09-15,2025-09,2025-W38,3,0,sau-2396-r01,sau-2396-R01,صوص كراميل عنبة,صوص (sauce),sauce,صوص (sauce),sauce_condiment,شركة معمولة للحلويات - حي القيروان,شركة معمولة للحلويات,حي القيروان,شركة معمولة للحلويات - حي القيروان,الشمال,بلدية,بلدية الشمال,True,False,لا يوجد,,0,,,False,none,date_parsed_from_text,0,False
Data 2025.xlsx,8573,2025-09-15,2025-09,2025-W38,3,0,sau-2397-r01,sau-2397-R01,صوص فتة عنبة,صوص (sauce),sauce,صوص (sauce),sauce_condiment,شركة معمولة للحلويات - حي القيروان,شركة معمولة للحلويات,حي القيروان,شركة معمولة للحلويات - حي القيروان,الشمال,بلدية,بلدية الشمال,True,False,لا يوجد,,0,,,False,none,date_parsed_from_text,0,False
Data 2025.xlsx,8574,2025-09-15,2025-09,2025-W38,3,0,sau-2398-r01,sau-2398-R01,صوص ماسلا عنبة,صوص (sauce),sauce,صوص (sauce),sauce_condiment,شركة معمولة للحلويات - حي القيروان,شركة معمولة للحلويات,حي القيروان,شركة معمولة للحلويات - حي القيروان,الشمال,بلدية,بلدية الشمال,True,False,لا يوجد,,0,,,False,none,date_parsed_from_text,0,False
Data 2025.xlsx,8575,2025-09-15,2025-09,2025-W38,3,0,sau-2399-r01,sau-2399-R01,صوص رانش سبايسي عنبة,صوص (sauce),sauce,صوص (sauce),sauce_condiment,شركة معمولة للحلويات - حي القيروان,شركة معمولة للحلويات,حي القيروان,شركة معمولة للحلويات - حي القيروان,الشمال,بلدية,بلدية الشمال,True,False,لا يوجد,,0,,,False,none,date_parsed_from_text,0,False
Data 2025.xlsx,8576,2025-09-15,2025-09,2025-W38,3,0,sau-2400-r01,sau-2400-R01,صوص ثوم عنبة,صوص (sauce),sauce,صوص (sauce),sauce_condiment,شركة معمولة للحلويات - حي القيروان,شركة معمولة للحلويات,حي القيروان,شركة معمولة للحلويات - حي القيروان,الشمال,بلدية,بلدية الشمال,False,True,العد الكلي للبكتيريا,العد الكلي للبكتيريا,1,,العد الكلي للبكتيريا,False,indicator_only,date_parsed_from_text,1,False
Data 2025.xlsx,8577,2025-09-15,2025-09,2025-W38,3,0,sau-2401-r01,sau-2401-R01,صوص نعناع عنبة,صوص (sauce),sauce,صوص (sauce),sauce_condiment,شركة معمولة للحلويات - حي القيروان,شركة معمولة للحلويات,حي القيروان,شركة معمولة للحلويات - حي القيروان,الشمال,بلدية,بلدية الشمال,False,True,العد الكلي للبكتيريا,العد الكلي للبكتيريا,1,,العد الكلي للبكتيريا,False,indicator_only,date_parsed_from_text,2,True
Data 2025.xlsx,8578,2025-09-15,2025-09,2025-W38,3,0,sau-2402-r01,sau-2402-R01,صوص حامض حلو عنبة,صوص (sauce),sauce,صوص (sauce),sauce_condiment,شركة معمولة للحلويات - حي القيروان,شركة معمولة للحلويات,حي القيروان,شركة معمولة للحلويات - حي القيروان,الشمال,بلدية,بلدية الشمال,True,False,لا يوجد,,0,,,False,none,date_parsed_from_text,2,True
Data 2025.xlsx,8580,2025-09-15,2025-09,2025-W38,3,0,sau-2403-r01,sau-2403-R01,صوص ثومية عنبة,صوص (sauce),sauce,صوص (sauce),sauce_condiment,شركة معمولة للحلويات - حي القيروان,شركة معمولة للحلويات,حي القيروان,شركة معمولة للحلويات - حي القيروان,الشمال,بلدية,بلدية الشمال,False,True,العد الكلي للبكتيريا,العد الكلي للبكتيريا,1,,العد الكلي للبكتيريا,False,indicator_only,date_parsed_from_text,3,True
Data 2025.xlsx,8581,2025-09-15,2025-09,2025-W38,3,0,sau-2404-r01,sau-2404-R01,صوص عنبة,صوص (sauce),sauce,صوص (sauce),sauce_condiment,شركة معمولة للحلويات - حي القيروان,شركة معمولة للحلويات,حي القيروان,شركة معمولة للحلويات - حي القيروان,الشمال,بلدية,بلدية الشمال,True,False,لا يوجد,,0,,,False,none,date_parsed_from_text,3,True
Data 2025.xlsx,8582,2025-09-15,2025-09,2025-W38,3,0,sau-2405-r01,sau-2405-R01,صوص دبس الرمان عنبة,صوص (sauce),sauce,صوص (sauce),sauce_condiment,شركة معمولة للحلويات - حي القيروان,شركة معمولة للحلويات,حي القيروان,شركة معمولة للحلويات - حي القيروان,الشمال,بلدية,بلدية الشمال,True,False,لا يوجد,,0,,,False,none,date_parsed_from_text,3,True
Data 2025.xlsx,8583,2025-09-15,2025-09,2025-W38,3,0,sau-2406-r01,sau-2406-R01,مقرمشات حار عنبة,صوص (sauce),sauce,صوص (sauce),sauce_condiment,شركة معمولة للحلويات - حي القيروان,شركة معمولة للحلويات,حي القيروان,شركة معمولة للحلويات - حي القيروان,الشمال,بلدية,بلدية الشمال,True,False,لا يوجد,,0,,,False,none,date_parsed_from_text,3,True
Data 2025.xlsx,8584,2025-09-15,2025-09,2025-W38,3,0,sau-2407-r01,sau-2407-R01,مقرمشات عادي عنبة,صوص (sauce),sauce,صوص (sauce),sauce_condiment,شركة معمولة للحلويات - حي القيروان,شركة معمولة للحلويات,حي القيروان,شركة معمولة للحلويات - حي القيروان,الشمال,بلدية,بلدية الشمال,False,True,العد الكلي للبكتيريا,العد الكلي للبكتيريا,1,,العد الكلي للبكتيريا,False,indicator_only,date_parsed_from_text,4,True
Data 2025.xlsx,8585,2025-09-15,2025-09,2025-W38,3,0,sau-2408-r01,sau-2408-R01,صوص لبن خيار عنبة,صوص (sauce),sauce,صوص (sauce),sauce_condiment,شركة معمولة للحلويات - حي القيروان,شركة معمولة للحلويات,حي القيروان,شركة معمولة للحلويات - حي القيروان,الشمال,بلدية,بلدية الشمال,False,True,استافيلوكوكس اورياس,استافيلوكوكس اورياس,1,استافيلوكوكس اورياس,,True,pathogen,date_parsed_from_text,5,True
Data 2025.xlsx,8586,2025-09-15,2025-09,2025-W38,3,0,sau-2409-r01,sau-2409-R01,صوص ثوم سبايسي عنبة,صوص (sauce),sauce,صوص (sauce),sauce_condiment,شركة معمولة للحلويات - حي القيروان,شركة معمولة للحلويات,حي القيروان,شركة معمولة للحلويات - حي القيروان,الشمال,بلدية,بلدية الشمال,False,True,العد الكلي للبكتيريا,العد الكلي للبكتيريا,1,,العد الكلي للبكتيريا,False,indicator_only,date_parsed_from_text,6,True
Data 2025.xlsx,8589,2025-09-15,2025-09,2025-W38,3,0,sau-2410-r01,sau-2410-R01,صوص كراميل مملح قشطية,صوص (sauce),sauce,صوص (sauce),sauce_condiment,شركة معمولة للحلويات - حي القيروان,شركة معمولة للحلويات,حي القيروان,شركة معمولة للحلويات - حي القيروان,الشمال,بلدية,بلدية الشمال,True,False,لا يوجد,,0,,,False,none,date_parsed_from_text,6,True
Data 2025.xlsx,8590,2025-09-15,2025-09,2025-W38,3,0,sau-2411-r01,sau-2411-R01,صوص اسبريسو قشطية,صوص (sauce),sauce,صوص (sauce),sauce_condiment,شركة معمولة للحلويات - حي القيروان,شركة معمولة للحلويات,حي القيروان,شركة معمولة للحلويات - حي القيروان,الشمال,بلدية,بلدية الشمال,True,False,لا يوجد,,0,,,False,none,date_parsed_from_text,6,True
Data 2025.xlsx,8591,2025-09-15,2025-09,2025-W38,3,0,sau-2412-r01,sau-2412-R01,صوص شيرة قشطية,صوص (sauce),sauce,صوص (sauce),sauce_condiment,شركة معمولة للحلويات - حي القيروان,شركة معمولة للحلويات,حي القيروان,شركة معمولة للحلويات - حي القيروان,الشمال,بلدية,بلدية الشمال,True,False,لا يوجد,,0,,,False,none,date_parsed_from_text,6,True
Data 2025.xlsx,8592,2025-09-15,2025-09,2025-W38,3,0,sau-2413-r01,sau-2413-R01,صوص فول سوداني مامولا,صوص (sauce),sauce,صوص (sauce),sauce_condiment,شركة معمولة للحلويات - حي القيروان,شركة معمولة للحلويات,حي القيروان,شركة معمولة للحلويات - حي القيروان,الشمال,بلدية,بلدية الشمال,True,False,لا يوجد,,0,,,False,none,date_parsed_from_text,6,True
Data 2025.xlsx,8593,2025-09-15,2025-09,2025-W38,3,0,sau-2414-r01,sau-2414-R01,صوص دارك شوكولاتة مامولا,صوص (sauce),sauce,صوص (sauce),sauce_condiment,شركة معمولة للحلويات - حي القيروان,شركة معمولة للحلويات,حي القيروان,شركة معمولة للحلويات - حي القيروان,الشمال,بلدية,بلدية الشمال,True,False,لا يوجد,,0,,,False,none,date_parsed_from_text,6,True
Data 2025.xlsx,8594,2025-09-15,2025-09,2025-W38,3,0,sau-2415-r01,sau-2415-R01,صوص قهوة عربية مامولا,صوص (sauce),sauce,صوص (sauce),sauce_condiment,شركة معمولة للحلويات - حي القيروان,شركة معمولة للحلويات,حي القيروان,شركة معمولة للحلويات - حي القيروان,الشمال,بلدية,بلدية الشمال,True,False,لا يوجد,,0,,,False,none,date_parsed_from_text,6,True
Data 2025.xlsx,8595,2025-09-15,2025-09,2025-W38,3,0,sau-2416-r01,sau-2416-R01,صوص كراميل سادة مامولا,صوص (sauce),sauce,صوص (sauce),sauce_condiment,شركة معمولة للحلويات - حي القيروان,شركة معمولة للحلويات,حي القيروان,شركة معمولة للحلويات - حي القيروان,الشمال,بلدية,بلدية الشمال,True,False,لا يوجد,,0,,,False,none,date_parsed_from_text,6,True
Data 2025.xlsx,8596,2025-09-15,2025-09,2025-W38,3,0,sau-2417-r01,sau-2417-R01,صوص كراميل مملح مامولا,صوص (sauce),sauce,صوص (sauce),sauce_condiment,شركة معمولة للحلويات - حي القيروان,شركة معمولة للحلويات,حي القيروان,شركة معمولة للحلويات - حي القيروان,الشمال,بلدية,بلدية الشمال,True,False,لا يوجد,,0,,,False,none,date_parsed_from_text,6,True
Data 2025.xlsx,8606,2025-09-15,2025-09,2025-W38,3,0,sau-2418-r01,sau-2418-R01,صوص شوكولاتة,صوص (sauce),sauce,صوص (sauce),sauce_condiment,كودو - حي القيروان,كودو,حي القيروان,كودو - حي القيروان,الشمال,بلدية,بلدية الشمال,True,False,لا يوجد,,0,,,False,none,date_parsed_from_text,1,False
Data 2025.xlsx,8611,2025-09-15,2025-09,2025-W38,3,0,sau-2419-r01,sau-2419-R01,صوص مايونيز,صوص (sauce),sauce,صوص (sauce),sauce_condiment,كودو - حي القيروان,كودو,حي القيروان,كودو - حي القيروان,الشمال,بلدية,بلدية الشمال,True,False,لا يوجد,,0,,,False,none,date_parsed_from_text,3,True
Data 2025.xlsx,8612,2025-09-15,2025-09,2025-W38,3,0,sau-2420-r01,sau-2420-R01,صوص تاوزن ايلند,صوص (sauce),sauce,صوص (sauce),sauce_condiment,كودو - حي القيروان,كودو,حي القيروان,كودو - حي القيروان,الشمال,بلدية,بلدية الشمال,True,False,لا يوجد,,0,,,False,none,date_parsed_from_text,3,True
Data 2025.xlsx,8613,2025-09-15,2025-09,2025-W38,3,0,sau-2421-r01,sau-2421-R01,صوص ماما خفايف,صوص (sauce),sauce,صوص (sauce),sauce_condiment,كودو - حي القيروان,كودو,حي القيروان,كودو - حي القيروان,الشمال,بلدية,بلدية الشمال,False,True,العد الكلي للبكتيريا,العد الكلي للبكتيريا,1,,العد الكلي للبكتيريا,False,indicator_only,date_parsed_from_text,4,True
Data 2025.xlsx,8614,2025-09-15,2025-09,2025-W38,3,0,sau-2422-r01,sau-2422-R01,صوص تشيز,صوص (sauce),sauce,صوص (sauce),sauce_condiment,كودو - حي القيروان,كودو,حي القيروان,كودو - حي القيروان,الشمال,بلدية,بلدية الشمال,False,True,استافيلوكوكس اورياس,استافيلوكوكس اورياس,1,استافيلوكوكس اورياس,,True,pathogen,date_parsed_from_text,5,True
Data 2025.xlsx,8615,2025-09-15,2025-09,2025-W38,3,0,sau-2423-r01,sau-2423-R01,صوص سموكي,صوص (sauce),sauce,صوص (sauce),sauce_condiment,كودو - حي القيروان,كودو,حي القيروان,كودو - حي القيروان,الشمال,بلدية,بلدية الشمال,True,False,لا يوجد,,0,,,False,none,date_parsed_from_text,5,True
Data 2025.xlsx,8616,2025-09-15,2025-09,2025-W38,3,0,sau-2424-r01,sau-2424-R01,صوص كي معلب,صوص (sauce),sauce,صوص (sauce),sauce_condiment,كودو - حي القيروان,كودو,حي القيروان,كودو - حي القيروان,الشمال,بلدية,بلدية الشمال,True,False,لا يوجد,,0,,,False,none,date_parsed_from_text,5,True
Data 2025.xlsx,8617,2025-09-15,2025-09,2025-W38,3,0,sau-2425-r01,sau-2425-R01,صوص كودو,صوص (sauce),sauce,صوص (sauce),sauce_condiment,كودو - حي القيروان,كودو,حي القيروان,كودو - حي القيروان,الشمال,بلدية,بلدية الشمال,True,False,لا يوجد,,0,,,False,none,date_parsed_from_text,5,True
Data 2025.xlsx,8618,2025-09-15,2025-09,2025-W38,3,0,sau-2426-r01,sau-2426-R01,صوص ناتشوز,صوص (sauce),sauce,صوص (sauce),sauce_condiment,كودو - حي القيروان,كودو,حي القيروان,كودو - حي القيروان,الشمال,بلدية,بلدية الشمال,True,False,لا يوجد,,0,,,False,none,date_parsed_from_text,5,True
Data 2025.xlsx,8619,2025-09-15,2025-09,2025-W38,3,0,sau-2427-r01,sau-2427-R01,صوص ثوم,صوص (sauce),sauce,صوص (sauce),sauce_condiment,كودو - حي القيروان,كودو,حي القيروان,كودو - حي القيروان,الشمال,بلدية,بلدية الشمال,True,False,لا يوجد,,0,,,False,none,date_parsed_from_text,5,True
Data 2025.xlsx,8621,2025-09-15,2025-09,2025-W38,3,0,sau-2428-r01,sau-2428-R01,صوص مابل سيرم سويت,صوص (sauce),sauce,صوص (sauce),sauce_condiment,كودو - حي القيروان,كودو,حي القيروان,كودو - حي القيروان,الشمال,بلدية,بلدية الشمال,True,False,لا يوجد,,0,,,False,none,date_parsed_from_text,5,True
Data 2025.xlsx,8622,2025-09-15,2025-09,2025-W38,3,0,sau-2429-r01,sau-2429-R01,صوص تاوزن ايلند معلب,صوص (sauce),sauce,صوص (sauce),sauce_condiment,كودو - حي القيروان,كودو,حي القيروان,كودو - حي القيروان,الشمال,بلدية,بلدية الشمال,True,False,لا يوجد,,0,,,False,none,date_parsed_from_text,5,True
Data 2025.xlsx,8623,2025-09-15,2025-09,2025-W38,3,0,sau-2430-r01,sau-2430-R01,صوص ديناميت حلو,صوص (sauce),sauce,صوص (sauce),sauce_condiment,كودو - حي القيروان,كودو,حي القيروان,كودو - حي القيروان,الشمال,بلدية,بلدية الشمال,True,False,لا يوجد,,0,,,False,none,date_parsed_from_text,5,True
Data 2025.xlsx,8588,2025-09-15,2025-09,2025-W38,3,0,sw-3537-r01,sw-3537-R01,مسحة ثلاجة تحضير عنبة,(Swabs) المسحات,Swabs,(Swabs) المسحات,swab,شركة معمولة للحلويات - حي القيروان,شركة معمولة للحلويات,حي القيروان,شركة معمولة للحلويات - حي القيروان,الشمال,بلدية,بلدية الشمال,True,False,لا يوجد,,0,,,False,none,date_parsed_from_text,6,True
Data 2025.xlsx,8565,2025-09-15,2025-09,2025-W38,3,0,sweet-1435-r01,sweet-1435-R01,مكرملة حلا عنبة,الحلا(sweetness),sweetness,الحلا(sweetness),sweets_bakery,شركة معمولة للحلويات - حي القيروان,شركة معمولة للحلويات,حي القيروان,شركة معمولة للحلويات - حي القيروان,الشمال,بلدية,بلدية الشمال,True,False,لا يوجد,,0,,,False,none,date_parsed_from_text,0,False
Data 2025.xlsx,8597,2025-09-15,2025-09,2025-W38,3,0,sweet-1436-r01,sweet-1436-R01,مقروطة سمسم مامولا,الحلا(sweetness),sweetness,الحلا(sweetness),sweets_bakery,شركة معمولة للحلويات - حي القيروان,شركة معمولة للحلويات,حي القيروان,شركة معمولة للحلويات - حي القيروان,الشمال,بلدية,بلدية الشمال,True,False,لا يوجد,,0,,,False,none,date_parsed_from_text,6,True
Data 2025.xlsx,8598,2025-09-15,2025-09,2025-W38,3,0,sweet-1437-r01,sweet-1437-R01,مقروطة زعتر مامولا,الحلا(sweetness),sweetness,الحلا(sweetness),sweets_bakery,شركة معمولة للحلويات - حي القيروان,شركة معمولة للحلويات,حي القيروان,شركة معمولة للحلويات - حي القيروان,الشمال,بلدية,بلدية الشمال,True,False,لا يوجد,,0,,,False,none,date_parsed_from_text,6,True
Data 2025.xlsx,8599,2025-09-15,2025-09,2025-W38,3,0,sweet-1438-r01,sweet-1438-R01,معمول مامولا,الحلا(sweetness),sweetness,الحلا(sweetness),sweets_bakery,شركة معمولة للحلويات - حي القيروان,شركة معمولة للحلويات,حي القيروان,شركة معمولة للحلويات - حي القيروان,الشمال,بلدية,بلدية الشمال,True,False,لا يوجد,,0,,,False,none,date_parsed_from_text,6,True
Data 2025.xlsx,8600,2025-09-15,2025-09,2025-W38,3,0,sweet-1439-r01,sweet-1439-R01,معمول دخن مامولا,الحلا(sweetness),sweetness,الحلا(sweetness),sweets_bakery,شركة معمولة للحلويات - حي القيروان,شركة معمولة للحلويات,حي القيروان,شركة معمولة للحلويات - حي القيروان,الشمال,بلدية,بلدية الشمال,True,False,لا يوجد,,0,,,False,none,date_parsed_from_text,6,True
Data 2025.xlsx,8601,2025-09-15,2025-09,2025-W38,3,0,sweet-1440-r01,sweet-1440-R01,كيكة عسل لقمة وردية,الحلا(sweetness),sweetness,الحلا(sweetness),sweets_bakery,شركة معمولة للحلويات - حي القيروان,شركة معمولة للحلويات,حي القيروان,شركة معمولة للحلويات - حي القيروان,الشمال,بلدية,بلدية الشمال,True,False,لا يوجد,,0,,,False,none,date_parsed_from_text,6,True
Data 2025.xlsx,8602,2025-09-15,2025-09,2025-W38,3,0,sweet-1441-r01,sweet-1441-R01,كنافة محمص لقمة وردية,الحلا(sweetness),sweetness,الحلا(sweetness),sweets_bakery,شركة معمولة للحلويات - حي القيروان,شركة معمولة للحلويات,حي القيروان,شركة معمولة للحلويات - حي القيروان,الشمال,بلدية,بلدية الشمال,True,False,لا يوجد,,0,,,False,none,date_parsed_from_text,6,True
Data 2025.xlsx,8603,2025-09-15,2025-09,2025-W38,3,0,sweet-1442-r01,sweet-1442-R01,بيتي فور بجوز الهند لقمة وردية,الحلا(sweetness),sweetness,الحلا(sweetness),sweets_bakery,شركة معمولة للحلويات - حي القيروان,شركة معمولة للحلويات,حي القيروان,شركة معمولة للحلويات - حي القيروان,الشمال,بلدية,بلدية الشمال,True,False,لا يوجد,,0,,,False,none,date_parsed_from_text,6,True
Data 2025.xlsx,8624,2025-09-15,2025-09,2025-W38,3,0,ubot-1085-r01,Ubot-1085-R01,مياه فلتر لغسيل الادوات م-ك,المياه الغير معبأة (Unbottled water),Unbottled water,المياه الغير المعبأة (Unbottled water),water,كودو - حي القيروان,كودو,حي القيروان,كودو - حي القيروان,الشمال,بلدية,بلدية الشمال,True,False,لا يوجد,,0,,,False,none,category_merged_to_canonical|date_parsed_from_text,5,True
Data 2025.xlsx,8629,2025-09-16,2025-09,2025-W38,3,1,1-3495-R01,1-3495-R01,قشطة,(cream) قشطة,cream,(cream) قشطة,dairy,أسواق ورده سليمان صالح النهدى حي شبرا,أسواق ورده سليمان صالح النهدى حي شبرا,,أسواق ورده سليمان صالح النهدى حي شبرا,العريجاء,بلدية,بلدية العريجاء,False,True,العد الكلي للبكتيريا,العد الكلي للبكتيريا,1,,العد الكلي للبكتيريا,False,indicator_only,date_parsed_from_text,5,True
Data 2025.xlsx,8639,2025-09-16,2025-09,2025-W38,3,1,1-3496-R01,1-3496-R01,مخلل هلابينو,(jalapeno) هلابينو,jalapeno,(jalapeno) هلابينو,produce,أسواق ورده سليمان صالح النهدى حي شبرا,أسواق ورده سليمان صالح النهدى حي شبرا,,أسواق ورده سليمان صالح النهدى حي شبرا,العريجاء,بلدية,بلدية العريجاء,True,False,لا يوجد,,0,,,False,none,date_parsed_from_text,10,True
Data 2025.xlsx,8667,2025-09-16,2025-09,2025-W38,3,1,1-3497-R01,1-3497-R01,فطير مشلتت جبن كيري مع عسل,(Pie) فطيرة,Pie,(Pie) فطيرة,sweets_bakery,أسواق ورده سليمان صالح النهدى حي شبرا,أسواق ورده سليمان صالح النهدى حي شبرا,,أسواق ورده سليمان صالح النهدى حي شبرا,العريجاء,بلدية,بلدية العريجاء,True,False,لا يوجد,,0,,,False,none,date_parsed_from_text,18,True
Data 2025.xlsx,8668,2025-09-16,2025-09,2025-W38,3,1,1-3498-R01,1-3498-R01,بيتزا,(Pie) فطيرة,Pie,(Pie) فطيرة,sweets_bakery,أسواق ورده سليمان صالح النهدى حي شبرا,أسواق ورده سليمان صالح النهدى حي شبرا,,أسواق ورده سليمان صالح النهدى حي شبرا,العريجاء,بلدية,بلدية العريجاء,True,False,لا يوجد,,0,,,False,none,date_parsed_from_text,18,True
Data 2025.xlsx,8669,2025-09-16,2025-09,2025-W38,3,1,1-3499-R01,1-3499-R01,فطيرة تمرية,(Pie) فطيرة,Pie,(Pie) فطيرة,sweets_bakery,أسواق ورده سليمان صالح النهدى حي شبرا,أسواق ورده سليمان صالح النهدى حي شبرا,,أسواق ورده سليمان صالح النهدى حي شبرا,العريجاء,بلدية,بلدية العريجاء,True,False,لا يوجد,,0,,,False,none,date_parsed_from_text,18,True
Data 2025.xlsx,8677,2025-09-16,2025-09,2025-W38,3,1,OO-OSS-po-0454-R01,OO-OSS-po-0454-R01,بطاطس مقلي,البطاطس (potatoes),potatoes,البطاطس (potatoes),produce,بوفية باب عزيز - حي شبرا,بوفية باب عزيز,حي شبرا,بوفية باب عزيز - حي شبرا,العريجاء,بلدية,بلدية العريجاء,True,False,لا يوجد,,0,,,False,none,date_parsed_from_text,2,True
Data 2025.xlsx,8641,2025-09-16,2025-09,2025-W38,3,1,OOSS-eg-0376-R01,OOSS-eg-0376-R01,مكدوس باذنجان,الباذنجان (eggplant),eggplant,الباذنجان (eggplant),dairy,أسواق ورده سليمان صالح النهدى حي شبرا,أسواق ورده سليمان صالح النهدى حي شبرا,,أسواق ورده سليمان صالح النهدى حي شبرا,العريجاء,بلدية,بلدية العريجاء,False,True,خمائر,الخمائر والاعفان,1,,الخمائر والاعفان,False,indicator_only,date_parsed_from_text,11,True
Data 2025.xlsx,8681,2025-09-16,2025-09,2025-W38,3,1,bri-0353-r01,bri-0353-R01,لبنة قليل الدسم,لبنة ( brick),brick,لبنة ( brick),dairy,أسواق ورده سليمان صالح النهدى حي شبرا,أسواق ورده سليمان صالح النهدى حي شبرا,,أسواق ورده سليمان صالح النهدى حي شبرا,العريجاء,بلدية,بلدية العريجاء,False,True,الخمائر والاعفان,الخمائر والاعفان,1,,الخمائر والاعفان,False,indicator_only,date_parsed_from_text,19,True
Data 2025.xlsx,8625,2025-09-16,2025-09,2025-W38,3,1,bri-0354-r01,bri-0354-R01,لبنة بيتزا,لبنة ( brick),brick,لبنة ( brick),dairy,أسواق ورده سليمان صالح النهدى حي شبرا,أسواق ورده سليمان صالح النهدى حي شبرا,,أسواق ورده سليمان صالح النهدى حي شبرا,العريجاء,بلدية,بلدية العريجاء,False,True,انتيروباكتريسي,انتيروباكتريسي,1,,انتيروباكتريسي,False,indicator_only,date_parsed_from_text,1,False
Data 2025.xlsx,8626,2025-09-16,2025-09,2025-W38,3,1,bri-0355-r01,bri-0355-R01,لبنة مشاوي,لبنة ( brick),brick,لبنة ( brick),dairy,أسواق ورده سليمان صالح النهدى حي شبرا,أسواق ورده سليمان صالح النهدى حي شبرا,,أسواق ورده سليمان صالح النهدى حي شبرا,العريجاء,بلدية,بلدية العريجاء,False,True,الخمائر والاعفان,الخمائر والاعفان,1,,الخمائر والاعفان,False,indicator_only,date_parsed_from_text,2,True
Data 2025.xlsx,8627,2025-09-16,2025-09,2025-W38,3,1,bri-0356-r01,bri-0356-R01,لبنة شمندر,لبنة ( brick),brick,لبنة ( brick),dairy,أسواق ورده سليمان صالح النهدى حي شبرا,أسواق ورده سليمان صالح النهدى حي شبرا,,أسواق ورده سليمان صالح النهدى حي شبرا,العريجاء,بلدية,بلدية العريجاء,False,True,الخمائر والاعفان,الخمائر والاعفان,1,,الخمائر والاعفان,False,indicator_only,date_parsed_from_text,3,True
Data 2025.xlsx,8630,2025-09-16,2025-09,2025-W38,3,1,bri-0357-r01,bri-0357-R01,لبنة افوكادو,لبنة ( brick),brick,لبنة ( brick),dairy,أسواق ورده سليمان صالح النهدى حي شبرا,أسواق ورده سليمان صالح النهدى حي شبرا,,أسواق ورده سليمان صالح النهدى حي شبرا,العريجاء,بلدية,بلدية العريجاء,False,True,انتيروباكتريسي,انتيروباكتريسي,1,,انتيروباكتريسي,False,indicator_only,date_parsed_from_text,6,True
Data 2025.xlsx,8631,2025-09-16,2025-09,2025-W38,3,1,bri-0358-r01,bri-0358-R01,لبنة بالزعتر,لبنة ( brick),brick,لبنة ( brick),dairy,أسواق ورده سليمان صالح النهدى حي شبرا,أسواق ورده سليمان صالح النهدى حي شبرا,,أسواق ورده سليمان صالح النهدى حي شبرا,العريجاء,بلدية,بلدية العريجاء,False,True,الخمائر والاعفان,الخمائر والاعفان,1,,الخمائر والاعفان,False,indicator_only,date_parsed_from_text,7,True
Data 2025.xlsx,8634,2025-09-16,2025-09,2025-W38,3,1,bri-0359-r01,bri-0359-R01,لبنة كرات حار,لبنة ( brick),brick,لبنة ( brick),dairy,أسواق ورده سليمان صالح النهدى حي شبرا,أسواق ورده سليمان صالح النهدى حي شبرا,,أسواق ورده سليمان صالح النهدى حي شبرا,العريجاء,بلدية,بلدية العريجاء,True,False,لا يوجد,,0,,,False,none,date_parsed_from_text,8,True
Data 2025.xlsx,8632,2025-09-16,2025-09,2025-W38,3,1,chee-0853-r01,Chee-0853-R01,جبن مهروس بارد,(cheese) جبنة,cheese,(cheese) جبنة,dairy,أسواق ورده سليمان صالح النهدى حي شبرا,أسواق ورده سليمان صالح النهدى حي شبرا,,أسواق ورده سليمان صالح النهدى حي شبرا,العريجاء,بلدية,بلدية العريجاء,True,False,لا يوجد,,0,,,False,none,date_parsed_from_text,7,True
Data 2025.xlsx,8633,2025-09-16,2025-09,2025-W38,3,1,chee-0854-r01,Chee-0854-R01,جبن مهروس حار,(cheese) جبنة,cheese,(cheese) جبنة,dairy,أسواق ورده سليمان صالح النهدى حي شبرا,أسواق ورده سليمان صالح النهدى حي شبرا,,أسواق ورده سليمان صالح النهدى حي شبرا,العريجاء,بلدية,بلدية العريجاء,False,True,الخمائر والاعفان,الخمائر والاعفان,1,,الخمائر والاعفان,False,indicator_only,date_parsed_from_text,8,True
Data 2025.xlsx,8652,2025-09-16,2025-09,2025-W38,3,1,chee-0855-r01,Chee-0855-R01,جبنة فيتا,(cheese) جبنة,cheese,(cheese) جبنة,dairy,أسواق ورده سليمان صالح النهدى حي شبرا,أسواق ورده سليمان صالح النهدى حي شبرا,,أسواق ورده سليمان صالح النهدى حي شبرا,العريجاء,بلدية,بلدية العريجاء,True,False,لا يوجد,,0,,,False,none,date_parsed_from_text,18,True
Data 2025.xlsx,8653,2025-09-16,2025-09,2025-W38,3,1,chee-0856-r01,Chee-0856-R01,جبنة قريش بحبة البركة,(cheese) جبنة,cheese,(cheese) جبنة,dairy,أسواق ورده سليمان صالح النهدى حي شبرا,أسواق ورده سليمان صالح النهدى حي شبرا,,أسواق ورده سليمان صالح النهدى حي شبرا,العريجاء,بلدية,بلدية العريجاء,True,False,لا يوجد,,0,,,False,none,date_parsed_from_text,18,True
Data 2025.xlsx,8676,2025-09-16,2025-09,2025-W38,3,1,chee-0857-r01,Chee-0857-R01,جبن سائل,(cheese) جبنة,cheese,(cheese) جبنة,dairy,بوفية باب عزيز - حي شبرا,بوفية باب عزيز,حي شبرا,بوفية باب عزيز - حي شبرا,العريجاء,بلدية,بلدية العريجاء,True,False,لا يوجد,,0,,,False,none,date_parsed_from_text,2,True
Data 2025.xlsx,8678,2025-09-16,2025-09,2025-W38,3,1,co-0615-r01,co-0615-R01,تشكن كنتاكي,الدجاج المطبوخ (Cooked chicken),Cooked chicken,الدجاج المطبوخ (Cooked chicken),cooked_meat_poultry,بوفية باب عزيز - حي شبرا,بوفية باب عزيز,حي شبرا,بوفية باب عزيز - حي شبرا,العريجاء,بلدية,بلدية العريجاء,False,True,السالمونيلا,السالمونيلا,1,السالمونيلا,,True,pathogen,date_parsed_from_text,3,True
Data 2025.xlsx,8651,2025-09-16,2025-09,2025-W38,3,1,flswe-0078-r01,FlSwe-0078-R01,حلاوة طحينية بالفستق,حلاوة طحينة( Flour Sweetness),Flour Sweetness,حلاوة طحينة( Flour Sweetness),sauce_condiment,أسواق ورده سليمان صالح النهدى حي شبرا,أسواق ورده سليمان صالح النهدى حي شبرا,,أسواق ورده سليمان صالح النهدى حي شبرا,العريجاء,بلدية,بلدية العريجاء,True,False,لا يوجد,,0,,,False,none,date_parsed_from_text,18,True
Data 2025.xlsx,8628,2025-09-16,2025-09,2025-W38,3,1,hs-0366-r01,HS-0366-R01,شطة حارة,لبنة ( brick),brick,لبنة ( brick),dairy,أسواق ورده سليمان صالح النهدى حي شبرا,أسواق ورده سليمان صالح النهدى حي شبرا,,أسواق ورده سليمان صالح النهدى حي شبرا,العريجاء,بلدية,بلدية العريجاء,False,True,الخمائر والاعفان,الخمائر والاعفان,1,,الخمائر والاعفان,False,indicator_only,date_parsed_from_text,4,True
Data 2025.xlsx,8643,2025-09-16,2025-09,2025-W38,3,1,olv-0583-r01,olv-0583-R01,زيتون اسود بدون عجو,الزيتون /Olive,Olive,الزيتون /Olive,produce,أسواق ورده سليمان صالح النهدى حي شبرا,أسواق ورده سليمان صالح النهدى حي شبرا,,أسواق ورده سليمان صالح النهدى حي شبرا,العريجاء,بلدية,بلدية العريجاء,False,True,خمائر,الخمائر والاعفان,1,,الخمائر والاعفان,False,indicator_only,date_parsed_from_text,13,True
Data 2025.xlsx,8645,2025-09-16,2025-09,2025-W38,3,1,olv-0584-r01,olv-0584-R01,زيتون عين الجمل,الزيتون /Olive,Olive,الزيتون /Olive,produce,أسواق ورده سليمان صالح النهدى حي شبرا,أسواق ورده سليمان صالح النهدى حي شبرا,,أسواق ورده سليمان صالح النهدى حي شبرا,العريجاء,بلدية,بلدية العريجاء,True,False,لا يوجد,,0,,,False,none,date_parsed_from_text,14,True
Data 2025.xlsx,8648,2025-09-16,2025-09,2025-W38,3,1,olv-0585-r01,olv-0585-R01,شرائح زيتون اسود,الزيتون /Olive,Olive,الزيتون /Olive,produce,أسواق ورده سليمان صالح النهدى حي شبرا,أسواق ورده سليمان صالح النهدى حي شبرا,,أسواق ورده سليمان صالح النهدى حي شبرا,العريجاء,بلدية,بلدية العريجاء,False,True,خمائر,الخمائر والاعفان,1,,الخمائر والاعفان,False,indicator_only,date_parsed_from_text,16,True
Data 2025.xlsx,8649,2025-09-16,2025-09,2025-W38,3,1,olv-0586-r01,olv-0586-R01,شرائح زيتون اخضر,الزيتون /Olive,Olive,الزيتون /Olive,produce,أسواق ورده سليمان صالح النهدى حي شبرا,أسواق ورده سليمان صالح النهدى حي شبرا,,أسواق ورده سليمان صالح النهدى حي شبرا,العريجاء,بلدية,بلدية العريجاء,False,True,خمائر,الخمائر والاعفان,1,,الخمائر والاعفان,False,indicator_only,date_parsed_from_text,17,True
Data 2025.xlsx,8650,2025-09-16,2025-09,2025-W38,3,1,olv-0587-r01,olv-0587-R01,زيتون اخضر بدون عجو,الزيتون /Olive,Olive,الزيتون /Olive,produce,أسواق ورده سليمان صالح النهدى حي شبرا,أسواق ورده سليمان صالح النهدى حي شبرا,,أسواق ورده سليمان صالح النهدى حي شبرا,العريجاء,بلدية,بلدية العريجاء,False,True,خمائر,الخمائر والاعفان,1,,الخمائر والاعفان,False,indicator_only,date_parsed_from_text,18,True
Data 2025.xlsx,8635,2025-09-16,2025-09,2025-W38,3,1,pick-0538-r01,Pick-0538-R01,مخلل سبايسي,المخلل (Pickle),Pickle,المخلل (Pickle),sauce_condiment,أسواق ورده سليمان صالح النهدى حي شبرا,أسواق ورده سليمان صالح النهدى حي شبرا,,أسواق ورده سليمان صالح النهدى حي شبرا,العريجاء,بلدية,بلدية العريجاء,True,False,لا يوجد,,0,,,False,none,date_parsed_from_text,8,True
Data 2025.xlsx,8640,2025-09-16,2025-09,2025-W38,3,1,pick-0539-r01,Pick-0539-R01,مخلل ليمون,المخلل (Pickle),Pickle,المخلل (Pickle),sauce_condiment,أسواق ورده سليمان صالح النهدى حي شبرا,أسواق ورده سليمان صالح النهدى حي شبرا,,أسواق ورده سليمان صالح النهدى حي شبرا,العريجاء,بلدية,بلدية العريجاء,True,False,لا يوجد,,0,,,False,none,date_parsed_from_text,10,True
Data 2025.xlsx,8644,2025-09-16,2025-09,2025-W38,3,1,pick-0540-r01,Pick-0540-R01,مخلل ثوم بالزيت,المخلل (Pickle),Pickle,المخلل (Pickle),sauce_condiment,أسواق ورده سليمان صالح النهدى حي شبرا,أسواق ورده سليمان صالح النهدى حي شبرا,,أسواق ورده سليمان صالح النهدى حي شبرا,العريجاء,بلدية,بلدية العريجاء,False,True,خمائر,الخمائر والاعفان,1,,الخمائر والاعفان,False,indicator_only,date_parsed_from_text,14,True
Data 2025.xlsx,8646,2025-09-16,2025-09,2025-W38,3,1,pick-0541-r01,Pick-0541-R01,مخلل مشكل,المخلل (Pickle),Pickle,المخلل (Pickle),sauce_condiment,أسواق ورده سليمان صالح النهدى حي شبرا,أسواق ورده سليمان صالح النهدى حي شبرا,,أسواق ورده سليمان صالح النهدى حي شبرا,العريجاء,بلدية,بلدية العريجاء,True,False,لا يوجد,,0,,,False,none,date_parsed_from_text,14,True
Data 2025.xlsx,8647,2025-09-16,2025-09,2025-W38,3,1,pick-0542-r01,Pick-0542-R01,مخلل شمندر,المخلل (Pickle),Pickle,المخلل (Pickle),sauce_condiment,أسواق ورده سليمان صالح النهدى حي شبرا,أسواق ورده سليمان صالح النهدى حي شبرا,,أسواق ورده سليمان صالح النهدى حي شبرا,العريجاء,بلدية,بلدية العريجاء,False,True,خمائر,الخمائر والاعفان,1,,الخمائر والاعفان,False,indicator_only,date_parsed_from_text,15,True
Data 2025.xlsx,8636,2025-09-16,2025-09,2025-W38,3,1,sal-1631-r01,Sal-1631-R01,سلطة حب البركة,السلطة(Salad),Salad,السلطة(Salad),produce,أسواق ورده سليمان صالح النهدى حي شبرا,أسواق ورده سليمان صالح النهدى حي شبرا,,أسواق ورده سليمان صالح النهدى حي شبرا,العريجاء,بلدية,بلدية العريجاء,True,False,لا يوجد,,0,,,False,none,date_parsed_from_text,8,True
Data 2025.xlsx,8637,2025-09-16,2025-09,2025-W38,3,1,sal-1632-r01,Sal-1632-R01,سلطة سبايسي,السلطة(Salad),Salad,السلطة(Salad),produce,أسواق ورده سليمان صالح النهدى حي شبرا,أسواق ورده سليمان صالح النهدى حي شبرا,,أسواق ورده سليمان صالح النهدى حي شبرا,العريجاء,بلدية,بلدية العريجاء,False,True,انتيروباكتريسي,انتيروباكتريسي,1,,انتيروباكتريسي,False,indicator_only,date_parsed_from_text,9,True
Data 2025.xlsx,8638,2025-09-16,2025-09,2025-W38,3,1,sal-1633-r01,Sal-1633-R01,سلطة مرتديلا مكس لحم + دجاج,السلطة(Salad),Salad,السلطة(Salad),produce,أسواق ورده سليمان صالح النهدى حي شبرا,أسواق ورده سليمان صالح النهدى حي شبرا,,أسواق ورده سليمان صالح النهدى حي شبرا,العريجاء,بلدية,بلدية العريجاء,False,True,العد الكلي للبكتيريا,العد الكلي للبكتيريا,1,,العد الكلي للبكتيريا,False,indicator_only,date_parsed_from_text,10,True
Data 2025.xlsx,8642,2025-09-16,2025-09,2025-W38,3,1,sal-1634-r01,Sal-1634-R01,سلطة مكدوس,السلطة(Salad),Salad,السلطة(Salad),produce,أسواق ورده سليمان صالح النهدى حي شبرا,أسواق ورده سليمان صالح النهدى حي شبرا,,أسواق ورده سليمان صالح النهدى حي شبرا,العريجاء,بلدية,بلدية العريجاء,False,True,خمائر,الخمائر والاعفان,1,,الخمائر والاعفان,False,indicator_only,date_parsed_from_text,12,True
Data 2025.xlsx,8673,2025-09-16,2025-09,2025-W38,3,1,sau-2431-r01,sau-2431-R01,صوص كاتشب,صوص (sauce),sauce,صوص (sauce),sauce_condiment,بوفية باب عزيز - حي شبرا,بوفية باب عزيز,حي شبرا,بوفية باب عزيز - حي شبرا,العريجاء,بلدية,بلدية العريجاء,True,False,لا يوجد,,0,,,False,none,date_parsed_from_text,0,False
Data 2025.xlsx,8674,2025-09-16,2025-09,2025-W38,3,1,sau-2432-r01,sau-2432-R01,صوص جبن,صوص (sauce),sauce,صوص (sauce),sauce_condiment,بوفية باب عزيز - حي شبرا,بوفية باب عزيز,حي شبرا,بوفية باب عزيز - حي شبرا,العريجاء,بلدية,بلدية العريجاء,False,True,استافيلوكوكس اورياس | ايشيريشيا كولاي,استافيلوكوكس اورياس | ايشيريشيا كولاي,2,استافيلوكوكس اورياس | ايشيريشيا كولاي,,True,multi_pathogen,date_parsed_from_text,1,False
Data 2025.xlsx,8675,2025-09-16,2025-09,2025-W38,3,1,sau-2433-r01,sau-2433-R01,صوص مايو,صوص (sauce),sauce,صوص (sauce),sauce_condiment,بوفية باب عزيز - حي شبرا,بوفية باب عزيز,حي شبرا,بوفية باب عزيز - حي شبرا,العريجاء,بلدية,بلدية العريجاء,False,True,السالمونيلا,السالمونيلا,1,السالمونيلا,,True,pathogen,date_parsed_from_text,2,True
Data 2025.xlsx,8654,2025-09-16,2025-09,2025-W38,3,1,sw-3538-r01,sw-3538-R01,مسحة ثلاجة,(Swabs) المسحات,Swabs,(Swabs) المسحات,swab,أسواق ورده سليمان صالح النهدى حي شبرا,أسواق ورده سليمان صالح النهدى حي شبرا,,أسواق ورده سليمان صالح النهدى حي شبرا,العريجاء,بلدية,بلدية العريجاء,True,False,لا يوجد,,0,,,False,none,date_parsed_from_text,18,True
Data 2025.xlsx,8655,2025-09-16,2025-09,2025-W38,3,1,sw-3539-r01,sw-3539-R01,مسحة ثلاجة,(Swabs) المسحات,Swabs,(Swabs) المسحات,swab,أسواق ورده سليمان صالح النهدى حي شبرا,أسواق ورده سليمان صالح النهدى حي شبرا,,أسواق ورده سليمان صالح النهدى حي شبرا,العريجاء,بلدية,بلدية العريجاء,True,False,لا يوجد,,0,,,False,none,date_parsed_from_text,18,True
Data 2025.xlsx,8656,2025-09-16,2025-09,2025-W38,3,1,sw-3540-r01,sw-3540-R01,مسحة ثلاجة,(Swabs) المسحات,Swabs,(Swabs) المسحات,swab,أسواق ورده سليمان صالح النهدى حي شبرا,أسواق ورده سليمان صالح النهدى حي شبرا,,أسواق ورده سليمان صالح النهدى حي شبرا,العريجاء,بلدية,بلدية العريجاء,True,False,لا يوجد,,0,,,False,none,date_parsed_from_text,18,True
Data 2025.xlsx,8657,2025-09-16,2025-09,2025-W38,3,1,sw-3541-r01,sw-3541-R01,مسحة ثلاجة,(Swabs) المسحات,Swabs,(Swabs) المسحات,swab,أسواق ورده سليمان صالح النهدى حي شبرا,أسواق ورده سليمان صالح النهدى حي شبرا,,أسواق ورده سليمان صالح النهدى حي شبرا,العريجاء,بلدية,بلدية العريجاء,True,False,لا يوجد,,0,,,False,none,date_parsed_from_text,18,True
Data 2025.xlsx,8658,2025-09-16,2025-09,2025-W38,3,1,sw-3542-r01,sw-3542-R01,مسحة ثلاجة,(Swabs) المسحات,Swabs,(Swabs) المسحات,swab,أسواق ورده سليمان صالح النهدى حي شبرا,أسواق ورده سليمان صالح النهدى حي شبرا,,أسواق ورده سليمان صالح النهدى حي شبرا,العريجاء,بلدية,بلدية العريجاء,True,False,لا يوجد,,0,,,False,none,date_parsed_from_text,18,True
Data 2025.xlsx,8659,2025-09-16,2025-09,2025-W38,3,1,sw-3543-r01,sw-3543-R01,مسحة قطاعة مرتديلا,(Swabs) المسحات,Swabs,(Swabs) المسحات,swab,أسواق ورده سليمان صالح النهدى حي شبرا,أسواق ورده سليمان صالح النهدى حي شبرا,,أسواق ورده سليمان صالح النهدى حي شبرا,العريجاء,بلدية,بلدية العريجاء,True,False,لا يوجد,,0,,,False,none,date_parsed_from_text,18,True
Data 2025.xlsx,8660,2025-09-16,2025-09,2025-W38,3,1,sw-3544-r01,sw-3544-R01,مسحة حافظة حلاوة طحينية,(Swabs) المسحات,Swabs,(Swabs) المسحات,swab,أسواق ورده سليمان صالح النهدى حي شبرا,أسواق ورده سليمان صالح النهدى حي شبرا,,أسواق ورده سليمان صالح النهدى حي شبرا,العريجاء,بلدية,بلدية العريجاء,True,False,لا يوجد,,0,,,False,none,date_parsed_from_text,18,True
Data 2025.xlsx,8670,2025-09-16,2025-09,2025-W38,3,1,sw-3545-r01,sw-3545-R01,مسحة حافظة شابورا,(Swabs) المسحات,Swabs,(Swabs) المسحات,swab,أسواق ورده سليمان صالح النهدى حي شبرا,أسواق ورده سليمان صالح النهدى حي شبرا,,أسواق ورده سليمان صالح النهدى حي شبرا,العريجاء,بلدية,بلدية العريجاء,True,False,لا يوجد,,0,,,False,none,date_parsed_from_text,18,True
Data 2025.xlsx,8671,2025-09-16,2025-09,2025-W38,3,1,sw-3546-r01,sw-3546-R01,مسحة حافظة شابورا,(Swabs) المسحات,Swabs,(Swabs) المسحات,swab,أسواق ورده سليمان صالح النهدى حي شبرا,أسواق ورده سليمان صالح النهدى حي شبرا,,أسواق ورده سليمان صالح النهدى حي شبرا,العريجاء,بلدية,بلدية العريجاء,True,False,لا يوجد,,0,,,False,none,date_parsed_from_text,18,True
Data 2025.xlsx,8672,2025-09-16,2025-09,2025-W38,3,1,sw-3547-r01,sw-3547-R01,مسحة طاولة خبز صامولي,(Swabs) المسحات,Swabs,(Swabs) المسحات,swab,أسواق ورده سليمان صالح النهدى حي شبرا,أسواق ورده سليمان صالح النهدى حي شبرا,,أسواق ورده سليمان صالح النهدى حي شبرا,العريجاء,بلدية,بلدية العريجاء,True,False,لا يوجد,,0,,,False,none,date_parsed_from_text,18,True
Data 2025.xlsx,8679,2025-09-16,2025-09,2025-W38,3,1,sw-3548-r01,sw-3548-R01,مسحة طاولة تحضير,(Swabs) المسحات,Swabs,(Swabs) المسحات,swab,بوفية باب عزيز - حي شبرا,بوفية باب عزيز,حي شبرا,بوفية باب عزيز - حي شبرا,العريجاء,بلدية,بلدية العريجاء,False,True,العد الكلي للبكتيريا,العد الكلي للبكتيريا,1,,العد الكلي للبكتيريا,False,indicator_only,date_parsed_from_text,4,True
Data 2025.xlsx,8680,2025-09-16,2025-09,2025-W38,3,1,sw-3549-r01,sw-3549-R01,مسحة طاولة تحضير,(Swabs) المسحات,Swabs,(Swabs) المسحات,swab,بوفية باب عزيز - حي شبرا,بوفية باب عزيز,حي شبرا,بوفية باب عزيز - حي شبرا,العريجاء,بلدية,بلدية العريجاء,True,False,لا يوجد,,0,,,False,none,date_parsed_from_text,4,True
Data 2025.xlsx,8661,2025-09-16,2025-09,2025-W38,3,1,sweet-1443-r01,sweet-1443-R01,معمول تمر مع مكسرات,الحلا(sweetness),sweetness,الحلا(sweetness),sweets_bakery,أسواق ورده سليمان صالح النهدى حي شبرا,أسواق ورده سليمان صالح النهدى حي شبرا,,أسواق ورده سليمان صالح النهدى حي شبرا,العريجاء,بلدية,بلدية العريجاء,True,False,لا يوجد,,0,,,False,none,date_parsed_from_text,18,True
Data 2025.xlsx,8662,2025-09-16,2025-09,2025-W38,3,1,sweet-1444-r01,sweet-1444-R01,معمول تمر,الحلا(sweetness),sweetness,الحلا(sweetness),sweets_bakery,أسواق ورده سليمان صالح النهدى حي شبرا,أسواق ورده سليمان صالح النهدى حي شبرا,,أسواق ورده سليمان صالح النهدى حي شبرا,العريجاء,بلدية,بلدية العريجاء,True,False,لا يوجد,,0,,,False,none,date_parsed_from_text,18,True
Data 2025.xlsx,8663,2025-09-16,2025-09,2025-W38,3,1,sweet-1445-r01,sweet-1445-R01,بيتي فور,الحلا(sweetness),sweetness,الحلا(sweetness),sweets_bakery,أسواق ورده سليمان صالح النهدى حي شبرا,أسواق ورده سليمان صالح النهدى حي شبرا,,أسواق ورده سليمان صالح النهدى حي شبرا,العريجاء,بلدية,بلدية العريجاء,True,False,لا يوجد,,0,,,False,none,date_parsed_from_text,18,True
Data 2025.xlsx,8664,2025-09-16,2025-09,2025-W38,3,1,sweet-1446-r01,sweet-1446-R01,كعك معمول بالتمر,الحلا(sweetness),sweetness,الحلا(sweetness),sweets_bakery,أسواق ورده سليمان صالح النهدى حي شبرا,أسواق ورده سليمان صالح النهدى حي شبرا,,أسواق ورده سليمان صالح النهدى حي شبرا,العريجاء,بلدية,بلدية العريجاء,True,False,لا يوجد,,0,,,False,none,date_parsed_from_text,18,True
Data 2025.xlsx,8665,2025-09-16,2025-09,2025-W38,3,1,sweet-1447-r01,sweet-1447-R01,كعك مصري سادة,الحلا(sweetness),sweetness,الحلا(sweetness),sweets_bakery,أسواق ورده سليمان صالح النهدى حي شبرا,أسواق ورده سليمان صالح النهدى حي شبرا,,أسواق ورده سليمان صالح النهدى حي شبرا,العريجاء,بلدية,بلدية العريجاء,True,False,لا يوجد,,0,,,False,none,date_parsed_from_text,18,True
Data 2025.xlsx,8666,2025-09-16,2025-09,2025-W38,3,1,sweet-1448-r01,sweet-1448-R01,معمول تمر مع قشطة,الحلا(sweetness),sweetness,الحلا(sweetness),sweets_bakery,أسواق ورده سليمان صالح النهدى حي شبرا,أسواق ورده سليمان صالح النهدى حي شبرا,,أسواق ورده سليمان صالح النهدى حي شبرا,العريجاء,بلدية,بلدية العريجاء,True,False,لا يوجد,,0,,,False,none,date_parsed_from_text,18,True
Data 2025.xlsx,8684,2025-09-16,2025-09,2025-W38,3,1,ubot-1086-r01,Ubot-1086-R01,مياه رقم 1 من خزان المرحلة الثالثة م-ك,المياه الغير معبأة (Unbottled water),Unbottled water,المياه الغير المعبأة (Unbottled water),water,عينة خاصة,عينة خاصة,,عينة خاصة,عينة خاصة,خاص,عينة خاصة,True,False,لا يوجد,,0,,,False,none,category_merged_to_canonical|date_parsed_from_text,1,False
Data 2025.xlsx,8685,2025-09-16,2025-09,2025-W38,3,1,ubot-1087-r01,Ubot-1087-R01,مياه رقم 2 الخزان الاحتياطي للمرحلة الثالثة م-ك,المياه الغير معبأة (Unbottled water),Unbottled water,المياه الغير المعبأة (Unbottled water),water,عينة خاصة,عينة خاصة,,عينة خاصة,عينة خاصة,خاص,عينة خاصة,True,False,لا يوجد,,0,,,False,none,category_merged_to_canonical|date_parsed_from_text,1,False
Data 2025.xlsx,8686,2025-09-16,2025-09,2025-W38,3,1,ubot-1088-r01,Ubot-1088-R01,مياه 3 الخزان الرائيسي للمرحلة الرابعة م-ك,المياه الغير معبأة (Unbottled water),Unbottled water,المياه الغير المعبأة (Unbottled water),water,عينة خاصة,عينة خاصة,,عينة خاصة,عينة خاصة,خاص,عينة خاصة,True,False,لا يوجد,,0,,,False,none,category_merged_to_canonical|date_parsed_from_text,1,False
Data 2025.xlsx,8682,2025-09-16,2025-09,2025-W38,3,1,ubot-1089-r01,Ubot-1089-R01,مياه للعجانة 1 م- ك,المياه الغير معبأة (Unbottled water),Unbottled water,المياه الغير المعبأة (Unbottled water),water,أسواق ورده سليمان صالح النهدى حي شبرا,أسواق ورده سليمان صالح النهدى حي شبرا,,أسواق ورده سليمان صالح النهدى حي شبرا,العريجاء,بلدية,بلدية العريجاء,False,True,سيدوموناس,سيدوموناس,1,,سيدوموناس,False,indicator_only,category_merged_to_canonical|date_parsed_from_text,20,True
Data 2025.xlsx,8683,2025-09-16,2025-09,2025-W38,3,1,ubot-1090-r01,Ubot-1090-R01,مياه للعجانة 2 م-ك,المياه الغير معبأة (Unbottled water),Unbottled water,المياه الغير المعبأة (Unbottled water),water,أسواق ورده سليمان صالح النهدى حي شبرا,أسواق ورده سليمان صالح النهدى حي شبرا,,أسواق ورده سليمان صالح النهدى حي شبرا,العريجاء,بلدية,بلدية العريجاء,True,False,لا يوجد,,0,,,False,none,category_merged_to_canonical|date_parsed_from_text,20,True
Data 2025.xlsx,8714,2025-09-20,2025-09,2025-W38,3,5,1-3502-R01,1-3502-R01,تتبيلة اردنية,(Seasoning) تتبيلة,Seasoning,(Seasoning) تتبيلة,other,شركه مطاعم ركن هاشم,شركه مطاعم ركن هاشم,,شركه مطاعم ركن هاشم,العليا,بلدية,بلدية العليا,False,True,العد الكلي للبكتيريا | ايشيريشيا كولاي | استافيلوكوكس اورياس,العد الكلي للبكتيريا | ايشيريشيا كولاي | استافيلوكوكس اورياس,3,ايشيريشيا كولاي | استافيلوكوكس اورياس,العد الكلي للبكتيريا,True,multi_pathogen,date_parsed_from_text|sample_type_unbucketed,3,True
Data 2025.xlsx,8717,2025-09-20,2025-09,2025-W38,3,5,O-U-to-0693-R01,O-U-to-0693-R01,طماطم مقطع,الطماطم (Tomatoes),Tomatoes,الطماطم (Tomatoes),produce,شركه مطاعم ركن هاشم,شركه مطاعم ركن هاشم,,شركه مطاعم ركن هاشم,العليا,بلدية,بلدية العليا,False,True,استافيلوكوكس اورياس,استافيلوكوكس اورياس,1,استافيلوكوكس اورياس,,True,pathogen,date_parsed_from_text,5,True
Data 2025.xlsx,8718,2025-09-20,2025-09,2025-W38,3,5,O-r-O3-le-0384-R01,O-r-O3-le-0384-R01,خس,الخس (Lettuce),Lettuce,الخس (Lettuce),produce,شركه مطاعم ركن هاشم,شركه مطاعم ركن هاشم,,شركه مطاعم ركن هاشم,العليا,بلدية,بلدية العليا,False,True,استافيلوكوكس اورياس,استافيلوكوكس اورياس,1,استافيلوكوكس اورياس,,True,pathogen,date_parsed_from_text,6,True
Data 2025.xlsx,8705,2025-09-20,2025-09,2025-W38,3,5,OOSS-eg-0377-R01,OOSS-eg-0377-R01,مكدوس,الباذنجان (eggplant),eggplant,الباذنجان (eggplant),dairy,تموينات عين الغيث - حي السليمانية,تموينات عين الغيث,حي السليمانية,تموينات عين الغيث - حي السليمانية,العليا,بلدية,بلدية العليا,True,False,لا يوجد,,0,,,False,none,date_parsed_from_text,3,True
Data 2025.xlsx,8713,2025-09-20,2025-09,2025-W38,3,5,appe-0605-r01,Appe-0605-R01,حمص,مقبلات (Appetizers),Appetizers,مقبلات (Appetizers),prepared_meal,شركه مطاعم ركن هاشم,شركه مطاعم ركن هاشم,,شركه مطاعم ركن هاشم,العليا,بلدية,بلدية العليا,True,False,لا يوجد,,0,,,False,none,date_parsed_from_text,2,True
Data 2025.xlsx,8722,2025-09-20,2025-09,2025-W38,3,5,appe-0606-r01,Appe-0606-R01,متبل,مقبلات (Appetizers),Appetizers,مقبلات (Appetizers),prepared_meal,شركه مطاعم ركن هاشم,شركه مطاعم ركن هاشم,,شركه مطاعم ركن هاشم,العليا,بلدية,بلدية العليا,False,True,العد الكلي للبكتيريا,العد الكلي للبكتيريا,1,,العد الكلي للبكتيريا,False,indicator_only,date_parsed_from_text,8,True
Data 2025.xlsx,8704,2025-09-20,2025-09,2025-W38,3,5,bri-0360-r01,bri-0360-R01,شني قليش لبنة,لبنة ( brick),brick,لبنة ( brick),dairy,تموينات عين الغيث - حي السليمانية,تموينات عين الغيث,حي السليمانية,تموينات عين الغيث - حي السليمانية,العليا,بلدية,بلدية العليا,True,False,لا يوجد,,0,,,False,none,date_parsed_from_text,3,True
Data 2025.xlsx,8698,2025-09-20,2025-09,2025-W38,3,5,chee-0858-r01,Chee-0858-R01,جبن شلل,(cheese) جبنة,cheese,(cheese) جبنة,dairy,تموينات عين الغيث - حي السليمانية,تموينات عين الغيث,حي السليمانية,تموينات عين الغيث - حي السليمانية,العليا,بلدية,بلدية العليا,True,False,لا يوجد,,0,,,False,none,date_parsed_from_text,0,False
Data 2025.xlsx,8699,2025-09-20,2025-09,2025-W38,3,5,chee-0859-r01,Chee-0859-R01,جبن فيتا,(cheese) جبنة,cheese,(cheese) جبنة,dairy,تموينات عين الغيث - حي السليمانية,تموينات عين الغيث,حي السليمانية,تموينات عين الغيث - حي السليمانية,العليا,بلدية,بلدية العليا,True,False,لا يوجد,,0,,,False,none,date_parsed_from_text,0,False
Data 2025.xlsx,8700,2025-09-20,2025-09,2025-W38,3,5,chee-0860-r01,Chee-0860-R01,جبن حلوم,(cheese) جبنة,cheese,(cheese) جبنة,dairy,تموينات عين الغيث - حي السليمانية,تموينات عين الغيث,حي السليمانية,تموينات عين الغيث - حي السليمانية,العليا,بلدية,بلدية العليا,False,True,استافيلوكوكس اورياس,استافيلوكوكس اورياس,1,استافيلوكوكس اورياس,,True,pathogen,date_parsed_from_text,1,False
Data 2025.xlsx,8715,2025-09-20,2025-09,2025-W38,3,5,fala-0068-r01,Fala-0068-R01,فلافل,فلافل( falafil),falafil,فلافل( falafil),sweets_bakery,شركه مطاعم ركن هاشم,شركه مطاعم ركن هاشم,,شركه مطاعم ركن هاشم,العليا,بلدية,بلدية العليا,True,False,لا يوجد,,0,,,False,none,date_parsed_from_text,3,True
Data 2025.xlsx,8706,2025-09-20,2025-09,2025-W38,3,5,hs-0367-r01,HS-0367-R01,شطة شامية,الشطة (Hot sauce),Hot sauce,الشطة (Hot sauce),sauce_condiment,تموينات عين الغيث - حي السليمانية,تموينات عين الغيث,حي السليمانية,تموينات عين الغيث - حي السليمانية,العليا,بلدية,بلدية العليا,False,True,العد الكلي للبكتيريا,العد الكلي للبكتيريا,1,,العد الكلي للبكتيريا,False,indicator_only,date_parsed_from_text,4,True
Data 2025.xlsx,8710,2025-09-20,2025-09,2025-W38,3,5,hs-0368-r01,HS-0368-R01,شطة شامية,الشطة (Hot sauce),Hot sauce,الشطة (Hot sauce),sauce_condiment,شركه مطاعم ركن هاشم,شركه مطاعم ركن هاشم,,شركه مطاعم ركن هاشم,العليا,بلدية,بلدية العليا,False,True,العد الكلي للبكتيريا,العد الكلي للبكتيريا,1,,العد الكلي للبكتيريا,False,indicator_only,date_parsed_from_text,1,False
Data 2025.xlsx,8720,2025-09-20,2025-09,2025-W38,3,5,hs-0369-r01,HS-0369-R01,شطة شامية من قسم الفلافل,الشطة (Hot sauce),Hot sauce,الشطة (Hot sauce),sauce_condiment,شركه مطاعم ركن هاشم,شركه مطاعم ركن هاشم,,شركه مطاعم ركن هاشم,العليا,بلدية,بلدية العليا,False,True,العد الكلي للبكتيريا,العد الكلي للبكتيريا,1,,العد الكلي للبكتيريا,False,indicator_only,date_parsed_from_text,7,True
Data 2025.xlsx,8701,2025-09-20,2025-09,2025-W38,3,5,olv-0588-r01,olv-0588-R01,زيتون اردني,الزيتون /Olive,Olive,الزيتون /Olive,produce,تموينات عين الغيث - حي السليمانية,تموينات عين الغيث,حي السليمانية,تموينات عين الغيث - حي السليمانية,العليا,بلدية,بلدية العليا,False,True,خمائر,الخمائر والاعفان,1,,الخمائر والاعفان,False,indicator_only,date_parsed_from_text,2,True
Data 2025.xlsx,8702,2025-09-20,2025-09,2025-W38,3,5,olv-0589-r01,olv-0589-R01,زيتون محشي جزر,الزيتون /Olive,Olive,الزيتون /Olive,produce,تموينات عين الغيث - حي السليمانية,تموينات عين الغيث,حي السليمانية,تموينات عين الغيث - حي السليمانية,العليا,بلدية,بلدية العليا,True,False,لا يوجد,,0,,,False,none,date_parsed_from_text,2,True
Data 2025.xlsx,8703,2025-09-20,2025-09,2025-W38,3,5,olv-0590-r01,olv-0590-R01,زيتون مشوي,الزيتون /Olive,Olive,الزيتون /Olive,produce,تموينات عين الغيث - حي السليمانية,تموينات عين الغيث,حي السليمانية,تموينات عين الغيث - حي السليمانية,العليا,بلدية,بلدية العليا,False,True,خمائر,الخمائر والاعفان,1,,الخمائر والاعفان,False,indicator_only,date_parsed_from_text,3,True
Data 2025.xlsx,8712,2025-09-20,2025-09,2025-W38,3,5,olv-0591-r01,olv-0591-R01,زيتون اخضر,الزيتون /Olive,Olive,الزيتون /Olive,produce,شركه مطاعم ركن هاشم,شركه مطاعم ركن هاشم,,شركه مطاعم ركن هاشم,العليا,بلدية,بلدية العليا,True,False,لا يوجد,,0,,,False,none,date_parsed_from_text,2,True
Data 2025.xlsx,8711,2025-09-20,2025-09,2025-W38,3,5,pick-0543-r01,Pick-0543-R01,مخلل مشكل,المخلل (Pickle),Pickle,المخلل (Pickle),sauce_condiment,شركه مطاعم ركن هاشم,شركه مطاعم ركن هاشم,,شركه مطاعم ركن هاشم,العليا,بلدية,بلدية العليا,False,True,خمائر,الخمائر والاعفان,1,,الخمائر والاعفان,False,indicator_only,date_parsed_from_text,2,True
Data 2025.xlsx,8719,2025-09-20,2025-09,2025-W38,3,5,pick-0544-r01,Pick-0544-R01,مخلل خيار,المخلل (Pickle),Pickle,المخلل (Pickle),sauce_condiment,شركه مطاعم ركن هاشم,شركه مطاعم ركن هاشم,,شركه مطاعم ركن هاشم,العليا,بلدية,بلدية العليا,True,False,لا يوجد,,0,,,False,none,date_parsed_from_text,6,True
Data 2025.xlsx,8716,2025-09-20,2025-09,2025-W38,3,5,sal-1635-r01,Sal-1635-R01,سلطة طحينة,السلطة(Salad),Salad,السلطة(Salad),produce,شركه مطاعم ركن هاشم,شركه مطاعم ركن هاشم,,شركه مطاعم ركن هاشم,العليا,بلدية,بلدية العليا,True,True,استافيلوكوكس اورياس,استافيلوكوكس اورياس,1,استافيلوكوكس اورياس,,True,pathogen,date_parsed_from_text|validity_says_valid_but_has_failures,4,True
Data 2025.xlsx,8697,2025-09-20,2025-09,2025-W38,3,5,sau-2434-r01,sau-2434-R01,صوص شيرة,صوص (sauce),sauce,صوص (sauce),sauce_condiment,مخابز محمد خالد السليمان للحلويات عرفات - السليمانية,مخابز محمد خالد السليمان للحلويات عرفات,السليمانية,مخابز محمد خالد السليمان للحلويات عرفات - السليمانية,العليا,بلدية,بلدية العليا,True,False,لا يوجد,,0,,,False,none,date_parsed_from_text,0,False
Data 2025.xlsx,8721,2025-09-20,2025-09,2025-W38,3,5,sau-2435-r01,sau-2435-R01,صوص كاتشب,صوص (sauce),sauce,صوص (sauce),sauce_condiment,شركه مطاعم ركن هاشم,شركه مطاعم ركن هاشم,,شركه مطاعم ركن هاشم,العليا,بلدية,بلدية العليا,True,False,لا يوجد,,0,,,False,none,date_parsed_from_text,7,True
Data 2025.xlsx,8707,2025-09-20,2025-09,2025-W38,3,5,sw-3550-r01,sw-3550-R01,مسحة ثلاجة مخللات,(Swabs) المسحات,Swabs,(Swabs) المسحات,swab,تموينات عين الغيث - حي السليمانية,تموينات عين الغيث,حي السليمانية,تموينات عين الغيث - حي السليمانية,العليا,بلدية,بلدية العليا,True,False,لا يوجد,,0,,,False,none,date_parsed_from_text,4,True
Data 2025.xlsx,8708,2025-09-20,2025-09,2025-W38,3,5,sw-3551-r01,sw-3551-R01,مسحة ثلاجة زيتون,(Swabs) المسحات,Swabs,(Swabs) المسحات,swab,تموينات عين الغيث - حي السليمانية,تموينات عين الغيث,حي السليمانية,تموينات عين الغيث - حي السليمانية,العليا,بلدية,بلدية العليا,True,False,لا يوجد,,0,,,False,none,date_parsed_from_text,4,True
Data 2025.xlsx,8709,2025-09-20,2025-09,2025-W38,3,5,sw-3552-r01,sw-3552-R01,مسحة ثلاجة اجبان,(Swabs) المسحات,Swabs,(Swabs) المسحات,swab,تموينات عين الغيث - حي السليمانية,تموينات عين الغيث,حي السليمانية,تموينات عين الغيث - حي السليمانية,العليا,بلدية,بلدية العليا,True,False,لا يوجد,,0,,,False,none,date_parsed_from_text,4,True
Data 2025.xlsx,8723,2025-09-20,2025-09,2025-W38,3,5,sw-3553-r01,sw-3553-R01,مسحة طاولة تحضير فلافل,(Swabs) المسحات,Swabs,(Swabs) المسحات,swab,شركه مطاعم ركن هاشم,شركه مطاعم ركن هاشم,,شركه مطاعم ركن هاشم,العليا,بلدية,بلدية العليا,True,False,لا يوجد,,0,,,False,none,date_parsed_from_text,8,True
Data 2025.xlsx,8724,2025-09-20,2025-09,2025-W38,3,5,sw-3554-r01,sw-3554-R01,مسحة حافظة بطاطس,(Swabs) المسحات,Swabs,(Swabs) المسحات,swab,شركه مطاعم ركن هاشم,شركه مطاعم ركن هاشم,,شركه مطاعم ركن هاشم,العليا,بلدية,بلدية العليا,True,False,لا يوجد,,0,,,False,none,date_parsed_from_text,8,True
Data 2025.xlsx,8687,2025-09-20,2025-09,2025-W38,3,5,sweet-1449-r01,sweet-1449-R01,كنافة غزاوية,الحلا(sweetness),sweetness,الحلا(sweetness),sweets_bakery,مخابز محمد خالد السليمان للحلويات عرفات - السليمانية,مخابز محمد خالد السليمان للحلويات عرفات,السليمانية,مخابز محمد خالد السليمان للحلويات عرفات - السليمانية,العليا,بلدية,بلدية العليا,True,False,لا يوجد,,0,,,False,none,date_parsed_from_text,0,False
Data 2025.xlsx,8688,2025-09-20,2025-09,2025-W38,3,5,sweet-1450-r01,sweet-1450-R01,واربات قشطة,الحلا(sweetness),sweetness,الحلا(sweetness),sweets_bakery,مخابز محمد خالد السليمان للحلويات عرفات - السليمانية,مخابز محمد خالد السليمان للحلويات عرفات,السليمانية,مخابز محمد خالد السليمان للحلويات عرفات - السليمانية,العليا,بلدية,بلدية العليا,True,False,لا يوجد,,0,,,False,none,date_parsed_from_text,0,False
Data 2025.xlsx,8689,2025-09-20,2025-09,2025-W38,3,5,sweet-1451-r01,sweet-1451-R01,كنافة بن نارين,الحلا(sweetness),sweetness,الحلا(sweetness),sweets_bakery,مخابز محمد خالد السليمان للحلويات عرفات - السليمانية,مخابز محمد خالد السليمان للحلويات عرفات,السليمانية,مخابز محمد خالد السليمان للحلويات عرفات - السليمانية,العليا,بلدية,بلدية العليا,True,False,لا يوجد,,0,,,False,none,date_parsed_from_text,0,False
Data 2025.xlsx,8690,2025-09-20,2025-09,2025-W38,3,5,sweet-1452-r01,sweet-1452-R01,بسبوسة قشطة,الحلا(sweetness),sweetness,الحلا(sweetness),sweets_bakery,مخابز محمد خالد السليمان للحلويات عرفات - السليمانية,مخابز محمد خالد السليمان للحلويات عرفات,السليمانية,مخابز محمد خالد السليمان للحلويات عرفات - السليمانية,العليا,بلدية,بلدية العليا,True,False,لا يوجد,,0,,,False,none,date_parsed_from_text,0,False
Data 2025.xlsx,8691,2025-09-20,2025-09,2025-W38,3,5,sweet-1453-r01,sweet-1453-R01,بسبوسة سادة,الحلا(sweetness),sweetness,الحلا(sweetness),sweets_bakery,مخابز محمد خالد السليمان للحلويات عرفات - السليمانية,مخابز محمد خالد السليمان للحلويات عرفات,السليمانية,مخابز محمد خالد السليمان للحلويات عرفات - السليمانية,العليا,بلدية,بلدية العليا,True,False,لا يوجد,,0,,,False,none,date_parsed_from_text,0,False
Data 2025.xlsx,8692,2025-09-20,2025-09,2025-W38,3,5,sweet-1454-r01,sweet-1454-R01,مبرومة قشطة,الحلا(sweetness),sweetness,الحلا(sweetness),sweets_bakery,مخابز محمد خالد السليمان للحلويات عرفات - السليمانية,مخابز محمد خالد السليمان للحلويات عرفات,السليمانية,مخابز محمد خالد السليمان للحلويات عرفات - السليمانية,العليا,بلدية,بلدية العليا,True,False,لا يوجد,,0,,,False,none,date_parsed_from_text,0,False
Data 2025.xlsx,8693,2025-09-20,2025-09,2025-W38,3,5,sweet-1455-r01,sweet-1455-R01,كنافة طرابلسية,الحلا(sweetness),sweetness,الحلا(sweetness),sweets_bakery,مخابز محمد خالد السليمان للحلويات عرفات - السليمانية,مخابز محمد خالد السليمان للحلويات عرفات,السليمانية,مخابز محمد خالد السليمان للحلويات عرفات - السليمانية,العليا,بلدية,بلدية العليا,True,False,لا يوجد,,0,,,False,none,date_parsed_from_text,0,False
Data 2025.xlsx,8694,2025-09-20,2025-09,2025-W38,3,5,sweet-1456-r01,sweet-1456-R01,معمول جوز,الحلا(sweetness),sweetness,الحلا(sweetness),sweets_bakery,مخابز محمد خالد السليمان للحلويات عرفات - السليمانية,مخابز محمد خالد السليمان للحلويات عرفات,السليمانية,مخابز محمد خالد السليمان للحلويات عرفات - السليمانية,العليا,بلدية,بلدية العليا,True,False,لا يوجد,,0,,,False,none,date_parsed_from_text,0,False
Data 2025.xlsx,8695,2025-09-20,2025-09,2025-W38,3,5,sweet-1457-r01,sweet-1457-R01,بقلاوة كل واشكر كاجو,الحلا(sweetness),sweetness,الحلا(sweetness),sweets_bakery,مخابز محمد خالد السليمان للحلويات عرفات - السليمانية,مخابز محمد خالد السليمان للحلويات عرفات,السليمانية,مخابز محمد خالد السليمان للحلويات عرفات - السليمانية,العليا,بلدية,بلدية العليا,True,False,لا يوجد,,0,,,False,none,date_parsed_from_text,0,False
Data 2025.xlsx,8696,2025-09-20,2025-09,2025-W38,3,5,sweet-1458-r01,sweet-1458-R01,بقلاوة اسطنبولية فستق,الحلا(sweetness),sweetness,الحلا(sweetness),sweets_bakery,مخابز محمد خالد السليمان للحلويات عرفات - السليمانية,مخابز محمد خالد السليمان للحلويات عرفات,السليمانية,مخابز محمد خالد السليمان للحلويات عرفات - السليمانية,العليا,بلدية,بلدية العليا,True,False,لا يوجد,,0,,,False,none,date_parsed_from_text,0,False
Data 2025.xlsx,8725,2025-09-20,2025-09,2025-W38,3,5,ubot-1091-r01,Ubot-1091-R01,مياه غسيل ادوات,المياه الغير معبأة (Unbottled water),Unbottled water,المياه الغير المعبأة (Unbottled water),water,شركه مطاعم ركن هاشم,شركه مطاعم ركن هاشم,,شركه مطاعم ركن هاشم,العليا,بلدية,بلدية العليا,True,False,لا يوجد,,0,,,False,none,category_merged_to_canonical|date_parsed_from_text,8,True
Data 2025.xlsx,8726,2025-09-20,2025-09,2025-W38,3,5,ubot-1092-r01,Ubot-1092-R01,مياه فلتر لغسيل الخضار,المياه الغير معبأة (Unbottled water),Unbottled water,المياه الغير المعبأة (Unbottled water),water,شركه مطاعم ركن هاشم,شركه مطاعم ركن هاشم,,شركه مطاعم ركن هاشم,العليا,بلدية,بلدية العليا,False,True,كوليفورم | ايشيريشيا كولاي | سيدوموناس,كوليفورم | ايشيريشيا كولاي | سيدوموناس,3,ايشيريشيا كولاي,كوليفورم | سيدوموناس,True,pathogen,category_merged_to_canonical|date_parsed_from_text,9,True
Data 2025.xlsx,8730,2025-09-21,2025-09,2025-W38,3,6,O-r-U-cu-0287-R01,O-r-U-cu-0287-R01,قطع خيار,الخيار (cucumbers),cucumbers,الخيار (cucumbers),produce,لابراسيري,لابراسيري,,لابراسيري,العليا,بلدية,بلدية العليا,True,False,لا يوجد,,0,,,False,none,date_parsed_from_text,0,False
Data 2025.xlsx,8732,2025-09-21,2025-09,2025-W38,3,6,UO-st-0074-R01,UO-st-0074-R01,قطع فراولة,الفراولة (strawberries),strawberries,الفراولة (strawberries),raw_meat,لابراسيري,لابراسيري,,لابراسيري,العليا,بلدية,بلدية العليا,True,False,لا يوجد,,0,,,False,none,date_parsed_from_text,0,False
Data 2025.xlsx,8727,2025-09-21,2025-09,2025-W38,3,6,appe-0607-r01,Appe-0607-R01,حمص,مقبلات (Appetizers),Appetizers,مقبلات (Appetizers),prepared_meal,لابراسيري,لابراسيري,,لابراسيري,العليا,بلدية,بلدية العليا,True,False,لا يوجد,,0,,,False,none,date_parsed_from_text,0,False
Data 2025.xlsx,8731,2025-09-21,2025-09,2025-W38,3,6,appe-0608-r01,Appe-0608-R01,محمرة,مقبلات (Appetizers),Appetizers,مقبلات (Appetizers),prepared_meal,لابراسيري,لابراسيري,,لابراسيري,العليا,بلدية,بلدية العليا,True,False,لا يوجد,,0,,,False,none,date_parsed_from_text,0,False
Data 2025.xlsx,8728,2025-09-21,2025-09,2025-W38,3,6,bri-0361-r01,bri-0361-R01,لبنة,لبنة ( brick),brick,لبنة ( brick),dairy,لابراسيري,لابراسيري,,لابراسيري,العليا,بلدية,بلدية العليا,True,False,لا يوجد,,0,,,False,none,date_parsed_from_text,0,False
Data 2025.xlsx,8729,2025-09-21,2025-09,2025-W38,3,6,ch-0117-r01,ch-0117-R01,جبنة فيتا,الاجبان (cheeses),cheeses,الاجبان (cheeses),dairy,لابراسيري,لابراسيري,,لابراسيري,العليا,بلدية,بلدية العليا,True,False,لا يوجد,,0,,,False,none,date_parsed_from_text,0,False
Data 2025.xlsx,8743,2025-09-21,2025-09,2025-W38,3,6,cho-0089-r01,cho-0089-R01,شوكولاتة سائلة فروشية,الشوكولاته (Chocolate),Chocolate,الشوكولاته (Chocolate),sweets_bakery,لابراسيري,لابراسيري,,لابراسيري,العليا,بلدية,بلدية العليا,True,False,لا يوجد,,0,,,False,none,date_parsed_from_text,1,False
Data 2025.xlsx,8733,2025-09-21,2025-09,2025-W38,3,6,jui-0532-r01,jui-0532-R01,سموذي افوكادو نباتي,العصائر الطازجة Un-pasteurized juices (fresh),fresh,العصائر الطازجة Un-pasteurized juices (fresh),beverage,لابراسيري,لابراسيري,,لابراسيري,العليا,بلدية,بلدية العليا,True,False,لا يوجد,,0,,,False,none,date_parsed_from_text,0,False
Data 2025.xlsx,8734,2025-09-21,2025-09,2025-W38,3,6,jui-0533-r01,jui-0533-R01,عصير بطيخ,العصائر الطازجة Un-pasteurized juices (fresh),fresh,العصائر الطازجة Un-pasteurized juices (fresh),beverage,لابراسيري,لابراسيري,,لابراسيري,العليا,بلدية,بلدية العليا,True,False,لا يوجد,,0,,,False,none,date_parsed_from_text,0,False
Data 2025.xlsx,8735,2025-09-21,2025-09,2025-W38,3,6,jui-0534-r01,jui-0534-R01,عصير اخضر صحي,العصائر الطازجة Un-pasteurized juices (fresh),fresh,العصائر الطازجة Un-pasteurized juices (fresh),beverage,لابراسيري,لابراسيري,,لابراسيري,العليا,بلدية,بلدية العليا,True,False,لا يوجد,,0,,,False,none,date_parsed_from_text,0,False
Data 2025.xlsx,8736,2025-09-21,2025-09,2025-W38,3,6,jui-0535-r01,jui-0535-R01,ماء ديتوكس,العصائر الطازجة Un-pasteurized juices (fresh),fresh,العصائر الطازجة Un-pasteurized juices (fresh),beverage,لابراسيري,لابراسيري,,لابراسيري,العليا,بلدية,بلدية العليا,False,True,العد الكلي للبكتيريا,العد الكلي للبكتيريا,1,,العد الكلي للبكتيريا,False,indicator_only,date_parsed_from_text,1,False
Data 2025.xlsx,8742,2025-09-21,2025-09,2025-W38,3,6,maam-0030-r01,maam-0030-R01,معمول تمر,الحلا(sweetness),sweetness,الحلا(sweetness),sweets_bakery,لابراسيري,لابراسيري,,لابراسيري,العليا,بلدية,بلدية العليا,True,False,لا يوجد,,0,,,False,none,date_parsed_from_text,1,False
Data 2025.xlsx,8746,2025-09-21,2025-09,2025-W38,3,6,raw-0511-r01,Raw-0511-R01,لحم ستيك ني,لحوم نيئة مبردة ومجمدة (Raw meat Cold or chilled ),Raw meat Cold or chilled,لحوم نيئة مبردة ومجمدة (Raw meat Cold or chilled ),raw_meat,لابراسيري,لابراسيري,,لابراسيري,العليا,بلدية,بلدية العليا,True,False,لا يوجد,,0,,,False,none,date_parsed_from_text,1,False
Data 2025.xlsx,8744,2025-09-21,2025-09,2025-W38,3,6,sw-3555-r01,sw-3555-R01,مسحة حافظة نقل اكل,(Swabs) المسحات,Swabs,(Swabs) المسحات,swab,لابراسيري,لابراسيري,,لابراسيري,العليا,بلدية,بلدية العليا,True,False,لا يوجد,,0,,,False,none,date_parsed_from_text,1,False
Data 2025.xlsx,8745,2025-09-21,2025-09,2025-W38,3,6,sw-3556-r01,sw-3556-R01,مسحة حافظة نقل اكل,(Swabs) المسحات,Swabs,(Swabs) المسحات,swab,لابراسيري,لابراسيري,,لابراسيري,العليا,بلدية,بلدية العليا,True,False,لا يوجد,,0,,,False,none,date_parsed_from_text,1,False
Data 2025.xlsx,8737,2025-09-21,2025-09,2025-W38,3,6,sweet-1459-r01,sweet-1459-R01,روز بيري مع جوز الهند حلا,العصائر الطازجة Un-pasteurized juices (fresh),fresh,العصائر الطازجة Un-pasteurized juices (fresh),beverage,لابراسيري,لابراسيري,,لابراسيري,العليا,بلدية,بلدية العليا,True,False,لا يوجد,,0,,,False,none,date_parsed_from_text,1,False
Data 2025.xlsx,8738,2025-09-21,2025-09,2025-W38,3,6,sweet-1460-r01,sweet-1460-R01,كيك كراميل حلا,الحلا(sweetness),sweetness,الحلا(sweetness),sweets_bakery,لابراسيري,لابراسيري,,لابراسيري,العليا,بلدية,بلدية العليا,True,False,لا يوجد,,0,,,False,none,date_parsed_from_text,1,False
Data 2025.xlsx,8739,2025-09-21,2025-09,2025-W38,3,6,sweet-1461-r01,sweet-1461-R01,سان سبيستيان حلا,الحلا(sweetness),sweetness,الحلا(sweetness),sweets_bakery,لابراسيري,لابراسيري,,لابراسيري,العليا,بلدية,بلدية العليا,True,False,لا يوجد,,0,,,False,none,date_parsed_from_text,1,False
Data 2025.xlsx,8740,2025-09-21,2025-09,2025-W38,3,6,sweet-1462-r01,sweet-1462-R01,بلح الشام حلا,الحلا(sweetness),sweetness,الحلا(sweetness),sweets_bakery,لابراسيري,لابراسيري,,لابراسيري,العليا,بلدية,بلدية العليا,True,False,لا يوجد,,0,,,False,none,date_parsed_from_text,1,False
Data 2025.xlsx,8741,2025-09-21,2025-09,2025-W38,3,6,sweet-1463-r01,sweet-1463-R01,دولمة بالفستق حلا,الحلا(sweetness),sweetness,الحلا(sweetness),sweets_bakery,لابراسيري,لابراسيري,,لابراسيري,العليا,بلدية,بلدية العليا,True,False,لا يوجد,,0,,,False,none,date_parsed_from_text,1,False
Data 2025.xlsx,8747,2025-09-21,2025-09,2025-W38,3,6,ubot-1093-r01,Ubot-1093-R01,مياه فلتر للطبخ م - ك,المياه الغير معبأة (Unbottled water),Unbottled water,المياه الغير المعبأة (Unbottled water),water,لابراسيري,لابراسيري,,لابراسيري,العليا,بلدية,بلدية العليا,True,False,لا يوجد,,0,,,False,none,category_merged_to_canonical|date_parsed_from_text,1,False
Data 2025.xlsx,8751,2025-09-27,2025-09,2025-W39,3,5,1-3511-R01,1-3511-R01,شبيه قشطة طازج زينة,(cream) قشطة,cream,(cream) قشطة,dairy,شركة بندة للتجزئة - حي المصيف,شركة بندة للتجزئة,حي المصيف,شركة بندة للتجزئة - حي المصيف,العليا,بلدية,بلدية العليا,False,True,العد الكلي للبكتيريا,العد الكلي للبكتيريا,1,,العد الكلي للبكتيريا,False,indicator_only,date_parsed_from_text,2,True
Data 2025.xlsx,8752,2025-09-27,2025-09,2025-W39,3,5,1-3512-R01,1-3512-R01,شبيه قشطة بدر,(cream) قشطة,cream,(cream) قشطة,dairy,شركة بندة للتجزئة - حي المصيف,شركة بندة للتجزئة,حي المصيف,شركة بندة للتجزئة - حي المصيف,العليا,بلدية,بلدية العليا,False,True,العد الكلي للبكتيريا,العد الكلي للبكتيريا,1,,العد الكلي للبكتيريا,False,indicator_only,date_parsed_from_text,3,True
Data 2025.xlsx,8774,2025-09-27,2025-09,2025-W39,3,5,1-3513-R01,1-3513-R01,صلصة اردنية حارة عمارة,صلصه(salsa),salsa,صلصه(salsa),sauce_condiment,شركة بندة للتجزئة - حي المصيف,شركة بندة للتجزئة,حي المصيف,شركة بندة للتجزئة - حي المصيف,العليا,بلدية,بلدية العليا,True,False,لا يوجد,,0,,,False,none,date_parsed_from_text,8,True
Data 2025.xlsx,8783,2025-09-27,2025-09,2025-W39,3,5,1-3514-R01,1-3514-R01,تويست بالجبنة,(Pie) فطيرة,Pie,(Pie) فطيرة,sweets_bakery,شركة بندة للتجزئة - حي المصيف,شركة بندة للتجزئة,حي المصيف,شركة بندة للتجزئة - حي المصيف,العليا,بلدية,بلدية العليا,True,False,لا يوجد,,0,,,False,none,date_parsed_from_text,9,True
Data 2025.xlsx,8784,2025-09-27,2025-09,2025-W39,3,5,1-3515-R01,1-3515-R01,كروسون زعتر فرنسي,(Pie) فطيرة,Pie,(Pie) فطيرة,sweets_bakery,شركة بندة للتجزئة - حي المصيف,شركة بندة للتجزئة,حي المصيف,شركة بندة للتجزئة - حي المصيف,العليا,بلدية,بلدية العليا,True,False,لا يوجد,,0,,,False,none,date_parsed_from_text,9,True
Data 2025.xlsx,8785,2025-09-27,2025-09,2025-W39,3,5,1-3516-R01,1-3516-R01,رول برك بالجبنة و السبانخ,(Pie) فطيرة,Pie,(Pie) فطيرة,sweets_bakery,شركة بندة للتجزئة - حي المصيف,شركة بندة للتجزئة,حي المصيف,شركة بندة للتجزئة - حي المصيف,العليا,بلدية,بلدية العليا,True,False,لا يوجد,,0,,,False,none,date_parsed_from_text,9,True
Data 2025.xlsx,8786,2025-09-27,2025-09,2025-W39,3,5,1-3517-R01,1-3517-R01,فطيرة تفاح,(Pie) فطيرة,Pie,(Pie) فطيرة,sweets_bakery,شركة بندة للتجزئة - حي المصيف,شركة بندة للتجزئة,حي المصيف,شركة بندة للتجزئة - حي المصيف,العليا,بلدية,بلدية العليا,True,False,لا يوجد,,0,,,False,none,date_parsed_from_text,9,True
Data 2025.xlsx,8790,2025-09-27,2025-09,2025-W39,3,5,1-3518-R01,1-3518-R01,رول بطاطس,(Pie) فطيرة,Pie,(Pie) فطيرة,sweets_bakery,شركة بندة للتجزئة - حي المصيف,شركة بندة للتجزئة,حي المصيف,شركة بندة للتجزئة - حي المصيف,العليا,بلدية,بلدية العليا,True,False,لا يوجد,,0,,,False,none,date_parsed_from_text,9,True
Data 2025.xlsx,8810,2025-09-27,2025-09,2025-W39,3,5,OO-OSS-po-0455-R01,OO-OSS-po-0455-R01,قطع بطاطس,البطاطس (potatoes),potatoes,البطاطس (potatoes),produce,مطعم فلافل دام - حي المصيف,مطعم فلافل دام,حي المصيف,مطعم فلافل دام - حي المصيف,العليا,بلدية,بلدية العليا,True,False,لا يوجد,,0,,,False,none,date_parsed_from_text,2,True
Data 2025.xlsx,8813,2025-09-27,2025-09,2025-W39,3,5,OO-OSS-po-0456-R01,OO-OSS-po-0456-R01,بطاطس شيبس,البطاطس (potatoes),potatoes,البطاطس (potatoes),produce,مطعم فلافل دام - حي المصيف,مطعم فلافل دام,حي المصيف,مطعم فلافل دام - حي المصيف,العليا,بلدية,بلدية العليا,True,False,لا يوجد,,0,,,False,none,date_parsed_from_text,2,True
Data 2025.xlsx,8777,2025-09-27,2025-09,2025-W39,3,5,OOSS-eg-0378-R01,OOSS-eg-0378-R01,مكدوس بالجوز و الثوم,الباذنجان (eggplant),eggplant,الباذنجان (eggplant),dairy,شركة بندة للتجزئة - حي المصيف,شركة بندة للتجزئة,حي المصيف,شركة بندة للتجزئة - حي المصيف,العليا,بلدية,بلدية العليا,True,False,لا يوجد,,0,,,False,none,date_parsed_from_text,9,True
Data 2025.xlsx,8804,2025-09-27,2025-09,2025-W39,3,5,OOSS-eg-0379-R01,OOSS-eg-0379-R01,قطع باذنجان,الباذنجان (eggplant),eggplant,الباذنجان (eggplant),dairy,مطعم فلافل دام - حي المصيف,مطعم فلافل دام,حي المصيف,مطعم فلافل دام - حي المصيف,العليا,بلدية,بلدية العليا,True,False,لا يوجد,,0,,,False,none,date_parsed_from_text,1,False
Data 2025.xlsx,8775,2025-09-27,2025-09,2025-W39,3,5,UU-pe-1519-R01,UU-pe-1519-R01,فلفل كرز محشي جبنة,الفلفل (peppers),peppers,الفلفل (peppers),produce,شركة بندة للتجزئة - حي المصيف,شركة بندة للتجزئة,حي المصيف,شركة بندة للتجزئة - حي المصيف,العليا,بلدية,بلدية العليا,False,True,انتيروباكتريسي,انتيروباكتريسي,1,,انتيروباكتريسي,False,indicator_only,date_parsed_from_text,9,True
Data 2025.xlsx,8776,2025-09-27,2025-09,2025-W39,3,5,UU-pe-1520-R01,UU-pe-1520-R01,فلفل رومي محشي جبنة يونانية,الفلفل (peppers),peppers,الفلفل (peppers),produce,شركة بندة للتجزئة - حي المصيف,شركة بندة للتجزئة,حي المصيف,شركة بندة للتجزئة - حي المصيف,العليا,بلدية,بلدية العليا,True,False,لا يوجد,,0,,,False,none,date_parsed_from_text,9,True
Data 2025.xlsx,8808,2025-09-27,2025-09,2025-W39,3,5,appe-0609-r01,Appe-0609-R01,حمص,مقبلات (Appetizers),Appetizers,مقبلات (Appetizers),prepared_meal,مطعم فلافل دام - حي المصيف,مطعم فلافل دام,حي المصيف,مطعم فلافل دام - حي المصيف,العليا,بلدية,بلدية العليا,True,False,لا يوجد,,0,,,False,none,date_parsed_from_text,2,True
Data 2025.xlsx,8750,2025-09-27,2025-09,2025-W39,3,5,bri-0362-r01,bri-0362-R01,لبنة تركية داري,لبنة ( brick),brick,لبنة ( brick),dairy,شركة بندة للتجزئة - حي المصيف,شركة بندة للتجزئة,حي المصيف,شركة بندة للتجزئة - حي المصيف,العليا,بلدية,بلدية العليا,True,False,لا يوجد,,0,,,False,none,date_parsed_from_text,1,False
Data 2025.xlsx,8753,2025-09-27,2025-09,2025-W39,3,5,bri-0363-r01,bri-0363-R01,لبنة قليلة الدسم بدر,لبنة ( brick),brick,لبنة ( brick),dairy,شركة بندة للتجزئة - حي المصيف,شركة بندة للتجزئة,حي المصيف,شركة بندة للتجزئة - حي المصيف,العليا,بلدية,بلدية العليا,True,False,لا يوجد,,0,,,False,none,date_parsed_from_text,3,True
Data 2025.xlsx,8754,2025-09-27,2025-09,2025-W39,3,5,bri-0364-r01,bri-0364-R01,لبنة بالرمان,لبنة ( brick),brick,لبنة ( brick),dairy,شركة بندة للتجزئة - حي المصيف,شركة بندة للتجزئة,حي المصيف,شركة بندة للتجزئة - حي المصيف,العليا,بلدية,بلدية العليا,True,False,لا يوجد,,0,,,False,none,date_parsed_from_text,3,True
Data 2025.xlsx,8748,2025-09-27,2025-09,2025-W39,3,5,chee-0861-r01,Chee-0861-R01,جبنة شلل سورية,(cheese) جبنة,cheese,(cheese) جبنة,dairy,شركة بندة للتجزئة - حي المصيف,شركة بندة للتجزئة,حي المصيف,شركة بندة للتجزئة - حي المصيف,العليا,بلدية,بلدية العليا,True,False,لا يوجد,,0,,,False,none,date_parsed_from_text,0,False
Data 2025.xlsx,8749,2025-09-27,2025-09,2025-W39,3,5,chee-0862-r01,Chee-0862-R01,جبن حلومي استرا,(cheese) جبنة,cheese,(cheese) جبنة,dairy,شركة بندة للتجزئة - حي المصيف,شركة بندة للتجزئة,حي المصيف,شركة بندة للتجزئة - حي المصيف,العليا,بلدية,بلدية العليا,False,True,استافيلوكوكس اورياس,استافيلوكوكس اورياس,1,استافيلوكوكس اورياس,,True,pathogen,date_parsed_from_text,1,False
Data 2025.xlsx,8760,2025-09-27,2025-09,2025-W39,3,5,chee-0863-r01,Chee-0863-R01,مش مصري,(cheese) جبنة,cheese,(cheese) جبنة,dairy,شركة بندة للتجزئة - حي المصيف,شركة بندة للتجزئة,حي المصيف,شركة بندة للتجزئة - حي المصيف,العليا,بلدية,بلدية العليا,False,True,استافيلوكوكس اورياس,استافيلوكوكس اورياس,1,استافيلوكوكس اورياس,,True,pathogen,date_parsed_from_text,7,True
Data 2025.xlsx,8811,2025-09-27,2025-09,2025-W39,3,5,fala-0069-r01,Fala-0069-R01,فلافل,فلافل( falafil),falafil,فلافل( falafil),sweets_bakery,مطعم فلافل دام - حي المصيف,مطعم فلافل دام,حي المصيف,مطعم فلافل دام - حي المصيف,العليا,بلدية,بلدية العليا,True,False,لا يوجد,,0,,,False,none,date_parsed_from_text,2,True
Data 2025.xlsx,8809,2025-09-27,2025-09,2025-W39,3,5,gcv-0260-r01,GCV-0260-R01,زهرة,الخضار المشوية و المطبوخة,,الخضار المشوية و المطبوخة,cooked_meat_poultry,مطعم فلافل دام - حي المصيف,مطعم فلافل دام,حي المصيف,مطعم فلافل دام - حي المصيف,العليا,بلدية,بلدية العليا,True,False,لا يوجد,,0,,,False,none,date_parsed_from_text,2,True
Data 2025.xlsx,8803,2025-09-27,2025-09,2025-W39,3,5,hs-0370-r01,HS-0370-R01,شطة شامية,الشطة (Hot sauce),Hot sauce,الشطة (Hot sauce),sauce_condiment,مطعم فلافل دام - حي المصيف,مطعم فلافل دام,حي المصيف,مطعم فلافل دام - حي المصيف,العليا,بلدية,بلدية العليا,False,True,استافيلوكوكس اورياس | ايشيريشيا كولاي | الخمائر والاعفان,استافيلوكوكس اورياس | ايشيريشيا كولاي | الخمائر والاعفان,3,استافيلوكوكس اورياس | ايشيريشيا كولاي,الخمائر والاعفان,True,multi_pathogen,date_parsed_from_text,1,False
Data 2025.xlsx,8762,2025-09-27,2025-09,2025-W39,3,5,olv-0592-r01,olv-0592-R01,زيتون كلاماتا الريف,الزيتون /Olive,Olive,الزيتون /Olive,produce,شركة بندة للتجزئة - حي المصيف,شركة بندة للتجزئة,حي المصيف,شركة بندة للتجزئة - حي المصيف,العليا,بلدية,بلدية العليا,True,False,لا يوجد,,0,,,False,none,date_parsed_from_text,8,True
Data 2025.xlsx,8763,2025-09-27,2025-09,2025-W39,3,5,olv-0593-r01,olv-0593-R01,زيتون ماموث الريف,الزيتون /Olive,Olive,الزيتون /Olive,produce,شركة بندة للتجزئة - حي المصيف,شركة بندة للتجزئة,حي المصيف,شركة بندة للتجزئة - حي المصيف,العليا,بلدية,بلدية العليا,True,False,لا يوجد,,0,,,False,none,date_parsed_from_text,8,True
Data 2025.xlsx,8764,2025-09-27,2025-09,2025-W39,3,5,olv-0594-r01,olv-0594-R01,زيتون اسود كوبوليفا,الزيتون /Olive,Olive,الزيتون /Olive,produce,شركة بندة للتجزئة - حي المصيف,شركة بندة للتجزئة,حي المصيف,شركة بندة للتجزئة - حي المصيف,العليا,بلدية,بلدية العليا,True,False,لا يوجد,,0,,,False,none,date_parsed_from_text,8,True
Data 2025.xlsx,8765,2025-09-27,2025-09,2025-W39,3,5,olv-0595-r01,olv-0595-R01,زيتون اسود مطحون,الزيتون /Olive,Olive,الزيتون /Olive,produce,شركة بندة للتجزئة - حي المصيف,شركة بندة للتجزئة,حي المصيف,شركة بندة للتجزئة - حي المصيف,العليا,بلدية,بلدية العليا,True,False,لا يوجد,,0,,,False,none,date_parsed_from_text,8,True
Data 2025.xlsx,8766,2025-09-27,2025-09,2025-W39,3,5,olv-0596-r01,olv-0596-R01,زيتون كوبوليفا اخضر,الزيتون /Olive,Olive,الزيتون /Olive,produce,شركة بندة للتجزئة - حي المصيف,شركة بندة للتجزئة,حي المصيف,شركة بندة للتجزئة - حي المصيف,العليا,بلدية,بلدية العليا,True,False,لا يوجد,,0,,,False,none,date_parsed_from_text,8,True
Data 2025.xlsx,8767,2025-09-27,2025-09,2025-W39,3,5,olv-0597-r01,olv-0597-R01,شرائح زيتون اخضر,الزيتون /Olive,Olive,الزيتون /Olive,produce,شركة بندة للتجزئة - حي المصيف,شركة بندة للتجزئة,حي المصيف,شركة بندة للتجزئة - حي المصيف,العليا,بلدية,بلدية العليا,True,False,لا يوجد,,0,,,False,none,date_parsed_from_text,8,True
Data 2025.xlsx,8768,2025-09-27,2025-09,2025-W39,3,5,olv-0598-r01,olv-0598-R01,زيتون اخضر مطحون,الزيتون /Olive,Olive,الزيتون /Olive,produce,شركة بندة للتجزئة - حي المصيف,شركة بندة للتجزئة,حي المصيف,شركة بندة للتجزئة - حي المصيف,العليا,بلدية,بلدية العليا,True,False,لا يوجد,,0,,,False,none,date_parsed_from_text,8,True
Data 2025.xlsx,8769,2025-09-27,2025-09,2025-W39,3,5,olv-0599-r01,olv-0599-R01,زيتون اخضر ايطالي بالبهارات,الزيتون /Olive,Olive,الزيتون /Olive,produce,شركة بندة للتجزئة - حي المصيف,شركة بندة للتجزئة,حي المصيف,شركة بندة للتجزئة - حي المصيف,العليا,بلدية,بلدية العليا,True,False,لا يوجد,,0,,,False,none,date_parsed_from_text,8,True
Data 2025.xlsx,8770,2025-09-27,2025-09,2025-W39,3,5,olv-0600-r01,olv-0600-R01,زيتون اخضر بشلوني مغربي بالشطة,الزيتون /Olive,Olive,الزيتون /Olive,produce,شركة بندة للتجزئة - حي المصيف,شركة بندة للتجزئة,حي المصيف,شركة بندة للتجزئة - حي المصيف,العليا,بلدية,بلدية العليا,True,False,لا يوجد,,0,,,False,none,date_parsed_from_text,8,True
Data 2025.xlsx,8772,2025-09-27,2025-09,2025-W39,3,5,olv-0601-r01,olv-0601-R01,زيتون اخضر مشوي الريف,الزيتون /Olive,Olive,الزيتون /Olive,produce,شركة بندة للتجزئة - حي المصيف,شركة بندة للتجزئة,حي المصيف,شركة بندة للتجزئة - حي المصيف,العليا,بلدية,بلدية العليا,True,False,لا يوجد,,0,,,False,none,date_parsed_from_text,8,True
Data 2025.xlsx,8773,2025-09-27,2025-09,2025-W39,3,5,pick-0545-r01,Pick-0545-R01,مخلل مشكل عمارة بوليف,المخلل (Pickle),Pickle,المخلل (Pickle),sauce_condiment,شركة بندة للتجزئة - حي المصيف,شركة بندة للتجزئة,حي المصيف,شركة بندة للتجزئة - حي المصيف,العليا,بلدية,بلدية العليا,True,False,لا يوجد,,0,,,False,none,date_parsed_from_text,8,True
Data 2025.xlsx,8806,2025-09-27,2025-09,2025-W39,3,5,pick-0546-r01,Pick-0546-R01,مخلل خيار,المخلل (Pickle),Pickle,المخلل (Pickle),sauce_condiment,مطعم فلافل دام - حي المصيف,مطعم فلافل دام,حي المصيف,مطعم فلافل دام - حي المصيف,العليا,بلدية,بلدية العليا,True,False,لا يوجد,,0,,,False,none,date_parsed_from_text,2,True
Data 2025.xlsx,8755,2025-09-27,2025-09,2025-W39,3,5,sal-1636-r01,Sal-1636-R01,سلطة لبنة,السلطة(Salad),Salad,السلطة(Salad),produce,شركة بندة للتجزئة - حي المصيف,شركة بندة للتجزئة,حي المصيف,شركة بندة للتجزئة - حي المصيف,العليا,بلدية,بلدية العليا,False,True,انتيروباكتريسي,انتيروباكتريسي,1,,انتيروباكتريسي,False,indicator_only,date_parsed_from_text,4,True
Data 2025.xlsx,8756,2025-09-27,2025-09,2025-W39,3,5,sal-1637-r01,Sal-1637-R01,سلطة جبنة بارد,السلطة(Salad),Salad,السلطة(Salad),produce,شركة بندة للتجزئة - حي المصيف,شركة بندة للتجزئة,حي المصيف,شركة بندة للتجزئة - حي المصيف,العليا,بلدية,بلدية العليا,False,True,استافيلوكوكس اورياس,استافيلوكوكس اورياس,1,استافيلوكوكس اورياس,,True,pathogen,date_parsed_from_text,5,True
Data 2025.xlsx,8757,2025-09-27,2025-09,2025-W39,3,5,sal-1638-r01,Sal-1638-R01,سلطة جبنة خاصة حارة,السلطة(Salad),Salad,السلطة(Salad),produce,شركة بندة للتجزئة - حي المصيف,شركة بندة للتجزئة,حي المصيف,شركة بندة للتجزئة - حي المصيف,العليا,بلدية,بلدية العليا,True,False,لا يوجد,,0,,,False,none,date_parsed_from_text,5,True
Data 2025.xlsx,8758,2025-09-27,2025-09,2025-W39,3,5,sal-1639-r01,Sal-1639-R01,سلطة جبنة بالخضار,السلطة(Salad),Salad,السلطة(Salad),produce,شركة بندة للتجزئة - حي المصيف,شركة بندة للتجزئة,حي المصيف,شركة بندة للتجزئة - حي المصيف,العليا,بلدية,بلدية العليا,False,True,استافيلوكوكس اورياس,استافيلوكوكس اورياس,1,استافيلوكوكس اورياس,,True,pathogen,date_parsed_from_text,6,True
Data 2025.xlsx,8759,2025-09-27,2025-09,2025-W39,3,5,sal-1640-r01,Sal-1640-R01,سلطة فيتا خضار حارة,السلطة(Salad),Salad,السلطة(Salad),produce,شركة بندة للتجزئة - حي المصيف,شركة بندة للتجزئة,حي المصيف,شركة بندة للتجزئة - حي المصيف,العليا,بلدية,بلدية العليا,True,False,لا يوجد,,0,,,False,none,date_parsed_from_text,6,True
Data 2025.xlsx,8761,2025-09-27,2025-09,2025-W39,3,5,sal-1641-r01,Sal-1641-R01,سلطة مرتديلا مشكل,السلطة(Salad),Salad,السلطة(Salad),produce,شركة بندة للتجزئة - حي المصيف,شركة بندة للتجزئة,حي المصيف,شركة بندة للتجزئة - حي المصيف,العليا,بلدية,بلدية العليا,False,True,العد الكلي للبكتيريا,العد الكلي للبكتيريا,1,,العد الكلي للبكتيريا,False,indicator_only,date_parsed_from_text,8,True
Data 2025.xlsx,8771,2025-09-27,2025-09,2025-W39,3,5,sal-1642-r01,Sal-1642-R01,سلطة خضراء مشكلة,السلطة(Salad),Salad,السلطة(Salad),produce,شركة بندة للتجزئة - حي المصيف,شركة بندة للتجزئة,حي المصيف,شركة بندة للتجزئة - حي المصيف,العليا,بلدية,بلدية العليا,True,False,لا يوجد,,0,,,False,none,date_parsed_from_text,8,True
Data 2025.xlsx,8805,2025-09-27,2025-09,2025-W39,3,5,sal-1643-r01,Sal-1643-R01,سلطة باردة,السلطة(Salad),Salad,السلطة(Salad),produce,مطعم فلافل دام - حي المصيف,مطعم فلافل دام,حي المصيف,مطعم فلافل دام - حي المصيف,العليا,بلدية,بلدية العليا,False,True,استافيلوكوكس اورياس,استافيلوكوكس اورياس,1,استافيلوكوكس اورياس,,True,pathogen,date_parsed_from_text,2,True
Data 2025.xlsx,8807,2025-09-27,2025-09,2025-W39,3,5,sau-2436-r01,sau-2436-R01,صوص ثوم,صوص (sauce),sauce,صوص (sauce),sauce_condiment,مطعم فلافل دام - حي المصيف,مطعم فلافل دام,حي المصيف,مطعم فلافل دام - حي المصيف,العليا,بلدية,بلدية العليا,True,False,لا يوجد,,0,,,False,none,date_parsed_from_text,2,True
Data 2025.xlsx,8812,2025-09-27,2025-09,2025-W39,3,5,sau-2437-r01,sau-2437-R01,سبيشل صوص,صوص (sauce),sauce,صوص (sauce),sauce_condiment,مطعم فلافل دام - حي المصيف,مطعم فلافل دام,حي المصيف,مطعم فلافل دام - حي المصيف,العليا,بلدية,بلدية العليا,True,False,لا يوجد,,0,,,False,none,date_parsed_from_text,2,True
Data 2025.xlsx,8778,2025-09-27,2025-09,2025-W39,3,5,sw-3558-r01,sw-3558-R01,مسحة قطاعة مرتديلا,(Swabs) المسحات,Swabs,(Swabs) المسحات,swab,شركة بندة للتجزئة - حي المصيف,شركة بندة للتجزئة,حي المصيف,شركة بندة للتجزئة - حي المصيف,العليا,بلدية,بلدية العليا,True,False,لا يوجد,,0,,,False,none,date_parsed_from_text,9,True
Data 2025.xlsx,8779,2025-09-27,2025-09,2025-W39,3,5,sw-3559-r01,sw-3559-R01,مسحة قطاعة جبن,(Swabs) المسحات,Swabs,(Swabs) المسحات,swab,شركة بندة للتجزئة - حي المصيف,شركة بندة للتجزئة,حي المصيف,شركة بندة للتجزئة - حي المصيف,العليا,بلدية,بلدية العليا,True,False,لا يوجد,,0,,,False,none,date_parsed_from_text,9,True
Data 2025.xlsx,8780,2025-09-27,2025-09,2025-W39,3,5,sw-3560-r01,sw-3560-R01,مسحة بشارة موزاريلا,(Swabs) المسحات,Swabs,(Swabs) المسحات,swab,شركة بندة للتجزئة - حي المصيف,شركة بندة للتجزئة,حي المصيف,شركة بندة للتجزئة - حي المصيف,العليا,بلدية,بلدية العليا,True,False,لا يوجد,,0,,,False,none,date_parsed_from_text,9,True
Data 2025.xlsx,8781,2025-09-27,2025-09,2025-W39,3,5,sw-3561-r01,sw-3561-R01,مسحة ثلاجة,(Swabs) المسحات,Swabs,(Swabs) المسحات,swab,شركة بندة للتجزئة - حي المصيف,شركة بندة للتجزئة,حي المصيف,شركة بندة للتجزئة - حي المصيف,العليا,بلدية,بلدية العليا,True,False,لا يوجد,,0,,,False,none,date_parsed_from_text,9,True
Data 2025.xlsx,8782,2025-09-27,2025-09,2025-W39,3,5,sw-3562-r01,sw-3562-R01,مسحة ثلاجة,(Swabs) المسحات,Swabs,(Swabs) المسحات,swab,شركة بندة للتجزئة - حي المصيف,شركة بندة للتجزئة,حي المصيف,شركة بندة للتجزئة - حي المصيف,العليا,بلدية,بلدية العليا,True,False,لا يوجد,,0,,,False,none,date_parsed_from_text,9,True
Data 2025.xlsx,8800,2025-09-27,2025-09,2025-W39,3,5,sw-3563-r01,sw-3563-R01,مسحة حافظة المعمول,(Swabs) المسحات,Swabs,(Swabs) المسحات,swab,شركة بندة للتجزئة - حي المصيف,شركة بندة للتجزئة,حي المصيف,شركة بندة للتجزئة - حي المصيف,العليا,بلدية,بلدية العليا,True,False,لا يوجد,,0,,,False,none,date_parsed_from_text,9,True
Data 2025.xlsx,8801,2025-09-27,2025-09,2025-W39,3,5,sw-3564-r01,sw-3564-R01,مسحة ثلاجة الكيك,(Swabs) المسحات,Swabs,(Swabs) المسحات,swab,شركة بندة للتجزئة - حي المصيف,شركة بندة للتجزئة,حي المصيف,شركة بندة للتجزئة - حي المصيف,العليا,بلدية,بلدية العليا,True,False,لا يوجد,,0,,,False,none,date_parsed_from_text,9,True
Data 2025.xlsx,8802,2025-09-27,2025-09,2025-W39,3,5,sw-3565-r01,sw-3565-R01,مسحة حافظة المعجنات,(Swabs) المسحات,Swabs,(Swabs) المسحات,swab,شركة بندة للتجزئة - حي المصيف,شركة بندة للتجزئة,حي المصيف,شركة بندة للتجزئة - حي المصيف,العليا,بلدية,بلدية العليا,True,False,لا يوجد,,0,,,False,none,date_parsed_from_text,9,True
Data 2025.xlsx,8814,2025-09-27,2025-09,2025-W39,3,5,sw-3566-r01,sw-3566-R01,مسحة حافظة خبز,(Swabs) المسحات,Swabs,(Swabs) المسحات,swab,مطعم فلافل دام - حي المصيف,مطعم فلافل دام,حي المصيف,مطعم فلافل دام - حي المصيف,العليا,بلدية,بلدية العليا,True,False,لا يوجد,,0,,,False,none,date_parsed_from_text,2,True
Data 2025.xlsx,8815,2025-09-27,2025-09,2025-W39,3,5,sw-3567-r01,sw-3567-R01,مسحة حافظة بطاطس,(Swabs) المسحات,Swabs,(Swabs) المسحات,swab,مطعم فلافل دام - حي المصيف,مطعم فلافل دام,حي المصيف,مطعم فلافل دام - حي المصيف,العليا,بلدية,بلدية العليا,True,False,لا يوجد,,0,,,False,none,date_parsed_from_text,2,True
Data 2025.xlsx,8787,2025-09-27,2025-09,2025-W39,3,5,sweet-1464-r01,sweet-1464-R01,سينابون,الحلا(sweetness),sweetness,الحلا(sweetness),sweets_bakery,شركة بندة للتجزئة - حي المصيف,شركة بندة للتجزئة,حي المصيف,شركة بندة للتجزئة - حي المصيف,العليا,بلدية,بلدية العليا,True,False,لا يوجد,,0,,,False,none,date_parsed_from_text,9,True
Data 2025.xlsx,8788,2025-09-27,2025-09,2025-W39,3,5,sweet-1465-r01,sweet-1465-R01,مادلين محشي شوكولاتة,الحلا(sweetness),sweetness,الحلا(sweetness),sweets_bakery,شركة بندة للتجزئة - حي المصيف,شركة بندة للتجزئة,حي المصيف,شركة بندة للتجزئة - حي المصيف,العليا,بلدية,بلدية العليا,True,False,لا يوجد,,0,,,False,none,date_parsed_from_text,9,True
Data 2025.xlsx,8789,2025-09-27,2025-09,2025-W39,3,5,sweet-1466-r01,sweet-1466-R01,وافل لؤلؤة السكر,الحلا(sweetness),sweetness,الحلا(sweetness),sweets_bakery,شركة بندة للتجزئة - حي المصيف,شركة بندة للتجزئة,حي المصيف,شركة بندة للتجزئة - حي المصيف,العليا,بلدية,بلدية العليا,True,False,لا يوجد,,0,,,False,none,date_parsed_from_text,9,True
Data 2025.xlsx,8791,2025-09-27,2025-09,2025-W39,3,5,sweet-1467-r01,sweet-1467-R01,دونت شوكولاتة بيضاء,الحلا(sweetness),sweetness,الحلا(sweetness),sweets_bakery,شركة بندة للتجزئة - حي المصيف,شركة بندة للتجزئة,حي المصيف,شركة بندة للتجزئة - حي المصيف,العليا,بلدية,بلدية العليا,True,False,لا يوجد,,0,,,False,none,date_parsed_from_text,9,True
Data 2025.xlsx,8792,2025-09-27,2025-09,2025-W39,3,5,sweet-1468-r01,sweet-1468-R01,دونت بالشوكولاتة,الحلا(sweetness),sweetness,الحلا(sweetness),sweets_bakery,شركة بندة للتجزئة - حي المصيف,شركة بندة للتجزئة,حي المصيف,شركة بندة للتجزئة - حي المصيف,العليا,بلدية,بلدية العليا,True,False,لا يوجد,,0,,,False,none,date_parsed_from_text,9,True
Data 2025.xlsx,8793,2025-09-27,2025-09,2025-W39,3,5,sweet-1469-r01,sweet-1469-R01,لابا كيك شوكولاتة,الحلا(sweetness),sweetness,الحلا(sweetness),sweets_bakery,شركة بندة للتجزئة - حي المصيف,شركة بندة للتجزئة,حي المصيف,شركة بندة للتجزئة - حي المصيف,العليا,بلدية,بلدية العليا,True,False,لا يوجد,,0,,,False,none,date_parsed_from_text,9,True
Data 2025.xlsx,8794,2025-09-27,2025-09,2025-W39,3,5,sweet-1470-r01,sweet-1470-R01,بسبوسة فستق,الحلا(sweetness),sweetness,الحلا(sweetness),sweets_bakery,شركة بندة للتجزئة - حي المصيف,شركة بندة للتجزئة,حي المصيف,شركة بندة للتجزئة - حي المصيف,العليا,بلدية,بلدية العليا,True,False,لا يوجد,,0,,,False,none,date_parsed_from_text,9,True
Data 2025.xlsx,8795,2025-09-27,2025-09,2025-W39,3,5,sweet-1471-r01,sweet-1471-R01,بسبوسة سادة,الحلا(sweetness),sweetness,الحلا(sweetness),sweets_bakery,شركة بندة للتجزئة - حي المصيف,شركة بندة للتجزئة,حي المصيف,شركة بندة للتجزئة - حي المصيف,العليا,بلدية,بلدية العليا,True,False,لا يوجد,,0,,,False,none,date_parsed_from_text,9,True
Data 2025.xlsx,8796,2025-09-27,2025-09,2025-W39,3,5,sweet-1472-r01,sweet-1472-R01,بقلاوة كاجو,الحلا(sweetness),sweetness,الحلا(sweetness),sweets_bakery,شركة بندة للتجزئة - حي المصيف,شركة بندة للتجزئة,حي المصيف,شركة بندة للتجزئة - حي المصيف,العليا,بلدية,بلدية العليا,True,False,لا يوجد,,0,,,False,none,date_parsed_from_text,9,True
Data 2025.xlsx,8797,2025-09-27,2025-09,2025-W39,3,5,sweet-1473-r01,sweet-1473-R01,سابليس شوكولاتة,الحلا(sweetness),sweetness,الحلا(sweetness),sweets_bakery,شركة بندة للتجزئة - حي المصيف,شركة بندة للتجزئة,حي المصيف,شركة بندة للتجزئة - حي المصيف,العليا,بلدية,بلدية العليا,True,False,لا يوجد,,0,,,False,none,date_parsed_from_text,9,True
Data 2025.xlsx,8798,2025-09-27,2025-09,2025-W39,3,5,sweet-1474-r01,sweet-1474-R01,بيتي فور,الحلا(sweetness),sweetness,الحلا(sweetness),sweets_bakery,شركة بندة للتجزئة - حي المصيف,شركة بندة للتجزئة,حي المصيف,شركة بندة للتجزئة - حي المصيف,العليا,بلدية,بلدية العليا,True,False,لا يوجد,,0,,,False,none,date_parsed_from_text,9,True
Data 2025.xlsx,8799,2025-09-27,2025-09,2025-W39,3,5,sweet-1475-r01,sweet-1475-R01,معمول تمر اسمر,الحلا(sweetness),sweetness,الحلا(sweetness),sweets_bakery,شركة بندة للتجزئة - حي المصيف,شركة بندة للتجزئة,حي المصيف,شركة بندة للتجزئة - حي المصيف,العليا,بلدية,بلدية العليا,True,False,لا يوجد,,0,,,False,none,date_parsed_from_text,9,True
Data 2025.xlsx,8816,2025-09-27,2025-09,2025-W39,3,5,ubot-1094-r01,Ubot-1094-R01,مياه معباة للعجانة م- ك,المياه الغير معبأة (Unbottled water),Unbottled water,المياه الغير المعبأة (Unbottled water),water,شركة بندة للتجزئة - حي المصيف,شركة بندة للتجزئة,حي المصيف,شركة بندة للتجزئة - حي المصيف,العليا,بلدية,بلدية العليا,True,False,لا يوجد,,0,,,False,none,category_merged_to_canonical|date_parsed_from_text,9,True
Data 2025.xlsx,8817,2025-09-27,2025-09,2025-W39,3,5,ubot-1095-r01,Ubot-1095-R01,مياه غسيل ادوات م-ك,المياه المعبأة (Bottled water),Bottled water,المياه المعبأة (Bottled water),water,مطعم فلافل دام - حي المصيف,مطعم فلافل دام,حي المصيف,مطعم فلافل دام - حي المصيف,العليا,بلدية,بلدية العليا,True,False,لا يوجد,,0,,,False,none,date_parsed_from_text,2,True
Data 2025.xlsx,8835,2025-09-28,2025-09,2025-W39,3,6,chee-0864-r01,Chee-0864-R01,موزاريلا,(cheese) جبنة,cheese,(cheese) جبنة,dairy,Vera ltalia - حي الملك فهد,Vera ltalia,حي الملك فهد,Vera ltalia - حي الملك فهد,العليا,بلدية,بلدية العليا,False,True,استافيلوكوكس اورياس,استافيلوكوكس اورياس,1,استافيلوكوكس اورياس,,True,pathogen,date_parsed_from_text,2,True
Data 2025.xlsx,8840,2025-09-28,2025-09,2025-W39,3,6,cm-0130-r01,Cm-0130-R01,لحم مفروم مع الطماطم,اللحوم المطبوخة (Cooked meat),Cooked meat,اللحوم المطبوخة (Cooked meat),cooked_meat_poultry,Vera ltalia - حي الملك فهد,Vera ltalia,حي الملك فهد,Vera ltalia - حي الملك فهد,العليا,بلدية,بلدية العليا,True,False,لا يوجد,,0,,,False,none,date_parsed_from_text,3,True
Data 2025.xlsx,8842,2025-09-28,2025-09,2025-W39,3,6,jui-0536-r01,jui-0536-R01,عصير كوكتيل,العصائر الطازجة Un-pasteurized juices (fresh),fresh,العصائر الطازجة Un-pasteurized juices (fresh),beverage,Vera ltalia - حي الملك فهد,Vera ltalia,حي الملك فهد,Vera ltalia - حي الملك فهد,العليا,بلدية,بلدية العليا,True,False,لا يوجد,,0,,,False,none,date_parsed_from_text,3,True
Data 2025.xlsx,8843,2025-09-28,2025-09,2025-W39,3,6,jui-0537-r01,jui-0537-R01,عصير مانجا,العصائر الطازجة Un-pasteurized juices (fresh),fresh,العصائر الطازجة Un-pasteurized juices (fresh),beverage,Vera ltalia - حي الملك فهد,Vera ltalia,حي الملك فهد,Vera ltalia - حي الملك فهد,العليا,بلدية,بلدية العليا,False,True,الخمائر والاعفان,الخمائر والاعفان,1,,الخمائر والاعفان,False,indicator_only,date_parsed_from_text,4,True
Data 2025.xlsx,8829,2025-09-28,2025-09,2025-W39,3,6,pick-0547-r01,Pick-0547-R01,مخلل خيار,المخلل (Pickle),Pickle,المخلل (Pickle),sauce_condiment,ونق ستوب - حي الملك فهد,ونق ستوب,حي الملك فهد,ونق ستوب - حي الملك فهد,العليا,بلدية,بلدية العليا,True,False,لا يوجد,,0,,,False,none,date_parsed_from_text,1,False
Data 2025.xlsx,8834,2025-09-28,2025-09,2025-W39,3,6,raw-0512-r01,Raw-0512-R01,ببروني,لحوم مقطعه / مفرومه غير مطبوخة مبردة ومجمدة raw minced meat,raw minced meat,لحوم مقطعه / مفرومه غير مطبوخة مبردة ومجمدة raw minced meat,raw_meat,Vera ltalia - حي الملك فهد,Vera ltalia,حي الملك فهد,Vera ltalia - حي الملك فهد,العليا,بلدية,بلدية العليا,False,True,العد الكلي للبكتيريا,العد الكلي للبكتيريا,1,,العد الكلي للبكتيريا,False,indicator_only,date_parsed_from_text,1,False
Data 2025.xlsx,8828,2025-09-28,2025-09,2025-W39,3,6,sal-1644-r01,Sal-1644-R01,سلطة كولسلو,السلطة(Salad),Salad,السلطة(Salad),produce,ونق ستوب - حي الملك فهد,ونق ستوب,حي الملك فهد,ونق ستوب - حي الملك فهد,العليا,بلدية,بلدية العليا,False,True,العد الكلي للبكتيريا,العد الكلي للبكتيريا,1,,العد الكلي للبكتيريا,False,indicator_only,date_parsed_from_text,1,False
Data 2025.xlsx,8818,2025-09-28,2025-09,2025-W39,3,6,sau-2438-r01,sau-2438-R01,صوص برزيلين بالفلفل,صوص (sauce),sauce,صوص (sauce),sauce_condiment,ونق ستوب - حي الملك فهد,ونق ستوب,حي الملك فهد,ونق ستوب - حي الملك فهد,العليا,بلدية,بلدية العليا,True,False,لا يوجد,,0,,,False,none,date_parsed_from_text,0,False
Data 2025.xlsx,8819,2025-09-28,2025-09,2025-W39,3,6,sau-2439-r01,sau-2439-R01,صوص لويزيان رب,صوص (sauce),sauce,صوص (sauce),sauce_condiment,ونق ستوب - حي الملك فهد,ونق ستوب,حي الملك فهد,ونق ستوب - حي الملك فهد,العليا,بلدية,بلدية العليا,True,False,لا يوجد,,0,,,False,none,date_parsed_from_text,0,False
Data 2025.xlsx,8820,2025-09-28,2025-09,2025-W39,3,6,sau-2440-r01,sau-2440-R01,صوص ليمون بالفلفل,صوص (sauce),sauce,صوص (sauce),sauce_condiment,ونق ستوب - حي الملك فهد,ونق ستوب,حي الملك فهد,ونق ستوب - حي الملك فهد,العليا,بلدية,بلدية العليا,True,False,لا يوجد,,0,,,False,none,date_parsed_from_text,0,False
Data 2025.xlsx,8821,2025-09-28,2025-09,2025-W39,3,6,sau-2441-r01,sau-2441-R01,صوص ثوم بالبربيزان,صوص (sauce),sauce,صوص (sauce),sauce_condiment,ونق ستوب - حي الملك فهد,ونق ستوب,حي الملك فهد,ونق ستوب - حي الملك فهد,العليا,بلدية,بلدية العليا,True,False,لا يوجد,,0,,,False,none,date_parsed_from_text,0,False
Data 2025.xlsx,8822,2025-09-28,2025-09,2025-W39,3,6,sau-2442-r01,sau-2442-R01,صوص بافلو,صوص (sauce),sauce,صوص (sauce),sauce_condiment,ونق ستوب - حي الملك فهد,ونق ستوب,حي الملك فهد,ونق ستوب - حي الملك فهد,العليا,بلدية,بلدية العليا,True,False,لا يوجد,,0,,,False,none,date_parsed_from_text,0,False
Data 2025.xlsx,8823,2025-09-28,2025-09,2025-W39,3,6,sau-2443-r01,sau-2443-R01,صوص اتوميك سبايسي,صوص (sauce),sauce,صوص (sauce),sauce_condiment,ونق ستوب - حي الملك فهد,ونق ستوب,حي الملك فهد,ونق ستوب - حي الملك فهد,العليا,بلدية,بلدية العليا,True,False,لا يوجد,,0,,,False,none,date_parsed_from_text,0,False
Data 2025.xlsx,8824,2025-09-28,2025-09,2025-W39,3,6,sau-2444-r01,sau-2444-R01,صوص هاواي,صوص (sauce),sauce,صوص (sauce),sauce_condiment,ونق ستوب - حي الملك فهد,ونق ستوب,حي الملك فهد,ونق ستوب - حي الملك فهد,العليا,بلدية,بلدية العليا,True,False,لا يوجد,,0,,,False,none,date_parsed_from_text,0,False
Data 2025.xlsx,8825,2025-09-28,2025-09,2025-W39,3,6,sau-2445-r01,sau-2445-R01,صوص المانجا الحار,صوص (sauce),sauce,صوص (sauce),sauce_condiment,ونق ستوب - حي الملك فهد,ونق ستوب,حي الملك فهد,ونق ستوب - حي الملك فهد,العليا,بلدية,بلدية العليا,True,False,لا يوجد,,0,,,False,none,date_parsed_from_text,0,False
Data 2025.xlsx,8826,2025-09-28,2025-09,2025-W39,3,6,sau-2446-r01,sau-2446-R01,صوص الكوري الحار,صوص (sauce),sauce,صوص (sauce),sauce_condiment,ونق ستوب - حي الملك فهد,ونق ستوب,حي الملك فهد,ونق ستوب - حي الملك فهد,العليا,بلدية,بلدية العليا,True,False,لا يوجد,,0,,,False,none,date_parsed_from_text,0,False
Data 2025.xlsx,8827,2025-09-28,2025-09,2025-W39,3,6,sau-2447-r01,sau-2447-R01,صوص باربكيو,صوص (sauce),sauce,صوص (sauce),sauce_condiment,ونق ستوب - حي الملك فهد,ونق ستوب,حي الملك فهد,ونق ستوب - حي الملك فهد,العليا,بلدية,بلدية العليا,True,False,لا يوجد,,0,,,False,none,date_parsed_from_text,0,False
Data 2025.xlsx,8830,2025-09-28,2025-09,2025-W39,3,6,sau-2448-r01,sau-2448-R01,صوص رانش,صوص (sauce),sauce,صوص (sauce),sauce_condiment,ونق ستوب - حي الملك فهد,ونق ستوب,حي الملك فهد,ونق ستوب - حي الملك فهد,العليا,بلدية,بلدية العليا,True,False,لا يوجد,,0,,,False,none,date_parsed_from_text,1,False
Data 2025.xlsx,8831,2025-09-28,2025-09,2025-W39,3,6,sau-2449-r01,sau-2449-R01,صوص هني ماسترد,صوص (sauce),sauce,صوص (sauce),sauce_condiment,ونق ستوب - حي الملك فهد,ونق ستوب,حي الملك فهد,ونق ستوب - حي الملك فهد,العليا,بلدية,بلدية العليا,True,False,لا يوجد,,0,,,False,none,date_parsed_from_text,1,False
Data 2025.xlsx,8832,2025-09-28,2025-09,2025-W39,3,6,sau-2450-r01,sau-2450-R01,صوص الجبنة الزرقاء,صوص (sauce),sauce,صوص (sauce),sauce_condiment,ونق ستوب - حي الملك فهد,ونق ستوب,حي الملك فهد,ونق ستوب - حي الملك فهد,العليا,بلدية,بلدية العليا,True,False,لا يوجد,,0,,,False,none,date_parsed_from_text,1,False
Data 2025.xlsx,8836,2025-09-28,2025-09,2025-W39,3,6,sau-2451-r01,sau-2451-R01,صوص كاتشب,صوص (sauce),sauce,صوص (sauce),sauce_condiment,Vera ltalia - حي الملك فهد,Vera ltalia,حي الملك فهد,Vera ltalia - حي الملك فهد,العليا,بلدية,بلدية العليا,True,False,لا يوجد,,0,,,False,none,date_parsed_from_text,2,True
Data 2025.xlsx,8837,2025-09-28,2025-09,2025-W39,3,6,sau-2452-r01,sau-2452-R01,صوص بيستو,صوص (sauce),sauce,صوص (sauce),sauce_condiment,Vera ltalia - حي الملك فهد,Vera ltalia,حي الملك فهد,Vera ltalia - حي الملك فهد,العليا,بلدية,بلدية العليا,False,True,انتيروباكتريسي,انتيروباكتريسي,1,,انتيروباكتريسي,False,indicator_only,date_parsed_from_text,3,True
Data 2025.xlsx,8838,2025-09-28,2025-09,2025-W39,3,6,sau-2453-r01,sau-2453-R01,صوص ترفل,صوص (sauce),sauce,صوص (sauce),sauce_condiment,Vera ltalia - حي الملك فهد,Vera ltalia,حي الملك فهد,Vera ltalia - حي الملك فهد,العليا,بلدية,بلدية العليا,True,False,لا يوجد,,0,,,False,none,date_parsed_from_text,3,True
Data 2025.xlsx,8839,2025-09-28,2025-09,2025-W39,3,6,sau-2454-r01,sau-2454-R01,صوص ارنشيني,صوص (sauce),sauce,صوص (sauce),sauce_condiment,Vera ltalia - حي الملك فهد,Vera ltalia,حي الملك فهد,Vera ltalia - حي الملك فهد,العليا,بلدية,بلدية العليا,True,False,لا يوجد,,0,,,False,none,date_parsed_from_text,3,True
Data 2025.xlsx,8841,2025-09-28,2025-09,2025-W39,3,6,sau-2455-r01,sau-2455-R01,صوص طماطم,صوص (sauce),sauce,صوص (sauce),sauce_condiment,Vera ltalia - حي الملك فهد,Vera ltalia,حي الملك فهد,Vera ltalia - حي الملك فهد,العليا,بلدية,بلدية العليا,True,False,لا يوجد,,0,,,False,none,date_parsed_from_text,3,True
Data 2025.xlsx,8833,2025-09-28,2025-09,2025-W39,3,6,sw-3568-r01,sw-3568-R01,مسحة حافظ البطاطس المقلي,(Swabs) المسحات,Swabs,(Swabs) المسحات,swab,ونق ستوب - حي الملك فهد,ونق ستوب,حي الملك فهد,ونق ستوب - حي الملك فهد,العليا,بلدية,بلدية العليا,True,False,لا يوجد,,0,,,False,none,date_parsed_from_text,1,False
Data 2025.xlsx,8845,2025-09-28,2025-09,2025-W39,3,6,sw-3569-r01,sw-3569-R01,مسحة ثلاجة اعداد,(Swabs) المسحات,Swabs,(Swabs) المسحات,swab,Vera ltalia - حي الملك فهد,Vera ltalia,حي الملك فهد,Vera ltalia - حي الملك فهد,العليا,بلدية,بلدية العليا,True,False,لا يوجد,,0,,,False,none,date_parsed_from_text,5,True
Data 2025.xlsx,8844,2025-09-28,2025-09,2025-W39,3,6,sweet-1476-r01,sweet-1476-R01,سعودي تراميسو,الحلا(sweetness),sweetness,الحلا(sweetness),sweets_bakery,Vera ltalia - حي الملك فهد,Vera ltalia,حي الملك فهد,Vera ltalia - حي الملك فهد,العليا,بلدية,بلدية العليا,False,True,استافيلوكوكس اورياس,استافيلوكوكس اورياس,1,استافيلوكوكس اورياس,,True,pathogen,date_parsed_from_text,5,True
Data 2025.xlsx,8846,2025-09-28,2025-09,2025-W39,3,6,ubot-1096-r01,Ubot-1096-R01,مياه لغسيل الادوات م- ك,المياه الغير معبأة (Unbottled water),Unbottled water,المياه الغير المعبأة (Unbottled water),water,ونق ستوب - حي الملك فهد,ونق ستوب,حي الملك فهد,ونق ستوب - حي الملك فهد,العليا,بلدية,بلدية العليا,True,False,لا يوجد,,0,,,False,none,category_merged_to_canonical|date_parsed_from_text,1,False
Data 2025.xlsx,8847,2025-09-28,2025-09,2025-W39,3,6,ubot-1097-r01,Ubot-1097-R01,مياه للطبخ م-ك,المياه الغير معبأة (Unbottled water),Unbottled water,المياه الغير المعبأة (Unbottled water),water,Vera ltalia - حي الملك فهد,Vera ltalia,حي الملك فهد,Vera ltalia - حي الملك فهد,العليا,بلدية,بلدية العليا,True,False,لا يوجد,,0,,,False,none,category_merged_to_canonical|date_parsed_from_text,5,True
Data 2025.xlsx,8867,2025-09-29,2025-09,2025-W40,3,0,1-3520-R01,1-3520-R01,نكهة شاهي ليمون,نكهات مركزة ( Syrup ),Syrup,نكهات مركزة ( Syrup ),sauce_condiment,باتشي - برج الفيصلية -حي العليا,باتشي,برج الفيصلية -حي العليا,باتشي - برج الفيصلية -حي العليا,العليا,بلدية,بلدية العليا,True,False,لا يوجد,,0,,,False,none,date_parsed_from_text,0,False
Data 2025.xlsx,8868,2025-09-29,2025-09,2025-W40,3,0,1-3521-R01,1-3521-R01,نكهة سينامون,نكهات مركزة ( Syrup ),Syrup,نكهات مركزة ( Syrup ),sauce_condiment,باتشي - برج الفيصلية -حي العليا,باتشي,برج الفيصلية -حي العليا,باتشي - برج الفيصلية -حي العليا,العليا,بلدية,بلدية العليا,True,False,لا يوجد,,0,,,False,none,date_parsed_from_text,0,False
Data 2025.xlsx,8869,2025-09-29,2025-09,2025-W40,3,0,1-3522-R01,1-3522-R01,نكهة سكر,نكهات مركزة ( Syrup ),Syrup,نكهات مركزة ( Syrup ),sauce_condiment,باتشي - برج الفيصلية -حي العليا,باتشي,برج الفيصلية -حي العليا,باتشي - برج الفيصلية -حي العليا,العليا,بلدية,بلدية العليا,False,True,العد الكلي للبكتيريا,العد الكلي للبكتيريا,1,,العد الكلي للبكتيريا,False,indicator_only,date_parsed_from_text,1,False
Data 2025.xlsx,8871,2025-09-29,2025-09,2025-W40,3,0,1-3523-R01,1-3523-R01,نكهة ورد,نكهات مركزة ( Syrup ),Syrup,نكهات مركزة ( Syrup ),sauce_condiment,باتشي - برج الفيصلية -حي العليا,باتشي,برج الفيصلية -حي العليا,باتشي - برج الفيصلية -حي العليا,العليا,بلدية,بلدية العليا,True,False,لا يوجد,,0,,,False,none,date_parsed_from_text,1,False
Data 2025.xlsx,8891,2025-09-29,2025-09,2025-W40,3,0,1-3524-R01,1-3524-R01,نكهة فانيلا,نكهات مركزة ( Syrup ),Syrup,نكهات مركزة ( Syrup ),sauce_condiment,ايرث كافية - برج الفيصلية - حي العليا,ايرث كافية,برج الفيصلية - حي العليا,ايرث كافية - برج الفيصلية - حي العليا,العليا,بلدية,بلدية العليا,False,True,العد الكلي للبكتيريا,العد الكلي للبكتيريا,1,,العد الكلي للبكتيريا,False,indicator_only,date_parsed_from_text,7,True
Data 2025.xlsx,8885,2025-09-29,2025-09,2025-W40,3,0,O-U-to-0696-R01,O-U-to-0696-R01,طماطم شيري مشكل,الطماطم (Tomatoes),Tomatoes,الطماطم (Tomatoes),produce,ايرث كافية - برج الفيصلية - حي العليا,ايرث كافية,برج الفيصلية - حي العليا,ايرث كافية - برج الفيصلية - حي العليا,العليا,بلدية,بلدية العليا,False,True,استافيلوكوكس اورياس,استافيلوكوكس اورياس,1,استافيلوكوكس اورياس,,True,pathogen,date_parsed_from_text,4,True
Data 2025.xlsx,8884,2025-09-29,2025-09,2025-W40,3,0,O-r-U-cu-0291-R01,O-r-U-cu-0291-R01,قطع خيار,الخيار (cucumbers),cucumbers,الخيار (cucumbers),produce,ايرث كافية - برج الفيصلية - حي العليا,ايرث كافية,برج الفيصلية - حي العليا,ايرث كافية - برج الفيصلية - حي العليا,العليا,بلدية,بلدية العليا,False,True,استافيلوكوكس اورياس,استافيلوكوكس اورياس,1,استافيلوكوكس اورياس,,True,pathogen,date_parsed_from_text,3,True
Data 2025.xlsx,8872,2025-09-29,2025-09,2025-W40,3,0,br-0113-r01,Br-0113-R01,خبز,الخبـز (Bread),Bread,الخبـز (Bread),sweets_bakery,باتشي - برج الفيصلية -حي العليا,باتشي,برج الفيصلية -حي العليا,باتشي - برج الفيصلية -حي العليا,العليا,بلدية,بلدية العليا,True,False,لا يوجد,,0,,,False,none,date_parsed_from_text,1,False
Data 2025.xlsx,8887,2025-09-29,2025-09,2025-W40,3,0,chee-0865-r01,Chee-0865-R01,جبنة فيتا,(cheese) جبنة,cheese,(cheese) جبنة,dairy,ايرث كافية - برج الفيصلية - حي العليا,ايرث كافية,برج الفيصلية - حي العليا,ايرث كافية - برج الفيصلية - حي العليا,العليا,بلدية,بلدية العليا,True,False,لا يوجد,,0,,,False,none,date_parsed_from_text,5,True
Data 2025.xlsx,8848,2025-09-29,2025-09,2025-W40,3,0,cho-0090-r01,cho-0090-R01,شوكولاتة فورنتين,الشوكولاته (Chocolate),Chocolate,الشوكولاته (Chocolate),sweets_bakery,باتشي - برج الفيصلية -حي العليا,باتشي,برج الفيصلية -حي العليا,باتشي - برج الفيصلية -حي العليا,العليا,بلدية,بلدية العليا,True,False,لا يوجد,,0,,,False,none,date_parsed_from_text,0,False
Data 2025.xlsx,8852,2025-09-29,2025-09,2025-W40,3,0,cho-0091-r01,cho-0091-R01,شوكولاتة ليمون,الشوكولاته (Chocolate),Chocolate,الشوكولاته (Chocolate),sweets_bakery,باتشي - برج الفيصلية -حي العليا,باتشي,برج الفيصلية -حي العليا,باتشي - برج الفيصلية -حي العليا,العليا,بلدية,بلدية العليا,True,False,لا يوجد,,0,,,False,none,date_parsed_from_text,0,False
Data 2025.xlsx,8860,2025-09-29,2025-09,2025-W40,3,0,cho-0092-r01,cho-0092-R01,دارك شوكولاتة مع لوز,الشوكولاته (Chocolate),Chocolate,الشوكولاته (Chocolate),sweets_bakery,باتشي - برج الفيصلية -حي العليا,باتشي,برج الفيصلية -حي العليا,باتشي - برج الفيصلية -حي العليا,العليا,بلدية,بلدية العليا,True,False,لا يوجد,,0,,,False,none,date_parsed_from_text,0,False
Data 2025.xlsx,8861,2025-09-29,2025-09,2025-W40,3,0,cho-0093-r01,cho-0093-R01,شوكولاتة بستاشو,الشوكولاته (Chocolate),Chocolate,الشوكولاته (Chocolate),sweets_bakery,باتشي - برج الفيصلية -حي العليا,باتشي,برج الفيصلية -حي العليا,باتشي - برج الفيصلية -حي العليا,العليا,بلدية,بلدية العليا,True,False,لا يوجد,,0,,,False,none,date_parsed_from_text,0,False
Data 2025.xlsx,8862,2025-09-29,2025-09,2025-W40,3,0,cho-0094-r01,cho-0094-R01,ميلك شوكولاتة كريمة شوكولاتة,الشوكولاته (Chocolate),Chocolate,الشوكولاته (Chocolate),sweets_bakery,باتشي - برج الفيصلية -حي العليا,باتشي,برج الفيصلية -حي العليا,باتشي - برج الفيصلية -حي العليا,العليا,بلدية,بلدية العليا,True,False,لا يوجد,,0,,,False,none,date_parsed_from_text,0,False
Data 2025.xlsx,8889,2025-09-29,2025-09,2025-W40,3,0,cm-0131-r01,Cm-0131-R01,لحم وايقو مكس,اللحوم المطبوخة (Cooked meat),Cooked meat,اللحوم المطبوخة (Cooked meat),cooked_meat_poultry,ايرث كافية - برج الفيصلية - حي العليا,ايرث كافية,برج الفيصلية - حي العليا,ايرث كافية - برج الفيصلية - حي العليا,العليا,بلدية,بلدية العليا,True,False,لا يوجد,,0,,,False,none,date_parsed_from_text,6,True
Data 2025.xlsx,8892,2025-09-29,2025-09,2025-W40,3,0,coff-0932-r01,Coff-0932-R01,شراب قهوة سائلة,القهوة ومشتقاتها (Coffee and derivatives),Coffee and derivatives,القهوة ومشتقاتها (Coffee and derivatives),beverage,ايرث كافية - برج الفيصلية - حي العليا,ايرث كافية,برج الفيصلية - حي العليا,ايرث كافية - برج الفيصلية - حي العليا,العليا,بلدية,بلدية العليا,True,False,لا يوجد,,0,,,False,none,date_parsed_from_text,7,True
Data 2025.xlsx,8896,2025-09-29,2025-09,2025-W40,3,0,jui-0538-r01,jui-0538-R01,عصير برتقال,العصائر الطازجة Un-pasteurized juices (fresh),fresh,العصائر الطازجة Un-pasteurized juices (fresh),beverage,ايرث كافية - برج الفيصلية - حي العليا,ايرث كافية,برج الفيصلية - حي العليا,ايرث كافية - برج الفيصلية - حي العليا,العليا,بلدية,بلدية العليا,True,False,لا يوجد,,0,,,False,none,date_parsed_from_text,7,True
Data 2025.xlsx,8886,2025-09-29,2025-09,2025-W40,3,0,olv-0602-r01,olv-0602-R01,زيتون مشكل,الزيتون /Olive,Olive,الزيتون /Olive,produce,ايرث كافية - برج الفيصلية - حي العليا,ايرث كافية,برج الفيصلية - حي العليا,ايرث كافية - برج الفيصلية - حي العليا,العليا,بلدية,بلدية العليا,False,True,خمائر,الخمائر والاعفان,1,,الخمائر والاعفان,False,indicator_only,date_parsed_from_text,5,True
Data 2025.xlsx,8883,2025-09-29,2025-09,2025-W40,3,0,sal-1645-r01,Sal-1645-R01,سلطة كينوا,السلطة(Salad),Salad,السلطة(Salad),produce,ايرث كافية - برج الفيصلية - حي العليا,ايرث كافية,برج الفيصلية - حي العليا,ايرث كافية - برج الفيصلية - حي العليا,العليا,بلدية,بلدية العليا,True,False,لا يوجد,,0,,,False,none,date_parsed_from_text,2,True
Data 2025.xlsx,8890,2025-09-29,2025-09,2025-W40,3,0,sal-1646-r01,Sal-1646-R01,سلطة طماطم مع بصل,السلطة(Salad),Salad,السلطة(Salad),produce,ايرث كافية - برج الفيصلية - حي العليا,ايرث كافية,برج الفيصلية - حي العليا,ايرث كافية - برج الفيصلية - حي العليا,العليا,بلدية,بلدية العليا,True,False,لا يوجد,,0,,,False,none,date_parsed_from_text,6,True
Data 2025.xlsx,8870,2025-09-29,2025-09,2025-W40,3,0,sau-2456-r01,sau-2456-R01,صوص توت العليق,صوص (sauce),sauce,صوص (sauce),sauce_condiment,باتشي - برج الفيصلية -حي العليا,باتشي,برج الفيصلية -حي العليا,باتشي - برج الفيصلية -حي العليا,العليا,بلدية,بلدية العليا,True,False,لا يوجد,,0,,,False,none,date_parsed_from_text,1,False
Data 2025.xlsx,8873,2025-09-29,2025-09,2025-W40,3,0,sau-2457-r01,sau-2457-R01,صوص بيبر كور,صوص (sauce),sauce,صوص (sauce),sauce_condiment,ايرث كافية - برج الفيصلية - حي العليا,ايرث كافية,برج الفيصلية - حي العليا,ايرث كافية - برج الفيصلية - حي العليا,العليا,بلدية,بلدية العليا,True,False,لا يوجد,,0,,,False,none,date_parsed_from_text,0,False
Data 2025.xlsx,8874,2025-09-29,2025-09,2025-W40,3,0,sau-2458-r01,sau-2458-R01,صوص بلسميك,صوص (sauce),sauce,صوص (sauce),sauce_condiment,ايرث كافية - برج الفيصلية - حي العليا,ايرث كافية,برج الفيصلية - حي العليا,ايرث كافية - برج الفيصلية - حي العليا,العليا,بلدية,بلدية العليا,True,False,لا يوجد,,0,,,False,none,date_parsed_from_text,0,False
Data 2025.xlsx,8875,2025-09-29,2025-09,2025-W40,3,0,sau-2459-r01,sau-2459-R01,صوص سلطة سيزر,صوص (sauce),sauce,صوص (sauce),sauce_condiment,ايرث كافية - برج الفيصلية - حي العليا,ايرث كافية,برج الفيصلية - حي العليا,ايرث كافية - برج الفيصلية - حي العليا,العليا,بلدية,بلدية العليا,False,True,العد الكلي للبكتيريا,العد الكلي للبكتيريا,1,,العد الكلي للبكتيريا,False,indicator_only,date_parsed_from_text,1,False
Data 2025.xlsx,8876,2025-09-29,2025-09,2025-W40,3,0,sau-2460-r01,sau-2460-R01,صوص افوكادو,صوص (sauce),sauce,صوص (sauce),sauce_condiment,ايرث كافية - برج الفيصلية - حي العليا,ايرث كافية,برج الفيصلية - حي العليا,ايرث كافية - برج الفيصلية - حي العليا,العليا,بلدية,بلدية العليا,False,True,العد الكلي للبكتيريا,العد الكلي للبكتيريا,1,,العد الكلي للبكتيريا,False,indicator_only,date_parsed_from_text,2,True
Data 2025.xlsx,8877,2025-09-29,2025-09,2025-W40,3,0,sau-2461-r01,sau-2461-R01,صوص هولندي,صوص (sauce),sauce,صوص (sauce),sauce_condiment,ايرث كافية - برج الفيصلية - حي العليا,ايرث كافية,برج الفيصلية - حي العليا,ايرث كافية - برج الفيصلية - حي العليا,العليا,بلدية,بلدية العليا,True,False,لا يوجد,,0,,,False,none,date_parsed_from_text,2,True
Data 2025.xlsx,8878,2025-09-29,2025-09,2025-W40,3,0,sau-2462-r01,sau-2462-R01,صوص هني قليس,صوص (sauce),sauce,صوص (sauce),sauce_condiment,ايرث كافية - برج الفيصلية - حي العليا,ايرث كافية,برج الفيصلية - حي العليا,ايرث كافية - برج الفيصلية - حي العليا,العليا,بلدية,بلدية العليا,True,False,لا يوجد,,0,,,False,none,date_parsed_from_text,2,True
Data 2025.xlsx,8879,2025-09-29,2025-09,2025-W40,3,0,sau-2463-r01,sau-2463-R01,صوص زيت الفستق,صوص (sauce),sauce,صوص (sauce),sauce_condiment,ايرث كافية - برج الفيصلية - حي العليا,ايرث كافية,برج الفيصلية - حي العليا,ايرث كافية - برج الفيصلية - حي العليا,العليا,بلدية,بلدية العليا,True,False,لا يوجد,,0,,,False,none,date_parsed_from_text,2,True
Data 2025.xlsx,8880,2025-09-29,2025-09,2025-W40,3,0,sau-2464-r01,sau-2464-R01,صوص سراتشا مايو,صوص (sauce),sauce,صوص (sauce),sauce_condiment,ايرث كافية - برج الفيصلية - حي العليا,ايرث كافية,برج الفيصلية - حي العليا,ايرث كافية - برج الفيصلية - حي العليا,العليا,بلدية,بلدية العليا,True,False,لا يوجد,,0,,,False,none,date_parsed_from_text,2,True
Data 2025.xlsx,8881,2025-09-29,2025-09,2025-W40,3,0,sau-2465-r01,sau-2465-R01,صوص كاتشب,صوص (sauce),sauce,صوص (sauce),sauce_condiment,ايرث كافية - برج الفيصلية - حي العليا,ايرث كافية,برج الفيصلية - حي العليا,ايرث كافية - برج الفيصلية - حي العليا,العليا,بلدية,بلدية العليا,True,False,لا يوجد,,0,,,False,none,date_parsed_from_text,2,True
Data 2025.xlsx,8882,2025-09-29,2025-09,2025-W40,3,0,sau-2466-r01,sau-2466-R01,صوص تشيلي مايو,صوص (sauce),sauce,صوص (sauce),sauce_condiment,ايرث كافية - برج الفيصلية - حي العليا,ايرث كافية,برج الفيصلية - حي العليا,ايرث كافية - برج الفيصلية - حي العليا,العليا,بلدية,بلدية العليا,True,False,لا يوجد,,0,,,False,none,date_parsed_from_text,2,True
Data 2025.xlsx,8888,2025-09-29,2025-09,2025-W40,3,0,sau-2467-r01,sau-2467-R01,ساور كريم,صوص (sauce),sauce,صوص (sauce),sauce_condiment,ايرث كافية - برج الفيصلية - حي العليا,ايرث كافية,برج الفيصلية - حي العليا,ايرث كافية - برج الفيصلية - حي العليا,العليا,بلدية,بلدية العليا,False,True,الخمائر والاعفان,الخمائر والاعفان,1,,الخمائر والاعفان,False,indicator_only,date_parsed_from_text,6,True
Data 2025.xlsx,8893,2025-09-29,2025-09,2025-W40,3,0,sau-2468-r01,sau-2468-R01,صوص فراولة,صوص (sauce),sauce,صوص (sauce),sauce_condiment,ايرث كافية - برج الفيصلية - حي العليا,ايرث كافية,برج الفيصلية - حي العليا,ايرث كافية - برج الفيصلية - حي العليا,العليا,بلدية,بلدية العليا,True,False,لا يوجد,,0,,,False,none,date_parsed_from_text,7,True
Data 2025.xlsx,8849,2025-09-29,2025-09,2025-W40,3,0,sweet-1477-r01,sweet-1477-R01,ميني براونيز,الحلا(sweetness),sweetness,الحلا(sweetness),sweets_bakery,باتشي - برج الفيصلية -حي العليا,باتشي,برج الفيصلية -حي العليا,باتشي - برج الفيصلية -حي العليا,العليا,بلدية,بلدية العليا,True,False,لا يوجد,,0,,,False,none,date_parsed_from_text,0,False
Data 2025.xlsx,8850,2025-09-29,2025-09,2025-W40,3,0,sweet-1478-r01,sweet-1478-R01,كريب دنتيل وايت شوكولاتة,الحلا(sweetness),sweetness,الحلا(sweetness),sweets_bakery,باتشي - برج الفيصلية -حي العليا,باتشي,برج الفيصلية -حي العليا,باتشي - برج الفيصلية -حي العليا,العليا,بلدية,بلدية العليا,True,False,لا يوجد,,0,,,False,none,date_parsed_from_text,0,False
Data 2025.xlsx,8851,2025-09-29,2025-09,2025-W40,3,0,sweet-1479-r01,sweet-1479-R01,سوتت كراميل,الحلا(sweetness),sweetness,الحلا(sweetness),sweets_bakery,باتشي - برج الفيصلية -حي العليا,باتشي,برج الفيصلية -حي العليا,باتشي - برج الفيصلية -حي العليا,العليا,بلدية,بلدية العليا,True,False,لا يوجد,,0,,,False,none,date_parsed_from_text,0,False
Data 2025.xlsx,8853,2025-09-29,2025-09,2025-W40,3,0,sweet-1480-r01,sweet-1480-R01,كوكيز كراميل وبندق,الحلا(sweetness),sweetness,الحلا(sweetness),sweets_bakery,باتشي - برج الفيصلية -حي العليا,باتشي,برج الفيصلية -حي العليا,باتشي - برج الفيصلية -حي العليا,العليا,بلدية,بلدية العليا,True,False,لا يوجد,,0,,,False,none,date_parsed_from_text,0,False
Data 2025.xlsx,8854,2025-09-29,2025-09,2025-W40,3,0,sweet-1481-r01,sweet-1481-R01,سوتت كراميل مع شرائح لوز محمص,الحلا(sweetness),sweetness,الحلا(sweetness),sweets_bakery,باتشي - برج الفيصلية -حي العليا,باتشي,برج الفيصلية -حي العليا,باتشي - برج الفيصلية -حي العليا,العليا,بلدية,بلدية العليا,True,False,لا يوجد,,0,,,False,none,date_parsed_from_text,0,False
Data 2025.xlsx,8855,2025-09-29,2025-09,2025-W40,3,0,sweet-1482-r01,sweet-1482-R01,كروكال,الحلا(sweetness),sweetness,الحلا(sweetness),sweets_bakery,باتشي - برج الفيصلية -حي العليا,باتشي,برج الفيصلية -حي العليا,باتشي - برج الفيصلية -حي العليا,العليا,بلدية,بلدية العليا,True,False,لا يوجد,,0,,,False,none,date_parsed_from_text,0,False
Data 2025.xlsx,8856,2025-09-29,2025-09,2025-W40,3,0,sweet-1483-r01,sweet-1483-R01,ماتشا مع كريم بستاشو,الحلا(sweetness),sweetness,الحلا(sweetness),sweets_bakery,باتشي - برج الفيصلية -حي العليا,باتشي,برج الفيصلية -حي العليا,باتشي - برج الفيصلية -حي العليا,العليا,بلدية,بلدية العليا,True,False,لا يوجد,,0,,,False,none,date_parsed_from_text,0,False
Data 2025.xlsx,8857,2025-09-29,2025-09,2025-W40,3,0,sweet-1484-r01,sweet-1484-R01,بيكان مع سوتت كراميل,الحلا(sweetness),sweetness,الحلا(sweetness),sweets_bakery,باتشي - برج الفيصلية -حي العليا,باتشي,برج الفيصلية -حي العليا,باتشي - برج الفيصلية -حي العليا,العليا,بلدية,بلدية العليا,True,False,لا يوجد,,0,,,False,none,date_parsed_from_text,0,False
Data 2025.xlsx,8858,2025-09-29,2025-09,2025-W40,3,0,sweet-1485-r01,sweet-1485-R01,جندويا ايس كرسبي,الحلا(sweetness),sweetness,الحلا(sweetness),sweets_bakery,باتشي - برج الفيصلية -حي العليا,باتشي,برج الفيصلية -حي العليا,باتشي - برج الفيصلية -حي العليا,العليا,بلدية,بلدية العليا,True,False,لا يوجد,,0,,,False,none,date_parsed_from_text,0,False
Data 2025.xlsx,8859,2025-09-29,2025-09,2025-W40,3,0,sweet-1486-r01,sweet-1486-R01,مكاديميا مع كراميل,الحلا(sweetness),sweetness,الحلا(sweetness),sweets_bakery,باتشي - برج الفيصلية -حي العليا,باتشي,برج الفيصلية -حي العليا,باتشي - برج الفيصلية -حي العليا,العليا,بلدية,بلدية العليا,True,False,لا يوجد,,0,,,False,none,date_parsed_from_text,0,False
Data 2025.xlsx,8863,2025-09-29,2025-09,2025-W40,3,0,sweet-1487-r01,sweet-1487-R01,ترفل بودرة كاكاو,الحلا(sweetness),sweetness,الحلا(sweetness),sweets_bakery,باتشي - برج الفيصلية -حي العليا,باتشي,برج الفيصلية -حي العليا,باتشي - برج الفيصلية -حي العليا,العليا,بلدية,بلدية العليا,True,False,لا يوجد,,0,,,False,none,date_parsed_from_text,0,False
Data 2025.xlsx,8864,2025-09-29,2025-09,2025-W40,3,0,sweet-1488-r01,sweet-1488-R01,بسكوت مع كراميل,الحلا(sweetness),sweetness,الحلا(sweetness),sweets_bakery,باتشي - برج الفيصلية -حي العليا,باتشي,برج الفيصلية -حي العليا,باتشي - برج الفيصلية -حي العليا,العليا,بلدية,بلدية العليا,True,False,لا يوجد,,0,,,False,none,date_parsed_from_text,0,False
Data 2025.xlsx,8865,2025-09-29,2025-09,2025-W40,3,0,sweet-1489-r01,sweet-1489-R01,لوز مع بندق,الحلا(sweetness),sweetness,الحلا(sweetness),sweets_bakery,باتشي - برج الفيصلية -حي العليا,باتشي,برج الفيصلية -حي العليا,باتشي - برج الفيصلية -حي العليا,العليا,بلدية,بلدية العليا,True,False,لا يوجد,,0,,,False,none,date_parsed_from_text,0,False
Data 2025.xlsx,8866,2025-09-29,2025-09,2025-W40,3,0,sweet-1490-r01,sweet-1490-R01,كريمة جندويا,الحلا(sweetness),sweetness,الحلا(sweetness),sweets_bakery,باتشي - برج الفيصلية -حي العليا,باتشي,برج الفيصلية -حي العليا,باتشي - برج الفيصلية -حي العليا,العليا,بلدية,بلدية العليا,True,False,لا يوجد,,0,,,False,none,date_parsed_from_text,0,False
Data 2025.xlsx,8894,2025-09-29,2025-09,2025-W40,3,0,tea-0011-r01,tea-0011-R01,شراب شاهي اخضر,جميع أنواع الشاي (All types of tea),All types of tea,جميع أنواع الشاي (All types of tea),beverage,ايرث كافية - برج الفيصلية - حي العليا,ايرث كافية,برج الفيصلية - حي العليا,ايرث كافية - برج الفيصلية - حي العليا,العليا,بلدية,بلدية العليا,True,False,لا يوجد,,0,,,False,none,date_parsed_from_text,7,True
Data 2025.xlsx,8895,2025-09-29,2025-09,2025-W40,3,0,tea-0012-r01,tea-0012-R01,شراب شاهي اسود,جميع أنواع الشاي (All types of tea),All types of tea,جميع أنواع الشاي (All types of tea),beverage,ايرث كافية - برج الفيصلية - حي العليا,ايرث كافية,برج الفيصلية - حي العليا,ايرث كافية - برج الفيصلية - حي العليا,العليا,بلدية,بلدية العليا,True,False,لا يوجد,,0,,,False,none,date_parsed_from_text,7,True
Data 2025.xlsx,8897,2025-09-29,2025-09,2025-W40,3,0,ubot-1098-r01,Ubot-1098-R01,مياه طبخ فلتر م-ك,العصائر الطازجة Un-pasteurized juices (fresh),fresh,العصائر الطازجة Un-pasteurized juices (fresh),beverage,باتشي - برج الفيصلية -حي العليا,باتشي,برج الفيصلية -حي العليا,باتشي - برج الفيصلية -حي العليا,العليا,بلدية,بلدية العليا,True,False,لا يوجد,,0,,,False,none,date_parsed_from_text,1,False
Data 2025.xlsx,8925,2025-09-30,2025-09,2025-W40,3,1,1-3526-R01,1-3526-R01,قطع شمندر,شمندر(beet),beet,شمندر(beet),produce,ليالي العراق,ليالي العراق,,ليالي العراق,العليا,بلدية,بلدية العليا,False,True,استافيلوكوكس اورياس,استافيلوكوكس اورياس,1,استافيلوكوكس اورياس,,True,pathogen,date_parsed_from_text,14,True
Data 2025.xlsx,8929,2025-09-30,2025-09,2025-W40,3,1,O-O2-ca-0230-R01,O-O2-ca-0230-R01,قطع جزر مشوي,الجزر (carrot),carrot,الجزر (carrot),produce,ليالي العراق,ليالي العراق,,ليالي العراق,العليا,بلدية,بلدية العليا,True,False,لا يوجد,,0,,,False,none,date_parsed_from_text,17,True
Data 2025.xlsx,8924,2025-09-30,2025-09,2025-W40,3,1,O-U-po-0227-R01,O-U-po-0227-R01,رمان,الرمان (pomegranate),pomegranate,الرمان (pomegranate),produce,ليالي العراق,ليالي العراق,,ليالي العراق,العليا,بلدية,بلدية العليا,True,False,لا يوجد,,0,,,False,none,date_parsed_from_text,13,True
Data 2025.xlsx,8898,2025-09-30,2025-09,2025-W40,3,1,O-U-to-0698-R01,O-U-to-0698-R01,قطع طماطم,الطماطم (Tomatoes),Tomatoes,الطماطم (Tomatoes),produce,ليالي العراق,ليالي العراق,,ليالي العراق,العليا,بلدية,بلدية العليا,False,True,استافيلوكوكس اورياس,استافيلوكوكس اورياس,1,استافيلوكوكس اورياس,,True,pathogen,date_parsed_from_text,1,False
Data 2025.xlsx,8901,2025-09-30,2025-09,2025-W40,3,1,OO-or-0279-R01,OO-or-0279-R01,قطع برتقال,البرتقال (oranges),oranges,البرتقال (oranges),produce,ليالي العراق,ليالي العراق,,ليالي العراق,العليا,بلدية,بلدية العليا,True,False,لا يوجد,,0,,,False,none,date_parsed_from_text,2,True
Data 2025.xlsx,8926,2025-09-30,2025-09,2025-W40,3,1,OOu-on-0547-R01,OOu-on-0547-R01,شرائح بصل,البصل (onions),onions,البصل (onions),produce,ليالي العراق,ليالي العراق,,ليالي العراق,العليا,بلدية,بلدية العليا,False,True,استافيلوكوكس اورياس,استافيلوكوكس اورياس,1,استافيلوكوكس اورياس,,True,pathogen,date_parsed_from_text,15,True
Data 2025.xlsx,8923,2025-09-30,2025-09,2025-W40,3,1,OU-pa-0267-R01,OU-pa-0267-R01,قطع بقدونس,البقدونس (parsley),parsley,البقدونس (parsley),produce,ليالي العراق,ليالي العراق,,ليالي العراق,العليا,بلدية,بلدية العليا,False,True,استافيلوكوكس اورياس,استافيلوكوكس اورياس,1,استافيلوكوكس اورياس,,True,pathogen,date_parsed_from_text,13,True
Data 2025.xlsx,8903,2025-09-30,2025-09,2025-W40,3,1,OaU-da-1129-R01,OaU-da-1129-R01,تمر,التمر / Dates,Dates,التمر / Dates,produce,ليالي العراق,ليالي العراق,,ليالي العراق,العليا,بلدية,بلدية العليا,False,True,الخمائر والاعفان,الخمائر والاعفان,1,,الخمائر والاعفان,False,indicator_only,date_parsed_from_text,3,True
Data 2025.xlsx,8904,2025-09-30,2025-09,2025-W40,3,1,OaU-fi-0039-R01,OaU-fi-0039-R01,تين مجفف,التين (figs),figs,التين (figs),produce,ليالي العراق,ليالي العراق,,ليالي العراق,العليا,بلدية,بلدية العليا,False,True,خمائر,الخمائر والاعفان,1,,الخمائر والاعفان,False,indicator_only,date_parsed_from_text,4,True
Data 2025.xlsx,8927,2025-09-30,2025-09,2025-W40,3,1,UO-ra-0109-R01,UO-ra-0109-R01,قطع فجل,الفجل (radishes),radishes,الفجل (radishes),produce,ليالي العراق,ليالي العراق,,ليالي العراق,العليا,بلدية,بلدية العليا,False,True,استافيلوكوكس اورياس,استافيلوكوكس اورياس,1,استافيلوكوكس اورياس,,True,pathogen,date_parsed_from_text,16,True
Data 2025.xlsx,8902,2025-09-30,2025-09,2025-W40,3,1,UO-st-0076-R01,UO-st-0076-R01,قطع فراولة,الفراولة (strawberries),strawberries,الفراولة (strawberries),raw_meat,ليالي العراق,ليالي العراق,,ليالي العراق,العليا,بلدية,بلدية العليا,True,False,لا يوجد,,0,,,False,none,date_parsed_from_text,2,True
Data 2025.xlsx,8920,2025-09-30,2025-09,2025-W40,3,1,UU-le-0474-R01,UU-le-0474-R01,قطع ليمون,الليمون (Lemons),Lemons,الليمون (Lemons),produce,ليالي العراق,ليالي العراق,,ليالي العراق,العليا,بلدية,بلدية العليا,True,False,لا يوجد,,0,,,False,none,date_parsed_from_text,10,True
Data 2025.xlsx,8914,2025-09-30,2025-09,2025-W40,3,1,appe-0610-r01,Appe-0610-R01,حمص,مقبلات (Appetizers),Appetizers,مقبلات (Appetizers),prepared_meal,ليالي العراق,ليالي العراق,,ليالي العراق,العليا,بلدية,بلدية العليا,True,False,لا يوجد,,0,,,False,none,date_parsed_from_text,9,True
Data 2025.xlsx,8915,2025-09-30,2025-09,2025-W40,3,1,appe-0611-r01,Appe-0611-R01,متبل,مقبلات (Appetizers),Appetizers,مقبلات (Appetizers),prepared_meal,ليالي العراق,ليالي العراق,,ليالي العراق,العليا,بلدية,بلدية العليا,True,False,لا يوجد,,0,,,False,none,date_parsed_from_text,9,True
Data 2025.xlsx,8916,2025-09-30,2025-09,2025-W40,3,1,appe-0612-r01,Appe-0612-R01,بابا غنوج,مقبلات (Appetizers),Appetizers,مقبلات (Appetizers),prepared_meal,ليالي العراق,ليالي العراق,,ليالي العراق,العليا,بلدية,بلدية العليا,True,False,لا يوجد,,0,,,False,none,date_parsed_from_text,9,True
Data 2025.xlsx,8917,2025-09-30,2025-09,2025-W40,3,1,appe-0613-r01,Appe-0613-R01,متبل شمندر,مقبلات (Appetizers),Appetizers,مقبلات (Appetizers),prepared_meal,ليالي العراق,ليالي العراق,,ليالي العراق,العليا,بلدية,بلدية العليا,True,False,لا يوجد,,0,,,False,none,date_parsed_from_text,9,True
Data 2025.xlsx,8918,2025-09-30,2025-09,2025-W40,3,1,appe-0614-r01,Appe-0614-R01,حمص صمد,مقبلات (Appetizers),Appetizers,مقبلات (Appetizers),prepared_meal,ليالي العراق,ليالي العراق,,ليالي العراق,العليا,بلدية,بلدية العليا,True,False,لا يوجد,,0,,,False,none,date_parsed_from_text,9,True
Data 2025.xlsx,8928,2025-09-30,2025-09,2025-W40,3,1,chee-0866-r01,Chee-0866-R01,جبنة حلوم,(cheese) جبنة,cheese,(cheese) جبنة,dairy,ليالي العراق,ليالي العراق,,ليالي العراق,العليا,بلدية,بلدية العليا,False,True,انتيروباكتريسي | استافيلوكوكس اورياس,انتيروباكتريسي | استافيلوكوكس اورياس,2,استافيلوكوكس اورياس,انتيروباكتريسي,True,pathogen,date_parsed_from_text,17,True
Data 2025.xlsx,8931,2025-09-30,2025-09,2025-W40,3,1,chee-0867-r01,Chee-0867-R01,جبنة موزاريلا,(cheese) جبنة,cheese,(cheese) جبنة,dairy,ليالي العراق,ليالي العراق,,ليالي العراق,العليا,بلدية,بلدية العليا,False,True,استافيلوكوكس اورياس,استافيلوكوكس اورياس,1,استافيلوكوكس اورياس,,True,pathogen,date_parsed_from_text,18,True
Data 2025.xlsx,8899,2025-09-30,2025-09,2025-W40,3,1,cor-0294-r01,Cor-0294-R01,ذرة مشوي,الذرة (Corn),Corn,الذرة (Corn),produce,ليالي العراق,ليالي العراق,,ليالي العراق,العليا,بلدية,بلدية العليا,True,False,لا يوجد,,0,,,False,none,date_parsed_from_text,1,False
Data 2025.xlsx,8943,2025-09-30,2025-09,2025-W40,3,1,jui-0539-r01,jui-0539-R01,عصير افوكادو,العصائر الطازجة Un-pasteurized juices (fresh),fresh,العصائر الطازجة Un-pasteurized juices (fresh),beverage,ليالي العراق,ليالي العراق,,ليالي العراق,العليا,بلدية,بلدية العليا,True,False,لا يوجد,,0,,,False,none,date_parsed_from_text,23,True
Data 2025.xlsx,8944,2025-09-30,2025-09,2025-W40,3,1,jui-0540-r01,jui-0540-R01,عصير برتقال,العصائر الطازجة Un-pasteurized juices (fresh),fresh,العصائر الطازجة Un-pasteurized juices (fresh),beverage,ليالي العراق,ليالي العراق,,ليالي العراق,العليا,بلدية,بلدية العليا,False,True,الخمائر والاعفان,الخمائر والاعفان,1,,الخمائر والاعفان,False,indicator_only,date_parsed_from_text,24,True
Data 2025.xlsx,8945,2025-09-30,2025-09,2025-W40,3,1,jui-0541-r01,jui-0541-R01,عصير فراولة,العصائر الطازجة Un-pasteurized juices (fresh),fresh,العصائر الطازجة Un-pasteurized juices (fresh),beverage,ليالي العراق,ليالي العراق,,ليالي العراق,العليا,بلدية,بلدية العليا,False,True,الخمائر والاعفان,الخمائر والاعفان,1,,الخمائر والاعفان,False,indicator_only,date_parsed_from_text,25,True
Data 2025.xlsx,8946,2025-09-30,2025-09,2025-W40,3,1,jui-0542-r01,jui-0542-R01,عصير مانجا,العصائر الطازجة Un-pasteurized juices (fresh),fresh,العصائر الطازجة Un-pasteurized juices (fresh),beverage,ليالي العراق,ليالي العراق,,ليالي العراق,العليا,بلدية,بلدية العليا,False,True,الخمائر والاعفان,الخمائر والاعفان,1,,الخمائر والاعفان,False,indicator_only,date_parsed_from_text,26,True
Data 2025.xlsx,8930,2025-09-30,2025-09,2025-W40,3,1,mango-0057-r01,Mango-0057-R01,قطع مانجا,المانجو (Mango),Mango,المانجو (Mango),produce,ليالي العراق,ليالي العراق,,ليالي العراق,العليا,بلدية,بلدية العليا,True,False,لا يوجد,,0,,,False,none,date_parsed_from_text,17,True
Data 2025.xlsx,8921,2025-09-30,2025-09,2025-W40,3,1,pick-0548-r01,Pick-0548-R01,مخلل مشكل,المخلل (Pickle),Pickle,المخلل (Pickle),sauce_condiment,ليالي العراق,ليالي العراق,,ليالي العراق,العليا,بلدية,بلدية العليا,False,True,خمائر,الخمائر والاعفان,1,,الخمائر والاعفان,False,indicator_only,date_parsed_from_text,11,True
Data 2025.xlsx,8939,2025-09-30,2025-09,2025-W40,3,1,pick-0549-r01,Pick-0549-R01,مخلل خيار,المخلل (Pickle),Pickle,المخلل (Pickle),sauce_condiment,ليالي العراق,ليالي العراق,,ليالي العراق,العليا,بلدية,بلدية العليا,False,True,خمائر,الخمائر والاعفان,1,,الخمائر والاعفان,False,indicator_only,date_parsed_from_text,23,True
Data 2025.xlsx,8936,2025-09-30,2025-09,2025-W40,3,1,po-0139-r01,po-0139-R01,كباب دجاج ني,الدجاج (Poultry),Poultry,الدجاج (Poultry),cooked_meat_poultry,ليالي العراق,ليالي العراق,,ليالي العراق,العليا,بلدية,بلدية العليا,False,True,العد الكلي للبكتيريا | استافيلوكوكس اورياس | السالمونيلا,العد الكلي للبكتيريا | استافيلوكوكس اورياس | السالمونيلا,3,استافيلوكوكس اورياس | السالمونيلا,العد الكلي للبكتيريا,True,multi_pathogen,date_parsed_from_text,21,True
Data 2025.xlsx,8935,2025-09-30,2025-09,2025-W40,3,1,raw-0513-r01,Raw-0513-R01,كباب لحم ني,لحوم مجمدة/ مبردة (Frozen/Chilled Raw meat ),Frozen/Chilled Raw meat,لحوم مجمدة/ مبردة (Frozen/Chilled Raw meat ),raw_meat,ليالي العراق,ليالي العراق,,ليالي العراق,العليا,بلدية,بلدية العليا,False,True,العد الكلي للبكتيريا | استافيلوكوكس اورياس | السالمونيلا,العد الكلي للبكتيريا | استافيلوكوكس اورياس | السالمونيلا,3,استافيلوكوكس اورياس | السالمونيلا,العد الكلي للبكتيريا,True,multi_pathogen,date_parsed_from_text,20,True
Data 2025.xlsx,8919,2025-09-30,2025-09,2025-W40,3,1,sal-1647-r01,Sal-1647-R01,سلطة باذنجان عواقي,السلطة(Salad),Salad,السلطة(Salad),produce,ليالي العراق,ليالي العراق,,ليالي العراق,العليا,بلدية,بلدية العليا,False,True,استافيلوكوكس اورياس,استافيلوكوكس اورياس,1,استافيلوكوكس اورياس,,True,pathogen,date_parsed_from_text,10,True
Data 2025.xlsx,8922,2025-09-30,2025-09,2025-W40,3,1,sal-1648-r01,Sal-1648-R01,سلطة فتوش,السلطة(Salad),Salad,السلطة(Salad),produce,ليالي العراق,ليالي العراق,,ليالي العراق,العليا,بلدية,بلدية العليا,False,True,استافيلوكوكس اورياس,استافيلوكوكس اورياس,1,استافيلوكوكس اورياس,,True,pathogen,date_parsed_from_text,12,True
Data 2025.xlsx,8905,2025-09-30,2025-09,2025-W40,3,1,sau-2469-r01,sau-2469-R01,صوص دبس رمان,صوص (sauce),sauce,صوص (sauce),sauce_condiment,ليالي العراق,ليالي العراق,,ليالي العراق,العليا,بلدية,بلدية العليا,True,False,لا يوجد,,0,,,False,none,date_parsed_from_text,4,True
Data 2025.xlsx,8906,2025-09-30,2025-09,2025-W40,3,1,sau-2470-r01,sau-2470-R01,صوص بلسميك,صوص (sauce),sauce,صوص (sauce),sauce_condiment,ليالي العراق,ليالي العراق,,ليالي العراق,العليا,بلدية,بلدية العليا,True,False,لا يوجد,,0,,,False,none,date_parsed_from_text,4,True
Data 2025.xlsx,8907,2025-09-30,2025-09,2025-W40,3,1,sau-2471-r01,sau-2471-R01,صوص ريحان مع زيت زيتون,صوص (sauce),sauce,صوص (sauce),sauce_condiment,ليالي العراق,ليالي العراق,,ليالي العراق,العليا,بلدية,بلدية العليا,False,True,العد الكلي للبكتيريا,العد الكلي للبكتيريا,1,,العد الكلي للبكتيريا,False,indicator_only,date_parsed_from_text,5,True
Data 2025.xlsx,8908,2025-09-30,2025-09,2025-W40,3,1,sau-2472-r01,sau-2472-R01,صوص تبولة,صوص (sauce),sauce,صوص (sauce),sauce_condiment,ليالي العراق,ليالي العراق,,ليالي العراق,العليا,بلدية,بلدية العليا,False,True,الخمائر والاعفان,الخمائر والاعفان,1,,الخمائر والاعفان,False,indicator_only,date_parsed_from_text,6,True
Data 2025.xlsx,8909,2025-09-30,2025-09,2025-W40,3,1,sau-2473-r01,sau-2473-R01,صوص عمبا,صوص (sauce),sauce,صوص (sauce),sauce_condiment,ليالي العراق,ليالي العراق,,ليالي العراق,العليا,بلدية,بلدية العليا,True,False,لا يوجد,,0,,,False,none,date_parsed_from_text,6,True
Data 2025.xlsx,8910,2025-09-30,2025-09,2025-W40,3,1,sau-2474-r01,sau-2474-R01,صوص بيني قريد,صوص (sauce),sauce,صوص (sauce),sauce_condiment,ليالي العراق,ليالي العراق,,ليالي العراق,العليا,بلدية,بلدية العليا,True,False,لا يوجد,,0,,,False,none,date_parsed_from_text,6,True
Data 2025.xlsx,8911,2025-09-30,2025-09,2025-W40,3,1,sau-2475-r01,sau-2475-R01,صوص فتوش,صوص (sauce),sauce,صوص (sauce),sauce_condiment,ليالي العراق,ليالي العراق,,ليالي العراق,العليا,بلدية,بلدية العليا,False,True,العد الكلي للبكتيريا,العد الكلي للبكتيريا,1,,العد الكلي للبكتيريا,False,indicator_only,date_parsed_from_text,7,True
Data 2025.xlsx,8912,2025-09-30,2025-09,2025-W40,3,1,sau-2476-r01,sau-2476-R01,صوص تمر افوكادو,صوص (sauce),sauce,صوص (sauce),sauce_condiment,ليالي العراق,ليالي العراق,,ليالي العراق,العليا,بلدية,بلدية العليا,False,True,العد الكلي للبكتيريا,العد الكلي للبكتيريا,1,,العد الكلي للبكتيريا,False,indicator_only,date_parsed_from_text,8,True
Data 2025.xlsx,8913,2025-09-30,2025-09,2025-W40,3,1,sau-2477-r01,sau-2477-R01,فلفل اخضر مهروس,صوص (sauce),sauce,صوص (sauce),sauce_condiment,ليالي العراق,ليالي العراق,,ليالي العراق,العليا,بلدية,بلدية العليا,False,True,استافيلوكوكس اورياس,استافيلوكوكس اورياس,1,استافيلوكوكس اورياس,,True,pathogen,date_parsed_from_text,9,True
Data 2025.xlsx,8937,2025-09-30,2025-09,2025-W40,3,1,sau-2478-r01,sau-2478-R01,صوص ثومية,صوص (sauce),sauce,صوص (sauce),sauce_condiment,ليالي العراق,ليالي العراق,,ليالي العراق,العليا,بلدية,بلدية العليا,True,False,لا يوجد,,0,,,False,none,date_parsed_from_text,21,True
Data 2025.xlsx,8938,2025-09-30,2025-09,2025-W40,3,1,sau-2479-r01,sau-2479-R01,صوص سبايسي,صوص (sauce),sauce,صوص (sauce),sauce_condiment,ليالي العراق,ليالي العراق,,ليالي العراق,العليا,بلدية,بلدية العليا,False,True,العد الكلي للبكتيريا,العد الكلي للبكتيريا,1,,العد الكلي للبكتيريا,False,indicator_only,date_parsed_from_text,22,True
Data 2025.xlsx,8932,2025-09-30,2025-09,2025-W40,3,1,sw-3570-r01,sw-3570-R01,مسحة طاولة تقطيع خضار,(Swabs) المسحات,Swabs,(Swabs) المسحات,swab,ليالي العراق,ليالي العراق,,ليالي العراق,العليا,بلدية,بلدية العليا,False,True,العد الكلي للبكتيريا,العد الكلي للبكتيريا,1,,العد الكلي للبكتيريا,False,indicator_only,date_parsed_from_text,19,True
Data 2025.xlsx,8933,2025-09-30,2025-09,2025-W40,3,1,sw-3571-r01,sw-3571-R01,مسحة ثلاحة اعداد,(Swabs) المسحات,Swabs,(Swabs) المسحات,swab,ليالي العراق,ليالي العراق,,ليالي العراق,العليا,بلدية,بلدية العليا,True,False,لا يوجد,,0,,,False,none,date_parsed_from_text,19,True
Data 2025.xlsx,8934,2025-09-30,2025-09,2025-W40,3,1,sw-3572-r01,sw-3572-R01,مسحة ثلاجة اعداد,(Swabs) المسحات,Swabs,(Swabs) المسحات,swab,ليالي العراق,ليالي العراق,,ليالي العراق,العليا,بلدية,بلدية العليا,True,False,لا يوجد,,0,,,False,none,date_parsed_from_text,19,True
Data 2025.xlsx,8947,2025-09-30,2025-09,2025-W40,3,1,sw-3573-r01,sw-3573-R01,مسحة صانعة ثلج,(Swabs) المسحات,Swabs,(Swabs) المسحات,swab,ليالي العراق,ليالي العراق,,ليالي العراق,العليا,بلدية,بلدية العليا,True,False,لا يوجد,,0,,,False,none,date_parsed_from_text,26,True
Data 2025.xlsx,8940,2025-09-30,2025-09,2025-W40,3,1,sweet-1491-r01,sweet-1491-R01,مهلبية حلو,الحلا(sweetness),sweetness,الحلا(sweetness),sweets_bakery,ليالي العراق,ليالي العراق,,ليالي العراق,العليا,بلدية,بلدية العليا,True,False,لا يوجد,,0,,,False,none,date_parsed_from_text,23,True
Data 2025.xlsx,8941,2025-09-30,2025-09,2025-W40,3,1,sweet-1492-r01,sweet-1492-R01,بقلاوة بالفستق,الحلا(sweetness),sweetness,الحلا(sweetness),sweets_bakery,ليالي العراق,ليالي العراق,,ليالي العراق,العليا,بلدية,بلدية العليا,True,False,لا يوجد,,0,,,False,none,date_parsed_from_text,23,True
Data 2025.xlsx,8942,2025-09-30,2025-09,2025-W40,3,1,sweet-1493-r01,sweet-1493-R01,حلاوة عراقية طحينية,الحلا(sweetness),sweetness,الحلا(sweetness),sweets_bakery,ليالي العراق,ليالي العراق,,ليالي العراق,العليا,بلدية,بلدية العليا,True,False,لا يوجد,,0,,,False,none,date_parsed_from_text,23,True
Data 2025.xlsx,8948,2025-09-30,2025-09,2025-W40,3,1,ubot-1099-r01,Ubot-1099-R01,مياه فلتر لغسيل الادوات م ك,المياه الغير معبأة (Unbottled water),Unbottled water,المياه الغير المعبأة (Unbottled water),water,ليالي العراق,ليالي العراق,,ليالي العراق,العليا,بلدية,بلدية العليا,True,False,لا يوجد,,0,,,False,none,category_merged_to_canonical|date_parsed_from_text,26,True
Data 2025.xlsx,8900,2025-09-30,2025-09,2025-W40,3,1,vefr-0111-r01,VeFr-0111-R01,كيل خضار,الخضروات/الفواكه-(Vegetables/Fruits),Vegetables/Fruits,الخضروات/الفواكه-(Vegetables/Fruits),produce,ليالي العراق,ليالي العراق,,ليالي العراق,العليا,بلدية,بلدية العليا,False,True,استافيلوكوكس اورياس,استافيلوكوكس اورياس,1,استافيلوكوكس اورياس,,True,pathogen,date_parsed_from_text,2,True
