source_file,row_excel,sampling_date,year_month,iso_year_week,quarter,day_of_week,sample_id,sample_id_raw,sample_name,category_canonical,category_en,category_raw,sample_type,facility_name,facility_chain,facility_branch,facility_name_raw,municipality,municipality_type,municipality_raw,is_valid,is_failure,invalid_tests_raw,invalid_tests,n_failed_tests,failed_pathogens,failed_indicators,has_pathogen_failure,severity_tier,data_quality_flags,chain_invalid_count_90d,is_repeat_offender_90d
Data 2025.xlsx,2469,2025-04-03,2025-04,2025-W14,2,3,1-2869-R01,1-2869-R01,رز صيادية,الارز ( rice),rice,الارز ( rice),prepared_meal,بهيج - حي ظهرة لبن,بهيج,حي ظهرة لبن,بهيج - حي ظهرة لبن,عرقة,بلدية,بلدية عرقة,True,False,لا يوجد,,0,,,False,none,,0,False
Data 2025.xlsx,2519,2025-04-03,2025-04,2025-W14,2,3,1-2870-R01,1-2870-R01,شمندر قطع,شمندر(beet),beet,شمندر(beet),produce,بهيج - حي السليمانة,بهيج,حي السليمانة,بهيج - حي السليمانة,العليا,بلدية,بلدية العليا,False,True,استافيلوكوكس اورياس,استافيلوكوكس اورياس,1,استافيلوكوكس اورياس,,True,pathogen,,3,True
Data 2025.xlsx,2466,2025-04-03,2025-04,2025-W14,2,3,O-U-to-0583-R01,O-U-to-0583-R01,شرائح طماطم,الطماطم (Tomatoes),Tomatoes,الطماطم (Tomatoes),produce,وهمي - حي ظهرة لبن,وهمي,حي ظهرة لبن,وهمي - حي ظهرة لبن,عرقة,بلدية,بلدية عرقة,False,True,استافيلوكوكس اورياس,استافيلوكوكس اورياس,1,استافيلوكوكس اورياس,,True,pathogen,,9,True
Data 2025.xlsx,2482,2025-04-03,2025-04,2025-W14,2,3,O-U-to-0584-R01,O-U-to-0584-R01,شرائح طماطم,الطماطم (Tomatoes),Tomatoes,الطماطم (Tomatoes),produce,وهمي - حي الملقا,وهمي,حي الملقا,وهمي - حي الملقا,الشمال,بلدية,بلدية الشمال,True,False,لا يوجد,,0,,,False,none,,10,True
Data 2025.xlsx,2467,2025-04-03,2025-04,2025-W14,2,3,O-r-O3-le-0307-R01,O-r-O3-le-0307-R01,خس,الخس (Lettuce),Lettuce,الخس (Lettuce),produce,وهمي - حي ظهرة لبن,وهمي,حي ظهرة لبن,وهمي - حي ظهرة لبن,عرقة,بلدية,بلدية عرقة,False,True,استافيلوكوكس اورياس,استافيلوكوكس اورياس,1,استافيلوكوكس اورياس,,True,pathogen,,10,True
Data 2025.xlsx,2483,2025-04-03,2025-04,2025-W14,2,3,O-r-O3-le-0308-R01,O-r-O3-le-0308-R01,قطع خس,الخس (Lettuce),Lettuce,الخس (Lettuce),produce,وهمي - حي الملقا,وهمي,حي الملقا,وهمي - حي الملقا,الشمال,بلدية,بلدية الشمال,True,False,لا يوجد,,0,,,False,none,,10,True
Data 2025.xlsx,2495,2025-04-03,2025-04,2025-W14,2,3,O-r-O3-le-0309-R01,O-r-O3-le-0309-R01,خس,الخس (Lettuce),Lettuce,الخس (Lettuce),produce,وهمي - حي السليمانية,وهمي,حي السليمانية,وهمي - حي السليمانية,العليا,بلدية,بلدية العليا,True,False,لا يوجد,,0,,,False,none,,13,True
Data 2025.xlsx,2506,2025-04-03,2025-04,2025-W14,2,3,OO-OSS-po-0350-R01,OO-OSS-po-0350-R01,بطاطس مقلي,البطاطس (potatoes),potatoes,البطاطس (potatoes),produce,تشيكن بلالم - حي السليمانية,تشيكن بلالم,حي السليمانية,تشيكن بلالم - حي السليمانية,العليا,بلدية,بلدية العليا,True,False,لا يوجد,,0,,,False,none,,0,False
Data 2025.xlsx,2465,2025-04-03,2025-04,2025-W14,2,3,OOu-on-0455-R01,OOu-on-0455-R01,شرائح بصل,البصل (onions),onions,البصل (onions),produce,وهمي - حي ظهرة لبن,وهمي,حي ظهرة لبن,وهمي - حي ظهرة لبن,عرقة,بلدية,بلدية عرقة,True,False,لا يوجد,,0,,,False,none,,8,True
Data 2025.xlsx,2471,2025-04-03,2025-04,2025-W14,2,3,appe-0366-r01,Appe-0366-R01,طماطم متبل,مقبلات (Appetizers),Appetizers,مقبلات (Appetizers),prepared_meal,بهيج - حي ظهرة لبن,بهيج,حي ظهرة لبن,بهيج - حي ظهرة لبن,عرقة,بلدية,بلدية عرقة,True,False,لا يوجد,,0,,,False,none,,1,False
Data 2025.xlsx,2515,2025-04-03,2025-04,2025-W14,2,3,appe-0367-r01,Appe-0367-R01,مغتربة سبايسي,مقبلات (Appetizers),Appetizers,مقبلات (Appetizers),prepared_meal,بهيج - حي السليمانة,بهيج,حي السليمانة,بهيج - حي السليمانة,العليا,بلدية,بلدية العليا,True,False,لا يوجد,,0,,,False,none,,1,False
Data 2025.xlsx,2516,2025-04-03,2025-04,2025-W14,2,3,appe-0368-r01,Appe-0368-R01,متبل بابا غنوج,مقبلات (Appetizers),Appetizers,مقبلات (Appetizers),prepared_meal,بهيج - حي السليمانة,بهيج,حي السليمانة,بهيج - حي السليمانة,العليا,بلدية,بلدية العليا,True,False,لا يوجد,,0,,,False,none,,1,False
Data 2025.xlsx,2517,2025-04-03,2025-04,2025-W14,2,3,appe-0369-r01,Appe-0369-R01,رينقة بالطحينة,مقبلات (Appetizers),Appetizers,مقبلات (Appetizers),prepared_meal,بهيج - حي السليمانة,بهيج,حي السليمانة,بهيج - حي السليمانة,العليا,بلدية,بلدية العليا,False,True,استافيلوكوكس اورياس,استافيلوكوكس اورياس,1,استافيلوكوكس اورياس,,True,pathogen,,2,True
Data 2025.xlsx,2518,2025-04-03,2025-04,2025-W14,2,3,appe-0370-r01,Appe-0370-R01,طماطم متبل,مقبلات (Appetizers),Appetizers,مقبلات (Appetizers),prepared_meal,بهيج - حي السليمانة,بهيج,حي السليمانة,بهيج - حي السليمانة,العليا,بلدية,بلدية العليا,True,False,لا يوجد,,0,,,False,none,,2,True
Data 2025.xlsx,2477,2025-04-03,2025-04,2025-W14,2,3,bi-0010-r01,BI-0010-R01,بسكويت لوتس (مطحون),البسكويت (Biscuits),Biscuits,البسكويت (Biscuits),sweets_bakery,عم شلتت - حي الملقا,عم شلتت,حي الملقا,عم شلتت - حي الملقا,الشمال,بلدية,بلدية الشمال,True,False,لا يوجد,,0,,,False,none,,3,True
Data 2025.xlsx,2487,2025-04-03,2025-04,2025-W14,2,3,bi-0011-r01,BI-0011-R01,اوريو (مطحون),البسكويت (Biscuits),Biscuits,البسكويت (Biscuits),sweets_bakery,كنافة وبسبوسة - حي السليمانية,كنافة وبسبوسة,حي السليمانية,كنافة وبسبوسة - حي السليمانية,العليا,بلدية,بلدية العليا,True,False,لا يوجد,,0,,,False,none,,3,True
Data 2025.xlsx,2521,2025-04-03,2025-04,2025-W14,2,3,cm-0094-r01,Cm-0094-R01,قطع لحم بقري,اللحوم المطبوخة (Cooked meat),Cooked meat,اللحوم المطبوخة (Cooked meat),cooked_meat_poultry,بر يموز - حي السليمانية,بر يموز,حي السليمانية,بر يموز - حي السليمانية,العليا,بلدية,بلدية العليا,False,True,العد الكلي للبكتيريا,العد الكلي للبكتيريا,1,,العد الكلي للبكتيريا,False,indicator_only,,2,True
Data 2025.xlsx,2455,2025-04-03,2025-04,2025-W14,2,3,co-0460-r01,co-0460-R01,دجاج باربكيو قطع,الدجاج المطبوخ (Cooked chicken),Cooked chicken,الدجاج المطبوخ (Cooked chicken),cooked_meat_poultry,بريموز - حي العزيزية,بريموز,حي العزيزية,بريموز - حي العزيزية,العزيزية,بلدية,بلدية العزيزية,True,False,لا يوجد,,0,,,False,none,,2,True
Data 2025.xlsx,2501,2025-04-03,2025-04,2025-W14,2,3,co-0461-r01,co-0461-R01,قطع دجاج نص استواء,الدجاج المطبوخ (Cooked chicken),Cooked chicken,الدجاج المطبوخ (Cooked chicken),cooked_meat_poultry,عم شلتت - حي السليمانية,عم شلتت,حي السليمانية,عم شلتت - حي السليمانية,العليا,بلدية,بلدية العليا,True,False,لا يوجد,,0,,,False,none,,6,True
Data 2025.xlsx,2520,2025-04-03,2025-04,2025-W14,2,3,co-0462-r01,co-0462-R01,قطع دجاج مشوي,الدجاج المطبوخ (Cooked chicken),Cooked chicken,الدجاج المطبوخ (Cooked chicken),cooked_meat_poultry,بر يموز - حي السليمانية,بر يموز,حي السليمانية,بر يموز - حي السليمانية,العليا,بلدية,بلدية العليا,False,True,العد الكلي للبكتيريا | استافيلوكوكس اورياس,العد الكلي للبكتيريا | استافيلوكوكس اورياس,2,استافيلوكوكس اورياس,العد الكلي للبكتيريا,True,pathogen,,1,False
Data 2025.xlsx,2489,2025-04-03,2025-04,2025-W14,2,3,cre-0037-r01,Cre-0037-R01,قشطة البان بدر,(cream) قشطة,cream,القشطة (cream),dairy,كنافة وبسبوسة - حي السليمانية,كنافة وبسبوسة,حي السليمانية,كنافة وبسبوسة - حي السليمانية,العليا,بلدية,بلدية العليا,True,False,لا يوجد,,0,,,False,none,category_merged_to_canonical,4,True
Data 2025.xlsx,2490,2025-04-03,2025-04,2025-W14,2,3,ho-0218-r01,ho-0218-R01,عسل مع سمن,(Honey) عسل النحل,Honey,(Honey) عسل النحل,sweets_bakery,كنافة وبسبوسة - حي السليمانية,كنافة وبسبوسة,حي السليمانية,كنافة وبسبوسة - حي السليمانية,العليا,بلدية,بلدية العليا,True,False,لا يوجد,,0,,,False,none,,4,True
Data 2025.xlsx,2511,2025-04-03,2025-04,2025-W14,2,3,jui-0417-r01,jui-0417-R01,عصير سلطة,العصائر الطازجة Un-pasteurized juices (fresh),fresh,العصائر الطازجة Un-pasteurized juices (fresh),beverage,مصري أصلي - حي السليمانية,مصري أصلي,حي السليمانية,مصري أصلي - حي السليمانية,العليا,بلدية,بلدية العليا,True,False,لا يوجد,,0,,,False,none,,0,False
Data 2025.xlsx,2513,2025-04-03,2025-04,2025-W14,2,3,jui-0418-r01,jui-0418-R01,عصير مانجا,العصائر الطازجة Un-pasteurized juices (fresh),fresh,العصائر الطازجة Un-pasteurized juices (fresh),beverage,مصري أصلي - حي السليمانية,مصري أصلي,حي السليمانية,مصري أصلي - حي السليمانية,العليا,بلدية,بلدية العليا,True,False,لا يوجد,,0,,,False,none,,1,False
Data 2025.xlsx,2472,2025-04-03,2025-04,2025-W14,2,3,pick-0353-r01,Pick-0353-R01,باذنجان مخلل,المخلل (Pickle),Pickle,المخلل (Pickle),sauce_condiment,بهيج - حي ظهرة لبن,بهيج,حي ظهرة لبن,بهيج - حي ظهرة لبن,عرقة,بلدية,بلدية عرقة,True,False,لا يوجد,,0,,,False,none,,1,False
Data 2025.xlsx,2512,2025-04-03,2025-04,2025-W14,2,3,pick-0354-r01,Pick-0354-R01,مخلل طماطم,المخلل (Pickle),Pickle,المخلل (Pickle),sauce_condiment,مصري أصلي - حي السليمانية,مصري أصلي,حي السليمانية,مصري أصلي - حي السليمانية,العليا,بلدية,بلدية العليا,False,True,خمائر | اعفان,الخمائر والاعفان | الخمائر والاعفان,2,,الخمائر والاعفان | الخمائر والاعفان,False,indicator_only,,1,False
Data 2025.xlsx,2442,2025-04-03,2025-04,2025-W14,2,3,sal-1174-r01,Sal-1174-R01,سلطة خضراء,السلطة(Salad),Salad,السلطة(Salad),produce,وهمي - حي النسيم الغربي,وهمي,حي النسيم الغربي,وهمي - حي النسيم الغربي,النسيم,بلدية,بلدية النسيم,True,False,لا يوجد,,0,,,False,none,,3,True
Data 2025.xlsx,2470,2025-04-03,2025-04,2025-W14,2,3,sal-1175-r01,Sal-1175-R01,سلطة خضراء,السلطة(Salad),Salad,السلطة(Salad),produce,بهيج - حي ظهرة لبن,بهيج,حي ظهرة لبن,بهيج - حي ظهرة لبن,عرقة,بلدية,بلدية عرقة,False,True,استافيلوكوكس اورياس,استافيلوكوكس اورياس,1,استافيلوكوكس اورياس,,True,pathogen,,1,False
Data 2025.xlsx,2505,2025-04-03,2025-04,2025-W14,2,3,sal-1176-r01,Sal-1176-R01,سلطة ملفوف,السلطة(Salad),Salad,السلطة(Salad),produce,تشيكن بلالم - حي السليمانية,تشيكن بلالم,حي السليمانية,تشيكن بلالم - حي السليمانية,العليا,بلدية,بلدية العليا,True,False,لا يوجد,,0,,,False,none,,0,False
Data 2025.xlsx,2514,2025-04-03,2025-04,2025-W14,2,3,sal-1177-r01,Sal-1177-R01,سلطة بطاطس,السلطة(Salad),Salad,السلطة(Salad),produce,مصري أصلي - حي السليمانية,مصري أصلي,حي السليمانية,مصري أصلي - حي السليمانية,العليا,بلدية,بلدية العليا,True,False,لا يوجد,,0,,,False,none,,1,False
Data 2025.xlsx,2430,2025-04-03,2025-04,2025-W14,2,3,sau-1310-r01,sau-1310-R01,صوص مايو نيز,صوص (sauce),sauce,صوص (sauce),sauce_condiment,وهمي - حي اليرموك,وهمي,حي اليرموك,وهمي - حي اليرموك,الروضة,بلدية,بلدية الروضة,False,True,العد الكلي للبكتيريا | استافيلوكوكس اورياس,العد الكلي للبكتيريا | استافيلوكوكس اورياس,2,استافيلوكوكس اورياس,العد الكلي للبكتيريا,True,pathogen,,1,False
Data 2025.xlsx,2431,2025-04-03,2025-04,2025-W14,2,3,sau-1311-r01,sau-1311-R01,صوص جبنة,صوص (sauce),sauce,صوص (sauce),sauce_condiment,وهمي - حي اليرموك,وهمي,حي اليرموك,وهمي - حي اليرموك,الروضة,بلدية,بلدية الروضة,True,False,لا يوجد,,0,,,False,none,,1,False
Data 2025.xlsx,2432,2025-04-03,2025-04,2025-W14,2,3,sau-1312-r01,sau-1312-R01,صوص تاوز ايلند,صوص (sauce),sauce,صوص (sauce),sauce_condiment,وهمي - حي اليرموك,وهمي,حي اليرموك,وهمي - حي اليرموك,الروضة,بلدية,بلدية الروضة,True,False,لا يوجد,,0,,,False,none,,1,False
Data 2025.xlsx,2437,2025-04-03,2025-04,2025-W14,2,3,sau-1313-r01,sau-1313-R01,صوص تشيلي,صوص (sauce),sauce,صوص (sauce),sauce_condiment,بلالم - حي اليرموك,بلالم,حي اليرموك,بلالم - حي اليرموك,الروضة,بلدية,بلدية الروضة,True,False,لا يوجد,,0,,,False,none,,1,False
Data 2025.xlsx,2438,2025-04-03,2025-04,2025-W14,2,3,sau-1314-r01,sau-1314-R01,صوص كوكتيل,صوص (sauce),sauce,صوص (sauce),sauce_condiment,بلالم - حي اليرموك,بلالم,حي اليرموك,بلالم - حي اليرموك,الروضة,بلدية,بلدية الروضة,True,False,لا يوجد,,0,,,False,none,,1,False
Data 2025.xlsx,2443,2025-04-03,2025-04,2025-W14,2,3,sau-1315-r01,sau-1315-R01,صوص جبنة,صوص (sauce),sauce,صوص (sauce),sauce_condiment,وهمي - حي النسيم الغربي,وهمي,حي النسيم الغربي,وهمي - حي النسيم الغربي,النسيم,بلدية,بلدية النسيم,True,False,لا يوجد,,0,,,False,none,,3,True
Data 2025.xlsx,2444,2025-04-03,2025-04,2025-W14,2,3,sau-1316-r01,sau-1316-R01,صوص رانش,صوص (sauce),sauce,صوص (sauce),sauce_condiment,وهمي - حي النسيم الغربي,وهمي,حي النسيم الغربي,وهمي - حي النسيم الغربي,النسيم,بلدية,بلدية النسيم,True,False,لا يوجد,,0,,,False,none,,3,True
Data 2025.xlsx,2448,2025-04-03,2025-04,2025-W14,2,3,sau-1317-r01,sau-1317-R01,صوص بستاشو,صوص (sauce),sauce,صوص (sauce),sauce_condiment,كنافة وبسبوسة - حي العزيزية,كنافة وبسبوسة,حي العزيزية,كنافة وبسبوسة - حي العزيزية,العزيزية,بلدية,بلدية العزيزية,False,True,العد الكلي للبكتيريا,العد الكلي للبكتيريا,1,,العد الكلي للبكتيريا,False,indicator_only,,2,True
Data 2025.xlsx,2449,2025-04-03,2025-04,2025-W14,2,3,sau-1318-r01,sau-1318-R01,صوص لوتس,صوص (sauce),sauce,صوص (sauce),sauce_condiment,كنافة وبسبوسة - حي العزيزية,كنافة وبسبوسة,حي العزيزية,كنافة وبسبوسة - حي العزيزية,العزيزية,بلدية,بلدية العزيزية,True,False,لا يوجد,,0,,,False,none,,2,True
Data 2025.xlsx,2450,2025-04-03,2025-04,2025-W14,2,3,sau-1319-r01,sau-1319-R01,صوص نوتيلا,صوص (sauce),sauce,صوص (sauce),sauce_condiment,كنافة وبسبوسة - حي العزيزية,كنافة وبسبوسة,حي العزيزية,كنافة وبسبوسة - حي العزيزية,العزيزية,بلدية,بلدية العزيزية,True,False,لا يوجد,,0,,,False,none,,2,True
Data 2025.xlsx,2453,2025-04-03,2025-04,2025-W14,2,3,sau-1320-r01,sau-1320-R01,صوص باربكيو,صوص (sauce),sauce,صوص (sauce),sauce_condiment,بريموز - حي العزيزية,بريموز,حي العزيزية,بريموز - حي العزيزية,العزيزية,بلدية,بلدية العزيزية,True,False,لا يوجد,,0,,,False,none,,1,False
Data 2025.xlsx,2454,2025-04-03,2025-04,2025-W14,2,3,sau-1321-r01,sau-1321-R01,صوص رانش,صوص (sauce),sauce,صوص (sauce),sauce_condiment,بريموز - حي العزيزية,بريموز,حي العزيزية,بريموز - حي العزيزية,العزيزية,بلدية,بلدية العزيزية,False,True,العد الكلي للبكتيريا | انتيروباكتريسي | استافيلوكوكس اورياس | الخمائر والاعفان,العد الكلي للبكتيريا | انتيروباكتريسي | استافيلوكوكس اورياس | الخمائر والاعفان,4,استافيلوكوكس اورياس,العد الكلي للبكتيريا | انتيروباكتريسي | الخمائر والاعفان,True,pathogen,,2,True
Data 2025.xlsx,2459,2025-04-03,2025-04,2025-W14,2,3,sau-1322-r01,sau-1322-R01,صوص وهمي,صوص (sauce),sauce,صوص (sauce),sauce_condiment,وهمي - حي العزيزية,وهمي,حي العزيزية,وهمي - حي العزيزية,العزيزية,بلدية,بلدية العزيزية,False,True,العد الكلي للبكتيريا | الخمائر والاعفان,العد الكلي للبكتيريا | الخمائر والاعفان,2,,العد الكلي للبكتيريا | الخمائر والاعفان,False,indicator_only,,5,True
Data 2025.xlsx,2460,2025-04-03,2025-04,2025-W14,2,3,sau-1323-r01,sau-1323-R01,صوص بيبر,صوص (sauce),sauce,صوص (sauce),sauce_condiment,وهمي - حي العزيزية,وهمي,حي العزيزية,وهمي - حي العزيزية,العزيزية,بلدية,بلدية العزيزية,False,True,العد الكلي للبكتيريا | استافيلوكوكس اورياس | الخمائر والاعفان,العد الكلي للبكتيريا | استافيلوكوكس اورياس | الخمائر والاعفان,3,استافيلوكوكس اورياس,العد الكلي للبكتيريا | الخمائر والاعفان,True,pathogen,,6,True
Data 2025.xlsx,2461,2025-04-03,2025-04,2025-W14,2,3,sau-1324-r01,sau-1324-R01,صوص تكس,صوص (sauce),sauce,صوص (sauce),sauce_condiment,وهمي - حي العزيزية,وهمي,حي العزيزية,وهمي - حي العزيزية,العزيزية,بلدية,بلدية العزيزية,False,True,العد الكلي للبكتيريا | استافيلوكوكس اورياس | الخمائر والاعفان,العد الكلي للبكتيريا | استافيلوكوكس اورياس | الخمائر والاعفان,3,استافيلوكوكس اورياس,العد الكلي للبكتيريا | الخمائر والاعفان,True,pathogen,,7,True
Data 2025.xlsx,2475,2025-04-03,2025-04,2025-W14,2,3,sau-1325-r01,sau-1325-R01,صوص بستاشيو,صوص (sauce),sauce,صوص (sauce),sauce_condiment,عم شلتت - حي الملقا,عم شلتت,حي الملقا,عم شلتت - حي الملقا,الشمال,بلدية,بلدية الشمال,False,True,انتيروباكتريسي,انتيروباكتريسي,1,,انتيروباكتريسي,False,indicator_only,,2,True
Data 2025.xlsx,2476,2025-04-03,2025-04,2025-W14,2,3,sau-1326-r01,sau-1326-R01,صوص لوتس,صوص (sauce),sauce,صوص (sauce),sauce_condiment,عم شلتت - حي الملقا,عم شلتت,حي الملقا,عم شلتت - حي الملقا,الشمال,بلدية,بلدية الشمال,False,True,العد الكلي للبكتيريا,العد الكلي للبكتيريا,1,,العد الكلي للبكتيريا,False,indicator_only,,3,True
Data 2025.xlsx,2478,2025-04-03,2025-04,2025-W14,2,3,sau-1327-r01,sau-1327-R01,صوص مش,صوص (sauce),sauce,صوص (sauce),sauce_condiment,عم شلتت - حي الملقا,عم شلتت,حي الملقا,عم شلتت - حي الملقا,الشمال,بلدية,بلدية الشمال,False,True,العد الكلي للبكتيريا | الخمائر والاعفان,العد الكلي للبكتيريا | الخمائر والاعفان,2,,العد الكلي للبكتيريا | الخمائر والاعفان,False,indicator_only,,4,True
Data 2025.xlsx,2479,2025-04-03,2025-04,2025-W14,2,3,sau-1328-r01,sau-1328-R01,صوص قشطة,صوص (sauce),sauce,صوص (sauce),sauce_condiment,عم شلتت - حي الملقا,عم شلتت,حي الملقا,عم شلتت - حي الملقا,الشمال,بلدية,بلدية الشمال,False,True,العد الكلي للبكتيريا | انتيروباكتريسي | الخمائر والاعفان,العد الكلي للبكتيريا | انتيروباكتريسي | الخمائر والاعفان,3,,العد الكلي للبكتيريا | انتيروباكتريسي | الخمائر والاعفان,False,indicator_only,,5,True
Data 2025.xlsx,2484,2025-04-03,2025-04,2025-W14,2,3,sau-1329-r01,sau-1329-R01,صوص وهمي,صوص (sauce),sauce,صوص (sauce),sauce_condiment,وهمي - حي الملقا,وهمي,حي الملقا,وهمي - حي الملقا,الشمال,بلدية,بلدية الشمال,False,True,العد الكلي للبكتيريا,العد الكلي للبكتيريا,1,,العد الكلي للبكتيريا,False,indicator_only,,11,True
Data 2025.xlsx,2485,2025-04-03,2025-04,2025-W14,2,3,sau-1330-r01,sau-1330-R01,صوص صويا,صوص (sauce),sauce,صوص (sauce),sauce_condiment,وهمي - حي الملقا,وهمي,حي الملقا,وهمي - حي الملقا,الشمال,بلدية,بلدية الشمال,True,False,لا يوجد,,0,,,False,none,,11,True
Data 2025.xlsx,2488,2025-04-03,2025-04,2025-W14,2,3,sau-1331-r01,sau-1331-R01,صوص روشية,صوص (sauce),sauce,صوص (sauce),sauce_condiment,كنافة وبسبوسة - حي السليمانية,كنافة وبسبوسة,حي السليمانية,كنافة وبسبوسة - حي السليمانية,العليا,بلدية,بلدية العليا,False,True,العد الكلي للبكتيريا,العد الكلي للبكتيريا,1,,العد الكلي للبكتيريا,False,indicator_only,,4,True
Data 2025.xlsx,2497,2025-04-03,2025-04,2025-W14,2,3,sau-1332-r01,sau-1332-R01,صوص جبنة,صوص (sauce),sauce,صوص (sauce),sauce_condiment,وهمي - حي السليمانية,وهمي,حي السليمانية,وهمي - حي السليمانية,العليا,بلدية,بلدية العليا,True,False,لا يوجد,,0,,,False,none,,13,True
Data 2025.xlsx,2502,2025-04-03,2025-04,2025-W14,2,3,sau-1333-r01,sau-1333-R01,صوص نوتيلا,صوص (sauce),sauce,صوص (sauce),sauce_condiment,عم شلتت - حي السليمانية,عم شلتت,حي السليمانية,عم شلتت - حي السليمانية,العليا,بلدية,بلدية العليا,True,False,لا يوجد,,0,,,False,none,,6,True
Data 2025.xlsx,2503,2025-04-03,2025-04,2025-W14,2,3,sau-1334-r01,sau-1334-R01,صوص لوتس,صوص (sauce),sauce,صوص (sauce),sauce_condiment,عم شلتت - حي السليمانية,عم شلتت,حي السليمانية,عم شلتت - حي السليمانية,العليا,بلدية,بلدية العليا,True,False,لا يوجد,,0,,,False,none,,6,True
Data 2025.xlsx,2504,2025-04-03,2025-04,2025-W14,2,3,sau-1335-r01,sau-1335-R01,صوص ثوم,صوص (sauce),sauce,صوص (sauce),sauce_condiment,تشيكن بلالم - حي السليمانية,تشيكن بلالم,حي السليمانية,تشيكن بلالم - حي السليمانية,العليا,بلدية,بلدية العليا,True,False,لا يوجد,,0,,,False,none,,0,False
Data 2025.xlsx,2509,2025-04-03,2025-04,2025-W14,2,3,sau-1336-r01,sau-1336-R01,تشيلي صوص,صوص (sauce),sauce,صوص (sauce),sauce_condiment,تشيكن بلالم - حي السليمانية,تشيكن بلالم,حي السليمانية,تشيكن بلالم - حي السليمانية,العليا,بلدية,بلدية العليا,True,False,لا يوجد,,0,,,False,none,,0,False
Data 2025.xlsx,2510,2025-04-03,2025-04,2025-W14,2,3,sau-1337-r01,sau-1337-R01,باربكيو صوص,صوص (sauce),sauce,صوص (sauce),sauce_condiment,تشيكن بلالم - حي السليمانية,تشيكن بلالم,حي السليمانية,تشيكن بلالم - حي السليمانية,العليا,بلدية,بلدية العليا,True,False,لا يوجد,,0,,,False,none,,0,False
Data 2025.xlsx,2524,2025-04-03,2025-04,2025-W14,2,3,sau-1338-r01,sau-1338-R01,سموكي صوص,صوص (sauce),sauce,صوص (sauce),sauce_condiment,بر يموز - حي السليمانية,بر يموز,حي السليمانية,بر يموز - حي السليمانية,العليا,بلدية,بلدية العليا,True,False,لا يوجد,,0,,,False,none,,2,True
Data 2025.xlsx,2525,2025-04-03,2025-04,2025-W14,2,3,sau-1339-r01,sau-1339-R01,صوص رانش,صوص (sauce),sauce,صوص (sauce),sauce_condiment,بر يموز - حي السليمانية,بر يموز,حي السليمانية,بر يموز - حي السليمانية,العليا,بلدية,بلدية العليا,False,True,انتيروباكتريسي,انتيروباكتريسي,1,,انتيروباكتريسي,False,indicator_only,,3,True
Data 2025.xlsx,2427,2025-04-03,2025-04,2025-W14,2,3,sw-2653-r01,sw-2653-R01,مسحة يد عامل,(Swabs) المسحات,Swabs,(Swabs) المسحات,swab,وهمي - حي اليرموك,وهمي,حي اليرموك,وهمي - حي اليرموك,الروضة,بلدية,بلدية الروضة,True,False,لا يوجد,,0,,,False,none,,0,False
Data 2025.xlsx,2428,2025-04-03,2025-04,2025-W14,2,3,sw-2654-r01,sw-2654-R01,مسحة يد عامل,(Swabs) المسحات,Swabs,(Swabs) المسحات,swab,وهمي - حي اليرموك,وهمي,حي اليرموك,وهمي - حي اليرموك,الروضة,بلدية,بلدية الروضة,True,False,لا يوجد,,0,,,False,none,,0,False
Data 2025.xlsx,2429,2025-04-03,2025-04,2025-W14,2,3,sw-2655-r01,sw-2655-R01,مسحة يد عامل,(Swabs) المسحات,Swabs,(Swabs) المسحات,swab,وهمي - حي اليرموك,وهمي,حي اليرموك,وهمي - حي اليرموك,الروضة,بلدية,بلدية الروضة,True,False,لا يوجد,,0,,,False,none,,0,False
Data 2025.xlsx,2433,2025-04-03,2025-04,2025-W14,2,3,sw-2656-r01,sw-2656-R01,مسحة يد عامل,(Swabs) المسحات,Swabs,(Swabs) المسحات,swab,بلالم - حي اليرموك,بلالم,حي اليرموك,بلالم - حي اليرموك,الروضة,بلدية,بلدية الروضة,True,False,لا يوجد,,0,,,False,none,,0,False
Data 2025.xlsx,2434,2025-04-03,2025-04,2025-W14,2,3,sw-2657-r01,sw-2657-R01,مسحة يد عامل,(Swabs) المسحات,Swabs,(Swabs) المسحات,swab,بلالم - حي اليرموك,بلالم,حي اليرموك,بلالم - حي اليرموك,الروضة,بلدية,بلدية الروضة,True,False,لا يوجد,,0,,,False,none,,0,False
Data 2025.xlsx,2435,2025-04-03,2025-04,2025-W14,2,3,sw-2658-r01,sw-2658-R01,مسحة يد عامل,(Swabs) المسحات,Swabs,(Swabs) المسحات,swab,بلالم - حي اليرموك,بلالم,حي اليرموك,بلالم - حي اليرموك,الروضة,بلدية,بلدية الروضة,False,True,العد الكلي للبكتيريا | استافيلوكوكس اورياس,العد الكلي للبكتيريا | استافيلوكوكس اورياس,2,استافيلوكوكس اورياس,العد الكلي للبكتيريا,True,pathogen,,1,False
Data 2025.xlsx,2436,2025-04-03,2025-04,2025-W14,2,3,sw-2659-r01,sw-2659-R01,مسحة حافظة بطاطس,(Swabs) المسحات,Swabs,(Swabs) المسحات,swab,بلالم - حي اليرموك,بلالم,حي اليرموك,بلالم - حي اليرموك,الروضة,بلدية,بلدية الروضة,True,False,لا يوجد,,0,,,False,none,,1,False
Data 2025.xlsx,2439,2025-04-03,2025-04,2025-W14,2,3,sw-2660-r01,sw-2660-R01,مسحة يد عامل,(Swabs) المسحات,Swabs,(Swabs) المسحات,swab,وهمي - حي النسيم الغربي,وهمي,حي النسيم الغربي,وهمي - حي النسيم الغربي,النسيم,بلدية,بلدية النسيم,False,True,العد الكلي للبكتيريا,العد الكلي للبكتيريا,1,,العد الكلي للبكتيريا,False,indicator_only,,2,True
Data 2025.xlsx,2440,2025-04-03,2025-04,2025-W14,2,3,sw-2661-r01,sw-2661-R01,مسحة يد عامل,(Swabs) المسحات,Swabs,(Swabs) المسحات,swab,وهمي - حي النسيم الغربي,وهمي,حي النسيم الغربي,وهمي - حي النسيم الغربي,النسيم,بلدية,بلدية النسيم,False,True,العد الكلي للبكتيريا,العد الكلي للبكتيريا,1,,العد الكلي للبكتيريا,False,indicator_only,,3,True
Data 2025.xlsx,2441,2025-04-03,2025-04,2025-W14,2,3,sw-2662-r01,sw-2662-R01,مسحة يد عامل,(Swabs) المسحات,Swabs,(Swabs) المسحات,swab,وهمي - حي النسيم الغربي,وهمي,حي النسيم الغربي,وهمي - حي النسيم الغربي,النسيم,بلدية,بلدية النسيم,True,False,لا يوجد,,0,,,False,none,,3,True
Data 2025.xlsx,2445,2025-04-03,2025-04,2025-W14,2,3,sw-2663-r01,sw-2663-R01,مسحة يد عامل,(Swabs) المسحات,Swabs,(Swabs) المسحات,swab,كنافة وبسبوسة - حي العزيزية,كنافة وبسبوسة,حي العزيزية,كنافة وبسبوسة - حي العزيزية,العزيزية,بلدية,بلدية العزيزية,False,True,العد الكلي للبكتيريا,العد الكلي للبكتيريا,1,,العد الكلي للبكتيريا,False,indicator_only,,1,False
Data 2025.xlsx,2446,2025-04-03,2025-04,2025-W14,2,3,sw-2664-r01,sw-2664-R01,مسحة حافظة حلا,(Swabs) المسحات,Swabs,(Swabs) المسحات,swab,كنافة وبسبوسة - حي العزيزية,كنافة وبسبوسة,حي العزيزية,كنافة وبسبوسة - حي العزيزية,العزيزية,بلدية,بلدية العزيزية,True,False,لا يوجد,,0,,,False,none,,1,False
Data 2025.xlsx,2447,2025-04-03,2025-04,2025-W14,2,3,sw-2665-r01,sw-2665-R01,مسحة ثلاجة حلا,(Swabs) المسحات,Swabs,(Swabs) المسحات,swab,كنافة وبسبوسة - حي العزيزية,كنافة وبسبوسة,حي العزيزية,كنافة وبسبوسة - حي العزيزية,العزيزية,بلدية,بلدية العزيزية,True,False,لا يوجد,,0,,,False,none,,1,False
Data 2025.xlsx,2451,2025-04-03,2025-04,2025-W14,2,3,sw-2666-r01,sw-2666-R01,مسحة ثلاجة اعداد,(Swabs) المسحات,Swabs,(Swabs) المسحات,swab,بريموز - حي العزيزية,بريموز,حي العزيزية,بريموز - حي العزيزية,العزيزية,بلدية,بلدية العزيزية,True,False,لا يوجد,,0,,,False,none,,0,False
Data 2025.xlsx,2452,2025-04-03,2025-04,2025-W14,2,3,sw-2667-r01,sw-2667-R01,مسحة ثلاجة اعداد,(Swabs) المسحات,Swabs,(Swabs) المسحات,swab,بريموز - حي العزيزية,بريموز,حي العزيزية,بريموز - حي العزيزية,العزيزية,بلدية,بلدية العزيزية,False,True,العد الكلي للبكتيريا,العد الكلي للبكتيريا,1,,العد الكلي للبكتيريا,False,indicator_only,,1,False
Data 2025.xlsx,2456,2025-04-03,2025-04,2025-W14,2,3,sw-2668-r01,sw-2668-R01,مسحة يد عامل,(Swabs) المسحات,Swabs,(Swabs) المسحات,swab,وهمي - حي العزيزية,وهمي,حي العزيزية,وهمي - حي العزيزية,العزيزية,بلدية,بلدية العزيزية,False,True,العد الكلي للبكتيريا,العد الكلي للبكتيريا,1,,العد الكلي للبكتيريا,False,indicator_only,,4,True
Data 2025.xlsx,2457,2025-04-03,2025-04,2025-W14,2,3,sw-2669-r01,sw-2669-R01,مسحة يد عامل,(Swabs) المسحات,Swabs,(Swabs) المسحات,swab,وهمي - حي العزيزية,وهمي,حي العزيزية,وهمي - حي العزيزية,العزيزية,بلدية,بلدية العزيزية,True,False,لا يوجد,,0,,,False,none,,4,True
Data 2025.xlsx,2458,2025-04-03,2025-04,2025-W14,2,3,sw-2670-r01,sw-2670-R01,مسحة ثبلاجة اعداد,(Swabs) المسحات,Swabs,(Swabs) المسحات,swab,وهمي - حي العزيزية,وهمي,حي العزيزية,وهمي - حي العزيزية,العزيزية,بلدية,بلدية العزيزية,True,False,لا يوجد,,0,,,False,none,,4,True
Data 2025.xlsx,2462,2025-04-03,2025-04,2025-W14,2,3,sw-2671-r01,sw-2671-R01,مسحة يد عامل,(Swabs) المسحات,Swabs,(Swabs) المسحات,swab,وهمي - حي ظهرة لبن,وهمي,حي ظهرة لبن,وهمي - حي ظهرة لبن,عرقة,بلدية,بلدية عرقة,True,False,لا يوجد,,0,,,False,none,,7,True
Data 2025.xlsx,2463,2025-04-03,2025-04,2025-W14,2,3,sw-2672-r01,sw-2672-R01,مسحة حافظة بطاطس,(Swabs) المسحات,Swabs,(Swabs) المسحات,swab,وهمي - حي ظهرة لبن,وهمي,حي ظهرة لبن,وهمي - حي ظهرة لبن,عرقة,بلدية,بلدية عرقة,True,False,لا يوجد,,0,,,False,none,,7,True
Data 2025.xlsx,2464,2025-04-03,2025-04,2025-W14,2,3,sw-2673-r01,sw-2673-R01,مسحة ثلاجة اعداد,(Swabs) المسحات,Swabs,(Swabs) المسحات,swab,وهمي - حي ظهرة لبن,وهمي,حي ظهرة لبن,وهمي - حي ظهرة لبن,عرقة,بلدية,بلدية عرقة,False,True,العد الكلي للبكتيريا,العد الكلي للبكتيريا,1,,العد الكلي للبكتيريا,False,indicator_only,,8,True
Data 2025.xlsx,2468,2025-04-03,2025-04,2025-W14,2,3,sw-2674-r01,sw-2674-R01,مسحة يد عامل,(Swabs) المسحات,Swabs,(Swabs) المسحات,swab,بهيج - حي ظهرة لبن,بهيج,حي ظهرة لبن,بهيج - حي ظهرة لبن,عرقة,بلدية,بلدية عرقة,True,False,لا يوجد,,0,,,False,none,,0,False
Data 2025.xlsx,2473,2025-04-03,2025-04,2025-W14,2,3,sw-2675-r01,sw-2675-R01,مسحة يد عامل,(Swabs) المسحات,Swabs,(Swabs) المسحات,swab,عم شلتت - حي الملقا,عم شلتت,حي الملقا,عم شلتت - حي الملقا,الشمال,بلدية,بلدية الشمال,False,True,العد الكلي للبكتيريا | استافيلوكوكس اورياس,العد الكلي للبكتيريا | استافيلوكوكس اورياس,2,استافيلوكوكس اورياس,العد الكلي للبكتيريا,True,pathogen,,1,False
Data 2025.xlsx,2474,2025-04-03,2025-04,2025-W14,2,3,sw-2676-r01,sw-2676-R01,مسحة يد عامل,(Swabs) المسحات,Swabs,(Swabs) المسحات,swab,عم شلتت - حي الملقا,عم شلتت,حي الملقا,عم شلتت - حي الملقا,الشمال,بلدية,بلدية الشمال,True,False,لا يوجد,,0,,,False,none,,1,False
Data 2025.xlsx,2480,2025-04-03,2025-04,2025-W14,2,3,sw-2677-r01,sw-2677-R01,مسحة يد عامل,(Swabs) المسحات,Swabs,(Swabs) المسحات,swab,وهمي - حي الملقا,وهمي,حي الملقا,وهمي - حي الملقا,الشمال,بلدية,بلدية الشمال,True,False,لا يوجد,,0,,,False,none,,10,True
Data 2025.xlsx,2481,2025-04-03,2025-04,2025-W14,2,3,sw-2678-r01,sw-2678-R01,مسحة يد عامل,(Swabs) المسحات,Swabs,(Swabs) المسحات,swab,وهمي - حي الملقا,وهمي,حي الملقا,وهمي - حي الملقا,الشمال,بلدية,بلدية الشمال,True,False,لا يوجد,,0,,,False,none,,10,True
Data 2025.xlsx,2491,2025-04-03,2025-04,2025-W14,2,3,sw-2679-r01,sw-2679-R01,مسحة حافظة الحلا,(Swabs) المسحات,Swabs,(Swabs) المسحات,swab,كنافة وبسبوسة - حي السليمانية,كنافة وبسبوسة,حي السليمانية,كنافة وبسبوسة - حي السليمانية,العليا,بلدية,بلدية العليا,True,False,لا يوجد,,0,,,False,none,,4,True
Data 2025.xlsx,2492,2025-04-03,2025-04,2025-W14,2,3,sw-2680-r01,sw-2680-R01,مسحة يد عامل,(Swabs) المسحات,Swabs,(Swabs) المسحات,swab,وهمي - حي السليمانية,وهمي,حي السليمانية,وهمي - حي السليمانية,العليا,بلدية,بلدية العليا,False,True,العد الكلي للبكتيريا,العد الكلي للبكتيريا,1,,العد الكلي للبكتيريا,False,indicator_only,,12,True
Data 2025.xlsx,2493,2025-04-03,2025-04,2025-W14,2,3,sw-2681-r01,sw-2681-R01,مسحة يد عامل,(Swabs) المسحات,Swabs,(Swabs) المسحات,swab,وهمي - حي السليمانية,وهمي,حي السليمانية,وهمي - حي السليمانية,العليا,بلدية,بلدية العليا,True,False,لا يوجد,,0,,,False,none,,12,True
Data 2025.xlsx,2494,2025-04-03,2025-04,2025-W14,2,3,sw-2682-r01,sw-2682-R01,مسحة منطقة تحضير,(Swabs) المسحات,Swabs,(Swabs) المسحات,swab,وهمي - حي السليمانية,وهمي,حي السليمانية,وهمي - حي السليمانية,العليا,بلدية,بلدية العليا,False,True,العد الكلي للبكتيريا,العد الكلي للبكتيريا,1,,العد الكلي للبكتيريا,False,indicator_only,,13,True
Data 2025.xlsx,2496,2025-04-03,2025-04,2025-W14,2,3,sw-2683-r01,sw-2683-R01,مسحة حافظة بطاطس,(Swabs) المسحات,Swabs,(Swabs) المسحات,swab,وهمي - حي السليمانية,وهمي,حي السليمانية,وهمي - حي السليمانية,العليا,بلدية,بلدية العليا,True,False,لا يوجد,,0,,,False,none,,13,True
Data 2025.xlsx,2498,2025-04-03,2025-04,2025-W14,2,3,sw-2684-r01,sw-2684-R01,مسحة يد عامل,(Swabs) المسحات,Swabs,(Swabs) المسحات,swab,عم شلتت - حي السليمانية,عم شلتت,حي السليمانية,عم شلتت - حي السليمانية,العليا,بلدية,بلدية العليا,True,False,لا يوجد,,0,,,False,none,,5,True
Data 2025.xlsx,2499,2025-04-03,2025-04,2025-W14,2,3,sw-2685-r01,sw-2685-R01,مسحة يد عامل,(Swabs) المسحات,Swabs,(Swabs) المسحات,swab,عم شلتت - حي السليمانية,عم شلتت,حي السليمانية,عم شلتت - حي السليمانية,العليا,بلدية,بلدية العليا,False,True,العد الكلي للبكتيريا | استافيلوكوكس اورياس,العد الكلي للبكتيريا | استافيلوكوكس اورياس,2,استافيلوكوكس اورياس,العد الكلي للبكتيريا,True,pathogen,,6,True
Data 2025.xlsx,2500,2025-04-03,2025-04,2025-W14,2,3,sw-2686-r01,sw-2686-R01,مسحة يد عامل,(Swabs) المسحات,Swabs,(Swabs) المسحات,swab,عم شلتت - حي السليمانية,عم شلتت,حي السليمانية,عم شلتت - حي السليمانية,العليا,بلدية,بلدية العليا,True,False,لا يوجد,,0,,,False,none,,6,True
Data 2025.xlsx,2507,2025-04-03,2025-04,2025-W14,2,3,sw-2687-r01,sw-2687-R01,مسحة حافظة بطاطس,(Swabs) المسحات,Swabs,(Swabs) المسحات,swab,تشيكن بلالم - حي السليمانية,تشيكن بلالم,حي السليمانية,تشيكن بلالم - حي السليمانية,العليا,بلدية,بلدية العليا,True,False,لا يوجد,,0,,,False,none,,0,False
Data 2025.xlsx,2508,2025-04-03,2025-04,2025-W14,2,3,sw-2688-r01,sw-2688-R01,مسحة يد عامل,(Swabs) المسحات,Swabs,(Swabs) المسحات,swab,تشيكن بلالم - حي السليمانية,تشيكن بلالم,حي السليمانية,تشيكن بلالم - حي السليمانية,العليا,بلدية,بلدية العليا,True,False,لا يوجد,,0,,,False,none,,0,False
Data 2025.xlsx,2522,2025-04-03,2025-04,2025-W14,2,3,sw-2689-r01,sw-2689-R01,مسحة ثلاجة,(Swabs) المسحات,Swabs,(Swabs) المسحات,swab,بر يموز - حي السليمانية,بر يموز,حي السليمانية,بر يموز - حي السليمانية,العليا,بلدية,بلدية العليا,True,False,لا يوجد,,0,,,False,none,,2,True
Data 2025.xlsx,2523,2025-04-03,2025-04,2025-W14,2,3,sw-2690-r01,sw-2690-R01,مسحة ثلاجة,(Swabs) المسحات,Swabs,(Swabs) المسحات,swab,بر يموز - حي السليمانية,بر يموز,حي السليمانية,بر يموز - حي السليمانية,العليا,بلدية,بلدية العليا,True,False,لا يوجد,,0,,,False,none,,2,True
Data 2025.xlsx,2486,2025-04-03,2025-04,2025-W14,2,3,sweet-0871-r01,sweet-0871-R01,كيك اوريو,الحلا(sweetness),sweetness,الحلا(sweetness),sweets_bakery,كنافة وبسبوسة - حي السليمانية,كنافة وبسبوسة,حي السليمانية,كنافة وبسبوسة - حي السليمانية,العليا,بلدية,بلدية العليا,False,True,العد الكلي للبكتيريا,العد الكلي للبكتيريا,1,,العد الكلي للبكتيريا,False,indicator_only,,3,True
Data 2025.xlsx,2534,2025-04-05,2025-04,2025-W14,2,5,1-2871-R01,1-2871-R01,قشطة بالفراولة,(cream) قشطة,cream,(cream) قشطة,dairy,الدانوب - حي الملك فهد,الدانوب,حي الملك فهد,الدانوب - حي الملك فهد,الشمال,بلدية,بلدية الشمال,False,True,العد الكلي للبكتيريا | انتيروباكتريسي | الخمائر والاعفان,العد الكلي للبكتيريا | انتيروباكتريسي | الخمائر والاعفان,3,,العد الكلي للبكتيريا | انتيروباكتريسي | الخمائر والاعفان,False,indicator_only,,3,True
Data 2025.xlsx,2547,2025-04-05,2025-04,2025-W14,2,5,1-2872-R01,1-2872-R01,هلابينو,(jalapeno) هلابينو,jalapeno,(jalapeno) هلابينو,produce,الدانوب - حي الملك فهد,الدانوب,حي الملك فهد,الدانوب - حي الملك فهد,الشمال,بلدية,بلدية الشمال,True,False,لا يوجد,,0,,,False,none,,12,True
Data 2025.xlsx,3920,2025-04-05,2025-04,2025-W14,2,5,1-2977-R01,1-2977-R01,هلابينو,(jalapeno) هلابينو,jalapeno,(jalapeno) هلابينو,produce,بروستد كي - حي غرناطة,بروستد كي,حي غرناطة,بروستد كي - حي غرناطة,الروضة,بلدية,بلدية الروضة,True,False,لا يوجد,,0,,,False,none,,2,True
Data 2025.xlsx,3932,2025-04-05,2025-04,2025-W14,2,5,1-2978-R01,1-2978-R01,خبز تميس,خبز,,خبز,sweets_bakery,مطعم سمر قندي - حي غرناطة,مطعم سمر قندي,حي غرناطة,مطعم سمر قندي - حي غرناطة,الروضة,بلدية,بلدية الروضة,True,False,لا يوجد,,0,,,False,none,,2,True
Data 2025.xlsx,3937,2025-04-05,2025-04,2025-W14,2,5,1-2979-R01,1-2979-R01,معكرونة,(macaroni) مكرونة,macaroni,(macaroni) مكرونة,prepared_meal,مطعم سمر قندي - حي غرناطة,مطعم سمر قندي,حي غرناطة,مطعم سمر قندي - حي غرناطة,الروضة,بلدية,بلدية الروضة,True,False,لا يوجد,,0,,,False,none,,6,True
Data 2025.xlsx,3944,2025-04-05,2025-04,2025-W14,2,5,1-2980-R01,1-2980-R01,كشنة,(kashana) كشنة,kashana,(kashana) كشنة,prepared_meal,مطعم سمر قندي - حي غرناطة,مطعم سمر قندي,حي غرناطة,مطعم سمر قندي - حي غرناطة,الروضة,بلدية,بلدية الروضة,True,False,لا يوجد,,0,,,False,none,,9,True
Data 2025.xlsx,3945,2025-04-05,2025-04,2025-W14,2,5,1-2981-R01,1-2981-R01,رز بخاري,الارز ( rice),rice,الارز ( rice),prepared_meal,مطعم سمر قندي - حي غرناطة,مطعم سمر قندي,حي غرناطة,مطعم سمر قندي - حي غرناطة,الروضة,بلدية,بلدية الروضة,False,True,انتيروباكتريسي,انتيروباكتريسي,1,,انتيروباكتريسي,False,indicator_only,,10,True
Data 2025.xlsx,3930,2025-04-05,2025-04,2025-W14,2,5,O-O-ro-0174-R01,O-O-ro-0174-R01,جرجير,الجرجير (rocket),rocket,الجرجير (rocket),produce,مطعم سمر قندي - حي غرناطة,مطعم سمر قندي,حي غرناطة,مطعم سمر قندي - حي غرناطة,الروضة,بلدية,بلدية الروضة,False,True,استافيلوكوكس اورياس,استافيلوكوكس اورياس,1,استافيلوكوكس اورياس,,True,pathogen,,2,True
Data 2025.xlsx,3906,2025-04-05,2025-04,2025-W14,2,5,O-U-to-0608-R01,O-U-to-0608-R01,شرائح طماطم,الطماطم (Tomatoes),Tomatoes,الطماطم (Tomatoes),produce,برجر كنج - حي غرناطة,برجر كنج,حي غرناطة,برجر كنج - حي غرناطة,الروضة,بلدية,بلدية الروضة,True,False,لا يوجد,,0,,,False,none,,1,False
Data 2025.xlsx,3905,2025-04-05,2025-04,2025-W14,2,5,O-r-O3-le-0329-R01,O-r-O3-le-0329-R01,خس,الخس (Lettuce),Lettuce,الخس (Lettuce),produce,برجر كنج - حي غرناطة,برجر كنج,حي غرناطة,برجر كنج - حي غرناطة,الروضة,بلدية,بلدية الروضة,True,False,لا يوجد,,0,,,False,none,,1,False
Data 2025.xlsx,3919,2025-04-05,2025-04,2025-W14,2,5,O-r-O3-le-0330-R01,O-r-O3-le-0330-R01,قطع خس,الخس (Lettuce),Lettuce,الخس (Lettuce),produce,بروستد كي - حي غرناطة,بروستد كي,حي غرناطة,بروستد كي - حي غرناطة,الروضة,بلدية,بلدية الروضة,True,False,لا يوجد,,0,,,False,none,,2,True
Data 2025.xlsx,3924,2025-04-05,2025-04,2025-W14,2,5,OO-OSS-po-0373-R01,OO-OSS-po-0373-R01,بطاطس مقلي,البطاطس (potatoes),potatoes,البطاطس (potatoes),produce,بروستد كي - حي غرناطة,بروستد كي,حي غرناطة,بروستد كي - حي غرناطة,الروضة,بلدية,بلدية الروضة,True,False,لا يوجد,,0,,,False,none,,4,True
Data 2025.xlsx,3957,2025-04-05,2025-04,2025-W14,2,5,OO-OSS-po-0374-R01,OO-OSS-po-0374-R01,بطاطس مقلي سبايسي,البطاطس (potatoes),potatoes,البطاطس (potatoes),produce,برجر هنش - حي غرناطة,برجر هنش,حي غرناطة,برجر هنش - حي غرناطة,الروضة,بلدية,بلدية الروضة,True,False,لا يوجد,,0,,,False,none,,2,True
Data 2025.xlsx,3918,2025-04-05,2025-04,2025-W14,2,5,UU-ca-0107-R01,UU-ca-0107-R01,ملفوف بنفسجي قطع,الملفوف (cabbage),cabbage,الملفوف (cabbage),produce,بروستد كي - حي غرناطة,بروستد كي,حي غرناطة,بروستد كي - حي غرناطة,الروضة,بلدية,بلدية الروضة,True,False,لا يوجد,,0,,,False,none,,2,True
Data 2025.xlsx,3923,2025-04-05,2025-04,2025-W14,2,5,appe-0442-r01,Appe-0442-R01,حمص,مقبلات (Appetizers),Appetizers,مقبلات (Appetizers),prepared_meal,بروستد كي - حي غرناطة,بروستد كي,حي غرناطة,بروستد كي - حي غرناطة,الروضة,بلدية,بلدية الروضة,False,True,العد الكلي للبكتيريا,العد الكلي للبكتيريا,1,,العد الكلي للبكتيريا,False,indicator_only,,4,True
Data 2025.xlsx,3928,2025-04-05,2025-04,2025-W14,2,5,appe-0443-r01,Appe-0443-R01,حمص,مقبلات (Appetizers),Appetizers,مقبلات (Appetizers),prepared_meal,مطعم سمر قندي - حي غرناطة,مطعم سمر قندي,حي غرناطة,مطعم سمر قندي - حي غرناطة,الروضة,بلدية,بلدية الروضة,False,True,العد الكلي للبكتيريا,العد الكلي للبكتيريا,1,,العد الكلي للبكتيريا,False,indicator_only,,1,False
Data 2025.xlsx,3933,2025-04-05,2025-04,2025-W14,2,5,appe-0444-r01,Appe-0444-R01,تبولة,مقبلات (Appetizers),Appetizers,مقبلات (Appetizers),prepared_meal,مطعم سمر قندي - حي غرناطة,مطعم سمر قندي,حي غرناطة,مطعم سمر قندي - حي غرناطة,الروضة,بلدية,بلدية الروضة,False,True,استافيلوكوكس اورياس,استافيلوكوكس اورياس,1,استافيلوكوكس اورياس,,True,pathogen,,3,True
Data 2025.xlsx,3934,2025-04-05,2025-04,2025-W14,2,5,appe-0445-r01,Appe-0445-R01,متبل,مقبلات (Appetizers),Appetizers,مقبلات (Appetizers),prepared_meal,مطعم سمر قندي - حي غرناطة,مطعم سمر قندي,حي غرناطة,مطعم سمر قندي - حي غرناطة,الروضة,بلدية,بلدية الروضة,False,True,العد الكلي للبكتيريا,العد الكلي للبكتيريا,1,,العد الكلي للبكتيريا,False,indicator_only,,4,True
Data 2025.xlsx,3935,2025-04-05,2025-04,2025-W14,2,5,appe-0446-r01,Appe-0446-R01,بابا غنوج,مقبلات (Appetizers),Appetizers,مقبلات (Appetizers),prepared_meal,مطعم سمر قندي - حي غرناطة,مطعم سمر قندي,حي غرناطة,مطعم سمر قندي - حي غرناطة,الروضة,بلدية,بلدية الروضة,False,True,العد الكلي للبكتيريا,العد الكلي للبكتيريا,1,,العد الكلي للبكتيريا,False,indicator_only,,5,True
Data 2025.xlsx,2530,2025-04-05,2025-04,2025-W14,2,5,bri-0279-r01,bri-0279-R01,لبنة مكورة بالحبة السوداء,لبنة ( brick),brick,لبنة ( brick),dairy,الدانوب - حي الملك فهد,الدانوب,حي الملك فهد,الدانوب - حي الملك فهد,الشمال,بلدية,بلدية الشمال,False,True,انتيروباكتريسي | الخمائر والاعفان,انتيروباكتريسي | الخمائر والاعفان,2,,انتيروباكتريسي | الخمائر والاعفان,False,indicator_only,,1,False
Data 2025.xlsx,2531,2025-04-05,2025-04,2025-W14,2,5,bri-0280-r01,bri-0280-R01,لبنة مكورة بالزعتر,لبنة ( brick),brick,لبنة ( brick),dairy,الدانوب - حي الملك فهد,الدانوب,حي الملك فهد,الدانوب - حي الملك فهد,الشمال,بلدية,بلدية الشمال,True,False,لا يوجد,,0,,,False,none,,1,False
Data 2025.xlsx,2532,2025-04-05,2025-04,2025-W14,2,5,bri-0281-r01,bri-0281-R01,لبنة مكورة بالشطة,لبنة ( brick),brick,لبنة ( brick),dairy,الدانوب - حي الملك فهد,الدانوب,حي الملك فهد,الدانوب - حي الملك فهد,الشمال,بلدية,بلدية الشمال,False,True,استافيلوكوكس اورياس | الخمائر والاعفان,استافيلوكوكس اورياس | الخمائر والاعفان,2,استافيلوكوكس اورياس,الخمائر والاعفان,True,pathogen,,2,True
Data 2025.xlsx,2533,2025-04-05,2025-04,2025-W14,2,5,bri-0282-r01,bri-0282-R01,لبنة بالتوت الازرق,لبنة ( brick),brick,لبنة ( brick),dairy,الدانوب - حي الملك فهد,الدانوب,حي الملك فهد,الدانوب - حي الملك فهد,الشمال,بلدية,بلدية الشمال,True,False,لا يوجد,,0,,,False,none,,2,True
Data 2025.xlsx,2535,2025-04-05,2025-04,2025-W14,2,5,bri-0283-r01,bri-0283-R01,لبنة اولكر,لبنة ( brick),brick,لبنة ( brick),dairy,الدانوب - حي الملك فهد,الدانوب,حي الملك فهد,الدانوب - حي الملك فهد,الشمال,بلدية,بلدية الشمال,False,True,الخمائر والاعفان,الخمائر والاعفان,1,,الخمائر والاعفان,False,indicator_only,,4,True
Data 2025.xlsx,2529,2025-04-05,2025-04,2025-W14,2,5,chee-0687-r01,Chee-0687-R01,جبنة حلوم سبايسي,(cheese) جبنة,cheese,(cheese) جبنة,dairy,الدانوب - حي الملك فهد,الدانوب,حي الملك فهد,الدانوب - حي الملك فهد,الشمال,بلدية,بلدية الشمال,True,False,لا يوجد,,0,,,False,none,,0,False
Data 2025.xlsx,2540,2025-04-05,2025-04,2025-W14,2,5,chee-0688-r01,Chee-0688-R01,مش بالحبة السوداء,(cheese) جبنة,cheese,(cheese) جبنة,dairy,الدانوب - حي الملك فهد,الدانوب,حي الملك فهد,الدانوب - حي الملك فهد,الشمال,بلدية,بلدية الشمال,False,True,استافيلوكوكس اورياس,استافيلوكوكس اورياس,1,استافيلوكوكس اورياس,,True,pathogen,,7,True
Data 2025.xlsx,2542,2025-04-05,2025-04,2025-W14,2,5,chee-0689-r01,Chee-0689-R01,جبنة قريش هابي لاند,(cheese) جبنة,cheese,(cheese) جبنة,dairy,الدانوب - حي الملك فهد,الدانوب,حي الملك فهد,الدانوب - حي الملك فهد,الشمال,بلدية,بلدية الشمال,False,True,انتيروباكتريسي,انتيروباكتريسي,1,,انتيروباكتريسي,False,indicator_only,,9,True
Data 2025.xlsx,3908,2025-04-05,2025-04,2025-W14,2,5,chee-0716-r01,Chee-0716-R01,جبن شرائح,(cheese) جبنة,cheese,(cheese) جبنة,dairy,برجر كنج - حي غرناطة,برجر كنج,حي غرناطة,برجر كنج - حي غرناطة,الروضة,بلدية,بلدية الروضة,True,False,لا يوجد,,0,,,False,none,,2,True
Data 2025.xlsx,3938,2025-04-05,2025-04,2025-W14,2,5,gcv-0212-r01,GCV-0212-R01,ايدام مصقع,الخضار المشوية و المطبوخة,,الخضار المشوية و المطبوخة,cooked_meat_poultry,مطعم سمر قندي - حي غرناطة,مطعم سمر قندي,حي غرناطة,مطعم سمر قندي - حي غرناطة,الروضة,بلدية,بلدية الروضة,True,False,لا يوجد,,0,,,False,none,,6,True
Data 2025.xlsx,3939,2025-04-05,2025-04,2025-W14,2,5,gcv-0213-r01,GCV-0213-R01,ايدام مشكل خضار,الخضار المشوية و المطبوخة,,الخضار المشوية و المطبوخة,cooked_meat_poultry,مطعم سمر قندي - حي غرناطة,مطعم سمر قندي,حي غرناطة,مطعم سمر قندي - حي غرناطة,الروضة,بلدية,بلدية الروضة,False,True,العد الكلي للبكتيريا,العد الكلي للبكتيريا,1,,العد الكلي للبكتيريا,False,indicator_only,,7,True
Data 2025.xlsx,3940,2025-04-05,2025-04,2025-W14,2,5,gcv-0214-r01,GCV-0214-R01,ايدام بامية,الخضار المشوية و المطبوخة,,الخضار المشوية و المطبوخة,cooked_meat_poultry,مطعم سمر قندي - حي غرناطة,مطعم سمر قندي,حي غرناطة,مطعم سمر قندي - حي غرناطة,الروضة,بلدية,بلدية الروضة,True,False,لا يوجد,,0,,,False,none,,7,True
Data 2025.xlsx,3941,2025-04-05,2025-04,2025-W14,2,5,gcv-0215-r01,GCV-0215-R01,ايدام بامية,الخضار المشوية و المطبوخة,,الخضار المشوية و المطبوخة,cooked_meat_poultry,مطعم سمر قندي - حي غرناطة,مطعم سمر قندي,حي غرناطة,مطعم سمر قندي - حي غرناطة,الروضة,بلدية,بلدية الروضة,True,False,لا يوجد,,0,,,False,none,,7,True
Data 2025.xlsx,2543,2025-04-05,2025-04,2025-W14,2,5,hs-0286-r01,HS-0286-R01,شطة حمراء,الشطة (Hot sauce),Hot sauce,الشطة (Hot sauce),sauce_condiment,الدانوب - حي الملك فهد,الدانوب,حي الملك فهد,الدانوب - حي الملك فهد,الشمال,بلدية,بلدية الشمال,False,True,العد الكلي للبكتيريا | استافيلوكوكس اورياس,العد الكلي للبكتيريا | استافيلوكوكس اورياس,2,استافيلوكوكس اورياس,العد الكلي للبكتيريا,True,pathogen,,10,True
Data 2025.xlsx,2562,2025-04-05,2025-04,2025-W14,2,5,kib-0020-r01,Kib-0020-R01,كبة دجاج,(Kibbeh) كبه,Kibbeh,(Kibbeh) كبه,prepared_meal,الدانوب - حي الملك فهد,الدانوب,حي الملك فهد,الدانوب - حي الملك فهد,الشمال,بلدية,بلدية الشمال,True,False,لا يوجد,,0,,,False,none,,20,True
Data 2025.xlsx,2548,2025-04-05,2025-04,2025-W14,2,5,olv-0433-r01,olv-0433-R01,زيتون ماجستيك,الزيتون /Olive,Olive,الزيتون /Olive,produce,الدانوب - حي الملك فهد,الدانوب,حي الملك فهد,الدانوب - حي الملك فهد,الشمال,بلدية,بلدية الشمال,False,True,خمائر,الخمائر والاعفان,1,,الخمائر والاعفان,False,indicator_only,,13,True
Data 2025.xlsx,2549,2025-04-05,2025-04,2025-W14,2,5,olv-0434-r01,olv-0434-R01,زيتون مشوي بالفلفل,الزيتون /Olive,Olive,الزيتون /Olive,produce,الدانوب - حي الملك فهد,الدانوب,حي الملك فهد,الدانوب - حي الملك فهد,الشمال,بلدية,بلدية الشمال,False,True,خمائر,الخمائر والاعفان,1,,الخمائر والاعفان,False,indicator_only,,14,True
Data 2025.xlsx,2551,2025-04-05,2025-04,2025-W14,2,5,olv-0435-r01,olv-0435-R01,زيتون اخضر مطحون,الزيتون /Olive,Olive,الزيتون /Olive,produce,الدانوب - حي الملك فهد,الدانوب,حي الملك فهد,الدانوب - حي الملك فهد,الشمال,بلدية,بلدية الشمال,False,True,خمائر,الخمائر والاعفان,1,,الخمائر والاعفان,False,indicator_only,,16,True
Data 2025.xlsx,2544,2025-04-05,2025-04,2025-W14,2,5,pick-0355-r01,Pick-0355-R01,مشكل مخلل يوناني,المخلل (Pickle),Pickle,المخلل (Pickle),sauce_condiment,الدانوب - حي الملك فهد,الدانوب,حي الملك فهد,الدانوب - حي الملك فهد,الشمال,بلدية,بلدية الشمال,True,False,لا يوجد,,0,,,False,none,,10,True
Data 2025.xlsx,2545,2025-04-05,2025-04,2025-W14,2,5,pick-0356-r01,Pick-0356-R01,مخلل بصل,المخلل (Pickle),Pickle,المخلل (Pickle),sauce_condiment,الدانوب - حي الملك فهد,الدانوب,حي الملك فهد,الدانوب - حي الملك فهد,الشمال,بلدية,بلدية الشمال,False,True,خمائر,الخمائر والاعفان,1,,الخمائر والاعفان,False,indicator_only,,11,True
Data 2025.xlsx,2546,2025-04-05,2025-04,2025-W14,2,5,pick-0357-r01,Pick-0357-R01,مخلل ثوم,المخلل (Pickle),Pickle,المخلل (Pickle),sauce_condiment,الدانوب - حي الملك فهد,الدانوب,حي الملك فهد,الدانوب - حي الملك فهد,الشمال,بلدية,بلدية الشمال,False,True,خمائر,الخمائر والاعفان,1,,الخمائر والاعفان,False,indicator_only,,12,True
Data 2025.xlsx,2550,2025-04-05,2025-04,2025-W14,2,5,pick-0358-r01,Pick-0358-R01,مخلل طرشي المدينة,المخلل (Pickle),Pickle,المخلل (Pickle),sauce_condiment,الدانوب - حي الملك فهد,الدانوب,حي الملك فهد,الدانوب - حي الملك فهد,الشمال,بلدية,بلدية الشمال,False,True,خمائر,الخمائر والاعفان,1,,الخمائر والاعفان,False,indicator_only,,15,True
Data 2025.xlsx,3907,2025-04-05,2025-04,2025-W14,2,5,pick-0402-r01,Pick-0402-R01,مخلل خيار,المخلل (Pickle),Pickle,المخلل (Pickle),sauce_condiment,برجر كنج - حي غرناطة,برجر كنج,حي غرناطة,برجر كنج - حي غرناطة,الروضة,بلدية,بلدية الروضة,False,True,خمائر,الخمائر والاعفان,1,,الخمائر والاعفان,False,indicator_only,,2,True
Data 2025.xlsx,3943,2025-04-05,2025-04,2025-W14,2,5,po-0109-r01,po-0109-R01,كباب دجاج ني,الدجاج (Poultry),Poultry,الدجاج (Poultry),cooked_meat_poultry,مطعم سمر قندي - حي غرناطة,مطعم سمر قندي,حي غرناطة,مطعم سمر قندي - حي غرناطة,الروضة,بلدية,بلدية الروضة,False,True,العد الكلي للبكتيريا,العد الكلي للبكتيريا,1,,العد الكلي للبكتيريا,False,indicator_only,,9,True
Data 2025.xlsx,3896,2025-04-05,2025-04,2025-W14,2,5,raw-0153-r01,Raw-0153-R01,لحم حاشي كتف بلدي,لحوم نيئة مبردة ومجمدة (Raw meat Cold or chilled ),Raw meat Cold or chilled,لحوم نيئة مبردة ومجمدة (Raw meat Cold or chilled ),raw_meat,ملحمة خروف الريف للحوم الطازجة,ملحمة خروف الريف للحوم الطازجة,,ملحمة خروف الريف للحوم الطازجة,الشمال,بلدية,بلدية الشمال,False,True,العد الكلي للبكتيريا | السالمونيلا,العد الكلي للبكتيريا | السالمونيلا,2,السالمونيلا,العد الكلي للبكتيريا,True,pathogen,,1,False
Data 2025.xlsx,3942,2025-04-05,2025-04,2025-W14,2,5,raw-0154-r01,Raw-0154-R01,كباب لحم ني,لحوم نيئة مبردة ومجمدة (Raw meat Cold or chilled ),Raw meat Cold or chilled,لحوم نيئة مبردة ومجمدة (Raw meat Cold or chilled ),raw_meat,مطعم سمر قندي - حي غرناطة,مطعم سمر قندي,حي غرناطة,مطعم سمر قندي - حي غرناطة,الروضة,بلدية,بلدية الروضة,False,True,العد الكلي للبكتيريا,العد الكلي للبكتيريا,1,,العد الكلي للبكتيريا,False,indicator_only,,8,True
Data 2025.xlsx,2536,2025-04-05,2025-04,2025-W14,2,5,sal-1178-r01,Sal-1178-R01,سلطة جبنة فيتا (حارة),السلطة(Salad),Salad,السلطة(Salad),produce,الدانوب - حي الملك فهد,الدانوب,حي الملك فهد,الدانوب - حي الملك فهد,الشمال,بلدية,بلدية الشمال,True,False,لا يوجد,,0,,,False,none,,4,True
Data 2025.xlsx,2537,2025-04-05,2025-04,2025-W14,2,5,sal-1179-r01,Sal-1179-R01,سلطة جبنة فيتا بالزعتر,السلطة(Salad),Salad,السلطة(Salad),produce,الدانوب - حي الملك فهد,الدانوب,حي الملك فهد,الدانوب - حي الملك فهد,الشمال,بلدية,بلدية الشمال,True,False,لا يوجد,,0,,,False,none,,4,True
Data 2025.xlsx,2538,2025-04-05,2025-04,2025-W14,2,5,sal-1180-r01,Sal-1180-R01,سلطة جبنة بالخضار (حارة),السلطة(Salad),Salad,السلطة(Salad),produce,الدانوب - حي الملك فهد,الدانوب,حي الملك فهد,الدانوب - حي الملك فهد,الشمال,بلدية,بلدية الشمال,False,True,انتيروباكتريسي | استافيلوكوكس اورياس,انتيروباكتريسي | استافيلوكوكس اورياس,2,استافيلوكوكس اورياس,انتيروباكتريسي,True,pathogen,,5,True
Data 2025.xlsx,2539,2025-04-05,2025-04,2025-W14,2,5,sal-1181-r01,Sal-1181-R01,سلطة مكدوس,السلطة(Salad),Salad,السلطة(Salad),produce,الدانوب - حي الملك فهد,الدانوب,حي الملك فهد,الدانوب - حي الملك فهد,الشمال,بلدية,بلدية الشمال,False,True,خمائر,الخمائر والاعفان,1,,الخمائر والاعفان,False,indicator_only,,6,True
Data 2025.xlsx,2541,2025-04-05,2025-04,2025-W14,2,5,sal-1182-r01,Sal-1182-R01,سلطة مرتديلا (لحم - دجاج),السلطة(Salad),Salad,السلطة(Salad),produce,الدانوب - حي الملك فهد,الدانوب,حي الملك فهد,الدانوب - حي الملك فهد,الشمال,بلدية,بلدية الشمال,False,True,العد الكلي للبكتيريا | استافيلوكوكس اورياس,العد الكلي للبكتيريا | استافيلوكوكس اورياس,2,استافيلوكوكس اورياس,العد الكلي للبكتيريا,True,pathogen,,8,True
Data 2025.xlsx,3922,2025-04-05,2025-04,2025-W14,2,5,sal-1311-r01,Sal-1311-R01,سلطة ملفوف,السلطة(Salad),Salad,السلطة(Salad),produce,بروستد كي - حي غرناطة,بروستد كي,حي غرناطة,بروستد كي - حي غرناطة,الروضة,بلدية,بلدية الروضة,True,False,لا يوجد,,0,,,False,none,,3,True
Data 2025.xlsx,3929,2025-04-05,2025-04,2025-W14,2,5,sal-1312-r01,Sal-1312-R01,سلطة خضراء,السلطة(Salad),Salad,السلطة(Salad),produce,مطعم سمر قندي - حي غرناطة,مطعم سمر قندي,حي غرناطة,مطعم سمر قندي - حي غرناطة,الروضة,بلدية,بلدية الروضة,True,False,لا يوجد,,0,,,False,none,,1,False
Data 2025.xlsx,3931,2025-04-05,2025-04,2025-W14,2,5,sal-1313-r01,Sal-1313-R01,سلطة الحارة مغلقة,السلطة(Salad),Salad,السلطة(Salad),produce,مطعم سمر قندي - حي غرناطة,مطعم سمر قندي,حي غرناطة,مطعم سمر قندي - حي غرناطة,الروضة,بلدية,بلدية الروضة,True,False,لا يوجد,,0,,,False,none,,2,True
Data 2025.xlsx,3936,2025-04-05,2025-04,2025-W14,2,5,sal-1314-r01,Sal-1314-R01,سلطة مشاوي,السلطة(Salad),Salad,السلطة(Salad),produce,مطعم سمر قندي - حي غرناطة,مطعم سمر قندي,حي غرناطة,مطعم سمر قندي - حي غرناطة,الروضة,بلدية,بلدية الروضة,False,True,استافيلوكوكس اورياس,استافيلوكوكس اورياس,1,استافيلوكوكس اورياس,,True,pathogen,,6,True
Data 2025.xlsx,3897,2025-04-05,2025-04,2025-W14,2,5,sau-1581-r01,sau-1581-R01,صوص جبن شيدر,صوص (sauce),sauce,صوص (sauce),sauce_condiment,برجر كنج - حي غرناطة,برجر كنج,حي غرناطة,برجر كنج - حي غرناطة,الروضة,بلدية,بلدية الروضة,False,True,انتيروباكتريسي,انتيروباكتريسي,1,,انتيروباكتريسي,False,indicator_only,,1,False
Data 2025.xlsx,3898,2025-04-05,2025-04,2025-W14,2,5,sau-1582-r01,sau-1582-R01,صوص باربكيو,صوص (sauce),sauce,صوص (sauce),sauce_condiment,برجر كنج - حي غرناطة,برجر كنج,حي غرناطة,برجر كنج - حي غرناطة,الروضة,بلدية,بلدية الروضة,True,False,لا يوجد,,0,,,False,none,,1,False
Data 2025.xlsx,3899,2025-04-05,2025-04,2025-W14,2,5,sau-1583-r01,sau-1583-R01,صوص ديناميت,صوص (sauce),sauce,صوص (sauce),sauce_condiment,برجر كنج - حي غرناطة,برجر كنج,حي غرناطة,برجر كنج - حي غرناطة,الروضة,بلدية,بلدية الروضة,True,False,لا يوجد,,0,,,False,none,,1,False
Data 2025.xlsx,3900,2025-04-05,2025-04,2025-W14,2,5,sau-1584-r01,sau-1584-R01,صوص كاتشب,صوص (sauce),sauce,صوص (sauce),sauce_condiment,برجر كنج - حي غرناطة,برجر كنج,حي غرناطة,برجر كنج - حي غرناطة,الروضة,بلدية,بلدية الروضة,True,False,لا يوجد,,0,,,False,none,,1,False
Data 2025.xlsx,3901,2025-04-05,2025-04,2025-W14,2,5,sau-1585-r01,sau-1585-R01,صوص سبايسي,صوص (sauce),sauce,صوص (sauce),sauce_condiment,برجر كنج - حي غرناطة,برجر كنج,حي غرناطة,برجر كنج - حي غرناطة,الروضة,بلدية,بلدية الروضة,True,False,لا يوجد,,0,,,False,none,,1,False
Data 2025.xlsx,3902,2025-04-05,2025-04,2025-W14,2,5,sau-1586-r01,sau-1586-R01,صوص ماسترد,صوص (sauce),sauce,صوص (sauce),sauce_condiment,برجر كنج - حي غرناطة,برجر كنج,حي غرناطة,برجر كنج - حي غرناطة,الروضة,بلدية,بلدية الروضة,True,False,لا يوجد,,0,,,False,none,,1,False
Data 2025.xlsx,3903,2025-04-05,2025-04,2025-W14,2,5,sau-1587-r01,sau-1587-R01,صوص بيكين,صوص (sauce),sauce,صوص (sauce),sauce_condiment,برجر كنج - حي غرناطة,برجر كنج,حي غرناطة,برجر كنج - حي غرناطة,الروضة,بلدية,بلدية الروضة,True,False,لا يوجد,,0,,,False,none,,1,False
Data 2025.xlsx,3904,2025-04-05,2025-04,2025-W14,2,5,sau-1588-r01,sau-1588-R01,صوص مايونيز,صوص (sauce),sauce,صوص (sauce),sauce_condiment,برجر كنج - حي غرناطة,برجر كنج,حي غرناطة,برجر كنج - حي غرناطة,الروضة,بلدية,بلدية الروضة,True,False,لا يوجد,,0,,,False,none,,1,False
Data 2025.xlsx,3910,2025-04-05,2025-04,2025-W14,2,5,sau-1589-r01,sau-1589-R01,صوص سبيشل,صوص (sauce),sauce,صوص (sauce),sauce_condiment,بروستد كي - حي غرناطة,بروستد كي,حي غرناطة,بروستد كي - حي غرناطة,الروضة,بلدية,بلدية الروضة,False,True,العد الكلي للبكتيريا,العد الكلي للبكتيريا,1,,العد الكلي للبكتيريا,False,indicator_only,,1,False
Data 2025.xlsx,3911,2025-04-05,2025-04,2025-W14,2,5,sau-1590-r01,sau-1590-R01,صوص كاتشب,صوص (sauce),sauce,صوص (sauce),sauce_condiment,بروستد كي - حي غرناطة,بروستد كي,حي غرناطة,بروستد كي - حي غرناطة,الروضة,بلدية,بلدية الروضة,True,False,لا يوجد,,0,,,False,none,,1,False
Data 2025.xlsx,3912,2025-04-05,2025-04,2025-W14,2,5,sau-1591-r01,sau-1591-R01,صوص ثوم,صوص (sauce),sauce,صوص (sauce),sauce_condiment,بروستد كي - حي غرناطة,بروستد كي,حي غرناطة,بروستد كي - حي غرناطة,الروضة,بلدية,بلدية الروضة,True,False,لا يوجد,,0,,,False,none,,1,False
Data 2025.xlsx,3913,2025-04-05,2025-04,2025-W14,2,5,sau-1592-r01,sau-1592-R01,صوص جبن شيدر,صوص (sauce),sauce,صوص (sauce),sauce_condiment,بروستد كي - حي غرناطة,بروستد كي,حي غرناطة,بروستد كي - حي غرناطة,الروضة,بلدية,بلدية الروضة,True,False,لا يوجد,,0,,,False,none,,1,False
Data 2025.xlsx,3914,2025-04-05,2025-04,2025-W14,2,5,sau-1593-r01,sau-1593-R01,صوص ايلند,صوص (sauce),sauce,صوص (sauce),sauce_condiment,بروستد كي - حي غرناطة,بروستد كي,حي غرناطة,بروستد كي - حي غرناطة,الروضة,بلدية,بلدية الروضة,True,False,لا يوجد,,0,,,False,none,,1,False
Data 2025.xlsx,3915,2025-04-05,2025-04,2025-W14,2,5,sau-1594-r01,sau-1594-R01,صوص مايونيز,صوص (sauce),sauce,صوص (sauce),sauce_condiment,بروستد كي - حي غرناطة,بروستد كي,حي غرناطة,بروستد كي - حي غرناطة,الروضة,بلدية,بلدية الروضة,True,False,لا يوجد,,0,,,False,none,,1,False
Data 2025.xlsx,3916,2025-04-05,2025-04,2025-W14,2,5,sau-1595-r01,sau-1595-R01,صوص رانش,صوص (sauce),sauce,صوص (sauce),sauce_condiment,بروستد كي - حي غرناطة,بروستد كي,حي غرناطة,بروستد كي - حي غرناطة,الروضة,بلدية,بلدية الروضة,False,True,العد الكلي للبكتيريا,العد الكلي للبكتيريا,1,,العد الكلي للبكتيريا,False,indicator_only,,2,True
Data 2025.xlsx,3917,2025-04-05,2025-04,2025-W14,2,5,sau-1596-r01,sau-1596-R01,صوص سبايسي,صوص (sauce),sauce,صوص (sauce),sauce_condiment,بروستد كي - حي غرناطة,بروستد كي,حي غرناطة,بروستد كي - حي غرناطة,الروضة,بلدية,بلدية الروضة,True,False,لا يوجد,,0,,,False,none,,2,True
Data 2025.xlsx,3921,2025-04-05,2025-04,2025-W14,2,5,sau-1597-r01,sau-1597-R01,صوص ثوم حار,صوص (sauce),sauce,صوص (sauce),sauce_condiment,بروستد كي - حي غرناطة,بروستد كي,حي غرناطة,بروستد كي - حي غرناطة,الروضة,بلدية,بلدية الروضة,False,True,العد الكلي للبكتيريا,العد الكلي للبكتيريا,1,,العد الكلي للبكتيريا,False,indicator_only,,3,True
Data 2025.xlsx,3949,2025-04-05,2025-04,2025-W14,2,5,sau-1598-r01,sau-1598-R01,صوص سموكي,صوص (sauce),sauce,صوص (sauce),sauce_condiment,برجر هنش - حي غرناطة,برجر هنش,حي غرناطة,برجر هنش - حي غرناطة,الروضة,بلدية,بلدية الروضة,False,True,العد الكلي للبكتيريا,العد الكلي للبكتيريا,1,,العد الكلي للبكتيريا,False,indicator_only,,1,False
Data 2025.xlsx,3950,2025-04-05,2025-04,2025-W14,2,5,sau-1599-r01,sau-1599-R01,صوص تكسس,صوص (sauce),sauce,صوص (sauce),sauce_condiment,برجر هنش - حي غرناطة,برجر هنش,حي غرناطة,برجر هنش - حي غرناطة,الروضة,بلدية,بلدية الروضة,False,True,العد الكلي للبكتيريا,العد الكلي للبكتيريا,1,,العد الكلي للبكتيريا,False,indicator_only,,2,True
Data 2025.xlsx,3951,2025-04-05,2025-04,2025-W14,2,5,sau-1600-r01,sau-1600-R01,صوص مايونيز,صوص (sauce),sauce,صوص (sauce),sauce_condiment,برجر هنش - حي غرناطة,برجر هنش,حي غرناطة,برجر هنش - حي غرناطة,الروضة,بلدية,بلدية الروضة,True,False,لا يوجد,,0,,,False,none,,2,True
Data 2025.xlsx,3952,2025-04-05,2025-04,2025-W14,2,5,sau-1601-r01,sau-1601-R01,صوص شبوتا,صوص (sauce),sauce,صوص (sauce),sauce_condiment,برجر هنش - حي غرناطة,برجر هنش,حي غرناطة,برجر هنش - حي غرناطة,الروضة,بلدية,بلدية الروضة,True,False,لا يوجد,,0,,,False,none,,2,True
Data 2025.xlsx,3953,2025-04-05,2025-04,2025-W14,2,5,sau-1602-r01,sau-1602-R01,صوص القرية,صوص (sauce),sauce,صوص (sauce),sauce_condiment,برجر هنش - حي غرناطة,برجر هنش,حي غرناطة,برجر هنش - حي غرناطة,الروضة,بلدية,بلدية الروضة,True,False,لا يوجد,,0,,,False,none,,2,True
Data 2025.xlsx,3954,2025-04-05,2025-04,2025-W14,2,5,sau-1603-r01,sau-1603-R01,صوص مسترد بالعسل,صوص (sauce),sauce,صوص (sauce),sauce_condiment,برجر هنش - حي غرناطة,برجر هنش,حي غرناطة,برجر هنش - حي غرناطة,الروضة,بلدية,بلدية الروضة,True,False,لا يوجد,,0,,,False,none,,2,True
Data 2025.xlsx,3955,2025-04-05,2025-04,2025-W14,2,5,sau-1604-r01,sau-1604-R01,صوص باربكيو,صوص (sauce),sauce,صوص (sauce),sauce_condiment,برجر هنش - حي غرناطة,برجر هنش,حي غرناطة,برجر هنش - حي غرناطة,الروضة,بلدية,بلدية الروضة,True,False,لا يوجد,,0,,,False,none,,2,True
Data 2025.xlsx,3956,2025-04-05,2025-04,2025-W14,2,5,sau-1605-r01,sau-1605-R01,صوص هنش كوكتيل,صوص (sauce),sauce,صوص (sauce),sauce_condiment,برجر هنش - حي غرناطة,برجر هنش,حي غرناطة,برجر هنش - حي غرناطة,الروضة,بلدية,بلدية الروضة,True,False,لا يوجد,,0,,,False,none,,2,True
Data 2025.xlsx,2552,2025-04-05,2025-04,2025-W14,2,5,sw-2691-r01,sw-2691-R01,مسحة ثلاجة,(Swabs) المسحات,Swabs,(Swabs) المسحات,swab,الدانوب - حي الملك فهد,الدانوب,حي الملك فهد,الدانوب - حي الملك فهد,الشمال,بلدية,بلدية الشمال,True,False,لا يوجد,,0,,,False,none,,16,True
Data 2025.xlsx,2553,2025-04-05,2025-04,2025-W14,2,5,sw-2692-r01,sw-2692-R01,مسحة ثلاجة,(Swabs) المسحات,Swabs,(Swabs) المسحات,swab,الدانوب - حي الملك فهد,الدانوب,حي الملك فهد,الدانوب - حي الملك فهد,الشمال,بلدية,بلدية الشمال,True,False,لا يوجد,,0,,,False,none,,16,True
Data 2025.xlsx,2554,2025-04-05,2025-04,2025-W14,2,5,sw-2693-r01,sw-2693-R01,مسحة ثلاجة,(Swabs) المسحات,Swabs,(Swabs) المسحات,swab,الدانوب - حي الملك فهد,الدانوب,حي الملك فهد,الدانوب - حي الملك فهد,الشمال,بلدية,بلدية الشمال,True,False,لا يوجد,,0,,,False,none,,16,True
Data 2025.xlsx,2555,2025-04-05,2025-04,2025-W14,2,5,sw-2694-r01,sw-2694-R01,مسحة ثلاجة,(Swabs) المسحات,Swabs,(Swabs) المسحات,swab,الدانوب - حي الملك فهد,الدانوب,حي الملك فهد,الدانوب - حي الملك فهد,الشمال,بلدية,بلدية الشمال,True,False,لا يوجد,,0,,,False,none,,16,True
Data 2025.xlsx,2556,2025-04-05,2025-04,2025-W14,2,5,sw-2695-r01,sw-2695-R01,مسحة ثلاجة,(Swabs) المسحات,Swabs,(Swabs) المسحات,swab,الدانوب - حي الملك فهد,الدانوب,حي الملك فهد,الدانوب - حي الملك فهد,الشمال,بلدية,بلدية الشمال,False,True,العد الكلي للبكتيريا,العد الكلي للبكتيريا,1,,العد الكلي للبكتيريا,False,indicator_only,,17,True
Data 2025.xlsx,2557,2025-04-05,2025-04,2025-W14,2,5,sw-2696-r01,sw-2696-R01,مسحة ثلاجة,(Swabs) المسحات,Swabs,(Swabs) المسحات,swab,الدانوب - حي الملك فهد,الدانوب,حي الملك فهد,الدانوب - حي الملك فهد,الشمال,بلدية,بلدية الشمال,True,False,لا يوجد,,0,,,False,none,,17,True
Data 2025.xlsx,2558,2025-04-05,2025-04,2025-W14,2,5,sw-2697-r01,sw-2697-R01,مسحة ثلاجة,(Swabs) المسحات,Swabs,(Swabs) المسحات,swab,الدانوب - حي الملك فهد,الدانوب,حي الملك فهد,الدانوب - حي الملك فهد,الشمال,بلدية,بلدية الشمال,True,False,لا يوجد,,0,,,False,none,,17,True
Data 2025.xlsx,2559,2025-04-05,2025-04,2025-W14,2,5,sw-2698-r01,sw-2698-R01,مسحة قطاعة اجبان,(Swabs) المسحات,Swabs,(Swabs) المسحات,swab,الدانوب - حي الملك فهد,الدانوب,حي الملك فهد,الدانوب - حي الملك فهد,الشمال,بلدية,بلدية الشمال,False,True,العد الكلي للبكتيريا,العد الكلي للبكتيريا,1,,العد الكلي للبكتيريا,False,indicator_only,,18,True
Data 2025.xlsx,2560,2025-04-05,2025-04,2025-W14,2,5,sw-2699-r01,sw-2699-R01,مسحة قطاعة مرتديلا,(Swabs) المسحات,Swabs,(Swabs) المسحات,swab,الدانوب - حي الملك فهد,الدانوب,حي الملك فهد,الدانوب - حي الملك فهد,الشمال,بلدية,بلدية الشمال,False,True,العد الكلي للبكتيريا,العد الكلي للبكتيريا,1,,العد الكلي للبكتيريا,False,indicator_only,,19,True
Data 2025.xlsx,2563,2025-04-05,2025-04,2025-W14,2,5,sw-2700-r01,sw-2700-R01,مسحة ثلاجة حلا,(Swabs) المسحات,Swabs,(Swabs) المسحات,swab,الدانوب - حي الملك فهد,الدانوب,حي الملك فهد,الدانوب - حي الملك فهد,الشمال,بلدية,بلدية الشمال,True,False,لا يوجد,,0,,,False,none,,20,True
Data 2025.xlsx,2564,2025-04-05,2025-04,2025-W14,2,5,sw-2701-r01,sw-2701-R01,مسحة ثلاجة حلا,(Swabs) المسحات,Swabs,(Swabs) المسحات,swab,الدانوب - حي الملك فهد,الدانوب,حي الملك فهد,الدانوب - حي الملك فهد,الشمال,بلدية,بلدية الشمال,True,False,لا يوجد,,0,,,False,none,,20,True
Data 2025.xlsx,2565,2025-04-05,2025-04,2025-W14,2,5,sw-2702-r01,sw-2702-R01,مسحة ثلاجة حلا,(Swabs) المسحات,Swabs,(Swabs) المسحات,swab,الدانوب - حي الملك فهد,الدانوب,حي الملك فهد,الدانوب - حي الملك فهد,الشمال,بلدية,بلدية الشمال,True,False,لا يوجد,,0,,,False,none,,20,True
Data 2025.xlsx,2566,2025-04-05,2025-04,2025-W14,2,5,sw-2703-r01,sw-2703-R01,مسحة ثلاجة حلا,(Swabs) المسحات,Swabs,(Swabs) المسحات,swab,الدانوب - حي الملك فهد,الدانوب,حي الملك فهد,الدانوب - حي الملك فهد,الشمال,بلدية,بلدية الشمال,True,False,لا يوجد,,0,,,False,none,,20,True
Data 2025.xlsx,2567,2025-04-05,2025-04,2025-W14,2,5,sw-2704-r01,sw-2704-R01,مسحة ثلاجة حلا,(Swabs) المسحات,Swabs,(Swabs) المسحات,swab,الدانوب - حي الملك فهد,الدانوب,حي الملك فهد,الدانوب - حي الملك فهد,الشمال,بلدية,بلدية الشمال,True,False,لا يوجد,,0,,,False,none,,20,True
Data 2025.xlsx,2568,2025-04-05,2025-04,2025-W14,2,5,sw-2705-r01,sw-2705-R01,مسحة ثلاجة حلا,(Swabs) المسحات,Swabs,(Swabs) المسحات,swab,الدانوب - حي الملك فهد,الدانوب,حي الملك فهد,الدانوب - حي الملك فهد,الشمال,بلدية,بلدية الشمال,True,False,لا يوجد,,0,,,False,none,,20,True
Data 2025.xlsx,2569,2025-04-05,2025-04,2025-W14,2,5,sw-2706-r01,sw-2706-R01,مسحة ثلاجة حلا,(Swabs) المسحات,Swabs,(Swabs) المسحات,swab,الدانوب - حي الملك فهد,الدانوب,حي الملك فهد,الدانوب - حي الملك فهد,الشمال,بلدية,بلدية الشمال,True,False,لا يوجد,,0,,,False,none,,20,True
Data 2025.xlsx,2570,2025-04-05,2025-04,2025-W14,2,5,sw-2707-r01,sw-2707-R01,مسحة ثلاجة حلا,(Swabs) المسحات,Swabs,(Swabs) المسحات,swab,الدانوب - حي الملك فهد,الدانوب,حي الملك فهد,الدانوب - حي الملك فهد,الشمال,بلدية,بلدية الشمال,False,True,العد الكلي للبكتيريا,العد الكلي للبكتيريا,1,,العد الكلي للبكتيريا,False,indicator_only,,21,True
Data 2025.xlsx,2571,2025-04-05,2025-04,2025-W14,2,5,sw-2708-r01,sw-2708-R01,مسحة ثلاجة حلا,(Swabs) المسحات,Swabs,(Swabs) المسحات,swab,الدانوب - حي الملك فهد,الدانوب,حي الملك فهد,الدانوب - حي الملك فهد,الشمال,بلدية,بلدية الشمال,False,True,العد الكلي للبكتيريا,العد الكلي للبكتيريا,1,,العد الكلي للبكتيريا,False,indicator_only,,22,True
Data 2025.xlsx,2572,2025-04-05,2025-04,2025-W14,2,5,sw-2709-r01,sw-2709-R01,مسحة ثلاجة فطائر,(Swabs) المسحات,Swabs,(Swabs) المسحات,swab,الدانوب - حي الملك فهد,الدانوب,حي الملك فهد,الدانوب - حي الملك فهد,الشمال,بلدية,بلدية الشمال,True,False,لا يوجد,,0,,,False,none,,22,True
Data 2025.xlsx,3909,2025-04-05,2025-04,2025-W14,2,5,sw-2986-r01,sw-2986-R01,مسحة صانعة ثلج,(Swabs) المسحات,Swabs,(Swabs) المسحات,swab,برجر كنج - حي غرناطة,برجر كنج,حي غرناطة,برجر كنج - حي غرناطة,الروضة,بلدية,بلدية الروضة,True,False,لا يوجد,,0,,,False,none,,2,True
Data 2025.xlsx,3925,2025-04-05,2025-04,2025-W14,2,5,sw-2987-r01,sw-2987-R01,مسحة يد,(Swabs) المسحات,Swabs,(Swabs) المسحات,swab,بروستد كي - حي غرناطة,بروستد كي,حي غرناطة,بروستد كي - حي غرناطة,الروضة,بلدية,بلدية الروضة,False,True,العد الكلي للبكتيريا,العد الكلي للبكتيريا,1,,العد الكلي للبكتيريا,False,indicator_only,,5,True
Data 2025.xlsx,3926,2025-04-05,2025-04,2025-W14,2,5,sw-2988-r01,sw-2988-R01,مسحة حافظة بطاطس مقلي,(Swabs) المسحات,Swabs,(Swabs) المسحات,swab,بروستد كي - حي غرناطة,بروستد كي,حي غرناطة,بروستد كي - حي غرناطة,الروضة,بلدية,بلدية الروضة,True,False,لا يوجد,,0,,,False,none,,5,True
Data 2025.xlsx,3927,2025-04-05,2025-04,2025-W14,2,5,sw-2989-r01,sw-2989-R01,مسحة ثلاجة اعداد,(Swabs) المسحات,Swabs,(Swabs) المسحات,swab,بروستد كي - حي غرناطة,بروستد كي,حي غرناطة,بروستد كي - حي غرناطة,الروضة,بلدية,بلدية الروضة,True,False,لا يوجد,,0,,,False,none,,5,True
Data 2025.xlsx,3946,2025-04-05,2025-04,2025-W14,2,5,sw-2990-r01,sw-2990-R01,مسحة ثلاجة مقبلات,(Swabs) المسحات,Swabs,(Swabs) المسحات,swab,مطعم سمر قندي - حي غرناطة,مطعم سمر قندي,حي غرناطة,مطعم سمر قندي - حي غرناطة,الروضة,بلدية,بلدية الروضة,True,False,لا يوجد,,0,,,False,none,,10,True
Data 2025.xlsx,3947,2025-04-05,2025-04,2025-W14,2,5,sw-2991-r01,sw-2991-R01,مسحة اعداد مقبلات,(Swabs) المسحات,Swabs,(Swabs) المسحات,swab,مطعم سمر قندي - حي غرناطة,مطعم سمر قندي,حي غرناطة,مطعم سمر قندي - حي غرناطة,الروضة,بلدية,بلدية الروضة,True,False,لا يوجد,,0,,,False,none,,10,True
Data 2025.xlsx,3948,2025-04-05,2025-04,2025-W14,2,5,sw-2992-r01,sw-2992-R01,مسحة يد,(Swabs) المسحات,Swabs,(Swabs) المسحات,swab,مطعم سمر قندي - حي غرناطة,مطعم سمر قندي,حي غرناطة,مطعم سمر قندي - حي غرناطة,الروضة,بلدية,بلدية الروضة,True,False,لا يوجد,,0,,,False,none,,10,True
Data 2025.xlsx,3958,2025-04-05,2025-04,2025-W14,2,5,sw-2993-r01,sw-2993-R01,مسحة حافظة بطاطس,(Swabs) المسحات,Swabs,(Swabs) المسحات,swab,برجر هنش - حي غرناطة,برجر هنش,حي غرناطة,برجر هنش - حي غرناطة,الروضة,بلدية,بلدية الروضة,True,False,لا يوجد,,0,,,False,none,,2,True
Data 2025.xlsx,3959,2025-04-05,2025-04,2025-W14,2,5,sw-2994-r01,sw-2994-R01,مسحة طاولة اعداد البرجر,(Swabs) المسحات,Swabs,(Swabs) المسحات,swab,برجر هنش - حي غرناطة,برجر هنش,حي غرناطة,برجر هنش - حي غرناطة,الروضة,بلدية,بلدية الروضة,True,False,لا يوجد,,0,,,False,none,,2,True
Data 2025.xlsx,2526,2025-04-05,2025-04,2025-W14,2,5,sweet-0872-r01,sweet-0872-R01,مربى خوخ,الحلا(sweetness),sweetness,الحلا(sweetness),sweets_bakery,الدانوب - حي الملك فهد,الدانوب,حي الملك فهد,الدانوب - حي الملك فهد,الشمال,بلدية,بلدية الشمال,True,False,لا يوجد,,0,,,False,none,,0,False
Data 2025.xlsx,2527,2025-04-05,2025-04,2025-W14,2,5,sweet-0873-r01,sweet-0873-R01,مربى قرع,الحلا(sweetness),sweetness,الحلا(sweetness),sweets_bakery,الدانوب - حي الملك فهد,الدانوب,حي الملك فهد,الدانوب - حي الملك فهد,الشمال,بلدية,بلدية الشمال,True,False,لا يوجد,,0,,,False,none,,0,False
Data 2025.xlsx,2528,2025-04-05,2025-04,2025-W14,2,5,sweet-0874-r01,sweet-0874-R01,مربى دبيازى,الحلا(sweetness),sweetness,الحلا(sweetness),sweets_bakery,الدانوب - حي الملك فهد,الدانوب,حي الملك فهد,الدانوب - حي الملك فهد,الشمال,بلدية,بلدية الشمال,True,False,لا يوجد,,0,,,False,none,,0,False
Data 2025.xlsx,2561,2025-04-05,2025-04,2025-W14,2,5,sweet-0875-r01,sweet-0875-R01,كيك جوز الهند,الحلا(sweetness),sweetness,الحلا(sweetness),sweets_bakery,الدانوب - حي الملك فهد,الدانوب,حي الملك فهد,الدانوب - حي الملك فهد,الشمال,بلدية,بلدية الشمال,False,True,العد الكلي للبكتيريا | انتيروباكتريسي | استافيلوكوكس اورياس,العد الكلي للبكتيريا | انتيروباكتريسي | استافيلوكوكس اورياس,3,استافيلوكوكس اورياس,العد الكلي للبكتيريا | انتيروباكتريسي,True,pathogen,,20,True
Data 2025.xlsx,3960,2025-04-05,2025-04,2025-W14,2,5,sweet-0987-r01,sweet-0987-R01,بيتي فور بستاشو و شوكولاتة,الحلا(sweetness),sweetness,الحلا(sweetness),sweets_bakery,باكز - حي غرناطة,باكز,حي غرناطة,باكز - حي غرناطة,الروضة,بلدية,بلدية الروضة,True,False,لا يوجد,,0,,,False,none,,0,False
Data 2025.xlsx,3961,2025-04-05,2025-04,2025-W14,2,5,sweet-0988-r01,sweet-0988-R01,بيتي فور فانيلا,الحلا(sweetness),sweetness,الحلا(sweetness),sweets_bakery,باكز - حي غرناطة,باكز,حي غرناطة,باكز - حي غرناطة,الروضة,بلدية,بلدية الروضة,True,False,لا يوجد,,0,,,False,none,,0,False
Data 2025.xlsx,3962,2025-04-05,2025-04,2025-W14,2,5,sweet-0989-r01,sweet-0989-R01,بيتي فور جوز الهند,الحلا(sweetness),sweetness,الحلا(sweetness),sweets_bakery,باكز - حي غرناطة,باكز,حي غرناطة,باكز - حي غرناطة,الروضة,بلدية,بلدية الروضة,True,False,لا يوجد,,0,,,False,none,,0,False
Data 2025.xlsx,3963,2025-04-05,2025-04,2025-W14,2,5,sweet-0990-r01,sweet-0990-R01,سابلية وايت شوكولاتة,الحلا(sweetness),sweetness,الحلا(sweetness),sweets_bakery,باكز - حي غرناطة,باكز,حي غرناطة,باكز - حي غرناطة,الروضة,بلدية,بلدية الروضة,True,False,لا يوجد,,0,,,False,none,,0,False
Data 2025.xlsx,3964,2025-04-05,2025-04,2025-W14,2,5,sweet-0991-r01,sweet-0991-R01,معمول بستاشو,الحلا(sweetness),sweetness,الحلا(sweetness),sweets_bakery,باكز - حي غرناطة,باكز,حي غرناطة,باكز - حي غرناطة,الروضة,بلدية,بلدية الروضة,True,False,لا يوجد,,0,,,False,none,,0,False
Data 2025.xlsx,3965,2025-04-05,2025-04,2025-W14,2,5,sweet-0992-r01,sweet-0992-R01,يابلية دارك شوكولاتة,الحلا(sweetness),sweetness,الحلا(sweetness),sweets_bakery,باكز - حي غرناطة,باكز,حي غرناطة,باكز - حي غرناطة,الروضة,بلدية,بلدية الروضة,True,False,لا يوجد,,0,,,False,none,,0,False
Data 2025.xlsx,2573,2025-04-05,2025-04,2025-W14,2,5,ubot-0923-r01,Ubot-0923-R01,مياه فلتر للعجانة,المياه الغير معبأة (Unbottled water),Unbottled water,المياه الغير معبأة (Unbottled water),water,الدانوب - حي الملك فهد,الدانوب,حي الملك فهد,الدانوب - حي الملك فهد,الشمال,بلدية,بلدية الشمال,True,False,لا يوجد,,0,,,False,none,,22,True
Data 2025.xlsx,3966,2025-04-05,2025-04,2025-W14,2,5,ubot-0960-r01,Ubot-0960-R01,مياه حنفية لغسيل الادوات,المياه الغير معبأة (Unbottled water),Unbottled water,المياه الغير معبأة (Unbottled water),water,ملحمة خروف الريف للحوم الطازجة,ملحمة خروف الريف للحوم الطازجة,,ملحمة خروف الريف للحوم الطازجة,الشمال,بلدية,بلدية الشمال,True,False,لا يوجد,,0,,,False,none,,1,False
Data 2025.xlsx,3967,2025-04-05,2025-04,2025-W14,2,5,ubot-0961-r01,Ubot-0961-R01,مياه فلتر لغسيل الارز,المياه الغير معبأة (Unbottled water),Unbottled water,المياه الغير معبأة (Unbottled water),water,مطعم سمر قندي - حي غرناطة,مطعم سمر قندي,حي غرناطة,مطعم سمر قندي - حي غرناطة,الروضة,بلدية,بلدية الروضة,True,False,لا يوجد,,0,,,False,none,,10,True
Data 2025.xlsx,2588,2025-04-06,2025-04,2025-W14,2,6,1-2873-R01,1-2873-R01,ممبار محشي رز,المحاشي (almahashi),almahashi,المحاشي (almahashi),other,مطعم الحرش ونص,مطعم الحرش ونص,,مطعم الحرش ونص,الروضة,بلدية,بلدية الروضة,True,False,لا يوجد,,0,,,False,none,sample_type_unbucketed,3,True
Data 2025.xlsx,2590,2025-04-06,2025-04,2025-W14,2,6,1-2874-R01,1-2874-R01,كبدة بقر,كبدة (liver),liver,كبدة (liver),cooked_meat_poultry,مطعم الحرش ونص,مطعم الحرش ونص,,مطعم الحرش ونص,الروضة,بلدية,بلدية الروضة,True,False,لا يوجد,,0,,,False,none,,3,True
Data 2025.xlsx,2592,2025-04-06,2025-04,2025-W14,2,6,1-2875-R01,1-2875-R01,حواوشي محشي لحم,المحاشي (almahashi),almahashi,المحاشي (almahashi),other,مطعم الحرش ونص,مطعم الحرش ونص,,مطعم الحرش ونص,الروضة,بلدية,بلدية الروضة,True,False,لا يوجد,,0,,,False,none,sample_type_unbucketed,3,True
Data 2025.xlsx,2642,2025-04-06,2025-04,2025-W14,2,6,1-2876-R01,1-2876-R01,نكهة خوخ,نكهات مركزة ( Syrup ),Syrup,نكهات مركزة ( Syrup ),sauce_condiment,ساعة العصير,ساعة العصير,,ساعة العصير,الروضة,بلدية,بلدية الروضة,False,True,العد الكلي للبكتيريا,العد الكلي للبكتيريا,1,,العد الكلي للبكتيريا,False,indicator_only,,3,True
Data 2025.xlsx,2643,2025-04-06,2025-04,2025-W14,2,6,1-2877-R01,1-2877-R01,نكهة ليمون,نكهات مركزة ( Syrup ),Syrup,نكهات مركزة ( Syrup ),sauce_condiment,ساعة العصير,ساعة العصير,,ساعة العصير,الروضة,بلدية,بلدية الروضة,False,True,العد الكلي للبكتيريا,العد الكلي للبكتيريا,1,,العد الكلي للبكتيريا,False,indicator_only,,4,True
Data 2025.xlsx,2644,2025-04-06,2025-04,2025-W14,2,6,1-2878-R01,1-2878-R01,نكهة بلاك بيري,نكهات مركزة ( Syrup ),Syrup,نكهات مركزة ( Syrup ),sauce_condiment,ساعة العصير,ساعة العصير,,ساعة العصير,الروضة,بلدية,بلدية الروضة,True,False,لا يوجد,,0,,,False,none,,4,True
Data 2025.xlsx,2594,2025-04-06,2025-04,2025-W14,2,6,OO-wm-0035-R01,OO-wm-0035-R01,قطع جح,البطيخ (watermelons),watermelons,البطيخ (watermelons),water,مطعم مذاق النثري البخاري,مطعم مذاق النثري البخاري,,مطعم مذاق النثري البخاري,الروضة,بلدية,بلدية الروضة,True,False,لا يوجد,,0,,,False,none,,1,False
Data 2025.xlsx,2579,2025-04-06,2025-04,2025-W14,2,6,appe-0371-r01,Appe-0371-R01,بابا غنوج,مقبلات (Appetizers),Appetizers,مقبلات (Appetizers),prepared_meal,مطعم الحرش ونص,مطعم الحرش ونص,,مطعم الحرش ونص,الروضة,بلدية,بلدية الروضة,True,False,لا يوجد,,0,,,False,none,,1,False
Data 2025.xlsx,2609,2025-04-06,2025-04,2025-W14,2,6,appe-0372-r01,Appe-0372-R01,حمص,مقبلات (Appetizers),Appetizers,مقبلات (Appetizers),prepared_meal,فول جرة الافراح,فول جرة الافراح,,فول جرة الافراح,الروضة,بلدية,بلدية الروضة,True,False,لا يوجد,,0,,,False,none,,0,False
Data 2025.xlsx,2616,2025-04-06,2025-04,2025-W14,2,6,appe-0373-r01,Appe-0373-R01,متبل شمندر,مقبلات (Appetizers),Appetizers,مقبلات (Appetizers),prepared_meal,شركة شيف الشام,شركة شيف الشام,,شركة شيف الشام,الروضة,بلدية,بلدية الروضة,False,True,العد الكلي للبكتيريا,العد الكلي للبكتيريا,1,,العد الكلي للبكتيريا,False,indicator_only,,1,False
Data 2025.xlsx,2626,2025-04-06,2025-04,2025-W14,2,6,appe-0374-r02,Appe-0374-R02,متبل,مقبلات (Appetizers),Appetizers,مقبلات (Appetizers),prepared_meal,شركة شيف الشام,شركة شيف الشام,,شركة شيف الشام,الروضة,بلدية,بلدية الروضة,True,False,لا يوجد,,0,,,False,none,,4,True
Data 2025.xlsx,2628,2025-04-06,2025-04,2025-W14,2,6,appe-0375-r03,Appe-0375-R03,حمص,مقبلات (Appetizers),Appetizers,مقبلات (Appetizers),prepared_meal,شركة شيف الشام,شركة شيف الشام,,شركة شيف الشام,الروضة,بلدية,بلدية الروضة,True,False,لا يوجد,,0,,,False,none,,4,True
Data 2025.xlsx,2627,2025-04-06,2025-04,2025-W14,2,6,appe-0376-r02,Appe-0376-R02,بابا غنوج,مقبلات (Appetizers),Appetizers,مقبلات (Appetizers),prepared_meal,شركة شيف الشام,شركة شيف الشام,,شركة شيف الشام,الروضة,بلدية,بلدية الروضة,True,False,لا يوجد,,0,,,False,none,,4,True
Data 2025.xlsx,2623,2025-04-06,2025-04,2025-W14,2,6,appe-0377-r03,Appe-0377-R03,تبولة,مقبلات (Appetizers),Appetizers,مقبلات (Appetizers),prepared_meal,شركة شيف الشام,شركة شيف الشام,,شركة شيف الشام,الروضة,بلدية,بلدية الروضة,False,True,استافيلوكوكس اورياس,استافيلوكوكس اورياس,1,استافيلوكوكس اورياس,,True,pathogen,,4,True
Data 2025.xlsx,5095,2025-04-06,2025-04,2025-W14,2,6,appe-0494-r01,Appe-0494-R01,متبل,مقبلات (Appetizers),Appetizers,مقبلات (Appetizers),prepared_meal,وافي غورمية,وافي غورمية,,وافي غورمية,المعذر,بلدية,بلدية المعذر,True,False,لا يوجد,,0,,,False,none,,0,False
Data 2025.xlsx,5097,2025-04-06,2025-04,2025-W14,2,6,appe-0495-r01,Appe-0495-R01,طاجن (طحينة+بصل),مقبلات (Appetizers),Appetizers,مقبلات (Appetizers),prepared_meal,وافي غورمية,وافي غورمية,,وافي غورمية,المعذر,بلدية,بلدية المعذر,True,False,لا يوجد,,0,,,False,none,,0,False
Data 2025.xlsx,5104,2025-04-06,2025-04,2025-W14,2,6,appe-0496-r01,Appe-0496-R01,متبل,مقبلات (Appetizers),Appetizers,مقبلات (Appetizers),prepared_meal,وافي غورمية,وافي غورمية,,وافي غورمية,المعذر,بلدية,بلدية المعذر,True,False,لا يوجد,,0,,,False,none,,2,True
Data 2025.xlsx,5105,2025-04-06,2025-04,2025-W14,2,6,appe-0497-r01,Appe-0497-R01,محمرة,مقبلات (Appetizers),Appetizers,مقبلات (Appetizers),prepared_meal,وافي غورمية,وافي غورمية,,وافي غورمية,المعذر,بلدية,بلدية المعذر,False,True,العد الكلي للبكتيريا,العد الكلي للبكتيريا,1,,العد الكلي للبكتيريا,False,indicator_only,,3,True
Data 2025.xlsx,2610,2025-04-06,2025-04,2025-W14,2,6,ch-0101-r01,ch-0101-R01,جبن سائل,الاجبان (cheeses),cheeses,الاجبان (cheeses),dairy,فول جرة الافراح,فول جرة الافراح,,فول جرة الافراح,الروضة,بلدية,بلدية الروضة,True,False,لا يوجد,,0,,,False,none,,0,False
Data 2025.xlsx,2647,2025-04-06,2025-04,2025-W14,2,6,ch-0102-r01,ch-0102-R01,جبن سائل,الاجبان (cheeses),cheeses,الاجبان (cheeses),dairy,مطعم جرتنا,مطعم جرتنا,,مطعم جرتنا,الروضة,بلدية,بلدية الروضة,True,False,لا يوجد,,0,,,False,none,,0,False
Data 2025.xlsx,2606,2025-04-06,2025-04,2025-W14,2,6,chee-0690-r01,Chee-0690-R01,جبنة فيتا بيضاء,(cheese) جبنة,cheese,(cheese) جبنة,dairy,شركة محترفو الاغذية (للشخص واحد),شركة محترفو الاغذية (للشخص واحد),,شركة محترفو الاغذية (للشخص واحد),الروضة,بلدية,بلدية الروضة,True,False,لا يوجد,,0,,,False,none,,1,False
Data 2025.xlsx,2607,2025-04-06,2025-04,2025-W14,2,6,chee-0691-r01,Chee-0691-R01,جبنة بيضاء قديمة,(cheese) جبنة,cheese,(cheese) جبنة,dairy,شركة محترفو الاغذية (للشخص واحد),شركة محترفو الاغذية (للشخص واحد),,شركة محترفو الاغذية (للشخص واحد),الروضة,بلدية,بلدية الروضة,True,False,لا يوجد,,0,,,False,none,,1,False
Data 2025.xlsx,2597,2025-04-06,2025-04,2025-W14,2,6,co-0463-r01,co-0463-R01,ايدام دجاج بالبطاطس,الدجاج المطبوخ (Cooked chicken),Cooked chicken,الدجاج المطبوخ (Cooked chicken),cooked_meat_poultry,مطعم مذاق النثري البخاري,مطعم مذاق النثري البخاري,,مطعم مذاق النثري البخاري,الروضة,بلدية,بلدية الروضة,True,False,لا يوجد,,0,,,False,none,,2,True
Data 2025.xlsx,2605,2025-04-06,2025-04,2025-W14,2,6,co-0464-r01,co-0464-R01,قطع دجاج مطبوخ,الدجاج المطبوخ (Cooked chicken),Cooked chicken,الدجاج المطبوخ (Cooked chicken),cooked_meat_poultry,شركة محترفو الاغذية (للشخص واحد),شركة محترفو الاغذية (للشخص واحد),,شركة محترفو الاغذية (للشخص واحد),الروضة,بلدية,بلدية الروضة,False,True,العد الكلي للبكتيريا | استافيلوكوكس اورياس,العد الكلي للبكتيريا | استافيلوكوكس اورياس,2,استافيلوكوكس اورياس,العد الكلي للبكتيريا,True,pathogen,,1,False
Data 2025.xlsx,2586,2025-04-06,2025-04,2025-W14,2,6,eggs-0099-r01,eggs-0099-R01,بيض مسلوق,البيض ومنتجاته ( eggs and products),eggs and products,البيض ومنتجاته ( eggs and products),dairy,مطعم الحرش ونص,مطعم الحرش ونص,,مطعم الحرش ونص,الروضة,بلدية,بلدية الروضة,False,True,انتيروباكتريسي,انتيروباكتريسي,1,,انتيروباكتريسي,False,indicator_only,,3,True
Data 2025.xlsx,2583,2025-04-06,2025-04,2025-W14,2,6,fala-0058-r01,Fala-0058-R01,فلافل بالسمسم,فلافل( falafil),falafil,فلافل( falafil),sweets_bakery,مطعم الحرش ونص,مطعم الحرش ونص,,مطعم الحرش ونص,الروضة,بلدية,بلدية الروضة,True,False,لا يوجد,,0,,,False,none,,2,True
Data 2025.xlsx,5098,2025-04-06,2025-04,2025-W14,2,6,fish-0208-r01,fish-0208-R01,سمك هامور (مطبوخ),Fish/fish product(الاسماك / منتجات الاسماك),fish product,Fish/fish product(الاسماك / منتجات الاسماك),cooked_meat_poultry,وافي غورمية,وافي غورمية,,وافي غورمية,المعذر,بلدية,بلدية المعذر,True,False,لا يوجد,,0,,,False,none,,0,False
Data 2025.xlsx,2598,2025-04-06,2025-04,2025-W14,2,6,gcv-0187-r01,GCV-0187-R01,ايدام خضار,الخضار المشوية و المطبوخة,,الخضار المشوية و المطبوخة,cooked_meat_poultry,مطعم مذاق النثري البخاري,مطعم مذاق النثري البخاري,,مطعم مذاق النثري البخاري,الروضة,بلدية,بلدية الروضة,True,False,لا يوجد,,0,,,False,none,,2,True
Data 2025.xlsx,2600,2025-04-06,2025-04,2025-W14,2,6,gcv-0188-r01,GCV-0188-R01,ايدام بامية,الخضار المشوية و المطبوخة,,الخضار المشوية و المطبوخة,cooked_meat_poultry,مطعم مذاق النثري البخاري,مطعم مذاق النثري البخاري,,مطعم مذاق النثري البخاري,الروضة,بلدية,بلدية الروضة,True,False,لا يوجد,,0,,,False,none,,2,True
Data 2025.xlsx,2601,2025-04-06,2025-04,2025-W14,2,6,gcv-0189-r01,GCV-0189-R01,ايدام باذنجان,الخضار المشوية و المطبوخة,,الخضار المشوية و المطبوخة,cooked_meat_poultry,مطعم مذاق النثري البخاري,مطعم مذاق النثري البخاري,,مطعم مذاق النثري البخاري,الروضة,بلدية,بلدية الروضة,True,False,لا يوجد,,0,,,False,none,,2,True
Data 2025.xlsx,5096,2025-04-06,2025-04,2025-W14,2,6,gcv-0230-r01,GCV-0230-R01,مصقع (بصل+ طماطم),الخضار المشوية و المطبوخة,,الخضار المشوية و المطبوخة,cooked_meat_poultry,وافي غورمية,وافي غورمية,,وافي غورمية,المعذر,بلدية,بلدية المعذر,True,False,لا يوجد,,0,,,False,none,,0,False
Data 2025.xlsx,2624,2025-04-06,2025-04,2025-W14,2,6,gr-0154-r03,gr-0154-R03,ورق عنب,ورق عنب (Grape leaves),Grape leaves,ورق عنب (Grape leaves),produce,شركة شيف الشام,شركة شيف الشام,,شركة شيف الشام,الروضة,بلدية,بلدية الروضة,True,False,لا يوجد,,0,,,False,none,,4,True
Data 2025.xlsx,5099,2025-04-06,2025-04,2025-W14,2,6,gr-0177-r01,gr-0177-R01,ورق عنب,ورق عنب (Grape leaves),Grape leaves,ورق عنب (Grape leaves),produce,وافي غورمية,وافي غورمية,,وافي غورمية,المعذر,بلدية,بلدية المعذر,True,False,لا يوجد,,0,,,False,none,,0,False
Data 2025.xlsx,2651,2025-04-06,2025-04,2025-W14,2,6,ho-0219-r01,ho-0219-R01,عسل,(Honey) عسل النحل,Honey,(Honey) عسل النحل,sweets_bakery,مطعم جرتنا,مطعم جرتنا,,مطعم جرتنا,الروضة,بلدية,بلدية الروضة,True,False,لا يوجد,,0,,,False,none,,1,False
Data 2025.xlsx,5103,2025-04-06,2025-04,2025-W14,2,6,homo-0449-r01,homo-0449-R01,حمص,"الحمص Homous , Tzatziki and other dips","Homous , Tzatziki and other dips","الحمص Homous , Tzatziki and other dips",prepared_meal,وافي غورمية,وافي غورمية,,وافي غورمية,المعذر,بلدية,بلدية المعذر,True,False,لا يوجد,,0,,,False,none,,2,True
Data 2025.xlsx,2578,2025-04-06,2025-04,2025-W14,2,6,hs-0287-r01,HS-0287-R01,شطة حارة,الشطة (Hot sauce),Hot sauce,الشطة (Hot sauce),sauce_condiment,مطعم الحرش ونص,مطعم الحرش ونص,,مطعم الحرش ونص,الروضة,بلدية,بلدية الروضة,True,False,لا يوجد,,0,,,False,none,,1,False
Data 2025.xlsx,2645,2025-04-06,2025-04,2025-W14,2,6,hs-0288-r01,HS-0288-R01,شطة,الشطة (Hot sauce),Hot sauce,الشطة (Hot sauce),sauce_condiment,مطعم جرتنا,مطعم جرتنا,,مطعم جرتنا,الروضة,بلدية,بلدية الروضة,True,False,لا يوجد,,0,,,False,none,,0,False
Data 2025.xlsx,2630,2025-04-06,2025-04,2025-W14,2,6,jui-0419-r01,jui-0419-R01,عصير رمان,العصائر الطازجة Un-pasteurized juices (fresh),fresh,العصائر الطازجة Un-pasteurized juices (fresh),beverage,شركة شيف الشام,شركة شيف الشام,,شركة شيف الشام,الروضة,بلدية,بلدية الروضة,True,False,لا يوجد,,0,,,False,none,,4,True
Data 2025.xlsx,2599,2025-04-06,2025-04,2025-W14,2,6,len-0445-r01,Len-0445-R01,ايدام عدس,العدس (Lentil),Lentil,العدس (Lentil),produce,مطعم مذاق النثري البخاري,مطعم مذاق النثري البخاري,,مطعم مذاق النثري البخاري,الروضة,بلدية,بلدية الروضة,True,False,لا يوجد,,0,,,False,none,,2,True
Data 2025.xlsx,2587,2025-04-06,2025-04,2025-W14,2,6,oauuoss-0010-r01,OaUUOSS-0010-R01,لحم بقري مطبوخ,اللحوم المطبوخة (Cooked meat),Cooked meat,(Cooked meat )لحوم مطبوخة,cooked_meat_poultry,مطعم الحرش ونص,مطعم الحرش ونص,,مطعم الحرش ونص,الروضة,بلدية,بلدية الروضة,True,False,لا يوجد,,0,,,False,none,category_merged_to_canonical,3,True
Data 2025.xlsx,2589,2025-04-06,2025-04,2025-W14,2,6,oauuoss-0011-r01,OaUUOSS-0011-R01,مخ بقري,اللحوم المطبوخة (Cooked meat),Cooked meat,(Cooked meat )لحوم مطبوخة,cooked_meat_poultry,مطعم الحرش ونص,مطعم الحرش ونص,,مطعم الحرش ونص,الروضة,بلدية,بلدية الروضة,True,False,لا يوجد,,0,,,False,none,category_merged_to_canonical,3,True
Data 2025.xlsx,2576,2025-04-06,2025-04,2025-W14,2,6,pick-0359-r01,Pick-0359-R01,مشكل مخلل,المخلل (Pickle),Pickle,المخلل (Pickle),sauce_condiment,مطعم الحرش ونص,مطعم الحرش ونص,,مطعم الحرش ونص,الروضة,بلدية,بلدية الروضة,False,True,خمائر,الخمائر والاعفان,1,,الخمائر والاعفان,False,indicator_only,,1,False
Data 2025.xlsx,2608,2025-04-06,2025-04,2025-W14,2,6,pick-0360-r01,Pick-0360-R01,مشكل مخلل,المخلل (Pickle),Pickle,المخلل (Pickle),sauce_condiment,شركة محترفو الاغذية (للشخص واحد),شركة محترفو الاغذية (للشخص واحد),,شركة محترفو الاغذية (للشخص واحد),الروضة,بلدية,بلدية الروضة,False,True,خمائر,الخمائر والاعفان,1,,الخمائر والاعفان,False,indicator_only,,2,True
Data 2025.xlsx,2574,2025-04-06,2025-04,2025-W14,2,6,sal-1183-r01,Sal-1183-R01,سلطة طماطم مخلل,السلطة(Salad),Salad,السلطة(Salad),produce,مطعم الحرش ونص,مطعم الحرش ونص,,مطعم الحرش ونص,الروضة,بلدية,بلدية الروضة,True,False,لا يوجد,,0,,,False,none,,0,False
Data 2025.xlsx,2575,2025-04-06,2025-04,2025-W14,2,6,sal-1184-r01,Sal-1184-R01,سلطة خضراء مصرية,السلطة(Salad),Salad,السلطة(Salad),produce,مطعم الحرش ونص,مطعم الحرش ونص,,مطعم الحرش ونص,الروضة,بلدية,بلدية الروضة,True,False,لا يوجد,,0,,,False,none,,0,False
Data 2025.xlsx,2580,2025-04-06,2025-04,2025-W14,2,6,sal-1185-r01,Sal-1185-R01,سلطة باذنجان بالثوم,السلطة(Salad),Salad,السلطة(Salad),produce,مطعم الحرش ونص,مطعم الحرش ونص,,مطعم الحرش ونص,الروضة,بلدية,بلدية الروضة,True,False,لا يوجد,,0,,,False,none,,1,False
Data 2025.xlsx,2581,2025-04-06,2025-04,2025-W14,2,6,sal-1186-r01,Sal-1186-R01,سلطة باذنجان بالشطة,السلطة(Salad),Salad,السلطة(Salad),produce,مطعم الحرش ونص,مطعم الحرش ونص,,مطعم الحرش ونص,الروضة,بلدية,بلدية الروضة,True,False,لا يوجد,,0,,,False,none,,1,False
Data 2025.xlsx,2582,2025-04-06,2025-04,2025-W14,2,6,sal-1187-r01,Sal-1187-R01,سلطة جبن,السلطة(Salad),Salad,السلطة(Salad),produce,مطعم الحرش ونص,مطعم الحرش ونص,,مطعم الحرش ونص,الروضة,بلدية,بلدية الروضة,False,True,انتيروباكتريسي | ايشيريشيا كولاي | استافيلوكوكس اورياس,انتيروباكتريسي | ايشيريشيا كولاي | استافيلوكوكس اورياس,3,ايشيريشيا كولاي | استافيلوكوكس اورياس,انتيروباكتريسي,True,multi_pathogen,,2,True
Data 2025.xlsx,2593,2025-04-06,2025-04,2025-W14,2,6,sal-1188-r01,Sal-1188-R01,سلطة لبنة خيار,السلطة(Salad),Salad,السلطة(Salad),produce,مطعم مذاق النثري البخاري,مطعم مذاق النثري البخاري,,مطعم مذاق النثري البخاري,الروضة,بلدية,بلدية الروضة,False,True,انتيروباكتريسي | استافيلوكوكس اورياس | الخمائر والاعفان,انتيروباكتريسي | استافيلوكوكس اورياس | الخمائر والاعفان,3,استافيلوكوكس اورياس,انتيروباكتريسي | الخمائر والاعفان,True,pathogen,,1,False
Data 2025.xlsx,2595,2025-04-06,2025-04,2025-W14,2,6,sal-1189-r01,Sal-1189-R01,سلطة حارة م.ك,السلطة(Salad),Salad,السلطة(Salad),produce,مطعم مذاق النثري البخاري,مطعم مذاق النثري البخاري,,مطعم مذاق النثري البخاري,الروضة,بلدية,بلدية الروضة,False,True,ايشيريشيا كولاي | استافيلوكوكس اورياس,ايشيريشيا كولاي | استافيلوكوكس اورياس,2,ايشيريشيا كولاي | استافيلوكوكس اورياس,,True,multi_pathogen,,2,True
Data 2025.xlsx,2617,2025-04-06,2025-04,2025-W14,2,6,sal-1190-r01,Sal-1190-R01,سلطة خضراء,السلطة(Salad),Salad,السلطة(Salad),produce,شركة شيف الشام,شركة شيف الشام,,شركة شيف الشام,الروضة,بلدية,بلدية الروضة,False,True,استافيلوكوكس اورياس,استافيلوكوكس اورياس,1,استافيلوكوكس اورياس,,True,pathogen,,2,True
Data 2025.xlsx,2637,2025-04-06,2025-04,2025-W14,2,6,sal-1191-r02,Sal-1191-R02,سلطة حارة م.ك,السلطة(Salad),Salad,السلطة(Salad),produce,شركة شيف الشام,شركة شيف الشام,,شركة شيف الشام,الروضة,بلدية,بلدية الروضة,True,False,لا يوجد,,0,,,False,none,,5,True
Data 2025.xlsx,2635,2025-04-06,2025-04,2025-W14,2,6,sal-1192-r02,Sal-1192-R02,سلطة جبن,السلطة(Salad),Salad,السلطة(Salad),produce,شركة شيف الشام,شركة شيف الشام,,شركة شيف الشام,الروضة,بلدية,بلدية الروضة,True,False,لا يوجد,,0,,,False,none,,5,True
Data 2025.xlsx,2636,2025-04-06,2025-04,2025-W14,2,6,sal-1193-r02,Sal-1193-R02,سلطة ثبوت (خبز مع لبن),السلطة(Salad),Salad,السلطة(Salad),produce,شركة شيف الشام,شركة شيف الشام,,شركة شيف الشام,الروضة,بلدية,بلدية الروضة,True,False,لا يوجد,,0,,,False,none,,5,True
Data 2025.xlsx,2631,2025-04-06,2025-04,2025-W14,2,6,sal-1194-r01,Sal-1194-R01,سلطة خضراء,السلطة(Salad),Salad,السلطة(Salad),produce,شركة شيف الشام,شركة شيف الشام,,شركة شيف الشام,الروضة,بلدية,بلدية الروضة,False,True,استافيلوكوكس اورياس,استافيلوكوكس اورياس,1,استافيلوكوكس اورياس,,True,pathogen,,5,True
Data 2025.xlsx,2634,2025-04-06,2025-04,2025-W14,2,6,sal-1195-r01,Sal-1195-R01,سلطة فواكه,السلطة(Salad),Salad,السلطة(Salad),produce,شركة شيف الشام,شركة شيف الشام,,شركة شيف الشام,الروضة,بلدية,بلدية الروضة,True,False,لا يوجد,,0,,,False,none,,5,True
Data 2025.xlsx,5100,2025-04-06,2025-04,2025-W14,2,6,sal-1393-r01,Sal-1393-R01,سلطة فتوش,السلطة(Salad),Salad,السلطة(Salad),produce,وافي غورمية,وافي غورمية,,وافي غورمية,المعذر,بلدية,بلدية المعذر,False,True,استافيلوكوكس اورياس,استافيلوكوكس اورياس,1,استافيلوكوكس اورياس,,True,pathogen,,1,False
Data 2025.xlsx,5101,2025-04-06,2025-04,2025-W14,2,6,sal-1394-r01,Sal-1394-R01,تبولة,السلطة(Salad),Salad,السلطة(Salad),produce,وافي غورمية,وافي غورمية,,وافي غورمية,المعذر,بلدية,بلدية المعذر,False,True,استافيلوكوكس اورياس,استافيلوكوكس اورياس,1,استافيلوكوكس اورياس,,True,pathogen,,2,True
Data 2025.xlsx,5102,2025-04-06,2025-04,2025-W14,2,6,sal-1395-r01,Sal-1395-R01,زبادي خيار,السلطة(Salad),Salad,السلطة(Salad),produce,وافي غورمية,وافي غورمية,,وافي غورمية,المعذر,بلدية,بلدية المعذر,True,False,لا يوجد,,0,,,False,none,,2,True
Data 2025.xlsx,2621,2025-04-06,2025-04,2025-W14,2,6,sau-1340-r01,sau-1340-R01,صوص ثوم,صوص (sauce),sauce,صوص (sauce),sauce_condiment,شركة شيف الشام,شركة شيف الشام,,شركة شيف الشام,الروضة,بلدية,بلدية الروضة,True,False,لا يوجد,,0,,,False,none,,3,True
Data 2025.xlsx,2622,2025-04-06,2025-04,2025-W14,2,6,sau-1341-r01,sau-1341-R01,صوص ثوم حار (سبايسي),صوص (sauce),sauce,صوص (sauce),sauce_condiment,شركة شيف الشام,شركة شيف الشام,,شركة شيف الشام,الروضة,بلدية,بلدية الروضة,True,False,لا يوجد,,0,,,False,none,,3,True
Data 2025.xlsx,2625,2025-04-06,2025-04,2025-W14,2,6,sau-1342-r01,sau-1342-R01,صوص كاتشب,صوص (sauce),sauce,صوص (sauce),sauce_condiment,شركة شيف الشام,شركة شيف الشام,,شركة شيف الشام,الروضة,بلدية,بلدية الروضة,True,False,لا يوجد,,0,,,False,none,,4,True
Data 2025.xlsx,2646,2025-04-06,2025-04,2025-W14,2,6,sau-1343-r01,sau-1343-R01,صوص كاتشب,صوص (sauce),sauce,صوص (sauce),sauce_condiment,مطعم جرتنا,مطعم جرتنا,,مطعم جرتنا,الروضة,بلدية,بلدية الروضة,True,False,لا يوجد,,0,,,False,none,,0,False
Data 2025.xlsx,2652,2025-04-06,2025-04,2025-W14,2,6,sau-1344-r01,sau-1344-R01,صوص باربكيو,صوص (sauce),sauce,صوص (sauce),sauce_condiment,مطعم جرتنا,مطعم جرتنا,,مطعم جرتنا,الروضة,بلدية,بلدية الروضة,True,False,لا يوجد,,0,,,False,none,,1,False
Data 2025.xlsx,2653,2025-04-06,2025-04,2025-W14,2,6,sau-1345-r01,sau-1345-R01,صوص رانش,صوص (sauce),sauce,صوص (sauce),sauce_condiment,مطعم جرتنا,مطعم جرتنا,,مطعم جرتنا,الروضة,بلدية,بلدية الروضة,False,True,العد الكلي للبكتيريا,العد الكلي للبكتيريا,1,,العد الكلي للبكتيريا,False,indicator_only,,2,True
Data 2025.xlsx,2577,2025-04-06,2025-04,2025-W14,2,6,sw-2710-r01,sw-2710-R01,مسحة ثلاجة اعداد,(Swabs) المسحات,Swabs,(Swabs) المسحات,swab,مطعم الحرش ونص,مطعم الحرش ونص,,مطعم الحرش ونص,الروضة,بلدية,بلدية الروضة,True,False,لا يوجد,,0,,,False,none,,1,False
Data 2025.xlsx,2584,2025-04-06,2025-04,2025-W14,2,6,sw-2711-r01,sw-2711-R01,مسحة منطقة اعداد,(Swabs) المسحات,Swabs,(Swabs) المسحات,swab,مطعم الحرش ونص,مطعم الحرش ونص,,مطعم الحرش ونص,الروضة,بلدية,بلدية الروضة,True,False,لا يوجد,,0,,,False,none,,2,True
Data 2025.xlsx,2585,2025-04-06,2025-04,2025-W14,2,6,sw-2712-r01,sw-2712-R01,مسحة منطقة اعداد,(Swabs) المسحات,Swabs,(Swabs) المسحات,swab,مطعم الحرش ونص,مطعم الحرش ونص,,مطعم الحرش ونص,الروضة,بلدية,بلدية الروضة,True,False,لا يوجد,,0,,,False,none,,2,True
Data 2025.xlsx,2591,2025-04-06,2025-04,2025-W14,2,6,sw-2713-r01,sw-2713-R01,مسحة طاولة تقطيع خضار,(Swabs) المسحات,Swabs,(Swabs) المسحات,swab,مطعم الحرش ونص,مطعم الحرش ونص,,مطعم الحرش ونص,الروضة,بلدية,بلدية الروضة,True,False,لا يوجد,,0,,,False,none,,3,True
Data 2025.xlsx,2596,2025-04-06,2025-04,2025-W14,2,6,sw-2714-r01,sw-2714-R01,مسحة ثلاجة,(Swabs) المسحات,Swabs,(Swabs) المسحات,swab,مطعم مذاق النثري البخاري,مطعم مذاق النثري البخاري,,مطعم مذاق النثري البخاري,الروضة,بلدية,بلدية الروضة,True,False,لا يوجد,,0,,,False,none,,2,True
Data 2025.xlsx,2602,2025-04-06,2025-04,2025-W14,2,6,sw-2715-r01,sw-2715-R01,مسحة يد عامل,(Swabs) المسحات,Swabs,(Swabs) المسحات,swab,مطعم مذاق النثري البخاري,مطعم مذاق النثري البخاري,,مطعم مذاق النثري البخاري,الروضة,بلدية,بلدية الروضة,False,True,العد الكلي للبكتيريا,العد الكلي للبكتيريا,1,,العد الكلي للبكتيريا,False,indicator_only,,3,True
Data 2025.xlsx,2603,2025-04-06,2025-04,2025-W14,2,6,sw-2716-r01,sw-2716-R01,مسحة يد عامل,(Swabs) المسحات,Swabs,(Swabs) المسحات,swab,مطعم مذاق النثري البخاري,مطعم مذاق النثري البخاري,,مطعم مذاق النثري البخاري,الروضة,بلدية,بلدية الروضة,False,True,العد الكلي للبكتيريا,العد الكلي للبكتيريا,1,,العد الكلي للبكتيريا,False,indicator_only,,4,True
Data 2025.xlsx,2604,2025-04-06,2025-04,2025-W14,2,6,sw-2717-r01,sw-2717-R01,مسحة طاولة تقطيع دجاج,(Swabs) المسحات,Swabs,(Swabs) المسحات,swab,مطعم مذاق النثري البخاري,مطعم مذاق النثري البخاري,,مطعم مذاق النثري البخاري,الروضة,بلدية,بلدية الروضة,True,False,لا يوجد,,0,,,False,none,,4,True
Data 2025.xlsx,2611,2025-04-06,2025-04,2025-W14,2,6,sw-2718-r01,sw-2718-R01,مسحة يد عامل,(Swabs) المسحات,Swabs,(Swabs) المسحات,swab,فول جرة الافراح,فول جرة الافراح,,فول جرة الافراح,الروضة,بلدية,بلدية الروضة,False,True,العد الكلي للبكتيريا | استافيلوكوكس اورياس,العد الكلي للبكتيريا | استافيلوكوكس اورياس,2,استافيلوكوكس اورياس,العد الكلي للبكتيريا,True,pathogen,,1,False
Data 2025.xlsx,2612,2025-04-06,2025-04,2025-W14,2,6,sw-2719-r01,sw-2719-R01,مسحة فرامة المعصوب,(Swabs) المسحات,Swabs,(Swabs) المسحات,swab,فول جرة الافراح,فول جرة الافراح,,فول جرة الافراح,الروضة,بلدية,بلدية الروضة,True,False,لا يوجد,,0,,,False,none,,1,False
Data 2025.xlsx,2613,2025-04-06,2025-04,2025-W14,2,6,sw-2720-r01,sw-2720-R01,مسحة يد عامل,(Swabs) المسحات,Swabs,(Swabs) المسحات,swab,فول جرة الافراح,فول جرة الافراح,,فول جرة الافراح,الروضة,بلدية,بلدية الروضة,False,True,العد الكلي للبكتيريا | استافيلوكوكس اورياس,العد الكلي للبكتيريا | استافيلوكوكس اورياس,2,استافيلوكوكس اورياس,العد الكلي للبكتيريا,True,pathogen,,2,True
Data 2025.xlsx,2614,2025-04-06,2025-04,2025-W14,2,6,sw-2721-r01,sw-2721-R01,مسحة يد عامل,(Swabs) المسحات,Swabs,(Swabs) المسحات,swab,فول جرة الافراح,فول جرة الافراح,,فول جرة الافراح,الروضة,بلدية,بلدية الروضة,True,False,لا يوجد,,0,,,False,none,,2,True
Data 2025.xlsx,2615,2025-04-06,2025-04,2025-W14,2,6,sw-2722-r01,sw-2722-R01,مسحة ثلاجة,(Swabs) المسحات,Swabs,(Swabs) المسحات,swab,فول جرة الافراح,فول جرة الافراح,,فول جرة الافراح,الروضة,بلدية,بلدية الروضة,True,False,لا يوجد,,0,,,False,none,,2,True
Data 2025.xlsx,2619,2025-04-06,2025-04,2025-W14,2,6,sw-2724-r01,sw-2724-R01,مسحة ثلاجة مقبلات,(Swabs) المسحات,Swabs,(Swabs) المسحات,swab,شركة شيف الشام,شركة شيف الشام,,شركة شيف الشام,الروضة,بلدية,بلدية الروضة,True,False,لا يوجد,,0,,,False,none,,3,True
Data 2025.xlsx,2618,2025-04-06,2025-04,2025-W14,2,6,sw-2725-r01,sw-2725-R01,مسحة ثلاجة اعداد,(Swabs) المسحات,Swabs,(Swabs) المسحات,swab,شركة شيف الشام,شركة شيف الشام,,شركة شيف الشام,الروضة,بلدية,بلدية الروضة,False,True,العد الكلي للبكتيريا | استافيلوكوكس اورياس,العد الكلي للبكتيريا | استافيلوكوكس اورياس,2,استافيلوكوكس اورياس,العد الكلي للبكتيريا,True,pathogen,,3,True
Data 2025.xlsx,2639,2025-04-06,2025-04,2025-W14,2,6,sw-2728-r01,sw-2728-R01,مسحة صانعة ثلج,(Swabs) المسحات,Swabs,(Swabs) المسحات,swab,ساعة العصير,ساعة العصير,,ساعة العصير,الروضة,بلدية,بلدية الروضة,False,True,العد الكلي للبكتيريا | استافيلوكوكس اورياس,العد الكلي للبكتيريا | استافيلوكوكس اورياس,2,استافيلوكوكس اورياس,العد الكلي للبكتيريا,True,pathogen,,1,False
Data 2025.xlsx,2640,2025-04-06,2025-04,2025-W14,2,6,sw-2729-r01,sw-2729-R01,مسحة عصارة تفاح,(Swabs) المسحات,Swabs,(Swabs) المسحات,swab,ساعة العصير,ساعة العصير,,ساعة العصير,الروضة,بلدية,بلدية الروضة,False,True,العد الكلي للبكتيريا,العد الكلي للبكتيريا,1,,العد الكلي للبكتيريا,False,indicator_only,,2,True
Data 2025.xlsx,2641,2025-04-06,2025-04,2025-W14,2,6,sw-2730-r01,sw-2730-R01,مسحة ثلاجة ايس كريم,(Swabs) المسحات,Swabs,(Swabs) المسحات,swab,ساعة العصير,ساعة العصير,,ساعة العصير,الروضة,بلدية,بلدية الروضة,True,False,لا يوجد,,0,,,False,none,,2,True
Data 2025.xlsx,2648,2025-04-06,2025-04,2025-W14,2,6,sw-2731-r01,sw-2731-R01,مسحة حافظة خبز,(Swabs) المسحات,Swabs,(Swabs) المسحات,swab,مطعم جرتنا,مطعم جرتنا,,مطعم جرتنا,الروضة,بلدية,بلدية الروضة,True,False,لا يوجد,,0,,,False,none,,0,False
Data 2025.xlsx,2649,2025-04-06,2025-04,2025-W14,2,6,sw-2732-r01,sw-2732-R01,مسحة فرامة معصوب,(Swabs) المسحات,Swabs,(Swabs) المسحات,swab,مطعم جرتنا,مطعم جرتنا,,مطعم جرتنا,الروضة,بلدية,بلدية الروضة,True,False,لا يوجد,,0,,,False,none,,0,False
Data 2025.xlsx,2650,2025-04-06,2025-04,2025-W14,2,6,sw-2733-r01,sw-2733-R01,مسحة ثلاجة تقديم,(Swabs) المسحات,Swabs,(Swabs) المسحات,swab,مطعم جرتنا,مطعم جرتنا,,مطعم جرتنا,الروضة,بلدية,بلدية الروضة,False,True,العد الكلي للبكتيريا | استافيلوكوكس اورياس,العد الكلي للبكتيريا | استافيلوكوكس اورياس,2,استافيلوكوكس اورياس,العد الكلي للبكتيريا,True,pathogen,,1,False
Data 2025.xlsx,5106,2025-04-06,2025-04,2025-W14,2,6,sw-3183-r01,sw-3183-R01,مسحة طاولة اعداد ورق العنب,(Swabs) المسحات,Swabs,(Swabs) المسحات,swab,وافي غورمية,وافي غورمية,,وافي غورمية,المعذر,بلدية,بلدية المعذر,False,True,العد الكلي للبكتيريا,العد الكلي للبكتيريا,1,,العد الكلي للبكتيريا,False,indicator_only,,4,True
Data 2025.xlsx,5107,2025-04-06,2025-04,2025-W14,2,6,sw-3184-r01,sw-3184-R01,مسحة طاولة اعداد ورق العنب,(Swabs) المسحات,Swabs,(Swabs) المسحات,swab,وافي غورمية,وافي غورمية,,وافي غورمية,المعذر,بلدية,بلدية المعذر,False,True,العد الكلي للبكتيريا,العد الكلي للبكتيريا,1,,العد الكلي للبكتيريا,False,indicator_only,,5,True
Data 2025.xlsx,5108,2025-04-06,2025-04,2025-W14,2,6,sw-3185-r01,sw-3185-R01,مسحة طاولة اعداد ورق العنب,(Swabs) المسحات,Swabs,(Swabs) المسحات,swab,وافي غورمية,وافي غورمية,,وافي غورمية,المعذر,بلدية,بلدية المعذر,False,True,العد الكلي للبكتيريا,العد الكلي للبكتيريا,1,,العد الكلي للبكتيريا,False,indicator_only,,6,True
Data 2025.xlsx,5109,2025-04-06,2025-04,2025-W14,2,6,sw-3186-r01,sw-3186-R01,مسحة صانعة ثلج للعصائر,(Swabs) المسحات,Swabs,(Swabs) المسحات,swab,وافي غورمية,وافي غورمية,,وافي غورمية,المعذر,بلدية,بلدية المعذر,True,False,لا يوجد,,0,,,False,none,,6,True
Data 2025.xlsx,5110,2025-04-06,2025-04,2025-W14,2,6,sw-3187-r01,sw-3187-R01,مسحة صانعة ثلج للاسماك,(Swabs) المسحات,Swabs,(Swabs) المسحات,swab,وافي غورمية,وافي غورمية,,وافي غورمية,المعذر,بلدية,بلدية المعذر,True,False,لا يوجد,,0,,,False,none,,6,True
Data 2025.xlsx,2633,2025-04-06,2025-04,2025-W14,2,6,sweet-0876-r01,sweet-0876-R01,جلي فراولة,الحلا(sweetness),sweetness,الحلا(sweetness),sweets_bakery,شركة شيف الشام,شركة شيف الشام,,شركة شيف الشام,الروضة,بلدية,بلدية الروضة,True,False,لا يوجد,,0,,,False,none,,5,True
Data 2025.xlsx,2632,2025-04-06,2025-04,2025-W14,2,6,sweet-0877-r01,sweet-0877-R01,كريمة كراميل,الحلا(sweetness),sweetness,الحلا(sweetness),sweets_bakery,شركة شيف الشام,شركة شيف الشام,,شركة شيف الشام,الروضة,بلدية,بلدية الروضة,True,False,لا يوجد,,0,,,False,none,,5,True
Data 2025.xlsx,2629,2025-04-06,2025-04,2025-W14,2,6,sweet-0878-r01,sweet-0878-R01,كريمة بالفرن,الحلا(sweetness),sweetness,الحلا(sweetness),sweets_bakery,شركة شيف الشام,شركة شيف الشام,,شركة شيف الشام,الروضة,بلدية,بلدية الروضة,True,False,لا يوجد,,0,,,False,none,,4,True
Data 2025.xlsx,2654,2025-04-06,2025-04,2025-W14,2,6,ubot-0924-r01,Ubot-0924-R01,مياه فلتر للطبخ,المياه الغير معبأة (Unbottled water),Unbottled water,المياه الغير معبأة (Unbottled water),water,مطعم الحرش ونص,مطعم الحرش ونص,,مطعم الحرش ونص,الروضة,بلدية,بلدية الروضة,False,True,كوليفورم | ايشيريشيا كولاي,كوليفورم | ايشيريشيا كولاي,2,ايشيريشيا كولاي,كوليفورم,True,pathogen,,4,True
Data 2025.xlsx,2655,2025-04-06,2025-04,2025-W14,2,6,ubot-0925-r01,Ubot-0925-R01,مياه فلتر للعجانة م.ك,المياه الغير معبأة (Unbottled water),Unbottled water,المياه الغير معبأة (Unbottled water),water,فول جرة الافراح,فول جرة الافراح,,فول جرة الافراح,الروضة,بلدية,بلدية الروضة,False,True,كوليفورم | ايشيريشيا كولاي,كوليفورم | ايشيريشيا كولاي,2,ايشيريشيا كولاي,كوليفورم,True,pathogen,,3,True
Data 2025.xlsx,2659,2025-04-07,2025-04,2025-W15,2,0,1-2883-R01,1-2883-R01,لبنة بالمكدوس,لبنة,,لبنة,dairy,شركة شونة المحدودة,شركة شونة المحدودة,,شركة شونة المحدودة,المعذر,بلدية,بلدية المعذر,True,False,لا يوجد,,0,,,False,none,,0,False
Data 2025.xlsx,2660,2025-04-07,2025-04,2025-W15,2,0,1-2884-R01,1-2884-R01,لبنة بالخضار,لبنة,,لبنة,dairy,شركة شونة المحدودة,شركة شونة المحدودة,,شركة شونة المحدودة,المعذر,بلدية,بلدية المعذر,True,False,لا يوجد,,0,,,False,none,,0,False
Data 2025.xlsx,2661,2025-04-07,2025-04,2025-W15,2,0,1-2885-R01,1-2885-R01,لبنة بالزيتون سبايسي,لبنة,,لبنة,dairy,شركة شونة المحدودة,شركة شونة المحدودة,,شركة شونة المحدودة,المعذر,بلدية,بلدية المعذر,False,True,الخمائر والاعفان,الخمائر والاعفان,1,,الخمائر والاعفان,False,indicator_only,,1,False
Data 2025.xlsx,2662,2025-04-07,2025-04,2025-W15,2,0,1-2886-R01,1-2886-R01,لبنة مكورة بالجبنة السوداء,لبنة,,لبنة,dairy,شركة شونة المحدودة,شركة شونة المحدودة,,شركة شونة المحدودة,المعذر,بلدية,بلدية المعذر,True,False,لا يوجد,,0,,,False,none,,1,False
Data 2025.xlsx,2676,2025-04-07,2025-04,2025-W15,2,0,1-2887-R01,1-2887-R01,هلابينو,(jalapeno) هلابينو,jalapeno,(jalapeno) هلابينو,produce,شركة شونة المحدودة,شركة شونة المحدودة,,شركة شونة المحدودة,المعذر,بلدية,بلدية المعذر,True,False,لا يوجد,,0,,,False,none,,8,True
Data 2025.xlsx,2679,2025-04-07,2025-04,2025-W15,2,0,UU-pe-1086-R01,UU-pe-1086-R01,معجون فلفل بارد,الفلفل (peppers),peppers,الفلفل (peppers),produce,شركة شونة المحدودة,شركة شونة المحدودة,,شركة شونة المحدودة,المعذر,بلدية,بلدية المعذر,False,True,العد الكلي للبكتيريا,العد الكلي للبكتيريا,1,,العد الكلي للبكتيريا,False,indicator_only,,11,True
Data 2025.xlsx,2719,2025-04-07,2025-04,2025-W15,2,0,be-0032-r01,be-0032-R01,مشروب كوكولا,المشروبات الغازية (الغير كحولية) (Carbonated beverages) (non - alcoholic ),non - alcoholic,المشروبات الغازية (الغير كحولية) (Carbonated beverages) (non - alcoholic ),beverage,اربيز - حي القادسية,اربيز,حي القادسية,اربيز - حي القادسية,المعذر,بلدية,بلدية المعذر,False,True,العد الكلي للبكتيريا | الخمائر والاعفان | كوليفورم,العد الكلي للبكتيريا | الخمائر والاعفان | كوليفورم,3,,العد الكلي للبكتيريا | الخمائر والاعفان | كوليفورم,False,indicator_only,,5,True
Data 2025.xlsx,2720,2025-04-07,2025-04,2025-W15,2,0,be-0033-r01,be-0033-R01,مشروب فانتا,المشروبات الغازية (الغير كحولية) (Carbonated beverages) (non - alcoholic ),non - alcoholic,المشروبات الغازية (الغير كحولية) (Carbonated beverages) (non - alcoholic ),beverage,اربيز - حي القادسية,اربيز,حي القادسية,اربيز - حي القادسية,المعذر,بلدية,بلدية المعذر,False,True,العد الكلي للبكتيريا,العد الكلي للبكتيريا,1,,العد الكلي للبكتيريا,False,indicator_only,,6,True
Data 2025.xlsx,2721,2025-04-07,2025-04,2025-W15,2,0,be-0034-r01,be-0034-R01,ممشروب سبرايت,المشروبات الغازية (الغير كحولية) (Carbonated beverages) (non - alcoholic ),non - alcoholic,المشروبات الغازية (الغير كحولية) (Carbonated beverages) (non - alcoholic ),beverage,اربيز - حي القادسية,اربيز,حي القادسية,اربيز - حي القادسية,المعذر,بلدية,بلدية المعذر,True,False,لا يوجد,,0,,,False,none,,6,True
Data 2025.xlsx,2664,2025-04-07,2025-04,2025-W15,2,0,ch-0103-r01,ch-0103-R01,مفروكة جبن حارة,الاجبان (cheeses),cheeses,الاجبان (cheeses),dairy,شركة شونة المحدودة,شركة شونة المحدودة,,شركة شونة المحدودة,المعذر,بلدية,بلدية المعذر,False,True,انتيروباكتريسي | ايشيريشيا كولاي | استافيلوكوكس اورياس,انتيروباكتريسي | ايشيريشيا كولاي | استافيلوكوكس اورياس,3,ايشيريشيا كولاي | استافيلوكوكس اورياس,انتيروباكتريسي,True,multi_pathogen,,2,True
Data 2025.xlsx,2665,2025-04-07,2025-04,2025-W15,2,0,ch-0104-r01,ch-0104-R01,مفروكة جبن باردة,الاجبان (cheeses),cheeses,الاجبان (cheeses),dairy,شركة شونة المحدودة,شركة شونة المحدودة,,شركة شونة المحدودة,المعذر,بلدية,بلدية المعذر,False,True,انتيروباكتريسي | ايشيريشيا كولاي | استافيلوكوكس اورياس,انتيروباكتريسي | ايشيريشيا كولاي | استافيلوكوكس اورياس,3,ايشيريشيا كولاي | استافيلوكوكس اورياس,انتيروباكتريسي,True,multi_pathogen,,3,True
Data 2025.xlsx,2684,2025-04-07,2025-04,2025-W15,2,0,ch-0105-r01,ch-0105-R01,جبنة كريمة بالاعشاب,الاجبان (cheeses),cheeses,الاجبان (cheeses),dairy,شركة شونة المحدودة,شركة شونة المحدودة,,شركة شونة المحدودة,المعذر,بلدية,بلدية المعذر,False,True,استافيلوكوكس اورياس,استافيلوكوكس اورياس,1,استافيلوكوكس اورياس,,True,pathogen,,12,True
Data 2025.xlsx,2685,2025-04-07,2025-04,2025-W15,2,0,ch-0106-r01,ch-0106-R01,جبنة مشلل مع موزاريلا بالحبة السوداء,الاجبان (cheeses),cheeses,الاجبان (cheeses),dairy,شركة شونة المحدودة,شركة شونة المحدودة,,شركة شونة المحدودة,المعذر,بلدية,بلدية المعذر,True,False,لا يوجد,,0,,,False,none,,12,True
Data 2025.xlsx,2686,2025-04-07,2025-04,2025-W15,2,0,ch-0107-r01,ch-0107-R01,جبنة مشلل مع موزرايلا حار,الاجبان (cheeses),cheeses,الاجبان (cheeses),dairy,شركة شونة المحدودة,شركة شونة المحدودة,,شركة شونة المحدودة,المعذر,بلدية,بلدية المعذر,True,False,لا يوجد,,0,,,False,none,,12,True
Data 2025.xlsx,2678,2025-04-07,2025-04,2025-W15,2,0,hs-0289-r01,HS-0289-R01,شطة حارة,الشطة (Hot sauce),Hot sauce,الشطة (Hot sauce),sauce_condiment,شركة شونة المحدودة,شركة شونة المحدودة,,شركة شونة المحدودة,المعذر,بلدية,بلدية المعذر,False,True,العد الكلي للبكتيريا | استافيلوكوكس اورياس,العد الكلي للبكتيريا | استافيلوكوكس اورياس,2,استافيلوكوكس اورياس,العد الكلي للبكتيريا,True,pathogen,,10,True
Data 2025.xlsx,2666,2025-04-07,2025-04,2025-W15,2,0,olv-0436-r01,olv-0436-R01,زيتون عين الجمل يوناني بالزيت,الزيتون /Olive,Olive,الزيتون /Olive,produce,شركة شونة المحدودة,شركة شونة المحدودة,,شركة شونة المحدودة,المعذر,بلدية,بلدية المعذر,True,False,لا يوجد,,0,,,False,none,,3,True
Data 2025.xlsx,2667,2025-04-07,2025-04,2025-W15,2,0,olv-0437-r01,olv-0437-R01,زيتون كالاماتا يوناني,الزيتون /Olive,Olive,الزيتون /Olive,produce,شركة شونة المحدودة,شركة شونة المحدودة,,شركة شونة المحدودة,المعذر,بلدية,بلدية المعذر,True,False,لا يوجد,,0,,,False,none,,3,True
Data 2025.xlsx,2668,2025-04-07,2025-04,2025-W15,2,0,olv-0438-r01,olv-0438-R01,زيتون تفاحي,الزيتون /Olive,Olive,الزيتون /Olive,produce,شركة شونة المحدودة,شركة شونة المحدودة,,شركة شونة المحدودة,المعذر,بلدية,بلدية المعذر,False,True,خمائر,الخمائر والاعفان,1,,الخمائر والاعفان,False,indicator_only,,4,True
Data 2025.xlsx,2669,2025-04-07,2025-04,2025-W15,2,0,olv-0439-r01,olv-0439-R01,زيتون مشوي,الزيتون /Olive,Olive,الزيتون /Olive,produce,شركة شونة المحدودة,شركة شونة المحدودة,,شركة شونة المحدودة,المعذر,بلدية,بلدية المعذر,True,False,لا يوجد,,0,,,False,none,,4,True
Data 2025.xlsx,2670,2025-04-07,2025-04,2025-W15,2,0,olv-0440-r01,olv-0440-R01,زيتون مشكل,الزيتون /Olive,Olive,الزيتون /Olive,produce,شركة شونة المحدودة,شركة شونة المحدودة,,شركة شونة المحدودة,المعذر,بلدية,بلدية المعذر,False,True,خمائر,الخمائر والاعفان,1,,الخمائر والاعفان,False,indicator_only,,5,True
Data 2025.xlsx,2671,2025-04-07,2025-04,2025-W15,2,0,olv-0441-r01,olv-0441-R01,زيتون محشي جزر,الزيتون /Olive,Olive,الزيتون /Olive,produce,شركة شونة المحدودة,شركة شونة المحدودة,,شركة شونة المحدودة,المعذر,بلدية,بلدية المعذر,False,True,خمائر,الخمائر والاعفان,1,,الخمائر والاعفان,False,indicator_only,,6,True
Data 2025.xlsx,2672,2025-04-07,2025-04,2025-W15,2,0,olv-0442-r01,olv-0442-R01,زيتون محشي فلفل,الزيتون /Olive,Olive,الزيتون /Olive,produce,شركة شونة المحدودة,شركة شونة المحدودة,,شركة شونة المحدودة,المعذر,بلدية,بلدية المعذر,False,True,خمائر,الخمائر والاعفان,1,,الخمائر والاعفان,False,indicator_only,,7,True
Data 2025.xlsx,2673,2025-04-07,2025-04,2025-W15,2,0,olv-0443-r01,olv-0443-R01,زيتون عين الجمل بالماء,الزيتون /Olive,Olive,الزيتون /Olive,produce,شركة شونة المحدودة,شركة شونة المحدودة,,شركة شونة المحدودة,المعذر,بلدية,بلدية المعذر,True,False,لا يوجد,,0,,,False,none,,7,True
Data 2025.xlsx,2674,2025-04-07,2025-04,2025-W15,2,0,olv-0444-r01,olv-0444-R01,شرائح زيتون اخضر,الزيتون /Olive,Olive,الزيتون /Olive,produce,شركة شونة المحدودة,شركة شونة المحدودة,,شركة شونة المحدودة,المعذر,بلدية,بلدية المعذر,False,True,خمائر,الخمائر والاعفان,1,,الخمائر والاعفان,False,indicator_only,,8,True
Data 2025.xlsx,2675,2025-04-07,2025-04,2025-W15,2,0,olv-0445-r01,olv-0445-R01,شرائح زيتون اسود,الزيتون /Olive,Olive,الزيتون /Olive,produce,شركة شونة المحدودة,شركة شونة المحدودة,,شركة شونة المحدودة,المعذر,بلدية,بلدية المعذر,True,False,لا يوجد,,0,,,False,none,,8,True
Data 2025.xlsx,2677,2025-04-07,2025-04,2025-W15,2,0,olv-0446-r01,olv-0446-R01,زيتون شرائح حار,الزيتون /Olive,Olive,الزيتون /Olive,produce,شركة شونة المحدودة,شركة شونة المحدودة,,شركة شونة المحدودة,المعذر,بلدية,بلدية المعذر,False,True,خمائر,الخمائر والاعفان,1,,الخمائر والاعفان,False,indicator_only,,9,True
Data 2025.xlsx,2680,2025-04-07,2025-04,2025-W15,2,0,pick-0361-r01,Pick-0361-R01,مشكل مخلل حار,المخلل (Pickle),Pickle,المخلل (Pickle),sauce_condiment,شركة شونة المحدودة,شركة شونة المحدودة,,شركة شونة المحدودة,المعذر,بلدية,بلدية المعذر,True,False,لا يوجد,,0,,,False,none,,11,True
Data 2025.xlsx,2681,2025-04-07,2025-04,2025-W15,2,0,pick-0362-r01,Pick-0362-R01,مخلل ليمون حار,المخلل (Pickle),Pickle,المخلل (Pickle),sauce_condiment,شركة شونة المحدودة,شركة شونة المحدودة,,شركة شونة المحدودة,المعذر,بلدية,بلدية المعذر,True,False,لا يوجد,,0,,,False,none,,11,True
Data 2025.xlsx,2682,2025-04-07,2025-04,2025-W15,2,0,pick-0363-r01,Pick-0363-R01,طرشي حجازي,المخلل (Pickle),Pickle,المخلل (Pickle),sauce_condiment,شركة شونة المحدودة,شركة شونة المحدودة,,شركة شونة المحدودة,المعذر,بلدية,بلدية المعذر,True,False,لا يوجد,,0,,,False,none,,11,True
Data 2025.xlsx,2683,2025-04-07,2025-04,2025-W15,2,0,pick-0364-r01,Pick-0364-R01,مخلل فلفل,المخلل (Pickle),Pickle,المخلل (Pickle),sauce_condiment,شركة شونة المحدودة,شركة شونة المحدودة,,شركة شونة المحدودة,المعذر,بلدية,بلدية المعذر,True,False,لا يوجد,,0,,,False,none,,11,True
Data 2025.xlsx,2718,2025-04-07,2025-04,2025-W15,2,0,pick-0365-r01,Pick-0365-R01,مخلل خيار,المخلل (Pickle),Pickle,المخلل (Pickle),sauce_condiment,اربيز - حي القادسية,اربيز,حي القادسية,اربيز - حي القادسية,المعذر,بلدية,بلدية المعذر,True,False,لا يوجد,,0,,,False,none,,4,True
Data 2025.xlsx,2656,2025-04-07,2025-04,2025-W15,2,0,raw-0069-r01,Raw-0069-R01,لحم عجل بلدي,لحوم نيئة مبردة ومجمدة (Raw meat Cold or chilled ),Raw meat Cold or chilled,لحوم نيئة مبردة ومجمدة (Raw meat Cold or chilled ),raw_meat,شركة أركان اللحوم لأم الحمام للحوم الطازجة شركة شخص واحد,شركة أركان اللحوم لأم الحمام للحوم الطازجة شركة شخص واحد,,شركة أركان اللحوم لأم الحمام للحوم الطازجة شركة شخص واحد,المعذر,بلدية,بلدية المعذر,True,False,لا يوجد,,0,,,False,none,,0,False
Data 2025.xlsx,2657,2025-04-07,2025-04,2025-W15,2,0,raw-0070-r01,Raw-0070-R01,لحم نعيمي,لحوم نيئة مبردة ومجمدة (Raw meat Cold or chilled ),Raw meat Cold or chilled,لحوم نيئة مبردة ومجمدة (Raw meat Cold or chilled ),raw_meat,شركة أركان اللحوم لأم الحمام للحوم الطازجة شركة شخص واحد,شركة أركان اللحوم لأم الحمام للحوم الطازجة شركة شخص واحد,,شركة أركان اللحوم لأم الحمام للحوم الطازجة شركة شخص واحد,المعذر,بلدية,بلدية المعذر,True,False,لا يوجد,,0,,,False,none,,0,False
Data 2025.xlsx,2658,2025-04-07,2025-04,2025-W15,2,0,raw-0071-r01,Raw-0071-R01,لحم تيس,لحوم نيئة مبردة ومجمدة (Raw meat Cold or chilled ),Raw meat Cold or chilled,لحوم نيئة مبردة ومجمدة (Raw meat Cold or chilled ),raw_meat,شركة أركان اللحوم لأم الحمام للحوم الطازجة شركة شخص واحد,شركة أركان اللحوم لأم الحمام للحوم الطازجة شركة شخص واحد,,شركة أركان اللحوم لأم الحمام للحوم الطازجة شركة شخص واحد,المعذر,بلدية,بلدية المعذر,True,False,لا يوجد,,0,,,False,none,,0,False
Data 2025.xlsx,2687,2025-04-07,2025-04,2025-W15,2,0,sal-1196-r01,Sal-1196-R01,سلطة جبنة فيتا سبياسي,السلطة(Salad),Salad,السلطة(Salad),produce,شركة شونة المحدودة,شركة شونة المحدودة,,شركة شونة المحدودة,المعذر,بلدية,بلدية المعذر,True,False,لا يوجد,,0,,,False,none,,12,True
Data 2025.xlsx,2688,2025-04-07,2025-04,2025-W15,2,0,sal-1197-r01,Sal-1197-R01,سلطة جبنة بالزعتر,السلطة(Salad),Salad,السلطة(Salad),produce,شركة شونة المحدودة,شركة شونة المحدودة,,شركة شونة المحدودة,المعذر,بلدية,بلدية المعذر,False,True,انتيروباكتريسي | استافيلوكوكس اورياس,انتيروباكتريسي | استافيلوكوكس اورياس,2,استافيلوكوكس اورياس,انتيروباكتريسي,True,pathogen,,13,True
Data 2025.xlsx,2689,2025-04-07,2025-04,2025-W15,2,0,sal-1198-r01,Sal-1198-R01,سلطة مرتديلا دجاج -لحم,السلطة(Salad),Salad,السلطة(Salad),produce,شركة شونة المحدودة,شركة شونة المحدودة,,شركة شونة المحدودة,المعذر,بلدية,بلدية المعذر,False,True,العد الكلي للبكتيريا,العد الكلي للبكتيريا,1,,العد الكلي للبكتيريا,False,indicator_only,,14,True
Data 2025.xlsx,2663,2025-04-07,2025-04,2025-W15,2,0,sau-1346-r01,sau-1346-R01,صوص شيدر,صوص (sauce),sauce,صوص (sauce),sauce_condiment,شركة شونة المحدودة,شركة شونة المحدودة,,شركة شونة المحدودة,المعذر,بلدية,بلدية المعذر,True,False,لا يوجد,,0,,,False,none,,1,False
Data 2025.xlsx,2712,2025-04-07,2025-04,2025-W15,2,0,sau-1347-r01,sau-1347-R01,صوص رد رانش,صوص (sauce),sauce,صوص (sauce),sauce_condiment,اربيز - حي القادسية,اربيز,حي القادسية,اربيز - حي القادسية,المعذر,بلدية,بلدية المعذر,False,True,استافيلوكوكس اورياس | الخمائر والاعفان,استافيلوكوكس اورياس | الخمائر والاعفان,2,استافيلوكوكس اورياس,الخمائر والاعفان,True,pathogen,,1,False
Data 2025.xlsx,2713,2025-04-07,2025-04,2025-W15,2,0,sau-1348-r01,sau-1348-R01,صوص مايونيز سبايسي,صوص (sauce),sauce,صوص (sauce),sauce_condiment,اربيز - حي القادسية,اربيز,حي القادسية,اربيز - حي القادسية,المعذر,بلدية,بلدية المعذر,False,True,انتيروباكتريسي | استافيلوكوكس اورياس,انتيروباكتريسي | استافيلوكوكس اورياس,2,استافيلوكوكس اورياس,انتيروباكتريسي,True,pathogen,,2,True
Data 2025.xlsx,2714,2025-04-07,2025-04,2025-W15,2,0,sau-1349-r01,sau-1349-R01,صوص باربكيو,صوص (sauce),sauce,صوص (sauce),sauce_condiment,اربيز - حي القادسية,اربيز,حي القادسية,اربيز - حي القادسية,المعذر,بلدية,بلدية المعذر,False,True,العد الكلي للبكتيريا | انتيروباكتريسي | استافيلوكوكس اورياس | الخمائر والاعفان,العد الكلي للبكتيريا | انتيروباكتريسي | استافيلوكوكس اورياس | الخمائر والاعفان,4,استافيلوكوكس اورياس,العد الكلي للبكتيريا | انتيروباكتريسي | الخمائر والاعفان,True,pathogen,,3,True
Data 2025.xlsx,2715,2025-04-07,2025-04,2025-W15,2,0,sau-1350-r01,sau-1350-R01,صوص مايونيز,صوص (sauce),sauce,صوص (sauce),sauce_condiment,اربيز - حي القادسية,اربيز,حي القادسية,اربيز - حي القادسية,المعذر,بلدية,بلدية المعذر,True,False,لا يوجد,,0,,,False,none,,3,True
Data 2025.xlsx,2716,2025-04-07,2025-04,2025-W15,2,0,sau-1351-r01,sau-1351-R01,صوص رانش,صوص (sauce),sauce,صوص (sauce),sauce_condiment,اربيز - حي القادسية,اربيز,حي القادسية,اربيز - حي القادسية,المعذر,بلدية,بلدية المعذر,True,False,لا يوجد,,0,,,False,none,,3,True
Data 2025.xlsx,2717,2025-04-07,2025-04,2025-W15,2,0,sau-1352-r01,sau-1352-R01,صوص با فلو,صوص (sauce),sauce,صوص (sauce),sauce_condiment,اربيز - حي القادسية,اربيز,حي القادسية,اربيز - حي القادسية,المعذر,بلدية,بلدية المعذر,False,True,العد الكلي للبكتيريا | انتيروباكتريسي | استافيلوكوكس اورياس | الخمائر والاعفان,العد الكلي للبكتيريا | انتيروباكتريسي | استافيلوكوكس اورياس | الخمائر والاعفان,4,استافيلوكوكس اورياس,العد الكلي للبكتيريا | انتيروباكتريسي | الخمائر والاعفان,True,pathogen,,4,True
Data 2025.xlsx,2690,2025-04-07,2025-04,2025-W15,2,0,sw-2734-r01,sw-2734-R01,مسحة ثلاجة,(Swabs) المسحات,Swabs,(Swabs) المسحات,swab,شركة شونة المحدودة,شركة شونة المحدودة,,شركة شونة المحدودة,المعذر,بلدية,بلدية المعذر,True,False,لا يوجد,,0,,,False,none,,14,True
Data 2025.xlsx,2691,2025-04-07,2025-04,2025-W15,2,0,sw-2735-r01,sw-2735-R01,مسحة ثلاجة,(Swabs) المسحات,Swabs,(Swabs) المسحات,swab,شركة شونة المحدودة,شركة شونة المحدودة,,شركة شونة المحدودة,المعذر,بلدية,بلدية المعذر,True,False,لا يوجد,,0,,,False,none,,14,True
Data 2025.xlsx,2692,2025-04-07,2025-04,2025-W15,2,0,sw-2736-r01,sw-2736-R01,مسحة ثلاجة,(Swabs) المسحات,Swabs,(Swabs) المسحات,swab,شركة شونة المحدودة,شركة شونة المحدودة,,شركة شونة المحدودة,المعذر,بلدية,بلدية المعذر,True,False,لا يوجد,,0,,,False,none,,14,True
Data 2025.xlsx,2693,2025-04-07,2025-04,2025-W15,2,0,sw-2737-r01,sw-2737-R01,مسحة ثلاجة,(Swabs) المسحات,Swabs,(Swabs) المسحات,swab,شركة شونة المحدودة,شركة شونة المحدودة,,شركة شونة المحدودة,المعذر,بلدية,بلدية المعذر,True,False,لا يوجد,,0,,,False,none,,14,True
Data 2025.xlsx,2694,2025-04-07,2025-04,2025-W15,2,0,sw-2738-r01,sw-2738-R01,مسحة ثلاجة,(Swabs) المسحات,Swabs,(Swabs) المسحات,swab,شركة شونة المحدودة,شركة شونة المحدودة,,شركة شونة المحدودة,المعذر,بلدية,بلدية المعذر,True,False,لا يوجد,,0,,,False,none,,14,True
Data 2025.xlsx,2695,2025-04-07,2025-04,2025-W15,2,0,sw-2739-r01,sw-2739-R01,مسحة ثلاجة,(Swabs) المسحات,Swabs,(Swabs) المسحات,swab,شركة شونة المحدودة,شركة شونة المحدودة,,شركة شونة المحدودة,المعذر,بلدية,بلدية المعذر,True,False,لا يوجد,,0,,,False,none,,14,True
Data 2025.xlsx,2696,2025-04-07,2025-04,2025-W15,2,0,sw-2740-r01,sw-2740-R01,مسحة ثلاجة,(Swabs) المسحات,Swabs,(Swabs) المسحات,swab,شركة شونة المحدودة,شركة شونة المحدودة,,شركة شونة المحدودة,المعذر,بلدية,بلدية المعذر,True,False,لا يوجد,,0,,,False,none,,14,True
Data 2025.xlsx,2697,2025-04-07,2025-04,2025-W15,2,0,sw-2741-r01,sw-2741-R01,مسحة ثلاجة,(Swabs) المسحات,Swabs,(Swabs) المسحات,swab,شركة شونة المحدودة,شركة شونة المحدودة,,شركة شونة المحدودة,المعذر,بلدية,بلدية المعذر,True,False,لا يوجد,,0,,,False,none,,14,True
Data 2025.xlsx,2698,2025-04-07,2025-04,2025-W15,2,0,sw-2742-r01,sw-2742-R01,مسحة ثلاجة,(Swabs) المسحات,Swabs,(Swabs) المسحات,swab,شركة شونة المحدودة,شركة شونة المحدودة,,شركة شونة المحدودة,المعذر,بلدية,بلدية المعذر,True,False,لا يوجد,,0,,,False,none,,14,True
Data 2025.xlsx,2699,2025-04-07,2025-04,2025-W15,2,0,sw-2743-r01,sw-2743-R01,مسحة قطاعة جبن,(Swabs) المسحات,Swabs,(Swabs) المسحات,swab,شركة شونة المحدودة,شركة شونة المحدودة,,شركة شونة المحدودة,المعذر,بلدية,بلدية المعذر,False,True,العد الكلي للبكتيريا | استافيلوكوكس اورياس,العد الكلي للبكتيريا | استافيلوكوكس اورياس,2,استافيلوكوكس اورياس,العد الكلي للبكتيريا,True,pathogen,,15,True
Data 2025.xlsx,2700,2025-04-07,2025-04,2025-W15,2,0,sw-2744-r01,sw-2744-R01,مسحة قطاعة مرتديلا,(Swabs) المسحات,Swabs,(Swabs) المسحات,swab,شركة شونة المحدودة,شركة شونة المحدودة,,شركة شونة المحدودة,المعذر,بلدية,بلدية المعذر,False,True,العد الكلي للبكتيريا,العد الكلي للبكتيريا,1,,العد الكلي للبكتيريا,False,indicator_only,,16,True
Data 2025.xlsx,2709,2025-04-07,2025-04,2025-W15,2,0,sw-2745-r01,sw-2745-R01,مسحة حافظة حلا,(Swabs) المسحات,Swabs,(Swabs) المسحات,swab,شركة شونة المحدودة,شركة شونة المحدودة,,شركة شونة المحدودة,المعذر,بلدية,بلدية المعذر,True,False,لا يوجد,,0,,,False,none,,21,True
Data 2025.xlsx,2710,2025-04-07,2025-04,2025-W15,2,0,sw-2746-r01,sw-2746-R01,مسحة حافظة حلا,(Swabs) المسحات,Swabs,(Swabs) المسحات,swab,شركة شونة المحدودة,شركة شونة المحدودة,,شركة شونة المحدودة,المعذر,بلدية,بلدية المعذر,True,False,لا يوجد,,0,,,False,none,,21,True
Data 2025.xlsx,2711,2025-04-07,2025-04,2025-W15,2,0,sw-2747-r01,sw-2747-R01,مسحة حافظة حلا,(Swabs) المسحات,Swabs,(Swabs) المسحات,swab,شركة شونة المحدودة,شركة شونة المحدودة,,شركة شونة المحدودة,المعذر,بلدية,بلدية المعذر,True,False,لا يوجد,,0,,,False,none,,21,True
Data 2025.xlsx,2701,2025-04-07,2025-04,2025-W15,2,0,sweet-0879-r01,sweet-0879-R01,بيتي فور فانيلا,الحلا(sweetness),sweetness,الحلا(sweetness),sweets_bakery,شركة شونة المحدودة,شركة شونة المحدودة,,شركة شونة المحدودة,المعذر,بلدية,بلدية المعذر,False,True,استافيلوكوكس اورياس,استافيلوكوكس اورياس,1,استافيلوكوكس اورياس,,True,pathogen,,17,True
Data 2025.xlsx,2702,2025-04-07,2025-04,2025-W15,2,0,sweet-0880-r01,sweet-0880-R01,بيتي فور شوكولاتة,الحلا(sweetness),sweetness,الحلا(sweetness),sweets_bakery,شركة شونة المحدودة,شركة شونة المحدودة,,شركة شونة المحدودة,المعذر,بلدية,بلدية المعذر,False,True,استافيلوكوكس اورياس,استافيلوكوكس اورياس,1,استافيلوكوكس اورياس,,True,pathogen,,18,True
Data 2025.xlsx,2703,2025-04-07,2025-04,2025-W15,2,0,sweet-0881-r01,sweet-0881-R01,بيتي فور بالمكسرات وشوكولاتة,الحلا(sweetness),sweetness,الحلا(sweetness),sweets_bakery,شركة شونة المحدودة,شركة شونة المحدودة,,شركة شونة المحدودة,المعذر,بلدية,بلدية المعذر,True,False,لا يوجد,,0,,,False,none,,18,True
Data 2025.xlsx,2704,2025-04-07,2025-04,2025-W15,2,0,sweet-0882-r01,sweet-0882-R01,معمول بالتمر و المكسرات,الحلا(sweetness),sweetness,الحلا(sweetness),sweets_bakery,شركة شونة المحدودة,شركة شونة المحدودة,,شركة شونة المحدودة,المعذر,بلدية,بلدية المعذر,True,False,لا يوجد,,0,,,False,none,,18,True
Data 2025.xlsx,2705,2025-04-07,2025-04,2025-W15,2,0,sweet-0883-r01,sweet-0883-R01,معمول بالسمسم,الحلا(sweetness),sweetness,الحلا(sweetness),sweets_bakery,شركة شونة المحدودة,شركة شونة المحدودة,,شركة شونة المحدودة,المعذر,بلدية,بلدية المعذر,True,False,لا يوجد,,0,,,False,none,,18,True
Data 2025.xlsx,2706,2025-04-07,2025-04,2025-W15,2,0,sweet-0884-r01,sweet-0884-R01,بقلاوة بالبستاشيو,الحلا(sweetness),sweetness,الحلا(sweetness),sweets_bakery,شركة شونة المحدودة,شركة شونة المحدودة,,شركة شونة المحدودة,المعذر,بلدية,بلدية المعذر,False,True,كوليفورم | استافيلوكوكس اورياس,كوليفورم | استافيلوكوكس اورياس,2,استافيلوكوكس اورياس,كوليفورم,True,pathogen,,19,True
Data 2025.xlsx,2707,2025-04-07,2025-04,2025-W15,2,0,sweet-0885-r01,sweet-0885-R01,بسبوسة بالبستاشيو,الحلا(sweetness),sweetness,الحلا(sweetness),sweets_bakery,شركة شونة المحدودة,شركة شونة المحدودة,,شركة شونة المحدودة,المعذر,بلدية,بلدية المعذر,False,True,كوليفورم | استافيلوكوكس اورياس,كوليفورم | استافيلوكوكس اورياس,2,استافيلوكوكس اورياس,كوليفورم,True,pathogen,,20,True
Data 2025.xlsx,2708,2025-04-07,2025-04,2025-W15,2,0,sweet-0886-r01,sweet-0886-R01,وربات قشطة,الحلا(sweetness),sweetness,الحلا(sweetness),sweets_bakery,شركة شونة المحدودة,شركة شونة المحدودة,,شركة شونة المحدودة,المعذر,بلدية,بلدية المعذر,False,True,كوليفورم | استافيلوكوكس اورياس,كوليفورم | استافيلوكوكس اورياس,2,استافيلوكوكس اورياس,كوليفورم,True,pathogen,,21,True
Data 2025.xlsx,2722,2025-04-07,2025-04,2025-W15,2,0,ubot-0926-r01,Ubot-0926-R01,ماء بير,المياه الغير معبأة (Unbottled water),Unbottled water,المياه الغير معبأة (Unbottled water),water,( Private Sample) عينة خاصة,( Private Sample) عينة خاصة,,( Private Sample) عينة خاصة,,,-,False,True,كوليفورم | ايشيريشيا كولاي | سيدوموناس,كوليفورم | ايشيريشيا كولاي | سيدوموناس,3,ايشيريشيا كولاي,كوليفورم | سيدوموناس,True,pathogen,municipality_was_dash_placeholder,1,False
Data 2025.xlsx,2743,2025-04-08,2025-04,2025-W15,2,1,1-2889-R01,1-2889-R01,هلابينو,(jalapeno) هلابينو,jalapeno,(jalapeno) هلابينو,produce,كنوز المستهلك - حي الرمال,كنوز المستهلك,حي الرمال,كنوز المستهلك - حي الرمال,الروضة,بلدية,بلدية الروضة,True,False,لا يوجد,,0,,,False,none,,12,True
Data 2025.xlsx,2772,2025-04-08,2025-04,2025-W15,2,1,1-2890-R01,1-2890-R01,كشنة (بصل محروق),(kashana) كشنة,kashana,(kashana) كشنة,prepared_meal,مطاعم الشلوي - حي الرمال,مطاعم الشلوي,حي الرمال,مطاعم الشلوي - حي الرمال,الروضة,بلدية,بلدية الروضة,True,False,لا يوجد,,0,,,False,none,,1,False
Data 2025.xlsx,2776,2025-04-08,2025-04,2025-W15,2,1,1-2891-R01,1-2891-R01,رز بشاور,الارز ( rice),rice,الارز ( rice),prepared_meal,مطاعم الشلوي - حي الرمال,مطاعم الشلوي,حي الرمال,مطاعم الشلوي - حي الرمال,الروضة,بلدية,بلدية الروضة,True,False,لا يوجد,,0,,,False,none,,3,True
Data 2025.xlsx,7128,2025-04-08,2025-04,2025-W15,2,1,1-3330-R01,1-3330-R01,مربى توت,(jam) مربى,jam,(jam) مربى,sauce_condiment,مقلط الفريج - حي قرطبة,مقلط الفريج,حي قرطبة,مقلط الفريج - حي قرطبة,الروضة,بلدية,بلدية الروضة,True,False,لا يوجد,,0,,,False,none,,0,False
Data 2025.xlsx,7139,2025-04-08,2025-04,2025-W15,2,1,1-3331-R01,1-3331-R01,كشنة,(kashana) كشنة,kashana,(kashana) كشنة,prepared_meal,مقلط الفريج - حي قرطبة,مقلط الفريج,حي قرطبة,مقلط الفريج - حي قرطبة,الروضة,بلدية,بلدية الروضة,True,False,لا يوجد,,0,,,False,none,,4,True
Data 2025.xlsx,7188,2025-04-08,2025-04,2025-W15,2,1,1-3332-R01,1-3332-R01,نكهة بطيخ,نكهات مركزة ( Syrup ),Syrup,نكهات مركزة ( Syrup ),sauce_condiment,كوب كاش شاروخان - حي قرطبة,كوب كاش شاروخان,حي قرطبة,كوب كاش شاروخان - حي قرطبة,الروضة,بلدية,بلدية الروضة,True,False,لا يوجد,,0,,,False,none,,3,True
Data 2025.xlsx,7189,2025-04-08,2025-04,2025-W15,2,1,1-3333-R01,1-3333-R01,نكهة تفاح,نكهات مركزة ( Syrup ),Syrup,نكهات مركزة ( Syrup ),sauce_condiment,كوب كاش شاروخان - حي قرطبة,كوب كاش شاروخان,حي قرطبة,كوب كاش شاروخان - حي قرطبة,الروضة,بلدية,بلدية الروضة,True,False,لا يوجد,,0,,,False,none,,3,True
Data 2025.xlsx,7153,2025-04-08,2025-04,2025-W15,2,1,O-U-po-0214-R01,O-U-po-0214-R01,حب الرمان,الرمان (pomegranate),pomegranate,الرمان (pomegranate),produce,مقلط الفريج - حي قرطبة,مقلط الفريج,حي قرطبة,مقلط الفريج - حي قرطبة,الروضة,بلدية,بلدية الروضة,False,True,استافيلوكوكس اورياس,استافيلوكوكس اورياس,1,استافيلوكوكس اورياس,,True,pathogen,,13,True
Data 2025.xlsx,7172,2025-04-08,2025-04,2025-W15,2,1,O-U-to-0662-R01,O-U-to-0662-R01,قطع طماطم,الطماطم (Tomatoes),Tomatoes,الطماطم (Tomatoes),produce,كوب كاش شاروخان - حي قرطبة,كوب كاش شاروخان,حي قرطبة,كوب كاش شاروخان - حي قرطبة,الروضة,بلدية,بلدية الروضة,False,True,استافيلوكوكس اورياس,استافيلوكوكس اورياس,1,استافيلوكوكس اورياس,,True,pathogen,,2,True
Data 2025.xlsx,7133,2025-04-08,2025-04,2025-W15,2,1,O-r-O3-le-0367-R01,O-r-O3-le-0367-R01,قطع خس,الخس (Lettuce),Lettuce,الخس (Lettuce),produce,مقلط الفريج - حي قرطبة,مقلط الفريج,حي قرطبة,مقلط الفريج - حي قرطبة,الروضة,بلدية,بلدية الروضة,False,True,ايشيريشيا كولاي | استافيلوكوكس اورياس,ايشيريشيا كولاي | استافيلوكوكس اورياس,2,ايشيريشيا كولاي | استافيلوكوكس اورياس,,True,multi_pathogen,,2,True
Data 2025.xlsx,7138,2025-04-08,2025-04,2025-W15,2,1,OO-OSS-po-0428-R01,OO-OSS-po-0428-R01,بطاطس مقلي,البطاطس (potatoes),potatoes,البطاطس (potatoes),produce,مقلط الفريج - حي قرطبة,مقلط الفريج,حي قرطبة,مقلط الفريج - حي قرطبة,الروضة,بلدية,بلدية الروضة,True,False,لا يوجد,,0,,,False,none,,4,True
Data 2025.xlsx,2731,2025-04-08,2025-04,2025-W15,2,1,OOSS-eg-0323-R01,OOSS-eg-0323-R01,مكدوس باذنجان,الباذنجان (eggplant),eggplant,الباذنجان (eggplant),dairy,كنوز المستهلك - حي الرمال,كنوز المستهلك,حي الرمال,كنوز المستهلك - حي الرمال,الروضة,بلدية,بلدية الروضة,True,False,لا يوجد,,0,,,False,none,,4,True
Data 2025.xlsx,7154,2025-04-08,2025-04,2025-W15,2,1,OOSS-eg-0365-R01,OOSS-eg-0365-R01,باذنجان مقلي,الباذنجان (eggplant),eggplant,الباذنجان (eggplant),dairy,مقلط الفريج - حي قرطبة,مقلط الفريج,حي قرطبة,مقلط الفريج - حي قرطبة,الروضة,بلدية,بلدية الروضة,True,False,لا يوجد,,0,,,False,none,,13,True
Data 2025.xlsx,7180,2025-04-08,2025-04,2025-W15,2,1,OOu-on-0512-R01,OOu-on-0512-R01,شرائح بصل,البصل (onions),onions,البصل (onions),produce,كوب كاش شاروخان - حي قرطبة,كوب كاش شاروخان,حي قرطبة,كوب كاش شاروخان - حي قرطبة,الروضة,بلدية,بلدية الروضة,True,False,لا يوجد,,0,,,False,none,,3,True
Data 2025.xlsx,7171,2025-04-08,2025-04,2025-W15,2,1,OU-pa-0254-R01,OU-pa-0254-R01,قطع بقدونس,البقدونس (parsley),parsley,البقدونس (parsley),produce,كوب كاش شاروخان - حي قرطبة,كوب كاش شاروخان,حي قرطبة,كوب كاش شاروخان - حي قرطبة,الروضة,بلدية,بلدية الروضة,False,True,استافيلوكوكس اورياس,استافيلوكوكس اورياس,1,استافيلوكوكس اورياس,,True,pathogen,,1,False
Data 2025.xlsx,7176,2025-04-08,2025-04,2025-W15,2,1,UOSS-be-0408-R01,UOSS-be-0408-R01,فاصوليا حمراء,الفاصوليا (beans),beans,الفاصوليا (beans),produce,كوب كاش شاروخان - حي قرطبة,كوب كاش شاروخان,حي قرطبة,كوب كاش شاروخان - حي قرطبة,الروضة,بلدية,بلدية الروضة,True,False,لا يوجد,,0,,,False,none,,3,True
Data 2025.xlsx,7132,2025-04-08,2025-04,2025-W15,2,1,UU-le-0446-R01,UU-le-0446-R01,قطع ليمون,الليمون (Lemons),Lemons,الليمون (Lemons),produce,مقلط الفريج - حي قرطبة,مقلط الفريج,حي قرطبة,مقلط الفريج - حي قرطبة,الروضة,بلدية,بلدية الروضة,True,False,لا يوجد,,0,,,False,none,,1,False
Data 2025.xlsx,7178,2025-04-08,2025-04,2025-W15,2,1,UU-le-0447-R01,UU-le-0447-R01,قطع ليمون,الليمون (Lemons),Lemons,الليمون (Lemons),produce,كوب كاش شاروخان - حي قرطبة,كوب كاش شاروخان,حي قرطبة,كوب كاش شاروخان - حي قرطبة,الروضة,بلدية,بلدية الروضة,True,False,لا يوجد,,0,,,False,none,,3,True
Data 2025.xlsx,2778,2025-04-08,2025-04,2025-W15,2,1,appe-0379-r01,Appe-0379-R01,حمص,مقبلات (Appetizers),Appetizers,مقبلات (Appetizers),prepared_meal,مطاعم الشلوي - حي الرمال,مطاعم الشلوي,حي الرمال,مطاعم الشلوي - حي الرمال,الروضة,بلدية,بلدية الروضة,True,False,لا يوجد,,0,,,False,none,,4,True
Data 2025.xlsx,2779,2025-04-08,2025-04,2025-W15,2,1,appe-0380-r01,Appe-0380-R01,متبل,مقبلات (Appetizers),Appetizers,مقبلات (Appetizers),prepared_meal,مطاعم الشلوي - حي الرمال,مطاعم الشلوي,حي الرمال,مطاعم الشلوي - حي الرمال,الروضة,بلدية,بلدية الروضة,True,False,لا يوجد,,0,,,False,none,,4,True
Data 2025.xlsx,2781,2025-04-08,2025-04,2025-W15,2,1,appe-0381-r01,Appe-0381-R01,بابا غنوج,مقبلات (Appetizers),Appetizers,مقبلات (Appetizers),prepared_meal,مطاعم الشلوي - حي الرمال,مطاعم الشلوي,حي الرمال,مطاعم الشلوي - حي الرمال,الروضة,بلدية,بلدية الروضة,True,False,لا يوجد,,0,,,False,none,,4,True
Data 2025.xlsx,2786,2025-04-08,2025-04,2025-W15,2,1,appe-0382-r01,Appe-0382-R01,تبولة,مقبلات (Appetizers),Appetizers,مقبلات (Appetizers),prepared_meal,مطاعم الشلوي - حي الرمال,مطاعم الشلوي,حي الرمال,مطاعم الشلوي - حي الرمال,الروضة,بلدية,بلدية الروضة,True,False,لا يوجد,,0,,,False,none,,4,True
Data 2025.xlsx,7150,2025-04-08,2025-04,2025-W15,2,1,appe-0539-r01,Appe-0539-R01,تبولة,مقبلات (Appetizers),Appetizers,مقبلات (Appetizers),prepared_meal,مقلط الفريج - حي قرطبة,مقلط الفريج,حي قرطبة,مقلط الفريج - حي قرطبة,الروضة,بلدية,بلدية الروضة,False,True,ايشيريشيا كولاي | استافيلوكوكس اورياس,ايشيريشيا كولاي | استافيلوكوكس اورياس,2,ايشيريشيا كولاي | استافيلوكوكس اورياس,,True,multi_pathogen,,12,True
Data 2025.xlsx,7151,2025-04-08,2025-04,2025-W15,2,1,appe-0540-r01,Appe-0540-R01,حمص,مقبلات (Appetizers),Appetizers,مقبلات (Appetizers),prepared_meal,مقلط الفريج - حي قرطبة,مقلط الفريج,حي قرطبة,مقلط الفريج - حي قرطبة,الروضة,بلدية,بلدية الروضة,True,False,لا يوجد,,0,,,False,none,,12,True
Data 2025.xlsx,7168,2025-04-08,2025-04,2025-W15,2,1,appe-0541-r01,Appe-0541-R01,بابا غنوج,مقبلات (Appetizers),Appetizers,مقبلات (Appetizers),prepared_meal,كوب كاش شاروخان - حي قرطبة,كوب كاش شاروخان,حي قرطبة,كوب كاش شاروخان - حي قرطبة,الروضة,بلدية,بلدية الروضة,True,False,لا يوجد,,0,,,False,none,,0,False
Data 2025.xlsx,7169,2025-04-08,2025-04,2025-W15,2,1,appe-0542-r01,Appe-0542-R01,متبل,مقبلات (Appetizers),Appetizers,مقبلات (Appetizers),prepared_meal,كوب كاش شاروخان - حي قرطبة,كوب كاش شاروخان,حي قرطبة,كوب كاش شاروخان - حي قرطبة,الروضة,بلدية,بلدية الروضة,True,False,لا يوجد,,0,,,False,none,,0,False
Data 2025.xlsx,7170,2025-04-08,2025-04,2025-W15,2,1,appe-0543-r01,Appe-0543-R01,حمص,مقبلات (Appetizers),Appetizers,مقبلات (Appetizers),prepared_meal,كوب كاش شاروخان - حي قرطبة,كوب كاش شاروخان,حي قرطبة,كوب كاش شاروخان - حي قرطبة,الروضة,بلدية,بلدية الروضة,True,False,لا يوجد,,0,,,False,none,,0,False
Data 2025.xlsx,2761,2025-04-08,2025-04,2025-W15,2,1,bakgoo-0463-r01,bakgoo-0463-R01,كورسان زعتر,(baked goods) المخبوزات,baked goods,(baked goods) المخبوزات,sweets_bakery,كنوز المستهلك - حي الرمال,كنوز المستهلك,حي الرمال,كنوز المستهلك - حي الرمال,الروضة,بلدية,بلدية الروضة,True,False,لا يوجد,,0,,,False,none,,14,True
Data 2025.xlsx,2762,2025-04-08,2025-04,2025-W15,2,1,bakgoo-0464-r01,bakgoo-0464-R01,كورسان جبن مالح,(baked goods) المخبوزات,baked goods,(baked goods) المخبوزات,sweets_bakery,كنوز المستهلك - حي الرمال,كنوز المستهلك,حي الرمال,كنوز المستهلك - حي الرمال,الروضة,بلدية,بلدية الروضة,True,False,لا يوجد,,0,,,False,none,,14,True
Data 2025.xlsx,2763,2025-04-08,2025-04,2025-W15,2,1,bakgoo-0465-r01,bakgoo-0465-R01,كورسان جبن بالعسل,(baked goods) المخبوزات,baked goods,(baked goods) المخبوزات,sweets_bakery,كنوز المستهلك - حي الرمال,كنوز المستهلك,حي الرمال,كنوز المستهلك - حي الرمال,الروضة,بلدية,بلدية الروضة,True,False,لا يوجد,,0,,,False,none,,14,True
Data 2025.xlsx,2764,2025-04-08,2025-04,2025-W15,2,1,bakgoo-0466-r01,bakgoo-0466-R01,كورسان سادة,(baked goods) المخبوزات,baked goods,(baked goods) المخبوزات,sweets_bakery,كنوز المستهلك - حي الرمال,كنوز المستهلك,حي الرمال,كنوز المستهلك - حي الرمال,الروضة,بلدية,بلدية الروضة,True,False,لا يوجد,,0,,,False,none,,14,True
Data 2025.xlsx,7155,2025-04-08,2025-04,2025-W15,2,1,br-0106-r01,Br-0106-R01,خبز,الخبـز (Bread),Bread,الخبـز (Bread),sweets_bakery,مقلط الفريج - حي قرطبة,مقلط الفريج,حي قرطبة,مقلط الفريج - حي قرطبة,الروضة,بلدية,بلدية الروضة,True,False,لا يوجد,,0,,,False,none,,13,True
Data 2025.xlsx,2736,2025-04-08,2025-04,2025-W15,2,1,bri-0284-r01,bri-0284-R01,لبنة بالزعتر,لبنة ( brick),brick,لبنة ( brick),dairy,كنوز المستهلك - حي الرمال,كنوز المستهلك,حي الرمال,كنوز المستهلك - حي الرمال,الروضة,بلدية,بلدية الروضة,False,True,انتيروباكتريسي | الخمائر والاعفان,انتيروباكتريسي | الخمائر والاعفان,2,,انتيروباكتريسي | الخمائر والاعفان,False,indicator_only,,9,True
Data 2025.xlsx,2740,2025-04-08,2025-04,2025-W15,2,1,bri-0285-r01,bri-0285-R01,لبنة افوكادو,لبنة ( brick),brick,لبنة ( brick),dairy,كنوز المستهلك - حي الرمال,كنوز المستهلك,حي الرمال,كنوز المستهلك - حي الرمال,الروضة,بلدية,بلدية الروضة,False,True,انتيروباكتريسي | الخمائر والاعفان,انتيروباكتريسي | الخمائر والاعفان,2,,انتيروباكتريسي | الخمائر والاعفان,False,indicator_only,,12,True
Data 2025.xlsx,2741,2025-04-08,2025-04,2025-W15,2,1,bri-0286-r01,bri-0286-R01,لبنة بيتزا,لبنة ( brick),brick,لبنة ( brick),dairy,كنوز المستهلك - حي الرمال,كنوز المستهلك,حي الرمال,كنوز المستهلك - حي الرمال,الروضة,بلدية,بلدية الروضة,True,False,لا يوجد,,0,,,False,none,,12,True
Data 2025.xlsx,2742,2025-04-08,2025-04,2025-W15,2,1,bri-0287-r01,bri-0287-R01,لبنة رمان,لبنة ( brick),brick,لبنة ( brick),dairy,كنوز المستهلك - حي الرمال,كنوز المستهلك,حي الرمال,كنوز المستهلك - حي الرمال,الروضة,بلدية,بلدية الروضة,True,False,لا يوجد,,0,,,False,none,,12,True
Data 2025.xlsx,7177,2025-04-08,2025-04,2025-W15,2,1,cer-0070-r01,cer-0070-R01,كينوا,الحبوب (Cereal grains),Cereal grains,الحبوب (Cereal grains),produce,كوب كاش شاروخان - حي قرطبة,كوب كاش شاروخان,حي قرطبة,كوب كاش شاروخان - حي قرطبة,الروضة,بلدية,بلدية الروضة,True,False,لا يوجد,,0,,,False,none,,3,True
Data 2025.xlsx,2727,2025-04-08,2025-04,2025-W15,2,1,chee-0692-r01,Chee-0692-R01,جبنة قريش وادي لاند,(cheese) جبنة,cheese,(cheese) جبنة,dairy,كنوز المستهلك - حي الرمال,كنوز المستهلك,حي الرمال,كنوز المستهلك - حي الرمال,الروضة,بلدية,بلدية الروضة,False,True,انتيروباكتريسي | ايشيريشيا كولاي | استافيلوكوكس اورياس,انتيروباكتريسي | ايشيريشيا كولاي | استافيلوكوكس اورياس,3,ايشيريشيا كولاي | استافيلوكوكس اورياس,انتيروباكتريسي,True,multi_pathogen,,1,False
Data 2025.xlsx,2728,2025-04-08,2025-04,2025-W15,2,1,chee-0693-r01,Chee-0693-R01,جبنة رومي,(cheese) جبنة,cheese,(cheese) جبنة,dairy,كنوز المستهلك - حي الرمال,كنوز المستهلك,حي الرمال,كنوز المستهلك - حي الرمال,الروضة,بلدية,بلدية الروضة,False,True,انتيروباكتريسي | ايشيريشيا كولاي | استافيلوكوكس اورياس,انتيروباكتريسي | ايشيريشيا كولاي | استافيلوكوكس اورياس,3,ايشيريشيا كولاي | استافيلوكوكس اورياس,انتيروباكتريسي,True,multi_pathogen,,2,True
Data 2025.xlsx,2737,2025-04-08,2025-04,2025-W15,2,1,chee-0694-r01,Chee-0694-R01,مش مصري حار,(cheese) جبنة,cheese,(cheese) جبنة,dairy,كنوز المستهلك - حي الرمال,كنوز المستهلك,حي الرمال,كنوز المستهلك - حي الرمال,الروضة,بلدية,بلدية الروضة,False,True,انتيروباكتريسي,انتيروباكتريسي,1,,انتيروباكتريسي,False,indicator_only,,10,True
Data 2025.xlsx,7144,2025-04-08,2025-04,2025-W15,2,1,chee-0809-r01,Chee-0809-R01,جبنة موزاريلا,(cheese) جبنة,cheese,(cheese) جبنة,dairy,مقلط الفريج - حي قرطبة,مقلط الفريج,حي قرطبة,مقلط الفريج - حي قرطبة,الروضة,بلدية,بلدية الروضة,True,False,لا يوجد,,0,,,False,none,,7,True
Data 2025.xlsx,7174,2025-04-08,2025-04,2025-W15,2,1,chee-0810-r01,Chee-0810-R01,جبنة شيدر,(cheese) جبنة,cheese,(cheese) جبنة,dairy,كوب كاش شاروخان - حي قرطبة,كوب كاش شاروخان,حي قرطبة,كوب كاش شاروخان - حي قرطبة,الروضة,بلدية,بلدية الروضة,True,False,لا يوجد,,0,,,False,none,,2,True
Data 2025.xlsx,7175,2025-04-08,2025-04,2025-W15,2,1,chee-0811-r01,Chee-0811-R01,جبنة بربيزان,(cheese) جبنة,cheese,(cheese) جبنة,dairy,كوب كاش شاروخان - حي قرطبة,كوب كاش شاروخان,حي قرطبة,كوب كاش شاروخان - حي قرطبة,الروضة,بلدية,بلدية الروضة,False,True,ايشيريشيا كولاي,ايشيريشيا كولاي,1,ايشيريشيا كولاي,,True,pathogen,,3,True
Data 2025.xlsx,7131,2025-04-08,2025-04,2025-W15,2,1,co-0577-r01,co-0577-R01,دجاج مكبوس,الدجاج المطبوخ (Cooked chicken),Cooked chicken,الدجاج المطبوخ (Cooked chicken),cooked_meat_poultry,مقلط الفريج - حي قرطبة,مقلط الفريج,حي قرطبة,مقلط الفريج - حي قرطبة,الروضة,بلدية,بلدية الروضة,False,True,العد الكلي للبكتيريا,العد الكلي للبكتيريا,1,,العد الكلي للبكتيريا,False,indicator_only,,1,False
Data 2025.xlsx,7141,2025-04-08,2025-04,2025-W15,2,1,co-0578-r01,co-0578-R01,دجاج مع فلفل,الدجاج المطبوخ (Cooked chicken),Cooked chicken,الدجاج المطبوخ (Cooked chicken),cooked_meat_poultry,مقلط الفريج - حي قرطبة,مقلط الفريج,حي قرطبة,مقلط الفريج - حي قرطبة,الروضة,بلدية,بلدية الروضة,False,True,استافيلوكوكس اورياس,استافيلوكوكس اورياس,1,استافيلوكوكس اورياس,,True,pathogen,,6,True
Data 2025.xlsx,7161,2025-04-08,2025-04,2025-W15,2,1,co-0579-r01,co-0579-R01,دجاج حساوي نص استواء,الدجاج المطبوخ (Cooked chicken),Cooked chicken,الدجاج المطبوخ (Cooked chicken),cooked_meat_poultry,مقلط الفريج - حي قرطبة,مقلط الفريج,حي قرطبة,مقلط الفريج - حي قرطبة,الروضة,بلدية,بلدية الروضة,True,False,لا يوجد,,0,,,False,none,,16,True
Data 2025.xlsx,7179,2025-04-08,2025-04,2025-W15,2,1,co-0580-r01,co-0580-R01,صدر دجاج,الدجاج المطبوخ (Cooked chicken),Cooked chicken,الدجاج المطبوخ (Cooked chicken),cooked_meat_poultry,كوب كاش شاروخان - حي قرطبة,كوب كاش شاروخان,حي قرطبة,كوب كاش شاروخان - حي قرطبة,الروضة,بلدية,بلدية الروضة,True,False,لا يوجد,,0,,,False,none,,3,True
Data 2025.xlsx,7173,2025-04-08,2025-04,2025-W15,2,1,cor-0270-r01,Cor-0270-R01,ذرة,الذرة (Corn),Corn,الذرة (Corn),produce,كوب كاش شاروخان - حي قرطبة,كوب كاش شاروخان,حي قرطبة,كوب كاش شاروخان - حي قرطبة,الروضة,بلدية,بلدية الروضة,True,False,لا يوجد,,0,,,False,none,,2,True
Data 2025.xlsx,7140,2025-04-08,2025-04,2025-W15,2,1,eggs-0108-r01,eggs-0108-R01,بيض مسلوق,البيض ومنتجاته ( eggs and products),eggs and products,البيض ومنتجاته ( eggs and products),dairy,مقلط الفريج - حي قرطبة,مقلط الفريج,حي قرطبة,مقلط الفريج - حي قرطبة,الروضة,بلدية,بلدية الروضة,False,True,انتيروباكتريسي,انتيروباكتريسي,1,,انتيروباكتريسي,False,indicator_only,,5,True
Data 2025.xlsx,2753,2025-04-08,2025-04,2025-W15,2,1,flswe-0059-r01,FlSwe-0059-R01,حلاوة طحينية بالفستق,حلاوة طحينة( Flour Sweetness),Flour Sweetness,حلاوة طحينة( Flour Sweetness),sauce_condiment,كنوز المستهلك - حي الرمال,كنوز المستهلك,حي الرمال,كنوز المستهلك - حي الرمال,الروضة,بلدية,بلدية الروضة,True,False,لا يوجد,,0,,,False,none,,14,True
Data 2025.xlsx,7129,2025-04-08,2025-04,2025-W15,2,1,flswe-0075-r01,FlSwe-0075-R01,حلاوة طحنية,حلاوة طحينة( Flour Sweetness),Flour Sweetness,حلاوة طحينة( Flour Sweetness),sauce_condiment,مقلط الفريج - حي قرطبة,مقلط الفريج,حي قرطبة,مقلط الفريج - حي قرطبة,الروضة,بلدية,بلدية الروضة,True,False,لا يوجد,,0,,,False,none,,0,False
Data 2025.xlsx,2787,2025-04-08,2025-04,2025-W15,2,1,gcv-0190-r01,GCV-0190-R01,ايدام مصقع باذنجان,الخضار المشوية و المطبوخة,,الخضار المشوية و المطبوخة,cooked_meat_poultry,مطاعم الشلوي - حي الرمال,مطاعم الشلوي,حي الرمال,مطاعم الشلوي - حي الرمال,الروضة,بلدية,بلدية الروضة,True,False,لا يوجد,,0,,,False,none,,4,True
Data 2025.xlsx,2788,2025-04-08,2025-04,2025-W15,2,1,gcv-0191-r01,GCV-0191-R01,ايدام بامية,الخضار المشوية و المطبوخة,,الخضار المشوية و المطبوخة,cooked_meat_poultry,مطاعم الشلوي - حي الرمال,مطاعم الشلوي,حي الرمال,مطاعم الشلوي - حي الرمال,الروضة,بلدية,بلدية الروضة,True,False,لا يوجد,,0,,,False,none,,4,True
Data 2025.xlsx,7152,2025-04-08,2025-04,2025-W15,2,1,gr-0193-r01,gr-0193-R01,ورق عنب,ورق عنب (Grape leaves),Grape leaves,ورق عنب (Grape leaves),produce,مقلط الفريج - حي قرطبة,مقلط الفريج,حي قرطبة,مقلط الفريج - حي قرطبة,الروضة,بلدية,بلدية الروضة,True,False,لا يوجد,,0,,,False,none,,12,True
Data 2025.xlsx,7137,2025-04-08,2025-04,2025-W15,2,1,ho-0243-r01,ho-0243-R01,عسل,(Honey) عسل النحل,Honey,(Honey) عسل النحل,sweets_bakery,مقلط الفريج - حي قرطبة,مقلط الفريج,حي قرطبة,مقلط الفريج - حي قرطبة,الروضة,بلدية,بلدية الروضة,True,False,لا يوجد,,0,,,False,none,,4,True
Data 2025.xlsx,7185,2025-04-08,2025-04,2025-W15,2,1,ho-0244-r01,ho-0244-R01,عسل,(Honey) عسل النحل,Honey,(Honey) عسل النحل,sweets_bakery,كوب كاش شاروخان - حي قرطبة,كوب كاش شاروخان,حي قرطبة,كوب كاش شاروخان - حي قرطبة,الروضة,بلدية,بلدية الروضة,True,False,لا يوجد,,0,,,False,none,,3,True
Data 2025.xlsx,2745,2025-04-08,2025-04,2025-W15,2,1,hs-0290-r01,HS-0290-R01,شطة حارة,الشطة (Hot sauce),Hot sauce,الشطة (Hot sauce),sauce_condiment,كنوز المستهلك - حي الرمال,كنوز المستهلك,حي الرمال,كنوز المستهلك - حي الرمال,الروضة,بلدية,بلدية الروضة,True,False,لا يوجد,,0,,,False,none,,13,True
Data 2025.xlsx,2775,2025-04-08,2025-04,2025-W15,2,1,hs-0291-r01,HS-0291-R01,شطة حار,الشطة (Hot sauce),Hot sauce,الشطة (Hot sauce),sauce_condiment,مطاعم الشلوي - حي الرمال,مطاعم الشلوي,حي الرمال,مطاعم الشلوي - حي الرمال,الروضة,بلدية,بلدية الروضة,False,True,العد الكلي للبكتيريا | انتيروباكتريسي,العد الكلي للبكتيريا | انتيروباكتريسي,2,,العد الكلي للبكتيريا | انتيروباكتريسي,False,indicator_only,,3,True
Data 2025.xlsx,7134,2025-04-08,2025-04,2025-W15,2,1,hs-0345-r01,HS-0345-R01,دقوس عادي احمر,الشطة (Hot sauce),Hot sauce,الشطة (Hot sauce),sauce_condiment,مقلط الفريج - حي قرطبة,مقلط الفريج,حي قرطبة,مقلط الفريج - حي قرطبة,الروضة,بلدية,بلدية الروضة,False,True,العد الكلي للبكتيريا,العد الكلي للبكتيريا,1,,العد الكلي للبكتيريا,False,indicator_only,,3,True
Data 2025.xlsx,7135,2025-04-08,2025-04,2025-W15,2,1,hs-0346-r01,HS-0346-R01,معبوج اخضر حار,الشطة (Hot sauce),Hot sauce,الشطة (Hot sauce),sauce_condiment,مقلط الفريج - حي قرطبة,مقلط الفريج,حي قرطبة,مقلط الفريج - حي قرطبة,الروضة,بلدية,بلدية الروضة,False,True,العد الكلي للبكتيريا,العد الكلي للبكتيريا,1,,العد الكلي للبكتيريا,False,indicator_only,,4,True
Data 2025.xlsx,7162,2025-04-08,2025-04,2025-W15,2,1,jui-0486-r01,jui-0486-R01,عصير ليمون بالنعناع,العصائر الطازجة Un-pasteurized juices (fresh),fresh,العصائر الطازجة Un-pasteurized juices (fresh),beverage,مقلط الفريج - حي قرطبة,مقلط الفريج,حي قرطبة,مقلط الفريج - حي قرطبة,الروضة,بلدية,بلدية الروضة,True,False,لا يوجد,,0,,,False,none,,16,True
Data 2025.xlsx,7163,2025-04-08,2025-04,2025-W15,2,1,jui-0487-r01,jui-0487-R01,عصير ليمون بالشمندر,العصائر الطازجة Un-pasteurized juices (fresh),fresh,العصائر الطازجة Un-pasteurized juices (fresh),beverage,مقلط الفريج - حي قرطبة,مقلط الفريج,حي قرطبة,مقلط الفريج - حي قرطبة,الروضة,بلدية,بلدية الروضة,True,False,لا يوجد,,0,,,False,none,,16,True
Data 2025.xlsx,7164,2025-04-08,2025-04,2025-W15,2,1,jui-0488-r01,jui-0488-R01,مشروب فيمتو,العصائر الطازجة Un-pasteurized juices (fresh),fresh,العصائر الطازجة Un-pasteurized juices (fresh),beverage,مقلط الفريج - حي قرطبة,مقلط الفريج,حي قرطبة,مقلط الفريج - حي قرطبة,الروضة,بلدية,بلدية الروضة,False,True,الخمائر والاعفان,الخمائر والاعفان,1,,الخمائر والاعفان,False,indicator_only,,17,True
Data 2025.xlsx,7165,2025-04-08,2025-04,2025-W15,2,1,jui-0489-r01,jui-0489-R01,عصير كوكتيل,العصائر الطازجة Un-pasteurized juices (fresh),fresh,العصائر الطازجة Un-pasteurized juices (fresh),beverage,مقلط الفريج - حي قرطبة,مقلط الفريج,حي قرطبة,مقلط الفريج - حي قرطبة,الروضة,بلدية,بلدية الروضة,True,False,لا يوجد,,0,,,False,none,,17,True
Data 2025.xlsx,7166,2025-04-08,2025-04,2025-W15,2,1,jui-0490-r01,jui-0490-R01,عصير برتقال كبس,العصائر الطازجة Un-pasteurized juices (fresh),fresh,العصائر الطازجة Un-pasteurized juices (fresh),beverage,مقلط الفريج - حي قرطبة,مقلط الفريج,حي قرطبة,مقلط الفريج - حي قرطبة,الروضة,بلدية,بلدية الروضة,True,False,لا يوجد,,0,,,False,none,,17,True
Data 2025.xlsx,7156,2025-04-08,2025-04,2025-W15,2,1,mola-0057-r01,mola-0057-R01,دبس رمان,( Molasses) دبس,Molasses,( Molasses) دبس,sauce_condiment,مقلط الفريج - حي قرطبة,مقلط الفريج,حي قرطبة,مقلط الفريج - حي قرطبة,الروضة,بلدية,بلدية الروضة,True,False,لا يوجد,,0,,,False,none,,13,True
Data 2025.xlsx,2744,2025-04-08,2025-04,2025-W15,2,1,olv-0447-r01,olv-0447-R01,زيتون محشي بالفلفل,الزيتون /Olive,Olive,الزيتون /Olive,produce,كنوز المستهلك - حي الرمال,كنوز المستهلك,حي الرمال,كنوز المستهلك - حي الرمال,الروضة,بلدية,بلدية الروضة,False,True,خمائر,الخمائر والاعفان,1,,الخمائر والاعفان,False,indicator_only,,13,True
Data 2025.xlsx,2747,2025-04-08,2025-04,2025-W15,2,1,olv-0448-r01,olv-0448-R01,زيتون مشوي,الزيتون /Olive,Olive,الزيتون /Olive,produce,كنوز المستهلك - حي الرمال,كنوز المستهلك,حي الرمال,كنوز المستهلك - حي الرمال,الروضة,بلدية,بلدية الروضة,True,False,لا يوجد,,0,,,False,none,,13,True
Data 2025.xlsx,2748,2025-04-08,2025-04,2025-W15,2,1,olv-0449-r01,olv-0449-R01,شرائح زيتون اخضر,الزيتون /Olive,Olive,الزيتون /Olive,produce,كنوز المستهلك - حي الرمال,كنوز المستهلك,حي الرمال,كنوز المستهلك - حي الرمال,الروضة,بلدية,بلدية الروضة,True,False,لا يوجد,,0,,,False,none,,13,True
Data 2025.xlsx,2749,2025-04-08,2025-04,2025-W15,2,1,olv-0450-r01,olv-0450-R01,زيتون مشكل,الزيتون /Olive,Olive,الزيتون /Olive,produce,كنوز المستهلك - حي الرمال,كنوز المستهلك,حي الرمال,كنوز المستهلك - حي الرمال,الروضة,بلدية,بلدية الروضة,False,True,خمائر,الخمائر والاعفان,1,,الخمائر والاعفان,False,indicator_only,,14,True
Data 2025.xlsx,2752,2025-04-08,2025-04,2025-W15,2,1,olv-0451-r01,olv-0451-R01,زيتون اسود بدون عجو,الزيتون /Olive,Olive,الزيتون /Olive,produce,كنوز المستهلك - حي الرمال,كنوز المستهلك,حي الرمال,كنوز المستهلك - حي الرمال,الروضة,بلدية,بلدية الروضة,True,False,لا يوجد,,0,,,False,none,,14,True
Data 2025.xlsx,2777,2025-04-08,2025-04,2025-W15,2,1,pa-0011-r01,pa-0011-R01,معكرونة,المكرونة - الشعيرية كل الانواع الجافة (Pasta / macaroni &Noodles all the dry types ),Pasta / macaroni &Noodles all the dry types,المكرونة - الشعيرية كل الانواع الجافة (Pasta / macaroni &Noodles all the dry types ),produce,مطاعم الشلوي - حي الرمال,مطاعم الشلوي,حي الرمال,مطاعم الشلوي - حي الرمال,الروضة,بلدية,بلدية الروضة,False,True,استافيلوكوكس اورياس,استافيلوكوكس اورياس,1,استافيلوكوكس اورياس,,True,pathogen,,4,True
Data 2025.xlsx,2746,2025-04-08,2025-04,2025-W15,2,1,pick-0366-r01,Pick-0366-R01,مخلل ليمون حار,المخلل (Pickle),Pickle,المخلل (Pickle),sauce_condiment,كنوز المستهلك - حي الرمال,كنوز المستهلك,حي الرمال,كنوز المستهلك - حي الرمال,الروضة,بلدية,بلدية الروضة,True,False,لا يوجد,,0,,,False,none,,13,True
Data 2025.xlsx,2750,2025-04-08,2025-04,2025-W15,2,1,pick-0367-r01,Pick-0367-R01,مخلل خيار صغير,المخلل (Pickle),Pickle,المخلل (Pickle),sauce_condiment,كنوز المستهلك - حي الرمال,كنوز المستهلك,حي الرمال,كنوز المستهلك - حي الرمال,الروضة,بلدية,بلدية الروضة,True,False,لا يوجد,,0,,,False,none,,14,True
Data 2025.xlsx,2751,2025-04-08,2025-04,2025-W15,2,1,pick-0368-r01,Pick-0368-R01,مشكل مخلل حار,المخلل (Pickle),Pickle,المخلل (Pickle),sauce_condiment,كنوز المستهلك - حي الرمال,كنوز المستهلك,حي الرمال,كنوز المستهلك - حي الرمال,الروضة,بلدية,بلدية الروضة,True,False,لا يوجد,,0,,,False,none,,14,True
Data 2025.xlsx,7158,2025-04-08,2025-04,2025-W15,2,1,po-0127-r01,po-0127-R01,كباب دجاج ني,الدجاج (Poultry),Poultry,الدجاج (Poultry),cooked_meat_poultry,مقلط الفريج - حي قرطبة,مقلط الفريج,حي قرطبة,مقلط الفريج - حي قرطبة,الروضة,بلدية,بلدية الروضة,True,False,لا يوجد,,0,,,False,none,,14,True
Data 2025.xlsx,2723,2025-04-08,2025-04,2025-W15,2,1,raw-0072-r01,Raw-0072-R01,لحم حري بلدي,لحوم نيئة مبردة ومجمدة (Raw meat Cold or chilled ),Raw meat Cold or chilled,لحوم نيئة مبردة ومجمدة (Raw meat Cold or chilled ),raw_meat,مراعي الأمانة,مراعي الأمانة,,مراعي الأمانة,المعذر,بلدية,بلدية المعذر,False,True,العد الكلي للبكتيريا,العد الكلي للبكتيريا,1,,العد الكلي للبكتيريا,False,indicator_only,,1,False
Data 2025.xlsx,2724,2025-04-08,2025-04,2025-W15,2,1,raw-0073-r01,Raw-0073-R01,لحم تيس بلدي,لحوم نيئة مبردة ومجمدة (Raw meat Cold or chilled ),Raw meat Cold or chilled,لحوم نيئة مبردة ومجمدة (Raw meat Cold or chilled ),raw_meat,مراعي الأمانة,مراعي الأمانة,,مراعي الأمانة,المعذر,بلدية,بلدية المعذر,False,True,العد الكلي للبكتيريا,العد الكلي للبكتيريا,1,,العد الكلي للبكتيريا,False,indicator_only,,2,True
Data 2025.xlsx,2725,2025-04-08,2025-04,2025-W15,2,1,raw-0074-r01,Raw-0074-R01,لحم حاشي بلدي,لحوم نيئة مبردة ومجمدة (Raw meat Cold or chilled ),Raw meat Cold or chilled,لحوم نيئة مبردة ومجمدة (Raw meat Cold or chilled ),raw_meat,مراعي الأمانة,مراعي الأمانة,,مراعي الأمانة,المعذر,بلدية,بلدية المعذر,False,True,العد الكلي للبكتيريا | السالمونيلا,العد الكلي للبكتيريا | السالمونيلا,2,السالمونيلا,العد الكلي للبكتيريا,True,pathogen,,3,True
Data 2025.xlsx,2726,2025-04-08,2025-04,2025-W15,2,1,raw-0075-r01,Raw-0075-R01,لحم نعيمي بلدي,لحوم نيئة مبردة ومجمدة (Raw meat Cold or chilled ),Raw meat Cold or chilled,لحوم نيئة مبردة ومجمدة (Raw meat Cold or chilled ),raw_meat,مراعي الأمانة,مراعي الأمانة,,مراعي الأمانة,المعذر,بلدية,بلدية المعذر,False,True,العد الكلي للبكتيريا,العد الكلي للبكتيريا,1,,العد الكلي للبكتيريا,False,indicator_only,,4,True
Data 2025.xlsx,7121,2025-04-08,2025-04,2025-W15,2,1,raw-0416-r01,Raw-0416-R01,فخذ عجل بلدي,لحوم نيئة مبردة ومجمدة (Raw meat Cold or chilled ),Raw meat Cold or chilled,لحوم نيئة مبردة ومجمدة (Raw meat Cold or chilled ),raw_meat,ملحمة باب الجابيه,ملحمة باب الجابيه,,ملحمة باب الجابيه,العليا,بلدية,بلدية العليا,False,True,السالمونيلا,السالمونيلا,1,السالمونيلا,,True,pathogen,,1,False
Data 2025.xlsx,7122,2025-04-08,2025-04,2025-W15,2,1,raw-0417-r01,Raw-0417-R01,فخذ سواكني بلدي,لحوم نيئة مبردة ومجمدة (Raw meat Cold or chilled ),Raw meat Cold or chilled,لحوم نيئة مبردة ومجمدة (Raw meat Cold or chilled ),raw_meat,ملحمة باب الجابيه,ملحمة باب الجابيه,,ملحمة باب الجابيه,العليا,بلدية,بلدية العليا,True,False,لا يوجد,,0,,,False,none,,1,False
Data 2025.xlsx,7123,2025-04-08,2025-04,2025-W15,2,1,raw-0418-r01,Raw-0418-R01,كبدة سواكني بلدي,لحوم نيئة مبردة ومجمدة (Raw meat Cold or chilled ),Raw meat Cold or chilled,لحوم نيئة مبردة ومجمدة (Raw meat Cold or chilled ),raw_meat,ملحمة باب الجابيه,ملحمة باب الجابيه,,ملحمة باب الجابيه,العليا,بلدية,بلدية العليا,True,False,لا يوجد,,0,,,False,none,,1,False
Data 2025.xlsx,7124,2025-04-08,2025-04,2025-W15,2,1,raw-0419-r01,Raw-0419-R01,كلاوي سواكني بلدي,لحوم نيئة مبردة ومجمدة (Raw meat Cold or chilled ),Raw meat Cold or chilled,لحوم نيئة مبردة ومجمدة (Raw meat Cold or chilled ),raw_meat,ملحمة باب الجابيه,ملحمة باب الجابيه,,ملحمة باب الجابيه,العليا,بلدية,بلدية العليا,True,False,لا يوجد,,0,,,False,none,,1,False
Data 2025.xlsx,7127,2025-04-08,2025-04,2025-W15,2,1,raw-0420-r01,Raw-0420-R01,عجل بلدي فخذ وصدر,لحوم نيئة مبردة ومجمدة (Raw meat Cold or chilled ),Raw meat Cold or chilled,لحوم نيئة مبردة ومجمدة (Raw meat Cold or chilled ),raw_meat,ملحمة لحوم طيبة للتجارة,ملحمة لحوم طيبة للتجارة,,ملحمة لحوم طيبة للتجارة,العليا,بلدية,بلدية العليا,True,False,لا يوجد,,0,,,False,none,,0,False
Data 2025.xlsx,7126,2025-04-08,2025-04,2025-W15,2,1,raw-0421-r01,Raw-0421-R01,رقبة تيس مبرد,لحوم نيئة مبردة ومجمدة (Raw meat Cold or chilled ),Raw meat Cold or chilled,لحوم نيئة مبردة ومجمدة (Raw meat Cold or chilled ),raw_meat,ملحمة لحوم طيبة للتجارة,ملحمة لحوم طيبة للتجارة,,ملحمة لحوم طيبة للتجارة,العليا,بلدية,بلدية العليا,True,False,لا يوجد,,0,,,False,none,,0,False
Data 2025.xlsx,7125,2025-04-08,2025-04,2025-W15,2,1,raw-0422-r01,Raw-0422-R01,كبدة غنم,لحوم نيئة مبردة ومجمدة (Raw meat Cold or chilled ),Raw meat Cold or chilled,لحوم نيئة مبردة ومجمدة (Raw meat Cold or chilled ),raw_meat,ملحمة لحوم طيبة للتجارة,ملحمة لحوم طيبة للتجارة,,ملحمة لحوم طيبة للتجارة,العليا,بلدية,بلدية العليا,True,False,لا يوجد,,0,,,False,none,,0,False
Data 2025.xlsx,7157,2025-04-08,2025-04,2025-W15,2,1,raw-0423-r01,Raw-0423-R01,كباب لحم ني,لحوم نيئة مبردة ومجمدة (Raw meat Cold or chilled ),Raw meat Cold or chilled,لحوم نيئة مبردة ومجمدة (Raw meat Cold or chilled ),raw_meat,مقلط الفريج - حي قرطبة,مقلط الفريج,حي قرطبة,مقلط الفريج - حي قرطبة,الروضة,بلدية,بلدية الروضة,False,True,استافيلوكوكس اورياس,استافيلوكوكس اورياس,1,استافيلوكوكس اورياس,,True,pathogen,,14,True
Data 2025.xlsx,2729,2025-04-08,2025-04,2025-W15,2,1,sal-1199-r01,Sal-1199-R01,سلطة مرتيلا (لحم + دجاج),السلطة(Salad),Salad,السلطة(Salad),produce,كنوز المستهلك - حي الرمال,كنوز المستهلك,حي الرمال,كنوز المستهلك - حي الرمال,الروضة,بلدية,بلدية الروضة,False,True,العد الكلي للبكتيريا | باسيلس سيريس,العد الكلي للبكتيريا | باسيلس سيريس,2,باسيلس سيريس,العد الكلي للبكتيريا,True,pathogen,,3,True
Data 2025.xlsx,2730,2025-04-08,2025-04,2025-W15,2,1,sal-1200-r01,Sal-1200-R01,سلطة تونة,السلطة(Salad),Salad,السلطة(Salad),produce,كنوز المستهلك - حي الرمال,كنوز المستهلك,حي الرمال,كنوز المستهلك - حي الرمال,الروضة,بلدية,بلدية الروضة,False,True,العد الكلي للبكتيريا,العد الكلي للبكتيريا,1,,العد الكلي للبكتيريا,False,indicator_only,,4,True
Data 2025.xlsx,2732,2025-04-08,2025-04,2025-W15,2,1,sal-1201-r01,Sal-1201-R01,سلطة جبن حارة,السلطة(Salad),Salad,السلطة(Salad),produce,كنوز المستهلك - حي الرمال,كنوز المستهلك,حي الرمال,كنوز المستهلك - حي الرمال,الروضة,بلدية,بلدية الروضة,False,True,انتيروباكتريسي | ايشيريشيا كولاي,انتيروباكتريسي | ايشيريشيا كولاي,2,ايشيريشيا كولاي,انتيروباكتريسي,True,pathogen,,5,True
Data 2025.xlsx,2733,2025-04-08,2025-04,2025-W15,2,1,sal-1202-r01,Sal-1202-R01,سلطة جبن بالشبت,السلطة(Salad),Salad,السلطة(Salad),produce,كنوز المستهلك - حي الرمال,كنوز المستهلك,حي الرمال,كنوز المستهلك - حي الرمال,الروضة,بلدية,بلدية الروضة,False,True,انتيروباكتريسي | ايشيريشيا كولاي,انتيروباكتريسي | ايشيريشيا كولاي,2,ايشيريشيا كولاي,انتيروباكتريسي,True,pathogen,,6,True
Data 2025.xlsx,2734,2025-04-08,2025-04,2025-W15,2,1,sal-1203-r01,Sal-1203-R01,سلطة مكدوس,السلطة(Salad),Salad,السلطة(Salad),produce,كنوز المستهلك - حي الرمال,كنوز المستهلك,حي الرمال,كنوز المستهلك - حي الرمال,الروضة,بلدية,بلدية الروضة,False,True,خمائر,الخمائر والاعفان,1,,الخمائر والاعفان,False,indicator_only,,7,True
Data 2025.xlsx,2735,2025-04-08,2025-04,2025-W15,2,1,sal-1204-r01,Sal-1204-R01,سلطة جبن بالزعتر,السلطة(Salad),Salad,السلطة(Salad),produce,كنوز المستهلك - حي الرمال,كنوز المستهلك,حي الرمال,كنوز المستهلك - حي الرمال,الروضة,بلدية,بلدية الروضة,False,True,انتيروباكتريسي,انتيروباكتريسي,1,,انتيروباكتريسي,False,indicator_only,,8,True
Data 2025.xlsx,2738,2025-04-08,2025-04,2025-W15,2,1,sal-1205-r01,Sal-1205-R01,سلطة شامية حارة,السلطة(Salad),Salad,السلطة(Salad),produce,كنوز المستهلك - حي الرمال,كنوز المستهلك,حي الرمال,كنوز المستهلك - حي الرمال,الروضة,بلدية,بلدية الروضة,True,False,لا يوجد,,0,,,False,none,,10,True
Data 2025.xlsx,2739,2025-04-08,2025-04,2025-W15,2,1,sal-1206-r01,Sal-1206-R01,سلطة شامية باردة,السلطة(Salad),Salad,السلطة(Salad),produce,كنوز المستهلك - حي الرمال,كنوز المستهلك,حي الرمال,كنوز المستهلك - حي الرمال,الروضة,بلدية,بلدية الروضة,False,True,استافيلوكوكس اورياس,استافيلوكوكس اورياس,1,استافيلوكوكس اورياس,,True,pathogen,,11,True
Data 2025.xlsx,2780,2025-04-08,2025-04,2025-W15,2,1,sal-1207-r01,Sal-1207-R01,سلطة ملفوف,السلطة(Salad),Salad,السلطة(Salad),produce,مطاعم الشلوي - حي الرمال,مطاعم الشلوي,حي الرمال,مطاعم الشلوي - حي الرمال,الروضة,بلدية,بلدية الروضة,True,False,لا يوجد,,0,,,False,none,,4,True
Data 2025.xlsx,2782,2025-04-08,2025-04,2025-W15,2,1,sal-1208-r01,Sal-1208-R01,سلطة روسية,السلطة(Salad),Salad,السلطة(Salad),produce,مطاعم الشلوي - حي الرمال,مطاعم الشلوي,حي الرمال,مطاعم الشلوي - حي الرمال,الروضة,بلدية,بلدية الروضة,True,False,لا يوجد,,0,,,False,none,,4,True
Data 2025.xlsx,2783,2025-04-08,2025-04,2025-W15,2,1,sal-1209-r01,Sal-1209-R01,سلطة زيتون,السلطة(Salad),Salad,السلطة(Salad),produce,مطاعم الشلوي - حي الرمال,مطاعم الشلوي,حي الرمال,مطاعم الشلوي - حي الرمال,الروضة,بلدية,بلدية الروضة,True,False,لا يوجد,,0,,,False,none,,4,True
Data 2025.xlsx,2784,2025-04-08,2025-04,2025-W15,2,1,sal-1210-r01,Sal-1210-R01,سلطة لبن وخيار,السلطة(Salad),Salad,السلطة(Salad),produce,مطاعم الشلوي - حي الرمال,مطاعم الشلوي,حي الرمال,مطاعم الشلوي - حي الرمال,الروضة,بلدية,بلدية الروضة,True,False,لا يوجد,,0,,,False,none,,4,True
Data 2025.xlsx,2785,2025-04-08,2025-04,2025-W15,2,1,sal-1211-r01,Sal-1211-R01,سلطة خضراء,السلطة(Salad),Salad,السلطة(Salad),produce,مطاعم الشلوي - حي الرمال,مطاعم الشلوي,حي الرمال,مطاعم الشلوي - حي الرمال,الروضة,بلدية,بلدية الروضة,True,False,لا يوجد,,0,,,False,none,,4,True
Data 2025.xlsx,7130,2025-04-08,2025-04,2025-W15,2,1,sal-1513-r01,Sal-1513-R01,سلطة جبنة,السلطة(Salad),Salad,السلطة(Salad),produce,مقلط الفريج - حي قرطبة,مقلط الفريج,حي قرطبة,مقلط الفريج - حي قرطبة,الروضة,بلدية,بلدية الروضة,True,False,لا يوجد,,0,,,False,none,,0,False
Data 2025.xlsx,7145,2025-04-08,2025-04,2025-W15,2,1,sal-1514-r01,Sal-1514-R01,سلطة لبن وخيار,السلطة(Salad),Salad,السلطة(Salad),produce,مقلط الفريج - حي قرطبة,مقلط الفريج,حي قرطبة,مقلط الفريج - حي قرطبة,الروضة,بلدية,بلدية الروضة,True,False,لا يوجد,,0,,,False,none,,7,True
Data 2025.xlsx,7147,2025-04-08,2025-04,2025-W15,2,1,sal-1515-r01,Sal-1515-R01,سلطة بصل و طماطم,السلطة(Salad),Salad,السلطة(Salad),produce,مقلط الفريج - حي قرطبة,مقلط الفريج,حي قرطبة,مقلط الفريج - حي قرطبة,الروضة,بلدية,بلدية الروضة,False,True,استافيلوكوكس اورياس,استافيلوكوكس اورياس,1,استافيلوكوكس اورياس,,True,pathogen,,9,True
Data 2025.xlsx,7148,2025-04-08,2025-04,2025-W15,2,1,sal-1516-r01,Sal-1516-R01,سلطة خضراء,السلطة(Salad),Salad,السلطة(Salad),produce,مقلط الفريج - حي قرطبة,مقلط الفريج,حي قرطبة,مقلط الفريج - حي قرطبة,الروضة,بلدية,بلدية الروضة,False,True,ايشيريشيا كولاي | استافيلوكوكس اورياس,ايشيريشيا كولاي | استافيلوكوكس اورياس,2,ايشيريشيا كولاي | استافيلوكوكس اورياس,,True,multi_pathogen,,10,True
Data 2025.xlsx,7149,2025-04-08,2025-04,2025-W15,2,1,sal-1517-r01,Sal-1517-R01,سلطة بقدونس مع شمندر,السلطة(Salad),Salad,السلطة(Salad),produce,مقلط الفريج - حي قرطبة,مقلط الفريج,حي قرطبة,مقلط الفريج - حي قرطبة,الروضة,بلدية,بلدية الروضة,False,True,ايشيريشيا كولاي | استافيلوكوكس اورياس,ايشيريشيا كولاي | استافيلوكوكس اورياس,2,ايشيريشيا كولاي | استافيلوكوكس اورياس,,True,multi_pathogen,,11,True
Data 2025.xlsx,7159,2025-04-08,2025-04,2025-W15,2,1,sal-1518-r01,Sal-1518-R01,سلطة مشاوي,السلطة(Salad),Salad,السلطة(Salad),produce,مقلط الفريج - حي قرطبة,مقلط الفريج,حي قرطبة,مقلط الفريج - حي قرطبة,الروضة,بلدية,بلدية الروضة,False,True,ايشيريشيا كولاي | استافيلوكوكس اورياس,ايشيريشيا كولاي | استافيلوكوكس اورياس,2,ايشيريشيا كولاي | استافيلوكوكس اورياس,,True,multi_pathogen,,15,True
Data 2025.xlsx,2789,2025-04-08,2025-04,2025-W15,2,1,sau-1353-r01,sau-1353-R01,صوص شيرة,صوص (sauce),sauce,صوص (sauce),sauce_condiment,مطاعم الشلوي - حي الرمال,مطاعم الشلوي,حي الرمال,مطاعم الشلوي - حي الرمال,الروضة,بلدية,بلدية الروضة,True,False,لا يوجد,,0,,,False,none,,4,True
Data 2025.xlsx,7136,2025-04-08,2025-04,2025-W15,2,1,sau-2089-r01,sau-2089-R01,صوص كاتشب,صوص (sauce),sauce,صوص (sauce),sauce_condiment,مقلط الفريج - حي قرطبة,مقلط الفريج,حي قرطبة,مقلط الفريج - حي قرطبة,الروضة,بلدية,بلدية الروضة,True,False,لا يوجد,,0,,,False,none,,4,True
Data 2025.xlsx,7142,2025-04-08,2025-04,2025-W15,2,1,sau-2090-r01,sau-2090-R01,صوص احمر للبيض,صوص (sauce),sauce,صوص (sauce),sauce_condiment,مقلط الفريج - حي قرطبة,مقلط الفريج,حي قرطبة,مقلط الفريج - حي قرطبة,الروضة,بلدية,بلدية الروضة,True,False,لا يوجد,,0,,,False,none,,6,True
Data 2025.xlsx,7143,2025-04-08,2025-04,2025-W15,2,1,sau-2091-r01,sau-2091-R01,صوص مكرونة,صوص (sauce),sauce,صوص (sauce),sauce_condiment,مقلط الفريج - حي قرطبة,مقلط الفريج,حي قرطبة,مقلط الفريج - حي قرطبة,الروضة,بلدية,بلدية الروضة,False,True,العد الكلي للبكتيريا,العد الكلي للبكتيريا,1,,العد الكلي للبكتيريا,False,indicator_only,,7,True
Data 2025.xlsx,7146,2025-04-08,2025-04,2025-W15,2,1,sau-2092-r01,sau-2092-R01,صوص سمك,صوص (sauce),sauce,صوص (sauce),sauce_condiment,مقلط الفريج - حي قرطبة,مقلط الفريج,حي قرطبة,مقلط الفريج - حي قرطبة,الروضة,بلدية,بلدية الروضة,False,True,استافيلوكوكس اورياس,استافيلوكوكس اورياس,1,استافيلوكوكس اورياس,,True,pathogen,,8,True
Data 2025.xlsx,7181,2025-04-08,2025-04,2025-W15,2,1,sau-2093-r01,sau-2093-R01,صوص كاتشب,صوص (sauce),sauce,صوص (sauce),sauce_condiment,كوب كاش شاروخان - حي قرطبة,كوب كاش شاروخان,حي قرطبة,كوب كاش شاروخان - حي قرطبة,الروضة,بلدية,بلدية الروضة,True,False,لا يوجد,,0,,,False,none,,3,True
Data 2025.xlsx,7182,2025-04-08,2025-04,2025-W15,2,1,sau-2094-r01,sau-2094-R01,صوص رانش,صوص (sauce),sauce,صوص (sauce),sauce_condiment,كوب كاش شاروخان - حي قرطبة,كوب كاش شاروخان,حي قرطبة,كوب كاش شاروخان - حي قرطبة,الروضة,بلدية,بلدية الروضة,True,False,لا يوجد,,0,,,False,none,,3,True
Data 2025.xlsx,7183,2025-04-08,2025-04,2025-W15,2,1,sau-2095-r01,sau-2095-R01,صوص سومطرا,صوص (sauce),sauce,صوص (sauce),sauce_condiment,كوب كاش شاروخان - حي قرطبة,كوب كاش شاروخان,حي قرطبة,كوب كاش شاروخان - حي قرطبة,الروضة,بلدية,بلدية الروضة,True,False,لا يوجد,,0,,,False,none,,3,True
Data 2025.xlsx,7184,2025-04-08,2025-04,2025-W15,2,1,sau-2096-r01,sau-2096-R01,صوص باربكيو,صوص (sauce),sauce,صوص (sauce),sauce_condiment,كوب كاش شاروخان - حي قرطبة,كوب كاش شاروخان,حي قرطبة,كوب كاش شاروخان - حي قرطبة,الروضة,بلدية,بلدية الروضة,True,False,لا يوجد,,0,,,False,none,,3,True
Data 2025.xlsx,2754,2025-04-08,2025-04,2025-W15,2,1,sw-2748-r01,sw-2748-R01,مسحة حافظة المربى,(Swabs) المسحات,Swabs,(Swabs) المسحات,swab,كنوز المستهلك - حي الرمال,كنوز المستهلك,حي الرمال,كنوز المستهلك - حي الرمال,الروضة,بلدية,بلدية الروضة,True,False,لا يوجد,,0,,,False,none,,14,True
Data 2025.xlsx,2755,2025-04-08,2025-04,2025-W15,2,1,sw-2749-r01,sw-2749-R01,مسحة حافظة حلاوة طحينة,(Swabs) المسحات,Swabs,(Swabs) المسحات,swab,كنوز المستهلك - حي الرمال,كنوز المستهلك,حي الرمال,كنوز المستهلك - حي الرمال,الروضة,بلدية,بلدية الروضة,True,False,لا يوجد,,0,,,False,none,,14,True
Data 2025.xlsx,2756,2025-04-08,2025-04,2025-W15,2,1,sw-2750-r01,sw-2750-R01,مسحة ثلاجة,(Swabs) المسحات,Swabs,(Swabs) المسحات,swab,كنوز المستهلك - حي الرمال,كنوز المستهلك,حي الرمال,كنوز المستهلك - حي الرمال,الروضة,بلدية,بلدية الروضة,True,False,لا يوجد,,0,,,False,none,,14,True
Data 2025.xlsx,2757,2025-04-08,2025-04,2025-W15,2,1,sw-2751-r01,sw-2751-R01,مسحة ثلاجة,(Swabs) المسحات,Swabs,(Swabs) المسحات,swab,كنوز المستهلك - حي الرمال,كنوز المستهلك,حي الرمال,كنوز المستهلك - حي الرمال,الروضة,بلدية,بلدية الروضة,True,False,لا يوجد,,0,,,False,none,,14,True
Data 2025.xlsx,2758,2025-04-08,2025-04,2025-W15,2,1,sw-2752-r01,sw-2752-R01,مسحة ثلاجة,(Swabs) المسحات,Swabs,(Swabs) المسحات,swab,كنوز المستهلك - حي الرمال,كنوز المستهلك,حي الرمال,كنوز المستهلك - حي الرمال,الروضة,بلدية,بلدية الروضة,True,False,لا يوجد,,0,,,False,none,,14,True
Data 2025.xlsx,2759,2025-04-08,2025-04,2025-W15,2,1,sw-2753-r01,sw-2753-R01,مسحة ثلاجة,(Swabs) المسحات,Swabs,(Swabs) المسحات,swab,كنوز المستهلك - حي الرمال,كنوز المستهلك,حي الرمال,كنوز المستهلك - حي الرمال,الروضة,بلدية,بلدية الروضة,True,False,لا يوجد,,0,,,False,none,,14,True
Data 2025.xlsx,2760,2025-04-08,2025-04,2025-W15,2,1,sw-2754-r01,sw-2754-R01,مسحة قطاعة مرتديلا,(Swabs) المسحات,Swabs,(Swabs) المسحات,swab,كنوز المستهلك - حي الرمال,كنوز المستهلك,حي الرمال,كنوز المستهلك - حي الرمال,الروضة,بلدية,بلدية الروضة,True,False,لا يوجد,,0,,,False,none,,14,True
Data 2025.xlsx,2768,2025-04-08,2025-04,2025-W15,2,1,sw-2755-r01,sw-2755-R01,مسحة حافظة شابورة,(Swabs) المسحات,Swabs,(Swabs) المسحات,swab,كنوز المستهلك - حي الرمال,كنوز المستهلك,حي الرمال,كنوز المستهلك - حي الرمال,الروضة,بلدية,بلدية الروضة,True,False,لا يوجد,,0,,,False,none,,16,True
Data 2025.xlsx,2769,2025-04-08,2025-04,2025-W15,2,1,sw-2756-r01,sw-2756-R01,مسحة حافظة شابورة,(Swabs) المسحات,Swabs,(Swabs) المسحات,swab,كنوز المستهلك - حي الرمال,كنوز المستهلك,حي الرمال,كنوز المستهلك - حي الرمال,الروضة,بلدية,بلدية الروضة,True,False,لا يوجد,,0,,,False,none,,16,True
Data 2025.xlsx,2770,2025-04-08,2025-04,2025-W15,2,1,sw-2757-r01,sw-2757-R01,مسحة يد عامل,(Swabs) المسحات,Swabs,(Swabs) المسحات,swab,مطاعم الشلوي - حي الرمال,مطاعم الشلوي,حي الرمال,مطاعم الشلوي - حي الرمال,الروضة,بلدية,بلدية الروضة,True,False,لا يوجد,,0,,,False,none,,0,False
Data 2025.xlsx,2771,2025-04-08,2025-04,2025-W15,2,1,sw-2758-r01,sw-2758-R01,مسحة يد عامل,(Swabs) المسحات,Swabs,(Swabs) المسحات,swab,مطاعم الشلوي - حي الرمال,مطاعم الشلوي,حي الرمال,مطاعم الشلوي - حي الرمال,الروضة,بلدية,بلدية الروضة,False,True,العد الكلي للبكتيريا | استافيلوكوكس اورياس,العد الكلي للبكتيريا | استافيلوكوكس اورياس,2,استافيلوكوكس اورياس,العد الكلي للبكتيريا,True,pathogen,,1,False
Data 2025.xlsx,2773,2025-04-08,2025-04,2025-W15,2,1,sw-2759-r01,sw-2759-R01,مسحة طاولة تقطيع (لحم + دجاج),(Swabs) المسحات,Swabs,(Swabs) المسحات,swab,مطاعم الشلوي - حي الرمال,مطاعم الشلوي,حي الرمال,مطاعم الشلوي - حي الرمال,الروضة,بلدية,بلدية الروضة,False,True,العد الكلي للبكتيريا | استافيلوكوكس اورياس,العد الكلي للبكتيريا | استافيلوكوكس اورياس,2,استافيلوكوكس اورياس,العد الكلي للبكتيريا,True,pathogen,,2,True
Data 2025.xlsx,2774,2025-04-08,2025-04,2025-W15,2,1,sw-2760-r01,sw-2760-R01,مسحة سخان,(Swabs) المسحات,Swabs,(Swabs) المسحات,swab,مطاعم الشلوي - حي الرمال,مطاعم الشلوي,حي الرمال,مطاعم الشلوي - حي الرمال,الروضة,بلدية,بلدية الروضة,True,False,لا يوجد,,0,,,False,none,,2,True
Data 2025.xlsx,7160,2025-04-08,2025-04,2025-W15,2,1,sw-3406-r01,sw-3406-R01,مسحة طاولة تقطيع لحم,(Swabs) المسحات,Swabs,(Swabs) المسحات,swab,مقلط الفريج - حي قرطبة,مقلط الفريج,حي قرطبة,مقلط الفريج - حي قرطبة,الروضة,بلدية,بلدية الروضة,False,True,العد الكلي للبكتيريا,العد الكلي للبكتيريا,1,,العد الكلي للبكتيريا,False,indicator_only,,16,True
Data 2025.xlsx,7186,2025-04-08,2025-04,2025-W15,2,1,sw-3407-r01,sw-3407-R01,مسحة ثلاجة تحضير,(Swabs) المسحات,Swabs,(Swabs) المسحات,swab,كوب كاش شاروخان - حي قرطبة,كوب كاش شاروخان,حي قرطبة,كوب كاش شاروخان - حي قرطبة,الروضة,بلدية,بلدية الروضة,True,False,لا يوجد,,0,,,False,none,,3,True
Data 2025.xlsx,7187,2025-04-08,2025-04,2025-W15,2,1,sw-3408-r01,sw-3408-R01,مسحة طاولة تحضير فواكه,(Swabs) المسحات,Swabs,(Swabs) المسحات,swab,كوب كاش شاروخان - حي قرطبة,كوب كاش شاروخان,حي قرطبة,كوب كاش شاروخان - حي قرطبة,الروضة,بلدية,بلدية الروضة,True,False,لا يوجد,,0,,,False,none,,3,True
Data 2025.xlsx,2765,2025-04-08,2025-04,2025-W15,2,1,sweet-0887-r01,sweet-0887-R01,بيتي فور مشكل,الحلا(sweetness),sweetness,الحلا(sweetness),sweets_bakery,كنوز المستهلك - حي الرمال,كنوز المستهلك,حي الرمال,كنوز المستهلك - حي الرمال,الروضة,بلدية,بلدية الروضة,False,True,استافيلوكوكس اورياس,استافيلوكوكس اورياس,1,استافيلوكوكس اورياس,,True,pathogen,,15,True
Data 2025.xlsx,2766,2025-04-08,2025-04,2025-W15,2,1,sweet-0888-r01,sweet-0888-R01,خلية بالجين الكيري,الحلا(sweetness),sweetness,الحلا(sweetness),sweets_bakery,كنوز المستهلك - حي الرمال,كنوز المستهلك,حي الرمال,كنوز المستهلك - حي الرمال,الروضة,بلدية,بلدية الروضة,True,False,لا يوجد,,0,,,False,none,,15,True
Data 2025.xlsx,2767,2025-04-08,2025-04,2025-W15,2,1,sweet-0889-r01,sweet-0889-R01,معمول تمر,الحلا(sweetness),sweetness,الحلا(sweetness),sweets_bakery,كنوز المستهلك - حي الرمال,كنوز المستهلك,حي الرمال,كنوز المستهلك - حي الرمال,الروضة,بلدية,بلدية الروضة,False,True,استافيلوكوكس اورياس,استافيلوكوكس اورياس,1,استافيلوكوكس اورياس,,True,pathogen,,16,True
Data 2025.xlsx,2790,2025-04-08,2025-04,2025-W15,2,1,sweet-0890-r01,sweet-0890-R01,كريم كراميل,الحلا(sweetness),sweetness,الحلا(sweetness),sweets_bakery,مطاعم الشلوي - حي الرمال,مطاعم الشلوي,حي الرمال,مطاعم الشلوي - حي الرمال,الروضة,بلدية,بلدية الروضة,True,False,لا يوجد,,0,,,False,none,,4,True
Data 2025.xlsx,2791,2025-04-08,2025-04,2025-W15,2,1,sweet-0891-r01,sweet-0891-R01,جلي فراولة,الحلا(sweetness),sweetness,الحلا(sweetness),sweets_bakery,مطاعم الشلوي - حي الرمال,مطاعم الشلوي,حي الرمال,مطاعم الشلوي - حي الرمال,الروضة,بلدية,بلدية الروضة,True,False,لا يوجد,,0,,,False,none,,4,True
Data 2025.xlsx,2792,2025-04-08,2025-04,2025-W15,2,1,sweet-0892-r01,sweet-0892-R01,تشيز كيك ايس كريم,الحلا(sweetness),sweetness,الحلا(sweetness),sweets_bakery,مطاعم الشلوي - حي الرمال,مطاعم الشلوي,حي الرمال,مطاعم الشلوي - حي الرمال,الروضة,بلدية,بلدية الروضة,True,False,لا يوجد,,0,,,False,none,,4,True
Data 2025.xlsx,2793,2025-04-08,2025-04,2025-W15,2,1,sweet-0893-r01,sweet-0893-R01,تشيز كيك توت بري,الحلا(sweetness),sweetness,الحلا(sweetness),sweets_bakery,مطاعم الشلوي - حي الرمال,مطاعم الشلوي,حي الرمال,مطاعم الشلوي - حي الرمال,الروضة,بلدية,بلدية الروضة,True,False,لا يوجد,,0,,,False,none,,4,True
Data 2025.xlsx,7167,2025-04-08,2025-04,2025-W15,2,1,sweet-1327-r01,sweet-1327-R01,كريم كراميل,الحلا(sweetness),sweetness,الحلا(sweetness),sweets_bakery,مقلط الفريج - حي قرطبة,مقلط الفريج,حي قرطبة,مقلط الفريج - حي قرطبة,الروضة,بلدية,بلدية الروضة,True,False,لا يوجد,,0,,,False,none,,17,True
Data 2025.xlsx,2794,2025-04-08,2025-04,2025-W15,2,1,ubot-0927-r01,Ubot-0927-R01,مياه حنفية غسيل الادوات,المياه الغير معبأة (Unbottled water),Unbottled water,المياه الغير معبأة (Unbottled water),water,مراعي الأمانة,مراعي الأمانة,,مراعي الأمانة,المعذر,بلدية,بلدية المعذر,True,False,لا يوجد,,0,,,False,none,,4,True
Data 2025.xlsx,2795,2025-04-08,2025-04,2025-W15,2,1,ubot-0928-r01,Ubot-0928-R01,مياه فلتر للعجانة,المياه الغير معبأة (Unbottled water),Unbottled water,المياه الغير معبأة (Unbottled water),water,كنوز المستهلك - حي الرمال,كنوز المستهلك,حي الرمال,كنوز المستهلك - حي الرمال,الروضة,بلدية,بلدية الروضة,True,False,لا يوجد,,0,,,False,none,,16,True
Data 2025.xlsx,2904,2025-04-13,2025-04,2025-W15,2,6,1-2908-R01,1-2908-R01,قشطة بالتمر,(cream) قشطة,cream,(cream) قشطة,dairy,سنام سوبر ماركت - حي الرمال,سنام سوبر ماركت,حي الرمال,سنام سوبر ماركت - حي الرمال,الروضة,بلدية,بلدية الروضة,False,True,العد الكلي للبكتيريا,العد الكلي للبكتيريا,1,,العد الكلي للبكتيريا,False,indicator_only,date_parsed_from_text,2,True
Data 2025.xlsx,2915,2025-04-13,2025-04,2025-W15,2,6,1-2909-R01,1-2909-R01,تونة شامية,(tuna) تونة,tuna,(tuna) تونة,cooked_meat_poultry,سنام سوبر ماركت - حي الرمال,سنام سوبر ماركت,حي الرمال,سنام سوبر ماركت - حي الرمال,الروضة,بلدية,بلدية الروضة,True,False,لا يوجد,,0,,,False,none,date_parsed_from_text,9,True
Data 2025.xlsx,2947,2025-04-13,2025-04,2025-W15,2,6,1-2910-R01,1-2910-R01,صلصة فولونيز,صلصه(salsa),salsa,صلصه(salsa),sauce_condiment,استليتا - حي الرمال,استليتا,حي الرمال,استليتا - حي الرمال,الروضة,بلدية,بلدية الروضة,False,True,الخمائر والاعفان,الخمائر والاعفان,1,,الخمائر والاعفان,False,indicator_only,date_parsed_from_text,1,False
Data 2025.xlsx,2968,2025-04-13,2025-04,2025-W15,2,6,appe-0387-r01,Appe-0387-R01,حمص,مقبلات (Appetizers),Appetizers,مقبلات (Appetizers),prepared_meal,مطعم ركن الكورنيش - حي الرمال,مطعم ركن الكورنيش,حي الرمال,مطعم ركن الكورنيش - حي الرمال,الروضة,بلدية,بلدية الروضة,True,False,لا يوجد,,0,,,False,none,date_parsed_from_text,2,True
Data 2025.xlsx,2969,2025-04-13,2025-04,2025-W15,2,6,appe-0388-r01,Appe-0388-R01,متبل,مقبلات (Appetizers),Appetizers,مقبلات (Appetizers),prepared_meal,مطعم ركن الكورنيش - حي الرمال,مطعم ركن الكورنيش,حي الرمال,مطعم ركن الكورنيش - حي الرمال,الروضة,بلدية,بلدية الروضة,True,False,لا يوجد,,0,,,False,none,date_parsed_from_text,2,True
Data 2025.xlsx,2974,2025-04-13,2025-04,2025-W15,2,6,bot-0023-r01,bot-0023-R01,مياه معباة غسيل للعجانة,المياه الغير معبأة (Unbottled water),Unbottled water,المياه الغير معبأة (Unbottled water),water,سنام سوبر ماركت - حي الرمال,سنام سوبر ماركت,حي الرمال,سنام سوبر ماركت - حي الرمال,الروضة,بلدية,بلدية الروضة,False,True,كوليفورم,كوليفورم,1,,كوليفورم,False,indicator_only,date_parsed_from_text,19,True
Data 2025.xlsx,2903,2025-04-13,2025-04,2025-W15,2,6,bri-0290-r01,bri-0290-R01,لبنة رمان,لبنة ( brick),brick,لبنة ( brick),dairy,سنام سوبر ماركت - حي الرمال,سنام سوبر ماركت,حي الرمال,سنام سوبر ماركت - حي الرمال,الروضة,بلدية,بلدية الروضة,False,True,انتيروباكتريسي | ايشيريشيا كولاي,انتيروباكتريسي | ايشيريشيا كولاي,2,ايشيريشيا كولاي,انتيروباكتريسي,True,pathogen,date_parsed_from_text,1,False
Data 2025.xlsx,2906,2025-04-13,2025-04,2025-W15,2,6,bri-0291-r01,bri-0291-R01,لبنة مشاوي,لبنة ( brick),brick,لبنة ( brick),dairy,سنام سوبر ماركت - حي الرمال,سنام سوبر ماركت,حي الرمال,سنام سوبر ماركت - حي الرمال,الروضة,بلدية,بلدية الروضة,False,True,انتيروباكتريسي,انتيروباكتريسي,1,,انتيروباكتريسي,False,indicator_only,date_parsed_from_text,3,True
Data 2025.xlsx,2907,2025-04-13,2025-04,2025-W15,2,6,bri-0292-r01,bri-0292-R01,لبنة مكدوس,لبنة ( brick),brick,لبنة ( brick),dairy,سنام سوبر ماركت - حي الرمال,سنام سوبر ماركت,حي الرمال,سنام سوبر ماركت - حي الرمال,الروضة,بلدية,بلدية الروضة,False,True,انتيروباكتريسي,انتيروباكتريسي,1,,انتيروباكتريسي,False,indicator_only,date_parsed_from_text,4,True
Data 2025.xlsx,2908,2025-04-13,2025-04,2025-W15,2,6,bri-0293-r01,bri-0293-R01,لبنة خضار,لبنة ( brick),brick,لبنة ( brick),dairy,سنام سوبر ماركت - حي الرمال,سنام سوبر ماركت,حي الرمال,سنام سوبر ماركت - حي الرمال,الروضة,بلدية,بلدية الروضة,False,True,انتيروباكتريسي,انتيروباكتريسي,1,,انتيروباكتريسي,False,indicator_only,date_parsed_from_text,5,True
Data 2025.xlsx,2916,2025-04-13,2025-04,2025-W15,2,6,bri-0294-r01,bri-0294-R01,كرات لبنة بالحبة السوداء,لبنة ( brick),brick,لبنة ( brick),dairy,سنام سوبر ماركت - حي الرمال,سنام سوبر ماركت,حي الرمال,سنام سوبر ماركت - حي الرمال,الروضة,بلدية,بلدية الروضة,False,True,الخمائر والاعفان,الخمائر والاعفان,1,,الخمائر والاعفان,False,indicator_only,date_parsed_from_text,10,True
Data 2025.xlsx,2899,2025-04-13,2025-04,2025-W15,2,6,chee-0697-r01,Chee-0697-R01,جبنة اسطنبولي,(cheese) جبنة,cheese,(cheese) جبنة,dairy,سنام سوبر ماركت - حي الرمال,سنام سوبر ماركت,حي الرمال,سنام سوبر ماركت - حي الرمال,الروضة,بلدية,بلدية الروضة,True,False,لا يوجد,,0,,,False,none,date_parsed_from_text,0,False
Data 2025.xlsx,2900,2025-04-13,2025-04,2025-W15,2,6,chee-0698-r01,Chee-0698-R01,جبنة اسكندراني,(cheese) جبنة,cheese,(cheese) جبنة,dairy,سنام سوبر ماركت - حي الرمال,سنام سوبر ماركت,حي الرمال,سنام سوبر ماركت - حي الرمال,الروضة,بلدية,بلدية الروضة,True,False,لا يوجد,,0,,,False,none,date_parsed_from_text,0,False
Data 2025.xlsx,2901,2025-04-13,2025-04,2025-W15,2,6,chee-0699-r01,Chee-0699-R01,جبنة قريش,(cheese) جبنة,cheese,(cheese) جبنة,dairy,سنام سوبر ماركت - حي الرمال,سنام سوبر ماركت,حي الرمال,سنام سوبر ماركت - حي الرمال,الروضة,بلدية,بلدية الروضة,True,False,لا يوجد,,0,,,False,none,date_parsed_from_text,0,False
Data 2025.xlsx,2902,2025-04-13,2025-04,2025-W15,2,6,chee-0700-r01,Chee-0700-R01,جبنة مكورة بالتوابل,(cheese) جبنة,cheese,(cheese) جبنة,dairy,سنام سوبر ماركت - حي الرمال,سنام سوبر ماركت,حي الرمال,سنام سوبر ماركت - حي الرمال,الروضة,بلدية,بلدية الروضة,True,False,لا يوجد,,0,,,False,none,date_parsed_from_text,0,False
Data 2025.xlsx,2905,2025-04-13,2025-04,2025-W15,2,6,chee-0701-r01,Chee-0701-R01,جبنة خضار ديت,(cheese) جبنة,cheese,(cheese) جبنة,dairy,سنام سوبر ماركت - حي الرمال,سنام سوبر ماركت,حي الرمال,سنام سوبر ماركت - حي الرمال,الروضة,بلدية,بلدية الروضة,True,False,لا يوجد,,0,,,False,none,date_parsed_from_text,2,True
Data 2025.xlsx,2910,2025-04-13,2025-04,2025-W15,2,6,chee-0702-r01,Chee-0702-R01,جبنة شيدر خضار,(cheese) جبنة,cheese,(cheese) جبنة,dairy,سنام سوبر ماركت - حي الرمال,سنام سوبر ماركت,حي الرمال,سنام سوبر ماركت - حي الرمال,الروضة,بلدية,بلدية الروضة,False,True,انتيروباكتريسي | استافيلوكوكس اورياس,انتيروباكتريسي | استافيلوكوكس اورياس,2,استافيلوكوكس اورياس,انتيروباكتريسي,True,pathogen,date_parsed_from_text,6,True
Data 2025.xlsx,2911,2025-04-13,2025-04,2025-W15,2,6,chee-0703-r01,Chee-0703-R01,جبنة خضار ديت,(cheese) جبنة,cheese,(cheese) جبنة,dairy,سنام سوبر ماركت - حي الرمال,سنام سوبر ماركت,حي الرمال,سنام سوبر ماركت - حي الرمال,الروضة,بلدية,بلدية الروضة,False,True,انتيروباكتريسي | استافيلوكوكس اورياس,انتيروباكتريسي | استافيلوكوكس اورياس,2,استافيلوكوكس اورياس,انتيروباكتريسي,True,pathogen,date_parsed_from_text,7,True
Data 2025.xlsx,2912,2025-04-13,2025-04,2025-W15,2,6,chee-0704-r01,Chee-0704-R01,جبنة خضار حار,(cheese) جبنة,cheese,(cheese) جبنة,dairy,سنام سوبر ماركت - حي الرمال,سنام سوبر ماركت,حي الرمال,سنام سوبر ماركت - حي الرمال,الروضة,بلدية,بلدية الروضة,False,True,انتيروباكتريسي | استافيلوكوكس اورياس,انتيروباكتريسي | استافيلوكوكس اورياس,2,استافيلوكوكس اورياس,انتيروباكتريسي,True,pathogen,date_parsed_from_text,8,True
Data 2025.xlsx,2913,2025-04-13,2025-04,2025-W15,2,6,chee-0705-r01,Chee-0705-R01,فتة مكدوس,(cheese) جبنة,cheese,(cheese) جبنة,dairy,سنام سوبر ماركت - حي الرمال,سنام سوبر ماركت,حي الرمال,سنام سوبر ماركت - حي الرمال,الروضة,بلدية,بلدية الروضة,True,False,لا يوجد,,0,,,False,none,date_parsed_from_text,8,True
Data 2025.xlsx,2926,2025-04-13,2025-04,2025-W15,2,6,chee-0706-r01,Chee-0706-R01,جبنة رومي,(cheese) جبنة,cheese,(cheese) جبنة,dairy,سنام سوبر ماركت - حي الرمال,سنام سوبر ماركت,حي الرمال,سنام سوبر ماركت - حي الرمال,الروضة,بلدية,بلدية الروضة,False,True,انتيروباكتريسي | استافيلوكوكس اورياس,انتيروباكتريسي | استافيلوكوكس اورياس,2,استافيلوكوكس اورياس,انتيروباكتريسي,True,pathogen,date_parsed_from_text,16,True
Data 2025.xlsx,2958,2025-04-13,2025-04,2025-W15,2,6,ho-0220-r01,ho-0220-R01,عسل,(Honey) عسل النحل,Honey,(Honey) عسل النحل,sweets_bakery,كنافة غير - حي الرمال,كنافة غير,حي الرمال,كنافة غير - حي الرمال,الروضة,بلدية,بلدية الروضة,True,False,لا يوجد,,0,,,False,none,date_parsed_from_text,0,False
Data 2025.xlsx,2955,2025-04-13,2025-04,2025-W15,2,6,jui-0420-r01,jui-0420-R01,عصير رمان,العصائر الطازجة Un-pasteurized juices (fresh),fresh,العصائر الطازجة Un-pasteurized juices (fresh),beverage,استليتا - حي الرمال,استليتا,حي الرمال,استليتا - حي الرمال,الروضة,بلدية,بلدية الروضة,True,False,لا يوجد,,0,,,False,none,date_parsed_from_text,2,True
Data 2025.xlsx,2960,2025-04-13,2025-04,2025-W15,2,6,mola-0037-r01,mola-0037-R01,دبس تمر,( Molasses) دبس,Molasses,( Molasses) دبس,sauce_condiment,كنافة غير - حي الرمال,كنافة غير,حي الرمال,كنافة غير - حي الرمال,الروضة,بلدية,بلدية الروضة,True,False,لا يوجد,,0,,,False,none,date_parsed_from_text,1,False
Data 2025.xlsx,2923,2025-04-13,2025-04,2025-W15,2,6,olv-0454-r01,olv-0454-R01,زيتون محشي جزر,الزيتون /Olive,Olive,الزيتون /Olive,produce,سنام سوبر ماركت - حي الرمال,سنام سوبر ماركت,حي الرمال,سنام سوبر ماركت - حي الرمال,الروضة,بلدية,بلدية الروضة,True,False,لا يوجد,,0,,,False,none,date_parsed_from_text,13,True
Data 2025.xlsx,2924,2025-04-13,2025-04,2025-W15,2,6,olv-0455-r01,olv-0455-R01,زيتون محشي فلفل,الزيتون /Olive,Olive,الزيتون /Olive,produce,سنام سوبر ماركت - حي الرمال,سنام سوبر ماركت,حي الرمال,سنام سوبر ماركت - حي الرمال,الروضة,بلدية,بلدية الروضة,False,True,خمائر,الخمائر والاعفان,1,,الخمائر والاعفان,False,indicator_only,date_parsed_from_text,14,True
Data 2025.xlsx,2925,2025-04-13,2025-04,2025-W15,2,6,olv-0456-r01,olv-0456-R01,شائح زيتون اسود,الزيتون /Olive,Olive,الزيتون /Olive,produce,سنام سوبر ماركت - حي الرمال,سنام سوبر ماركت,حي الرمال,سنام سوبر ماركت - حي الرمال,الروضة,بلدية,بلدية الروضة,False,True,خمائر,الخمائر والاعفان,1,,الخمائر والاعفان,False,indicator_only,date_parsed_from_text,15,True
Data 2025.xlsx,2948,2025-04-13,2025-04,2025-W15,2,6,olv-0457-r01,olv-0457-R01,شرائح زيتون اسود,الزيتون /Olive,Olive,الزيتون /Olive,produce,استليتا - حي الرمال,استليتا,حي الرمال,استليتا - حي الرمال,الروضة,بلدية,بلدية الروضة,True,False,لا يوجد,,0,,,False,none,date_parsed_from_text,1,False
Data 2025.xlsx,2917,2025-04-13,2025-04,2025-W15,2,6,pick-0372-r01,Pick-0372-R01,مخلل ليمون,المخلل (Pickle),Pickle,المخلل (Pickle),sauce_condiment,سنام سوبر ماركت - حي الرمال,سنام سوبر ماركت,حي الرمال,سنام سوبر ماركت - حي الرمال,الروضة,بلدية,بلدية الروضة,True,False,لا يوجد,,0,,,False,none,date_parsed_from_text,10,True
Data 2025.xlsx,2918,2025-04-13,2025-04,2025-W15,2,6,pick-0373-r01,Pick-0373-R01,مخلل النخبة (فلفل بالطحينة,المخلل (Pickle),Pickle,المخلل (Pickle),sauce_condiment,سنام سوبر ماركت - حي الرمال,سنام سوبر ماركت,حي الرمال,سنام سوبر ماركت - حي الرمال,الروضة,بلدية,بلدية الروضة,True,False,لا يوجد,,0,,,False,none,date_parsed_from_text,10,True
Data 2025.xlsx,2919,2025-04-13,2025-04,2025-W15,2,6,pick-0374-r01,Pick-0374-R01,مخلل باذنجان بالطحينة,المخلل (Pickle),Pickle,المخلل (Pickle),sauce_condiment,سنام سوبر ماركت - حي الرمال,سنام سوبر ماركت,حي الرمال,سنام سوبر ماركت - حي الرمال,الروضة,بلدية,بلدية الروضة,False,True,خمائر,الخمائر والاعفان,1,,الخمائر والاعفان,False,indicator_only,date_parsed_from_text,11,True
Data 2025.xlsx,2920,2025-04-13,2025-04,2025-W15,2,6,pick-0375-r01,Pick-0375-R01,طرشي مصري حار,المخلل (Pickle),Pickle,المخلل (Pickle),sauce_condiment,سنام سوبر ماركت - حي الرمال,سنام سوبر ماركت,حي الرمال,سنام سوبر ماركت - حي الرمال,الروضة,بلدية,بلدية الروضة,False,True,خمائر,الخمائر والاعفان,1,,الخمائر والاعفان,False,indicator_only,date_parsed_from_text,12,True
Data 2025.xlsx,2921,2025-04-13,2025-04,2025-W15,2,6,pick-0376-r01,Pick-0376-R01,مخلل زهرة,المخلل (Pickle),Pickle,المخلل (Pickle),sauce_condiment,سنام سوبر ماركت - حي الرمال,سنام سوبر ماركت,حي الرمال,سنام سوبر ماركت - حي الرمال,الروضة,بلدية,بلدية الروضة,True,False,لا يوجد,,0,,,False,none,date_parsed_from_text,12,True
Data 2025.xlsx,2922,2025-04-13,2025-04,2025-W15,2,6,pick-0377-r01,Pick-0377-R01,مخلل زيتون مشكل,المخلل (Pickle),Pickle,المخلل (Pickle),sauce_condiment,سنام سوبر ماركت - حي الرمال,سنام سوبر ماركت,حي الرمال,سنام سوبر ماركت - حي الرمال,الروضة,بلدية,بلدية الروضة,False,True,خمائر,الخمائر والاعفان,1,,الخمائر والاعفان,False,indicator_only,date_parsed_from_text,13,True
Data 2025.xlsx,2896,2025-04-13,2025-04,2025-W15,2,6,raw-0083-r01,Raw-0083-R01,لحم رجل عجل باكستاني مبرد (م.ك),لحوم نيئة مبردة ومجمدة (Raw meat Cold or chilled ),Raw meat Cold or chilled,لحوم نيئة مبردة ومجمدة (Raw meat Cold or chilled ),raw_meat,ملحمة إبداعات البنيان,ملحمة إبداعات البنيان,,ملحمة إبداعات البنيان,المعذر,بلدية,بلدية المعذر,True,False,لا يوجد,,0,,,False,none,date_parsed_from_text,0,False
Data 2025.xlsx,2897,2025-04-13,2025-04,2025-W15,2,6,raw-0084-r01,Raw-0084-R01,لحم كتف تيس حبشي (م.ك),لحوم نيئة مبردة ومجمدة (Raw meat Cold or chilled ),Raw meat Cold or chilled,لحوم نيئة مبردة ومجمدة (Raw meat Cold or chilled ),raw_meat,ملحمة إبداعات البنيان,ملحمة إبداعات البنيان,,ملحمة إبداعات البنيان,المعذر,بلدية,بلدية المعذر,True,False,لا يوجد,,0,,,False,none,date_parsed_from_text,0,False
Data 2025.xlsx,2898,2025-04-13,2025-04,2025-W15,2,6,raw-0085-r01,Raw-0085-R01,لحم يد خاروف استرالي (م.ك),لحوم نيئة مبردة ومجمدة (Raw meat Cold or chilled ),Raw meat Cold or chilled,لحوم نيئة مبردة ومجمدة (Raw meat Cold or chilled ),raw_meat,ملحمة إبداعات البنيان,ملحمة إبداعات البنيان,,ملحمة إبداعات البنيان,المعذر,بلدية,بلدية المعذر,True,False,لا يوجد,,0,,,False,none,date_parsed_from_text,0,False
Data 2025.xlsx,2909,2025-04-13,2025-04,2025-W15,2,6,sal-1226-r01,Sal-1226-R01,سلطة قريش,السلطة(Salad),Salad,السلطة(Salad),produce,سنام سوبر ماركت - حي الرمال,سنام سوبر ماركت,حي الرمال,سنام سوبر ماركت - حي الرمال,الروضة,بلدية,بلدية الروضة,True,False,لا يوجد,,0,,,False,none,date_parsed_from_text,5,True
Data 2025.xlsx,2914,2025-04-13,2025-04,2025-W15,2,6,sal-1227-r01,Sal-1227-R01,سلطة مرتديلا دجاج بالخضار,السلطة(Salad),Salad,السلطة(Salad),produce,سنام سوبر ماركت - حي الرمال,سنام سوبر ماركت,حي الرمال,سنام سوبر ماركت - حي الرمال,الروضة,بلدية,بلدية الروضة,False,True,العد الكلي للبكتيريا | باسيلس سيريس,العد الكلي للبكتيريا | باسيلس سيريس,2,باسيلس سيريس,العد الكلي للبكتيريا,True,pathogen,date_parsed_from_text,9,True
Data 2025.xlsx,2954,2025-04-13,2025-04,2025-W15,2,6,sal-1228-r01,Sal-1228-R01,سلطة خس,السلطة(Salad),Salad,السلطة(Salad),produce,استليتا - حي الرمال,استليتا,حي الرمال,استليتا - حي الرمال,الروضة,بلدية,بلدية الروضة,True,False,لا يوجد,,0,,,False,none,date_parsed_from_text,2,True
Data 2025.xlsx,2964,2025-04-13,2025-04,2025-W15,2,6,sal-1229-r01,Sal-1229-R01,سلطة ملفوف,السلطة(Salad),Salad,السلطة(Salad),produce,مطعم ركن الكورنيش - حي الرمال,مطعم ركن الكورنيش,حي الرمال,مطعم ركن الكورنيش - حي الرمال,الروضة,بلدية,بلدية الروضة,True,False,لا يوجد,,0,,,False,none,date_parsed_from_text,0,False
Data 2025.xlsx,2949,2025-04-13,2025-04,2025-W15,2,6,sau-1366-r01,sau-1366-R01,نقانق,(Sausage) نقانق,Sausage,(Sausage) نقانق,cooked_meat_poultry,استليتا - حي الرمال,استليتا,حي الرمال,استليتا - حي الرمال,الروضة,بلدية,بلدية الروضة,True,True,العد الكلي للبكتيريا,العد الكلي للبكتيريا,1,,العد الكلي للبكتيريا,False,indicator_only,date_parsed_from_text|validity_says_valid_but_has_failures,2,True
Data 2025.xlsx,2953,2025-04-13,2025-04,2025-W15,2,6,sau-1367-r01,sau-1367-R01,صوص سيزر,صوص (sauce),sauce,صوص (sauce),sauce_condiment,استليتا - حي الرمال,استليتا,حي الرمال,استليتا - حي الرمال,الروضة,بلدية,بلدية الروضة,True,False,لا يوجد,,0,,,False,none,date_parsed_from_text,2,True
Data 2025.xlsx,2956,2025-04-13,2025-04,2025-W15,2,6,sau-1368-r01,sau-1368-R01,صوص نستلة,صوص (sauce),sauce,صوص (sauce),sauce_condiment,كنافة غير - حي الرمال,كنافة غير,حي الرمال,كنافة غير - حي الرمال,الروضة,بلدية,بلدية الروضة,True,False,لا يوجد,,0,,,False,none,date_parsed_from_text,0,False
Data 2025.xlsx,2957,2025-04-13,2025-04,2025-W15,2,6,sau-1369-r01,sau-1369-R01,صوص شيرة,صوص (sauce),sauce,صوص (sauce),sauce_condiment,كنافة غير - حي الرمال,كنافة غير,حي الرمال,كنافة غير - حي الرمال,الروضة,بلدية,بلدية الروضة,True,False,لا يوجد,,0,,,False,none,date_parsed_from_text,0,False
Data 2025.xlsx,2959,2025-04-13,2025-04,2025-W15,2,6,sau-1370-r01,sau-1370-R01,صوص نوتيلا,صوص (sauce),sauce,صوص (sauce),sauce_condiment,كنافة غير - حي الرمال,كنافة غير,حي الرمال,كنافة غير - حي الرمال,الروضة,بلدية,بلدية الروضة,False,True,العد الكلي للبكتيريا,العد الكلي للبكتيريا,1,,العد الكلي للبكتيريا,False,indicator_only,date_parsed_from_text,1,False
Data 2025.xlsx,2961,2025-04-13,2025-04,2025-W15,2,6,sau-1371-r01,sau-1371-R01,صوص شوكولاتة بيضاء,صوص (sauce),sauce,صوص (sauce),sauce_condiment,كنافة غير - حي الرمال,كنافة غير,حي الرمال,كنافة غير - حي الرمال,الروضة,بلدية,بلدية الروضة,False,True,انتيروباكتريسي,انتيروباكتريسي,1,,انتيروباكتريسي,False,indicator_only,date_parsed_from_text,2,True
Data 2025.xlsx,2962,2025-04-13,2025-04,2025-W15,2,6,sau-1372-r01,sau-1372-R01,صوص بستاشيو,صوص (sauce),sauce,صوص (sauce),sauce_condiment,كنافة غير - حي الرمال,كنافة غير,حي الرمال,كنافة غير - حي الرمال,الروضة,بلدية,بلدية الروضة,False,True,العد الكلي للبكتيريا,العد الكلي للبكتيريا,1,,العد الكلي للبكتيريا,False,indicator_only,date_parsed_from_text,3,True
Data 2025.xlsx,2963,2025-04-13,2025-04,2025-W15,2,6,sau-1373-r01,sau-1373-R01,صوص لوتس,صوص (sauce),sauce,صوص (sauce),sauce_condiment,كنافة غير - حي الرمال,كنافة غير,حي الرمال,كنافة غير - حي الرمال,الروضة,بلدية,بلدية الروضة,True,False,لا يوجد,,0,,,False,none,date_parsed_from_text,3,True
Data 2025.xlsx,2965,2025-04-13,2025-04,2025-W15,2,6,sau-1374-r01,sau-1374-R01,صوص ثوم حراق,صوص (sauce),sauce,صوص (sauce),sauce_condiment,مطعم ركن الكورنيش - حي الرمال,مطعم ركن الكورنيش,حي الرمال,مطعم ركن الكورنيش - حي الرمال,الروضة,بلدية,بلدية الروضة,True,False,لا يوجد,,0,,,False,none,date_parsed_from_text,0,False
Data 2025.xlsx,2966,2025-04-13,2025-04,2025-W15,2,6,sau-1375-r01,sau-1375-R01,صوص كورنيش,صوص (sauce),sauce,صوص (sauce),sauce_condiment,مطعم ركن الكورنيش - حي الرمال,مطعم ركن الكورنيش,حي الرمال,مطعم ركن الكورنيش - حي الرمال,الروضة,بلدية,بلدية الروضة,False,True,العد الكلي للبكتيريا,العد الكلي للبكتيريا,1,,العد الكلي للبكتيريا,False,indicator_only,date_parsed_from_text,1,False
Data 2025.xlsx,2967,2025-04-13,2025-04,2025-W15,2,6,sau-1376-r01,sau-1376-R01,صوص ثوم عادي,صوص (sauce),sauce,صوص (sauce),sauce_condiment,مطعم ركن الكورنيش - حي الرمال,مطعم ركن الكورنيش,حي الرمال,مطعم ركن الكورنيش - حي الرمال,الروضة,بلدية,بلدية الروضة,False,True,العد الكلي للبكتيريا,العد الكلي للبكتيريا,1,,العد الكلي للبكتيريا,False,indicator_only,date_parsed_from_text,2,True
Data 2025.xlsx,2927,2025-04-13,2025-04,2025-W15,2,6,sw-2781-r01,sw-2781-R01,مسحة ثلاجة,(Swabs) المسحات,Swabs,(Swabs) المسحات,swab,سنام سوبر ماركت - حي الرمال,سنام سوبر ماركت,حي الرمال,سنام سوبر ماركت - حي الرمال,الروضة,بلدية,بلدية الروضة,True,False,لا يوجد,,0,,,False,none,date_parsed_from_text,16,True
Data 2025.xlsx,2928,2025-04-13,2025-04,2025-W15,2,6,sw-2782-r01,sw-2782-R01,مسحة ثلاجة,(Swabs) المسحات,Swabs,(Swabs) المسحات,swab,سنام سوبر ماركت - حي الرمال,سنام سوبر ماركت,حي الرمال,سنام سوبر ماركت - حي الرمال,الروضة,بلدية,بلدية الروضة,True,False,لا يوجد,,0,,,False,none,date_parsed_from_text,16,True
Data 2025.xlsx,2929,2025-04-13,2025-04,2025-W15,2,6,sw-2783-r01,sw-2783-R01,مسحة ثلاجة,(Swabs) المسحات,Swabs,(Swabs) المسحات,swab,سنام سوبر ماركت - حي الرمال,سنام سوبر ماركت,حي الرمال,سنام سوبر ماركت - حي الرمال,الروضة,بلدية,بلدية الروضة,True,False,لا يوجد,,0,,,False,none,date_parsed_from_text,16,True
Data 2025.xlsx,2930,2025-04-13,2025-04,2025-W15,2,6,sw-2784-r01,sw-2784-R01,مسحة ثلاجة,(Swabs) المسحات,Swabs,(Swabs) المسحات,swab,سنام سوبر ماركت - حي الرمال,سنام سوبر ماركت,حي الرمال,سنام سوبر ماركت - حي الرمال,الروضة,بلدية,بلدية الروضة,True,False,لا يوجد,,0,,,False,none,date_parsed_from_text,16,True
Data 2025.xlsx,2931,2025-04-13,2025-04,2025-W15,2,6,sw-2785-r01,sw-2785-R01,مسحة ثلاجة,(Swabs) المسحات,Swabs,(Swabs) المسحات,swab,سنام سوبر ماركت - حي الرمال,سنام سوبر ماركت,حي الرمال,سنام سوبر ماركت - حي الرمال,الروضة,بلدية,بلدية الروضة,True,False,لا يوجد,,0,,,False,none,date_parsed_from_text,16,True
Data 2025.xlsx,2932,2025-04-13,2025-04,2025-W15,2,6,sw-2786-r01,sw-2786-R01,مسحة ثلاجة,(Swabs) المسحات,Swabs,(Swabs) المسحات,swab,سنام سوبر ماركت - حي الرمال,سنام سوبر ماركت,حي الرمال,سنام سوبر ماركت - حي الرمال,الروضة,بلدية,بلدية الروضة,True,False,لا يوجد,,0,,,False,none,date_parsed_from_text,16,True
Data 2025.xlsx,2933,2025-04-13,2025-04,2025-W15,2,6,sw-2787-r01,sw-2787-R01,مسحة ثلاجة,(Swabs) المسحات,Swabs,(Swabs) المسحات,swab,سنام سوبر ماركت - حي الرمال,سنام سوبر ماركت,حي الرمال,سنام سوبر ماركت - حي الرمال,الروضة,بلدية,بلدية الروضة,True,False,لا يوجد,,0,,,False,none,date_parsed_from_text,16,True
Data 2025.xlsx,2934,2025-04-13,2025-04,2025-W15,2,6,sw-2788-r01,sw-2788-R01,مسحة ثلاجة,(Swabs) المسحات,Swabs,(Swabs) المسحات,swab,سنام سوبر ماركت - حي الرمال,سنام سوبر ماركت,حي الرمال,سنام سوبر ماركت - حي الرمال,الروضة,بلدية,بلدية الروضة,True,False,لا يوجد,,0,,,False,none,date_parsed_from_text,16,True
Data 2025.xlsx,2935,2025-04-13,2025-04,2025-W15,2,6,sw-2789-r01,sw-2789-R01,مسحة ثلاجة,(Swabs) المسحات,Swabs,(Swabs) المسحات,swab,سنام سوبر ماركت - حي الرمال,سنام سوبر ماركت,حي الرمال,سنام سوبر ماركت - حي الرمال,الروضة,بلدية,بلدية الروضة,True,False,لا يوجد,,0,,,False,none,date_parsed_from_text,16,True
Data 2025.xlsx,2936,2025-04-13,2025-04,2025-W15,2,6,sw-2790-r01,sw-2790-R01,مسحة ثلاجة,(Swabs) المسحات,Swabs,(Swabs) المسحات,swab,سنام سوبر ماركت - حي الرمال,سنام سوبر ماركت,حي الرمال,سنام سوبر ماركت - حي الرمال,الروضة,بلدية,بلدية الروضة,True,False,لا يوجد,,0,,,False,none,date_parsed_from_text,16,True
Data 2025.xlsx,2937,2025-04-13,2025-04,2025-W15,2,6,sw-2791-r01,sw-2791-R01,مسحة ثلاجة,(Swabs) المسحات,Swabs,(Swabs) المسحات,swab,سنام سوبر ماركت - حي الرمال,سنام سوبر ماركت,حي الرمال,سنام سوبر ماركت - حي الرمال,الروضة,بلدية,بلدية الروضة,True,False,لا يوجد,,0,,,False,none,date_parsed_from_text,16,True
Data 2025.xlsx,2938,2025-04-13,2025-04,2025-W15,2,6,sw-2792-r01,sw-2792-R01,مسحة فرامة جبن,(Swabs) المسحات,Swabs,(Swabs) المسحات,swab,سنام سوبر ماركت - حي الرمال,سنام سوبر ماركت,حي الرمال,سنام سوبر ماركت - حي الرمال,الروضة,بلدية,بلدية الروضة,True,False,لا يوجد,,0,,,False,none,date_parsed_from_text,16,True
Data 2025.xlsx,2939,2025-04-13,2025-04,2025-W15,2,6,sw-2793-r01,sw-2793-R01,مسحة قطاعة مرتديلا,(Swabs) المسحات,Swabs,(Swabs) المسحات,swab,سنام سوبر ماركت - حي الرمال,سنام سوبر ماركت,حي الرمال,سنام سوبر ماركت - حي الرمال,الروضة,بلدية,بلدية الروضة,False,True,العد الكلي للبكتيريا,العد الكلي للبكتيريا,1,,العد الكلي للبكتيريا,False,indicator_only,date_parsed_from_text,17,True
Data 2025.xlsx,2945,2025-04-13,2025-04,2025-W15,2,6,sw-2794-r01,sw-2794-R01,مسحة حافظة حلا,(Swabs) المسحات,Swabs,(Swabs) المسحات,swab,سنام سوبر ماركت - حي الرمال,سنام سوبر ماركت,حي الرمال,سنام سوبر ماركت - حي الرمال,الروضة,بلدية,بلدية الروضة,True,False,لا يوجد,,0,,,False,none,date_parsed_from_text,18,True
Data 2025.xlsx,2946,2025-04-13,2025-04,2025-W15,2,6,sw-2795-r01,sw-2795-R01,مسحة حافظة حلا,(Swabs) المسحات,Swabs,(Swabs) المسحات,swab,سنام سوبر ماركت - حي الرمال,سنام سوبر ماركت,حي الرمال,سنام سوبر ماركت - حي الرمال,الروضة,بلدية,بلدية الروضة,True,False,لا يوجد,,0,,,False,none,date_parsed_from_text,18,True
Data 2025.xlsx,2950,2025-04-13,2025-04,2025-W15,2,6,sw-2796-r01,sw-2796-R01,مسحة ثلاجة تحضير,(Swabs) المسحات,Swabs,(Swabs) المسحات,swab,استليتا - حي الرمال,استليتا,حي الرمال,استليتا - حي الرمال,الروضة,بلدية,بلدية الروضة,True,False,لا يوجد,,0,,,False,none,date_parsed_from_text,2,True
Data 2025.xlsx,2951,2025-04-13,2025-04,2025-W15,2,6,sw-2797-r01,sw-2797-R01,مسحة حافظة خبز,(Swabs) المسحات,Swabs,(Swabs) المسحات,swab,استليتا - حي الرمال,استليتا,حي الرمال,استليتا - حي الرمال,الروضة,بلدية,بلدية الروضة,True,False,لا يوجد,,0,,,False,none,date_parsed_from_text,2,True
Data 2025.xlsx,2952,2025-04-13,2025-04,2025-W15,2,6,sw-2798-r01,sw-2798-R01,مسحة ثلاجة اعداد بيتزا,(Swabs) المسحات,Swabs,(Swabs) المسحات,swab,استليتا - حي الرمال,استليتا,حي الرمال,استليتا - حي الرمال,الروضة,بلدية,بلدية الروضة,True,False,لا يوجد,,0,,,False,none,date_parsed_from_text,2,True
Data 2025.xlsx,2970,2025-04-13,2025-04,2025-W15,2,6,sw-2799-r01,sw-2799-R01,مسحة حافظة برستد,(Swabs) المسحات,Swabs,(Swabs) المسحات,swab,مطعم ركن الكورنيش - حي الرمال,مطعم ركن الكورنيش,حي الرمال,مطعم ركن الكورنيش - حي الرمال,الروضة,بلدية,بلدية الروضة,False,True,العد الكلي للبكتيريا,العد الكلي للبكتيريا,1,,العد الكلي للبكتيريا,False,indicator_only,date_parsed_from_text,3,True
Data 2025.xlsx,2971,2025-04-13,2025-04,2025-W15,2,6,sw-2800-r01,sw-2800-R01,مسحة حافظة وجبات,(Swabs) المسحات,Swabs,(Swabs) المسحات,swab,مطعم ركن الكورنيش - حي الرمال,مطعم ركن الكورنيش,حي الرمال,مطعم ركن الكورنيش - حي الرمال,الروضة,بلدية,بلدية الروضة,True,False,لا يوجد,,0,,,False,none,date_parsed_from_text,3,True
Data 2025.xlsx,2972,2025-04-13,2025-04,2025-W15,2,6,sw-2801-r01,sw-2801-R01,مسحة حافظة وجبات,(Swabs) المسحات,Swabs,(Swabs) المسحات,swab,مطعم ركن الكورنيش - حي الرمال,مطعم ركن الكورنيش,حي الرمال,مطعم ركن الكورنيش - حي الرمال,الروضة,بلدية,بلدية الروضة,True,False,لا يوجد,,0,,,False,none,date_parsed_from_text,3,True
Data 2025.xlsx,2940,2025-04-13,2025-04,2025-W15,2,6,sweet-0906-r01,sweet-0906-R01,بسبوسة بالقشطة وجوز الهند,الحلا(sweetness),sweetness,الحلا(sweetness),sweets_bakery,سنام سوبر ماركت - حي الرمال,سنام سوبر ماركت,حي الرمال,سنام سوبر ماركت - حي الرمال,الروضة,بلدية,بلدية الروضة,False,True,كوليفورم | استافيلوكوكس اورياس,كوليفورم | استافيلوكوكس اورياس,2,استافيلوكوكس اورياس,كوليفورم,True,pathogen,date_parsed_from_text,18,True
Data 2025.xlsx,2941,2025-04-13,2025-04,2025-W15,2,6,sweet-0907-r01,sweet-0907-R01,بسكوت,الحلا(sweetness),sweetness,الحلا(sweetness),sweets_bakery,سنام سوبر ماركت - حي الرمال,سنام سوبر ماركت,حي الرمال,سنام سوبر ماركت - حي الرمال,الروضة,بلدية,بلدية الروضة,True,False,لا يوجد,,0,,,False,none,date_parsed_from_text,18,True
Data 2025.xlsx,2942,2025-04-13,2025-04,2025-W15,2,6,sweet-0908-r01,sweet-0908-R01,كعك سادة,الحلا(sweetness),sweetness,الحلا(sweetness),sweets_bakery,سنام سوبر ماركت - حي الرمال,سنام سوبر ماركت,حي الرمال,سنام سوبر ماركت - حي الرمال,الروضة,بلدية,بلدية الروضة,True,False,لا يوجد,,0,,,False,none,date_parsed_from_text,18,True
Data 2025.xlsx,2943,2025-04-13,2025-04,2025-W15,2,6,sweet-0909-r01,sweet-0909-R01,معمول يالتمر,الحلا(sweetness),sweetness,الحلا(sweetness),sweets_bakery,سنام سوبر ماركت - حي الرمال,سنام سوبر ماركت,حي الرمال,سنام سوبر ماركت - حي الرمال,الروضة,بلدية,بلدية الروضة,True,False,لا يوجد,,0,,,False,none,date_parsed_from_text,18,True
Data 2025.xlsx,2944,2025-04-13,2025-04,2025-W15,2,6,sweet-0910-r01,sweet-0910-R01,كوكيز شوكولاتة,الحلا(sweetness),sweetness,الحلا(sweetness),sweets_bakery,سنام سوبر ماركت - حي الرمال,سنام سوبر ماركت,حي الرمال,سنام سوبر ماركت - حي الرمال,الروضة,بلدية,بلدية الروضة,True,False,لا يوجد,,0,,,False,none,date_parsed_from_text,18,True
Data 2025.xlsx,2973,2025-04-13,2025-04,2025-W15,2,6,ubot-0930-r01,Ubot-0930-R01,مياه حنفية لغسيل الادوات (م.ك),المياه الغير معبأة (Unbottled water),Unbottled water,المياه الغير معبأة (Unbottled water),water,ملحمة إبداعات البنيان,ملحمة إبداعات البنيان,,ملحمة إبداعات البنيان,المعذر,بلدية,بلدية المعذر,True,False,لا يوجد,,0,,,False,none,date_parsed_from_text,0,False
Data 2025.xlsx,3027,2025-04-14,2025-04,2025-W16,2,0,1-2911-R01,1-2911-R01,كبدة غنم,كبدة (liver),liver,كبدة (liver),cooked_meat_poultry,بوفية عبد العزيز العتيبي - حي الرمال,بوفية عبد العزيز العتيبي,حي الرمال,بوفية عبد العزيز العتيبي - حي الرمال,الروضة,بلدية,بلدية الروضة,True,False,لا يوجد,,0,,,False,none,date_parsed_from_text,0,False
Data 2025.xlsx,3030,2025-04-14,2025-04,2025-W16,2,0,1-2912-R01,1-2912-R01,تونة مطبوخ,(tuna) تونة,tuna,(tuna) تونة,cooked_meat_poultry,بوفية عبد العزيز العتيبي - حي الرمال,بوفية عبد العزيز العتيبي,حي الرمال,بوفية عبد العزيز العتيبي - حي الرمال,الروضة,بلدية,بلدية الروضة,True,False,لا يوجد,,0,,,False,none,date_parsed_from_text,0,False
Data 2025.xlsx,3011,2025-04-14,2025-04,2025-W16,2,0,O-U-to-0589-R01,O-U-to-0589-R01,قطع طماطم,الطماطم (Tomatoes),Tomatoes,الطماطم (Tomatoes),produce,بوفية قمة عدنان - حي الرمال,بوفية قمة عدنان,حي الرمال,بوفية قمة عدنان - حي الرمال,الروضة,بلدية,بلدية الروضة,True,False,لا يوجد,,0,,,False,none,date_parsed_from_text,1,False
Data 2025.xlsx,3012,2025-04-14,2025-04,2025-W16,2,0,O-r-O3-le-0310-R01,O-r-O3-le-0310-R01,قطع خس,الخس (Lettuce),Lettuce,الخس (Lettuce),produce,بوفية قمة عدنان - حي الرمال,بوفية قمة عدنان,حي الرمال,بوفية قمة عدنان - حي الرمال,الروضة,بلدية,بلدية الروضة,False,True,ايشيريشيا كولاي | استافيلوكوكس اورياس,ايشيريشيا كولاي | استافيلوكوكس اورياس,2,ايشيريشيا كولاي | استافيلوكوكس اورياس,,True,multi_pathogen,date_parsed_from_text,2,True
Data 2025.xlsx,3017,2025-04-14,2025-04,2025-W16,2,0,OO-OSS-po-0355-R01,OO-OSS-po-0355-R01,بطاطس مقلي,البطاطس (potatoes),potatoes,البطاطس (potatoes),produce,بوفية قمة عدنان - حي الرمال,بوفية قمة عدنان,حي الرمال,بوفية قمة عدنان - حي الرمال,الروضة,بلدية,بلدية الروضة,True,False,لا يوجد,,0,,,False,none,date_parsed_from_text,3,True
Data 2025.xlsx,3015,2025-04-14,2025-04,2025-W16,2,0,OOSS-eg-0327-R01,OOSS-eg-0327-R01,باذنجان مقلي,الباذنجان (eggplant),eggplant,الباذنجان (eggplant),dairy,بوفية قمة عدنان - حي الرمال,بوفية قمة عدنان,حي الرمال,بوفية قمة عدنان - حي الرمال,الروضة,بلدية,بلدية الروضة,True,False,لا يوجد,,0,,,False,none,date_parsed_from_text,3,True
Data 2025.xlsx,2982,2025-04-14,2025-04,2025-W16,2,0,appe-0389-r01,Appe-0389-R01,حمص,مقبلات (Appetizers),Appetizers,مقبلات (Appetizers),prepared_meal,فراخ الرمال - حي الرمال,فراخ الرمال,حي الرمال,فراخ الرمال - حي الرمال,الروضة,بلدية,بلدية الروضة,False,True,العد الكلي للبكتيريا,العد الكلي للبكتيريا,1,,العد الكلي للبكتيريا,False,indicator_only,date_parsed_from_text,2,True
Data 2025.xlsx,3008,2025-04-14,2025-04,2025-W16,2,0,appe-0390-r01,Appe-0390-R01,حمص,مقبلات (Appetizers),Appetizers,مقبلات (Appetizers),prepared_meal,بوفية قمة عدنان - حي الرمال,بوفية قمة عدنان,حي الرمال,بوفية قمة عدنان - حي الرمال,الروضة,بلدية,بلدية الروضة,True,False,لا يوجد,,0,,,False,none,date_parsed_from_text,0,False
Data 2025.xlsx,3033,2025-04-14,2025-04,2025-W16,2,0,appe-0391-r01,Appe-0391-R01,جبن بالخيار حار,مقبلات (Appetizers),Appetizers,مقبلات (Appetizers),prepared_meal,معصوب عدن - حي الرمال,معصوب عدن,حي الرمال,معصوب عدن - حي الرمال,الروضة,بلدية,بلدية الروضة,False,True,انتيروباكتريسي,انتيروباكتريسي,1,,انتيروباكتريسي,False,indicator_only,date_parsed_from_text,1,False
Data 2025.xlsx,3034,2025-04-14,2025-04,2025-W16,2,0,appe-0392-r01,Appe-0392-R01,بابا غنوج مصري,مقبلات (Appetizers),Appetizers,مقبلات (Appetizers),prepared_meal,معصوب عدن - حي الرمال,معصوب عدن,حي الرمال,معصوب عدن - حي الرمال,الروضة,بلدية,بلدية الروضة,True,False,لا يوجد,,0,,,False,none,date_parsed_from_text,1,False
Data 2025.xlsx,2983,2025-04-14,2025-04,2025-W16,2,0,chee-0707-r01,Chee-0707-R01,جبن سائل,(cheese) جبنة,cheese,(cheese) جبنة,dairy,فراخ الرمال - حي الرمال,فراخ الرمال,حي الرمال,فراخ الرمال - حي الرمال,الروضة,بلدية,بلدية الروضة,True,False,لا يوجد,,0,,,False,none,date_parsed_from_text,2,True
Data 2025.xlsx,3032,2025-04-14,2025-04,2025-W16,2,0,chee-0708-r01,Chee-0708-R01,جبن مالح,(cheese) جبنة,cheese,(cheese) جبنة,dairy,بوفية عبد العزيز العتيبي - حي الرمال,بوفية عبد العزيز العتيبي,حي الرمال,بوفية عبد العزيز العتيبي - حي الرمال,الروضة,بلدية,بلدية الروضة,True,False,لا يوجد,,0,,,False,none,date_parsed_from_text,0,False
Data 2025.xlsx,3052,2025-04-14,2025-04,2025-W16,2,0,cho-0088-r01,cho-0088-R01,شوكولاتة بلجيكي,الشوكولاته (Chocolate),Chocolate,الشوكولاته (Chocolate),sweets_bakery,زاوية لتين للحلويات - حي الرمال,زاوية لتين للحلويات,حي الرمال,زاوية لتين للحلويات - حي الرمال,الروضة,بلدية,بلدية الروضة,True,False,لا يوجد,,0,,,False,none,date_parsed_from_text,7,True
Data 2025.xlsx,3025,2025-04-14,2025-04,2025-W16,2,0,cm-0095-r01,Cm-0095-R01,لحم مفروم,اللحوم المطبوخة (Cooked meat),Cooked meat,اللحوم المطبوخة (Cooked meat),cooked_meat_poultry,بوفية عبد العزيز العتيبي - حي الرمال,بوفية عبد العزيز العتيبي,حي الرمال,بوفية عبد العزيز العتيبي - حي الرمال,الروضة,بلدية,بلدية الروضة,True,False,لا يوجد,,0,,,False,none,date_parsed_from_text,0,False
Data 2025.xlsx,2985,2025-04-14,2025-04,2025-W16,2,0,co-0467-r01,co-0467-R01,قطع شاورما دجاج,الدجاج المطبوخ (Cooked chicken),Cooked chicken,الدجاج المطبوخ (Cooked chicken),cooked_meat_poultry,فراخ الرمال - حي الرمال,فراخ الرمال,حي الرمال,فراخ الرمال - حي الرمال,الروضة,بلدية,بلدية الروضة,True,False,لا يوجد,,0,,,False,none,date_parsed_from_text,2,True
Data 2025.xlsx,3028,2025-04-14,2025-04,2025-W16,2,0,co-0468-r01,co-0468-R01,قطع دجاج,الدجاج المطبوخ (Cooked chicken),Cooked chicken,الدجاج المطبوخ (Cooked chicken),cooked_meat_poultry,بوفية عبد العزيز العتيبي - حي الرمال,بوفية عبد العزيز العتيبي,حي الرمال,بوفية عبد العزيز العتيبي - حي الرمال,الروضة,بلدية,بلدية الروضة,True,False,لا يوجد,,0,,,False,none,date_parsed_from_text,0,False
Data 2025.xlsx,3013,2025-04-14,2025-04,2025-W16,2,0,eggs-0100-r01,eggs-0100-R01,بيض مسلوق,البيض ومنتجاته ( eggs and products),eggs and products,البيض ومنتجاته ( eggs and products),dairy,بوفية قمة عدنان - حي الرمال,بوفية قمة عدنان,حي الرمال,بوفية قمة عدنان - حي الرمال,الروضة,بلدية,بلدية الروضة,False,True,انتيروباكتريسي,انتيروباكتريسي,1,,انتيروباكتريسي,False,indicator_only,date_parsed_from_text,3,True
Data 2025.xlsx,3029,2025-04-14,2025-04,2025-W16,2,0,eggs-0101-r01,eggs-0101-R01,شكشوكة مطبوخ,البيض ومنتجاته ( eggs and products),eggs and products,البيض ومنتجاته ( eggs and products),dairy,بوفية عبد العزيز العتيبي - حي الرمال,بوفية عبد العزيز العتيبي,حي الرمال,بوفية عبد العزيز العتيبي - حي الرمال,الروضة,بلدية,بلدية الروضة,True,False,لا يوجد,,0,,,False,none,date_parsed_from_text,0,False
Data 2025.xlsx,3016,2025-04-14,2025-04,2025-W16,2,0,fala-0059-r01,Fala-0059-R01,فلافل,فلافل( falafil),falafil,فلافل( falafil),sweets_bakery,بوفية قمة عدنان - حي الرمال,بوفية قمة عدنان,حي الرمال,بوفية قمة عدنان - حي الرمال,الروضة,بلدية,بلدية الروضة,True,False,لا يوجد,,0,,,False,none,date_parsed_from_text,3,True
Data 2025.xlsx,3026,2025-04-14,2025-04,2025-W16,2,0,fala-0060-r01,Fala-0060-R01,فلافل,فلافل( falafil),falafil,فلافل( falafil),sweets_bakery,بوفية عبد العزيز العتيبي - حي الرمال,بوفية عبد العزيز العتيبي,حي الرمال,بوفية عبد العزيز العتيبي - حي الرمال,الروضة,بلدية,بلدية الروضة,True,False,لا يوجد,,0,,,False,none,date_parsed_from_text,0,False
Data 2025.xlsx,3031,2025-04-14,2025-04,2025-W16,2,0,flswe-0061-r01,FlSwe-0061-R01,حلاوة طحينة,حلاوة طحينة( Flour Sweetness),Flour Sweetness,حلاوة طحينة( Flour Sweetness),sauce_condiment,بوفية عبد العزيز العتيبي - حي الرمال,بوفية عبد العزيز العتيبي,حي الرمال,بوفية عبد العزيز العتيبي - حي الرمال,الروضة,بلدية,بلدية الروضة,True,False,لا يوجد,,0,,,False,none,date_parsed_from_text,0,False
Data 2025.xlsx,2987,2025-04-14,2025-04,2025-W16,2,0,gcv-0192-r01,GCV-0192-R01,سبانخ مع بصل مطبوخ,الخضار المشوية و المطبوخة,,الخضار المشوية و المطبوخة,cooked_meat_poultry,فراخ الرمال - حي الرمال,فراخ الرمال,حي الرمال,فراخ الرمال - حي الرمال,الروضة,بلدية,بلدية الروضة,True,False,لا يوجد,,0,,,False,none,date_parsed_from_text,2,True
Data 2025.xlsx,3014,2025-04-14,2025-04,2025-W16,2,0,gcv-0193-r01,GCV-0193-R01,زهرة مقلي,الخضار المشوية و المطبوخة,,الخضار المشوية و المطبوخة,cooked_meat_poultry,بوفية قمة عدنان - حي الرمال,بوفية قمة عدنان,حي الرمال,بوفية قمة عدنان - حي الرمال,الروضة,بلدية,بلدية الروضة,True,False,لا يوجد,,0,,,False,none,date_parsed_from_text,3,True
Data 2025.xlsx,2986,2025-04-14,2025-04,2025-W16,2,0,ho-0221-r01,ho-0221-R01,عسل,(Honey) عسل النحل,Honey,(Honey) عسل النحل,sweets_bakery,فراخ الرمال - حي الرمال,فراخ الرمال,حي الرمال,فراخ الرمال - حي الرمال,الروضة,بلدية,بلدية الروضة,True,False,لا يوجد,,0,,,False,none,date_parsed_from_text,2,True
Data 2025.xlsx,3036,2025-04-14,2025-04,2025-W16,2,0,ho-0222-r01,ho-0222-R01,عسل,(Honey) عسل النحل,Honey,(Honey) عسل النحل,sweets_bakery,معصوب عدن - حي الرمال,معصوب عدن,حي الرمال,معصوب عدن - حي الرمال,الروضة,بلدية,بلدية الروضة,True,False,لا يوجد,,0,,,False,none,date_parsed_from_text,2,True
Data 2025.xlsx,2979,2025-04-14,2025-04,2025-W16,2,0,hs-0294-r01,HS-0294-R01,شطة,الشطة (Hot sauce),Hot sauce,الشطة (Hot sauce),sauce_condiment,فراخ الرمال - حي الرمال,فراخ الرمال,حي الرمال,فراخ الرمال - حي الرمال,الروضة,بلدية,بلدية الروضة,True,False,لا يوجد,,0,,,False,none,date_parsed_from_text,0,False
Data 2025.xlsx,3009,2025-04-14,2025-04,2025-W16,2,0,hs-0295-r01,HS-0295-R01,شطة شامية,الشطة (Hot sauce),Hot sauce,الشطة (Hot sauce),sauce_condiment,بوفية قمة عدنان - حي الرمال,بوفية قمة عدنان,حي الرمال,بوفية قمة عدنان - حي الرمال,الروضة,بلدية,بلدية الروضة,False,True,العد الكلي للبكتيريا | انتيروباكتريسي | الخمائر والاعفان,العد الكلي للبكتيريا | انتيروباكتريسي | الخمائر والاعفان,3,,العد الكلي للبكتيريا | انتيروباكتريسي | الخمائر والاعفان,False,indicator_only,date_parsed_from_text,1,False
Data 2025.xlsx,3022,2025-04-14,2025-04,2025-W16,2,0,hs-0296-r01,HS-0296-R01,شطة,الشطة (Hot sauce),Hot sauce,الشطة (Hot sauce),sauce_condiment,بوفية عبد العزيز العتيبي - حي الرمال,بوفية عبد العزيز العتيبي,حي الرمال,بوفية عبد العزيز العتيبي - حي الرمال,الروضة,بلدية,بلدية الروضة,True,False,لا يوجد,,0,,,False,none,date_parsed_from_text,0,False
Data 2025.xlsx,2984,2025-04-14,2025-04,2025-W16,2,0,pick-0378-r01,Pick-0378-R01,مخلل خيار,المخلل (Pickle),Pickle,المخلل (Pickle),sauce_condiment,فراخ الرمال - حي الرمال,فراخ الرمال,حي الرمال,فراخ الرمال - حي الرمال,الروضة,بلدية,بلدية الروضة,True,False,لا يوجد,,0,,,False,none,date_parsed_from_text,2,True
Data 2025.xlsx,2991,2025-04-14,2025-04,2025-W16,2,0,pick-0379-r01,Pick-0379-R01,مشكل مخلل,المخلل (Pickle),Pickle,المخلل (Pickle),sauce_condiment,فراخ الرمال - حي الرمال,فراخ الرمال,حي الرمال,فراخ الرمال - حي الرمال,الروضة,بلدية,بلدية الروضة,True,False,لا يوجد,,0,,,False,none,date_parsed_from_text,3,True
Data 2025.xlsx,3010,2025-04-14,2025-04,2025-W16,2,0,pick-0380-r01,Pick-0380-R01,مخلل لفت,المخلل (Pickle),Pickle,المخلل (Pickle),sauce_condiment,بوفية قمة عدنان - حي الرمال,بوفية قمة عدنان,حي الرمال,بوفية قمة عدنان - حي الرمال,الروضة,بلدية,بلدية الروضة,True,False,لا يوجد,,0,,,False,none,date_parsed_from_text,1,False
Data 2025.xlsx,3035,2025-04-14,2025-04,2025-W16,2,0,pick-0381-r01,Pick-0381-R01,باذنجان مخلل,المخلل (Pickle),Pickle,المخلل (Pickle),sauce_condiment,معصوب عدن - حي الرمال,معصوب عدن,حي الرمال,معصوب عدن - حي الرمال,الروضة,بلدية,بلدية الروضة,False,True,خمائر,الخمائر والاعفان,1,,الخمائر والاعفان,False,indicator_only,date_parsed_from_text,2,True
Data 2025.xlsx,2975,2025-04-14,2025-04,2025-W16,2,0,raw-0086-r01,Raw-0086-R01,لحم فخذ عجل بلدي,لحوم نيئة مبردة ومجمدة (Raw meat Cold or chilled ),Raw meat Cold or chilled,لحوم نيئة مبردة ومجمدة (Raw meat Cold or chilled ),raw_meat,مؤسسة الريف الأولى للتجارة,مؤسسة الريف الأولى للتجارة,,مؤسسة الريف الأولى للتجارة,المعذر,بلدية,بلدية المعذر,True,False,لا يوجد,,0,,,False,none,date_parsed_from_text,0,False
Data 2025.xlsx,2976,2025-04-14,2025-04,2025-W16,2,0,raw-0087-r01,Raw-0087-R01,لحم رقبة نعيمي بلدي,لحوم نيئة مبردة ومجمدة (Raw meat Cold or chilled ),Raw meat Cold or chilled,لحوم نيئة مبردة ومجمدة (Raw meat Cold or chilled ),raw_meat,مؤسسة الريف الأولى للتجارة,مؤسسة الريف الأولى للتجارة,,مؤسسة الريف الأولى للتجارة,المعذر,بلدية,بلدية المعذر,False,True,العد الكلي للبكتيريا | السالمونيلا,العد الكلي للبكتيريا | السالمونيلا,2,السالمونيلا,العد الكلي للبكتيريا,True,pathogen,date_parsed_from_text,1,False
Data 2025.xlsx,2977,2025-04-14,2025-04,2025-W16,2,0,raw-0088-r01,Raw-0088-R01,كلية عجل بلدي,لحوم نيئة مبردة ومجمدة (Raw meat Cold or chilled ),Raw meat Cold or chilled,لحوم نيئة مبردة ومجمدة (Raw meat Cold or chilled ),raw_meat,مؤسسة الريف الأولى للتجارة,مؤسسة الريف الأولى للتجارة,,مؤسسة الريف الأولى للتجارة,المعذر,بلدية,بلدية المعذر,True,False,لا يوجد,,0,,,False,none,date_parsed_from_text,1,False
Data 2025.xlsx,2978,2025-04-14,2025-04,2025-W16,2,0,sau-1377-r01,sau-1377-R01,صوص كاتشب,صوص (sauce),sauce,صوص (sauce),sauce_condiment,فراخ الرمال - حي الرمال,فراخ الرمال,حي الرمال,فراخ الرمال - حي الرمال,الروضة,بلدية,بلدية الروضة,True,False,لا يوجد,,0,,,False,none,date_parsed_from_text,0,False
Data 2025.xlsx,2980,2025-04-14,2025-04,2025-W16,2,0,sau-1378-r01,sau-1378-R01,صوص ثوم,صوص (sauce),sauce,صوص (sauce),sauce_condiment,فراخ الرمال - حي الرمال,فراخ الرمال,حي الرمال,فراخ الرمال - حي الرمال,الروضة,بلدية,بلدية الروضة,False,True,العد الكلي للبكتيريا,العد الكلي للبكتيريا,1,,العد الكلي للبكتيريا,False,indicator_only,date_parsed_from_text,1,False
Data 2025.xlsx,2981,2025-04-14,2025-04,2025-W16,2,0,sau-1379-r01,sau-1379-R01,صوص ثوم حراق,صوص (sauce),sauce,صوص (sauce),sauce_condiment,فراخ الرمال - حي الرمال,فراخ الرمال,حي الرمال,فراخ الرمال - حي الرمال,الروضة,بلدية,بلدية الروضة,True,False,لا يوجد,,0,,,False,none,date_parsed_from_text,1,False
Data 2025.xlsx,3007,2025-04-14,2025-04,2025-W16,2,0,sau-1380-r01,sau-1380-R01,صوص كاتشب,صوص (sauce),sauce,صوص (sauce),sauce_condiment,بوفية قمة عدنان - حي الرمال,بوفية قمة عدنان,حي الرمال,بوفية قمة عدنان - حي الرمال,الروضة,بلدية,بلدية الروضة,True,False,لا يوجد,,0,,,False,none,date_parsed_from_text,0,False
Data 2025.xlsx,3020,2025-04-14,2025-04,2025-W16,2,0,sau-1381-r01,sau-1381-R01,صوص جبن شيدر,صوص (sauce),sauce,صوص (sauce),sauce_condiment,بوفية قمة عدنان - حي الرمال,بوفية قمة عدنان,حي الرمال,بوفية قمة عدنان - حي الرمال,الروضة,بلدية,بلدية الروضة,False,True,انتيروباكتريسي,انتيروباكتريسي,1,,انتيروباكتريسي,False,indicator_only,date_parsed_from_text,4,True
Data 2025.xlsx,3023,2025-04-14,2025-04,2025-W16,2,0,sau-1382-r01,sau-1382-R01,صوص كاتشب,صوص (sauce),sauce,صوص (sauce),sauce_condiment,بوفية عبد العزيز العتيبي - حي الرمال,بوفية عبد العزيز العتيبي,حي الرمال,بوفية عبد العزيز العتيبي - حي الرمال,الروضة,بلدية,بلدية الروضة,True,False,لا يوجد,,0,,,False,none,date_parsed_from_text,0,False
Data 2025.xlsx,3024,2025-04-14,2025-04,2025-W16,2,0,sau-1383-r01,sau-1383-R01,نقانق,(Sausage) نقانق,Sausage,(Sausage) نقانق,cooked_meat_poultry,بوفية عبد العزيز العتيبي - حي الرمال,بوفية عبد العزيز العتيبي,حي الرمال,بوفية عبد العزيز العتيبي - حي الرمال,الروضة,بلدية,بلدية الروضة,True,False,لا يوجد,,0,,,False,none,date_parsed_from_text,0,False
Data 2025.xlsx,2988,2025-04-14,2025-04,2025-W16,2,0,sw-2802-r01,sw-2802-R01,مسحة ادوات شاورما,(Swabs) المسحات,Swabs,(Swabs) المسحات,swab,فراخ الرمال - حي الرمال,فراخ الرمال,حي الرمال,فراخ الرمال - حي الرمال,الروضة,بلدية,بلدية الروضة,True,False,لا يوجد,,0,,,False,none,date_parsed_from_text,2,True
Data 2025.xlsx,2989,2025-04-14,2025-04,2025-W16,2,0,sw-2803-r01,sw-2803-R01,مسحة عصارة برتقال,(Swabs) المسحات,Swabs,(Swabs) المسحات,swab,فراخ الرمال - حي الرمال,فراخ الرمال,حي الرمال,فراخ الرمال - حي الرمال,الروضة,بلدية,بلدية الروضة,False,True,العد الكلي للبكتيريا,العد الكلي للبكتيريا,1,,العد الكلي للبكتيريا,False,indicator_only,date_parsed_from_text,3,True
Data 2025.xlsx,2990,2025-04-14,2025-04,2025-W16,2,0,sw-2804-r01,sw-2804-R01,مسحة طاولة تقطيع برتقال,(Swabs) المسحات,Swabs,(Swabs) المسحات,swab,فراخ الرمال - حي الرمال,فراخ الرمال,حي الرمال,فراخ الرمال - حي الرمال,الروضة,بلدية,بلدية الروضة,True,False,لا يوجد,,0,,,False,none,date_parsed_from_text,3,True
Data 2025.xlsx,3000,2025-04-14,2025-04,2025-W16,2,0,sw-2805-r01,sw-2805-R01,مسحة ثلاجة,(Swabs) المسحات,Swabs,(Swabs) المسحات,swab,ليالي الشوكولا - حي الرمال,ليالي الشوكولا,حي الرمال,ليالي الشوكولا - حي الرمال,الروضة,بلدية,بلدية الروضة,True,False,لا يوجد,,0,,,False,none,date_parsed_from_text,0,False
Data 2025.xlsx,3001,2025-04-14,2025-04,2025-W16,2,0,sw-2806-r01,sw-2806-R01,مسحة ثلاجة,(Swabs) المسحات,Swabs,(Swabs) المسحات,swab,ليالي الشوكولا - حي الرمال,ليالي الشوكولا,حي الرمال,ليالي الشوكولا - حي الرمال,الروضة,بلدية,بلدية الروضة,True,False,لا يوجد,,0,,,False,none,date_parsed_from_text,0,False
Data 2025.xlsx,3002,2025-04-14,2025-04,2025-W16,2,0,sw-2807-r01,sw-2807-R01,مسحة حافظة حلا,(Swabs) المسحات,Swabs,(Swabs) المسحات,swab,ليالي الشوكولا - حي الرمال,ليالي الشوكولا,حي الرمال,ليالي الشوكولا - حي الرمال,الروضة,بلدية,بلدية الروضة,True,False,لا يوجد,,0,,,False,none,date_parsed_from_text,0,False
Data 2025.xlsx,3003,2025-04-14,2025-04,2025-W16,2,0,sw-2808-r01,sw-2808-R01,مسحة حافظة حلا,(Swabs) المسحات,Swabs,(Swabs) المسحات,swab,ليالي الشوكولا - حي الرمال,ليالي الشوكولا,حي الرمال,ليالي الشوكولا - حي الرمال,الروضة,بلدية,بلدية الروضة,True,False,لا يوجد,,0,,,False,none,date_parsed_from_text,0,False
Data 2025.xlsx,3004,2025-04-14,2025-04,2025-W16,2,0,sw-2809-r01,sw-2809-R01,مسحة حافظة حلا,(Swabs) المسحات,Swabs,(Swabs) المسحات,swab,ليالي الشوكولا - حي الرمال,ليالي الشوكولا,حي الرمال,ليالي الشوكولا - حي الرمال,الروضة,بلدية,بلدية الروضة,True,False,لا يوجد,,0,,,False,none,date_parsed_from_text,0,False
Data 2025.xlsx,3005,2025-04-14,2025-04,2025-W16,2,0,sw-2810-r01,sw-2810-R01,مسحة حافظة حلا,(Swabs) المسحات,Swabs,(Swabs) المسحات,swab,ليالي الشوكولا - حي الرمال,ليالي الشوكولا,حي الرمال,ليالي الشوكولا - حي الرمال,الروضة,بلدية,بلدية الروضة,True,False,لا يوجد,,0,,,False,none,date_parsed_from_text,0,False
Data 2025.xlsx,3006,2025-04-14,2025-04,2025-W16,2,0,sw-2811-r01,sw-2811-R01,مسحة حافظة حلا,(Swabs) المسحات,Swabs,(Swabs) المسحات,swab,ليالي الشوكولا - حي الرمال,ليالي الشوكولا,حي الرمال,ليالي الشوكولا - حي الرمال,الروضة,بلدية,بلدية الروضة,True,False,لا يوجد,,0,,,False,none,date_parsed_from_text,0,False
Data 2025.xlsx,3018,2025-04-14,2025-04,2025-W16,2,0,sw-2812-r01,sw-2812-R01,مسحة طاولة اعداد,(Swabs) المسحات,Swabs,(Swabs) المسحات,swab,بوفية قمة عدنان - حي الرمال,بوفية قمة عدنان,حي الرمال,بوفية قمة عدنان - حي الرمال,الروضة,بلدية,بلدية الروضة,True,False,لا يوجد,,0,,,False,none,date_parsed_from_text,3,True
Data 2025.xlsx,3019,2025-04-14,2025-04,2025-W16,2,0,sw-2813-r01,sw-2813-R01,مسحة طاولة مقبلات,(Swabs) المسحات,Swabs,(Swabs) المسحات,swab,بوفية قمة عدنان - حي الرمال,بوفية قمة عدنان,حي الرمال,بوفية قمة عدنان - حي الرمال,الروضة,بلدية,بلدية الروضة,True,False,لا يوجد,,0,,,False,none,date_parsed_from_text,3,True
Data 2025.xlsx,3021,2025-04-14,2025-04,2025-W16,2,0,sw-2814-r01,sw-2814-R01,مسحة ادوات,(Swabs) المسحات,Swabs,(Swabs) المسحات,swab,بوفية قمة عدنان - حي الرمال,بوفية قمة عدنان,حي الرمال,بوفية قمة عدنان - حي الرمال,الروضة,بلدية,بلدية الروضة,True,False,لا يوجد,,0,,,False,none,date_parsed_from_text,4,True
Data 2025.xlsx,3037,2025-04-14,2025-04,2025-W16,2,0,sw-2815-r01,sw-2815-R01,مسحة فرامة معصوب,(Swabs) المسحات,Swabs,(Swabs) المسحات,swab,معصوب عدن - حي الرمال,معصوب عدن,حي الرمال,معصوب عدن - حي الرمال,الروضة,بلدية,بلدية الروضة,True,False,لا يوجد,,0,,,False,none,date_parsed_from_text,2,True
Data 2025.xlsx,3053,2025-04-14,2025-04,2025-W16,2,0,sw-2816-r01,sw-2816-R01,مسحة حافظة حلا,(Swabs) المسحات,Swabs,(Swabs) المسحات,swab,زاوية لتين للحلويات - حي الرمال,زاوية لتين للحلويات,حي الرمال,زاوية لتين للحلويات - حي الرمال,الروضة,بلدية,بلدية الروضة,False,True,العد الكلي للبكتيريا,العد الكلي للبكتيريا,1,,العد الكلي للبكتيريا,False,indicator_only,date_parsed_from_text,8,True
Data 2025.xlsx,3054,2025-04-14,2025-04,2025-W16,2,0,sw-2817-r01,sw-2817-R01,مسحة حافظة حلا,(Swabs) المسحات,Swabs,(Swabs) المسحات,swab,زاوية لتين للحلويات - حي الرمال,زاوية لتين للحلويات,حي الرمال,زاوية لتين للحلويات - حي الرمال,الروضة,بلدية,بلدية الروضة,False,True,العد الكلي للبكتيريا,العد الكلي للبكتيريا,1,,العد الكلي للبكتيريا,False,indicator_only,date_parsed_from_text,9,True
Data 2025.xlsx,3055,2025-04-14,2025-04,2025-W16,2,0,sw-2818-r01,sw-2818-R01,مسحة حافظة حلا,(Swabs) المسحات,Swabs,(Swabs) المسحات,swab,زاوية لتين للحلويات - حي الرمال,زاوية لتين للحلويات,حي الرمال,زاوية لتين للحلويات - حي الرمال,الروضة,بلدية,بلدية الروضة,False,True,العد الكلي للبكتيريا,العد الكلي للبكتيريا,1,,العد الكلي للبكتيريا,False,indicator_only,date_parsed_from_text,10,True
Data 2025.xlsx,3056,2025-04-14,2025-04,2025-W16,2,0,sw-2819-r01,sw-2819-R01,مسحة حافظة حلا,(Swabs) المسحات,Swabs,(Swabs) المسحات,swab,زاوية لتين للحلويات - حي الرمال,زاوية لتين للحلويات,حي الرمال,زاوية لتين للحلويات - حي الرمال,الروضة,بلدية,بلدية الروضة,False,True,العد الكلي للبكتيريا,العد الكلي للبكتيريا,1,,العد الكلي للبكتيريا,False,indicator_only,date_parsed_from_text,11,True
Data 2025.xlsx,3057,2025-04-14,2025-04,2025-W16,2,0,sw-2820-r01,sw-2820-R01,مسحة حافظة حلا,(Swabs) المسحات,Swabs,(Swabs) المسحات,swab,زاوية لتين للحلويات - حي الرمال,زاوية لتين للحلويات,حي الرمال,زاوية لتين للحلويات - حي الرمال,الروضة,بلدية,بلدية الروضة,True,False,لا يوجد,,0,,,False,none,date_parsed_from_text,11,True
Data 2025.xlsx,2992,2025-04-14,2025-04,2025-W16,2,0,sweet-0911-r01,sweet-0911-R01,حلا كراميل,الحلا(sweetness),sweetness,الحلا(sweetness),sweets_bakery,ليالي الشوكولا - حي الرمال,ليالي الشوكولا,حي الرمال,ليالي الشوكولا - حي الرمال,الروضة,بلدية,بلدية الروضة,True,False,لا يوجد,,0,,,False,none,date_parsed_from_text,0,False
Data 2025.xlsx,2993,2025-04-14,2025-04,2025-W16,2,0,sweet-0912-r01,sweet-0912-R01,حلا كاسات شوكولاتة بالجوز الهند,الحلا(sweetness),sweetness,الحلا(sweetness),sweets_bakery,ليالي الشوكولا - حي الرمال,ليالي الشوكولا,حي الرمال,ليالي الشوكولا - حي الرمال,الروضة,بلدية,بلدية الروضة,True,False,لا يوجد,,0,,,False,none,date_parsed_from_text,0,False
Data 2025.xlsx,2994,2025-04-14,2025-04,2025-W16,2,0,sweet-0913-r01,sweet-0913-R01,حلا كاسات شوكولاتة بالبستاشو,الحلا(sweetness),sweetness,الحلا(sweetness),sweets_bakery,ليالي الشوكولا - حي الرمال,ليالي الشوكولا,حي الرمال,ليالي الشوكولا - حي الرمال,الروضة,بلدية,بلدية الروضة,True,False,لا يوجد,,0,,,False,none,date_parsed_from_text,0,False
Data 2025.xlsx,2995,2025-04-14,2025-04,2025-W16,2,0,sweet-0914-r01,sweet-0914-R01,بقلاوة بالفستق (اسيا),الحلا(sweetness),sweetness,الحلا(sweetness),sweets_bakery,ليالي الشوكولا - حي الرمال,ليالي الشوكولا,حي الرمال,ليالي الشوكولا - حي الرمال,الروضة,بلدية,بلدية الروضة,True,False,لا يوجد,,0,,,False,none,date_parsed_from_text,0,False
Data 2025.xlsx,2996,2025-04-14,2025-04,2025-W16,2,0,sweet-0915-r01,sweet-0915-R01,عش البلبل فستق,الحلا(sweetness),sweetness,الحلا(sweetness),sweets_bakery,ليالي الشوكولا - حي الرمال,ليالي الشوكولا,حي الرمال,ليالي الشوكولا - حي الرمال,الروضة,بلدية,بلدية الروضة,True,False,لا يوجد,,0,,,False,none,date_parsed_from_text,0,False
Data 2025.xlsx,2997,2025-04-14,2025-04,2025-W16,2,0,sweet-0916-r01,sweet-0916-R01,حلا عيون المها,الحلا(sweetness),sweetness,الحلا(sweetness),sweets_bakery,ليالي الشوكولا - حي الرمال,ليالي الشوكولا,حي الرمال,ليالي الشوكولا - حي الرمال,الروضة,بلدية,بلدية الروضة,True,False,لا يوجد,,0,,,False,none,date_parsed_from_text,0,False
Data 2025.xlsx,2998,2025-04-14,2025-04,2025-W16,2,0,sweet-0917-r01,sweet-0917-R01,تشيز جالكسي,الحلا(sweetness),sweetness,الحلا(sweetness),sweets_bakery,ليالي الشوكولا - حي الرمال,ليالي الشوكولا,حي الرمال,ليالي الشوكولا - حي الرمال,الروضة,بلدية,بلدية الروضة,True,False,لا يوجد,,0,,,False,none,date_parsed_from_text,0,False
Data 2025.xlsx,2999,2025-04-14,2025-04,2025-W16,2,0,sweet-0918-r01,sweet-0918-R01,حلا بتي فور شوكولاتة,الحلا(sweetness),sweetness,الحلا(sweetness),sweets_bakery,ليالي الشوكولا - حي الرمال,ليالي الشوكولا,حي الرمال,ليالي الشوكولا - حي الرمال,الروضة,بلدية,بلدية الروضة,True,False,لا يوجد,,0,,,False,none,date_parsed_from_text,0,False
Data 2025.xlsx,3038,2025-04-14,2025-04,2025-W16,2,0,sweet-0919-r01,sweet-0919-R01,بلح الشام,الحلا(sweetness),sweetness,الحلا(sweetness),sweets_bakery,زاوية لتين للحلويات - حي الرمال,زاوية لتين للحلويات,حي الرمال,زاوية لتين للحلويات - حي الرمال,الروضة,بلدية,بلدية الروضة,True,False,لا يوجد,,0,,,False,none,date_parsed_from_text,0,False
Data 2025.xlsx,3039,2025-04-14,2025-04,2025-W16,2,0,sweet-0920-r01,sweet-0920-R01,سنبوسة بالجبن,الحلا(sweetness),sweetness,الحلا(sweetness),sweets_bakery,زاوية لتين للحلويات - حي الرمال,زاوية لتين للحلويات,حي الرمال,زاوية لتين للحلويات - حي الرمال,الروضة,بلدية,بلدية الروضة,True,False,لا يوجد,,0,,,False,none,date_parsed_from_text,0,False
Data 2025.xlsx,3040,2025-04-14,2025-04,2025-W16,2,0,sweet-0921-r01,sweet-0921-R01,بلح مشوي بالبستاشو,الحلا(sweetness),sweetness,الحلا(sweetness),sweets_bakery,زاوية لتين للحلويات - حي الرمال,زاوية لتين للحلويات,حي الرمال,زاوية لتين للحلويات - حي الرمال,الروضة,بلدية,بلدية الروضة,True,False,لا يوجد,,0,,,False,none,date_parsed_from_text,0,False
Data 2025.xlsx,3041,2025-04-14,2025-04,2025-W16,2,0,sweet-0922-r01,sweet-0922-R01,بسبوسة بالمكسرات,الحلا(sweetness),sweetness,الحلا(sweetness),sweets_bakery,زاوية لتين للحلويات - حي الرمال,زاوية لتين للحلويات,حي الرمال,زاوية لتين للحلويات - حي الرمال,الروضة,بلدية,بلدية الروضة,True,False,لا يوجد,,0,,,False,none,date_parsed_from_text,0,False
Data 2025.xlsx,3042,2025-04-14,2025-04,2025-W16,2,0,sweet-0923-r01,sweet-0923-R01,بسبوسة بالجوز الهند,الحلا(sweetness),sweetness,الحلا(sweetness),sweets_bakery,زاوية لتين للحلويات - حي الرمال,زاوية لتين للحلويات,حي الرمال,زاوية لتين للحلويات - حي الرمال,الروضة,بلدية,بلدية الروضة,True,False,لا يوجد,,0,,,False,none,date_parsed_from_text,0,False
Data 2025.xlsx,3043,2025-04-14,2025-04,2025-W16,2,0,sweet-0924-r01,sweet-0924-R01,عين المها,الحلا(sweetness),sweetness,الحلا(sweetness),sweets_bakery,زاوية لتين للحلويات - حي الرمال,زاوية لتين للحلويات,حي الرمال,زاوية لتين للحلويات - حي الرمال,الروضة,بلدية,بلدية الروضة,True,False,لا يوجد,,0,,,False,none,date_parsed_from_text,0,False
Data 2025.xlsx,3044,2025-04-14,2025-04,2025-W16,2,0,sweet-0925-r01,sweet-0925-R01,تشيز كيك لوتس,الحلا(sweetness),sweetness,الحلا(sweetness),sweets_bakery,زاوية لتين للحلويات - حي الرمال,زاوية لتين للحلويات,حي الرمال,زاوية لتين للحلويات - حي الرمال,الروضة,بلدية,بلدية الروضة,False,True,العد الكلي للبكتيريا,العد الكلي للبكتيريا,1,,العد الكلي للبكتيريا,False,indicator_only,date_parsed_from_text,1,False
Data 2025.xlsx,3045,2025-04-14,2025-04,2025-W16,2,0,sweet-0926-r01,sweet-0926-R01,تشيز كيك فستق,الحلا(sweetness),sweetness,الحلا(sweetness),sweets_bakery,زاوية لتين للحلويات - حي الرمال,زاوية لتين للحلويات,حي الرمال,زاوية لتين للحلويات - حي الرمال,الروضة,بلدية,بلدية الروضة,False,True,العد الكلي للبكتيريا | استافيلوكوكس اورياس,العد الكلي للبكتيريا | استافيلوكوكس اورياس,2,استافيلوكوكس اورياس,العد الكلي للبكتيريا,True,pathogen,date_parsed_from_text,2,True
Data 2025.xlsx,3046,2025-04-14,2025-04,2025-W16,2,0,sweet-0927-r01,sweet-0927-R01,تشيز كيك جوزاء,الحلا(sweetness),sweetness,الحلا(sweetness),sweets_bakery,زاوية لتين للحلويات - حي الرمال,زاوية لتين للحلويات,حي الرمال,زاوية لتين للحلويات - حي الرمال,الروضة,بلدية,بلدية الروضة,False,True,انتيروباكتريسي,انتيروباكتريسي,1,,انتيروباكتريسي,False,indicator_only,date_parsed_from_text,3,True
Data 2025.xlsx,3047,2025-04-14,2025-04,2025-W16,2,0,sweet-0928-r01,sweet-0928-R01,بقلاوة بالفستق,الحلا(sweetness),sweetness,الحلا(sweetness),sweets_bakery,زاوية لتين للحلويات - حي الرمال,زاوية لتين للحلويات,حي الرمال,زاوية لتين للحلويات - حي الرمال,الروضة,بلدية,بلدية الروضة,False,True,كوليفورم,كوليفورم,1,,كوليفورم,False,indicator_only,date_parsed_from_text,4,True
Data 2025.xlsx,3048,2025-04-14,2025-04,2025-W16,2,0,sweet-0929-r01,sweet-0929-R01,عش البلبل بالفول السوداني,الحلا(sweetness),sweetness,الحلا(sweetness),sweets_bakery,زاوية لتين للحلويات - حي الرمال,زاوية لتين للحلويات,حي الرمال,زاوية لتين للحلويات - حي الرمال,الروضة,بلدية,بلدية الروضة,False,True,كوليفورم,كوليفورم,1,,كوليفورم,False,indicator_only,date_parsed_from_text,5,True
Data 2025.xlsx,3049,2025-04-14,2025-04,2025-W16,2,0,sweet-0930-r01,sweet-0930-R01,اصابع كاجو,الحلا(sweetness),sweetness,الحلا(sweetness),sweets_bakery,زاوية لتين للحلويات - حي الرمال,زاوية لتين للحلويات,حي الرمال,زاوية لتين للحلويات - حي الرمال,الروضة,بلدية,بلدية الروضة,False,True,كوليفورم,كوليفورم,1,,كوليفورم,False,indicator_only,date_parsed_from_text,6,True
Data 2025.xlsx,3050,2025-04-14,2025-04,2025-W16,2,0,sweet-0931-r01,sweet-0931-R01,عش بالفستق,الحلا(sweetness),sweetness,الحلا(sweetness),sweets_bakery,زاوية لتين للحلويات - حي الرمال,زاوية لتين للحلويات,حي الرمال,زاوية لتين للحلويات - حي الرمال,الروضة,بلدية,بلدية الروضة,False,True,كوليفورم,كوليفورم,1,,كوليفورم,False,indicator_only,date_parsed_from_text,7,True
Data 2025.xlsx,3051,2025-04-14,2025-04,2025-W16,2,0,sweet-0932-r01,sweet-0932-R01,كرانش شوكولاتة,الحلا(sweetness),sweetness,الحلا(sweetness),sweets_bakery,زاوية لتين للحلويات - حي الرمال,زاوية لتين للحلويات,حي الرمال,زاوية لتين للحلويات - حي الرمال,الروضة,بلدية,بلدية الروضة,True,False,لا يوجد,,0,,,False,none,date_parsed_from_text,7,True
Data 2025.xlsx,3058,2025-04-14,2025-04,2025-W16,2,0,ubot-0931-r01,Ubot-0931-R01,مياه حنفية لغسيل الادوات[م.ك],المياه الغير معبأة (Unbottled water),Unbottled water,المياه الغير معبأة (Unbottled water),water,مؤسسة الريف الأولى للتجارة,مؤسسة الريف الأولى للتجارة,,مؤسسة الريف الأولى للتجارة,المعذر,بلدية,بلدية المعذر,True,False,لا يوجد,,0,,,False,none,date_parsed_from_text,1,False
Data 2025.xlsx,3059,2025-04-14,2025-04,2025-W16,2,0,ubot-0932-r01,Ubot-0932-R01,مياه فلتر لغسيل الادوات[م.ك],المياه الغير معبأة (Unbottled water),Unbottled water,المياه الغير معبأة (Unbottled water),water,مؤسسة الريف الأولى للتجارة,مؤسسة الريف الأولى للتجارة,,مؤسسة الريف الأولى للتجارة,المعذر,بلدية,بلدية المعذر,True,False,لا يوجد,,0,,,False,none,date_parsed_from_text,1,False
Data 2025.xlsx,3060,2025-04-14,2025-04,2025-W16,2,0,ubot-0933-r01,Ubot-0933-R01,مياه غسيل عجانة,المياه الغير معبأة (Unbottled water),Unbottled water,المياه الغير معبأة (Unbottled water),water,فراخ الرمال - حي الرمال,فراخ الرمال,حي الرمال,فراخ الرمال - حي الرمال,الروضة,بلدية,بلدية الروضة,True,False,لا يوجد,,0,,,False,none,date_parsed_from_text,3,True
Data 2025.xlsx,3070,2025-04-15,2025-04,2025-W16,2,1,O-U-to-0591-R01,O-U-to-0591-R01,قطع طماطم,الطماطم (Tomatoes),Tomatoes,الطماطم (Tomatoes),produce,مطعم رمال الرافدين - حي الرمال,مطعم رمال الرافدين,حي الرمال,مطعم رمال الرافدين - حي الرمال,الروضة,بلدية,بلدية الروضة,True,False,لا يوجد,,0,,,False,none,date_parsed_from_text,4,True
Data 2025.xlsx,3098,2025-04-15,2025-04,2025-W16,2,1,O-U-to-0592-R01,O-U-to-0592-R01,شرائح طماطم,الطماطم (Tomatoes),Tomatoes,الطماطم (Tomatoes),produce,شاورما جورميه - حي الرمال,شاورما جورميه,حي الرمال,شاورما جورميه - حي الرمال,الروضة,بلدية,بلدية الروضة,True,False,لا يوجد,,0,,,False,none,date_parsed_from_text,6,True
Data 2025.xlsx,3071,2025-04-15,2025-04,2025-W16,2,1,O-r-O3-le-0311-R01,O-r-O3-le-0311-R01,قطع خس,الخس (Lettuce),Lettuce,الخس (Lettuce),produce,مطعم رمال الرافدين - حي الرمال,مطعم رمال الرافدين,حي الرمال,مطعم رمال الرافدين - حي الرمال,الروضة,بلدية,بلدية الروضة,False,True,ايشيريشيا كولاي | استافيلوكوكس اورياس,ايشيريشيا كولاي | استافيلوكوكس اورياس,2,ايشيريشيا كولاي | استافيلوكوكس اورياس,,True,multi_pathogen,date_parsed_from_text,5,True
Data 2025.xlsx,3097,2025-04-15,2025-04,2025-W16,2,1,O-r-O3-le-0312-R01,O-r-O3-le-0312-R01,قطع خس,الخس (Lettuce),Lettuce,الخس (Lettuce),produce,شاورما جورميه - حي الرمال,شاورما جورميه,حي الرمال,شاورما جورميه - حي الرمال,الروضة,بلدية,بلدية الروضة,True,False,لا يوجد,,0,,,False,none,date_parsed_from_text,6,True
Data 2025.xlsx,3069,2025-04-15,2025-04,2025-W16,2,1,O-r-U-cu-0224-R01,O-r-U-cu-0224-R01,قطع خيار,الخيار (cucumbers),cucumbers,الخيار (cucumbers),produce,مطعم رمال الرافدين - حي الرمال,مطعم رمال الرافدين,حي الرمال,مطعم رمال الرافدين - حي الرمال,الروضة,بلدية,بلدية الروضة,False,True,استافيلوكوكس اورياس,استافيلوكوكس اورياس,1,استافيلوكوكس اورياس,,True,pathogen,date_parsed_from_text,4,True
Data 2025.xlsx,3065,2025-04-15,2025-04,2025-W16,2,1,appe-0393-r01,Appe-0393-R01,متبل,مقبلات (Appetizers),Appetizers,مقبلات (Appetizers),prepared_meal,مطعم رمال الرافدين - حي الرمال,مطعم رمال الرافدين,حي الرمال,مطعم رمال الرافدين - حي الرمال,الروضة,بلدية,بلدية الروضة,True,False,لا يوجد,,0,,,False,none,date_parsed_from_text,0,False
Data 2025.xlsx,3066,2025-04-15,2025-04,2025-W16,2,1,appe-0394-r01,Appe-0394-R01,حمص,مقبلات (Appetizers),Appetizers,مقبلات (Appetizers),prepared_meal,مطعم رمال الرافدين - حي الرمال,مطعم رمال الرافدين,حي الرمال,مطعم رمال الرافدين - حي الرمال,الروضة,بلدية,بلدية الروضة,False,True,العد الكلي للبكتيريا,العد الكلي للبكتيريا,1,,العد الكلي للبكتيريا,False,indicator_only,date_parsed_from_text,1,False
Data 2025.xlsx,3067,2025-04-15,2025-04,2025-W16,2,1,appe-0395-r01,Appe-0395-R01,تبولة,مقبلات (Appetizers),Appetizers,مقبلات (Appetizers),prepared_meal,مطعم رمال الرافدين - حي الرمال,مطعم رمال الرافدين,حي الرمال,مطعم رمال الرافدين - حي الرمال,الروضة,بلدية,بلدية الروضة,False,True,ايشيريشيا كولاي | استافيلوكوكس اورياس,ايشيريشيا كولاي | استافيلوكوكس اورياس,2,ايشيريشيا كولاي | استافيلوكوكس اورياس,,True,multi_pathogen,date_parsed_from_text,2,True
Data 2025.xlsx,3068,2025-04-15,2025-04,2025-W16,2,1,appe-0396-r01,Appe-0396-R01,بابا غنوج,مقبلات (Appetizers),Appetizers,مقبلات (Appetizers),prepared_meal,مطعم رمال الرافدين - حي الرمال,مطعم رمال الرافدين,حي الرمال,مطعم رمال الرافدين - حي الرمال,الروضة,بلدية,بلدية الروضة,False,True,العد الكلي للبكتيريا,العد الكلي للبكتيريا,1,,العد الكلي للبكتيريا,False,indicator_only,date_parsed_from_text,3,True
Data 2025.xlsx,3133,2025-04-15,2025-04,2025-W16,2,1,appe-0397-r01,Appe-0397-R01,تبولة,مقبلات (Appetizers),Appetizers,مقبلات (Appetizers),prepared_meal,مطعم اسرار الجودة - حي الرمال,مطعم اسرار الجودة,حي الرمال,مطعم اسرار الجودة - حي الرمال,الروضة,بلدية,بلدية الروضة,False,True,استافيلوكوكس اورياس,استافيلوكوكس اورياس,1,استافيلوكوكس اورياس,,True,pathogen,date_parsed_from_text,1,False
Data 2025.xlsx,3136,2025-04-15,2025-04,2025-W16,2,1,appe-0398-r01,Appe-0398-R01,متبل,مقبلات (Appetizers),Appetizers,مقبلات (Appetizers),prepared_meal,مطعم اسرار الجودة - حي الرمال,مطعم اسرار الجودة,حي الرمال,مطعم اسرار الجودة - حي الرمال,الروضة,بلدية,بلدية الروضة,True,False,لا يوجد,,0,,,False,none,date_parsed_from_text,1,False
Data 2025.xlsx,3137,2025-04-15,2025-04,2025-W16,2,1,appe-0399-r01,Appe-0399-R01,حمص,مقبلات (Appetizers),Appetizers,مقبلات (Appetizers),prepared_meal,مطعم اسرار الجودة - حي الرمال,مطعم اسرار الجودة,حي الرمال,مطعم اسرار الجودة - حي الرمال,الروضة,بلدية,بلدية الروضة,False,True,العد الكلي للبكتيريا,العد الكلي للبكتيريا,1,,العد الكلي للبكتيريا,False,indicator_only,date_parsed_from_text,2,True
Data 2025.xlsx,3138,2025-04-15,2025-04,2025-W16,2,1,appe-0400-r01,Appe-0400-R01,بابا غنوج مع دبس الرمان,مقبلات (Appetizers),Appetizers,مقبلات (Appetizers),prepared_meal,مطعم اسرار الجودة - حي الرمال,مطعم اسرار الجودة,حي الرمال,مطعم اسرار الجودة - حي الرمال,الروضة,بلدية,بلدية الروضة,True,False,لا يوجد,,0,,,False,none,date_parsed_from_text,2,True
Data 2025.xlsx,3075,2025-04-15,2025-04,2025-W16,2,1,br-0081-r01,Br-0081-R01,خبز محمرة,الخبـز (Bread),Bread,الخبـز (Bread),sweets_bakery,مطعم رمال الرافدين - حي الرمال,مطعم رمال الرافدين,حي الرمال,مطعم رمال الرافدين - حي الرمال,الروضة,بلدية,بلدية الروضة,True,False,لا يوجد,,0,,,False,none,date_parsed_from_text,8,True
Data 2025.xlsx,3094,2025-04-15,2025-04,2025-W16,2,1,co-0469-r01,co-0469-R01,قطع دجاج شاورما,الدجاج المطبوخ (Cooked chicken),Cooked chicken,الدجاج المطبوخ (Cooked chicken),cooked_meat_poultry,شاورما جورميه - حي الرمال,شاورما جورميه,حي الرمال,شاورما جورميه - حي الرمال,الروضة,بلدية,بلدية الروضة,True,False,لا يوجد,,0,,,False,none,date_parsed_from_text,4,True
Data 2025.xlsx,3140,2025-04-15,2025-04,2025-W16,2,1,gcv-0194-r01,GCV-0194-R01,ايدام مشكل فرن,الخضار المشوية و المطبوخة,,الخضار المشوية و المطبوخة,cooked_meat_poultry,مطعم اسرار الجودة - حي الرمال,مطعم اسرار الجودة,حي الرمال,مطعم اسرار الجودة - حي الرمال,الروضة,بلدية,بلدية الروضة,True,False,لا يوجد,,0,,,False,none,date_parsed_from_text,2,True
Data 2025.xlsx,3077,2025-04-15,2025-04,2025-W16,2,1,hs-0297-r01,HS-0297-R01,شطة,الشطة (Hot sauce),Hot sauce,الشطة (Hot sauce),sauce_condiment,مطعم رمال الرافدين - حي الرمال,مطعم رمال الرافدين,حي الرمال,مطعم رمال الرافدين - حي الرمال,الروضة,بلدية,بلدية الروضة,True,False,لا يوجد,,0,,,False,none,date_parsed_from_text,8,True
Data 2025.xlsx,3079,2025-04-15,2025-04,2025-W16,2,1,hs-0298-r01,HS-0298-R01,شطة شامية,الشطة (Hot sauce),Hot sauce,الشطة (Hot sauce),sauce_condiment,مطعم رمال الرافدين - حي الرمال,مطعم رمال الرافدين,حي الرمال,مطعم رمال الرافدين - حي الرمال,الروضة,بلدية,بلدية الروضة,False,True,العد الكلي للبكتيريا,العد الكلي للبكتيريا,1,,العد الكلي للبكتيريا,False,indicator_only,date_parsed_from_text,10,True
Data 2025.xlsx,3085,2025-04-15,2025-04,2025-W16,2,1,hs-0299-r01,HS-0299-R01,شطة,الشطة (Hot sauce),Hot sauce,الشطة (Hot sauce),sauce_condiment,شاورما جورميه - حي الرمال,شاورما جورميه,حي الرمال,شاورما جورميه - حي الرمال,الروضة,بلدية,بلدية الروضة,False,True,العد الكلي للبكتيريا,العد الكلي للبكتيريا,1,,العد الكلي للبكتيريا,False,indicator_only,date_parsed_from_text,1,False
Data 2025.xlsx,3087,2025-04-15,2025-04,2025-W16,2,1,hs-0300-r01,HS-0300-R01,شطة شامية,الشطة (Hot sauce),Hot sauce,الشطة (Hot sauce),sauce_condiment,شاورما جورميه - حي الرمال,شاورما جورميه,حي الرمال,شاورما جورميه - حي الرمال,الروضة,بلدية,بلدية الروضة,True,False,لا يوجد,,0,,,False,none,date_parsed_from_text,1,False
Data 2025.xlsx,3080,2025-04-15,2025-04,2025-W16,2,1,mola-0038-r01,mola-0038-R01,دبس رمان,( Molasses) دبس,Molasses,( Molasses) دبس,sauce_condiment,مطعم رمال الرافدين - حي الرمال,مطعم رمال الرافدين,حي الرمال,مطعم رمال الرافدين - حي الرمال,الروضة,بلدية,بلدية الروضة,True,False,لا يوجد,,0,,,False,none,date_parsed_from_text,10,True
Data 2025.xlsx,3090,2025-04-15,2025-04,2025-W16,2,1,mola-0039-r01,mola-0039-R01,دبس رمان,( Molasses) دبس,Molasses,( Molasses) دبس,sauce_condiment,شاورما جورميه - حي الرمال,شاورما جورميه,حي الرمال,شاورما جورميه - حي الرمال,الروضة,بلدية,بلدية الروضة,True,False,لا يوجد,,0,,,False,none,date_parsed_from_text,3,True
Data 2025.xlsx,3095,2025-04-15,2025-04,2025-W16,2,1,pick-0382-r01,Pick-0382-R01,مخلل لفت,المخلل (Pickle),Pickle,المخلل (Pickle),sauce_condiment,شاورما جورميه - حي الرمال,شاورما جورميه,حي الرمال,شاورما جورميه - حي الرمال,الروضة,بلدية,بلدية الروضة,False,True,خمائر,الخمائر والاعفان,1,,الخمائر والاعفان,False,indicator_only,date_parsed_from_text,5,True
Data 2025.xlsx,3096,2025-04-15,2025-04,2025-W16,2,1,pick-0383-r01,Pick-0383-R01,مخلل خيار,المخلل (Pickle),Pickle,المخلل (Pickle),sauce_condiment,شاورما جورميه - حي الرمال,شاورما جورميه,حي الرمال,شاورما جورميه - حي الرمال,الروضة,بلدية,بلدية الروضة,False,True,خمائر,الخمائر والاعفان,1,,الخمائر والاعفان,False,indicator_only,date_parsed_from_text,6,True
Data 2025.xlsx,3061,2025-04-15,2025-04,2025-W16,2,1,raw-0089-r01,Raw-0089-R01,لحم فخذ عجل باكستاني,لحوم نيئة مبردة ومجمدة (Raw meat Cold or chilled ),Raw meat Cold or chilled,لحوم نيئة مبردة ومجمدة (Raw meat Cold or chilled ),raw_meat,مؤسسة عالم اللحوم للتجارة,مؤسسة عالم اللحوم للتجارة,,مؤسسة عالم اللحوم للتجارة,المعذر,بلدية,بلدية المعذر,False,True,العد الكلي للبكتيريا,العد الكلي للبكتيريا,1,,العد الكلي للبكتيريا,False,indicator_only,date_parsed_from_text,1,False
Data 2025.xlsx,3062,2025-04-15,2025-04,2025-W16,2,1,raw-0090-r01,Raw-0090-R01,لحم بطن خاروف استرالي,لحوم نيئة مبردة ومجمدة (Raw meat Cold or chilled ),Raw meat Cold or chilled,لحوم نيئة مبردة ومجمدة (Raw meat Cold or chilled ),raw_meat,مؤسسة عالم اللحوم للتجارة,مؤسسة عالم اللحوم للتجارة,,مؤسسة عالم اللحوم للتجارة,المعذر,بلدية,بلدية المعذر,False,True,العد الكلي للبكتيريا,العد الكلي للبكتيريا,1,,العد الكلي للبكتيريا,False,indicator_only,date_parsed_from_text,2,True
Data 2025.xlsx,3063,2025-04-15,2025-04,2025-W16,2,1,raw-0091-r01,Raw-0091-R01,لحم تيس بطن مستورد,لحوم نيئة مبردة ومجمدة (Raw meat Cold or chilled ),Raw meat Cold or chilled,لحوم نيئة مبردة ومجمدة (Raw meat Cold or chilled ),raw_meat,مؤسسة عالم اللحوم للتجارة,مؤسسة عالم اللحوم للتجارة,,مؤسسة عالم اللحوم للتجارة,المعذر,بلدية,بلدية المعذر,False,True,العد الكلي للبكتيريا,العد الكلي للبكتيريا,1,,العد الكلي للبكتيريا,False,indicator_only,date_parsed_from_text,3,True
Data 2025.xlsx,3064,2025-04-15,2025-04,2025-W16,2,1,raw-0092-r01,Raw-0092-R01,لحم فخذ عجل هندي,لحوم نيئة مبردة ومجمدة (Raw meat Cold or chilled ),Raw meat Cold or chilled,لحوم نيئة مبردة ومجمدة (Raw meat Cold or chilled ),raw_meat,مؤسسة عالم اللحوم للتجارة,مؤسسة عالم اللحوم للتجارة,,مؤسسة عالم اللحوم للتجارة,المعذر,بلدية,بلدية المعذر,False,True,العد الكلي للبكتيريا,العد الكلي للبكتيريا,1,,العد الكلي للبكتيريا,False,indicator_only,date_parsed_from_text,4,True
Data 2025.xlsx,3073,2025-04-15,2025-04,2025-W16,2,1,raw-0093-r01,Raw-0093-R01,كباب لحم (ني),لحوم نيئة مبردة ومجمدة (Raw meat Cold or chilled ),Raw meat Cold or chilled,لحوم نيئة مبردة ومجمدة (Raw meat Cold or chilled ),raw_meat,مطعم رمال الرافدين - حي الرمال,مطعم رمال الرافدين,حي الرمال,مطعم رمال الرافدين - حي الرمال,الروضة,بلدية,بلدية الروضة,False,True,العد الكلي للبكتيريا | السالمونيلا,العد الكلي للبكتيريا | السالمونيلا,2,السالمونيلا,العد الكلي للبكتيريا,True,pathogen,date_parsed_from_text,7,True
Data 2025.xlsx,3074,2025-04-15,2025-04,2025-W16,2,1,sal-1230-r01,Sal-1230-R01,سلطة مشاوي,السلطة(Salad),Salad,السلطة(Salad),produce,مطعم رمال الرافدين - حي الرمال,مطعم رمال الرافدين,حي الرمال,مطعم رمال الرافدين - حي الرمال,الروضة,بلدية,بلدية الروضة,False,True,ايشيريشيا كولاي | استافيلوكوكس اورياس,ايشيريشيا كولاي | استافيلوكوكس اورياس,2,ايشيريشيا كولاي | استافيلوكوكس اورياس,,True,multi_pathogen,date_parsed_from_text,8,True
Data 2025.xlsx,3102,2025-04-15,2025-04,2025-W16,2,1,sal-1231-r01,Sal-1231-R01,سلطة حارة,السلطة(Salad),Salad,السلطة(Salad),produce,شركة مضغوط الجزيرة - حي الرمال,شركة مضغوط الجزيرة,حي الرمال,شركة مضغوط الجزيرة - حي الرمال,الروضة,بلدية,بلدية الروضة,True,False,لا يوجد,,0,,,False,none,date_parsed_from_text,0,False
Data 2025.xlsx,3106,2025-04-15,2025-04,2025-W16,2,1,sal-1232-r01,Sal-1232-R01,سلطة زبادي,السلطة(Salad),Salad,السلطة(Salad),produce,شركة مضغوط الجزيرة - حي الرمال,شركة مضغوط الجزيرة,حي الرمال,شركة مضغوط الجزيرة - حي الرمال,الروضة,بلدية,بلدية الروضة,False,True,ايشيريشيا كولاي,ايشيريشيا كولاي,1,ايشيريشيا كولاي,,True,pathogen,date_parsed_from_text,3,True
Data 2025.xlsx,3107,2025-04-15,2025-04,2025-W16,2,1,sal-1233-r01,Sal-1233-R01,سلطة خضراء,السلطة(Salad),Salad,السلطة(Salad),produce,شركة مضغوط الجزيرة - حي الرمال,شركة مضغوط الجزيرة,حي الرمال,شركة مضغوط الجزيرة - حي الرمال,الروضة,بلدية,بلدية الروضة,True,False,لا يوجد,,0,,,False,none,date_parsed_from_text,3,True
Data 2025.xlsx,3108,2025-04-15,2025-04,2025-W16,2,1,sal-1234-r01,Sal-1234-R01,سلطة بصل مع ليمون,السلطة(Salad),Salad,السلطة(Salad),produce,شركة مضغوط الجزيرة - حي الرمال,شركة مضغوط الجزيرة,حي الرمال,شركة مضغوط الجزيرة - حي الرمال,الروضة,بلدية,بلدية الروضة,True,False,لا يوجد,,0,,,False,none,date_parsed_from_text,3,True
Data 2025.xlsx,3132,2025-04-15,2025-04,2025-W16,2,1,sal-1235-r01,Sal-1235-R01,سلطة خضراء,السلطة(Salad),Salad,السلطة(Salad),produce,مطعم اسرار الجودة - حي الرمال,مطعم اسرار الجودة,حي الرمال,مطعم اسرار الجودة - حي الرمال,الروضة,بلدية,بلدية الروضة,True,False,لا يوجد,,0,,,False,none,date_parsed_from_text,0,False
Data 2025.xlsx,3134,2025-04-15,2025-04,2025-W16,2,1,sal-1236-r01,Sal-1236-R01,سلطة جرجير مع طماطم,السلطة(Salad),Salad,السلطة(Salad),produce,مطعم اسرار الجودة - حي الرمال,مطعم اسرار الجودة,حي الرمال,مطعم اسرار الجودة - حي الرمال,الروضة,بلدية,بلدية الروضة,True,False,لا يوجد,,0,,,False,none,date_parsed_from_text,1,False
Data 2025.xlsx,3135,2025-04-15,2025-04,2025-W16,2,1,sal-1237-r01,Sal-1237-R01,سلطة ملفوف,السلطة(Salad),Salad,السلطة(Salad),produce,مطعم اسرار الجودة - حي الرمال,مطعم اسرار الجودة,حي الرمال,مطعم اسرار الجودة - حي الرمال,الروضة,بلدية,بلدية الروضة,True,False,لا يوجد,,0,,,False,none,date_parsed_from_text,1,False
Data 2025.xlsx,3139,2025-04-15,2025-04,2025-W16,2,1,sal-1238-r01,Sal-1238-R01,سلطة زبادي خيار,السلطة(Salad),Salad,السلطة(Salad),produce,مطعم اسرار الجودة - حي الرمال,مطعم اسرار الجودة,حي الرمال,مطعم اسرار الجودة - حي الرمال,الروضة,بلدية,بلدية الروضة,True,False,لا يوجد,,0,,,False,none,date_parsed_from_text,2,True
Data 2025.xlsx,3141,2025-04-15,2025-04,2025-W16,2,1,sal-1239-r01,Sal-1239-R01,سلطة خضراء حارة,السلطة(Salad),Salad,السلطة(Salad),produce,مطعم اسرار الجودة - حي الرمال,مطعم اسرار الجودة,حي الرمال,مطعم اسرار الجودة - حي الرمال,الروضة,بلدية,بلدية الروضة,False,True,استافيلوكوكس اورياس,استافيلوكوكس اورياس,1,استافيلوكوكس اورياس,,True,pathogen,date_parsed_from_text,3,True
Data 2025.xlsx,3142,2025-04-15,2025-04,2025-W16,2,1,sal-1240-r01,Sal-1240-R01,سلطة حمراء حارة,السلطة(Salad),Salad,السلطة(Salad),produce,مطعم اسرار الجودة - حي الرمال,مطعم اسرار الجودة,حي الرمال,مطعم اسرار الجودة - حي الرمال,الروضة,بلدية,بلدية الروضة,False,True,استافيلوكوكس اورياس,استافيلوكوكس اورياس,1,استافيلوكوكس اورياس,,True,pathogen,date_parsed_from_text,4,True
Data 2025.xlsx,3072,2025-04-15,2025-04,2025-W16,2,1,sau-1384-r01,sau-1384-R01,صوص ليمون + مخلل,صوص (sauce),sauce,صوص (sauce),sauce_condiment,مطعم رمال الرافدين - حي الرمال,مطعم رمال الرافدين,حي الرمال,مطعم رمال الرافدين - حي الرمال,الروضة,بلدية,بلدية الروضة,False,True,العد الكلي للبكتيريا | استافيلوكوكس اورياس,العد الكلي للبكتيريا | استافيلوكوكس اورياس,2,استافيلوكوكس اورياس,العد الكلي للبكتيريا,True,pathogen,date_parsed_from_text,6,True
Data 2025.xlsx,3076,2025-04-15,2025-04,2025-W16,2,1,sau-1385-r01,sau-1385-R01,صوص كاتشب,صوص (sauce),sauce,صوص (sauce),sauce_condiment,مطعم رمال الرافدين - حي الرمال,مطعم رمال الرافدين,حي الرمال,مطعم رمال الرافدين - حي الرمال,الروضة,بلدية,بلدية الروضة,True,False,لا يوجد,,0,,,False,none,date_parsed_from_text,8,True
Data 2025.xlsx,3078,2025-04-15,2025-04,2025-W16,2,1,sau-1386-r01,sau-1386-R01,صوص ثوم,صوص (sauce),sauce,صوص (sauce),sauce_condiment,مطعم رمال الرافدين - حي الرمال,مطعم رمال الرافدين,حي الرمال,مطعم رمال الرافدين - حي الرمال,الروضة,بلدية,بلدية الروضة,False,True,العد الكلي للبكتيريا,العد الكلي للبكتيريا,1,,العد الكلي للبكتيريا,False,indicator_only,date_parsed_from_text,9,True
Data 2025.xlsx,3086,2025-04-15,2025-04,2025-W16,2,1,sau-1387-r01,sau-1387-R01,صوص كاتشب,صوص (sauce),sauce,صوص (sauce),sauce_condiment,شاورما جورميه - حي الرمال,شاورما جورميه,حي الرمال,شاورما جورميه - حي الرمال,الروضة,بلدية,بلدية الروضة,True,False,لا يوجد,,0,,,False,none,date_parsed_from_text,1,False
Data 2025.xlsx,3088,2025-04-15,2025-04,2025-W16,2,1,sau-1388-r01,sau-1388-R01,صوص ثوم مدخن,صوص (sauce),sauce,صوص (sauce),sauce_condiment,شاورما جورميه - حي الرمال,شاورما جورميه,حي الرمال,شاورما جورميه - حي الرمال,الروضة,بلدية,بلدية الروضة,False,True,العد الكلي للبكتيريا,العد الكلي للبكتيريا,1,,العد الكلي للبكتيريا,False,indicator_only,date_parsed_from_text,2,True
Data 2025.xlsx,3089,2025-04-15,2025-04,2025-W16,2,1,sau-1389-r01,sau-1389-R01,صوص كزبرة,صوص (sauce),sauce,صوص (sauce),sauce_condiment,شاورما جورميه - حي الرمال,شاورما جورميه,حي الرمال,شاورما جورميه - حي الرمال,الروضة,بلدية,بلدية الروضة,False,True,العد الكلي للبكتيريا,العد الكلي للبكتيريا,1,,العد الكلي للبكتيريا,False,indicator_only,date_parsed_from_text,3,True
Data 2025.xlsx,3091,2025-04-15,2025-04,2025-W16,2,1,sau-1390-r01,sau-1390-R01,صوص ثوم,صوص (sauce),sauce,صوص (sauce),sauce_condiment,شاورما جورميه - حي الرمال,شاورما جورميه,حي الرمال,شاورما جورميه - حي الرمال,الروضة,بلدية,بلدية الروضة,True,False,لا يوجد,,0,,,False,none,date_parsed_from_text,3,True
Data 2025.xlsx,3092,2025-04-15,2025-04,2025-W16,2,1,sau-1391-r01,sau-1391-R01,صوص ثوم حار,صوص (sauce),sauce,صوص (sauce),sauce_condiment,شاورما جورميه - حي الرمال,شاورما جورميه,حي الرمال,شاورما جورميه - حي الرمال,الروضة,بلدية,بلدية الروضة,True,False,لا يوجد,,0,,,False,none,date_parsed_from_text,3,True
Data 2025.xlsx,3093,2025-04-15,2025-04,2025-W16,2,1,sau-1392-r01,sau-1392-R01,صوص جبن شيدر,صوص (sauce),sauce,صوص (sauce),sauce_condiment,شاورما جورميه - حي الرمال,شاورما جورميه,حي الرمال,شاورما جورميه - حي الرمال,الروضة,بلدية,بلدية الروضة,False,True,انتيروباكتريسي,انتيروباكتريسي,1,,انتيروباكتريسي,False,indicator_only,date_parsed_from_text,4,True
Data 2025.xlsx,3143,2025-04-15,2025-04,2025-W16,2,1,sau-1393-r01,sau-1393-R01,صوص شيرة,صوص (sauce),sauce,صوص (sauce),sauce_condiment,مطعم اسرار الجودة - حي الرمال,مطعم اسرار الجودة,حي الرمال,مطعم اسرار الجودة - حي الرمال,الروضة,بلدية,بلدية الروضة,True,False,لا يوجد,,0,,,False,none,date_parsed_from_text,4,True
Data 2025.xlsx,3081,2025-04-15,2025-04,2025-W16,2,1,sw-2821-r01,sw-2821-R01,مسحة ثلاجة مقبلات,(Swabs) المسحات,Swabs,(Swabs) المسحات,swab,مطعم رمال الرافدين - حي الرمال,مطعم رمال الرافدين,حي الرمال,مطعم رمال الرافدين - حي الرمال,الروضة,بلدية,بلدية الروضة,True,False,لا يوجد,,0,,,False,none,date_parsed_from_text,10,True
Data 2025.xlsx,3082,2025-04-15,2025-04,2025-W16,2,1,sw-2822-r01,sw-2822-R01,مسحة طاولة تقطيع خبز,(Swabs) المسحات,Swabs,(Swabs) المسحات,swab,مطعم رمال الرافدين - حي الرمال,مطعم رمال الرافدين,حي الرمال,مطعم رمال الرافدين - حي الرمال,الروضة,بلدية,بلدية الروضة,True,False,لا يوجد,,0,,,False,none,date_parsed_from_text,10,True
Data 2025.xlsx,3083,2025-04-15,2025-04,2025-W16,2,1,sw-2823-r01,sw-2823-R01,مسحة حافظة ثلج,(Swabs) المسحات,Swabs,(Swabs) المسحات,swab,مطعم رمال الرافدين - حي الرمال,مطعم رمال الرافدين,حي الرمال,مطعم رمال الرافدين - حي الرمال,الروضة,بلدية,بلدية الروضة,True,False,لا يوجد,,0,,,False,none,date_parsed_from_text,10,True
Data 2025.xlsx,3084,2025-04-15,2025-04,2025-W16,2,1,sw-2824-r01,sw-2824-R01,مسحة يد,(Swabs) المسحات,Swabs,(Swabs) المسحات,swab,مطعم رمال الرافدين - حي الرمال,مطعم رمال الرافدين,حي الرمال,مطعم رمال الرافدين - حي الرمال,الروضة,بلدية,بلدية الروضة,False,True,العد الكلي للبكتيريا,العد الكلي للبكتيريا,1,,العد الكلي للبكتيريا,False,indicator_only,date_parsed_from_text,11,True
Data 2025.xlsx,3099,2025-04-15,2025-04,2025-W16,2,1,sw-2825-r01,sw-2825-R01,مسحة قطاعة شاورما,(Swabs) المسحات,Swabs,(Swabs) المسحات,swab,شاورما جورميه - حي الرمال,شاورما جورميه,حي الرمال,شاورما جورميه - حي الرمال,الروضة,بلدية,بلدية الروضة,True,False,لا يوجد,,0,,,False,none,date_parsed_from_text,6,True
Data 2025.xlsx,3100,2025-04-15,2025-04,2025-W16,2,1,sw-2826-r01,sw-2826-R01,مسحة طاولة اعداد,(Swabs) المسحات,Swabs,(Swabs) المسحات,swab,شاورما جورميه - حي الرمال,شاورما جورميه,حي الرمال,شاورما جورميه - حي الرمال,الروضة,بلدية,بلدية الروضة,True,False,لا يوجد,,0,,,False,none,date_parsed_from_text,6,True
Data 2025.xlsx,3101,2025-04-15,2025-04,2025-W16,2,1,sw-2827-r01,sw-2827-R01,مسحة حافظة بطاطس,(Swabs) المسحات,Swabs,(Swabs) المسحات,swab,شاورما جورميه - حي الرمال,شاورما جورميه,حي الرمال,شاورما جورميه - حي الرمال,الروضة,بلدية,بلدية الروضة,True,False,لا يوجد,,0,,,False,none,date_parsed_from_text,6,True
Data 2025.xlsx,3128,2025-04-15,2025-04,2025-W16,2,1,sw-2828-r01,sw-2828-R01,مسحة ثلاجة كيك,(Swabs) المسحات,Swabs,(Swabs) المسحات,swab,سويت هوم (حلويات) - حي الرمال,سويت هوم (حلويات),حي الرمال,سويت هوم (حلويات) - حي الرمال,الروضة,بلدية,بلدية الروضة,True,False,لا يوجد,,0,,,False,none,date_parsed_from_text,4,True
Data 2025.xlsx,3129,2025-04-15,2025-04,2025-W16,2,1,sw-2829-r01,sw-2829-R01,مسحة حافظة حلا,(Swabs) المسحات,Swabs,(Swabs) المسحات,swab,سويت هوم (حلويات) - حي الرمال,سويت هوم (حلويات),حي الرمال,سويت هوم (حلويات) - حي الرمال,الروضة,بلدية,بلدية الروضة,True,False,لا يوجد,,0,,,False,none,date_parsed_from_text,4,True
Data 2025.xlsx,3130,2025-04-15,2025-04,2025-W16,2,1,sw-2830-r01,sw-2830-R01,مسحة حافظة حلا,(Swabs) المسحات,Swabs,(Swabs) المسحات,swab,سويت هوم (حلويات) - حي الرمال,سويت هوم (حلويات),حي الرمال,سويت هوم (حلويات) - حي الرمال,الروضة,بلدية,بلدية الروضة,True,False,لا يوجد,,0,,,False,none,date_parsed_from_text,4,True
Data 2025.xlsx,3131,2025-04-15,2025-04,2025-W16,2,1,sw-2831-r01,sw-2831-R01,مسحة حافظة حلا,(Swabs) المسحات,Swabs,(Swabs) المسحات,swab,سويت هوم (حلويات) - حي الرمال,سويت هوم (حلويات),حي الرمال,سويت هوم (حلويات) - حي الرمال,الروضة,بلدية,بلدية الروضة,True,False,لا يوجد,,0,,,False,none,date_parsed_from_text,4,True
Data 2025.xlsx,3103,2025-04-15,2025-04,2025-W16,2,1,sweet-0933-r01,sweet-0933-R01,كيك كراميل,الحلا(sweetness),sweetness,الحلا(sweetness),sweets_bakery,شركة مضغوط الجزيرة - حي الرمال,شركة مضغوط الجزيرة,حي الرمال,شركة مضغوط الجزيرة - حي الرمال,الروضة,بلدية,بلدية الروضة,False,True,العد الكلي للبكتيريا,العد الكلي للبكتيريا,1,,العد الكلي للبكتيريا,False,indicator_only,date_parsed_from_text,1,False
Data 2025.xlsx,3104,2025-04-15,2025-04,2025-W16,2,1,sweet-0934-r01,sweet-0934-R01,كيك لوتس,الحلا(sweetness),sweetness,الحلا(sweetness),sweets_bakery,شركة مضغوط الجزيرة - حي الرمال,شركة مضغوط الجزيرة,حي الرمال,شركة مضغوط الجزيرة - حي الرمال,الروضة,بلدية,بلدية الروضة,True,False,لا يوجد,,0,,,False,none,date_parsed_from_text,1,False
Data 2025.xlsx,3105,2025-04-15,2025-04,2025-W16,2,1,sweet-0935-r01,sweet-0935-R01,كيك شوكولاتة,الحلا(sweetness),sweetness,الحلا(sweetness),sweets_bakery,شركة مضغوط الجزيرة - حي الرمال,شركة مضغوط الجزيرة,حي الرمال,شركة مضغوط الجزيرة - حي الرمال,الروضة,بلدية,بلدية الروضة,False,True,العد الكلي للبكتيريا,العد الكلي للبكتيريا,1,,العد الكلي للبكتيريا,False,indicator_only,date_parsed_from_text,2,True
Data 2025.xlsx,3109,2025-04-15,2025-04,2025-W16,2,1,sweet-0936-r01,sweet-0936-R01,كيك ايس كريم,الحلا(sweetness),sweetness,الحلا(sweetness),sweets_bakery,شركة مضغوط الجزيرة - حي الرمال,شركة مضغوط الجزيرة,حي الرمال,شركة مضغوط الجزيرة - حي الرمال,الروضة,بلدية,بلدية الروضة,False,True,العد الكلي للبكتيريا,العد الكلي للبكتيريا,1,,العد الكلي للبكتيريا,False,indicator_only,date_parsed_from_text,4,True
Data 2025.xlsx,3110,2025-04-15,2025-04,2025-W16,2,1,sweet-0937-r01,sweet-0937-R01,تراميسو,الحلا(sweetness),sweetness,الحلا(sweetness),sweets_bakery,شركة مضغوط الجزيرة - حي الرمال,شركة مضغوط الجزيرة,حي الرمال,شركة مضغوط الجزيرة - حي الرمال,الروضة,بلدية,بلدية الروضة,False,True,العد الكلي للبكتيريا,العد الكلي للبكتيريا,1,,العد الكلي للبكتيريا,False,indicator_only,date_parsed_from_text,5,True
Data 2025.xlsx,3111,2025-04-15,2025-04,2025-W16,2,1,sweet-0938-r01,sweet-0938-R01,تشيز كيك توت بري,الحلا(sweetness),sweetness,الحلا(sweetness),sweets_bakery,شركة مضغوط الجزيرة - حي الرمال,شركة مضغوط الجزيرة,حي الرمال,شركة مضغوط الجزيرة - حي الرمال,الروضة,بلدية,بلدية الروضة,True,False,لا يوجد,,0,,,False,none,date_parsed_from_text,5,True
Data 2025.xlsx,3112,2025-04-15,2025-04,2025-W16,2,1,sweet-0939-r01,sweet-0939-R01,بسبوسة قشطة,الحلا(sweetness),sweetness,الحلا(sweetness),sweets_bakery,سويت هوم (حلويات) - حي الرمال,سويت هوم (حلويات),حي الرمال,سويت هوم (حلويات) - حي الرمال,الروضة,بلدية,بلدية الروضة,False,True,كوليفورم,كوليفورم,1,,كوليفورم,False,indicator_only,date_parsed_from_text,1,False
Data 2025.xlsx,3113,2025-04-15,2025-04,2025-W16,2,1,sweet-0940-r01,sweet-0940-R01,بسبوسة بستاشو,الحلا(sweetness),sweetness,الحلا(sweetness),sweets_bakery,سويت هوم (حلويات) - حي الرمال,سويت هوم (حلويات),حي الرمال,سويت هوم (حلويات) - حي الرمال,الروضة,بلدية,بلدية الروضة,False,True,كوليفورم,كوليفورم,1,,كوليفورم,False,indicator_only,date_parsed_from_text,2,True
Data 2025.xlsx,3114,2025-04-15,2025-04,2025-W16,2,1,sweet-0941-r01,sweet-0941-R01,تشيز كيك لوتس,الحلا(sweetness),sweetness,الحلا(sweetness),sweets_bakery,سويت هوم (حلويات) - حي الرمال,سويت هوم (حلويات),حي الرمال,سويت هوم (حلويات) - حي الرمال,الروضة,بلدية,بلدية الروضة,True,False,لا يوجد,,0,,,False,none,date_parsed_from_text,2,True
Data 2025.xlsx,3115,2025-04-15,2025-04,2025-W16,2,1,sweet-0942-r01,sweet-0942-R01,تشيز كيك قرفة,الحلا(sweetness),sweetness,الحلا(sweetness),sweets_bakery,سويت هوم (حلويات) - حي الرمال,سويت هوم (حلويات),حي الرمال,سويت هوم (حلويات) - حي الرمال,الروضة,بلدية,بلدية الروضة,True,False,لا يوجد,,0,,,False,none,date_parsed_from_text,2,True
Data 2025.xlsx,3116,2025-04-15,2025-04,2025-W16,2,1,sweet-0943-r01,sweet-0943-R01,اصابع بقلاوة بالجبن,الحلا(sweetness),sweetness,الحلا(sweetness),sweets_bakery,سويت هوم (حلويات) - حي الرمال,سويت هوم (حلويات),حي الرمال,سويت هوم (حلويات) - حي الرمال,الروضة,بلدية,بلدية الروضة,True,False,لا يوجد,,0,,,False,none,date_parsed_from_text,2,True
Data 2025.xlsx,3117,2025-04-15,2025-04,2025-W16,2,1,sweet-0944-r01,sweet-0944-R01,بقلاوة كاجو,الحلا(sweetness),sweetness,الحلا(sweetness),sweets_bakery,سويت هوم (حلويات) - حي الرمال,سويت هوم (حلويات),حي الرمال,سويت هوم (حلويات) - حي الرمال,الروضة,بلدية,بلدية الروضة,False,True,كوليفورم | استافيلوكوكس اورياس,كوليفورم | استافيلوكوكس اورياس,2,استافيلوكوكس اورياس,كوليفورم,True,pathogen,date_parsed_from_text,3,True
Data 2025.xlsx,3118,2025-04-15,2025-04,2025-W16,2,1,sweet-0945-r01,sweet-0945-R01,بقلاوة فستق,الحلا(sweetness),sweetness,الحلا(sweetness),sweets_bakery,سويت هوم (حلويات) - حي الرمال,سويت هوم (حلويات),حي الرمال,سويت هوم (حلويات) - حي الرمال,الروضة,بلدية,بلدية الروضة,True,False,لا يوجد,,0,,,False,none,date_parsed_from_text,3,True
Data 2025.xlsx,3119,2025-04-15,2025-04,2025-W16,2,1,sweet-0946-r01,sweet-0946-R01,بقلاوة عين الجمل,الحلا(sweetness),sweetness,الحلا(sweetness),sweets_bakery,سويت هوم (حلويات) - حي الرمال,سويت هوم (حلويات),حي الرمال,سويت هوم (حلويات) - حي الرمال,الروضة,بلدية,بلدية الروضة,True,False,لا يوجد,,0,,,False,none,date_parsed_from_text,3,True
Data 2025.xlsx,3120,2025-04-15,2025-04,2025-W16,2,1,sweet-0947-r01,sweet-0947-R01,شوكولاتة بستاشو,الحلا(sweetness),sweetness,الحلا(sweetness),sweets_bakery,سويت هوم (حلويات) - حي الرمال,سويت هوم (حلويات),حي الرمال,سويت هوم (حلويات) - حي الرمال,الروضة,بلدية,بلدية الروضة,True,False,لا يوجد,,0,,,False,none,date_parsed_from_text,3,True
Data 2025.xlsx,3121,2025-04-15,2025-04,2025-W16,2,1,sweet-0948-r01,sweet-0948-R01,شوكولاتة روشية,الحلا(sweetness),sweetness,الحلا(sweetness),sweets_bakery,سويت هوم (حلويات) - حي الرمال,سويت هوم (حلويات),حي الرمال,سويت هوم (حلويات) - حي الرمال,الروضة,بلدية,بلدية الروضة,True,False,لا يوجد,,0,,,False,none,date_parsed_from_text,3,True
Data 2025.xlsx,3122,2025-04-15,2025-04,2025-W16,2,1,sweet-0949-r01,sweet-0949-R01,شوكولاتة لوز,الحلا(sweetness),sweetness,الحلا(sweetness),sweets_bakery,سويت هوم (حلويات) - حي الرمال,سويت هوم (حلويات),حي الرمال,سويت هوم (حلويات) - حي الرمال,الروضة,بلدية,بلدية الروضة,True,False,لا يوجد,,0,,,False,none,date_parsed_from_text,3,True
Data 2025.xlsx,3123,2025-04-15,2025-04,2025-W16,2,1,sweet-0950-r01,sweet-0950-R01,شوكولاتة لوتس مكشوفة,الحلا(sweetness),sweetness,الحلا(sweetness),sweets_bakery,سويت هوم (حلويات) - حي الرمال,سويت هوم (حلويات),حي الرمال,سويت هوم (حلويات) - حي الرمال,الروضة,بلدية,بلدية الروضة,True,False,لا يوجد,,0,,,False,none,date_parsed_from_text,3,True
Data 2025.xlsx,3124,2025-04-15,2025-04,2025-W16,2,1,sweet-0951-r01,sweet-0951-R01,شوكولاتة بندق مكشوف,الحلا(sweetness),sweetness,الحلا(sweetness),sweets_bakery,سويت هوم (حلويات) - حي الرمال,سويت هوم (حلويات),حي الرمال,سويت هوم (حلويات) - حي الرمال,الروضة,بلدية,بلدية الروضة,True,False,لا يوجد,,0,,,False,none,date_parsed_from_text,3,True
Data 2025.xlsx,3125,2025-04-15,2025-04,2025-W16,2,1,sweet-0952-r01,sweet-0952-R01,شوكولاتة لوز,الحلا(sweetness),sweetness,الحلا(sweetness),sweets_bakery,سويت هوم (حلويات) - حي الرمال,سويت هوم (حلويات),حي الرمال,سويت هوم (حلويات) - حي الرمال,الروضة,بلدية,بلدية الروضة,True,False,لا يوجد,,0,,,False,none,date_parsed_from_text,3,True
Data 2025.xlsx,3126,2025-04-15,2025-04,2025-W16,2,1,sweet-0953-r01,sweet-0953-R01,شوكولاتة رمان,الحلا(sweetness),sweetness,الحلا(sweetness),sweets_bakery,سويت هوم (حلويات) - حي الرمال,سويت هوم (حلويات),حي الرمال,سويت هوم (حلويات) - حي الرمال,الروضة,بلدية,بلدية الروضة,True,False,لا يوجد,,0,,,False,none,date_parsed_from_text,3,True
Data 2025.xlsx,3127,2025-04-15,2025-04,2025-W16,2,1,sweet-0954-r01,sweet-0954-R01,كيك بلاك فورست,الحلا(sweetness),sweetness,الحلا(sweetness),sweets_bakery,سويت هوم (حلويات) - حي الرمال,سويت هوم (حلويات),حي الرمال,سويت هوم (حلويات) - حي الرمال,الروضة,بلدية,بلدية الروضة,False,True,العد الكلي للبكتيريا,العد الكلي للبكتيريا,1,,العد الكلي للبكتيريا,False,indicator_only,date_parsed_from_text,4,True
Data 2025.xlsx,3144,2025-04-15,2025-04,2025-W16,2,1,ubot-0934-r01,Ubot-0934-R01,مياه حنفية لغسيل الادوات,المياه الغير معبأة (Unbottled water),Unbottled water,المياه الغير معبأة (Unbottled water),water,مؤسسة عالم اللحوم للتجارة,مؤسسة عالم اللحوم للتجارة,,مؤسسة عالم اللحوم للتجارة,المعذر,بلدية,بلدية المعذر,True,False,لا يوجد,,0,,,False,none,date_parsed_from_text,4,True
Data 2025.xlsx,3145,2025-04-16,2025-04,2025-W16,2,2,raw-0094-r01,Raw-0094-R01,لحم فخذ عجل باكستاني مستورد,لحوم نيئة مبردة ومجمدة (Raw meat Cold or chilled ),Raw meat Cold or chilled,لحوم نيئة مبردة ومجمدة (Raw meat Cold or chilled ),raw_meat,ملحمة ريف دمشق,ملحمة ريف دمشق,,ملحمة ريف دمشق,المعذر,بلدية,بلدية المعذر,True,False,لا يوجد,,0,,,False,none,date_parsed_from_text,0,False
Data 2025.xlsx,3146,2025-04-16,2025-04,2025-W16,2,2,raw-0095-r01,Raw-0095-R01,لحم يد خاروف استرالي,لحوم نيئة مبردة ومجمدة (Raw meat Cold or chilled ),Raw meat Cold or chilled,لحوم نيئة مبردة ومجمدة (Raw meat Cold or chilled ),raw_meat,ملحمة ريف دمشق,ملحمة ريف دمشق,,ملحمة ريف دمشق,المعذر,بلدية,بلدية المعذر,True,False,لا يوجد,,0,,,False,none,date_parsed_from_text,0,False
Data 2025.xlsx,3147,2025-04-16,2025-04,2025-W16,2,2,raw-0096-r01,Raw-0096-R01,لحم فخذ بقر برازيلي,لحوم نيئة مبردة ومجمدة (Raw meat Cold or chilled ),Raw meat Cold or chilled,لحوم نيئة مبردة ومجمدة (Raw meat Cold or chilled ),raw_meat,ملحمة ريف دمشق,ملحمة ريف دمشق,,ملحمة ريف دمشق,المعذر,بلدية,بلدية المعذر,True,False,لا يوجد,,0,,,False,none,date_parsed_from_text,0,False
Data 2025.xlsx,3148,2025-04-16,2025-04,2025-W16,2,2,raw-0097-r01,Raw-0097-R01,مصارين نعيمي بلدي,لحوم نيئة مبردة ومجمدة (Raw meat Cold or chilled ),Raw meat Cold or chilled,لحوم نيئة مبردة ومجمدة (Raw meat Cold or chilled ),raw_meat,ملحمة ريف دمشق,ملحمة ريف دمشق,,ملحمة ريف دمشق,المعذر,بلدية,بلدية المعذر,True,False,لا يوجد,,0,,,False,none,date_parsed_from_text,0,False
Data 2025.xlsx,3149,2025-04-16,2025-04,2025-W16,2,2,ubot-0935-r01,Ubot-0935-R01,مياه حنفية لغسيل الادوات,المياه الغير معبأة (Unbottled water),Unbottled water,المياه الغير معبأة (Unbottled water),water,ملحمة ريف دمشق,ملحمة ريف دمشق,,ملحمة ريف دمشق,المعذر,بلدية,بلدية المعذر,True,False,لا يوجد,,0,,,False,none,date_parsed_from_text,0,False
Data 2025.xlsx,3191,2025-04-19,2025-04,2025-W16,2,5,OO-OSS-po-0356-R01,OO-OSS-po-0356-R01,شرائح بطاطس مقلي,البطاطس (potatoes),potatoes,البطاطس (potatoes),produce,مطعم الدجاج الذهبي - حي القادسية,مطعم الدجاج الذهبي,حي القادسية,مطعم الدجاج الذهبي - حي القادسية,الروضة,بلدية,بلدية الروضة,True,False,لا يوجد,,0,,,False,none,date_parsed_from_text,1,False
Data 2025.xlsx,3164,2025-04-19,2025-04,2025-W16,2,5,appe-0401-r01,Appe-0401-R01,حمص,مقبلات (Appetizers),Appetizers,مقبلات (Appetizers),prepared_meal,مطعم امتياز الرافدين - حي القادسية,مطعم امتياز الرافدين,حي القادسية,مطعم امتياز الرافدين - حي القادسية,الروضة,بلدية,بلدية الروضة,True,False,لا يوجد,,0,,,False,none,date_parsed_from_text,0,False
Data 2025.xlsx,3165,2025-04-19,2025-04,2025-W16,2,5,appe-0402-r01,Appe-0402-R01,متبل,مقبلات (Appetizers),Appetizers,مقبلات (Appetizers),prepared_meal,مطعم امتياز الرافدين - حي القادسية,مطعم امتياز الرافدين,حي القادسية,مطعم امتياز الرافدين - حي القادسية,الروضة,بلدية,بلدية الروضة,False,True,العد الكلي للبكتيريا,العد الكلي للبكتيريا,1,,العد الكلي للبكتيريا,False,indicator_only,date_parsed_from_text,1,False
Data 2025.xlsx,3166,2025-04-19,2025-04,2025-W16,2,5,appe-0403-r01,Appe-0403-R01,بابا غنوج,مقبلات (Appetizers),Appetizers,مقبلات (Appetizers),prepared_meal,مطعم امتياز الرافدين - حي القادسية,مطعم امتياز الرافدين,حي القادسية,مطعم امتياز الرافدين - حي القادسية,الروضة,بلدية,بلدية الروضة,False,True,العد الكلي للبكتيريا,العد الكلي للبكتيريا,1,,العد الكلي للبكتيريا,False,indicator_only,date_parsed_from_text,2,True
Data 2025.xlsx,3169,2025-04-19,2025-04,2025-W16,2,5,appe-0404-r01,Appe-0404-R01,تبولة,مقبلات (Appetizers),Appetizers,مقبلات (Appetizers),prepared_meal,مطعم امتياز الرافدين - حي القادسية,مطعم امتياز الرافدين,حي القادسية,مطعم امتياز الرافدين - حي القادسية,الروضة,بلدية,بلدية الروضة,False,True,استافيلوكوكس اورياس,استافيلوكوكس اورياس,1,استافيلوكوكس اورياس,,True,pathogen,date_parsed_from_text,3,True
Data 2025.xlsx,3190,2025-04-19,2025-04,2025-W16,2,5,appe-0405-r01,Appe-0405-R01,حمص,مقبلات (Appetizers),Appetizers,مقبلات (Appetizers),prepared_meal,مطعم الدجاج الذهبي - حي القادسية,مطعم الدجاج الذهبي,حي القادسية,مطعم الدجاج الذهبي - حي القادسية,الروضة,بلدية,بلدية الروضة,False,True,العد الكلي للبكتيريا,العد الكلي للبكتيريا,1,,العد الكلي للبكتيريا,False,indicator_only,date_parsed_from_text,1,False
Data 2025.xlsx,3213,2025-04-19,2025-04,2025-W16,2,5,appe-0406-r01,Appe-0406-R01,حمص,مقبلات (Appetizers),Appetizers,مقبلات (Appetizers),prepared_meal,مطاعم صحاري الشام - حي القادسية,مطاعم صحاري الشام,حي القادسية,مطاعم صحاري الشام - حي القادسية,الروضة,بلدية,بلدية الروضة,True,False,لا يوجد,,0,,,False,none,date_parsed_from_text,0,False
Data 2025.xlsx,3214,2025-04-19,2025-04,2025-W16,2,5,appe-0407-r01,Appe-0407-R01,متبل,مقبلات (Appetizers),Appetizers,مقبلات (Appetizers),prepared_meal,مطاعم صحاري الشام - حي القادسية,مطاعم صحاري الشام,حي القادسية,مطاعم صحاري الشام - حي القادسية,الروضة,بلدية,بلدية الروضة,True,False,لا يوجد,,0,,,False,none,date_parsed_from_text,0,False
Data 2025.xlsx,3215,2025-04-19,2025-04,2025-W16,2,5,appe-0408-r01,Appe-0408-R01,بابا غنوج,مقبلات (Appetizers),Appetizers,مقبلات (Appetizers),prepared_meal,مطاعم صحاري الشام - حي القادسية,مطاعم صحاري الشام,حي القادسية,مطاعم صحاري الشام - حي القادسية,الروضة,بلدية,بلدية الروضة,True,False,لا يوجد,,0,,,False,none,date_parsed_from_text,0,False
Data 2025.xlsx,3217,2025-04-19,2025-04,2025-W16,2,5,appe-0409-r01,Appe-0409-R01,تبولة,مقبلات (Appetizers),Appetizers,مقبلات (Appetizers),prepared_meal,مطاعم صحاري الشام - حي القادسية,مطاعم صحاري الشام,حي القادسية,مطاعم صحاري الشام - حي القادسية,الروضة,بلدية,بلدية الروضة,False,True,استافيلوكوكس اورياس,استافيلوكوكس اورياس,1,استافيلوكوكس اورياس,,True,pathogen,date_parsed_from_text,2,True
Data 2025.xlsx,3203,2025-04-19,2025-04,2025-W16,2,5,be-0038-r01,be-0038-R01,مشروب بيبسي,المشروبات الغازية (الغير كحولية) (Carbonated beverages) (non - alcoholic ),non - alcoholic,المشروبات الغازية (الغير كحولية) (Carbonated beverages) (non - alcoholic ),beverage,مطاعم ركن الابداع - حي القادسية,مطاعم ركن الابداع,حي القادسية,مطاعم ركن الابداع - حي القادسية,الروضة,بلدية,بلدية الروضة,True,False,لا يوجد,,0,,,False,none,date_parsed_from_text,1,False
Data 2025.xlsx,3204,2025-04-19,2025-04,2025-W16,2,5,be-0039-r01,be-0039-R01,مشروب ميرندا,المشروبات الغازية (الغير كحولية) (Carbonated beverages) (non - alcoholic ),non - alcoholic,المشروبات الغازية (الغير كحولية) (Carbonated beverages) (non - alcoholic ),beverage,مطاعم ركن الابداع - حي القادسية,مطاعم ركن الابداع,حي القادسية,مطاعم ركن الابداع - حي القادسية,الروضة,بلدية,بلدية الروضة,True,False,لا يوجد,,0,,,False,none,date_parsed_from_text,1,False
Data 2025.xlsx,3205,2025-04-19,2025-04,2025-W16,2,5,be-0040-r01,be-0040-R01,مشروب بيبسي دايت,المشروبات الغازية (الغير كحولية) (Carbonated beverages) (non - alcoholic ),non - alcoholic,المشروبات الغازية (الغير كحولية) (Carbonated beverages) (non - alcoholic ),beverage,مطاعم ركن الابداع - حي القادسية,مطاعم ركن الابداع,حي القادسية,مطاعم ركن الابداع - حي القادسية,الروضة,بلدية,بلدية الروضة,True,False,لا يوجد,,0,,,False,none,date_parsed_from_text,1,False
Data 2025.xlsx,3180,2025-04-19,2025-04,2025-W16,2,5,br-0082-r01,Br-0082-R01,خبز تنور,الخبـز (Bread),Bread,الخبـز (Bread),sweets_bakery,مطعم امتياز الرافدين - حي القادسية,مطعم امتياز الرافدين,حي القادسية,مطعم امتياز الرافدين - حي القادسية,الروضة,بلدية,بلدية الروضة,True,False,لا يوجد,,0,,,False,none,date_parsed_from_text,8,True
Data 2025.xlsx,3172,2025-04-19,2025-04,2025-W16,2,5,gr-0156-r01,gr-0156-R01,ورق عنب,ورق عنب (Grape leaves),Grape leaves,ورق عنب (Grape leaves),produce,مطعم امتياز الرافدين - حي القادسية,مطعم امتياز الرافدين,حي القادسية,مطعم امتياز الرافدين - حي القادسية,الروضة,بلدية,بلدية الروضة,False,True,العد الكلي للبكتيريا,العد الكلي للبكتيريا,1,,العد الكلي للبكتيريا,False,indicator_only,date_parsed_from_text,4,True
Data 2025.xlsx,3220,2025-04-19,2025-04,2025-W16,2,5,gr-0157-r01,gr-0157-R01,ورق عنب,ورق عنب (Grape leaves),Grape leaves,ورق عنب (Grape leaves),produce,مطاعم صحاري الشام - حي القادسية,مطاعم صحاري الشام,حي القادسية,مطاعم صحاري الشام - حي القادسية,الروضة,بلدية,بلدية الروضة,True,False,لا يوجد,,0,,,False,none,date_parsed_from_text,2,True
Data 2025.xlsx,3177,2025-04-19,2025-04,2025-W16,2,5,hs-0301-r01,HS-0301-R01,شطة,الشطة (Hot sauce),Hot sauce,الشطة (Hot sauce),sauce_condiment,مطعم امتياز الرافدين - حي القادسية,مطعم امتياز الرافدين,حي القادسية,مطعم امتياز الرافدين - حي القادسية,الروضة,بلدية,بلدية الروضة,True,False,لا يوجد,,0,,,False,none,date_parsed_from_text,6,True
Data 2025.xlsx,3171,2025-04-19,2025-04,2025-W16,2,5,mola-0040-r01,mola-0040-R01,دبس رمان,( Molasses) دبس,Molasses,( Molasses) دبس,sauce_condiment,مطعم امتياز الرافدين - حي القادسية,مطعم امتياز الرافدين,حي القادسية,مطعم امتياز الرافدين - حي القادسية,الروضة,بلدية,بلدية الروضة,True,False,لا يوجد,,0,,,False,none,date_parsed_from_text,3,True
Data 2025.xlsx,3175,2025-04-19,2025-04,2025-W16,2,5,pick-0384-r01,Pick-0384-R01,مخلل لفت,المخلل (Pickle),Pickle,المخلل (Pickle),sauce_condiment,مطعم امتياز الرافدين - حي القادسية,مطعم امتياز الرافدين,حي القادسية,مطعم امتياز الرافدين - حي القادسية,الروضة,بلدية,بلدية الروضة,True,False,لا يوجد,,0,,,False,none,date_parsed_from_text,6,True
Data 2025.xlsx,3179,2025-04-19,2025-04,2025-W16,2,5,po-0103-r01,po-0103-R01,كباب دجاج (ني),الدجاج (Poultry),Poultry,الدجاج (Poultry),cooked_meat_poultry,مطعم امتياز الرافدين - حي القادسية,مطعم امتياز الرافدين,حي القادسية,مطعم امتياز الرافدين - حي القادسية,الروضة,بلدية,بلدية الروضة,False,True,العد الكلي للبكتيريا | السالمونيلا,العد الكلي للبكتيريا | السالمونيلا,2,السالمونيلا,العد الكلي للبكتيريا,True,pathogen,date_parsed_from_text,8,True
Data 2025.xlsx,3222,2025-04-19,2025-04,2025-W16,2,5,po-0104-r01,po-0104-R01,كباب دجاج (ني),الدجاج (Poultry),Poultry,الدجاج (Poultry),cooked_meat_poultry,مطاعم صحاري الشام - حي القادسية,مطاعم صحاري الشام,حي القادسية,مطاعم صحاري الشام - حي القادسية,الروضة,بلدية,بلدية الروضة,False,True,العد الكلي للبكتيريا | السالمونيلا,العد الكلي للبكتيريا | السالمونيلا,2,السالمونيلا,العد الكلي للبكتيريا,True,pathogen,date_parsed_from_text,4,True
Data 2025.xlsx,3150,2025-04-19,2025-04,2025-W16,2,5,raw-0098-r01,Raw-0098-R01,لحم كتف عجل بلدي,لحوم نيئة مبردة ومجمدة (Raw meat Cold or chilled ),Raw meat Cold or chilled,لحوم نيئة مبردة ومجمدة (Raw meat Cold or chilled ),raw_meat,روابي المرعي,روابي المرعي,,روابي المرعي,العليا,بلدية,بلدية العليا,False,True,العد الكلي للبكتيريا,العد الكلي للبكتيريا,1,,العد الكلي للبكتيريا,False,indicator_only,date_parsed_from_text,1,False
Data 2025.xlsx,3151,2025-04-19,2025-04,2025-W16,2,5,raw-0099-r01,Raw-0099-R01,كبدة عجل بلدي,لحوم نيئة مبردة ومجمدة (Raw meat Cold or chilled ),Raw meat Cold or chilled,لحوم نيئة مبردة ومجمدة (Raw meat Cold or chilled ),raw_meat,روابي المرعي,روابي المرعي,,روابي المرعي,العليا,بلدية,بلدية العليا,False,True,العد الكلي للبكتيريا,العد الكلي للبكتيريا,1,,العد الكلي للبكتيريا,False,indicator_only,date_parsed_from_text,2,True
Data 2025.xlsx,3152,2025-04-19,2025-04,2025-W16,2,5,raw-0100-r01,Raw-0100-R01,كلية عجل بلدي,لحوم نيئة مبردة ومجمدة (Raw meat Cold or chilled ),Raw meat Cold or chilled,لحوم نيئة مبردة ومجمدة (Raw meat Cold or chilled ),raw_meat,روابي المرعي,روابي المرعي,,روابي المرعي,العليا,بلدية,بلدية العليا,True,False,لا يوجد,,0,,,False,none,date_parsed_from_text,2,True
Data 2025.xlsx,3178,2025-04-19,2025-04,2025-W16,2,5,raw-0101-r01,Raw-0101-R01,كباب لحم (ني),لحوم مجمدة/ مبردة (Frozen/Chilled Raw meat ),Frozen/Chilled Raw meat,لحوم مجمدة/ مبردة (Frozen/Chilled Raw meat ),raw_meat,مطعم امتياز الرافدين - حي القادسية,مطعم امتياز الرافدين,حي القادسية,مطعم امتياز الرافدين - حي القادسية,الروضة,بلدية,بلدية الروضة,False,True,العد الكلي للبكتيريا | السالمونيلا,العد الكلي للبكتيريا | السالمونيلا,2,السالمونيلا,العد الكلي للبكتيريا,True,pathogen,date_parsed_from_text,7,True
Data 2025.xlsx,3223,2025-04-19,2025-04,2025-W16,2,5,raw-0102-r01,Raw-0102-R01,كباب لحم (ني),لحوم نيئة مبردة ومجمدة (Raw meat Cold or chilled ),Raw meat Cold or chilled,لحوم نيئة مبردة ومجمدة (Raw meat Cold or chilled ),raw_meat,مطاعم صحاري الشام - حي القادسية,مطاعم صحاري الشام,حي القادسية,مطاعم صحاري الشام - حي القادسية,الروضة,بلدية,بلدية الروضة,False,True,العد الكلي للبكتيريا,العد الكلي للبكتيريا,1,,العد الكلي للبكتيريا,False,indicator_only,date_parsed_from_text,5,True
Data 2025.xlsx,3167,2025-04-19,2025-04,2025-W16,2,5,sal-1241-r01,Sal-1241-R01,سلطة ملفوف,السلطة(Salad),Salad,السلطة(Salad),produce,مطعم امتياز الرافدين - حي القادسية,مطعم امتياز الرافدين,حي القادسية,مطعم امتياز الرافدين - حي القادسية,الروضة,بلدية,بلدية الروضة,True,False,لا يوجد,,0,,,False,none,date_parsed_from_text,2,True
Data 2025.xlsx,3168,2025-04-19,2025-04,2025-W16,2,5,sal-1242-r01,Sal-1242-R01,سلطة زيتون,السلطة(Salad),Salad,السلطة(Salad),produce,مطعم امتياز الرافدين - حي القادسية,مطعم امتياز الرافدين,حي القادسية,مطعم امتياز الرافدين - حي القادسية,الروضة,بلدية,بلدية الروضة,True,False,لا يوجد,,0,,,False,none,date_parsed_from_text,2,True
Data 2025.xlsx,3170,2025-04-19,2025-04,2025-W16,2,5,sal-1243-r01,Sal-1243-R01,سلطة خضراء,السلطة(Salad),Salad,السلطة(Salad),produce,مطعم امتياز الرافدين - حي القادسية,مطعم امتياز الرافدين,حي القادسية,مطعم امتياز الرافدين - حي القادسية,الروضة,بلدية,بلدية الروضة,True,False,لا يوجد,,0,,,False,none,date_parsed_from_text,3,True
Data 2025.xlsx,3174,2025-04-19,2025-04,2025-W16,2,5,sal-1244-r01,Sal-1244-R01,سلطة مشاوي,السلطة(Salad),Salad,السلطة(Salad),produce,مطعم امتياز الرافدين - حي القادسية,مطعم امتياز الرافدين,حي القادسية,مطعم امتياز الرافدين - حي القادسية,الروضة,بلدية,بلدية الروضة,False,True,استافيلوكوكس اورياس,استافيلوكوكس اورياس,1,استافيلوكوكس اورياس,,True,pathogen,date_parsed_from_text,6,True
Data 2025.xlsx,3206,2025-04-19,2025-04,2025-W16,2,5,sal-1245-r01,Sal-1245-R01,سلطة ملفوف,السلطة(Salad),Salad,السلطة(Salad),produce,مطاعم ركن الابداع - حي القادسية,مطاعم ركن الابداع,حي القادسية,مطاعم ركن الابداع - حي القادسية,الروضة,بلدية,بلدية الروضة,True,False,لا يوجد,,0,,,False,none,date_parsed_from_text,1,False
Data 2025.xlsx,3216,2025-04-19,2025-04,2025-W16,2,5,sal-1246-r01,Sal-1246-R01,سلطة زيتون,السلطة(Salad),Salad,السلطة(Salad),produce,مطاعم صحاري الشام - حي القادسية,مطاعم صحاري الشام,حي القادسية,مطاعم صحاري الشام - حي القادسية,الروضة,بلدية,بلدية الروضة,False,True,خمائر,الخمائر والاعفان,1,,الخمائر والاعفان,False,indicator_only,date_parsed_from_text,1,False
Data 2025.xlsx,3218,2025-04-19,2025-04,2025-W16,2,5,sal-1247-r01,Sal-1247-R01,سلطة خضراء,السلطة(Salad),Salad,السلطة(Salad),produce,مطاعم صحاري الشام - حي القادسية,مطاعم صحاري الشام,حي القادسية,مطاعم صحاري الشام - حي القادسية,الروضة,بلدية,بلدية الروضة,True,False,لا يوجد,,0,,,False,none,date_parsed_from_text,2,True
Data 2025.xlsx,3219,2025-04-19,2025-04,2025-W16,2,5,sal-1248-r01,Sal-1248-R01,سلطة فتوش,السلطة(Salad),Salad,السلطة(Salad),produce,مطاعم صحاري الشام - حي القادسية,مطاعم صحاري الشام,حي القادسية,مطاعم صحاري الشام - حي القادسية,الروضة,بلدية,بلدية الروضة,True,False,لا يوجد,,0,,,False,none,date_parsed_from_text,2,True
Data 2025.xlsx,3221,2025-04-19,2025-04,2025-W16,2,5,sal-1249-r01,Sal-1249-R01,سلطة مشاوي,السلطة(Salad),Salad,السلطة(Salad),produce,مطاعم صحاري الشام - حي القادسية,مطاعم صحاري الشام,حي القادسية,مطاعم صحاري الشام - حي القادسية,الروضة,بلدية,بلدية الروضة,False,True,استافيلوكوكس اورياس,استافيلوكوكس اورياس,1,استافيلوكوكس اورياس,,True,pathogen,date_parsed_from_text,3,True
Data 2025.xlsx,3176,2025-04-19,2025-04,2025-W16,2,5,sau-1394-r01,sau-1394-R01,صوص كاتشب,صوص (sauce),sauce,صوص (sauce),sauce_condiment,مطعم امتياز الرافدين - حي القادسية,مطعم امتياز الرافدين,حي القادسية,مطعم امتياز الرافدين - حي القادسية,الروضة,بلدية,بلدية الروضة,True,False,لا يوجد,,0,,,False,none,date_parsed_from_text,6,True
Data 2025.xlsx,3188,2025-04-19,2025-04,2025-W16,2,5,sau-1395-r01,sau-1395-R01,صوص ثوم,صوص (sauce),sauce,صوص (sauce),sauce_condiment,مطعم الدجاج الذهبي - حي القادسية,مطعم الدجاج الذهبي,حي القادسية,مطعم الدجاج الذهبي - حي القادسية,الروضة,بلدية,بلدية الروضة,True,False,لا يوجد,,0,,,False,none,date_parsed_from_text,0,False
Data 2025.xlsx,3189,2025-04-19,2025-04,2025-W16,2,5,sau-1396-r01,sau-1396-R01,صوص حار,صوص (sauce),sauce,صوص (sauce),sauce_condiment,مطعم الدجاج الذهبي - حي القادسية,مطعم الدجاج الذهبي,حي القادسية,مطعم الدجاج الذهبي - حي القادسية,الروضة,بلدية,بلدية الروضة,True,False,لا يوجد,,0,,,False,none,date_parsed_from_text,0,False
Data 2025.xlsx,3192,2025-04-19,2025-04,2025-W16,2,5,sau-1397-r01,sau-1397-R01,صوص كاتشب,صوص (sauce),sauce,صوص (sauce),sauce_condiment,مطعم الدجاج الذهبي - حي القادسية,مطعم الدجاج الذهبي,حي القادسية,مطعم الدجاج الذهبي - حي القادسية,الروضة,بلدية,بلدية الروضة,True,False,لا يوجد,,0,,,False,none,date_parsed_from_text,1,False
Data 2025.xlsx,3193,2025-04-19,2025-04,2025-W16,2,5,sau-1398-r01,sau-1398-R01,صوص مايونيز,صوص (sauce),sauce,صوص (sauce),sauce_condiment,مطعم الدجاج الذهبي - حي القادسية,مطعم الدجاج الذهبي,حي القادسية,مطعم الدجاج الذهبي - حي القادسية,الروضة,بلدية,بلدية الروضة,True,False,لا يوجد,,0,,,False,none,date_parsed_from_text,1,False
Data 2025.xlsx,3198,2025-04-19,2025-04,2025-W16,2,5,sau-1399-r01,sau-1399-R01,صوص كلاسيك,صوص (sauce),sauce,صوص (sauce),sauce_condiment,مطاعم ركن الابداع - حي القادسية,مطاعم ركن الابداع,حي القادسية,مطاعم ركن الابداع - حي القادسية,الروضة,بلدية,بلدية الروضة,True,False,لا يوجد,,0,,,False,none,date_parsed_from_text,0,False
Data 2025.xlsx,3199,2025-04-19,2025-04,2025-W16,2,5,sau-1400-r01,sau-1400-R01,صوص بف,صوص (sauce),sauce,صوص (sauce),sauce_condiment,مطاعم ركن الابداع - حي القادسية,مطاعم ركن الابداع,حي القادسية,مطاعم ركن الابداع - حي القادسية,الروضة,بلدية,بلدية الروضة,True,False,لا يوجد,,0,,,False,none,date_parsed_from_text,0,False
Data 2025.xlsx,3200,2025-04-19,2025-04,2025-W16,2,5,sau-1401-r01,sau-1401-R01,صوص ثوم,صوص (sauce),sauce,صوص (sauce),sauce_condiment,مطاعم ركن الابداع - حي القادسية,مطاعم ركن الابداع,حي القادسية,مطاعم ركن الابداع - حي القادسية,الروضة,بلدية,بلدية الروضة,True,False,لا يوجد,,0,,,False,none,date_parsed_from_text,0,False
Data 2025.xlsx,3201,2025-04-19,2025-04,2025-W16,2,5,sau-1402-r01,sau-1402-R01,صوص جبن,صوص (sauce),sauce,صوص (sauce),sauce_condiment,مطاعم ركن الابداع - حي القادسية,مطاعم ركن الابداع,حي القادسية,مطاعم ركن الابداع - حي القادسية,الروضة,بلدية,بلدية الروضة,True,False,لا يوجد,,0,,,False,none,date_parsed_from_text,0,False
Data 2025.xlsx,3202,2025-04-19,2025-04,2025-W16,2,5,sau-1403-r01,sau-1403-R01,صوص ستيك,صوص (sauce),sauce,صوص (sauce),sauce_condiment,مطاعم ركن الابداع - حي القادسية,مطاعم ركن الابداع,حي القادسية,مطاعم ركن الابداع - حي القادسية,الروضة,بلدية,بلدية الروضة,False,True,العد الكلي للبكتيريا,العد الكلي للبكتيريا,1,,العد الكلي للبكتيريا,False,indicator_only,date_parsed_from_text,1,False
Data 2025.xlsx,3210,2025-04-19,2025-04,2025-W16,2,5,sau-1404-r01,sau-1404-R01,صوص شوكولاتة,صوص (sauce),sauce,صوص (sauce),sauce_condiment,مطاعم ركن الابداع - حي القادسية,مطاعم ركن الابداع,حي القادسية,مطاعم ركن الابداع - حي القادسية,الروضة,بلدية,بلدية الروضة,True,False,لا يوجد,,0,,,False,none,date_parsed_from_text,2,True
Data 2025.xlsx,3211,2025-04-19,2025-04,2025-W16,2,5,sau-1405-r01,sau-1405-R01,صوص وايت شوكولاتة,صوص (sauce),sauce,صوص (sauce),sauce_condiment,مطاعم ركن الابداع - حي القادسية,مطاعم ركن الابداع,حي القادسية,مطاعم ركن الابداع - حي القادسية,الروضة,بلدية,بلدية الروضة,True,False,لا يوجد,,0,,,False,none,date_parsed_from_text,2,True
Data 2025.xlsx,3212,2025-04-19,2025-04,2025-W16,2,5,sau-1406-r01,sau-1406-R01,صوص كراميل مع التمر,صوص (sauce),sauce,صوص (sauce),sauce_condiment,مطاعم ركن الابداع - حي القادسية,مطاعم ركن الابداع,حي القادسية,مطاعم ركن الابداع - حي القادسية,الروضة,بلدية,بلدية الروضة,True,False,لا يوجد,,0,,,False,none,date_parsed_from_text,2,True
Data 2025.xlsx,3224,2025-04-19,2025-04,2025-W16,2,5,sau-1407-r01,sau-1407-R01,صوص كاتشب,صوص (sauce),sauce,صوص (sauce),sauce_condiment,مطاعم صحاري الشام - حي القادسية,مطاعم صحاري الشام,حي القادسية,مطاعم صحاري الشام - حي القادسية,الروضة,بلدية,بلدية الروضة,True,False,لا يوجد,,0,,,False,none,date_parsed_from_text,5,True
Data 2025.xlsx,3225,2025-04-19,2025-04,2025-W16,2,5,sau-1408-r01,sau-1408-R01,صوص شطة,صوص (sauce),sauce,صوص (sauce),sauce_condiment,مطاعم صحاري الشام - حي القادسية,مطاعم صحاري الشام,حي القادسية,مطاعم صحاري الشام - حي القادسية,الروضة,بلدية,بلدية الروضة,True,False,لا يوجد,,0,,,False,none,date_parsed_from_text,5,True
Data 2025.xlsx,3158,2025-04-19,2025-04,2025-W16,2,5,sw-2832-r01,sw-2832-R01,مسحة ثلاجة,(Swabs) المسحات,Swabs,(Swabs) المسحات,swab,سنابل السلام - حي القادسية,سنابل السلام,حي القادسية,سنابل السلام - حي القادسية,الروضة,بلدية,بلدية الروضة,True,False,لا يوجد,,0,,,False,none,date_parsed_from_text,3,True
Data 2025.xlsx,3159,2025-04-19,2025-04,2025-W16,2,5,sw-2833-r01,sw-2833-R01,مسحة ثلاجة,(Swabs) المسحات,Swabs,(Swabs) المسحات,swab,سنابل السلام - حي القادسية,سنابل السلام,حي القادسية,سنابل السلام - حي القادسية,الروضة,بلدية,بلدية الروضة,True,False,لا يوجد,,0,,,False,none,date_parsed_from_text,3,True
Data 2025.xlsx,3160,2025-04-19,2025-04,2025-W16,2,5,sw-2834-r01,sw-2834-R01,مسحة ثلاجة,(Swabs) المسحات,Swabs,(Swabs) المسحات,swab,سنابل السلام - حي القادسية,سنابل السلام,حي القادسية,سنابل السلام - حي القادسية,الروضة,بلدية,بلدية الروضة,True,False,لا يوجد,,0,,,False,none,date_parsed_from_text,3,True
Data 2025.xlsx,3161,2025-04-19,2025-04,2025-W16,2,5,sw-2835-r01,sw-2835-R01,مسحة ثلاجة,(Swabs) المسحات,Swabs,(Swabs) المسحات,swab,سنابل السلام - حي القادسية,سنابل السلام,حي القادسية,سنابل السلام - حي القادسية,الروضة,بلدية,بلدية الروضة,True,False,لا يوجد,,0,,,False,none,date_parsed_from_text,3,True
Data 2025.xlsx,3162,2025-04-19,2025-04,2025-W16,2,5,sw-2836-r01,sw-2836-R01,مسحة ثلاجة,(Swabs) المسحات,Swabs,(Swabs) المسحات,swab,سنابل السلام - حي القادسية,سنابل السلام,حي القادسية,سنابل السلام - حي القادسية,الروضة,بلدية,بلدية الروضة,True,False,لا يوجد,,0,,,False,none,date_parsed_from_text,3,True
Data 2025.xlsx,3163,2025-04-19,2025-04,2025-W16,2,5,sw-2837-r01,sw-2837-R01,مسحة ثلاجة,(Swabs) المسحات,Swabs,(Swabs) المسحات,swab,سنابل السلام - حي القادسية,سنابل السلام,حي القادسية,سنابل السلام - حي القادسية,الروضة,بلدية,بلدية الروضة,True,False,لا يوجد,,0,,,False,none,date_parsed_from_text,3,True
Data 2025.xlsx,3173,2025-04-19,2025-04,2025-W16,2,5,sw-2838-r01,sw-2838-R01,مسحة يد,(Swabs) المسحات,Swabs,(Swabs) المسحات,swab,مطعم امتياز الرافدين - حي القادسية,مطعم امتياز الرافدين,حي القادسية,مطعم امتياز الرافدين - حي القادسية,الروضة,بلدية,بلدية الروضة,False,True,العد الكلي للبكتيريا,العد الكلي للبكتيريا,1,,العد الكلي للبكتيريا,False,indicator_only,date_parsed_from_text,5,True
Data 2025.xlsx,3181,2025-04-19,2025-04,2025-W16,2,5,sw-2839-r01,sw-2839-R01,مسحة طاولة تقطيع مشويات,(Swabs) المسحات,Swabs,(Swabs) المسحات,swab,مطعم امتياز الرافدين - حي القادسية,مطعم امتياز الرافدين,حي القادسية,مطعم امتياز الرافدين - حي القادسية,الروضة,بلدية,بلدية الروضة,False,True,العد الكلي للبكتيريا,العد الكلي للبكتيريا,1,,العد الكلي للبكتيريا,False,indicator_only,date_parsed_from_text,9,True
Data 2025.xlsx,3182,2025-04-19,2025-04,2025-W16,2,5,sw-2840-r01,sw-2840-R01,مسحة طاولة تحضير,(Swabs) المسحات,Swabs,(Swabs) المسحات,swab,مطعم امتياز الرافدين - حي القادسية,مطعم امتياز الرافدين,حي القادسية,مطعم امتياز الرافدين - حي القادسية,الروضة,بلدية,بلدية الروضة,True,False,لا يوجد,,0,,,False,none,date_parsed_from_text,9,True
Data 2025.xlsx,3183,2025-04-19,2025-04,2025-W16,2,5,sw-2841-r01,sw-2841-R01,مسحة يد,(Swabs) المسحات,Swabs,(Swabs) المسحات,swab,مطعم امتياز الرافدين - حي القادسية,مطعم امتياز الرافدين,حي القادسية,مطعم امتياز الرافدين - حي القادسية,الروضة,بلدية,بلدية الروضة,True,False,لا يوجد,,0,,,False,none,date_parsed_from_text,9,True
Data 2025.xlsx,3184,2025-04-19,2025-04,2025-W16,2,5,sw-2842-r01,sw-2842-R01,مسحة ثلاجة,(Swabs) المسحات,Swabs,(Swabs) المسحات,swab,مطعم امتياز الرافدين - حي القادسية,مطعم امتياز الرافدين,حي القادسية,مطعم امتياز الرافدين - حي القادسية,الروضة,بلدية,بلدية الروضة,True,False,لا يوجد,,0,,,False,none,date_parsed_from_text,9,True
Data 2025.xlsx,3185,2025-04-19,2025-04,2025-W16,2,5,sw-2843-r01,sw-2843-R01,مسحة ثلاجة,(Swabs) المسحات,Swabs,(Swabs) المسحات,swab,مطعم امتياز الرافدين - حي القادسية,مطعم امتياز الرافدين,حي القادسية,مطعم امتياز الرافدين - حي القادسية,الروضة,بلدية,بلدية الروضة,True,False,لا يوجد,,0,,,False,none,date_parsed_from_text,9,True
Data 2025.xlsx,3186,2025-04-19,2025-04,2025-W16,2,5,sw-2844-r01,sw-2844-R01,مسحة ثلاجة,(Swabs) المسحات,Swabs,(Swabs) المسحات,swab,مطعم امتياز الرافدين - حي القادسية,مطعم امتياز الرافدين,حي القادسية,مطعم امتياز الرافدين - حي القادسية,الروضة,بلدية,بلدية الروضة,True,False,لا يوجد,,0,,,False,none,date_parsed_from_text,9,True
Data 2025.xlsx,3187,2025-04-19,2025-04,2025-W16,2,5,sw-2845-r01,sw-2845-R01,مسحة ثلاجة,(Swabs) المسحات,Swabs,(Swabs) المسحات,swab,مطعم امتياز الرافدين - حي القادسية,مطعم امتياز الرافدين,حي القادسية,مطعم امتياز الرافدين - حي القادسية,الروضة,بلدية,بلدية الروضة,True,False,لا يوجد,,0,,,False,none,date_parsed_from_text,9,True
Data 2025.xlsx,3194,2025-04-19,2025-04,2025-W16,2,5,sw-2846-r01,sw-2846-R01,مسحة ثلاجة,(Swabs) المسحات,Swabs,(Swabs) المسحات,swab,مطعم الدجاج الذهبي - حي القادسية,مطعم الدجاج الذهبي,حي القادسية,مطعم الدجاج الذهبي - حي القادسية,الروضة,بلدية,بلدية الروضة,True,False,لا يوجد,,0,,,False,none,date_parsed_from_text,1,False
Data 2025.xlsx,3195,2025-04-19,2025-04,2025-W16,2,5,sw-2847-r01,sw-2847-R01,مسحة حافظة بروستد,(Swabs) المسحات,Swabs,(Swabs) المسحات,swab,مطعم الدجاج الذهبي - حي القادسية,مطعم الدجاج الذهبي,حي القادسية,مطعم الدجاج الذهبي - حي القادسية,الروضة,بلدية,بلدية الروضة,True,False,لا يوجد,,0,,,False,none,date_parsed_from_text,1,False
Data 2025.xlsx,3196,2025-04-19,2025-04,2025-W16,2,5,sw-2848-r01,sw-2848-R01,مسحة ادوات تقطيع شا ورما,(Swabs) المسحات,Swabs,(Swabs) المسحات,swab,مطعم الدجاج الذهبي - حي القادسية,مطعم الدجاج الذهبي,حي القادسية,مطعم الدجاج الذهبي - حي القادسية,الروضة,بلدية,بلدية الروضة,True,False,لا يوجد,,0,,,False,none,date_parsed_from_text,1,False
Data 2025.xlsx,3197,2025-04-19,2025-04,2025-W16,2,5,sw-2849-r01,sw-2849-R01,مسحة حافظة البطاطس,(Swabs) المسحات,Swabs,(Swabs) المسحات,swab,مطعم الدجاج الذهبي - حي القادسية,مطعم الدجاج الذهبي,حي القادسية,مطعم الدجاج الذهبي - حي القادسية,الروضة,بلدية,بلدية الروضة,True,False,لا يوجد,,0,,,False,none,date_parsed_from_text,1,False
Data 2025.xlsx,3207,2025-04-19,2025-04,2025-W16,2,5,sw-2850-r01,sw-2850-R01,مسحة طاولة تحضير,(Swabs) المسحات,Swabs,(Swabs) المسحات,swab,مطاعم ركن الابداع - حي القادسية,مطاعم ركن الابداع,حي القادسية,مطاعم ركن الابداع - حي القادسية,الروضة,بلدية,بلدية الروضة,True,False,لا يوجد,,0,,,False,none,date_parsed_from_text,1,False
Data 2025.xlsx,3208,2025-04-19,2025-04,2025-W16,2,5,sw-2851-r01,sw-2851-R01,مسحة حافظة بطاطس,(Swabs) المسحات,Swabs,(Swabs) المسحات,swab,مطاعم ركن الابداع - حي القادسية,مطاعم ركن الابداع,حي القادسية,مطاعم ركن الابداع - حي القادسية,الروضة,بلدية,بلدية الروضة,True,False,لا يوجد,,0,,,False,none,date_parsed_from_text,1,False
Data 2025.xlsx,3209,2025-04-19,2025-04,2025-W16,2,5,sw-2852-r01,sw-2852-R01,مسحة صانعة ثلج,(Swabs) المسحات,Swabs,(Swabs) المسحات,swab,مطاعم ركن الابداع - حي القادسية,مطاعم ركن الابداع,حي القادسية,مطاعم ركن الابداع - حي القادسية,الروضة,بلدية,بلدية الروضة,False,True,العد الكلي للبكتيريا,العد الكلي للبكتيريا,1,,العد الكلي للبكتيريا,False,indicator_only,date_parsed_from_text,2,True
Data 2025.xlsx,3226,2025-04-19,2025-04,2025-W16,2,5,sw-2853-r01,sw-2853-R01,مسحة طاولة تقطيع مشوي,(Swabs) المسحات,Swabs,(Swabs) المسحات,swab,مطاعم صحاري الشام - حي القادسية,مطاعم صحاري الشام,حي القادسية,مطاعم صحاري الشام - حي القادسية,الروضة,بلدية,بلدية الروضة,True,False,لا يوجد,,0,,,False,none,date_parsed_from_text,5,True
Data 2025.xlsx,3227,2025-04-19,2025-04,2025-W16,2,5,sw-2854-r01,sw-2854-R01,مسحة حافظة خبز,(Swabs) المسحات,Swabs,(Swabs) المسحات,swab,مطاعم صحاري الشام - حي القادسية,مطاعم صحاري الشام,حي القادسية,مطاعم صحاري الشام - حي القادسية,الروضة,بلدية,بلدية الروضة,False,True,العد الكلي للبكتيريا,العد الكلي للبكتيريا,1,,العد الكلي للبكتيريا,False,indicator_only,date_parsed_from_text,6,True
Data 2025.xlsx,3228,2025-04-19,2025-04,2025-W16,2,5,sw-2855-r01,sw-2855-R01,مسحة طاولة تحضير,(Swabs) المسحات,Swabs,(Swabs) المسحات,swab,مطاعم صحاري الشام - حي القادسية,مطاعم صحاري الشام,حي القادسية,مطاعم صحاري الشام - حي القادسية,الروضة,بلدية,بلدية الروضة,False,True,العد الكلي للبكتيريا,العد الكلي للبكتيريا,1,,العد الكلي للبكتيريا,False,indicator_only,date_parsed_from_text,7,True
Data 2025.xlsx,3229,2025-04-19,2025-04,2025-W16,2,5,sw-2856-r01,sw-2856-R01,مسحة ثلاجة مقبلات,(Swabs) المسحات,Swabs,(Swabs) المسحات,swab,مطاعم صحاري الشام - حي القادسية,مطاعم صحاري الشام,حي القادسية,مطاعم صحاري الشام - حي القادسية,الروضة,بلدية,بلدية الروضة,True,False,لا يوجد,,0,,,False,none,date_parsed_from_text,7,True
Data 2025.xlsx,3230,2025-04-19,2025-04,2025-W16,2,5,sw-2857-r01,sw-2857-R01,مسحة حافظة خبز (فرن),(Swabs) المسحات,Swabs,(Swabs) المسحات,swab,مطاعم صحاري الشام - حي القادسية,مطاعم صحاري الشام,حي القادسية,مطاعم صحاري الشام - حي القادسية,الروضة,بلدية,بلدية الروضة,True,False,لا يوجد,,0,,,False,none,date_parsed_from_text,7,True
Data 2025.xlsx,3153,2025-04-19,2025-04,2025-W16,2,5,sweet-0955-r01,sweet-0955-R01,كيكة اوريو,الحلا(sweetness),sweetness,الحلا(sweetness),sweets_bakery,سنابل السلام - حي القادسية,سنابل السلام,حي القادسية,سنابل السلام - حي القادسية,الروضة,بلدية,بلدية الروضة,False,True,العد الكلي للبكتيريا,العد الكلي للبكتيريا,1,,العد الكلي للبكتيريا,False,indicator_only,date_parsed_from_text,1,False
Data 2025.xlsx,3154,2025-04-19,2025-04,2025-W16,2,5,sweet-0956-r01,sweet-0956-R01,كيكة رد فلفت,الحلا(sweetness),sweetness,الحلا(sweetness),sweets_bakery,سنابل السلام - حي القادسية,سنابل السلام,حي القادسية,سنابل السلام - حي القادسية,الروضة,بلدية,بلدية الروضة,False,True,العد الكلي للبكتيريا,العد الكلي للبكتيريا,1,,العد الكلي للبكتيريا,False,indicator_only,date_parsed_from_text,2,True
Data 2025.xlsx,3155,2025-04-19,2025-04,2025-W16,2,5,sweet-0957-r01,sweet-0957-R01,كيكة لوتس,الحلا(sweetness),sweetness,الحلا(sweetness),sweets_bakery,سنابل السلام - حي القادسية,سنابل السلام,حي القادسية,سنابل السلام - حي القادسية,الروضة,بلدية,بلدية الروضة,True,False,لا يوجد,,0,,,False,none,date_parsed_from_text,2,True
Data 2025.xlsx,3156,2025-04-19,2025-04,2025-W16,2,5,sweet-0958-r01,sweet-0958-R01,كيكة فانيلا و فراولة,الحلا(sweetness),sweetness,الحلا(sweetness),sweets_bakery,سنابل السلام - حي القادسية,سنابل السلام,حي القادسية,سنابل السلام - حي القادسية,الروضة,بلدية,بلدية الروضة,True,False,لا يوجد,,0,,,False,none,date_parsed_from_text,2,True
Data 2025.xlsx,3157,2025-04-19,2025-04,2025-W16,2,5,sweet-0959-r01,sweet-0959-R01,كيكة جالكسي,الحلا(sweetness),sweetness,الحلا(sweetness),sweets_bakery,سنابل السلام - حي القادسية,سنابل السلام,حي القادسية,سنابل السلام - حي القادسية,الروضة,بلدية,بلدية الروضة,False,True,العد الكلي للبكتيريا,العد الكلي للبكتيريا,1,,العد الكلي للبكتيريا,False,indicator_only,date_parsed_from_text,3,True
Data 2025.xlsx,3231,2025-04-19,2025-04,2025-W16,2,5,ubot-0936-r01,Ubot-0936-R01,مياه حنفية لغسيل الادوات (م.ك),المياه الغير معبأة (Unbottled water),Unbottled water,المياه الغير معبأة (Unbottled water),water,روابي المرعي,روابي المرعي,,روابي المرعي,العليا,بلدية,بلدية العليا,True,False,لا يوجد,,0,,,False,none,date_parsed_from_text,2,True
Data 2025.xlsx,3239,2025-04-20,2025-04,2025-W16,2,6,1-2918-R01,1-2918-R01,لبن سدو,الالبان (Dairy),Dairy,الالبان (Dairy),other,بخاري سدو - حي القادسية,بخاري سدو,حي القادسية,بخاري سدو - حي القادسية,الروضة,بلدية,بلدية الروضة,True,False,لا يوجد,,0,,,False,none,date_parsed_from_text|sample_type_unbucketed,0,False
Data 2025.xlsx,3258,2025-04-20,2025-04,2025-W16,2,6,1-2919-R01,1-2919-R01,نكهة بطيخ,نكهات مركزة ( Syrup ),Syrup,نكهات مركزة ( Syrup ),sauce_condiment,مؤسسة مود وان - حي القادسية,مؤسسة مود وان,حي القادسية,مؤسسة مود وان - حي القادسية,الروضة,بلدية,بلدية الروضة,True,False,لا يوجد,,0,,,False,none,date_parsed_from_text,1,False
Data 2025.xlsx,3259,2025-04-20,2025-04,2025-W16,2,6,1-2920-R01,1-2920-R01,نكهة بلو بيري,نكهات مركزة ( Syrup ),Syrup,نكهات مركزة ( Syrup ),sauce_condiment,مؤسسة مود وان - حي القادسية,مؤسسة مود وان,حي القادسية,مؤسسة مود وان - حي القادسية,الروضة,بلدية,بلدية الروضة,True,False,لا يوجد,,0,,,False,none,date_parsed_from_text,1,False
Data 2025.xlsx,3260,2025-04-20,2025-04,2025-W16,2,6,1-2921-R01,1-2921-R01,نكهة فراولة,نكهات مركزة ( Syrup ),Syrup,نكهات مركزة ( Syrup ),sauce_condiment,مؤسسة مود وان - حي القادسية,مؤسسة مود وان,حي القادسية,مؤسسة مود وان - حي القادسية,الروضة,بلدية,بلدية الروضة,True,False,لا يوجد,,0,,,False,none,date_parsed_from_text,1,False
Data 2025.xlsx,3261,2025-04-20,2025-04,2025-W16,2,6,1-2922-R01,1-2922-R01,نكهة رمان,نكهات مركزة ( Syrup ),Syrup,نكهات مركزة ( Syrup ),sauce_condiment,مؤسسة مود وان - حي القادسية,مؤسسة مود وان,حي القادسية,مؤسسة مود وان - حي القادسية,الروضة,بلدية,بلدية الروضة,True,False,لا يوجد,,0,,,False,none,date_parsed_from_text,1,False
Data 2025.xlsx,3262,2025-04-20,2025-04,2025-W16,2,6,1-2923-R01,1-2923-R01,نكهة فانيلا,نكهات مركزة ( Syrup ),Syrup,نكهات مركزة ( Syrup ),sauce_condiment,مؤسسة مود وان - حي القادسية,مؤسسة مود وان,حي القادسية,مؤسسة مود وان - حي القادسية,الروضة,بلدية,بلدية الروضة,False,True,العد الكلي للبكتيريا,العد الكلي للبكتيريا,1,,العد الكلي للبكتيريا,False,indicator_only,date_parsed_from_text,2,True
Data 2025.xlsx,3270,2025-04-20,2025-04,2025-W16,2,6,1-2924-R01,1-2924-R01,رز صيا,الارز ( rice),rice,الارز ( rice),prepared_meal,مطعم دار البحرية - حي القادسية,مطعم دار البحرية,حي القادسية,مطعم دار البحرية - حي القادسية,الروضة,بلدية,بلدية الروضة,True,False,لا يوجد,,0,,,False,none,date_parsed_from_text,0,False
Data 2025.xlsx,3309,2025-04-20,2025-04,2025-W16,2,6,1-2925-R01,1-2925-R01,نكهة قصب السكر,نكهات مركزة ( Syrup ),Syrup,نكهات مركزة ( Syrup ),sauce_condiment,شركة شوش لتقديم المشروبات - حي القادسية,شركة شوش لتقديم المشروبات,حي القادسية,شركة شوش لتقديم المشروبات - حي القادسية,الروضة,بلدية,بلدية الروضة,True,False,لا يوجد,,0,,,False,none,date_parsed_from_text,4,True
Data 2025.xlsx,3274,2025-04-20,2025-04,2025-W16,2,6,O-U-to-0595-R01,O-U-to-0595-R01,قطع طماطم,الطماطم (Tomatoes),Tomatoes,الطماطم (Tomatoes),produce,مطعم شاويز - حي القادسية,مطعم شاويز,حي القادسية,مطعم شاويز - حي القادسية,الروضة,بلدية,بلدية الروضة,True,False,لا يوجد,,0,,,False,none,date_parsed_from_text,1,False
Data 2025.xlsx,3300,2025-04-20,2025-04,2025-W16,2,6,O-U-to-0596-R01,O-U-to-0596-R01,قطع طماطم,الطماطم (Tomatoes),Tomatoes,الطماطم (Tomatoes),produce,شركة شوش لتقديم المشروبات - حي القادسية,شركة شوش لتقديم المشروبات,حي القادسية,شركة شوش لتقديم المشروبات - حي القادسية,الروضة,بلدية,بلدية الروضة,True,False,لا يوجد,,0,,,False,none,date_parsed_from_text,2,True
Data 2025.xlsx,3248,2025-04-20,2025-04,2025-W16,2,6,O-r-O3-le-0314-R01,O-r-O3-le-0314-R01,قطع خس امريكي,الخس (Lettuce),Lettuce,الخس (Lettuce),produce,اصل البرجر - حي القادسية,اصل البرجر,حي القادسية,اصل البرجر - حي القادسية,الروضة,بلدية,بلدية الروضة,True,False,لا يوجد,,0,,,False,none,date_parsed_from_text,0,False
Data 2025.xlsx,3302,2025-04-20,2025-04,2025-W16,2,6,O-r-O3-le-0315-R01,O-r-O3-le-0315-R01,قطع خس,الخس (Lettuce),Lettuce,الخس (Lettuce),produce,شركة شوش لتقديم المشروبات - حي القادسية,شركة شوش لتقديم المشروبات,حي القادسية,شركة شوش لتقديم المشروبات - حي القادسية,الروضة,بلدية,بلدية الروضة,True,False,لا يوجد,,0,,,False,none,date_parsed_from_text,2,True
Data 2025.xlsx,3301,2025-04-20,2025-04,2025-W16,2,6,O-r-U-cu-0228-R01,O-r-U-cu-0228-R01,قطع خيار,الخيار (cucumbers),cucumbers,الخيار (cucumbers),produce,شركة شوش لتقديم المشروبات - حي القادسية,شركة شوش لتقديم المشروبات,حي القادسية,شركة شوش لتقديم المشروبات - حي القادسية,الروضة,بلدية,بلدية الروضة,True,False,لا يوجد,,0,,,False,none,date_parsed_from_text,2,True
Data 2025.xlsx,3281,2025-04-20,2025-04,2025-W16,2,6,OO-OSS-po-0357-R01,OO-OSS-po-0357-R01,بطاطس مقلي,البطاطس (potatoes),potatoes,البطاطس (potatoes),produce,مطعم شاويز - حي القادسية,مطعم شاويز,حي القادسية,مطعم شاويز - حي القادسية,الروضة,بلدية,بلدية الروضة,False,True,العد الكلي للبكتيريا,العد الكلي للبكتيريا,1,,العد الكلي للبكتيريا,False,indicator_only,date_parsed_from_text,5,True
Data 2025.xlsx,3250,2025-04-20,2025-04,2025-W16,2,6,OOu-on-0462-R01,OOu-on-0462-R01,بصل مقلي,البصل (onions),onions,البصل (onions),produce,اصل البرجر - حي القادسية,اصل البرجر,حي القادسية,اصل البرجر - حي القادسية,الروضة,بلدية,بلدية الروضة,True,False,لا يوجد,,0,,,False,none,date_parsed_from_text,0,False
Data 2025.xlsx,3267,2025-04-20,2025-04,2025-W16,2,6,appe-0410-r01,Appe-0410-R01,بابا غنوج,مقبلات (Appetizers),Appetizers,مقبلات (Appetizers),prepared_meal,مطعم دار البحرية - حي القادسية,مطعم دار البحرية,حي القادسية,مطعم دار البحرية - حي القادسية,الروضة,بلدية,بلدية الروضة,True,False,لا يوجد,,0,,,False,none,date_parsed_from_text,0,False
Data 2025.xlsx,3271,2025-04-20,2025-04,2025-W16,2,6,appe-0411-r01,Appe-0411-R01,حمص,مقبلات (Appetizers),Appetizers,مقبلات (Appetizers),prepared_meal,مطعم شاويز - حي القادسية,مطعم شاويز,حي القادسية,مطعم شاويز - حي القادسية,الروضة,بلدية,بلدية الروضة,False,True,العد الكلي للبكتيريا,العد الكلي للبكتيريا,1,,العد الكلي للبكتيريا,False,indicator_only,date_parsed_from_text,1,False
Data 2025.xlsx,3295,2025-04-20,2025-04,2025-W16,2,6,appe-0412-r01,Appe-0412-R01,حمص,مقبلات (Appetizers),Appetizers,مقبلات (Appetizers),prepared_meal,شركة شوش لتقديم المشروبات - حي القادسية,شركة شوش لتقديم المشروبات,حي القادسية,شركة شوش لتقديم المشروبات - حي القادسية,الروضة,بلدية,بلدية الروضة,False,True,العد الكلي للبكتيريا,العد الكلي للبكتيريا,1,,العد الكلي للبكتيريا,False,indicator_only,date_parsed_from_text,1,False
Data 2025.xlsx,3296,2025-04-20,2025-04,2025-W16,2,6,appe-0413-r01,Appe-0413-R01,متبل,مقبلات (Appetizers),Appetizers,مقبلات (Appetizers),prepared_meal,شركة شوش لتقديم المشروبات - حي القادسية,شركة شوش لتقديم المشروبات,حي القادسية,شركة شوش لتقديم المشروبات - حي القادسية,الروضة,بلدية,بلدية الروضة,True,False,لا يوجد,,0,,,False,none,date_parsed_from_text,1,False
Data 2025.xlsx,3240,2025-04-20,2025-04,2025-W16,2,6,co-0470-r01,co-0470-R01,دجاج نص استواء,الدجاج المطبوخ (Cooked chicken),Cooked chicken,الدجاج المطبوخ (Cooked chicken),cooked_meat_poultry,بخاري سدو - حي القادسية,بخاري سدو,حي القادسية,بخاري سدو - حي القادسية,الروضة,بلدية,بلدية الروضة,False,True,السالمونيلا,السالمونيلا,1,السالمونيلا,,True,pathogen,date_parsed_from_text,1,False
Data 2025.xlsx,3283,2025-04-20,2025-04,2025-W16,2,6,co-0471-r01,co-0471-R01,قطع شاورما دجاج,الدجاج المطبوخ (Cooked chicken),Cooked chicken,الدجاج المطبوخ (Cooked chicken),cooked_meat_poultry,مطعم شاويز - حي القادسية,مطعم شاويز,حي القادسية,مطعم شاويز - حي القادسية,الروضة,بلدية,بلدية الروضة,True,False,لا يوجد,,0,,,False,none,date_parsed_from_text,6,True
Data 2025.xlsx,3307,2025-04-20,2025-04,2025-W16,2,6,ho-0223-r01,ho-0223-R01,عسل طبيعي,(Honey) عسل النحل,Honey,(Honey) عسل النحل,sweets_bakery,شركة شوش لتقديم المشروبات - حي القادسية,شركة شوش لتقديم المشروبات,حي القادسية,شركة شوش لتقديم المشروبات - حي القادسية,الروضة,بلدية,بلدية الروضة,True,False,لا يوجد,,0,,,False,none,date_parsed_from_text,4,True
Data 2025.xlsx,3299,2025-04-20,2025-04,2025-W16,2,6,mola-0041-r01,mola-0041-R01,دبس الرمان,( Molasses) دبس,Molasses,( Molasses) دبس,sauce_condiment,شركة شوش لتقديم المشروبات - حي القادسية,شركة شوش لتقديم المشروبات,حي القادسية,شركة شوش لتقديم المشروبات - حي القادسية,الروضة,بلدية,بلدية الروضة,True,False,لا يوجد,,0,,,False,none,date_parsed_from_text,2,True
Data 2025.xlsx,3246,2025-04-20,2025-04,2025-W16,2,6,pick-0385-r01,Pick-0385-R01,مخلل هلابينيو,المخلل (Pickle),Pickle,المخلل (Pickle),sauce_condiment,اصل البرجر - حي القادسية,اصل البرجر,حي القادسية,اصل البرجر - حي القادسية,الروضة,بلدية,بلدية الروضة,True,False,لا يوجد,,0,,,False,none,date_parsed_from_text,0,False
Data 2025.xlsx,3278,2025-04-20,2025-04,2025-W16,2,6,pick-0386-r01,Pick-0386-R01,مخلل خيار,المخلل (Pickle),Pickle,المخلل (Pickle),sauce_condiment,مطعم شاويز - حي القادسية,مطعم شاويز,حي القادسية,مطعم شاويز - حي القادسية,الروضة,بلدية,بلدية الروضة,True,False,لا يوجد,,0,,,False,none,date_parsed_from_text,4,True
Data 2025.xlsx,3304,2025-04-20,2025-04,2025-W16,2,6,po-0105-r01,po-0105-R01,كباب دجاج (ني),الدجاج (Poultry),Poultry,الدجاج (Poultry),cooked_meat_poultry,شركة شوش لتقديم المشروبات - حي القادسية,شركة شوش لتقديم المشروبات,حي القادسية,شركة شوش لتقديم المشروبات - حي القادسية,الروضة,بلدية,بلدية الروضة,False,True,العد الكلي للبكتيريا,العد الكلي للبكتيريا,1,,العد الكلي للبكتيريا,False,indicator_only,date_parsed_from_text,4,True
Data 2025.xlsx,3232,2025-04-20,2025-04,2025-W16,2,6,raw-0103-r01,Raw-0103-R01,كلية لحم نعيمي بلدي,لحوم نيئة مبردة ومجمدة (Raw meat Cold or chilled ),Raw meat Cold or chilled,لحوم نيئة مبردة ومجمدة (Raw meat Cold or chilled ),raw_meat,ملحمة جوهرة النفل للتجارة,ملحمة جوهرة النفل للتجارة,,ملحمة جوهرة النفل للتجارة,الشمال,بلدية,بلدية الشمال,True,False,لا يوجد,,0,,,False,none,date_parsed_from_text,0,False
Data 2025.xlsx,3233,2025-04-20,2025-04,2025-W16,2,6,raw-0104-r01,Raw-0104-R01,كبدة لحم نعيمي بلدي,لحوم نيئة مبردة ومجمدة (Raw meat Cold or chilled ),Raw meat Cold or chilled,لحوم نيئة مبردة ومجمدة (Raw meat Cold or chilled ),raw_meat,ملحمة جوهرة النفل للتجارة,ملحمة جوهرة النفل للتجارة,,ملحمة جوهرة النفل للتجارة,الشمال,بلدية,بلدية الشمال,False,True,السالمونيلا,السالمونيلا,1,السالمونيلا,,True,pathogen,date_parsed_from_text,1,False
Data 2025.xlsx,3234,2025-04-20,2025-04,2025-W16,2,6,raw-0106-r01,Raw-0106-R01,لحم كتف عجل باكستاني,لحوم نيئة مبردة ومجمدة (Raw meat Cold or chilled ),Raw meat Cold or chilled,لحوم نيئة مبردة ومجمدة (Raw meat Cold or chilled ),raw_meat,ملحمة جوهرة النفل للتجارة,ملحمة جوهرة النفل للتجارة,,ملحمة جوهرة النفل للتجارة,الشمال,بلدية,بلدية الشمال,False,True,السالمونيلا,السالمونيلا,1,السالمونيلا,,True,pathogen,date_parsed_from_text,2,True
Data 2025.xlsx,3235,2025-04-20,2025-04,2025-W16,2,6,raw-0107-r01,Raw-0107-R01,لحم بطن نعيمي بلدي,لحوم نيئة مبردة ومجمدة (Raw meat Cold or chilled ),Raw meat Cold or chilled,لحوم نيئة مبردة ومجمدة (Raw meat Cold or chilled ),raw_meat,ملحمة جوهرة النفل للتجارة,ملحمة جوهرة النفل للتجارة,,ملحمة جوهرة النفل للتجارة,الشمال,بلدية,بلدية الشمال,False,True,العد الكلي للبكتيريا,العد الكلي للبكتيريا,1,,العد الكلي للبكتيريا,False,indicator_only,date_parsed_from_text,3,True
Data 2025.xlsx,3303,2025-04-20,2025-04,2025-W16,2,6,raw-0108-r01,Raw-0108-R01,كباب لحم (ني),لحوم نيئة مبردة ومجمدة (Raw meat Cold or chilled ),Raw meat Cold or chilled,لحوم نيئة مبردة ومجمدة (Raw meat Cold or chilled ),raw_meat,شركة شوش لتقديم المشروبات - حي القادسية,شركة شوش لتقديم المشروبات,حي القادسية,شركة شوش لتقديم المشروبات - حي القادسية,الروضة,بلدية,بلدية الروضة,False,True,العد الكلي للبكتيريا,العد الكلي للبكتيريا,1,,العد الكلي للبكتيريا,False,indicator_only,date_parsed_from_text,3,True
Data 2025.xlsx,3236,2025-04-20,2025-04,2025-W16,2,6,sal-1250-r01,Sal-1250-R01,سلطة حارة,السلطة(Salad),Salad,السلطة(Salad),produce,بخاري سدو - حي القادسية,بخاري سدو,حي القادسية,بخاري سدو - حي القادسية,الروضة,بلدية,بلدية الروضة,True,False,لا يوجد,,0,,,False,none,date_parsed_from_text,0,False
Data 2025.xlsx,3237,2025-04-20,2025-04,2025-W16,2,6,sal-1251-r01,Sal-1251-R01,سلطة جرجير مع بصل وليمون,السلطة(Salad),Salad,السلطة(Salad),produce,بخاري سدو - حي القادسية,بخاري سدو,حي القادسية,بخاري سدو - حي القادسية,الروضة,بلدية,بلدية الروضة,True,False,لا يوجد,,0,,,False,none,date_parsed_from_text,0,False
Data 2025.xlsx,3238,2025-04-20,2025-04,2025-W16,2,6,sal-1252-r01,Sal-1252-R01,سلطة زبادي,السلطة(Salad),Salad,السلطة(Salad),produce,بخاري سدو - حي القادسية,بخاري سدو,حي القادسية,بخاري سدو - حي القادسية,الروضة,بلدية,بلدية الروضة,True,False,لا يوجد,,0,,,False,none,date_parsed_from_text,0,False
Data 2025.xlsx,3247,2025-04-20,2025-04,2025-W16,2,6,sal-1253-r01,Sal-1253-R01,سلطة ملفوف,السلطة(Salad),Salad,السلطة(Salad),produce,اصل البرجر - حي القادسية,اصل البرجر,حي القادسية,اصل البرجر - حي القادسية,الروضة,بلدية,بلدية الروضة,True,False,لا يوجد,,0,,,False,none,date_parsed_from_text,0,False
Data 2025.xlsx,3269,2025-04-20,2025-04,2025-W16,2,6,sal-1254-r01,Sal-1254-R01,سلطة خضراء,السلطة(Salad),Salad,السلطة(Salad),produce,مطعم دار البحرية - حي القادسية,مطعم دار البحرية,حي القادسية,مطعم دار البحرية - حي القادسية,الروضة,بلدية,بلدية الروضة,True,False,لا يوجد,,0,,,False,none,date_parsed_from_text,0,False
Data 2025.xlsx,3279,2025-04-20,2025-04,2025-W16,2,6,sal-1255-r01,Sal-1255-R01,سلطة بصل مع خس مع فلفل رومي,السلطة(Salad),Salad,السلطة(Salad),produce,مطعم شاويز - حي القادسية,مطعم شاويز,حي القادسية,مطعم شاويز - حي القادسية,الروضة,بلدية,بلدية الروضة,True,False,لا يوجد,,0,,,False,none,date_parsed_from_text,4,True
Data 2025.xlsx,3280,2025-04-20,2025-04,2025-W16,2,6,sal-1256-r01,Sal-1256-R01,سلطة بصل اخضر مع كزبرة,السلطة(Salad),Salad,السلطة(Salad),produce,مطعم شاويز - حي القادسية,مطعم شاويز,حي القادسية,مطعم شاويز - حي القادسية,الروضة,بلدية,بلدية الروضة,True,False,لا يوجد,,0,,,False,none,date_parsed_from_text,4,True
Data 2025.xlsx,3243,2025-04-20,2025-04,2025-W16,2,6,sau-1409-r01,sau-1409-R01,صوص كوكتيل,صوص (sauce),sauce,صوص (sauce),sauce_condiment,اصل البرجر - حي القادسية,اصل البرجر,حي القادسية,اصل البرجر - حي القادسية,الروضة,بلدية,بلدية الروضة,True,False,لا يوجد,,0,,,False,none,date_parsed_from_text,0,False
Data 2025.xlsx,3244,2025-04-20,2025-04,2025-W16,2,6,sau-1410-r01,sau-1410-R01,صوص سبايسي,صوص (sauce),sauce,صوص (sauce),sauce_condiment,اصل البرجر - حي القادسية,اصل البرجر,حي القادسية,اصل البرجر - حي القادسية,الروضة,بلدية,بلدية الروضة,True,False,لا يوجد,,0,,,False,none,date_parsed_from_text,0,False
Data 2025.xlsx,3245,2025-04-20,2025-04,2025-W16,2,6,sau-1411-r01,sau-1411-R01,صوص ثوم,صوص (sauce),sauce,صوص (sauce),sauce_condiment,اصل البرجر - حي القادسية,اصل البرجر,حي القادسية,اصل البرجر - حي القادسية,الروضة,بلدية,بلدية الروضة,True,False,لا يوجد,,0,,,False,none,date_parsed_from_text,0,False
Data 2025.xlsx,3249,2025-04-20,2025-04,2025-W16,2,6,sau-1412-r01,sau-1412-R01,صوص جمبري,صوص (sauce),sauce,صوص (sauce),sauce_condiment,اصل البرجر - حي القادسية,اصل البرجر,حي القادسية,اصل البرجر - حي القادسية,الروضة,بلدية,بلدية الروضة,True,False,لا يوجد,,0,,,False,none,date_parsed_from_text,0,False
Data 2025.xlsx,3253,2025-04-20,2025-04,2025-W16,2,6,sau-1413-r01,sau-1413-R01,صوص لوتس,صوص (sauce),sauce,صوص (sauce),sauce_condiment,مؤسسة مود وان - حي القادسية,مؤسسة مود وان,حي القادسية,مؤسسة مود وان - حي القادسية,الروضة,بلدية,بلدية الروضة,True,False,لا يوجد,,0,,,False,none,date_parsed_from_text,0,False
Data 2025.xlsx,3254,2025-04-20,2025-04,2025-W16,2,6,sau-1414-r01,sau-1414-R01,صوص بستاشو,صوص (sauce),sauce,صوص (sauce),sauce_condiment,مؤسسة مود وان - حي القادسية,مؤسسة مود وان,حي القادسية,مؤسسة مود وان - حي القادسية,الروضة,بلدية,بلدية الروضة,True,False,لا يوجد,,0,,,False,none,date_parsed_from_text,0,False
Data 2025.xlsx,3255,2025-04-20,2025-04,2025-W16,2,6,sau-1415-r01,sau-1415-R01,صوص شوكولاتة بيضاء,صوص (sauce),sauce,صوص (sauce),sauce_condiment,مؤسسة مود وان - حي القادسية,مؤسسة مود وان,حي القادسية,مؤسسة مود وان - حي القادسية,الروضة,بلدية,بلدية الروضة,True,False,لا يوجد,,0,,,False,none,date_parsed_from_text,0,False
Data 2025.xlsx,3256,2025-04-20,2025-04,2025-W16,2,6,sau-1416-r01,sau-1416-R01,صوص شوكولاتة,صوص (sauce),sauce,صوص (sauce),sauce_condiment,مؤسسة مود وان - حي القادسية,مؤسسة مود وان,حي القادسية,مؤسسة مود وان - حي القادسية,الروضة,بلدية,بلدية الروضة,True,False,لا يوجد,,0,,,False,none,date_parsed_from_text,0,False
Data 2025.xlsx,3257,2025-04-20,2025-04,2025-W16,2,6,sau-1417-r01,sau-1417-R01,صوص نستلة,صوص (sauce),sauce,صوص (sauce),sauce_condiment,مؤسسة مود وان - حي القادسية,مؤسسة مود وان,حي القادسية,مؤسسة مود وان - حي القادسية,الروضة,بلدية,بلدية الروضة,False,True,العد الكلي للبكتيريا,العد الكلي للبكتيريا,1,,العد الكلي للبكتيريا,False,indicator_only,date_parsed_from_text,1,False
Data 2025.xlsx,3268,2025-04-20,2025-04,2025-W16,2,6,sau-1418-r01,sau-1418-R01,صوص جمبري,صوص (sauce),sauce,صوص (sauce),sauce_condiment,مطعم دار البحرية - حي القادسية,مطعم دار البحرية,حي القادسية,مطعم دار البحرية - حي القادسية,الروضة,بلدية,بلدية الروضة,True,False,لا يوجد,,0,,,False,none,date_parsed_from_text,0,False
Data 2025.xlsx,3272,2025-04-20,2025-04,2025-W16,2,6,sau-1419-r01,sau-1419-R01,صوص زنجر,صوص (sauce),sauce,صوص (sauce),sauce_condiment,مطعم شاويز - حي القادسية,مطعم شاويز,حي القادسية,مطعم شاويز - حي القادسية,الروضة,بلدية,بلدية الروضة,True,False,لا يوجد,,0,,,False,none,date_parsed_from_text,1,False
Data 2025.xlsx,3273,2025-04-20,2025-04,2025-W16,2,6,sau-1420-r01,sau-1420-R01,صوص برجر,صوص (sauce),sauce,صوص (sauce),sauce_condiment,مطعم شاويز - حي القادسية,مطعم شاويز,حي القادسية,مطعم شاويز - حي القادسية,الروضة,بلدية,بلدية الروضة,True,False,لا يوجد,,0,,,False,none,date_parsed_from_text,1,False
Data 2025.xlsx,3275,2025-04-20,2025-04,2025-W16,2,6,sau-1421-r01,sau-1421-R01,صوص ثوم,صوص (sauce),sauce,صوص (sauce),sauce_condiment,مطعم شاويز - حي القادسية,مطعم شاويز,حي القادسية,مطعم شاويز - حي القادسية,الروضة,بلدية,بلدية الروضة,False,True,العد الكلي للبكتيريا,العد الكلي للبكتيريا,1,,العد الكلي للبكتيريا,False,indicator_only,date_parsed_from_text,2,True
Data 2025.xlsx,3276,2025-04-20,2025-04,2025-W16,2,6,sau-1422-r01,sau-1422-R01,صوص ثوم حار,صوص (sauce),sauce,صوص (sauce),sauce_condiment,مطعم شاويز - حي القادسية,مطعم شاويز,حي القادسية,مطعم شاويز - حي القادسية,الروضة,بلدية,بلدية الروضة,False,True,العد الكلي للبكتيريا,العد الكلي للبكتيريا,1,,العد الكلي للبكتيريا,False,indicator_only,date_parsed_from_text,3,True
Data 2025.xlsx,3277,2025-04-20,2025-04,2025-W16,2,6,sau-1423-r01,sau-1423-R01,صوص جبن سائل,صوص (sauce),sauce,صوص (sauce),sauce_condiment,مطعم شاويز - حي القادسية,مطعم شاويز,حي القادسية,مطعم شاويز - حي القادسية,الروضة,بلدية,بلدية الروضة,False,True,انتيروباكتريسي,انتيروباكتريسي,1,,انتيروباكتريسي,False,indicator_only,date_parsed_from_text,4,True
Data 2025.xlsx,3282,2025-04-20,2025-04,2025-W16,2,6,sau-1424-r01,sau-1424-R01,صوص تشيكن,صوص (sauce),sauce,صوص (sauce),sauce_condiment,مطعم شاويز - حي القادسية,مطعم شاويز,حي القادسية,مطعم شاويز - حي القادسية,الروضة,بلدية,بلدية الروضة,False,True,العد الكلي للبكتيريا,العد الكلي للبكتيريا,1,,العد الكلي للبكتيريا,False,indicator_only,date_parsed_from_text,6,True
Data 2025.xlsx,3284,2025-04-20,2025-04,2025-W16,2,6,sau-1425-r01,sau-1425-R01,صوص كاتشب,صوص (sauce),sauce,صوص (sauce),sauce_condiment,مطعم شاويز - حي القادسية,مطعم شاويز,حي القادسية,مطعم شاويز - حي القادسية,الروضة,بلدية,بلدية الروضة,True,False,لا يوجد,,0,,,False,none,date_parsed_from_text,6,True
Data 2025.xlsx,3285,2025-04-20,2025-04,2025-W16,2,6,sau-1426-r01,sau-1426-R01,صوص شطة,صوص (sauce),sauce,صوص (sauce),sauce_condiment,مطعم شاويز - حي القادسية,مطعم شاويز,حي القادسية,مطعم شاويز - حي القادسية,الروضة,بلدية,بلدية الروضة,True,False,لا يوجد,,0,,,False,none,date_parsed_from_text,6,True
Data 2025.xlsx,3297,2025-04-20,2025-04,2025-W16,2,6,sau-1427-r01,sau-1427-R01,صوص ريحان,صوص (sauce),sauce,صوص (sauce),sauce_condiment,شركة شوش لتقديم المشروبات - حي القادسية,شركة شوش لتقديم المشروبات,حي القادسية,شركة شوش لتقديم المشروبات - حي القادسية,الروضة,بلدية,بلدية الروضة,True,False,لا يوجد,,0,,,False,none,date_parsed_from_text,1,False
Data 2025.xlsx,3298,2025-04-20,2025-04,2025-W16,2,6,sau-1428-r01,sau-1428-R01,صوص ثوم,صوص (sauce),sauce,صوص (sauce),sauce_condiment,شركة شوش لتقديم المشروبات - حي القادسية,شركة شوش لتقديم المشروبات,حي القادسية,شركة شوش لتقديم المشروبات - حي القادسية,الروضة,بلدية,بلدية الروضة,False,True,الخمائر والاعفان,الخمائر والاعفان,1,,الخمائر والاعفان,False,indicator_only,date_parsed_from_text,2,True
Data 2025.xlsx,3308,2025-04-20,2025-04,2025-W16,2,6,sau-1429-r01,sau-1429-R01,صوص كراميل,صوص (sauce),sauce,صوص (sauce),sauce_condiment,شركة شوش لتقديم المشروبات - حي القادسية,شركة شوش لتقديم المشروبات,حي القادسية,شركة شوش لتقديم المشروبات - حي القادسية,الروضة,بلدية,بلدية الروضة,True,False,لا يوجد,,0,,,False,none,date_parsed_from_text,4,True
Data 2025.xlsx,3241,2025-04-20,2025-04,2025-W16,2,6,sw-2858-r01,sw-2858-R01,مسحة ادوات تحضير,(Swabs) المسحات,Swabs,(Swabs) المسحات,swab,بخاري سدو - حي القادسية,بخاري سدو,حي القادسية,بخاري سدو - حي القادسية,الروضة,بلدية,بلدية الروضة,True,False,لا يوجد,,0,,,False,none,date_parsed_from_text,1,False
Data 2025.xlsx,3242,2025-04-20,2025-04,2025-W16,2,6,sw-2859-r01,sw-2859-R01,مسحة حافظة دجاج,(Swabs) المسحات,Swabs,(Swabs) المسحات,swab,بخاري سدو - حي القادسية,بخاري سدو,حي القادسية,بخاري سدو - حي القادسية,الروضة,بلدية,بلدية الروضة,True,False,لا يوجد,,0,,,False,none,date_parsed_from_text,1,False
Data 2025.xlsx,3251,2025-04-20,2025-04,2025-W16,2,6,sw-2860-r01,sw-2860-R01,مسحة طاولة تحضير,(Swabs) المسحات,Swabs,(Swabs) المسحات,swab,اصل البرجر - حي القادسية,اصل البرجر,حي القادسية,اصل البرجر - حي القادسية,الروضة,بلدية,بلدية الروضة,True,False,لا يوجد,,0,,,False,none,date_parsed_from_text,0,False
Data 2025.xlsx,3252,2025-04-20,2025-04,2025-W16,2,6,sw-2861-r01,sw-2861-R01,مسحة حافظة بطاطس,(Swabs) المسحات,Swabs,(Swabs) المسحات,swab,اصل البرجر - حي القادسية,اصل البرجر,حي القادسية,اصل البرجر - حي القادسية,الروضة,بلدية,بلدية الروضة,True,False,لا يوجد,,0,,,False,none,date_parsed_from_text,0,False
Data 2025.xlsx,3263,2025-04-20,2025-04,2025-W16,2,6,sw-2862-r01,sw-2862-R01,مسحة صانعة ثلج,(Swabs) المسحات,Swabs,(Swabs) المسحات,swab,مؤسسة مود وان - حي القادسية,مؤسسة مود وان,حي القادسية,مؤسسة مود وان - حي القادسية,الروضة,بلدية,بلدية الروضة,True,False,لا يوجد,,0,,,False,none,date_parsed_from_text,2,True
Data 2025.xlsx,3266,2025-04-20,2025-04,2025-W16,2,6,sw-2863-r01,sw-2863-R01,مسحة طاولة تقطيع فواكه,(Swabs) المسحات,Swabs,(Swabs) المسحات,swab,مؤسسة مود وان - حي القادسية,مؤسسة مود وان,حي القادسية,مؤسسة مود وان - حي القادسية,الروضة,بلدية,بلدية الروضة,True,False,لا يوجد,,0,,,False,none,date_parsed_from_text,2,True
Data 2025.xlsx,3286,2025-04-20,2025-04,2025-W16,2,6,sw-2864-r01,sw-2864-R01,مسحة قطاعة شاورما دجاج,(Swabs) المسحات,Swabs,(Swabs) المسحات,swab,مطعم شاويز - حي القادسية,مطعم شاويز,حي القادسية,مطعم شاويز - حي القادسية,الروضة,بلدية,بلدية الروضة,True,False,لا يوجد,,0,,,False,none,date_parsed_from_text,6,True
Data 2025.xlsx,3287,2025-04-20,2025-04,2025-W16,2,6,sw-2865-r01,sw-2865-R01,مسحة طاولة تحضير شاورما دجاج,(Swabs) المسحات,Swabs,(Swabs) المسحات,swab,مطعم شاويز - حي القادسية,مطعم شاويز,حي القادسية,مطعم شاويز - حي القادسية,الروضة,بلدية,بلدية الروضة,False,True,العد الكلي للبكتيريا,العد الكلي للبكتيريا,1,,العد الكلي للبكتيريا,False,indicator_only,date_parsed_from_text,7,True
Data 2025.xlsx,3288,2025-04-20,2025-04,2025-W16,2,6,sw-2866-r01,sw-2866-R01,مسحة ثلاجة مقبلات شاورما,(Swabs) المسحات,Swabs,(Swabs) المسحات,swab,مطعم شاويز - حي القادسية,مطعم شاويز,حي القادسية,مطعم شاويز - حي القادسية,الروضة,بلدية,بلدية الروضة,True,False,لا يوجد,,0,,,False,none,date_parsed_from_text,7,True
Data 2025.xlsx,3289,2025-04-20,2025-04,2025-W16,2,6,sw-2867-r01,sw-2867-R01,مسحة طاولة اعداد برجر,(Swabs) المسحات,Swabs,(Swabs) المسحات,swab,مطعم شاويز - حي القادسية,مطعم شاويز,حي القادسية,مطعم شاويز - حي القادسية,الروضة,بلدية,بلدية الروضة,False,True,العد الكلي للبكتيريا,العد الكلي للبكتيريا,1,,العد الكلي للبكتيريا,False,indicator_only,date_parsed_from_text,8,True
Data 2025.xlsx,3290,2025-04-20,2025-04,2025-W16,2,6,sw-2868-r01,sw-2868-R01,مسحة ثلاجة اعداد برجر,(Swabs) المسحات,Swabs,(Swabs) المسحات,swab,مطعم شاويز - حي القادسية,مطعم شاويز,حي القادسية,مطعم شاويز - حي القادسية,الروضة,بلدية,بلدية الروضة,True,False,لا يوجد,,0,,,False,none,date_parsed_from_text,8,True
Data 2025.xlsx,3291,2025-04-20,2025-04,2025-W16,2,6,sw-2869-r01,sw-2869-R01,مسحة يد,(Swabs) المسحات,Swabs,(Swabs) المسحات,swab,مطعم شاويز - حي القادسية,مطعم شاويز,حي القادسية,مطعم شاويز - حي القادسية,الروضة,بلدية,بلدية الروضة,True,False,لا يوجد,,0,,,False,none,date_parsed_from_text,8,True
Data 2025.xlsx,3292,2025-04-20,2025-04,2025-W16,2,6,sw-2870-r01,sw-2870-R01,مسحة طاولة تقطيع مشوي,(Swabs) المسحات,Swabs,(Swabs) المسحات,swab,مطعم شاويز - حي القادسية,مطعم شاويز,حي القادسية,مطعم شاويز - حي القادسية,الروضة,بلدية,بلدية الروضة,False,True,العد الكلي للبكتيريا,العد الكلي للبكتيريا,1,,العد الكلي للبكتيريا,False,indicator_only,date_parsed_from_text,9,True
Data 2025.xlsx,3293,2025-04-20,2025-04,2025-W16,2,6,sw-2871-r01,sw-2871-R01,مسحة حافظة بطاطس مقلي,(Swabs) المسحات,Swabs,(Swabs) المسحات,swab,مطعم شاويز - حي القادسية,مطعم شاويز,حي القادسية,مطعم شاويز - حي القادسية,الروضة,بلدية,بلدية الروضة,True,False,لا يوجد,,0,,,False,none,date_parsed_from_text,9,True
Data 2025.xlsx,3294,2025-04-20,2025-04,2025-W16,2,6,sw-2872-r01,sw-2872-R01,مسحة عصارة برتقال,(Swabs) المسحات,Swabs,(Swabs) المسحات,swab,مطعم شاويز - حي القادسية,مطعم شاويز,حي القادسية,مطعم شاويز - حي القادسية,الروضة,بلدية,بلدية الروضة,True,False,لا يوجد,,0,,,False,none,date_parsed_from_text,9,True
Data 2025.xlsx,3305,2025-04-20,2025-04,2025-W16,2,6,sw-2873-r01,sw-2873-R01,مسحة ثلاجة السلطات,(Swabs) المسحات,Swabs,(Swabs) المسحات,swab,شركة شوش لتقديم المشروبات - حي القادسية,شركة شوش لتقديم المشروبات,حي القادسية,شركة شوش لتقديم المشروبات - حي القادسية,الروضة,بلدية,بلدية الروضة,True,False,لا يوجد,,0,,,False,none,date_parsed_from_text,4,True
Data 2025.xlsx,3306,2025-04-20,2025-04,2025-W16,2,6,sw-2874-r01,sw-2874-R01,مسحة ثلاجة السلطات,(Swabs) المسحات,Swabs,(Swabs) المسحات,swab,شركة شوش لتقديم المشروبات - حي القادسية,شركة شوش لتقديم المشروبات,حي القادسية,شركة شوش لتقديم المشروبات - حي القادسية,الروضة,بلدية,بلدية الروضة,True,False,لا يوجد,,0,,,False,none,date_parsed_from_text,4,True
Data 2025.xlsx,3311,2025-04-20,2025-04,2025-W16,2,6,sw-2875-r01,sw-2875-R01,مسحة صانعة ثلج,(Swabs) المسحات,Swabs,(Swabs) المسحات,swab,شركة شوش لتقديم المشروبات - حي القادسية,شركة شوش لتقديم المشروبات,حي القادسية,شركة شوش لتقديم المشروبات - حي القادسية,الروضة,بلدية,بلدية الروضة,True,False,لا يوجد,,0,,,False,none,date_parsed_from_text,4,True
Data 2025.xlsx,3312,2025-04-20,2025-04,2025-W16,2,6,sw-2876-r01,sw-2876-R01,مسحة ثلاجة كيك,(Swabs) المسحات,Swabs,(Swabs) المسحات,swab,شركة شوش لتقديم المشروبات - حي القادسية,شركة شوش لتقديم المشروبات,حي القادسية,شركة شوش لتقديم المشروبات - حي القادسية,الروضة,بلدية,بلدية الروضة,True,False,لا يوجد,,0,,,False,none,date_parsed_from_text,4,True
Data 2025.xlsx,3313,2025-04-20,2025-04,2025-W16,2,6,sw-2877-r01,sw-2877-R01,مسحة طاولة تقطيع فواكه,(Swabs) المسحات,Swabs,(Swabs) المسحات,swab,شركة شوش لتقديم المشروبات - حي القادسية,شركة شوش لتقديم المشروبات,حي القادسية,شركة شوش لتقديم المشروبات - حي القادسية,الروضة,بلدية,بلدية الروضة,False,True,العد الكلي للبكتيريا,العد الكلي للبكتيريا,1,,العد الكلي للبكتيريا,False,indicator_only,date_parsed_from_text,5,True
Data 2025.xlsx,3314,2025-04-20,2025-04,2025-W16,2,6,sw-2878-r01,sw-2878-R01,مسحة صانعة ثلج,(Swabs) المسحات,Swabs,(Swabs) المسحات,swab,شركة شوش لتقديم المشروبات - حي القادسية,شركة شوش لتقديم المشروبات,حي القادسية,شركة شوش لتقديم المشروبات - حي القادسية,الروضة,بلدية,بلدية الروضة,True,False,لا يوجد,,0,,,False,none,date_parsed_from_text,5,True
Data 2025.xlsx,3264,2025-04-20,2025-04,2025-W16,2,6,sweet-0960-r01,sweet-0960-R01,كيكة تراميسو,الحلا(sweetness),sweetness,الحلا(sweetness),sweets_bakery,مؤسسة مود وان - حي القادسية,مؤسسة مود وان,حي القادسية,مؤسسة مود وان - حي القادسية,الروضة,بلدية,بلدية الروضة,True,False,لا يوجد,,0,,,False,none,date_parsed_from_text,2,True
Data 2025.xlsx,3265,2025-04-20,2025-04,2025-W16,2,6,sweet-0961-r01,sweet-0961-R01,كيكة عسل,الحلا(sweetness),sweetness,الحلا(sweetness),sweets_bakery,مؤسسة مود وان - حي القادسية,مؤسسة مود وان,حي القادسية,مؤسسة مود وان - حي القادسية,الروضة,بلدية,بلدية الروضة,True,False,لا يوجد,,0,,,False,none,date_parsed_from_text,2,True
Data 2025.xlsx,3310,2025-04-20,2025-04,2025-W16,2,6,sweet-0962-r01,sweet-0962-R01,كيكة عسل,الحلا(sweetness),sweetness,الحلا(sweetness),sweets_bakery,شركة شوش لتقديم المشروبات - حي القادسية,شركة شوش لتقديم المشروبات,حي القادسية,شركة شوش لتقديم المشروبات - حي القادسية,الروضة,بلدية,بلدية الروضة,True,False,لا يوجد,,0,,,False,none,date_parsed_from_text,4,True
Data 2025.xlsx,3315,2025-04-20,2025-04,2025-W16,2,6,ubot-0937-r01,Ubot-0937-R01,مياه حنفية لغسيل الادوات,المياه الغير معبأة (Unbottled water),Unbottled water,المياه الغير معبأة (Unbottled water),water,ملحمة جوهرة النفل للتجارة,ملحمة جوهرة النفل للتجارة,,ملحمة جوهرة النفل للتجارة,الشمال,بلدية,بلدية الشمال,True,False,لا يوجد,,0,,,False,none,date_parsed_from_text,3,True
Data 2025.xlsx,3316,2025-04-20,2025-04,2025-W16,2,6,ubot-0938-r01,Ubot-0938-R01,مياه حنفية لغسيل الادوات,المياه الغير معبأة (Unbottled water),Unbottled water,المياه الغير معبأة (Unbottled water),water,مطعم شاويز - حي القادسية,مطعم شاويز,حي القادسية,مطعم شاويز - حي القادسية,الروضة,بلدية,بلدية الروضة,True,False,لا يوجد,,0,,,False,none,date_parsed_from_text,9,True
Data 2025.xlsx,3401,2025-04-21,2025-04,2025-W17,2,0,1-2927-R01,1-2927-R01,رز شعبي,الارز ( rice),rice,الارز ( rice),prepared_meal,مطعم مظبيكم - حي القادسية,مطعم مظبيكم,حي القادسية,مطعم مظبيكم - حي القادسية,الروضة,بلدية,بلدية الروضة,True,False,لا يوجد,,0,,,False,none,date_parsed_from_text,2,True
Data 2025.xlsx,3384,2025-04-21,2025-04,2025-W17,2,0,O-O-ro-0170-R01,O-O-ro-0170-R01,قطع جرجير,الجرجير (rocket),rocket,الجرجير (rocket),produce,مطعم مظبيكم - حي القادسية,مطعم مظبيكم,حي القادسية,مطعم مظبيكم - حي القادسية,الروضة,بلدية,بلدية الروضة,True,False,لا يوجد,,0,,,False,none,date_parsed_from_text,0,False
Data 2025.xlsx,3387,2025-04-21,2025-04,2025-W17,2,0,O-U-po-0190-R01,O-U-po-0190-R01,حب رمان,الرمان (pomegranate),pomegranate,الرمان (pomegranate),produce,مطعم مظبيكم - حي القادسية,مطعم مظبيكم,حي القادسية,مطعم مظبيكم - حي القادسية,الروضة,بلدية,بلدية الروضة,True,False,لا يوجد,,0,,,False,none,date_parsed_from_text,0,False
Data 2025.xlsx,3332,2025-04-21,2025-04,2025-W17,2,0,O-r-O3-le-0317-R01,O-r-O3-le-0317-R01,قطع خس,الخس (Lettuce),Lettuce,الخس (Lettuce),produce,ريزينج كينز - حي القادسية,ريزينج كينز,حي القادسية,ريزينج كينز - حي القادسية,الروضة,بلدية,بلدية الروضة,True,False,لا يوجد,,0,,,False,none,date_parsed_from_text,1,False
Data 2025.xlsx,3337,2025-04-21,2025-04,2025-W17,2,0,O-r-O3-le-0318-R01,O-r-O3-le-0318-R01,قطع خس,الخس (Lettuce),Lettuce,الخس (Lettuce),produce,مطاعم شاورما كلاسك - حي القادسية,مطاعم شاورما كلاسك,حي القادسية,مطاعم شاورما كلاسك - حي القادسية,الروضة,بلدية,بلدية الروضة,True,False,لا يوجد,,0,,,False,none,date_parsed_from_text,0,False
Data 2025.xlsx,3385,2025-04-21,2025-04,2025-W17,2,0,O-r-O3-le-0319-R01,O-r-O3-le-0319-R01,قطع خس,الخس (Lettuce),Lettuce,الخس (Lettuce),produce,مطعم مظبيكم - حي القادسية,مطعم مظبيكم,حي القادسية,مطعم مظبيكم - حي القادسية,الروضة,بلدية,بلدية الروضة,True,False,لا يوجد,,0,,,False,none,date_parsed_from_text,0,False
Data 2025.xlsx,3352,2025-04-21,2025-04,2025-W17,2,0,OO-OSS-po-0358-R01,OO-OSS-po-0358-R01,بطاطس مقلي,البطاطس (potatoes),potatoes,البطاطس (potatoes),produce,مطاعم شاورما كلاسك - حي القادسية,مطاعم شاورما كلاسك,حي القادسية,مطاعم شاورما كلاسك - حي القادسية,الروضة,بلدية,بلدية الروضة,False,True,العد الكلي للبكتيريا,العد الكلي للبكتيريا,1,,العد الكلي للبكتيريا,False,indicator_only,date_parsed_from_text,6,True
Data 2025.xlsx,3338,2025-04-21,2025-04,2025-W17,2,0,OU-pa-0222-R01,OU-pa-0222-R01,قطع بقدونس,البقدونس (parsley),parsley,البقدونس (parsley),produce,مطاعم شاورما كلاسك - حي القادسية,مطاعم شاورما كلاسك,حي القادسية,مطاعم شاورما كلاسك - حي القادسية,الروضة,بلدية,بلدية الروضة,True,False,لا يوجد,,0,,,False,none,date_parsed_from_text,0,False
Data 2025.xlsx,3333,2025-04-21,2025-04,2025-W17,2,0,UU-le-0410-R01,UU-le-0410-R01,قطع ليمون,الليمون (Lemons),Lemons,الليمون (Lemons),produce,ريزينج كينز - حي القادسية,ريزينج كينز,حي القادسية,ريزينج كينز - حي القادسية,الروضة,بلدية,بلدية الروضة,True,False,لا يوجد,,0,,,False,none,date_parsed_from_text,1,False
Data 2025.xlsx,3348,2025-04-21,2025-04,2025-W17,2,0,appe-0414-r01,Appe-0414-R01,حمص,مقبلات (Appetizers),Appetizers,مقبلات (Appetizers),prepared_meal,مطاعم شاورما كلاسك - حي القادسية,مطاعم شاورما كلاسك,حي القادسية,مطاعم شاورما كلاسك - حي القادسية,الروضة,بلدية,بلدية الروضة,True,False,لا يوجد,,0,,,False,none,date_parsed_from_text,5,True
Data 2025.xlsx,3355,2025-04-21,2025-04,2025-W17,2,0,appe-0415-r01,Appe-0415-R01,حمص شمندر,مقبلات (Appetizers),Appetizers,مقبلات (Appetizers),prepared_meal,كيلو كباب - حي القادسية,كيلو كباب,حي القادسية,كيلو كباب - حي القادسية,الروضة,بلدية,بلدية الروضة,True,False,لا يوجد,,0,,,False,none,date_parsed_from_text,0,False
Data 2025.xlsx,3356,2025-04-21,2025-04,2025-W17,2,0,appe-0416-r01,Appe-0416-R01,بابا غنوج,مقبلات (Appetizers),Appetizers,مقبلات (Appetizers),prepared_meal,كيلو كباب - حي القادسية,كيلو كباب,حي القادسية,كيلو كباب - حي القادسية,الروضة,بلدية,بلدية الروضة,False,True,العد الكلي للبكتيريا,العد الكلي للبكتيريا,1,,العد الكلي للبكتيريا,False,indicator_only,date_parsed_from_text,1,False
Data 2025.xlsx,3357,2025-04-21,2025-04,2025-W17,2,0,appe-0417-r01,Appe-0417-R01,متبل,مقبلات (Appetizers),Appetizers,مقبلات (Appetizers),prepared_meal,كيلو كباب - حي القادسية,كيلو كباب,حي القادسية,كيلو كباب - حي القادسية,الروضة,بلدية,بلدية الروضة,False,True,العد الكلي للبكتيريا,العد الكلي للبكتيريا,1,,العد الكلي للبكتيريا,False,indicator_only,date_parsed_from_text,2,True
Data 2025.xlsx,3358,2025-04-21,2025-04,2025-W17,2,0,appe-0418-r01,Appe-0418-R01,حمص,مقبلات (Appetizers),Appetizers,مقبلات (Appetizers),prepared_meal,كيلو كباب - حي القادسية,كيلو كباب,حي القادسية,كيلو كباب - حي القادسية,الروضة,بلدية,بلدية الروضة,False,True,العد الكلي للبكتيريا,العد الكلي للبكتيريا,1,,العد الكلي للبكتيريا,False,indicator_only,date_parsed_from_text,3,True
Data 2025.xlsx,3359,2025-04-21,2025-04,2025-W17,2,0,appe-0419-r01,Appe-0419-R01,تبولة,مقبلات (Appetizers),Appetizers,مقبلات (Appetizers),prepared_meal,كيلو كباب - حي القادسية,كيلو كباب,حي القادسية,كيلو كباب - حي القادسية,الروضة,بلدية,بلدية الروضة,False,True,استافيلوكوكس اورياس,استافيلوكوكس اورياس,1,استافيلوكوكس اورياس,,True,pathogen,date_parsed_from_text,4,True
Data 2025.xlsx,3327,2025-04-21,2025-04,2025-W17,2,0,be-0041-r01,be-0041-R01,مشروب كوكولا,المشروبات الغازية (الغير كحولية) (Carbonated beverages) (non - alcoholic ),non - alcoholic,المشروبات الغازية (الغير كحولية) (Carbonated beverages) (non - alcoholic ),beverage,ريزينج كينز - حي القادسية,ريزينج كينز,حي القادسية,ريزينج كينز - حي القادسية,الروضة,بلدية,بلدية الروضة,True,False,لا يوجد,,0,,,False,none,date_parsed_from_text,1,False
Data 2025.xlsx,3328,2025-04-21,2025-04,2025-W17,2,0,be-0042-r01,be-0042-R01,مشروب فانتا,المشروبات الغازية (الغير كحولية) (Carbonated beverages) (non - alcoholic ),non - alcoholic,المشروبات الغازية (الغير كحولية) (Carbonated beverages) (non - alcoholic ),beverage,ريزينج كينز - حي القادسية,ريزينج كينز,حي القادسية,ريزينج كينز - حي القادسية,الروضة,بلدية,بلدية الروضة,True,False,لا يوجد,,0,,,False,none,date_parsed_from_text,1,False
Data 2025.xlsx,3329,2025-04-21,2025-04,2025-W17,2,0,be-0043-r01,be-0043-R01,مشروب سبرايت,المشروبات الغازية (الغير كحولية) (Carbonated beverages) (non - alcoholic ),non - alcoholic,المشروبات الغازية (الغير كحولية) (Carbonated beverages) (non - alcoholic ),beverage,ريزينج كينز - حي القادسية,ريزينج كينز,حي القادسية,ريزينج كينز - حي القادسية,الروضة,بلدية,بلدية الروضة,True,False,لا يوجد,,0,,,False,none,date_parsed_from_text,1,False
Data 2025.xlsx,3398,2025-04-21,2025-04,2025-W17,2,0,br-0083-r01,Br-0083-R01,خبز صامون,الخبـز (Bread),Bread,الخبـز (Bread),sweets_bakery,مطعم مظبيكم - حي القادسية,مطعم مظبيكم,حي القادسية,مطعم مظبيكم - حي القادسية,الروضة,بلدية,بلدية الروضة,True,False,لا يوجد,,0,,,False,none,date_parsed_from_text,1,False
Data 2025.xlsx,3339,2025-04-21,2025-04,2025-W17,2,0,chee-0709-r01,Chee-0709-R01,شرائح جبن,(cheese) جبنة,cheese,(cheese) جبنة,dairy,مطاعم شاورما كلاسك - حي القادسية,مطاعم شاورما كلاسك,حي القادسية,مطاعم شاورما كلاسك - حي القادسية,الروضة,بلدية,بلدية الروضة,False,True,انتيروباكتريسي,انتيروباكتريسي,1,,انتيروباكتريسي,False,indicator_only,date_parsed_from_text,1,False
Data 2025.xlsx,3351,2025-04-21,2025-04,2025-W17,2,0,co-0472-r01,co-0472-R01,شاورما دجاج قطع,الدجاج المطبوخ (Cooked chicken),Cooked chicken,الدجاج المطبوخ (Cooked chicken),cooked_meat_poultry,مطاعم شاورما كلاسك - حي القادسية,مطاعم شاورما كلاسك,حي القادسية,مطاعم شاورما كلاسك - حي القادسية,الروضة,بلدية,بلدية الروضة,True,False,لا يوجد,,0,,,False,none,date_parsed_from_text,5,True
Data 2025.xlsx,3403,2025-04-21,2025-04,2025-W17,2,0,co-0473-r01,co-0473-R01,دجاج مظبي مطبوخ,الدجاج المطبوخ (Cooked chicken),Cooked chicken,الدجاج المطبوخ (Cooked chicken),cooked_meat_poultry,مطعم مظبيكم - حي القادسية,مطعم مظبيكم,حي القادسية,مطعم مظبيكم - حي القادسية,الروضة,بلدية,بلدية الروضة,True,False,لا يوجد,,0,,,False,none,date_parsed_from_text,2,True
Data 2025.xlsx,3402,2025-04-21,2025-04,2025-W17,2,0,gcv-0195-r01,GCV-0195-R01,مصقع باذنجان,الخضار المشوية و المطبوخة,,الخضار المشوية و المطبوخة,cooked_meat_poultry,مطعم مظبيكم - حي القادسية,مطعم مظبيكم,حي القادسية,مطعم مظبيكم - حي القادسية,الروضة,بلدية,بلدية الروضة,True,False,لا يوجد,,0,,,False,none,date_parsed_from_text,2,True
Data 2025.xlsx,3363,2025-04-21,2025-04,2025-W17,2,0,gr-0158-r01,gr-0158-R01,ورق عنب,ورق عنب (Grape leaves),Grape leaves,ورق عنب (Grape leaves),produce,كيلو كباب - حي القادسية,كيلو كباب,حي القادسية,كيلو كباب - حي القادسية,الروضة,بلدية,بلدية الروضة,True,False,لا يوجد,,0,,,False,none,date_parsed_from_text,4,True
Data 2025.xlsx,3345,2025-04-21,2025-04,2025-W17,2,0,hs-0302-r01,HS-0302-R01,شطة,الشطة (Hot sauce),Hot sauce,الشطة (Hot sauce),sauce_condiment,مطاعم شاورما كلاسك - حي القادسية,مطاعم شاورما كلاسك,حي القادسية,مطاعم شاورما كلاسك - حي القادسية,الروضة,بلدية,بلدية الروضة,False,True,العد الكلي للبكتيريا,العد الكلي للبكتيريا,1,,العد الكلي للبكتيريا,False,indicator_only,date_parsed_from_text,4,True
Data 2025.xlsx,3331,2025-04-21,2025-04,2025-W17,2,0,jui-0421-r01,jui-0421-R01,عصير ليمون بالسكر,العصائر الطازجة Un-pasteurized juices (fresh),fresh,العصائر الطازجة Un-pasteurized juices (fresh),beverage,ريزينج كينز - حي القادسية,ريزينج كينز,حي القادسية,ريزينج كينز - حي القادسية,الروضة,بلدية,بلدية الروضة,True,False,لا يوجد,,0,,,False,none,date_parsed_from_text,1,False
Data 2025.xlsx,3347,2025-04-21,2025-04,2025-W17,2,0,mola-0042-r01,mola-0042-R01,دبس رمان,( Molasses) دبس,Molasses,( Molasses) دبس,sauce_condiment,مطاعم شاورما كلاسك - حي القادسية,مطاعم شاورما كلاسك,حي القادسية,مطاعم شاورما كلاسك - حي القادسية,الروضة,بلدية,بلدية الروضة,True,False,لا يوجد,,0,,,False,none,date_parsed_from_text,5,True
Data 2025.xlsx,3364,2025-04-21,2025-04,2025-W17,2,0,mola-0043-r01,mola-0043-R01,دبس رمان,( Molasses) دبس,Molasses,( Molasses) دبس,sauce_condiment,كيلو كباب - حي القادسية,كيلو كباب,حي القادسية,كيلو كباب - حي القادسية,الروضة,بلدية,بلدية الروضة,True,False,لا يوجد,,0,,,False,none,date_parsed_from_text,4,True
Data 2025.xlsx,3346,2025-04-21,2025-04,2025-W17,2,0,pick-0387-r01,Pick-0387-R01,مشكل مخلل,المخلل (Pickle),Pickle,المخلل (Pickle),sauce_condiment,مطاعم شاورما كلاسك - حي القادسية,مطاعم شاورما كلاسك,حي القادسية,مطاعم شاورما كلاسك - حي القادسية,الروضة,بلدية,بلدية الروضة,False,True,خمائر,الخمائر والاعفان,1,,الخمائر والاعفان,False,indicator_only,date_parsed_from_text,5,True
Data 2025.xlsx,3372,2025-04-21,2025-04,2025-W17,2,0,pick-0388-r01,Pick-0388-R01,مخلل هلابينو,المخلل (Pickle),Pickle,المخلل (Pickle),sauce_condiment,كيلو كباب - حي القادسية,كيلو كباب,حي القادسية,كيلو كباب - حي القادسية,الروضة,بلدية,بلدية الروضة,True,False,لا يوجد,,0,,,False,none,date_parsed_from_text,7,True
Data 2025.xlsx,3386,2025-04-21,2025-04,2025-W17,2,0,pick-0389-r01,Pick-0389-R01,مخلل خيار,المخلل (Pickle),Pickle,المخلل (Pickle),sauce_condiment,مطعم مظبيكم - حي القادسية,مطعم مظبيكم,حي القادسية,مطعم مظبيكم - حي القادسية,الروضة,بلدية,بلدية الروضة,True,False,لا يوجد,,0,,,False,none,date_parsed_from_text,0,False
Data 2025.xlsx,3376,2025-04-21,2025-04,2025-W17,2,0,po-0106-r01,po-0106-R01,كباب دجاج (ني),الدجاج (Poultry),Poultry,الدجاج (Poultry),cooked_meat_poultry,كيلو كباب - حي القادسية,كيلو كباب,حي القادسية,كيلو كباب - حي القادسية,الروضة,بلدية,بلدية الروضة,False,True,العد الكلي للبكتيريا,العد الكلي للبكتيريا,1,,العد الكلي للبكتيريا,False,indicator_only,date_parsed_from_text,9,True
Data 2025.xlsx,3317,2025-04-21,2025-04,2025-W17,2,0,raw-0109-r01,Raw-0109-R01,كبدة حاشي بلدي,لحوم نيئة مبردة ومجمدة (Raw meat Cold or chilled ),Raw meat Cold or chilled,لحوم نيئة مبردة ومجمدة (Raw meat Cold or chilled ),raw_meat,ملحمة مزرعتي الذهبية,ملحمة مزرعتي الذهبية,,ملحمة مزرعتي الذهبية,العليا,بلدية,بلدية العليا,True,False,لا يوجد,,0,,,False,none,date_parsed_from_text,0,False
Data 2025.xlsx,3318,2025-04-21,2025-04,2025-W17,2,0,raw-0110-r01,Raw-0110-R01,كبدة غنم نعيمي بلدي,لحوم نيئة مبردة ومجمدة (Raw meat Cold or chilled ),Raw meat Cold or chilled,لحوم نيئة مبردة ومجمدة (Raw meat Cold or chilled ),raw_meat,ملحمة مزرعتي الذهبية,ملحمة مزرعتي الذهبية,,ملحمة مزرعتي الذهبية,العليا,بلدية,بلدية العليا,True,False,لا يوجد,,0,,,False,none,date_parsed_from_text,0,False
Data 2025.xlsx,3319,2025-04-21,2025-04,2025-W17,2,0,raw-0111-r01,Raw-0111-R01,لحم يد نعيمي بلدي,لحوم نيئة مبردة ومجمدة (Raw meat Cold or chilled ),Raw meat Cold or chilled,لحوم نيئة مبردة ومجمدة (Raw meat Cold or chilled ),raw_meat,ملحمة مزرعتي الذهبية,ملحمة مزرعتي الذهبية,,ملحمة مزرعتي الذهبية,العليا,بلدية,بلدية العليا,True,False,لا يوجد,,0,,,False,none,date_parsed_from_text,0,False
Data 2025.xlsx,3320,2025-04-21,2025-04,2025-W17,2,0,raw-0112-r01,Raw-0112-R01,لحم حاشي يد بلدي,لحوم نيئة مبردة ومجمدة (Raw meat Cold or chilled ),Raw meat Cold or chilled,لحوم نيئة مبردة ومجمدة (Raw meat Cold or chilled ),raw_meat,ملحمة مزرعتي الذهبية,ملحمة مزرعتي الذهبية,,ملحمة مزرعتي الذهبية,العليا,بلدية,بلدية العليا,True,False,لا يوجد,,0,,,False,none,date_parsed_from_text,0,False
Data 2025.xlsx,3321,2025-04-21,2025-04,2025-W17,2,0,raw-0113-r01,Raw-0113-R01,لحم فخذ عجل بلدي,لحوم نيئة مبردة ومجمدة (Raw meat Cold or chilled ),Raw meat Cold or chilled,لحوم نيئة مبردة ومجمدة (Raw meat Cold or chilled ),raw_meat,ملحمة مزرعتي الذهبية,ملحمة مزرعتي الذهبية,,ملحمة مزرعتي الذهبية,العليا,بلدية,بلدية العليا,True,False,لا يوجد,,0,,,False,none,date_parsed_from_text,0,False
Data 2025.xlsx,3322,2025-04-21,2025-04,2025-W17,2,0,raw-0114-r01,Raw-0114-R01,كلية نعيمي بلدي,لحوم نيئة مبردة ومجمدة (Raw meat Cold or chilled ),Raw meat Cold or chilled,لحوم نيئة مبردة ومجمدة (Raw meat Cold or chilled ),raw_meat,ملحمة مزرعتي الذهبية,ملحمة مزرعتي الذهبية,,ملحمة مزرعتي الذهبية,العليا,بلدية,بلدية العليا,True,False,لا يوجد,,0,,,False,none,date_parsed_from_text,0,False
Data 2025.xlsx,3323,2025-04-21,2025-04,2025-W17,2,0,raw-0115-r01,Raw-0115-R01,قلب حاشي بلدي,لحوم نيئة مبردة ومجمدة (Raw meat Cold or chilled ),Raw meat Cold or chilled,لحوم نيئة مبردة ومجمدة (Raw meat Cold or chilled ),raw_meat,ملحمة مزرعتي الذهبية,ملحمة مزرعتي الذهبية,,ملحمة مزرعتي الذهبية,العليا,بلدية,بلدية العليا,True,False,لا يوجد,,0,,,False,none,date_parsed_from_text,0,False
Data 2025.xlsx,3375,2025-04-21,2025-04,2025-W17,2,0,raw-0116-r01,Raw-0116-R01,كباب لحم (ني),لحوم نيئة مبردة ومجمدة (Raw meat Cold or chilled ),Raw meat Cold or chilled,لحوم نيئة مبردة ومجمدة (Raw meat Cold or chilled ),raw_meat,كيلو كباب - حي القادسية,كيلو كباب,حي القادسية,كيلو كباب - حي القادسية,الروضة,بلدية,بلدية الروضة,True,False,لا يوجد,,0,,,False,none,date_parsed_from_text,8,True
Data 2025.xlsx,3326,2025-04-21,2025-04,2025-W17,2,0,sal-1257-r01,Sal-1257-R01,سلطة ملفوف,السلطة(Salad),Salad,السلطة(Salad),produce,ريزينج كينز - حي القادسية,ريزينج كينز,حي القادسية,ريزينج كينز - حي القادسية,الروضة,بلدية,بلدية الروضة,True,False,لا يوجد,,0,,,False,none,date_parsed_from_text,1,False
Data 2025.xlsx,3360,2025-04-21,2025-04,2025-W17,2,0,sal-1258-r01,Sal-1258-R01,سلطة فتوش,السلطة(Salad),Salad,السلطة(Salad),produce,كيلو كباب - حي القادسية,كيلو كباب,حي القادسية,كيلو كباب - حي القادسية,الروضة,بلدية,بلدية الروضة,True,False,لا يوجد,,0,,,False,none,date_parsed_from_text,4,True
Data 2025.xlsx,3361,2025-04-21,2025-04,2025-W17,2,0,sal-1259-r01,Sal-1259-R01,سلطة شمندر,السلطة(Salad),Salad,السلطة(Salad),produce,كيلو كباب - حي القادسية,كيلو كباب,حي القادسية,كيلو كباب - حي القادسية,الروضة,بلدية,بلدية الروضة,True,False,لا يوجد,,0,,,False,none,date_parsed_from_text,4,True
Data 2025.xlsx,3362,2025-04-21,2025-04,2025-W17,2,0,sal-1260-r01,Sal-1260-R01,سلطة جرجير مع بصل,السلطة(Salad),Salad,السلطة(Salad),produce,كيلو كباب - حي القادسية,كيلو كباب,حي القادسية,كيلو كباب - حي القادسية,الروضة,بلدية,بلدية الروضة,True,False,لا يوجد,,0,,,False,none,date_parsed_from_text,4,True
Data 2025.xlsx,3377,2025-04-21,2025-04,2025-W17,2,0,sal-1261-r01,Sal-1261-R01,سلطة خس مع زبادي,السلطة(Salad),Salad,السلطة(Salad),produce,كيلو كباب - حي القادسية,كيلو كباب,حي القادسية,كيلو كباب - حي القادسية,الروضة,بلدية,بلدية الروضة,True,False,لا يوجد,,0,,,False,none,date_parsed_from_text,9,True
Data 2025.xlsx,3378,2025-04-21,2025-04,2025-W17,2,0,sal-1262-r01,Sal-1262-R01,سلطة ملفوف,السلطة(Salad),Salad,السلطة(Salad),produce,كيلو كباب - حي القادسية,كيلو كباب,حي القادسية,كيلو كباب - حي القادسية,الروضة,بلدية,بلدية الروضة,True,False,لا يوجد,,0,,,False,none,date_parsed_from_text,9,True
Data 2025.xlsx,3388,2025-04-21,2025-04,2025-W17,2,0,sal-1263-r01,Sal-1263-R01,سلطة مايونيز,السلطة(Salad),Salad,السلطة(Salad),produce,مطعم مظبيكم - حي القادسية,مطعم مظبيكم,حي القادسية,مطعم مظبيكم - حي القادسية,الروضة,بلدية,بلدية الروضة,True,False,لا يوجد,,0,,,False,none,date_parsed_from_text,0,False
Data 2025.xlsx,3393,2025-04-21,2025-04,2025-W17,2,0,sal-1264-r01,Sal-1264-R01,سلطة حارة,السلطة(Salad),Salad,السلطة(Salad),produce,مطعم مظبيكم - حي القادسية,مطعم مظبيكم,حي القادسية,مطعم مظبيكم - حي القادسية,الروضة,بلدية,بلدية الروضة,True,False,لا يوجد,,0,,,False,none,date_parsed_from_text,1,False
Data 2025.xlsx,3394,2025-04-21,2025-04,2025-W17,2,0,sal-1265-r01,Sal-1265-R01,سلطة زبادي,السلطة(Salad),Salad,السلطة(Salad),produce,مطعم مظبيكم - حي القادسية,مطعم مظبيكم,حي القادسية,مطعم مظبيكم - حي القادسية,الروضة,بلدية,بلدية الروضة,True,False,لا يوجد,,0,,,False,none,date_parsed_from_text,1,False
Data 2025.xlsx,3395,2025-04-21,2025-04,2025-W17,2,0,sal-1266-r01,Sal-1266-R01,سلطة سوماطرا,السلطة(Salad),Salad,السلطة(Salad),produce,مطعم مظبيكم - حي القادسية,مطعم مظبيكم,حي القادسية,مطعم مظبيكم - حي القادسية,الروضة,بلدية,بلدية الروضة,True,False,لا يوجد,,0,,,False,none,date_parsed_from_text,1,False
Data 2025.xlsx,3396,2025-04-21,2025-04,2025-W17,2,0,sal-1267-r01,Sal-1267-R01,سلطة خضراء,السلطة(Salad),Salad,السلطة(Salad),produce,مطعم مظبيكم - حي القادسية,مطعم مظبيكم,حي القادسية,مطعم مظبيكم - حي القادسية,الروضة,بلدية,بلدية الروضة,True,False,لا يوجد,,0,,,False,none,date_parsed_from_text,1,False
Data 2025.xlsx,3397,2025-04-21,2025-04,2025-W17,2,0,sal-1268-r01,Sal-1268-R01,سلطة بصل مع ليمون,السلطة(Salad),Salad,السلطة(Salad),produce,مطعم مظبيكم - حي القادسية,مطعم مظبيكم,حي القادسية,مطعم مظبيكم - حي القادسية,الروضة,بلدية,بلدية الروضة,True,False,لا يوجد,,0,,,False,none,date_parsed_from_text,1,False
Data 2025.xlsx,3324,2025-04-21,2025-04,2025-W17,2,0,sau-1430-r01,sau-1430-R01,صوص هني ماسترد,صوص (sauce),sauce,صوص (sauce),sauce_condiment,ريزينج كينز - حي القادسية,ريزينج كينز,حي القادسية,ريزينج كينز - حي القادسية,الروضة,بلدية,بلدية الروضة,False,True,انتيروباكتريسي,انتيروباكتريسي,1,,انتيروباكتريسي,False,indicator_only,date_parsed_from_text,1,False
Data 2025.xlsx,3325,2025-04-21,2025-04,2025-W17,2,0,sau-1431-r01,sau-1431-R01,صوص كينز,صوص (sauce),sauce,صوص (sauce),sauce_condiment,ريزينج كينز - حي القادسية,ريزينج كينز,حي القادسية,ريزينج كينز - حي القادسية,الروضة,بلدية,بلدية الروضة,True,False,لا يوجد,,0,,,False,none,date_parsed_from_text,1,False
Data 2025.xlsx,3340,2025-04-21,2025-04,2025-W17,2,0,sau-1432-r01,sau-1432-R01,صوص شيدر,صوص (sauce),sauce,صوص (sauce),sauce_condiment,مطاعم شاورما كلاسك - حي القادسية,مطاعم شاورما كلاسك,حي القادسية,مطاعم شاورما كلاسك - حي القادسية,الروضة,بلدية,بلدية الروضة,True,False,لا يوجد,,0,,,False,none,date_parsed_from_text,1,False
Data 2025.xlsx,3341,2025-04-21,2025-04,2025-W17,2,0,sau-1433-r01,sau-1433-R01,صوص سيجنتشر,صوص (sauce),sauce,صوص (sauce),sauce_condiment,مطاعم شاورما كلاسك - حي القادسية,مطاعم شاورما كلاسك,حي القادسية,مطاعم شاورما كلاسك - حي القادسية,الروضة,بلدية,بلدية الروضة,False,True,العد الكلي للبكتيريا,العد الكلي للبكتيريا,1,,العد الكلي للبكتيريا,False,indicator_only,date_parsed_from_text,2,True
Data 2025.xlsx,3342,2025-04-21,2025-04,2025-W17,2,0,sau-1434-r01,sau-1434-R01,صوص ثوم,صوص (sauce),sauce,صوص (sauce),sauce_condiment,مطاعم شاورما كلاسك - حي القادسية,مطاعم شاورما كلاسك,حي القادسية,مطاعم شاورما كلاسك - حي القادسية,الروضة,بلدية,بلدية الروضة,False,True,العد الكلي للبكتيريا,العد الكلي للبكتيريا,1,,العد الكلي للبكتيريا,False,indicator_only,date_parsed_from_text,3,True
Data 2025.xlsx,3343,2025-04-21,2025-04,2025-W17,2,0,sau-1435-r01,sau-1435-R01,صوص سبايسي,صوص (sauce),sauce,صوص (sauce),sauce_condiment,مطاعم شاورما كلاسك - حي القادسية,مطاعم شاورما كلاسك,حي القادسية,مطاعم شاورما كلاسك - حي القادسية,الروضة,بلدية,بلدية الروضة,True,False,لا يوجد,,0,,,False,none,date_parsed_from_text,3,True
Data 2025.xlsx,3344,2025-04-21,2025-04,2025-W17,2,0,sau-1436-r01,sau-1436-R01,صوص كاتشب,صوص (sauce),sauce,صوص (sauce),sauce_condiment,مطاعم شاورما كلاسك - حي القادسية,مطاعم شاورما كلاسك,حي القادسية,مطاعم شاورما كلاسك - حي القادسية,الروضة,بلدية,بلدية الروضة,True,False,لا يوجد,,0,,,False,none,date_parsed_from_text,3,True
Data 2025.xlsx,3349,2025-04-21,2025-04,2025-W17,2,0,sau-1437-r01,sau-1437-R01,صوص مايونيز,صوص (sauce),sauce,صوص (sauce),sauce_condiment,مطاعم شاورما كلاسك - حي القادسية,مطاعم شاورما كلاسك,حي القادسية,مطاعم شاورما كلاسك - حي القادسية,الروضة,بلدية,بلدية الروضة,True,False,لا يوجد,,0,,,False,none,date_parsed_from_text,5,True
Data 2025.xlsx,3350,2025-04-21,2025-04,2025-W17,2,0,sau-1438-r01,sau-1438-R01,صوص باربكيو,صوص (sauce),sauce,صوص (sauce),sauce_condiment,مطاعم شاورما كلاسك - حي القادسية,مطاعم شاورما كلاسك,حي القادسية,مطاعم شاورما كلاسك - حي القادسية,الروضة,بلدية,بلدية الروضة,True,False,لا يوجد,,0,,,False,none,date_parsed_from_text,5,True
Data 2025.xlsx,3365,2025-04-21,2025-04,2025-W17,2,0,sau-1439-r01,sau-1439-R01,صوص سلطة شمندر,صوص (sauce),sauce,صوص (sauce),sauce_condiment,كيلو كباب - حي القادسية,كيلو كباب,حي القادسية,كيلو كباب - حي القادسية,الروضة,بلدية,بلدية الروضة,True,False,لا يوجد,,0,,,False,none,date_parsed_from_text,4,True
Data 2025.xlsx,3366,2025-04-21,2025-04,2025-W17,2,0,sau-1440-r01,sau-1440-R01,صوص سلطة تبولة,صوص (sauce),sauce,صوص (sauce),sauce_condiment,كيلو كباب - حي القادسية,كيلو كباب,حي القادسية,كيلو كباب - حي القادسية,الروضة,بلدية,بلدية الروضة,True,False,لا يوجد,,0,,,False,none,date_parsed_from_text,4,True
Data 2025.xlsx,3367,2025-04-21,2025-04,2025-W17,2,0,sau-1441-r01,sau-1441-R01,صوص ثوم,صوص (sauce),sauce,صوص (sauce),sauce_condiment,كيلو كباب - حي القادسية,كيلو كباب,حي القادسية,كيلو كباب - حي القادسية,الروضة,بلدية,بلدية الروضة,True,False,لا يوجد,,0,,,False,none,date_parsed_from_text,4,True
Data 2025.xlsx,3368,2025-04-21,2025-04,2025-W17,2,0,sau-1442-r01,sau-1442-R01,صوص سبايسي,صوص (sauce),sauce,صوص (sauce),sauce_condiment,كيلو كباب - حي القادسية,كيلو كباب,حي القادسية,كيلو كباب - حي القادسية,الروضة,بلدية,بلدية الروضة,False,True,العد الكلي للبكتيريا,العد الكلي للبكتيريا,1,,العد الكلي للبكتيريا,False,indicator_only,date_parsed_from_text,5,True
Data 2025.xlsx,3369,2025-04-21,2025-04,2025-W17,2,0,sau-1443-r01,sau-1443-R01,صوص ثوم مع بقدونس,صوص (sauce),sauce,صوص (sauce),sauce_condiment,كيلو كباب - حي القادسية,كيلو كباب,حي القادسية,كيلو كباب - حي القادسية,الروضة,بلدية,بلدية الروضة,True,False,لا يوجد,,0,,,False,none,date_parsed_from_text,5,True
Data 2025.xlsx,3370,2025-04-21,2025-04,2025-W17,2,0,sau-1444-r01,sau-1444-R01,صوص فتة,صوص (sauce),sauce,صوص (sauce),sauce_condiment,كيلو كباب - حي القادسية,كيلو كباب,حي القادسية,كيلو كباب - حي القادسية,الروضة,بلدية,بلدية الروضة,False,True,العد الكلي للبكتيريا,العد الكلي للبكتيريا,1,,العد الكلي للبكتيريا,False,indicator_only,date_parsed_from_text,6,True
Data 2025.xlsx,3371,2025-04-21,2025-04,2025-W17,2,0,sau-1445-r01,sau-1445-R01,صوص برجر,صوص (sauce),sauce,صوص (sauce),sauce_condiment,كيلو كباب - حي القادسية,كيلو كباب,حي القادسية,كيلو كباب - حي القادسية,الروضة,بلدية,بلدية الروضة,False,True,العد الكلي للبكتيريا,العد الكلي للبكتيريا,1,,العد الكلي للبكتيريا,False,indicator_only,date_parsed_from_text,7,True
Data 2025.xlsx,3373,2025-04-21,2025-04,2025-W17,2,0,sau-1446-r01,sau-1446-R01,صوص كاتشب,صوص (sauce),sauce,صوص (sauce),sauce_condiment,كيلو كباب - حي القادسية,كيلو كباب,حي القادسية,كيلو كباب - حي القادسية,الروضة,بلدية,بلدية الروضة,True,False,لا يوجد,,0,,,False,none,date_parsed_from_text,7,True
Data 2025.xlsx,3374,2025-04-21,2025-04,2025-W17,2,0,sau-1447-r01,sau-1447-R01,صوص جبن شيدر,صوص (sauce),sauce,صوص (sauce),sauce_condiment,كيلو كباب - حي القادسية,كيلو كباب,حي القادسية,كيلو كباب - حي القادسية,الروضة,بلدية,بلدية الروضة,False,True,انتيروباكتريسي,انتيروباكتريسي,1,,انتيروباكتريسي,False,indicator_only,date_parsed_from_text,8,True
Data 2025.xlsx,3379,2025-04-21,2025-04,2025-W17,2,0,sau-1448-r01,sau-1448-R01,صوص ديناميت,صوص (sauce),sauce,صوص (sauce),sauce_condiment,كيلو كباب - حي القادسية,كيلو كباب,حي القادسية,كيلو كباب - حي القادسية,الروضة,بلدية,بلدية الروضة,True,False,لا يوجد,,0,,,False,none,date_parsed_from_text,9,True
Data 2025.xlsx,3389,2025-04-21,2025-04,2025-W17,2,0,sau-1449-r01,sau-1449-R01,صوص مابل سراشا,صوص (sauce),sauce,صوص (sauce),sauce_condiment,مطعم مظبيكم - حي القادسية,مطعم مظبيكم,حي القادسية,مطعم مظبيكم - حي القادسية,الروضة,بلدية,بلدية الروضة,True,False,لا يوجد,,0,,,False,none,date_parsed_from_text,0,False
Data 2025.xlsx,3390,2025-04-21,2025-04,2025-W17,2,0,sau-1450-r01,sau-1450-R01,صوص مايو تشب,صوص (sauce),sauce,صوص (sauce),sauce_condiment,مطعم مظبيكم - حي القادسية,مطعم مظبيكم,حي القادسية,مطعم مظبيكم - حي القادسية,الروضة,بلدية,بلدية الروضة,False,True,العد الكلي للبكتيريا,العد الكلي للبكتيريا,1,,العد الكلي للبكتيريا,False,indicator_only,date_parsed_from_text,1,False
Data 2025.xlsx,3391,2025-04-21,2025-04,2025-W17,2,0,sau-1451-r01,sau-1451-R01,صوص ديبو,صوص (sauce),sauce,صوص (sauce),sauce_condiment,مطعم مظبيكم - حي القادسية,مطعم مظبيكم,حي القادسية,مطعم مظبيكم - حي القادسية,الروضة,بلدية,بلدية الروضة,True,False,لا يوجد,,0,,,False,none,date_parsed_from_text,1,False
Data 2025.xlsx,3392,2025-04-21,2025-04,2025-W17,2,0,sau-1452-r01,sau-1452-R01,صوص تورتيلا,صوص (sauce),sauce,صوص (sauce),sauce_condiment,مطعم مظبيكم - حي القادسية,مطعم مظبيكم,حي القادسية,مطعم مظبيكم - حي القادسية,الروضة,بلدية,بلدية الروضة,True,False,لا يوجد,,0,,,False,none,date_parsed_from_text,1,False
Data 2025.xlsx,3334,2025-04-21,2025-04,2025-W17,2,0,sw-2879-r01,sw-2879-R01,مسحة ثلاجة صوصات و خس,(Swabs) المسحات,Swabs,(Swabs) المسحات,swab,ريزينج كينز - حي القادسية,ريزينج كينز,حي القادسية,ريزينج كينز - حي القادسية,الروضة,بلدية,بلدية الروضة,True,False,لا يوجد,,0,,,False,none,date_parsed_from_text,1,False
Data 2025.xlsx,3335,2025-04-21,2025-04,2025-W17,2,0,sw-2880-r01,sw-2880-R01,مسحة صانعة ثلج,(Swabs) المسحات,Swabs,(Swabs) المسحات,swab,ريزينج كينز - حي القادسية,ريزينج كينز,حي القادسية,ريزينج كينز - حي القادسية,الروضة,بلدية,بلدية الروضة,True,False,لا يوجد,,0,,,False,none,date_parsed_from_text,1,False
Data 2025.xlsx,3336,2025-04-21,2025-04,2025-W17,2,0,sw-2881-r01,sw-2881-R01,مسحة حافظة ثلج,(Swabs) المسحات,Swabs,(Swabs) المسحات,swab,ريزينج كينز - حي القادسية,ريزينج كينز,حي القادسية,ريزينج كينز - حي القادسية,الروضة,بلدية,بلدية الروضة,True,False,لا يوجد,,0,,,False,none,date_parsed_from_text,1,False
Data 2025.xlsx,3353,2025-04-21,2025-04,2025-W17,2,0,sw-2882-r01,sw-2882-R01,مسحة قطاعة شاورما دجاج,(Swabs) المسحات,Swabs,(Swabs) المسحات,swab,مطاعم شاورما كلاسك - حي القادسية,مطاعم شاورما كلاسك,حي القادسية,مطاعم شاورما كلاسك - حي القادسية,الروضة,بلدية,بلدية الروضة,True,False,لا يوجد,,0,,,False,none,date_parsed_from_text,6,True
Data 2025.xlsx,3354,2025-04-21,2025-04,2025-W17,2,0,sw-2883-r01,sw-2883-R01,مسحة حافظة بطاطس مقلي,(Swabs) المسحات,Swabs,(Swabs) المسحات,swab,مطاعم شاورما كلاسك - حي القادسية,مطاعم شاورما كلاسك,حي القادسية,مطاعم شاورما كلاسك - حي القادسية,الروضة,بلدية,بلدية الروضة,True,False,لا يوجد,,0,,,False,none,date_parsed_from_text,6,True
Data 2025.xlsx,3380,2025-04-21,2025-04,2025-W17,2,0,sw-2884-r01,sw-2884-R01,مسحة طاولة تقطيع سلطة,(Swabs) المسحات,Swabs,(Swabs) المسحات,swab,كيلو كباب - حي القادسية,كيلو كباب,حي القادسية,كيلو كباب - حي القادسية,الروضة,بلدية,بلدية الروضة,False,True,العد الكلي للبكتيريا,العد الكلي للبكتيريا,1,,العد الكلي للبكتيريا,False,indicator_only,date_parsed_from_text,10,True
Data 2025.xlsx,3381,2025-04-21,2025-04,2025-W17,2,0,sw-2885-r01,sw-2885-R01,مسحة حافظة بطاطس,(Swabs) المسحات,Swabs,(Swabs) المسحات,swab,كيلو كباب - حي القادسية,كيلو كباب,حي القادسية,كيلو كباب - حي القادسية,الروضة,بلدية,بلدية الروضة,False,True,العد الكلي للبكتيريا,العد الكلي للبكتيريا,1,,العد الكلي للبكتيريا,False,indicator_only,date_parsed_from_text,11,True
Data 2025.xlsx,3382,2025-04-21,2025-04,2025-W17,2,0,sw-2886-r01,sw-2886-R01,مسحة طاولة تحضير ساندويتش,(Swabs) المسحات,Swabs,(Swabs) المسحات,swab,كيلو كباب - حي القادسية,كيلو كباب,حي القادسية,كيلو كباب - حي القادسية,الروضة,بلدية,بلدية الروضة,False,True,العد الكلي للبكتيريا,العد الكلي للبكتيريا,1,,العد الكلي للبكتيريا,False,indicator_only,date_parsed_from_text,12,True
Data 2025.xlsx,3383,2025-04-21,2025-04,2025-W17,2,0,sw-2887-r01,sw-2887-R01,مسحة قطاعة شاورما دجاج,(Swabs) المسحات,Swabs,(Swabs) المسحات,swab,كيلو كباب - حي القادسية,كيلو كباب,حي القادسية,كيلو كباب - حي القادسية,الروضة,بلدية,بلدية الروضة,False,True,العد الكلي للبكتيريا,العد الكلي للبكتيريا,1,,العد الكلي للبكتيريا,False,indicator_only,date_parsed_from_text,13,True
Data 2025.xlsx,3399,2025-04-21,2025-04,2025-W17,2,0,sw-2888-r01,sw-2888-R01,مسحة حافظة بطاطس,(Swabs) المسحات,Swabs,(Swabs) المسحات,swab,مطعم مظبيكم - حي القادسية,مطعم مظبيكم,حي القادسية,مطعم مظبيكم - حي القادسية,الروضة,بلدية,بلدية الروضة,True,False,لا يوجد,,0,,,False,none,date_parsed_from_text,1,False
Data 2025.xlsx,3400,2025-04-21,2025-04,2025-W17,2,0,sw-2889-r01,sw-2889-R01,مسحة طاولة تقطيع خبز,(Swabs) المسحات,Swabs,(Swabs) المسحات,swab,مطعم مظبيكم - حي القادسية,مطعم مظبيكم,حي القادسية,مطعم مظبيكم - حي القادسية,الروضة,بلدية,بلدية الروضة,False,True,العد الكلي للبكتيريا,العد الكلي للبكتيريا,1,,العد الكلي للبكتيريا,False,indicator_only,date_parsed_from_text,2,True
Data 2025.xlsx,3330,2025-04-21,2025-04,2025-W17,2,0,tea-0004-r01,tea-0004-R01,مشروب شاهي مثلج بالسكر,جميع أنواع الشاي (All types of tea),All types of tea,جميع أنواع الشاي (All types of tea),beverage,ريزينج كينز - حي القادسية,ريزينج كينز,حي القادسية,ريزينج كينز - حي القادسية,الروضة,بلدية,بلدية الروضة,True,False,لا يوجد,,0,,,False,none,date_parsed_from_text,1,False
Data 2025.xlsx,3404,2025-04-21,2025-04,2025-W17,2,0,ubot-0939-r01,Ubot-0939-R01,مياه حنفية لغسيل الادوات,المياه الغير معبأة (Unbottled water),Unbottled water,المياه الغير معبأة (Unbottled water),water,ملحمة مزرعتي الذهبية,ملحمة مزرعتي الذهبية,,ملحمة مزرعتي الذهبية,العليا,بلدية,بلدية العليا,True,False,لا يوجد,,0,,,False,none,date_parsed_from_text,0,False
Data 2025.xlsx,3405,2025-04-21,2025-04,2025-W17,2,0,ubot-0940-r01,Ubot-0940-R01,مياه حنفية لغسيل الادوات,المياه الغير معبأة (Unbottled water),Unbottled water,المياه الغير معبأة (Unbottled water),water,كيلو كباب - حي القادسية,كيلو كباب,حي القادسية,كيلو كباب - حي القادسية,الروضة,بلدية,بلدية الروضة,False,True,كوليفورم | ايشيريشيا كولاي,كوليفورم | ايشيريشيا كولاي,2,ايشيريشيا كولاي,كوليفورم,True,pathogen,date_parsed_from_text,14,True
Data 2025.xlsx,3460,2025-04-22,2025-04,2025-W17,2,1,1-2931-R01,1-2931-R01,نكهة سيرم,نكهات مركزة ( Syrup ),Syrup,نكهات مركزة ( Syrup ),sauce_condiment,فوكس سينما - حي القادسية,فوكس سينما,حي القادسية,فوكس سينما - حي القادسية,الروضة,بلدية,بلدية الروضة,True,False,لا يوجد,,0,,,False,none,date_parsed_from_text,0,False
Data 2025.xlsx,3461,2025-04-22,2025-04,2025-W17,2,1,1-2932-R01,1-2932-R01,نكهة فانيلا,نكهات مركزة ( Syrup ),Syrup,نكهات مركزة ( Syrup ),sauce_condiment,فوكس سينما - حي القادسية,فوكس سينما,حي القادسية,فوكس سينما - حي القادسية,الروضة,بلدية,بلدية الروضة,True,False,لا يوجد,,0,,,False,none,date_parsed_from_text,0,False
Data 2025.xlsx,3462,2025-04-22,2025-04,2025-W17,2,1,1-2933-R01,1-2933-R01,فطيرة زعتر,(Pie) فطيرة,Pie,(Pie) فطيرة,sweets_bakery,ميل فوي بيكري - حي القادسية,ميل فوي بيكري,حي القادسية,ميل فوي بيكري - حي القادسية,الروضة,بلدية,بلدية الروضة,True,False,لا يوجد,,0,,,False,none,date_parsed_from_text,0,False
Data 2025.xlsx,3463,2025-04-22,2025-04,2025-W17,2,1,1-2934-R01,1-2934-R01,بيتزا,(Pizza)بيتزا,Pizza,(Pizza)بيتزا,prepared_meal,ميل فوي بيكري - حي القادسية,ميل فوي بيكري,حي القادسية,ميل فوي بيكري - حي القادسية,الروضة,بلدية,بلدية الروضة,True,False,لا يوجد,,0,,,False,none,date_parsed_from_text,0,False
Data 2025.xlsx,3464,2025-04-22,2025-04,2025-W17,2,1,1-2935-R01,1-2935-R01,فطيرة نقانق,(Pie) فطيرة,Pie,(Pie) فطيرة,sweets_bakery,ميل فوي بيكري - حي القادسية,ميل فوي بيكري,حي القادسية,ميل فوي بيكري - حي القادسية,الروضة,بلدية,بلدية الروضة,True,False,لا يوجد,,0,,,False,none,date_parsed_from_text,0,False
Data 2025.xlsx,3465,2025-04-22,2025-04,2025-W17,2,1,1-2936-R01,1-2936-R01,فطيرة سبانخ,(Pie) فطيرة,Pie,(Pie) فطيرة,sweets_bakery,ميل فوي بيكري - حي القادسية,ميل فوي بيكري,حي القادسية,ميل فوي بيكري - حي القادسية,الروضة,بلدية,بلدية الروضة,True,False,لا يوجد,,0,,,False,none,date_parsed_from_text,0,False
Data 2025.xlsx,3477,2025-04-22,2025-04,2025-W17,2,1,O-r-O3-le-0320-R01,O-r-O3-le-0320-R01,قطع خس,الخس (Lettuce),Lettuce,الخس (Lettuce),produce,مطاعم الليوان - حي القادسية,مطاعم الليوان,حي القادسية,مطاعم الليوان - حي القادسية,الروضة,بلدية,بلدية الروضة,True,False,لا يوجد,,0,,,False,none,date_parsed_from_text,1,False
Data 2025.xlsx,3453,2025-04-22,2025-04,2025-W17,2,1,OO-OSS-po-0360-R01,OO-OSS-po-0360-R01,بطاطس تشيتوز,البطاطس (potatoes),potatoes,البطاطس (potatoes),produce,فوكس سينما - حي القادسية,فوكس سينما,حي القادسية,فوكس سينما - حي القادسية,الروضة,بلدية,بلدية الروضة,True,False,لا يوجد,,0,,,False,none,date_parsed_from_text,0,False
Data 2025.xlsx,3444,2025-04-22,2025-04,2025-W17,2,1,OaU-be-0042-R01,OaU-be-0042-R01,مشروب بلو بيري,التوت (berries),berries,التوت (berries),other,فوكس سينما - حي القادسية,فوكس سينما,حي القادسية,فوكس سينما - حي القادسية,الروضة,بلدية,بلدية الروضة,True,False,لا يوجد,,0,,,False,none,date_parsed_from_text|sample_type_unbucketed,0,False
Data 2025.xlsx,3445,2025-04-22,2025-04,2025-W17,2,1,UO-st-0059-R01,UO-st-0059-R01,مشروب فراولة,الفراولة (strawberries),strawberries,الفراولة (strawberries),raw_meat,فوكس سينما - حي القادسية,فوكس سينما,حي القادسية,فوكس سينما - حي القادسية,الروضة,بلدية,بلدية الروضة,True,False,لا يوجد,,0,,,False,none,date_parsed_from_text,0,False
Data 2025.xlsx,3443,2025-04-22,2025-04,2025-W17,2,1,UU-le-0412-R01,UU-le-0412-R01,مشروب ليمون,الليمون (Lemons),Lemons,الليمون (Lemons),produce,فوكس سينما - حي القادسية,فوكس سينما,حي القادسية,فوكس سينما - حي القادسية,الروضة,بلدية,بلدية الروضة,True,False,لا يوجد,,0,,,False,none,date_parsed_from_text,0,False
Data 2025.xlsx,3434,2025-04-22,2025-04,2025-W17,2,1,UU-pe-1129-R01,UU-pe-1129-R01,سيلي تكس,الفلفل (peppers),peppers,الفلفل (peppers),produce,ماك اند تشيز - حي القادسية,ماك اند تشيز,حي القادسية,ماك اند تشيز - حي القادسية,الروضة,بلدية,بلدية الروضة,True,False,لا يوجد,,0,,,False,none,date_parsed_from_text,0,False
Data 2025.xlsx,3474,2025-04-22,2025-04,2025-W17,2,1,appe-0420-r01,Appe-0420-R01,حمص,مقبلات (Appetizers),Appetizers,مقبلات (Appetizers),prepared_meal,مطاعم الليوان - حي القادسية,مطاعم الليوان,حي القادسية,مطاعم الليوان - حي القادسية,الروضة,بلدية,بلدية الروضة,True,False,لا يوجد,,0,,,False,none,date_parsed_from_text,1,False
Data 2025.xlsx,3421,2025-04-22,2025-04,2025-W17,2,1,be-0044-r01,be-0044-R01,مشروب ببسي,المشروبات الغازية (الغير كحولية) (Carbonated beverages) (non - alcoholic ),non - alcoholic,المشروبات الغازية (الغير كحولية) (Carbonated beverages) (non - alcoholic ),beverage,شاورمر القادسية - حي القادسية,شاورمر القادسية,حي القادسية,شاورمر القادسية - حي القادسية,الروضة,بلدية,بلدية الروضة,False,True,العد الكلي للبكتيريا | كوليفورم,العد الكلي للبكتيريا | كوليفورم,2,,العد الكلي للبكتيريا | كوليفورم,False,indicator_only,date_parsed_from_text,6,True
Data 2025.xlsx,3422,2025-04-22,2025-04,2025-W17,2,1,be-0045-r01,be-0045-R01,مشروب ديو,المشروبات الغازية (الغير كحولية) (Carbonated beverages) (non - alcoholic ),non - alcoholic,المشروبات الغازية (الغير كحولية) (Carbonated beverages) (non - alcoholic ),beverage,شاورمر القادسية - حي القادسية,شاورمر القادسية,حي القادسية,شاورمر القادسية - حي القادسية,الروضة,بلدية,بلدية الروضة,True,False,لا يوجد,,0,,,False,none,date_parsed_from_text,6,True
Data 2025.xlsx,3423,2025-04-22,2025-04,2025-W17,2,1,be-0046-r01,be-0046-R01,مشروب ميرندا,المشروبات الغازية (الغير كحولية) (Carbonated beverages) (non - alcoholic ),non - alcoholic,المشروبات الغازية (الغير كحولية) (Carbonated beverages) (non - alcoholic ),beverage,شاورمر القادسية - حي القادسية,شاورمر القادسية,حي القادسية,شاورمر القادسية - حي القادسية,الروضة,بلدية,بلدية الروضة,False,True,العد الكلي للبكتيريا,العد الكلي للبكتيريا,1,,العد الكلي للبكتيريا,False,indicator_only,date_parsed_from_text,7,True
Data 2025.xlsx,3424,2025-04-22,2025-04,2025-W17,2,1,be-0047-r01,be-0047-R01,مشروب سفن اب,المشروبات الغازية (الغير كحولية) (Carbonated beverages) (non - alcoholic ),non - alcoholic,المشروبات الغازية (الغير كحولية) (Carbonated beverages) (non - alcoholic ),beverage,شاورمر القادسية - حي القادسية,شاورمر القادسية,حي القادسية,شاورمر القادسية - حي القادسية,الروضة,بلدية,بلدية الروضة,True,False,لا يوجد,,0,,,False,none,date_parsed_from_text,7,True
Data 2025.xlsx,3446,2025-04-22,2025-04,2025-W17,2,1,be-0048-r01,be-0048-R01,مشروب شاني,المشروبات الغازية (الغير كحولية) (Carbonated beverages) (non - alcoholic ),non - alcoholic,المشروبات الغازية (الغير كحولية) (Carbonated beverages) (non - alcoholic ),beverage,فوكس سينما - حي القادسية,فوكس سينما,حي القادسية,فوكس سينما - حي القادسية,الروضة,بلدية,بلدية الروضة,True,False,لا يوجد,,0,,,False,none,date_parsed_from_text,0,False
Data 2025.xlsx,3449,2025-04-22,2025-04,2025-W17,2,1,be-0049-r01,be-0049-R01,مشروب ديو,المشروبات الغازية (الغير كحولية) (Carbonated beverages) (non - alcoholic ),non - alcoholic,المشروبات الغازية (الغير كحولية) (Carbonated beverages) (non - alcoholic ),beverage,فوكس سينما - حي القادسية,فوكس سينما,حي القادسية,فوكس سينما - حي القادسية,الروضة,بلدية,بلدية الروضة,True,False,لا يوجد,,0,,,False,none,date_parsed_from_text,0,False
Data 2025.xlsx,3450,2025-04-22,2025-04,2025-W17,2,1,be-0050-r01,be-0050-R01,مشروب ببسي سلاش,المشروبات الغازية (الغير كحولية) (Carbonated beverages) (non - alcoholic ),non - alcoholic,المشروبات الغازية (الغير كحولية) (Carbonated beverages) (non - alcoholic ),beverage,فوكس سينما - حي القادسية,فوكس سينما,حي القادسية,فوكس سينما - حي القادسية,الروضة,بلدية,بلدية الروضة,True,False,لا يوجد,,0,,,False,none,date_parsed_from_text,0,False
Data 2025.xlsx,3451,2025-04-22,2025-04,2025-W17,2,1,be-0051-r01,be-0051-R01,مشروب ميرندا سلاش,المشروبات الغازية (الغير كحولية) (Carbonated beverages) (non - alcoholic ),non - alcoholic,المشروبات الغازية (الغير كحولية) (Carbonated beverages) (non - alcoholic ),beverage,فوكس سينما - حي القادسية,فوكس سينما,حي القادسية,فوكس سينما - حي القادسية,الروضة,بلدية,بلدية الروضة,True,False,لا يوجد,,0,,,False,none,date_parsed_from_text,0,False
Data 2025.xlsx,3452,2025-04-22,2025-04,2025-W17,2,1,be-0052-r01,be-0052-R01,مشروب ديو سلاش,المشروبات الغازية (الغير كحولية) (Carbonated beverages) (non - alcoholic ),non - alcoholic,المشروبات الغازية (الغير كحولية) (Carbonated beverages) (non - alcoholic ),beverage,فوكس سينما - حي القادسية,فوكس سينما,حي القادسية,فوكس سينما - حي القادسية,الروضة,بلدية,بلدية الروضة,True,False,لا يوجد,,0,,,False,none,date_parsed_from_text,0,False
Data 2025.xlsx,3480,2025-04-22,2025-04,2025-W17,2,1,be-0053-r01,be-0053-R01,مشروب ببسي,المشروبات الغازية (الغير كحولية) (Carbonated beverages) (non - alcoholic ),non - alcoholic,المشروبات الغازية (الغير كحولية) (Carbonated beverages) (non - alcoholic ),beverage,مطاعم الليوان - حي القادسية,مطاعم الليوان,حي القادسية,مطاعم الليوان - حي القادسية,الروضة,بلدية,بلدية الروضة,False,True,العد الكلي للبكتيريا,العد الكلي للبكتيريا,1,,العد الكلي للبكتيريا,False,indicator_only,date_parsed_from_text,2,True
Data 2025.xlsx,3481,2025-04-22,2025-04,2025-W17,2,1,be-0054-r01,be-0054-R01,مشروب ديو,المشروبات الغازية (الغير كحولية) (Carbonated beverages) (non - alcoholic ),non - alcoholic,المشروبات الغازية (الغير كحولية) (Carbonated beverages) (non - alcoholic ),beverage,مطاعم الليوان - حي القادسية,مطاعم الليوان,حي القادسية,مطاعم الليوان - حي القادسية,الروضة,بلدية,بلدية الروضة,False,True,العد الكلي للبكتيريا,العد الكلي للبكتيريا,1,,العد الكلي للبكتيريا,False,indicator_only,date_parsed_from_text,3,True
Data 2025.xlsx,3482,2025-04-22,2025-04,2025-W17,2,1,be-0055-r01,be-0055-R01,مشروب ميرندا,المشروبات الغازية (الغير كحولية) (Carbonated beverages) (non - alcoholic ),non - alcoholic,المشروبات الغازية (الغير كحولية) (Carbonated beverages) (non - alcoholic ),beverage,مطاعم الليوان - حي القادسية,مطاعم الليوان,حي القادسية,مطاعم الليوان - حي القادسية,الروضة,بلدية,بلدية الروضة,False,True,كوليفورم,كوليفورم,1,,كوليفورم,False,indicator_only,date_parsed_from_text,4,True
Data 2025.xlsx,3483,2025-04-22,2025-04,2025-W17,2,1,be-0056-r01,be-0056-R01,مشروب سفن اب,المشروبات الغازية (الغير كحولية) (Carbonated beverages) (non - alcoholic ),non - alcoholic,المشروبات الغازية (الغير كحولية) (Carbonated beverages) (non - alcoholic ),beverage,مطاعم الليوان - حي القادسية,مطاعم الليوان,حي القادسية,مطاعم الليوان - حي القادسية,الروضة,بلدية,بلدية الروضة,False,True,العد الكلي للبكتيريا,العد الكلي للبكتيريا,1,,العد الكلي للبكتيريا,False,indicator_only,date_parsed_from_text,5,True
Data 2025.xlsx,3433,2025-04-22,2025-04,2025-W17,2,1,chee-0710-r01,Chee-0710-R01,بربيزان تشيز,(cheese) جبنة,cheese,(cheese) جبنة,dairy,ماك اند تشيز - حي القادسية,ماك اند تشيز,حي القادسية,ماك اند تشيز - حي القادسية,الروضة,بلدية,بلدية الروضة,True,False,لا يوجد,,0,,,False,none,date_parsed_from_text,0,False
Data 2025.xlsx,3479,2025-04-22,2025-04,2025-W17,2,1,chee-0711-r01,Chee-0711-R01,شرائح جبن,(cheese) جبنة,cheese,(cheese) جبنة,dairy,مطاعم الليوان - حي القادسية,مطاعم الليوان,حي القادسية,مطاعم الليوان - حي القادسية,الروضة,بلدية,بلدية الروضة,True,False,لا يوجد,,0,,,False,none,date_parsed_from_text,1,False
Data 2025.xlsx,3418,2025-04-22,2025-04,2025-W17,2,1,co-0474-r01,co-0474-R01,قطع شاورما الدجاج,الدجاج المطبوخ (Cooked chicken),Cooked chicken,الدجاج المطبوخ (Cooked chicken),cooked_meat_poultry,شاورمر القادسية - حي القادسية,شاورمر القادسية,حي القادسية,شاورمر القادسية - حي القادسية,الروضة,بلدية,بلدية الروضة,True,False,لا يوجد,,0,,,False,none,date_parsed_from_text,4,True
Data 2025.xlsx,3438,2025-04-22,2025-04,2025-W17,2,1,jui-0422-r01,jui-0422-R01,عصير ليمون,العصائر الطازجة Un-pasteurized juices (fresh),fresh,العصائر الطازجة Un-pasteurized juices (fresh),beverage,ماك اند تشيز - حي القادسية,ماك اند تشيز,حي القادسية,ماك اند تشيز - حي القادسية,الروضة,بلدية,بلدية الروضة,True,False,لا يوجد,,0,,,False,none,date_parsed_from_text,1,False
Data 2025.xlsx,3419,2025-04-22,2025-04,2025-W17,2,1,pick-0390-r01,Pick-0390-R01,مخلل خيار,المخلل (Pickle),Pickle,المخلل (Pickle),sauce_condiment,شاورمر القادسية - حي القادسية,شاورمر القادسية,حي القادسية,شاورمر القادسية - حي القادسية,الروضة,بلدية,بلدية الروضة,True,False,لا يوجد,,0,,,False,none,date_parsed_from_text,4,True
Data 2025.xlsx,3478,2025-04-22,2025-04,2025-W17,2,1,pick-0391-r01,Pick-0391-R01,مخلل خيار,المخلل (Pickle),Pickle,المخلل (Pickle),sauce_condiment,مطاعم الليوان - حي القادسية,مطاعم الليوان,حي القادسية,مطاعم الليوان - حي القادسية,الروضة,بلدية,بلدية الروضة,True,False,لا يوجد,,0,,,False,none,date_parsed_from_text,1,False
Data 2025.xlsx,3440,2025-04-22,2025-04,2025-W17,2,1,pop-0001-r01,POP-0001-R01,فشار مالح,فشار (Popcorn),Popcorn,فشار (Popcorn),produce,فوكس سينما - حي القادسية,فوكس سينما,حي القادسية,فوكس سينما - حي القادسية,الروضة,بلدية,بلدية الروضة,True,False,لا يوجد,,0,,,False,none,date_parsed_from_text,0,False
Data 2025.xlsx,3441,2025-04-22,2025-04,2025-W17,2,1,pop-0002-r01,POP-0002-R01,فشار جبن,فشار (Popcorn),Popcorn,فشار (Popcorn),produce,فوكس سينما - حي القادسية,فوكس سينما,حي القادسية,فوكس سينما - حي القادسية,الروضة,بلدية,بلدية الروضة,True,False,لا يوجد,,0,,,False,none,date_parsed_from_text,0,False
Data 2025.xlsx,3442,2025-04-22,2025-04,2025-W17,2,1,pop-0003-r01,POP-0003-R01,فشار كراميل,فشار (Popcorn),Popcorn,فشار (Popcorn),produce,فوكس سينما - حي القادسية,فوكس سينما,حي القادسية,فوكس سينما - حي القادسية,الروضة,بلدية,بلدية الروضة,True,False,لا يوجد,,0,,,False,none,date_parsed_from_text,0,False
Data 2025.xlsx,3406,2025-04-22,2025-04,2025-W17,2,1,raw-0117-r01,Raw-0117-R01,لحم رجل غنم نعيمي بلدي,لحوم نيئة مبردة ومجمدة (Raw meat Cold or chilled ),Raw meat Cold or chilled,لحوم نيئة مبردة ومجمدة (Raw meat Cold or chilled ),raw_meat,ملحمة ابو ماجد,ملحمة ابو ماجد,,ملحمة ابو ماجد,العليا,بلدية,بلدية العليا,True,False,لا يوجد,,0,,,False,none,date_parsed_from_text,0,False
Data 2025.xlsx,3407,2025-04-22,2025-04,2025-W17,2,1,raw-0118-r01,Raw-0118-R01,لحم يد حاشي بلدي,لحوم نيئة مبردة ومجمدة (Raw meat Cold or chilled ),Raw meat Cold or chilled,لحوم نيئة مبردة ومجمدة (Raw meat Cold or chilled ),raw_meat,ملحمة ابو ماجد,ملحمة ابو ماجد,,ملحمة ابو ماجد,العليا,بلدية,بلدية العليا,False,True,السالمونيلا,السالمونيلا,1,السالمونيلا,,True,pathogen,date_parsed_from_text,1,False
Data 2025.xlsx,3408,2025-04-22,2025-04,2025-W17,2,1,raw-0119-r01,Raw-0119-R01,قلب حاشي بلدي,لحوم نيئة مبردة ومجمدة (Raw meat Cold or chilled ),Raw meat Cold or chilled,لحوم نيئة مبردة ومجمدة (Raw meat Cold or chilled ),raw_meat,ملحمة ابو ماجد,ملحمة ابو ماجد,,ملحمة ابو ماجد,العليا,بلدية,بلدية العليا,False,True,السالمونيلا,السالمونيلا,1,السالمونيلا,,True,pathogen,date_parsed_from_text,2,True
Data 2025.xlsx,3409,2025-04-22,2025-04,2025-W17,2,1,raw-0120-r01,Raw-0120-R01,كبدة حاشي بلدي,لحوم نيئة مبردة ومجمدة (Raw meat Cold or chilled ),Raw meat Cold or chilled,لحوم نيئة مبردة ومجمدة (Raw meat Cold or chilled ),raw_meat,ملحمة ابو ماجد,ملحمة ابو ماجد,,ملحمة ابو ماجد,العليا,بلدية,بلدية العليا,True,False,لا يوجد,,0,,,False,none,date_parsed_from_text,2,True
Data 2025.xlsx,3410,2025-04-22,2025-04,2025-W17,2,1,raw-0121-r01,Raw-0121-R01,كلية حاشي بلدي,لحوم نيئة مبردة ومجمدة (Raw meat Cold or chilled ),Raw meat Cold or chilled,لحوم نيئة مبردة ومجمدة (Raw meat Cold or chilled ),raw_meat,ملحمة ابو ماجد,ملحمة ابو ماجد,,ملحمة ابو ماجد,العليا,بلدية,بلدية العليا,True,False,لا يوجد,,0,,,False,none,date_parsed_from_text,2,True
Data 2025.xlsx,3411,2025-04-22,2025-04,2025-W17,2,1,raw-0122-r01,Raw-0122-R01,كبدة غنم بلدي,لحوم نيئة مبردة ومجمدة (Raw meat Cold or chilled ),Raw meat Cold or chilled,لحوم نيئة مبردة ومجمدة (Raw meat Cold or chilled ),raw_meat,ملحمة ابو ماجد,ملحمة ابو ماجد,,ملحمة ابو ماجد,العليا,بلدية,بلدية العليا,False,True,العد الكلي للبكتيريا | السالمونيلا,العد الكلي للبكتيريا | السالمونيلا,2,السالمونيلا,العد الكلي للبكتيريا,True,pathogen,date_parsed_from_text,3,True
Data 2025.xlsx,3412,2025-04-22,2025-04,2025-W17,2,1,raw-0123-r01,Raw-0123-R01,كلية غنم بلدي,لحوم نيئة مبردة ومجمدة (Raw meat Cold or chilled ),Raw meat Cold or chilled,لحوم نيئة مبردة ومجمدة (Raw meat Cold or chilled ),raw_meat,ملحمة ابو ماجد,ملحمة ابو ماجد,,ملحمة ابو ماجد,العليا,بلدية,بلدية العليا,False,True,السالمونيلا,السالمونيلا,1,السالمونيلا,,True,pathogen,date_parsed_from_text,4,True
Data 2025.xlsx,3413,2025-04-22,2025-04,2025-W17,2,1,raw-0124-r01,Raw-0124-R01,قلب غنم بلدي,لحوم نيئة مبردة ومجمدة (Raw meat Cold or chilled ),Raw meat Cold or chilled,لحوم نيئة مبردة ومجمدة (Raw meat Cold or chilled ),raw_meat,ملحمة ابو ماجد,ملحمة ابو ماجد,,ملحمة ابو ماجد,العليا,بلدية,بلدية العليا,False,True,العد الكلي للبكتيريا | السالمونيلا,العد الكلي للبكتيريا | السالمونيلا,2,السالمونيلا,العد الكلي للبكتيريا,True,pathogen,date_parsed_from_text,5,True
Data 2025.xlsx,3475,2025-04-22,2025-04,2025-W17,2,1,sal-1269-r01,Sal-1269-R01,سلطة ملفوف,السلطة(Salad),Salad,السلطة(Salad),produce,مطاعم الليوان - حي القادسية,مطاعم الليوان,حي القادسية,مطاعم الليوان - حي القادسية,الروضة,بلدية,بلدية الروضة,True,False,لا يوجد,,0,,,False,none,date_parsed_from_text,1,False
Data 2025.xlsx,3414,2025-04-22,2025-04,2025-W17,2,1,sau-1453-r01,sau-1453-R01,صوص ثوم مع كزبرة,صوص (sauce),sauce,صوص (sauce),sauce_condiment,شاورمر القادسية - حي القادسية,شاورمر القادسية,حي القادسية,شاورمر القادسية - حي القادسية,الروضة,بلدية,بلدية الروضة,False,True,السالمونيلا,السالمونيلا,1,السالمونيلا,,True,pathogen,date_parsed_from_text,1,False
Data 2025.xlsx,3415,2025-04-22,2025-04,2025-W17,2,1,sau-1454-r01,sau-1454-R01,صوص اوب سبايسي,صوص (sauce),sauce,صوص (sauce),sauce_condiment,شاورمر القادسية - حي القادسية,شاورمر القادسية,حي القادسية,شاورمر القادسية - حي القادسية,الروضة,بلدية,بلدية الروضة,False,True,السالمونيلا,السالمونيلا,1,السالمونيلا,,True,pathogen,date_parsed_from_text,2,True
Data 2025.xlsx,3416,2025-04-22,2025-04,2025-W17,2,1,sau-1455-r01,sau-1455-R01,صوص ابو خلطة,صوص (sauce),sauce,صوص (sauce),sauce_condiment,شاورمر القادسية - حي القادسية,شاورمر القادسية,حي القادسية,شاورمر القادسية - حي القادسية,الروضة,بلدية,بلدية الروضة,False,True,السالمونيلا,السالمونيلا,1,السالمونيلا,,True,pathogen,date_parsed_from_text,3,True
Data 2025.xlsx,3417,2025-04-22,2025-04,2025-W17,2,1,sau-1456-r01,sau-1456-R01,صوص ثوم,صوص (sauce),sauce,صوص (sauce),sauce_condiment,شاورمر القادسية - حي القادسية,شاورمر القادسية,حي القادسية,شاورمر القادسية - حي القادسية,الروضة,بلدية,بلدية الروضة,False,True,السالمونيلا,السالمونيلا,1,السالمونيلا,,True,pathogen,date_parsed_from_text,4,True
Data 2025.xlsx,3420,2025-04-22,2025-04,2025-W17,2,1,sau-1457-r01,sau-1457-R01,صوص ثوم حار (مغلق),صوص (sauce),sauce,صوص (sauce),sauce_condiment,شاورمر القادسية - حي القادسية,شاورمر القادسية,حي القادسية,شاورمر القادسية - حي القادسية,الروضة,بلدية,بلدية الروضة,False,True,العد الكلي للبكتيريا,العد الكلي للبكتيريا,1,,العد الكلي للبكتيريا,False,indicator_only,date_parsed_from_text,5,True
Data 2025.xlsx,3435,2025-04-22,2025-04,2025-W17,2,1,sau-1458-r01,sau-1458-R01,صوص ثاوزن ايلند,صوص (sauce),sauce,صوص (sauce),sauce_condiment,ماك اند تشيز - حي القادسية,ماك اند تشيز,حي القادسية,ماك اند تشيز - حي القادسية,الروضة,بلدية,بلدية الروضة,False,True,العد الكلي للبكتيريا,العد الكلي للبكتيريا,1,,العد الكلي للبكتيريا,False,indicator_only,date_parsed_from_text,1,False
Data 2025.xlsx,3436,2025-04-22,2025-04,2025-W17,2,1,sau-1459-r01,sau-1459-R01,صوص سيزر,صوص (sauce),sauce,صوص (sauce),sauce_condiment,ماك اند تشيز - حي القادسية,ماك اند تشيز,حي القادسية,ماك اند تشيز - حي القادسية,الروضة,بلدية,بلدية الروضة,True,False,لا يوجد,,0,,,False,none,date_parsed_from_text,1,False
Data 2025.xlsx,3437,2025-04-22,2025-04,2025-W17,2,1,sau-1460-r01,sau-1460-R01,صوص مايونيز,صوص (sauce),sauce,صوص (sauce),sauce_condiment,ماك اند تشيز - حي القادسية,ماك اند تشيز,حي القادسية,ماك اند تشيز - حي القادسية,الروضة,بلدية,بلدية الروضة,True,False,لا يوجد,,0,,,False,none,date_parsed_from_text,1,False
Data 2025.xlsx,3439,2025-04-22,2025-04,2025-W17,2,1,sau-1461-r01,sau-1461-R01,صوص كاتشب,صوص (sauce),sauce,صوص (sauce),sauce_condiment,ماك اند تشيز - حي القادسية,ماك اند تشيز,حي القادسية,ماك اند تشيز - حي القادسية,الروضة,بلدية,بلدية الروضة,True,False,لا يوجد,,0,,,False,none,date_parsed_from_text,1,False
Data 2025.xlsx,3472,2025-04-22,2025-04,2025-W17,2,1,sau-1462-r01,sau-1462-R01,صوص كريم جبن,صوص (sauce),sauce,صوص (sauce),sauce_condiment,مطاعم الليوان - حي القادسية,مطاعم الليوان,حي القادسية,مطاعم الليوان - حي القادسية,الروضة,بلدية,بلدية الروضة,True,False,لا يوجد,,0,,,False,none,date_parsed_from_text,0,False
Data 2025.xlsx,3473,2025-04-22,2025-04,2025-W17,2,1,sau-1463-r01,sau-1463-R01,صوص سبايسي,صوص (sauce),sauce,صوص (sauce),sauce_condiment,مطاعم الليوان - حي القادسية,مطاعم الليوان,حي القادسية,مطاعم الليوان - حي القادسية,الروضة,بلدية,بلدية الروضة,False,True,العد الكلي للبكتيريا | الخمائر والاعفان,العد الكلي للبكتيريا | الخمائر والاعفان,2,,العد الكلي للبكتيريا | الخمائر والاعفان,False,indicator_only,date_parsed_from_text,1,False
Data 2025.xlsx,3476,2025-04-22,2025-04,2025-W17,2,1,sau-1464-r01,sau-1464-R01,صوص ثوم,صوص (sauce),sauce,صوص (sauce),sauce_condiment,مطاعم الليوان - حي القادسية,مطاعم الليوان,حي القادسية,مطاعم الليوان - حي القادسية,الروضة,بلدية,بلدية الروضة,True,False,لا يوجد,,0,,,False,none,date_parsed_from_text,1,False
Data 2025.xlsx,3425,2025-04-22,2025-04,2025-W17,2,1,sw-2890-r01,sw-2890-R01,مسحة حافظة بطاطس مقلي,(Swabs) المسحات,Swabs,(Swabs) المسحات,swab,شاورمر القادسية - حي القادسية,شاورمر القادسية,حي القادسية,شاورمر القادسية - حي القادسية,الروضة,بلدية,بلدية الروضة,True,False,لا يوجد,,0,,,False,none,date_parsed_from_text,7,True
Data 2025.xlsx,3426,2025-04-22,2025-04,2025-W17,2,1,sw-2891-r01,sw-2891-R01,مسحة حافظة بطاطس مقلي,(Swabs) المسحات,Swabs,(Swabs) المسحات,swab,شاورمر القادسية - حي القادسية,شاورمر القادسية,حي القادسية,شاورمر القادسية - حي القادسية,الروضة,بلدية,بلدية الروضة,True,False,لا يوجد,,0,,,False,none,date_parsed_from_text,7,True
Data 2025.xlsx,3427,2025-04-22,2025-04,2025-W17,2,1,sw-2892-r01,sw-2892-R01,مسحة حافظة صوصات,(Swabs) المسحات,Swabs,(Swabs) المسحات,swab,شاورمر القادسية - حي القادسية,شاورمر القادسية,حي القادسية,شاورمر القادسية - حي القادسية,الروضة,بلدية,بلدية الروضة,True,False,لا يوجد,,0,,,False,none,date_parsed_from_text,7,True
Data 2025.xlsx,3428,2025-04-22,2025-04,2025-W17,2,1,sw-2893-r01,sw-2893-R01,مسحة طاولة تقطيع شاورما (ساندويتش),(Swabs) المسحات,Swabs,(Swabs) المسحات,swab,شاورمر القادسية - حي القادسية,شاورمر القادسية,حي القادسية,شاورمر القادسية - حي القادسية,الروضة,بلدية,بلدية الروضة,True,False,لا يوجد,,0,,,False,none,date_parsed_from_text,7,True
Data 2025.xlsx,3429,2025-04-22,2025-04,2025-W17,2,1,sw-2894-r01,sw-2894-R01,مسحة حافظة بطاطس مقلي,(Swabs) المسحات,Swabs,(Swabs) المسحات,swab,شاورمر القادسية - حي القادسية,شاورمر القادسية,حي القادسية,شاورمر القادسية - حي القادسية,الروضة,بلدية,بلدية الروضة,True,False,لا يوجد,,0,,,False,none,date_parsed_from_text,7,True
Data 2025.xlsx,3430,2025-04-22,2025-04,2025-W17,2,1,sw-2895-r01,sw-2895-R01,مسحة حافظة بطاطس مقلي,(Swabs) المسحات,Swabs,(Swabs) المسحات,swab,شاورمر القادسية - حي القادسية,شاورمر القادسية,حي القادسية,شاورمر القادسية - حي القادسية,الروضة,بلدية,بلدية الروضة,True,False,لا يوجد,,0,,,False,none,date_parsed_from_text,7,True
Data 2025.xlsx,3431,2025-04-22,2025-04,2025-W17,2,1,sw-2896-r01,sw-2896-R01,مسحة صانعة ثلج,(Swabs) المسحات,Swabs,(Swabs) المسحات,swab,شاورمر القادسية - حي القادسية,شاورمر القادسية,حي القادسية,شاورمر القادسية - حي القادسية,الروضة,بلدية,بلدية الروضة,True,False,لا يوجد,,0,,,False,none,date_parsed_from_text,7,True
Data 2025.xlsx,3432,2025-04-22,2025-04,2025-W17,2,1,sw-2897-r01,sw-2897-R01,مسحة حافظة ثلج,(Swabs) المسحات,Swabs,(Swabs) المسحات,swab,شاورمر القادسية - حي القادسية,شاورمر القادسية,حي القادسية,شاورمر القادسية - حي القادسية,الروضة,بلدية,بلدية الروضة,True,False,لا يوجد,,0,,,False,none,date_parsed_from_text,7,True
Data 2025.xlsx,3454,2025-04-22,2025-04,2025-W17,2,1,sw-2898-r01,sw-2898-R01,مسحة عصارة صانعة ثلج,(Swabs) المسحات,Swabs,(Swabs) المسحات,swab,فوكس سينما - حي القادسية,فوكس سينما,حي القادسية,فوكس سينما - حي القادسية,الروضة,بلدية,بلدية الروضة,True,False,لا يوجد,,0,,,False,none,date_parsed_from_text,0,False
Data 2025.xlsx,3455,2025-04-22,2025-04,2025-W17,2,1,sw-2899-r01,sw-2899-R01,مسحة خلاطة بوب كور (فشار),(Swabs) المسحات,Swabs,(Swabs) المسحات,swab,فوكس سينما - حي القادسية,فوكس سينما,حي القادسية,فوكس سينما - حي القادسية,الروضة,بلدية,بلدية الروضة,True,False,لا يوجد,,0,,,False,none,date_parsed_from_text,0,False
Data 2025.xlsx,3456,2025-04-22,2025-04,2025-W17,2,1,sw-2900-r01,sw-2900-R01,مسحة حافظة بوب كورن,(Swabs) المسحات,Swabs,(Swabs) المسحات,swab,فوكس سينما - حي القادسية,فوكس سينما,حي القادسية,فوكس سينما - حي القادسية,الروضة,بلدية,بلدية الروضة,True,False,لا يوجد,,0,,,False,none,date_parsed_from_text,0,False
Data 2025.xlsx,3457,2025-04-22,2025-04,2025-W17,2,1,sw-2901-r01,sw-2901-R01,مسحة حافظة بوب كورن,(Swabs) المسحات,Swabs,(Swabs) المسحات,swab,فوكس سينما - حي القادسية,فوكس سينما,حي القادسية,فوكس سينما - حي القادسية,الروضة,بلدية,بلدية الروضة,True,False,لا يوجد,,0,,,False,none,date_parsed_from_text,0,False
Data 2025.xlsx,3458,2025-04-22,2025-04,2025-W17,2,1,sw-2902-r01,sw-2902-R01,مسحة حافظة بوب كورن,(Swabs) المسحات,Swabs,(Swabs) المسحات,swab,فوكس سينما - حي القادسية,فوكس سينما,حي القادسية,فوكس سينما - حي القادسية,الروضة,بلدية,بلدية الروضة,True,False,لا يوجد,,0,,,False,none,date_parsed_from_text,0,False
Data 2025.xlsx,3459,2025-04-22,2025-04,2025-W17,2,1,sw-2903-r01,sw-2903-R01,مسحة ادوات بوب كورن,(Swabs) المسحات,Swabs,(Swabs) المسحات,swab,فوكس سينما - حي القادسية,فوكس سينما,حي القادسية,فوكس سينما - حي القادسية,الروضة,بلدية,بلدية الروضة,True,False,لا يوجد,,0,,,False,none,date_parsed_from_text,0,False
Data 2025.xlsx,3470,2025-04-22,2025-04,2025-W17,2,1,sw-2904-r01,sw-2904-R01,مسحة ثلاجة حلا,(Swabs) المسحات,Swabs,(Swabs) المسحات,swab,ميل فوي بيكري - حي القادسية,ميل فوي بيكري,حي القادسية,ميل فوي بيكري - حي القادسية,الروضة,بلدية,بلدية الروضة,True,False,لا يوجد,,0,,,False,none,date_parsed_from_text,0,False
Data 2025.xlsx,3484,2025-04-22,2025-04,2025-W17,2,1,sw-2905-r01,sw-2905-R01,مسحة ثلاجة اعداد ساندويتش,(Swabs) المسحات,Swabs,(Swabs) المسحات,swab,مطاعم الليوان - حي القادسية,مطاعم الليوان,حي القادسية,مطاعم الليوان - حي القادسية,الروضة,بلدية,بلدية الروضة,True,False,لا يوجد,,0,,,False,none,date_parsed_from_text,5,True
Data 2025.xlsx,3485,2025-04-22,2025-04,2025-W17,2,1,sw-2906-r01,sw-2906-R01,مسحة حافظة بطاطس,(Swabs) المسحات,Swabs,(Swabs) المسحات,swab,مطاعم الليوان - حي القادسية,مطاعم الليوان,حي القادسية,مطاعم الليوان - حي القادسية,الروضة,بلدية,بلدية الروضة,True,False,لا يوجد,,0,,,False,none,date_parsed_from_text,5,True
Data 2025.xlsx,3466,2025-04-22,2025-04,2025-W17,2,1,sweet-0963-r01,sweet-0963-R01,كيكة بيكان,الحلا(sweetness),sweetness,الحلا(sweetness),sweets_bakery,ميل فوي بيكري - حي القادسية,ميل فوي بيكري,حي القادسية,ميل فوي بيكري - حي القادسية,الروضة,بلدية,بلدية الروضة,True,False,لا يوجد,,0,,,False,none,date_parsed_from_text,0,False
Data 2025.xlsx,3467,2025-04-22,2025-04,2025-W17,2,1,sweet-0964-r01,sweet-0964-R01,تارت فراولة,الحلا(sweetness),sweetness,الحلا(sweetness),sweets_bakery,ميل فوي بيكري - حي القادسية,ميل فوي بيكري,حي القادسية,ميل فوي بيكري - حي القادسية,الروضة,بلدية,بلدية الروضة,True,False,لا يوجد,,0,,,False,none,date_parsed_from_text,0,False
Data 2025.xlsx,3468,2025-04-22,2025-04,2025-W17,2,1,sweet-0965-r01,sweet-0965-R01,كوكيز شوكولاتة,الحلا(sweetness),sweetness,الحلا(sweetness),sweets_bakery,ميل فوي بيكري - حي القادسية,ميل فوي بيكري,حي القادسية,ميل فوي بيكري - حي القادسية,الروضة,بلدية,بلدية الروضة,True,False,لا يوجد,,0,,,False,none,date_parsed_from_text,0,False
Data 2025.xlsx,3469,2025-04-22,2025-04,2025-W17,2,1,sweet-0966-r01,sweet-0966-R01,ميني اكلير شوكولاتة,الحلا(sweetness),sweetness,الحلا(sweetness),sweets_bakery,ميل فوي بيكري - حي القادسية,ميل فوي بيكري,حي القادسية,ميل فوي بيكري - حي القادسية,الروضة,بلدية,بلدية الروضة,True,False,لا يوجد,,0,,,False,none,date_parsed_from_text,0,False
Data 2025.xlsx,3471,2025-04-22,2025-04,2025-W17,2,1,sweet-0967-r01,sweet-0967-R01,مكس معكرون,الحلا(sweetness),sweetness,الحلا(sweetness),sweets_bakery,ميل فوي بيكري - حي القادسية,ميل فوي بيكري,حي القادسية,ميل فوي بيكري - حي القادسية,الروضة,بلدية,بلدية الروضة,True,False,لا يوجد,,0,,,False,none,date_parsed_from_text,0,False
Data 2025.xlsx,3447,2025-04-22,2025-04,2025-W17,2,1,tea-0005-r01,tea-0005-R01,ايس تي خوخ,جميع أنواع الشاي (All types of tea),All types of tea,جميع أنواع الشاي (All types of tea),beverage,فوكس سينما - حي القادسية,فوكس سينما,حي القادسية,فوكس سينما - حي القادسية,الروضة,بلدية,بلدية الروضة,True,False,لا يوجد,,0,,,False,none,date_parsed_from_text,0,False
Data 2025.xlsx,3448,2025-04-22,2025-04,2025-W17,2,1,tea-0006-r01,tea-0006-R01,ايس تي ليمون,جميع أنواع الشاي (All types of tea),All types of tea,جميع أنواع الشاي (All types of tea),beverage,فوكس سينما - حي القادسية,فوكس سينما,حي القادسية,فوكس سينما - حي القادسية,الروضة,بلدية,بلدية الروضة,True,False,لا يوجد,,0,,,False,none,date_parsed_from_text,0,False
Data 2025.xlsx,3486,2025-04-22,2025-04,2025-W17,2,1,ubot-0941-r01,Ubot-0941-R01,مياه غسيل الادوات,المياه الغير معبأة (Unbottled water),Unbottled water,المياه الغير معبأة (Unbottled water),water,ملحمة ابو ماجد,ملحمة ابو ماجد,,ملحمة ابو ماجد,العليا,بلدية,بلدية العليا,True,False,لا يوجد,,0,,,False,none,date_parsed_from_text,5,True
Data 2025.xlsx,3487,2025-04-22,2025-04,2025-W17,2,1,ubot-0942-r01,Ubot-0942-R01,مياه فلتر لغسيل الادوات,المياه الغير معبأة (Unbottled water),Unbottled water,المياه الغير معبأة (Unbottled water),water,شاورمر القادسية - حي القادسية,شاورمر القادسية,حي القادسية,شاورمر القادسية - حي القادسية,الروضة,بلدية,بلدية الروضة,True,False,لا يوجد,,0,,,False,none,date_parsed_from_text,7,True
Data 2025.xlsx,3488,2025-04-22,2025-04,2025-W17,2,1,ubot-0943-r01,Ubot-0943-R01,مياه حنفية لغسيل الادوات,المياه الغير معبأة (Unbottled water),Unbottled water,المياه الغير معبأة (Unbottled water),water,ميل فوي بيكري - حي القادسية,ميل فوي بيكري,حي القادسية,ميل فوي بيكري - حي القادسية,الروضة,بلدية,بلدية الروضة,True,False,لا يوجد,,0,,,False,none,date_parsed_from_text,0,False
Data 2025.xlsx,3489,2025-04-22,2025-04,2025-W17,2,1,ubot-0944-r01,Ubot-0944-R01,مياه حنفية لغسيل الادوات,المياه الغير معبأة (Unbottled water),Unbottled water,المياه الغير معبأة (Unbottled water),water,مطاعم الليوان - حي القادسية,مطاعم الليوان,حي القادسية,مطاعم الليوان - حي القادسية,الروضة,بلدية,بلدية الروضة,True,False,لا يوجد,,0,,,False,none,date_parsed_from_text,5,True
Data 2025.xlsx,3490,2025-04-23,2025-04,2025-W17,2,2,raw-0125-r01,Raw-0125-R01,لحم رجل بقر بلدي,لحوم نيئة مبردة ومجمدة (Raw meat Cold or chilled ),Raw meat Cold or chilled,لحوم نيئة مبردة ومجمدة (Raw meat Cold or chilled ),raw_meat,ملحمة لبون للانتاج الغذائي,ملحمة لبون للانتاج الغذائي,,ملحمة لبون للانتاج الغذائي,العليا,بلدية,بلدية العليا,True,False,لا يوجد,,0,,,False,none,date_parsed_from_text,0,False
Data 2025.xlsx,3491,2025-04-23,2025-04,2025-W17,2,2,raw-0126-r01,Raw-0126-R01,لحم كتف حاشي بلدي,لحوم نيئة مبردة ومجمدة (Raw meat Cold or chilled ),Raw meat Cold or chilled,لحوم نيئة مبردة ومجمدة (Raw meat Cold or chilled ),raw_meat,ملحمة لبون للانتاج الغذائي,ملحمة لبون للانتاج الغذائي,,ملحمة لبون للانتاج الغذائي,العليا,بلدية,بلدية العليا,True,False,لا يوجد,,0,,,False,none,date_parsed_from_text,0,False
Data 2025.xlsx,3492,2025-04-23,2025-04,2025-W17,2,2,raw-0127-r01,Raw-0127-R01,لحم فخذ نعيمي بلدي,لحوم نيئة مبردة ومجمدة (Raw meat Cold or chilled ),Raw meat Cold or chilled,لحوم نيئة مبردة ومجمدة (Raw meat Cold or chilled ),raw_meat,ملحمة لبون للانتاج الغذائي,ملحمة لبون للانتاج الغذائي,,ملحمة لبون للانتاج الغذائي,العليا,بلدية,بلدية العليا,True,False,لا يوجد,,0,,,False,none,date_parsed_from_text,0,False
Data 2025.xlsx,3493,2025-04-23,2025-04,2025-W17,2,2,raw-0128-r01,Raw-0128-R01,كبدة نعيمي من خروف اخر,لحوم نيئة مبردة ومجمدة (Raw meat Cold or chilled ),Raw meat Cold or chilled,لحوم نيئة مبردة ومجمدة (Raw meat Cold or chilled ),raw_meat,ملحمة لبون للانتاج الغذائي,ملحمة لبون للانتاج الغذائي,,ملحمة لبون للانتاج الغذائي,العليا,بلدية,بلدية العليا,True,False,لا يوجد,,0,,,False,none,date_parsed_from_text,0,False
Data 2025.xlsx,3494,2025-04-23,2025-04,2025-W17,2,2,ubot-0945-r01,Ubot-0945-R01,مياه حنفية لغسيل الادوات,لحوم نيئة مبردة ومجمدة (Raw meat Cold or chilled ),Raw meat Cold or chilled,لحوم نيئة مبردة ومجمدة (Raw meat Cold or chilled ),raw_meat,ملحمة لبون للانتاج الغذائي,ملحمة لبون للانتاج الغذائي,,ملحمة لبون للانتاج الغذائي,العليا,بلدية,بلدية العليا,True,False,لا يوجد,,0,,,False,none,date_parsed_from_text,0,False
Data 2025.xlsx,3522,2025-04-26,2025-04,2025-W17,2,5,1-2940-R01,1-2940-R01,رز برياني,الارز ( rice),rice,الارز ( rice),prepared_meal,مطعم سعرات الدايت - حي الرمال,مطعم سعرات الدايت,حي الرمال,مطعم سعرات الدايت - حي الرمال,الروضة,بلدية,بلدية الروضة,True,False,لا يوجد,,0,,,False,none,date_parsed_from_text,5,True
Data 2025.xlsx,3546,2025-04-26,2025-04,2025-W17,2,5,1-2941-R01,1-2941-R01,فطيرة عش البلبل,(Pie) فطيرة,Pie,(Pie) فطيرة,sweets_bakery,شركة ضواحي الرمال - حي الرمال,شركة ضواحي الرمال,حي الرمال,شركة ضواحي الرمال - حي الرمال,الروضة,بلدية,بلدية الروضة,True,False,لا يوجد,,0,,,False,none,date_parsed_from_text,0,False
Data 2025.xlsx,3547,2025-04-26,2025-04,2025-W17,2,5,1-2942-R01,1-2942-R01,فطيرة زعتر,(Pie) فطيرة,Pie,(Pie) فطيرة,sweets_bakery,شركة ضواحي الرمال - حي الرمال,شركة ضواحي الرمال,حي الرمال,شركة ضواحي الرمال - حي الرمال,الروضة,بلدية,بلدية الروضة,True,False,لا يوجد,,0,,,False,none,date_parsed_from_text,0,False
Data 2025.xlsx,3548,2025-04-26,2025-04,2025-W17,2,5,1-2943-R01,1-2943-R01,بيتزا,(Pizza)بيتزا,Pizza,(Pizza)بيتزا,prepared_meal,شركة ضواحي الرمال - حي الرمال,شركة ضواحي الرمال,حي الرمال,شركة ضواحي الرمال - حي الرمال,الروضة,بلدية,بلدية الروضة,True,False,لا يوجد,,0,,,False,none,date_parsed_from_text,0,False
Data 2025.xlsx,3549,2025-04-26,2025-04,2025-W17,2,5,1-2944-R01,1-2944-R01,فطيرة جبنة مالح,(Pie) فطيرة,Pie,(Pie) فطيرة,sweets_bakery,شركة ضواحي الرمال - حي الرمال,شركة ضواحي الرمال,حي الرمال,شركة ضواحي الرمال - حي الرمال,الروضة,بلدية,بلدية الروضة,True,False,لا يوجد,,0,,,False,none,date_parsed_from_text,0,False
Data 2025.xlsx,3550,2025-04-26,2025-04,2025-W17,2,5,1-2945-R01,1-2945-R01,كروسان لبنة بالزعتر,كروسان (croissant),croissant,كروسان (croissant),sweets_bakery,شركة ضواحي الرمال - حي الرمال,شركة ضواحي الرمال,حي الرمال,شركة ضواحي الرمال - حي الرمال,الروضة,بلدية,بلدية الروضة,True,False,لا يوجد,,0,,,False,none,date_parsed_from_text,0,False
Data 2025.xlsx,3551,2025-04-26,2025-04,2025-W17,2,5,1-2946-R01,1-2946-R01,كروسان لبنة عسل,كروسان (croissant),croissant,كروسان (croissant),sweets_bakery,شركة ضواحي الرمال - حي الرمال,شركة ضواحي الرمال,حي الرمال,شركة ضواحي الرمال - حي الرمال,الروضة,بلدية,بلدية الروضة,True,False,لا يوجد,,0,,,False,none,date_parsed_from_text,0,False
Data 2025.xlsx,3552,2025-04-26,2025-04,2025-W17,2,5,1-2947-R01,1-2947-R01,كروسان جبن مالح,كروسان (croissant),croissant,كروسان (croissant),sweets_bakery,شركة ضواحي الرمال - حي الرمال,شركة ضواحي الرمال,حي الرمال,شركة ضواحي الرمال - حي الرمال,الروضة,بلدية,بلدية الروضة,True,False,لا يوجد,,0,,,False,none,date_parsed_from_text,0,False
Data 2025.xlsx,3553,2025-04-26,2025-04,2025-W17,2,5,1-2948-R01,1-2948-R01,كروسان سادة,كروسان (croissant),croissant,كروسان (croissant),sweets_bakery,شركة ضواحي الرمال - حي الرمال,شركة ضواحي الرمال,حي الرمال,شركة ضواحي الرمال - حي الرمال,الروضة,بلدية,بلدية الروضة,True,False,لا يوجد,,0,,,False,none,date_parsed_from_text,0,False
Data 2025.xlsx,3554,2025-04-26,2025-04,2025-W17,2,5,1-2949-R01,1-2949-R01,كروسان نقانق,كروسان (croissant),croissant,كروسان (croissant),sweets_bakery,شركة ضواحي الرمال - حي الرمال,شركة ضواحي الرمال,حي الرمال,شركة ضواحي الرمال - حي الرمال,الروضة,بلدية,بلدية الروضة,True,False,لا يوجد,,0,,,False,none,date_parsed_from_text,0,False
Data 2025.xlsx,3521,2025-04-26,2025-04,2025-W17,2,5,O-O2-ca-0184-R01,O-O2-ca-0184-R01,جزر مبشور,الجزر (carrot),carrot,الجزر (carrot),produce,مطعم سعرات الدايت - حي الرمال,مطعم سعرات الدايت,حي الرمال,مطعم سعرات الدايت - حي الرمال,الروضة,بلدية,بلدية الروضة,False,True,استافيلوكوكس اورياس,استافيلوكوكس اورياس,1,استافيلوكوكس اورياس,,True,pathogen,date_parsed_from_text,5,True
Data 2025.xlsx,3519,2025-04-26,2025-04,2025-W17,2,5,O-U-to-0600-R01,O-U-to-0600-R01,قطع طماطم,الطماطم (Tomatoes),Tomatoes,الطماطم (Tomatoes),produce,مطعم سعرات الدايت - حي الرمال,مطعم سعرات الدايت,حي الرمال,مطعم سعرات الدايت - حي الرمال,الروضة,بلدية,بلدية الروضة,True,False,لا يوجد,,0,,,False,none,date_parsed_from_text,3,True
Data 2025.xlsx,3501,2025-04-26,2025-04,2025-W17,2,5,O-r-O3-le-0321-R01,O-r-O3-le-0321-R01,قطع خس,الخس (Lettuce),Lettuce,الخس (Lettuce),produce,دانك ساندوتش - حي اليرموك,دانك ساندوتش,حي اليرموك,دانك ساندوتش - حي اليرموك,الروضة,بلدية,بلدية الروضة,True,False,لا يوجد,,0,,,False,none,date_parsed_from_text,1,False
Data 2025.xlsx,3517,2025-04-26,2025-04,2025-W17,2,5,O-r-O3-le-0322-R01,O-r-O3-le-0322-R01,قطع خس,الخس (Lettuce),Lettuce,الخس (Lettuce),produce,مطعم سعرات الدايت - حي الرمال,مطعم سعرات الدايت,حي الرمال,مطعم سعرات الدايت - حي الرمال,الروضة,بلدية,بلدية الروضة,False,True,ايشيريشيا كولاي,ايشيريشيا كولاي,1,ايشيريشيا كولاي,,True,pathogen,date_parsed_from_text,2,True
Data 2025.xlsx,3518,2025-04-26,2025-04,2025-W17,2,5,O-r-U-cu-0230-R01,O-r-U-cu-0230-R01,قطع خيار,الخيار (cucumbers),cucumbers,الخيار (cucumbers),produce,مطعم سعرات الدايت - حي الرمال,مطعم سعرات الدايت,حي الرمال,مطعم سعرات الدايت - حي الرمال,الروضة,بلدية,بلدية الروضة,False,True,استافيلوكوكس اورياس,استافيلوكوكس اورياس,1,استافيلوكوكس اورياس,,True,pathogen,date_parsed_from_text,3,True
Data 2025.xlsx,3505,2025-04-26,2025-04,2025-W17,2,5,OO-OSS-po-0362-R01,OO-OSS-po-0362-R01,بطاطس مقلي,البطاطس (potatoes),potatoes,البطاطس (potatoes),produce,دانك ساندوتش - حي اليرموك,دانك ساندوتش,حي اليرموك,دانك ساندوتش - حي اليرموك,الروضة,بلدية,بلدية الروضة,True,False,لا يوجد,,0,,,False,none,date_parsed_from_text,2,True
Data 2025.xlsx,3536,2025-04-26,2025-04,2025-W17,2,5,OO-OSS-po-0363-R01,OO-OSS-po-0363-R01,بطاطس مقلي,البطاطس (potatoes),potatoes,البطاطس (potatoes),produce,برستد المشير - حي الرمال,برستد المشير,حي الرمال,برستد المشير - حي الرمال,الروضة,بلدية,بلدية الروضة,True,False,لا يوجد,,0,,,False,none,date_parsed_from_text,3,True
Data 2025.xlsx,3508,2025-04-26,2025-04,2025-W17,2,5,OU-pa-0224-R01,OU-pa-0224-R01,بقدونس,البقدونس (parsley),parsley,البقدونس (parsley),produce,مطعم سيزارو - حي المغرزات,مطعم سيزارو,حي المغرزات,مطعم سيزارو - حي المغرزات,العليا,بلدية,بلدية العليا,True,False,لا يوجد,,0,,,False,none,date_parsed_from_text,1,False
Data 2025.xlsx,3528,2025-04-26,2025-04,2025-W17,2,5,appe-0433-r01,Appe-0433-R01,تبولة,مقبلات (Appetizers),Appetizers,مقبلات (Appetizers),prepared_meal,مطعم سعرات الدايت - حي الرمال,مطعم سعرات الدايت,حي الرمال,مطعم سعرات الدايت - حي الرمال,الروضة,بلدية,بلدية الروضة,False,True,استافيلوكوكس اورياس,استافيلوكوكس اورياس,1,استافيلوكوكس اورياس,,True,pathogen,date_parsed_from_text,7,True
Data 2025.xlsx,3539,2025-04-26,2025-04,2025-W17,2,5,appe-0434-r01,Appe-0434-R01,حمص,مقبلات (Appetizers),Appetizers,مقبلات (Appetizers),prepared_meal,برستد المشير - حي الرمال,برستد المشير,حي الرمال,برستد المشير - حي الرمال,الروضة,بلدية,بلدية الروضة,True,False,لا يوجد,,0,,,False,none,date_parsed_from_text,4,True
Data 2025.xlsx,3510,2025-04-26,2025-04,2025-W17,2,5,chee-0712-r01,Chee-0712-R01,بربزان جبن,(cheese) جبنة,cheese,(cheese) جبنة,dairy,مطعم سيزارو - حي المغرزات,مطعم سيزارو,حي المغرزات,مطعم سيزارو - حي المغرزات,العليا,بلدية,بلدية العليا,True,False,لا يوجد,,0,,,False,none,date_parsed_from_text,2,True
Data 2025.xlsx,3507,2025-04-26,2025-04,2025-W17,2,5,cm-0096-r01,Cm-0096-R01,لحم مطبوخ نص استواء,اللحوم المطبوخة (Cooked meat),Cooked meat,اللحوم المطبوخة (Cooked meat),cooked_meat_poultry,مطعم سيزارو - حي المغرزات,مطعم سيزارو,حي المغرزات,مطعم سيزارو - حي المغرزات,العليا,بلدية,بلدية العليا,True,False,لا يوجد,,0,,,False,none,date_parsed_from_text,1,False
Data 2025.xlsx,3513,2025-04-26,2025-04,2025-W17,2,5,cm-0097-r01,Cm-0097-R01,بيبروني قطع,اللحوم المطبوخة (Cooked meat),Cooked meat,اللحوم المطبوخة (Cooked meat),cooked_meat_poultry,مطعم سيزارو - حي المغرزات,مطعم سيزارو,حي المغرزات,مطعم سيزارو - حي المغرزات,العليا,بلدية,بلدية العليا,True,False,لا يوجد,,0,,,False,none,date_parsed_from_text,3,True
Data 2025.xlsx,3525,2025-04-26,2025-04,2025-W17,2,5,cm-0098-r01,Cm-0098-R01,لحم بقري مع صوص باربكيو,اللحوم المطبوخة (Cooked meat),Cooked meat,اللحوم المطبوخة (Cooked meat),cooked_meat_poultry,مطعم سعرات الدايت - حي الرمال,مطعم سعرات الدايت,حي الرمال,مطعم سعرات الدايت - حي الرمال,الروضة,بلدية,بلدية الروضة,False,True,العد الكلي للبكتيريا,العد الكلي للبكتيريا,1,,العد الكلي للبكتيريا,False,indicator_only,date_parsed_from_text,6,True
Data 2025.xlsx,3512,2025-04-26,2025-04,2025-W17,2,5,co-0475-r01,co-0475-R01,دجاج قطع,الدجاج المطبوخ (Cooked chicken),Cooked chicken,الدجاج المطبوخ (Cooked chicken),cooked_meat_poultry,مطعم سيزارو - حي المغرزات,مطعم سيزارو,حي المغرزات,مطعم سيزارو - حي المغرزات,العليا,بلدية,بلدية العليا,False,True,العد الكلي للبكتيريا,العد الكلي للبكتيريا,1,,العد الكلي للبكتيريا,False,indicator_only,date_parsed_from_text,3,True
Data 2025.xlsx,3523,2025-04-26,2025-04,2025-W17,2,5,co-0476-r01,co-0476-R01,دجاج كاري,الدجاج المطبوخ (Cooked chicken),Cooked chicken,الدجاج المطبوخ (Cooked chicken),cooked_meat_poultry,مطعم سعرات الدايت - حي الرمال,مطعم سعرات الدايت,حي الرمال,مطعم سعرات الدايت - حي الرمال,الروضة,بلدية,بلدية الروضة,True,False,لا يوجد,,0,,,False,none,date_parsed_from_text,5,True
Data 2025.xlsx,3524,2025-04-26,2025-04,2025-W17,2,5,co-0477-r01,co-0477-R01,دجاج فلفل حلو,الدجاج المطبوخ (Cooked chicken),Cooked chicken,الدجاج المطبوخ (Cooked chicken),cooked_meat_poultry,مطعم سعرات الدايت - حي الرمال,مطعم سعرات الدايت,حي الرمال,مطعم سعرات الدايت - حي الرمال,الروضة,بلدية,بلدية الروضة,True,False,لا يوجد,,0,,,False,none,date_parsed_from_text,5,True
Data 2025.xlsx,3526,2025-04-26,2025-04,2025-W17,2,5,co-0478-r01,co-0478-R01,دجاج بستاشا,الدجاج المطبوخ (Cooked chicken),Cooked chicken,الدجاج المطبوخ (Cooked chicken),cooked_meat_poultry,مطعم سعرات الدايت - حي الرمال,مطعم سعرات الدايت,حي الرمال,مطعم سعرات الدايت - حي الرمال,الروضة,بلدية,بلدية الروضة,True,False,لا يوجد,,0,,,False,none,date_parsed_from_text,6,True
Data 2025.xlsx,3565,2025-04-26,2025-04,2025-W17,2,5,co-0479-r01,co-0479-R01,دجاج على الفحم نص استواء,الدجاج المطبوخ (Cooked chicken),Cooked chicken,الدجاج المطبوخ (Cooked chicken),cooked_meat_poultry,مطعم نور الرياض البخاري - حي الرمال,مطعم نور الرياض البخاري,حي الرمال,مطعم نور الرياض البخاري - حي الرمال,الروضة,بلدية,بلدية الروضة,True,False,لا يوجد,,0,,,False,none,date_parsed_from_text,7,True
Data 2025.xlsx,3566,2025-04-26,2025-04,2025-W17,2,5,gcv-0196-r01,GCV-0196-R01,ايدام مصقع,الخضار المشوية و المطبوخة,,الخضار المشوية و المطبوخة,cooked_meat_poultry,مطعم نور الرياض البخاري - حي الرمال,مطعم نور الرياض البخاري,حي الرمال,مطعم نور الرياض البخاري - حي الرمال,الروضة,بلدية,بلدية الروضة,False,True,العد الكلي للبكتيريا,العد الكلي للبكتيريا,1,,العد الكلي للبكتيريا,False,indicator_only,date_parsed_from_text,8,True
Data 2025.xlsx,3567,2025-04-26,2025-04,2025-W17,2,5,gcv-0197-r01,GCV-0197-R01,ايدام ملوخية,الخضار المشوية و المطبوخة,,الخضار المشوية و المطبوخة,cooked_meat_poultry,مطعم نور الرياض البخاري - حي الرمال,مطعم نور الرياض البخاري,حي الرمال,مطعم نور الرياض البخاري - حي الرمال,الروضة,بلدية,بلدية الروضة,True,False,لا يوجد,,0,,,False,none,date_parsed_from_text,8,True
Data 2025.xlsx,3568,2025-04-26,2025-04,2025-W17,2,5,gcv-0198-r01,GCV-0198-R01,ايدام بامية,الخضار المشوية و المطبوخة,,الخضار المشوية و المطبوخة,cooked_meat_poultry,مطعم نور الرياض البخاري - حي الرمال,مطعم نور الرياض البخاري,حي الرمال,مطعم نور الرياض البخاري - حي الرمال,الروضة,بلدية,بلدية الروضة,True,False,لا يوجد,,0,,,False,none,date_parsed_from_text,8,True
Data 2025.xlsx,3509,2025-04-26,2025-04,2025-W17,2,5,olv-0458-r01,olv-0458-R01,زيتون,الزيتون /Olive,Olive,الزيتون /Olive,produce,مطعم سيزارو - حي المغرزات,مطعم سيزارو,حي المغرزات,مطعم سيزارو - حي المغرزات,العليا,بلدية,بلدية العليا,False,True,خمائر,الخمائر والاعفان,1,,الخمائر والاعفان,False,indicator_only,date_parsed_from_text,2,True
Data 2025.xlsx,3520,2025-04-26,2025-04,2025-W17,2,5,olv-0459-r01,olv-0459-R01,زيتون اسود شرائح,الزيتون /Olive,Olive,الزيتون /Olive,produce,مطعم سعرات الدايت - حي الرمال,مطعم سعرات الدايت,حي الرمال,مطعم سعرات الدايت - حي الرمال,الروضة,بلدية,بلدية الروضة,False,True,خمائر,الخمائر والاعفان,1,,الخمائر والاعفان,False,indicator_only,date_parsed_from_text,4,True
Data 2025.xlsx,3564,2025-04-26,2025-04,2025-W17,2,5,olv-0460-r01,olv-0460-R01,شرائح زيتون,الزيتون /Olive,Olive,الزيتون /Olive,produce,مطعم نور الرياض البخاري - حي الرمال,مطعم نور الرياض البخاري,حي الرمال,مطعم نور الرياض البخاري - حي الرمال,الروضة,بلدية,بلدية الروضة,False,True,خمائر,الخمائر والاعفان,1,,الخمائر والاعفان,False,indicator_only,date_parsed_from_text,7,True
Data 2025.xlsx,3541,2025-04-26,2025-04,2025-W17,2,5,pick-0392-r01,Pick-0392-R01,مخلل خيار,المخلل (Pickle),Pickle,المخلل (Pickle),sauce_condiment,برستد المشير - حي الرمال,برستد المشير,حي الرمال,برستد المشير - حي الرمال,الروضة,بلدية,بلدية الروضة,False,True,خمائر,الخمائر والاعفان,1,,الخمائر والاعفان,False,indicator_only,date_parsed_from_text,5,True
Data 2025.xlsx,3495,2025-04-26,2025-04,2025-W17,2,5,raw-0130-r01,Raw-0130-R01,كبدة عجل بلدي,لحوم نيئة مبردة ومجمدة (Raw meat Cold or chilled ),Raw meat Cold or chilled,لحوم نيئة مبردة ومجمدة (Raw meat Cold or chilled ),raw_meat,صفوة الانعام للحوم الطازحه,صفوة الانعام للحوم الطازحه,,صفوة الانعام للحوم الطازحه,العليا,بلدية,بلدية العليا,True,False,لا يوجد,,0,,,False,none,date_parsed_from_text,0,False
Data 2025.xlsx,3496,2025-04-26,2025-04,2025-W17,2,5,raw-0131-r01,Raw-0131-R01,لحم فخذ عجل بلدي,لحوم نيئة مبردة ومجمدة (Raw meat Cold or chilled ),Raw meat Cold or chilled,لحوم نيئة مبردة ومجمدة (Raw meat Cold or chilled ),raw_meat,صفوة الانعام للحوم الطازحه,صفوة الانعام للحوم الطازحه,,صفوة الانعام للحوم الطازحه,العليا,بلدية,بلدية العليا,True,False,لا يوجد,,0,,,False,none,date_parsed_from_text,0,False
Data 2025.xlsx,3516,2025-04-26,2025-04,2025-W17,2,5,sal-1274-r01,Sal-1274-R01,سلطة لبن خيار,السلطة(Salad),Salad,السلطة(Salad),produce,مطعم سعرات الدايت - حي الرمال,مطعم سعرات الدايت,حي الرمال,مطعم سعرات الدايت - حي الرمال,الروضة,بلدية,بلدية الروضة,False,True,ايشيريشيا كولاي,ايشيريشيا كولاي,1,ايشيريشيا كولاي,,True,pathogen,date_parsed_from_text,1,False
Data 2025.xlsx,3527,2025-04-26,2025-04,2025-W17,2,5,sal-1275-r01,Sal-1275-R01,سلطة فواكه,السلطة(Salad),Salad,السلطة(Salad),produce,مطعم سعرات الدايت - حي الرمال,مطعم سعرات الدايت,حي الرمال,مطعم سعرات الدايت - حي الرمال,الروضة,بلدية,بلدية الروضة,True,False,لا يوجد,,0,,,False,none,date_parsed_from_text,6,True
Data 2025.xlsx,3540,2025-04-26,2025-04,2025-W17,2,5,sal-1276-r01,Sal-1276-R01,سلطة ملفوف,السلطة(Salad),Salad,السلطة(Salad),produce,برستد المشير - حي الرمال,برستد المشير,حي الرمال,برستد المشير - حي الرمال,الروضة,بلدية,بلدية الروضة,True,False,لا يوجد,,0,,,False,none,date_parsed_from_text,4,True
Data 2025.xlsx,3560,2025-04-26,2025-04,2025-W17,2,5,sal-1277-r01,Sal-1277-R01,سلطة ملفوف,السلطة(Salad),Salad,السلطة(Salad),produce,مطعم نور الرياض البخاري - حي الرمال,مطعم نور الرياض البخاري,حي الرمال,مطعم نور الرياض البخاري - حي الرمال,الروضة,بلدية,بلدية الروضة,False,True,استافيلوكوكس اورياس,استافيلوكوكس اورياس,1,استافيلوكوكس اورياس,,True,pathogen,date_parsed_from_text,3,True
Data 2025.xlsx,3561,2025-04-26,2025-04,2025-W17,2,5,sal-1278-r01,Sal-1278-R01,سلطة حار,السلطة(Salad),Salad,السلطة(Salad),produce,مطعم نور الرياض البخاري - حي الرمال,مطعم نور الرياض البخاري,حي الرمال,مطعم نور الرياض البخاري - حي الرمال,الروضة,بلدية,بلدية الروضة,False,True,استافيلوكوكس اورياس,استافيلوكوكس اورياس,1,استافيلوكوكس اورياس,,True,pathogen,date_parsed_from_text,4,True
Data 2025.xlsx,3562,2025-04-26,2025-04,2025-W17,2,5,sal-1279-r01,Sal-1279-R01,سلطة خضراء,السلطة(Salad),Salad,السلطة(Salad),produce,مطعم نور الرياض البخاري - حي الرمال,مطعم نور الرياض البخاري,حي الرمال,مطعم نور الرياض البخاري - حي الرمال,الروضة,بلدية,بلدية الروضة,False,True,استافيلوكوكس اورياس,استافيلوكوكس اورياس,1,استافيلوكوكس اورياس,,True,pathogen,date_parsed_from_text,5,True
Data 2025.xlsx,3563,2025-04-26,2025-04,2025-W17,2,5,sal-1280-r01,Sal-1280-R01,سلطة زبادي,السلطة(Salad),Salad,السلطة(Salad),produce,مطعم نور الرياض البخاري - حي الرمال,مطعم نور الرياض البخاري,حي الرمال,مطعم نور الرياض البخاري - حي الرمال,الروضة,بلدية,بلدية الروضة,False,True,استافيلوكوكس اورياس,استافيلوكوكس اورياس,1,استافيلوكوكس اورياس,,True,pathogen,date_parsed_from_text,6,True
Data 2025.xlsx,3497,2025-04-26,2025-04,2025-W17,2,5,sau-1474-r01,sau-1474-R01,ديناميت صوص,صوص (sauce),sauce,صوص (sauce),sauce_condiment,دانك ساندوتش - حي اليرموك,دانك ساندوتش,حي اليرموك,دانك ساندوتش - حي اليرموك,الروضة,بلدية,بلدية الروضة,True,False,لا يوجد,,0,,,False,none,date_parsed_from_text,0,False
Data 2025.xlsx,3498,2025-04-26,2025-04,2025-W17,2,5,sau-1475-r01,sau-1475-R01,ترتر صوص,صوص (sauce),sauce,صوص (sauce),sauce_condiment,دانك ساندوتش - حي اليرموك,دانك ساندوتش,حي اليرموك,دانك ساندوتش - حي اليرموك,الروضة,بلدية,بلدية الروضة,True,False,لا يوجد,,0,,,False,none,date_parsed_from_text,0,False
Data 2025.xlsx,3499,2025-04-26,2025-04,2025-W17,2,5,sau-1476-r01,sau-1476-R01,صوص ثوم,صوص (sauce),sauce,صوص (sauce),sauce_condiment,دانك ساندوتش - حي اليرموك,دانك ساندوتش,حي اليرموك,دانك ساندوتش - حي اليرموك,الروضة,بلدية,بلدية الروضة,True,False,لا يوجد,,0,,,False,none,date_parsed_from_text,0,False
Data 2025.xlsx,3500,2025-04-26,2025-04,2025-W17,2,5,sau-1477-r01,sau-1477-R01,دانك صوص,صوص (sauce),sauce,صوص (sauce),sauce_condiment,دانك ساندوتش - حي اليرموك,دانك ساندوتش,حي اليرموك,دانك ساندوتش - حي اليرموك,الروضة,بلدية,بلدية الروضة,False,True,العد الكلي للبكتيريا,العد الكلي للبكتيريا,1,,العد الكلي للبكتيريا,False,indicator_only,date_parsed_from_text,1,False
Data 2025.xlsx,3506,2025-04-26,2025-04,2025-W17,2,5,sau-1478-r01,sau-1478-R01,بستو صوص,صوص (sauce),sauce,صوص (sauce),sauce_condiment,مطعم سيزارو - حي المغرزات,مطعم سيزارو,حي المغرزات,مطعم سيزارو - حي المغرزات,العليا,بلدية,بلدية العليا,False,True,العد الكلي للبكتيريا,العد الكلي للبكتيريا,1,,العد الكلي للبكتيريا,False,indicator_only,date_parsed_from_text,1,False
Data 2025.xlsx,3511,2025-04-26,2025-04,2025-W17,2,5,sau-1479-r01,sau-1479-R01,صوص احمر للبستا,صوص (sauce),sauce,صوص (sauce),sauce_condiment,مطعم سيزارو - حي المغرزات,مطعم سيزارو,حي المغرزات,مطعم سيزارو - حي المغرزات,العليا,بلدية,بلدية العليا,True,False,لا يوجد,,0,,,False,none,date_parsed_from_text,2,True
Data 2025.xlsx,3514,2025-04-26,2025-04,2025-W17,2,5,sau-1480-r01,sau-1480-R01,ثاوزن ايلند صوص,صوص (sauce),sauce,صوص (sauce),sauce_condiment,مطعم سيزارو - حي المغرزات,مطعم سيزارو,حي المغرزات,مطعم سيزارو - حي المغرزات,العليا,بلدية,بلدية العليا,True,False,لا يوجد,,0,,,False,none,date_parsed_from_text,3,True
Data 2025.xlsx,3515,2025-04-26,2025-04,2025-W17,2,5,sau-1481-r01,sau-1481-R01,رنش صوص,صوص (sauce),sauce,صوص (sauce),sauce_condiment,مطعم سيزارو - حي المغرزات,مطعم سيزارو,حي المغرزات,مطعم سيزارو - حي المغرزات,العليا,بلدية,بلدية العليا,True,False,لا يوجد,,0,,,False,none,date_parsed_from_text,3,True
Data 2025.xlsx,3529,2025-04-26,2025-04,2025-W17,2,5,sau-1482-r01,sau-1482-R01,صوص كاتشب,صوص (sauce),sauce,صوص (sauce),sauce_condiment,مطعم سعرات الدايت - حي الرمال,مطعم سعرات الدايت,حي الرمال,مطعم سعرات الدايت - حي الرمال,الروضة,بلدية,بلدية الروضة,True,False,لا يوجد,,0,,,False,none,date_parsed_from_text,7,True
Data 2025.xlsx,3530,2025-04-26,2025-04,2025-W17,2,5,sau-1483-r01,sau-1483-R01,صوص بيستو,صوص (sauce),sauce,صوص (sauce),sauce_condiment,مطعم سعرات الدايت - حي الرمال,مطعم سعرات الدايت,حي الرمال,مطعم سعرات الدايت - حي الرمال,الروضة,بلدية,بلدية الروضة,False,True,العد الكلي للبكتيريا,العد الكلي للبكتيريا,1,,العد الكلي للبكتيريا,False,indicator_only,date_parsed_from_text,8,True
Data 2025.xlsx,3531,2025-04-26,2025-04,2025-W17,2,5,sau-1484-r01,sau-1484-R01,صوص ليمون,صوص (sauce),sauce,صوص (sauce),sauce_condiment,مطعم سعرات الدايت - حي الرمال,مطعم سعرات الدايت,حي الرمال,مطعم سعرات الدايت - حي الرمال,الروضة,بلدية,بلدية الروضة,True,False,لا يوجد,,0,,,False,none,date_parsed_from_text,8,True
Data 2025.xlsx,3532,2025-04-26,2025-04,2025-W17,2,5,sau-1485-r01,sau-1485-R01,صوص باربكيو,صوص (sauce),sauce,صوص (sauce),sauce_condiment,مطعم سعرات الدايت - حي الرمال,مطعم سعرات الدايت,حي الرمال,مطعم سعرات الدايت - حي الرمال,الروضة,بلدية,بلدية الروضة,True,False,لا يوجد,,0,,,False,none,date_parsed_from_text,8,True
Data 2025.xlsx,3533,2025-04-26,2025-04,2025-W17,2,5,sau-1486-r01,sau-1486-R01,صوص ثوم,صوص (sauce),sauce,صوص (sauce),sauce_condiment,برستد المشير - حي الرمال,برستد المشير,حي الرمال,برستد المشير - حي الرمال,الروضة,بلدية,بلدية الروضة,False,True,العد الكلي للبكتيريا,العد الكلي للبكتيريا,1,,العد الكلي للبكتيريا,False,indicator_only,date_parsed_from_text,1,False
Data 2025.xlsx,3534,2025-04-26,2025-04,2025-W17,2,5,sau-1487-r01,sau-1487-R01,صوص كوكتيل,صوص (sauce),sauce,صوص (sauce),sauce_condiment,برستد المشير - حي الرمال,برستد المشير,حي الرمال,برستد المشير - حي الرمال,الروضة,بلدية,بلدية الروضة,False,True,الخمائر والاعفان,الخمائر والاعفان,1,,الخمائر والاعفان,False,indicator_only,date_parsed_from_text,2,True
Data 2025.xlsx,3535,2025-04-26,2025-04,2025-W17,2,5,sau-1488-r01,sau-1488-R01,صوص تشيز,صوص (sauce),sauce,صوص (sauce),sauce_condiment,برستد المشير - حي الرمال,برستد المشير,حي الرمال,برستد المشير - حي الرمال,الروضة,بلدية,بلدية الروضة,False,True,انتيروباكتريسي,انتيروباكتريسي,1,,انتيروباكتريسي,False,indicator_only,date_parsed_from_text,3,True
Data 2025.xlsx,3537,2025-04-26,2025-04,2025-W17,2,5,sau-1489-r01,sau-1489-R01,برجر صوص,صوص (sauce),sauce,صوص (sauce),sauce_condiment,برستد المشير - حي الرمال,برستد المشير,حي الرمال,برستد المشير - حي الرمال,الروضة,بلدية,بلدية الروضة,False,True,انتيروباكتريسي,انتيروباكتريسي,1,,انتيروباكتريسي,False,indicator_only,date_parsed_from_text,4,True
Data 2025.xlsx,3538,2025-04-26,2025-04,2025-W17,2,5,sau-1490-r01,sau-1490-R01,صوص كاتشب,صوص (sauce),sauce,صوص (sauce),sauce_condiment,برستد المشير - حي الرمال,برستد المشير,حي الرمال,برستد المشير - حي الرمال,الروضة,بلدية,بلدية الروضة,True,False,لا يوجد,,0,,,False,none,date_parsed_from_text,4,True
Data 2025.xlsx,3542,2025-04-26,2025-04,2025-W17,2,5,sau-1491-r01,sau-1491-R01,صوص مايونيز,صوص (sauce),sauce,صوص (sauce),sauce_condiment,برستد المشير - حي الرمال,برستد المشير,حي الرمال,برستد المشير - حي الرمال,الروضة,بلدية,بلدية الروضة,True,False,لا يوجد,,0,,,False,none,date_parsed_from_text,5,True
Data 2025.xlsx,3502,2025-04-26,2025-04,2025-W17,2,5,sw-2916-r01,sw-2916-R01,مسحة عصارة برتقال,(Swabs) المسحات,Swabs,(Swabs) المسحات,swab,دانك ساندوتش - حي اليرموك,دانك ساندوتش,حي اليرموك,دانك ساندوتش - حي اليرموك,الروضة,بلدية,بلدية الروضة,True,False,لا يوجد,,0,,,False,none,date_parsed_from_text,1,False
Data 2025.xlsx,3503,2025-04-26,2025-04,2025-W17,2,5,sw-2917-r01,sw-2917-R01,مسحة عصارة تفاح وجزر,(Swabs) المسحات,Swabs,(Swabs) المسحات,swab,دانك ساندوتش - حي اليرموك,دانك ساندوتش,حي اليرموك,دانك ساندوتش - حي اليرموك,الروضة,بلدية,بلدية الروضة,False,True,العد الكلي للبكتيريا,العد الكلي للبكتيريا,1,,العد الكلي للبكتيريا,False,indicator_only,date_parsed_from_text,2,True
Data 2025.xlsx,3504,2025-04-26,2025-04,2025-W17,2,5,sw-2918-r01,sw-2918-R01,مسحة ثلاجة,(Swabs) المسحات,Swabs,(Swabs) المسحات,swab,دانك ساندوتش - حي اليرموك,دانك ساندوتش,حي اليرموك,دانك ساندوتش - حي اليرموك,الروضة,بلدية,بلدية الروضة,True,False,لا يوجد,,0,,,False,none,date_parsed_from_text,2,True
Data 2025.xlsx,3543,2025-04-26,2025-04,2025-W17,2,5,sw-2919-r01,sw-2919-R01,مسحة حافظة البطاطس,(Swabs) المسحات,Swabs,(Swabs) المسحات,swab,برستد المشير - حي الرمال,برستد المشير,حي الرمال,برستد المشير - حي الرمال,الروضة,بلدية,بلدية الروضة,True,False,لا يوجد,,0,,,False,none,date_parsed_from_text,5,True
Data 2025.xlsx,3544,2025-04-26,2025-04,2025-W17,2,5,sw-2920-r01,sw-2920-R01,مسحة حافظة البطاطس,(Swabs) المسحات,Swabs,(Swabs) المسحات,swab,برستد المشير - حي الرمال,برستد المشير,حي الرمال,برستد المشير - حي الرمال,الروضة,بلدية,بلدية الروضة,True,False,لا يوجد,,0,,,False,none,date_parsed_from_text,5,True
Data 2025.xlsx,3545,2025-04-26,2025-04,2025-W17,2,5,sw-2921-r01,sw-2921-R01,مسحة حافظة البرستد,(Swabs) المسحات,Swabs,(Swabs) المسحات,swab,برستد المشير - حي الرمال,برستد المشير,حي الرمال,برستد المشير - حي الرمال,الروضة,بلدية,بلدية الروضة,True,False,لا يوجد,,0,,,False,none,date_parsed_from_text,5,True
Data 2025.xlsx,3569,2025-04-26,2025-04,2025-W17,2,5,sw-2922-r01,sw-2922-R01,مسحة يد,(Swabs) المسحات,Swabs,(Swabs) المسحات,swab,مطعم نور الرياض البخاري - حي الرمال,مطعم نور الرياض البخاري,حي الرمال,مطعم نور الرياض البخاري - حي الرمال,الروضة,بلدية,بلدية الروضة,False,True,العد الكلي للبكتيريا,العد الكلي للبكتيريا,1,,العد الكلي للبكتيريا,False,indicator_only,date_parsed_from_text,9,True
Data 2025.xlsx,3570,2025-04-26,2025-04,2025-W17,2,5,sw-2923-r01,sw-2923-R01,مسحة ادوات تحضير,(Swabs) المسحات,Swabs,(Swabs) المسحات,swab,مطعم نور الرياض البخاري - حي الرمال,مطعم نور الرياض البخاري,حي الرمال,مطعم نور الرياض البخاري - حي الرمال,الروضة,بلدية,بلدية الروضة,True,False,لا يوجد,,0,,,False,none,date_parsed_from_text,9,True
Data 2025.xlsx,3571,2025-04-26,2025-04,2025-W17,2,5,sw-2924-r01,sw-2924-R01,مسحة ثلاجة مقبلات,(Swabs) المسحات,Swabs,(Swabs) المسحات,swab,مطعم نور الرياض البخاري - حي الرمال,مطعم نور الرياض البخاري,حي الرمال,مطعم نور الرياض البخاري - حي الرمال,الروضة,بلدية,بلدية الروضة,True,False,لا يوجد,,0,,,False,none,date_parsed_from_text,9,True
Data 2025.xlsx,3555,2025-04-26,2025-04,2025-W17,2,5,sweet-0968-r01,sweet-0968-R01,بسبوية,الحلا(sweetness),sweetness,الحلا(sweetness),sweets_bakery,شركة ضواحي الرمال - حي الرمال,شركة ضواحي الرمال,حي الرمال,شركة ضواحي الرمال - حي الرمال,الروضة,بلدية,بلدية الروضة,True,False,لا يوجد,,0,,,False,none,date_parsed_from_text,0,False
Data 2025.xlsx,3556,2025-04-26,2025-04,2025-W17,2,5,sweet-0969-r01,sweet-0969-R01,تشيز كيك فراولة,الحلا(sweetness),sweetness,الحلا(sweetness),sweets_bakery,مطعم نور الرياض البخاري - حي الرمال,مطعم نور الرياض البخاري,حي الرمال,مطعم نور الرياض البخاري - حي الرمال,الروضة,بلدية,بلدية الروضة,False,True,العد الكلي للبكتيريا,العد الكلي للبكتيريا,1,,العد الكلي للبكتيريا,False,indicator_only,date_parsed_from_text,1,False
Data 2025.xlsx,3557,2025-04-26,2025-04,2025-W17,2,5,sweet-0970-r01,sweet-0970-R01,تشيز كيك توت بري,الحلا(sweetness),sweetness,الحلا(sweetness),sweets_bakery,مطعم نور الرياض البخاري - حي الرمال,مطعم نور الرياض البخاري,حي الرمال,مطعم نور الرياض البخاري - حي الرمال,الروضة,بلدية,بلدية الروضة,True,False,لا يوجد,,0,,,False,none,date_parsed_from_text,1,False
Data 2025.xlsx,3558,2025-04-26,2025-04,2025-W17,2,5,sweet-0971-r01,sweet-0971-R01,تشيز كيك توت احمر,الحلا(sweetness),sweetness,الحلا(sweetness),sweets_bakery,مطعم نور الرياض البخاري - حي الرمال,مطعم نور الرياض البخاري,حي الرمال,مطعم نور الرياض البخاري - حي الرمال,الروضة,بلدية,بلدية الروضة,True,False,لا يوجد,,0,,,False,none,date_parsed_from_text,1,False
Data 2025.xlsx,3559,2025-04-26,2025-04,2025-W17,2,5,sweet-0972-r01,sweet-0972-R01,تراميسو,الحلا(sweetness),sweetness,الحلا(sweetness),sweets_bakery,مطعم نور الرياض البخاري - حي الرمال,مطعم نور الرياض البخاري,حي الرمال,مطعم نور الرياض البخاري - حي الرمال,الروضة,بلدية,بلدية الروضة,False,True,العد الكلي للبكتيريا,العد الكلي للبكتيريا,1,,العد الكلي للبكتيريا,False,indicator_only,date_parsed_from_text,2,True
Data 2025.xlsx,3572,2025-04-26,2025-04,2025-W17,2,5,ubot-0946-r01,Ubot-0946-R01,مياه حنفية لغسيل الادوات,المياه الغير معبأة (Unbottled water),Unbottled water,المياه الغير معبأة (Unbottled water),water,صفوة الانعام للحوم الطازحه,صفوة الانعام للحوم الطازحه,,صفوة الانعام للحوم الطازحه,العليا,بلدية,بلدية العليا,True,False,لا يوجد,,0,,,False,none,date_parsed_from_text,0,False
Data 2025.xlsx,3573,2025-04-26,2025-04,2025-W17,2,5,ubot-0947-r01,Ubot-0947-R01,مياه غسيل,المياه الغير معبأة (Unbottled water),Unbottled water,المياه الغير معبأة (Unbottled water),water,دانك ساندوتش - حي اليرموك,دانك ساندوتش,حي اليرموك,دانك ساندوتش - حي اليرموك,الروضة,بلدية,بلدية الروضة,False,True,كوليفورم | ايشيريشيا كولاي,كوليفورم | ايشيريشيا كولاي,2,ايشيريشيا كولاي,كوليفورم,True,pathogen,date_parsed_from_text,3,True
Data 2025.xlsx,3574,2025-04-26,2025-04,2025-W17,2,5,ubot-0948-r01,Ubot-0948-R01,مياه غسيل,المياه الغير معبأة (Unbottled water),Unbottled water,المياه الغير معبأة (Unbottled water),water,مطعم سيزارو - حي المغرزات,مطعم سيزارو,حي المغرزات,مطعم سيزارو - حي المغرزات,العليا,بلدية,بلدية العليا,True,False,لا يوجد,,0,,,False,none,date_parsed_from_text,3,True
Data 2025.xlsx,3575,2025-04-26,2025-04,2025-W17,2,5,ubot-0949-r01,Ubot-0949-R01,مياه حنفية غسيل,المياه الغير معبأة (Unbottled water),Unbottled water,المياه الغير معبأة (Unbottled water),water,برستد المشير - حي الرمال,برستد المشير,حي الرمال,برستد المشير - حي الرمال,الروضة,بلدية,بلدية الروضة,True,False,لا يوجد,,0,,,False,none,date_parsed_from_text,5,True
Data 2025.xlsx,3576,2025-04-26,2025-04,2025-W17,2,5,ubot-0950-r01,Ubot-0950-R01,مياه فلتر للعجانة,المياه الغير معبأة (Unbottled water),Unbottled water,المياه الغير معبأة (Unbottled water),water,شركة ضواحي الرمال - حي الرمال,شركة ضواحي الرمال,حي الرمال,شركة ضواحي الرمال - حي الرمال,الروضة,بلدية,بلدية الروضة,True,False,لا يوجد,,0,,,False,none,date_parsed_from_text,0,False
Data 2025.xlsx,3577,2025-04-26,2025-04,2025-W17,2,5,ubot-0951-r01,Ubot-0951-R01,مياه فلتر لغسيل الارز,المياه الغير معبأة (Unbottled water),Unbottled water,المياه الغير معبأة (Unbottled water),water,مطعم نور الرياض البخاري - حي الرمال,مطعم نور الرياض البخاري,حي الرمال,مطعم نور الرياض البخاري - حي الرمال,الروضة,بلدية,بلدية الروضة,True,False,لا يوجد,,0,,,False,none,date_parsed_from_text,9,True
Data 2025.xlsx,3585,2025-04-27,2025-04,2025-W17,2,6,1-2952-R01,1-2952-R01,شبية قشطة قيمر,(cream) قشطة,cream,(cream) قشطة,dairy,فوال عقبة الطايف - حي الرمال,فوال عقبة الطايف,حي الرمال,فوال عقبة الطايف - حي الرمال,الروضة,بلدية,بلدية الروضة,True,False,لا يوجد,,0,,,False,none,date_parsed_from_text,1,False
Data 2025.xlsx,3609,2025-04-27,2025-04,2025-W17,2,6,1-2953-R01,1-2953-R01,جريش مطبوخ,الجريش,,الجريش,sweets_bakery,مطعم مضغوط نثري - حي الرمال,مطعم مضغوط نثري,حي الرمال,مطعم مضغوط نثري - حي الرمال,الروضة,بلدية,بلدية الروضة,True,False,لا يوجد,,0,,,False,none,date_parsed_from_text,6,True
Data 2025.xlsx,3610,2025-04-27,2025-04,2025-W17,2,6,1-2954-R01,1-2954-R01,رز بشاور,الارز ( rice),rice,الارز ( rice),prepared_meal,مطعم مضغوط نثري - حي الرمال,مطعم مضغوط نثري,حي الرمال,مطعم مضغوط نثري - حي الرمال,الروضة,بلدية,بلدية الروضة,True,False,لا يوجد,,0,,,False,none,date_parsed_from_text,6,True
Data 2025.xlsx,3656,2025-04-27,2025-04,2025-W17,2,6,O-U-to-0601-R01,O-U-to-0601-R01,شرائح طماطم,الطماطم (Tomatoes),Tomatoes,الطماطم (Tomatoes),produce,مطعم سايمون - حي الرمال,مطعم سايمون,حي الرمال,مطعم سايمون - حي الرمال,الروضة,بلدية,بلدية الروضة,False,True,استافيلوكوكس اورياس,استافيلوكوكس اورياس,1,استافيلوكوكس اورياس,,True,pathogen,date_parsed_from_text,2,True
Data 2025.xlsx,3650,2025-04-27,2025-04,2025-W17,2,6,O-r-O3-le-0324-R01,O-r-O3-le-0324-R01,قطع خس,الخس (Lettuce),Lettuce,الخس (Lettuce),produce,مطعم سماء مسلان - حي الرمال,مطعم سماء مسلان,حي الرمال,مطعم سماء مسلان - حي الرمال,الروضة,بلدية,بلدية الروضة,True,False,لا يوجد,,0,,,False,none,date_parsed_from_text,2,True
Data 2025.xlsx,3657,2025-04-27,2025-04,2025-W17,2,6,O-r-O3-le-0325-R01,O-r-O3-le-0325-R01,قطع خس,الخس (Lettuce),Lettuce,الخس (Lettuce),produce,مطعم سايمون - حي الرمال,مطعم سايمون,حي الرمال,مطعم سايمون - حي الرمال,الروضة,بلدية,بلدية الروضة,False,True,استافيلوكوكس اورياس,استافيلوكوكس اورياس,1,استافيلوكوكس اورياس,,True,pathogen,date_parsed_from_text,3,True
Data 2025.xlsx,3633,2025-04-27,2025-04,2025-W17,2,6,OO-OSS-po-0364-R01,OO-OSS-po-0364-R01,بطاطس مقلي,البطاطس (potatoes),potatoes,البطاطس (potatoes),produce,مطعم شورمه - حي الرمال,مطعم شورمه,حي الرمال,مطعم شورمه - حي الرمال,الروضة,بلدية,بلدية الروضة,True,False,لا يوجد,,0,,,False,none,date_parsed_from_text,1,False
Data 2025.xlsx,3649,2025-04-27,2025-04,2025-W17,2,6,OO-OSS-po-0365-R01,OO-OSS-po-0365-R01,بطاطس شبس,البطاطس (potatoes),potatoes,البطاطس (potatoes),produce,مطعم سماء مسلان - حي الرمال,مطعم سماء مسلان,حي الرمال,مطعم سماء مسلان - حي الرمال,الروضة,بلدية,بلدية الروضة,True,False,لا يوجد,,0,,,False,none,date_parsed_from_text,2,True
Data 2025.xlsx,3654,2025-04-27,2025-04,2025-W17,2,6,OO-or-0233-R01,OO-or-0233-R01,برتقال مقشر,البرتقال (oranges),oranges,البرتقال (oranges),produce,مطعم سايمون - حي الرمال,مطعم سايمون,حي الرمال,مطعم سايمون - حي الرمال,الروضة,بلدية,بلدية الروضة,True,False,لا يوجد,,0,,,False,none,date_parsed_from_text,0,False
Data 2025.xlsx,3658,2025-04-27,2025-04,2025-W17,2,6,OU-pa-0226-R01,OU-pa-0226-R01,قطع بقدونس,البقدونس (parsley),parsley,البقدونس (parsley),produce,مطعم سايمون - حي الرمال,مطعم سايمون,حي الرمال,مطعم سايمون - حي الرمال,الروضة,بلدية,بلدية الروضة,False,True,استافيلوكوكس اورياس,استافيلوكوكس اورياس,1,استافيلوكوكس اورياس,,True,pathogen,date_parsed_from_text,4,True
Data 2025.xlsx,3584,2025-04-27,2025-04,2025-W17,2,6,appe-0435-r01,Appe-0435-R01,حمص,مقبلات (Appetizers),Appetizers,مقبلات (Appetizers),prepared_meal,فوال عقبة الطايف - حي الرمال,فوال عقبة الطايف,حي الرمال,فوال عقبة الطايف - حي الرمال,الروضة,بلدية,بلدية الروضة,False,True,العد الكلي للبكتيريا,العد الكلي للبكتيريا,1,,العد الكلي للبكتيريا,False,indicator_only,date_parsed_from_text,1,False
Data 2025.xlsx,3637,2025-04-27,2025-04,2025-W17,2,6,be-0057-r01,be-0057-R01,مشروب كوكولا,المشروبات الغازية (الغير كحولية) (Carbonated beverages) (non - alcoholic ),non - alcoholic,المشروبات الغازية (الغير كحولية) (Carbonated beverages) (non - alcoholic ),beverage,مطعم شورمه - حي الرمال,مطعم شورمه,حي الرمال,مطعم شورمه - حي الرمال,الروضة,بلدية,بلدية الروضة,True,False,لا يوجد,,0,,,False,none,date_parsed_from_text,2,True
Data 2025.xlsx,3638,2025-04-27,2025-04,2025-W17,2,6,be-0058-r01,be-0058-R01,مشروب سبرايت,المشروبات الغازية (الغير كحولية) (Carbonated beverages) (non - alcoholic ),non - alcoholic,المشروبات الغازية (الغير كحولية) (Carbonated beverages) (non - alcoholic ),beverage,مطعم شورمه - حي الرمال,مطعم شورمه,حي الرمال,مطعم شورمه - حي الرمال,الروضة,بلدية,بلدية الروضة,True,False,لا يوجد,,0,,,False,none,date_parsed_from_text,2,True
Data 2025.xlsx,3667,2025-04-27,2025-04,2025-W17,2,6,br-0084-r01,Br-0084-R01,خبز صاج,الخبـز (Bread),Bread,الخبـز (Bread),sweets_bakery,مطعم سايمون - حي الرمال,مطعم سايمون,حي الرمال,مطعم سايمون - حي الرمال,الروضة,بلدية,بلدية الروضة,False,True,انتيروباكتريسي | الخمائر والاعفان,انتيروباكتريسي | الخمائر والاعفان,2,,انتيروباكتريسي | الخمائر والاعفان,False,indicator_only,date_parsed_from_text,11,True
Data 2025.xlsx,3583,2025-04-27,2025-04,2025-W17,2,6,chee-0713-r01,Chee-0713-R01,جبن شيدر,(cheese) جبنة,cheese,(cheese) جبنة,dairy,فوال عقبة الطايف - حي الرمال,فوال عقبة الطايف,حي الرمال,فوال عقبة الطايف - حي الرمال,الروضة,بلدية,بلدية الروضة,True,False,لا يوجد,,0,,,False,none,date_parsed_from_text,0,False
Data 2025.xlsx,3587,2025-04-27,2025-04,2025-W17,2,6,chee-0714-r01,Chee-0714-R01,جبن سائل,(cheese) جبنة,cheese,(cheese) جبنة,dairy,فوال عقبة الطايف - حي الرمال,فوال عقبة الطايف,حي الرمال,فوال عقبة الطايف - حي الرمال,الروضة,بلدية,بلدية الروضة,False,True,استافيلوكوكس اورياس,استافيلوكوكس اورياس,1,استافيلوكوكس اورياس,,True,pathogen,date_parsed_from_text,2,True
Data 2025.xlsx,3632,2025-04-27,2025-04,2025-W17,2,6,chee-0715-r01,Chee-0715-R01,جبن موزاريلا,(cheese) جبنة,cheese,(cheese) جبنة,dairy,مطعم شورمه - حي الرمال,مطعم شورمه,حي الرمال,مطعم شورمه - حي الرمال,الروضة,بلدية,بلدية الروضة,True,False,لا يوجد,,0,,,False,none,date_parsed_from_text,1,False
Data 2025.xlsx,3622,2025-04-27,2025-04,2025-W17,2,6,cm-0099-r01,Cm-0099-R01,ايدام لحم,اللحوم المطبوخة (Cooked meat),Cooked meat,اللحوم المطبوخة (Cooked meat),cooked_meat_poultry,مطعم مذاق الرمال - حي الرمال,مطعم مذاق الرمال,حي الرمال,مطعم مذاق الرمال - حي الرمال,الروضة,بلدية,بلدية الروضة,True,False,لا يوجد,,0,,,False,none,date_parsed_from_text,7,True
Data 2025.xlsx,3619,2025-04-27,2025-04,2025-W17,2,6,co-0480-r01,co-0480-R01,دجاج على الفحم نص استواء,الدجاج المطبوخ (Cooked chicken),Cooked chicken,الدجاج المطبوخ (Cooked chicken),cooked_meat_poultry,مطعم مذاق الرمال - حي الرمال,مطعم مذاق الرمال,حي الرمال,مطعم مذاق الرمال - حي الرمال,الروضة,بلدية,بلدية الروضة,False,True,العد الكلي للبكتيريا,العد الكلي للبكتيريا,1,,العد الكلي للبكتيريا,False,indicator_only,date_parsed_from_text,5,True
Data 2025.xlsx,3621,2025-04-27,2025-04,2025-W17,2,6,co-0481-r01,co-0481-R01,ايدام دجاج,الدجاج المطبوخ (Cooked chicken),Cooked chicken,الدجاج المطبوخ (Cooked chicken),cooked_meat_poultry,مطعم مذاق الرمال - حي الرمال,مطعم مذاق الرمال,حي الرمال,مطعم مذاق الرمال - حي الرمال,الروضة,بلدية,بلدية الروضة,False,True,العد الكلي للبكتيريا,العد الكلي للبكتيريا,1,,العد الكلي للبكتيريا,False,indicator_only,date_parsed_from_text,7,True
Data 2025.xlsx,3634,2025-04-27,2025-04,2025-W17,2,6,co-0482-r01,co-0482-R01,قطع شاورما دجاج,الدجاج المطبوخ (Cooked chicken),Cooked chicken,الدجاج المطبوخ (Cooked chicken),cooked_meat_poultry,مطعم شورمه - حي الرمال,مطعم شورمه,حي الرمال,مطعم شورمه - حي الرمال,الروضة,بلدية,بلدية الروضة,True,False,لا يوجد,,0,,,False,none,date_parsed_from_text,1,False
Data 2025.xlsx,3666,2025-04-27,2025-04,2025-W17,2,6,co-0483-r01,co-0483-R01,قطع شاورما دجاج,الدجاج المطبوخ (Cooked chicken),Cooked chicken,الدجاج المطبوخ (Cooked chicken),cooked_meat_poultry,مطعم سايمون - حي الرمال,مطعم سايمون,حي الرمال,مطعم سايمون - حي الرمال,الروضة,بلدية,بلدية الروضة,False,True,العد الكلي للبكتيريا,العد الكلي للبكتيريا,1,,العد الكلي للبكتيريا,False,indicator_only,date_parsed_from_text,10,True
Data 2025.xlsx,3590,2025-04-27,2025-04,2025-W17,2,6,com-0022-r01,com-0022-R01,كونتري كورن فليكس,(corn chips) كورن فليكس,corn chips,(corn chips) كورن فليكس,produce,فوال عقبة الطايف - حي الرمال,فوال عقبة الطايف,حي الرمال,فوال عقبة الطايف - حي الرمال,الروضة,بلدية,بلدية الروضة,True,False,لا يوجد,,0,,,False,none,date_parsed_from_text,3,True
Data 2025.xlsx,3655,2025-04-27,2025-04,2025-W17,2,6,eggs-0102-r01,eggs-0102-R01,بيض مسلوق,البيض ومنتجاته ( eggs and products),eggs and products,البيض ومنتجاته ( eggs and products),dairy,مطعم سايمون - حي الرمال,مطعم سايمون,حي الرمال,مطعم سايمون - حي الرمال,الروضة,بلدية,بلدية الروضة,False,True,انتيروباكتريسي,انتيروباكتريسي,1,,انتيروباكتريسي,False,indicator_only,date_parsed_from_text,1,False
Data 2025.xlsx,3594,2025-04-27,2025-04,2025-W17,2,6,fala-0061-r01,Fala-0061-R01,فلافل,فلافل( falafil),falafil,فلافل( falafil),sweets_bakery,فوال عقبة الطايف - حي الرمال,فوال عقبة الطايف,حي الرمال,فوال عقبة الطايف - حي الرمال,الروضة,بلدية,بلدية الروضة,True,False,لا يوجد,,0,,,False,none,date_parsed_from_text,6,True
Data 2025.xlsx,3605,2025-04-27,2025-04,2025-W17,2,6,gcv-0199-r01,GCV-0199-R01,ايدام مشكل فرن,الخضار المشوية و المطبوخة,,الخضار المشوية و المطبوخة,cooked_meat_poultry,مطعم مضغوط نثري - حي الرمال,مطعم مضغوط نثري,حي الرمال,مطعم مضغوط نثري - حي الرمال,الروضة,بلدية,بلدية الروضة,True,False,لا يوجد,,0,,,False,none,date_parsed_from_text,6,True
Data 2025.xlsx,3606,2025-04-27,2025-04,2025-W17,2,6,gcv-0200-r01,GCV-0200-R01,ايدام مصقع,الخضار المشوية و المطبوخة,,الخضار المشوية و المطبوخة,cooked_meat_poultry,مطعم مضغوط نثري - حي الرمال,مطعم مضغوط نثري,حي الرمال,مطعم مضغوط نثري - حي الرمال,الروضة,بلدية,بلدية الروضة,True,False,لا يوجد,,0,,,False,none,date_parsed_from_text,6,True
Data 2025.xlsx,3607,2025-04-27,2025-04,2025-W17,2,6,gcv-0201-r01,GCV-0201-R01,ايدام بامية,الخضار المشوية و المطبوخة,,الخضار المشوية و المطبوخة,cooked_meat_poultry,مطعم مضغوط نثري - حي الرمال,مطعم مضغوط نثري,حي الرمال,مطعم مضغوط نثري - حي الرمال,الروضة,بلدية,بلدية الروضة,True,False,لا يوجد,,0,,,False,none,date_parsed_from_text,6,True
Data 2025.xlsx,3608,2025-04-27,2025-04,2025-W17,2,6,gcv-0202-r01,GCV-0202-R01,ايدام ملوخية,الخضار المشوية و المطبوخة,,الخضار المشوية و المطبوخة,cooked_meat_poultry,مطعم مضغوط نثري - حي الرمال,مطعم مضغوط نثري,حي الرمال,مطعم مضغوط نثري - حي الرمال,الروضة,بلدية,بلدية الروضة,True,False,لا يوجد,,0,,,False,none,date_parsed_from_text,6,True
Data 2025.xlsx,3623,2025-04-27,2025-04,2025-W17,2,6,gcv-0203-r01,GCV-0203-R01,ايدام بطاطس مع سبانخ,الخضار المشوية و المطبوخة,,الخضار المشوية و المطبوخة,cooked_meat_poultry,مطعم مذاق الرمال - حي الرمال,مطعم مذاق الرمال,حي الرمال,مطعم مذاق الرمال - حي الرمال,الروضة,بلدية,بلدية الروضة,True,False,لا يوجد,,0,,,False,none,date_parsed_from_text,7,True
Data 2025.xlsx,3624,2025-04-27,2025-04,2025-W17,2,6,gcv-0204-r01,GCV-0204-R01,ايدام زهرة مع بطاطس,الخضار المشوية و المطبوخة,,الخضار المشوية و المطبوخة,cooked_meat_poultry,مطعم مذاق الرمال - حي الرمال,مطعم مذاق الرمال,حي الرمال,مطعم مذاق الرمال - حي الرمال,الروضة,بلدية,بلدية الروضة,True,False,لا يوجد,,0,,,False,none,date_parsed_from_text,7,True
Data 2025.xlsx,3582,2025-04-27,2025-04,2025-W17,2,6,ho-0224-r01,ho-0224-R01,عسل,(Honey) عسل النحل,Honey,(Honey) عسل النحل,sweets_bakery,فوال عقبة الطايف - حي الرمال,فوال عقبة الطايف,حي الرمال,فوال عقبة الطايف - حي الرمال,الروضة,بلدية,بلدية الروضة,True,False,لا يوجد,,0,,,False,none,date_parsed_from_text,0,False
Data 2025.xlsx,3668,2025-04-27,2025-04,2025-W17,2,6,ho-0225-r01,ho-0225-R01,شبيه عسل,(Honey) عسل النحل,Honey,(Honey) عسل النحل,sweets_bakery,مطعم سايمون - حي الرمال,مطعم سايمون,حي الرمال,مطعم سايمون - حي الرمال,الروضة,بلدية,بلدية الروضة,True,False,لا يوجد,,0,,,False,none,date_parsed_from_text,11,True
Data 2025.xlsx,3636,2025-04-27,2025-04,2025-W17,2,6,jui-0423-r01,jui-0423-R01,عصير برتقال,العصائر الطازجة Un-pasteurized juices (fresh),fresh,العصائر الطازجة Un-pasteurized juices (fresh),beverage,مطعم شورمه - حي الرمال,مطعم شورمه,حي الرمال,مطعم شورمه - حي الرمال,الروضة,بلدية,بلدية الروضة,True,False,لا يوجد,,0,,,False,none,date_parsed_from_text,2,True
Data 2025.xlsx,3661,2025-04-27,2025-04,2025-W17,2,6,jui-0424-r01,jui-0424-R01,عصير كوكتيل,العصائر الطازجة Un-pasteurized juices (fresh),fresh,العصائر الطازجة Un-pasteurized juices (fresh),beverage,مطعم سايمون - حي الرمال,مطعم سايمون,حي الرمال,مطعم سايمون - حي الرمال,الروضة,بلدية,بلدية الروضة,True,False,لا يوجد,,0,,,False,none,date_parsed_from_text,6,True
Data 2025.xlsx,3620,2025-04-27,2025-04,2025-W17,2,6,len-0469-r01,Len-0469-R01,ايدام عدس,العدس (Lentil),Lentil,العدس (Lentil),produce,مطعم مذاق الرمال - حي الرمال,مطعم مذاق الرمال,حي الرمال,مطعم مذاق الرمال - حي الرمال,الروضة,بلدية,بلدية الروضة,False,True,العد الكلي للبكتيريا,العد الكلي للبكتيريا,1,,العد الكلي للبكتيريا,False,indicator_only,date_parsed_from_text,6,True
Data 2025.xlsx,3630,2025-04-27,2025-04,2025-W17,2,6,pick-0393-r01,Pick-0393-R01,مخلل خيار,المخلل (Pickle),Pickle,المخلل (Pickle),sauce_condiment,مطعم شورمه - حي الرمال,مطعم شورمه,حي الرمال,مطعم شورمه - حي الرمال,الروضة,بلدية,بلدية الروضة,True,False,لا يوجد,,0,,,False,none,date_parsed_from_text,1,False
Data 2025.xlsx,3631,2025-04-27,2025-04,2025-W17,2,6,pick-0394-r01,Pick-0394-R01,مخلل هلابينو,المخلل (Pickle),Pickle,المخلل (Pickle),sauce_condiment,مطعم شورمه - حي الرمال,مطعم شورمه,حي الرمال,مطعم شورمه - حي الرمال,الروضة,بلدية,بلدية الروضة,True,False,لا يوجد,,0,,,False,none,date_parsed_from_text,1,False
Data 2025.xlsx,3659,2025-04-27,2025-04,2025-W17,2,6,pick-0395-r01,Pick-0395-R01,مخلل لفت,المخلل (Pickle),Pickle,المخلل (Pickle),sauce_condiment,مطعم سايمون - حي الرمال,مطعم سايمون,حي الرمال,مطعم سايمون - حي الرمال,الروضة,بلدية,بلدية الروضة,False,True,خمائر,الخمائر والاعفان,1,,الخمائر والاعفان,False,indicator_only,date_parsed_from_text,5,True
Data 2025.xlsx,3660,2025-04-27,2025-04,2025-W17,2,6,pick-0396-r01,Pick-0396-R01,مخلل خيار,المخلل (Pickle),Pickle,المخلل (Pickle),sauce_condiment,مطعم سايمون - حي الرمال,مطعم سايمون,حي الرمال,مطعم سايمون - حي الرمال,الروضة,بلدية,بلدية الروضة,False,True,خمائر,الخمائر والاعفان,1,,الخمائر والاعفان,False,indicator_only,date_parsed_from_text,6,True
Data 2025.xlsx,3578,2025-04-27,2025-04,2025-W17,2,6,raw-0132-r01,Raw-0132-R01,كبدة غنم استرالي نفس الخاروف,لحوم نيئة مبردة ومجمدة (Raw meat Cold or chilled ),Raw meat Cold or chilled,لحوم نيئة مبردة ومجمدة (Raw meat Cold or chilled ),raw_meat,مؤسسة راشد عبد العزيز ناصر الشومر للتجارة,مؤسسة راشد عبد العزيز ناصر الشومر للتجارة,,مؤسسة راشد عبد العزيز ناصر الشومر للتجارة,الشمال,بلدية,بلدية الشمال,True,False,لا يوجد,,0,,,False,none,date_parsed_from_text,0,False
Data 2025.xlsx,3579,2025-04-27,2025-04,2025-W17,2,6,raw-0133-r01,Raw-0133-R01,لحم فخذ خاروف استرالي,لحوم نيئة مبردة ومجمدة (Raw meat Cold or chilled ),Raw meat Cold or chilled,لحوم نيئة مبردة ومجمدة (Raw meat Cold or chilled ),raw_meat,مؤسسة راشد عبد العزيز ناصر الشومر للتجارة,مؤسسة راشد عبد العزيز ناصر الشومر للتجارة,,مؤسسة راشد عبد العزيز ناصر الشومر للتجارة,الشمال,بلدية,بلدية الشمال,False,True,العد الكلي للبكتيريا,العد الكلي للبكتيريا,1,,العد الكلي للبكتيريا,False,indicator_only,date_parsed_from_text,1,False
Data 2025.xlsx,3580,2025-04-27,2025-04,2025-W17,2,6,raw-0134-r01,Raw-0134-R01,لحم كتف عجل باكستاني,لحوم نيئة مبردة ومجمدة (Raw meat Cold or chilled ),Raw meat Cold or chilled,لحوم نيئة مبردة ومجمدة (Raw meat Cold or chilled ),raw_meat,مؤسسة راشد عبد العزيز ناصر الشومر للتجارة,مؤسسة راشد عبد العزيز ناصر الشومر للتجارة,,مؤسسة راشد عبد العزيز ناصر الشومر للتجارة,الشمال,بلدية,بلدية الشمال,True,False,لا يوجد,,0,,,False,none,date_parsed_from_text,1,False
Data 2025.xlsx,3581,2025-04-27,2025-04,2025-W17,2,6,raw-0135-r01,Raw-0135-R01,لحم تيس كيني يد,لحوم نيئة مبردة ومجمدة (Raw meat Cold or chilled ),Raw meat Cold or chilled,لحوم نيئة مبردة ومجمدة (Raw meat Cold or chilled ),raw_meat,مؤسسة راشد عبد العزيز ناصر الشومر للتجارة,مؤسسة راشد عبد العزيز ناصر الشومر للتجارة,,مؤسسة راشد عبد العزيز ناصر الشومر للتجارة,الشمال,بلدية,بلدية الشمال,False,True,العد الكلي للبكتيريا,العد الكلي للبكتيريا,1,,العد الكلي للبكتيريا,False,indicator_only,date_parsed_from_text,2,True
Data 2025.xlsx,3595,2025-04-27,2025-04,2025-W17,2,6,sal-1281-r01,Sal-1281-R01,سلطة حارة حمراء,السلطة(Salad),Salad,السلطة(Salad),produce,مطعم مضغوط نثري - حي الرمال,مطعم مضغوط نثري,حي الرمال,مطعم مضغوط نثري - حي الرمال,الروضة,بلدية,بلدية الروضة,False,True,استافيلوكوكس اورياس,استافيلوكوكس اورياس,1,استافيلوكوكس اورياس,,True,pathogen,date_parsed_from_text,1,False
Data 2025.xlsx,3596,2025-04-27,2025-04,2025-W17,2,6,sal-1282-r01,Sal-1282-R01,سلطة طماطم مع بصل,السلطة(Salad),Salad,السلطة(Salad),produce,مطعم مضغوط نثري - حي الرمال,مطعم مضغوط نثري,حي الرمال,مطعم مضغوط نثري - حي الرمال,الروضة,بلدية,بلدية الروضة,True,False,لا يوجد,,0,,,False,none,date_parsed_from_text,1,False
Data 2025.xlsx,3597,2025-04-27,2025-04,2025-W17,2,6,sal-1283-r01,Sal-1283-R01,سلطة خضراء,السلطة(Salad),Salad,السلطة(Salad),produce,مطعم مضغوط نثري - حي الرمال,مطعم مضغوط نثري,حي الرمال,مطعم مضغوط نثري - حي الرمال,الروضة,بلدية,بلدية الروضة,False,True,استافيلوكوكس اورياس,استافيلوكوكس اورياس,1,استافيلوكوكس اورياس,,True,pathogen,date_parsed_from_text,2,True
Data 2025.xlsx,3598,2025-04-27,2025-04,2025-W17,2,6,sal-1284-r01,Sal-1284-R01,سلطة سومطرا,السلطة(Salad),Salad,السلطة(Salad),produce,مطعم مضغوط نثري - حي الرمال,مطعم مضغوط نثري,حي الرمال,مطعم مضغوط نثري - حي الرمال,الروضة,بلدية,بلدية الروضة,False,True,استافيلوكوكس اورياس,استافيلوكوكس اورياس,1,استافيلوكوكس اورياس,,True,pathogen,date_parsed_from_text,3,True
Data 2025.xlsx,3599,2025-04-27,2025-04,2025-W17,2,6,sal-1285-r01,Sal-1285-R01,سلطة زبادي خيار,السلطة(Salad),Salad,السلطة(Salad),produce,مطعم مضغوط نثري - حي الرمال,مطعم مضغوط نثري,حي الرمال,مطعم مضغوط نثري - حي الرمال,الروضة,بلدية,بلدية الروضة,False,True,استافيلوكوكس اورياس,استافيلوكوكس اورياس,1,استافيلوكوكس اورياس,,True,pathogen,date_parsed_from_text,4,True
Data 2025.xlsx,3600,2025-04-27,2025-04,2025-W17,2,6,sal-1286-r01,Sal-1286-R01,سلطة ليمون وبصل,السلطة(Salad),Salad,السلطة(Salad),produce,مطعم مضغوط نثري - حي الرمال,مطعم مضغوط نثري,حي الرمال,مطعم مضغوط نثري - حي الرمال,الروضة,بلدية,بلدية الروضة,True,False,لا يوجد,,0,,,False,none,date_parsed_from_text,4,True
Data 2025.xlsx,3601,2025-04-27,2025-04,2025-W17,2,6,sal-1287-r01,Sal-1287-R01,سلطة حمراء باردة,السلطة(Salad),Salad,السلطة(Salad),produce,مطعم مضغوط نثري - حي الرمال,مطعم مضغوط نثري,حي الرمال,مطعم مضغوط نثري - حي الرمال,الروضة,بلدية,بلدية الروضة,False,True,استافيلوكوكس اورياس,استافيلوكوكس اورياس,1,استافيلوكوكس اورياس,,True,pathogen,date_parsed_from_text,5,True
Data 2025.xlsx,3612,2025-04-27,2025-04,2025-W17,2,6,sal-1288-r01,Sal-1288-R01,سلطة ملفوف مع بصل و خيار,السلطة(Salad),Salad,السلطة(Salad),produce,مطعم مذاق الرمال - حي الرمال,مطعم مذاق الرمال,حي الرمال,مطعم مذاق الرمال - حي الرمال,الروضة,بلدية,بلدية الروضة,False,True,استافيلوكوكس اورياس,استافيلوكوكس اورياس,1,استافيلوكوكس اورياس,,True,pathogen,date_parsed_from_text,1,False
Data 2025.xlsx,3613,2025-04-27,2025-04,2025-W17,2,6,sal-1289-r01,Sal-1289-R01,سلطة زبادي و خيار,السلطة(Salad),Salad,السلطة(Salad),produce,مطعم مذاق الرمال - حي الرمال,مطعم مذاق الرمال,حي الرمال,مطعم مذاق الرمال - حي الرمال,الروضة,بلدية,بلدية الروضة,False,True,استافيلوكوكس اورياس,استافيلوكوكس اورياس,1,استافيلوكوكس اورياس,,True,pathogen,date_parsed_from_text,2,True
Data 2025.xlsx,3614,2025-04-27,2025-04,2025-W17,2,6,sal-1290-r01,Sal-1290-R01,سلطة حمراء حارة,السلطة(Salad),Salad,السلطة(Salad),produce,مطعم مذاق الرمال - حي الرمال,مطعم مذاق الرمال,حي الرمال,مطعم مذاق الرمال - حي الرمال,الروضة,بلدية,بلدية الروضة,True,False,لا يوجد,,0,,,False,none,date_parsed_from_text,2,True
Data 2025.xlsx,3635,2025-04-27,2025-04,2025-W17,2,6,sal-1291-r01,Sal-1291-R01,سلطة ملفوف,السلطة(Salad),Salad,السلطة(Salad),produce,مطعم شورمه - حي الرمال,مطعم شورمه,حي الرمال,مطعم شورمه - حي الرمال,الروضة,بلدية,بلدية الروضة,False,True,استافيلوكوكس اورياس,استافيلوكوكس اورياس,1,استافيلوكوكس اورياس,,True,pathogen,date_parsed_from_text,2,True
Data 2025.xlsx,3586,2025-04-27,2025-04,2025-W17,2,6,sau-1492-r01,sau-1492-R01,صوص كاتشب,صوص (sauce),sauce,صوص (sauce),sauce_condiment,فوال عقبة الطايف - حي الرمال,فوال عقبة الطايف,حي الرمال,فوال عقبة الطايف - حي الرمال,الروضة,بلدية,بلدية الروضة,True,False,لا يوجد,,0,,,False,none,date_parsed_from_text,1,False
Data 2025.xlsx,3588,2025-04-27,2025-04,2025-W17,2,6,sau-1493-r01,sau-1493-R01,صوص نوتيلا,صوص (sauce),sauce,صوص (sauce),sauce_condiment,فوال عقبة الطايف - حي الرمال,فوال عقبة الطايف,حي الرمال,فوال عقبة الطايف - حي الرمال,الروضة,بلدية,بلدية الروضة,True,False,لا يوجد,,0,,,False,none,date_parsed_from_text,2,True
Data 2025.xlsx,3589,2025-04-27,2025-04,2025-W17,2,6,sau-1494-r01,sau-1494-R01,صوص ساحاوقة بالجبن حارة,صوص (sauce),sauce,صوص (sauce),sauce_condiment,فوال عقبة الطايف - حي الرمال,فوال عقبة الطايف,حي الرمال,فوال عقبة الطايف - حي الرمال,الروضة,بلدية,بلدية الروضة,False,True,العد الكلي للبكتيريا | استافيلوكوكس اورياس,العد الكلي للبكتيريا | استافيلوكوكس اورياس,2,استافيلوكوكس اورياس,العد الكلي للبكتيريا,True,pathogen,date_parsed_from_text,3,True
Data 2025.xlsx,3602,2025-04-27,2025-04,2025-W17,2,6,sau-1495-r01,sau-1495-R01,صوص شوكولاتة بيضاء,صوص (sauce),sauce,صوص (sauce),sauce_condiment,مطعم مضغوط نثري - حي الرمال,مطعم مضغوط نثري,حي الرمال,مطعم مضغوط نثري - حي الرمال,الروضة,بلدية,بلدية الروضة,False,True,العد الكلي للبكتيريا,العد الكلي للبكتيريا,1,,العد الكلي للبكتيريا,False,indicator_only,date_parsed_from_text,6,True
Data 2025.xlsx,3603,2025-04-27,2025-04,2025-W17,2,6,sau-1496-r01,sau-1496-R01,صوص بستاشو,صوص (sauce),sauce,صوص (sauce),sauce_condiment,مطعم مضغوط نثري - حي الرمال,مطعم مضغوط نثري,حي الرمال,مطعم مضغوط نثري - حي الرمال,الروضة,بلدية,بلدية الروضة,True,False,لا يوجد,,0,,,False,none,date_parsed_from_text,6,True
Data 2025.xlsx,3604,2025-04-27,2025-04,2025-W17,2,6,sau-1497-r01,sau-1497-R01,صوص شوكولاتة بالبندق,صوص (sauce),sauce,صوص (sauce),sauce_condiment,مطعم مضغوط نثري - حي الرمال,مطعم مضغوط نثري,حي الرمال,مطعم مضغوط نثري - حي الرمال,الروضة,بلدية,بلدية الروضة,True,False,لا يوجد,,0,,,False,none,date_parsed_from_text,6,True
Data 2025.xlsx,3626,2025-04-27,2025-04,2025-W17,2,6,sau-1498-r01,sau-1498-R01,صوص ثوم,صوص (sauce),sauce,صوص (sauce),sauce_condiment,مطعم شورمه - حي الرمال,مطعم شورمه,حي الرمال,مطعم شورمه - حي الرمال,الروضة,بلدية,بلدية الروضة,True,False,لا يوجد,,0,,,False,none,date_parsed_from_text,0,False
Data 2025.xlsx,3627,2025-04-27,2025-04,2025-W17,2,6,sau-1499-r01,sau-1499-R01,صوص جبن شيدر,صوص (sauce),sauce,صوص (sauce),sauce_condiment,مطعم شورمه - حي الرمال,مطعم شورمه,حي الرمال,مطعم شورمه - حي الرمال,الروضة,بلدية,بلدية الروضة,False,True,انتيروباكتريسي,انتيروباكتريسي,1,,انتيروباكتريسي,False,indicator_only,date_parsed_from_text,1,False
Data 2025.xlsx,3628,2025-04-27,2025-04,2025-W17,2,6,sau-1500-r01,sau-1500-R01,صوص كاتشب,صوص (sauce),sauce,صوص (sauce),sauce_condiment,مطعم شورمه - حي الرمال,مطعم شورمه,حي الرمال,مطعم شورمه - حي الرمال,الروضة,بلدية,بلدية الروضة,True,False,لا يوجد,,0,,,False,none,date_parsed_from_text,1,False
Data 2025.xlsx,3629,2025-04-27,2025-04,2025-W17,2,6,sau-1501-r01,sau-1501-R01,صوص ثوم حار,صوص (sauce),sauce,صوص (sauce),sauce_condiment,مطعم شورمه - حي الرمال,مطعم شورمه,حي الرمال,مطعم شورمه - حي الرمال,الروضة,بلدية,بلدية الروضة,True,False,لا يوجد,,0,,,False,none,date_parsed_from_text,1,False
Data 2025.xlsx,3645,2025-04-27,2025-04,2025-W17,2,6,sau-1502-r01,sau-1502-R01,صوص ثوم كزبرة حار,صوص (sauce),sauce,صوص (sauce),sauce_condiment,مطعم سماء مسلان - حي الرمال,مطعم سماء مسلان,حي الرمال,مطعم سماء مسلان - حي الرمال,الروضة,بلدية,بلدية الروضة,False,True,العد الكلي للبكتيريا,العد الكلي للبكتيريا,1,,العد الكلي للبكتيريا,False,indicator_only,date_parsed_from_text,1,False
Data 2025.xlsx,3646,2025-04-27,2025-04,2025-W17,2,6,sau-1503-r01,sau-1503-R01,صوص ثوم كزبرة,صوص (sauce),sauce,صوص (sauce),sauce_condiment,مطعم سماء مسلان - حي الرمال,مطعم سماء مسلان,حي الرمال,مطعم سماء مسلان - حي الرمال,الروضة,بلدية,بلدية الروضة,True,False,لا يوجد,,0,,,False,none,date_parsed_from_text,1,False
Data 2025.xlsx,3647,2025-04-27,2025-04,2025-W17,2,6,sau-1504-r01,sau-1504-R01,صوص برجر لحم,صوص (sauce),sauce,صوص (sauce),sauce_condiment,مطعم سماء مسلان - حي الرمال,مطعم سماء مسلان,حي الرمال,مطعم سماء مسلان - حي الرمال,الروضة,بلدية,بلدية الروضة,False,True,العد الكلي للبكتيريا,العد الكلي للبكتيريا,1,,العد الكلي للبكتيريا,False,indicator_only,date_parsed_from_text,2,True
Data 2025.xlsx,3648,2025-04-27,2025-04,2025-W17,2,6,sau-1505-r01,sau-1505-R01,صوص برجر دجاج,صوص (sauce),sauce,صوص (sauce),sauce_condiment,مطعم سماء مسلان - حي الرمال,مطعم سماء مسلان,حي الرمال,مطعم سماء مسلان - حي الرمال,الروضة,بلدية,بلدية الروضة,True,False,لا يوجد,,0,,,False,none,date_parsed_from_text,2,True
Data 2025.xlsx,3651,2025-04-27,2025-04,2025-W17,2,6,sau-1506-r01,sau-1506-R01,صوص ثوم,صوص (sauce),sauce,صوص (sauce),sauce_condiment,مطعم سماء مسلان - حي الرمال,مطعم سماء مسلان,حي الرمال,مطعم سماء مسلان - حي الرمال,الروضة,بلدية,بلدية الروضة,False,True,العد الكلي للبكتيريا,العد الكلي للبكتيريا,1,,العد الكلي للبكتيريا,False,indicator_only,date_parsed_from_text,3,True
Data 2025.xlsx,3652,2025-04-27,2025-04,2025-W17,2,6,sau-1507-r01,sau-1507-R01,صوص كاتشب,صوص (sauce),sauce,صوص (sauce),sauce_condiment,مطعم سماء مسلان - حي الرمال,مطعم سماء مسلان,حي الرمال,مطعم سماء مسلان - حي الرمال,الروضة,بلدية,بلدية الروضة,True,False,لا يوجد,,0,,,False,none,date_parsed_from_text,3,True
Data 2025.xlsx,3653,2025-04-27,2025-04,2025-W17,2,6,sau-1508-r01,sau-1508-R01,صوص شطة شامية,صوص (sauce),sauce,صوص (sauce),sauce_condiment,مطعم سماء مسلان - حي الرمال,مطعم سماء مسلان,حي الرمال,مطعم سماء مسلان - حي الرمال,الروضة,بلدية,بلدية الروضة,False,True,العد الكلي للبكتيريا | انتيروباكتريسي | الخمائر والاعفان,العد الكلي للبكتيريا | انتيروباكتريسي | الخمائر والاعفان,3,,العد الكلي للبكتيريا | انتيروباكتريسي | الخمائر والاعفان,False,indicator_only,date_parsed_from_text,4,True
Data 2025.xlsx,3662,2025-04-27,2025-04,2025-W17,2,6,sau-1509-r01,sau-1509-R01,صوص شطة,صوص (sauce),sauce,صوص (sauce),sauce_condiment,مطعم سايمون - حي الرمال,مطعم سايمون,حي الرمال,مطعم سايمون - حي الرمال,الروضة,بلدية,بلدية الروضة,False,True,العد الكلي للبكتيريا,العد الكلي للبكتيريا,1,,العد الكلي للبكتيريا,False,indicator_only,date_parsed_from_text,7,True
Data 2025.xlsx,3663,2025-04-27,2025-04,2025-W17,2,6,sau-1510-r01,sau-1510-R01,صوص كاتشب,صوص (sauce),sauce,صوص (sauce),sauce_condiment,مطعم سايمون - حي الرمال,مطعم سايمون,حي الرمال,مطعم سايمون - حي الرمال,الروضة,بلدية,بلدية الروضة,True,False,لا يوجد,,0,,,False,none,date_parsed_from_text,7,True
Data 2025.xlsx,3664,2025-04-27,2025-04,2025-W17,2,6,sau-1511-r01,sau-1511-R01,صوص جبن شيدر,صوص (sauce),sauce,صوص (sauce),sauce_condiment,مطعم سايمون - حي الرمال,مطعم سايمون,حي الرمال,مطعم سايمون - حي الرمال,الروضة,بلدية,بلدية الروضة,False,True,انتيروباكتريسي,انتيروباكتريسي,1,,انتيروباكتريسي,False,indicator_only,date_parsed_from_text,8,True
Data 2025.xlsx,3665,2025-04-27,2025-04,2025-W17,2,6,sau-1512-r01,sau-1512-R01,صوص سبايسي,صوص (sauce),sauce,صوص (sauce),sauce_condiment,مطعم سايمون - حي الرمال,مطعم سايمون,حي الرمال,مطعم سايمون - حي الرمال,الروضة,بلدية,بلدية الروضة,False,True,العد الكلي للبكتيريا | استافيلوكوكس اورياس,العد الكلي للبكتيريا | استافيلوكوكس اورياس,2,استافيلوكوكس اورياس,العد الكلي للبكتيريا,True,pathogen,date_parsed_from_text,9,True
Data 2025.xlsx,3591,2025-04-27,2025-04,2025-W17,2,6,sw-2925-r01,sw-2925-R01,مسحة يد,(Swabs) المسحات,Swabs,(Swabs) المسحات,swab,فوال عقبة الطايف - حي الرمال,فوال عقبة الطايف,حي الرمال,فوال عقبة الطايف - حي الرمال,الروضة,بلدية,بلدية الروضة,False,True,العد الكلي للبكتيريا,العد الكلي للبكتيريا,1,,العد الكلي للبكتيريا,False,indicator_only,date_parsed_from_text,4,True
Data 2025.xlsx,3592,2025-04-27,2025-04,2025-W17,2,6,sw-2926-r01,sw-2926-R01,مسحة يد,(Swabs) المسحات,Swabs,(Swabs) المسحات,swab,فوال عقبة الطايف - حي الرمال,فوال عقبة الطايف,حي الرمال,فوال عقبة الطايف - حي الرمال,الروضة,بلدية,بلدية الروضة,False,True,العد الكلي للبكتيريا,العد الكلي للبكتيريا,1,,العد الكلي للبكتيريا,False,indicator_only,date_parsed_from_text,5,True
Data 2025.xlsx,3593,2025-04-27,2025-04,2025-W17,2,6,sw-2927-r01,sw-2927-R01,مسحة فرامة خبز,(Swabs) المسحات,Swabs,(Swabs) المسحات,swab,فوال عقبة الطايف - حي الرمال,فوال عقبة الطايف,حي الرمال,فوال عقبة الطايف - حي الرمال,الروضة,بلدية,بلدية الروضة,False,True,العد الكلي للبكتيريا,العد الكلي للبكتيريا,1,,العد الكلي للبكتيريا,False,indicator_only,date_parsed_from_text,6,True
Data 2025.xlsx,3611,2025-04-27,2025-04,2025-W17,2,6,sw-2928-r01,sw-2928-R01,مسحة طاولة تقطيع,(Swabs) المسحات,Swabs,(Swabs) المسحات,swab,مطعم مضغوط نثري - حي الرمال,مطعم مضغوط نثري,حي الرمال,مطعم مضغوط نثري - حي الرمال,الروضة,بلدية,بلدية الروضة,False,True,استافيلوكوكس اورياس,استافيلوكوكس اورياس,1,استافيلوكوكس اورياس,,True,pathogen,date_parsed_from_text,7,True
Data 2025.xlsx,3615,2025-04-27,2025-04,2025-W17,2,6,sw-2929-r01,sw-2929-R01,مسحة طاولة تقطيع,(Swabs) المسحات,Swabs,(Swabs) المسحات,swab,مطعم مذاق الرمال - حي الرمال,مطعم مذاق الرمال,حي الرمال,مطعم مذاق الرمال - حي الرمال,الروضة,بلدية,بلدية الروضة,False,True,العد الكلي للبكتيريا,العد الكلي للبكتيريا,1,,العد الكلي للبكتيريا,False,indicator_only,date_parsed_from_text,3,True
Data 2025.xlsx,3616,2025-04-27,2025-04,2025-W17,2,6,sw-2930-r01,sw-2930-R01,مسحة حافظة خبز,(Swabs) المسحات,Swabs,(Swabs) المسحات,swab,مطعم مذاق الرمال - حي الرمال,مطعم مذاق الرمال,حي الرمال,مطعم مذاق الرمال - حي الرمال,الروضة,بلدية,بلدية الروضة,True,False,لا يوجد,,0,,,False,none,date_parsed_from_text,3,True
Data 2025.xlsx,3617,2025-04-27,2025-04,2025-W17,2,6,sw-2931-r01,sw-2931-R01,مسحة ادوات تحضير دجاج,(Swabs) المسحات,Swabs,(Swabs) المسحات,swab,مطعم مذاق الرمال - حي الرمال,مطعم مذاق الرمال,حي الرمال,مطعم مذاق الرمال - حي الرمال,الروضة,بلدية,بلدية الروضة,False,True,العد الكلي للبكتيريا,العد الكلي للبكتيريا,1,,العد الكلي للبكتيريا,False,indicator_only,date_parsed_from_text,4,True
Data 2025.xlsx,3618,2025-04-27,2025-04,2025-W17,2,6,sw-2932-r01,sw-2932-R01,مسحة حافظة دجاج,(Swabs) المسحات,Swabs,(Swabs) المسحات,swab,مطعم مذاق الرمال - حي الرمال,مطعم مذاق الرمال,حي الرمال,مطعم مذاق الرمال - حي الرمال,الروضة,بلدية,بلدية الروضة,True,False,لا يوجد,,0,,,False,none,date_parsed_from_text,4,True
Data 2025.xlsx,3639,2025-04-27,2025-04,2025-W17,2,6,sw-2933-r01,sw-2933-R01,مسحة عصارة برتقال,(Swabs) المسحات,Swabs,(Swabs) المسحات,swab,مطعم شورمه - حي الرمال,مطعم شورمه,حي الرمال,مطعم شورمه - حي الرمال,الروضة,بلدية,بلدية الروضة,True,False,لا يوجد,,0,,,False,none,date_parsed_from_text,2,True
Data 2025.xlsx,3640,2025-04-27,2025-04,2025-W17,2,6,sw-2934-r01,sw-2934-R01,مسحة طاولة تقطيع برتقال,(Swabs) المسحات,Swabs,(Swabs) المسحات,swab,مطعم شورمه - حي الرمال,مطعم شورمه,حي الرمال,مطعم شورمه - حي الرمال,الروضة,بلدية,بلدية الروضة,False,True,العد الكلي للبكتيريا,العد الكلي للبكتيريا,1,,العد الكلي للبكتيريا,False,indicator_only,date_parsed_from_text,3,True
Data 2025.xlsx,3641,2025-04-27,2025-04,2025-W17,2,6,sw-2935-r01,sw-2935-R01,مسحة قطاعة دجاج ني,(Swabs) المسحات,Swabs,(Swabs) المسحات,swab,مطعم شورمه - حي الرمال,مطعم شورمه,حي الرمال,مطعم شورمه - حي الرمال,الروضة,بلدية,بلدية الروضة,False,True,العد الكلي للبكتيريا,العد الكلي للبكتيريا,1,,العد الكلي للبكتيريا,False,indicator_only,date_parsed_from_text,4,True
Data 2025.xlsx,3642,2025-04-27,2025-04,2025-W17,2,6,sw-2936-r01,sw-2936-R01,مسحة حافظة الدجاج المطبوخ,(Swabs) المسحات,Swabs,(Swabs) المسحات,swab,مطعم شورمه - حي الرمال,مطعم شورمه,حي الرمال,مطعم شورمه - حي الرمال,الروضة,بلدية,بلدية الروضة,False,True,العد الكلي للبكتيريا,العد الكلي للبكتيريا,1,,العد الكلي للبكتيريا,False,indicator_only,date_parsed_from_text,5,True
Data 2025.xlsx,3643,2025-04-27,2025-04,2025-W17,2,6,sw-2937-r01,sw-2937-R01,مسحة حافظة بطاطس,(Swabs) المسحات,Swabs,(Swabs) المسحات,swab,مطعم شورمه - حي الرمال,مطعم شورمه,حي الرمال,مطعم شورمه - حي الرمال,الروضة,بلدية,بلدية الروضة,True,False,لا يوجد,,0,,,False,none,date_parsed_from_text,5,True
Data 2025.xlsx,3644,2025-04-27,2025-04,2025-W17,2,6,sw-2938-r01,sw-2938-R01,مسحة ثلاجة اعداد,(Swabs) المسحات,Swabs,(Swabs) المسحات,swab,مطعم شورمه - حي الرمال,مطعم شورمه,حي الرمال,مطعم شورمه - حي الرمال,الروضة,بلدية,بلدية الروضة,True,False,لا يوجد,,0,,,False,none,date_parsed_from_text,5,True
Data 2025.xlsx,3625,2025-04-27,2025-04,2025-W17,2,6,sweet-0973-r01,sweet-0973-R01,حلا باكستاني كير,الحلا(sweetness),sweetness,الحلا(sweetness),sweets_bakery,مطعم مذاق الرمال - حي الرمال,مطعم مذاق الرمال,حي الرمال,مطعم مذاق الرمال - حي الرمال,الروضة,بلدية,بلدية الروضة,False,True,باسيلس سيريس,باسيلس سيريس,1,باسيلس سيريس,,True,pathogen,date_parsed_from_text,8,True
Data 2025.xlsx,3669,2025-04-27,2025-04,2025-W17,2,6,ubot-0952-r01,Ubot-0952-R01,مياه حنفية لغسيل الادوات,المياه الغير معبأة (Unbottled water),Unbottled water,المياه الغير معبأة (Unbottled water),water,مؤسسة راشد عبد العزيز ناصر الشومر للتجارة,مؤسسة راشد عبد العزيز ناصر الشومر للتجارة,,مؤسسة راشد عبد العزيز ناصر الشومر للتجارة,الشمال,بلدية,بلدية الشمال,True,False,لا يوجد,,0,,,False,none,date_parsed_from_text,2,True
Data 2025.xlsx,3670,2025-04-27,2025-04,2025-W17,2,6,ubot-0953-r01,Ubot-0953-R01,مياه فلتر للعجانة,المياه الغير معبأة (Unbottled water),Unbottled water,المياه الغير معبأة (Unbottled water),water,فوال عقبة الطايف - حي الرمال,فوال عقبة الطايف,حي الرمال,فوال عقبة الطايف - حي الرمال,الروضة,بلدية,بلدية الروضة,False,True,كوليفورم | ايشيريشيا كولاي,كوليفورم | ايشيريشيا كولاي,2,ايشيريشيا كولاي,كوليفورم,True,pathogen,date_parsed_from_text,7,True
Data 2025.xlsx,3671,2025-04-27,2025-04,2025-W17,2,6,ubot-0954-r01,Ubot-0954-R01,مياه حنفية لغسيل الارز,المياه الغير معبأة (Unbottled water),Unbottled water,المياه الغير معبأة (Unbottled water),water,مطعم مذاق الرمال - حي الرمال,مطعم مذاق الرمال,حي الرمال,مطعم مذاق الرمال - حي الرمال,الروضة,بلدية,بلدية الروضة,True,False,لا يوجد,,0,,,False,none,date_parsed_from_text,8,True
Data 2025.xlsx,3736,2025-04-28,2025-04,2025-W18,2,0,OO-OSS-po-0366-R01,OO-OSS-po-0366-R01,شبس مقلي,البطاطس (potatoes),potatoes,البطاطس (potatoes),produce,البيك - حي الملك فهد,البيك,حي الملك فهد,البيك - حي الملك فهد,العليا,بلدية,بلدية العليا,True,False,لا يوجد,,0,,,False,none,date_parsed_from_text,3,True
Data 2025.xlsx,3737,2025-04-28,2025-04,2025-W18,2,0,OO-OSS-po-0367-R01,OO-OSS-po-0367-R01,بطاطس مقلي,البطاطس (potatoes),potatoes,البطاطس (potatoes),produce,البيك - حي الملك فهد,البيك,حي الملك فهد,البيك - حي الملك فهد,العليا,بلدية,بلدية العليا,True,False,لا يوجد,,0,,,False,none,date_parsed_from_text,3,True
Data 2025.xlsx,3735,2025-04-28,2025-04,2025-W18,2,0,appe-0436-r01,Appe-0436-R01,حمص,مقبلات (Appetizers),Appetizers,مقبلات (Appetizers),prepared_meal,البيك - حي الملك فهد,البيك,حي الملك فهد,البيك - حي الملك فهد,العليا,بلدية,بلدية العليا,True,False,لا يوجد,,0,,,False,none,date_parsed_from_text,3,True
Data 2025.xlsx,3701,2025-04-28,2025-04,2025-W18,2,0,co-0484-r01,co-0484-R01,قطع دجاج مطبوخ,الدجاج المطبوخ (Cooked chicken),Cooked chicken,الدجاج المطبوخ (Cooked chicken),cooked_meat_poultry,البيك - حي الوادي,البيك,حي الوادي,البيك - حي الوادي,الشمال,بلدية,بلدية الشمال,True,False,لا يوجد,,0,,,False,none,date_parsed_from_text,1,False
Data 2025.xlsx,3672,2025-04-28,2025-04,2025-W18,2,0,raw-0136-r01,Raw-0136-R01,لحم عجل بلدي فخذ,لحوم نيئة مبردة ومجمدة (Raw meat Cold or chilled ),Raw meat Cold or chilled,لحوم نيئة مبردة ومجمدة (Raw meat Cold or chilled ),raw_meat,تركي للذبائح,تركي للذبائح,,تركي للذبائح,الشمال,بلدية,بلدية الشمال,False,True,السالمونيلا,السالمونيلا,1,السالمونيلا,,True,pathogen,date_parsed_from_text,1,False
Data 2025.xlsx,3673,2025-04-28,2025-04,2025-W18,2,0,raw-0137-r01,Raw-0137-R01,لحم غنم بطن,لحوم نيئة مبردة ومجمدة (Raw meat Cold or chilled ),Raw meat Cold or chilled,لحوم نيئة مبردة ومجمدة (Raw meat Cold or chilled ),raw_meat,تركي للذبائح,تركي للذبائح,,تركي للذبائح,الشمال,بلدية,بلدية الشمال,True,False,لا يوجد,,0,,,False,none,date_parsed_from_text,1,False
Data 2025.xlsx,3674,2025-04-28,2025-04,2025-W18,2,0,raw-0138-r01,Raw-0138-R01,كبدة غنم بلدي خاروف اخر,لحوم نيئة مبردة ومجمدة (Raw meat Cold or chilled ),Raw meat Cold or chilled,لحوم نيئة مبردة ومجمدة (Raw meat Cold or chilled ),raw_meat,تركي للذبائح,تركي للذبائح,,تركي للذبائح,الشمال,بلدية,بلدية الشمال,False,True,السالمونيلا,السالمونيلا,1,السالمونيلا,,True,pathogen,date_parsed_from_text,2,True
Data 2025.xlsx,3675,2025-04-28,2025-04,2025-W18,2,0,raw-0139-r01,Raw-0139-R01,كلوي غنم بلدي خاروف اخر,لحوم نيئة مبردة ومجمدة (Raw meat Cold or chilled ),Raw meat Cold or chilled,لحوم نيئة مبردة ومجمدة (Raw meat Cold or chilled ),raw_meat,تركي للذبائح,تركي للذبائح,,تركي للذبائح,الشمال,بلدية,بلدية الشمال,True,False,لا يوجد,,0,,,False,none,date_parsed_from_text,2,True
Data 2025.xlsx,3676,2025-04-28,2025-04,2025-W18,2,0,raw-0140-r01,Raw-0140-R01,مصارين خاروف اخر,لحوم نيئة مبردة ومجمدة (Raw meat Cold or chilled ),Raw meat Cold or chilled,لحوم نيئة مبردة ومجمدة (Raw meat Cold or chilled ),raw_meat,تركي للذبائح,تركي للذبائح,,تركي للذبائح,الشمال,بلدية,بلدية الشمال,False,True,العد الكلي للبكتيريا | السالمونيلا,العد الكلي للبكتيريا | السالمونيلا,2,السالمونيلا,العد الكلي للبكتيريا,True,pathogen,date_parsed_from_text,3,True
Data 2025.xlsx,3718,2025-04-28,2025-04,2025-W18,2,0,sal-1292-r01,Sal-1292-R01,سلطة ملفوف,السلطة(Salad),Salad,السلطة(Salad),produce,البيك - حي النرجس,البيك,حي النرجس,البيك - حي النرجس,الشمال,بلدية,بلدية الشمال,True,False,لا يوجد,,0,,,False,none,date_parsed_from_text,2,True
Data 2025.xlsx,3734,2025-04-28,2025-04,2025-W18,2,0,sal-1293-r01,Sal-1293-R01,سلطة ملفوف,السلطة(Salad),Salad,السلطة(Salad),produce,البيك - حي الملك فهد,البيك,حي الملك فهد,البيك - حي الملك فهد,العليا,بلدية,بلدية العليا,True,False,لا يوجد,,0,,,False,none,date_parsed_from_text,3,True
Data 2025.xlsx,3677,2025-04-28,2025-04,2025-W18,2,0,sau-1513-r01,sau-1513-R01,صوص ثوم,صوص (sauce),sauce,صوص (sauce),sauce_condiment,البيك - حي الشهداء,البيك,حي الشهداء,البيك - حي الشهداء,الروضة,بلدية,بلدية الروضة,True,False,لا يوجد,,0,,,False,none,date_parsed_from_text,0,False
Data 2025.xlsx,3678,2025-04-28,2025-04,2025-W18,2,0,sau-1514-r01,sau-1514-R01,صوص باربكيو,صوص (sauce),sauce,صوص (sauce),sauce_condiment,البيك - حي الشهداء,البيك,حي الشهداء,البيك - حي الشهداء,الروضة,بلدية,بلدية الروضة,True,False,لا يوجد,,0,,,False,none,date_parsed_from_text,0,False
Data 2025.xlsx,3679,2025-04-28,2025-04,2025-W18,2,0,sau-1515-r01,sau-1515-R01,صوص شريم,صوص (sauce),sauce,صوص (sauce),sauce_condiment,البيك - حي الشهداء,البيك,حي الشهداء,البيك - حي الشهداء,الروضة,بلدية,بلدية الروضة,True,False,لا يوجد,,0,,,False,none,date_parsed_from_text,0,False
Data 2025.xlsx,3680,2025-04-28,2025-04,2025-W18,2,0,sau-1516-r01,sau-1516-R01,صوص كوكتيل عادي,صوص (sauce),sauce,صوص (sauce),sauce_condiment,البيك - حي الشهداء,البيك,حي الشهداء,البيك - حي الشهداء,الروضة,بلدية,بلدية الروضة,True,False,لا يوجد,,0,,,False,none,date_parsed_from_text,0,False
Data 2025.xlsx,3685,2025-04-28,2025-04,2025-W18,2,0,sau-1517-r01,sau-1517-R01,صوص كوكتيل,صوص (sauce),sauce,صوص (sauce),sauce_condiment,البيك - حي المغرزات,البيك,حي المغرزات,البيك - حي المغرزات,العليا,بلدية,بلدية العليا,True,False,لا يوجد,,0,,,False,none,date_parsed_from_text,1,False
Data 2025.xlsx,3686,2025-04-28,2025-04,2025-W18,2,0,sau-1518-r01,sau-1518-R01,صوص كوكتيل حراق,صوص (sauce),sauce,صوص (sauce),sauce_condiment,البيك - حي المغرزات,البيك,حي المغرزات,البيك - حي المغرزات,العليا,بلدية,بلدية العليا,True,False,لا يوجد,,0,,,False,none,date_parsed_from_text,1,False
Data 2025.xlsx,3687,2025-04-28,2025-04,2025-W18,2,0,sau-1519-r01,sau-1519-R01,صوص باربكيو,صوص (sauce),sauce,صوص (sauce),sauce_condiment,البيك - حي المغرزات,البيك,حي المغرزات,البيك - حي المغرزات,العليا,بلدية,بلدية العليا,True,False,لا يوجد,,0,,,False,none,date_parsed_from_text,1,False
Data 2025.xlsx,3688,2025-04-28,2025-04,2025-W18,2,0,sau-1520-r01,sau-1520-R01,صوص ثوم,صوص (sauce),sauce,صوص (sauce),sauce_condiment,البيك - حي المغرزات,البيك,حي المغرزات,البيك - حي المغرزات,العليا,بلدية,بلدية العليا,True,False,لا يوجد,,0,,,False,none,date_parsed_from_text,1,False
Data 2025.xlsx,3693,2025-04-28,2025-04,2025-W18,2,0,sau-1521-r01,sau-1521-R01,صوص كوكتيل عادي,صوص (sauce),sauce,صوص (sauce),sauce_condiment,البيك - حي الوادي,البيك,حي الوادي,البيك - حي الوادي,الشمال,بلدية,بلدية الشمال,True,False,لا يوجد,,0,,,False,none,date_parsed_from_text,1,False
Data 2025.xlsx,3694,2025-04-28,2025-04,2025-W18,2,0,sau-1522-r01,sau-1522-R01,صوص سبايسي,صوص (sauce),sauce,صوص (sauce),sauce_condiment,البيك - حي الوادي,البيك,حي الوادي,البيك - حي الوادي,الشمال,بلدية,بلدية الشمال,True,False,لا يوجد,,0,,,False,none,date_parsed_from_text,1,False
Data 2025.xlsx,3695,2025-04-28,2025-04,2025-W18,2,0,sau-1523-r01,sau-1523-R01,صوص باربكيو,صوص (sauce),sauce,صوص (sauce),sauce_condiment,البيك - حي الوادي,البيك,حي الوادي,البيك - حي الوادي,الشمال,بلدية,بلدية الشمال,True,False,لا يوجد,,0,,,False,none,date_parsed_from_text,1,False
Data 2025.xlsx,3696,2025-04-28,2025-04,2025-W18,2,0,sau-1524-r01,sau-1524-R01,صوص ثوم مغلق,صوص (sauce),sauce,صوص (sauce),sauce_condiment,البيك - حي الوادي,البيك,حي الوادي,البيك - حي الوادي,الشمال,بلدية,بلدية الشمال,True,False,لا يوجد,,0,,,False,none,date_parsed_from_text,1,False
Data 2025.xlsx,3702,2025-04-28,2025-04,2025-W18,2,0,sau-1525-r01,sau-1525-R01,صوص كوكتيل,صوص (sauce),sauce,صوص (sauce),sauce_condiment,البيك - حي النفل,البيك,حي النفل,البيك - حي النفل,الشمال,بلدية,بلدية الشمال,True,False,لا يوجد,,0,,,False,none,date_parsed_from_text,1,False
Data 2025.xlsx,3703,2025-04-28,2025-04,2025-W18,2,0,sau-1526-r01,sau-1526-R01,صوص باربكيو,صوص (sauce),sauce,صوص (sauce),sauce_condiment,البيك - حي النفل,البيك,حي النفل,البيك - حي النفل,الشمال,بلدية,بلدية الشمال,True,False,لا يوجد,,0,,,False,none,date_parsed_from_text,1,False
Data 2025.xlsx,3704,2025-04-28,2025-04,2025-W18,2,0,sau-1527-r01,sau-1527-R01,صوص كوكتيل سبايسي,صوص (sauce),sauce,صوص (sauce),sauce_condiment,البيك - حي النفل,البيك,حي النفل,البيك - حي النفل,الشمال,بلدية,بلدية الشمال,True,False,لا يوجد,,0,,,False,none,date_parsed_from_text,1,False
Data 2025.xlsx,3705,2025-04-28,2025-04,2025-W18,2,0,sau-1528-r01,sau-1528-R01,صوص ثوم,صوص (sauce),sauce,صوص (sauce),sauce_condiment,البيك - حي النفل,البيك,حي النفل,البيك - حي النفل,الشمال,بلدية,بلدية الشمال,False,True,العد الكلي للبكتيريا,العد الكلي للبكتيريا,1,,العد الكلي للبكتيريا,False,indicator_only,date_parsed_from_text,2,True
Data 2025.xlsx,3710,2025-04-28,2025-04,2025-W18,2,0,sau-1529-r01,sau-1529-R01,صوص كوكتيل عادي,صوص (sauce),sauce,صوص (sauce),sauce_condiment,البيك - حي النرجس,البيك,حي النرجس,البيك - حي النرجس,الشمال,بلدية,بلدية الشمال,True,False,لا يوجد,,0,,,False,none,date_parsed_from_text,2,True
Data 2025.xlsx,3711,2025-04-28,2025-04,2025-W18,2,0,sau-1530-r01,sau-1530-R01,صوص كوكتيل سبايسي,صوص (sauce),sauce,صوص (sauce),sauce_condiment,البيك - حي النرجس,البيك,حي النرجس,البيك - حي النرجس,الشمال,بلدية,بلدية الشمال,True,False,لا يوجد,,0,,,False,none,date_parsed_from_text,2,True
Data 2025.xlsx,3712,2025-04-28,2025-04,2025-W18,2,0,sau-1531-r01,sau-1531-R01,صوص باربكيو,صوص (sauce),sauce,صوص (sauce),sauce_condiment,البيك - حي النرجس,البيك,حي النرجس,البيك - حي النرجس,الشمال,بلدية,بلدية الشمال,True,False,لا يوجد,,0,,,False,none,date_parsed_from_text,2,True
Data 2025.xlsx,3717,2025-04-28,2025-04,2025-W18,2,0,sau-1532-r01,sau-1532-R01,صوص ثوم,صوص (sauce),sauce,صوص (sauce),sauce_condiment,البيك - حي النرجس,البيك,حي النرجس,البيك - حي النرجس,الشمال,بلدية,بلدية الشمال,True,False,لا يوجد,,0,,,False,none,date_parsed_from_text,2,True
Data 2025.xlsx,3719,2025-04-28,2025-04,2025-W18,2,0,sau-1533-r01,sau-1533-R01,صوص باربكيو,صوص (sauce),sauce,صوص (sauce),sauce_condiment,البيك - حي العارض,البيك,حي العارض,البيك - حي العارض,الشمال,بلدية,بلدية الشمال,True,False,لا يوجد,,0,,,False,none,date_parsed_from_text,2,True
Data 2025.xlsx,3720,2025-04-28,2025-04,2025-W18,2,0,sau-1534-r01,sau-1534-R01,صوص كوكتيل,صوص (sauce),sauce,صوص (sauce),sauce_condiment,البيك - حي العارض,البيك,حي العارض,البيك - حي العارض,الشمال,بلدية,بلدية الشمال,True,False,لا يوجد,,0,,,False,none,date_parsed_from_text,2,True
Data 2025.xlsx,3721,2025-04-28,2025-04,2025-W18,2,0,sau-1535-r01,sau-1535-R01,صوص سبايسي,صوص (sauce),sauce,صوص (sauce),sauce_condiment,البيك - حي العارض,البيك,حي العارض,البيك - حي العارض,الشمال,بلدية,بلدية الشمال,True,False,لا يوجد,,0,,,False,none,date_parsed_from_text,2,True
Data 2025.xlsx,3722,2025-04-28,2025-04,2025-W18,2,0,sau-1536-r01,sau-1536-R01,صوص ثوم,صوص (sauce),sauce,صوص (sauce),sauce_condiment,البيك - حي العارض,البيك,حي العارض,البيك - حي العارض,الشمال,بلدية,بلدية الشمال,True,False,لا يوجد,,0,,,False,none,date_parsed_from_text,2,True
Data 2025.xlsx,3727,2025-04-28,2025-04,2025-W18,2,0,sau-1537-r01,sau-1537-R01,صوص كوكتيل عادي,صوص (sauce),sauce,صوص (sauce),sauce_condiment,البيك - حي الملك فهد,البيك,حي الملك فهد,البيك - حي الملك فهد,العليا,بلدية,بلدية العليا,True,False,لا يوجد,,0,,,False,none,date_parsed_from_text,3,True
Data 2025.xlsx,3728,2025-04-28,2025-04,2025-W18,2,0,sau-1538-r01,sau-1538-R01,صوص كوكتيل سبايسي,صوص (sauce),sauce,صوص (sauce),sauce_condiment,البيك - حي الملك فهد,البيك,حي الملك فهد,البيك - حي الملك فهد,العليا,بلدية,بلدية العليا,True,False,لا يوجد,,0,,,False,none,date_parsed_from_text,3,True
Data 2025.xlsx,3729,2025-04-28,2025-04,2025-W18,2,0,sau-1539-r01,sau-1539-R01,صوص باربكيو,صوص (sauce),sauce,صوص (sauce),sauce_condiment,البيك - حي الملك فهد,البيك,حي الملك فهد,البيك - حي الملك فهد,العليا,بلدية,بلدية العليا,True,False,لا يوجد,,0,,,False,none,date_parsed_from_text,3,True
Data 2025.xlsx,3730,2025-04-28,2025-04,2025-W18,2,0,sau-1540-r01,sau-1540-R01,صوص مسحب,صوص (sauce),sauce,صوص (sauce),sauce_condiment,البيك - حي الملك فهد,البيك,حي الملك فهد,البيك - حي الملك فهد,العليا,بلدية,بلدية العليا,True,False,لا يوجد,,0,,,False,none,date_parsed_from_text,3,True
Data 2025.xlsx,3731,2025-04-28,2025-04,2025-W18,2,0,sau-1541-r01,sau-1541-R01,صوص ثوم,صوص (sauce),sauce,صوص (sauce),sauce_condiment,البيك - حي الملك فهد,البيك,حي الملك فهد,البيك - حي الملك فهد,العليا,بلدية,بلدية العليا,True,False,لا يوجد,,0,,,False,none,date_parsed_from_text,3,True
Data 2025.xlsx,3732,2025-04-28,2025-04,2025-W18,2,0,sau-1542-r01,sau-1542-R01,صوص طرطر لايت,صوص (sauce),sauce,صوص (sauce),sauce_condiment,البيك - حي الملك فهد,البيك,حي الملك فهد,البيك - حي الملك فهد,العليا,بلدية,بلدية العليا,True,False,لا يوجد,,0,,,False,none,date_parsed_from_text,3,True
Data 2025.xlsx,3733,2025-04-28,2025-04,2025-W18,2,0,sau-1543-r01,sau-1543-R01,صوص كوكتيل مغلق,صوص (sauce),sauce,صوص (sauce),sauce_condiment,البيك - حي الملك فهد,البيك,حي الملك فهد,البيك - حي الملك فهد,العليا,بلدية,بلدية العليا,True,False,لا يوجد,,0,,,False,none,date_parsed_from_text,3,True
Data 2025.xlsx,3681,2025-04-28,2025-04,2025-W18,2,0,sw-2939-r01,sw-2939-R01,مسحة يد,(Swabs) المسحات,Swabs,(Swabs) المسحات,swab,البيك - حي الشهداء,البيك,حي الشهداء,البيك - حي الشهداء,الروضة,بلدية,بلدية الروضة,False,True,العد الكلي للبكتيريا,العد الكلي للبكتيريا,1,,العد الكلي للبكتيريا,False,indicator_only,date_parsed_from_text,1,False
Data 2025.xlsx,3682,2025-04-28,2025-04,2025-W18,2,0,sw-2940-r01,sw-2940-R01,مسحة حافظة بطاطس,(Swabs) المسحات,Swabs,(Swabs) المسحات,swab,البيك - حي الشهداء,البيك,حي الشهداء,البيك - حي الشهداء,الروضة,بلدية,بلدية الروضة,True,False,لا يوجد,,0,,,False,none,date_parsed_from_text,1,False
Data 2025.xlsx,3683,2025-04-28,2025-04,2025-W18,2,0,sw-2941-r01,sw-2941-R01,مسحة حافظة دجاج,(Swabs) المسحات,Swabs,(Swabs) المسحات,swab,البيك - حي الشهداء,البيك,حي الشهداء,البيك - حي الشهداء,الروضة,بلدية,بلدية الروضة,True,False,لا يوجد,,0,,,False,none,date_parsed_from_text,1,False
Data 2025.xlsx,3684,2025-04-28,2025-04,2025-W18,2,0,sw-2942-r01,sw-2942-R01,مسحة حافظة بطاطس شبس,(Swabs) المسحات,Swabs,(Swabs) المسحات,swab,البيك - حي الشهداء,البيك,حي الشهداء,البيك - حي الشهداء,الروضة,بلدية,بلدية الروضة,True,False,لا يوجد,,0,,,False,none,date_parsed_from_text,1,False
Data 2025.xlsx,3689,2025-04-28,2025-04,2025-W18,2,0,sw-2943-r01,sw-2943-R01,مسحة حافظة بطاطس,(Swabs) المسحات,Swabs,(Swabs) المسحات,swab,البيك - حي المغرزات,البيك,حي المغرزات,البيك - حي المغرزات,العليا,بلدية,بلدية العليا,True,False,لا يوجد,,0,,,False,none,date_parsed_from_text,1,False
Data 2025.xlsx,3690,2025-04-28,2025-04,2025-W18,2,0,sw-2944-r01,sw-2944-R01,مسحة حافظة شبس,(Swabs) المسحات,Swabs,(Swabs) المسحات,swab,البيك - حي المغرزات,البيك,حي المغرزات,البيك - حي المغرزات,العليا,بلدية,بلدية العليا,True,False,لا يوجد,,0,,,False,none,date_parsed_from_text,1,False
Data 2025.xlsx,3691,2025-04-28,2025-04,2025-W18,2,0,sw-2945-r01,sw-2945-R01,مسحة حافظة دجاج,(Swabs) المسحات,Swabs,(Swabs) المسحات,swab,البيك - حي المغرزات,البيك,حي المغرزات,البيك - حي المغرزات,العليا,بلدية,بلدية العليا,True,False,لا يوجد,,0,,,False,none,date_parsed_from_text,1,False
Data 2025.xlsx,3692,2025-04-28,2025-04,2025-W18,2,0,sw-2946-r01,sw-2946-R01,مسحة يد,(Swabs) المسحات,Swabs,(Swabs) المسحات,swab,البيك - حي المغرزات,البيك,حي المغرزات,البيك - حي المغرزات,العليا,بلدية,بلدية العليا,True,False,لا يوجد,,0,,,False,none,date_parsed_from_text,1,False
Data 2025.xlsx,3697,2025-04-28,2025-04,2025-W18,2,0,sw-2947-r01,sw-2947-R01,مسحة حافظة شبس مطبوخ,(Swabs) المسحات,Swabs,(Swabs) المسحات,swab,البيك - حي الوادي,البيك,حي الوادي,البيك - حي الوادي,الشمال,بلدية,بلدية الشمال,True,False,لا يوجد,,0,,,False,none,date_parsed_from_text,1,False
Data 2025.xlsx,3698,2025-04-28,2025-04,2025-W18,2,0,sw-2948-r01,sw-2948-R01,مسحة حافظة بطاطس مطبوخ,(Swabs) المسحات,Swabs,(Swabs) المسحات,swab,البيك - حي الوادي,البيك,حي الوادي,البيك - حي الوادي,الشمال,بلدية,بلدية الشمال,True,False,لا يوجد,,0,,,False,none,date_parsed_from_text,1,False
Data 2025.xlsx,3699,2025-04-28,2025-04,2025-W18,2,0,sw-2949-r01,sw-2949-R01,مسحة حافظة سمك مطبوخ,(Swabs) المسحات,Swabs,(Swabs) المسحات,swab,البيك - حي الوادي,البيك,حي الوادي,البيك - حي الوادي,الشمال,بلدية,بلدية الشمال,True,False,لا يوجد,,0,,,False,none,date_parsed_from_text,1,False
Data 2025.xlsx,3700,2025-04-28,2025-04,2025-W18,2,0,sw-2950-r01,sw-2950-R01,مسحة حافظة دجاج مطبوخ,(Swabs) المسحات,Swabs,(Swabs) المسحات,swab,البيك - حي الوادي,البيك,حي الوادي,البيك - حي الوادي,الشمال,بلدية,بلدية الشمال,True,False,لا يوجد,,0,,,False,none,date_parsed_from_text,1,False
Data 2025.xlsx,3706,2025-04-28,2025-04,2025-W18,2,0,sw-2951-r01,sw-2951-R01,مسحة يد,(Swabs) المسحات,Swabs,(Swabs) المسحات,swab,البيك - حي النفل,البيك,حي النفل,البيك - حي النفل,الشمال,بلدية,بلدية الشمال,True,False,لا يوجد,,0,,,False,none,date_parsed_from_text,2,True
Data 2025.xlsx,3707,2025-04-28,2025-04,2025-W18,2,0,sw-2952-r01,sw-2952-R01,مسحة حافظة سمك مطبوخ,(Swabs) المسحات,Swabs,(Swabs) المسحات,swab,البيك - حي النفل,البيك,حي النفل,البيك - حي النفل,الشمال,بلدية,بلدية الشمال,True,False,لا يوجد,,0,,,False,none,date_parsed_from_text,2,True
Data 2025.xlsx,3708,2025-04-28,2025-04,2025-W18,2,0,sw-2953-r01,sw-2953-R01,مسحة حافظة دجاج نقت,(Swabs) المسحات,Swabs,(Swabs) المسحات,swab,البيك - حي النفل,البيك,حي النفل,البيك - حي النفل,الشمال,بلدية,بلدية الشمال,True,False,لا يوجد,,0,,,False,none,date_parsed_from_text,2,True
Data 2025.xlsx,3709,2025-04-28,2025-04,2025-W18,2,0,sw-2954-r01,sw-2954-R01,مسحة حافظة بطاطس,(Swabs) المسحات,Swabs,(Swabs) المسحات,swab,البيك - حي النفل,البيك,حي النفل,البيك - حي النفل,الشمال,بلدية,بلدية الشمال,True,False,لا يوجد,,0,,,False,none,date_parsed_from_text,2,True
Data 2025.xlsx,3713,2025-04-28,2025-04,2025-W18,2,0,sw-2955-r01,sw-2955-R01,مسحة يد,(Swabs) المسحات,Swabs,(Swabs) المسحات,swab,البيك - حي النرجس,البيك,حي النرجس,البيك - حي النرجس,الشمال,بلدية,بلدية الشمال,True,False,لا يوجد,,0,,,False,none,date_parsed_from_text,2,True
Data 2025.xlsx,3714,2025-04-28,2025-04,2025-W18,2,0,sw-2956-r01,sw-2956-R01,مسحة حافظة دجاج مسحب,(Swabs) المسحات,Swabs,(Swabs) المسحات,swab,البيك - حي النرجس,البيك,حي النرجس,البيك - حي النرجس,الشمال,بلدية,بلدية الشمال,True,False,لا يوجد,,0,,,False,none,date_parsed_from_text,2,True
Data 2025.xlsx,3715,2025-04-28,2025-04,2025-W18,2,0,sw-2957-r01,sw-2957-R01,مسحة حافظة بطاطس,(Swabs) المسحات,Swabs,(Swabs) المسحات,swab,البيك - حي النرجس,البيك,حي النرجس,البيك - حي النرجس,الشمال,بلدية,بلدية الشمال,True,False,لا يوجد,,0,,,False,none,date_parsed_from_text,2,True
Data 2025.xlsx,3716,2025-04-28,2025-04,2025-W18,2,0,sw-2958-r01,sw-2958-R01,مسحة حافظة شبس,(Swabs) المسحات,Swabs,(Swabs) المسحات,swab,البيك - حي النرجس,البيك,حي النرجس,البيك - حي النرجس,الشمال,بلدية,بلدية الشمال,True,False,لا يوجد,,0,,,False,none,date_parsed_from_text,2,True
Data 2025.xlsx,3723,2025-04-28,2025-04,2025-W18,2,0,sw-2959-r01,sw-2959-R01,مسحة يد,(Swabs) المسحات,Swabs,(Swabs) المسحات,swab,البيك - حي العارض,البيك,حي العارض,البيك - حي العارض,الشمال,بلدية,بلدية الشمال,False,True,استافيلوكوكس اورياس,استافيلوكوكس اورياس,1,استافيلوكوكس اورياس,,True,pathogen,date_parsed_from_text,3,True
Data 2025.xlsx,3724,2025-04-28,2025-04,2025-W18,2,0,sw-2960-r01,sw-2960-R01,مسحة حافظة بطاطس,(Swabs) المسحات,Swabs,(Swabs) المسحات,swab,البيك - حي العارض,البيك,حي العارض,البيك - حي العارض,الشمال,بلدية,بلدية الشمال,True,False,لا يوجد,,0,,,False,none,date_parsed_from_text,3,True
Data 2025.xlsx,3725,2025-04-28,2025-04,2025-W18,2,0,sw-2961-r01,sw-2961-R01,مسحة حافظة شبس,(Swabs) المسحات,Swabs,(Swabs) المسحات,swab,البيك - حي العارض,البيك,حي العارض,البيك - حي العارض,الشمال,بلدية,بلدية الشمال,True,False,لا يوجد,,0,,,False,none,date_parsed_from_text,3,True
Data 2025.xlsx,3726,2025-04-28,2025-04,2025-W18,2,0,sw-2962-r01,sw-2962-R01,مسحة حافظة دجاج,(Swabs) المسحات,Swabs,(Swabs) المسحات,swab,البيك - حي العارض,البيك,حي العارض,البيك - حي العارض,الشمال,بلدية,بلدية الشمال,True,False,لا يوجد,,0,,,False,none,date_parsed_from_text,3,True
Data 2025.xlsx,3738,2025-04-28,2025-04,2025-W18,2,0,sw-2963-r01,sw-2963-R01,مسحة حافظة دجاج,(Swabs) المسحات,Swabs,(Swabs) المسحات,swab,البيك - حي الملك فهد,البيك,حي الملك فهد,البيك - حي الملك فهد,العليا,بلدية,بلدية العليا,True,False,لا يوجد,,0,,,False,none,date_parsed_from_text,3,True
Data 2025.xlsx,3739,2025-04-28,2025-04,2025-W18,2,0,sw-2964-r01,sw-2964-R01,مسحة حافظة شبس,(Swabs) المسحات,Swabs,(Swabs) المسحات,swab,البيك - حي الملك فهد,البيك,حي الملك فهد,البيك - حي الملك فهد,العليا,بلدية,بلدية العليا,True,False,لا يوجد,,0,,,False,none,date_parsed_from_text,3,True
Data 2025.xlsx,3740,2025-04-28,2025-04,2025-W18,2,0,sw-2965-r01,sw-2965-R01,مسحة حافظة بطاطس,(Swabs) المسحات,Swabs,(Swabs) المسحات,swab,البيك - حي الملك فهد,البيك,حي الملك فهد,البيك - حي الملك فهد,العليا,بلدية,بلدية العليا,True,False,لا يوجد,,0,,,False,none,date_parsed_from_text,3,True
Data 2025.xlsx,3741,2025-04-28,2025-04,2025-W18,2,0,sw-2966-r01,sw-2966-R01,مسحة يد,(Swabs) المسحات,Swabs,(Swabs) المسحات,swab,البيك - حي الملك فهد,البيك,حي الملك فهد,البيك - حي الملك فهد,العليا,بلدية,بلدية العليا,True,False,لا يوجد,,0,,,False,none,date_parsed_from_text,3,True
Data 2025.xlsx,3742,2025-04-28,2025-04,2025-W18,2,0,ubot-0955-r01,Ubot-0955-R01,مياه حنفية لغسيل الادوات,المياه الغير معبأة (Unbottled water),Unbottled water,المياه الغير معبأة (Unbottled water),water,تركي للذبائح,تركي للذبائح,,تركي للذبائح,الشمال,بلدية,بلدية الشمال,True,False,لا يوجد,,0,,,False,none,date_parsed_from_text,3,True
Data 2025.xlsx,3803,2025-04-29,2025-04,2025-W18,2,1,1-2960-R01,1-2960-R01,فطيرة برتزل سوبريم بالديك الرومي و الجبنة,(Pie) فطيرة,Pie,(Pie) فطيرة,sweets_bakery,ستار بكس - حي القيروان,ستار بكس,حي القيروان,ستار بكس - حي القيروان,الشمال,بلدية,بلدية الشمال,True,False,لا يوجد,,0,,,False,none,date_parsed_from_text,0,False
Data 2025.xlsx,3804,2025-04-29,2025-04,2025-W18,2,1,1-2961-R01,1-2961-R01,فطيرة سبانخ وجبنة فيتا,(Pie) فطيرة,Pie,(Pie) فطيرة,sweets_bakery,ستار بكس - حي القيروان,ستار بكس,حي القيروان,ستار بكس - حي القيروان,الشمال,بلدية,بلدية الشمال,True,False,لا يوجد,,0,,,False,none,date_parsed_from_text,0,False
Data 2025.xlsx,3810,2025-04-29,2025-04,2025-W18,2,1,1-2962-R01,1-2962-R01,نكهة فانيلا,نكهات مركزة ( Syrup ),Syrup,نكهات مركزة ( Syrup ),sauce_condiment,ستار بكس - حي القيروان,ستار بكس,حي القيروان,ستار بكس - حي القيروان,الشمال,بلدية,بلدية الشمال,True,False,لا يوجد,,0,,,False,none,date_parsed_from_text,2,True
Data 2025.xlsx,3811,2025-04-29,2025-04,2025-W18,2,1,1-2963-R01,1-2963-R01,نكهة توفي نت,نكهات مركزة ( Syrup ),Syrup,نكهات مركزة ( Syrup ),sauce_condiment,ستار بكس - حي القيروان,ستار بكس,حي القيروان,ستار بكس - حي القيروان,الشمال,بلدية,بلدية الشمال,True,False,لا يوجد,,0,,,False,none,date_parsed_from_text,2,True
Data 2025.xlsx,3814,2025-04-29,2025-04,2025-W18,2,1,1-2964-R01,1-2964-R01,نكهة نعناع,نكهات مركزة ( Syrup ),Syrup,نكهات مركزة ( Syrup ),sauce_condiment,ستار بكس - حي القيروان,ستار بكس,حي القيروان,ستار بكس - حي القيروان,الشمال,بلدية,بلدية الشمال,True,False,لا يوجد,,0,,,False,none,date_parsed_from_text,2,True
Data 2025.xlsx,3815,2025-04-29,2025-04,2025-W18,2,1,1-2965-R01,1-2965-R01,نكهة مانجا,نكهات مركزة ( Syrup ),Syrup,نكهات مركزة ( Syrup ),sauce_condiment,ستار بكس - حي القيروان,ستار بكس,حي القيروان,ستار بكس - حي القيروان,الشمال,بلدية,بلدية الشمال,True,False,لا يوجد,,0,,,False,none,date_parsed_from_text,2,True
Data 2025.xlsx,3760,2025-04-29,2025-04,2025-W18,2,1,O-U-to-0604-R01,O-U-to-0604-R01,شرائح طماطم,الطماطم (Tomatoes),Tomatoes,الطماطم (Tomatoes),produce,شركة الرياض العالمية اللاغذية ماكدونالدز - حي المصيف,شركة الرياض العالمية اللاغذية ماكدونالدز,حي المصيف,شركة الرياض العالمية اللاغذية ماكدونالدز - حي المصيف,العليا,بلدية,بلدية العليا,True,False,لا يوجد,,0,,,False,none,date_parsed_from_text,7,True
Data 2025.xlsx,3762,2025-04-29,2025-04,2025-W18,2,1,O-r-O3-le-0328-R01,O-r-O3-le-0328-R01,قطع خس,الخس (Lettuce),Lettuce,الخس (Lettuce),produce,شركة الرياض العالمية اللاغذية ماكدونالدز - حي المصيف,شركة الرياض العالمية اللاغذية ماكدونالدز,حي المصيف,شركة الرياض العالمية اللاغذية ماكدونالدز - حي المصيف,العليا,بلدية,بلدية العليا,True,False,لا يوجد,,0,,,False,none,date_parsed_from_text,7,True
Data 2025.xlsx,3765,2025-04-29,2025-04,2025-W18,2,1,OO-OSS-po-0369-R01,OO-OSS-po-0369-R01,بطاطس مقلي,البطاطس (potatoes),potatoes,البطاطس (potatoes),produce,شركة الرياض العالمية اللاغذية ماكدونالدز - حي المصيف,شركة الرياض العالمية اللاغذية ماكدونالدز,حي المصيف,شركة الرياض العالمية اللاغذية ماكدونالدز - حي المصيف,العليا,بلدية,بلدية العليا,True,False,لا يوجد,,0,,,False,none,date_parsed_from_text,7,True
Data 2025.xlsx,3790,2025-04-29,2025-04,2025-W18,2,1,OO-OSS-po-0370-R01,OO-OSS-po-0370-R01,بطاطس مقلي,البطاطس (potatoes),potatoes,البطاطس (potatoes),produce,البيك - حي القيروان,البيك,حي القيروان,البيك - حي القيروان,الشمال,بلدية,بلدية الشمال,True,False,لا يوجد,,0,,,False,none,date_parsed_from_text,7,True
Data 2025.xlsx,3792,2025-04-29,2025-04,2025-W18,2,1,OO-OSS-po-0371-R01,OO-OSS-po-0371-R01,بطاطس شبس,البطاطس (potatoes),potatoes,البطاطس (potatoes),produce,البيك - حي القيروان,البيك,حي القيروان,البيك - حي القيروان,الشمال,بلدية,بلدية الشمال,True,False,لا يوجد,,0,,,False,none,date_parsed_from_text,7,True
Data 2025.xlsx,3761,2025-04-29,2025-04,2025-W18,2,1,OOu-on-0468-R01,OOu-on-0468-R01,قطع بصل ابيض,البصل (onions),onions,البصل (onions),produce,شركة الرياض العالمية اللاغذية ماكدونالدز - حي المصيف,شركة الرياض العالمية اللاغذية ماكدونالدز,حي المصيف,شركة الرياض العالمية اللاغذية ماكدونالدز - حي المصيف,العليا,بلدية,بلدية العليا,True,False,لا يوجد,,0,,,False,none,date_parsed_from_text,7,True
Data 2025.xlsx,3789,2025-04-29,2025-04,2025-W18,2,1,appe-0437-r01,Appe-0437-R01,حمص,مقبلات (Appetizers),Appetizers,مقبلات (Appetizers),prepared_meal,البيك - حي القيروان,البيك,حي القيروان,البيك - حي القيروان,الشمال,بلدية,بلدية الشمال,True,False,لا يوجد,,0,,,False,none,date_parsed_from_text,7,True
Data 2025.xlsx,3763,2025-04-29,2025-04,2025-W18,2,1,co-0485-r01,co-0485-R01,قطع دجاج عادي,الدجاج المطبوخ (Cooked chicken),Cooked chicken,الدجاج المطبوخ (Cooked chicken),cooked_meat_poultry,شركة الرياض العالمية اللاغذية ماكدونالدز - حي المصيف,شركة الرياض العالمية اللاغذية ماكدونالدز,حي المصيف,شركة الرياض العالمية اللاغذية ماكدونالدز - حي المصيف,العليا,بلدية,بلدية العليا,True,False,لا يوجد,,0,,,False,none,date_parsed_from_text,7,True
Data 2025.xlsx,3764,2025-04-29,2025-04,2025-W18,2,1,co-0486-r01,co-0486-R01,قطع دجاج عادي,الدجاج المطبوخ (Cooked chicken),Cooked chicken,الدجاج المطبوخ (Cooked chicken),cooked_meat_poultry,شركة الرياض العالمية اللاغذية ماكدونالدز - حي المصيف,شركة الرياض العالمية اللاغذية ماكدونالدز,حي المصيف,شركة الرياض العالمية اللاغذية ماكدونالدز - حي المصيف,العليا,بلدية,بلدية العليا,True,False,لا يوجد,,0,,,False,none,date_parsed_from_text,7,True
Data 2025.xlsx,3791,2025-04-29,2025-04,2025-W18,2,1,co-0487-r01,co-0487-R01,قطع دجاج حراق بروستد,الدجاج المطبوخ (Cooked chicken),Cooked chicken,الدجاج المطبوخ (Cooked chicken),cooked_meat_poultry,البيك - حي القيروان,البيك,حي القيروان,البيك - حي القيروان,الشمال,بلدية,بلدية الشمال,True,False,لا يوجد,,0,,,False,none,date_parsed_from_text,7,True
Data 2025.xlsx,3793,2025-04-29,2025-04,2025-W18,2,1,co-0488-r01,co-0488-R01,قطع دجاج عادي بروستد,الدجاج المطبوخ (Cooked chicken),Cooked chicken,الدجاج المطبوخ (Cooked chicken),cooked_meat_poultry,البيك - حي القيروان,البيك,حي القيروان,البيك - حي القيروان,الشمال,بلدية,بلدية الشمال,True,False,لا يوجد,,0,,,False,none,date_parsed_from_text,7,True
Data 2025.xlsx,3769,2025-04-29,2025-04,2025-W18,2,1,icecrea-0107-r01,icecrea-0107-R01,ايس كريم فانيلا,(ice cream) ايسكريم,ice cream,(ice cream) ايسكريم,dairy,شركة الرياض العالمية اللاغذية ماكدونالدز - حي المصيف,شركة الرياض العالمية اللاغذية ماكدونالدز,حي المصيف,شركة الرياض العالمية اللاغذية ماكدونالدز - حي المصيف,العليا,بلدية,بلدية العليا,True,False,لا يوجد,,0,,,False,none,date_parsed_from_text,9,True
Data 2025.xlsx,3770,2025-04-29,2025-04,2025-W18,2,1,icecrea-0108-r01,icecrea-0108-R01,ايس كريم شوكولاتة,(ice cream) ايسكريم,ice cream,(ice cream) ايسكريم,dairy,شركة الرياض العالمية اللاغذية ماكدونالدز - حي المصيف,شركة الرياض العالمية اللاغذية ماكدونالدز,حي المصيف,شركة الرياض العالمية اللاغذية ماكدونالدز - حي المصيف,العليا,بلدية,بلدية العليا,True,False,لا يوجد,,0,,,False,none,date_parsed_from_text,9,True
Data 2025.xlsx,3771,2025-04-29,2025-04,2025-W18,2,1,icecrea-0109-r01,icecrea-0109-R01,ايس كريم بلو بيري,(ice cream) ايسكريم,ice cream,(ice cream) ايسكريم,dairy,شركة الرياض العالمية اللاغذية ماكدونالدز - حي المصيف,شركة الرياض العالمية اللاغذية ماكدونالدز,حي المصيف,شركة الرياض العالمية اللاغذية ماكدونالدز - حي المصيف,العليا,بلدية,بلدية العليا,True,False,لا يوجد,,0,,,False,none,date_parsed_from_text,9,True
Data 2025.xlsx,3766,2025-04-29,2025-04,2025-W18,2,1,jui-0425-r01,jui-0425-R01,عصير تفاح غير طازج,العصائر الطازجة Un-pasteurized juices (fresh),fresh,العصائر الطازجة Un-pasteurized juices (fresh),beverage,شركة الرياض العالمية اللاغذية ماكدونالدز - حي المصيف,شركة الرياض العالمية اللاغذية ماكدونالدز,حي المصيف,شركة الرياض العالمية اللاغذية ماكدونالدز - حي المصيف,العليا,بلدية,بلدية العليا,False,True,ايشيريشيا كولاي,ايشيريشيا كولاي,1,ايشيريشيا كولاي,,True,pathogen,date_parsed_from_text,8,True
Data 2025.xlsx,3768,2025-04-29,2025-04,2025-W18,2,1,jui-0426-r01,jui-0426-R01,عصير برتقال غير طازج,العصائر الطازجة Un-pasteurized juices (fresh),fresh,العصائر الطازجة Un-pasteurized juices (fresh),beverage,شركة الرياض العالمية اللاغذية ماكدونالدز - حي المصيف,شركة الرياض العالمية اللاغذية ماكدونالدز,حي المصيف,شركة الرياض العالمية اللاغذية ماكدونالدز - حي المصيف,العليا,بلدية,بلدية العليا,True,False,لا يوجد,,0,,,False,none,date_parsed_from_text,9,True
Data 2025.xlsx,3812,2025-04-29,2025-04,2025-W18,2,1,jui-0427-r01,jui-0427-R01,عصير فاكهة التنين,العصائر الطازجة Un-pasteurized juices (fresh),fresh,العصائر الطازجة Un-pasteurized juices (fresh),beverage,ستار بكس - حي القيروان,ستار بكس,حي القيروان,ستار بكس - حي القيروان,الشمال,بلدية,بلدية الشمال,True,False,لا يوجد,,0,,,False,none,date_parsed_from_text,2,True
Data 2025.xlsx,3813,2025-04-29,2025-04,2025-W18,2,1,jui-0428-r01,jui-0428-R01,عصير فراولة,العصائر الطازجة Un-pasteurized juices (fresh),fresh,العصائر الطازجة Un-pasteurized juices (fresh),beverage,ستار بكس - حي القيروان,ستار بكس,حي القيروان,ستار بكس - حي القيروان,الشمال,بلدية,بلدية الشمال,True,False,لا يوجد,,0,,,False,none,date_parsed_from_text,2,True
Data 2025.xlsx,3759,2025-04-29,2025-04,2025-W18,2,1,pick-0397-r01,Pick-0397-R01,مخلل خيار,المخلل (Pickle),Pickle,المخلل (Pickle),sauce_condiment,شركة الرياض العالمية اللاغذية ماكدونالدز - حي المصيف,شركة الرياض العالمية اللاغذية ماكدونالدز,حي المصيف,شركة الرياض العالمية اللاغذية ماكدونالدز - حي المصيف,العليا,بلدية,بلدية العليا,True,False,لا يوجد,,0,,,False,none,date_parsed_from_text,7,True
Data 2025.xlsx,3782,2025-04-29,2025-04,2025-W18,2,1,pick-0398-r01,Pick-0398-R01,مخلل خيار عادي,المخلل (Pickle),Pickle,المخلل (Pickle),sauce_condiment,البيك - حي القيروان,البيك,حي القيروان,البيك - حي القيروان,الشمال,بلدية,بلدية الشمال,True,False,لا يوجد,,0,,,False,none,date_parsed_from_text,7,True
Data 2025.xlsx,3783,2025-04-29,2025-04,2025-W18,2,1,pick-0399-r01,Pick-0399-R01,مخلل خيار سبايسي,المخلل (Pickle),Pickle,المخلل (Pickle),sauce_condiment,البيك - حي القيروان,البيك,حي القيروان,البيك - حي القيروان,الشمال,بلدية,بلدية الشمال,True,False,لا يوجد,,0,,,False,none,date_parsed_from_text,7,True
Data 2025.xlsx,3794,2025-04-29,2025-04,2025-W18,2,1,po-0107-r01,po-0107-R01,قطع دجاج عادي ني,الدجاج (Poultry),Poultry,الدجاج (Poultry),cooked_meat_poultry,البيك - حي القيروان,البيك,حي القيروان,البيك - حي القيروان,الشمال,بلدية,بلدية الشمال,False,True,السالمونيلا,السالمونيلا,1,السالمونيلا,,True,pathogen,date_parsed_from_text,8,True
Data 2025.xlsx,3795,2025-04-29,2025-04,2025-W18,2,1,po-0108-r01,po-0108-R01,قطع دجاج حراق ني,الدجاج (Poultry),Poultry,الدجاج (Poultry),cooked_meat_poultry,البيك - حي القيروان,البيك,حي القيروان,البيك - حي القيروان,الشمال,بلدية,بلدية الشمال,False,True,السالمونيلا,السالمونيلا,1,السالمونيلا,,True,pathogen,date_parsed_from_text,9,True
Data 2025.xlsx,3743,2025-04-29,2025-04,2025-W18,2,1,raw-0141-r01,Raw-0141-R01,لحم يد حاشي بلدي,لحوم نيئة مبردة ومجمدة (Raw meat Cold or chilled ),Raw meat Cold or chilled,لحوم نيئة مبردة ومجمدة (Raw meat Cold or chilled ),raw_meat,ملحمة دروب الامانة للحوم الطازجة,ملحمة دروب الامانة للحوم الطازجة,,ملحمة دروب الامانة للحوم الطازجة,الشمال,بلدية,بلدية الشمال,False,True,العد الكلي للبكتيريا,العد الكلي للبكتيريا,1,,العد الكلي للبكتيريا,False,indicator_only,date_parsed_from_text,1,False
Data 2025.xlsx,3744,2025-04-29,2025-04,2025-W18,2,1,raw-0142-r01,Raw-0142-R01,لحم بطن نعيمي بلدي من خروف اخر,لحوم نيئة مبردة ومجمدة (Raw meat Cold or chilled ),Raw meat Cold or chilled,لحوم نيئة مبردة ومجمدة (Raw meat Cold or chilled ),raw_meat,ملحمة دروب الامانة للحوم الطازجة,ملحمة دروب الامانة للحوم الطازجة,,ملحمة دروب الامانة للحوم الطازجة,الشمال,بلدية,بلدية الشمال,False,True,السالمونيلا,السالمونيلا,1,السالمونيلا,,True,pathogen,date_parsed_from_text,2,True
Data 2025.xlsx,3745,2025-04-29,2025-04,2025-W18,2,1,raw-0143-r01,Raw-0143-R01,قلب نعيمي بلدي,لحوم نيئة مبردة ومجمدة (Raw meat Cold or chilled ),Raw meat Cold or chilled,لحوم نيئة مبردة ومجمدة (Raw meat Cold or chilled ),raw_meat,ملحمة دروب الامانة للحوم الطازجة,ملحمة دروب الامانة للحوم الطازجة,,ملحمة دروب الامانة للحوم الطازجة,الشمال,بلدية,بلدية الشمال,True,False,لا يوجد,,0,,,False,none,date_parsed_from_text,2,True
Data 2025.xlsx,3746,2025-04-29,2025-04,2025-W18,2,1,raw-0144-r01,Raw-0144-R01,كلوة نعيمي بلدي,لحوم نيئة مبردة ومجمدة (Raw meat Cold or chilled ),Raw meat Cold or chilled,لحوم نيئة مبردة ومجمدة (Raw meat Cold or chilled ),raw_meat,ملحمة دروب الامانة للحوم الطازجة,ملحمة دروب الامانة للحوم الطازجة,,ملحمة دروب الامانة للحوم الطازجة,الشمال,بلدية,بلدية الشمال,True,False,لا يوجد,,0,,,False,none,date_parsed_from_text,2,True
Data 2025.xlsx,3747,2025-04-29,2025-04,2025-W18,2,1,raw-0145-r01,Raw-0145-R01,كبدة نعيمي بلدي,لحوم نيئة مبردة ومجمدة (Raw meat Cold or chilled ),Raw meat Cold or chilled,لحوم نيئة مبردة ومجمدة (Raw meat Cold or chilled ),raw_meat,ملحمة دروب الامانة للحوم الطازجة,ملحمة دروب الامانة للحوم الطازجة,,ملحمة دروب الامانة للحوم الطازجة,الشمال,بلدية,بلدية الشمال,False,True,العد الكلي للبكتيريا | السالمونيلا,العد الكلي للبكتيريا | السالمونيلا,2,السالمونيلا,العد الكلي للبكتيريا,True,pathogen,date_parsed_from_text,3,True
Data 2025.xlsx,3788,2025-04-29,2025-04,2025-W18,2,1,sal-1294-r01,Sal-1294-R01,سلطة ملفوف,السلطة(Salad),Salad,السلطة(Salad),produce,البيك - حي القيروان,البيك,حي القيروان,البيك - حي القيروان,الشمال,بلدية,بلدية الشمال,True,False,لا يوجد,,0,,,False,none,date_parsed_from_text,7,True
Data 2025.xlsx,3748,2025-04-29,2025-04,2025-W18,2,1,sau-1544-r01,sau-1544-R01,صوص خردل,صوص (sauce),sauce,صوص (sauce),sauce_condiment,شركة الرياض العالمية اللاغذية ماكدونالدز - حي المصيف,شركة الرياض العالمية اللاغذية ماكدونالدز,حي المصيف,شركة الرياض العالمية اللاغذية ماكدونالدز - حي المصيف,العليا,بلدية,بلدية العليا,True,False,لا يوجد,,0,,,False,none,date_parsed_from_text,0,False
Data 2025.xlsx,3749,2025-04-29,2025-04,2025-W18,2,1,sau-1545-r01,sau-1545-R01,صوص كاتشب,صوص (sauce),sauce,صوص (sauce),sauce_condiment,شركة الرياض العالمية اللاغذية ماكدونالدز - حي المصيف,شركة الرياض العالمية اللاغذية ماكدونالدز,حي المصيف,شركة الرياض العالمية اللاغذية ماكدونالدز - حي المصيف,العليا,بلدية,بلدية العليا,True,False,لا يوجد,,0,,,False,none,date_parsed_from_text,0,False
Data 2025.xlsx,3750,2025-04-29,2025-04,2025-W18,2,1,sau-1546-r01,sau-1546-R01,صوص تاينا,صوص (sauce),sauce,صوص (sauce),sauce_condiment,شركة الرياض العالمية اللاغذية ماكدونالدز - حي المصيف,شركة الرياض العالمية اللاغذية ماكدونالدز,حي المصيف,شركة الرياض العالمية اللاغذية ماكدونالدز - حي المصيف,العليا,بلدية,بلدية العليا,False,True,العد الكلي للبكتيريا | استافيلوكوكس اورياس,العد الكلي للبكتيريا | استافيلوكوكس اورياس,2,استافيلوكوكس اورياس,العد الكلي للبكتيريا,True,pathogen,date_parsed_from_text,1,False
Data 2025.xlsx,3751,2025-04-29,2025-04,2025-W18,2,1,sau-1547-r01,sau-1547-R01,صوص سموكي,صوص (sauce),sauce,صوص (sauce),sauce_condiment,شركة الرياض العالمية اللاغذية ماكدونالدز - حي المصيف,شركة الرياض العالمية اللاغذية ماكدونالدز,حي المصيف,شركة الرياض العالمية اللاغذية ماكدونالدز - حي المصيف,العليا,بلدية,بلدية العليا,False,True,العد الكلي للبكتيريا,العد الكلي للبكتيريا,1,,العد الكلي للبكتيريا,False,indicator_only,date_parsed_from_text,2,True
Data 2025.xlsx,3752,2025-04-29,2025-04,2025-W18,2,1,sau-1548-r01,sau-1548-R01,صوص بري بري,صوص (sauce),sauce,صوص (sauce),sauce_condiment,شركة الرياض العالمية اللاغذية ماكدونالدز - حي المصيف,شركة الرياض العالمية اللاغذية ماكدونالدز,حي المصيف,شركة الرياض العالمية اللاغذية ماكدونالدز - حي المصيف,العليا,بلدية,بلدية العليا,False,True,العد الكلي للبكتيريا | استافيلوكوكس اورياس,العد الكلي للبكتيريا | استافيلوكوكس اورياس,2,استافيلوكوكس اورياس,العد الكلي للبكتيريا,True,pathogen,date_parsed_from_text,3,True
Data 2025.xlsx,3753,2025-04-29,2025-04,2025-W18,2,1,sau-1549-r01,sau-1549-R01,صوص مايونيز لايت,صوص (sauce),sauce,صوص (sauce),sauce_condiment,شركة الرياض العالمية اللاغذية ماكدونالدز - حي المصيف,شركة الرياض العالمية اللاغذية ماكدونالدز,حي المصيف,شركة الرياض العالمية اللاغذية ماكدونالدز - حي المصيف,العليا,بلدية,بلدية العليا,False,True,العد الكلي للبكتيريا,العد الكلي للبكتيريا,1,,العد الكلي للبكتيريا,False,indicator_only,date_parsed_from_text,4,True
Data 2025.xlsx,3754,2025-04-29,2025-04,2025-W18,2,1,sau-1550-r01,sau-1550-R01,صوص بق ماك,صوص (sauce),sauce,صوص (sauce),sauce_condiment,شركة الرياض العالمية اللاغذية ماكدونالدز - حي المصيف,شركة الرياض العالمية اللاغذية ماكدونالدز,حي المصيف,شركة الرياض العالمية اللاغذية ماكدونالدز - حي المصيف,العليا,بلدية,بلدية العليا,False,True,العد الكلي للبكتيريا,العد الكلي للبكتيريا,1,,العد الكلي للبكتيريا,False,indicator_only,date_parsed_from_text,5,True
Data 2025.xlsx,3755,2025-04-29,2025-04,2025-W18,2,1,sau-1551-r01,sau-1551-R01,صوص بق تيستي,صوص (sauce),sauce,صوص (sauce),sauce_condiment,شركة الرياض العالمية اللاغذية ماكدونالدز - حي المصيف,شركة الرياض العالمية اللاغذية ماكدونالدز,حي المصيف,شركة الرياض العالمية اللاغذية ماكدونالدز - حي المصيف,العليا,بلدية,بلدية العليا,False,True,العد الكلي للبكتيريا,العد الكلي للبكتيريا,1,,العد الكلي للبكتيريا,False,indicator_only,date_parsed_from_text,6,True
Data 2025.xlsx,3756,2025-04-29,2025-04,2025-W18,2,1,sau-1552-r01,sau-1552-R01,صوص ثوم,صوص (sauce),sauce,صوص (sauce),sauce_condiment,شركة الرياض العالمية اللاغذية ماكدونالدز - حي المصيف,شركة الرياض العالمية اللاغذية ماكدونالدز,حي المصيف,شركة الرياض العالمية اللاغذية ماكدونالدز - حي المصيف,العليا,بلدية,بلدية العليا,False,True,العد الكلي للبكتيريا,العد الكلي للبكتيريا,1,,العد الكلي للبكتيريا,False,indicator_only,date_parsed_from_text,7,True
Data 2025.xlsx,3757,2025-04-29,2025-04,2025-W18,2,1,sau-1553-r01,sau-1553-R01,صوص مايونيز خردل,صوص (sauce),sauce,صوص (sauce),sauce_condiment,شركة الرياض العالمية اللاغذية ماكدونالدز - حي المصيف,شركة الرياض العالمية اللاغذية ماكدونالدز,حي المصيف,شركة الرياض العالمية اللاغذية ماكدونالدز - حي المصيف,العليا,بلدية,بلدية العليا,True,False,لا يوجد,,0,,,False,none,date_parsed_from_text,7,True
Data 2025.xlsx,3758,2025-04-29,2025-04,2025-W18,2,1,sau-1554-r01,sau-1554-R01,صوص بيجون ماستر,صوص (sauce),sauce,صوص (sauce),sauce_condiment,شركة الرياض العالمية اللاغذية ماكدونالدز - حي المصيف,شركة الرياض العالمية اللاغذية ماكدونالدز,حي المصيف,شركة الرياض العالمية اللاغذية ماكدونالدز - حي المصيف,العليا,بلدية,بلدية العليا,True,False,لا يوجد,,0,,,False,none,date_parsed_from_text,7,True
Data 2025.xlsx,3767,2025-04-29,2025-04,2025-W18,2,1,sau-1555-r01,sau-1555-R01,صوص باربكيو,صوص (sauce),sauce,صوص (sauce),sauce_condiment,شركة الرياض العالمية اللاغذية ماكدونالدز - حي المصيف,شركة الرياض العالمية اللاغذية ماكدونالدز,حي المصيف,شركة الرياض العالمية اللاغذية ماكدونالدز - حي المصيف,العليا,بلدية,بلدية العليا,False,True,العد الكلي للبكتيريا | انتيروباكتريسي | ايشيريشيا كولاي,العد الكلي للبكتيريا | انتيروباكتريسي | ايشيريشيا كولاي,3,ايشيريشيا كولاي,العد الكلي للبكتيريا | انتيروباكتريسي,True,pathogen,date_parsed_from_text,9,True
Data 2025.xlsx,3772,2025-04-29,2025-04,2025-W18,2,1,sau-1556-r01,sau-1556-R01,صوص مانجا,صوص (sauce),sauce,صوص (sauce),sauce_condiment,شركة الرياض العالمية اللاغذية ماكدونالدز - حي المصيف,شركة الرياض العالمية اللاغذية ماكدونالدز,حي المصيف,شركة الرياض العالمية اللاغذية ماكدونالدز - حي المصيف,العليا,بلدية,بلدية العليا,True,False,لا يوجد,,0,,,False,none,date_parsed_from_text,9,True
Data 2025.xlsx,3773,2025-04-29,2025-04,2025-W18,2,1,sau-1557-r01,sau-1557-R01,صوص فراولة,صوص (sauce),sauce,صوص (sauce),sauce_condiment,شركة الرياض العالمية اللاغذية ماكدونالدز - حي المصيف,شركة الرياض العالمية اللاغذية ماكدونالدز,حي المصيف,شركة الرياض العالمية اللاغذية ماكدونالدز - حي المصيف,العليا,بلدية,بلدية العليا,True,False,لا يوجد,,0,,,False,none,date_parsed_from_text,9,True
Data 2025.xlsx,3774,2025-04-29,2025-04,2025-W18,2,1,sau-1558-r01,sau-1558-R01,صوص شوكولاتة,صوص (sauce),sauce,صوص (sauce),sauce_condiment,شركة الرياض العالمية اللاغذية ماكدونالدز - حي المصيف,شركة الرياض العالمية اللاغذية ماكدونالدز,حي المصيف,شركة الرياض العالمية اللاغذية ماكدونالدز - حي المصيف,العليا,بلدية,بلدية العليا,True,False,لا يوجد,,0,,,False,none,date_parsed_from_text,9,True
Data 2025.xlsx,3775,2025-04-29,2025-04,2025-W18,2,1,sau-1559-r01,sau-1559-R01,صوص كراميل,صوص (sauce),sauce,صوص (sauce),sauce_condiment,شركة الرياض العالمية اللاغذية ماكدونالدز - حي المصيف,شركة الرياض العالمية اللاغذية ماكدونالدز,حي المصيف,شركة الرياض العالمية اللاغذية ماكدونالدز - حي المصيف,العليا,بلدية,بلدية العليا,True,False,لا يوجد,,0,,,False,none,date_parsed_from_text,9,True
Data 2025.xlsx,3778,2025-04-29,2025-04,2025-W18,2,1,sau-1560-r01,sau-1560-R01,صوص كوكتيل عادي,صوص (sauce),sauce,صوص (sauce),sauce_condiment,البيك - حي القيروان,البيك,حي القيروان,البيك - حي القيروان,الشمال,بلدية,بلدية الشمال,False,True,انتيروباكتريسي,انتيروباكتريسي,1,,انتيروباكتريسي,False,indicator_only,date_parsed_from_text,4,True
Data 2025.xlsx,3779,2025-04-29,2025-04,2025-W18,2,1,sau-1561-r01,sau-1561-R01,صوص كوكتيل سبايسي,صوص (sauce),sauce,صوص (sauce),sauce_condiment,البيك - حي القيروان,البيك,حي القيروان,البيك - حي القيروان,الشمال,بلدية,بلدية الشمال,False,True,العد الكلي للبكتيريا,العد الكلي للبكتيريا,1,,العد الكلي للبكتيريا,False,indicator_only,date_parsed_from_text,5,True
Data 2025.xlsx,3780,2025-04-29,2025-04,2025-W18,2,1,sau-1562-r01,sau-1562-R01,صوص مايونيز,صوص (sauce),sauce,صوص (sauce),sauce_condiment,البيك - حي القيروان,البيك,حي القيروان,البيك - حي القيروان,الشمال,بلدية,بلدية الشمال,False,True,انتيروباكتريسي,انتيروباكتريسي,1,,انتيروباكتريسي,False,indicator_only,date_parsed_from_text,6,True
Data 2025.xlsx,3781,2025-04-29,2025-04,2025-W18,2,1,sau-1563-r01,sau-1563-R01,صوص باربكيو,صوص (sauce),sauce,صوص (sauce),sauce_condiment,البيك - حي القيروان,البيك,حي القيروان,البيك - حي القيروان,الشمال,بلدية,بلدية الشمال,False,True,العد الكلي للبكتيريا,العد الكلي للبكتيريا,1,,العد الكلي للبكتيريا,False,indicator_only,date_parsed_from_text,7,True
Data 2025.xlsx,3784,2025-04-29,2025-04,2025-W18,2,1,sau-1564-r01,sau-1564-R01,صوص كوكتيل مغلق,صوص (sauce),sauce,صوص (sauce),sauce_condiment,البيك - حي القيروان,البيك,حي القيروان,البيك - حي القيروان,الشمال,بلدية,بلدية الشمال,True,False,لا يوجد,,0,,,False,none,date_parsed_from_text,7,True
Data 2025.xlsx,3785,2025-04-29,2025-04,2025-W18,2,1,sau-1565-r01,sau-1565-R01,صوص طرطر لايت,صوص (sauce),sauce,صوص (sauce),sauce_condiment,البيك - حي القيروان,البيك,حي القيروان,البيك - حي القيروان,الشمال,بلدية,بلدية الشمال,True,False,لا يوجد,,0,,,False,none,date_parsed_from_text,7,True
Data 2025.xlsx,3786,2025-04-29,2025-04,2025-W18,2,1,sau-1566-r01,sau-1566-R01,صوص ثوم مغلق,صوص (sauce),sauce,صوص (sauce),sauce_condiment,البيك - حي القيروان,البيك,حي القيروان,البيك - حي القيروان,الشمال,بلدية,بلدية الشمال,True,False,لا يوجد,,0,,,False,none,date_parsed_from_text,7,True
Data 2025.xlsx,3787,2025-04-29,2025-04,2025-W18,2,1,sau-1567-r01,sau-1567-R01,صوص مسحب دجاج,صوص (sauce),sauce,صوص (sauce),sauce_condiment,البيك - حي القيروان,البيك,حي القيروان,البيك - حي القيروان,الشمال,بلدية,بلدية الشمال,True,False,لا يوجد,,0,,,False,none,date_parsed_from_text,7,True
Data 2025.xlsx,3807,2025-04-29,2025-04,2025-W18,2,1,sau-1568-r01,sau-1568-R01,صوص وايت موكا,صوص (sauce),sauce,صوص (sauce),sauce_condiment,ستار بكس - حي القيروان,ستار بكس,حي القيروان,ستار بكس - حي القيروان,الشمال,بلدية,بلدية الشمال,False,True,العد الكلي للبكتيريا,العد الكلي للبكتيريا,1,,العد الكلي للبكتيريا,False,indicator_only,date_parsed_from_text,1,False
Data 2025.xlsx,3808,2025-04-29,2025-04,2025-W18,2,1,sau-1569-r01,sau-1569-R01,صوص سنش,صوص (sauce),sauce,صوص (sauce),sauce_condiment,ستار بكس - حي القيروان,ستار بكس,حي القيروان,ستار بكس - حي القيروان,الشمال,بلدية,بلدية الشمال,False,True,العد الكلي للبكتيريا,العد الكلي للبكتيريا,1,,العد الكلي للبكتيريا,False,indicator_only,date_parsed_from_text,2,True
Data 2025.xlsx,3809,2025-04-29,2025-04,2025-W18,2,1,sau-1570-r01,sau-1570-R01,صوص دوش دريتشي,صوص (sauce),sauce,صوص (sauce),sauce_condiment,ستار بكس - حي القيروان,ستار بكس,حي القيروان,ستار بكس - حي القيروان,الشمال,بلدية,بلدية الشمال,True,False,لا يوجد,,0,,,False,none,date_parsed_from_text,2,True
Data 2025.xlsx,3776,2025-04-29,2025-04,2025-W18,2,1,sw-2967-r01,sw-2967-R01,مسحة حافظة ثلج,(Swabs) المسحات,Swabs,(Swabs) المسحات,swab,شركة الرياض العالمية اللاغذية ماكدونالدز - حي المصيف,شركة الرياض العالمية اللاغذية ماكدونالدز,حي المصيف,شركة الرياض العالمية اللاغذية ماكدونالدز - حي المصيف,العليا,بلدية,بلدية العليا,True,False,لا يوجد,,0,,,False,none,date_parsed_from_text,9,True
Data 2025.xlsx,3777,2025-04-29,2025-04,2025-W18,2,1,sw-2968-r01,sw-2968-R01,مسحة حافظة ثلج,(Swabs) المسحات,Swabs,(Swabs) المسحات,swab,شركة الرياض العالمية اللاغذية ماكدونالدز - حي المصيف,شركة الرياض العالمية اللاغذية ماكدونالدز,حي المصيف,شركة الرياض العالمية اللاغذية ماكدونالدز - حي المصيف,العليا,بلدية,بلدية العليا,True,False,لا يوجد,,0,,,False,none,date_parsed_from_text,9,True
Data 2025.xlsx,3796,2025-04-29,2025-04,2025-W18,2,1,sw-2969-r01,sw-2969-R01,مسحة يد,(Swabs) المسحات,Swabs,(Swabs) المسحات,swab,البيك - حي القيروان,البيك,حي القيروان,البيك - حي القيروان,الشمال,بلدية,بلدية الشمال,True,False,لا يوجد,,0,,,False,none,date_parsed_from_text,9,True
Data 2025.xlsx,3797,2025-04-29,2025-04,2025-W18,2,1,sw-2970-r01,sw-2970-R01,مسحة حافظة دجاج حراق,(Swabs) المسحات,Swabs,(Swabs) المسحات,swab,البيك - حي القيروان,البيك,حي القيروان,البيك - حي القيروان,الشمال,بلدية,بلدية الشمال,True,False,لا يوجد,,0,,,False,none,date_parsed_from_text,9,True
Data 2025.xlsx,3798,2025-04-29,2025-04,2025-W18,2,1,sw-2971-r01,sw-2971-R01,مسحة حافظة بطاطس مقلي,(Swabs) المسحات,Swabs,(Swabs) المسحات,swab,البيك - حي القيروان,البيك,حي القيروان,البيك - حي القيروان,الشمال,بلدية,بلدية الشمال,True,False,لا يوجد,,0,,,False,none,date_parsed_from_text,9,True
Data 2025.xlsx,3799,2025-04-29,2025-04,2025-W18,2,1,sw-2972-r01,sw-2972-R01,مسحة حافظة مسحب دجاج,(Swabs) المسحات,Swabs,(Swabs) المسحات,swab,البيك - حي القيروان,البيك,حي القيروان,البيك - حي القيروان,الشمال,بلدية,بلدية الشمال,True,False,لا يوجد,,0,,,False,none,date_parsed_from_text,9,True
Data 2025.xlsx,3800,2025-04-29,2025-04,2025-W18,2,1,sw-2973-r01,sw-2973-R01,مسحة حافظة سمك,(Swabs) المسحات,Swabs,(Swabs) المسحات,swab,البيك - حي القيروان,البيك,حي القيروان,البيك - حي القيروان,الشمال,بلدية,بلدية الشمال,True,False,لا يوجد,,0,,,False,none,date_parsed_from_text,9,True
Data 2025.xlsx,3816,2025-04-29,2025-04,2025-W18,2,1,sw-2974-r01,sw-2974-R01,مسحة ثلاجة مخبوزات,(Swabs) المسحات,Swabs,(Swabs) المسحات,swab,ستار بكس - حي القيروان,ستار بكس,حي القيروان,ستار بكس - حي القيروان,الشمال,بلدية,بلدية الشمال,True,False,لا يوجد,,0,,,False,none,date_parsed_from_text,2,True
Data 2025.xlsx,3817,2025-04-29,2025-04,2025-W18,2,1,sw-2975-r01,sw-2975-R01,مسحة ثلاجة مخبوزات,(Swabs) المسحات,Swabs,(Swabs) المسحات,swab,ستار بكس - حي القيروان,ستار بكس,حي القيروان,ستار بكس - حي القيروان,الشمال,بلدية,بلدية الشمال,True,False,لا يوجد,,0,,,False,none,date_parsed_from_text,2,True
Data 2025.xlsx,3818,2025-04-29,2025-04,2025-W18,2,1,sw-2976-r01,sw-2976-R01,مسحة حافظة ثلج,(Swabs) المسحات,Swabs,(Swabs) المسحات,swab,ستار بكس - حي القيروان,ستار بكس,حي القيروان,ستار بكس - حي القيروان,الشمال,بلدية,بلدية الشمال,True,False,لا يوجد,,0,,,False,none,date_parsed_from_text,2,True
Data 2025.xlsx,3819,2025-04-29,2025-04,2025-W18,2,1,sw-2977-r01,sw-2977-R01,مسحة صانعة ثلج,(Swabs) المسحات,Swabs,(Swabs) المسحات,swab,ستار بكس - حي القيروان,ستار بكس,حي القيروان,ستار بكس - حي القيروان,الشمال,بلدية,بلدية الشمال,True,False,لا يوجد,,0,,,False,none,date_parsed_from_text,2,True
Data 2025.xlsx,3801,2025-04-29,2025-04,2025-W18,2,1,sweet-0974-r01,sweet-0974-R01,كيك جزر مع الجوز,الحلا(sweetness),sweetness,الحلا(sweetness),sweets_bakery,ستار بكس - حي القيروان,ستار بكس,حي القيروان,ستار بكس - حي القيروان,الشمال,بلدية,بلدية الشمال,True,False,لا يوجد,,0,,,False,none,date_parsed_from_text,0,False
Data 2025.xlsx,3802,2025-04-29,2025-04,2025-W18,2,1,sweet-0975-r01,sweet-0975-R01,كيك لايزي بالشوكولاتة,الحلا(sweetness),sweetness,الحلا(sweetness),sweets_bakery,ستار بكس - حي القيروان,ستار بكس,حي القيروان,ستار بكس - حي القيروان,الشمال,بلدية,بلدية الشمال,True,False,لا يوجد,,0,,,False,none,date_parsed_from_text,0,False
Data 2025.xlsx,3805,2025-04-29,2025-04,2025-W18,2,1,sweet-0976-r01,sweet-0976-R01,كوكيز شوكولاتة,الحلا(sweetness),sweetness,الحلا(sweetness),sweets_bakery,ستار بكس - حي القيروان,ستار بكس,حي القيروان,ستار بكس - حي القيروان,الشمال,بلدية,بلدية الشمال,True,False,لا يوجد,,0,,,False,none,date_parsed_from_text,0,False
Data 2025.xlsx,3806,2025-04-29,2025-04,2025-W18,2,1,sweet-0977-r01,sweet-0977-R01,مفن كيك شوكولاتة,الحلا(sweetness),sweetness,الحلا(sweetness),sweets_bakery,ستار بكس - حي القيروان,ستار بكس,حي القيروان,ستار بكس - حي القيروان,الشمال,بلدية,بلدية الشمال,True,False,لا يوجد,,0,,,False,none,date_parsed_from_text,0,False
Data 2025.xlsx,3820,2025-04-29,2025-04,2025-W18,2,1,ubot-0956-r01,Ubot-0956-R01,مياه حنفية لغسيل الادوات,المياه الغير معبأة (Unbottled water),Unbottled water,المياه الغير معبأة (Unbottled water),water,ملحمة دروب الامانة للحوم الطازجة,ملحمة دروب الامانة للحوم الطازجة,,ملحمة دروب الامانة للحوم الطازجة,الشمال,بلدية,بلدية الشمال,True,False,لا يوجد,,0,,,False,none,date_parsed_from_text,3,True
Data 2025.xlsx,3821,2025-04-29,2025-04,2025-W18,2,1,ubot-0957-r01,Ubot-0957-R01,مياه فلتر للكود برو,المياه الغير معبأة (Unbottled water),Unbottled water,المياه الغير معبأة (Unbottled water),water,ستار بكس - حي القيروان,ستار بكس,حي القيروان,ستار بكس - حي القيروان,الشمال,بلدية,بلدية الشمال,True,False,لا يوجد,,0,,,False,none,date_parsed_from_text,2,True
Data 2025.xlsx,3822,2025-04-30,2025-04,2025-W18,2,2,raw-0146-r01,Raw-0146-R01,لحم فخذ عجل بلدي,لحوم نيئة مبردة ومجمدة (Raw meat Cold or chilled ),Raw meat Cold or chilled,لحوم نيئة مبردة ومجمدة (Raw meat Cold or chilled ),raw_meat,ملحمة سحائب طيبة,ملحمة سحائب طيبة,,ملحمة سحائب طيبة,الشمال,بلدية,بلدية الشمال,True,False,لا يوجد,,0,,,False,none,date_parsed_from_text,0,False
Data 2025.xlsx,3823,2025-04-30,2025-04,2025-W18,2,2,raw-0147-r01,Raw-0147-R01,لحم رجل تيس باكستاني,لحوم نيئة مبردة ومجمدة (Raw meat Cold or chilled ),Raw meat Cold or chilled,لحوم نيئة مبردة ومجمدة (Raw meat Cold or chilled ),raw_meat,ملحمة سحائب طيبة,ملحمة سحائب طيبة,,ملحمة سحائب طيبة,الشمال,بلدية,بلدية الشمال,True,False,لا يوجد,,0,,,False,none,date_parsed_from_text|date_year_coerced_to_2025,0,False
Data 2025.xlsx,3824,2025-04-30,2025-04,2025-W18,2,2,raw-0148-r01,Raw-0148-R01,لحم رجل بقر هندي,لحوم نيئة مبردة ومجمدة (Raw meat Cold or chilled ),Raw meat Cold or chilled,لحوم نيئة مبردة ومجمدة (Raw meat Cold or chilled ),raw_meat,ملحمة سحائب طيبة,ملحمة سحائب طيبة,,ملحمة سحائب طيبة,الشمال,بلدية,بلدية الشمال,True,False,لا يوجد,,0,,,False,none,date_parsed_from_text|date_year_coerced_to_2025,0,False
Data 2025.xlsx,3825,2025-04-30,2025-04,2025-W18,2,2,raw-0149-r01,Raw-0149-R01,لحم كتف بقر برازيلي,لحوم نيئة مبردة ومجمدة (Raw meat Cold or chilled ),Raw meat Cold or chilled,لحوم نيئة مبردة ومجمدة (Raw meat Cold or chilled ),raw_meat,ملحمة سحائب طيبة,ملحمة سحائب طيبة,,ملحمة سحائب طيبة,الشمال,بلدية,بلدية الشمال,True,False,لا يوجد,,0,,,False,none,date_parsed_from_text|date_year_coerced_to_2025,0,False
