source_file,row_excel,sampling_date,year_month,iso_year_week,quarter,day_of_week,sample_id,sample_id_raw,sample_name,category_canonical,category_en,category_raw,sample_type,facility_name,facility_chain,facility_branch,facility_name_raw,municipality,municipality_type,municipality_raw,is_valid,is_failure,invalid_tests_raw,invalid_tests,n_failed_tests,failed_pathogens,failed_indicators,has_pathogen_failure,severity_tier,data_quality_flags,chain_invalid_count_90d,is_repeat_offender_90d
Data 2025.xlsx,26,2025-01-04,2025-01,2025-W01,1,5,1-2637-R01,1-2637-R01,رز صيادية,الارز ( rice),rice,الارز ( rice),prepared_meal,مطعم اسلوب الغذاء,مطعم اسلوب الغذاء,,مطعم اسلوب الغذاء,العريجاء,بلدية,بلدية العريجاء,True,False,لا يوجد,,0,,,False,none,,1,False
Data 2025.xlsx,27,2025-01-04,2025-01,2025-W01,1,5,1-2638-R01,1-2638-R01,رز برياني,الارز ( rice),rice,الارز ( rice),prepared_meal,مطعم اسلوب الغذاء,مطعم اسلوب الغذاء,,مطعم اسلوب الغذاء,العريجاء,بلدية,بلدية العريجاء,True,False,لا يوجد,,0,,,False,none,,1,False
Data 2025.xlsx,29,2025-01-04,2025-01,2025-W01,1,5,1-2639-R01,1-2639-R01,ساندويتش كلوب تركي بيض,(sandwich)ساندوتش,sandwich,(sandwich)ساندوتش,prepared_meal,مطعم اسلوب الغذاء,مطعم اسلوب الغذاء,,مطعم اسلوب الغذاء,العريجاء,بلدية,بلدية العريجاء,True,False,لا يوجد,,0,,,False,none,,1,False
Data 2025.xlsx,30,2025-01-04,2025-01,2025-W01,1,5,1-2640-R01,1-2640-R01,معصوب,خبز,,خبز,sweets_bakery,مطعم اسلوب الغذاء,مطعم اسلوب الغذاء,,مطعم اسلوب الغذاء,العريجاء,بلدية,بلدية العريجاء,True,False,لا يوجد,,0,,,False,none,,1,False
Data 2025.xlsx,8,2025-01-04,2025-01,2025-W01,1,5,OO-OSS-po-0307-R01,OO-OSS-po-0307-R01,بطاطس مشوي,البطاطس (potatoes),potatoes,البطاطس (potatoes),produce,فت هاوس,فت هاوس,,فت هاوس,العريجاء,بلدية,بلدية العريجاء,True,False,لا يوجد,,0,,,False,none,,0,False
Data 2025.xlsx,22,2025-01-04,2025-01,2025-W01,1,5,OO-OSS-po-0308-R01,OO-OSS-po-0308-R01,بطاطس ودجز,البطاطس (potatoes),potatoes,البطاطس (potatoes),produce,مطعم اسلوب الغذاء,مطعم اسلوب الغذاء,,مطعم اسلوب الغذاء,العريجاء,بلدية,بلدية العريجاء,True,False,لا يوجد,,0,,,False,none,,1,False
Data 2025.xlsx,25,2025-01-04,2025-01,2025-W01,1,5,OO-OSS-po-0309-R01,OO-OSS-po-0309-R01,بطاطس مشوي,البطاطس (potatoes),potatoes,البطاطس (potatoes),produce,مطعم اسلوب الغذاء,مطعم اسلوب الغذاء,,مطعم اسلوب الغذاء,العريجاء,بلدية,بلدية العريجاء,True,False,لا يوجد,,0,,,False,none,,1,False
Data 2025.xlsx,7,2025-01-04,2025-01,2025-W01,1,5,OO-OSS-sp-0048-R01,OO-OSS-sp-0048-R01,بطاطا حلوة مطبوخ,البطاطا (sweet potatoes),sweet potatoes,البطاطا (sweet potatoes),produce,فت هاوس,فت هاوس,,فت هاوس,العريجاء,بلدية,بلدية العريجاء,True,False,لا يوجد,,0,,,False,none,,0,False
Data 2025.xlsx,40,2025-01-04,2025-01,2025-W01,1,5,UU-ki-0115-R01,UU-ki-0115-R01,قطع كيوي,الكيوي (Kiwi),Kiwi,الكيوي (Kiwi),produce,عصائر منجا الزعيم,عصائر منجا الزعيم,,عصائر منجا الزعيم,العريجاء,بلدية,بلدية العريجاء,True,False,لا يوجد,,0,,,False,none,,2,True
Data 2025.xlsx,15,2025-01-04,2025-01,2025-W01,1,5,UU-le-0363-R01,UU-le-0363-R01,قطع ليمون,الليمون (Lemons),Lemons,الليمون (Lemons),produce,فت هاوس,فت هاوس,,فت هاوس,العريجاء,بلدية,بلدية العريجاء,True,False,لا يوجد,,0,,,False,none,,1,False
Data 2025.xlsx,45,2025-01-04,2025-01,2025-W01,1,5,cho-0073-r01,cho-0073-R01,شوكولاتة دبي,الشوكولاته (Chocolate),Chocolate,الشوكولاته (Chocolate),sweets_bakery,عصائر منجا الزعيم,عصائر منجا الزعيم,,عصائر منجا الزعيم,العريجاء,بلدية,بلدية العريجاء,True,False,لا يوجد,,0,,,False,none,,4,True
Data 2025.xlsx,11,2025-01-04,2025-01,2025-W01,1,5,ck-0121-r01,ck-0121-R01,كيك تمر,كيك (cake),cake,كيك (cake),sweets_bakery,فت هاوس,فت هاوس,,فت هاوس,العريجاء,بلدية,بلدية العريجاء,True,False,لا يوجد,,0,,,False,none,,0,False
Data 2025.xlsx,44,2025-01-04,2025-01,2025-W01,1,5,ck-0122-r01,ck-0122-R01,تشيزكيك توت,كيك (cake),cake,كيك (cake),sweets_bakery,عصائر منجا الزعيم,عصائر منجا الزعيم,,عصائر منجا الزعيم,العريجاء,بلدية,بلدية العريجاء,False,True,العد الكلي للبكتيريا | انتيروباكتريسي,العد الكلي للبكتيريا | انتيروباكتريسي,2,,العد الكلي للبكتيريا | انتيروباكتريسي,False,indicator_only,,4,True
Data 2025.xlsx,3,2025-01-04,2025-01,2025-W01,1,5,cm-0070-r01,Cm-0070-R01,لحم بقري,اللحوم المطبوخة (Cooked meat),Cooked meat,اللحوم المطبوخة (Cooked meat),cooked_meat_poultry,فت هاوس,فت هاوس,,فت هاوس,العريجاء,بلدية,بلدية العريجاء,True,False,لا يوجد,,0,,,False,none,,0,False
Data 2025.xlsx,23,2025-01-04,2025-01,2025-W01,1,5,cm-0071-r01,Cm-0071-R01,ستيك باركيو,اللحوم المطبوخة (Cooked meat),Cooked meat,اللحوم المطبوخة (Cooked meat),cooked_meat_poultry,مطعم اسلوب الغذاء,مطعم اسلوب الغذاء,,مطعم اسلوب الغذاء,العريجاء,بلدية,بلدية العريجاء,True,False,لا يوجد,,0,,,False,none,,1,False
Data 2025.xlsx,24,2025-01-04,2025-01,2025-W01,1,5,cm-0072-r01,Cm-0072-R01,كرات لحم,اللحوم المطبوخة (Cooked meat),Cooked meat,اللحوم المطبوخة (Cooked meat),cooked_meat_poultry,مطعم اسلوب الغذاء,مطعم اسلوب الغذاء,,مطعم اسلوب الغذاء,العريجاء,بلدية,بلدية العريجاء,True,False,لا يوجد,,0,,,False,none,,1,False
Data 2025.xlsx,4,2025-01-04,2025-01,2025-W01,1,5,co-0412-r01,co-0412-R01,دجاج كرسبي,الدجاج المطبوخ (Cooked chicken),Cooked chicken,الدجاج المطبوخ (Cooked chicken),cooked_meat_poultry,فت هاوس,فت هاوس,,فت هاوس,العريجاء,بلدية,بلدية العريجاء,True,False,لا يوجد,,0,,,False,none,,0,False
Data 2025.xlsx,5,2025-01-04,2025-01,2025-W01,1,5,co-0413-r01,co-0413-R01,دجاج مشوي,الدجاج المطبوخ (Cooked chicken),Cooked chicken,الدجاج المطبوخ (Cooked chicken),cooked_meat_poultry,فت هاوس,فت هاوس,,فت هاوس,العريجاء,بلدية,بلدية العريجاء,True,False,لا يوجد,,0,,,False,none,,0,False
Data 2025.xlsx,6,2025-01-04,2025-01,2025-W01,1,5,co-0414-r01,co-0414-R01,دجاج باربكيو,الدجاج المطبوخ (Cooked chicken),Cooked chicken,الدجاج المطبوخ (Cooked chicken),cooked_meat_poultry,فت هاوس,فت هاوس,,فت هاوس,العريجاء,بلدية,بلدية العريجاء,True,False,لا يوجد,,0,,,False,none,,0,False
Data 2025.xlsx,9,2025-01-04,2025-01,2025-W01,1,5,co-0415-r01,co-0415-R01,دجاج تشيلي,الدجاج المطبوخ (Cooked chicken),Cooked chicken,الدجاج المطبوخ (Cooked chicken),cooked_meat_poultry,فت هاوس,فت هاوس,,فت هاوس,العريجاء,بلدية,بلدية العريجاء,True,False,لا يوجد,,0,,,False,none,,0,False
Data 2025.xlsx,18,2025-01-04,2025-01,2025-W01,1,5,co-0416-r01,co-0416-R01,دجاج فهيتا,الدجاج المطبوخ (Cooked chicken),Cooked chicken,الدجاج المطبوخ (Cooked chicken),cooked_meat_poultry,مطعم اسلوب الغذاء,مطعم اسلوب الغذاء,,مطعم اسلوب الغذاء,العريجاء,بلدية,بلدية العريجاء,False,True,العد الكلي للبكتيريا,العد الكلي للبكتيريا,1,,العد الكلي للبكتيريا,False,indicator_only,,1,False
Data 2025.xlsx,19,2025-01-04,2025-01,2025-W01,1,5,co-0417-r01,co-0417-R01,دجاج احمر,الدجاج المطبوخ (Cooked chicken),Cooked chicken,الدجاج المطبوخ (Cooked chicken),cooked_meat_poultry,مطعم اسلوب الغذاء,مطعم اسلوب الغذاء,,مطعم اسلوب الغذاء,العريجاء,بلدية,بلدية العريجاء,True,False,لا يوجد,,0,,,False,none,,1,False
Data 2025.xlsx,20,2025-01-04,2025-01,2025-W01,1,5,co-0418-r01,co-0418-R01,دجاج ديناميت,الدجاج المطبوخ (Cooked chicken),Cooked chicken,الدجاج المطبوخ (Cooked chicken),cooked_meat_poultry,مطعم اسلوب الغذاء,مطعم اسلوب الغذاء,,مطعم اسلوب الغذاء,العريجاء,بلدية,بلدية العريجاء,True,False,لا يوجد,,0,,,False,none,,1,False
Data 2025.xlsx,21,2025-01-04,2025-01,2025-W01,1,5,co-0419-r01,co-0419-R01,دجاج كرياتي,الدجاج المطبوخ (Cooked chicken),Cooked chicken,الدجاج المطبوخ (Cooked chicken),cooked_meat_poultry,مطعم اسلوب الغذاء,مطعم اسلوب الغذاء,,مطعم اسلوب الغذاء,العريجاء,بلدية,بلدية العريجاء,True,False,لا يوجد,,0,,,False,none,,1,False
Data 2025.xlsx,2,2025-01-04,2025-01,2025-W01,1,5,fis-0006-r01,fis-0006-R01,سمك فيليه,سمك مطبوخ,,سمك مطبوخ,cooked_meat_poultry,فت هاوس,فت هاوس,,فت هاوس,العريجاء,بلدية,بلدية العريجاء,True,False,لا يوجد,,0,,,False,none,,0,False
Data 2025.xlsx,14,2025-01-04,2025-01,2025-W01,1,5,gcv-0147-r01,GCV-0147-R01,خضار مطبوخ,الخضار المشوية و المطبوخة,,الخضار المشوية و المطبوخة,cooked_meat_poultry,فت هاوس,فت هاوس,,فت هاوس,العريجاء,بلدية,بلدية العريجاء,True,False,لا يوجد,,0,,,False,none,,1,False
Data 2025.xlsx,38,2025-01-04,2025-01,2025-W01,1,5,icecrea-0092-r01,icecrea-0092-R01,ايس كريم فانيلا,(ice cream) ايسكريم,ice cream,(ice cream) ايسكريم,dairy,عصائر منجا الزعيم,عصائر منجا الزعيم,,عصائر منجا الزعيم,العريجاء,بلدية,بلدية العريجاء,False,True,العد الكلي للبكتيريا,العد الكلي للبكتيريا,1,,العد الكلي للبكتيريا,False,indicator_only,,2,True
Data 2025.xlsx,13,2025-01-04,2025-01,2025-W01,1,5,jui-0360-r01,jui-0360-R01,عصير فراولة,العصائر الطازجة Un-pasteurized juices (fresh),fresh,العصائر الطازجة Un-pasteurized juices (fresh),beverage,فت هاوس,فت هاوس,,فت هاوس,العريجاء,بلدية,بلدية العريجاء,True,False,لا يوجد,,0,,,False,none,,1,False
Data 2025.xlsx,33,2025-01-04,2025-01,2025-W01,1,5,jui-0361-r01,jui-0361-R01,عصير رمان,العصائر الطازجة Un-pasteurized juices (fresh),fresh,العصائر الطازجة Un-pasteurized juices (fresh),beverage,عصائر منجا الزعيم,عصائر منجا الزعيم,,عصائر منجا الزعيم,العريجاء,بلدية,بلدية العريجاء,True,False,لا يوجد,,0,,,False,none,,0,False
Data 2025.xlsx,34,2025-01-04,2025-01,2025-W01,1,5,jui-0362-r01,jui-0362-R01,عصير جزر,العصائر الطازجة Un-pasteurized juices (fresh),fresh,العصائر الطازجة Un-pasteurized juices (fresh),beverage,عصائر منجا الزعيم,عصائر منجا الزعيم,,عصائر منجا الزعيم,العريجاء,بلدية,بلدية العريجاء,True,False,لا يوجد,,0,,,False,none,,0,False
Data 2025.xlsx,35,2025-01-04,2025-01,2025-W01,1,5,jui-0363-r01,jui-0363-R01,عصير شمندر,العصائر الطازجة Un-pasteurized juices (fresh),fresh,العصائر الطازجة Un-pasteurized juices (fresh),beverage,عصائر منجا الزعيم,عصائر منجا الزعيم,,عصائر منجا الزعيم,العريجاء,بلدية,بلدية العريجاء,True,False,لا يوجد,,0,,,False,none,,0,False
Data 2025.xlsx,37,2025-01-04,2025-01,2025-W01,1,5,jui-0364-r01,jui-0364-R01,عصير برتقال كبس,العصائر الطازجة Un-pasteurized juices (fresh),fresh,العصائر الطازجة Un-pasteurized juices (fresh),beverage,عصائر منجا الزعيم,عصائر منجا الزعيم,,عصائر منجا الزعيم,العريجاء,بلدية,بلدية العريجاء,True,False,لا يوجد,,0,,,False,none,,1,False
Data 2025.xlsx,10,2025-01-04,2025-01,2025-W01,1,5,sal-0957-r01,Sal-0957-R01,سلطة فواكه,السلطة(Salad),Salad,السلطة(Salad),produce,فت هاوس,فت هاوس,,فت هاوس,العريجاء,بلدية,بلدية العريجاء,True,False,لا يوجد,,0,,,False,none,,0,False
Data 2025.xlsx,12,2025-01-04,2025-01,2025-W01,1,5,sal-0958-r01,Sal-0958-R01,تبولة,السلطة(Salad),Salad,السلطة(Salad),produce,فت هاوس,فت هاوس,,فت هاوس,العريجاء,بلدية,بلدية العريجاء,False,True,ايشيريشيا كولاي,ايشيريشيا كولاي,1,ايشيريشيا كولاي,,True,pathogen,,1,False
Data 2025.xlsx,28,2025-01-04,2025-01,2025-W01,1,5,sal-0959-r01,Sal-0959-R01,سلطة جرجير,السلطة(Salad),Salad,السلطة(Salad),produce,مطعم اسلوب الغذاء,مطعم اسلوب الغذاء,,مطعم اسلوب الغذاء,العريجاء,بلدية,بلدية العريجاء,True,False,لا يوجد,,0,,,False,none,,1,False
Data 2025.xlsx,36,2025-01-04,2025-01,2025-W01,1,5,sau-1036-r01,sau-1036-R01,صوص لوتس,صوص (sauce),sauce,صوص (sauce),sauce_condiment,عصائر منجا الزعيم,عصائر منجا الزعيم,,عصائر منجا الزعيم,العريجاء,بلدية,بلدية العريجاء,False,True,العد الكلي للبكتيريا,العد الكلي للبكتيريا,1,,العد الكلي للبكتيريا,False,indicator_only,,1,False
Data 2025.xlsx,39,2025-01-04,2025-01,2025-W01,1,5,sau-1037-r01,sau-1037-R01,صوص بستاشيو,صوص (sauce),sauce,صوص (sauce),sauce_condiment,عصائر منجا الزعيم,عصائر منجا الزعيم,,عصائر منجا الزعيم,العريجاء,بلدية,بلدية العريجاء,True,False,لا يوجد,,0,,,False,none,,2,True
Data 2025.xlsx,16,2025-01-04,2025-01,2025-W01,1,5,sw-2158-r01,sw-2158-R01,مسحة منطقة اعداد,(Swabs) المسحات,Swabs,(Swabs) المسحات,swab,فت هاوس,فت هاوس,,فت هاوس,العريجاء,بلدية,بلدية العريجاء,True,False,لا يوجد,,0,,,False,none,,1,False
Data 2025.xlsx,17,2025-01-04,2025-01,2025-W01,1,5,sw-2159-r01,sw-2159-R01,مسحة منطقة اعداد,(Swabs) المسحات,Swabs,(Swabs) المسحات,swab,فت هاوس,فت هاوس,,فت هاوس,العريجاء,بلدية,بلدية العريجاء,True,False,لا يوجد,,0,,,False,none,,1,False
Data 2025.xlsx,31,2025-01-04,2025-01,2025-W01,1,5,sw-2160-r01,sw-2160-R01,مسحة منطقة اعداد,(Swabs) المسحات,Swabs,(Swabs) المسحات,swab,مطعم اسلوب الغذاء,مطعم اسلوب الغذاء,,مطعم اسلوب الغذاء,العريجاء,بلدية,بلدية العريجاء,True,False,لا يوجد,,0,,,False,none,,1,False
Data 2025.xlsx,32,2025-01-04,2025-01,2025-W01,1,5,sw-2161-r01,sw-2161-R01,مسحة منطقة اعداد,(Swabs) المسحات,Swabs,(Swabs) المسحات,swab,مطعم اسلوب الغذاء,مطعم اسلوب الغذاء,,مطعم اسلوب الغذاء,العريجاء,بلدية,بلدية العريجاء,True,False,لا يوجد,,0,,,False,none,,1,False
Data 2025.xlsx,41,2025-01-04,2025-01,2025-W01,1,5,sw-2162-r01,sw-2162-R01,مسحة ثلاجة فواكه مقطع,(Swabs) المسحات,Swabs,(Swabs) المسحات,swab,عصائر منجا الزعيم,عصائر منجا الزعيم,,عصائر منجا الزعيم,العريجاء,بلدية,بلدية العريجاء,True,False,لا يوجد,,0,,,False,none,,2,True
Data 2025.xlsx,42,2025-01-04,2025-01,2025-W01,1,5,sw-2163-r01,sw-2163-R01,مسحة طاولة تقطيع فواكه,(Swabs) المسحات,Swabs,(Swabs) المسحات,swab,عصائر منجا الزعيم,عصائر منجا الزعيم,,عصائر منجا الزعيم,العريجاء,بلدية,بلدية العريجاء,False,True,العد الكلي للبكتيريا,العد الكلي للبكتيريا,1,,العد الكلي للبكتيريا,False,indicator_only,,3,True
Data 2025.xlsx,43,2025-01-04,2025-01,2025-W01,1,5,sw-2164-r01,sw-2164-R01,مسحة ثلاجة اعداد,(Swabs) المسحات,Swabs,(Swabs) المسحات,swab,عصائر منجا الزعيم,عصائر منجا الزعيم,,عصائر منجا الزعيم,العريجاء,بلدية,بلدية العريجاء,True,False,لا يوجد,,0,,,False,none,,3,True
Data 2025.xlsx,46,2025-01-04,2025-01,2025-W01,1,5,ubot-0837-r01,Ubot-0837-R01,مياه حنفية للغسيل,المياه الغير معبأة (Unbottled water),Unbottled water,المياه الغير معبأة (Unbottled water),water,فت هاوس,فت هاوس,,فت هاوس,العريجاء,بلدية,بلدية العريجاء,True,False,لا يوجد,,0,,,False,none,,1,False
Data 2025.xlsx,47,2025-01-04,2025-01,2025-W01,1,5,ubot-0838-r01,Ubot-0838-R01,مياه غسيل حنفية,المياه الغير معبأة (Unbottled water),Unbottled water,المياه الغير معبأة (Unbottled water),water,مطعم اسلوب الغذاء,مطعم اسلوب الغذاء,,مطعم اسلوب الغذاء,العريجاء,بلدية,بلدية العريجاء,True,False,لا يوجد,,0,,,False,none,,1,False
Data 2025.xlsx,52,2025-01-05,2025-01,2025-W01,1,6,O-U-to-0532-R01,O-U-to-0532-R01,شرائح طماطم,الطماطم (Tomatoes),Tomatoes,الطماطم (Tomatoes),produce,فلافل ذوق,فلافل ذوق,,فلافل ذوق,العريجاء,بلدية,بلدية العريجاء,True,False,لا يوجد,,0,,,False,none,,2,True
Data 2025.xlsx,48,2025-01-05,2025-01,2025-W01,1,6,O-r-O3-le-0283-R01,O-r-O3-le-0283-R01,قطع خس,الخس (Lettuce),Lettuce,الخس (Lettuce),produce,فلافل ذوق,فلافل ذوق,,فلافل ذوق,العريجاء,بلدية,بلدية العريجاء,True,False,لا يوجد,,0,,,False,none,,0,False
Data 2025.xlsx,84,2025-01-05,2025-01,2025-W01,1,6,O-r-O3-le-0284-R01,O-r-O3-le-0284-R01,قطع خس,الخس (Lettuce),Lettuce,الخس (Lettuce),produce,مطعم منيرة ال عويس,مطعم منيرة ال عويس,,مطعم منيرة ال عويس,العريجاء,بلدية,بلدية العريجاء,False,True,استافيلوكوكس اورياس,استافيلوكوكس اورياس,1,استافيلوكوكس اورياس,,True,pathogen,,3,True
Data 2025.xlsx,55,2025-01-05,2025-01,2025-W01,1,6,OO-OSS-po-0310-R01,OO-OSS-po-0310-R01,بطاطس مقلي,البطاطس (potatoes),potatoes,البطاطس (potatoes),produce,فلافل ذوق,فلافل ذوق,,فلافل ذوق,العريجاء,بلدية,بلدية العريجاء,True,False,لا يوجد,,0,,,False,none,,3,True
Data 2025.xlsx,85,2025-01-05,2025-01,2025-W01,1,6,OO-OSS-po-0311-R01,OO-OSS-po-0311-R01,بطاطس مقلي,البطاطس (potatoes),potatoes,البطاطس (potatoes),produce,مطعم منيرة ال عويس,مطعم منيرة ال عويس,,مطعم منيرة ال عويس,العريجاء,بلدية,بلدية العريجاء,False,True,العد الكلي للبكتيريا,العد الكلي للبكتيريا,1,,العد الكلي للبكتيريا,False,indicator_only,,4,True
Data 2025.xlsx,72,2025-01-05,2025-01,2025-W01,1,6,OO-or-0197-R01,OO-or-0197-R01,يرتقال مقشر,البرتقال (oranges),oranges,البرتقال (oranges),produce,مطعم الشراع,مطعم الشراع,,مطعم الشراع,العريجاء,بلدية,بلدية العريجاء,True,False,لا يوجد,,0,,,False,none,,4,True
Data 2025.xlsx,89,2025-01-05,2025-01,2025-W01,1,6,OO-or-0198-R01,OO-or-0198-R01,برتقال مقشر,البرتقال (oranges),oranges,البرتقال (oranges),produce,مطعم منيرة ال عويس,مطعم منيرة ال عويس,,مطعم منيرة ال عويس,العريجاء,بلدية,بلدية العريجاء,True,False,لا يوجد,,0,,,False,none,,5,True
Data 2025.xlsx,56,2025-01-05,2025-01,2025-W01,1,6,OOSS-eg-0290-R01,OOSS-eg-0290-R01,باذنجان مقلي,الباذنجان (eggplant),eggplant,الباذنجان (eggplant),dairy,فلافل ذوق,فلافل ذوق,,فلافل ذوق,العريجاء,بلدية,بلدية العريجاء,True,False,لا يوجد,,0,,,False,none,,3,True
Data 2025.xlsx,49,2025-01-05,2025-01,2025-W01,1,6,OU-pa-0197-R01,OU-pa-0197-R01,قطع بقدونس,البقدونس (parsley),parsley,البقدونس (parsley),produce,فلافل ذوق,فلافل ذوق,,فلافل ذوق,العريجاء,بلدية,بلدية العريجاء,False,True,ايشيريشيا كولاي | استافيلوكوكس اورياس,ايشيريشيا كولاي | استافيلوكوكس اورياس,2,ايشيريشيا كولاي | استافيلوكوكس اورياس,,True,multi_pathogen,,1,False
Data 2025.xlsx,65,2025-01-05,2025-01,2025-W01,1,6,OU-pa-0198-R01,OU-pa-0198-R01,قطع بقدونس,البقدونس (parsley),parsley,البقدونس (parsley),produce,مطعم الشراع,مطعم الشراع,,مطعم الشراع,العريجاء,بلدية,بلدية العريجاء,False,True,استافيلوكوكس اورياس,استافيلوكوكس اورياس,1,استافيلوكوكس اورياس,,True,pathogen,,2,True
Data 2025.xlsx,79,2025-01-05,2025-01,2025-W01,1,6,bre-0099-r01,bre-0099-R01,خبز صامولي ابيض,الخبز,,الخبز,sweets_bakery,مطعم الشراع,مطعم الشراع,,مطعم الشراع,العريجاء,بلدية,بلدية العريجاء,True,False,لا يوجد,,0,,,False,none,,8,True
Data 2025.xlsx,91,2025-01-05,2025-01,2025-W01,1,6,bri-0245-r01,bri-0245-R01,لبنة,لبنة ( brick),brick,لبنة ( brick),dairy,مطعم منيرة ال عويس,مطعم منيرة ال عويس,,مطعم منيرة ال عويس,العريجاء,بلدية,بلدية العريجاء,True,False,لا يوجد,,0,,,False,none,,6,True
Data 2025.xlsx,59,2025-01-05,2025-01,2025-W01,1,6,ch-0052-r01,ch-0052-R01,جبنة سائل,الاجبان (cheeses),cheeses,الاجبان (cheeses),dairy,فلافل ذوق,فلافل ذوق,,فلافل ذوق,العريجاء,بلدية,بلدية العريجاء,False,True,انتيروباكتريسي,انتيروباكتريسي,1,,انتيروباكتريسي,False,indicator_only,,6,True
Data 2025.xlsx,67,2025-01-05,2025-01,2025-W01,1,6,ch-0053-r01,ch-0053-R01,جبن سائل,الاجبان (cheeses),cheeses,الاجبان (cheeses),dairy,مطعم الشراع,مطعم الشراع,,مطعم الشراع,العريجاء,بلدية,بلدية العريجاء,True,False,لا يوجد,,0,,,False,none,,2,True
Data 2025.xlsx,88,2025-01-05,2025-01,2025-W01,1,6,co-0420-r01,co-0420-R01,قطع شاورما,الدجاج المطبوخ (Cooked chicken),Cooked chicken,الدجاج المطبوخ (Cooked chicken),cooked_meat_poultry,مطعم منيرة ال عويس,مطعم منيرة ال عويس,,مطعم منيرة ال عويس,العريجاء,بلدية,بلدية العريجاء,True,False,لا يوجد,,0,,,False,none,,5,True
Data 2025.xlsx,51,2025-01-05,2025-01,2025-W01,1,6,eggs-0093-r01,eggs-0093-R01,بيض مسلوق,البيض ومنتجاته ( eggs and products),eggs and products,البيض ومنتجاته ( eggs and products),dairy,فلافل ذوق,فلافل ذوق,,فلافل ذوق,العريجاء,بلدية,بلدية العريجاء,False,True,انتيروباكتريسي,انتيروباكتريسي,1,,انتيروباكتريسي,False,indicator_only,,2,True
Data 2025.xlsx,87,2025-01-05,2025-01,2025-W01,1,6,eggs-0094-r01,eggs-0094-R01,بيض مسلوق,البيض ومنتجاته ( eggs and products),eggs and products,البيض ومنتجاته ( eggs and products),dairy,مطعم منيرة ال عويس,مطعم منيرة ال عويس,,مطعم منيرة ال عويس,العريجاء,بلدية,بلدية العريجاء,False,True,انتيروباكتريسي,انتيروباكتريسي,1,,انتيروباكتريسي,False,indicator_only,,5,True
Data 2025.xlsx,54,2025-01-05,2025-01,2025-W01,1,6,fala-0051-r01,Fala-0051-R01,فلافل,فلافل( falafil),falafil,فلافل( falafil),sweets_bakery,فلافل ذوق,فلافل ذوق,,فلافل ذوق,العريجاء,بلدية,بلدية العريجاء,True,False,لا يوجد,,0,,,False,none,,3,True
Data 2025.xlsx,86,2025-01-05,2025-01,2025-W01,1,6,fala-0052-r01,Fala-0052-R01,فلافل,فلافل( falafil),falafil,فلافل( falafil),sweets_bakery,مطعم منيرة ال عويس,مطعم منيرة ال عويس,,مطعم منيرة ال عويس,العريجاء,بلدية,بلدية العريجاء,True,False,لا يوجد,,0,,,False,none,,4,True
Data 2025.xlsx,70,2025-01-05,2025-01,2025-W01,1,6,gr-0128-r01,gr-0128-R01,ورق عنب,ورق عنب (Grape leaves),Grape leaves,ورق عنب (Grape leaves),produce,مطعم الشراع,مطعم الشراع,,مطعم الشراع,العريجاء,بلدية,بلدية العريجاء,True,False,لا يوجد,,0,,,False,none,,4,True
Data 2025.xlsx,92,2025-01-05,2025-01,2025-W01,1,6,ho-0200-r01,ho-0200-R01,شبية عسل,(Honey) عسل النحل,Honey,(Honey) عسل النحل,sweets_bakery,مطعم منيرة ال عويس,مطعم منيرة ال عويس,,مطعم منيرة ال عويس,العريجاء,بلدية,بلدية العريجاء,True,False,لا يوجد,,0,,,False,none,,6,True
Data 2025.xlsx,53,2025-01-05,2025-01,2025-W01,1,6,homo-0382-r01,homo-0382-R01,حمص,"الحمص Homous , Tzatziki and other dips","Homous , Tzatziki and other dips","الحمص Homous , Tzatziki and other dips",prepared_meal,فلافل ذوق,فلافل ذوق,,فلافل ذوق,العريجاء,بلدية,بلدية العريجاء,False,True,العد الكلي للبكتيريا,العد الكلي للبكتيريا,1,,العد الكلي للبكتيريا,False,indicator_only,,3,True
Data 2025.xlsx,64,2025-01-05,2025-01,2025-W01,1,6,homo-0383-r01,homo-0383-R01,حمص,"الحمص Homous , Tzatziki and other dips","Homous , Tzatziki and other dips","الحمص Homous , Tzatziki and other dips",prepared_meal,مطعم الشراع,مطعم الشراع,,مطعم الشراع,العريجاء,بلدية,بلدية العريجاء,False,True,العد الكلي للبكتيريا,العد الكلي للبكتيريا,1,,العد الكلي للبكتيريا,False,indicator_only,,1,False
Data 2025.xlsx,57,2025-01-05,2025-01,2025-W01,1,6,hs-0260-r01,HS-0260-R01,شطة شامية,الشطة (Hot sauce),Hot sauce,الشطة (Hot sauce),sauce_condiment,فلافل ذوق,فلافل ذوق,,فلافل ذوق,العريجاء,بلدية,بلدية العريجاء,False,True,العد الكلي للبكتيريا,العد الكلي للبكتيريا,1,,العد الكلي للبكتيريا,False,indicator_only,,4,True
Data 2025.xlsx,63,2025-01-05,2025-01,2025-W01,1,6,hs-0261-r01,HS-0261-R01,شطة عادي,الشطة (Hot sauce),Hot sauce,الشطة (Hot sauce),sauce_condiment,مطعم الشراع,مطعم الشراع,,مطعم الشراع,العريجاء,بلدية,بلدية العريجاء,True,False,لا يوجد,,0,,,False,none,,0,False
Data 2025.xlsx,71,2025-01-05,2025-01,2025-W01,1,6,jui-0365-r01,jui-0365-R01,عصير كوكتيل,العصائر الطازجة Un-pasteurized juices (fresh),fresh,العصائر الطازجة Un-pasteurized juices (fresh),beverage,مطعم الشراع,مطعم الشراع,,مطعم الشراع,العريجاء,بلدية,بلدية العريجاء,True,False,لا يوجد,,0,,,False,none,,4,True
Data 2025.xlsx,66,2025-01-05,2025-01,2025-W01,1,6,pi-0112-r01,pi-0112-R01,مخلل خيار,مخلل الخضروات /الفواكه (Pickled/fermented vegetable / fruits),Pickled/fermented vegetable / fruits,مخلل الخضروات /الفواكه (Pickled/fermented vegetable / fruits),dairy,مطعم الشراع,مطعم الشراع,,مطعم الشراع,العريجاء,بلدية,بلدية العريجاء,True,False,لا يوجد,,0,,,False,none,,2,True
Data 2025.xlsx,50,2025-01-05,2025-01,2025-W01,1,6,pick-0289-r01,Pick-0289-R01,مخلل لفت,المخلل (Pickle),Pickle,المخلل (Pickle),sauce_condiment,فلافل ذوق,فلافل ذوق,,فلافل ذوق,العريجاء,بلدية,بلدية العريجاء,True,False,لا يوجد,,0,,,False,none,,1,False
Data 2025.xlsx,83,2025-01-05,2025-01,2025-W01,1,6,pick-0290-r01,Pick-0290-R01,مخلل خيار,المخلل (Pickle),Pickle,المخلل (Pickle),sauce_condiment,مطعم منيرة ال عويس,مطعم منيرة ال عويس,,مطعم منيرة ال عويس,العريجاء,بلدية,بلدية العريجاء,False,True,خمائر,الخمائر والاعفان,1,,الخمائر والاعفان,False,indicator_only,,2,True
Data 2025.xlsx,90,2025-01-05,2025-01,2025-W01,1,6,sal-0960-r01,Sal-0960-R01,سلطة تونة,السلطة(Salad),Salad,السلطة(Salad),produce,مطعم منيرة ال عويس,مطعم منيرة ال عويس,,مطعم منيرة ال عويس,العريجاء,بلدية,بلدية العريجاء,False,True,العد الكلي للبكتيريا,العد الكلي للبكتيريا,1,,العد الكلي للبكتيريا,False,indicator_only,,6,True
Data 2025.xlsx,58,2025-01-05,2025-01,2025-W01,1,6,sau-1038-r01,sau-1038-R01,كاتشب,صوص (sauce),sauce,صوص (sauce),sauce_condiment,فلافل ذوق,فلافل ذوق,,فلافل ذوق,العريجاء,بلدية,بلدية العريجاء,True,True,اعفان,الخمائر والاعفان,1,,الخمائر والاعفان,False,indicator_only,validity_says_valid_but_has_failures,5,True
Data 2025.xlsx,61,2025-01-05,2025-01,2025-W01,1,6,sau-1039-r01,sau-1039-R01,صوص دبس رمان,صوص (sauce),sauce,صوص (sauce),sauce_condiment,مطعم الشراع,مطعم الشراع,,مطعم الشراع,العريجاء,بلدية,بلدية العريجاء,True,False,لا يوجد,,0,,,False,none,,0,False
Data 2025.xlsx,62,2025-01-05,2025-01,2025-W01,1,6,sau-1040-r01,sau-1040-R01,صوص كاتشب,صوص (sauce),sauce,صوص (sauce),sauce_condiment,مطعم الشراع,مطعم الشراع,,مطعم الشراع,العريجاء,بلدية,بلدية العريجاء,True,False,لا يوجد,,0,,,False,none,,0,False
Data 2025.xlsx,68,2025-01-05,2025-01,2025-W01,1,6,sau-1041-r01,sau-1041-R01,صوص كوكتيل,صوص (sauce),sauce,صوص (sauce),sauce_condiment,مطعم الشراع,مطعم الشراع,,مطعم الشراع,العريجاء,بلدية,بلدية العريجاء,False,True,العد الكلي للبكتيريا | انتيروباكتريسي | استافيلوكوكس اورياس,العد الكلي للبكتيريا | انتيروباكتريسي | استافيلوكوكس اورياس,3,استافيلوكوكس اورياس,العد الكلي للبكتيريا | انتيروباكتريسي,True,pathogen,,3,True
Data 2025.xlsx,69,2025-01-05,2025-01,2025-W01,1,6,sau-1042-r01,sau-1042-R01,صوص حراق,صوص (sauce),sauce,صوص (sauce),sauce_condiment,مطعم الشراع,مطعم الشراع,,مطعم الشراع,العريجاء,بلدية,بلدية العريجاء,False,True,العد الكلي للبكتيريا,العد الكلي للبكتيريا,1,,العد الكلي للبكتيريا,False,indicator_only,,4,True
Data 2025.xlsx,73,2025-01-05,2025-01,2025-W01,1,6,sau-1043-r01,sau-1043-R01,صوص مايونيز,صوص (sauce),sauce,صوص (sauce),sauce_condiment,مطعم الشراع,مطعم الشراع,,مطعم الشراع,العريجاء,بلدية,بلدية العريجاء,False,True,العد الكلي للبكتيريا,العد الكلي للبكتيريا,1,,العد الكلي للبكتيريا,False,indicator_only,,5,True
Data 2025.xlsx,74,2025-01-05,2025-01,2025-W01,1,6,sau-1044-r01,sau-1044-R01,صوص مايونيز حراق,صوص (sauce),sauce,صوص (sauce),sauce_condiment,مطعم الشراع,مطعم الشراع,,مطعم الشراع,العريجاء,بلدية,بلدية العريجاء,False,True,العد الكلي للبكتيريا,العد الكلي للبكتيريا,1,,العد الكلي للبكتيريا,False,indicator_only,,6,True
Data 2025.xlsx,75,2025-01-05,2025-01,2025-W01,1,6,sau-1045-r01,sau-1045-R01,صوص ثوم,صوص (sauce),sauce,صوص (sauce),sauce_condiment,مطعم الشراع,مطعم الشراع,,مطعم الشراع,العريجاء,بلدية,بلدية العريجاء,False,True,العد الكلي للبكتيريا | انتيروباكتريسي,العد الكلي للبكتيريا | انتيروباكتريسي,2,,العد الكلي للبكتيريا | انتيروباكتريسي,False,indicator_only,,7,True
Data 2025.xlsx,81,2025-01-05,2025-01,2025-W01,1,6,sau-1046-r01,sau-1046-R01,صوص مايونيز,صوص (sauce),sauce,صوص (sauce),sauce_condiment,مطعم منيرة ال عويس,مطعم منيرة ال عويس,,مطعم منيرة ال عويس,العريجاء,بلدية,بلدية العريجاء,False,True,العد الكلي للبكتيريا | انتيروباكتريسي | استافيلوكوكس اورياس,العد الكلي للبكتيريا | انتيروباكتريسي | استافيلوكوكس اورياس,3,استافيلوكوكس اورياس,العد الكلي للبكتيريا | انتيروباكتريسي,True,pathogen,,1,False
Data 2025.xlsx,82,2025-01-05,2025-01,2025-W01,1,6,sau-1047-r01,sau-1047-R01,صوص كاتشب,صوص (sauce),sauce,صوص (sauce),sauce_condiment,مطعم منيرة ال عويس,مطعم منيرة ال عويس,,مطعم منيرة ال عويس,العريجاء,بلدية,بلدية العريجاء,True,False,لا يوجد,,0,,,False,none,,1,False
Data 2025.xlsx,60,2025-01-05,2025-01,2025-W01,1,6,sw-2165-r01,sw-2165-R01,مسحة قطاعة بطاطس,(Swabs) المسحات,Swabs,(Swabs) المسحات,swab,فلافل ذوق,فلافل ذوق,,فلافل ذوق,العريجاء,بلدية,بلدية العريجاء,False,True,العد الكلي للبكتيريا | استافيلوكوكس اورياس,العد الكلي للبكتيريا | استافيلوكوكس اورياس,2,استافيلوكوكس اورياس,العد الكلي للبكتيريا,True,pathogen,,7,True
Data 2025.xlsx,76,2025-01-05,2025-01,2025-W01,1,6,sw-2166-r01,sw-2166-R01,مسحة طاولة تقطيع شاورما,(Swabs) المسحات,Swabs,(Swabs) المسحات,swab,مطعم الشراع,مطعم الشراع,,مطعم الشراع,العريجاء,بلدية,بلدية العريجاء,True,False,لا يوجد,,0,,,False,none,,7,True
Data 2025.xlsx,77,2025-01-05,2025-01,2025-W01,1,6,sw-2167-r01,sw-2167-R01,مسحة طاولة تقطيع برتقال,(Swabs) المسحات,Swabs,(Swabs) المسحات,swab,مطعم الشراع,مطعم الشراع,,مطعم الشراع,العريجاء,بلدية,بلدية العريجاء,True,False,لا يوجد,,0,,,False,none,,7,True
Data 2025.xlsx,78,2025-01-05,2025-01,2025-W01,1,6,sw-2168-r01,sw-2168-R01,مسحة عصارة برتقال,(Swabs) المسحات,Swabs,(Swabs) المسحات,swab,مطعم الشراع,مطعم الشراع,,مطعم الشراع,العريجاء,بلدية,بلدية العريجاء,False,True,العد الكلي للبكتيريا,العد الكلي للبكتيريا,1,,العد الكلي للبكتيريا,False,indicator_only,,8,True
Data 2025.xlsx,80,2025-01-05,2025-01,2025-W01,1,6,sw-2169-r01,sw-2169-R01,مسحة قجطاعة بطاطس,(Swabs) المسحات,Swabs,(Swabs) المسحات,swab,مطعم الشراع,مطعم الشراع,,مطعم الشراع,العريجاء,بلدية,بلدية العريجاء,False,True,العد الكلي للبكتيريا | استافيلوكوكس اورياس,العد الكلي للبكتيريا | استافيلوكوكس اورياس,2,استافيلوكوكس اورياس,العد الكلي للبكتيريا,True,pathogen,,9,True
Data 2025.xlsx,93,2025-01-05,2025-01,2025-W01,1,6,sw-2170-r01,sw-2170-R01,مسحة خلاط برتقال,(Swabs) المسحات,Swabs,(Swabs) المسحات,swab,مطعم منيرة ال عويس,مطعم منيرة ال عويس,,مطعم منيرة ال عويس,العريجاء,بلدية,بلدية العريجاء,False,True,العد الكلي للبكتيريا,العد الكلي للبكتيريا,1,,العد الكلي للبكتيريا,False,indicator_only,,7,True
Data 2025.xlsx,94,2025-01-05,2025-01,2025-W01,1,6,ubot-0839-r01,Ubot-0839-R01,مياه حنفية لغسيل الادوات,المياه الغير معبأة (Unbottled water),Unbottled water,المياه الغير معبأة (Unbottled water),water,فلافل ذوق,فلافل ذوق,,فلافل ذوق,العريجاء,بلدية,بلدية العريجاء,True,False,لا يوجد,,0,,,False,none,,7,True
Data 2025.xlsx,95,2025-01-05,2025-01,2025-W01,1,6,ubot-0840-r01,Ubot-0840-R01,مياه فلتر للعجانة,المياه الغير معبأة (Unbottled water),Unbottled water,المياه الغير معبأة (Unbottled water),water,مطعم الشراع,مطعم الشراع,,مطعم الشراع,العريجاء,بلدية,بلدية العريجاء,True,False,لا يوجد,,0,,,False,none,,9,True
Data 2025.xlsx,101,2025-01-06,2025-01,2025-W02,1,0,1-2643-R01,1-2643-R01,رز بخاري,رز بخاري,,رز بخاري,prepared_meal,مطعم مرافي الجزيرة للمثلوثة,مطعم مرافي الجزيرة للمثلوثة,,مطعم مرافي الجزيرة للمثلوثة,العريجاء,بلدية,بلدية العريجاء,True,False,لا يوجد,,0,,,False,none,,1,False
Data 2025.xlsx,133,2025-01-06,2025-01,2025-W02,1,0,1-2645-R01,1-2645-R01,مكرونة,(macaroni) مكرونة,macaroni,(macaroni) مكرونة,prepared_meal,مطعم شواية الزمرد,مطعم شواية الزمرد,,مطعم شواية الزمرد,العريجاء,بلدية,بلدية العريجاء,True,False,لا يوجد,,0,,,False,none,,0,False
Data 2025.xlsx,115,2025-01-06,2025-01,2025-W02,1,0,O-r-O3-le-0285-R01,O-r-O3-le-0285-R01,قطع خس,الخس (Lettuce),Lettuce,الخس (Lettuce),produce,بوفية الشامية,بوفية الشامية,,بوفية الشامية,العريجاء,بلدية,بلدية العريجاء,True,False,لا يوجد,,0,,,False,none,,0,False
Data 2025.xlsx,113,2025-01-06,2025-01,2025-W02,1,0,OOSS-eg-0292-R01,OOSS-eg-0292-R01,باذنجان مقلي,الباذنجان (eggplant),eggplant,الباذنجان (eggplant),dairy,بوفية الشامية,بوفية الشامية,,بوفية الشامية,العريجاء,بلدية,بلدية العريجاء,True,False,لا يوجد,,0,,,False,none,,0,False
Data 2025.xlsx,134,2025-01-06,2025-01,2025-W02,1,0,OOu-on-0429-R01,OOu-on-0429-R01,بصل مقلي,البصل (onions),onions,البصل (onions),produce,مطعم شواية الزمرد,مطعم شواية الزمرد,,مطعم شواية الزمرد,العريجاء,بلدية,بلدية العريجاء,True,False,لا يوجد,,0,,,False,none,,0,False
Data 2025.xlsx,114,2025-01-06,2025-01,2025-W02,1,0,OU-pa-0199-R01,OU-pa-0199-R01,قطع بقدونس,البقدونس (parsley),parsley,البقدونس (parsley),produce,بوفية الشامية,بوفية الشامية,,بوفية الشامية,العريجاء,بلدية,بلدية العريجاء,True,False,لا يوجد,,0,,,False,none,,0,False
Data 2025.xlsx,118,2025-01-06,2025-01,2025-W02,1,0,bri-0246-r01,bri-0246-R01,لبنة,لبنة ( brick),brick,لبنة ( brick),dairy,بوفية الشامية,بوفية الشامية,,بوفية الشامية,العريجاء,بلدية,بلدية العريجاء,True,False,لا يوجد,,0,,,False,none,,0,False
Data 2025.xlsx,119,2025-01-06,2025-01,2025-W02,1,0,ch-0054-r01,ch-0054-R01,جبن سائل,الاجبان (cheeses),cheeses,الاجبان (cheeses),dairy,بوفية الشامية,بوفية الشامية,,بوفية الشامية,العريجاء,بلدية,بلدية العريجاء,True,False,لا يوجد,,0,,,False,none,,0,False
Data 2025.xlsx,129,2025-01-06,2025-01,2025-W02,1,0,cm-0073-r01,Cm-0073-R01,ايدام لحم,اللحوم المطبوخة (Cooked meat),Cooked meat,اللحوم المطبوخة (Cooked meat),cooked_meat_poultry,مطعم شواية الزمرد,مطعم شواية الزمرد,,مطعم شواية الزمرد,العريجاء,بلدية,بلدية العريجاء,True,False,لا يوجد,,0,,,False,none,,0,False
Data 2025.xlsx,100,2025-01-06,2025-01,2025-W02,1,0,co-0421-r01,co-0421-R01,دجاج على الفحم,دجاج على الفحم,,دجاج على الفحم,cooked_meat_poultry,مطعم مرافي الجزيرة للمثلوثة,مطعم مرافي الجزيرة للمثلوثة,,مطعم مرافي الجزيرة للمثلوثة,العريجاء,بلدية,بلدية العريجاء,True,False,لا يوجد,,0,,,False,none,,1,False
Data 2025.xlsx,128,2025-01-06,2025-01,2025-W02,1,0,co-0422-r01,co-0422-R01,ايدام دجاج,الدجاج المطبوخ (Cooked chicken),Cooked chicken,الدجاج المطبوخ (Cooked chicken),cooked_meat_poultry,مطعم شواية الزمرد,مطعم شواية الزمرد,,مطعم شواية الزمرد,العريجاء,بلدية,بلدية العريجاء,True,False,لا يوجد,,0,,,False,none,,0,False
Data 2025.xlsx,141,2025-01-06,2025-01,2025-W02,1,0,co-0423-r01,co-0423-R01,دجاج على الفحم نص استواء,الدجاج المطبوخ (Cooked chicken),Cooked chicken,الدجاج المطبوخ (Cooked chicken),cooked_meat_poultry,مطعم شواية الزمرد,مطعم شواية الزمرد,,مطعم شواية الزمرد,العريجاء,بلدية,بلدية العريجاء,True,False,لا يوجد,,0,,,False,none,,4,True
Data 2025.xlsx,96,2025-01-06,2025-01,2025-W02,1,0,gcv-0148-r01,GCV-0148-R01,ايدام مصقع,ايدام مصقع,,ايدام مصقع,other,مطعم مرافي الجزيرة للمثلوثة,مطعم مرافي الجزيرة للمثلوثة,,مطعم مرافي الجزيرة للمثلوثة,العريجاء,بلدية,بلدية العريجاء,True,False,لا يوجد,,0,,,False,none,sample_type_unbucketed,0,False
Data 2025.xlsx,97,2025-01-06,2025-01,2025-W02,1,0,gcv-0149-r01,GCV-0149-R01,ايدام مشكل خضار,ايدام مشكل خضار,,ايدام مشكل خضار,produce,مطعم مرافي الجزيرة للمثلوثة,مطعم مرافي الجزيرة للمثلوثة,,مطعم مرافي الجزيرة للمثلوثة,العريجاء,بلدية,بلدية العريجاء,True,False,لا يوجد,,0,,,False,none,,0,False
Data 2025.xlsx,98,2025-01-06,2025-01,2025-W02,1,0,gcv-0150-r01,GCV-0150-R01,ايدام مشكل فرن,ايدام مشكل فرن,,ايدام مشكل فرن,other,مطعم مرافي الجزيرة للمثلوثة,مطعم مرافي الجزيرة للمثلوثة,,مطعم مرافي الجزيرة للمثلوثة,العريجاء,بلدية,بلدية العريجاء,True,False,لا يوجد,,0,,,False,none,sample_type_unbucketed,0,False
Data 2025.xlsx,125,2025-01-06,2025-01,2025-W02,1,0,gcv-0151-r01,GCV-0151-R01,ايدام ملوخية,الخضار المشوية و المطبوخة,,الخضار المشوية و المطبوخة,cooked_meat_poultry,مطعم شواية الزمرد,مطعم شواية الزمرد,,مطعم شواية الزمرد,العريجاء,بلدية,بلدية العريجاء,True,False,لا يوجد,,0,,,False,none,,0,False
Data 2025.xlsx,126,2025-01-06,2025-01,2025-W02,1,0,gcv-0152-r01,GCV-0152-R01,ايدام مشكل خضار,الخضار المشوية و المطبوخة,,الخضار المشوية و المطبوخة,cooked_meat_poultry,مطعم شواية الزمرد,مطعم شواية الزمرد,,مطعم شواية الزمرد,العريجاء,بلدية,بلدية العريجاء,True,False,لا يوجد,,0,,,False,none,,0,False
Data 2025.xlsx,127,2025-01-06,2025-01,2025-W02,1,0,gcv-0153-r01,GCV-0153-R01,ايدام مشكل فرن,الخضار المشوية و المطبوخة,,الخضار المشوية و المطبوخة,cooked_meat_poultry,مطعم شواية الزمرد,مطعم شواية الزمرد,,مطعم شواية الزمرد,العريجاء,بلدية,بلدية العريجاء,True,False,لا يوجد,,0,,,False,none,,0,False
Data 2025.xlsx,131,2025-01-06,2025-01,2025-W02,1,0,gcv-0154-r01,GCV-0154-R01,ايدام بامية,الخضار المشوية و المطبوخة,,الخضار المشوية و المطبوخة,cooked_meat_poultry,مطعم شواية الزمرد,مطعم شواية الزمرد,,مطعم شواية الزمرد,العريجاء,بلدية,بلدية العريجاء,True,False,لا يوجد,,0,,,False,none,,0,False
Data 2025.xlsx,132,2025-01-06,2025-01,2025-W02,1,0,gcv-0155-r01,GCV-0155-R01,ايدام مصقع,الخضار المشوية و المطبوخة,,الخضار المشوية و المطبوخة,cooked_meat_poultry,مطعم شواية الزمرد,مطعم شواية الزمرد,,مطعم شواية الزمرد,العريجاء,بلدية,بلدية العريجاء,True,False,لا يوجد,,0,,,False,none,,0,False
Data 2025.xlsx,124,2025-01-06,2025-01,2025-W02,1,0,ho-0201-r01,ho-0201-R01,شبية عسل,(Honey) عسل النحل,Honey,(Honey) عسل النحل,sweets_bakery,بوفية الشامية,بوفية الشامية,,بوفية الشامية,العريجاء,بلدية,بلدية العريجاء,True,False,لا يوجد,,0,,,False,none,,0,False
Data 2025.xlsx,135,2025-01-06,2025-01,2025-W02,1,0,homo-0384-r01,homo-0384-R01,حمص مقبلات,"الحمص Homous , Tzatziki and other dips","Homous , Tzatziki and other dips","الحمص Homous , Tzatziki and other dips",prepared_meal,مطعم شواية الزمرد,مطعم شواية الزمرد,,مطعم شواية الزمرد,العريجاء,بلدية,بلدية العريجاء,True,False,لا يوجد,,0,,,False,none,,0,False
Data 2025.xlsx,122,2025-01-06,2025-01,2025-W02,1,0,hs-0262-r01,HS-0262-R01,شطة حلرة,الشطة (Hot sauce),Hot sauce,الشطة (Hot sauce),sauce_condiment,بوفية الشامية,بوفية الشامية,,بوفية الشامية,العريجاء,بلدية,بلدية العريجاء,True,False,لا يوجد,,0,,,False,none,,0,False
Data 2025.xlsx,138,2025-01-06,2025-01,2025-W02,1,0,hs-0263-r01,HS-0263-R01,شطة خضراء,الشطة (Hot sauce),Hot sauce,الشطة (Hot sauce),sauce_condiment,مطعم شواية الزمرد,مطعم شواية الزمرد,,مطعم شواية الزمرد,العريجاء,بلدية,بلدية العريجاء,False,True,العد الكلي للبكتيريا | الخمائر والاعفان,العد الكلي للبكتيريا | الخمائر والاعفان,2,,العد الكلي للبكتيريا | الخمائر والاعفان,False,indicator_only,,2,True
Data 2025.xlsx,139,2025-01-06,2025-01,2025-W02,1,0,hs-0264-r01,HS-0264-R01,شطة حمراء,الشطة (Hot sauce),Hot sauce,الشطة (Hot sauce),sauce_condiment,مطعم شواية الزمرد,مطعم شواية الزمرد,,مطعم شواية الزمرد,العريجاء,بلدية,بلدية العريجاء,False,True,العد الكلي للبكتيريا | الخمائر والاعفان,العد الكلي للبكتيريا | الخمائر والاعفان,2,,العد الكلي للبكتيريا | الخمائر والاعفان,False,indicator_only,,3,True
Data 2025.xlsx,130,2025-01-06,2025-01,2025-W02,1,0,len-0388-r01,Len-0388-R01,ايدام عدس,العدس (Lentil),Lentil,العدس (Lentil),produce,مطعم شواية الزمرد,مطعم شواية الزمرد,,مطعم شواية الزمرد,العريجاء,بلدية,بلدية العريجاء,True,False,لا يوجد,,0,,,False,none,,0,False
Data 2025.xlsx,116,2025-01-06,2025-01,2025-W02,1,0,pick-0291-r01,Pick-0291-R01,مخلل لفت,المخلل (Pickle),Pickle,المخلل (Pickle),sauce_condiment,بوفية الشامية,بوفية الشامية,,بوفية الشامية,العريجاء,بلدية,بلدية العريجاء,True,False,لا يوجد,,0,,,False,none,,0,False
Data 2025.xlsx,117,2025-01-06,2025-01,2025-W02,1,0,pick-0292-r01,Pick-0292-R01,قطع مخلل خيار,المخلل (Pickle),Pickle,المخلل (Pickle),sauce_condiment,بوفية الشامية,بوفية الشامية,,بوفية الشامية,العريجاء,بلدية,بلدية العريجاء,True,False,لا يوجد,,0,,,False,none,,0,False
Data 2025.xlsx,99,2025-01-06,2025-01,2025-W02,1,0,sal-0961-r01,Sal-0961-R01,سلطة مشوي,سلطة مشوي,,سلطة مشوي,cooked_meat_poultry,مطعم مرافي الجزيرة للمثلوثة,مطعم مرافي الجزيرة للمثلوثة,,مطعم مرافي الجزيرة للمثلوثة,العريجاء,بلدية,بلدية العريجاء,False,True,استافيلوكوكس اورياس,استافيلوكوكس اورياس,1,استافيلوكوكس اورياس,,True,pathogen,,1,False
Data 2025.xlsx,102,2025-01-06,2025-01,2025-W02,1,0,sal-0962-r01,Sal-0962-R01,سلطة حارة,سلطة حارة,,سلطة حارة,produce,مطعم مرافي الجزيرة للمثلوثة,مطعم مرافي الجزيرة للمثلوثة,,مطعم مرافي الجزيرة للمثلوثة,العريجاء,بلدية,بلدية العريجاء,True,False,لا يوجد,,0,,,False,none,,1,False
Data 2025.xlsx,136,2025-01-06,2025-01,2025-W02,1,0,sal-0963-r01,Sal-0963-R01,سلطة خضراء,السلطة(Salad),Salad,السلطة(Salad),produce,مطعم شواية الزمرد,مطعم شواية الزمرد,,مطعم شواية الزمرد,العريجاء,بلدية,بلدية العريجاء,False,True,استافيلوكوكس اورياس,استافيلوكوكس اورياس,1,استافيلوكوكس اورياس,,True,pathogen,,1,False
Data 2025.xlsx,137,2025-01-06,2025-01,2025-W02,1,0,sal-0964-r01,Sal-0964-R01,سلطة بصل مع الطماطم,السلطة(Salad),Salad,السلطة(Salad),produce,مطعم شواية الزمرد,مطعم شواية الزمرد,,مطعم شواية الزمرد,العريجاء,بلدية,بلدية العريجاء,True,False,لا يوجد,,0,,,False,none,,1,False
Data 2025.xlsx,140,2025-01-06,2025-01,2025-W02,1,0,sal-0965-r01,Sal-0965-R01,سلطة زبادي خيار,السلطة(Salad),Salad,السلطة(Salad),produce,مطعم شواية الزمرد,مطعم شواية الزمرد,,مطعم شواية الزمرد,العريجاء,بلدية,بلدية العريجاء,False,True,استافيلوكوكس اورياس,استافيلوكوكس اورياس,1,استافيلوكوكس اورياس,,True,pathogen,,4,True
Data 2025.xlsx,120,2025-01-06,2025-01,2025-W02,1,0,sau-1048-r01,sau-1048-R01,صوص رانش,صوص (sauce),sauce,صوص (sauce),sauce_condiment,بوفية الشامية,بوفية الشامية,,بوفية الشامية,العريجاء,بلدية,بلدية العريجاء,True,False,لا يوجد,,0,,,False,none,,0,False
Data 2025.xlsx,121,2025-01-06,2025-01,2025-W02,1,0,sau-1049-r01,sau-1049-R01,صوص باربكيو,صوص (sauce),sauce,صوص (sauce),sauce_condiment,بوفية الشامية,بوفية الشامية,,بوفية الشامية,العريجاء,بلدية,بلدية العريجاء,True,False,لا يوجد,,0,,,False,none,,0,False
Data 2025.xlsx,123,2025-01-06,2025-01,2025-W02,1,0,sau-1050-r01,sau-1050-R01,صوص كاتشب,صوص (sauce),sauce,صوص (sauce),sauce_condiment,بوفية الشامية,بوفية الشامية,,بوفية الشامية,العريجاء,بلدية,بلدية العريجاء,True,False,لا يوجد,,0,,,False,none,,0,False
Data 2025.xlsx,110,2025-01-06,2025-01,2025-W02,1,0,sw-2171-r01,sw-2171-R01,مسحة طاولة تقطيع دجاج,(Swabs) المسحات,Swabs,(Swabs) المسحات,swab,مطعم مرافي الجزيرة للمثلوثة,مطعم مرافي الجزيرة للمثلوثة,,مطعم مرافي الجزيرة للمثلوثة,العريجاء,بلدية,بلدية العريجاء,False,True,العد الكلي للبكتيريا | استافيلوكوكس اورياس,العد الكلي للبكتيريا | استافيلوكوكس اورياس,2,استافيلوكوكس اورياس,العد الكلي للبكتيريا,True,pathogen,,5,True
Data 2025.xlsx,111,2025-01-06,2025-01,2025-W02,1,0,sw-2172-r01,sw-2172-R01,مسحة ثلاجة سلطات,(Swabs) المسحات,Swabs,(Swabs) المسحات,swab,مطعم مرافي الجزيرة للمثلوثة,مطعم مرافي الجزيرة للمثلوثة,,مطعم مرافي الجزيرة للمثلوثة,العريجاء,بلدية,بلدية العريجاء,True,False,لا يوجد,,0,,,False,none,,5,True
Data 2025.xlsx,112,2025-01-06,2025-01,2025-W02,1,0,sw-2173-r01,sw-2173-R01,مسحة يد,(Swabs) المسحات,Swabs,(Swabs) المسحات,swab,مطعم مرافي الجزيرة للمثلوثة,مطعم مرافي الجزيرة للمثلوثة,,مطعم مرافي الجزيرة للمثلوثة,العريجاء,بلدية,بلدية العريجاء,False,True,العد الكلي للبكتيريا,العد الكلي للبكتيريا,1,,العد الكلي للبكتيريا,False,indicator_only,,6,True
Data 2025.xlsx,103,2025-01-06,2025-01,2025-W02,1,0,sweet-0664-r01,sweet-0664-R01,كيك شوكولاتة,كيك شوكولاتة,,كيك شوكولاتة,sweets_bakery,مطعم مرافي الجزيرة للمثلوثة,مطعم مرافي الجزيرة للمثلوثة,,مطعم مرافي الجزيرة للمثلوثة,العريجاء,بلدية,بلدية العريجاء,True,False,لا يوجد,,0,,,False,none,,1,False
Data 2025.xlsx,104,2025-01-06,2025-01,2025-W02,1,0,sweet-0665-r01,sweet-0665-R01,تشيز كيك توت بري,تشيز كيك توت بري,,تشيز كيك توت بري,sweets_bakery,مطعم مرافي الجزيرة للمثلوثة,مطعم مرافي الجزيرة للمثلوثة,,مطعم مرافي الجزيرة للمثلوثة,العريجاء,بلدية,بلدية العريجاء,False,True,العد الكلي للبكتيريا | انتيروباكتريسي | استافيلوكوكس اورياس,العد الكلي للبكتيريا | انتيروباكتريسي | استافيلوكوكس اورياس,3,استافيلوكوكس اورياس,العد الكلي للبكتيريا | انتيروباكتريسي,True,pathogen,,2,True
Data 2025.xlsx,105,2025-01-06,2025-01,2025-W02,1,0,sweet-0666-r01,sweet-0666-R01,تراميسو,تراميسو,,تراميسو,other,مطعم مرافي الجزيرة للمثلوثة,مطعم مرافي الجزيرة للمثلوثة,,مطعم مرافي الجزيرة للمثلوثة,العريجاء,بلدية,بلدية العريجاء,False,True,العد الكلي للبكتيريا,العد الكلي للبكتيريا,1,,العد الكلي للبكتيريا,False,indicator_only,sample_type_unbucketed,3,True
Data 2025.xlsx,106,2025-01-06,2025-01,2025-W02,1,0,sweet-0667-r01,sweet-0667-R01,تشيز كيك فراولة,تشيز كيك فراولة,,تشيز كيك فراولة,sweets_bakery,مطعم مرافي الجزيرة للمثلوثة,مطعم مرافي الجزيرة للمثلوثة,,مطعم مرافي الجزيرة للمثلوثة,العريجاء,بلدية,بلدية العريجاء,False,True,العد الكلي للبكتيريا | انتيروباكتريسي,العد الكلي للبكتيريا | انتيروباكتريسي,2,,العد الكلي للبكتيريا | انتيروباكتريسي,False,indicator_only,,4,True
Data 2025.xlsx,107,2025-01-06,2025-01,2025-W02,1,0,sweet-0668-r01,sweet-0668-R01,تشيز ايس كريم,تشيز ايسكريم,,تشيز ايسكريم,other,مطعم مرافي الجزيرة للمثلوثة,مطعم مرافي الجزيرة للمثلوثة,,مطعم مرافي الجزيرة للمثلوثة,العريجاء,بلدية,بلدية العريجاء,True,False,لا يوجد,,0,,,False,none,sample_type_unbucketed,4,True
Data 2025.xlsx,108,2025-01-06,2025-01,2025-W02,1,0,sweet-0669-r01,sweet-0669-R01,حلا لايك,حلا لايك,,حلا لايك,other,مطعم مرافي الجزيرة للمثلوثة,مطعم مرافي الجزيرة للمثلوثة,,مطعم مرافي الجزيرة للمثلوثة,العريجاء,بلدية,بلدية العريجاء,True,False,لا يوجد,,0,,,False,none,sample_type_unbucketed,4,True
Data 2025.xlsx,109,2025-01-06,2025-01,2025-W02,1,0,sweet-0670-r01,sweet-0670-R01,كريم كراميل,كريم كراميل,,كريم كراميل,other,مطعم مرافي الجزيرة للمثلوثة,مطعم مرافي الجزيرة للمثلوثة,,مطعم مرافي الجزيرة للمثلوثة,العريجاء,بلدية,بلدية العريجاء,True,False,لا يوجد,,0,,,False,none,sample_type_unbucketed,4,True
Data 2025.xlsx,142,2025-01-06,2025-01,2025-W02,1,0,ubot-0841-r01,Ubot-0841-R01,مياه فلتر للطبخ,المياه الغير معبأة (Unbottled water),Unbottled water,المياه الغير معبأة (Unbottled water),water,مطعم مرافي الجزيرة للمثلوثة,مطعم مرافي الجزيرة للمثلوثة,,مطعم مرافي الجزيرة للمثلوثة,العريجاء,بلدية,بلدية العريجاء,True,False,لا يوجد,,0,,,False,none,,6,True
Data 2025.xlsx,143,2025-01-06,2025-01,2025-W02,1,0,ubot-0842-r01,Ubot-0842-R01,مياه حنفية للطبخ,المياه الغير معبأة (Unbottled water),Unbottled water,المياه الغير معبأة (Unbottled water),water,مطعم شواية الزمرد,مطعم شواية الزمرد,,مطعم شواية الزمرد,العريجاء,بلدية,بلدية العريجاء,True,False,لا يوجد,,0,,,False,none,,4,True
Data 2025.xlsx,158,2025-01-07,2025-01,2025-W02,1,1,1-2648-R01,1-2648-R01,رز شعبي,الارز ( rice),rice,الارز ( rice),prepared_meal,مطعم نكهة الشعبيات,مطعم نكهة الشعبيات,,مطعم نكهة الشعبيات,العريجاء,بلدية,بلدية العريجاء,True,False,لا يوجد,,0,,,False,none,,1,False
Data 2025.xlsx,5875,2025-01-07,2025-01,2025-W02,1,1,1-3139-R01,1-3139-R01,مرتديلا ديك رومي,(Mortadella) مرتديلا,Mortadella,(Mortadella) مرتديلا,cooked_meat_poultry,تيم هورتنز - حي اليرموك,تيم هورتنز,حي اليرموك,تيم هورتنز - حي اليرموك,الروضة,بلدية,بلدية الروضة,True,False,لا يوجد,,0,,,False,none,,0,False
Data 2025.xlsx,5878,2025-01-07,2025-01,2025-W02,1,1,1-3140-R01,1-3140-R01,نكهة توت ازرق,نكهات مركزة ( Syrup ),Syrup,نكهات مركزة ( Syrup ),sauce_condiment,تيم هورتنز - حي اليرموك,تيم هورتنز,حي اليرموك,تيم هورتنز - حي اليرموك,الروضة,بلدية,بلدية الروضة,True,False,لا يوجد,,0,,,False,none,,0,False
Data 2025.xlsx,5879,2025-01-07,2025-01,2025-W02,1,1,1-3141-R01,1-3141-R01,نكهة فراولة,نكهات مركزة ( Syrup ),Syrup,نكهات مركزة ( Syrup ),sauce_condiment,تيم هورتنز - حي اليرموك,تيم هورتنز,حي اليرموك,تيم هورتنز - حي اليرموك,الروضة,بلدية,بلدية الروضة,True,False,لا يوجد,,0,,,False,none,,0,False
Data 2025.xlsx,5880,2025-01-07,2025-01,2025-W02,1,1,1-3142-R01,1-3142-R01,نكهة مانجا,نكهات مركزة ( Syrup ),Syrup,نكهات مركزة ( Syrup ),sauce_condiment,تيم هورتنز - حي اليرموك,تيم هورتنز,حي اليرموك,تيم هورتنز - حي اليرموك,الروضة,بلدية,بلدية الروضة,True,False,لا يوجد,,0,,,False,none,,0,False
Data 2025.xlsx,5881,2025-01-07,2025-01,2025-W02,1,1,1-3143-R01,1-3143-R01,نكهة كراميل,نكهات مركزة ( Syrup ),Syrup,نكهات مركزة ( Syrup ),sauce_condiment,تيم هورتنز - حي اليرموك,تيم هورتنز,حي اليرموك,تيم هورتنز - حي اليرموك,الروضة,بلدية,بلدية الروضة,True,False,لا يوجد,,0,,,False,none,,0,False
Data 2025.xlsx,5882,2025-01-07,2025-01,2025-W02,1,1,1-3144-R01,1-3144-R01,نكهة ليمون,نكهات مركزة ( Syrup ),Syrup,نكهات مركزة ( Syrup ),sauce_condiment,تيم هورتنز - حي اليرموك,تيم هورتنز,حي اليرموك,تيم هورتنز - حي اليرموك,الروضة,بلدية,بلدية الروضة,True,False,لا يوجد,,0,,,False,none,,0,False
Data 2025.xlsx,5883,2025-01-07,2025-01,2025-W02,1,1,1-3145-R01,1-3145-R01,نكهة باشن فروت,نكهات مركزة ( Syrup ),Syrup,نكهات مركزة ( Syrup ),sauce_condiment,تيم هورتنز - حي اليرموك,تيم هورتنز,حي اليرموك,تيم هورتنز - حي اليرموك,الروضة,بلدية,بلدية الروضة,False,True,العد الكلي للبكتيريا,العد الكلي للبكتيريا,1,,العد الكلي للبكتيريا,False,indicator_only,,1,False
Data 2025.xlsx,5884,2025-01-07,2025-01,2025-W02,1,1,1-3146-R01,1-3146-R01,نكهة قشر البرتقال ازرق,نكهات مركزة ( Syrup ),Syrup,نكهات مركزة ( Syrup ),sauce_condiment,تيم هورتنز - حي اليرموك,تيم هورتنز,حي اليرموك,تيم هورتنز - حي اليرموك,الروضة,بلدية,بلدية الروضة,False,True,العد الكلي للبكتيريا,العد الكلي للبكتيريا,1,,العد الكلي للبكتيريا,False,indicator_only,,2,True
Data 2025.xlsx,5885,2025-01-07,2025-01,2025-W02,1,1,1-3147-R01,1-3147-R01,نكهة قصب سكر,نكهات مركزة ( Syrup ),Syrup,نكهات مركزة ( Syrup ),sauce_condiment,تيم هورتنز - حي اليرموك,تيم هورتنز,حي اليرموك,تيم هورتنز - حي اليرموك,الروضة,بلدية,بلدية الروضة,False,True,العد الكلي للبكتيريا,العد الكلي للبكتيريا,1,,العد الكلي للبكتيريا,False,indicator_only,,3,True
Data 2025.xlsx,5894,2025-01-07,2025-01,2025-W02,1,1,1-3148-R01,1-3148-R01,باف الفطر و الجبنة,معجنات (pastries),pastries,معجنات (pastries),sweets_bakery,تيم هورتنز - حي اليرموك,تيم هورتنز,حي اليرموك,تيم هورتنز - حي اليرموك,الروضة,بلدية,بلدية الروضة,True,False,لا يوجد,,0,,,False,none,,6,True
Data 2025.xlsx,5898,2025-01-07,2025-01,2025-W02,1,1,1-3149-R01,1-3149-R01,تونة مطبوخ,(tuna) تونة,tuna,(tuna) تونة,cooked_meat_poultry,جباتي و كرك - حي اليرموك,جباتي و كرك,حي اليرموك,جباتي و كرك - حي اليرموك,الروضة,بلدية,بلدية الروضة,True,False,لا يوجد,,0,,,False,none,,0,False
Data 2025.xlsx,5902,2025-01-07,2025-01,2025-W02,1,1,1-3150-R01,1-3150-R01,زعتر,الزعتر (thyme),thyme,الزعتر (thyme),produce,جباتي و كرك - حي اليرموك,جباتي و كرك,حي اليرموك,جباتي و كرك - حي اليرموك,الروضة,بلدية,بلدية الروضة,False,True,العد الكلي للبكتيريا,العد الكلي للبكتيريا,1,,العد الكلي للبكتيريا,False,indicator_only,,1,False
Data 2025.xlsx,5906,2025-01-07,2025-01,2025-W02,1,1,1-3151-R01,1-3151-R01,نكهة ليموناظة,نكهات مركزة ( Syrup ),Syrup,نكهات مركزة ( Syrup ),sauce_condiment,يو كوفي - حي اليرموك,يو كوفي,حي اليرموك,يو كوفي - حي اليرموك,الروضة,بلدية,بلدية الروضة,False,True,العد الكلي للبكتيريا,العد الكلي للبكتيريا,1,,العد الكلي للبكتيريا,False,indicator_only,,1,False
Data 2025.xlsx,5907,2025-01-07,2025-01,2025-W02,1,1,1-3152-R01,1-3152-R01,نكهة بلو بيري,نكهات مركزة ( Syrup ),Syrup,نكهات مركزة ( Syrup ),sauce_condiment,يو كوفي - حي اليرموك,يو كوفي,حي اليرموك,يو كوفي - حي اليرموك,الروضة,بلدية,بلدية الروضة,True,False,لا يوجد,,0,,,False,none,,1,False
Data 2025.xlsx,5908,2025-01-07,2025-01,2025-W02,1,1,1-3153-R01,1-3153-R01,نكهة كراكاو (شبية توت ازرق),نكهات مركزة ( Syrup ),Syrup,نكهات مركزة ( Syrup ),sauce_condiment,يو كوفي - حي اليرموك,يو كوفي,حي اليرموك,يو كوفي - حي اليرموك,الروضة,بلدية,بلدية الروضة,False,True,العد الكلي للبكتيريا,العد الكلي للبكتيريا,1,,العد الكلي للبكتيريا,False,indicator_only,,2,True
Data 2025.xlsx,5909,2025-01-07,2025-01,2025-W02,1,1,1-3154-R01,1-3154-R01,نكهة ليمون نعناع,نكهات مركزة ( Syrup ),Syrup,نكهات مركزة ( Syrup ),sauce_condiment,يو كوفي - حي اليرموك,يو كوفي,حي اليرموك,يو كوفي - حي اليرموك,الروضة,بلدية,بلدية الروضة,False,True,العد الكلي للبكتيريا,العد الكلي للبكتيريا,1,,العد الكلي للبكتيريا,False,indicator_only,,3,True
Data 2025.xlsx,5910,2025-01-07,2025-01,2025-W02,1,1,1-3155-R01,1-3155-R01,نكهة فانيلا,نكهات مركزة ( Syrup ),Syrup,نكهات مركزة ( Syrup ),sauce_condiment,يو كوفي - حي اليرموك,يو كوفي,حي اليرموك,يو كوفي - حي اليرموك,الروضة,بلدية,بلدية الروضة,True,False,لا يوجد,,0,,,False,none,,3,True
Data 2025.xlsx,5911,2025-01-07,2025-01,2025-W02,1,1,1-3156-R01,1-3156-R01,نكهة بندق,نكهات مركزة ( Syrup ),Syrup,نكهات مركزة ( Syrup ),sauce_condiment,يو كوفي - حي اليرموك,يو كوفي,حي اليرموك,يو كوفي - حي اليرموك,الروضة,بلدية,بلدية الروضة,False,True,العد الكلي للبكتيريا,العد الكلي للبكتيريا,1,,العد الكلي للبكتيريا,False,indicator_only,,4,True
Data 2025.xlsx,5912,2025-01-07,2025-01,2025-W02,1,1,1-3157-R01,1-3157-R01,نكهة كراميل,نكهات مركزة ( Syrup ),Syrup,نكهات مركزة ( Syrup ),sauce_condiment,يو كوفي - حي اليرموك,يو كوفي,حي اليرموك,يو كوفي - حي اليرموك,الروضة,بلدية,بلدية الروضة,True,False,لا يوجد,,0,,,False,none,,4,True
Data 2025.xlsx,5913,2025-01-07,2025-01,2025-W02,1,1,1-3158-R01,1-3158-R01,نكهة فراولة,نكهات مركزة ( Syrup ),Syrup,نكهات مركزة ( Syrup ),sauce_condiment,يو كوفي - حي اليرموك,يو كوفي,حي اليرموك,يو كوفي - حي اليرموك,الروضة,بلدية,بلدية الروضة,False,True,العد الكلي للبكتيريا,العد الكلي للبكتيريا,1,,العد الكلي للبكتيريا,False,indicator_only,,5,True
Data 2025.xlsx,5919,2025-01-07,2025-01,2025-W02,1,1,1-3159-R01,1-3159-R01,ساندوتش تونة,(sandwich)ساندوتش,sandwich,(sandwich)ساندوتش,prepared_meal,يو كوفي - حي اليرموك,يو كوفي,حي اليرموك,يو كوفي - حي اليرموك,الروضة,بلدية,بلدية الروضة,False,True,استافيلوكوكس اورياس,استافيلوكوكس اورياس,1,استافيلوكوكس اورياس,,True,pathogen,,6,True
Data 2025.xlsx,5921,2025-01-07,2025-01,2025-W02,1,1,1-3160-R01,1-3160-R01,نكهة كيوي,نكهات مركزة ( Syrup ),Syrup,نكهات مركزة ( Syrup ),sauce_condiment,تيم هورتنز - حي اليرموك,تيم هورتنز,حي اليرموك,تيم هورتنز - حي اليرموك,الروضة,بلدية,بلدية الروضة,True,False,لا يوجد,,0,,,False,none,,7,True
Data 2025.xlsx,5922,2025-01-07,2025-01,2025-W02,1,1,1-3161-R01,1-3161-R01,نكهة بندق,نكهات مركزة ( Syrup ),Syrup,نكهات مركزة ( Syrup ),sauce_condiment,تيم هورتنز - حي اليرموك,تيم هورتنز,حي اليرموك,تيم هورتنز - حي اليرموك,الروضة,بلدية,بلدية الروضة,True,False,لا يوجد,,0,,,False,none,,7,True
Data 2025.xlsx,5923,2025-01-07,2025-01,2025-W02,1,1,1-3162-R01,1-3162-R01,نكهة كراميل,نكهات مركزة ( Syrup ),Syrup,نكهات مركزة ( Syrup ),sauce_condiment,تيم هورتنز - حي اليرموك,تيم هورتنز,حي اليرموك,تيم هورتنز - حي اليرموك,الروضة,بلدية,بلدية الروضة,True,False,لا يوجد,,0,,,False,none,,7,True
Data 2025.xlsx,5924,2025-01-07,2025-01,2025-W02,1,1,1-3163-R01,1-3163-R01,نكهة باشن فروت,نكهات مركزة ( Syrup ),Syrup,نكهات مركزة ( Syrup ),sauce_condiment,تيم هورتنز - حي اليرموك,تيم هورتنز,حي اليرموك,تيم هورتنز - حي اليرموك,الروضة,بلدية,بلدية الروضة,True,False,لا يوجد,,0,,,False,none,,7,True
Data 2025.xlsx,5925,2025-01-07,2025-01,2025-W02,1,1,1-3164-R01,1-3164-R01,نكهة توت مشكل,نكهات مركزة ( Syrup ),Syrup,نكهات مركزة ( Syrup ),sauce_condiment,تيم هورتنز - حي اليرموك,تيم هورتنز,حي اليرموك,تيم هورتنز - حي اليرموك,الروضة,بلدية,بلدية الروضة,True,False,لا يوجد,,0,,,False,none,,7,True
Data 2025.xlsx,5926,2025-01-07,2025-01,2025-W02,1,1,1-3165-R01,1-3165-R01,نكهة فانيلا,نكهات مركزة ( Syrup ),Syrup,نكهات مركزة ( Syrup ),sauce_condiment,تيم هورتنز - حي اليرموك,تيم هورتنز,حي اليرموك,تيم هورتنز - حي اليرموك,الروضة,بلدية,بلدية الروضة,True,False,لا يوجد,,0,,,False,none,,7,True
Data 2025.xlsx,5927,2025-01-07,2025-01,2025-W02,1,1,1-3166-R01,1-3166-R01,نكهة فراولة,نكهات مركزة ( Syrup ),Syrup,نكهات مركزة ( Syrup ),sauce_condiment,تيم هورتنز - حي اليرموك,تيم هورتنز,حي اليرموك,تيم هورتنز - حي اليرموك,الروضة,بلدية,بلدية الروضة,True,False,لا يوجد,,0,,,False,none,,7,True
Data 2025.xlsx,5928,2025-01-07,2025-01,2025-W02,1,1,1-3167-R01,1-3167-R01,نكهة توت اسود,نكهات مركزة ( Syrup ),Syrup,نكهات مركزة ( Syrup ),sauce_condiment,تيم هورتنز - حي اليرموك,تيم هورتنز,حي اليرموك,تيم هورتنز - حي اليرموك,الروضة,بلدية,بلدية الروضة,True,False,لا يوجد,,0,,,False,none,,7,True
Data 2025.xlsx,5929,2025-01-07,2025-01,2025-W02,1,1,1-3168-R01,1-3168-R01,نكهة كركار (شبية توت ازرق),نكهات مركزة ( Syrup ),Syrup,نكهات مركزة ( Syrup ),sauce_condiment,تيم هورتنز - حي اليرموك,تيم هورتنز,حي اليرموك,تيم هورتنز - حي اليرموك,الروضة,بلدية,بلدية الروضة,False,True,الخمائر والاعفان,الخمائر والاعفان,1,,الخمائر والاعفان,False,indicator_only,,8,True
Data 2025.xlsx,5930,2025-01-07,2025-01,2025-W02,1,1,1-3169-R01,1-3169-R01,نكهة جح,نكهات مركزة ( Syrup ),Syrup,نكهات مركزة ( Syrup ),sauce_condiment,تيم هورتنز - حي اليرموك,تيم هورتنز,حي اليرموك,تيم هورتنز - حي اليرموك,الروضة,بلدية,بلدية الروضة,False,True,الخمائر والاعفان,الخمائر والاعفان,1,,الخمائر والاعفان,False,indicator_only,,9,True
Data 2025.xlsx,5933,2025-01-07,2025-01,2025-W02,1,1,1-3170-R01,1-3170-R01,ساندوتش دجاج رانش,(sandwich)ساندوتش,sandwich,(sandwich)ساندوتش,prepared_meal,تيم هورتنز - حي اليرموك,تيم هورتنز,حي اليرموك,تيم هورتنز - حي اليرموك,الروضة,بلدية,بلدية الروضة,False,True,استافيلوكوكس اورياس,استافيلوكوكس اورياس,1,استافيلوكوكس اورياس,,True,pathogen,,11,True
Data 2025.xlsx,5934,2025-01-07,2025-01,2025-W02,1,1,1-3171-R01,1-3171-R01,كروسان بالجبنة,كروسان (croissant),croissant,كروسان (croissant),sweets_bakery,تيم هورتنز - حي اليرموك,تيم هورتنز,حي اليرموك,تيم هورتنز - حي اليرموك,الروضة,بلدية,بلدية الروضة,True,False,لا يوجد,,0,,,False,none,,11,True
Data 2025.xlsx,5937,2025-01-07,2025-01,2025-W02,1,1,1-3172-R01,1-3172-R01,ساندوتش حلومي,(sandwich)ساندوتش,sandwich,(sandwich)ساندوتش,prepared_meal,تيم هورتنز - حي اليرموك,تيم هورتنز,حي اليرموك,تيم هورتنز - حي اليرموك,الروضة,بلدية,بلدية الروضة,False,True,استافيلوكوكس اورياس,استافيلوكوكس اورياس,1,استافيلوكوكس اورياس,,True,pathogen,,12,True
Data 2025.xlsx,148,2025-01-07,2025-01,2025-W02,1,1,O-U-to-0534-R01,O-U-to-0534-R01,قطع طماطم,الطماطم (Tomatoes),Tomatoes,الطماطم (Tomatoes),produce,مطعم نكهة الشعبيات,مطعم نكهة الشعبيات,,مطعم نكهة الشعبيات,العريجاء,بلدية,بلدية العريجاء,True,False,لا يوجد,,0,,,False,none,,0,False
Data 2025.xlsx,182,2025-01-07,2025-01,2025-W02,1,1,OOu-on-0430-R01,OOu-on-0430-R01,قطع البصل,البصل (onions),onions,البصل (onions),produce,مطاعم اطباق وطني,مطاعم اطباق وطني,,مطاعم اطباق وطني,العريجاء,بلدية,بلدية العريجاء,True,False,لا يوجد,,0,,,False,none,,0,False
Data 2025.xlsx,155,2025-01-07,2025-01,2025-W02,1,1,OaU-da-1125-R01,OaU-da-1125-R01,معجون تمر,التمر / Dates,Dates,التمر / Dates,produce,مطعم نكهة الشعبيات,مطعم نكهة الشعبيات,,مطعم نكهة الشعبيات,العريجاء,بلدية,بلدية العريجاء,True,False,لا يوجد,,0,,,False,none,,1,False
Data 2025.xlsx,144,2025-01-07,2025-01,2025-W02,1,1,UO2-co-0104-R01,UO2-co-0104-R01,قطع كزبرة,الكزبرة (coriander),coriander,الكزبرة (coriander),produce,مطعم نكهة الشعبيات,مطعم نكهة الشعبيات,,مطعم نكهة الشعبيات,العريجاء,بلدية,بلدية العريجاء,True,False,لا يوجد,,0,,,False,none,,0,False
Data 2025.xlsx,179,2025-01-07,2025-01,2025-W02,1,1,UU-le-0366-R01,UU-le-0366-R01,قطع الليمون,الليمون (Lemons),Lemons,الليمون (Lemons),produce,مطعم نكهة الشعبيات,مطعم نكهة الشعبيات,,مطعم نكهة الشعبيات,العريجاء,بلدية,بلدية العريجاء,True,False,لا يوجد,,0,,,False,none,,6,True
Data 2025.xlsx,166,2025-01-07,2025-01,2025-W02,1,1,appe-0264-r01,Appe-0264-R01,تبولة,مقبلات (Appetizers),Appetizers,مقبلات (Appetizers),prepared_meal,مطعم نكهة الشعبيات,مطعم نكهة الشعبيات,,مطعم نكهة الشعبيات,العريجاء,بلدية,بلدية العريجاء,True,False,لا يوجد,,0,,,False,none,,3,True
Data 2025.xlsx,170,2025-01-07,2025-01,2025-W02,1,1,appe-0265-r01,Appe-0265-R01,متبل,مقبلات (Appetizers),Appetizers,مقبلات (Appetizers),prepared_meal,مطعم نكهة الشعبيات,مطعم نكهة الشعبيات,,مطعم نكهة الشعبيات,العريجاء,بلدية,بلدية العريجاء,False,True,العد الكلي للبكتيريا,العد الكلي للبكتيريا,1,,العد الكلي للبكتيريا,False,indicator_only,,5,True
Data 2025.xlsx,145,2025-01-07,2025-01,2025-W02,1,1,ch-0055-r01,ch-0055-R01,جبنة شيدر مبشور,الاجبان (cheeses),cheeses,الاجبان (cheeses),dairy,مطعم نكهة الشعبيات,مطعم نكهة الشعبيات,,مطعم نكهة الشعبيات,العريجاء,بلدية,بلدية العريجاء,True,False,لا يوجد,,0,,,False,none,,0,False
Data 2025.xlsx,149,2025-01-07,2025-01,2025-W02,1,1,ch-0056-r01,ch-0056-R01,جبنة مالح,الاجبان (cheeses),cheeses,الاجبان (cheeses),dairy,مطعم نكهة الشعبيات,مطعم نكهة الشعبيات,,مطعم نكهة الشعبيات,العريجاء,بلدية,بلدية العريجاء,True,False,لا يوجد,,0,,,False,none,,0,False
Data 2025.xlsx,151,2025-01-07,2025-01,2025-W02,1,1,ch-0057-r01,ch-0057-R01,جبنة سائل,الاجبان (cheeses),cheeses,الاجبان (cheeses),dairy,مطعم نكهة الشعبيات,مطعم نكهة الشعبيات,,مطعم نكهة الشعبيات,العريجاء,بلدية,بلدية العريجاء,False,True,انتيروباكتريسي,انتيروباكتريسي,1,,انتيروباكتريسي,False,indicator_only,,1,False
Data 2025.xlsx,5876,2025-01-07,2025-01,2025-W02,1,1,co-0547-r01,co-0547-R01,قطع دجاج,الدجاج المطبوخ (Cooked chicken),Cooked chicken,الدجاج المطبوخ (Cooked chicken),cooked_meat_poultry,تيم هورتنز - حي اليرموك,تيم هورتنز,حي اليرموك,تيم هورتنز - حي اليرموك,الروضة,بلدية,بلدية الروضة,True,False,لا يوجد,,0,,,False,none,,0,False
Data 2025.xlsx,5897,2025-01-07,2025-01,2025-W02,1,1,co-0548-r01,co-0548-R01,مقلقل دجاج,الدجاج المطبوخ (Cooked chicken),Cooked chicken,الدجاج المطبوخ (Cooked chicken),cooked_meat_poultry,جباتي و كرك - حي اليرموك,جباتي و كرك,حي اليرموك,جباتي و كرك - حي اليرموك,الروضة,بلدية,بلدية الروضة,True,False,لا يوجد,,0,,,False,none,,0,False
Data 2025.xlsx,5887,2025-01-07,2025-01,2025-W02,1,1,coff-0785-r01,Coff-0785-R01,قهوة باردة,القهوة ومشتقاتها (Coffee and derivatives),Coffee and derivatives,القهوة ومشتقاتها (Coffee and derivatives),beverage,تيم هورتنز - حي اليرموك,تيم هورتنز,حي اليرموك,تيم هورتنز - حي اليرموك,الروضة,بلدية,بلدية الروضة,True,False,لا يوجد,,0,,,False,none,,3,True
Data 2025.xlsx,156,2025-01-07,2025-01,2025-W02,1,1,com-0021-r01,com-0021-R01,كورن فليكس,(corn chips) كورن فليكس,corn chips,(corn chips) كورن فليكس,produce,مطعم نكهة الشعبيات,مطعم نكهة الشعبيات,,مطعم نكهة الشعبيات,العريجاء,بلدية,بلدية العريجاء,True,False,لا يوجد,,0,,,False,none,,1,False
Data 2025.xlsx,5899,2025-01-07,2025-01,2025-W02,1,1,eggs-0105-r01,eggs-0105-R01,شكشوكة,البيض ومنتجاته ( eggs and products),eggs and products,البيض ومنتجاته ( eggs and products),dairy,جباتي و كرك - حي اليرموك,جباتي و كرك,حي اليرموك,جباتي و كرك - حي اليرموك,الروضة,بلدية,بلدية الروضة,True,False,لا يوجد,,0,,,False,none,,0,False
Data 2025.xlsx,146,2025-01-07,2025-01,2025-W02,1,1,flswe-0052-r01,FlSwe-0052-R01,حلاوة طحينية,حلاوة طحينة( Flour Sweetness),Flour Sweetness,حلاوة طحينة( Flour Sweetness),sauce_condiment,مطعم نكهة الشعبيات,مطعم نكهة الشعبيات,,مطعم نكهة الشعبيات,العريجاء,بلدية,بلدية العريجاء,True,False,لا يوجد,,0,,,False,none,,0,False
Data 2025.xlsx,157,2025-01-07,2025-01,2025-W02,1,1,gcv-0156-r01,GCV-0156-R01,ايدام مشكل خضار,الخضار المشوية و المطبوخة,,الخضار المشوية و المطبوخة,cooked_meat_poultry,مطعم نكهة الشعبيات,مطعم نكهة الشعبيات,,مطعم نكهة الشعبيات,العريجاء,بلدية,بلدية العريجاء,True,False,لا يوجد,,0,,,False,none,,1,False
Data 2025.xlsx,177,2025-01-07,2025-01,2025-W02,1,1,gcv-0157-r01,GCV-0157-R01,ايدام مشكل خضار,الخضار المشوية و المطبوخة,,الخضار المشوية و المطبوخة,cooked_meat_poultry,مطعم نكهة الشعبيات,مطعم نكهة الشعبيات,,مطعم نكهة الشعبيات,العريجاء,بلدية,بلدية العريجاء,True,False,لا يوجد,,0,,,False,none,,6,True
Data 2025.xlsx,178,2025-01-07,2025-01,2025-W02,1,1,gcv-0158-r01,GCV-0158-R01,ايدام مصقع,الخضار المشوية و المطبوخة,,الخضار المشوية و المطبوخة,cooked_meat_poultry,مطعم نكهة الشعبيات,مطعم نكهة الشعبيات,,مطعم نكهة الشعبيات,العريجاء,بلدية,بلدية العريجاء,True,False,لا يوجد,,0,,,False,none,,6,True
Data 2025.xlsx,180,2025-01-07,2025-01,2025-W02,1,1,gcv-0159-r01,GCV-0159-R01,ايدام بامية,الخضار المشوية و المطبوخة,,الخضار المشوية و المطبوخة,cooked_meat_poultry,مطاعم اطباق وطني,مطاعم اطباق وطني,,مطاعم اطباق وطني,العريجاء,بلدية,بلدية العريجاء,True,False,لا يوجد,,0,,,False,none,,0,False
Data 2025.xlsx,181,2025-01-07,2025-01,2025-W02,1,1,gcv-0160-r01,GCV-0160-R01,مشكل فرن,الخضار المشوية و المطبوخة,,الخضار المشوية و المطبوخة,cooked_meat_poultry,مطاعم اطباق وطني,مطاعم اطباق وطني,,مطاعم اطباق وطني,العريجاء,بلدية,بلدية العريجاء,True,False,لا يوجد,,0,,,False,none,,0,False
Data 2025.xlsx,150,2025-01-07,2025-01,2025-W02,1,1,ho-0202-r01,ho-0202-R01,شبيه العسل,(Honey) عسل النحل,Honey,(Honey) عسل النحل,sweets_bakery,مطعم نكهة الشعبيات,مطعم نكهة الشعبيات,,مطعم نكهة الشعبيات,العريجاء,بلدية,بلدية العريجاء,True,False,لا يوجد,,0,,,False,none,,0,False
Data 2025.xlsx,5901,2025-01-07,2025-01,2025-W02,1,1,ho-0239-r01,ho-0239-R01,عسل,(Honey) عسل النحل,Honey,(Honey) عسل النحل,sweets_bakery,جباتي و كرك - حي اليرموك,جباتي و كرك,حي اليرموك,جباتي و كرك - حي اليرموك,الروضة,بلدية,بلدية الروضة,True,False,لا يوجد,,0,,,False,none,,0,False
Data 2025.xlsx,169,2025-01-07,2025-01,2025-W02,1,1,homo-0386-r01,homo-0386-R01,حمص مقبلات,"الحمص Homous , Tzatziki and other dips","Homous , Tzatziki and other dips","الحمص Homous , Tzatziki and other dips",prepared_meal,مطعم نكهة الشعبيات,مطعم نكهة الشعبيات,,مطعم نكهة الشعبيات,العريجاء,بلدية,بلدية العريجاء,True,False,لا يوجد,,0,,,False,none,,4,True
Data 2025.xlsx,154,2025-01-07,2025-01,2025-W02,1,1,hs-0265-r01,HS-0265-R01,صوص شطة,الشطة (Hot sauce),Hot sauce,الشطة (Hot sauce),sauce_condiment,مطعم نكهة الشعبيات,مطعم نكهة الشعبيات,,مطعم نكهة الشعبيات,العريجاء,بلدية,بلدية العريجاء,True,False,لا يوجد,,0,,,False,none,,1,False
Data 2025.xlsx,174,2025-01-07,2025-01,2025-W02,1,1,hs-0266-r01,HS-0266-R01,شطة حمراء,الشطة (Hot sauce),Hot sauce,الشطة (Hot sauce),sauce_condiment,مطعم نكهة الشعبيات,مطعم نكهة الشعبيات,,مطعم نكهة الشعبيات,العريجاء,بلدية,بلدية العريجاء,False,True,العد الكلي للبكتيريا | انتيروباكتريسي,العد الكلي للبكتيريا | انتيروباكتريسي,2,,العد الكلي للبكتيريا | انتيروباكتريسي,False,indicator_only,,6,True
Data 2025.xlsx,5900,2025-01-07,2025-01,2025-W02,1,1,hs-0325-r01,HS-0325-R01,شطة,الشطة (Hot sauce),Hot sauce,الشطة (Hot sauce),sauce_condiment,جباتي و كرك - حي اليرموك,جباتي و كرك,حي اليرموك,جباتي و كرك - حي اليرموك,الروضة,بلدية,بلدية الروضة,True,False,لا يوجد,,0,,,False,none,,0,False
Data 2025.xlsx,176,2025-01-07,2025-01,2025-W02,1,1,jm-0019-r01,jm-0019-R01,ايدام ملوخية,الملوخية (Jute mallow),Jute mallow,الملوخية (Jute mallow),other,مطعم نكهة الشعبيات,مطعم نكهة الشعبيات,,مطعم نكهة الشعبيات,العريجاء,بلدية,بلدية العريجاء,True,False,لا يوجد,,0,,,False,none,sample_type_unbucketed,6,True
Data 2025.xlsx,175,2025-01-07,2025-01,2025-W02,1,1,jui-0366-r01,jui-0366-R01,عصير كوكتيل,العصائر الطازجة Un-pasteurized juices (fresh),fresh,العصائر الطازجة Un-pasteurized juices (fresh),beverage,مطعم نكهة الشعبيات,مطعم نكهة الشعبيات,,مطعم نكهة الشعبيات,العريجاء,بلدية,بلدية العريجاء,True,False,لا يوجد,,0,,,False,none,,6,True
Data 2025.xlsx,5905,2025-01-07,2025-01,2025-W02,1,1,jui-0464-r01,jui-0464-R01,عصير كوكتيل,العصائر الطازجة Un-pasteurized juices (fresh),fresh,العصائر الطازجة Un-pasteurized juices (fresh),beverage,جباتي و كرك - حي اليرموك,جباتي و كرك,حي اليرموك,جباتي و كرك - حي اليرموك,الروضة,بلدية,بلدية الروضة,True,False,لا يوجد,,0,,,False,none,,2,True
Data 2025.xlsx,5920,2025-01-07,2025-01,2025-W02,1,1,jui-0465-r01,jui-0465-R01,مشروب كركدية,العصائر الطازجة Un-pasteurized juices (fresh),fresh,العصائر الطازجة Un-pasteurized juices (fresh),beverage,تيم هورتنز - حي اليرموك,تيم هورتنز,حي اليرموك,تيم هورتنز - حي اليرموك,الروضة,بلدية,بلدية الروضة,True,False,لا يوجد,,0,,,False,none,,7,True
Data 2025.xlsx,147,2025-01-07,2025-01,2025-W02,1,1,pick-0293-r01,Pick-0293-R01,مخلل لفت,المخلل (Pickle),Pickle,المخلل (Pickle),sauce_condiment,مطعم نكهة الشعبيات,مطعم نكهة الشعبيات,,مطعم نكهة الشعبيات,العريجاء,بلدية,بلدية العريجاء,True,False,لا يوجد,,0,,,False,none,,0,False
Data 2025.xlsx,159,2025-01-07,2025-01,2025-W02,1,1,po-0091-r01,po-0091-R01,دجاج شواية,الدجاج (Poultry),Poultry,الدجاج (Poultry),cooked_meat_poultry,مطعم نكهة الشعبيات,مطعم نكهة الشعبيات,,مطعم نكهة الشعبيات,العريجاء,بلدية,بلدية العريجاء,True,False,لا يوجد,,0,,,False,none,,1,False
Data 2025.xlsx,183,2025-01-07,2025-01,2025-W02,1,1,po-0092-r01,po-0092-R01,دجاج مظبي,الدجاج (Poultry),Poultry,الدجاج (Poultry),cooked_meat_poultry,مطاعم اطباق وطني,مطاعم اطباق وطني,,مطاعم اطباق وطني,العريجاء,بلدية,بلدية العريجاء,True,False,لا يوجد,,0,,,False,none,,0,False
Data 2025.xlsx,5865,2025-01-07,2025-01,2025-W02,1,1,raw-0312-r01,Raw-0312-R01,لحم فخذ سواكني بلدي,لحوم نيئة مبردة ومجمدة (Raw meat Cold or chilled ),Raw meat Cold or chilled,لحوم نيئة مبردة ومجمدة (Raw meat Cold or chilled ),raw_meat,محل صحاري نجد للحوم الطازجة,محل صحاري نجد للحوم الطازجة,,محل صحاري نجد للحوم الطازجة,الروضة,بلدية,بلدية الروضة,True,False,لا يوجد,,0,,,False,none,,0,False
Data 2025.xlsx,5866,2025-01-07,2025-01,2025-W02,1,1,raw-0313-r01,Raw-0313-R01,كلوة من نفس سواكني بلدي,لحوم نيئة مبردة ومجمدة (Raw meat Cold or chilled ),Raw meat Cold or chilled,لحوم نيئة مبردة ومجمدة (Raw meat Cold or chilled ),raw_meat,محل صحاري نجد للحوم الطازجة,محل صحاري نجد للحوم الطازجة,,محل صحاري نجد للحوم الطازجة,الروضة,بلدية,بلدية الروضة,True,False,لا يوجد,,0,,,False,none,,0,False
Data 2025.xlsx,5867,2025-01-07,2025-01,2025-W02,1,1,raw-0314-r01,Raw-0314-R01,كبدة من نفس سواكني بلدي,لحوم نيئة مبردة ومجمدة (Raw meat Cold or chilled ),Raw meat Cold or chilled,لحوم نيئة مبردة ومجمدة (Raw meat Cold or chilled ),raw_meat,محل صحاري نجد للحوم الطازجة,محل صحاري نجد للحوم الطازجة,,محل صحاري نجد للحوم الطازجة,الروضة,بلدية,بلدية الروضة,True,False,لا يوجد,,0,,,False,none,,0,False
Data 2025.xlsx,5868,2025-01-07,2025-01,2025-W02,1,1,raw-0315-r01,Raw-0315-R01,قلب من نفس سواكني بلدي,لحوم نيئة مبردة ومجمدة (Raw meat Cold or chilled ),Raw meat Cold or chilled,لحوم نيئة مبردة ومجمدة (Raw meat Cold or chilled ),raw_meat,محل صحاري نجد للحوم الطازجة,محل صحاري نجد للحوم الطازجة,,محل صحاري نجد للحوم الطازجة,الروضة,بلدية,بلدية الروضة,False,True,السالمونيلا,السالمونيلا,1,السالمونيلا,,True,pathogen,,1,False
Data 2025.xlsx,5869,2025-01-07,2025-01,2025-W02,1,1,raw-0316-r01,Raw-0316-R01,لحم يد حاشي بلدي,لحوم نيئة مبردة ومجمدة (Raw meat Cold or chilled ),Raw meat Cold or chilled,لحوم نيئة مبردة ومجمدة (Raw meat Cold or chilled ),raw_meat,محل صحاري نجد للحوم الطازجة,محل صحاري نجد للحوم الطازجة,,محل صحاري نجد للحوم الطازجة,الروضة,بلدية,بلدية الروضة,True,False,لا يوجد,,0,,,False,none,,1,False
Data 2025.xlsx,5870,2025-01-07,2025-01,2025-W02,1,1,raw-0317-r01,Raw-0317-R01,كبدة من نفس حاشي بلدي,لحوم نيئة مبردة ومجمدة (Raw meat Cold or chilled ),Raw meat Cold or chilled,لحوم نيئة مبردة ومجمدة (Raw meat Cold or chilled ),raw_meat,محل صحاري نجد للحوم الطازجة,محل صحاري نجد للحوم الطازجة,,محل صحاري نجد للحوم الطازجة,الروضة,بلدية,بلدية الروضة,True,False,لا يوجد,,0,,,False,none,,1,False
Data 2025.xlsx,5871,2025-01-07,2025-01,2025-W02,1,1,raw-0318-r01,Raw-0318-R01,قلب من نفس حاشي بلدي,لحوم نيئة مبردة ومجمدة (Raw meat Cold or chilled ),Raw meat Cold or chilled,لحوم نيئة مبردة ومجمدة (Raw meat Cold or chilled ),raw_meat,محل صحاري نجد للحوم الطازجة,محل صحاري نجد للحوم الطازجة,,محل صحاري نجد للحوم الطازجة,الروضة,بلدية,بلدية الروضة,True,False,لا يوجد,,0,,,False,none,,1,False
Data 2025.xlsx,152,2025-01-07,2025-01,2025-W02,1,1,sal-0966-r01,Sal-0966-R01,سلطة بصل مع ليمون,السلطة(Salad),Salad,السلطة(Salad),produce,مطعم نكهة الشعبيات,مطعم نكهة الشعبيات,,مطعم نكهة الشعبيات,العريجاء,بلدية,بلدية العريجاء,True,False,لا يوجد,,0,,,False,none,,1,False
Data 2025.xlsx,167,2025-01-07,2025-01,2025-W02,1,1,sal-0967-r01,Sal-0967-R01,سلطة فتوش,السلطة(Salad),Salad,السلطة(Salad),produce,مطعم نكهة الشعبيات,مطعم نكهة الشعبيات,,مطعم نكهة الشعبيات,العريجاء,بلدية,بلدية العريجاء,True,False,لا يوجد,,0,,,False,none,,3,True
Data 2025.xlsx,168,2025-01-07,2025-01,2025-W02,1,1,sal-0968-r01,Sal-0968-R01,سلطة خضراء,السلطة(Salad),Salad,السلطة(Salad),produce,مطعم نكهة الشعبيات,مطعم نكهة الشعبيات,,مطعم نكهة الشعبيات,العريجاء,بلدية,بلدية العريجاء,False,True,استافيلوكوكس اورياس,استافيلوكوكس اورياس,1,استافيلوكوكس اورياس,,True,pathogen,,4,True
Data 2025.xlsx,171,2025-01-07,2025-01,2025-W02,1,1,sal-0969-r01,Sal-0969-R01,سلطة جبنة حار,السلطة(Salad),Salad,السلطة(Salad),produce,مطعم نكهة الشعبيات,مطعم نكهة الشعبيات,,مطعم نكهة الشعبيات,العريجاء,بلدية,بلدية العريجاء,True,False,لا يوجد,,0,,,False,none,,5,True
Data 2025.xlsx,172,2025-01-07,2025-01,2025-W02,1,1,sal-0970-r01,Sal-0970-R01,سلطة فواكه,السلطة(Salad),Salad,السلطة(Salad),produce,مطعم نكهة الشعبيات,مطعم نكهة الشعبيات,,مطعم نكهة الشعبيات,العريجاء,بلدية,بلدية العريجاء,True,False,لا يوجد,,0,,,False,none,,5,True
Data 2025.xlsx,173,2025-01-07,2025-01,2025-W02,1,1,sal-0971-r01,Sal-0971-R01,سلطة زبادي خيار,السلطة(Salad),Salad,السلطة(Salad),produce,مطعم نكهة الشعبيات,مطعم نكهة الشعبيات,,مطعم نكهة الشعبيات,العريجاء,بلدية,بلدية العريجاء,True,False,لا يوجد,,0,,,False,none,,5,True
Data 2025.xlsx,5874,2025-01-07,2025-01,2025-W02,1,1,sal-1427-r01,Sal-1427-R01,سلطة تونة,السلطة(Salad),Salad,السلطة(Salad),produce,تيم هورتنز - حي اليرموك,تيم هورتنز,حي اليرموك,تيم هورتنز - حي اليرموك,الروضة,بلدية,بلدية الروضة,True,False,لا يوجد,,0,,,False,none,,0,False
Data 2025.xlsx,153,2025-01-07,2025-01,2025-W02,1,1,sau-1051-r01,sau-1051-R01,صوص كاتشب,صوص (sauce),sauce,صوص (sauce),sauce_condiment,مطعم نكهة الشعبيات,مطعم نكهة الشعبيات,,مطعم نكهة الشعبيات,العريجاء,بلدية,بلدية العريجاء,True,False,لا يوجد,,0,,,False,none,,1,False
Data 2025.xlsx,5872,2025-01-07,2025-01,2025-W02,1,1,sau-1913-r01,sau-1913-R01,صوص ثاوزند ايلند,صوص (sauce),sauce,صوص (sauce),sauce_condiment,تيم هورتنز - حي اليرموك,تيم هورتنز,حي اليرموك,تيم هورتنز - حي اليرموك,الروضة,بلدية,بلدية الروضة,True,False,لا يوجد,,0,,,False,none,,0,False
Data 2025.xlsx,5873,2025-01-07,2025-01,2025-W02,1,1,sau-1914-r01,sau-1914-R01,صوص سيزر سلط,صوص (sauce),sauce,صوص (sauce),sauce_condiment,تيم هورتنز - حي اليرموك,تيم هورتنز,حي اليرموك,تيم هورتنز - حي اليرموك,الروضة,بلدية,بلدية الروضة,True,False,لا يوجد,,0,,,False,none,,0,False
Data 2025.xlsx,5877,2025-01-07,2025-01,2025-W02,1,1,sau-1915-r01,sau-1915-R01,صوص شوكولاتة,صوص (sauce),sauce,صوص (sauce),sauce_condiment,تيم هورتنز - حي اليرموك,تيم هورتنز,حي اليرموك,تيم هورتنز - حي اليرموك,الروضة,بلدية,بلدية الروضة,True,False,لا يوجد,,0,,,False,none,,0,False
Data 2025.xlsx,5886,2025-01-07,2025-01,2025-W02,1,1,sau-1916-r01,sau-1916-R01,صوص كستر,صوص (sauce),sauce,صوص (sauce),sauce_condiment,تيم هورتنز - حي اليرموك,تيم هورتنز,حي اليرموك,تيم هورتنز - حي اليرموك,الروضة,بلدية,بلدية الروضة,True,False,لا يوجد,,0,,,False,none,,3,True
Data 2025.xlsx,5903,2025-01-07,2025-01,2025-W02,1,1,sau-1917-r01,sau-1917-R01,صوص مايونيز,صوص (sauce),sauce,صوص (sauce),sauce_condiment,جباتي و كرك - حي اليرموك,جباتي و كرك,حي اليرموك,جباتي و كرك - حي اليرموك,الروضة,بلدية,بلدية الروضة,False,True,العد الكلي للبكتيريا,العد الكلي للبكتيريا,1,,العد الكلي للبكتيريا,False,indicator_only,,2,True
Data 2025.xlsx,5904,2025-01-07,2025-01,2025-W02,1,1,sau-1918-r01,sau-1918-R01,صوص كاتشب,صوص (sauce),sauce,صوص (sauce),sauce_condiment,جباتي و كرك - حي اليرموك,جباتي و كرك,حي اليرموك,جباتي و كرك - حي اليرموك,الروضة,بلدية,بلدية الروضة,True,False,لا يوجد,,0,,,False,none,,2,True
Data 2025.xlsx,5914,2025-01-07,2025-01,2025-W02,1,1,sau-1919-r01,sau-1919-R01,صوص وايت موكا,صوص (sauce),sauce,صوص (sauce),sauce_condiment,يو كوفي - حي اليرموك,يو كوفي,حي اليرموك,يو كوفي - حي اليرموك,الروضة,بلدية,بلدية الروضة,True,False,لا يوجد,,0,,,False,none,,5,True
Data 2025.xlsx,5915,2025-01-07,2025-01,2025-W02,1,1,sau-1920-r01,sau-1920-R01,صوص سبنيش,صوص (sauce),sauce,صوص (sauce),sauce_condiment,يو كوفي - حي اليرموك,يو كوفي,حي اليرموك,يو كوفي - حي اليرموك,الروضة,بلدية,بلدية الروضة,True,False,لا يوجد,,0,,,False,none,,5,True
Data 2025.xlsx,5916,2025-01-07,2025-01,2025-W02,1,1,sau-1921-r01,sau-1921-R01,صوص دارك موكا,صوص (sauce),sauce,صوص (sauce),sauce_condiment,يو كوفي - حي اليرموك,يو كوفي,حي اليرموك,يو كوفي - حي اليرموك,الروضة,بلدية,بلدية الروضة,True,False,لا يوجد,,0,,,False,none,,5,True
Data 2025.xlsx,5917,2025-01-07,2025-01,2025-W02,1,1,sau-1922-r01,sau-1922-R01,صوص باشن فروت,صوص (sauce),sauce,صوص (sauce),sauce_condiment,يو كوفي - حي اليرموك,يو كوفي,حي اليرموك,يو كوفي - حي اليرموك,الروضة,بلدية,بلدية الروضة,True,False,لا يوجد,,0,,,False,none,,5,True
Data 2025.xlsx,184,2025-01-07,2025-01,2025-W02,1,1,sw-2174-r01,sw-2174-R01,مسحة ادوات التقطيع,(Swabs) المسحات,Swabs,(Swabs) المسحات,swab,مطاعم اطباق وطني,مطاعم اطباق وطني,,مطاعم اطباق وطني,العريجاء,بلدية,بلدية العريجاء,True,False,لا يوجد,,0,,,False,none,,0,False
Data 2025.xlsx,185,2025-01-07,2025-01,2025-W02,1,1,sw-2175-r01,sw-2175-R01,مسحة ادوات التحضير,(Swabs) المسحات,Swabs,(Swabs) المسحات,swab,مطاعم اطباق وطني,مطاعم اطباق وطني,,مطاعم اطباق وطني,العريجاء,بلدية,بلدية العريجاء,False,True,العد الكلي للبكتيريا,العد الكلي للبكتيريا,1,,العد الكلي للبكتيريا,False,indicator_only,,1,False
Data 2025.xlsx,186,2025-01-07,2025-01,2025-W02,1,1,sw-2176-r01,sw-2176-R01,مسحة طاولة تقطيع خضار,(Swabs) المسحات,Swabs,(Swabs) المسحات,swab,مطاعم اطباق وطني,مطاعم اطباق وطني,,مطاعم اطباق وطني,العريجاء,بلدية,بلدية العريجاء,False,True,العد الكلي للبكتيريا | استافيلوكوكس اورياس,العد الكلي للبكتيريا | استافيلوكوكس اورياس,2,استافيلوكوكس اورياس,العد الكلي للبكتيريا,True,pathogen,,2,True
Data 2025.xlsx,187,2025-01-07,2025-01,2025-W02,1,1,sw-2177-r01,sw-2177-R01,مسحة فرامة طماطم,(Swabs) المسحات,Swabs,(Swabs) المسحات,swab,مطاعم اطباق وطني,مطاعم اطباق وطني,,مطاعم اطباق وطني,العريجاء,بلدية,بلدية العريجاء,False,True,العد الكلي للبكتيريا | ايشيريشيا كولاي | استافيلوكوكس اورياس,العد الكلي للبكتيريا | ايشيريشيا كولاي | استافيلوكوكس اورياس,3,ايشيريشيا كولاي | استافيلوكوكس اورياس,العد الكلي للبكتيريا,True,multi_pathogen,,3,True
Data 2025.xlsx,5895,2025-01-07,2025-01,2025-W02,1,1,sw-3272-r01,sw-3272-R01,مسحة حافظة دونت,(Swabs) المسحات,Swabs,(Swabs) المسحات,swab,تيم هورتنز - حي اليرموك,تيم هورتنز,حي اليرموك,تيم هورتنز - حي اليرموك,الروضة,بلدية,بلدية الروضة,False,True,العد الكلي للبكتيريا,العد الكلي للبكتيريا,1,,العد الكلي للبكتيريا,False,indicator_only,,7,True
Data 2025.xlsx,5896,2025-01-07,2025-01,2025-W02,1,1,sw-3273-r01,sw-3273-R01,مسحة صانعة ثلج,(Swabs) المسحات,Swabs,(Swabs) المسحات,swab,تيم هورتنز - حي اليرموك,تيم هورتنز,حي اليرموك,تيم هورتنز - حي اليرموك,الروضة,بلدية,بلدية الروضة,True,False,لا يوجد,,0,,,False,none,,7,True
Data 2025.xlsx,5938,2025-01-07,2025-01,2025-W02,1,1,sw-3274-r01,sw-3274-R01,مسحة صانعة ثلج,(Swabs) المسحات,Swabs,(Swabs) المسحات,swab,تيم هورتنز - حي اليرموك,تيم هورتنز,حي اليرموك,تيم هورتنز - حي اليرموك,الروضة,بلدية,بلدية الروضة,True,False,لا يوجد,,0,,,False,none,,12,True
Data 2025.xlsx,5939,2025-01-07,2025-01,2025-W02,1,1,sw-3275-r01,sw-3275-R01,مسحة صانعة ثلج,(Swabs) المسحات,Swabs,(Swabs) المسحات,swab,تيم هورتنز - حي اليرموك,تيم هورتنز,حي اليرموك,تيم هورتنز - حي اليرموك,الروضة,بلدية,بلدية الروضة,True,False,لا يوجد,,0,,,False,none,,12,True
Data 2025.xlsx,160,2025-01-07,2025-01,2025-W02,1,1,sweet-0671-r02,sweet-0671-R02,حلا لوتس,الحلا(sweetness),sweetness,الحلا(sweetness),sweets_bakery,مطعم نكهة الشعبيات,مطعم نكهة الشعبيات,,مطعم نكهة الشعبيات,العريجاء,بلدية,بلدية العريجاء,False,True,العد الكلي للبكتيريا | انتيروباكتريسي | استافيلوكوكس اورياس,العد الكلي للبكتيريا | انتيروباكتريسي | استافيلوكوكس اورياس,3,استافيلوكوكس اورياس,العد الكلي للبكتيريا | انتيروباكتريسي,True,pathogen,,2,True
Data 2025.xlsx,161,2025-01-07,2025-01,2025-W02,1,1,sweet-0672-r01,sweet-0672-R01,حلا فراولة,الحلا(sweetness),sweetness,الحلا(sweetness),sweets_bakery,مطعم نكهة الشعبيات,مطعم نكهة الشعبيات,,مطعم نكهة الشعبيات,العريجاء,بلدية,بلدية العريجاء,True,False,لا يوجد,,0,,,False,none,,2,True
Data 2025.xlsx,162,2025-01-07,2025-01,2025-W02,1,1,sweet-0673-r01,sweet-0673-R01,حلا جلكسي,الحلا(sweetness),sweetness,الحلا(sweetness),sweets_bakery,مطعم نكهة الشعبيات,مطعم نكهة الشعبيات,,مطعم نكهة الشعبيات,العريجاء,بلدية,بلدية العريجاء,False,True,استافيلوكوكس اورياس,استافيلوكوكس اورياس,1,استافيلوكوكس اورياس,,True,pathogen,,3,True
Data 2025.xlsx,163,2025-01-07,2025-01,2025-W02,1,1,sweet-0674-r01,sweet-0674-R01,حلا توت,الحلا(sweetness),sweetness,الحلا(sweetness),sweets_bakery,مطعم نكهة الشعبيات,مطعم نكهة الشعبيات,,مطعم نكهة الشعبيات,العريجاء,بلدية,بلدية العريجاء,True,False,لا يوجد,,0,,,False,none,,3,True
Data 2025.xlsx,164,2025-01-07,2025-01,2025-W02,1,1,sweet-0675-r01,sweet-0675-R01,كريم كراميل حلا,الحلا(sweetness),sweetness,الحلا(sweetness),sweets_bakery,مطعم نكهة الشعبيات,مطعم نكهة الشعبيات,,مطعم نكهة الشعبيات,العريجاء,بلدية,بلدية العريجاء,True,False,لا يوجد,,0,,,False,none,,3,True
Data 2025.xlsx,165,2025-01-07,2025-01,2025-W02,1,1,sweet-0676-r01,sweet-0676-R01,حلا ام علي,الحلا(sweetness),sweetness,الحلا(sweetness),sweets_bakery,مطعم نكهة الشعبيات,مطعم نكهة الشعبيات,,مطعم نكهة الشعبيات,العريجاء,بلدية,بلدية العريجاء,True,False,لا يوجد,,0,,,False,none,,3,True
Data 2025.xlsx,5888,2025-01-07,2025-01,2025-W02,1,1,sweet-1255-r01,sweet-1255-R01,حلا كنادين مابيل,الحلا(sweetness),sweetness,الحلا(sweetness),sweets_bakery,تيم هورتنز - حي اليرموك,تيم هورتنز,حي اليرموك,تيم هورتنز - حي اليرموك,الروضة,بلدية,بلدية الروضة,False,True,العد الكلي للبكتيريا,العد الكلي للبكتيريا,1,,العد الكلي للبكتيريا,False,indicator_only,,4,True
Data 2025.xlsx,5889,2025-01-07,2025-01,2025-W02,1,1,sweet-1256-r01,sweet-1256-R01,حلا مغطس بالفانيلا,الحلا(sweetness),sweetness,الحلا(sweetness),sweets_bakery,تيم هورتنز - حي اليرموك,تيم هورتنز,حي اليرموك,تيم هورتنز - حي اليرموك,الروضة,بلدية,بلدية الروضة,True,False,لا يوجد,,0,,,False,none,,4,True
Data 2025.xlsx,5890,2025-01-07,2025-01,2025-W02,1,1,sweet-1257-r01,sweet-1257-R01,حلا نوتيلا,الحلا(sweetness),sweetness,الحلا(sweetness),sweets_bakery,تيم هورتنز - حي اليرموك,تيم هورتنز,حي اليرموك,تيم هورتنز - حي اليرموك,الروضة,بلدية,بلدية الروضة,True,False,لا يوجد,,0,,,False,none,,4,True
Data 2025.xlsx,5891,2025-01-07,2025-01,2025-W02,1,1,sweet-1258-r01,sweet-1258-R01,حلا كيت كات,الحلا(sweetness),sweetness,الحلا(sweetness),sweets_bakery,تيم هورتنز - حي اليرموك,تيم هورتنز,حي اليرموك,تيم هورتنز - حي اليرموك,الروضة,بلدية,بلدية الروضة,True,False,لا يوجد,,0,,,False,none,,4,True
Data 2025.xlsx,5892,2025-01-07,2025-01,2025-W02,1,1,sweet-1259-r01,sweet-1259-R01,حلا شوكولاتة بالجوز الهند,الحلا(sweetness),sweetness,الحلا(sweetness),sweets_bakery,تيم هورتنز - حي اليرموك,تيم هورتنز,حي اليرموك,تيم هورتنز - حي اليرموك,الروضة,بلدية,بلدية الروضة,False,True,باسيلس سيريس,باسيلس سيريس,1,باسيلس سيريس,,True,pathogen,,5,True
Data 2025.xlsx,5893,2025-01-07,2025-01,2025-W02,1,1,sweet-1260-r01,sweet-1260-R01,حلا شوكولاتة دبل,الحلا(sweetness),sweetness,الحلا(sweetness),sweets_bakery,تيم هورتنز - حي اليرموك,تيم هورتنز,حي اليرموك,تيم هورتنز - حي اليرموك,الروضة,بلدية,بلدية الروضة,False,True,باسيلس سيريس,باسيلس سيريس,1,باسيلس سيريس,,True,pathogen,,6,True
Data 2025.xlsx,5918,2025-01-07,2025-01,2025-W02,1,1,sweet-1261-r01,sweet-1261-R01,كيك ليمون,الحلا(sweetness),sweetness,الحلا(sweetness),sweets_bakery,يو كوفي - حي اليرموك,يو كوفي,حي اليرموك,يو كوفي - حي اليرموك,الروضة,بلدية,بلدية الروضة,True,False,لا يوجد,,0,,,False,none,,5,True
Data 2025.xlsx,5931,2025-01-07,2025-01,2025-W02,1,1,sweet-1262-r01,sweet-1262-R01,كوكيز شوكولاتة,الحلا(sweetness),sweetness,الحلا(sweetness),sweets_bakery,تيم هورتنز - حي اليرموك,تيم هورتنز,حي اليرموك,تيم هورتنز - حي اليرموك,الروضة,بلدية,بلدية الروضة,False,True,باسيلس سيريس,باسيلس سيريس,1,باسيلس سيريس,,True,pathogen,,10,True
Data 2025.xlsx,5932,2025-01-07,2025-01,2025-W02,1,1,sweet-1263-r01,sweet-1263-R01,كوكيز فانيلا,الحلا(sweetness),sweetness,الحلا(sweetness),sweets_bakery,تيم هورتنز - حي اليرموك,تيم هورتنز,حي اليرموك,تيم هورتنز - حي اليرموك,الروضة,بلدية,بلدية الروضة,True,False,لا يوجد,,0,,,False,none,,10,True
Data 2025.xlsx,5935,2025-01-07,2025-01,2025-W02,1,1,sweet-1264-r01,sweet-1264-R01,حلا انقلش كيك,الحلا(sweetness),sweetness,الحلا(sweetness),sweets_bakery,تيم هورتنز - حي اليرموك,تيم هورتنز,حي اليرموك,تيم هورتنز - حي اليرموك,الروضة,بلدية,بلدية الروضة,True,False,لا يوجد,,0,,,False,none,,11,True
Data 2025.xlsx,5936,2025-01-07,2025-01,2025-W02,1,1,sweet-1265-r01,sweet-1265-R01,حلا بدنق,الحلا(sweetness),sweetness,الحلا(sweetness),sweets_bakery,تيم هورتنز - حي اليرموك,تيم هورتنز,حي اليرموك,تيم هورتنز - حي اليرموك,الروضة,بلدية,بلدية الروضة,True,False,لا يوجد,,0,,,False,none,,11,True
Data 2025.xlsx,5940,2025-01-07,2025-01,2025-W02,1,1,ubot-1005-r01,Ubot-1005-R01,مياه حنفية لغسيل الادوات,المياه الغير معبأة (Unbottled water),Unbottled water,المياه الغير معبأة (Unbottled water),water,محل صحاري نجد للحوم الطازجة,محل صحاري نجد للحوم الطازجة,,محل صحاري نجد للحوم الطازجة,الروضة,بلدية,بلدية الروضة,True,False,لا يوجد,,0,,,False,none,,1,False
Data 2025.xlsx,8161,2025-01-09,2025-01,2025-W02,1,3,1-3426-R01,1-3426-R01,نكهة قصب سكر,نكهات مركزة ( Syrup ),Syrup,نكهات مركزة ( Syrup ),sauce_condiment,لنتيكا بيزريا دي مايكل - حي جامعة الملك سعود,لنتيكا بيزريا دي مايكل,حي جامعة الملك سعود,لنتيكا بيزريا دي مايكل - حي جامعة الملك سعود,المعذر,بلدية,بلدية المعذر,True,False,لا يوجد,,0,,,False,none,,2,True
Data 2025.xlsx,8162,2025-01-09,2025-01,2025-W02,1,3,1-3427-R01,1-3427-R01,نكهة باشن فروت,نكهات مركزة ( Syrup ),Syrup,نكهات مركزة ( Syrup ),sauce_condiment,لنتيكا بيزريا دي مايكل - حي جامعة الملك سعود,لنتيكا بيزريا دي مايكل,حي جامعة الملك سعود,لنتيكا بيزريا دي مايكل - حي جامعة الملك سعود,المعذر,بلدية,بلدية المعذر,True,False,لا يوجد,,0,,,False,none,,2,True
Data 2025.xlsx,8163,2025-01-09,2025-01,2025-W02,1,3,1-3428-R01,1-3428-R01,نكهة الخوخ,نكهات مركزة ( Syrup ),Syrup,نكهات مركزة ( Syrup ),sauce_condiment,لنتيكا بيزريا دي مايكل - حي جامعة الملك سعود,لنتيكا بيزريا دي مايكل,حي جامعة الملك سعود,لنتيكا بيزريا دي مايكل - حي جامعة الملك سعود,المعذر,بلدية,بلدية المعذر,True,False,لا يوجد,,0,,,False,none,,2,True
Data 2025.xlsx,8168,2025-01-09,2025-01,2025-W02,1,3,1-3429-R01,1-3429-R01,هلابينو مع خيار,(jalapeno) هلابينو,jalapeno,(jalapeno) هلابينو,produce,مقهي عبدالعزيز راشد الحميض للمشروبات الساخنة جوز كافيه,مقهي عبدالعزيز راشد الحميض للمشروبات الساخنة جوز كافيه,,مقهي عبدالعزيز راشد الحميض للمشروبات الساخنة جوز كافيه,المعذر,بلدية,بلدية المعذر,False,True,خمائر,الخمائر والاعفان,1,,الخمائر والاعفان,False,indicator_only,,1,False
Data 2025.xlsx,8187,2025-01-09,2025-01,2025-W02,1,3,1-3430-R01,1-3430-R01,نكهة فراولة,نكهات مركزة ( Syrup ),Syrup,نكهات مركزة ( Syrup ),sauce_condiment,مقهي عبدالعزيز راشد الحميض للمشروبات الساخنة جوز كافيه,مقهي عبدالعزيز راشد الحميض للمشروبات الساخنة جوز كافيه,,مقهي عبدالعزيز راشد الحميض للمشروبات الساخنة جوز كافيه,المعذر,بلدية,بلدية المعذر,True,False,لا يوجد,,0,,,False,none,,7,True
Data 2025.xlsx,8188,2025-01-09,2025-01,2025-W02,1,3,1-3431-R01,1-3431-R01,نكهة اناناس,نكهات مركزة ( Syrup ),Syrup,نكهات مركزة ( Syrup ),sauce_condiment,مقهي عبدالعزيز راشد الحميض للمشروبات الساخنة جوز كافيه,مقهي عبدالعزيز راشد الحميض للمشروبات الساخنة جوز كافيه,,مقهي عبدالعزيز راشد الحميض للمشروبات الساخنة جوز كافيه,المعذر,بلدية,بلدية المعذر,False,True,العد الكلي للبكتيريا,العد الكلي للبكتيريا,1,,العد الكلي للبكتيريا,False,indicator_only,,8,True
Data 2025.xlsx,8189,2025-01-09,2025-01,2025-W02,1,3,1-3432-R01,1-3432-R01,نكهة قصب السكر,نكهات مركزة ( Syrup ),Syrup,نكهات مركزة ( Syrup ),sauce_condiment,مقهي عبدالعزيز راشد الحميض للمشروبات الساخنة جوز كافيه,مقهي عبدالعزيز راشد الحميض للمشروبات الساخنة جوز كافيه,,مقهي عبدالعزيز راشد الحميض للمشروبات الساخنة جوز كافيه,المعذر,بلدية,بلدية المعذر,True,False,لا يوجد,,0,,,False,none,,8,True
Data 2025.xlsx,8190,2025-01-09,2025-01,2025-W02,1,3,1-3433-R01,1-3433-R01,نكهة فانيلا,( Luqaimat) لقيمات,Luqaimat,( Luqaimat) لقيمات,sauce_condiment,مقهي عبدالعزيز راشد الحميض للمشروبات الساخنة جوز كافيه,مقهي عبدالعزيز راشد الحميض للمشروبات الساخنة جوز كافيه,,مقهي عبدالعزيز راشد الحميض للمشروبات الساخنة جوز كافيه,المعذر,بلدية,بلدية المعذر,False,True,العد الكلي للبكتيريا,العد الكلي للبكتيريا,1,,العد الكلي للبكتيريا,False,indicator_only,,9,True
Data 2025.xlsx,8191,2025-01-09,2025-01,2025-W02,1,3,1-3434-R01,1-3434-R01,مشروب كركدية,(roselle)كركدية,roselle,(roselle)كركدية,beverage,مقهي عبدالعزيز راشد الحميض للمشروبات الساخنة جوز كافيه,مقهي عبدالعزيز راشد الحميض للمشروبات الساخنة جوز كافيه,,مقهي عبدالعزيز راشد الحميض للمشروبات الساخنة جوز كافيه,المعذر,بلدية,بلدية المعذر,False,True,الخمائر والاعفان,الخمائر والاعفان,1,,الخمائر والاعفان,False,indicator_only,,10,True
Data 2025.xlsx,8153,2025-01-09,2025-01,2025-W02,1,3,O-U-to-0683-R01,O-U-to-0683-R01,طماطم مجفف,الطماطم (Tomatoes),Tomatoes,الطماطم (Tomatoes),produce,لنتيكا بيزريا دي مايكل - حي جامعة الملك سعود,لنتيكا بيزريا دي مايكل,حي جامعة الملك سعود,لنتيكا بيزريا دي مايكل - حي جامعة الملك سعود,المعذر,بلدية,بلدية المعذر,True,False,لا يوجد,,0,,,False,none,,1,False
Data 2025.xlsx,8154,2025-01-09,2025-01,2025-W02,1,3,O-U-to-0684-R01,O-U-to-0684-R01,طماطم شيري ملون,صوص (sauce),sauce,صوص (sauce),sauce_condiment,لنتيكا بيزريا دي مايكل - حي جامعة الملك سعود,لنتيكا بيزريا دي مايكل,حي جامعة الملك سعود,لنتيكا بيزريا دي مايكل - حي جامعة الملك سعود,المعذر,بلدية,بلدية المعذر,True,False,لا يوجد,,0,,,False,none,,1,False
Data 2025.xlsx,8167,2025-01-09,2025-01,2025-W02,1,3,O-U-to-0685-R01,O-U-to-0685-R01,طماطم شيري,الطماطم (Tomatoes),Tomatoes,الطماطم (Tomatoes),produce,مقهي عبدالعزيز راشد الحميض للمشروبات الساخنة جوز كافيه,مقهي عبدالعزيز راشد الحميض للمشروبات الساخنة جوز كافيه,,مقهي عبدالعزيز راشد الحميض للمشروبات الساخنة جوز كافيه,المعذر,بلدية,بلدية المعذر,True,False,لا يوجد,,0,,,False,none,,0,False
Data 2025.xlsx,8197,2025-01-09,2025-01,2025-W02,1,3,OSSUOSS-pin-0011-R01,OSSUOSS-pin-0011-R01,قطع اناناس,اناناس (pineapple),pineapple,اناناس (pineapple),produce,مقهي عبدالعزيز راشد الحميض للمشروبات الساخنة جوز كافيه,مقهي عبدالعزيز راشد الحميض للمشروبات الساخنة جوز كافيه,,مقهي عبدالعزيز راشد الحميض للمشروبات الساخنة جوز كافيه,المعذر,بلدية,بلدية المعذر,True,False,لا يوجد,,0,,,False,none,,12,True
Data 2025.xlsx,8156,2025-01-09,2025-01,2025-W02,1,3,br-0112-r01,Br-0112-R01,خبز,الخبـز (Bread),Bread,الخبـز (Bread),sweets_bakery,لنتيكا بيزريا دي مايكل - حي جامعة الملك سعود,لنتيكا بيزريا دي مايكل,حي جامعة الملك سعود,لنتيكا بيزريا دي مايكل - حي جامعة الملك سعود,المعذر,بلدية,بلدية المعذر,True,False,لا يوجد,,0,,,False,none,,1,False
Data 2025.xlsx,8175,2025-01-09,2025-01,2025-W02,1,3,cer-0075-r01,cer-0075-R01,كينوا,الحبوب (Cereal grains),Cereal grains,الحبوب (Cereal grains),produce,مقهي عبدالعزيز راشد الحميض للمشروبات الساخنة جوز كافيه,مقهي عبدالعزيز راشد الحميض للمشروبات الساخنة جوز كافيه,,مقهي عبدالعزيز راشد الحميض للمشروبات الساخنة جوز كافيه,المعذر,بلدية,بلدية المعذر,False,True,استافيلوكوكس اورياس,استافيلوكوكس اورياس,1,استافيلوكوكس اورياس,,True,pathogen,,4,True
Data 2025.xlsx,8155,2025-01-09,2025-01,2025-W02,1,3,chee-0846-r01,Chee-0846-R01,جبنة مكس,الطماطم (Tomatoes),Tomatoes,الطماطم (Tomatoes),produce,لنتيكا بيزريا دي مايكل - حي جامعة الملك سعود,لنتيكا بيزريا دي مايكل,حي جامعة الملك سعود,لنتيكا بيزريا دي مايكل - حي جامعة الملك سعود,المعذر,بلدية,بلدية المعذر,True,False,لا يوجد,,0,,,False,none,,1,False
Data 2025.xlsx,8166,2025-01-09,2025-01,2025-W02,1,3,chee-0847-r01,Chee-0847-R01,جبنة بريزيدن,(cheese) جبنة,cheese,(cheese) جبنة,dairy,مقهي عبدالعزيز راشد الحميض للمشروبات الساخنة جوز كافيه,مقهي عبدالعزيز راشد الحميض للمشروبات الساخنة جوز كافيه,,مقهي عبدالعزيز راشد الحميض للمشروبات الساخنة جوز كافيه,المعذر,بلدية,بلدية المعذر,True,False,لا يوجد,,0,,,False,none,,0,False
Data 2025.xlsx,8176,2025-01-09,2025-01,2025-W02,1,3,chee-0848-r01,Chee-0848-R01,تشيز مكس مبشور,(cheese) جبنة,cheese,(cheese) جبنة,dairy,مقهي عبدالعزيز راشد الحميض للمشروبات الساخنة جوز كافيه,مقهي عبدالعزيز راشد الحميض للمشروبات الساخنة جوز كافيه,,مقهي عبدالعزيز راشد الحميض للمشروبات الساخنة جوز كافيه,المعذر,بلدية,بلدية المعذر,True,False,لا يوجد,,0,,,False,none,,4,True
Data 2025.xlsx,8160,2025-01-09,2025-01,2025-W02,1,3,jui-0513-r01,jui-0513-R01,عصير ليمون,العصائر الطازجة Un-pasteurized juices (fresh),fresh,العصائر الطازجة Un-pasteurized juices (fresh),beverage,لنتيكا بيزريا دي مايكل - حي جامعة الملك سعود,لنتيكا بيزريا دي مايكل,حي جامعة الملك سعود,لنتيكا بيزريا دي مايكل - حي جامعة الملك سعود,المعذر,بلدية,بلدية المعذر,True,False,لا يوجد,,0,,,False,none,,2,True
Data 2025.xlsx,8192,2025-01-09,2025-01,2025-W02,1,3,jui-0514-r01,jui-0514-R01,مكس بيري عصير,العصائر الطازجة Un-pasteurized juices (fresh),fresh,العصائر الطازجة Un-pasteurized juices (fresh),beverage,مقهي عبدالعزيز راشد الحميض للمشروبات الساخنة جوز كافيه,مقهي عبدالعزيز راشد الحميض للمشروبات الساخنة جوز كافيه,,مقهي عبدالعزيز راشد الحميض للمشروبات الساخنة جوز كافيه,المعذر,بلدية,بلدية المعذر,False,True,الخمائر والاعفان,الخمائر والاعفان,1,,الخمائر والاعفان,False,indicator_only,,11,True
Data 2025.xlsx,8193,2025-01-09,2025-01,2025-W02,1,3,jui-0515-r01,jui-0515-R01,عصير ليمون,العصائر الطازجة Un-pasteurized juices (fresh),fresh,العصائر الطازجة Un-pasteurized juices (fresh),beverage,مقهي عبدالعزيز راشد الحميض للمشروبات الساخنة جوز كافيه,مقهي عبدالعزيز راشد الحميض للمشروبات الساخنة جوز كافيه,,مقهي عبدالعزيز راشد الحميض للمشروبات الساخنة جوز كافيه,المعذر,بلدية,بلدية المعذر,False,True,الخمائر والاعفان,الخمائر والاعفان,1,,الخمائر والاعفان,False,indicator_only,,12,True
Data 2025.xlsx,8194,2025-01-09,2025-01,2025-W02,1,3,jui-0516-r01,jui-0516-R01,عصير فراولة,العصائر الطازجة Un-pasteurized juices (fresh),fresh,العصائر الطازجة Un-pasteurized juices (fresh),beverage,مقهي عبدالعزيز راشد الحميض للمشروبات الساخنة جوز كافيه,مقهي عبدالعزيز راشد الحميض للمشروبات الساخنة جوز كافيه,,مقهي عبدالعزيز راشد الحميض للمشروبات الساخنة جوز كافيه,المعذر,بلدية,بلدية المعذر,True,False,لا يوجد,,0,,,False,none,,12,True
Data 2025.xlsx,8195,2025-01-09,2025-01,2025-W02,1,3,jui-0517-r01,jui-0517-R01,عصير برتقال,العصائر الطازجة Un-pasteurized juices (fresh),fresh,العصائر الطازجة Un-pasteurized juices (fresh),beverage,مقهي عبدالعزيز راشد الحميض للمشروبات الساخنة جوز كافيه,مقهي عبدالعزيز راشد الحميض للمشروبات الساخنة جوز كافيه,,مقهي عبدالعزيز راشد الحميض للمشروبات الساخنة جوز كافيه,المعذر,بلدية,بلدية المعذر,True,False,لا يوجد,,0,,,False,none,,12,True
Data 2025.xlsx,8196,2025-01-09,2025-01,2025-W02,1,3,mango-0054-r01,Mango-0054-R01,قطع مانجا,المانجو (Mango),Mango,المانجو (Mango),produce,مقهي عبدالعزيز راشد الحميض للمشروبات الساخنة جوز كافيه,مقهي عبدالعزيز راشد الحميض للمشروبات الساخنة جوز كافيه,,مقهي عبدالعزيز راشد الحميض للمشروبات الساخنة جوز كافيه,المعذر,بلدية,بلدية المعذر,True,False,لا يوجد,,0,,,False,none,,12,True
Data 2025.xlsx,8152,2025-01-09,2025-01,2025-W02,1,3,olv-0582-r01,olv-0582-R01,زيتون ايطالي,الزيتون /Olive,Olive,الزيتون /Olive,produce,لنتيكا بيزريا دي مايكل - حي جامعة الملك سعود,لنتيكا بيزريا دي مايكل,حي جامعة الملك سعود,لنتيكا بيزريا دي مايكل - حي جامعة الملك سعود,المعذر,بلدية,بلدية المعذر,False,True,خمائر,الخمائر والاعفان,1,,الخمائر والاعفان,False,indicator_only,,1,False
Data 2025.xlsx,8177,2025-01-09,2025-01,2025-W02,1,3,sal-1604-r01,Sal-1604-R01,سلطة كولسلو,السلطة(Salad),Salad,السلطة(Salad),produce,مقهي عبدالعزيز راشد الحميض للمشروبات الساخنة جوز كافيه,مقهي عبدالعزيز راشد الحميض للمشروبات الساخنة جوز كافيه,,مقهي عبدالعزيز راشد الحميض للمشروبات الساخنة جوز كافيه,المعذر,بلدية,بلدية المعذر,False,True,العد الكلي للبكتيريا,العد الكلي للبكتيريا,1,,العد الكلي للبكتيريا,False,indicator_only,,5,True
Data 2025.xlsx,8157,2025-01-09,2025-01,2025-W02,1,3,sau-2288-r01,sau-2288-R01,صوص مايونيز مع ترافل,صوص (sauce),sauce,صوص (sauce),sauce_condiment,لنتيكا بيزريا دي مايكل - حي جامعة الملك سعود,لنتيكا بيزريا دي مايكل,حي جامعة الملك سعود,لنتيكا بيزريا دي مايكل - حي جامعة الملك سعود,المعذر,بلدية,بلدية المعذر,True,False,لا يوجد,,0,,,False,none,,1,False
Data 2025.xlsx,8158,2025-01-09,2025-01,2025-W02,1,3,sau-2289-r01,sau-2289-R01,صوص مكس مايونيز مع كاتشب,صوص (sauce),sauce,صوص (sauce),sauce_condiment,لنتيكا بيزريا دي مايكل - حي جامعة الملك سعود,لنتيكا بيزريا دي مايكل,حي جامعة الملك سعود,لنتيكا بيزريا دي مايكل - حي جامعة الملك سعود,المعذر,بلدية,بلدية المعذر,True,False,لا يوجد,,0,,,False,none,,1,False
Data 2025.xlsx,8165,2025-01-09,2025-01,2025-W02,1,3,sau-2290-r01,sau-2290-R01,صوص زعفران,صوص (sauce),sauce,صوص (sauce),sauce_condiment,مقهي عبدالعزيز راشد الحميض للمشروبات الساخنة جوز كافيه,مقهي عبدالعزيز راشد الحميض للمشروبات الساخنة جوز كافيه,,مقهي عبدالعزيز راشد الحميض للمشروبات الساخنة جوز كافيه,المعذر,بلدية,بلدية المعذر,True,False,لا يوجد,,0,,,False,none,,0,False
Data 2025.xlsx,8169,2025-01-09,2025-01,2025-W02,1,3,sau-2291-r01,sau-2291-R01,صوص وايت شوكولاتة,صوص (sauce),sauce,صوص (sauce),sauce_condiment,مقهي عبدالعزيز راشد الحميض للمشروبات الساخنة جوز كافيه,مقهي عبدالعزيز راشد الحميض للمشروبات الساخنة جوز كافيه,,مقهي عبدالعزيز راشد الحميض للمشروبات الساخنة جوز كافيه,المعذر,بلدية,بلدية المعذر,False,True,العد الكلي للبكتيريا,العد الكلي للبكتيريا,1,,العد الكلي للبكتيريا,False,indicator_only,,2,True
Data 2025.xlsx,8170,2025-01-09,2025-01,2025-W02,1,3,sau-2292-r01,sau-2292-R01,صوص دارك شوكولاتة,صوص (sauce),sauce,صوص (sauce),sauce_condiment,مقهي عبدالعزيز راشد الحميض للمشروبات الساخنة جوز كافيه,مقهي عبدالعزيز راشد الحميض للمشروبات الساخنة جوز كافيه,,مقهي عبدالعزيز راشد الحميض للمشروبات الساخنة جوز كافيه,المعذر,بلدية,بلدية المعذر,True,False,لا يوجد,,0,,,False,none,,2,True
Data 2025.xlsx,8172,2025-01-09,2025-01,2025-W02,1,3,sau-2293-r01,sau-2293-R01,صوص فرانش توست,صوص (sauce),sauce,صوص (sauce),sauce_condiment,مقهي عبدالعزيز راشد الحميض للمشروبات الساخنة جوز كافيه,مقهي عبدالعزيز راشد الحميض للمشروبات الساخنة جوز كافيه,,مقهي عبدالعزيز راشد الحميض للمشروبات الساخنة جوز كافيه,المعذر,بلدية,بلدية المعذر,True,False,لا يوجد,,0,,,False,none,,3,True
Data 2025.xlsx,8173,2025-01-09,2025-01,2025-W02,1,3,sau-2294-r01,sau-2294-R01,صوص سيزر سلط,صوص (sauce),sauce,صوص (sauce),sauce_condiment,مقهي عبدالعزيز راشد الحميض للمشروبات الساخنة جوز كافيه,مقهي عبدالعزيز راشد الحميض للمشروبات الساخنة جوز كافيه,,مقهي عبدالعزيز راشد الحميض للمشروبات الساخنة جوز كافيه,المعذر,بلدية,بلدية المعذر,True,False,لا يوجد,,0,,,False,none,,3,True
Data 2025.xlsx,8174,2025-01-09,2025-01,2025-W02,1,3,sau-2295-r01,sau-2295-R01,صوص هني ماسترد,صوص (sauce),sauce,صوص (sauce),sauce_condiment,مقهي عبدالعزيز راشد الحميض للمشروبات الساخنة جوز كافيه,مقهي عبدالعزيز راشد الحميض للمشروبات الساخنة جوز كافيه,,مقهي عبدالعزيز راشد الحميض للمشروبات الساخنة جوز كافيه,المعذر,بلدية,بلدية المعذر,True,False,لا يوجد,,0,,,False,none,,3,True
Data 2025.xlsx,8178,2025-01-09,2025-01,2025-W02,1,3,sau-2296-r01,sau-2296-R01,صوص تشيز,صوص (sauce),sauce,صوص (sauce),sauce_condiment,مقهي عبدالعزيز راشد الحميض للمشروبات الساخنة جوز كافيه,مقهي عبدالعزيز راشد الحميض للمشروبات الساخنة جوز كافيه,,مقهي عبدالعزيز راشد الحميض للمشروبات الساخنة جوز كافيه,المعذر,بلدية,بلدية المعذر,True,False,لا يوجد,,0,,,False,none,,5,True
Data 2025.xlsx,8179,2025-01-09,2025-01,2025-W02,1,3,sau-2297-r01,sau-2297-R01,صوص رانش,صوص (sauce),sauce,صوص (sauce),sauce_condiment,مقهي عبدالعزيز راشد الحميض للمشروبات الساخنة جوز كافيه,مقهي عبدالعزيز راشد الحميض للمشروبات الساخنة جوز كافيه,,مقهي عبدالعزيز راشد الحميض للمشروبات الساخنة جوز كافيه,المعذر,بلدية,بلدية المعذر,True,False,لا يوجد,,0,,,False,none,,5,True
Data 2025.xlsx,8180,2025-01-09,2025-01,2025-W02,1,3,sau-2298-r01,sau-2298-R01,صوص ولقينو,صوص (sauce),sauce,صوص (sauce),sauce_condiment,مقهي عبدالعزيز راشد الحميض للمشروبات الساخنة جوز كافيه,مقهي عبدالعزيز راشد الحميض للمشروبات الساخنة جوز كافيه,,مقهي عبدالعزيز راشد الحميض للمشروبات الساخنة جوز كافيه,المعذر,بلدية,بلدية المعذر,True,False,لا يوجد,,0,,,False,none,,5,True
Data 2025.xlsx,8181,2025-01-09,2025-01,2025-W02,1,3,sau-2299-r01,sau-2299-R01,صوص برجر,صوص (sauce),sauce,صوص (sauce),sauce_condiment,مقهي عبدالعزيز راشد الحميض للمشروبات الساخنة جوز كافيه,مقهي عبدالعزيز راشد الحميض للمشروبات الساخنة جوز كافيه,,مقهي عبدالعزيز راشد الحميض للمشروبات الساخنة جوز كافيه,المعذر,بلدية,بلدية المعذر,True,False,لا يوجد,,0,,,False,none,,5,True
Data 2025.xlsx,8198,2025-01-09,2025-01,2025-W02,1,3,sau-2300-r01,sau-2300-R01,صوص كراميل,صوص (sauce),sauce,صوص (sauce),sauce_condiment,مقهي عبدالعزيز راشد الحميض للمشروبات الساخنة جوز كافيه,مقهي عبدالعزيز راشد الحميض للمشروبات الساخنة جوز كافيه,,مقهي عبدالعزيز راشد الحميض للمشروبات الساخنة جوز كافيه,المعذر,بلدية,بلدية المعذر,True,False,لا يوجد,,0,,,False,none,,12,True
Data 2025.xlsx,8199,2025-01-09,2025-01,2025-W02,1,3,sau-2301-r01,sau-2301-R01,صوص كاتشب,صوص (sauce),sauce,صوص (sauce),sauce_condiment,مقهي عبدالعزيز راشد الحميض للمشروبات الساخنة جوز كافيه,مقهي عبدالعزيز راشد الحميض للمشروبات الساخنة جوز كافيه,,مقهي عبدالعزيز راشد الحميض للمشروبات الساخنة جوز كافيه,المعذر,بلدية,بلدية المعذر,True,False,لا يوجد,,0,,,False,none,,12,True
Data 2025.xlsx,8164,2025-01-09,2025-01,2025-W02,1,3,sw-3497-r01,sw-3497-R01,مسحة صانعة ثلج,(Swabs) المسحات,Swabs,(Swabs) المسحات,swab,لنتيكا بيزريا دي مايكل - حي جامعة الملك سعود,لنتيكا بيزريا دي مايكل,حي جامعة الملك سعود,لنتيكا بيزريا دي مايكل - حي جامعة الملك سعود,المعذر,بلدية,بلدية المعذر,True,False,لا يوجد,,0,,,False,none,,2,True
Data 2025.xlsx,8171,2025-01-09,2025-01,2025-W02,1,3,sweet-1419-r01,sweet-1419-R01,تراميسو,الحلا(sweetness),sweetness,الحلا(sweetness),sweets_bakery,مقهي عبدالعزيز راشد الحميض للمشروبات الساخنة جوز كافيه,مقهي عبدالعزيز راشد الحميض للمشروبات الساخنة جوز كافيه,,مقهي عبدالعزيز راشد الحميض للمشروبات الساخنة جوز كافيه,المعذر,بلدية,بلدية المعذر,False,True,العد الكلي للبكتيريا,العد الكلي للبكتيريا,1,,العد الكلي للبكتيريا,False,indicator_only,,3,True
Data 2025.xlsx,8182,2025-01-09,2025-01,2025-W02,1,3,sweet-1420-r01,sweet-1420-R01,مولتن كيك شوكولاتة,الحلا(sweetness),sweetness,الحلا(sweetness),sweets_bakery,مقهي عبدالعزيز راشد الحميض للمشروبات الساخنة جوز كافيه,مقهي عبدالعزيز راشد الحميض للمشروبات الساخنة جوز كافيه,,مقهي عبدالعزيز راشد الحميض للمشروبات الساخنة جوز كافيه,المعذر,بلدية,بلدية المعذر,False,True,العد الكلي للبكتيريا,العد الكلي للبكتيريا,1,,العد الكلي للبكتيريا,False,indicator_only,,6,True
Data 2025.xlsx,8183,2025-01-09,2025-01,2025-W02,1,3,sweet-1421-r01,sweet-1421-R01,قوندو شوكولاتة,الحلا(sweetness),sweetness,الحلا(sweetness),sweets_bakery,مقهي عبدالعزيز راشد الحميض للمشروبات الساخنة جوز كافيه,مقهي عبدالعزيز راشد الحميض للمشروبات الساخنة جوز كافيه,,مقهي عبدالعزيز راشد الحميض للمشروبات الساخنة جوز كافيه,المعذر,بلدية,بلدية المعذر,True,False,لا يوجد,,0,,,False,none,,6,True
Data 2025.xlsx,8184,2025-01-09,2025-01,2025-W02,1,3,sweet-1422-r01,sweet-1422-R01,مولتن كيك رد فلفت,الحلا(sweetness),sweetness,الحلا(sweetness),sweets_bakery,مقهي عبدالعزيز راشد الحميض للمشروبات الساخنة جوز كافيه,مقهي عبدالعزيز راشد الحميض للمشروبات الساخنة جوز كافيه,,مقهي عبدالعزيز راشد الحميض للمشروبات الساخنة جوز كافيه,المعذر,بلدية,بلدية المعذر,True,False,لا يوجد,,0,,,False,none,,6,True
Data 2025.xlsx,8185,2025-01-09,2025-01,2025-W02,1,3,sweet-1423-r01,sweet-1423-R01,تشيز كيك,الحلا(sweetness),sweetness,الحلا(sweetness),sweets_bakery,مقهي عبدالعزيز راشد الحميض للمشروبات الساخنة جوز كافيه,مقهي عبدالعزيز راشد الحميض للمشروبات الساخنة جوز كافيه,,مقهي عبدالعزيز راشد الحميض للمشروبات الساخنة جوز كافيه,المعذر,بلدية,بلدية المعذر,True,False,لا يوجد,,0,,,False,none,,6,True
Data 2025.xlsx,8186,2025-01-09,2025-01,2025-W02,1,3,sweet-1424-r01,sweet-1424-R01,كيك تمر,الحلا(sweetness),sweetness,الحلا(sweetness),sweets_bakery,مقهي عبدالعزيز راشد الحميض للمشروبات الساخنة جوز كافيه,مقهي عبدالعزيز راشد الحميض للمشروبات الساخنة جوز كافيه,,مقهي عبدالعزيز راشد الحميض للمشروبات الساخنة جوز كافيه,المعذر,بلدية,بلدية المعذر,False,True,العد الكلي للبكتيريا,العد الكلي للبكتيريا,1,,العد الكلي للبكتيريا,False,indicator_only,,7,True
Data 2025.xlsx,8159,2025-01-09,2025-01,2025-W02,1,3,tea-0010-r01,tea-0010-R01,ايس تي مشروب,جميع أنواع الشاي (All types of tea),All types of tea,جميع أنواع الشاي (All types of tea),beverage,لنتيكا بيزريا دي مايكل - حي جامعة الملك سعود,لنتيكا بيزريا دي مايكل,حي جامعة الملك سعود,لنتيكا بيزريا دي مايكل - حي جامعة الملك سعود,المعذر,بلدية,بلدية المعذر,False,True,كوليفورم,كوليفورم,1,,كوليفورم,False,indicator_only,,2,True
Data 2025.xlsx,8200,2025-01-09,2025-01,2025-W02,1,3,ubot-1076-r01,Ubot-1076-R01,مياه فلتر للعجانة م -ك,المياه الغير معبأة (Unbottled water),Unbottled water,المياه الغير المعبأة (Unbottled water),water,لنتيكا بيزريا دي مايكل - حي جامعة الملك سعود,لنتيكا بيزريا دي مايكل,حي جامعة الملك سعود,لنتيكا بيزريا دي مايكل - حي جامعة الملك سعود,المعذر,بلدية,بلدية المعذر,False,True,كوليفورم,كوليفورم,1,,كوليفورم,False,indicator_only,category_merged_to_canonical,3,True
Data 2025.xlsx,8201,2025-01-09,2025-01,2025-W02,1,3,ubot-1077-r01,Ubot-1077-R01,مياه فلتر لغسيل الادوات م- ك,المياه الغير معبأة (Unbottled water),Unbottled water,المياه الغير المعبأة (Unbottled water),water,مقهي عبدالعزيز راشد الحميض للمشروبات الساخنة جوز كافيه,مقهي عبدالعزيز راشد الحميض للمشروبات الساخنة جوز كافيه,,مقهي عبدالعزيز راشد الحميض للمشروبات الساخنة جوز كافيه,المعذر,بلدية,بلدية المعذر,True,False,لا يوجد,,0,,,False,none,category_merged_to_canonical,12,True
Data 2025.xlsx,191,2025-01-11,2025-01,2025-W02,1,5,1-2650-R01,1-2650-R01,كبدة غنم مطبوخ,كبدة (liver),liver,كبدة (liver),cooked_meat_poultry,مطعم مارلو,مطعم مارلو,,مطعم مارلو,الروضة,بلدية,بلدية الروضة,False,True,العد الكلي للبكتيريا,العد الكلي للبكتيريا,1,,العد الكلي للبكتيريا,False,indicator_only,,2,True
Data 2025.xlsx,196,2025-01-11,2025-01,2025-W02,1,5,1-2651-R01,1-2651-R01,تونة سبايسي,(tuna) تونة,tuna,(tuna) تونة,cooked_meat_poultry,مطعم مارلو,مطعم مارلو,,مطعم مارلو,الروضة,بلدية,بلدية الروضة,True,False,لا يوجد,,0,,,False,none,,5,True
Data 2025.xlsx,202,2025-01-11,2025-01,2025-W02,1,5,1-2652-R01,1-2652-R01,نكهة توت احمر,نكهات مركزة ( Syrup ),Syrup,نكهات مركزة ( Syrup ),sauce_condiment,مطعم مارلو,مطعم مارلو,,مطعم مارلو,الروضة,بلدية,بلدية الروضة,True,False,لا يوجد,,0,,,False,none,,5,True
Data 2025.xlsx,203,2025-01-11,2025-01,2025-W02,1,5,1-2653-R01,1-2653-R01,نكهة خوخ,نكهات مركزة ( Syrup ),Syrup,نكهات مركزة ( Syrup ),sauce_condiment,مطعم مارلو,مطعم مارلو,,مطعم مارلو,الروضة,بلدية,بلدية الروضة,True,False,لا يوجد,,0,,,False,none,,5,True
Data 2025.xlsx,221,2025-01-11,2025-01,2025-W02,1,5,1-2654-R01,1-2654-R01,كورسان سادة,كروسان (croissant),croissant,كروسان (croissant),sweets_bakery,تلقيمة,تلقيمة,,تلقيمة,الروضة,بلدية,بلدية الروضة,True,False,لا يوجد,,0,,,False,none,,0,False
Data 2025.xlsx,222,2025-01-11,2025-01,2025-W02,1,5,1-2655-R01,1-2655-R01,فطيرة بالجبن,(Pie) فطيرة,Pie,(Pie) فطيرة,sweets_bakery,تلقيمة,تلقيمة,,تلقيمة,الروضة,بلدية,بلدية الروضة,True,False,لا يوجد,,0,,,False,none,,0,False
Data 2025.xlsx,223,2025-01-11,2025-01,2025-W02,1,5,1-2656-R01,1-2656-R01,فطيرة حلاوة طحينة,(Pie) فطيرة,Pie,(Pie) فطيرة,sweets_bakery,تلقيمة,تلقيمة,,تلقيمة,الروضة,بلدية,بلدية الروضة,True,False,لا يوجد,,0,,,False,none,,0,False
Data 2025.xlsx,224,2025-01-11,2025-01,2025-W02,1,5,1-2657-R01,1-2657-R01,فطيرة لبنة,(Pie) فطيرة,Pie,(Pie) فطيرة,sweets_bakery,تلقيمة,تلقيمة,,تلقيمة,الروضة,بلدية,بلدية الروضة,True,False,لا يوجد,,0,,,False,none,,0,False
Data 2025.xlsx,225,2025-01-11,2025-01,2025-W02,1,5,1-2658-R01,1-2658-R01,فطيرة لوتس,(Pie) فطيرة,Pie,(Pie) فطيرة,sweets_bakery,تلقيمة,تلقيمة,,تلقيمة,الروضة,بلدية,بلدية الروضة,True,False,لا يوجد,,0,,,False,none,,0,False
Data 2025.xlsx,190,2025-01-11,2025-01,2025-W02,1,5,br-0072-r01,Br-0072-R01,خبز بريوشة,الخبـز (Bread),Bread,الخبـز (Bread),sweets_bakery,مطعم مارلو,مطعم مارلو,,مطعم مارلو,الروضة,بلدية,بلدية الروضة,False,True,انتيروباكتريسي,انتيروباكتريسي,1,,انتيروباكتريسي,False,indicator_only,,1,False
Data 2025.xlsx,209,2025-01-11,2025-01,2025-W02,1,5,cho-0074-r01,cho-0074-R01,شوكولاتة سادة,الشوكولاته (Chocolate),Chocolate,الشوكولاته (Chocolate),sweets_bakery,حلوياتي باتشي,حلوياتي باتشي,,حلوياتي باتشي,الروضة,بلدية,بلدية الروضة,True,False,لا يوجد,,0,,,False,none,,0,False
Data 2025.xlsx,210,2025-01-11,2025-01,2025-W02,1,5,cho-0075-r01,cho-0075-R01,شوكولاتة بالبندق و رز محمص,الشوكولاته (Chocolate),Chocolate,الشوكولاته (Chocolate),sweets_bakery,حلوياتي باتشي,حلوياتي باتشي,,حلوياتي باتشي,الروضة,بلدية,بلدية الروضة,True,False,لا يوجد,,0,,,False,none,,0,False
Data 2025.xlsx,211,2025-01-11,2025-01,2025-W02,1,5,cho-0076-r01,cho-0076-R01,شوكولاتة بالبندق,الشوكولاته (Chocolate),Chocolate,الشوكولاته (Chocolate),sweets_bakery,حلوياتي باتشي,حلوياتي باتشي,,حلوياتي باتشي,الروضة,بلدية,بلدية الروضة,True,False,لا يوجد,,0,,,False,none,,0,False
Data 2025.xlsx,212,2025-01-11,2025-01,2025-W02,1,5,cho-0077-r01,cho-0077-R01,شوكولاتة باللوز,الشوكولاته (Chocolate),Chocolate,الشوكولاته (Chocolate),sweets_bakery,حلوياتي باتشي,حلوياتي باتشي,,حلوياتي باتشي,الروضة,بلدية,بلدية الروضة,True,False,لا يوجد,,0,,,False,none,,0,False
Data 2025.xlsx,213,2025-01-11,2025-01,2025-W02,1,5,cho-0078-r01,cho-0078-R01,شوكولاتة دارك,الشوكولاته (Chocolate),Chocolate,الشوكولاته (Chocolate),sweets_bakery,حلوياتي باتشي,حلوياتي باتشي,,حلوياتي باتشي,الروضة,بلدية,بلدية الروضة,True,False,لا يوجد,,0,,,False,none,,0,False
Data 2025.xlsx,214,2025-01-11,2025-01,2025-W02,1,5,cho-0079-r01,cho-0079-R01,شوكولاتة مكسرات و كريمة,الشوكولاته (Chocolate),Chocolate,الشوكولاته (Chocolate),sweets_bakery,حلوياتي باتشي,حلوياتي باتشي,,حلوياتي باتشي,الروضة,بلدية,بلدية الروضة,True,False,لا يوجد,,0,,,False,none,,0,False
Data 2025.xlsx,215,2025-01-11,2025-01,2025-W02,1,5,cho-0080-r01,cho-0080-R01,شوكولاتة حليب مع كوكيز,الشوكولاته (Chocolate),Chocolate,الشوكولاته (Chocolate),sweets_bakery,حلوياتي باتشي,حلوياتي باتشي,,حلوياتي باتشي,الروضة,بلدية,بلدية الروضة,True,False,لا يوجد,,0,,,False,none,,0,False
Data 2025.xlsx,216,2025-01-11,2025-01,2025-W02,1,5,cho-0081-r01,cho-0081-R01,شوكولاتة مع لوتس,الشوكولاته (Chocolate),Chocolate,الشوكولاته (Chocolate),sweets_bakery,حلوياتي باتشي,حلوياتي باتشي,,حلوياتي باتشي,الروضة,بلدية,بلدية الروضة,True,False,لا يوجد,,0,,,False,none,,0,False
Data 2025.xlsx,217,2025-01-11,2025-01,2025-W02,1,5,cho-0082-r01,cho-0082-R01,شوكولاتة بالمكسرات,الشوكولاته (Chocolate),Chocolate,الشوكولاته (Chocolate),sweets_bakery,حلوياتي باتشي,حلوياتي باتشي,,حلوياتي باتشي,الروضة,بلدية,بلدية الروضة,True,False,لا يوجد,,0,,,False,none,,0,False
Data 2025.xlsx,218,2025-01-11,2025-01,2025-W02,1,5,cho-0083-r01,cho-0083-R01,شوكولاتة بالويفر و المكسرات,الشوكولاته (Chocolate),Chocolate,الشوكولاته (Chocolate),sweets_bakery,حلوياتي باتشي,حلوياتي باتشي,,حلوياتي باتشي,الروضة,بلدية,بلدية الروضة,True,False,لا يوجد,,0,,,False,none,,0,False
Data 2025.xlsx,219,2025-01-11,2025-01,2025-W02,1,5,cho-0084-r01,cho-0084-R01,شوكولاتة بالبسكوت,الشوكولاته (Chocolate),Chocolate,الشوكولاته (Chocolate),sweets_bakery,حلوياتي باتشي,حلوياتي باتشي,,حلوياتي باتشي,الروضة,بلدية,بلدية الروضة,True,False,لا يوجد,,0,,,False,none,,0,False
Data 2025.xlsx,220,2025-01-11,2025-01,2025-W02,1,5,cho-0085-r01,cho-0085-R01,شوكولاتة بالكورني فليكس,الشوكولاته (Chocolate),Chocolate,الشوكولاته (Chocolate),sweets_bakery,حلوياتي باتشي,حلوياتي باتشي,,حلوياتي باتشي,الروضة,بلدية,بلدية الروضة,True,False,لا يوجد,,0,,,False,none,,0,False
Data 2025.xlsx,192,2025-01-11,2025-01,2025-W02,1,5,co-0424-r01,co-0424-R01,قطع دجاج مشوي,الدجاج المطبوخ (Cooked chicken),Cooked chicken,الدجاج المطبوخ (Cooked chicken),cooked_meat_poultry,مطعم مارلو,مطعم مارلو,,مطعم مارلو,الروضة,بلدية,بلدية الروضة,True,False,لا يوجد,,0,,,False,none,,2,True
Data 2025.xlsx,232,2025-01-11,2025-01,2025-W02,1,5,hs-0267-r01,HS-0267-R01,دقوس رواف,الشطة (Hot sauce),Hot sauce,الشطة (Hot sauce),sauce_condiment,مطعم مندي رواف,مطعم مندي رواف,,مطعم مندي رواف,الروضة,بلدية,بلدية الروضة,False,True,العد الكلي للبكتيريا | انتيروباكتريسي,العد الكلي للبكتيريا | انتيروباكتريسي,2,,العد الكلي للبكتيريا | انتيروباكتريسي,False,indicator_only,,1,False
Data 2025.xlsx,189,2025-01-11,2025-01,2025-W02,1,5,jui-0367-r01,jui-0367-R01,عصير برتقال طازج,العصائر الطازجة Un-pasteurized juices (fresh),fresh,العصائر الطازجة Un-pasteurized juices (fresh),beverage,مطعم مارلو,مطعم مارلو,,مطعم مارلو,الروضة,بلدية,بلدية الروضة,True,False,لا يوجد,,0,,,False,none,,0,False
Data 2025.xlsx,188,2025-01-11,2025-01,2025-W02,1,5,sal-0972-r01,Sal-0972-R01,سلطة خضراء,السلطة(Salad),Salad,السلطة(Salad),produce,مطعم مارلو,مطعم مارلو,,مطعم مارلو,الروضة,بلدية,بلدية الروضة,True,False,لا يوجد,,0,,,False,none,,0,False
Data 2025.xlsx,228,2025-01-11,2025-01,2025-W02,1,5,sal-0973-r01,Sal-0973-R01,سلطة حمراء حارة,السلطة(Salad),Salad,السلطة(Salad),produce,مطعم مندي رواف,مطعم مندي رواف,,مطعم مندي رواف,الروضة,بلدية,بلدية الروضة,True,False,لا يوجد,,0,,,False,none,,0,False
Data 2025.xlsx,229,2025-01-11,2025-01,2025-W02,1,5,sal-0974-r01,Sal-0974-R01,زلطة لولو,السلطة(Salad),Salad,السلطة(Salad),produce,مطعم مندي رواف,مطعم مندي رواف,,مطعم مندي رواف,الروضة,بلدية,بلدية الروضة,True,False,لا يوجد,,0,,,False,none,,0,False
Data 2025.xlsx,230,2025-01-11,2025-01,2025-W02,1,5,sal-0975-r01,Sal-0975-R01,سلطة جرجير,السلطة(Salad),Salad,السلطة(Salad),produce,مطعم مندي رواف,مطعم مندي رواف,,مطعم مندي رواف,الروضة,بلدية,بلدية الروضة,True,False,لا يوجد,,0,,,False,none,,0,False
Data 2025.xlsx,231,2025-01-11,2025-01,2025-W02,1,5,sal-0976-r01,Sal-0976-R01,سطة زبادي بالخيار,السلطة(Salad),Salad,السلطة(Salad),produce,مطعم مندي رواف,مطعم مندي رواف,,مطعم مندي رواف,الروضة,بلدية,بلدية الروضة,True,False,لا يوجد,,0,,,False,none,,0,False
Data 2025.xlsx,235,2025-01-11,2025-01,2025-W02,1,5,sal-0977-r01,Sal-0977-R01,سلطة خضراء,السلطة(Salad),Salad,السلطة(Salad),produce,مطعم مندي رواف,مطعم مندي رواف,,مطعم مندي رواف,الروضة,بلدية,بلدية الروضة,False,True,استافيلوكوكس اورياس,استافيلوكوكس اورياس,1,استافيلوكوكس اورياس,,True,pathogen,,3,True
Data 2025.xlsx,236,2025-01-11,2025-01,2025-W02,1,5,sal-0978-r01,Sal-0978-R01,سلطة حمرا صغير,السلطة(Salad),Salad,السلطة(Salad),produce,مطعم مندي رواف,مطعم مندي رواف,,مطعم مندي رواف,الروضة,بلدية,بلدية الروضة,False,True,استافيلوكوكس اورياس,استافيلوكوكس اورياس,1,استافيلوكوكس اورياس,,True,pathogen,,4,True
Data 2025.xlsx,237,2025-01-11,2025-01,2025-W02,1,5,sal-0979-r01,Sal-0979-R01,سلطة يصل مع فلفل وليمون,السلطة(Salad),Salad,السلطة(Salad),produce,مطعم مندي رواف,مطعم مندي رواف,,مطعم مندي رواف,الروضة,بلدية,بلدية الروضة,True,False,لا يوجد,,0,,,False,none,,4,True
Data 2025.xlsx,193,2025-01-11,2025-01,2025-W02,1,5,sau-1052-r01,sau-1052-R01,صوص الجرجير,صوص (sauce),sauce,صوص (sauce),sauce_condiment,مطعم مارلو,مطعم مارلو,,مطعم مارلو,الروضة,بلدية,بلدية الروضة,False,True,العد الكلي للبكتيريا | انتيروباكتريسي,العد الكلي للبكتيريا | انتيروباكتريسي,2,,العد الكلي للبكتيريا | انتيروباكتريسي,False,indicator_only,,3,True
Data 2025.xlsx,194,2025-01-11,2025-01,2025-W02,1,5,sau-1053-r01,sau-1053-R01,صوص ترفل,صوص (sauce),sauce,صوص (sauce),sauce_condiment,مطعم مارلو,مطعم مارلو,,مطعم مارلو,الروضة,بلدية,بلدية الروضة,False,True,العد الكلي للبكتيريا | انتيروباكتريسي,العد الكلي للبكتيريا | انتيروباكتريسي,2,,العد الكلي للبكتيريا | انتيروباكتريسي,False,indicator_only,,4,True
Data 2025.xlsx,195,2025-01-11,2025-01,2025-W02,1,5,sau-1054-r01,sau-1054-R01,صوص شيدر,صوص (sauce),sauce,صوص (sauce),sauce_condiment,مطعم مارلو,مطعم مارلو,,مطعم مارلو,الروضة,بلدية,بلدية الروضة,False,True,انتيروباكتريسي,انتيروباكتريسي,1,,انتيروباكتريسي,False,indicator_only,,5,True
Data 2025.xlsx,197,2025-01-11,2025-01,2025-W02,1,5,sau-1055-r01,sau-1055-R01,صوص كراميل مالح,صوص (sauce),sauce,صوص (sauce),sauce_condiment,مطعم مارلو,مطعم مارلو,,مطعم مارلو,الروضة,بلدية,بلدية الروضة,True,False,لا يوجد,,0,,,False,none,,5,True
Data 2025.xlsx,198,2025-01-11,2025-01,2025-W02,1,5,sau-1056-r01,sau-1056-R01,صوص كيندر,صوص (sauce),sauce,صوص (sauce),sauce_condiment,مطعم مارلو,مطعم مارلو,,مطعم مارلو,الروضة,بلدية,بلدية الروضة,True,False,لا يوجد,,0,,,False,none,,5,True
Data 2025.xlsx,199,2025-01-11,2025-01,2025-W02,1,5,sau-1057-r01,sau-1057-R01,صوص نونيلا,صوص (sauce),sauce,صوص (sauce),sauce_condiment,مطعم مارلو,مطعم مارلو,,مطعم مارلو,الروضة,بلدية,بلدية الروضة,True,False,لا يوجد,,0,,,False,none,,5,True
Data 2025.xlsx,200,2025-01-11,2025-01,2025-W02,1,5,sau-1058-r01,sau-1058-R01,سيزر صوص,صوص (sauce),sauce,صوص (sauce),sauce_condiment,مطعم مارلو,مطعم مارلو,,مطعم مارلو,الروضة,بلدية,بلدية الروضة,True,False,لا يوجد,,0,,,False,none,,5,True
Data 2025.xlsx,201,2025-01-11,2025-01,2025-W02,1,5,sau-1059-r01,sau-1059-R01,صوص سبايسي,صوص (sauce),sauce,صوص (sauce),sauce_condiment,مطعم مارلو,مطعم مارلو,,مطعم مارلو,الروضة,بلدية,بلدية الروضة,True,False,لا يوجد,,0,,,False,none,,5,True
Data 2025.xlsx,204,2025-01-11,2025-01,2025-W02,1,5,sw-2178-r01,sw-2178-R01,مسحة يد عامل,(Swabs) المسحات,Swabs,(Swabs) المسحات,swab,مطعم مارلو,مطعم مارلو,,مطعم مارلو,الروضة,بلدية,بلدية الروضة,True,False,لا يوجد,,0,,,False,none,,5,True
Data 2025.xlsx,205,2025-01-11,2025-01,2025-W02,1,5,sw-2179-r01,sw-2179-R01,مسحة طاولة اعداد,(Swabs) المسحات,Swabs,(Swabs) المسحات,swab,مطعم مارلو,مطعم مارلو,,مطعم مارلو,الروضة,بلدية,بلدية الروضة,True,False,لا يوجد,,0,,,False,none,,5,True
Data 2025.xlsx,206,2025-01-11,2025-01,2025-W02,1,5,sw-2180-r01,sw-2180-R01,مسحة طاولة اعداد,(Swabs) المسحات,Swabs,(Swabs) المسحات,swab,مطعم مارلو,مطعم مارلو,,مطعم مارلو,الروضة,بلدية,بلدية الروضة,True,False,لا يوجد,,0,,,False,none,,5,True
Data 2025.xlsx,207,2025-01-11,2025-01,2025-W02,1,5,sw-2181-r01,sw-2181-R01,مسحة يد عامل,(Swabs) المسحات,Swabs,(Swabs) المسحات,swab,مطعم مارلو,مطعم مارلو,,مطعم مارلو,الروضة,بلدية,بلدية الروضة,True,False,لا يوجد,,0,,,False,none,,5,True
Data 2025.xlsx,208,2025-01-11,2025-01,2025-W02,1,5,sw-2182-r01,sw-2182-R01,مسحة ثلاجة اعداد ثلج,(Swabs) المسحات,Swabs,(Swabs) المسحات,swab,مطعم مارلو,مطعم مارلو,,مطعم مارلو,الروضة,بلدية,بلدية الروضة,True,False,لا يوجد,,0,,,False,none,,5,True
Data 2025.xlsx,226,2025-01-11,2025-01,2025-W02,1,5,sw-2183-r01,sw-2183-R01,مسحة حافظة فطائر,(Swabs) المسحات,Swabs,(Swabs) المسحات,swab,تلقيمة,تلقيمة,,تلقيمة,الروضة,بلدية,بلدية الروضة,False,True,العد الكلي للبكتيريا,العد الكلي للبكتيريا,1,,العد الكلي للبكتيريا,False,indicator_only,,1,False
Data 2025.xlsx,227,2025-01-11,2025-01,2025-W02,1,5,sw-2184-r01,sw-2184-R01,مسحة ثلاجة اعداد ثلج,(Swabs) المسحات,Swabs,(Swabs) المسحات,swab,تلقيمة,تلقيمة,,تلقيمة,الروضة,بلدية,بلدية الروضة,True,False,لا يوجد,,0,,,False,none,,1,False
Data 2025.xlsx,233,2025-01-11,2025-01,2025-W02,1,5,sweet-0677-r01,sweet-0677-R01,حلا جلي القرية,الحلا(sweetness),sweetness,الحلا(sweetness),sweets_bakery,مطعم مندي رواف,مطعم مندي رواف,,مطعم مندي رواف,الروضة,بلدية,بلدية الروضة,True,False,لا يوجد,,0,,,False,none,,1,False
Data 2025.xlsx,238,2025-01-11,2025-01,2025-W02,1,5,ubot-0844-r01,Ubot-0844-R01,مياه حنفية لغسيل الادوات,المياه الغير معبأة (Unbottled water),Unbottled water,المياه الغير معبأة (Unbottled water),water,مطعم مارلو,مطعم مارلو,,مطعم مارلو,الروضة,بلدية,بلدية الروضة,True,False,لا يوجد,,0,,,False,none,,5,True
Data 2025.xlsx,234,2025-01-11,2025-01,2025-W02,1,5,yog-0001-r01,yog-0001-R01,لين منعنع,اللبان (yogurt),yogurt,اللبان (yogurt),dairy,مطعم مندي رواف,مطعم مندي رواف,,مطعم مندي رواف,الروضة,بلدية,بلدية الروضة,False,True,انتيروباكتريسي,انتيروباكتريسي,1,,انتيروباكتريسي,False,indicator_only,,2,True
Data 2025.xlsx,246,2025-01-12,2025-01,2025-W02,1,6,1-2660-R01,1-2660-R01,مرتديلا لحم بيبي,(Mortadella) مرتديلا,Mortadella,(Mortadella) مرتديلا,cooked_meat_poultry,العثيم,العثيم,,العثيم,الروضة,بلدية,بلدية الروضة,True,False,لا يوجد,,0,,,False,none,,1,False
Data 2025.xlsx,247,2025-01-12,2025-01,2025-W02,1,6,1-2661-R01,1-2661-R01,مرتديلا دجاج بيبي,(Mortadella) مرتديلا,Mortadella,(Mortadella) مرتديلا,cooked_meat_poultry,العثيم,العثيم,,العثيم,الروضة,بلدية,بلدية الروضة,True,False,لا يوجد,,0,,,False,none,,1,False
Data 2025.xlsx,266,2025-01-12,2025-01,2025-W02,1,6,O-U-ga-0135-R01,O-U-ga-0135-R01,ثوم,الثوم (garlic),garlic,الثوم (garlic),produce,مطعم صحاري دمشق,مطعم صحاري دمشق,,مطعم صحاري دمشق,الروضة,بلدية,بلدية الروضة,False,True,انتيروباكتريسي | الخمائر والاعفان,انتيروباكتريسي | الخمائر والاعفان,2,,انتيروباكتريسي | الخمائر والاعفان,False,indicator_only,,1,False
Data 2025.xlsx,273,2025-01-12,2025-01,2025-W02,1,6,O-U-to-0538-R01,O-U-to-0538-R01,قطع طماطم,الطماطم (Tomatoes),Tomatoes,الطماطم (Tomatoes),produce,مطعم صحاري دمشق,مطعم صحاري دمشق,,مطعم صحاري دمشق,الروضة,بلدية,بلدية الروضة,False,True,استافيلوكوكس اورياس,استافيلوكوكس اورياس,1,استافيلوكوكس اورياس,,True,pathogen,,4,True
Data 2025.xlsx,272,2025-01-12,2025-01,2025-W02,1,6,O-r-U-cu-0203-R01,O-r-U-cu-0203-R01,قطع خيار,الخيار (cucumbers),cucumbers,الخيار (cucumbers),produce,مطعم صحاري دمشق,مطعم صحاري دمشق,,مطعم صحاري دمشق,الروضة,بلدية,بلدية الروضة,False,True,استافيلوكوكس اورياس,استافيلوكوكس اورياس,1,استافيلوكوكس اورياس,,True,pathogen,,3,True
Data 2025.xlsx,256,2025-01-12,2025-01,2025-W02,1,6,OOSS-eg-0294-R01,OOSS-eg-0294-R01,مكدوس باذنجان,الباذنجان (eggplant),eggplant,الباذنجان (eggplant),dairy,العثيم,العثيم,,العثيم,الروضة,بلدية,بلدية الروضة,False,True,خمائر,الخمائر والاعفان,1,,الخمائر والاعفان,False,indicator_only,,8,True
Data 2025.xlsx,282,2025-01-12,2025-01,2025-W02,1,6,OU-pa-0201-R01,OU-pa-0201-R01,قطع بقدونس,البقدونس (parsley),parsley,البقدونس (parsley),produce,مطعم صحاري دمشق,مطعم صحاري دمشق,,مطعم صحاري دمشق,الروضة,بلدية,بلدية الروضة,False,True,ايشيريشيا كولاي,ايشيريشيا كولاي,1,ايشيريشيا كولاي,,True,pathogen,,7,True
Data 2025.xlsx,269,2025-01-12,2025-01,2025-W02,1,6,appe-0266-r01,Appe-0266-R01,متبل مقبلات,مقبلات (Appetizers),Appetizers,مقبلات (Appetizers),prepared_meal,مطعم صحاري دمشق,مطعم صحاري دمشق,,مطعم صحاري دمشق,الروضة,بلدية,بلدية الروضة,True,False,لا يوجد,,0,,,False,none,,1,False
Data 2025.xlsx,274,2025-01-12,2025-01,2025-W02,1,6,appe-0267-r01,Appe-0267-R01,متبل باشمندر,مقبلات (Appetizers),Appetizers,مقبلات (Appetizers),prepared_meal,مطعم صحاري دمشق,مطعم صحاري دمشق,,مطعم صحاري دمشق,الروضة,بلدية,بلدية الروضة,True,False,لا يوجد,,0,,,False,none,,4,True
Data 2025.xlsx,278,2025-01-12,2025-01,2025-W02,1,6,bre-0100-r01,bre-0100-R01,خبز فتوش,الخبز,,الخبز,sweets_bakery,مطعم صحاري دمشق,مطعم صحاري دمشق,,مطعم صحاري دمشق,الروضة,بلدية,بلدية الروضة,True,False,لا يوجد,,0,,,False,none,,5,True
Data 2025.xlsx,248,2025-01-12,2025-01,2025-W02,1,6,bri-0247-r01,bri-0247-R01,لبنة بربزيدن,لبنة ( brick),brick,لبنة ( brick),dairy,العثيم,العثيم,,العثيم,الروضة,بلدية,بلدية الروضة,True,False,لا يوجد,,0,,,False,none,,1,False
Data 2025.xlsx,239,2025-01-12,2025-01,2025-W02,1,6,ch-0058-r01,ch-0058-R01,شبية جبنة هالي فيتا,الاجبان (cheeses),cheeses,الاجبان (cheeses),dairy,العثيم,العثيم,,العثيم,الروضة,بلدية,بلدية الروضة,True,False,لا يوجد,,0,,,False,none,,0,False
Data 2025.xlsx,240,2025-01-12,2025-01,2025-W02,1,6,ch-0059-r01,ch-0059-R01,شبية جبنة اسكنراني بالفلفل,الاجبان (cheeses),cheeses,الاجبان (cheeses),dairy,العثيم,العثيم,,العثيم,الروضة,بلدية,بلدية الروضة,True,False,لا يوجد,,0,,,False,none,,0,False
Data 2025.xlsx,241,2025-01-12,2025-01,2025-W02,1,6,ch-0060-r01,ch-0060-R01,جبنة داري بيضاء,الاجبان (cheeses),cheeses,الاجبان (cheeses),dairy,العثيم,العثيم,,العثيم,الروضة,بلدية,بلدية الروضة,True,False,لا يوجد,,0,,,False,none,,0,False
Data 2025.xlsx,242,2025-01-12,2025-01,2025-W02,1,6,ch-0061-r01,ch-0061-R01,جبنة حلوم,الاجبان (cheeses),cheeses,الاجبان (cheeses),dairy,العثيم,العثيم,,العثيم,الروضة,بلدية,بلدية الروضة,False,True,ايشيريشيا كولاي,ايشيريشيا كولاي,1,ايشيريشيا كولاي,,True,pathogen,,1,False
Data 2025.xlsx,243,2025-01-12,2025-01,2025-W02,1,6,ch-0062-r01,ch-0062-R01,شبية جبنة ماريتاهنغاري,الاجبان (cheeses),cheeses,الاجبان (cheeses),dairy,العثيم,العثيم,,العثيم,الروضة,بلدية,بلدية الروضة,True,False,لا يوجد,,0,,,False,none,,1,False
Data 2025.xlsx,244,2025-01-12,2025-01,2025-W02,1,6,ch-0063-r01,ch-0063-R01,جبنة الوادي قريش,الاجبان (cheeses),cheeses,الاجبان (cheeses),dairy,العثيم,العثيم,,العثيم,الروضة,بلدية,بلدية الروضة,True,False,لا يوجد,,0,,,False,none,,1,False
Data 2025.xlsx,276,2025-01-12,2025-01,2025-W02,1,6,chee-0677-r01,Chee-0677-R01,جبنة عكاوي,(cheese) جبنة,cheese,(cheese) جبنة,dairy,مطعم صحاري دمشق,مطعم صحاري دمشق,,مطعم صحاري دمشق,الروضة,بلدية,بلدية الروضة,False,True,انتيروباكتريسي | ايشيريشيا كولاي | استافيلوكوكس اورياس,انتيروباكتريسي | ايشيريشيا كولاي | استافيلوكوكس اورياس,3,ايشيريشيا كولاي | استافيلوكوكس اورياس,انتيروباكتريسي,True,multi_pathogen,,5,True
Data 2025.xlsx,249,2025-01-12,2025-01,2025-W02,1,6,cre-0033-r01,Cre-0033-R01,شبية قشطة الطيب,(cream) قشطة,cream,القشطة (cream),dairy,العثيم,العثيم,,العثيم,الروضة,بلدية,بلدية الروضة,False,True,العد الكلي للبكتيريا,العد الكلي للبكتيريا,1,,العد الكلي للبكتيريا,False,indicator_only,category_merged_to_canonical,2,True
Data 2025.xlsx,245,2025-01-12,2025-01,2025-W02,1,6,flswe-0053-r01,FlSwe-0053-R01,حلاوة طحنية هالي بالفستق,حلاوة طحينة( Flour Sweetness),Flour Sweetness,حلاوة طحينة( Flour Sweetness),sauce_condiment,العثيم,العثيم,,العثيم,الروضة,بلدية,بلدية الروضة,True,False,لا يوجد,,0,,,False,none,,1,False
Data 2025.xlsx,275,2025-01-12,2025-01,2025-W02,1,6,gr-0130-r01,gr-0130-R01,ورق عنب,ورق عنب (Grape leaves),Grape leaves,ورق عنب (Grape leaves),produce,مطعم صحاري دمشق,مطعم صحاري دمشق,,مطعم صحاري دمشق,الروضة,بلدية,بلدية الروضة,True,False,لا يوجد,,0,,,False,none,,4,True
Data 2025.xlsx,284,2025-01-12,2025-01,2025-W02,1,6,ho-0203-r01,ho-0203-R01,شبية عسل,(Honey) عسل النحل,Honey,(Honey) عسل النحل,sweets_bakery,مطعم صحاري دمشق,مطعم صحاري دمشق,,مطعم صحاري دمشق,الروضة,بلدية,بلدية الروضة,True,False,لا يوجد,,0,,,False,none,,7,True
Data 2025.xlsx,265,2025-01-12,2025-01,2025-W02,1,6,homo-0387-r01,homo-0387-R01,بابا غنوج,"الحمص Homous , Tzatziki and other dips","Homous , Tzatziki and other dips","الحمص Homous , Tzatziki and other dips",prepared_meal,مطعم صحاري دمشق,مطعم صحاري دمشق,,مطعم صحاري دمشق,الروضة,بلدية,بلدية الروضة,True,False,لا يوجد,,0,,,False,none,,0,False
Data 2025.xlsx,267,2025-01-12,2025-01,2025-W02,1,6,homo-0388-r01,homo-0388-R01,حمص مقبلات,"الحمص Homous , Tzatziki and other dips","Homous , Tzatziki and other dips","الحمص Homous , Tzatziki and other dips",prepared_meal,مطعم صحاري دمشق,مطعم صحاري دمشق,,مطعم صحاري دمشق,الروضة,بلدية,بلدية الروضة,True,False,لا يوجد,,0,,,False,none,,1,False
Data 2025.xlsx,258,2025-01-12,2025-01,2025-W02,1,6,hs-0268-r01,HS-0268-R01,شطة حارة,الشطة (Hot sauce),Hot sauce,الشطة (Hot sauce),sauce_condiment,العثيم,العثيم,,العثيم,الروضة,بلدية,بلدية الروضة,True,False,لا يوجد,,0,,,False,none,,8,True
Data 2025.xlsx,280,2025-01-12,2025-01,2025-W02,1,6,jui-0368-r01,jui-0368-R01,عصير ليمون,العصائر الطازجة Un-pasteurized juices (fresh),fresh,العصائر الطازجة Un-pasteurized juices (fresh),beverage,مطعم صحاري دمشق,مطعم صحاري دمشق,,مطعم صحاري دمشق,الروضة,بلدية,بلدية الروضة,True,False,لا يوجد,,0,,,False,none,,5,True
Data 2025.xlsx,281,2025-01-12,2025-01,2025-W02,1,6,jui-0369-r01,jui-0369-R01,عصير رمان,العصائر الطازجة Un-pasteurized juices (fresh),fresh,العصائر الطازجة Un-pasteurized juices (fresh),beverage,مطعم صحاري دمشق,مطعم صحاري دمشق,,مطعم صحاري دمشق,الروضة,بلدية,بلدية الروضة,False,True,الخمائر والاعفان,الخمائر والاعفان,1,,الخمائر والاعفان,False,indicator_only,,6,True
Data 2025.xlsx,250,2025-01-12,2025-01,2025-W02,1,6,olv-0372-r01,olv-0372-R01,زيتون كوبوليفا اسود,الزيتون /Olive,Olive,الزيتون /Olive,produce,العثيم,العثيم,,العثيم,الروضة,بلدية,بلدية الروضة,False,True,خمائر,الخمائر والاعفان,1,,الخمائر والاعفان,False,indicator_only,,3,True
Data 2025.xlsx,251,2025-01-12,2025-01,2025-W02,1,6,olv-0373-r01,olv-0373-R01,زيتون السيا اخضر شرائح,الزيتون /Olive,Olive,الزيتون /Olive,produce,العثيم,العثيم,,العثيم,الروضة,بلدية,بلدية الروضة,False,True,خمائر,الخمائر والاعفان,1,,الخمائر والاعفان,False,indicator_only,,4,True
Data 2025.xlsx,252,2025-01-12,2025-01,2025-W02,1,6,olv-0374-r01,olv-0374-R01,زيتون مصري اخضر,الزيتون /Olive,Olive,الزيتون /Olive,produce,العثيم,العثيم,,العثيم,الروضة,بلدية,بلدية الروضة,True,False,لا يوجد,,0,,,False,none,,4,True
Data 2025.xlsx,253,2025-01-12,2025-01,2025-W02,1,6,olv-0375-r01,olv-0375-R01,زيتون اندلسى اخضر,الزيتون /Olive,Olive,الزيتون /Olive,produce,العثيم,العثيم,,العثيم,الروضة,بلدية,بلدية الروضة,False,True,خمائر,الخمائر والاعفان,1,,الخمائر والاعفان,False,indicator_only,,5,True
Data 2025.xlsx,254,2025-01-12,2025-01,2025-W02,1,6,olv-0376-r01,olv-0376-R01,زيتون محشي جزر,الزيتون /Olive,Olive,الزيتون /Olive,produce,العثيم,العثيم,,العثيم,الروضة,بلدية,بلدية الروضة,False,True,خمائر,الخمائر والاعفان,1,,الخمائر والاعفان,False,indicator_only,,6,True
Data 2025.xlsx,255,2025-01-12,2025-01,2025-W02,1,6,olv-0377-r01,olv-0377-R01,زيتون اخضر مشوي,الزيتون /Olive,Olive,الزيتون /Olive,produce,العثيم,العثيم,,العثيم,الروضة,بلدية,بلدية الروضة,False,True,خمائر,الخمائر والاعفان,1,,الخمائر والاعفان,False,indicator_only,,7,True
Data 2025.xlsx,257,2025-01-12,2025-01,2025-W02,1,6,pick-0294-r01,Pick-0294-R01,مخلل ليمون,المخلل (Pickle),Pickle,المخلل (Pickle),sauce_condiment,العثيم,العثيم,,العثيم,الروضة,بلدية,بلدية الروضة,True,False,لا يوجد,,0,,,False,none,,8,True
Data 2025.xlsx,259,2025-01-12,2025-01,2025-W02,1,6,pick-0295-r01,Pick-0295-R01,مشكل مخلل,المخلل (Pickle),Pickle,المخلل (Pickle),sauce_condiment,العثيم,العثيم,,العثيم,الروضة,بلدية,بلدية الروضة,True,False,لا يوجد,,0,,,False,none,,8,True
Data 2025.xlsx,268,2025-01-12,2025-01,2025-W02,1,6,pick-0296-r01,Pick-0296-R01,مشكل مخلل,المخلل (Pickle),Pickle,المخلل (Pickle),sauce_condiment,مطعم صحاري دمشق,مطعم صحاري دمشق,,مطعم صحاري دمشق,الروضة,بلدية,بلدية الروضة,True,False,لا يوجد,,0,,,False,none,,1,False
Data 2025.xlsx,279,2025-01-12,2025-01,2025-W02,1,6,pick-0297-r01,Pick-0297-R01,مخلل لفت,المخلل (Pickle),Pickle,المخلل (Pickle),sauce_condiment,مطعم صحاري دمشق,مطعم صحاري دمشق,,مطعم صحاري دمشق,الروضة,بلدية,بلدية الروضة,True,False,لا يوجد,,0,,,False,none,,5,True
Data 2025.xlsx,277,2025-01-12,2025-01,2025-W02,1,6,sal-0980-r01,Sal-0980-R01,سلطة خيار لبن,السلطة(Salad),Salad,السلطة(Salad),produce,مطعم صحاري دمشق,مطعم صحاري دمشق,,مطعم صحاري دمشق,الروضة,بلدية,بلدية الروضة,True,False,لا يوجد,,0,,,False,none,,5,True
Data 2025.xlsx,270,2025-01-12,2025-01,2025-W02,1,6,sau-1060-r01,sau-1060-R01,صوص دبس رمان,صوص (sauce),sauce,صوص (sauce),sauce_condiment,مطعم صحاري دمشق,مطعم صحاري دمشق,,مطعم صحاري دمشق,الروضة,بلدية,بلدية الروضة,True,False,لا يوجد,,0,,,False,none,,1,False
Data 2025.xlsx,271,2025-01-12,2025-01,2025-W02,1,6,sau-1061-r01,sau-1061-R01,صوص ليمون,صوص (sauce),sauce,صوص (sauce),sauce_condiment,مطعم صحاري دمشق,مطعم صحاري دمشق,,مطعم صحاري دمشق,الروضة,بلدية,بلدية الروضة,False,True,العد الكلي للبكتيريا,العد الكلي للبكتيريا,1,,العد الكلي للبكتيريا,False,indicator_only,,2,True
Data 2025.xlsx,260,2025-01-12,2025-01,2025-W02,1,6,sw-2185-r01,sw-2185-R01,مسحة ثلاجة المخلل,(Swabs) المسحات,Swabs,(Swabs) المسحات,swab,العثيم,العثيم,,العثيم,الروضة,بلدية,بلدية الروضة,True,False,لا يوجد,,0,,,False,none,,8,True
Data 2025.xlsx,261,2025-01-12,2025-01,2025-W02,1,6,sw-2186-r01,sw-2186-R01,مسحة ثلاجة زيتون,(Swabs) المسحات,Swabs,(Swabs) المسحات,swab,العثيم,العثيم,,العثيم,الروضة,بلدية,بلدية الروضة,True,False,لا يوجد,,0,,,False,none,,8,True
Data 2025.xlsx,262,2025-01-12,2025-01,2025-W02,1,6,sw-2187-r01,sw-2187-R01,مسحة ثلاجة اللبنة,(Swabs) المسحات,Swabs,(Swabs) المسحات,swab,العثيم,العثيم,,العثيم,الروضة,بلدية,بلدية الروضة,True,False,لا يوجد,,0,,,False,none,,8,True
Data 2025.xlsx,263,2025-01-12,2025-01,2025-W02,1,6,sw-2188-r01,sw-2188-R01,مسحة ثلاجة الاجبان,(Swabs) المسحات,Swabs,(Swabs) المسحات,swab,العثيم,العثيم,,العثيم,الروضة,بلدية,بلدية الروضة,True,False,لا يوجد,,0,,,False,none,,8,True
Data 2025.xlsx,264,2025-01-12,2025-01,2025-W02,1,6,sw-2189-r01,sw-2189-R01,مسحة قطاعة مرتديلا,(Swabs) المسحات,Swabs,(Swabs) المسحات,swab,العثيم,العثيم,,العثيم,الروضة,بلدية,بلدية الروضة,True,False,لا يوجد,,0,,,False,none,,8,True
Data 2025.xlsx,283,2025-01-12,2025-01,2025-W02,1,6,sw-2190-r01,sw-2190-R01,مسحة عجانة,(Swabs) المسحات,Swabs,(Swabs) المسحات,swab,مطعم صحاري دمشق,مطعم صحاري دمشق,,مطعم صحاري دمشق,الروضة,بلدية,بلدية الروضة,True,False,لا يوجد,,0,,,False,none,,7,True
Data 2025.xlsx,285,2025-01-12,2025-01,2025-W02,1,6,sw-2191-r01,sw-2191-R01,مسحة ثلاجة اعداد ثلج,(Swabs) المسحات,Swabs,(Swabs) المسحات,swab,مطعم صحاري دمشق,مطعم صحاري دمشق,,مطعم صحاري دمشق,الروضة,بلدية,بلدية الروضة,True,False,لا يوجد,,0,,,False,none,,7,True
Data 2025.xlsx,286,2025-01-12,2025-01,2025-W02,1,6,sw-2192-r01,sw-2192-R01,مسحة ثلاجة مقبلات,(Swabs) المسحات,Swabs,(Swabs) المسحات,swab,مطعم صحاري دمشق,مطعم صحاري دمشق,,مطعم صحاري دمشق,الروضة,بلدية,بلدية الروضة,True,False,لا يوجد,,0,,,False,none,,7,True
Data 2025.xlsx,287,2025-01-12,2025-01,2025-W02,1,6,sw-2193-r01,sw-2193-R01,مسحة ثلاجة مخلل,(Swabs) المسحات,Swabs,(Swabs) المسحات,swab,مطعم صحاري دمشق,مطعم صحاري دمشق,,مطعم صحاري دمشق,الروضة,بلدية,بلدية الروضة,True,False,لا يوجد,,0,,,False,none,,7,True
Data 2025.xlsx,288,2025-01-12,2025-01,2025-W02,1,6,ubot-0845-r01,Ubot-0845-R01,مياه حنفية لغسيل الادوات,المياه الغير معبأة (Unbottled water),Unbottled water,المياه الغير معبأة (Unbottled water),water,العثيم,العثيم,,العثيم,الروضة,بلدية,بلدية الروضة,True,False,لا يوجد,,0,,,False,none,,8,True
Data 2025.xlsx,289,2025-01-12,2025-01,2025-W02,1,6,ubot-0846-r01,Ubot-0846-R01,مياه فلتر لغسيل الادوات,المياه الغير معبأة (Unbottled water),Unbottled water,المياه الغير معبأة (Unbottled water),water,مطعم صحاري دمشق,مطعم صحاري دمشق,,مطعم صحاري دمشق,الروضة,بلدية,بلدية الروضة,True,False,لا يوجد,,0,,,False,none,,7,True
Data 2025.xlsx,308,2025-01-13,2025-01,2025-W03,1,0,1-2664-R01,1-2664-R01,هلابينو,(jalapeno) هلابينو,jalapeno,(jalapeno) هلابينو,produce,هرفي,هرفي,,هرفي,الروضة,بلدية,بلدية الروضة,False,True,خمائر,الخمائر والاعفان,1,,الخمائر والاعفان,False,indicator_only,,7,True
Data 2025.xlsx,324,2025-01-13,2025-01,2025-W03,1,0,1-2665-R01,1-2665-R01,ارز مطبوخ,الارز ( rice),rice,الارز ( rice),prepared_meal,مطعم كشري ركن المنال,مطعم كشري ركن المنال,,مطعم كشري ركن المنال,الروضة,بلدية,بلدية الروضة,False,True,العد الكلي للبكتيريا,العد الكلي للبكتيريا,1,,العد الكلي للبكتيريا,False,indicator_only,,1,False
Data 2025.xlsx,326,2025-01-13,2025-01,2025-W03,1,0,1-2666-R01,1-2666-R01,قطع اناناس,قطع اناناس(Pineapple pieces),Pineapple pieces,قطع اناناس(Pineapple pieces),produce,رنوش للعصائر,رنوش للعصائر,,رنوش للعصائر,الروضة,بلدية,بلدية الروضة,True,False,لا يوجد,,0,,,False,none,,0,False
Data 2025.xlsx,329,2025-01-13,2025-01,2025-W03,1,0,O-U-po-0179-R01,O-U-po-0179-R01,حب رمان,الرمان (pomegranate),pomegranate,الرمان (pomegranate),produce,رنوش للعصائر,رنوش للعصائر,,رنوش للعصائر,الروضة,بلدية,بلدية الروضة,True,False,لا يوجد,,0,,,False,none,,0,False
Data 2025.xlsx,300,2025-01-13,2025-01,2025-W03,1,0,O-U-to-0539-R01,O-U-to-0539-R01,شرائح طماطم,الطماطم (Tomatoes),Tomatoes,الطماطم (Tomatoes),produce,هرفي,هرفي,,هرفي,الروضة,بلدية,بلدية الروضة,False,True,استافيلوكوكس اورياس,استافيلوكوكس اورياس,1,استافيلوكوكس اورياس,,True,pathogen,,2,True
Data 2025.xlsx,299,2025-01-13,2025-01,2025-W03,1,0,O-r-O3-le-0286-R01,O-r-O3-le-0286-R01,قطع خس,الخس (Lettuce),Lettuce,الخس (Lettuce),produce,هرفي,هرفي,,هرفي,الروضة,بلدية,بلدية الروضة,False,True,استافيلوكوكس اورياس,استافيلوكوكس اورياس,1,استافيلوكوكس اورياس,,True,pathogen,,1,False
Data 2025.xlsx,293,2025-01-13,2025-01,2025-W03,1,0,OO-OSS-po-0314-R01,OO-OSS-po-0314-R01,شرائح بطاطس مقلي,البطاطس (potatoes),potatoes,البطاطس (potatoes),produce,هرفي,هرفي,,هرفي,الروضة,بلدية,بلدية الروضة,True,False,لا يوجد,,0,,,False,none,,0,False
Data 2025.xlsx,294,2025-01-13,2025-01,2025-W03,1,0,OO-OSS-po-0315-R01,OO-OSS-po-0315-R01,بطاطس مقلي,البطاطس (potatoes),potatoes,البطاطس (potatoes),produce,هرفي,هرفي,,هرفي,الروضة,بلدية,بلدية الروضة,True,False,لا يوجد,,0,,,False,none,,0,False
Data 2025.xlsx,332,2025-01-13,2025-01,2025-W03,1,0,OO-wm-0029-R01,OO-wm-0029-R01,قطع بطيخ,البطيخ (watermelons),watermelons,البطيخ (watermelons),water,رنوش للعصائر,رنوش للعصائر,,رنوش للعصائر,الروضة,بلدية,بلدية الروضة,True,False,لا يوجد,,0,,,False,none,,0,False
Data 2025.xlsx,301,2025-01-13,2025-01,2025-W03,1,0,OOu-on-0432-R01,OOu-on-0432-R01,شرائح بصل,البصل (onions),onions,البصل (onions),produce,هرفي,هرفي,,هرفي,الروضة,بلدية,بلدية الروضة,False,True,استافيلوكوكس اورياس,استافيلوكوكس اورياس,1,استافيلوكوكس اورياس,,True,pathogen,,3,True
Data 2025.xlsx,331,2025-01-13,2025-01,2025-W03,1,0,OU-me-0024-R01,OU-me-0024-R01,شمام قطع,الشمام (melons),melons,الشمام (melons),produce,رنوش للعصائر,رنوش للعصائر,,رنوش للعصائر,الروضة,بلدية,بلدية الروضة,True,False,لا يوجد,,0,,,False,none,,0,False
Data 2025.xlsx,330,2025-01-13,2025-01,2025-W03,1,0,OaU-ap-0249-R01,OaU-ap-0249-R01,قطع تفاح,التفاح (apple),apple,التفاح (apple),produce,رنوش للعصائر,رنوش للعصائر,,رنوش للعصائر,الروضة,بلدية,بلدية الروضة,True,False,لا يوجد,,0,,,False,none,,0,False
Data 2025.xlsx,323,2025-01-13,2025-01,2025-W03,1,0,UOSS-be-0301-R01,UOSS-be-0301-R01,فاصوليا مطبوخ,الفاصوليا (beans),beans,الفاصوليا (beans),produce,مطعم كشري ركن المنال,مطعم كشري ركن المنال,,مطعم كشري ركن المنال,الروضة,بلدية,بلدية الروضة,True,False,لا يوجد,,0,,,False,none,,0,False
Data 2025.xlsx,291,2025-01-13,2025-01,2025-W03,1,0,UU-ca-0098-R01,UU-ca-0098-R01,ملفوف,الملفوف (cabbage),cabbage,الملفوف (cabbage),produce,تموينات قلعة الحلوى,تموينات قلعة الحلوى,,تموينات قلعة الحلوى,الروضة,بلدية,بلدية الروضة,True,False,لا يوجد,,0,,,False,none,,0,False
Data 2025.xlsx,327,2025-01-13,2025-01,2025-W03,1,0,UU-ki-0118-R01,UU-ki-0118-R01,قطع كيوي,الكيوي (Kiwi),Kiwi,الكيوي (Kiwi),produce,رنوش للعصائر,رنوش للعصائر,,رنوش للعصائر,الروضة,بلدية,بلدية الروضة,True,False,لا يوجد,,0,,,False,none,,0,False
Data 2025.xlsx,303,2025-01-13,2025-01,2025-W03,1,0,ch-0064-r01,ch-0064-R01,شرائح جبن شيدر,الاجبان (cheeses),cheeses,الاجبان (cheeses),dairy,هرفي,هرفي,,هرفي,الروضة,بلدية,بلدية الروضة,True,False,لا يوجد,,0,,,False,none,,3,True
Data 2025.xlsx,318,2025-01-13,2025-01,2025-W03,1,0,ch-0065-r01,ch-0065-R01,جبن موزاريلا,الاجبان (cheeses),cheeses,الاجبان (cheeses),dairy,مطعم كشري ركن المنال,مطعم كشري ركن المنال,,مطعم كشري ركن المنال,الروضة,بلدية,بلدية الروضة,True,False,لا يوجد,,0,,,False,none,,0,False
Data 2025.xlsx,310,2025-01-13,2025-01,2025-W03,1,0,ck-0123-r01,ck-0123-R01,تشيز كيك فراولة,كيك (cake),cake,كيك (cake),sweets_bakery,هرفي,هرفي,,هرفي,الروضة,بلدية,بلدية الروضة,True,False,لا يوجد,,0,,,False,none,,7,True
Data 2025.xlsx,311,2025-01-13,2025-01,2025-W03,1,0,ck-0124-r01,ck-0124-R01,تشيز كيك فانيلا,كيك (cake),cake,كيك (cake),sweets_bakery,هرفي,هرفي,,هرفي,الروضة,بلدية,بلدية الروضة,True,False,لا يوجد,,0,,,False,none,,7,True
Data 2025.xlsx,322,2025-01-13,2025-01,2025-W03,1,0,co-0425-r01,co-0425-R01,دجاج المسلوق,الدجاج المطبوخ (Cooked chicken),Cooked chicken,الدجاج المطبوخ (Cooked chicken),cooked_meat_poultry,مطعم كشري ركن المنال,مطعم كشري ركن المنال,,مطعم كشري ركن المنال,الروضة,بلدية,بلدية الروضة,True,False,لا يوجد,,0,,,False,none,,0,False
Data 2025.xlsx,290,2025-01-13,2025-01,2025-W03,1,0,gr-0131-r01,gr-0131-R01,ورق عنب,ورق عنب (Grape leaves),Grape leaves,ورق عنب (Grape leaves),produce,تموينات قلعة الحلوى,تموينات قلعة الحلوى,,تموينات قلعة الحلوى,الروضة,بلدية,بلدية الروضة,True,False,لا يوجد,,0,,,False,none,,0,False
Data 2025.xlsx,313,2025-01-13,2025-01,2025-W03,1,0,icecrea-0093-r01,icecrea-0093-R01,ايس كريم فانيلا,(ice cream) ايسكريم,ice cream,(ice cream) ايسكريم,dairy,هرفي,هرفي,,هرفي,الروضة,بلدية,بلدية الروضة,False,True,العد الكلي للبكتيريا | انتيروباكتريسي | استافيلوكوكس اورياس,العد الكلي للبكتيريا | انتيروباكتريسي | استافيلوكوكس اورياس,3,استافيلوكوكس اورياس,العد الكلي للبكتيريا | انتيروباكتريسي,True,pathogen,,8,True
Data 2025.xlsx,314,2025-01-13,2025-01,2025-W03,1,0,icecrea-0094-r01,icecrea-0094-R01,ايس كريم ملك شيك,(ice cream) ايسكريم,ice cream,(ice cream) ايسكريم,dairy,هرفي,هرفي,,هرفي,الروضة,بلدية,بلدية الروضة,False,True,استافيلوكوكس اورياس,استافيلوكوكس اورياس,1,استافيلوكوكس اورياس,,True,pathogen,,9,True
Data 2025.xlsx,333,2025-01-13,2025-01,2025-W03,1,0,jui-0370-r01,jui-0370-R01,عصير مانجا,العصائر الطازجة Un-pasteurized juices (fresh),fresh,العصائر الطازجة Un-pasteurized juices (fresh),beverage,رنوش للعصائر,رنوش للعصائر,,رنوش للعصائر,الروضة,بلدية,بلدية الروضة,False,True,الخمائر والاعفان,الخمائر والاعفان,1,,الخمائر والاعفان,False,indicator_only,,1,False
Data 2025.xlsx,334,2025-01-13,2025-01,2025-W03,1,0,jui-0371-r01,jui-0371-R01,عصير فراولة,العصائر الطازجة Un-pasteurized juices (fresh),fresh,العصائر الطازجة Un-pasteurized juices (fresh),beverage,رنوش للعصائر,رنوش للعصائر,,رنوش للعصائر,الروضة,بلدية,بلدية الروضة,False,True,الخمائر والاعفان,الخمائر والاعفان,1,,الخمائر والاعفان,False,indicator_only,,2,True
Data 2025.xlsx,335,2025-01-13,2025-01,2025-W03,1,0,jui-0372-r01,jui-0372-R01,عصير جوافة,العصائر الطازجة Un-pasteurized juices (fresh),fresh,العصائر الطازجة Un-pasteurized juices (fresh),beverage,رنوش للعصائر,رنوش للعصائر,,رنوش للعصائر,الروضة,بلدية,بلدية الروضة,False,True,الخمائر والاعفان,الخمائر والاعفان,1,,الخمائر والاعفان,False,indicator_only,,3,True
Data 2025.xlsx,328,2025-01-13,2025-01,2025-W03,1,0,mango-0034-r01,Mango-0034-R01,قطع مانجا,المانجو (Mango),Mango,المانجو (Mango),produce,رنوش للعصائر,رنوش للعصائر,,رنوش للعصائر,الروضة,بلدية,بلدية الروضة,True,False,لا يوجد,,0,,,False,none,,0,False
Data 2025.xlsx,302,2025-01-13,2025-01,2025-W03,1,0,pi-0114-r01,pi-0114-R01,خيار مخلل,مخلل الخضروات /الفواكه (Pickled/fermented vegetable / fruits),Pickled/fermented vegetable / fruits,مخلل الخضروات /الفواكه (Pickled/fermented vegetable / fruits),dairy,هرفي,هرفي,,هرفي,الروضة,بلدية,بلدية الروضة,True,False,لا يوجد,,0,,,False,none,,3,True
Data 2025.xlsx,292,2025-01-13,2025-01,2025-W03,1,0,po-0093-r01,po-0093-R01,دجاج,الدجاج (Poultry),Poultry,الدجاج (Poultry),cooked_meat_poultry,هرفي,هرفي,,هرفي,الروضة,بلدية,بلدية الروضة,True,False,لا يوجد,,0,,,False,none,,0,False
Data 2025.xlsx,317,2025-01-13,2025-01,2025-W03,1,0,sal-0981-r01,Sal-0981-R01,سلطة خضراء,السلطة(Salad),Salad,السلطة(Salad),produce,مطعم كشري ركن المنال,مطعم كشري ركن المنال,,مطعم كشري ركن المنال,الروضة,بلدية,بلدية الروضة,True,False,لا يوجد,,0,,,False,none,,0,False
Data 2025.xlsx,295,2025-01-13,2025-01,2025-W03,1,0,sau-1062-r01,sau-1062-R01,صوص دينامت سبايسي,صوص (sauce),sauce,صوص (sauce),sauce_condiment,هرفي,هرفي,,هرفي,الروضة,بلدية,بلدية الروضة,True,False,لا يوجد,,0,,,False,none,,0,False
Data 2025.xlsx,296,2025-01-13,2025-01,2025-W03,1,0,sau-1063-r01,sau-1063-R01,صوص تار تار,صوص (sauce),sauce,صوص (sauce),sauce_condiment,هرفي,هرفي,,هرفي,الروضة,بلدية,بلدية الروضة,True,False,لا يوجد,,0,,,False,none,,0,False
Data 2025.xlsx,297,2025-01-13,2025-01,2025-W03,1,0,sau-1064-r01,sau-1064-R01,صوص مايونيز,صوص (sauce),sauce,صوص (sauce),sauce_condiment,هرفي,هرفي,,هرفي,الروضة,بلدية,بلدية الروضة,True,False,لا يوجد,,0,,,False,none,,0,False
Data 2025.xlsx,298,2025-01-13,2025-01,2025-W03,1,0,sau-1065-r01,sau-1065-R01,صوص تورتيلا,صوص (sauce),sauce,صوص (sauce),sauce_condiment,هرفي,هرفي,,هرفي,الروضة,بلدية,بلدية الروضة,True,False,لا يوجد,,0,,,False,none,,0,False
Data 2025.xlsx,304,2025-01-13,2025-01,2025-W03,1,0,sau-1066-r01,sau-1066-R01,صوص هني ماسترد,صوص (sauce),sauce,صوص (sauce),sauce_condiment,هرفي,هرفي,,هرفي,الروضة,بلدية,بلدية الروضة,False,True,العد الكلي للبكتيريا,العد الكلي للبكتيريا,1,,العد الكلي للبكتيريا,False,indicator_only,,4,True
Data 2025.xlsx,305,2025-01-13,2025-01,2025-W03,1,0,sau-1067-r01,sau-1067-R01,صوص باربكيو,صوص (sauce),sauce,صوص (sauce),sauce_condiment,هرفي,هرفي,,هرفي,الروضة,بلدية,بلدية الروضة,False,True,العد الكلي للبكتيريا,العد الكلي للبكتيريا,1,,العد الكلي للبكتيريا,False,indicator_only,,5,True
Data 2025.xlsx,306,2025-01-13,2025-01,2025-W03,1,0,sau-1068-r01,sau-1068-R01,صوص دبل هرفي,صوص (sauce),sauce,صوص (sauce),sauce_condiment,هرفي,هرفي,,هرفي,الروضة,بلدية,بلدية الروضة,False,True,الخمائر والاعفان,الخمائر والاعفان,1,,الخمائر والاعفان,False,indicator_only,,6,True
Data 2025.xlsx,307,2025-01-13,2025-01,2025-W03,1,0,sau-1069-r01,sau-1069-R01,صوص ثوم,صوص (sauce),sauce,صوص (sauce),sauce_condiment,هرفي,هرفي,,هرفي,الروضة,بلدية,بلدية الروضة,True,False,لا يوجد,,0,,,False,none,,6,True
Data 2025.xlsx,309,2025-01-13,2025-01,2025-W03,1,0,sau-1070-r01,sau-1070-R01,صوص شيدر,صوص (sauce),sauce,صوص (sauce),sauce_condiment,هرفي,هرفي,,هرفي,الروضة,بلدية,بلدية الروضة,True,False,لا يوجد,,0,,,False,none,,7,True
Data 2025.xlsx,312,2025-01-13,2025-01,2025-W03,1,0,sau-1071-r01,sau-1071-R01,صوص هيرشي شوكولاتة,صوص (sauce),sauce,صوص (sauce),sauce_condiment,هرفي,هرفي,,هرفي,الروضة,بلدية,بلدية الروضة,True,False,لا يوجد,,0,,,False,none,,7,True
Data 2025.xlsx,319,2025-01-13,2025-01,2025-W03,1,0,sau-1072-r01,sau-1072-R01,صوص كاتشب,صوص (sauce),sauce,صوص (sauce),sauce_condiment,مطعم كشري ركن المنال,مطعم كشري ركن المنال,,مطعم كشري ركن المنال,الروضة,بلدية,بلدية الروضة,True,False,لا يوجد,,0,,,False,none,,0,False
Data 2025.xlsx,320,2025-01-13,2025-01,2025-W03,1,0,sau-1073-r01,sau-1073-R01,صوص مايونيز,صوص (sauce),sauce,صوص (sauce),sauce_condiment,مطعم كشري ركن المنال,مطعم كشري ركن المنال,,مطعم كشري ركن المنال,الروضة,بلدية,بلدية الروضة,True,False,لا يوجد,,0,,,False,none,,0,False
Data 2025.xlsx,321,2025-01-13,2025-01,2025-W03,1,0,sau-1074-r01,sau-1074-R01,صوص باربكيو,صوص (sauce),sauce,صوص (sauce),sauce_condiment,مطعم كشري ركن المنال,مطعم كشري ركن المنال,,مطعم كشري ركن المنال,الروضة,بلدية,بلدية الروضة,True,False,لا يوجد,,0,,,False,none,,0,False
Data 2025.xlsx,336,2025-01-13,2025-01,2025-W03,1,0,sau-1075-r01,sau-1075-R01,صوص نوتيلا,صوص (sauce),sauce,صوص (sauce),sauce_condiment,رنوش للعصائر,رنوش للعصائر,,رنوش للعصائر,الروضة,بلدية,بلدية الروضة,False,True,انتيروباكتريسي,انتيروباكتريسي,1,,انتيروباكتريسي,False,indicator_only,,4,True
Data 2025.xlsx,315,2025-01-13,2025-01,2025-W03,1,0,sw-2194-r01,sw-2194-R01,مسحة ثلاجة اعداد ثلج,(Swabs) المسحات,Swabs,(Swabs) المسحات,swab,هرفي,هرفي,,هرفي,الروضة,بلدية,بلدية الروضة,False,True,العد الكلي للبكتيريا,العد الكلي للبكتيريا,1,,العد الكلي للبكتيريا,False,indicator_only,,10,True
Data 2025.xlsx,316,2025-01-13,2025-01,2025-W03,1,0,sw-2195-r01,sw-2195-R01,مسحة يد عامل,(Swabs) المسحات,Swabs,(Swabs) المسحات,swab,هرفي,هرفي,,هرفي,الروضة,بلدية,بلدية الروضة,True,False,لا يوجد,,0,,,False,none,,10,True
Data 2025.xlsx,325,2025-01-13,2025-01,2025-W03,1,0,sw-2196-r01,sw-2196-R01,مسحة طاولة تقطيع خضار,(Swabs) المسحات,Swabs,(Swabs) المسحات,swab,مطعم كشري ركن المنال,مطعم كشري ركن المنال,,مطعم كشري ركن المنال,الروضة,بلدية,بلدية الروضة,False,True,العد الكلي للبكتيريا,العد الكلي للبكتيريا,1,,العد الكلي للبكتيريا,False,indicator_only,,2,True
Data 2025.xlsx,337,2025-01-13,2025-01,2025-W03,1,0,sw-2197-r01,sw-2197-R01,مسحة عصارة جزر,(Swabs) المسحات,Swabs,(Swabs) المسحات,swab,رنوش للعصائر,رنوش للعصائر,,رنوش للعصائر,الروضة,بلدية,بلدية الروضة,True,False,لا يوجد,,0,,,False,none,,4,True
Data 2025.xlsx,338,2025-01-13,2025-01,2025-W03,1,0,sw-2198-r01,sw-2198-R01,مسحة عصارة برتقال,(Swabs) المسحات,Swabs,(Swabs) المسحات,swab,رنوش للعصائر,رنوش للعصائر,,رنوش للعصائر,الروضة,بلدية,بلدية الروضة,False,True,العد الكلي للبكتيريا,العد الكلي للبكتيريا,1,,العد الكلي للبكتيريا,False,indicator_only,,5,True
Data 2025.xlsx,339,2025-01-13,2025-01,2025-W03,1,0,sw-2199-r01,sw-2199-R01,مسحة حافظة ثلج,(Swabs) المسحات,Swabs,(Swabs) المسحات,swab,رنوش للعصائر,رنوش للعصائر,,رنوش للعصائر,الروضة,بلدية,بلدية الروضة,True,False,لا يوجد,,0,,,False,none,,5,True
Data 2025.xlsx,340,2025-01-13,2025-01,2025-W03,1,0,ubot-0847-r01,Ubot-0847-R01,مياه فلتر للاطبخ,المياه الغير معبأة (Unbottled water),Unbottled water,المياه الغير معبأة (Unbottled water),water,مطعم كشري ركن المنال,مطعم كشري ركن المنال,,مطعم كشري ركن المنال,الروضة,بلدية,بلدية الروضة,True,False,لا يوجد,,0,,,False,none,,2,True
Data 2025.xlsx,341,2025-01-13,2025-01,2025-W03,1,0,ubot-0848-r01,Ubot-0848-R01,مياه فلتر طبخ,المياه الغير معبأة (Unbottled water),Unbottled water,المياه الغير معبأة (Unbottled water),water,رنوش للعصائر,رنوش للعصائر,,رنوش للعصائر,الروضة,بلدية,بلدية الروضة,True,False,لا يوجد,,0,,,False,none,,5,True
Data 2025.xlsx,354,2025-01-14,2025-01,2025-W03,1,1,1-2668-R01,1-2668-R01,هلابينو,(jalapeno) هلابينو,jalapeno,(jalapeno) هلابينو,produce,مطعم ريماز,مطعم ريماز,,مطعم ريماز,الروضة,بلدية,بلدية الروضة,True,False,لا يوجد,,0,,,False,none,,5,True
Data 2025.xlsx,372,2025-01-14,2025-01,2025-W03,1,1,1-2669-R01,1-2669-R01,وافل شوكولاتة,(Waffle) وافل,Waffle,(Waffle) وافل,other,فرن الضيعة,فرن الضيعة,,فرن الضيعة,الروضة,بلدية,بلدية الروضة,True,False,لا يوجد,,0,,,False,none,sample_type_unbucketed,6,True
Data 2025.xlsx,360,2025-01-14,2025-01,2025-W03,1,1,O-r-O3-le-0287-R01,O-r-O3-le-0287-R01,قطع خس,الخس (Lettuce),Lettuce,الخس (Lettuce),produce,مطعم ريماز,مطعم ريماز,,مطعم ريماز,الروضة,بلدية,بلدية الروضة,False,True,ايشيريشيا كولاي,ايشيريشيا كولاي,1,ايشيريشيا كولاي,,True,pathogen,,6,True
Data 2025.xlsx,361,2025-01-14,2025-01,2025-W03,1,1,O-r-U-cu-0204-R01,O-r-U-cu-0204-R01,قطع خيار,الخيار (cucumbers),cucumbers,الخيار (cucumbers),produce,مطعم ريماز,مطعم ريماز,,مطعم ريماز,الروضة,بلدية,بلدية الروضة,False,True,استافيلوكوكس اورياس,استافيلوكوكس اورياس,1,استافيلوكوكس اورياس,,True,pathogen,,7,True
Data 2025.xlsx,363,2025-01-14,2025-01,2025-W03,1,1,OO-OSS-po-0317-R01,OO-OSS-po-0317-R01,شرائح بطاطس مقلي,البطاطس (potatoes),potatoes,البطاطس (potatoes),produce,مطعم ريماز,مطعم ريماز,,مطعم ريماز,الروضة,بلدية,بلدية الروضة,True,False,لا يوجد,,0,,,False,none,,7,True
Data 2025.xlsx,342,2025-01-14,2025-01,2025-W03,1,1,OU-pa-0202-R01,OU-pa-0202-R01,قطع بقدونس,البقدونس (parsley),parsley,البقدونس (parsley),produce,مطعم ريماز,مطعم ريماز,,مطعم ريماز,الروضة,بلدية,بلدية الروضة,False,True,استافيلوكوكس اورياس,استافيلوكوكس اورياس,1,استافيلوكوكس اورياس,,True,pathogen,,1,False
Data 2025.xlsx,356,2025-01-14,2025-01,2025-W03,1,1,appe-0268-r01,Appe-0268-R01,حمص مقبلات,مقبلات (Appetizers),Appetizers,مقبلات (Appetizers),prepared_meal,مطعم ريماز,مطعم ريماز,,مطعم ريماز,الروضة,بلدية,بلدية الروضة,True,False,لا يوجد,,0,,,False,none,,5,True
Data 2025.xlsx,357,2025-01-14,2025-01,2025-W03,1,1,appe-0269-r01,Appe-0269-R01,متبل مقبلات,مقبلات (Appetizers),Appetizers,مقبلات (Appetizers),prepared_meal,مطعم ريماز,مطعم ريماز,,مطعم ريماز,الروضة,بلدية,بلدية الروضة,True,False,لا يوجد,,0,,,False,none,,5,True
Data 2025.xlsx,358,2025-01-14,2025-01,2025-W03,1,1,appe-0270-r01,Appe-0270-R01,بابا غنوج,مقبلات (Appetizers),Appetizers,مقبلات (Appetizers),prepared_meal,مطعم ريماز,مطعم ريماز,,مطعم ريماز,الروضة,بلدية,بلدية الروضة,True,False,لا يوجد,,0,,,False,none,,5,True
Data 2025.xlsx,375,2025-01-14,2025-01,2025-W03,1,1,appe-0271-r01,Appe-0271-R01,حمص مقبلات,مقبلات (Appetizers),Appetizers,مقبلات (Appetizers),prepared_meal,فرن الضيعة,فرن الضيعة,,فرن الضيعة,الروضة,بلدية,بلدية الروضة,True,False,لا يوجد,,0,,,False,none,,6,True
Data 2025.xlsx,382,2025-01-14,2025-01,2025-W03,1,1,appe-0272-r01,Appe-0272-R01,حمص مقبلات,مقبلات (Appetizers),Appetizers,مقبلات (Appetizers),prepared_meal,مطعم فجين البخاري,مطعم فجين البخاري,,مطعم فجين البخاري,الروضة,بلدية,بلدية الروضة,False,True,العد الكلي للبكتيريا,العد الكلي للبكتيريا,1,,العد الكلي للبكتيريا,False,indicator_only,,2,True
Data 2025.xlsx,347,2025-01-14,2025-01,2025-W03,1,1,ch-0066-r01,ch-0066-R01,جبن سائل,الاجبان (cheeses),cheeses,الاجبان (cheeses),dairy,مطعم ريماز,مطعم ريماز,,مطعم ريماز,الروضة,بلدية,بلدية الروضة,True,False,لا يوجد,,0,,,False,none,,2,True
Data 2025.xlsx,352,2025-01-14,2025-01,2025-W03,1,1,ch-0067-r01,ch-0067-R01,شرائح جبن شيدر,الاجبان (cheeses),cheeses,الاجبان (cheeses),dairy,مطعم ريماز,مطعم ريماز,,مطعم ريماز,الروضة,بلدية,بلدية الروضة,False,True,استافيلوكوكس اورياس,استافيلوكوكس اورياس,1,استافيلوكوكس اورياس,,True,pathogen,,4,True
Data 2025.xlsx,371,2025-01-14,2025-01,2025-W03,1,1,ck-0125-r01,ck-0125-R01,كيك عسل,كيك (cake),cake,كيك (cake),sweets_bakery,فرن الضيعة,فرن الضيعة,,فرن الضيعة,الروضة,بلدية,بلدية الروضة,False,True,العد الكلي للبكتيريا,العد الكلي للبكتيريا,1,,العد الكلي للبكتيريا,False,indicator_only,,6,True
Data 2025.xlsx,390,2025-01-14,2025-01,2025-W03,1,1,co-0426-r02,co-0426-R02,دجاج على الفحم نص اسواء,الدجاج المطبوخ (Cooked chicken),Cooked chicken,الدجاج المطبوخ (Cooked chicken),cooked_meat_poultry,مطعم فجين البخاري,مطعم فجين البخاري,,مطعم فجين البخاري,الروضة,بلدية,بلدية الروضة,False,True,العد الكلي للبكتيريا | استافيلوكوكس اورياس | السالمونيلا,العد الكلي للبكتيريا | استافيلوكوكس اورياس | السالمونيلا,3,استافيلوكوكس اورياس | السالمونيلا,العد الكلي للبكتيريا,True,multi_pathogen,,4,True
Data 2025.xlsx,374,2025-01-14,2025-01,2025-W03,1,1,gr-0132-r01,gr-0132-R01,ورق عنب,ورق عنب (Grape leaves),Grape leaves,ورق عنب (Grape leaves),produce,فرن الضيعة,فرن الضيعة,,فرن الضيعة,الروضة,بلدية,بلدية الروضة,True,False,لا يوجد,,0,,,False,none,,6,True
Data 2025.xlsx,373,2025-01-14,2025-01,2025-W03,1,1,kib-0012-r01,Kib-0012-R01,كبة لحم,(Kibbeh) كبه,Kibbeh,(Kibbeh) كبه,prepared_meal,فرن الضيعة,فرن الضيعة,,فرن الضيعة,الروضة,بلدية,بلدية الروضة,True,False,لا يوجد,,0,,,False,none,,6,True
Data 2025.xlsx,362,2025-01-14,2025-01,2025-W03,1,1,olv-0378-r01,olv-0378-R01,زيتون اخضر,الزيتون /Olive,Olive,الزيتون /Olive,produce,مطعم ريماز,مطعم ريماز,,مطعم ريماز,الروضة,بلدية,بلدية الروضة,True,False,لا يوجد,,0,,,False,none,,7,True
Data 2025.xlsx,344,2025-01-14,2025-01,2025-W03,1,1,pick-0298-r01,Pick-0298-R01,مشكل مخلل,المخلل (Pickle),Pickle,المخلل (Pickle),sauce_condiment,مطعم ريماز,مطعم ريماز,,مطعم ريماز,الروضة,بلدية,بلدية الروضة,True,False,لا يوجد,,0,,,False,none,,1,False
Data 2025.xlsx,343,2025-01-14,2025-01,2025-W03,1,1,sal-0982-r01,Sal-0982-R01,سلطة خيار مع جزر وليمون وطماطم,السلطة(Salad),Salad,السلطة(Salad),produce,مطعم ريماز,مطعم ريماز,,مطعم ريماز,الروضة,بلدية,بلدية الروضة,True,False,لا يوجد,,0,,,False,none,,1,False
Data 2025.xlsx,348,2025-01-14,2025-01,2025-W03,1,1,sal-0983-r01,Sal-0983-R01,سلطة مشوي (بقدونس مع بصل),السلطة(Salad),Salad,السلطة(Salad),produce,مطعم ريماز,مطعم ريماز,,مطعم ريماز,الروضة,بلدية,بلدية الروضة,False,True,استافيلوكوكس اورياس,استافيلوكوكس اورياس,1,استافيلوكوكس اورياس,,True,pathogen,,3,True
Data 2025.xlsx,355,2025-01-14,2025-01,2025-W03,1,1,sal-0984-r01,Sal-0984-R01,سلطة ملفوف,السلطة(Salad),Salad,السلطة(Salad),produce,مطعم ريماز,مطعم ريماز,,مطعم ريماز,الروضة,بلدية,بلدية الروضة,True,False,لا يوجد,,0,,,False,none,,5,True
Data 2025.xlsx,359,2025-01-14,2025-01,2025-W03,1,1,sal-0985-r01,Sal-0985-R01,تبولة,السلطة(Salad),Salad,السلطة(Salad),produce,مطعم ريماز,مطعم ريماز,,مطعم ريماز,الروضة,بلدية,بلدية الروضة,True,False,لا يوجد,,0,,,False,none,,5,True
Data 2025.xlsx,376,2025-01-14,2025-01,2025-W03,1,1,sal-0986-r01,Sal-0986-R01,سلطة تبولة,السلطة(Salad),Salad,السلطة(Salad),produce,فرن الضيعة,فرن الضيعة,,فرن الضيعة,الروضة,بلدية,بلدية الروضة,False,True,استافيلوكوكس اورياس,استافيلوكوكس اورياس,1,استافيلوكوكس اورياس,,True,pathogen,,7,True
Data 2025.xlsx,377,2025-01-14,2025-01,2025-W03,1,1,sal-0987-r01,Sal-0987-R01,سلطة جرجير,السلطة(Salad),Salad,السلطة(Salad),produce,فرن الضيعة,فرن الضيعة,,فرن الضيعة,الروضة,بلدية,بلدية الروضة,True,False,لا يوجد,,0,,,False,none,,7,True
Data 2025.xlsx,380,2025-01-14,2025-01,2025-W03,1,1,sal-0988-r01,Sal-0988-R01,سلطة خضراء,السلطة(Salad),Salad,السلطة(Salad),produce,مطعم فجين البخاري,مطعم فجين البخاري,,مطعم فجين البخاري,الروضة,بلدية,بلدية الروضة,False,True,استافيلوكوكس اورياس,استافيلوكوكس اورياس,1,استافيلوكوكس اورياس,,True,pathogen,,1,False
Data 2025.xlsx,381,2025-01-14,2025-01,2025-W03,1,1,sal-0989-r01,Sal-0989-R01,سلطة ملفوف,السلطة(Salad),Salad,السلطة(Salad),produce,مطعم فجين البخاري,مطعم فجين البخاري,,مطعم فجين البخاري,الروضة,بلدية,بلدية الروضة,True,False,لا يوجد,,0,,,False,none,,1,False
Data 2025.xlsx,383,2025-01-14,2025-01,2025-W03,1,1,sal-0990-r01,Sal-0990-R01,سلطة زبادي خيار,السلطة(Salad),Salad,السلطة(Salad),produce,مطعم فجين البخاري,مطعم فجين البخاري,,مطعم فجين البخاري,الروضة,بلدية,بلدية الروضة,True,False,لا يوجد,,0,,,False,none,,2,True
Data 2025.xlsx,384,2025-01-14,2025-01,2025-W03,1,1,sal-0991-r01,Sal-0991-R01,سلطة حمراء حارة,السلطة(Salad),Salad,السلطة(Salad),produce,مطعم فجين البخاري,مطعم فجين البخاري,,مطعم فجين البخاري,الروضة,بلدية,بلدية الروضة,True,False,لا يوجد,,0,,,False,none,,2,True
Data 2025.xlsx,345,2025-01-14,2025-01,2025-W03,1,1,sau-1076-r01,sau-1076-R01,صوص ليمون,صوص (sauce),sauce,صوص (sauce),sauce_condiment,مطعم ريماز,مطعم ريماز,,مطعم ريماز,الروضة,بلدية,بلدية الروضة,False,True,العد الكلي للبكتيريا | الخمائر والاعفان,العد الكلي للبكتيريا | الخمائر والاعفان,2,,العد الكلي للبكتيريا | الخمائر والاعفان,False,indicator_only,,2,True
Data 2025.xlsx,346,2025-01-14,2025-01,2025-W03,1,1,sau-1077-r01,sau-1077-R01,صوص دبس رمان,صوص (sauce),sauce,صوص (sauce),sauce_condiment,مطعم ريماز,مطعم ريماز,,مطعم ريماز,الروضة,بلدية,بلدية الروضة,True,False,لا يوجد,,0,,,False,none,,2,True
Data 2025.xlsx,353,2025-01-14,2025-01,2025-W03,1,1,sau-1078-r01,sau-1078-R01,صوص خردل,صوص (sauce),sauce,صوص (sauce),sauce_condiment,مطعم ريماز,مطعم ريماز,,مطعم ريماز,الروضة,بلدية,بلدية الروضة,False,True,العد الكلي للبكتيريا,العد الكلي للبكتيريا,1,,العد الكلي للبكتيريا,False,indicator_only,,5,True
Data 2025.xlsx,364,2025-01-14,2025-01,2025-W03,1,1,sau-1079-r01,sau-1079-R01,صوص تشيلي مايونيز سبايسي,صوص (sauce),sauce,صوص (sauce),sauce_condiment,فرن الضيعة,فرن الضيعة,,فرن الضيعة,الروضة,بلدية,بلدية الروضة,False,True,العد الكلي للبكتيريا | انتيروباكتريسي | استافيلوكوكس اورياس,العد الكلي للبكتيريا | انتيروباكتريسي | استافيلوكوكس اورياس,3,استافيلوكوكس اورياس,العد الكلي للبكتيريا | انتيروباكتريسي,True,pathogen,,1,False
Data 2025.xlsx,365,2025-01-14,2025-01,2025-W03,1,1,sau-1080-r01,sau-1080-R01,صوص ثوم,صوص (sauce),sauce,صوص (sauce),sauce_condiment,فرن الضيعة,فرن الضيعة,,فرن الضيعة,الروضة,بلدية,بلدية الروضة,False,True,العد الكلي للبكتيريا | انتيروباكتريسي | استافيلوكوكس اورياس,العد الكلي للبكتيريا | انتيروباكتريسي | استافيلوكوكس اورياس,3,استافيلوكوكس اورياس,العد الكلي للبكتيريا | انتيروباكتريسي,True,pathogen,,2,True
Data 2025.xlsx,366,2025-01-14,2025-01,2025-W03,1,1,sau-1081-r01,sau-1081-R01,صوص كراميل,صوص (sauce),sauce,صوص (sauce),sauce_condiment,فرن الضيعة,فرن الضيعة,,فرن الضيعة,الروضة,بلدية,بلدية الروضة,True,False,لا يوجد,,0,,,False,none,,2,True
Data 2025.xlsx,367,2025-01-14,2025-01,2025-W03,1,1,sau-1082-r01,sau-1082-R01,صوص رانش,صوص (sauce),sauce,صوص (sauce),sauce_condiment,فرن الضيعة,فرن الضيعة,,فرن الضيعة,الروضة,بلدية,بلدية الروضة,False,True,العد الكلي للبكتيريا | انتيروباكتريسي | استافيلوكوكس اورياس,العد الكلي للبكتيريا | انتيروباكتريسي | استافيلوكوكس اورياس,3,استافيلوكوكس اورياس,العد الكلي للبكتيريا | انتيروباكتريسي,True,pathogen,,3,True
Data 2025.xlsx,368,2025-01-14,2025-01,2025-W03,1,1,sau-1083-r01,sau-1083-R01,صوص شيدر,صوص (sauce),sauce,صوص (sauce),sauce_condiment,فرن الضيعة,فرن الضيعة,,فرن الضيعة,الروضة,بلدية,بلدية الروضة,True,False,لا يوجد,,0,,,False,none,,3,True
Data 2025.xlsx,369,2025-01-14,2025-01,2025-W03,1,1,sau-1084-r01,sau-1084-R01,مكسيكا صوص,صوص (sauce),sauce,صوص (sauce),sauce_condiment,فرن الضيعة,فرن الضيعة,,فرن الضيعة,الروضة,بلدية,بلدية الروضة,False,True,العد الكلي للبكتيريا | انتيروباكتريسي,العد الكلي للبكتيريا | انتيروباكتريسي,2,,العد الكلي للبكتيريا | انتيروباكتريسي,False,indicator_only,,4,True
Data 2025.xlsx,370,2025-01-14,2025-01,2025-W03,1,1,sau-1085-r01,sau-1085-R01,تشيلي صوص,صوص (sauce),sauce,صوص (sauce),sauce_condiment,فرن الضيعة,فرن الضيعة,,فرن الضيعة,الروضة,بلدية,بلدية الروضة,False,True,العد الكلي للبكتيريا | الخمائر والاعفان,العد الكلي للبكتيريا | الخمائر والاعفان,2,,العد الكلي للبكتيريا | الخمائر والاعفان,False,indicator_only,,5,True
Data 2025.xlsx,349,2025-01-14,2025-01,2025-W03,1,1,sw-2200-r01,sw-2200-R01,مسحة عصارة برتقال,(Swabs) المسحات,Swabs,(Swabs) المسحات,swab,مطعم ريماز,مطعم ريماز,,مطعم ريماز,الروضة,بلدية,بلدية الروضة,True,False,لا يوجد,,0,,,False,none,,3,True
Data 2025.xlsx,350,2025-01-14,2025-01,2025-W03,1,1,sw-2201-r01,sw-2201-R01,مسحة طاولة تقطيع,(Swabs) المسحات,Swabs,(Swabs) المسحات,swab,مطعم ريماز,مطعم ريماز,,مطعم ريماز,الروضة,بلدية,بلدية الروضة,True,False,لا يوجد,,0,,,False,none,,3,True
Data 2025.xlsx,351,2025-01-14,2025-01,2025-W03,1,1,sw-2202-r01,sw-2202-R01,مسحة ثلاجة اعداد ثلج,(Swabs) المسحات,Swabs,(Swabs) المسحات,swab,مطعم ريماز,مطعم ريماز,,مطعم ريماز,الروضة,بلدية,بلدية الروضة,True,False,لا يوجد,,0,,,False,none,,3,True
Data 2025.xlsx,378,2025-01-14,2025-01,2025-W03,1,1,sweet-0678-r01,sweet-0678-R01,حلا كوكيز شوكولاتة,الحلا(sweetness),sweetness,الحلا(sweetness),sweets_bakery,فرن الضيعة,فرن الضيعة,,فرن الضيعة,الروضة,بلدية,بلدية الروضة,True,False,لا يوجد,,0,,,False,none,,7,True
Data 2025.xlsx,379,2025-01-14,2025-01,2025-W03,1,1,sweet-0679-r01,sweet-0679-R01,حلا كوكيز فانيلا,الحلا(sweetness),sweetness,الحلا(sweetness),sweets_bakery,فرن الضيعة,فرن الضيعة,,فرن الضيعة,الروضة,بلدية,بلدية الروضة,False,True,العد الكلي للبكتيريا,العد الكلي للبكتيريا,1,,العد الكلي للبكتيريا,False,indicator_only,,8,True
Data 2025.xlsx,385,2025-01-14,2025-01,2025-W03,1,1,sweet-0680-r01,sweet-0680-R01,جلي الفواكه حلا,الحلا(sweetness),sweetness,الحلا(sweetness),sweets_bakery,مطعم فجين البخاري,مطعم فجين البخاري,,مطعم فجين البخاري,الروضة,بلدية,بلدية الروضة,True,False,لا يوجد,,0,,,False,none,,2,True
Data 2025.xlsx,386,2025-01-14,2025-01,2025-W03,1,1,sweet-0681-r01,sweet-0681-R01,حلا كريم كراميل,الحلا(sweetness),sweetness,الحلا(sweetness),sweets_bakery,مطعم فجين البخاري,مطعم فجين البخاري,,مطعم فجين البخاري,الروضة,بلدية,بلدية الروضة,True,False,لا يوجد,,0,,,False,none,,2,True
Data 2025.xlsx,387,2025-01-14,2025-01,2025-W03,1,1,sweet-0682-r01,sweet-0682-R01,تشيز كيك توت بري حلا,الحلا(sweetness),sweetness,الحلا(sweetness),sweets_bakery,مطعم فجين البخاري,مطعم فجين البخاري,,مطعم فجين البخاري,الروضة,بلدية,بلدية الروضة,True,False,لا يوجد,,0,,,False,none,,2,True
Data 2025.xlsx,388,2025-01-14,2025-01,2025-W03,1,1,sweet-0683-r01,sweet-0683-R01,تيشيز كيك شوكوتة,الحلا(sweetness),sweetness,الحلا(sweetness),sweets_bakery,مطعم فجين البخاري,مطعم فجين البخاري,,مطعم فجين البخاري,الروضة,بلدية,بلدية الروضة,False,True,العد الكلي للبكتيريا,العد الكلي للبكتيريا,1,,العد الكلي للبكتيريا,False,indicator_only,,3,True
Data 2025.xlsx,389,2025-01-14,2025-01,2025-W03,1,1,sweet-0684-r01,sweet-0684-R01,حلا لوتس,الحلا(sweetness),sweetness,الحلا(sweetness),sweets_bakery,مطعم فجين البخاري,مطعم فجين البخاري,,مطعم فجين البخاري,الروضة,بلدية,بلدية الروضة,True,False,لا يوجد,,0,,,False,none,,3,True
Data 2025.xlsx,391,2025-01-14,2025-01,2025-W03,1,1,ubot-0849-r01,Ubot-0849-R01,مياه فلتر للطبخ,المياه الغير معبأة (Unbottled water),Unbottled water,المياه الغير معبأة (Unbottled water),water,مطعم ريماز,مطعم ريماز,,مطعم ريماز,الروضة,بلدية,بلدية الروضة,True,False,لا يوجد,,0,,,False,none,,7,True
Data 2025.xlsx,392,2025-01-14,2025-01,2025-W03,1,1,ubot-0850-r01,Ubot-0850-R01,مياه فلتر للعجانة,المياه الغير معبأة (Unbottled water),Unbottled water,المياه الغير معبأة (Unbottled water),water,مطعم ريماز,مطعم ريماز,,مطعم ريماز,الروضة,بلدية,بلدية الروضة,True,False,لا يوجد,,0,,,False,none,,7,True
Data 2025.xlsx,405,2025-01-18,2025-01,2025-W03,1,5,1-2672-R01,1-2672-R01,قطع شمندر,شمندر(beet),beet,شمندر(beet),produce,مطعم بوقا,مطعم بوقا,,مطعم بوقا,المعذر,بلدية,بلدية المعذر,True,False,لا يوجد,,0,,,False,none,,3,True
Data 2025.xlsx,402,2025-01-18,2025-01,2025-W03,1,5,OO-or-0200-R01,OO-or-0200-R01,قطع برتقال,البرتقال (oranges),oranges,البرتقال (oranges),produce,مطعم بوقا,مطعم بوقا,,مطعم بوقا,المعذر,بلدية,بلدية المعذر,True,False,لا يوجد,,0,,,False,none,,2,True
Data 2025.xlsx,404,2025-01-18,2025-01,2025-W03,1,5,OO-wm-0030-R01,OO-wm-0030-R01,قطع بطيخ,البطيخ (watermelons),watermelons,البطيخ (watermelons),water,مطعم بوقا,مطعم بوقا,,مطعم بوقا,المعذر,بلدية,بلدية المعذر,True,False,لا يوجد,,0,,,False,none,,3,True
Data 2025.xlsx,401,2025-01-18,2025-01,2025-W03,1,5,UOSS-be-0303-R01,UOSS-be-0303-R01,فاصوليا,الفاصوليا (beans),beans,الفاصوليا (beans),produce,مطعم بوقا,مطعم بوقا,,مطعم بوقا,المعذر,بلدية,بلدية المعذر,True,False,لا يوجد,,0,,,False,none,,2,True
Data 2025.xlsx,424,2025-01-18,2025-01,2025-W03,1,5,bakgoo-0405-r01,bakgoo-0405-R01,فطيرة لبنة بالزعتر والخيار,(baked goods) المخبوزات,baked goods,(baked goods) المخبوزات,sweets_bakery,مقهى دوكة,مقهى دوكة,,مقهى دوكة,المعذر,بلدية,بلدية المعذر,True,False,لا يوجد,,0,,,False,none,,0,False
Data 2025.xlsx,425,2025-01-18,2025-01,2025-W03,1,5,bakgoo-0406-r01,bakgoo-0406-R01,فطيرة تركي,(baked goods) المخبوزات,baked goods,(baked goods) المخبوزات,sweets_bakery,مقهى دوكة,مقهى دوكة,,مقهى دوكة,المعذر,بلدية,بلدية المعذر,True,False,لا يوجد,,0,,,False,none,,0,False
Data 2025.xlsx,426,2025-01-18,2025-01,2025-W03,1,5,bakgoo-0407-r01,bakgoo-0407-R01,فطيرة شيش طاووق,(baked goods) المخبوزات,baked goods,(baked goods) المخبوزات,sweets_bakery,مقهى دوكة,مقهى دوكة,,مقهى دوكة,المعذر,بلدية,بلدية المعذر,True,False,لا يوجد,,0,,,False,none,,0,False
Data 2025.xlsx,427,2025-01-18,2025-01,2025-W03,1,5,bakgoo-0408-r01,bakgoo-0408-R01,فطيرة دجاج بالمايونيز,(baked goods) المخبوزات,baked goods,(baked goods) المخبوزات,sweets_bakery,مقهى دوكة,مقهى دوكة,,مقهى دوكة,المعذر,بلدية,بلدية المعذر,True,False,لا يوجد,,0,,,False,none,,0,False
Data 2025.xlsx,428,2025-01-18,2025-01,2025-W03,1,5,bakgoo-0409-r01,bakgoo-0409-R01,كروسون جبنة فيتا,(baked goods) المخبوزات,baked goods,(baked goods) المخبوزات,sweets_bakery,مقهى دوكة,مقهى دوكة,,مقهى دوكة,المعذر,بلدية,بلدية المعذر,True,False,لا يوجد,,0,,,False,none,,0,False
Data 2025.xlsx,429,2025-01-18,2025-01,2025-W03,1,5,bakgoo-0410-r01,bakgoo-0410-R01,كورساون جبنة جودة,(baked goods) المخبوزات,baked goods,(baked goods) المخبوزات,sweets_bakery,مقهى دوكة,مقهى دوكة,,مقهى دوكة,المعذر,بلدية,بلدية المعذر,True,False,لا يوجد,,0,,,False,none,,0,False
Data 2025.xlsx,399,2025-01-18,2025-01,2025-W03,1,5,cer-0041-r01,cer-0041-R01,كينوا,الحبوب (Cereal grains),Cereal grains,الحبوب (Cereal grains),produce,مطعم بوقا,مطعم بوقا,,مطعم بوقا,المعذر,بلدية,بلدية المعذر,True,False,لا يوجد,,0,,,False,none,,2,True
Data 2025.xlsx,403,2025-01-18,2025-01,2025-W03,1,5,ch-0068-r01,ch-0068-R01,جبنة موزاريلا,الاجبان (cheeses),cheeses,الاجبان (cheeses),dairy,مطعم بوقا,مطعم بوقا,,مطعم بوقا,المعذر,بلدية,بلدية المعذر,False,True,انتيروباكتريسي,انتيروباكتريسي,1,,انتيروباكتريسي,False,indicator_only,,3,True
Data 2025.xlsx,417,2025-01-18,2025-01,2025-W03,1,5,ch-0069-r01,ch-0069-R01,شرائح جبن شيدر,الاجبان (cheeses),cheeses,الاجبان (cheeses),dairy,مطعم بوقا,مطعم بوقا,,مطعم بوقا,المعذر,بلدية,بلدية المعذر,True,False,لا يوجد,,0,,,False,none,,5,True
Data 2025.xlsx,400,2025-01-18,2025-01,2025-W03,1,5,cor-0197-r01,Cor-0197-R01,ذرة,الذرة (Corn),Corn,الذرة (Corn),produce,مطعم بوقا,مطعم بوقا,,مطعم بوقا,المعذر,بلدية,بلدية المعذر,True,False,لا يوجد,,0,,,False,none,,2,True
Data 2025.xlsx,413,2025-01-18,2025-01,2025-W03,1,5,sal-0992-r01,Sal-0992-R01,سلطة بصل مع طماطم,السلطة(Salad),Salad,السلطة(Salad),produce,مطعم بوقا,مطعم بوقا,,مطعم بوقا,المعذر,بلدية,بلدية المعذر,True,False,لا يوجد,,0,,,False,none,,4,True
Data 2025.xlsx,393,2025-01-18,2025-01,2025-W03,1,5,sau-1086-r01,sau-1086-R01,صوص عسل ديجون,صوص (sauce),sauce,صوص (sauce),sauce_condiment,مطعم بوقا,مطعم بوقا,,مطعم بوقا,المعذر,بلدية,بلدية المعذر,True,False,لا يوجد,,0,,,False,none,,0,False
Data 2025.xlsx,394,2025-01-18,2025-01,2025-W03,1,5,sau-1087-r01,sau-1087-R01,مكس صوص باربكيو,صوص (sauce),sauce,صوص (sauce),sauce_condiment,مطعم بوقا,مطعم بوقا,,مطعم بوقا,المعذر,بلدية,بلدية المعذر,True,False,لا يوجد,,0,,,False,none,,0,False
Data 2025.xlsx,395,2025-01-18,2025-01,2025-W03,1,5,sau-1088-r01,sau-1088-R01,صوص فراولة,صوص (sauce),sauce,صوص (sauce),sauce_condiment,مطعم بوقا,مطعم بوقا,,مطعم بوقا,المعذر,بلدية,بلدية المعذر,True,False,لا يوجد,,0,,,False,none,,0,False
Data 2025.xlsx,396,2025-01-18,2025-01,2025-W03,1,5,sau-1089-r01,sau-1089-R01,صوص سيزر,صوص (sauce),sauce,صوص (sauce),sauce_condiment,مطعم بوقا,مطعم بوقا,,مطعم بوقا,المعذر,بلدية,بلدية المعذر,False,True,العد الكلي للبكتيريا | انتيروباكتريسي,العد الكلي للبكتيريا | انتيروباكتريسي,2,,العد الكلي للبكتيريا | انتيروباكتريسي,False,indicator_only,,1,False
Data 2025.xlsx,397,2025-01-18,2025-01,2025-W03,1,5,sau-1090-r01,sau-1090-R01,صوص فيلا ندرز,صوص (sauce),sauce,صوص (sauce),sauce_condiment,مطعم بوقا,مطعم بوقا,,مطعم بوقا,المعذر,بلدية,بلدية المعذر,True,False,لا يوجد,,0,,,False,none,,1,False
Data 2025.xlsx,398,2025-01-18,2025-01,2025-W03,1,5,sau-1091-r01,sau-1091-R01,صوص عسل بالنعناع,صوص (sauce),sauce,صوص (sauce),sauce_condiment,مطعم بوقا,مطعم بوقا,,مطعم بوقا,المعذر,بلدية,بلدية المعذر,False,True,العد الكلي للبكتيريا | انتيروباكتريسي,العد الكلي للبكتيريا | انتيروباكتريسي,2,,العد الكلي للبكتيريا | انتيروباكتريسي,False,indicator_only,,2,True
Data 2025.xlsx,406,2025-01-18,2025-01,2025-W03,1,5,sau-1092-r01,sau-1092-R01,صوص بيسل ميا,صوص (sauce),sauce,صوص (sauce),sauce_condiment,مطعم بوقا,مطعم بوقا,,مطعم بوقا,المعذر,بلدية,بلدية المعذر,True,False,لا يوجد,,0,,,False,none,,3,True
Data 2025.xlsx,407,2025-01-18,2025-01,2025-W03,1,5,sau-1093-r01,sau-1093-R01,صوص ديناميت,صوص (sauce),sauce,صوص (sauce),sauce_condiment,مطعم بوقا,مطعم بوقا,,مطعم بوقا,المعذر,بلدية,بلدية المعذر,True,False,لا يوجد,,0,,,False,none,,3,True
Data 2025.xlsx,408,2025-01-18,2025-01,2025-W03,1,5,sau-1094-r01,sau-1094-R01,صوص ثاوزند,صوص (sauce),sauce,صوص (sauce),sauce_condiment,مطعم بوقا,مطعم بوقا,,مطعم بوقا,المعذر,بلدية,بلدية المعذر,True,False,لا يوجد,,0,,,False,none,,3,True
Data 2025.xlsx,409,2025-01-18,2025-01,2025-W03,1,5,sau-1095-r01,sau-1095-R01,صوص هوت,صوص (sauce),sauce,صوص (sauce),sauce_condiment,مطعم بوقا,مطعم بوقا,,مطعم بوقا,المعذر,بلدية,بلدية المعذر,True,False,لا يوجد,,0,,,False,none,,3,True
Data 2025.xlsx,410,2025-01-18,2025-01,2025-W03,1,5,sau-1096-r01,sau-1096-R01,صوص هني ماسترد,صوص (sauce),sauce,صوص (sauce),sauce_condiment,مطعم بوقا,مطعم بوقا,,مطعم بوقا,المعذر,بلدية,بلدية المعذر,True,False,لا يوجد,,0,,,False,none,,3,True
Data 2025.xlsx,411,2025-01-18,2025-01,2025-W03,1,5,sau-1097-r01,sau-1097-R01,صوص ثوم,صوص (sauce),sauce,صوص (sauce),sauce_condiment,مطعم بوقا,مطعم بوقا,,مطعم بوقا,المعذر,بلدية,بلدية المعذر,False,True,الخمائر والاعفان,الخمائر والاعفان,1,,الخمائر والاعفان,False,indicator_only,,4,True
Data 2025.xlsx,412,2025-01-18,2025-01,2025-W03,1,5,sau-1098-r01,sau-1098-R01,صوص مايونيز,صوص (sauce),sauce,صوص (sauce),sauce_condiment,مطعم بوقا,مطعم بوقا,,مطعم بوقا,المعذر,بلدية,بلدية المعذر,True,False,لا يوجد,,0,,,False,none,,4,True
Data 2025.xlsx,414,2025-01-18,2025-01,2025-W03,1,5,sau-1099-r01,sau-1099-R01,صوص بيستو,صوص (sauce),sauce,صوص (sauce),sauce_condiment,مطعم بوقا,مطعم بوقا,,مطعم بوقا,المعذر,بلدية,بلدية المعذر,False,True,العد الكلي للبكتيريا,العد الكلي للبكتيريا,1,,العد الكلي للبكتيريا,False,indicator_only,,5,True
Data 2025.xlsx,415,2025-01-18,2025-01,2025-W03,1,5,sau-1100-r01,sau-1100-R01,صوص زنجبيل,صوص (sauce),sauce,صوص (sauce),sauce_condiment,مطعم بوقا,مطعم بوقا,,مطعم بوقا,المعذر,بلدية,بلدية المعذر,True,False,لا يوجد,,0,,,False,none,,5,True
Data 2025.xlsx,416,2025-01-18,2025-01,2025-W03,1,5,sau-1101-r01,sau-1101-R01,صوص باربكيو,صوص (sauce),sauce,صوص (sauce),sauce_condiment,مطعم بوقا,مطعم بوقا,,مطعم بوقا,المعذر,بلدية,بلدية المعذر,True,False,لا يوجد,,0,,,False,none,,5,True
Data 2025.xlsx,436,2025-01-18,2025-01,2025-W03,1,5,sau-1102-r01,sau-1102-R01,صوص ميلك شوكولاتة,صوص (sauce),sauce,صوص (sauce),sauce_condiment,مقهى دوكة,مقهى دوكة,,مقهى دوكة,المعذر,بلدية,بلدية المعذر,True,False,لا يوجد,,0,,,False,none,,0,False
Data 2025.xlsx,437,2025-01-18,2025-01,2025-W03,1,5,sau-1103-r01,sau-1103-R01,صوص دارك شوكولاتة,صوص (sauce),sauce,صوص (sauce),sauce_condiment,مقهى دوكة,مقهى دوكة,,مقهى دوكة,المعذر,بلدية,بلدية المعذر,True,False,لا يوجد,,0,,,False,none,,0,False
Data 2025.xlsx,418,2025-01-18,2025-01,2025-W03,1,5,sw-2203-r01,sw-2203-R01,مسحة ثلاجة تحضير,(Swabs) المسحات,Swabs,(Swabs) المسحات,swab,مطعم بوقا,مطعم بوقا,,مطعم بوقا,المعذر,بلدية,بلدية المعذر,True,False,لا يوجد,,0,,,False,none,,5,True
Data 2025.xlsx,419,2025-01-18,2025-01,2025-W03,1,5,sw-2204-r01,sw-2204-R01,مسحة ثلاجة تحضير,(Swabs) المسحات,Swabs,(Swabs) المسحات,swab,مطعم بوقا,مطعم بوقا,,مطعم بوقا,المعذر,بلدية,بلدية المعذر,True,False,لا يوجد,,0,,,False,none,,5,True
Data 2025.xlsx,420,2025-01-18,2025-01,2025-W03,1,5,sw-2205-r01,sw-2205-R01,مسحة ثلاجة تحضير,(Swabs) المسحات,Swabs,(Swabs) المسحات,swab,مطعم بوقا,مطعم بوقا,,مطعم بوقا,المعذر,بلدية,بلدية المعذر,True,False,لا يوجد,,0,,,False,none,,5,True
Data 2025.xlsx,421,2025-01-18,2025-01,2025-W03,1,5,sw-2206-r01,sw-2206-R01,مسحة ثلاجة تحضير,(Swabs) المسحات,Swabs,(Swabs) المسحات,swab,مطعم بوقا,مطعم بوقا,,مطعم بوقا,المعذر,بلدية,بلدية المعذر,True,False,لا يوجد,,0,,,False,none,,5,True
Data 2025.xlsx,422,2025-01-18,2025-01,2025-W03,1,5,sw-2207-r01,sw-2207-R01,مسحة ثلاجة الصوصات,(Swabs) المسحات,Swabs,(Swabs) المسحات,swab,مطعم بوقا,مطعم بوقا,,مطعم بوقا,المعذر,بلدية,بلدية المعذر,True,False,لا يوجد,,0,,,False,none,,5,True
Data 2025.xlsx,423,2025-01-18,2025-01,2025-W03,1,5,sw-2208-r01,sw-2208-R01,مسحة ثلاجة اعداد ثلج,(Swabs) المسحات,Swabs,(Swabs) المسحات,swab,مطعم بوقا,مطعم بوقا,,مطعم بوقا,المعذر,بلدية,بلدية المعذر,True,False,لا يوجد,,0,,,False,none,,5,True
Data 2025.xlsx,431,2025-01-18,2025-01,2025-W03,1,5,sw-2209-r01,sw-2209-R01,م س 1حة ثلاجة كيك,(Swabs) المسحات,Swabs,(Swabs) المسحات,swab,مقهى دوكة,مقهى دوكة,,مقهى دوكة,المعذر,بلدية,بلدية المعذر,True,False,لا يوجد,,0,,,False,none,,0,False
Data 2025.xlsx,432,2025-01-18,2025-01,2025-W03,1,5,sw-2210-r01,sw-2210-R01,مسحة ثلاجة كيك,(Swabs) المسحات,Swabs,(Swabs) المسحات,swab,مقهى دوكة,مقهى دوكة,,مقهى دوكة,المعذر,بلدية,بلدية المعذر,True,False,لا يوجد,,0,,,False,none,,0,False
Data 2025.xlsx,433,2025-01-18,2025-01,2025-W03,1,5,sw-2211-r01,sw-2211-R01,مسحة ثلاجة كيك,(Swabs) المسحات,Swabs,(Swabs) المسحات,swab,مقهى دوكة,مقهى دوكة,,مقهى دوكة,المعذر,بلدية,بلدية المعذر,True,False,لا يوجد,,0,,,False,none,,0,False
Data 2025.xlsx,434,2025-01-18,2025-01,2025-W03,1,5,sw-2212-r01,sw-2212-R01,مسحة ثلاجة كيك,(Swabs) المسحات,Swabs,(Swabs) المسحات,swab,مقهى دوكة,مقهى دوكة,,مقهى دوكة,المعذر,بلدية,بلدية المعذر,True,False,لا يوجد,,0,,,False,none,,0,False
Data 2025.xlsx,435,2025-01-18,2025-01,2025-W03,1,5,sw-2213-r01,sw-2213-R01,مسحة ثلاجة فطائر,(Swabs) المسحات,Swabs,(Swabs) المسحات,swab,مقهى دوكة,مقهى دوكة,,مقهى دوكة,المعذر,بلدية,بلدية المعذر,True,False,لا يوجد,,0,,,False,none,,0,False
Data 2025.xlsx,430,2025-01-18,2025-01,2025-W03,1,5,sweet-0685-r01,sweet-0685-R01,دونات نوتيلا بالزعتر,الحلا(sweetness),sweetness,الحلا(sweetness),sweets_bakery,مقهى دوكة,مقهى دوكة,,مقهى دوكة,المعذر,بلدية,بلدية المعذر,True,False,لا يوجد,,0,,,False,none,,0,False
Data 2025.xlsx,438,2025-01-18,2025-01,2025-W03,1,5,ubot-0851-r01,Ubot-0851-R01,مياه حنفية لغسيل الادوات,المياه الغير معبأة (Unbottled water),Unbottled water,المياه الغير معبأة (Unbottled water),water,مطعم بوقا,مطعم بوقا,,مطعم بوقا,المعذر,بلدية,بلدية المعذر,False,True,كوليفورم,كوليفورم,1,,كوليفورم,False,indicator_only,,6,True
Data 2025.xlsx,439,2025-01-18,2025-01,2025-W03,1,5,ubot-0852-r01,Ubot-0852-R01,مياه فلتر لغسيل ادوات القهوة,المياه الغير معبأة (Unbottled water),Unbottled water,المياه الغير معبأة (Unbottled water),water,مقهى دوكة,مقهى دوكة,,مقهى دوكة,المعذر,بلدية,بلدية المعذر,False,True,كوليفورم | ايشيريشيا كولاي,كوليفورم | ايشيريشيا كولاي,2,ايشيريشيا كولاي,كوليفورم,True,pathogen,,1,False
Data 2025.xlsx,440,2025-01-18,2025-01,2025-W03,1,5,ubot-0853-r01,Ubot-0853-R01,مياه فلتر لغسيل الادوات,المياه الغير معبأة (Unbottled water),Unbottled water,المياه الغير معبأة (Unbottled water),water,مقهى دوكة,مقهى دوكة,,مقهى دوكة,المعذر,بلدية,بلدية المعذر,True,False,لا يوجد,,0,,,False,none,,1,False
Data 2025.xlsx,464,2025-01-19,2025-01,2025-W03,1,6,1-2674-R01,1-2674-R01,نكهة بلو بيري,نكهات مركزة ( Syrup ),Syrup,نكهات مركزة ( Syrup ),sauce_condiment,تماسك التجارية سراي,تماسك التجارية سراي,,تماسك التجارية سراي,الشمال,بلدية,بلدية الشمال,True,False,لا يوجد,,0,,,False,none,,9,True
Data 2025.xlsx,465,2025-01-19,2025-01,2025-W03,1,6,1-2675-R01,1-2675-R01,نكهة فواكه,نكهات مركزة ( Syrup ),Syrup,نكهات مركزة ( Syrup ),sauce_condiment,تماسك التجارية سراي,تماسك التجارية سراي,,تماسك التجارية سراي,الشمال,بلدية,بلدية الشمال,True,False,لا يوجد,,0,,,False,none,,9,True
Data 2025.xlsx,466,2025-01-19,2025-01,2025-W03,1,6,1-2676-R01,1-2676-R01,نكهة فراولة,نكهات مركزة ( Syrup ),Syrup,نكهات مركزة ( Syrup ),sauce_condiment,تماسك التجارية سراي,تماسك التجارية سراي,,تماسك التجارية سراي,الشمال,بلدية,بلدية الشمال,True,False,لا يوجد,,0,,,False,none,,9,True
Data 2025.xlsx,467,2025-01-19,2025-01,2025-W03,1,6,1-2677-R01,1-2677-R01,نكهة ليفندر,نكهات مركزة ( Syrup ),Syrup,نكهات مركزة ( Syrup ),sauce_condiment,تماسك التجارية سراي,تماسك التجارية سراي,,تماسك التجارية سراي,الشمال,بلدية,بلدية الشمال,True,False,لا يوجد,,0,,,False,none,,9,True
Data 2025.xlsx,475,2025-01-19,2025-01,2025-W03,1,6,1-2678-R01,1-2678-R01,صلصة روجا,صلصه(salsa),salsa,صلصه(salsa),sauce_condiment,مطعم تكادو,مطعم تكادو,,مطعم تكادو,الشمال,بلدية,بلدية الشمال,True,False,لا يوجد,,0,,,False,none,,1,False
Data 2025.xlsx,478,2025-01-19,2025-01,2025-W03,1,6,1-2679-R01,1-2679-R01,رز مكسيكي,الارز ( rice),rice,الارز ( rice),prepared_meal,مطعم تكادو,مطعم تكادو,,مطعم تكادو,الشمال,بلدية,بلدية الشمال,True,False,لا يوجد,,0,,,False,none,,1,False
Data 2025.xlsx,479,2025-01-19,2025-01,2025-W03,1,6,1-2680-R01,1-2680-R01,رز بالحامض,الارز ( rice),rice,الارز ( rice),prepared_meal,مطعم تكادو,مطعم تكادو,,مطعم تكادو,الشمال,بلدية,بلدية الشمال,True,False,لا يوجد,,0,,,False,none,,1,False
Data 2025.xlsx,486,2025-01-19,2025-01,2025-W03,1,6,1-2681-R01,1-2681-R01,صلصة شيبوتلي حار,صلصه(salsa),salsa,صلصه(salsa),sauce_condiment,مطعم فايرجيل,مطعم فايرجيل,,مطعم فايرجيل,الشمال,بلدية,بلدية الشمال,True,False,لا يوجد,,0,,,False,none,,1,False
Data 2025.xlsx,487,2025-01-19,2025-01,2025-W03,1,6,1-2682-R01,1-2682-R01,صلصة شيبوتلي متوسصة,صلصه(salsa),salsa,صلصه(salsa),sauce_condiment,مطعم فايرجيل,مطعم فايرجيل,,مطعم فايرجيل,الشمال,بلدية,بلدية الشمال,False,True,انتيروباكتريسي | الخمائر والاعفان,انتيروباكتريسي | الخمائر والاعفان,2,,انتيروباكتريسي | الخمائر والاعفان,False,indicator_only,,2,True
Data 2025.xlsx,488,2025-01-19,2025-01,2025-W03,1,6,1-2683-R01,1-2683-R01,صلصة شيبوتلي بارد,صلصه(salsa),salsa,صلصه(salsa),sauce_condiment,مطعم فايرجيل,مطعم فايرجيل,,مطعم فايرجيل,الشمال,بلدية,بلدية الشمال,False,True,العد الكلي للبكتيريا | انتيروباكتريسي | استافيلوكوكس اورياس | الخمائر والاعفان,العد الكلي للبكتيريا | انتيروباكتريسي | استافيلوكوكس اورياس | الخمائر والاعفان,4,استافيلوكوكس اورياس,العد الكلي للبكتيريا | انتيروباكتريسي | الخمائر والاعفان,True,pathogen,,3,True
Data 2025.xlsx,496,2025-01-19,2025-01,2025-W03,1,6,1-2684-R01,1-2684-R01,رز ابيض,الارز ( rice),rice,الارز ( rice),prepared_meal,مطعم فايرجيل,مطعم فايرجيل,,مطعم فايرجيل,الشمال,بلدية,بلدية الشمال,True,False,لا يوجد,,0,,,False,none,,5,True
Data 2025.xlsx,442,2025-01-19,2025-01,2025-W03,1,6,O-U-to-0542-R01,O-U-to-0542-R01,قطع طماطم,الطماطم (Tomatoes),Tomatoes,الطماطم (Tomatoes),produce,تماسك التجارية سراي,تماسك التجارية سراي,,تماسك التجارية سراي,الشمال,بلدية,بلدية الشمال,True,False,لا يوجد,,0,,,False,none,,1,False
Data 2025.xlsx,455,2025-01-19,2025-01,2025-W03,1,6,O-U-to-0543-R01,O-U-to-0543-R01,قطع طماطم كبير,الطماطم (Tomatoes),Tomatoes,الطماطم (Tomatoes),produce,تماسك التجارية سراي,تماسك التجارية سراي,,تماسك التجارية سراي,الشمال,بلدية,بلدية الشمال,True,False,لا يوجد,,0,,,False,none,,8,True
Data 2025.xlsx,444,2025-01-19,2025-01,2025-W03,1,6,O-r-O3-le-0288-R01,O-r-O3-le-0288-R01,قطع خس,الخس (Lettuce),Lettuce,الخس (Lettuce),produce,تماسك التجارية سراي,تماسك التجارية سراي,,تماسك التجارية سراي,الشمال,بلدية,بلدية الشمال,True,False,لا يوجد,,0,,,False,none,,2,True
Data 2025.xlsx,441,2025-01-19,2025-01,2025-W03,1,6,OU-pa-0203-R01,OU-pa-0203-R01,قطع بقدونس,البقدونس (parsley),parsley,البقدونس (parsley),produce,تماسك التجارية سراي,تماسك التجارية سراي,,تماسك التجارية سراي,الشمال,بلدية,بلدية الشمال,False,True,استافيلوكوكس اورياس,استافيلوكوكس اورياس,1,استافيلوكوكس اورياس,,True,pathogen,,1,False
Data 2025.xlsx,494,2025-01-19,2025-01,2025-W03,1,6,UOSS-be-0304-R01,UOSS-be-0304-R01,فاصوليا سوداء,الفاصوليا (beans),beans,الفاصوليا (beans),produce,مطعم فايرجيل,مطعم فايرجيل,,مطعم فايرجيل,الشمال,بلدية,بلدية الشمال,True,False,لا يوجد,,0,,,False,none,,5,True
Data 2025.xlsx,491,2025-01-19,2025-01,2025-W03,1,6,UU-ca-0100-R01,UU-ca-0100-R01,مكس ملفوف,الملفوف (cabbage),cabbage,الملفوف (cabbage),produce,مطعم فايرجيل,مطعم فايرجيل,,مطعم فايرجيل,الشمال,بلدية,بلدية الشمال,False,True,استافيلوكوكس اورياس,استافيلوكوكس اورياس,1,استافيلوكوكس اورياس,,True,pathogen,,4,True
Data 2025.xlsx,445,2025-01-19,2025-01,2025-W03,1,6,appe-0273-r01,Appe-0273-R01,حمص مقبلات,مقبلات (Appetizers),Appetizers,مقبلات (Appetizers),prepared_meal,تماسك التجارية سراي,تماسك التجارية سراي,,تماسك التجارية سراي,الشمال,بلدية,بلدية الشمال,False,True,العد الكلي للبكتيريا,العد الكلي للبكتيريا,1,,العد الكلي للبكتيريا,False,indicator_only,,3,True
Data 2025.xlsx,446,2025-01-19,2025-01,2025-W03,1,6,appe-0274-r01,Appe-0274-R01,متبل,مقبلات (Appetizers),Appetizers,مقبلات (Appetizers),prepared_meal,تماسك التجارية سراي,تماسك التجارية سراي,,تماسك التجارية سراي,الشمال,بلدية,بلدية الشمال,False,True,العد الكلي للبكتيريا,العد الكلي للبكتيريا,1,,العد الكلي للبكتيريا,False,indicator_only,,4,True
Data 2025.xlsx,451,2025-01-19,2025-01,2025-W03,1,6,appe-0275-r01,Appe-0275-R01,سمكة حرة طرابلسية,مقبلات (Appetizers),Appetizers,مقبلات (Appetizers),prepared_meal,تماسك التجارية سراي,تماسك التجارية سراي,,تماسك التجارية سراي,الشمال,بلدية,بلدية الشمال,False,True,العد الكلي للبكتيريا,العد الكلي للبكتيريا,1,,العد الكلي للبكتيريا,False,indicator_only,,8,True
Data 2025.xlsx,452,2025-01-19,2025-01,2025-W03,1,6,appe-0276-r01,Appe-0276-R01,هندبا مقبلات,مقبلات (Appetizers),Appetizers,مقبلات (Appetizers),prepared_meal,تماسك التجارية سراي,تماسك التجارية سراي,,تماسك التجارية سراي,الشمال,بلدية,بلدية الشمال,True,False,لا يوجد,,0,,,False,none,,8,True
Data 2025.xlsx,454,2025-01-19,2025-01,2025-W03,1,6,bakgoo-0411-r01,bakgoo-0411-R01,محمرة,(baked goods) المخبوزات,baked goods,(baked goods) المخبوزات,sweets_bakery,تماسك التجارية سراي,تماسك التجارية سراي,,تماسك التجارية سراي,الشمال,بلدية,بلدية الشمال,True,False,لا يوجد,,0,,,False,none,,8,True
Data 2025.xlsx,453,2025-01-19,2025-01,2025-W03,1,6,bri-0248-r01,bri-0248-R01,لبنة,لبنة ( brick),brick,لبنة ( brick),dairy,تماسك التجارية سراي,تماسك التجارية سراي,,تماسك التجارية سراي,الشمال,بلدية,بلدية الشمال,True,False,لا يوجد,,0,,,False,none,,8,True
Data 2025.xlsx,497,2025-01-19,2025-01,2025-W03,1,6,ch-0070-r01,ch-0070-R01,مكس شيدر,الاجبان (cheeses),cheeses,الاجبان (cheeses),dairy,مطعم فايرجيل,مطعم فايرجيل,,مطعم فايرجيل,الشمال,بلدية,بلدية الشمال,False,True,استافيلوكوكس اورياس,استافيلوكوكس اورياس,1,استافيلوكوكس اورياس,,True,pathogen,,6,True
Data 2025.xlsx,490,2025-01-19,2025-01,2025-W03,1,6,cor-0198-r01,Cor-0198-R01,ذرة,الذرة (Corn),Corn,الذرة (Corn),produce,مطعم فايرجيل,مطعم فايرجيل,,مطعم فايرجيل,الشمال,بلدية,بلدية الشمال,True,False,لا يوجد,,0,,,False,none,,3,True
Data 2025.xlsx,449,2025-01-19,2025-01,2025-W03,1,6,gcv-0161-r01,GCV-0161-R01,مصقع باذنجان,الخضار المشوية و المطبوخة,,الخضار المشوية و المطبوخة,cooked_meat_poultry,تماسك التجارية سراي,تماسك التجارية سراي,,تماسك التجارية سراي,الشمال,بلدية,بلدية الشمال,False,True,العد الكلي للبكتيريا,العد الكلي للبكتيريا,1,,العد الكلي للبكتيريا,False,indicator_only,,7,True
Data 2025.xlsx,450,2025-01-19,2025-01,2025-W03,1,6,gcv-0162-r01,GCV-0162-R01,ايدام بامية,الخضار المشوية و المطبوخة,,الخضار المشوية و المطبوخة,cooked_meat_poultry,تماسك التجارية سراي,تماسك التجارية سراي,,تماسك التجارية سراي,الشمال,بلدية,بلدية الشمال,True,False,لا يوجد,,0,,,False,none,,7,True
Data 2025.xlsx,447,2025-01-19,2025-01,2025-W03,1,6,gr-0133-r01,gr-0133-R01,ورق عنب,ورق عنب (Grape leaves),Grape leaves,ورق عنب (Grape leaves),produce,تماسك التجارية سراي,تماسك التجارية سراي,,تماسك التجارية سراي,الشمال,بلدية,بلدية الشمال,False,True,العد الكلي للبكتيريا,العد الكلي للبكتيريا,1,,العد الكلي للبكتيريا,False,indicator_only,,5,True
Data 2025.xlsx,469,2025-01-19,2025-01,2025-W03,1,6,jui-0373-r01,jui-0373-R01,عصير برتقال,العصائر الطازجة Un-pasteurized juices (fresh),fresh,العصائر الطازجة Un-pasteurized juices (fresh),beverage,تماسك التجارية سراي,تماسك التجارية سراي,,تماسك التجارية سراي,الشمال,بلدية,بلدية الشمال,True,False,لا يوجد,,0,,,False,none,,9,True
Data 2025.xlsx,470,2025-01-19,2025-01,2025-W03,1,6,jui-0374-r01,jui-0374-R01,عصير ليمون,العصائر الطازجة Un-pasteurized juices (fresh),fresh,العصائر الطازجة Un-pasteurized juices (fresh),beverage,تماسك التجارية سراي,تماسك التجارية سراي,,تماسك التجارية سراي,الشمال,بلدية,بلدية الشمال,True,False,لا يوجد,,0,,,False,none,,9,True
Data 2025.xlsx,492,2025-01-19,2025-01,2025-W03,1,6,po-0094-r01,po-0094-R01,هني تشيكن دجاج,الدجاج (Poultry),Poultry,الدجاج (Poultry),cooked_meat_poultry,مطعم فايرجيل,مطعم فايرجيل,,مطعم فايرجيل,الشمال,بلدية,بلدية الشمال,False,True,العد الكلي للبكتيريا,العد الكلي للبكتيريا,1,,العد الكلي للبكتيريا,False,indicator_only,,5,True
Data 2025.xlsx,493,2025-01-19,2025-01,2025-W03,1,6,po-0095-r01,po-0095-R01,شيبوتلي تشيكن دجاج,الدجاج (Poultry),Poultry,الدجاج (Poultry),cooked_meat_poultry,مطعم فايرجيل,مطعم فايرجيل,,مطعم فايرجيل,الشمال,بلدية,بلدية الشمال,True,False,لا يوجد,,0,,,False,none,,5,True
Data 2025.xlsx,471,2025-01-19,2025-01,2025-W03,1,6,raw-0033-r01,Raw-0033-R01,كباب لحم ني,لحوم نيئة مبردة ومجمدة (Raw meat Cold or chilled ),Raw meat Cold or chilled,لحوم نيئة مبردة ومجمدة (Raw meat Cold or chilled ),raw_meat,تماسك التجارية سراي,تماسك التجارية سراي,,تماسك التجارية سراي,الشمال,بلدية,بلدية الشمال,False,True,استافيلوكوكس اورياس | السالمونيلا,استافيلوكوكس اورياس | السالمونيلا,2,استافيلوكوكس اورياس | السالمونيلا,,True,multi_pathogen,,10,True
Data 2025.xlsx,443,2025-01-19,2025-01,2025-W03,1,6,sal-0993-r01,Sal-0993-R01,سلطة خيار بالفجل,السلطة(Salad),Salad,السلطة(Salad),produce,تماسك التجارية سراي,تماسك التجارية سراي,,تماسك التجارية سراي,الشمال,بلدية,بلدية الشمال,False,True,استافيلوكوكس اورياس,استافيلوكوكس اورياس,1,استافيلوكوكس اورياس,,True,pathogen,,2,True
Data 2025.xlsx,472,2025-01-19,2025-01,2025-W03,1,6,sal-0994-r01,Sal-0994-R01,سلطة كوكو مولي,السلطة(Salad),Salad,السلطة(Salad),produce,مطعم تكادو,مطعم تكادو,,مطعم تكادو,الشمال,بلدية,بلدية الشمال,False,True,استافيلوكوكس اورياس,استافيلوكوكس اورياس,1,استافيلوكوكس اورياس,,True,pathogen,,1,False
Data 2025.xlsx,473,2025-01-19,2025-01,2025-W03,1,6,sal-0995-r01,Sal-0995-R01,سلطة بصل مع طماطم,السلطة(Salad),Salad,السلطة(Salad),produce,مطعم تكادو,مطعم تكادو,,مطعم تكادو,الشمال,بلدية,بلدية الشمال,True,False,لا يوجد,,0,,,False,none,,1,False
Data 2025.xlsx,474,2025-01-19,2025-01,2025-W03,1,6,sal-0996-r01,Sal-0996-R01,سلطة بيردي,السلطة(Salad),Salad,السلطة(Salad),produce,مطعم تكادو,مطعم تكادو,,مطعم تكادو,الشمال,بلدية,بلدية الشمال,True,False,لا يوجد,,0,,,False,none,,1,False
Data 2025.xlsx,476,2025-01-19,2025-01,2025-W03,1,6,sal-0997-r01,Sal-0997-R01,سلطة باي نابل,السلطة(Salad),Salad,السلطة(Salad),produce,مطعم تكادو,مطعم تكادو,,مطعم تكادو,الشمال,بلدية,بلدية الشمال,True,False,لا يوجد,,0,,,False,none,,1,False
Data 2025.xlsx,485,2025-01-19,2025-01,2025-W03,1,6,sal-0998-r01,Sal-0998-R01,سلطة كوكومولي,السلطة(Salad),Salad,السلطة(Salad),produce,مطعم فايرجيل,مطعم فايرجيل,,مطعم فايرجيل,الشمال,بلدية,بلدية الشمال,False,True,استافيلوكوكس اورياس,استافيلوكوكس اورياس,1,استافيلوكوكس اورياس,,True,pathogen,,1,False
Data 2025.xlsx,448,2025-01-19,2025-01,2025-W03,1,6,sau-1104-r01,sau-1104-R01,صوص دبس رمان,صوص (sauce),sauce,صوص (sauce),sauce_condiment,تماسك التجارية سراي,تماسك التجارية سراي,,تماسك التجارية سراي,الشمال,بلدية,بلدية الشمال,False,True,العد الكلي للبكتيريا | الخمائر والاعفان,العد الكلي للبكتيريا | الخمائر والاعفان,2,,العد الكلي للبكتيريا | الخمائر والاعفان,False,indicator_only,,6,True
Data 2025.xlsx,477,2025-01-19,2025-01,2025-W03,1,6,sau-1105-r01,sau-1105-R01,صوص شيرز,صوص (sauce),sauce,صوص (sauce),sauce_condiment,مطعم تكادو,مطعم تكادو,,مطعم تكادو,الشمال,بلدية,بلدية الشمال,True,False,لا يوجد,,0,,,False,none,,1,False
Data 2025.xlsx,480,2025-01-19,2025-01,2025-W03,1,6,sau-1106-r01,sau-1106-R01,صوص صاور كريم,صوص (sauce),sauce,صوص (sauce),sauce_condiment,مطعم تكادو,مطعم تكادو,,مطعم تكادو,الشمال,بلدية,بلدية الشمال,True,False,لا يوجد,,0,,,False,none,,1,False
Data 2025.xlsx,481,2025-01-19,2025-01,2025-W03,1,6,sau-1107-r01,sau-1107-R01,صوص شوبوتلي صاور كريم,صوص (sauce),sauce,صوص (sauce),sauce_condiment,مطعم تكادو,مطعم تكادو,,مطعم تكادو,الشمال,بلدية,بلدية الشمال,False,True,الخمائر والاعفان,الخمائر والاعفان,1,,الخمائر والاعفان,False,indicator_only,,2,True
Data 2025.xlsx,489,2025-01-19,2025-01,2025-W03,1,6,sau-1108-r01,sau-1108-R01,صاور كريم صوص,صوص (sauce),sauce,صوص (sauce),sauce_condiment,مطعم فايرجيل,مطعم فايرجيل,,مطعم فايرجيل,الشمال,بلدية,بلدية الشمال,True,False,لا يوجد,,0,,,False,none,,3,True
Data 2025.xlsx,495,2025-01-19,2025-01,2025-W03,1,6,sau-1109-r01,sau-1109-R01,صوص بيف كسر,صوص (sauce),sauce,صوص (sauce),sauce_condiment,مطعم فايرجيل,مطعم فايرجيل,,مطعم فايرجيل,الشمال,بلدية,بلدية الشمال,True,False,لا يوجد,,0,,,False,none,,5,True
Data 2025.xlsx,498,2025-01-19,2025-01,2025-W03,1,6,sau-1110-r01,sau-1110-R01,صوص هني شيبوتلي,صوص (sauce),sauce,صوص (sauce),sauce_condiment,مطعم فايرجيل,مطعم فايرجيل,,مطعم فايرجيل,الشمال,بلدية,بلدية الشمال,False,True,العد الكلي للبكتيريا,العد الكلي للبكتيريا,1,,العد الكلي للبكتيريا,False,indicator_only,,7,True
Data 2025.xlsx,457,2025-01-19,2025-01,2025-W03,1,6,sw-2214-r01,sw-2214-R01,مسحة ثلاجة,(Swabs) المسحات,Swabs,(Swabs) المسحات,swab,تماسك التجارية سراي,تماسك التجارية سراي,,تماسك التجارية سراي,الشمال,بلدية,بلدية الشمال,True,False,لا يوجد,,0,,,False,none,,8,True
Data 2025.xlsx,458,2025-01-19,2025-01,2025-W03,1,6,sw-2215-r01,sw-2215-R01,مسحة ثلاجة,(Swabs) المسحات,Swabs,(Swabs) المسحات,swab,تماسك التجارية سراي,تماسك التجارية سراي,,تماسك التجارية سراي,الشمال,بلدية,بلدية الشمال,True,False,لا يوجد,,0,,,False,none,,8,True
Data 2025.xlsx,459,2025-01-19,2025-01,2025-W03,1,6,sw-2216-r01,sw-2216-R01,مسحة ثلاجة,(Swabs) المسحات,Swabs,(Swabs) المسحات,swab,تماسك التجارية سراي,تماسك التجارية سراي,,تماسك التجارية سراي,الشمال,بلدية,بلدية الشمال,True,False,لا يوجد,,0,,,False,none,,8,True
Data 2025.xlsx,460,2025-01-19,2025-01,2025-W03,1,6,sw-2217-r01,sw-2217-R01,مسحة ثلاجة,(Swabs) المسحات,Swabs,(Swabs) المسحات,swab,تماسك التجارية سراي,تماسك التجارية سراي,,تماسك التجارية سراي,الشمال,بلدية,بلدية الشمال,True,False,لا يوجد,,0,,,False,none,,8,True
Data 2025.xlsx,461,2025-01-19,2025-01,2025-W03,1,6,sw-2218-r01,sw-2218-R01,مسحة ثلاجة اعداد ثلج,(Swabs) المسحات,Swabs,(Swabs) المسحات,swab,تماسك التجارية سراي,تماسك التجارية سراي,,تماسك التجارية سراي,الشمال,بلدية,بلدية الشمال,False,True,العد الكلي للبكتيريا,العد الكلي للبكتيريا,1,,العد الكلي للبكتيريا,False,indicator_only,,9,True
Data 2025.xlsx,462,2025-01-19,2025-01,2025-W03,1,6,sw-2219-r01,sw-2219-R01,مسحة حافظة ثلج,(Swabs) المسحات,Swabs,(Swabs) المسحات,swab,تماسك التجارية سراي,تماسك التجارية سراي,,تماسك التجارية سراي,الشمال,بلدية,بلدية الشمال,True,False,لا يوجد,,0,,,False,none,,9,True
Data 2025.xlsx,463,2025-01-19,2025-01,2025-W03,1,6,sw-2220-r01,sw-2220-R01,مسحة طاولة تقطيع بار,(Swabs) المسحات,Swabs,(Swabs) المسحات,swab,تماسك التجارية سراي,تماسك التجارية سراي,,تماسك التجارية سراي,الشمال,بلدية,بلدية الشمال,True,False,لا يوجد,,0,,,False,none,,9,True
Data 2025.xlsx,468,2025-01-19,2025-01,2025-W03,1,6,sw-2221-r01,sw-2221-R01,مسحة صانعة ثلج,(Swabs) المسحات,Swabs,(Swabs) المسحات,swab,تماسك التجارية سراي,تماسك التجارية سراي,,تماسك التجارية سراي,الشمال,بلدية,بلدية الشمال,True,False,لا يوجد,,0,,,False,none,,9,True
Data 2025.xlsx,482,2025-01-19,2025-01,2025-W03,1,6,sw-2222-r01,sw-2222-R01,مسحة حافظة شبس,(Swabs) المسحات,Swabs,(Swabs) المسحات,swab,مطعم تكادو,مطعم تكادو,,مطعم تكادو,الشمال,بلدية,بلدية الشمال,True,False,لا يوجد,,0,,,False,none,,2,True
Data 2025.xlsx,483,2025-01-19,2025-01,2025-W03,1,6,sw-2223-r01,sw-2223-R01,مسحة طاولة تقطيع,(Swabs) المسحات,Swabs,(Swabs) المسحات,swab,مطعم تكادو,مطعم تكادو,,مطعم تكادو,الشمال,بلدية,بلدية الشمال,True,False,لا يوجد,,0,,,False,none,,2,True
Data 2025.xlsx,484,2025-01-19,2025-01,2025-W03,1,6,sw-2224-r01,sw-2224-R01,مسحة طاولة تقطيع,(Swabs) المسحات,Swabs,(Swabs) المسحات,swab,مطعم تكادو,مطعم تكادو,,مطعم تكادو,الشمال,بلدية,بلدية الشمال,True,False,لا يوجد,,0,,,False,none,,2,True
Data 2025.xlsx,499,2025-01-19,2025-01,2025-W03,1,6,sw-2225-r01,sw-2225-R01,مسحة منطقة اعداد,(Swabs) المسحات,Swabs,(Swabs) المسحات,swab,مطعم فايرجيل,مطعم فايرجيل,,مطعم فايرجيل,الشمال,بلدية,بلدية الشمال,False,True,العد الكلي للبكتيريا,العد الكلي للبكتيريا,1,,العد الكلي للبكتيريا,False,indicator_only,,8,True
Data 2025.xlsx,500,2025-01-19,2025-01,2025-W03,1,6,sw-2226-r01,sw-2226-R01,مسحة منطقة اعداد,(Swabs) المسحات,Swabs,(Swabs) المسحات,swab,مطعم فايرجيل,مطعم فايرجيل,,مطعم فايرجيل,الشمال,بلدية,بلدية الشمال,False,True,العد الكلي للبكتيريا,العد الكلي للبكتيريا,1,,العد الكلي للبكتيريا,False,indicator_only,,9,True
Data 2025.xlsx,501,2025-01-19,2025-01,2025-W03,1,6,sw-2227-r01,sw-2227-R01,مسحة طاولة تقطيع لحم,(Swabs) المسحات,Swabs,(Swabs) المسحات,swab,مطعم فايرجيل,مطعم فايرجيل,,مطعم فايرجيل,الشمال,بلدية,بلدية الشمال,False,True,العد الكلي للبكتيريا | استافيلوكوكس اورياس,العد الكلي للبكتيريا | استافيلوكوكس اورياس,2,استافيلوكوكس اورياس,العد الكلي للبكتيريا,True,pathogen,,10,True
Data 2025.xlsx,502,2025-01-19,2025-01,2025-W03,1,6,sw-2228-r01,sw-2228-R01,مسحة طاولة تقطيع دجاج,(Swabs) المسحات,Swabs,(Swabs) المسحات,swab,مطعم فايرجيل,مطعم فايرجيل,,مطعم فايرجيل,الشمال,بلدية,بلدية الشمال,True,False,لا يوجد,,0,,,False,none,,10,True
Data 2025.xlsx,503,2025-01-19,2025-01,2025-W03,1,6,sw-2229-r01,sw-2229-R01,مسحة طاولة تقطيع خبز,(Swabs) المسحات,Swabs,(Swabs) المسحات,swab,مطعم فايرجيل,مطعم فايرجيل,,مطعم فايرجيل,الشمال,بلدية,بلدية الشمال,True,False,لا يوجد,,0,,,False,none,,10,True
Data 2025.xlsx,504,2025-01-19,2025-01,2025-W03,1,6,sw-2230-r01,sw-2230-R01,مسحة ثلاجة صانعة ثلج,(Swabs) المسحات,Swabs,(Swabs) المسحات,swab,مطعم فايرجيل,مطعم فايرجيل,,مطعم فايرجيل,الشمال,بلدية,بلدية الشمال,False,True,العد الكلي للبكتيريا,العد الكلي للبكتيريا,1,,العد الكلي للبكتيريا,False,indicator_only,,11,True
Data 2025.xlsx,456,2025-01-19,2025-01,2025-W03,1,6,sweet-0686-r01,sweet-0686-R01,بقلاوة بالفستق,الحلا(sweetness),sweetness,الحلا(sweetness),sweets_bakery,تماسك التجارية سراي,تماسك التجارية سراي,,تماسك التجارية سراي,الشمال,بلدية,بلدية الشمال,True,False,لا يوجد,,0,,,False,none,,8,True
Data 2025.xlsx,505,2025-01-19,2025-01,2025-W03,1,6,ubot-0854-r01,Ubot-0854-R01,مياه فلتر للطبخ,المياه الغير معبأة (Unbottled water),Unbottled water,المياه الغير معبأة (Unbottled water),water,تماسك التجارية سراي,تماسك التجارية سراي,,تماسك التجارية سراي,الشمال,بلدية,بلدية الشمال,True,False,لا يوجد,,0,,,False,none,,10,True
Data 2025.xlsx,506,2025-01-19,2025-01,2025-W03,1,6,ubot-0855-r01,Ubot-0855-R01,مياه فلتر لغسيل الادوات,المياه الغير معبأة (Unbottled water),Unbottled water,المياه الغير معبأة (Unbottled water),water,تماسك التجارية سراي,تماسك التجارية سراي,,تماسك التجارية سراي,الشمال,بلدية,بلدية الشمال,True,False,لا يوجد,,0,,,False,none,,10,True
Data 2025.xlsx,534,2025-01-20,2025-01,2025-W04,1,0,1-2690-R01,1-2690-R01,مربى فراولة,(jam) مربى,jam,(jam) مربى,sauce_condiment,مطعم ستة صباحا,مطعم ستة صباحا,,مطعم ستة صباحا,الشمال,بلدية,بلدية الشمال,True,False,لا يوجد,,0,,,False,none,,1,False
Data 2025.xlsx,538,2025-01-20,2025-01,2025-W04,1,0,1-2691-R01,1-2691-R01,كشنة,(kashana) كشنة,kashana,(kashana) كشنة,prepared_meal,مطعم ستة صباحا,مطعم ستة صباحا,,مطعم ستة صباحا,الشمال,بلدية,بلدية الشمال,True,False,لا يوجد,,0,,,False,none,,2,True
Data 2025.xlsx,558,2025-01-20,2025-01,2025-W04,1,0,1-2692-R01,1-2692-R01,جريش احمر,الجريش,,الجريش,sweets_bakery,مطعم دار مبارك,مطعم دار مبارك,,مطعم دار مبارك,الشمال,بلدية,بلدية الشمال,False,True,العد الكلي للبكتيريا,العد الكلي للبكتيريا,1,,العد الكلي للبكتيريا,False,indicator_only,,6,True
Data 2025.xlsx,537,2025-01-20,2025-01,2025-W04,1,0,O-U-po-0182-R01,O-U-po-0182-R01,رمان حب,الرمان (pomegranate),pomegranate,الرمان (pomegranate),produce,مطعم ستة صباحا,مطعم ستة صباحا,,مطعم ستة صباحا,الشمال,بلدية,بلدية الشمال,True,False,لا يوجد,,0,,,False,none,,2,True
Data 2025.xlsx,549,2025-01-20,2025-01,2025-W04,1,0,O-U-to-0545-R01,O-U-to-0545-R01,قطع طماطم,الطماطم (Tomatoes),Tomatoes,الطماطم (Tomatoes),produce,مطعم دار مبارك,مطعم دار مبارك,,مطعم دار مبارك,الشمال,بلدية,بلدية الشمال,True,False,لا يوجد,,0,,,False,none,,1,False
Data 2025.xlsx,550,2025-01-20,2025-01,2025-W04,1,0,O-r-U-cu-0206-R01,O-r-U-cu-0206-R01,قطع خيار,الخيار (cucumbers),cucumbers,الخيار (cucumbers),produce,مطعم دار مبارك,مطعم دار مبارك,,مطعم دار مبارك,الشمال,بلدية,بلدية الشمال,False,True,استافيلوكوكس اورياس,استافيلوكوكس اورياس,1,استافيلوكوكس اورياس,,True,pathogen,,2,True
Data 2025.xlsx,560,2025-01-20,2025-01,2025-W04,1,0,OOSS-eg-0297-R01,OOSS-eg-0297-R01,حمسة باذنجان,الباذنجان (eggplant),eggplant,الباذنجان (eggplant),dairy,مطعم دار مبارك,مطعم دار مبارك,,مطعم دار مبارك,الشمال,بلدية,بلدية الشمال,True,False,لا يوجد,,0,,,False,none,,6,True
Data 2025.xlsx,536,2025-01-20,2025-01,2025-W04,1,0,appe-0278-r01,Appe-0278-R01,حمص,مقبلات (Appetizers),Appetizers,مقبلات (Appetizers),prepared_meal,مطعم ستة صباحا,مطعم ستة صباحا,,مطعم ستة صباحا,الشمال,بلدية,بلدية الشمال,False,True,العد الكلي للبكتيريا,العد الكلي للبكتيريا,1,,العد الكلي للبكتيريا,False,indicator_only,,2,True
Data 2025.xlsx,551,2025-01-20,2025-01,2025-W04,1,0,appe-0279-r01,Appe-0279-R01,حمص,مقبلات (Appetizers),Appetizers,مقبلات (Appetizers),prepared_meal,مطعم دار مبارك,مطعم دار مبارك,,مطعم دار مبارك,الشمال,بلدية,بلدية الشمال,False,True,العد الكلي للبكتيريا,العد الكلي للبكتيريا,1,,العد الكلي للبكتيريا,False,indicator_only,,3,True
Data 2025.xlsx,552,2025-01-20,2025-01,2025-W04,1,0,appe-0280-r01,Appe-0280-R01,متبل,مقبلات (Appetizers),Appetizers,مقبلات (Appetizers),prepared_meal,مطعم دار مبارك,مطعم دار مبارك,,مطعم دار مبارك,الشمال,بلدية,بلدية الشمال,True,False,لا يوجد,,0,,,False,none,,3,True
Data 2025.xlsx,520,2025-01-20,2025-01,2025-W04,1,0,bakgoo-0412-r01,bakgoo-0412-R01,بيقل حلوم والبيستو,(baked goods) المخبوزات,baked goods,(baked goods) المخبوزات,sweets_bakery,جونا للخبز والحلويات,جونا للخبز والحلويات,,جونا للخبز والحلويات,الشمال,بلدية,بلدية الشمال,False,True,استافيلوكوكس اورياس,استافيلوكوكس اورياس,1,استافيلوكوكس اورياس,,True,pathogen,,2,True
Data 2025.xlsx,521,2025-01-20,2025-01,2025-W04,1,0,bakgoo-0413-r01,bakgoo-0413-R01,كورسان كوكيز,(baked goods) المخبوزات,baked goods,(baked goods) المخبوزات,sweets_bakery,جونا للخبز والحلويات,جونا للخبز والحلويات,,جونا للخبز والحلويات,الشمال,بلدية,بلدية الشمال,True,False,لا يوجد,,0,,,False,none,,2,True
Data 2025.xlsx,522,2025-01-20,2025-01,2025-W04,1,0,bakgoo-0414-r01,bakgoo-0414-R01,كورسان فستق رول,(baked goods) المخبوزات,baked goods,(baked goods) المخبوزات,sweets_bakery,جونا للخبز والحلويات,جونا للخبز والحلويات,,جونا للخبز والحلويات,الشمال,بلدية,بلدية الشمال,True,False,لا يوجد,,0,,,False,none,,2,True
Data 2025.xlsx,523,2025-01-20,2025-01,2025-W04,1,0,bakgoo-0415-r01,bakgoo-0415-R01,ميني كورسان فيتا,(baked goods) المخبوزات,baked goods,(baked goods) المخبوزات,sweets_bakery,جونا للخبز والحلويات,جونا للخبز والحلويات,,جونا للخبز والحلويات,الشمال,بلدية,بلدية الشمال,True,False,لا يوجد,,0,,,False,none,,2,True
Data 2025.xlsx,524,2025-01-20,2025-01,2025-W04,1,0,bakgoo-0416-r01,bakgoo-0416-R01,كورسان لبنة زعتر,(baked goods) المخبوزات,baked goods,(baked goods) المخبوزات,sweets_bakery,جونا للخبز والحلويات,جونا للخبز والحلويات,,جونا للخبز والحلويات,الشمال,بلدية,بلدية الشمال,True,False,لا يوجد,,0,,,False,none,,2,True
Data 2025.xlsx,533,2025-01-20,2025-01,2025-W04,1,0,bri-0249-r01,bri-0249-R01,لبنة,لبنة,,لبنة,dairy,مطعم ستة صباحا,مطعم ستة صباحا,,مطعم ستة صباحا,الشمال,بلدية,بلدية الشمال,False,True,انتيروباكتريسي,انتيروباكتريسي,1,,انتيروباكتريسي,False,indicator_only,,1,False
Data 2025.xlsx,535,2025-01-20,2025-01,2025-W04,1,0,ch-0072-r01,ch-0072-R01,جبنة مالح,الاجبان (cheeses),cheeses,الاجبان (cheeses),dairy,مطعم ستة صباحا,مطعم ستة صباحا,,مطعم ستة صباحا,الشمال,بلدية,بلدية الشمال,True,False,لا يوجد,,0,,,False,none,,1,False
Data 2025.xlsx,546,2025-01-20,2025-01,2025-W04,1,0,fish-0081-r01,fish-0081-R01,سمك سلمون,Fish/fish product(الاسماك / منتجات الاسماك),fish product,Fish/fish product(الاسماك / منتجات الاسماك),cooked_meat_poultry,مطعم دار مبارك,مطعم دار مبارك,,مطعم دار مبارك,الشمال,بلدية,بلدية الشمال,False,True,العد الكلي للبكتيريا,العد الكلي للبكتيريا,1,,العد الكلي للبكتيريا,False,indicator_only,,1,False
Data 2025.xlsx,547,2025-01-20,2025-01,2025-W04,1,0,fish-0082-r01,fish-0082-R01,سمك كنعد,Fish/fish product(الاسماك / منتجات الاسماك),fish product,Fish/fish product(الاسماك / منتجات الاسماك),cooked_meat_poultry,مطعم دار مبارك,مطعم دار مبارك,,مطعم دار مبارك,الشمال,بلدية,بلدية الشمال,True,False,لا يوجد,,0,,,False,none,,1,False
Data 2025.xlsx,548,2025-01-20,2025-01,2025-W04,1,0,fish-0083-r01,fish-0083-R01,سمك دنيس,Fish/fish product(الاسماك / منتجات الاسماك),fish product,Fish/fish product(الاسماك / منتجات الاسماك),cooked_meat_poultry,مطعم دار مبارك,مطعم دار مبارك,,مطعم دار مبارك,الشمال,بلدية,بلدية الشمال,True,False,لا يوجد,,0,,,False,none,,1,False
Data 2025.xlsx,561,2025-01-20,2025-01,2025-W04,1,0,fish-0084-r01,fish-0084-R01,ربيان مع حبار وفيليه,Fish/fish product(الاسماك / منتجات الاسماك),fish product,Fish/fish product(الاسماك / منتجات الاسماك),cooked_meat_poultry,مطعم دار مبارك,مطعم دار مبارك,,مطعم دار مبارك,الشمال,بلدية,بلدية الشمال,True,False,لا يوجد,,0,,,False,none,,6,True
Data 2025.xlsx,563,2025-01-20,2025-01,2025-W04,1,0,fish-0085-r01,fish-0085-R01,ربيان مجمد,Fish/fish product(الاسماك / منتجات الاسماك),fish product,Fish/fish product(الاسماك / منتجات الاسماك),cooked_meat_poultry,مطعم دار مبارك,مطعم دار مبارك,,مطعم دار مبارك,الشمال,بلدية,بلدية الشمال,False,True,العد الكلي للبكتيريا | استافيلوكوكس اورياس,العد الكلي للبكتيريا | استافيلوكوكس اورياس,2,استافيلوكوكس اورياس,العد الكلي للبكتيريا,True,pathogen,,8,True
Data 2025.xlsx,564,2025-01-20,2025-01,2025-W04,1,0,fish-0086-r01,fish-0086-R01,سمك فيليه مجمد,Fish/fish product(الاسماك / منتجات الاسماك),fish product,Fish/fish product(الاسماك / منتجات الاسماك),cooked_meat_poultry,مطعم دار مبارك,مطعم دار مبارك,,مطعم دار مبارك,الشمال,بلدية,بلدية الشمال,False,True,العد الكلي للبكتيريا,العد الكلي للبكتيريا,1,,العد الكلي للبكتيريا,False,indicator_only,,9,True
Data 2025.xlsx,540,2025-01-20,2025-01,2025-W04,1,0,flswe-0055-r01,FlSwe-0055-R01,حلاوة طحينية,حلاوة طحينة( Flour Sweetness),Flour Sweetness,حلاوة طحينة( Flour Sweetness),sauce_condiment,مطعم ستة صباحا,مطعم ستة صباحا,,مطعم ستة صباحا,الشمال,بلدية,بلدية الشمال,True,False,لا يوجد,,0,,,False,none,,3,True
Data 2025.xlsx,542,2025-01-20,2025-01,2025-W04,1,0,ho-0205-r01,ho-0205-R01,شبية عسل,(Honey) عسل النحل,Honey,(Honey) عسل النحل,sweets_bakery,مطعم ستة صباحا,مطعم ستة صباحا,,مطعم ستة صباحا,الشمال,بلدية,بلدية الشمال,True,False,لا يوجد,,0,,,False,none,,3,True
Data 2025.xlsx,539,2025-01-20,2025-01,2025-W04,1,0,olv-0380-r01,olv-0380-R01,زيتون مشكل,الزيتون /Olive,Olive,الزيتون /Olive,produce,مطعم ستة صباحا,مطعم ستة صباحا,,مطعم ستة صباحا,الشمال,بلدية,بلدية الشمال,False,True,خمائر,الخمائر والاعفان,1,,الخمائر والاعفان,False,indicator_only,,3,True
Data 2025.xlsx,559,2025-01-20,2025-01,2025-W04,1,0,puree-0046-r01,puree-0046-R01,هريس,ذرة,,ذرة,produce,مطعم دار مبارك,مطعم دار مبارك,,مطعم دار مبارك,الشمال,بلدية,بلدية الشمال,True,False,لا يوجد,,0,,,False,none,,6,True
Data 2025.xlsx,541,2025-01-20,2025-01,2025-W04,1,0,sau-1112-r01,sau-1112-R01,صوص دبس رمان,صوص (sauce),sauce,صوص (sauce),sauce_condiment,مطعم ستة صباحا,مطعم ستة صباحا,,مطعم ستة صباحا,الشمال,بلدية,بلدية الشمال,True,False,لا يوجد,,0,,,False,none,,3,True
Data 2025.xlsx,553,2025-01-20,2025-01,2025-W04,1,0,sau-1113-r01,sau-1113-R01,صوص معبوج,صوص (sauce),sauce,صوص (sauce),sauce_condiment,مطعم دار مبارك,مطعم دار مبارك,,مطعم دار مبارك,الشمال,بلدية,بلدية الشمال,True,False,لا يوجد,,0,,,False,none,,3,True
Data 2025.xlsx,554,2025-01-20,2025-01,2025-W04,1,0,sau-1114-r01,sau-1114-R01,صوص ديناميت,صوص (sauce),sauce,صوص (sauce),sauce_condiment,مطعم دار مبارك,مطعم دار مبارك,,مطعم دار مبارك,الشمال,بلدية,بلدية الشمال,True,False,لا يوجد,,0,,,False,none,,3,True
Data 2025.xlsx,555,2025-01-20,2025-01,2025-W04,1,0,sau-1115-r01,sau-1115-R01,صوص ام علي,صوص (sauce),sauce,صوص (sauce),sauce_condiment,مطعم دار مبارك,مطعم دار مبارك,,مطعم دار مبارك,الشمال,بلدية,بلدية الشمال,False,True,انتيروباكتريسي,انتيروباكتريسي,1,,انتيروباكتريسي,False,indicator_only,,4,True
Data 2025.xlsx,556,2025-01-20,2025-01,2025-W04,1,0,sau-1116-r01,sau-1116-R01,صوص سلطة فتوش,صوص (sauce),sauce,صوص (sauce),sauce_condiment,مطعم دار مبارك,مطعم دار مبارك,,مطعم دار مبارك,الشمال,بلدية,بلدية الشمال,False,True,العد الكلي للبكتيريا | انتيروباكتريسي,العد الكلي للبكتيريا | انتيروباكتريسي,2,,العد الكلي للبكتيريا | انتيروباكتريسي,False,indicator_only,,5,True
Data 2025.xlsx,557,2025-01-20,2025-01,2025-W04,1,0,sau-1117-r01,sau-1117-R01,صوص سلطة جرجير,صوص (sauce),sauce,صوص (sauce),sauce_condiment,مطعم دار مبارك,مطعم دار مبارك,,مطعم دار مبارك,الشمال,بلدية,بلدية الشمال,True,False,لا يوجد,,0,,,False,none,,5,True
Data 2025.xlsx,562,2025-01-20,2025-01,2025-W04,1,0,so-0004-r01-a,so-0004-R01,شوربة كريمة,"Soup (all kinds) Samosa, Mashed potato, Desserts.",,"Soup (all kinds) Samosa, Mashed potato, Desserts.",produce,مطعم دار مبارك,مطعم دار مبارك,,مطعم دار مبارك,الشمال,بلدية,بلدية الشمال,False,True,العد الكلي للبكتيريا,العد الكلي للبكتيريا,1,,العد الكلي للبكتيريا,False,indicator_only,sample_id_collision,7,True
Data 2025.xlsx,507,2025-01-20,2025-01,2025-W04,1,0,sw-2231-r01,sw-2231-R01,مسحة حافضة حلا,(Swabs) المسحات,Swabs,(Swabs) المسحات,swab,شركة ثمار العقيلات,شركة ثمار العقيلات,,شركة ثمار العقيلات,الشمال,بلدية,بلدية الشمال,True,False,لا يوجد,,0,,,False,none,,0,False
Data 2025.xlsx,508,2025-01-20,2025-01,2025-W04,1,0,sw-2232-r01,sw-2232-R01,مسحة حافضة حلا,(Swabs) المسحات,Swabs,(Swabs) المسحات,swab,شركة ثمار العقيلات,شركة ثمار العقيلات,,شركة ثمار العقيلات,الشمال,بلدية,بلدية الشمال,True,False,لا يوجد,,0,,,False,none,,0,False
Data 2025.xlsx,509,2025-01-20,2025-01,2025-W04,1,0,sw-2233-r01,sw-2233-R01,مسحة حافضة حلا,(Swabs) المسحات,Swabs,(Swabs) المسحات,swab,شركة ثمار العقيلات,شركة ثمار العقيلات,,شركة ثمار العقيلات,الشمال,بلدية,بلدية الشمال,True,False,لا يوجد,,0,,,False,none,,0,False
Data 2025.xlsx,510,2025-01-20,2025-01,2025-W04,1,0,sw-2234-r01,sw-2234-R01,مسحة حافضة حلا,(Swabs) المسحات,Swabs,(Swabs) المسحات,swab,شركة ثمار العقيلات,شركة ثمار العقيلات,,شركة ثمار العقيلات,الشمال,بلدية,بلدية الشمال,True,False,لا يوجد,,0,,,False,none,,0,False
Data 2025.xlsx,511,2025-01-20,2025-01,2025-W04,1,0,sw-2235-r01,sw-2235-R01,مسحة حافضة حلا,(Swabs) المسحات,Swabs,(Swabs) المسحات,swab,شركة ثمار العقيلات,شركة ثمار العقيلات,,شركة ثمار العقيلات,الشمال,بلدية,بلدية الشمال,True,False,لا يوجد,,0,,,False,none,,0,False
Data 2025.xlsx,512,2025-01-20,2025-01,2025-W04,1,0,sw-2236-r01,sw-2236-R01,مسحة ثلاجة,(Swabs) المسحات,Swabs,(Swabs) المسحات,swab,شركة ثمار العقيلات,شركة ثمار العقيلات,,شركة ثمار العقيلات,الشمال,بلدية,بلدية الشمال,True,False,لا يوجد,,0,,,False,none,,0,False
Data 2025.xlsx,513,2025-01-20,2025-01,2025-W04,1,0,sw-2237-r01,sw-2237-R01,مسحة ثلاجة,(Swabs) المسحات,Swabs,(Swabs) المسحات,swab,شركة ثمار العقيلات,شركة ثمار العقيلات,,شركة ثمار العقيلات,الشمال,بلدية,بلدية الشمال,True,False,لا يوجد,,0,,,False,none,,0,False
Data 2025.xlsx,525,2025-01-20,2025-01,2025-W04,1,0,sw-2238-r01,sw-2238-R01,مسحة ثلاجة,(Swabs) المسحات,Swabs,(Swabs) المسحات,swab,جونا للخبز والحلويات,جونا للخبز والحلويات,,جونا للخبز والحلويات,الشمال,بلدية,بلدية الشمال,True,False,لا يوجد,,0,,,False,none,,2,True
Data 2025.xlsx,526,2025-01-20,2025-01,2025-W04,1,0,sw-2239-r01,sw-2239-R01,مسحة ثلاجة,(Swabs) المسحات,Swabs,(Swabs) المسحات,swab,جونا للخبز والحلويات,جونا للخبز والحلويات,,جونا للخبز والحلويات,الشمال,بلدية,بلدية الشمال,True,False,لا يوجد,,0,,,False,none,,2,True
Data 2025.xlsx,527,2025-01-20,2025-01,2025-W04,1,0,sw-2240-r01,sw-2240-R01,مسحة ثلاجة,(Swabs) المسحات,Swabs,(Swabs) المسحات,swab,جونا للخبز والحلويات,جونا للخبز والحلويات,,جونا للخبز والحلويات,الشمال,بلدية,بلدية الشمال,True,False,لا يوجد,,0,,,False,none,,2,True
Data 2025.xlsx,528,2025-01-20,2025-01,2025-W04,1,0,sw-2241-r01,sw-2241-R01,مسحة ثلاجة,(Swabs) المسحات,Swabs,(Swabs) المسحات,swab,جونا للخبز والحلويات,جونا للخبز والحلويات,,جونا للخبز والحلويات,الشمال,بلدية,بلدية الشمال,True,False,لا يوجد,,0,,,False,none,,2,True
Data 2025.xlsx,529,2025-01-20,2025-01,2025-W04,1,0,sw-2242-r01,sw-2242-R01,مسحة ثلاجة,(Swabs) المسحات,Swabs,(Swabs) المسحات,swab,جونا للخبز والحلويات,جونا للخبز والحلويات,,جونا للخبز والحلويات,الشمال,بلدية,بلدية الشمال,True,False,لا يوجد,,0,,,False,none,,2,True
Data 2025.xlsx,530,2025-01-20,2025-01,2025-W04,1,0,sw-2243-r01,sw-2243-R01,مسحة ثلاجة,(Swabs) المسحات,Swabs,(Swabs) المسحات,swab,جونا للخبز والحلويات,جونا للخبز والحلويات,,جونا للخبز والحلويات,الشمال,بلدية,بلدية الشمال,True,False,لا يوجد,,0,,,False,none,,2,True
Data 2025.xlsx,531,2025-01-20,2025-01,2025-W04,1,0,sw-2244-r01,sw-2244-R01,مسحة حافظة الكورسان,(Swabs) المسحات,Swabs,(Swabs) المسحات,swab,جونا للخبز والحلويات,جونا للخبز والحلويات,,جونا للخبز والحلويات,الشمال,بلدية,بلدية الشمال,True,False,لا يوجد,,0,,,False,none,,2,True
Data 2025.xlsx,532,2025-01-20,2025-01,2025-W04,1,0,sw-2245-r01,sw-2245-R01,مسحة حافظة الكورسان,(Swabs) المسحات,Swabs,(Swabs) المسحات,swab,جونا للخبز والحلويات,جونا للخبز والحلويات,,جونا للخبز والحلويات,الشمال,بلدية,بلدية الشمال,True,False,لا يوجد,,0,,,False,none,,2,True
Data 2025.xlsx,543,2025-01-20,2025-01,2025-W04,1,0,sw-2249-r01,sw-2249-R01,مسحة طاولة تقطيع مخبوزات,(Swabs) المسحات,Swabs,(Swabs) المسحات,swab,مطعم ستة صباحا,مطعم ستة صباحا,,مطعم ستة صباحا,الشمال,بلدية,بلدية الشمال,True,False,لا يوجد,,0,,,False,none,,3,True
Data 2025.xlsx,544,2025-01-20,2025-01,2025-W04,1,0,sw-2250-r01,sw-2250-R01,مسحة ثلاجة اعداد الفرن,(Swabs) المسحات,Swabs,(Swabs) المسحات,swab,مطعم ستة صباحا,مطعم ستة صباحا,,مطعم ستة صباحا,الشمال,بلدية,بلدية الشمال,True,False,لا يوجد,,0,,,False,none,,3,True
Data 2025.xlsx,545,2025-01-20,2025-01,2025-W04,1,0,sw-2251-r01,sw-2251-R01,مسحة ثلاجة النواشف,(Swabs) المسحات,Swabs,(Swabs) المسحات,swab,مطعم ستة صباحا,مطعم ستة صباحا,,مطعم ستة صباحا,الشمال,بلدية,بلدية الشمال,True,False,لا يوجد,,0,,,False,none,,3,True
Data 2025.xlsx,514,2025-01-20,2025-01,2025-W04,1,0,sweet-0687-r01,sweet-0687-R01,كيكة الغابة السوداء,الحلا(sweetness),sweetness,الحلا(sweetness),sweets_bakery,جونا للخبز والحلويات,جونا للخبز والحلويات,,جونا للخبز والحلويات,الشمال,بلدية,بلدية الشمال,False,True,انتيروباكتريسي,انتيروباكتريسي,1,,انتيروباكتريسي,False,indicator_only,,1,False
Data 2025.xlsx,515,2025-01-20,2025-01,2025-W04,1,0,sweet-0688-r01,sweet-0688-R01,تارت بيكان,الحلا(sweetness),sweetness,الحلا(sweetness),sweets_bakery,جونا للخبز والحلويات,جونا للخبز والحلويات,,جونا للخبز والحلويات,الشمال,بلدية,بلدية الشمال,True,False,لا يوجد,,0,,,False,none,,1,False
Data 2025.xlsx,516,2025-01-20,2025-01,2025-W04,1,0,sweet-0689-r01,sweet-0689-R01,كيكة الجزر,الحلا(sweetness),sweetness,الحلا(sweetness),sweets_bakery,جونا للخبز والحلويات,جونا للخبز والحلويات,,جونا للخبز والحلويات,الشمال,بلدية,بلدية الشمال,True,False,لا يوجد,,0,,,False,none,,1,False
Data 2025.xlsx,517,2025-01-20,2025-01,2025-W04,1,0,sweet-0690-r01,sweet-0690-R01,كيك سان سبيستان,الحلا(sweetness),sweetness,الحلا(sweetness),sweets_bakery,جونا للخبز والحلويات,جونا للخبز والحلويات,,جونا للخبز والحلويات,الشمال,بلدية,بلدية الشمال,True,False,لا يوجد,,0,,,False,none,,1,False
Data 2025.xlsx,518,2025-01-20,2025-01,2025-W04,1,0,sweet-0691-r01,sweet-0691-R01,تشيز كيك لوتس,الحلا(sweetness),sweetness,الحلا(sweetness),sweets_bakery,جونا للخبز والحلويات,جونا للخبز والحلويات,,جونا للخبز والحلويات,الشمال,بلدية,بلدية الشمال,True,False,لا يوجد,,0,,,False,none,,1,False
Data 2025.xlsx,519,2025-01-20,2025-01,2025-W04,1,0,sweet-0692-r01,sweet-0692-R01,كيكة كريم كراميل,الحلا(sweetness),sweetness,الحلا(sweetness),sweets_bakery,جونا للخبز والحلويات,جونا للخبز والحلويات,,جونا للخبز والحلويات,الشمال,بلدية,بلدية الشمال,True,False,لا يوجد,,0,,,False,none,,1,False
Data 2025.xlsx,565,2025-01-20,2025-01,2025-W04,1,0,ubot-0857-r01,Ubot-0857-R01,مياه فلتر للعجانة,المياه الغير معبأة (Unbottled water),Unbottled water,المياه الغير معبأة (Unbottled water),water,مطعم ستة صباحا,مطعم ستة صباحا,,مطعم ستة صباحا,الشمال,بلدية,بلدية الشمال,False,True,كوليفورم,كوليفورم,1,,كوليفورم,False,indicator_only,,4,True
Data 2025.xlsx,566,2025-01-20,2025-01,2025-W04,1,0,ubot-0858-r01,Ubot-0858-R01,مياه فلتر لغسيل الاسماك,المياه الغير معبأة (Unbottled water),Unbottled water,المياه الغير معبأة (Unbottled water),water,مطعم دار مبارك,مطعم دار مبارك,,مطعم دار مبارك,الشمال,بلدية,بلدية الشمال,True,False,لا يوجد,,0,,,False,none,,9,True
Data 2025.xlsx,576,2025-01-21,2025-01,2025-W04,1,1,1-2693-R01,1-2693-R01,فطر,(mushroom) فطر,mushroom,(mushroom) فطر,produce,بيتزا ان,بيتزا ان,,بيتزا ان,الشميسي,بلدية,بلدية الشميسي,True,False,لا يوجد,,0,,,False,none,,6,True
Data 2025.xlsx,578,2025-01-21,2025-01,2025-W04,1,1,1-2694-R01,1-2694-R01,هلابينو,(jalapeno) هلابينو,jalapeno,(jalapeno) هلابينو,produce,بيتزا ان,بيتزا ان,,بيتزا ان,الشميسي,بلدية,بلدية الشميسي,True,False,لا يوجد,,0,,,False,none,,6,True
Data 2025.xlsx,586,2025-01-21,2025-01,2025-W04,1,1,1-2695-R01,1-2695-R01,هلابينو,(jalapeno) هلابينو,jalapeno,(jalapeno) هلابينو,produce,لورينزو,لورينزو,,لورينزو,الشميسي,بلدية,بلدية الشميسي,True,False,لا يوجد,,0,,,False,none,,3,True
Data 2025.xlsx,602,2025-01-21,2025-01,2025-W04,1,1,1-2696-R01,1-2696-R01,هلابينو,(jalapeno) هلابينو,jalapeno,(jalapeno) هلابينو,produce,صب واي,صب واي,,صب واي,الشميسي,بلدية,بلدية الشميسي,True,False,لا يوجد,,0,,,False,none,,2,True
Data 2025.xlsx,612,2025-01-21,2025-01,2025-W04,1,1,1-2697-R01,1-2697-R01,تونة,(tuna) تونة,tuna,(tuna) تونة,cooked_meat_poultry,صب واي,صب واي,,صب واي,الشميسي,بلدية,بلدية الشميسي,True,False,لا يوجد,,0,,,False,none,,4,True
Data 2025.xlsx,622,2025-01-21,2025-01,2025-W04,1,1,1-2698-R01,1-2698-R01,رز ابيض,الارز ( rice),rice,الارز ( rice),prepared_meal,شرمبشاك,شرمبشاك,,شرمبشاك,الشميسي,بلدية,بلدية الشميسي,True,False,لا يوجد,,0,,,False,none,,1,False
Data 2025.xlsx,577,2025-01-21,2025-01,2025-W04,1,1,O-U-to-0547-R01,O-U-to-0547-R01,قطع طماطم,الطماطم (Tomatoes),Tomatoes,الطماطم (Tomatoes),produce,بيتزا ان,بيتزا ان,,بيتزا ان,الشميسي,بلدية,بلدية الشميسي,True,False,لا يوجد,,0,,,False,none,,6,True
Data 2025.xlsx,587,2025-01-21,2025-01,2025-W04,1,1,O-U-to-0548-R01,O-U-to-0548-R01,قطع طماطم,الطماطم (Tomatoes),Tomatoes,الطماطم (Tomatoes),produce,لورينزو,لورينزو,,لورينزو,الشميسي,بلدية,بلدية الشميسي,True,False,لا يوجد,,0,,,False,none,,3,True
Data 2025.xlsx,606,2025-01-21,2025-01,2025-W04,1,1,O-r-O3-le-0291-R01,O-r-O3-le-0291-R01,خس,الخس (Lettuce),Lettuce,الخس (Lettuce),produce,صب واي,صب واي,,صب واي,الشميسي,بلدية,بلدية الشميسي,True,False,لا يوجد,,0,,,False,none,,3,True
Data 2025.xlsx,605,2025-01-21,2025-01,2025-W04,1,1,O-r-U-cu-0207-R01,O-r-U-cu-0207-R01,قطع خيار,الخيار (cucumbers),cucumbers,الخيار (cucumbers),produce,صب واي,صب واي,,صب واي,الشميسي,بلدية,بلدية الشميسي,True,False,لا يوجد,,0,,,False,none,,3,True
Data 2025.xlsx,592,2025-01-21,2025-01,2025-W04,1,1,OO-OSS-po-0320-R01,OO-OSS-po-0320-R01,بطاطس ودجز,البطاطس (potatoes),potatoes,البطاطس (potatoes),produce,لورينزو,لورينزو,,لورينزو,الشميسي,بلدية,بلدية الشميسي,False,True,العد الكلي للبكتيريا,العد الكلي للبكتيريا,1,,العد الكلي للبكتيريا,False,indicator_only,,6,True
Data 2025.xlsx,626,2025-01-21,2025-01,2025-W04,1,1,be-0005-r01,be-0005-R01,ببسى,المشروبات الغازية (الغير كحولية) (Carbonated beverages) (non - alcoholic ),non - alcoholic,المشروبات الغازية (الغير كحولية) (Carbonated beverages) (non - alcoholic ),beverage,شرمبشاك,شرمبشاك,,شرمبشاك,الشميسي,بلدية,بلدية الشميسي,False,True,العد الكلي للبكتيريا | الخمائر والاعفان,العد الكلي للبكتيريا | الخمائر والاعفان,2,,العد الكلي للبكتيريا | الخمائر والاعفان,False,indicator_only,,2,True
Data 2025.xlsx,627,2025-01-21,2025-01,2025-W04,1,1,be-0006-r01,be-0006-R01,ببسى دايت,المشروبات الغازية (الغير كحولية) (Carbonated beverages) (non - alcoholic ),non - alcoholic,المشروبات الغازية (الغير كحولية) (Carbonated beverages) (non - alcoholic ),beverage,شرمبشاك,شرمبشاك,,شرمبشاك,الشميسي,بلدية,بلدية الشميسي,True,False,لا يوجد,,0,,,False,none,,2,True
Data 2025.xlsx,628,2025-01-21,2025-01,2025-W04,1,1,be-0007-r01,be-0007-R01,سفن اب,المشروبات الغازية (الغير كحولية) (Carbonated beverages) (non - alcoholic ),non - alcoholic,المشروبات الغازية (الغير كحولية) (Carbonated beverages) (non - alcoholic ),beverage,شرمبشاك,شرمبشاك,,شرمبشاك,الشميسي,بلدية,بلدية الشميسي,False,True,العد الكلي للبكتيريا,العد الكلي للبكتيريا,1,,العد الكلي للبكتيريا,False,indicator_only,,3,True
Data 2025.xlsx,629,2025-01-21,2025-01,2025-W04,1,1,be-0008-r01,be-0008-R01,ميرندا,المشروبات الغازية (الغير كحولية) (Carbonated beverages) (non - alcoholic ),non - alcoholic,المشروبات الغازية (الغير كحولية) (Carbonated beverages) (non - alcoholic ),beverage,شرمبشاك,شرمبشاك,,شرمبشاك,الشميسي,بلدية,بلدية الشميسي,False,True,العد الكلي للبكتيريا,العد الكلي للبكتيريا,1,,العد الكلي للبكتيريا,False,indicator_only,,4,True
Data 2025.xlsx,630,2025-01-21,2025-01,2025-W04,1,1,be-0009-r01,be-0009-R01,ديو,المشروبات الغازية (الغير كحولية) (Carbonated beverages) (non - alcoholic ),non - alcoholic,المشروبات الغازية (الغير كحولية) (Carbonated beverages) (non - alcoholic ),beverage,شرمبشاك,شرمبشاك,,شرمبشاك,الشميسي,بلدية,بلدية الشميسي,True,False,لا يوجد,,0,,,False,none,,4,True
Data 2025.xlsx,573,2025-01-21,2025-01,2025-W04,1,1,cm-0074-r01,Cm-0074-R01,ببروني,اللحوم المطبوخة (Cooked meat),Cooked meat,اللحوم المطبوخة (Cooked meat),cooked_meat_poultry,بيتزا ان,بيتزا ان,,بيتزا ان,الشميسي,بلدية,بلدية الشميسي,False,True,العد الكلي للبكتيريا | استافيلوكوكس اورياس,العد الكلي للبكتيريا | استافيلوكوكس اورياس,2,استافيلوكوكس اورياس,العد الكلي للبكتيريا,True,pathogen,,4,True
Data 2025.xlsx,582,2025-01-21,2025-01,2025-W04,1,1,cm-0075-r01,Cm-0075-R01,ببروني,اللحوم المطبوخة (Cooked meat),Cooked meat,اللحوم المطبوخة (Cooked meat),cooked_meat_poultry,لورينزو,لورينزو,,لورينزو,الشميسي,بلدية,بلدية الشميسي,False,True,العد الكلي للبكتيريا,العد الكلي للبكتيريا,1,,العد الكلي للبكتيريا,False,indicator_only,,1,False
Data 2025.xlsx,584,2025-01-21,2025-01,2025-W04,1,1,cm-0076-r01,Cm-0076-R01,بيف,اللحوم المطبوخة (Cooked meat),Cooked meat,اللحوم المطبوخة (Cooked meat),cooked_meat_poultry,لورينزو,لورينزو,,لورينزو,الشميسي,بلدية,بلدية الشميسي,False,True,العد الكلي للبكتيريا,العد الكلي للبكتيريا,1,,العد الكلي للبكتيريا,False,indicator_only,,2,True
Data 2025.xlsx,609,2025-01-21,2025-01,2025-W04,1,1,cm-0077-r01,Cm-0077-R01,لحم ستيك,اللحوم المطبوخة (Cooked meat),Cooked meat,اللحوم المطبوخة (Cooked meat),cooked_meat_poultry,صب واي,صب واي,,صب واي,الشميسي,بلدية,بلدية الشميسي,True,False,لا يوجد,,0,,,False,none,,4,True
Data 2025.xlsx,574,2025-01-21,2025-01,2025-W04,1,1,co-0427-r01,co-0427-R01,دجاج مشوي,الدجاج المطبوخ (Cooked chicken),Cooked chicken,الدجاج المطبوخ (Cooked chicken),cooked_meat_poultry,بيتزا ان,بيتزا ان,,بيتزا ان,الشميسي,بلدية,بلدية الشميسي,False,True,العد الكلي للبكتيريا | استافيلوكوكس اورياس,العد الكلي للبكتيريا | استافيلوكوكس اورياس,2,استافيلوكوكس اورياس,العد الكلي للبكتيريا,True,pathogen,,5,True
Data 2025.xlsx,575,2025-01-21,2025-01,2025-W04,1,1,co-0428-r01,co-0428-R01,فهيتا دجاج,الدجاج المطبوخ (Cooked chicken),Cooked chicken,الدجاج المطبوخ (Cooked chicken),cooked_meat_poultry,بيتزا ان,بيتزا ان,,بيتزا ان,الشميسي,بلدية,بلدية الشميسي,False,True,العد الكلي للبكتيريا,العد الكلي للبكتيريا,1,,العد الكلي للبكتيريا,False,indicator_only,,6,True
Data 2025.xlsx,583,2025-01-21,2025-01,2025-W04,1,1,co-0429-r01,co-0429-R01,دجاج مشوي,الدجاج المطبوخ (Cooked chicken),Cooked chicken,الدجاج المطبوخ (Cooked chicken),cooked_meat_poultry,لورينزو,لورينزو,,لورينزو,الشميسي,بلدية,بلدية الشميسي,True,False,لا يوجد,,0,,,False,none,,1,False
Data 2025.xlsx,608,2025-01-21,2025-01,2025-W04,1,1,co-0430-r01,co-0430-R01,دجاج ردي سلي,الدجاج المطبوخ (Cooked chicken),Cooked chicken,الدجاج المطبوخ (Cooked chicken),cooked_meat_poultry,صب واي,صب واي,,صب واي,الشميسي,بلدية,بلدية الشميسي,False,True,العد الكلي للبكتيريا,العد الكلي للبكتيريا,1,,العد الكلي للبكتيريا,False,indicator_only,,4,True
Data 2025.xlsx,610,2025-01-21,2025-01,2025-W04,1,1,co-0431-r01,co-0431-R01,دجاج فهيتا,الدجاج المطبوخ (Cooked chicken),Cooked chicken,الدجاج المطبوخ (Cooked chicken),cooked_meat_poultry,صب واي,صب واي,,صب واي,الشميسي,بلدية,بلدية الشميسي,True,False,لا يوجد,,0,,,False,none,,4,True
Data 2025.xlsx,611,2025-01-21,2025-01,2025-W04,1,1,co-0432-r01,co-0432-R01,دجاج نزياي,الدجاج المطبوخ (Cooked chicken),Cooked chicken,الدجاج المطبوخ (Cooked chicken),cooked_meat_poultry,صب واي,صب واي,,صب واي,الشميسي,بلدية,بلدية الشميسي,True,False,لا يوجد,,0,,,False,none,,4,True
Data 2025.xlsx,620,2025-01-21,2025-01,2025-W04,1,1,fish-0087-r01,fish-0087-R01,محار ني م ك,Fish/fish product(الاسماك / منتجات الاسماك),fish product,Fish/fish product(الاسماك / منتجات الاسماك),cooked_meat_poultry,شرمبشاك,شرمبشاك,,شرمبشاك,الشميسي,بلدية,بلدية الشميسي,True,False,لا يوجد,,0,,,False,none,,1,False
Data 2025.xlsx,621,2025-01-21,2025-01,2025-W04,1,1,fish-0088-r01,fish-0088-R01,ربيان ني م ك,Fish/fish product(الاسماك / منتجات الاسماك),fish product,Fish/fish product(الاسماك / منتجات الاسماك),cooked_meat_poultry,شرمبشاك,شرمبشاك,,شرمبشاك,الشميسي,بلدية,بلدية الشميسي,True,False,لا يوجد,,0,,,False,none,,1,False
Data 2025.xlsx,585,2025-01-21,2025-01,2025-W04,1,1,mush-0003-r01,Mush-0003-R01,مشروم مع بصل مع فلفل رومي,المشروم (Mushroom),Mushroom,المشروم (Mushroom),produce,لورينزو,لورينزو,,لورينزو,الشميسي,بلدية,بلدية الشميسي,False,True,استافيلوكوكس اورياس,استافيلوكوكس اورياس,1,استافيلوكوكس اورياس,,True,pathogen,,3,True
Data 2025.xlsx,603,2025-01-21,2025-01,2025-W04,1,1,olv-0381-r01,olv-0381-R01,شرائح زيتون اسود,الزيتون /Olive,Olive,الزيتون /Olive,produce,صب واي,صب واي,,صب واي,الشميسي,بلدية,بلدية الشميسي,False,True,خمائر,الخمائر والاعفان,1,,الخمائر والاعفان,False,indicator_only,,3,True
Data 2025.xlsx,604,2025-01-21,2025-01,2025-W04,1,1,pick-0299-r01,Pick-0299-R01,مخلل خيار,المخلل (Pickle),Pickle,المخلل (Pickle),sauce_condiment,صب واي,صب واي,,صب واي,الشميسي,بلدية,بلدية الشميسي,True,False,لا يوجد,,0,,,False,none,,3,True
Data 2025.xlsx,591,2025-01-21,2025-01,2025-W04,1,1,sal-0999-r01,Sal-0999-R01,سلطة خضراء,السلطة(Salad),Salad,السلطة(Salad),produce,لورينزو,لورينزو,,لورينزو,الشميسي,بلدية,بلدية الشميسي,True,False,لا يوجد,,0,,,False,none,,5,True
Data 2025.xlsx,567,2025-01-21,2025-01,2025-W04,1,1,sau-1118-r01,sau-1118-R01,صوص جرين ديناميت,صوص (sauce),sauce,صوص (sauce),sauce_condiment,بيتزا ان,بيتزا ان,,بيتزا ان,الشميسي,بلدية,بلدية الشميسي,False,True,العد الكلي للبكتيريا | انتيروباكتريسي | الخمائر والاعفان,العد الكلي للبكتيريا | انتيروباكتريسي | الخمائر والاعفان,3,,العد الكلي للبكتيريا | انتيروباكتريسي | الخمائر والاعفان,False,indicator_only,,1,False
Data 2025.xlsx,568,2025-01-21,2025-01,2025-W04,1,1,sau-1119-r01,sau-1119-R01,صوص دانش,صوص (sauce),sauce,صوص (sauce),sauce_condiment,بيتزا ان,بيتزا ان,,بيتزا ان,الشميسي,بلدية,بلدية الشميسي,True,False,لا يوجد,,0,,,False,none,,1,False
Data 2025.xlsx,569,2025-01-21,2025-01,2025-W04,1,1,sau-1120-r01,sau-1120-R01,صوص ون ثاوزن,صوص (sauce),sauce,صوص (sauce),sauce_condiment,بيتزا ان,بيتزا ان,,بيتزا ان,الشميسي,بلدية,بلدية الشميسي,True,False,لا يوجد,,0,,,False,none,,1,False
Data 2025.xlsx,570,2025-01-21,2025-01,2025-W04,1,1,sau-1121-r01,sau-1121-R01,صوص ديناميت سبايسي,صوص (sauce),sauce,صوص (sauce),sauce_condiment,بيتزا ان,بيتزا ان,,بيتزا ان,الشميسي,بلدية,بلدية الشميسي,False,True,العد الكلي للبكتيريا | انتيروباكتريسي,العد الكلي للبكتيريا | انتيروباكتريسي,2,,العد الكلي للبكتيريا | انتيروباكتريسي,False,indicator_only,,2,True
Data 2025.xlsx,571,2025-01-21,2025-01,2025-W04,1,1,sau-1122-r01,sau-1122-R01,بافلو صوص,صوص (sauce),sauce,صوص (sauce),sauce_condiment,بيتزا ان,بيتزا ان,,بيتزا ان,الشميسي,بلدية,بلدية الشميسي,False,True,العد الكلي للبكتيريا | انتيروباكتريسي | الخمائر والاعفان,العد الكلي للبكتيريا | انتيروباكتريسي | الخمائر والاعفان,3,,العد الكلي للبكتيريا | انتيروباكتريسي | الخمائر والاعفان,False,indicator_only,,3,True
Data 2025.xlsx,572,2025-01-21,2025-01,2025-W04,1,1,sau-1123-r01,sau-1123-R01,صوص باربكيو,صوص (sauce),sauce,صوص (sauce),sauce_condiment,بيتزا ان,بيتزا ان,,بيتزا ان,الشميسي,بلدية,بلدية الشميسي,True,False,لا يوجد,,0,,,False,none,,3,True
Data 2025.xlsx,588,2025-01-21,2025-01,2025-W04,1,1,sau-1124-r01,sau-1124-R01,صوص بيري بيري,صوص (sauce),sauce,صوص (sauce),sauce_condiment,لورينزو,لورينزو,,لورينزو,الشميسي,بلدية,بلدية الشميسي,False,True,العد الكلي للبكتيريا | انتيروباكتريسي | استافيلوكوكس اورياس | الخمائر والاعفان,العد الكلي للبكتيريا | انتيروباكتريسي | استافيلوكوكس اورياس | الخمائر والاعفان,4,استافيلوكوكس اورياس,العد الكلي للبكتيريا | انتيروباكتريسي | الخمائر والاعفان,True,pathogen,,4,True
Data 2025.xlsx,589,2025-01-21,2025-01,2025-W04,1,1,sau-1125-r01,sau-1125-R01,صوص رانش,صوص (sauce),sauce,صوص (sauce),sauce_condiment,لورينزو,لورينزو,,لورينزو,الشميسي,بلدية,بلدية الشميسي,True,False,لا يوجد,,0,,,False,none,,4,True
Data 2025.xlsx,590,2025-01-21,2025-01,2025-W04,1,1,sau-1126-r01,sau-1126-R01,صوص باربكيو,صوص (sauce),sauce,صوص (sauce),sauce_condiment,لورينزو,لورينزو,,لورينزو,الشميسي,بلدية,بلدية الشميسي,False,True,العد الكلي للبكتيريا | انتيروباكتريسي,العد الكلي للبكتيريا | انتيروباكتريسي,2,,العد الكلي للبكتيريا | انتيروباكتريسي,False,indicator_only,,5,True
Data 2025.xlsx,597,2025-01-21,2025-01,2025-W04,1,1,sau-1127-r01,sau-1127-R01,صوص كاتشب,صوص (sauce),sauce,صوص (sauce),sauce_condiment,صب واي,صب واي,,صب واي,الشميسي,بلدية,بلدية الشميسي,True,False,لا يوجد,,0,,,False,none,,0,False
Data 2025.xlsx,598,2025-01-21,2025-01,2025-W04,1,1,sau-1128-r01,sau-1128-R01,صوص شيبوتلي,صوص (sauce),sauce,صوص (sauce),sauce_condiment,صب واي,صب واي,,صب واي,الشميسي,بلدية,بلدية الشميسي,False,True,انتيروباكتريسي | الخمائر والاعفان,انتيروباكتريسي | الخمائر والاعفان,2,,انتيروباكتريسي | الخمائر والاعفان,False,indicator_only,,1,False
Data 2025.xlsx,599,2025-01-21,2025-01,2025-W04,1,1,sau-1129-r01,sau-1129-R01,صوص هوت,صوص (sauce),sauce,صوص (sauce),sauce_condiment,صب واي,صب واي,,صب واي,الشميسي,بلدية,بلدية الشميسي,True,False,لا يوجد,,0,,,False,none,,1,False
Data 2025.xlsx,601,2025-01-21,2025-01,2025-W04,1,1,sau-1130-r01,sau-1130-R01,صوص مايونيز ليت,صوص (sauce),sauce,صوص (sauce),sauce_condiment,صب واي,صب واي,,صب واي,الشميسي,بلدية,بلدية الشميسي,False,True,العد الكلي للبكتيريا | انتيروباكتريسي | استافيلوكوكس اورياس | الخمائر والاعفان,العد الكلي للبكتيريا | انتيروباكتريسي | استافيلوكوكس اورياس | الخمائر والاعفان,4,استافيلوكوكس اورياس,العد الكلي للبكتيريا | انتيروباكتريسي | الخمائر والاعفان,True,pathogen,,2,True
Data 2025.xlsx,607,2025-01-21,2025-01,2025-W04,1,1,sau-1131-r01,sau-1131-R01,صوص هني ماسترد,صوص (sauce),sauce,صوص (sauce),sauce_condiment,صب واي,صب واي,,صب واي,الشميسي,بلدية,بلدية الشميسي,True,False,لا يوجد,,0,,,False,none,,3,True
Data 2025.xlsx,617,2025-01-21,2025-01,2025-W04,1,1,sau-1132-r01,sau-1132-R01,صوص ديناميت,صوص (sauce),sauce,صوص (sauce),sauce_condiment,شرمبشاك,شرمبشاك,,شرمبشاك,الشميسي,بلدية,بلدية الشميسي,False,True,انتيروباكتريسي,انتيروباكتريسي,1,,انتيروباكتريسي,False,indicator_only,,1,False
Data 2025.xlsx,618,2025-01-21,2025-01,2025-W04,1,1,sau-1133-r01,sau-1133-R01,صوص تار تار,صوص (sauce),sauce,صوص (sauce),sauce_condiment,شرمبشاك,شرمبشاك,,شرمبشاك,الشميسي,بلدية,بلدية الشميسي,True,False,لا يوجد,,0,,,False,none,,1,False
Data 2025.xlsx,619,2025-01-21,2025-01,2025-W04,1,1,sau-1134-r01,sau-1134-R01,صوص رانش,صوص (sauce),sauce,صوص (sauce),sauce_condiment,شرمبشاك,شرمبشاك,,شرمبشاك,الشميسي,بلدية,بلدية الشميسي,True,False,لا يوجد,,0,,,False,none,,1,False
Data 2025.xlsx,623,2025-01-21,2025-01,2025-W04,1,1,sau-1135-r01,sau-1135-R01,صوص كريمة,صوص (sauce),sauce,صوص (sauce),sauce_condiment,شرمبشاك,شرمبشاك,,شرمبشاك,الشميسي,بلدية,بلدية الشميسي,True,False,لا يوجد,,0,,,False,none,,1,False
Data 2025.xlsx,624,2025-01-21,2025-01,2025-W04,1,1,sau-1136-r01,sau-1136-R01,صوص سموكي,صوص (sauce),sauce,صوص (sauce),sauce_condiment,شرمبشاك,شرمبشاك,,شرمبشاك,الشميسي,بلدية,بلدية الشميسي,True,False,لا يوجد,,0,,,False,none,,1,False
Data 2025.xlsx,579,2025-01-21,2025-01,2025-W04,1,1,sw-2252-r01,sw-2252-R01,مسحة ثلاجة,(Swabs) المسحات,Swabs,(Swabs) المسحات,swab,بيتزا ان,بيتزا ان,,بيتزا ان,الشميسي,بلدية,بلدية الشميسي,True,False,لا يوجد,,0,,,False,none,,6,True
Data 2025.xlsx,580,2025-01-21,2025-01,2025-W04,1,1,sw-2253-r01,sw-2253-R01,مسحة ثلاجة,(Swabs) المسحات,Swabs,(Swabs) المسحات,swab,بيتزا ان,بيتزا ان,,بيتزا ان,الشميسي,بلدية,بلدية الشميسي,False,True,العد الكلي للبكتيريا | استافيلوكوكس اورياس,العد الكلي للبكتيريا | استافيلوكوكس اورياس,2,استافيلوكوكس اورياس,العد الكلي للبكتيريا,True,pathogen,,7,True
Data 2025.xlsx,581,2025-01-21,2025-01,2025-W04,1,1,sw-2254-r01,sw-2254-R01,مسحة ثلاجة,(Swabs) المسحات,Swabs,(Swabs) المسحات,swab,بيتزا ان,بيتزا ان,,بيتزا ان,الشميسي,بلدية,بلدية الشميسي,False,True,العد الكلي للبكتيريا | استافيلوكوكس اورياس,العد الكلي للبكتيريا | استافيلوكوكس اورياس,2,استافيلوكوكس اورياس,العد الكلي للبكتيريا,True,pathogen,,8,True
Data 2025.xlsx,594,2025-01-21,2025-01,2025-W04,1,1,sw-2255-r01,sw-2255-R01,مسحة ثلاجة,(Swabs) المسحات,Swabs,(Swabs) المسحات,swab,لورينزو,لورينزو,,لورينزو,الشميسي,بلدية,بلدية الشميسي,True,False,لا يوجد,,0,,,False,none,,7,True
Data 2025.xlsx,595,2025-01-21,2025-01,2025-W04,1,1,sw-2256-r01,sw-2256-R01,مسحة ثلاجة,(Swabs) المسحات,Swabs,(Swabs) المسحات,swab,لورينزو,لورينزو,,لورينزو,الشميسي,بلدية,بلدية الشميسي,True,False,لا يوجد,,0,,,False,none,,7,True
Data 2025.xlsx,596,2025-01-21,2025-01,2025-W04,1,1,sw-2257-r01,sw-2257-R01,مسحة طاولة تقطيع بيتزا,(Swabs) المسحات,Swabs,(Swabs) المسحات,swab,لورينزو,لورينزو,,لورينزو,الشميسي,بلدية,بلدية الشميسي,True,False,لا يوجد,,0,,,False,none,,7,True
Data 2025.xlsx,613,2025-01-21,2025-01,2025-W04,1,1,sw-2258-r01,sw-2258-R01,مسحة ثلاجة,(Swabs) المسحات,Swabs,(Swabs) المسحات,swab,صب واي,صب واي,,صب واي,الشميسي,بلدية,بلدية الشميسي,True,False,لا يوجد,,0,,,False,none,,4,True
Data 2025.xlsx,614,2025-01-21,2025-01,2025-W04,1,1,sw-2259-r01,sw-2259-R01,مسحة ثلاجة,(Swabs) المسحات,Swabs,(Swabs) المسحات,swab,صب واي,صب واي,,صب واي,الشميسي,بلدية,بلدية الشميسي,True,False,لا يوجد,,0,,,False,none,,4,True
Data 2025.xlsx,615,2025-01-21,2025-01,2025-W04,1,1,sw-2260-r01,sw-2260-R01,مسحة حافظة خبز,الخس (Lettuce),Lettuce,الخس (Lettuce),produce,صب واي,صب واي,,صب واي,الشميسي,بلدية,بلدية الشميسي,True,False,لا يوجد,,0,,,False,none,,4,True
Data 2025.xlsx,616,2025-01-21,2025-01,2025-W04,1,1,sw-2261-r01,sw-2261-R01,مسحة صانعة ثلج,الخيار (cucumbers),cucumbers,الخيار (cucumbers),produce,صب واي,صب واي,,صب واي,الشميسي,بلدية,بلدية الشميسي,True,False,لا يوجد,,0,,,False,none,,4,True
Data 2025.xlsx,625,2025-01-21,2025-01,2025-W04,1,1,sw-2262-r01,sw-2262-R01,مسحة صانعة ثلج,(Swabs) المسحات,Swabs,(Swabs) المسحات,swab,شرمبشاك,شرمبشاك,,شرمبشاك,الشميسي,بلدية,بلدية الشميسي,True,False,لا يوجد,,0,,,False,none,,1,False
Data 2025.xlsx,593,2025-01-21,2025-01,2025-W04,1,1,sweet-0693-r01,sweet-0693-R01,تشيز كيك فراولة,الحلا(sweetness),sweetness,الحلا(sweetness),sweets_bakery,لورينزو,لورينزو,,لورينزو,الشميسي,بلدية,بلدية الشميسي,False,True,العد الكلي للبكتيريا,العد الكلي للبكتيريا,1,,العد الكلي للبكتيريا,False,indicator_only,,7,True
Data 2025.xlsx,600,2025-01-21,2025-01,2025-W04,1,1,sweet-0694-r01,sweet-0694-R01,سويت اونيو,الحلا(sweetness),sweetness,الحلا(sweetness),sweets_bakery,صب واي,صب واي,,صب واي,الشميسي,بلدية,بلدية الشميسي,True,False,لا يوجد,,0,,,False,none,,1,False
Data 2025.xlsx,631,2025-01-21,2025-01,2025-W04,1,1,ubot-0859-r01,Ubot-0859-R01,مياه فلتر لغسيل الادوات,المياه الغير معبأة (Unbottled water),Unbottled water,المياه الغير معبأة (Unbottled water),water,بيتزا ان,بيتزا ان,,بيتزا ان,الشميسي,بلدية,بلدية الشميسي,True,False,لا يوجد,,0,,,False,none,,8,True
Data 2025.xlsx,632,2025-01-21,2025-01,2025-W04,1,1,ubot-0860-r01,Ubot-0860-R01,مياه حنفية لغسيل الادوات,المياه الغير معبأة (Unbottled water),Unbottled water,المياه الغير معبأة (Unbottled water),water,لورينزو,لورينزو,,لورينزو,الشمال,بلدية,بلدية الشمال,True,False,لا يوجد,,0,,,False,none,,7,True
Data 2025.xlsx,633,2025-01-21,2025-01,2025-W04,1,1,ubot-0861-r01,Ubot-0861-R01,مياه فلتر للطبخ,المياه الغير معبأة (Unbottled water),Unbottled water,المياه الغير معبأة (Unbottled water),water,شرمبشاك,شرمبشاك,,شرمبشاك,الشميسي,بلدية,بلدية الشميسي,True,False,لا يوجد,,0,,,False,none,,4,True
Data 2025.xlsx,649,2025-01-25,2025-01,2025-W04,1,5,1-2706-R01,1-2706-R01,هلابينو,(jalapeno) هلابينو,jalapeno,(jalapeno) هلابينو,produce,اسواق ومخابز درة العقيق,اسواق ومخابز درة العقيق,,اسواق ومخابز درة العقيق,الروضة,بلدية,بلدية الروضة,True,False,لا يوجد,,0,,,False,none,,0,False
Data 2025.xlsx,666,2025-01-25,2025-01,2025-W04,1,5,OO-OSS-po-0322-R01,OO-OSS-po-0322-R01,رقائق بطاطس تركية,البطاطس (potatoes),potatoes,البطاطس (potatoes),produce,اسواق ومخابز درة العقيق,اسواق ومخابز درة العقيق,,اسواق ومخابز درة العقيق,الروضة,بلدية,بلدية الروضة,True,False,لا يوجد,,0,,,False,none,,4,True
Data 2025.xlsx,667,2025-01-25,2025-01,2025-W04,1,5,OO-OSS-po-0323-R01,OO-OSS-po-0323-R01,رقائق بطاطس تركية,البطاطس (potatoes),potatoes,البطاطس (potatoes),produce,اسواق ومخابز درة العقيق,اسواق ومخابز درة العقيق,,اسواق ومخابز درة العقيق,الروضة,بلدية,بلدية الروضة,True,False,لا يوجد,,0,,,False,none,,4,True
Data 2025.xlsx,668,2025-01-25,2025-01,2025-W04,1,5,OO-OSS-po-0324-R01,OO-OSS-po-0324-R01,بطاطس مقلي,البطاطس (potatoes),potatoes,البطاطس (potatoes),produce,البيك,البيك,,البيك,الروضة,بلدية,بلدية الروضة,True,False,لا يوجد,,0,,,False,none,,0,False
Data 2025.xlsx,672,2025-01-25,2025-01,2025-W04,1,5,OO-OSS-po-0325-R01,OO-OSS-po-0325-R01,شرائح شبس,البطاطس (potatoes),potatoes,البطاطس (potatoes),produce,البيك,البيك,,البيك,الروضة,بلدية,بلدية الروضة,True,False,لا يوجد,,0,,,False,none,,0,False
Data 2025.xlsx,652,2025-01-25,2025-01,2025-W04,1,5,OOSS-eg-0298-R01,OOSS-eg-0298-R01,مكدوس باذنجان,الباذنجان (eggplant),eggplant,الباذنجان (eggplant),dairy,اسواق ومخابز درة العقيق,اسواق ومخابز درة العقيق,,اسواق ومخابز درة العقيق,الروضة,بلدية,بلدية الروضة,True,False,لا يوجد,,0,,,False,none,,2,True
Data 2025.xlsx,680,2025-01-25,2025-01,2025-W04,1,5,br-0073-r01,Br-0073-R01,خبز,الخبـز (Bread),Bread,الخبـز (Bread),sweets_bakery,البيك,البيك,,البيك,الروضة,بلدية,بلدية الروضة,True,False,لا يوجد,,0,,,False,none,,1,False
Data 2025.xlsx,664,2025-01-25,2025-01,2025-W04,1,5,cer-0047-r01,cer-0047-R01,م ك 1سرات يابانية,الحبوب (Cereal grains),Cereal grains,الحبوب (Cereal grains),produce,اسواق ومخابز درة العقيق,اسواق ومخابز درة العقيق,,اسواق ومخابز درة العقيق,الروضة,بلدية,بلدية الروضة,True,False,لا يوجد,,0,,,False,none,,4,True
Data 2025.xlsx,665,2025-01-25,2025-01,2025-W04,1,5,cer-0048-r01,cer-0048-R01,مكسرات يابانية,الحبوب (Cereal grains),Cereal grains,الحبوب (Cereal grains),produce,اسواق ومخابز درة العقيق,اسواق ومخابز درة العقيق,,اسواق ومخابز درة العقيق,الروضة,بلدية,بلدية الروضة,True,False,لا يوجد,,0,,,False,none,,4,True
Data 2025.xlsx,655,2025-01-25,2025-01,2025-W04,1,5,ch-0073-r01,ch-0073-R01,جبنة مفروكة بالشطة,الاجبان (cheeses),cheeses,الاجبان (cheeses),dairy,اسواق ومخابز درة العقيق,اسواق ومخابز درة العقيق,,اسواق ومخابز درة العقيق,الروضة,بلدية,بلدية الروضة,True,False,لا يوجد,,0,,,False,none,,4,True
Data 2025.xlsx,656,2025-01-25,2025-01,2025-W04,1,5,ch-0074-r01,ch-0074-R01,جبنة دوبل كريم,الاجبان (cheeses),cheeses,الاجبان (cheeses),dairy,اسواق ومخابز درة العقيق,اسواق ومخابز درة العقيق,,اسواق ومخابز درة العقيق,الروضة,بلدية,بلدية الروضة,True,False,لا يوجد,,0,,,False,none,,4,True
Data 2025.xlsx,657,2025-01-25,2025-01,2025-W04,1,5,ch-0075-r01,ch-0075-R01,جبنة بدر بحبة البركة,الاجبان (cheeses),cheeses,الاجبان (cheeses),dairy,اسواق ومخابز درة العقيق,اسواق ومخابز درة العقيق,,اسواق ومخابز درة العقيق,الروضة,بلدية,بلدية الروضة,True,False,لا يوجد,,0,,,False,none,,4,True
Data 2025.xlsx,669,2025-01-25,2025-01,2025-W04,1,5,co-0433-r01,co-0433-R01,قطع دجاج مسحب,الدجاج المطبوخ (Cooked chicken),Cooked chicken,الدجاج المطبوخ (Cooked chicken),cooked_meat_poultry,البيك,البيك,,البيك,الروضة,بلدية,بلدية الروضة,True,False,لا يوجد,,0,,,False,none,,0,False
Data 2025.xlsx,671,2025-01-25,2025-01,2025-W04,1,5,co-0434-r01,co-0434-R01,دجاج بق بق,الدجاج المطبوخ (Cooked chicken),Cooked chicken,الدجاج المطبوخ (Cooked chicken),cooked_meat_poultry,البيك,البيك,,البيك,الروضة,بلدية,بلدية الروضة,True,False,لا يوجد,,0,,,False,none,,0,False
Data 2025.xlsx,673,2025-01-25,2025-01,2025-W04,1,5,co-0435-r01,co-0435-R01,قطعة دجاج,الدجاج المطبوخ (Cooked chicken),Cooked chicken,الدجاج المطبوخ (Cooked chicken),cooked_meat_poultry,البيك,البيك,,البيك,الروضة,بلدية,بلدية الروضة,True,False,لا يوجد,,0,,,False,none,,0,False
Data 2025.xlsx,674,2025-01-25,2025-01,2025-W04,1,5,eggs-0095-r01,eggs-0095-R01,بيض مقلي,البيض ومنتجاته ( eggs and products),eggs and products,البيض ومنتجاته ( eggs and products),dairy,البيك,البيك,,البيك,الروضة,بلدية,بلدية الروضة,True,False,لا يوجد,,0,,,False,none,,0,False
Data 2025.xlsx,670,2025-01-25,2025-01,2025-W04,1,5,fala-0053-r01,Fala-0053-R01,فلافل,فلافل( falafil),falafil,فلافل( falafil),sweets_bakery,البيك,البيك,,البيك,الروضة,بلدية,بلدية الروضة,True,False,لا يوجد,,0,,,False,none,,0,False
Data 2025.xlsx,658,2025-01-25,2025-01,2025-W04,1,5,ho-0207-r01,ho-0207-R01,عسل بشاور رقم,(Honey) عسل النحل,Honey,(Honey) عسل النحل,sweets_bakery,اسواق ومخابز درة العقيق,اسواق ومخابز درة العقيق,,اسواق ومخابز درة العقيق,الروضة,بلدية,بلدية الروضة,True,False,لا يوجد,,0,,,False,none,,4,True
Data 2025.xlsx,659,2025-01-25,2025-01,2025-W04,1,5,ho-0208-r01,ho-0208-R01,عسل يمني,(Honey) عسل النحل,Honey,(Honey) عسل النحل,sweets_bakery,اسواق ومخابز درة العقيق,اسواق ومخابز درة العقيق,,اسواق ومخابز درة العقيق,الروضة,بلدية,بلدية الروضة,True,False,لا يوجد,,0,,,False,none,,4,True
Data 2025.xlsx,679,2025-01-25,2025-01,2025-W04,1,5,homo-0392-r01,homo-0392-R01,حمص,"الحمص Homous , Tzatziki and other dips","Homous , Tzatziki and other dips","الحمص Homous , Tzatziki and other dips",prepared_meal,البيك,البيك,,البيك,الروضة,بلدية,بلدية الروضة,False,True,العد الكلي للبكتيريا,العد الكلي للبكتيريا,1,,العد الكلي للبكتيريا,False,indicator_only,,1,False
Data 2025.xlsx,646,2025-01-25,2025-01,2025-W04,1,5,olv-0382-r01,olv-0382-R01,زيتون اسود,الزيتون /Olive,Olive,الزيتون /Olive,produce,اسواق ومخابز درة العقيق,اسواق ومخابز درة العقيق,,اسواق ومخابز درة العقيق,الروضة,بلدية,بلدية الروضة,True,False,لا يوجد,,0,,,False,none,,0,False
Data 2025.xlsx,647,2025-01-25,2025-01,2025-W04,1,5,olv-0383-r01,olv-0383-R01,زيتون عين الغزال,الزيتون /Olive,Olive,الزيتون /Olive,produce,اسواق ومخابز درة العقيق,اسواق ومخابز درة العقيق,,اسواق ومخابز درة العقيق,الروضة,بلدية,بلدية الروضة,True,False,لا يوجد,,0,,,False,none,,0,False
Data 2025.xlsx,648,2025-01-25,2025-01,2025-W04,1,5,olv-0384-r01,olv-0384-R01,زيتون مغربي,الزيتون /Olive,Olive,الزيتون /Olive,produce,اسواق ومخابز درة العقيق,اسواق ومخابز درة العقيق,,اسواق ومخابز درة العقيق,الروضة,بلدية,بلدية الروضة,True,False,لا يوجد,,0,,,False,none,,0,False
Data 2025.xlsx,650,2025-01-25,2025-01,2025-W04,1,5,olv-0385-r01,olv-0385-R01,زيتون محشي جزر,الزيتون /Olive,Olive,الزيتون /Olive,produce,اسواق ومخابز درة العقيق,اسواق ومخابز درة العقيق,,اسواق ومخابز درة العقيق,الروضة,بلدية,بلدية الروضة,False,True,خمائر,الخمائر والاعفان,1,,الخمائر والاعفان,False,indicator_only,,1,False
Data 2025.xlsx,651,2025-01-25,2025-01,2025-W04,1,5,olv-0386-r01,olv-0386-R01,شرائح زيتون اخضر,الزيتون /Olive,Olive,الزيتون /Olive,produce,اسواق ومخابز درة العقيق,اسواق ومخابز درة العقيق,,اسواق ومخابز درة العقيق,الروضة,بلدية,بلدية الروضة,False,True,خمائر,الخمائر والاعفان,1,,الخمائر والاعفان,False,indicator_only,,2,True
Data 2025.xlsx,653,2025-01-25,2025-01,2025-W04,1,5,olv-0387-r01,olv-0387-R01,زيتون مشوي,الزيتون /Olive,Olive,الزيتون /Olive,produce,اسواق ومخابز درة العقيق,اسواق ومخابز درة العقيق,,اسواق ومخابز درة العقيق,الروضة,بلدية,بلدية الروضة,False,True,خمائر,الخمائر والاعفان,1,,الخمائر والاعفان,False,indicator_only,,3,True
Data 2025.xlsx,642,2025-01-25,2025-01,2025-W04,1,5,pick-0300-r01,Pick-0300-R01,مخلل خيار صغير,المخلل (Pickle),Pickle,المخلل (Pickle),sauce_condiment,اسواق ومخابز درة العقيق,اسواق ومخابز درة العقيق,,اسواق ومخابز درة العقيق,الروضة,بلدية,بلدية الروضة,True,False,لا يوجد,,0,,,False,none,,0,False
Data 2025.xlsx,643,2025-01-25,2025-01,2025-W04,1,5,pick-0301-r01,Pick-0301-R01,مخلل فلفل اخضر,المخلل (Pickle),Pickle,المخلل (Pickle),sauce_condiment,اسواق ومخابز درة العقيق,اسواق ومخابز درة العقيق,,اسواق ومخابز درة العقيق,الروضة,بلدية,بلدية الروضة,True,False,لا يوجد,,0,,,False,none,,0,False
Data 2025.xlsx,644,2025-01-25,2025-01,2025-W04,1,5,pick-0302-r01,Pick-0302-R01,مخلل ليمون,المخلل (Pickle),Pickle,المخلل (Pickle),sauce_condiment,اسواق ومخابز درة العقيق,اسواق ومخابز درة العقيق,,اسواق ومخابز درة العقيق,الروضة,بلدية,بلدية الروضة,True,False,لا يوجد,,0,,,False,none,,0,False
Data 2025.xlsx,645,2025-01-25,2025-01,2025-W04,1,5,pick-0303-r01,Pick-0303-R01,مخلل مشكل حار,المخلل (Pickle),Pickle,المخلل (Pickle),sauce_condiment,اسواق ومخابز درة العقيق,اسواق ومخابز درة العقيق,,اسواق ومخابز درة العقيق,الروضة,بلدية,بلدية الروضة,True,False,لا يوجد,,0,,,False,none,,0,False
Data 2025.xlsx,654,2025-01-25,2025-01,2025-W04,1,5,sal-1000-r01,Sal-1000-R01,سلطة جبن بالزعتر,السلطة(Salad),Salad,السلطة(Salad),produce,اسواق ومخابز درة العقيق,اسواق ومخابز درة العقيق,,اسواق ومخابز درة العقيق,الروضة,بلدية,بلدية الروضة,False,True,انتيروباكتريسي,انتيروباكتريسي,1,,انتيروباكتريسي,False,indicator_only,,4,True
Data 2025.xlsx,678,2025-01-25,2025-01,2025-W04,1,5,sal-1001-r01,Sal-1001-R01,سلطة ملفوف,السلطة(Salad),Salad,السلطة(Salad),produce,البيك,البيك,,البيك,الروضة,بلدية,بلدية الروضة,True,False,لا يوجد,,0,,,False,none,,0,False
Data 2025.xlsx,675,2025-01-25,2025-01,2025-W04,1,5,sau-1137-r01,sau-1137-R01,صوص كوكتيل,صوص (sauce),sauce,صوص (sauce),sauce_condiment,البيك,البيك,,البيك,الروضة,بلدية,بلدية الروضة,True,False,لا يوجد,,0,,,False,none,,0,False
Data 2025.xlsx,676,2025-01-25,2025-01,2025-W04,1,5,sau-1138-r01,sau-1138-R01,صوص طرطر ليت,صوص (sauce),sauce,صوص (sauce),sauce_condiment,البيك,البيك,,البيك,الروضة,بلدية,بلدية الروضة,True,False,لا يوجد,,0,,,False,none,,0,False
Data 2025.xlsx,677,2025-01-25,2025-01,2025-W04,1,5,sau-1139-r01,sau-1139-R01,صوص ثوم,صوص (sauce),sauce,صوص (sauce),sauce_condiment,البيك,البيك,,البيك,الروضة,بلدية,بلدية الروضة,True,False,لا يوجد,,0,,,False,none,,0,False
Data 2025.xlsx,641,2025-01-25,2025-01,2025-W04,1,5,sw-2263-r01,sw-2263-R01,مسحة حافظة دونت,(Swabs) المسحات,Swabs,(Swabs) المسحات,swab,كرسبي كريم,كرسبي كريم,,كرسبي كريم,الروضة,بلدية,بلدية الروضة,True,False,لا يوجد,,0,,,False,none,,0,False
Data 2025.xlsx,660,2025-01-25,2025-01,2025-W04,1,5,sw-2264-r01,sw-2264-R01,مسحة ثلاجة,(Swabs) المسحات,Swabs,(Swabs) المسحات,swab,اسواق ومخابز درة العقيق,اسواق ومخابز درة العقيق,,اسواق ومخابز درة العقيق,الروضة,بلدية,بلدية الروضة,True,False,لا يوجد,,0,,,False,none,,4,True
Data 2025.xlsx,661,2025-01-25,2025-01,2025-W04,1,5,sw-2265-r01,sw-2265-R01,مسحة ثلاجة,(Swabs) المسحات,Swabs,(Swabs) المسحات,swab,اسواق ومخابز درة العقيق,اسواق ومخابز درة العقيق,,اسواق ومخابز درة العقيق,الروضة,بلدية,بلدية الروضة,True,False,لا يوجد,,0,,,False,none,,4,True
Data 2025.xlsx,662,2025-01-25,2025-01,2025-W04,1,5,sw-2266-r01,sw-2266-R01,مسحة ثلاجة,(Swabs) المسحات,Swabs,(Swabs) المسحات,swab,اسواق ومخابز درة العقيق,اسواق ومخابز درة العقيق,,اسواق ومخابز درة العقيق,الروضة,بلدية,بلدية الروضة,True,False,لا يوجد,,0,,,False,none,,4,True
Data 2025.xlsx,663,2025-01-25,2025-01,2025-W04,1,5,sw-2267-r01,sw-2267-R01,مسحة حافظة شابورا,(Swabs) المسحات,Swabs,(Swabs) المسحات,swab,اسواق ومخابز درة العقيق,اسواق ومخابز درة العقيق,,اسواق ومخابز درة العقيق,الروضة,بلدية,بلدية الروضة,True,False,لا يوجد,,0,,,False,none,,4,True
Data 2025.xlsx,681,2025-01-25,2025-01,2025-W04,1,5,sw-2268-r01,sw-2268-R01,مسحة حافظة فلفل,(Swabs) المسحات,Swabs,(Swabs) المسحات,swab,البيك,البيك,,البيك,الروضة,بلدية,بلدية الروضة,True,False,لا يوجد,,0,,,False,none,,1,False
Data 2025.xlsx,682,2025-01-25,2025-01,2025-W04,1,5,sw-2269-r01,sw-2269-R01,مسحة حافظة بطاطس,(Swabs) المسحات,Swabs,(Swabs) المسحات,swab,البيك,البيك,,البيك,الروضة,بلدية,بلدية الروضة,True,False,لا يوجد,,0,,,False,none,,1,False
Data 2025.xlsx,683,2025-01-25,2025-01,2025-W04,1,5,sw-2270-r01,sw-2270-R01,مسحة يد عامل,(Swabs) المسحات,Swabs,(Swabs) المسحات,swab,البيك,البيك,,البيك,الروضة,بلدية,بلدية الروضة,True,False,لا يوجد,,0,,,False,none,,1,False
Data 2025.xlsx,684,2025-01-25,2025-01,2025-W04,1,5,sw-2271-r01,sw-2271-R01,مسحة حافظة الشبس,(Swabs) المسحات,Swabs,(Swabs) المسحات,swab,البيك,البيك,,البيك,الروضة,بلدية,بلدية الروضة,True,False,لا يوجد,,0,,,False,none,,1,False
Data 2025.xlsx,634,2025-01-25,2025-01,2025-W04,1,5,sweet-0695-r01,sweet-0695-R01,دونت كلاسيك,الحلا(sweetness),sweetness,الحلا(sweetness),sweets_bakery,كرسبي كريم,كرسبي كريم,,كرسبي كريم,الروضة,بلدية,بلدية الروضة,True,False,لا يوجد,,0,,,False,none,,0,False
Data 2025.xlsx,635,2025-01-25,2025-01,2025-W04,1,5,sweet-0696-r01,sweet-0696-R01,دونت كراميل كرانش,الحلا(sweetness),sweetness,الحلا(sweetness),sweets_bakery,كرسبي كريم,كرسبي كريم,,كرسبي كريم,الروضة,بلدية,بلدية الروضة,True,False,لا يوجد,,0,,,False,none,,0,False
Data 2025.xlsx,636,2025-01-25,2025-01,2025-W04,1,5,sweet-0697-r01,sweet-0697-R01,دونت رد فلفلت,الحلا(sweetness),sweetness,الحلا(sweetness),sweets_bakery,كرسبي كريم,كرسبي كريم,,كرسبي كريم,الروضة,بلدية,بلدية الروضة,True,False,لا يوجد,,0,,,False,none,,0,False
Data 2025.xlsx,637,2025-01-25,2025-01,2025-W04,1,5,sweet-0698-r01,sweet-0698-R01,دونت بالفراولة,الحلا(sweetness),sweetness,الحلا(sweetness),sweets_bakery,كرسبي كريم,كرسبي كريم,,كرسبي كريم,الروضة,بلدية,بلدية الروضة,True,False,لا يوجد,,0,,,False,none,,0,False
Data 2025.xlsx,638,2025-01-25,2025-01,2025-W04,1,5,sweet-0699-r01,sweet-0699-R01,دونت بستاشيو مع كنافة,الحلا(sweetness),sweetness,الحلا(sweetness),sweets_bakery,كرسبي كريم,كرسبي كريم,,كرسبي كريم,الروضة,بلدية,بلدية الروضة,True,False,لا يوجد,,0,,,False,none,,0,False
Data 2025.xlsx,639,2025-01-25,2025-01,2025-W04,1,5,sweet-0700-r01,sweet-0700-R01,دونت ميني تشوروز,الحلا(sweetness),sweetness,الحلا(sweetness),sweets_bakery,كرسبي كريم,كرسبي كريم,,كرسبي كريم,الروضة,بلدية,بلدية الروضة,True,False,لا يوجد,,0,,,False,none,,0,False
Data 2025.xlsx,640,2025-01-25,2025-01,2025-W04,1,5,sweet-0701-r01,sweet-0701-R01,دونت كت كات,الحلا(sweetness),sweetness,الحلا(sweetness),sweets_bakery,كرسبي كريم,كرسبي كريم,,كرسبي كريم,الروضة,بلدية,بلدية الروضة,True,False,لا يوجد,,0,,,False,none,,0,False
Data 2025.xlsx,703,2025-01-26,2025-01,2025-W04,1,6,1-2708-R01,1-2708-R01,لبنة بيتزا,لبنة,,لبنة,dairy,اسواق السلطان,اسواق السلطان,,اسواق السلطان,الروضة,بلدية,بلدية الروضة,True,False,لا يوجد,,0,,,False,none,,6,True
Data 2025.xlsx,699,2025-01-26,2025-01,2025-W04,1,6,OOSS-eg-0299-R01,OOSS-eg-0299-R01,مكدوس باذنجان,الباذنجان (eggplant),eggplant,الباذنجان (eggplant),dairy,اسواق السلطان,اسواق السلطان,,اسواق السلطان,الروضة,بلدية,بلدية الروضة,True,False,لا يوجد,,0,,,False,none,,4,True
Data 2025.xlsx,713,2025-01-26,2025-01,2025-W04,1,6,bakgoo-0417-r01,bakgoo-0417-R01,فطيرة سبانخ,(baked goods) المخبوزات,baked goods,(baked goods) المخبوزات,sweets_bakery,اسواق السلطان,اسواق السلطان,,اسواق السلطان,الروضة,بلدية,بلدية الروضة,True,False,لا يوجد,,0,,,False,none,,10,True
Data 2025.xlsx,714,2025-01-26,2025-01,2025-W04,1,6,bakgoo-0418-r01,bakgoo-0418-R01,فطيرة جبن بقدونس,(baked goods) المخبوزات,baked goods,(baked goods) المخبوزات,sweets_bakery,اسواق السلطان,اسواق السلطان,,اسواق السلطان,الروضة,بلدية,بلدية الروضة,True,False,لا يوجد,,0,,,False,none,,10,True
Data 2025.xlsx,715,2025-01-26,2025-01,2025-W04,1,6,bakgoo-0419-r01,bakgoo-0419-R01,كورسان سادة,(baked goods) المخبوزات,baked goods,(baked goods) المخبوزات,sweets_bakery,اسواق السلطان,اسواق السلطان,,اسواق السلطان,الروضة,بلدية,بلدية الروضة,True,False,لا يوجد,,0,,,False,none,,10,True
Data 2025.xlsx,716,2025-01-26,2025-01,2025-W04,1,6,bakgoo-0420-r01,bakgoo-0420-R01,فطيرة باذنجان,(baked goods) المخبوزات,baked goods,(baked goods) المخبوزات,sweets_bakery,اسواق السلطان,اسواق السلطان,,اسواق السلطان,الروضة,بلدية,بلدية الروضة,True,False,لا يوجد,,0,,,False,none,,10,True
Data 2025.xlsx,704,2025-01-26,2025-01,2025-W04,1,6,bri-0250-r01,bri-0250-R01,لبنة مشوي,لبنة ( brick),brick,لبنة ( brick),dairy,اسواق السلطان,اسواق السلطان,,اسواق السلطان,الروضة,بلدية,بلدية الروضة,True,False,لا يوجد,,0,,,False,none,,6,True
Data 2025.xlsx,705,2025-01-26,2025-01,2025-W04,1,6,bri-0251-r01,bri-0251-R01,لبنة حارة,لبنة ( brick),brick,لبنة ( brick),dairy,اسواق السلطان,اسواق السلطان,,اسواق السلطان,الروضة,بلدية,بلدية الروضة,True,False,لا يوجد,,0,,,False,none,,6,True
Data 2025.xlsx,706,2025-01-26,2025-01,2025-W04,1,6,bri-0252-r01,bri-0252-R01,لبنة زعتر,لبنة ( brick),brick,لبنة ( brick),dairy,اسواق السلطان,اسواق السلطان,,اسواق السلطان,الروضة,بلدية,بلدية الروضة,True,False,لا يوجد,,0,,,False,none,,6,True
Data 2025.xlsx,690,2025-01-26,2025-01,2025-W04,1,6,ch-0076-r01,ch-0076-R01,مفروكة بالجبنة,الاجبان (cheeses),cheeses,الاجبان (cheeses),dairy,اسواق السلطان,اسواق السلطان,,اسواق السلطان,الروضة,بلدية,بلدية الروضة,True,False,لا يوجد,,0,,,False,none,,3,True
Data 2025.xlsx,691,2025-01-26,2025-01,2025-W04,1,6,homo-0393-r01,homo-0393-R01,حمص,"الحمص Homous , Tzatziki and other dips","Homous , Tzatziki and other dips","الحمص Homous , Tzatziki and other dips",prepared_meal,اسواق السلطان,اسواق السلطان,,اسواق السلطان,الروضة,بلدية,بلدية الروضة,True,False,لا يوجد,,0,,,False,none,,3,True
Data 2025.xlsx,688,2025-01-26,2025-01,2025-W04,1,6,hs-0269-r01,HS-0269-R01,شطة حمراء حارة,الشطة (Hot sauce),Hot sauce,الشطة (Hot sauce),sauce_condiment,اسواق السلطان,اسواق السلطان,,اسواق السلطان,الروضة,بلدية,بلدية الروضة,False,True,العد الكلي للبكتيريا,العد الكلي للبكتيريا,1,,العد الكلي للبكتيريا,False,indicator_only,,2,True
Data 2025.xlsx,694,2025-01-26,2025-01,2025-W04,1,6,olv-0388-r01,olv-0388-R01,زيتون مشوي,الزيتون /Olive,Olive,الزيتون /Olive,produce,اسواق السلطان,اسواق السلطان,,اسواق السلطان,الروضة,بلدية,بلدية الروضة,True,False,لا يوجد,,0,,,False,none,,4,True
Data 2025.xlsx,697,2025-01-26,2025-01,2025-W04,1,6,olv-0389-r01,olv-0389-R01,زيتون عين الجمل,الزيتون /Olive,Olive,الزيتون /Olive,produce,اسواق السلطان,اسواق السلطان,,اسواق السلطان,الروضة,بلدية,بلدية الروضة,True,False,لا يوجد,,0,,,False,none,,4,True
Data 2025.xlsx,698,2025-01-26,2025-01,2025-W04,1,6,olv-0390-r01,olv-0390-R01,زيتون يوناني,الزيتون /Olive,Olive,الزيتون /Olive,produce,اسواق السلطان,اسواق السلطان,,اسواق السلطان,الروضة,بلدية,بلدية الروضة,True,False,لا يوجد,,0,,,False,none,,4,True
Data 2025.xlsx,700,2025-01-26,2025-01,2025-W04,1,6,olv-0391-r01,olv-0391-R01,زيتون مغربي,الزيتون /Olive,Olive,الزيتون /Olive,produce,اسواق السلطان,اسواق السلطان,,اسواق السلطان,الروضة,بلدية,بلدية الروضة,False,True,خمائر,الخمائر والاعفان,1,,الخمائر والاعفان,False,indicator_only,,5,True
Data 2025.xlsx,701,2025-01-26,2025-01,2025-W04,1,6,olv-0392-r01,olv-0392-R01,شرائح زيتون اسود,الزيتون /Olive,Olive,الزيتون /Olive,produce,اسواق السلطان,اسواق السلطان,,اسواق السلطان,الروضة,بلدية,بلدية الروضة,True,False,لا يوجد,,0,,,False,none,,5,True
Data 2025.xlsx,702,2025-01-26,2025-01,2025-W04,1,6,olv-0393-r01,olv-0393-R01,زيتون اسود,الزيتون /Olive,Olive,الزيتون /Olive,produce,اسواق السلطان,اسواق السلطان,,اسواق السلطان,الروضة,بلدية,بلدية الروضة,False,True,خمائر,الخمائر والاعفان,1,,الخمائر والاعفان,False,indicator_only,,6,True
Data 2025.xlsx,687,2025-01-26,2025-01,2025-W04,1,6,pick-0304-r01,Pick-0304-R01,مخلل لينون بالشطة,المخلل (Pickle),Pickle,المخلل (Pickle),sauce_condiment,اسواق السلطان,اسواق السلطان,,اسواق السلطان,الروضة,بلدية,بلدية الروضة,True,False,لا يوجد,,0,,,False,none,,1,False
Data 2025.xlsx,692,2025-01-26,2025-01,2025-W04,1,6,pick-0305-r01,Pick-0305-R01,مخلل مشكل حار,المخلل (Pickle),Pickle,المخلل (Pickle),sauce_condiment,اسواق السلطان,اسواق السلطان,,اسواق السلطان,الروضة,بلدية,بلدية الروضة,True,False,لا يوجد,,0,,,False,none,,3,True
Data 2025.xlsx,695,2025-01-26,2025-01,2025-W04,1,6,pick-0306-r01,Pick-0306-R01,مخلل خيار صغير,المخلل (Pickle),Pickle,المخلل (Pickle),sauce_condiment,اسواق السلطان,اسواق السلطان,,اسواق السلطان,الروضة,بلدية,بلدية الروضة,True,False,لا يوجد,,0,,,False,none,,4,True
Data 2025.xlsx,696,2025-01-26,2025-01,2025-W04,1,6,pick-0307-r01,Pick-0307-R01,مخلل مشكل بارد,المخلل (Pickle),Pickle,المخلل (Pickle),sauce_condiment,اسواق السلطان,اسواق السلطان,,اسواق السلطان,الروضة,بلدية,بلدية الروضة,True,False,لا يوجد,,0,,,False,none,,4,True
Data 2025.xlsx,685,2025-01-26,2025-01,2025-W04,1,6,sal-1002-r01,Sal-1002-R01,سلطة جبن زيتون,السلطة(Salad),Salad,السلطة(Salad),produce,اسواق السلطان,اسواق السلطان,,اسواق السلطان,الروضة,بلدية,بلدية الروضة,False,True,انتيروباكتريسي,انتيروباكتريسي,1,,انتيروباكتريسي,False,indicator_only,,1,False
Data 2025.xlsx,686,2025-01-26,2025-01,2025-W04,1,6,sal-1003-r01,Sal-1003-R01,سلطة جبن زيتون حار,السلطة(Salad),Salad,السلطة(Salad),produce,اسواق السلطان,اسواق السلطان,,اسواق السلطان,الروضة,بلدية,بلدية الروضة,True,False,لا يوجد,,0,,,False,none,,1,False
Data 2025.xlsx,689,2025-01-26,2025-01,2025-W04,1,6,sal-1004-r01,Sal-1004-R01,سلطة جبنة بالشبت,السلطة(Salad),Salad,السلطة(Salad),produce,اسواق السلطان,اسواق السلطان,,اسواق السلطان,الروضة,بلدية,بلدية الروضة,False,True,انتيروباكتريسي,انتيروباكتريسي,1,,انتيروباكتريسي,False,indicator_only,,3,True
Data 2025.xlsx,693,2025-01-26,2025-01,2025-W04,1,6,sal-1005-r01,Sal-1005-R01,سلطة مرتديلا لحم - دجاج,السلطة(Salad),Salad,السلطة(Salad),produce,اسواق السلطان,اسواق السلطان,,اسواق السلطان,الروضة,بلدية,بلدية الروضة,False,True,العد الكلي للبكتيريا,العد الكلي للبكتيريا,1,,العد الكلي للبكتيريا,False,indicator_only,,4,True
Data 2025.xlsx,717,2025-01-26,2025-01,2025-W04,1,6,sw-2272-r01,sw-2272-R01,مسحة ثلاجة اجبان,(Swabs) المسحات,Swabs,(Swabs) المسحات,swab,اسواق السلطان,اسواق السلطان,,اسواق السلطان,الروضة,بلدية,بلدية الروضة,True,False,لا يوجد,,0,,,False,none,,10,True
Data 2025.xlsx,718,2025-01-26,2025-01,2025-W04,1,6,sw-2273-r01,sw-2273-R01,مسحة ثلاجة زيتون,(Swabs) المسحات,Swabs,(Swabs) المسحات,swab,اسواق السلطان,اسواق السلطان,,اسواق السلطان,الروضة,بلدية,بلدية الروضة,True,False,لا يوجد,,0,,,False,none,,10,True
Data 2025.xlsx,719,2025-01-26,2025-01,2025-W04,1,6,sw-2274-r01,sw-2274-R01,مسحة ثلاجة حلا,(Swabs) المسحات,Swabs,(Swabs) المسحات,swab,اسواق السلطان,اسواق السلطان,,اسواق السلطان,الروضة,بلدية,بلدية الروضة,True,False,لا يوجد,,0,,,False,none,,10,True
Data 2025.xlsx,720,2025-01-26,2025-01,2025-W04,1,6,sw-2275-r01,sw-2275-R01,مسحة ثلاجة فطاير,(Swabs) المسحات,Swabs,(Swabs) المسحات,swab,اسواق السلطان,اسواق السلطان,,اسواق السلطان,الروضة,بلدية,بلدية الروضة,True,False,لا يوجد,,0,,,False,none,,10,True
Data 2025.xlsx,721,2025-01-26,2025-01,2025-W04,1,6,sw-2276-r01,sw-2276-R01,مسحة ثلاجة فطاير,(Swabs) المسحات,Swabs,(Swabs) المسحات,swab,اسواق السلطان,اسواق السلطان,,اسواق السلطان,الروضة,بلدية,بلدية الروضة,True,False,لا يوجد,,0,,,False,none,,10,True
Data 2025.xlsx,707,2025-01-26,2025-01,2025-W04,1,6,sweet-0702-r01,sweet-0702-R01,تارت بيكان,الحلا(sweetness),sweetness,الحلا(sweetness),sweets_bakery,اسواق السلطان,اسواق السلطان,,اسواق السلطان,الروضة,بلدية,بلدية الروضة,True,False,لا يوجد,,0,,,False,none,,6,True
Data 2025.xlsx,708,2025-01-26,2025-01,2025-W04,1,6,sweet-0703-r01,sweet-0703-R01,كيك تمر,الحلا(sweetness),sweetness,الحلا(sweetness),sweets_bakery,اسواق السلطان,اسواق السلطان,,اسواق السلطان,الروضة,بلدية,بلدية الروضة,True,False,لا يوجد,,0,,,False,none,,6,True
Data 2025.xlsx,709,2025-01-26,2025-01,2025-W04,1,6,sweet-0704-r01,sweet-0704-R01,كيلر فرنسي,الحلا(sweetness),sweetness,الحلا(sweetness),sweets_bakery,اسواق السلطان,اسواق السلطان,,اسواق السلطان,الروضة,بلدية,بلدية الروضة,False,True,العد الكلي للبكتيريا | انتيروباكتريسي | استافيلوكوكس اورياس,العد الكلي للبكتيريا | انتيروباكتريسي | استافيلوكوكس اورياس,3,استافيلوكوكس اورياس,العد الكلي للبكتيريا | انتيروباكتريسي,True,pathogen,,7,True
Data 2025.xlsx,710,2025-01-26,2025-01,2025-W04,1,6,sweet-0705-r01,sweet-0705-R01,كيك رد فلفت,الحلا(sweetness),sweetness,الحلا(sweetness),sweets_bakery,اسواق السلطان,اسواق السلطان,,اسواق السلطان,الروضة,بلدية,بلدية الروضة,False,True,انتيروباكتريسي,انتيروباكتريسي,1,,انتيروباكتريسي,False,indicator_only,,8,True
Data 2025.xlsx,711,2025-01-26,2025-01,2025-W04,1,6,sweet-0706-r01,sweet-0706-R01,سويت رول,الحلا(sweetness),sweetness,الحلا(sweetness),sweets_bakery,اسواق السلطان,اسواق السلطان,,اسواق السلطان,الروضة,بلدية,بلدية الروضة,False,True,انتيروباكتريسي | استافيلوكوكس اورياس,انتيروباكتريسي | استافيلوكوكس اورياس,2,استافيلوكوكس اورياس,انتيروباكتريسي,True,pathogen,,9,True
Data 2025.xlsx,712,2025-01-26,2025-01,2025-W04,1,6,sweet-0707-r01,sweet-0707-R01,سباستيان,الحلا(sweetness),sweetness,الحلا(sweetness),sweets_bakery,اسواق السلطان,اسواق السلطان,,اسواق السلطان,الروضة,بلدية,بلدية الروضة,False,True,العد الكلي للبكتيريا,العد الكلي للبكتيريا,1,,العد الكلي للبكتيريا,False,indicator_only,,10,True
Data 2025.xlsx,722,2025-01-26,2025-01,2025-W04,1,6,ubot-0863-r01,Ubot-0863-R01,مياه معاباة للعجانة,المياه الغير معبأة (Unbottled water),Unbottled water,المياه الغير معبأة (Unbottled water),water,اسواق السلطان,اسواق السلطان,,اسواق السلطان,الروضة,بلدية,بلدية الروضة,False,True,كوليفورم,كوليفورم,1,,كوليفورم,False,indicator_only,,11,True
Data 2025.xlsx,723,2025-01-26,2025-01,2025-W04,1,6,ubot-0864-r01,Ubot-0864-R01,مياه حنفية لغسيل الادوات,المياه الغير معبأة (Unbottled water),Unbottled water,المياه الغير معبأة (Unbottled water),water,اسواق السلطان,اسواق السلطان,,اسواق السلطان,الروضة,بلدية,بلدية الروضة,True,False,لا يوجد,,0,,,False,none,,11,True
Data 2025.xlsx,753,2025-01-27,2025-01,2025-W05,1,0,1-2714-R01,1-2714-R01,هلابينو,(jalapeno) هلابينو,jalapeno,(jalapeno) هلابينو,produce,اسواق عادل المركزية,اسواق عادل المركزية,,اسواق عادل المركزية,الروضة,بلدية,بلدية الروضة,False,True,خمائر,الخمائر والاعفان,1,,الخمائر والاعفان,False,indicator_only,,25,True
Data 2025.xlsx,736,2025-01-27,2025-01,2025-W05,1,0,OOSS-eg-0300-R01,OOSS-eg-0300-R01,مكدوس,الباذنجان (eggplant),eggplant,الباذنجان (eggplant),dairy,اسواق عادل المركزية,اسواق عادل المركزية,,اسواق عادل المركزية,الروضة,بلدية,بلدية الروضة,False,True,خمائر,الخمائر والاعفان,1,,الخمائر والاعفان,False,indicator_only,,11,True
Data 2025.xlsx,751,2025-01-27,2025-01,2025-W05,1,0,UU-pe-0959-R01,UU-pe-0959-R01,فلفل محشي لبنة,الفلفل (peppers),peppers,الفلفل (peppers),produce,اسواق عادل المركزية,اسواق عادل المركزية,,اسواق عادل المركزية,الروضة,بلدية,بلدية الروضة,False,True,انتيروباكتريسي | استافيلوكوكس اورياس | الخمائر والاعفان,انتيروباكتريسي | استافيلوكوكس اورياس | الخمائر والاعفان,3,استافيلوكوكس اورياس,انتيروباكتريسي | الخمائر والاعفان,True,pathogen,,24,True
Data 2025.xlsx,763,2025-01-27,2025-01,2025-W05,1,0,bakgoo-0421-r01,bakgoo-0421-R01,فطيرة جبن شيدر,(baked goods) المخبوزات,baked goods,(baked goods) المخبوزات,sweets_bakery,اسواق عادل المركزية,اسواق عادل المركزية,,اسواق عادل المركزية,الروضة,بلدية,بلدية الروضة,True,False,لا يوجد,,0,,,False,none,,27,True
Data 2025.xlsx,764,2025-01-27,2025-01,2025-W05,1,0,bakgoo-0422-r01,bakgoo-0422-R01,بيتزا,(baked goods) المخبوزات,baked goods,(baked goods) المخبوزات,sweets_bakery,اسواق عادل المركزية,اسواق عادل المركزية,,اسواق عادل المركزية,الروضة,بلدية,بلدية الروضة,False,True,استافيلوكوكس اورياس,استافيلوكوكس اورياس,1,استافيلوكوكس اورياس,,True,pathogen,,28,True
Data 2025.xlsx,730,2025-01-27,2025-01,2025-W05,1,0,bri-0253-r01,bri-0253-R01,لبنة تركية,لبنة ( brick),brick,لبنة ( brick),dairy,اسواق عادل المركزية,اسواق عادل المركزية,,اسواق عادل المركزية,الروضة,بلدية,بلدية الروضة,False,True,انتيروباكتريسي | استافيلوكوكس اورياس | الخمائر والاعفان,انتيروباكتريسي | استافيلوكوكس اورياس | الخمائر والاعفان,3,استافيلوكوكس اورياس,انتيروباكتريسي | الخمائر والاعفان,True,pathogen,,5,True
Data 2025.xlsx,731,2025-01-27,2025-01,2025-W05,1,0,bri-0254-r01,bri-0254-R01,لبنة بالمكدوس والمكسرات,لبنة ( brick),brick,لبنة ( brick),dairy,اسواق عادل المركزية,اسواق عادل المركزية,,اسواق عادل المركزية,الروضة,بلدية,بلدية الروضة,False,True,انتيروباكتريسي | استافيلوكوكس اورياس | الخمائر والاعفان,انتيروباكتريسي | استافيلوكوكس اورياس | الخمائر والاعفان,3,استافيلوكوكس اورياس,انتيروباكتريسي | الخمائر والاعفان,True,pathogen,,6,True
Data 2025.xlsx,732,2025-01-27,2025-01,2025-W05,1,0,bri-0255-r01,bri-0255-R01,لبنة بالزعتر,لبنة ( brick),brick,لبنة ( brick),dairy,اسواق عادل المركزية,اسواق عادل المركزية,,اسواق عادل المركزية,الروضة,بلدية,بلدية الروضة,False,True,الخمائر والاعفان,الخمائر والاعفان,1,,الخمائر والاعفان,False,indicator_only,,7,True
Data 2025.xlsx,734,2025-01-27,2025-01,2025-W05,1,0,bri-0256-r01,bri-0256-R01,لبنة افكادو,لبنة ( brick),brick,لبنة ( brick),dairy,اسواق عادل المركزية,اسواق عادل المركزية,,اسواق عادل المركزية,الروضة,بلدية,بلدية الروضة,False,True,انتيروباكتريسي | ايشيريشيا كولاي,انتيروباكتريسي | ايشيريشيا كولاي,2,ايشيريشيا كولاي,انتيروباكتريسي,True,pathogen,,9,True
Data 2025.xlsx,735,2025-01-27,2025-01,2025-W05,1,0,bri-0257-r01,bri-0257-R01,لبنة بثوم وزعتر,لبنة ( brick),brick,لبنة ( brick),dairy,اسواق عادل المركزية,اسواق عادل المركزية,,اسواق عادل المركزية,الروضة,بلدية,بلدية الروضة,False,True,الخمائر والاعفان,الخمائر والاعفان,1,,الخمائر والاعفان,False,indicator_only,,10,True
Data 2025.xlsx,724,2025-01-27,2025-01,2025-W05,1,0,ch-0077-r01,ch-0077-R01,جبنة شيدر,الاجبان (cheeses),cheeses,الاجبان (cheeses),dairy,اسواق عادل المركزية,اسواق عادل المركزية,,اسواق عادل المركزية,الروضة,بلدية,بلدية الروضة,False,True,انتيروباكتريسي | استافيلوكوكس اورياس,انتيروباكتريسي | استافيلوكوكس اورياس,2,استافيلوكوكس اورياس,انتيروباكتريسي,True,pathogen,,1,False
Data 2025.xlsx,725,2025-01-27,2025-01,2025-W05,1,0,ch-0078-r01,ch-0078-R01,جبنة حلوم اصابع,الاجبان (cheeses),cheeses,الاجبان (cheeses),dairy,اسواق عادل المركزية,اسواق عادل المركزية,,اسواق عادل المركزية,الروضة,بلدية,بلدية الروضة,False,True,انتيروباكتريسي | استافيلوكوكس اورياس,انتيروباكتريسي | استافيلوكوكس اورياس,2,استافيلوكوكس اورياس,انتيروباكتريسي,True,pathogen,,2,True
Data 2025.xlsx,726,2025-01-27,2025-01,2025-W05,1,0,ch-0079-r01,ch-0079-R01,جبنة هنقاري,الاجبان (cheeses),cheeses,الاجبان (cheeses),dairy,اسواق عادل المركزية,اسواق عادل المركزية,,اسواق عادل المركزية,الروضة,بلدية,بلدية الروضة,False,True,انتيروباكتريسي | استافيلوكوكس اورياس,انتيروباكتريسي | استافيلوكوكس اورياس,2,استافيلوكوكس اورياس,انتيروباكتريسي,True,pathogen,,3,True
Data 2025.xlsx,727,2025-01-27,2025-01,2025-W05,1,0,ch-0080-r01,ch-0080-R01,جبنة فيتا,الاجبان (cheeses),cheeses,الاجبان (cheeses),dairy,اسواق عادل المركزية,اسواق عادل المركزية,,اسواق عادل المركزية,الروضة,بلدية,بلدية الروضة,True,False,لا يوجد,,0,,,False,none,,3,True
Data 2025.xlsx,728,2025-01-27,2025-01,2025-W05,1,0,ch-0081-r01,ch-0081-R01,جبنة الطيب قليل الدسم,الاجبان (cheeses),cheeses,الاجبان (cheeses),dairy,اسواق عادل المركزية,اسواق عادل المركزية,,اسواق عادل المركزية,الروضة,بلدية,بلدية الروضة,True,False,لا يوجد,,0,,,False,none,,3,True
Data 2025.xlsx,729,2025-01-27,2025-01,2025-W05,1,0,ch-0082-r01,ch-0082-R01,جبنة قريش,الاجبان (cheeses),cheeses,الاجبان (cheeses),dairy,اسواق عادل المركزية,اسواق عادل المركزية,,اسواق عادل المركزية,الروضة,بلدية,بلدية الروضة,False,True,انتيروباكتريسي | استافيلوكوكس اورياس,انتيروباكتريسي | استافيلوكوكس اورياس,2,استافيلوكوكس اورياس,انتيروباكتريسي,True,pathogen,,4,True
Data 2025.xlsx,733,2025-01-27,2025-01,2025-W05,1,0,ch-0083-r01,ch-0083-R01,جبنة ميش,الاجبان (cheeses),cheeses,الاجبان (cheeses),dairy,اسواق عادل المركزية,اسواق عادل المركزية,,اسواق عادل المركزية,الروضة,بلدية,بلدية الروضة,False,True,استافيلوكوكس اورياس,استافيلوكوكس اورياس,1,استافيلوكوكس اورياس,,True,pathogen,,8,True
Data 2025.xlsx,757,2025-01-27,2025-01,2025-W05,1,0,flswe-0056-r01,FlSwe-0056-R01,حلاوة طحينية,حلاوة طحينة( Flour Sweetness),Flour Sweetness,حلاوة طحينة( Flour Sweetness),sauce_condiment,اسواق عادل المركزية,اسواق عادل المركزية,,اسواق عادل المركزية,الروضة,بلدية,بلدية الروضة,True,False,لا يوجد,,0,,,False,none,,27,True
Data 2025.xlsx,758,2025-01-27,2025-01,2025-W05,1,0,ho-0210-r01,ho-0210-R01,عسل زهور برية,(Honey) عسل النحل,Honey,(Honey) عسل النحل,sweets_bakery,اسواق عادل المركزية,اسواق عادل المركزية,,اسواق عادل المركزية,الروضة,بلدية,بلدية الروضة,True,False,لا يوجد,,0,,,False,none,,27,True
Data 2025.xlsx,759,2025-01-27,2025-01,2025-W05,1,0,ho-0211-r01,ho-0211-R01,عسل طلح فاخر,(Honey) عسل النحل,Honey,(Honey) عسل النحل,sweets_bakery,اسواق عادل المركزية,اسواق عادل المركزية,,اسواق عادل المركزية,الروضة,بلدية,بلدية الروضة,True,False,لا يوجد,,0,,,False,none,,27,True
Data 2025.xlsx,756,2025-01-27,2025-01,2025-W05,1,0,hs-0270-r01,HS-0270-R01,شطة حارة,الشطة (Hot sauce),Hot sauce,الشطة (Hot sauce),sauce_condiment,اسواق عادل المركزية,اسواق عادل المركزية,,اسواق عادل المركزية,الروضة,بلدية,بلدية الروضة,False,True,العد الكلي للبكتيريا,العد الكلي للبكتيريا,1,,العد الكلي للبكتيريا,False,indicator_only,,27,True
Data 2025.xlsx,760,2025-01-27,2025-01,2025-W05,1,0,maam-0020-r01,maam-0020-R01,معمول سكر,معمول (maamoul),maamoul,معمول (maamoul),sweets_bakery,اسواق عادل المركزية,اسواق عادل المركزية,,اسواق عادل المركزية,الروضة,بلدية,بلدية الروضة,True,False,لا يوجد,,0,,,False,none,,27,True
Data 2025.xlsx,762,2025-01-27,2025-01,2025-W05,1,0,maam-0021-r01,maam-0021-R01,معمول تمر مع قشطة,معمول (maamoul),maamoul,معمول (maamoul),sweets_bakery,اسواق عادل المركزية,اسواق عادل المركزية,,اسواق عادل المركزية,الروضة,بلدية,بلدية الروضة,True,False,لا يوجد,,0,,,False,none,,27,True
Data 2025.xlsx,744,2025-01-27,2025-01,2025-W05,1,0,olv-0394-r01,olv-0394-R01,زيتون اسود حبة صغير,الزيتون /Olive,Olive,الزيتون /Olive,produce,اسواق عادل المركزية,اسواق عادل المركزية,,اسواق عادل المركزية,الروضة,بلدية,بلدية الروضة,False,True,خمائر,الخمائر والاعفان,1,,الخمائر والاعفان,False,indicator_only,,17,True
Data 2025.xlsx,745,2025-01-27,2025-01,2025-W05,1,0,olv-0395-r01,olv-0395-R01,زيتون كلاماتا,الزيتون /Olive,Olive,الزيتون /Olive,produce,اسواق عادل المركزية,اسواق عادل المركزية,,اسواق عادل المركزية,الروضة,بلدية,بلدية الروضة,False,True,خمائر,الخمائر والاعفان,1,,الخمائر والاعفان,False,indicator_only,,18,True
Data 2025.xlsx,746,2025-01-27,2025-01,2025-W05,1,0,olv-0396-r01,olv-0396-R01,زيتون عين الجمل,الزيتون /Olive,Olive,الزيتون /Olive,produce,اسواق عادل المركزية,اسواق عادل المركزية,,اسواق عادل المركزية,الروضة,بلدية,بلدية الروضة,False,True,خمائر,الخمائر والاعفان,1,,الخمائر والاعفان,False,indicator_only,,19,True
Data 2025.xlsx,747,2025-01-27,2025-01,2025-W05,1,0,olv-0397-r01,olv-0397-R01,شرائح زيتون اخضر,الزيتون /Olive,Olive,الزيتون /Olive,produce,اسواق عادل المركزية,اسواق عادل المركزية,,اسواق عادل المركزية,الروضة,بلدية,بلدية الروضة,False,True,خمائر,الخمائر والاعفان,1,,الخمائر والاعفان,False,indicator_only,,20,True
Data 2025.xlsx,748,2025-01-27,2025-01,2025-W05,1,0,olv-0398-r01,olv-0398-R01,زيتون مشوي حبة كبير,الزيتون /Olive,Olive,الزيتون /Olive,produce,اسواق عادل المركزية,اسواق عادل المركزية,,اسواق عادل المركزية,الروضة,بلدية,بلدية الروضة,False,True,خمائر,الخمائر والاعفان,1,,الخمائر والاعفان,False,indicator_only,,21,True
Data 2025.xlsx,749,2025-01-27,2025-01,2025-W05,1,0,olv-0399-r01,olv-0399-R01,زيتون محشي فلفل,الزيتون /Olive,Olive,الزيتون /Olive,produce,اسواق عادل المركزية,اسواق عادل المركزية,,اسواق عادل المركزية,الروضة,بلدية,بلدية الروضة,False,True,خمائر,الخمائر والاعفان,1,,الخمائر والاعفان,False,indicator_only,,22,True
Data 2025.xlsx,750,2025-01-27,2025-01,2025-W05,1,0,olv-0400-r01,olv-0400-R01,زيتون محشي جزر بزيت الزيتون,الزيتون /Olive,Olive,الزيتون /Olive,produce,اسواق عادل المركزية,اسواق عادل المركزية,,اسواق عادل المركزية,الروضة,بلدية,بلدية الروضة,False,True,خمائر,الخمائر والاعفان,1,,الخمائر والاعفان,False,indicator_only,,23,True
Data 2025.xlsx,741,2025-01-27,2025-01,2025-W05,1,0,pick-0308-r01,Pick-0308-R01,مخلل خيار,المخلل (Pickle),Pickle,المخلل (Pickle),sauce_condiment,اسواق عادل المركزية,اسواق عادل المركزية,,اسواق عادل المركزية,الروضة,بلدية,بلدية الروضة,True,False,لا يوجد,,0,,,False,none,,14,True
Data 2025.xlsx,742,2025-01-27,2025-01,2025-W05,1,0,pick-0309-r01,Pick-0309-R01,مخلل يوناني مشكل,المخلل (Pickle),Pickle,المخلل (Pickle),sauce_condiment,اسواق عادل المركزية,اسواق عادل المركزية,,اسواق عادل المركزية,الروضة,بلدية,بلدية الروضة,False,True,خمائر,الخمائر والاعفان,1,,الخمائر والاعفان,False,indicator_only,,15,True
Data 2025.xlsx,743,2025-01-27,2025-01,2025-W05,1,0,pick-0310-r01,Pick-0310-R01,مخلل مشكل حار,المخلل (Pickle),Pickle,المخلل (Pickle),sauce_condiment,اسواق عادل المركزية,اسواق عادل المركزية,,اسواق عادل المركزية,الروضة,بلدية,بلدية الروضة,False,True,خمائر,الخمائر والاعفان,1,,الخمائر والاعفان,False,indicator_only,,16,True
Data 2025.xlsx,752,2025-01-27,2025-01,2025-W05,1,0,pick-0311-r01,Pick-0311-R01,مخلل ثوم,المخلل (Pickle),Pickle,المخلل (Pickle),sauce_condiment,اسواق عادل المركزية,اسواق عادل المركزية,,اسواق عادل المركزية,الروضة,بلدية,بلدية الروضة,True,False,لا يوجد,,0,,,False,none,,24,True
Data 2025.xlsx,754,2025-01-27,2025-01,2025-W05,1,0,pick-0312-r01,Pick-0312-R01,مخلل لفت,المخلل (Pickle),Pickle,المخلل (Pickle),sauce_condiment,اسواق عادل المركزية,اسواق عادل المركزية,,اسواق عادل المركزية,الروضة,بلدية,بلدية الروضة,False,True,خمائر,الخمائر والاعفان,1,,الخمائر والاعفان,False,indicator_only,,26,True
Data 2025.xlsx,755,2025-01-27,2025-01,2025-W05,1,0,pick-0313-r01,Pick-0313-R01,مخلل ليمون,المخلل (Pickle),Pickle,المخلل (Pickle),sauce_condiment,اسواق عادل المركزية,اسواق عادل المركزية,,اسواق عادل المركزية,الروضة,بلدية,بلدية الروضة,True,False,لا يوجد,,0,,,False,none,,26,True
Data 2025.xlsx,737,2025-01-27,2025-01,2025-W05,1,0,sal-1007-r01,Sal-1007-R01,سلطة جبن بالمكدوس,السلطة(Salad),Salad,السلطة(Salad),produce,اسواق عادل المركزية,اسواق عادل المركزية,,اسواق عادل المركزية,الروضة,بلدية,بلدية الروضة,True,False,لا يوجد,,0,,,False,none,,11,True
Data 2025.xlsx,738,2025-01-27,2025-01,2025-W05,1,0,sal-1008-r01,Sal-1008-R01,سلطة جبن بالخضار,السلطة(Salad),Salad,السلطة(Salad),produce,اسواق عادل المركزية,اسواق عادل المركزية,,اسواق عادل المركزية,الروضة,بلدية,بلدية الروضة,False,True,استافيلوكوكس اورياس,استافيلوكوكس اورياس,1,استافيلوكوكس اورياس,,True,pathogen,,12,True
Data 2025.xlsx,739,2025-01-27,2025-01,2025-W05,1,0,sal-1009-r01,Sal-1009-R01,سلطة تونة,السلطة(Salad),Salad,السلطة(Salad),produce,اسواق عادل المركزية,اسواق عادل المركزية,,اسواق عادل المركزية,الروضة,بلدية,بلدية الروضة,False,True,استافيلوكوكس اورياس,استافيلوكوكس اورياس,1,استافيلوكوكس اورياس,,True,pathogen,,13,True
Data 2025.xlsx,740,2025-01-27,2025-01,2025-W05,1,0,sal-1010-r01,Sal-1010-R01,سلطة مرتديلا,السلطة(Salad),Salad,السلطة(Salad),produce,اسواق عادل المركزية,اسواق عادل المركزية,,اسواق عادل المركزية,الروضة,بلدية,بلدية الروضة,False,True,العد الكلي للبكتيريا | استافيلوكوكس اورياس,العد الكلي للبكتيريا | استافيلوكوكس اورياس,2,استافيلوكوكس اورياس,العد الكلي للبكتيريا,True,pathogen,,14,True
Data 2025.xlsx,767,2025-01-27,2025-01,2025-W05,1,0,sw-2277-r01,sw-2277-R01,مسحة ثلاجة,(Swabs) المسحات,Swabs,(Swabs) المسحات,swab,اسواق عادل المركزية,اسواق عادل المركزية,,اسواق عادل المركزية,الروضة,بلدية,بلدية الروضة,True,False,لا يوجد,,0,,,False,none,,29,True
Data 2025.xlsx,768,2025-01-27,2025-01,2025-W05,1,0,sw-2278-r01,sw-2278-R01,مسحة ثلاجة,(Swabs) المسحات,Swabs,(Swabs) المسحات,swab,اسواق عادل المركزية,اسواق عادل المركزية,,اسواق عادل المركزية,الروضة,بلدية,بلدية الروضة,True,False,لا يوجد,,0,,,False,none,,29,True
Data 2025.xlsx,769,2025-01-27,2025-01,2025-W05,1,0,sw-2279-r01,sw-2279-R01,مسحة ثلاجة,(Swabs) المسحات,Swabs,(Swabs) المسحات,swab,اسواق عادل المركزية,اسواق عادل المركزية,,اسواق عادل المركزية,الروضة,بلدية,بلدية الروضة,True,False,لا يوجد,,0,,,False,none,,29,True
Data 2025.xlsx,770,2025-01-27,2025-01,2025-W05,1,0,sw-2280-r01,sw-2280-R01,مسحة حافظة حلاوة طحنية,(Swabs) المسحات,Swabs,(Swabs) المسحات,swab,اسواق عادل المركزية,اسواق عادل المركزية,,اسواق عادل المركزية,الروضة,بلدية,بلدية الروضة,True,False,لا يوجد,,0,,,False,none,,29,True
Data 2025.xlsx,771,2025-01-27,2025-01,2025-W05,1,0,sw-2281-r01,sw-2281-R01,مسحة حافظة حلاوة شابورة,(Swabs) المسحات,Swabs,(Swabs) المسحات,swab,اسواق عادل المركزية,اسواق عادل المركزية,,اسواق عادل المركزية,الروضة,بلدية,بلدية الروضة,True,False,لا يوجد,,0,,,False,none,,29,True
Data 2025.xlsx,772,2025-01-27,2025-01,2025-W05,1,0,sw-2282-r01,sw-2282-R01,مسحة حافظة حلاوة شابورة,(Swabs) المسحات,Swabs,(Swabs) المسحات,swab,اسواق عادل المركزية,اسواق عادل المركزية,,اسواق عادل المركزية,الروضة,بلدية,بلدية الروضة,True,False,لا يوجد,,0,,,False,none,,29,True
Data 2025.xlsx,761,2025-01-27,2025-01,2025-W05,1,0,sweet-0708-r01,sweet-0708-R01,حلا غوربية مصرية سادة,الحلا(sweetness),sweetness,الحلا(sweetness),sweets_bakery,اسواق عادل المركزية,اسواق عادل المركزية,,اسواق عادل المركزية,الروضة,بلدية,بلدية الروضة,True,False,لا يوجد,,0,,,False,none,,27,True
Data 2025.xlsx,765,2025-01-27,2025-01,2025-W05,1,0,sweet-0709-r01,sweet-0709-R01,كيك,الحلا(sweetness),sweetness,الحلا(sweetness),sweets_bakery,اسواق عادل المركزية,اسواق عادل المركزية,,اسواق عادل المركزية,الروضة,بلدية,بلدية الروضة,False,True,العد الكلي للبكتيريا,العد الكلي للبكتيريا,1,,العد الكلي للبكتيريا,False,indicator_only,,29,True
Data 2025.xlsx,766,2025-01-27,2025-01,2025-W05,1,0,sweet-0710-r01,sweet-0710-R01,حلا جوز الهند بالعسل,الحلا(sweetness),sweetness,الحلا(sweetness),sweets_bakery,اسواق عادل المركزية,اسواق عادل المركزية,,اسواق عادل المركزية,الروضة,بلدية,بلدية الروضة,True,False,لا يوجد,,0,,,False,none,,29,True
Data 2025.xlsx,773,2025-01-27,2025-01,2025-W05,1,0,ubot-0865-r01,Ubot-0865-R01,مياه فلتر للعجانة,المياه الغير معبأة (Unbottled water),Unbottled water,المياه الغير معبأة (Unbottled water),water,اسواق عادل المركزية,اسواق عادل المركزية,,اسواق عادل المركزية,الروضة,بلدية,بلدية الروضة,True,False,لا يوجد,,0,,,False,none,,29,True
Data 2025.xlsx,776,2025-01-28,2025-01,2025-W05,1,1,O-U-to-0549-R01,O-U-to-0549-R01,قطع طماطم,الطماطم (Tomatoes),Tomatoes,الطماطم (Tomatoes),produce,مطاعم ركن هاشم,مطاعم ركن هاشم,,مطاعم ركن هاشم,الروضة,بلدية,بلدية الروضة,False,True,استافيلوكوكس اورياس,استافيلوكوكس اورياس,1,استافيلوكوكس اورياس,,True,pathogen,,2,True
Data 2025.xlsx,777,2025-01-28,2025-01,2025-W05,1,1,O-r-O3-le-0293-R01,O-r-O3-le-0293-R01,قطع خس,الخس (Lettuce),Lettuce,الخس (Lettuce),produce,مطاعم ركن هاشم,مطاعم ركن هاشم,,مطاعم ركن هاشم,الروضة,بلدية,بلدية الروضة,False,True,استافيلوكوكس اورياس,استافيلوكوكس اورياس,1,استافيلوكوكس اورياس,,True,pathogen,,3,True
Data 2025.xlsx,779,2025-01-28,2025-01,2025-W05,1,1,OO-OSS-po-0327-R01,OO-OSS-po-0327-R01,بطاطس مقلي,البطاطس (potatoes),potatoes,البطاطس (potatoes),produce,مطاعم ركن هاشم,مطاعم ركن هاشم,,مطاعم ركن هاشم,الروضة,بلدية,بلدية الروضة,True,False,لا يوجد,,0,,,False,none,,4,True
Data 2025.xlsx,786,2025-01-28,2025-01,2025-W05,1,1,OU-pa-0204-R01,OU-pa-0204-R01,قطع بقدونس,البقدونس (parsley),parsley,البقدونس (parsley),produce,مطاعم ركن هاشم,مطاعم ركن هاشم,,مطاعم ركن هاشم,الروضة,بلدية,بلدية الروضة,False,True,استافيلوكوكس اورياس,استافيلوكوكس اورياس,1,استافيلوكوكس اورياس,,True,pathogen,,6,True
Data 2025.xlsx,782,2025-01-28,2025-01,2025-W05,1,1,appe-0281-r01,Appe-0281-R01,متبل,مقبلات (Appetizers),Appetizers,مقبلات (Appetizers),prepared_meal,مطاعم ركن هاشم,مطاعم ركن هاشم,,مطاعم ركن هاشم,الروضة,بلدية,بلدية الروضة,True,False,لا يوجد,,0,,,False,none,,5,True
Data 2025.xlsx,775,2025-01-28,2025-01,2025-W05,1,1,fala-0054-r01,Fala-0054-R01,فلافل,فلافل( falafil),falafil,فلافل( falafil),sweets_bakery,مطاعم ركن هاشم,مطاعم ركن هاشم,,مطاعم ركن هاشم,الروضة,بلدية,بلدية الروضة,True,False,لا يوجد,,0,,,False,none,,1,False
Data 2025.xlsx,800,2025-01-28,2025-01,2025-W05,1,1,gcv-0163-r01,GCV-0163-R01,ايدام ملوخية,الخضار المشوية و المطبوخة,,الخضار المشوية و المطبوخة,cooked_meat_poultry,ناز البخاري,ناز البخاري,,ناز البخاري,الروضة,بلدية,بلدية الروضة,False,True,العد الكلي للبكتيريا,العد الكلي للبكتيريا,1,,العد الكلي للبكتيريا,False,indicator_only,,7,True
Data 2025.xlsx,801,2025-01-28,2025-01,2025-W05,1,1,gcv-0164-r01,GCV-0164-R01,ايدام بامية,الخضار المشوية و المطبوخة,,الخضار المشوية و المطبوخة,cooked_meat_poultry,ناز البخاري,ناز البخاري,,ناز البخاري,الروضة,بلدية,بلدية الروضة,False,True,العد الكلي للبكتيريا,العد الكلي للبكتيريا,1,,العد الكلي للبكتيريا,False,indicator_only,,8,True
Data 2025.xlsx,802,2025-01-28,2025-01,2025-W05,1,1,gcv-0165-r01,GCV-0165-R01,ايدام مصقع باذنجان,الخضار المشوية و المطبوخة,,الخضار المشوية و المطبوخة,cooked_meat_poultry,ناز البخاري,ناز البخاري,,ناز البخاري,الروضة,بلدية,بلدية الروضة,True,False,لا يوجد,,0,,,False,none,,8,True
Data 2025.xlsx,784,2025-01-28,2025-01,2025-W05,1,1,gr-0134-r01,gr-0134-R01,ورق عنب,ورق عنب (Grape leaves),Grape leaves,ورق عنب (Grape leaves),produce,مطاعم ركن هاشم,مطاعم ركن هاشم,,مطاعم ركن هاشم,الروضة,بلدية,بلدية الروضة,True,False,لا يوجد,,0,,,False,none,,5,True
Data 2025.xlsx,780,2025-01-28,2025-01,2025-W05,1,1,homo-0394-r01,homo-0394-R01,حمص- مقبلات,"الحمص Homous , Tzatziki and other dips","Homous , Tzatziki and other dips","الحمص Homous , Tzatziki and other dips",prepared_meal,مطاعم ركن هاشم,مطاعم ركن هاشم,,مطاعم ركن هاشم,الروضة,بلدية,بلدية الروضة,True,False,لا يوجد,,0,,,False,none,,4,True
Data 2025.xlsx,796,2025-01-28,2025-01,2025-W05,1,1,homo-0395-r01,homo-0395-R01,حمص,"الحمص Homous , Tzatziki and other dips","Homous , Tzatziki and other dips","الحمص Homous , Tzatziki and other dips",prepared_meal,ناز البخاري,ناز البخاري,,ناز البخاري,الروضة,بلدية,بلدية الروضة,True,False,لا يوجد,,0,,,False,none,,4,True
Data 2025.xlsx,781,2025-01-28,2025-01,2025-W05,1,1,hs-0271-r01,HS-0271-R01,شطة حارة,الشطة (Hot sauce),Hot sauce,الشطة (Hot sauce),sauce_condiment,مطاعم ركن هاشم,مطاعم ركن هاشم,,مطاعم ركن هاشم,الروضة,بلدية,بلدية الروضة,False,True,العد الكلي للبكتيريا | انتيروباكتريسي | الخمائر والاعفان,العد الكلي للبكتيريا | انتيروباكتريسي | الخمائر والاعفان,3,,العد الكلي للبكتيريا | انتيروباكتريسي | الخمائر والاعفان,False,indicator_only,,5,True
Data 2025.xlsx,778,2025-01-28,2025-01,2025-W05,1,1,pick-0314-r01,Pick-0314-R01,مخلل خيار,المخلل (Pickle),Pickle,المخلل (Pickle),sauce_condiment,مطاعم ركن هاشم,مطاعم ركن هاشم,,مطاعم ركن هاشم,الروضة,بلدية,بلدية الروضة,False,True,خمائر,الخمائر والاعفان,1,,الخمائر والاعفان,False,indicator_only,,4,True
Data 2025.xlsx,785,2025-01-28,2025-01,2025-W05,1,1,pick-0315-r01,Pick-0315-R01,مشكل مخلل,المخلل (Pickle),Pickle,المخلل (Pickle),sauce_condiment,مطاعم ركن هاشم,مطاعم ركن هاشم,,مطاعم ركن هاشم,الروضة,بلدية,بلدية الروضة,True,False,لا يوجد,,0,,,False,none,,5,True
Data 2025.xlsx,792,2025-01-28,2025-01,2025-W05,1,1,sal-1011-r01,Sal-1011-R01,سلطة حارة,السلطة(Salad),Salad,السلطة(Salad),produce,ناز البخاري,ناز البخاري,,ناز البخاري,الروضة,بلدية,بلدية الروضة,False,True,استافيلوكوكس اورياس,استافيلوكوكس اورياس,1,استافيلوكوكس اورياس,,True,pathogen,,1,False
Data 2025.xlsx,793,2025-01-28,2025-01,2025-W05,1,1,sal-1012-r01,Sal-1012-R01,سلطة خضراء,السلطة(Salad),Salad,السلطة(Salad),produce,ناز البخاري,ناز البخاري,,ناز البخاري,الروضة,بلدية,بلدية الروضة,False,True,ايشيريشيا كولاي | استافيلوكوكس اورياس,ايشيريشيا كولاي | استافيلوكوكس اورياس,2,ايشيريشيا كولاي | استافيلوكوكس اورياس,,True,multi_pathogen,,2,True
Data 2025.xlsx,794,2025-01-28,2025-01,2025-W05,1,1,sal-1013-r01,Sal-1013-R01,سلطة زبادي,السلطة(Salad),Salad,السلطة(Salad),produce,ناز البخاري,ناز البخاري,,ناز البخاري,الروضة,بلدية,بلدية الروضة,False,True,استافيلوكوكس اورياس,استافيلوكوكس اورياس,1,استافيلوكوكس اورياس,,True,pathogen,,3,True
Data 2025.xlsx,795,2025-01-28,2025-01,2025-W05,1,1,sal-1014-r01,Sal-1014-R01,سلطة ناز,السلطة(Salad),Salad,السلطة(Salad),produce,ناز البخاري,ناز البخاري,,ناز البخاري,الروضة,بلدية,بلدية الروضة,False,True,استافيلوكوكس اورياس,استافيلوكوكس اورياس,1,استافيلوكوكس اورياس,,True,pathogen,,4,True
Data 2025.xlsx,797,2025-01-28,2025-01,2025-W05,1,1,sal-1015-r01,Sal-1015-R01,سلطة جرجير,السلطة(Salad),Salad,السلطة(Salad),produce,ناز البخاري,ناز البخاري,,ناز البخاري,الروضة,بلدية,بلدية الروضة,True,False,لا يوجد,,0,,,False,none,,4,True
Data 2025.xlsx,799,2025-01-28,2025-01,2025-W05,1,1,sal-1016-r01,Sal-1016-R01,سلطة بصل وفلفل وليمون,"الحمص Homous , Tzatziki and other dips","Homous , Tzatziki and other dips","الحمص Homous , Tzatziki and other dips",prepared_meal,ناز البخاري,ناز البخاري,,ناز البخاري,الروضة,بلدية,بلدية الروضة,False,True,استافيلوكوكس اورياس,استافيلوكوكس اورياس,1,استافيلوكوكس اورياس,,True,pathogen,,6,True
Data 2025.xlsx,807,2025-01-28,2025-01,2025-W05,1,1,sal-1017-r01,Sal-1017-R01,سلطة بيقوقالو,,,,other,مطعم فرايديز,مطعم فرايديز,,مطعم فرايديز,الروضة,بلدية,بلدية الروضة,True,False,لا يوجد,,0,,,False,none,sample_type_unbucketed,1,False
Data 2025.xlsx,774,2025-01-28,2025-01,2025-W05,1,1,sau-1140-r01,sau-1140-R01,صوص فول,صوص (sauce),sauce,صوص (sauce),sauce_condiment,مطاعم ركن هاشم,مطاعم ركن هاشم,,مطاعم ركن هاشم,الروضة,بلدية,بلدية الروضة,False,True,العد الكلي للبكتيريا,العد الكلي للبكتيريا,1,,العد الكلي للبكتيريا,False,indicator_only,,1,False
Data 2025.xlsx,783,2025-01-28,2025-01,2025-W05,1,1,sau-1141-r01,sau-1141-R01,صوص كاتشب,صوص (sauce),sauce,صوص (sauce),sauce_condiment,مطاعم ركن هاشم,مطاعم ركن هاشم,,مطاعم ركن هاشم,الروضة,بلدية,بلدية الروضة,True,False,لا يوجد,,0,,,False,none,,5,True
Data 2025.xlsx,804,2025-01-28,2025-01,2025-W05,1,1,sau-1142-r01,sau-1142-R01,صوص سيزر,صوص (sauce),sauce,صوص (sauce),sauce_condiment,مطعم فرايديز,مطعم فرايديز,,مطعم فرايديز,الروضة,بلدية,بلدية الروضة,True,False,لا يوجد,,0,,,False,none,,0,False
Data 2025.xlsx,805,2025-01-28,2025-01,2025-W05,1,1,sau-1143-r01,sau-1143-R01,صوص بربيزان,صوص (sauce),sauce,صوص (sauce),sauce_condiment,مطعم فرايديز,مطعم فرايديز,,مطعم فرايديز,الروضة,بلدية,بلدية الروضة,True,False,لا يوجد,,0,,,False,none,,0,False
Data 2025.xlsx,806,2025-01-28,2025-01,2025-W05,1,1,sau-1144-r01,sau-1144-R01,صوص ليمون,صوص (sauce),sauce,صوص (sauce),sauce_condiment,مطعم فرايديز,مطعم فرايديز,,مطعم فرايديز,الروضة,بلدية,بلدية الروضة,False,True,العد الكلي للبكتيريا | الخمائر والاعفان,العد الكلي للبكتيريا | الخمائر والاعفان,2,,العد الكلي للبكتيريا | الخمائر والاعفان,False,indicator_only,,1,False
Data 2025.xlsx,808,2025-01-28,2025-01,2025-W05,1,1,sau-1145-r01,sau-1145-R01,صوص ليم سيلانزرو,صوص (sauce),sauce,صوص (sauce),sauce_condiment,مطعم فرايديز,مطعم فرايديز,,مطعم فرايديز,الروضة,بلدية,بلدية الروضة,False,True,العد الكلي للبكتيريا | انتيروباكتريسي | استافيلوكوكس اورياس | الخمائر والاعفان,العد الكلي للبكتيريا | انتيروباكتريسي | استافيلوكوكس اورياس | الخمائر والاعفان,4,استافيلوكوكس اورياس,العد الكلي للبكتيريا | انتيروباكتريسي | الخمائر والاعفان,True,pathogen,,2,True
Data 2025.xlsx,809,2025-01-28,2025-01,2025-W05,1,1,sau-1146-r01,sau-1146-R01,صوص ايولو سلاشة,صوص (sauce),sauce,صوص (sauce),sauce_condiment,مطعم فرايديز,مطعم فرايديز,,مطعم فرايديز,الروضة,بلدية,بلدية الروضة,False,True,العد الكلي للبكتيريا | انتيروباكتريسي | استافيلوكوكس اورياس | الخمائر والاعفان,العد الكلي للبكتيريا | انتيروباكتريسي | استافيلوكوكس اورياس | الخمائر والاعفان,4,استافيلوكوكس اورياس,العد الكلي للبكتيريا | انتيروباكتريسي | الخمائر والاعفان,True,pathogen,,3,True
Data 2025.xlsx,810,2025-01-28,2025-01,2025-W05,1,1,sau-1147-r01,sau-1147-R01,صوص صاور كريم,صوص (sauce),sauce,صوص (sauce),sauce_condiment,مطعم فرايديز,مطعم فرايديز,,مطعم فرايديز,الروضة,بلدية,بلدية الروضة,False,True,العد الكلي للبكتيريا | انتيروباكتريسي | استافيلوكوكس اورياس,العد الكلي للبكتيريا | انتيروباكتريسي | استافيلوكوكس اورياس,3,استافيلوكوكس اورياس,العد الكلي للبكتيريا | انتيروباكتريسي,True,pathogen,,4,True
Data 2025.xlsx,787,2025-01-28,2025-01,2025-W05,1,1,sw-2283-r01,sw-2283-R01,مسحة طاولة تحضير,(Swabs) المسحات,Swabs,(Swabs) المسحات,swab,مطاعم ركن هاشم,مطاعم ركن هاشم,,مطاعم ركن هاشم,الروضة,بلدية,بلدية الروضة,True,False,لا يوجد,,0,,,False,none,,6,True
Data 2025.xlsx,788,2025-01-28,2025-01,2025-W05,1,1,sw-2284-r01,sw-2284-R01,مسحة يد عامل,(Swabs) المسحات,Swabs,(Swabs) المسحات,swab,مطاعم ركن هاشم,مطاعم ركن هاشم,,مطاعم ركن هاشم,الروضة,بلدية,بلدية الروضة,False,True,العد الكلي للبكتيريا,العد الكلي للبكتيريا,1,,العد الكلي للبكتيريا,False,indicator_only,,7,True
Data 2025.xlsx,789,2025-01-28,2025-01,2025-W05,1,1,sw-2285-r01,sw-2285-R01,مسحة حافظة فلافل,(Swabs) المسحات,Swabs,(Swabs) المسحات,swab,مطاعم ركن هاشم,مطاعم ركن هاشم,,مطاعم ركن هاشم,الروضة,بلدية,بلدية الروضة,True,False,لا يوجد,,0,,,False,none,,7,True
Data 2025.xlsx,790,2025-01-28,2025-01,2025-W05,1,1,sw-2286-r01,sw-2286-R01,مسحة طاولة تقطيع الخبز,(Swabs) المسحات,Swabs,(Swabs) المسحات,swab,مطاعم ركن هاشم,مطاعم ركن هاشم,,مطاعم ركن هاشم,الروضة,بلدية,بلدية الروضة,True,False,لا يوجد,,0,,,False,none,,7,True
Data 2025.xlsx,791,2025-01-28,2025-01,2025-W05,1,1,sw-2287-r01,sw-2287-R01,مسحة ثلاجة تحضير,(Swabs) المسحات,Swabs,(Swabs) المسحات,swab,مطاعم ركن هاشم,مطاعم ركن هاشم,,مطاعم ركن هاشم,الروضة,بلدية,بلدية الروضة,True,False,لا يوجد,,0,,,False,none,,7,True
Data 2025.xlsx,803,2025-01-28,2025-01,2025-W05,1,1,sw-2288-r01,sw-2288-R01,مسحة ادوات تحضير,(Swabs) المسحات,Swabs,(Swabs) المسحات,swab,ناز البخاري,ناز البخاري,,ناز البخاري,الروضة,بلدية,بلدية الروضة,True,False,لا يوجد,,0,,,False,none,,8,True
Data 2025.xlsx,811,2025-01-28,2025-01,2025-W05,1,1,sw-2289-r01,sw-2289-R01,مسحة صانعة ثلج,(Swabs) المسحات,Swabs,(Swabs) المسحات,swab,مطعم فرايديز,مطعم فرايديز,,مطعم فرايديز,الروضة,بلدية,بلدية الروضة,False,True,العد الكلي للبكتيريا,العد الكلي للبكتيريا,1,,العد الكلي للبكتيريا,False,indicator_only,,5,True
Data 2025.xlsx,812,2025-01-28,2025-01,2025-W05,1,1,sw-2290-r01,sw-2290-R01,مسحة حافظةاغذية,(Swabs) المسحات,Swabs,(Swabs) المسحات,swab,مطعم فرايديز,مطعم فرايديز,,مطعم فرايديز,الروضة,بلدية,بلدية الروضة,False,True,العد الكلي للبكتيريا | استافيلوكوكس اورياس,العد الكلي للبكتيريا | استافيلوكوكس اورياس,2,استافيلوكوكس اورياس,العد الكلي للبكتيريا,True,pathogen,,6,True
Data 2025.xlsx,813,2025-01-28,2025-01,2025-W05,1,1,sw-2291-r01,sw-2291-R01,مسحة حافظةاغذية,(Swabs) المسحات,Swabs,(Swabs) المسحات,swab,مطعم فرايديز,مطعم فرايديز,,مطعم فرايديز,الروضة,بلدية,بلدية الروضة,False,True,العد الكلي للبكتيريا,العد الكلي للبكتيريا,1,,العد الكلي للبكتيريا,False,indicator_only,,7,True
Data 2025.xlsx,798,2025-01-28,2025-01,2025-W05,1,1,sweet-0711-r01,sweet-0711-R01,مهلبية,الحلا(sweetness),sweetness,الحلا(sweetness),sweets_bakery,ناز البخاري,ناز البخاري,,ناز البخاري,الروضة,بلدية,بلدية الروضة,False,True,كوليفورم | استافيلوكوكس اورياس,كوليفورم | استافيلوكوكس اورياس,2,استافيلوكوكس اورياس,كوليفورم,True,pathogen,,5,True
Data 2025.xlsx,814,2025-01-28,2025-01,2025-W05,1,1,ubot-0866-r01,Ubot-0866-R01,مياه فلتر للطبخ,المياه الغير معبأة (Unbottled water),Unbottled water,المياه الغير معبأة (Unbottled water),water,مطاعم ركن هاشم,مطاعم ركن هاشم,,مطاعم ركن هاشم,الروضة,بلدية,بلدية الروضة,False,True,كوليفورم,كوليفورم,1,,كوليفورم,False,indicator_only,,8,True
Data 2025.xlsx,815,2025-01-28,2025-01,2025-W05,1,1,ubot-0867-r01,Ubot-0867-R01,مياه حنفية لغسيل الادوات,المياه الغير معبأة (Unbottled water),Unbottled water,المياه الغير معبأة (Unbottled water),water,ناز البخاري,ناز البخاري,,ناز البخاري,الروضة,بلدية,بلدية الروضة,True,False,لا يوجد,,0,,,False,none,,8,True
Data 2025.xlsx,859,2025-01-31,2025-01,2025-W05,1,4,po-0096-r01,po-0096-R01,دجاج ني,الدجاج (Poultry),Poultry,الدجاج (Poultry),cooked_meat_poultry,مطعم فيجن البخاري,مطعم فيجن البخاري,,مطعم فيجن البخاري,الروضة,بلدية,بلدية الروضة,False,True,العد الكلي للبكتيريا | السالمونيلا,العد الكلي للبكتيريا | السالمونيلا,2,السالمونيلا,العد الكلي للبكتيريا,True,pathogen,,1,False
Data 2025.xlsx,860,2025-01-31,2025-01,2025-W05,1,4,po-0097-r01,po-0097-R01,دجاج متبل,الدجاج (Poultry),Poultry,الدجاج (Poultry),cooked_meat_poultry,مطعم فيجن البخاري,مطعم فيجن البخاري,,مطعم فيجن البخاري,الروضة,بلدية,بلدية الروضة,False,True,العد الكلي للبكتيريا | السالمونيلا,العد الكلي للبكتيريا | السالمونيلا,2,السالمونيلا,العد الكلي للبكتيريا,True,pathogen,,2,True
Data 2025.xlsx,861,2025-01-31,2025-01,2025-W05,1,4,po-0098-r01,po-0098-R01,دجاج نصف استواء,الدجاج (Poultry),Poultry,الدجاج (Poultry),cooked_meat_poultry,مطعم فيجن البخاري,مطعم فيجن البخاري,,مطعم فيجن البخاري,الروضة,بلدية,بلدية الروضة,True,False,لا يوجد,,0,,,False,none,,2,True
Data 2025.xlsx,863,2025-01-31,2025-01,2025-W05,1,4,ubot-0868-r01,Ubot-0868-R01,موية,المياه الغير معبأة (Unbottled water),Unbottled water,المياه الغير معبأة (Unbottled water),water,مطعم فيجن البخاري,مطعم فيجن البخاري,,مطعم فيجن البخاري,الروضة,بلدية,بلدية الروضة,True,False,لا يوجد,,0,,,False,none,,2,True
